timestamp_sec,flight_phase,throttle_pct,altitude_m,airspeed_mps,rpm,egt1,egt2,egt3,egt4,cht1,cht2,cht3,cht4,oil_press_bar,oil_temp_c,fuel_flow_gps,rpm_true,egt1_true,egt2_true,egt3_true,egt4_true,cht1_true,cht2_true,cht3_true,cht4_true,oil_press_bar_true,oil_temp_c_true,fuel_flow_gps_true,ambient_temp_c,air_density_kg_m3,is_faulty,fault_type,fault_cylinder,fault_severity,rul_remaining_hours,rul_remaining_sec
0.0,takeoff_climb,98.0,0.0,28.0,2351.8,690.1,695.9,697.4,691.8,159.5,161.6,163.7,165.3,2.71,77.6,5.516,2350.2,690.1,695.3,698.3,692.0,160.3,161.4,163.4,164.4,2.71,78.0,5.496,15.0,1.225,0,nominal,0,0.0,195.0,702000.0
0.1,takeoff_climb,97.99110122358175,2.7808676307007785,28.015572858731925,2961.3,700.8,706.2,706.0,701.8,161.0,162.7,164.2,165.4,3.06,78.4,5.495,2963.8,699.6,704.9,707.9,701.5,160.7,161.7,163.7,164.7,3.05,78.0,5.494,15.0,1.225,0,nominal,0,0.0,195.0,701999.9
0.2,takeoff_climb,97.98220244716352,5.561735261401557,28.031145717463847,3473.6,708.5,712.6,717.6,709.7,160.6,161.4,164.4,165.6,3.37,77.9,5.502,3465.6,708.6,714.1,717.1,710.5,161.0,162.1,164.1,165.1,3.36,78.0,5.492,15.0,1.224,0,nominal,0,0.0,195.0,701999.8
0.3,takeoff_climb,97.97330367074527,8.342602892102335,28.046718576195772,3871.3,718.4,725.0,727.3,718.1,160.9,161.4,163.7,165.7,3.64,77.6,5.543,3876.0,717.1,722.7,725.7,718.9,161.4,162.4,164.4,165.4,3.64,78.1,5.491,14.9,1.224,0,nominal,0,0.0,195.0,701999.7
0.4,takeoff_climb,97.96440489432703,11.123470522803114,28.062291434927698,4218.0,723.7,728.8,733.4,726.7,161.6,163.6,163.6,166.2,3.88,78.0,5.433,4211.6,725.2,730.9,733.9,726.9,161.7,162.7,164.8,165.8,3.87,78.1,5.489,14.9,1.224,0,nominal,0,0.0,195.0,701999.6
0.5,takeoff_climb,97.95550611790878,13.904338153503893,28.077864293659623,4478.3,730.8,738.0,742.3,733.9,162.2,163.0,164.8,166.2,4.06,77.5,5.523,4485.9,732.7,738.6,741.6,734.5,162.0,163.1,165.1,166.1,4.06,78.1,5.487,14.9,1.223,0,nominal,0,0.0,195.0,701999.5
0.6,takeoff_climb,97.94660734149055,16.68520578420467,28.093437152391544,4701.4,737.2,747.7,748.3,742.7,161.8,163.2,165.1,166.6,4.21,77.5,5.437,4710.2,739.9,745.9,748.9,741.6,162.4,163.4,165.5,166.5,4.22,78.1,5.485,14.9,1.223,0,nominal,0,0.0,195.0,701999.4
0.7,takeoff_climb,97.9377085650723,19.46607341490545,28.10901001112347,4892.4,747.3,751.9,754.9,746.9,162.1,165.2,167.2,167.3,4.37,77.2,5.445,4893.5,746.7,752.8,755.8,748.3,162.7,163.7,165.8,166.8,4.34,78.1,5.484,14.9,1.223,0,nominal,0,0.0,195.0,701999.3
0.8,takeoff_climb,97.92880978865406,22.246941045606228,28.124582869855395,5044.4,751.3,758.3,760.6,756.2,163.0,163.8,167.0,166.5,4.42,78.8,5.491,5043.3,753.1,759.3,762.3,754.6,163.0,164.1,166.2,167.2,4.44,78.2,5.482,14.9,1.222,0,nominal,0,0.0,195.0,701999.2
0.9,takeoff_climb,97.91991101223581,25.027808676307007,28.14015572858732,5173.2,757.8,764.2,769.4,760.1,164.4,164.2,166.1,167.2,4.52,78.4,5.487,5165.6,759.1,765.4,768.4,760.6,163.4,164.4,166.5,167.5,4.52,78.2,5.48,14.8,1.222,0,nominal,0,0.0,195.0,701999.1
1.0,takeoff_climb,97.91101223581758,27.808676307007786,28.155728587319242,5272.0,765.2,770.2,775.1,765.5,164.8,165.3,167.4,167.1,4.61,78.4,5.476,5265.5,764.8,771.2,774.2,766.3,163.7,164.7,166.9,167.9,4.59,78.2,5.479,14.8,1.222,0,nominal,0,0.0,195.0,701999.0
1.1,takeoff_climb,97.90211345939933,30.589543937708562,28.171301446051167,5343.2,771.2,775.8,778.0,772.7,164.3,164.1,167.6,167.5,4.65,78.4,5.468,5347.0,770.2,776.6,779.6,771.7,164.0,165.0,167.2,168.2,4.64,78.3,5.477,14.8,1.221,0,nominal,0,0.0,195.0,701998.9
1.2,takeoff_climb,97.8932146829811,33.37041156840934,28.186874304783093,5409.9,775.2,779.8,785.2,778.3,164.1,165.3,167.9,167.8,4.72,78.1,5.438,5413.5,775.2,781.8,784.8,776.7,164.3,165.4,167.5,168.5,4.68,78.3,5.475,14.8,1.221,0,nominal,0,0.0,195.0,701998.8
1.3,takeoff_climb,97.88431590656285,36.15127919911012,28.202447163515018,5470.2,780.8,787.0,790.1,781.3,165.4,166.1,167.6,169.5,4.71,79.0,5.465,5467.8,780.0,786.7,789.7,781.5,164.6,165.7,167.8,168.8,4.71,78.3,5.474,14.8,1.221,0,nominal,0,0.0,195.0,701998.7
1.4,takeoff_climb,97.87541713014461,38.9321468298109,28.21802002224694,5505.9,786.3,790.4,793.0,783.5,165.1,167.1,168.5,170.2,4.74,78.9,5.459,5511.9,784.6,791.3,794.3,786.0,164.9,166.0,168.2,169.2,4.73,78.4,5.472,14.7,1.22,0,nominal,0,0.0,195.0,701998.6
1.5,takeoff_climb,97.86651835372636,41.71301446051168,28.233592880978865,5544.3,789.5,796.3,801.0,788.4,165.6,166.4,168.9,169.8,4.79,78.3,5.462,5547.8,788.8,795.6,798.6,790.2,165.2,166.3,168.5,169.5,4.75,78.4,5.47,14.7,1.22,0,nominal,0,0.0,195.0,701998.5
1.6,takeoff_climb,97.85761957730811,44.493882091212456,28.24916573971079,5580.9,792.0,800.1,805.3,793.9,165.6,167.0,169.2,170.1,4.76,78.5,5.507,5577.0,792.9,799.7,802.7,794.3,165.5,166.6,168.8,169.8,4.77,78.4,5.468,14.7,1.22,0,nominal,0,0.0,195.0,701998.4
1.7,takeoff_climb,97.84872080088988,47.27474972191323,28.264738598442715,5604.1,796.7,802.0,807.9,800.5,165.1,167.0,168.5,170.5,4.77,78.9,5.459,5600.7,796.7,803.6,806.6,798.1,165.8,166.9,169.1,170.1,4.78,78.5,5.467,14.7,1.219,0,nominal,0,0.0,195.0,701998.3
1.8,takeoff_climb,97.83982202447163,50.055617352614014,28.280311457174637,5608.7,799.2,804.8,808.8,805.4,165.9,167.3,168.9,170.5,4.82,77.6,5.45,5619.9,800.3,807.3,810.3,801.6,166.1,167.2,169.4,170.4,4.79,78.5,5.465,14.7,1.219,0,nominal,0,0.0,195.0,701998.2
1.9,takeoff_climb,97.8309232480534,52.83648498331479,28.295884315906562,5640.3,802.7,812.6,814.8,805.6,165.4,167.6,169.8,170.4,4.79,78.8,5.441,5635.4,803.7,810.7,813.7,805.0,166.4,167.5,169.8,170.8,4.8,78.6,5.463,14.7,1.219,0,nominal,0,0.0,195.0,701998.1
2.0,takeoff_climb,97.82202447163515,55.61735261401557,28.311457174638488,5656.6,806.6,813.6,814.5,809.7,166.1,167.7,170.4,171.7,4.75,79.6,5.454,5647.9,806.9,814.0,817.0,808.2,166.7,167.8,170.1,171.1,4.81,78.6,5.462,14.6,1.218,0,nominal,0,0.0,195.0,701998.0
2.1,takeoff_climb,97.81312569521691,58.39822024471635,28.327030033370413,5651.4,809.6,817.9,817.4,812.3,166.8,168.2,170.7,170.7,4.76,78.3,5.422,5657.9,810.0,817.1,820.1,811.2,167.0,168.1,170.4,171.4,4.81,78.6,5.46,14.6,1.218,0,nominal,0,0.0,195.0,701997.9
2.2,takeoff_climb,97.80422691879866,61.179087875417125,28.342602892102335,5667.0,811.4,821.9,821.7,814.7,168.0,168.8,171.1,172.6,4.79,78.8,5.521,5665.9,812.8,820.0,823.0,814.1,167.3,168.4,170.7,171.7,4.81,78.7,5.458,14.6,1.218,0,nominal,0,0.0,195.0,701997.8
2.3,takeoff_climb,97.79532814238043,63.95995550611791,28.35817575083426,5673.6,818.9,822.6,827.5,818.0,168.2,168.7,170.4,171.7,4.79,78.2,5.5,5672.2,815.5,822.8,825.8,816.8,167.6,168.7,171.0,172.0,4.82,78.7,5.457,14.6,1.218,0,nominal,0,0.0,195.0,701997.7
2.4,takeoff_climb,97.78642936596218,66.74082313681868,28.373748609566185,5667.8,816.5,824.1,830.3,819.4,167.3,168.8,171.0,172.6,4.86,79.0,5.432,5677.2,818.1,825.4,828.4,819.3,167.9,169.0,171.3,172.3,4.82,78.7,5.455,14.6,1.217,0,nominal,0,0.0,195.0,701997.6
2.5,takeoff_climb,97.77753058954394,69.52169076751946,28.38932146829811,5675.6,821.1,828.7,830.9,824.2,167.9,169.4,172.6,173.2,4.84,78.9,5.451,5681.1,820.5,827.8,830.8,821.7,168.2,169.3,171.6,172.6,4.82,78.8,5.453,14.5,1.217,0,nominal,0,0.0,195.0,701997.5
2.6,takeoff_climb,97.7686318131257,72.30255839822024,28.404894327030032,5682.3,823.3,830.2,833.0,820.4,168.9,169.8,172.4,173.1,4.86,79.1,5.463,5684.1,822.8,830.1,833.1,824.0,168.5,169.6,171.9,172.9,4.82,78.8,5.452,14.5,1.217,0,nominal,0,0.0,195.0,701997.4
2.7,takeoff_climb,97.75973303670746,75.08342602892102,28.420467185761957,5698.1,825.8,830.8,835.9,826.4,169.8,170.9,172.3,173.4,4.82,78.5,5.423,5686.3,824.9,832.3,835.3,826.1,168.7,169.8,172.1,173.1,4.83,78.8,5.45,14.5,1.216,0,nominal,0,0.0,195.0,701997.3
2.8,takeoff_climb,97.75083426028921,77.8642936596218,28.436040044493883,5692.0,822.9,836.0,837.7,829.6,167.4,169.2,173.1,172.8,4.8,79.6,5.49,5687.9,827.0,834.4,837.4,828.1,169.0,170.1,172.4,173.4,4.83,78.9,5.448,14.5,1.216,0,nominal,0,0.0,195.0,701997.2
2.9,takeoff_climb,97.74193548387096,80.64516129032258,28.451612903225808,5686.0,828.5,837.4,839.6,829.8,168.8,169.9,173.1,174.4,4.83,79.9,5.437,5689.1,828.9,836.3,839.3,830.1,169.3,170.4,172.7,173.7,4.83,78.9,5.446,14.5,1.216,0,nominal,0,0.0,195.0,701997.1
3.0,takeoff_climb,97.73303670745273,83.42602892102336,28.46718576195773,5692.4,831.6,839.1,841.6,833.4,169.7,170.1,173.6,173.9,4.79,78.5,5.463,5689.8,830.7,838.2,841.2,831.9,169.5,170.7,173.0,174.0,4.83,78.9,5.445,14.5,1.215,0,nominal,0,0.0,195.0,701997.0
3.1,takeoff_climb,97.72413793103448,86.20689655172413,28.482758620689655,5690.2,833.8,839.7,841.5,834.4,169.9,169.8,172.8,174.2,4.84,79.8,5.437,5690.2,832.4,839.9,842.9,833.6,169.8,170.9,173.3,174.3,4.83,79.0,5.443,14.4,1.215,0,nominal,0,0.0,195.0,701996.9
3.2,takeoff_climb,97.71523915461624,88.98776418242491,28.49833147942158,5685.7,834.3,843.1,845.2,835.5,170.2,171.4,173.5,175.0,4.86,79.2,5.455,5690.3,834.0,841.6,844.6,835.2,170.1,171.2,173.6,174.6,4.83,79.0,5.441,14.4,1.215,0,nominal,0,0.0,195.0,701996.8
3.3,takeoff_climb,97.70634037819799,91.7686318131257,28.513904338153505,5685.0,832.4,843.8,848.9,837.3,169.9,171.8,173.1,175.8,4.86,78.6,5.422,5690.2,835.5,843.1,846.1,836.7,170.3,171.5,173.8,174.8,4.83,79.0,5.44,14.4,1.214,0,nominal,0,0.0,195.0,701996.7
3.4,takeoff_climb,97.69744160177976,94.54949944382646,28.529477196885427,5683.7,837.0,843.7,847.7,836.9,171.5,171.5,172.6,175.5,4.83,78.9,5.453,5690.0,837.0,844.6,847.6,838.1,170.6,171.7,174.1,175.1,4.83,79.1,5.438,14.4,1.214,0,nominal,0,0.0,195.0,701996.6
3.5,takeoff_climb,97.68854282536151,97.33036707452725,28.545050055617352,5685.9,839.8,845.9,848.6,839.0,170.4,171.7,175.0,174.9,4.83,79.9,5.418,5689.5,838.3,845.9,848.9,839.5,170.9,172.0,174.4,175.4,4.83,79.1,5.436,14.4,1.214,0,nominal,0,0.0,195.0,701996.5
3.6,takeoff_climb,97.67964404894327,100.11123470522803,28.560622914349278,5683.7,840.5,846.3,849.5,841.0,171.0,172.1,174.6,175.8,4.81,79.0,5.432,5689.0,839.6,847.3,850.3,840.7,171.1,172.3,174.7,175.7,4.83,79.1,5.435,14.3,1.213,0,nominal,0,0.0,195.0,701996.4
3.7,takeoff_climb,97.67074527252502,102.8921023359288,28.576195773081203,5675.6,840.8,847.7,851.0,841.0,171.6,171.4,174.9,176.2,4.85,78.8,5.448,5688.3,840.8,848.5,851.5,841.9,171.4,172.5,174.9,175.9,4.83,79.2,5.433,14.3,1.213,0,nominal,0,0.0,195.0,701996.3
3.8,takeoff_climb,97.66184649610679,105.67296996662958,28.591768631813125,5684.9,841.5,851.0,853.1,842.4,171.4,173.7,173.9,176.0,4.81,77.9,5.444,5687.6,842.0,849.6,852.6,843.1,171.6,172.8,175.2,176.2,4.83,79.2,5.431,14.3,1.213,0,nominal,0,0.0,195.0,701996.2
3.9,takeoff_climb,97.65294771968854,108.45383759733036,28.60734149054505,5683.1,842.1,849.9,855.3,842.8,172.9,172.8,175.3,176.2,4.82,79.0,5.409,5686.8,843.1,850.7,853.7,844.2,171.9,173.0,175.5,176.5,4.83,79.2,5.43,14.3,1.212,0,nominal,0,0.0,195.0,701996.1
4.0,takeoff_climb,97.6440489432703,111.23470522803115,28.622914349276975,5678.4,844.0,851.2,854.4,846.8,172.2,173.3,176.4,176.7,4.84,79.6,5.388,5686.0,844.1,851.8,854.8,845.2,172.1,173.3,175.7,176.7,4.83,79.3,5.428,14.3,1.212,0,nominal,0,0.0,195.0,701996.0
4.1,takeoff_climb,97.63515016685206,114.01557285873191,28.6384872080089,5686.9,844.7,852.3,858.3,846.7,171.8,174.3,176.3,175.6,4.82,78.6,5.465,5685.1,845.0,852.8,855.8,846.1,172.4,173.5,176.0,177.0,4.83,79.3,5.426,14.3,1.212,0,nominal,0,0.0,195.0,701995.9
4.2,takeoff_climb,97.62625139043382,116.7964404894327,28.654060066740822,5695.7,845.8,854.3,856.4,847.4,172.5,173.7,176.3,176.5,4.78,79.9,5.426,5684.2,845.9,853.7,856.7,847.0,172.6,173.8,176.2,177.2,4.83,79.3,5.425,14.2,1.211,0,nominal,0,0.0,195.0,701995.8
4.3,takeoff_climb,97.61735261401557,119.57730812013348,28.669632925472747,5685.3,846.8,854.6,858.9,847.1,172.5,174.7,177.1,177.0,4.82,79.8,5.424,5683.2,846.8,854.6,857.6,847.9,172.9,174.0,176.5,177.5,4.83,79.4,5.423,14.2,1.211,0,nominal,0,0.0,195.0,701995.7
4.4,takeoff_climb,97.60845383759732,122.35817575083425,28.685205784204673,5687.5,847.3,855.5,858.5,848.2,172.9,173.8,176.7,176.6,4.82,79.2,5.441,5682.2,847.6,855.4,858.4,848.7,173.1,174.3,176.7,177.7,4.83,79.4,5.421,14.2,1.211,0,nominal,0,0.0,195.0,701995.6
4.5,takeoff_climb,97.59955506117909,125.13904338153503,28.700778642936598,5676.1,847.5,854.0,857.8,850.8,173.7,175.1,176.3,178.3,4.85,79.2,5.401,5681.2,848.4,856.2,859.2,849.4,173.3,174.5,177.0,178.0,4.83,79.4,5.419,14.2,1.21,0,nominal,0,0.0,195.0,701995.5
4.6,takeoff_climb,97.59065628476084,127.91991101223581,28.71635150166852,5678.3,848.5,857.6,858.9,848.9,173.1,173.9,177.8,178.2,4.81,79.0,5.4,5680.2,849.1,856.9,859.9,850.2,173.6,174.7,177.2,178.2,4.83,79.5,5.418,14.2,1.21,0,nominal,0,0.0,195.0,701995.4
4.7,takeoff_climb,97.5817575083426,130.7007786429366,28.731924360400445,5673.9,849.8,858.4,860.0,853.1,174.6,175.0,177.9,178.5,4.88,79.2,5.416,5679.2,849.8,857.6,860.6,850.8,173.8,175.0,177.5,178.5,4.83,79.5,5.416,14.2,1.21,0,nominal,0,0.0,195.0,701995.3
4.8,takeoff_climb,97.57285873192436,133.48164627363735,28.74749721913237,5682.8,852.2,857.8,860.1,852.6,175.0,175.4,177.4,178.8,4.84,79.8,5.412,5678.1,850.4,858.2,861.2,851.5,174.0,175.2,177.7,178.7,4.83,79.5,5.414,14.1,1.209,0,nominal,0,0.0,195.0,701995.2
4.9,takeoff_climb,97.56395995550612,136.26251390433814,28.763070077864292,5679.8,850.3,857.9,862.7,851.3,174.5,175.7,177.9,178.8,4.81,79.6,5.355,5677.1,851.0,858.9,861.9,852.1,174.3,175.4,178.0,179.0,4.83,79.6,5.413,14.1,1.209,0,nominal,0,0.0,195.0,701995.1
5.0,takeoff_climb,97.55506117908787,139.04338153503892,28.778642936596217,5671.9,850.5,858.7,862.5,854.0,173.9,175.7,177.8,179.1,4.81,79.4,5.414,5676.0,851.6,859.4,862.4,852.7,174.5,175.7,178.2,179.2,4.83,79.6,5.411,14.1,1.209,0,nominal,0,0.0,195.0,701995.0
5.1,takeoff_climb,97.54616240266964,141.8242491657397,28.794215795328142,5674.6,851.6,863.4,863.5,851.0,175.1,175.3,178.3,179.9,4.83,79.9,5.408,5675.0,852.1,860.0,863.0,853.2,174.7,175.9,178.4,179.4,4.83,79.6,5.409,14.1,1.208,0,nominal,0,0.0,195.0,701994.9
5.2,takeoff_climb,97.53726362625139,144.60511679644048,28.809788654060068,5678.3,851.8,859.9,863.6,853.4,174.7,175.4,178.4,180.1,4.84,80.9,5.425,5673.9,852.7,860.5,863.5,853.7,175.0,176.1,178.7,179.7,4.83,79.7,5.408,14.1,1.208,0,nominal,0,0.0,195.0,701994.8
5.3,takeoff_climb,97.52836484983315,147.38598442714127,28.825361512791993,5674.6,851.6,861.8,864.4,855.3,175.2,177.2,179.2,180.4,4.86,80.0,5.425,5672.8,853.1,861.0,864.0,854.2,175.2,176.4,178.9,179.9,4.83,79.7,5.406,14.0,1.208,0,nominal,0,0.0,195.0,701994.7
5.4,takeoff_climb,97.5194660734149,150.16685205784205,28.840934371523915,5668.9,854.6,860.5,864.0,854.2,175.2,176.1,179.8,180.2,4.81,79.4,5.356,5671.7,853.6,861.5,864.5,854.6,175.4,176.6,179.1,180.1,4.83,79.7,5.404,14.0,1.207,0,nominal,0,0.0,195.0,701994.6
5.5,takeoff_climb,97.51056729699667,152.9477196885428,28.85650723025584,5667.5,853.2,861.8,868.3,854.5,175.9,177.1,179.7,180.7,4.78,80.2,5.392,5670.7,854.0,861.9,864.9,855.1,175.6,176.8,179.4,180.4,4.83,79.7,5.403,14.0,1.207,0,nominal,0,0.0,195.0,701994.5
5.6,takeoff_climb,97.50166852057842,155.7285873192436,28.872080088987765,5675.3,856.6,863.2,862.9,856.0,175.2,176.8,179.1,180.3,4.83,79.3,5.417,5669.6,854.4,862.3,865.3,855.5,175.8,177.0,179.6,180.6,4.83,79.8,5.401,14.0,1.207,0,nominal,0,0.0,195.0,701994.4
5.7,takeoff_climb,97.49276974416017,158.50945494994437,28.887652947719687,5670.7,856.9,863.7,867.0,857.1,175.8,177.4,180.2,180.1,4.85,80.0,5.396,5668.5,854.8,862.7,865.7,855.8,176.0,177.2,179.8,180.8,4.83,79.8,5.399,14.0,1.206,0,nominal,0,0.0,195.0,701994.3
5.8,takeoff_climb,97.48387096774194,161.29032258064515,28.903225806451612,5669.2,853.8,863.5,866.0,856.6,176.9,177.6,179.9,181.3,4.87,80.1,5.384,5667.4,855.2,863.1,866.1,856.2,176.3,177.5,180.0,181.0,4.83,79.8,5.398,14.0,1.206,0,nominal,0,0.0,195.0,701994.2
5.9,takeoff_climb,97.47497219132369,164.07119021134594,28.918798665183537,5658.9,856.8,862.1,864.2,856.7,176.2,177.1,180.0,181.4,4.81,79.8,5.412,5666.3,855.5,863.4,866.4,856.5,176.5,177.7,180.3,181.3,4.83,79.9,5.396,13.9,1.206,0,nominal,0,0.0,195.0,701994.1
6.0,takeoff_climb,97.46607341490545,166.85205784204672,28.934371523915463,5668.2,857.4,862.9,864.9,857.6,177.2,178.1,180.1,182.0,4.78,80.5,5.373,5665.2,855.8,863.7,866.7,856.9,176.7,177.9,180.5,181.5,4.83,79.9,5.394,13.9,1.206,0,nominal,0,0.0,195.0,701994.0
6.1,takeoff_climb,97.4571746384872,169.63292547274747,28.949944382647384,5656.0,856.8,863.8,867.2,855.8,176.0,178.5,181.0,181.7,4.82,80.1,5.384,5664.2,856.1,864.0,867.0,857.2,176.9,178.1,180.7,181.7,4.83,79.9,5.393,13.9,1.205,0,nominal,0,0.0,195.0,701993.9
6.2,takeoff_climb,97.44827586206897,172.41379310344826,28.96551724137931,5669.0,858.3,865.9,867.4,858.9,177.2,178.0,181.5,180.8,4.84,80.3,5.388,5663.1,856.4,864.3,867.3,857.4,177.1,178.3,180.9,181.9,4.83,80.0,5.391,13.9,1.205,0,nominal,0,0.0,195.0,701993.8
6.3,takeoff_climb,97.43937708565072,175.19466073414904,28.981090100111235,5661.6,857.0,865.4,867.7,859.3,177.4,178.0,180.0,182.7,4.83,80.0,5.374,5662.0,856.7,864.6,867.6,857.7,177.3,178.5,181.1,182.1,4.83,80.0,5.389,13.9,1.205,0,nominal,0,0.0,195.0,701993.7
6.4,takeoff_climb,97.43047830923248,177.97552836484982,28.99666295884316,5662.9,857.1,864.4,867.5,857.8,177.7,177.4,180.5,181.7,4.82,80.1,5.398,5660.9,856.9,864.9,867.9,858.0,177.5,178.7,181.3,182.3,4.83,80.0,5.388,13.8,1.204,0,nominal,0,0.0,195.0,701993.6
6.5,takeoff_climb,97.42157953281423,180.7563959955506,29.012235817575082,5670.0,856.1,865.2,868.3,857.3,177.8,179.0,180.6,183.0,4.83,80.2,5.385,5659.8,857.2,865.1,868.1,858.2,177.7,178.9,181.5,182.5,4.83,80.0,5.386,13.8,1.204,0,nominal,0,0.0,195.0,701993.5
6.6,takeoff_climb,97.412680756396,183.5372636262514,29.027808676307007,5665.0,857.3,866.7,868.2,859.4,177.2,178.4,181.7,183.2,4.78,79.9,5.351,5658.7,857.4,865.3,868.3,858.4,177.9,179.1,181.8,182.8,4.83,80.1,5.384,13.8,1.204,0,nominal,0,0.0,195.0,701993.4
6.7,takeoff_climb,97.40378197997775,186.31813125695217,29.043381535038932,5659.9,857.3,863.6,868.9,857.2,177.8,178.5,182.0,183.3,4.83,80.2,5.346,5657.6,857.6,865.5,868.5,858.6,178.1,179.3,182.0,183.0,4.83,80.1,5.383,13.8,1.203,0,nominal,0,0.0,195.0,701993.3
6.8,takeoff_climb,97.39488320355952,189.09899888765293,29.058954393770858,5660.5,855.8,867.1,871.6,859.6,177.8,180.6,182.1,183.6,4.83,80.1,5.385,5656.6,857.8,865.8,868.8,858.8,178.3,179.5,182.2,183.2,4.83,80.1,5.381,13.8,1.203,0,nominal,0,0.0,195.0,701993.2
6.9,takeoff_climb,97.38598442714127,191.8798665183537,29.07452725250278,5660.3,857.1,866.0,868.9,858.4,177.4,179.8,182.0,183.4,4.84,80.5,5.358,5655.5,858.0,865.9,868.9,859.0,178.5,179.7,182.4,183.4,4.82,80.2,5.379,13.8,1.203,0,nominal,0,0.0,195.0,701993.1
7.0,takeoff_climb,97.37708565072303,194.6607341490545,29.090100111234705,5647.3,859.2,865.9,869.2,860.8,177.0,180.8,182.5,183.5,4.83,80.1,5.35,5654.4,858.2,866.1,869.1,859.2,178.7,179.9,182.6,183.6,4.82,80.2,5.378,13.7,1.202,0,nominal,0,0.0,195.0,701993.0
7.1,takeoff_climb,97.36818687430478,197.44160177975527,29.10567296996663,5656.3,858.6,864.5,869.0,859.0,179.5,179.4,183.1,183.2,4.84,81.5,5.395,5653.3,858.3,866.3,869.3,859.4,178.9,180.1,182.8,183.8,4.82,80.2,5.376,13.7,1.202,0,nominal,0,0.0,195.0,701992.9
7.2,takeoff_climb,97.35928809788653,200.22246941045606,29.121245828698555,5647.2,858.4,865.4,871.0,858.2,178.9,181.2,182.2,183.5,4.8,79.5,5.338,5652.2,858.5,866.5,869.5,859.5,179.1,180.3,183.0,184.0,4.82,80.2,5.374,13.7,1.202,0,nominal,0,0.0,195.0,701992.8
7.3,takeoff_climb,97.3503893214683,203.00333704115684,29.136818687430477,5655.8,858.7,865.9,866.8,860.0,179.9,179.7,183.5,184.3,4.83,80.5,5.401,5651.1,858.7,866.6,869.6,859.7,179.2,180.5,183.2,184.2,4.82,80.3,5.373,13.7,1.201,0,nominal,0,0.0,195.0,701992.7
7.4,takeoff_climb,97.34149054505005,205.7842046718576,29.152391546162402,5661.8,855.8,868.3,869.6,861.6,179.6,181.5,182.6,184.8,4.83,81.0,5.38,5650.0,858.8,866.7,869.7,859.8,179.4,180.7,183.4,184.4,4.82,80.3,5.371,13.7,1.201,0,nominal,0,0.0,195.0,701992.6
7.5,takeoff_climb,97.33259176863181,208.56507230255838,29.167964404894327,5650.1,860.0,868.6,867.7,861.4,179.5,180.6,183.8,185.0,4.86,80.4,5.402,5649.0,858.9,866.9,869.9,859.9,179.6,180.8,183.6,184.6,4.82,80.3,5.369,13.6,1.201,0,nominal,0,0.0,195.0,701992.5
7.6,takeoff_climb,97.32369299221357,211.34593993325916,29.183537263626253,5647.9,857.7,867.5,870.4,859.8,179.9,181.1,183.9,184.3,4.8,80.8,5.374,5647.9,859.0,867.0,870.0,860.1,179.8,181.0,183.7,184.7,4.82,80.3,5.368,13.6,1.2,0,nominal,0,0.0,195.0,701992.4
7.7,takeoff_climb,97.31479421579533,214.12680756395994,29.199110122358174,5641.5,859.9,867.8,870.1,863.0,179.9,180.5,184.7,184.3,4.83,79.6,5.394,5646.8,859.2,867.1,870.1,860.2,180.0,181.2,183.9,184.9,4.82,80.4,5.366,13.6,1.2,0,nominal,0,0.0,195.0,701992.3
7.8,takeoff_climb,97.30589543937708,216.90767519466073,29.2146829810901,5648.2,858.9,867.1,873.6,860.5,180.7,181.8,183.9,184.6,4.83,79.8,5.339,5645.7,859.3,867.2,870.2,860.3,180.2,181.4,184.1,185.1,4.82,80.4,5.364,13.6,1.2,0,nominal,0,0.0,195.0,701992.2
7.9,takeoff_climb,97.29699666295885,219.6885428253615,29.230255839822025,5644.3,858.4,867.9,870.7,861.6,180.3,180.7,183.5,185.3,4.8,81.2,5.349,5644.6,859.4,867.3,870.3,860.4,180.3,181.6,184.3,185.3,4.82,80.4,5.363,13.6,1.199,0,nominal,0,0.0,195.0,701992.1
8.0,takeoff_climb,97.2880978865406,222.4694104560623,29.24582869855395,5641.0,860.9,870.2,868.4,862.1,180.6,181.1,183.8,185.7,4.76,80.2,5.362,5643.5,859.5,867.4,870.4,860.5,180.5,181.8,184.5,185.5,4.82,80.5,5.361,13.6,1.199,0,nominal,0,0.0,195.0,701992.0
8.1,takeoff_climb,97.27919911012236,225.25027808676305,29.261401557285872,5647.1,861.1,867.9,870.5,860.7,180.5,181.2,184.6,185.5,4.81,81.2,5.33,5642.4,859.6,867.5,870.5,860.6,180.7,181.9,184.7,185.7,4.82,80.5,5.359,13.5,1.199,0,nominal,0,0.0,195.0,701991.9
8.2,takeoff_climb,97.27030033370411,228.03114571746383,29.276974416017797,5641.2,860.6,866.7,872.8,862.1,181.4,182.4,184.7,185.5,4.79,80.8,5.347,5641.4,859.7,867.6,870.6,860.7,180.9,182.1,184.9,185.9,4.82,80.5,5.358,13.5,1.198,0,nominal,0,0.0,195.0,701991.8
8.3,takeoff_climb,97.26140155728588,230.8120133481646,29.292547274749722,5642.9,859.1,867.2,873.4,860.8,181.4,182.6,184.8,186.5,4.83,79.8,5.369,5640.3,859.7,867.7,870.7,860.7,181.0,182.3,185.0,186.0,4.82,80.5,5.356,13.5,1.198,0,nominal,0,0.0,195.0,701991.7
8.4,takeoff_climb,97.25250278086763,233.5928809788654,29.308120133481648,5643.2,862.1,868.4,869.2,859.8,181.5,183.5,185.9,186.3,4.83,80.5,5.414,5639.2,859.8,867.8,870.8,860.8,181.2,182.5,185.2,186.2,4.82,80.6,5.354,13.5,1.198,0,nominal,0,0.0,195.0,701991.6
8.5,takeoff_climb,97.2436040044494,236.37374860956618,29.32369299221357,5638.4,859.4,867.0,870.6,860.2,180.9,182.1,185.7,186.9,4.84,80.6,5.386,5638.1,859.9,867.9,870.9,860.9,181.4,182.6,185.4,186.4,4.82,80.6,5.353,13.5,1.197,0,nominal,0,0.0,195.0,701991.5
8.6,takeoff_climb,97.23470522803115,239.15461624026696,29.339265850945495,5633.7,860.7,869.8,868.5,861.6,181.3,183.0,184.5,187.3,4.82,79.9,5.344,5637.0,859.9,867.9,870.9,861.0,181.5,182.8,185.6,186.6,4.82,80.6,5.351,13.4,1.197,0,nominal,0,0.0,195.0,701991.4
8.7,takeoff_climb,97.2258064516129,241.93548387096772,29.35483870967742,5636.1,859.6,869.6,871.0,863.9,181.6,182.4,186.4,188.0,4.79,80.7,5.342,5635.9,860.0,868.0,871.0,861.0,181.7,183.0,185.7,186.7,4.81,80.6,5.349,13.4,1.197,0,nominal,0,0.0,195.0,701991.3
8.8,takeoff_climb,97.21690767519466,244.7163515016685,29.370411568409345,5632.6,856.8,865.8,872.9,861.3,181.2,183.3,185.8,187.9,4.82,81.3,5.376,5634.9,860.1,868.1,871.1,861.1,181.9,183.1,185.9,186.9,4.81,80.7,5.348,13.4,1.196,0,nominal,0,0.0,195.0,701991.2
8.9,takeoff_climb,97.20800889877641,247.49721913236928,29.385984427141267,5632.5,862.0,868.0,873.3,859.4,181.6,183.9,186.2,186.9,4.84,80.0,5.315,5633.8,860.1,868.1,871.1,861.1,182.0,183.3,186.1,187.1,4.81,80.7,5.346,13.4,1.196,0,nominal,0,0.0,195.0,701991.1
9.0,takeoff_climb,97.19911012235818,250.27808676307006,29.401557285873192,5636.3,860.5,869.0,870.3,860.5,182.8,183.3,186.0,187.4,4.82,80.0,5.369,5632.7,860.2,868.2,871.2,861.2,182.2,183.5,186.3,187.3,4.81,80.7,5.344,13.4,1.196,0,nominal,0,0.0,195.0,701991.0
9.1,takeoff_climb,97.19021134593993,253.05895439377085,29.417130144605117,5627.5,863.8,868.8,870.2,861.2,182.4,183.0,186.4,187.5,4.83,81.0,5.383,5631.6,860.2,868.2,871.2,861.2,182.3,183.6,186.4,187.4,4.81,80.7,5.343,13.4,1.196,0,nominal,0,0.0,195.0,701990.9
9.2,takeoff_climb,97.1813125695217,255.83982202447163,29.432703003337043,5630.2,861.7,867.8,873.2,859.0,182.8,183.0,187.8,188.3,4.82,81.1,5.333,5630.5,860.3,868.3,871.3,861.3,182.5,183.8,186.6,187.6,4.81,80.8,5.341,13.3,1.195,0,nominal,0,0.0,195.0,701990.8
9.3,takeoff_climb,97.17241379310344,258.6206896551724,29.448275862068964,5628.9,858.0,869.6,869.7,861.3,183.3,184.3,187.2,187.4,4.78,80.5,5.345,5629.4,860.3,868.3,871.3,861.3,182.7,183.9,186.8,187.8,4.81,80.8,5.339,13.3,1.195,0,nominal,0,0.0,195.0,701990.7
9.4,takeoff_climb,97.16351501668521,261.4015572858732,29.46384872080089,5628.9,860.2,866.5,870.8,859.0,183.2,184.2,187.9,187.6,4.82,80.1,5.298,5628.4,860.4,868.3,871.3,861.4,182.8,184.1,186.9,187.9,4.81,80.8,5.338,13.3,1.195,0,nominal,0,0.0,195.0,701990.6
9.5,takeoff_climb,97.15461624026696,264.18242491657395,29.479421579532815,5628.3,860.5,867.2,870.1,861.0,182.8,183.9,187.5,189.1,4.79,81.1,5.34,5627.3,860.4,868.4,871.4,861.4,183.0,184.3,187.1,188.1,4.81,80.8,5.336,13.3,1.194,0,nominal,0,0.0,195.0,701990.5
9.6,takeoff_climb,97.14571746384873,266.9632925472747,29.49499443826474,5632.5,858.6,868.4,871.1,860.9,182.8,184.4,187.5,186.8,4.81,81.2,5.318,5626.2,860.4,868.4,871.4,861.4,183.1,184.4,187.2,188.2,4.81,80.9,5.334,13.3,1.194,0,nominal,0,0.0,195.0,701990.4
9.7,takeoff_climb,97.13681868743048,269.7441601779755,29.510567296996662,5625.2,858.3,870.8,869.1,861.0,182.6,185.2,187.0,189.0,4.78,80.6,5.356,5625.1,860.5,868.4,871.4,861.5,183.3,184.6,187.4,188.4,4.81,80.9,5.333,13.2,1.194,0,nominal,0,0.0,195.0,701990.3
9.8,takeoff_climb,97.12791991101224,272.52502780867627,29.526140155728587,5624.0,861.6,869.9,872.1,861.7,183.3,184.4,187.7,188.9,4.83,81.2,5.327,5624.0,860.5,868.5,871.5,861.5,183.4,184.7,187.6,188.6,4.81,80.9,5.331,13.2,1.193,0,nominal,0,0.0,195.0,701990.2
9.9,takeoff_climb,97.11902113459399,275.3058954393771,29.541713014460512,5619.6,860.7,867.3,872.5,860.1,183.1,184.7,187.3,189.0,4.84,81.5,5.38,5623.0,860.5,868.5,871.5,861.5,183.6,184.9,187.7,188.7,4.81,80.9,5.329,13.2,1.193,0,nominal,0,0.0,195.0,701990.1
10.0,takeoff_climb,97.11012235817574,278.08676307007784,29.557285873192434,5616.7,864.2,870.1,872.3,860.0,183.1,186.6,188.2,188.8,4.75,81.3,5.399,5621.9,860.5,868.5,871.5,861.5,183.7,185.0,187.9,188.9,4.81,80.9,5.328,13.2,1.193,0,nominal,0,0.0,195.0,701990.0
10.1,takeoff_climb,97.10122358175751,280.86763070077865,29.57285873192436,5616.6,860.2,870.5,869.9,861.2,184.2,185.8,187.7,189.1,4.82,80.1,5.284,5620.8,860.6,868.6,871.6,861.6,183.9,185.2,188.0,189.0,4.81,81.0,5.326,13.2,1.192,0,nominal,0,0.0,195.0,701989.9
10.2,takeoff_climb,97.09232480533926,283.6484983314794,29.588431590656285,5620.4,858.9,868.6,870.0,861.7,183.8,184.6,188.8,190.1,4.79,80.9,5.34,5619.7,860.6,868.6,871.6,861.6,184.0,185.3,188.2,189.2,4.81,81.0,5.324,13.2,1.192,0,nominal,0,0.0,195.0,701989.8
10.3,takeoff_climb,97.08342602892102,286.42936596218016,29.60400444938821,5615.6,862.1,869.9,869.5,862.8,184.1,185.6,187.8,189.6,4.84,81.5,5.289,5618.6,860.6,868.6,871.6,861.6,184.2,185.5,188.3,189.3,4.81,81.0,5.323,13.1,1.192,0,nominal,0,0.0,195.0,701989.7
10.4,takeoff_climb,97.07452725250278,289.21023359288097,29.619577308120135,5621.2,860.0,871.4,869.2,862.5,184.2,186.1,188.3,189.3,4.8,80.9,5.322,5617.6,860.6,868.6,871.6,861.6,184.3,185.6,188.5,189.5,4.81,81.0,5.321,13.1,1.191,0,nominal,0,0.0,195.0,701989.6
10.5,takeoff_climb,97.06562847608454,291.9911012235817,29.635150166852057,5622.4,860.7,866.3,870.4,860.4,184.5,186.5,188.4,190.4,4.8,81.6,5.339,5616.5,860.7,868.6,871.6,861.7,184.5,185.7,188.6,189.6,4.81,81.1,5.319,13.1,1.191,0,nominal,0,0.0,195.0,701989.5
10.6,takeoff_climb,97.05672969966629,294.77196885428253,29.650723025583982,5617.2,858.1,867.8,869.2,861.3,184.5,185.6,188.1,190.3,4.82,80.8,5.298,5615.4,860.7,868.7,871.7,861.7,184.6,185.9,188.8,189.8,4.81,81.1,5.318,13.1,1.191,0,nominal,0,0.0,195.0,701989.4
10.7,takeoff_climb,97.04783092324806,297.5528364849833,29.666295884315907,5608.1,859.3,869.8,870.0,862.1,184.5,186.5,189.1,189.6,4.77,80.9,5.295,5614.3,860.7,868.7,871.7,861.7,184.7,186.0,188.9,189.9,4.8,81.1,5.316,13.1,1.19,0,nominal,0,0.0,195.0,701989.3
10.8,takeoff_climb,97.03893214682981,300.3337041156841,29.68186874304783,5608.4,861.0,867.7,870.8,862.6,184.8,185.8,188.7,188.6,4.83,80.8,5.26,5613.2,860.7,868.7,871.7,861.7,184.9,186.2,189.1,190.1,4.8,81.1,5.315,13.0,1.19,0,nominal,0,0.0,195.0,701989.2
10.9,takeoff_climb,97.03003337041157,303.11457174638485,29.697441601779754,5622.8,862.1,869.7,874.2,860.8,184.1,186.8,190.3,189.9,4.79,81.7,5.353,5612.2,860.7,868.7,871.7,861.7,185.0,186.3,189.2,190.2,4.8,81.2,5.313,13.0,1.19,0,nominal,0,0.0,195.0,701989.1
11.0,takeoff_climb,97.02113459399332,305.8954393770856,29.71301446051168,5612.8,860.6,867.6,870.4,860.5,185.6,186.6,188.1,190.7,4.83,80.6,5.328,5611.1,860.7,868.7,871.7,861.7,185.1,186.5,189.4,190.4,4.8,81.2,5.311,13.0,1.189,0,nominal,0,0.0,195.0,701989.0
11.1,takeoff_climb,97.01223581757509,308.6763070077864,29.728587319243605,5611.9,862.1,869.9,871.1,861.1,185.0,186.8,190.0,189.9,4.81,81.0,5.291,5610.0,860.7,868.7,871.7,861.7,185.3,186.6,189.5,190.5,4.8,81.2,5.31,13.0,1.189,0,nominal,0,0.0,195.0,701988.9
11.2,takeoff_climb,97.00333704115684,311.4571746384872,29.744160177975527,5610.1,861.4,867.0,871.8,861.5,186.1,185.8,189.4,189.8,4.82,81.4,5.281,5608.9,860.7,868.7,871.7,861.7,185.4,186.7,189.6,190.6,4.8,81.2,5.308,13.0,1.189,0,nominal,0,0.0,195.0,701988.8
11.3,takeoff_climb,96.9944382647386,314.238042269188,29.759733036707452,5615.7,859.1,869.6,871.0,862.1,185.4,185.8,190.0,190.8,4.78,81.7,5.291,5607.9,860.8,868.7,871.7,861.8,185.5,186.9,189.8,190.8,4.8,81.2,5.306,13.0,1.188,0,nominal,0,0.0,195.0,701988.7
11.4,takeoff_climb,96.98553948832036,317.01890989988874,29.775305895439377,5607.6,861.7,868.9,869.8,862.7,185.6,187.5,189.9,190.9,4.78,81.6,5.308,5606.8,860.8,868.8,871.8,861.8,185.7,187.0,189.9,190.9,4.8,81.3,5.305,12.9,1.188,0,nominal,0,0.0,195.0,701988.6
11.5,takeoff_climb,96.9766407119021,319.79977753058955,29.790878754171302,5609.1,861.4,872.2,871.4,860.5,185.5,188.3,190.9,191.5,4.82,81.3,5.318,5605.7,860.8,868.8,871.8,861.8,185.8,187.1,190.1,191.1,4.8,81.3,5.303,12.9,1.188,0,nominal,0,0.0,195.0,701988.5
11.6,takeoff_climb,96.96774193548387,322.5806451612903,29.806451612903224,5612.9,863.2,869.2,873.2,863.9,186.4,187.8,189.1,192.1,4.81,81.6,5.27,5604.6,860.8,868.8,871.8,861.8,185.9,187.3,190.2,191.2,4.8,81.3,5.301,12.9,1.188,0,nominal,0,0.0,195.0,701988.4
11.7,takeoff_climb,96.95884315906562,325.36151279199106,29.82202447163515,5604.9,859.5,865.8,872.0,861.0,186.8,187.7,190.5,191.5,4.8,81.2,5.286,5603.5,860.8,868.8,871.8,861.8,186.1,187.4,190.3,191.3,4.8,81.3,5.3,12.9,1.187,0,nominal,0,0.0,195.0,701988.3
11.8,takeoff_climb,96.94994438264739,328.1423804226919,29.837597330367075,5598.3,860.1,871.1,874.4,859.4,185.5,187.6,191.0,191.4,4.78,81.4,5.351,5602.5,860.8,868.8,871.8,861.8,186.2,187.5,190.5,191.5,4.8,81.3,5.298,12.9,1.187,0,nominal,0,0.0,195.0,701988.2
11.9,takeoff_climb,96.94104560622914,330.9232480533926,29.853170189099,5601.4,859.8,871.8,872.4,863.0,185.9,188.4,189.6,191.4,4.81,81.2,5.284,5601.4,860.8,868.8,871.8,861.8,186.3,187.6,190.6,191.6,4.8,81.4,5.296,12.8,1.187,0,nominal,0,0.0,195.0,701988.1
12.0,takeoff_climb,96.9321468298109,333.70411568409344,29.86874304783092,5600.7,862.3,872.1,871.8,860.1,185.3,188.1,190.8,191.5,4.8,81.7,5.353,5600.3,860.8,868.8,871.8,861.8,186.4,187.8,190.7,191.7,4.8,81.4,5.295,12.8,1.186,0,nominal,0,0.0,195.0,701988.0
12.1,takeoff_climb,96.92324805339265,336.4849833147942,29.884315906562847,5594.3,861.7,868.5,871.1,861.5,186.2,187.8,190.1,192.5,4.78,81.9,5.286,5599.2,860.8,868.8,871.8,861.8,186.6,187.9,190.9,191.9,4.8,81.4,5.293,12.8,1.186,0,nominal,0,0.0,195.0,701987.9
12.2,takeoff_climb,96.91434927697442,339.26585094549495,29.899888765294772,5589.7,861.2,867.6,872.6,861.5,187.5,188.0,191.5,192.2,4.8,81.1,5.319,5598.2,860.8,868.8,871.8,861.8,186.7,188.0,191.0,192.0,4.8,81.4,5.291,12.8,1.186,0,nominal,0,0.0,195.0,701987.8
12.3,takeoff_climb,96.90545050055617,342.04671857619576,29.915461624026698,5600.1,860.7,869.5,870.8,861.9,187.7,189.3,190.5,192.0,4.78,81.3,5.282,5597.1,860.8,868.8,871.8,861.8,186.8,188.1,191.1,192.1,4.8,81.4,5.29,12.8,1.185,0,nominal,0,0.0,195.0,701987.7
12.4,takeoff_climb,96.89655172413794,344.8275862068965,29.93103448275862,5594.9,860.5,871.8,871.9,864.7,186.6,188.3,190.9,193.4,4.8,81.3,5.217,5596.0,860.8,868.8,871.8,861.8,186.9,188.3,191.2,192.2,4.8,81.5,5.288,12.8,1.185,0,nominal,0,0.0,195.0,701987.6
12.5,takeoff_climb,96.88765294771969,347.6084538375973,29.946607341490544,5588.3,860.2,870.3,869.7,860.2,186.2,188.0,191.2,192.6,4.77,81.5,5.3,5594.9,860.8,868.8,871.8,861.8,187.1,188.4,191.4,192.4,4.8,81.5,5.287,12.7,1.185,0,nominal,0,0.0,195.0,701987.5
12.6,takeoff_climb,96.87875417130145,350.3893214682981,29.96218020022247,5584.9,863.0,868.9,874.1,860.8,187.3,188.1,191.5,192.2,4.77,81.7,5.274,5593.9,860.8,868.8,871.8,861.8,187.2,188.5,191.5,192.5,4.8,81.5,5.285,12.7,1.184,0,nominal,0,0.0,195.0,701987.4
12.7,takeoff_climb,96.8698553948832,353.1701890989989,29.977753058954395,5591.4,861.3,869.1,872.7,862.6,187.4,187.7,192.2,192.0,4.8,80.6,5.306,5592.8,860.8,868.8,871.8,861.8,187.3,188.6,191.6,192.6,4.8,81.5,5.283,12.7,1.184,0,nominal,0,0.0,195.0,701987.3
12.8,takeoff_climb,96.86095661846497,355.95105672969964,29.993325917686317,5593.3,862.3,869.9,872.3,859.6,186.4,188.7,192.6,192.9,4.85,81.9,5.307,5591.7,860.8,868.8,871.8,861.8,187.4,188.7,191.7,192.7,4.8,81.5,5.282,12.7,1.184,0,nominal,0,0.0,195.0,701987.2
12.9,takeoff_climb,96.85205784204672,358.7319243604004,30.008898776418242,5578.3,862.4,867.6,870.5,862.0,187.7,188.1,191.4,193.1,4.79,81.3,5.271,5590.6,860.8,868.8,871.8,861.8,187.5,188.9,191.8,192.8,4.79,81.6,5.28,12.7,1.183,0,nominal,0,0.0,195.0,701987.1
13.0,takeoff_climb,96.84315906562847,361.5127919911012,30.024471635150167,5596.3,860.5,870.3,872.6,860.3,187.1,188.8,192.9,193.7,4.79,82.1,5.309,5589.6,860.8,868.8,871.8,861.8,187.6,189.0,192.0,193.0,4.79,81.6,5.278,12.7,1.183,0,nominal,0,0.0,195.0,701987.0
13.1,takeoff_climb,96.83426028921023,364.29365962180196,30.040044493882093,5593.0,863.9,868.3,872.8,860.0,188.0,188.5,192.5,193.3,4.81,81.5,5.293,5588.5,860.8,868.8,871.8,861.8,187.8,189.1,192.1,193.1,4.79,81.6,5.277,12.6,1.183,0,nominal,0,0.0,195.0,701986.9
13.2,takeoff_climb,96.82536151279199,367.0745272525028,30.055617352614014,5584.1,858.9,868.5,869.5,863.3,188.4,188.2,192.4,193.1,4.78,82.1,5.254,5587.4,860.8,868.8,871.8,861.8,187.9,189.2,192.2,193.2,4.79,81.6,5.275,12.6,1.182,0,nominal,0,0.0,195.0,701986.8
13.3,takeoff_climb,96.81646273637375,369.85539488320353,30.07119021134594,5587.2,860.2,866.8,870.1,862.8,188.2,190.3,192.4,192.8,4.84,81.2,5.254,5586.3,860.8,868.8,871.8,861.8,188.0,189.3,192.3,193.3,4.79,81.6,5.273,12.6,1.182,0,nominal,0,0.0,195.0,701986.7
13.4,takeoff_climb,96.8075639599555,372.63626251390434,30.086763070077865,5589.5,861.8,868.1,867.6,862.7,189.3,189.3,192.4,193.7,4.79,81.8,5.259,5585.3,860.8,868.8,871.8,861.8,188.1,189.4,192.4,193.4,4.79,81.7,5.272,12.6,1.182,0,nominal,0,0.0,195.0,701986.6
13.5,takeoff_climb,96.79866518353727,375.4171301446051,30.10233592880979,5583.7,862.1,868.0,873.6,862.7,187.9,189.2,192.2,194.6,4.81,81.5,5.265,5584.2,860.8,868.8,871.8,861.8,188.2,189.5,192.6,193.6,4.79,81.7,5.27,12.6,1.181,0,nominal,0,0.0,195.0,701986.5
13.6,takeoff_climb,96.78976640711902,378.19799777530585,30.11790878754171,5580.9,862.9,869.0,867.7,862.1,188.3,190.1,193.4,193.8,4.76,81.6,5.226,5583.1,860.8,868.8,871.8,861.8,188.3,189.6,192.7,193.7,4.79,81.7,5.268,12.5,1.181,0,nominal,0,0.0,195.0,701986.4
13.7,takeoff_climb,96.78086763070078,380.97886540600666,30.133481646273637,5586.4,861.1,870.0,870.7,860.5,189.0,190.2,193.2,195.2,4.84,81.5,5.292,5582.1,860.8,868.8,871.8,861.8,188.4,189.8,192.8,193.8,4.79,81.7,5.267,12.5,1.181,0,nominal,0,0.0,195.0,701986.3
13.8,takeoff_climb,96.77196885428253,383.7597330367074,30.149054505005562,5582.5,861.7,870.4,871.7,861.9,189.1,189.5,192.8,194.3,4.76,81.6,5.22,5581.0,860.8,868.8,871.8,861.8,188.5,189.9,192.9,193.9,4.79,81.7,5.265,12.5,1.181,0,nominal,0,0.0,195.0,701986.2
13.9,takeoff_climb,96.7630700778643,386.5406006674082,30.164627363737488,5580.6,860.2,871.3,871.3,862.5,189.4,189.4,193.5,193.7,4.79,81.5,5.287,5579.9,860.8,868.8,871.8,861.8,188.6,190.0,193.0,194.0,4.79,81.8,5.264,12.5,1.18,0,nominal,0,0.0,195.0,701986.1
14.0,takeoff_climb,96.75417130144605,389.321468298109,30.18020022246941,5575.6,859.8,870.7,869.9,863.8,188.9,190.9,193.5,194.4,4.79,81.2,5.254,5578.8,860.8,868.8,871.8,861.8,188.7,190.1,193.1,194.1,4.79,81.8,5.262,12.5,1.18,0,nominal,0,0.0,195.0,701986.0
14.1,takeoff_climb,96.74527252502781,392.10233592880974,30.195773081201335,5580.0,858.7,868.5,870.8,861.2,189.5,189.7,193.3,194.7,4.77,81.7,5.241,5577.8,860.8,868.8,871.8,861.8,188.8,190.2,193.2,194.2,4.79,81.8,5.26,12.5,1.18,0,nominal,0,0.0,195.0,701985.9
14.2,takeoff_climb,96.73637374860957,394.88320355951055,30.21134593993326,5575.6,861.8,869.2,871.5,863.4,188.2,189.8,192.8,194.4,4.82,81.3,5.241,5576.7,860.8,868.8,871.8,861.8,188.9,190.3,193.3,194.3,4.79,81.8,5.259,12.4,1.179,0,nominal,0,0.0,195.0,701985.8
14.3,takeoff_climb,96.72747497219132,397.6640711902113,30.22691879866518,5573.7,863.0,869.5,871.3,863.4,189.0,190.9,192.7,195.0,4.8,81.9,5.249,5575.6,860.8,868.8,871.8,861.8,189.0,190.4,193.4,194.4,4.79,81.8,5.257,12.4,1.179,0,nominal,0,0.0,195.0,701985.7
14.4,takeoff_climb,96.71857619577308,400.4449388209121,30.242491657397107,5568.2,861.6,867.5,871.1,863.3,188.6,190.4,192.6,195.1,4.79,81.6,5.232,5574.6,860.8,868.8,871.8,861.8,189.1,190.5,193.5,194.5,4.79,81.8,5.255,12.4,1.179,0,nominal,0,0.0,195.0,701985.6
14.5,takeoff_climb,96.70967741935483,403.22580645161287,30.258064516129032,5574.3,859.0,868.6,870.1,861.4,188.9,190.4,193.8,195.0,4.82,81.5,5.23,5573.5,860.8,868.8,871.8,861.8,189.2,190.6,193.7,194.7,4.79,81.9,5.254,12.4,1.178,0,nominal,0,0.0,195.0,701985.5
14.6,takeoff_climb,96.7007786429366,406.0066740823137,30.273637374860957,5573.8,863.0,866.4,871.0,859.9,188.9,190.4,193.5,194.9,4.77,81.4,5.188,5572.4,860.7,868.7,871.7,861.7,189.3,190.7,193.8,194.8,4.79,81.9,5.252,12.4,1.178,0,nominal,0,0.0,195.0,701985.4
14.7,takeoff_climb,96.69187986651835,408.78754171301443,30.289210233592883,5563.2,861.0,868.7,874.6,862.0,188.9,191.8,193.0,195.0,4.81,82.2,5.267,5571.3,860.7,868.7,871.7,861.7,189.4,190.8,193.9,194.9,4.79,81.9,5.251,12.3,1.178,0,nominal,0,0.0,195.0,701985.3
14.8,takeoff_climb,96.68298109010011,411.5684093437152,30.304783092324804,5570.2,860.8,869.1,871.6,861.2,188.4,190.4,194.7,195.4,4.81,81.6,5.306,5570.3,860.7,868.7,871.7,861.7,189.5,190.9,194.0,195.0,4.79,81.9,5.249,12.3,1.177,0,nominal,0,0.0,195.0,701985.2
14.9,takeoff_climb,96.67408231368186,414.349276974416,30.32035595105673,5570.0,859.2,867.3,873.4,863.4,189.1,191.4,194.8,194.8,4.8,81.8,5.284,5569.2,860.7,868.7,871.7,861.7,189.6,191.0,194.1,195.1,4.79,81.9,5.247,12.3,1.177,0,nominal,0,0.0,195.0,701985.1
15.0,takeoff_climb,96.66518353726363,417.13014460511675,30.335928809788655,5575.5,861.3,868.1,871.0,863.2,189.6,191.5,194.5,195.7,4.78,81.7,5.217,5568.1,860.7,868.7,871.7,861.7,189.7,191.1,194.2,195.2,4.79,81.9,5.246,12.3,1.177,0,nominal,0,0.0,195.0,701985.0
15.1,takeoff_climb,96.65628476084538,419.91101223581757,30.351501668520577,5564.2,860.5,869.1,873.3,861.7,189.6,190.2,194.8,195.7,4.76,82.4,5.283,5567.1,860.7,868.7,871.7,861.7,189.8,191.2,194.3,195.3,4.79,82.0,5.244,12.3,1.176,0,nominal,0,0.0,195.0,701984.9
15.2,takeoff_climb,96.64738598442715,422.6918798665183,30.367074527252502,5564.6,860.2,869.5,871.3,862.1,189.5,190.9,195.1,195.8,4.85,81.5,5.232,5566.0,860.7,868.7,871.7,861.7,189.9,191.3,194.4,195.4,4.79,82.0,5.242,12.3,1.176,0,nominal,0,0.0,195.0,701984.8
15.3,takeoff_climb,96.6384872080089,425.47274749721913,30.382647385984427,5564.4,860.6,867.5,872.7,862.0,190.5,190.7,193.6,196.5,4.75,81.8,5.199,5564.9,860.7,868.7,871.7,861.7,190.0,191.4,194.5,195.5,4.78,82.0,5.241,12.2,1.176,0,nominal,0,0.0,195.0,701984.7
15.4,takeoff_climb,96.62958843159066,428.2536151279199,30.398220244716352,5559.5,862.7,870.0,873.9,862.1,190.2,190.0,195.1,194.6,4.79,82.3,5.291,5563.9,860.7,868.7,871.7,861.7,190.1,191.5,194.6,195.6,4.78,82.0,5.239,12.2,1.175,0,nominal,0,0.0,195.0,701984.6
15.5,takeoff_climb,96.62068965517241,431.03448275862064,30.413793103448278,5558.9,861.7,869.0,870.6,859.0,189.5,191.9,194.6,196.8,4.81,81.9,5.223,5562.8,860.7,868.7,871.7,861.7,190.2,191.6,194.7,195.7,4.78,82.0,5.237,12.2,1.175,0,nominal,0,0.0,195.0,701984.5
15.6,takeoff_climb,96.61179087875418,433.81535038932145,30.4293659621802,5573.5,859.6,869.2,869.4,862.2,190.6,191.0,195.1,195.6,4.81,81.6,5.216,5561.7,860.7,868.7,871.7,861.7,190.3,191.7,194.8,195.8,4.78,82.0,5.236,12.2,1.175,0,nominal,0,0.0,195.0,701984.4
15.7,takeoff_climb,96.60289210233593,436.5962180200222,30.444938820912125,5570.1,861.6,868.2,871.9,862.3,190.6,192.3,194.4,195.2,4.76,81.5,5.266,5560.7,860.7,868.7,871.7,861.7,190.4,191.7,194.8,195.8,4.78,82.1,5.234,12.2,1.174,0,nominal,0,0.0,195.0,701984.3
15.8,takeoff_climb,96.59399332591768,439.377085650723,30.46051167964405,5554.0,861.2,870.0,872.0,862.1,190.3,191.4,195.8,195.6,4.79,82.1,5.2,5559.6,860.7,868.7,871.7,861.7,190.5,191.8,194.9,195.9,4.78,82.1,5.233,12.1,1.174,0,nominal,0,0.0,195.0,701984.2
15.9,takeoff_climb,96.58509454949944,442.1579532814238,30.47608453837597,5556.8,859.9,867.9,870.4,862.8,191.1,192.9,194.7,197.8,4.74,82.0,5.232,5558.5,860.7,868.7,871.7,861.7,190.6,191.9,195.0,196.0,4.78,82.1,5.231,12.1,1.174,0,nominal,0,0.0,195.0,701984.1
16.0,takeoff_climb,96.5761957730812,444.9388209121246,30.491657397107897,5552.0,862.5,866.5,872.3,862.1,190.7,192.2,194.7,196.4,4.77,82.3,5.212,5557.4,860.7,868.7,871.7,861.7,190.6,192.0,195.1,196.1,4.78,82.1,5.229,12.1,1.174,0,nominal,0,0.0,195.0,701984.0
16.1,takeoff_climb,96.56729699666296,447.71968854282534,30.507230255839822,5565.8,860.5,869.0,872.9,861.8,191.1,192.3,195.3,196.2,4.73,82.1,5.232,5556.4,860.7,868.7,871.7,861.7,190.7,192.1,195.2,196.2,4.78,82.1,5.228,12.1,1.173,0,nominal,0,0.0,195.0,701983.9
16.2,takeoff_climb,96.55839822024471,450.5005561735261,30.522803114571747,5558.3,859.2,868.8,870.8,864.0,191.9,192.3,195.4,196.0,4.77,81.9,5.219,5555.3,860.7,868.7,871.7,861.7,190.8,192.2,195.3,196.3,4.78,82.1,5.226,12.1,1.173,0,nominal,0,0.0,195.0,701983.8
16.3,takeoff_climb,96.54949944382648,453.2814238042269,30.538375973303673,5556.8,859.5,869.5,869.5,860.1,191.0,192.7,195.3,197.0,4.78,82.6,5.305,5554.2,860.7,868.7,871.7,861.7,190.9,192.3,195.4,196.4,4.78,82.1,5.224,12.1,1.173,0,nominal,0,0.0,195.0,701983.7
16.4,takeoff_climb,96.54060066740823,456.06229143492766,30.553948832035594,5553.4,862.8,867.7,869.9,861.1,192.3,191.3,195.9,196.4,4.76,82.4,5.185,5553.2,860.6,868.6,871.6,861.6,191.0,192.4,195.5,196.5,4.78,82.2,5.223,12.0,1.172,0,nominal,0,0.0,195.0,701983.6
16.5,takeoff_climb,96.53170189098999,458.84315906562847,30.56952169076752,5550.2,861.1,867.0,872.2,862.4,191.5,192.1,195.8,196.0,4.8,81.4,5.23,5552.1,860.6,868.6,871.6,861.6,191.1,192.4,195.6,196.6,4.78,82.2,5.221,12.0,1.172,0,nominal,0,0.0,195.0,701983.5
16.6,takeoff_climb,96.52280311457174,461.6240266963292,30.585094549499445,5544.0,861.4,869.3,872.8,860.2,191.6,192.9,195.8,197.0,4.81,82.3,5.22,5551.0,860.6,868.6,871.6,861.6,191.2,192.5,195.7,196.7,4.78,82.2,5.22,12.0,1.172,0,nominal,0,0.0,195.0,701983.4
16.7,takeoff_climb,96.51390433815351,464.40489432703,30.600667408231367,5561.6,859.1,870.3,869.7,860.7,192.1,192.4,196.2,197.1,4.78,81.9,5.246,5550.0,860.6,868.6,871.6,861.6,191.2,192.6,195.8,196.8,4.78,82.2,5.218,12.0,1.171,0,nominal,0,0.0,195.0,701983.3
16.8,takeoff_climb,96.50500556173526,467.1857619577308,30.616240266963292,5541.2,861.5,868.3,871.5,864.0,191.9,191.9,196.0,196.8,4.78,82.1,5.234,5548.9,860.6,868.6,871.6,861.6,191.3,192.7,195.8,196.8,4.78,82.2,5.216,12.0,1.171,0,nominal,0,0.0,195.0,701983.2
16.9,takeoff_climb,96.49610678531702,469.96662958843154,30.631813125695217,5547.1,861.4,868.9,871.1,862.9,192.4,192.7,196.9,196.7,4.76,82.2,5.202,5547.8,860.6,868.6,871.6,861.6,191.4,192.8,195.9,196.9,4.78,82.2,5.215,11.9,1.171,0,nominal,0,0.0,195.0,701983.1
17.0,takeoff_climb,96.48720800889878,472.74749721913236,30.647385984427142,5545.5,862.0,869.5,871.5,860.5,191.2,192.8,195.1,195.6,4.76,82.4,5.211,5546.8,860.6,868.6,871.6,861.6,191.5,192.9,196.0,197.0,4.78,82.3,5.213,11.9,1.17,0,nominal,0,0.0,195.0,701983.0
17.1,takeoff_climb,96.47830923248054,475.5283648498331,30.662958843159064,5557.4,861.1,868.0,873.4,861.8,192.1,193.4,195.3,196.8,4.78,81.6,5.225,5545.7,860.6,868.6,871.6,861.6,191.6,192.9,196.1,197.1,4.78,82.3,5.212,11.9,1.17,0,nominal,0,0.0,195.0,701982.9
17.2,takeoff_climb,96.46941045606229,478.3092324805339,30.67853170189099,5536.7,860.3,867.4,873.2,862.4,191.4,192.1,196.6,197.0,4.76,82.4,5.229,5544.7,860.6,868.6,871.6,861.6,191.6,193.0,196.2,197.2,4.78,82.3,5.21,11.9,1.17,0,nominal,0,0.0,195.0,701982.8
17.3,takeoff_climb,96.46051167964404,481.0901001112347,30.694104560622915,5543.5,859.6,868.6,872.6,864.1,190.3,193.5,195.6,197.8,4.75,81.2,5.215,5543.6,860.6,868.6,871.6,861.6,191.7,193.1,196.3,197.3,4.78,82.3,5.208,11.9,1.169,0,nominal,0,0.0,195.0,701982.7
17.4,takeoff_climb,96.45161290322581,483.87096774193543,30.70967741935484,5532.7,858.3,871.6,869.4,860.7,191.2,192.8,196.1,196.8,4.77,82.2,5.241,5542.5,860.6,868.6,871.6,861.6,191.8,193.2,196.3,197.3,4.78,82.3,5.207,11.9,1.169,0,nominal,0,0.0,195.0,701982.6
17.5,takeoff_climb,96.44271412680756,486.65183537263624,30.72525027808676,5552.0,860.1,869.6,873.1,860.0,191.2,195.3,197.4,197.4,4.78,82.0,5.212,5541.5,860.6,868.6,871.6,861.6,191.9,193.3,196.4,197.4,4.78,82.3,5.205,11.8,1.169,0,nominal,0,0.0,195.0,701982.5
17.6,takeoff_climb,96.43381535038932,489.432703003337,30.740823136818687,5542.6,858.8,867.2,868.9,861.4,192.5,192.7,195.9,196.4,4.74,82.9,5.157,5540.4,860.6,868.6,871.6,861.6,192.0,193.3,196.5,197.5,4.78,82.3,5.203,11.8,1.168,0,nominal,0,0.0,195.0,701982.4
17.7,takeoff_climb,96.42491657397107,492.2135706340378,30.756395995550612,5538.2,859.1,870.7,875.5,862.6,192.3,193.5,195.3,197.5,4.75,82.7,5.168,5539.3,860.6,868.6,871.6,861.6,192.0,193.4,196.6,197.6,4.78,82.3,5.202,11.8,1.168,0,nominal,0,0.0,195.0,701982.3
17.8,takeoff_climb,96.41601779755284,494.99443826473856,30.771968854282537,5534.8,859.7,870.4,872.2,864.7,192.4,193.6,196.3,196.2,4.77,83.2,5.214,5538.3,860.6,868.6,871.6,861.6,192.1,193.5,196.7,197.7,4.78,82.4,5.2,11.8,1.168,0,nominal,0,0.0,195.0,701982.2
17.9,takeoff_climb,96.40711902113459,497.7753058954394,30.78754171301446,5538.8,859.0,869.2,872.4,863.0,193.8,192.6,196.0,197.9,4.71,82.5,5.148,5537.2,860.6,868.5,871.5,861.6,192.2,193.6,196.7,197.7,4.78,82.4,5.199,11.8,1.168,0,nominal,0,0.0,195.0,701982.1
18.0,takeoff_climb,96.39822024471636,500.5561735261401,30.803114571746384,5530.3,864.6,867.4,872.4,860.5,191.8,193.1,197.2,198.2,4.78,83.5,5.22,5536.1,860.5,868.5,871.5,861.5,192.3,193.6,196.8,197.8,4.77,82.4,5.197,11.7,1.167,0,nominal,0,0.0,195.0,701982.0
18.1,takeoff_climb,96.3893214682981,503.3370411568409,30.81868743047831,5531.6,859.4,866.6,872.3,861.7,190.9,195.0,196.2,197.9,4.8,82.6,5.179,5535.1,860.5,868.5,871.5,861.5,192.3,193.7,196.9,197.9,4.77,82.4,5.195,11.7,1.167,0,nominal,0,0.0,194.99,701981.9
18.2,takeoff_climb,96.38042269187987,506.1179087875417,30.834260289210235,5532.6,859.2,868.1,872.3,862.2,193.3,193.3,197.9,197.1,4.82,82.2,5.235,5534.0,860.5,868.5,871.5,861.5,192.4,193.8,197.0,198.0,4.77,82.4,5.194,11.7,1.167,0,nominal,0,0.0,194.99,701981.8
18.3,takeoff_climb,96.37152391546162,508.89877641824245,30.849833147942157,5540.2,860.5,869.5,869.8,862.9,193.3,193.1,196.7,199.1,4.75,82.3,5.159,5532.9,860.5,868.5,871.5,861.5,192.5,193.9,197.0,198.0,4.77,82.4,5.192,11.7,1.166,0,nominal,0,0.0,194.99,701981.7
18.4,takeoff_climb,96.36262513904339,511.67964404894326,30.865406006674082,5526.5,860.4,871.5,870.2,862.4,193.1,193.5,196.5,199.0,4.81,82.3,5.286,5531.9,860.5,868.5,871.5,861.5,192.5,193.9,197.1,198.1,4.77,82.4,5.19,11.7,1.166,0,nominal,0,0.0,194.99,701981.6
18.5,takeoff_climb,96.35372636262514,514.460511679644,30.880978865406007,5527.9,860.5,868.2,870.4,861.4,192.6,194.6,196.8,197.6,4.78,82.4,5.179,5530.8,860.5,868.5,871.5,861.5,192.6,194.0,197.2,198.2,4.77,82.5,5.189,11.7,1.166,0,nominal,0,0.0,194.99,701981.5
18.6,takeoff_climb,96.34482758620689,517.2413793103448,30.896551724137932,5525.7,863.9,867.3,872.2,861.1,193.1,194.4,197.5,198.0,4.76,82.6,5.18,5529.8,860.5,868.5,871.5,861.5,192.7,194.1,197.3,198.3,4.77,82.5,5.187,11.6,1.165,0,nominal,0,0.0,194.99,701981.4
18.7,takeoff_climb,96.33592880978865,520.0222469410455,30.912124582869854,5529.6,860.5,869.0,870.9,861.0,192.6,195.0,197.6,198.3,4.75,82.7,5.218,5528.7,860.5,868.5,871.5,861.5,192.8,194.1,197.3,198.3,4.77,82.5,5.186,11.6,1.165,0,nominal,0,0.0,194.99,701981.3
18.8,takeoff_climb,96.3270300333704,522.8031145717464,30.92769744160178,5518.6,858.9,868.7,872.5,861.7,193.1,193.2,198.0,199.3,4.77,83.0,5.191,5527.6,860.5,868.5,871.5,861.5,192.8,194.2,197.4,198.4,4.77,82.5,5.184,11.6,1.165,0,nominal,0,0.0,194.99,701981.2
18.9,takeoff_climb,96.31813125695217,525.5839822024471,30.943270300333705,5526.3,859.3,868.6,869.7,862.3,192.7,194.4,198.1,198.9,4.74,82.1,5.257,5526.6,860.5,868.5,871.5,861.5,192.9,194.3,197.5,198.5,4.77,82.5,5.182,11.6,1.164,0,nominal,0,0.0,194.99,701981.1
19.0,takeoff_climb,96.30923248053392,528.3648498331479,30.95884315906563,5522.2,862.7,867.8,869.8,860.4,192.7,193.9,197.7,199.7,4.77,82.2,5.131,5525.5,860.5,868.5,871.5,861.5,193.0,194.4,197.6,198.6,4.77,82.5,5.181,11.6,1.164,0,nominal,0,0.0,194.99,701981.0
19.1,takeoff_climb,96.30033370411569,531.1457174638487,30.97441601779755,5526.5,861.5,869.2,872.8,860.4,192.8,196.0,198.4,198.4,4.81,82.6,5.187,5524.5,860.5,868.5,871.5,861.5,193.0,194.4,197.6,198.6,4.77,82.5,5.179,11.5,1.164,0,nominal,0,0.0,194.99,701980.9
19.2,takeoff_climb,96.29143492769744,533.9265850945494,30.989988876529477,5526.5,862.3,870.0,871.3,859.8,192.9,195.6,197.4,198.2,4.77,82.7,5.178,5523.4,860.5,868.5,871.5,861.5,193.1,194.5,197.7,198.7,4.77,82.5,5.178,11.5,1.163,0,nominal,0,0.0,194.99,701980.8
19.3,takeoff_climb,96.2825361512792,536.7074527252503,31.005561735261402,5517.9,863.0,868.3,872.0,860.5,193.2,194.1,197.9,198.9,4.76,81.8,5.184,5522.3,860.5,868.5,871.5,861.5,193.2,194.6,197.8,198.8,4.77,82.5,5.176,11.5,1.163,0,nominal,0,0.0,194.99,701980.7
19.4,takeoff_climb,96.27363737486095,539.488320355951,31.021134593993324,5524.9,860.3,870.4,871.9,860.5,193.4,196.0,198.1,198.2,4.75,83.3,5.155,5521.3,860.4,868.4,871.4,861.4,193.2,194.6,197.8,198.8,4.77,82.6,5.174,11.5,1.163,0,nominal,0,0.0,194.99,701980.6
19.5,takeoff_climb,96.26473859844272,542.2691879866518,31.03670745272525,5527.5,860.4,869.9,871.0,860.1,192.7,194.1,198.0,199.6,4.78,83.0,5.259,5520.2,860.4,868.4,871.4,861.4,193.3,194.7,197.9,198.9,4.77,82.6,5.173,11.5,1.162,0,nominal,0,0.0,194.99,701980.5
19.6,takeoff_climb,96.25583982202447,545.0500556173525,31.052280311457174,5518.1,860.4,868.2,871.3,862.7,192.8,194.0,198.4,198.9,4.79,82.9,5.161,5519.2,860.4,868.4,871.4,861.4,193.3,194.8,198.0,199.0,4.77,82.6,5.171,11.5,1.162,0,nominal,0,0.0,194.99,701980.4
19.7,takeoff_climb,96.24694104560623,547.8309232480534,31.0678531701891,5525.0,861.8,868.2,872.2,863.5,194.7,194.7,197.7,198.6,4.77,82.6,5.188,5518.1,860.4,868.4,871.4,861.4,193.4,194.8,198.0,199.0,4.77,82.6,5.17,11.4,1.162,0,nominal,0,0.0,194.99,701980.3
19.8,takeoff_climb,96.23804226918799,550.6117908787542,31.083426028921025,5524.9,861.7,868.6,872.4,861.3,194.4,195.7,197.9,199.6,4.77,82.7,5.19,5517.0,860.4,868.4,871.4,861.4,193.5,194.9,198.1,199.1,4.77,82.6,5.168,11.4,1.162,0,nominal,0,0.0,194.99,701980.2
19.9,takeoff_climb,96.22914349276975,553.3926585094549,31.098998887652947,5519.4,861.1,870.6,870.5,866.0,194.3,194.5,197.6,199.7,4.81,82.1,5.168,5516.0,860.4,868.4,871.4,861.4,193.5,194.9,198.2,199.2,4.77,82.6,5.166,11.4,1.161,0,nominal,0,0.0,194.99,701980.1
20.0,takeoff_climb,96.2202447163515,556.1735261401557,31.114571746384872,5518.1,859.6,868.5,873.8,860.7,193.3,195.8,198.0,199.7,4.78,82.2,5.169,5514.9,860.4,868.4,871.4,861.4,193.6,195.0,198.2,199.2,4.77,82.6,5.165,11.4,1.161,0,nominal,0,0.0,194.99,701980.0
20.1,takeoff_climb,96.21134593993325,558.9543937708564,31.130144605116797,5521.5,859.3,869.0,871.4,859.9,193.4,195.1,199.7,199.5,4.77,82.6,5.129,5513.9,860.4,868.4,871.4,861.4,193.7,195.1,198.3,199.3,4.77,82.6,5.163,11.4,1.161,0,nominal,0,0.0,194.99,701979.9
20.2,takeoff_climb,96.20244716351502,561.7352614015573,31.14571746384872,5512.5,862.0,867.8,872.8,859.7,193.9,194.4,198.2,198.8,4.79,82.2,5.178,5512.8,860.4,868.4,871.4,861.4,193.7,195.1,198.4,199.4,4.77,82.6,5.162,11.3,1.16,0,nominal,0,0.0,194.99,701979.8
20.3,takeoff_climb,96.19354838709677,564.516129032258,31.161290322580644,5521.9,858.3,868.3,874.4,861.2,194.0,195.1,198.2,199.5,4.76,82.3,5.173,5511.7,860.4,868.4,871.4,861.4,193.8,195.2,198.4,199.4,4.77,82.7,5.16,11.3,1.16,0,nominal,0,0.0,194.99,701979.7
20.4,takeoff_climb,96.18464961067853,567.2969966629588,31.17686318131257,5511.7,860.2,868.2,870.1,860.0,192.9,195.5,198.9,199.8,4.79,82.2,5.128,5510.7,860.4,868.4,871.4,861.4,193.8,195.2,198.5,199.5,4.77,82.7,5.158,11.3,1.16,0,nominal,0,0.0,194.99,701979.6
20.5,takeoff_climb,96.17575083426028,570.0778642936596,31.192436040044495,5509.3,858.1,867.2,868.7,860.2,193.3,195.9,198.7,201.2,4.74,82.8,5.167,5509.6,860.4,868.4,871.4,861.4,193.9,195.3,198.5,199.5,4.77,82.7,5.157,11.3,1.159,0,nominal,0,0.0,194.99,701979.5
20.6,takeoff_climb,96.16685205784205,572.8587319243603,31.20800889877642,5508.6,859.1,867.5,870.2,860.6,194.5,194.8,198.6,199.7,4.76,83.2,5.133,5508.6,860.4,868.4,871.4,861.4,194.0,195.4,198.6,199.6,4.77,82.7,5.155,11.3,1.159,0,nominal,0,0.0,194.99,701979.4
20.7,takeoff_climb,96.1579532814238,575.6395995550612,31.22358175750834,5511.5,859.5,865.6,873.6,861.2,194.7,195.2,197.9,198.3,4.76,82.3,5.193,5507.5,860.4,868.4,871.4,861.4,194.0,195.4,198.7,199.7,4.77,82.7,5.154,11.3,1.159,0,nominal,0,0.0,194.99,701979.3
20.8,takeoff_climb,96.14905450500557,578.4204671857619,31.239154616240267,5513.5,860.9,869.9,871.7,862.8,194.9,195.2,198.3,199.6,4.73,81.5,5.165,5506.4,860.3,868.3,871.3,861.3,194.1,195.5,198.7,199.7,4.77,82.7,5.152,11.2,1.158,0,nominal,0,0.0,194.99,701979.2
20.9,takeoff_climb,96.14015572858732,581.2013348164627,31.254727474972192,5508.5,860.7,867.0,871.8,859.6,193.7,195.1,199.0,200.2,4.79,83.7,5.172,5505.4,860.3,868.3,871.3,861.3,194.1,195.5,198.8,199.8,4.77,82.7,5.15,11.2,1.158,0,nominal,0,0.0,194.99,701979.1
21.0,takeoff_climb,96.13125695216908,583.9822024471634,31.270300333704114,5514.8,860.1,868.2,872.4,861.4,194.6,196.0,198.8,199.8,4.72,82.6,5.201,5504.3,860.3,868.3,871.3,861.3,194.2,195.6,198.8,199.8,4.77,82.7,5.149,11.2,1.158,0,nominal,0,0.0,194.99,701979.0
21.1,takeoff_climb,96.12235817575083,586.7630700778643,31.28587319243604,5509.1,860.0,866.0,870.7,863.5,193.7,194.8,198.6,200.0,4.8,83.1,5.075,5503.3,860.3,868.3,871.3,861.3,194.2,195.7,198.9,199.9,4.77,82.7,5.147,11.2,1.157,0,nominal,0,0.0,194.99,701978.9
21.2,takeoff_climb,96.1134593993326,589.5439377085651,31.301446051167964,5503.9,861.7,865.6,869.9,860.9,194.2,196.3,200.2,200.3,4.71,82.3,5.161,5502.2,860.3,868.3,871.3,861.3,194.3,195.7,199.0,200.0,4.76,82.8,5.146,11.2,1.157,0,nominal,0,0.0,194.99,701978.8
21.3,takeoff_climb,96.10456062291435,592.3248053392658,31.31701890989989,5496.6,860.4,867.8,871.3,864.3,193.6,195.8,198.4,200.8,4.73,82.8,5.168,5501.2,860.3,868.3,871.3,861.3,194.4,195.8,199.0,200.0,4.76,82.8,5.144,11.1,1.157,0,nominal,0,0.0,194.99,701978.7
21.4,takeoff_climb,96.09566184649611,595.1056729699666,31.332591768631815,5501.7,859.0,870.6,872.7,862.2,195.8,196.5,198.8,200.3,4.78,82.9,5.107,5500.1,860.3,868.3,871.3,861.3,194.4,195.8,199.1,200.1,4.76,82.8,5.142,11.1,1.157,0,nominal,0,0.0,194.99,701978.6
21.5,takeoff_climb,96.08676307007786,597.8865406006673,31.348164627363737,5506.6,858.4,868.9,870.1,860.6,195.1,196.1,198.4,200.2,4.76,83.0,5.158,5499.0,860.3,868.3,871.3,861.3,194.5,195.9,199.1,200.1,4.76,82.8,5.141,11.1,1.156,0,nominal,0,0.0,194.99,701978.5
21.6,takeoff_climb,96.07786429365962,600.6674082313682,31.363737486095662,5498.1,859.1,866.5,872.6,860.7,194.8,196.2,199.1,199.8,4.78,83.0,5.133,5498.0,860.3,868.3,871.3,861.3,194.5,195.9,199.2,200.2,4.76,82.8,5.139,11.1,1.156,0,nominal,0,0.0,194.99,701978.4
21.7,takeoff_climb,96.06896551724138,603.448275862069,31.379310344827587,5494.2,860.9,866.2,872.9,862.0,195.1,195.6,200.3,199.6,4.73,82.3,5.107,5496.9,860.3,868.3,871.3,861.3,194.6,196.0,199.2,200.2,4.76,82.8,5.138,11.1,1.156,0,nominal,0,0.0,194.99,701978.3
21.8,takeoff_climb,96.06006674082313,606.2291434927697,31.39488320355951,5496.9,860.4,868.2,869.8,860.8,195.5,197.0,199.1,200.1,4.77,82.9,5.119,5495.9,860.3,868.3,871.3,861.3,194.6,196.0,199.3,200.3,4.76,82.8,5.136,11.1,1.155,0,nominal,0,0.0,194.99,701978.2
21.9,takeoff_climb,96.0511679644049,609.0100111234705,31.410456062291434,5497.3,860.8,867.1,869.1,860.1,194.6,197.0,199.9,200.0,4.79,81.8,5.057,5494.8,860.3,868.3,871.3,861.3,194.7,196.1,199.4,200.4,4.76,82.8,5.134,11.0,1.155,0,nominal,0,0.0,194.99,701978.1
22.0,takeoff_climb,96.04226918798665,611.7908787541712,31.42602892102336,5496.5,858.9,866.7,871.3,863.6,193.9,196.9,198.9,200.8,4.84,82.7,5.098,5493.8,860.3,868.3,871.3,861.3,194.7,196.1,199.4,200.4,4.76,82.8,5.133,11.0,1.155,0,nominal,0,0.0,194.99,701978.0
22.1,takeoff_climb,96.03337041156841,614.5717463848721,31.441601779755285,5500.3,861.4,868.0,872.1,861.1,195.1,195.8,199.4,200.9,4.76,82.9,5.109,5492.7,860.3,868.3,871.3,861.3,194.8,196.2,199.5,200.5,4.76,82.8,5.131,11.0,1.154,0,nominal,0,0.0,194.99,701977.9
22.2,takeoff_climb,96.02447163515016,617.3526140155728,31.457174638487206,5491.1,856.1,867.9,869.5,861.6,194.7,195.8,199.8,199.9,4.81,82.7,5.12,5491.7,860.2,868.2,871.2,861.2,194.8,196.2,199.5,200.5,4.76,82.8,5.13,11.0,1.154,0,nominal,0,0.0,194.99,701977.8
22.3,takeoff_climb,96.01557285873193,620.1334816462736,31.47274749721913,5473.9,859.6,869.8,868.9,862.1,194.2,195.6,199.8,200.5,4.75,83.2,5.12,5490.6,860.2,868.2,871.2,861.2,194.9,196.3,199.6,200.6,4.76,82.9,5.128,11.0,1.154,0,nominal,0,0.0,194.99,701977.7
22.4,takeoff_climb,96.00667408231368,622.9143492769743,31.488320355951057,5491.6,862.5,868.4,869.3,861.6,195.6,197.3,199.8,200.1,4.81,82.9,5.113,5489.6,860.2,868.2,871.2,861.2,194.9,196.3,199.6,200.6,4.76,82.9,5.126,11.0,1.153,0,nominal,0,0.0,194.99,701977.6
22.5,takeoff_climb,95.99777530589544,625.6952169076751,31.503893214682982,5489.3,860.6,867.4,871.7,863.4,194.3,196.3,199.2,200.6,4.75,83.7,5.18,5488.5,860.2,868.2,871.2,861.2,195.0,196.4,199.7,200.7,4.76,82.9,5.125,10.9,1.153,0,nominal,0,0.0,194.99,701977.5
22.6,takeoff_climb,95.9888765294772,628.476084538376,31.519466073414904,5491.9,859.9,866.2,870.8,861.1,194.7,195.6,199.2,201.6,4.76,82.4,5.094,5487.4,860.2,868.2,871.2,861.2,195.0,196.4,199.7,200.7,4.76,82.9,5.123,10.9,1.153,0,nominal,0,0.0,194.99,701977.4
22.7,takeoff_climb,95.97997775305896,631.2569521690767,31.53503893214683,5478.6,861.8,867.3,871.0,860.8,194.5,197.6,199.6,200.2,4.78,82.7,5.127,5486.4,860.2,868.2,871.2,861.2,195.1,196.5,199.8,200.8,4.76,82.9,5.122,10.9,1.152,0,nominal,0,0.0,194.99,701977.3
22.8,takeoff_climb,95.97107897664071,634.0378197997775,31.550611790878754,5486.9,860.6,864.3,869.8,860.1,194.7,197.0,199.3,200.8,4.76,82.4,5.148,5485.3,860.2,868.2,871.2,861.2,195.1,196.5,199.8,200.8,4.76,82.9,5.12,10.9,1.152,0,nominal,0,0.0,194.99,701977.2
22.9,takeoff_climb,95.96218020022246,636.8186874304782,31.56618464961068,5475.4,861.3,869.4,871.7,859.7,194.9,197.3,199.5,201.2,4.78,82.7,5.178,5484.3,860.2,868.2,871.2,861.2,195.2,196.6,199.9,200.9,4.76,82.9,5.118,10.9,1.152,0,nominal,0,0.0,194.99,701977.1
23.0,takeoff_climb,95.95328142380423,639.5995550611791,31.5817575083426,5487.3,861.9,866.4,871.4,863.7,195.3,196.8,199.9,201.0,4.79,83.2,5.145,5483.2,860.2,868.2,871.2,861.2,195.2,196.6,199.9,200.9,4.76,82.9,5.117,10.8,1.152,0,nominal,0,0.0,194.99,701977.0
23.1,takeoff_climb,95.94438264738598,642.3804226918799,31.597330367074527,5489.1,861.1,867.8,871.4,861.4,195.2,195.9,199.7,200.8,4.75,81.8,5.109,5482.2,860.2,868.2,871.2,861.2,195.3,196.7,200.0,201.0,4.76,82.9,5.115,10.8,1.151,0,nominal,0,0.0,194.99,701976.9
23.2,takeoff_climb,95.93548387096774,645.1612903225806,31.612903225806452,5476.8,859.1,867.5,874.4,861.3,194.9,196.2,198.4,201.8,4.79,83.1,5.09,5481.1,860.2,868.2,871.2,861.2,195.3,196.7,200.0,201.0,4.76,82.9,5.114,10.8,1.151,0,nominal,0,0.0,194.99,701976.8
23.3,takeoff_climb,95.9265850945495,647.9421579532814,31.628476084538377,5480.2,860.6,868.4,870.9,860.5,196.5,198.0,201.1,201.4,4.75,82.8,5.11,5480.1,860.2,868.2,871.2,861.2,195.4,196.8,200.1,201.1,4.76,82.9,5.112,10.8,1.151,0,nominal,0,0.0,194.99,701976.7
23.4,takeoff_climb,95.91768631813126,650.7230255839821,31.6440489432703,5472.3,859.2,869.3,871.5,860.2,195.3,197.2,199.7,200.9,4.74,82.9,5.102,5479.0,860.2,868.2,871.2,861.2,195.4,196.8,200.1,201.1,4.76,82.9,5.11,10.8,1.15,0,nominal,0,0.0,194.99,701976.6
23.5,takeoff_climb,95.90878754171301,653.503893214683,31.659621802002224,5486.0,862.2,870.1,869.4,863.3,195.9,197.5,200.4,202.0,4.74,83.0,5.075,5478.0,860.2,868.2,871.2,861.2,195.4,196.9,200.2,201.2,4.76,82.9,5.109,10.8,1.15,0,nominal,0,0.0,194.99,701976.5
23.6,takeoff_climb,95.89988876529478,656.2847608453837,31.67519466073415,5473.4,860.8,866.1,870.6,863.0,194.8,197.8,200.8,201.2,4.75,82.5,5.089,5476.9,860.1,868.1,871.1,861.1,195.5,196.9,200.2,201.2,4.76,83.0,5.107,10.7,1.15,0,nominal,0,0.0,194.99,701976.4
23.7,takeoff_climb,95.89098998887653,659.0656284760845,31.690767519466075,5469.9,859.1,867.5,872.0,859.3,195.0,197.6,201.1,201.3,4.75,83.1,5.128,5475.9,860.1,868.1,871.1,861.1,195.5,197.0,200.3,201.3,4.76,83.0,5.106,10.7,1.149,0,nominal,0,0.0,194.99,701976.3
23.8,takeoff_climb,95.88209121245829,661.8464961067853,31.706340378197996,5474.4,859.0,867.0,870.5,859.4,195.3,197.1,200.1,201.4,4.74,82.5,5.096,5474.8,860.1,868.1,871.1,861.1,195.6,197.0,200.3,201.3,4.76,83.0,5.104,10.7,1.149,0,nominal,0,0.0,194.99,701976.2
23.9,takeoff_climb,95.87319243604004,664.627363737486,31.72191323692992,5464.8,859.0,867.5,871.6,861.4,194.7,196.5,201.4,201.3,4.74,83.3,5.135,5473.8,860.1,868.1,871.1,861.1,195.6,197.1,200.3,201.3,4.76,83.0,5.102,10.7,1.149,0,nominal,0,0.0,194.99,701976.1
24.0,takeoff_climb,95.86429365962181,667.4082313681869,31.737486095661847,5471.1,861.5,867.2,872.9,861.9,195.1,197.2,199.5,201.6,4.79,82.4,5.14,5472.7,860.1,868.1,871.1,861.1,195.7,197.1,200.4,201.4,4.76,83.0,5.101,10.7,1.148,0,nominal,0,0.0,194.99,701976.0
24.1,takeoff_climb,95.85539488320356,670.1890989988876,31.753058954393772,5471.6,860.8,868.0,870.9,859.8,195.2,197.7,199.5,201.8,4.75,82.4,5.086,5471.7,860.1,868.1,871.1,861.1,195.7,197.1,200.4,201.4,4.76,83.0,5.099,10.6,1.148,0,nominal,0,0.0,194.99,701975.9
24.2,takeoff_climb,95.84649610678532,672.9699666295884,31.768631813125694,5471.5,859.1,868.8,874.6,862.1,195.2,198.7,201.1,201.7,4.77,82.5,5.156,5470.6,860.1,868.1,871.1,861.1,195.7,197.2,200.5,201.5,4.76,83.0,5.098,10.6,1.148,0,nominal,0,0.0,194.99,701975.8
24.3,takeoff_climb,95.83759733036707,675.7508342602891,31.78420467185762,5470.5,860.8,867.2,870.0,861.6,195.9,197.4,201.2,202.4,4.73,83.3,5.102,5469.6,860.1,868.1,871.1,861.1,195.8,197.2,200.5,201.5,4.76,83.0,5.096,10.6,1.147,0,nominal,0,0.0,194.99,701975.7
24.4,takeoff_climb,95.82869855394883,678.5317018909899,31.799777530589544,5468.5,858.4,867.9,873.8,860.2,196.2,197.6,200.2,202.6,4.7,83.1,5.086,5468.5,860.1,868.1,871.1,861.1,195.8,197.3,200.6,201.6,4.76,83.0,5.095,10.6,1.147,0,nominal,0,0.0,194.99,701975.6
24.5,takeoff_climb,95.81979977753059,681.3125695216908,31.815350389321466,5465.9,859.3,867.0,871.3,860.6,194.7,197.7,200.7,200.7,4.78,82.6,5.11,5467.5,860.1,868.1,871.1,861.1,195.9,197.3,200.6,201.6,4.76,83.0,5.093,10.6,1.147,0,nominal,0,0.0,194.99,701975.5
24.6,takeoff_climb,95.81090100111234,684.0934371523915,31.83092324805339,5459.8,863.5,868.2,872.0,863.5,195.5,196.9,199.7,202.6,4.77,83.6,5.111,5466.4,860.1,868.1,871.1,861.1,195.9,197.3,200.7,201.7,4.76,83.0,5.091,10.6,1.147,0,nominal,0,0.0,194.99,701975.4
24.7,takeoff_climb,95.8020022246941,686.8743047830923,31.846496106785317,5463.5,860.7,868.5,869.6,858.6,195.3,197.7,201.0,202.0,4.79,83.3,5.053,5465.4,860.1,868.1,871.1,861.1,196.0,197.4,200.7,201.7,4.76,83.0,5.09,10.5,1.146,0,nominal,0,0.0,194.99,701975.3
24.8,takeoff_climb,95.79310344827586,689.655172413793,31.862068965517242,5463.5,861.2,866.9,872.3,863.3,195.5,196.6,201.1,201.1,4.75,84.3,5.088,5464.3,860.1,868.1,871.1,861.1,196.0,197.4,200.7,201.7,4.76,83.0,5.088,10.5,1.146,0,nominal,0,0.0,194.99,701975.2
24.9,takeoff_climb,95.78420467185762,692.4360400444939,31.877641824249167,5469.9,858.3,866.6,869.8,862.7,195.2,197.1,199.9,201.3,4.73,82.4,5.114,5463.3,860.1,868.1,871.1,861.1,196.0,197.5,200.8,201.8,4.76,83.0,5.087,10.5,1.146,0,nominal,0,0.0,194.99,701975.1
25.0,takeoff_climb,95.77530589543937,695.2169076751946,31.89321468298109,5467.4,857.3,865.5,871.7,862.9,196.1,197.1,201.3,202.2,4.76,83.9,5.095,5462.2,860.0,868.0,871.0,861.0,196.1,197.5,200.8,201.8,4.76,83.0,5.085,10.5,1.145,0,nominal,0,0.0,194.99,701975.0
25.1,takeoff_climb,95.76640711902114,697.9977753058954,31.908787541713014,5467.9,859.0,868.9,870.6,859.9,195.1,197.1,201.4,201.4,4.75,82.8,5.101,5461.2,860.0,868.0,871.0,861.0,196.1,197.5,200.9,201.9,4.75,83.1,5.083,10.5,1.145,0,nominal,0,0.0,194.99,701974.9
25.2,takeoff_climb,95.75750834260289,700.7786429365962,31.92436040044494,5460.4,861.6,868.3,871.6,862.2,197.0,198.1,200.6,201.7,4.74,83.7,5.06,5460.1,860.0,868.0,871.0,861.0,196.1,197.6,200.9,201.9,4.75,83.1,5.082,10.4,1.145,0,nominal,0,0.0,194.99,701974.8
25.3,takeoff_climb,95.74860956618465,703.5595105672969,31.93993325917686,5466.6,860.2,868.7,868.2,862.2,195.6,196.8,201.8,201.0,4.74,82.6,5.141,5459.1,860.0,868.0,871.0,861.0,196.2,197.6,200.9,201.9,4.75,83.1,5.08,10.4,1.144,0,nominal,0,0.0,194.99,701974.7
25.4,takeoff_climb,95.7397107897664,706.3403781979978,31.955506117908786,5455.7,860.9,869.4,869.9,864.4,197.6,196.9,201.3,202.3,4.78,83.0,5.078,5458.0,860.0,868.0,871.0,861.0,196.2,197.7,201.0,202.0,4.75,83.1,5.079,10.4,1.144,0,nominal,0,0.0,194.99,701974.6
25.5,takeoff_climb,95.73081201334817,709.1212458286985,31.97107897664071,5450.8,859.9,866.7,873.3,861.1,196.9,197.6,200.5,201.4,4.75,83.1,5.097,5457.0,860.0,868.0,871.0,861.0,196.3,197.7,201.0,202.0,4.75,83.1,5.077,10.4,1.144,0,nominal,0,0.0,194.99,701974.5
25.6,takeoff_climb,95.72191323692992,711.9021134593993,31.986651835372637,5469.3,861.8,870.4,869.7,862.0,196.5,197.5,200.8,201.3,4.73,82.3,5.062,5455.9,860.0,868.0,871.0,861.0,196.3,197.7,201.1,202.1,4.75,83.1,5.076,10.4,1.143,0,nominal,0,0.0,194.99,701974.4
25.7,takeoff_climb,95.71301446051169,714.6829810901,32.00222469410456,5453.6,861.3,866.4,870.9,860.4,196.9,197.9,201.9,201.8,4.76,82.8,5.033,5454.9,860.0,868.0,871.0,861.0,196.3,197.8,201.1,202.1,4.75,83.1,5.074,10.4,1.143,0,nominal,0,0.0,194.99,701974.3
25.8,takeoff_climb,95.70411568409344,717.4638487208008,32.017797552836484,5449.4,859.7,867.6,870.9,860.7,196.8,198.0,200.6,200.8,4.74,83.6,5.089,5453.8,860.0,868.0,871.0,861.0,196.4,197.8,201.1,202.1,4.75,83.1,5.072,10.3,1.143,0,nominal,0,0.0,194.99,701974.2
25.9,takeoff_climb,95.69521690767519,720.2447163515017,32.03337041156841,5458.1,861.7,867.7,872.3,857.2,196.0,198.5,201.0,202.0,4.76,83.6,5.062,5452.8,860.0,868.0,871.0,861.0,196.4,197.8,201.2,202.2,4.75,83.1,5.071,10.3,1.143,0,nominal,0,0.0,194.99,701974.1
26.0,takeoff_climb,95.68631813125695,723.0255839822024,32.048943270300335,5444.9,859.5,867.8,872.0,860.1,197.0,197.4,201.0,202.5,4.74,82.6,5.111,5451.7,860.0,868.0,871.0,861.0,196.4,197.9,201.2,202.2,4.75,83.1,5.069,10.3,1.142,0,nominal,0,0.0,194.99,701974.0
26.1,takeoff_climb,95.6774193548387,725.8064516129032,32.064516129032256,5450.3,859.2,868.0,870.9,860.6,196.6,197.4,201.0,201.9,4.73,83.3,5.059,5450.7,860.0,868.0,871.0,861.0,196.5,197.9,201.3,202.3,4.75,83.1,5.068,10.3,1.142,0,nominal,0,0.0,194.99,701973.9
26.2,takeoff_climb,95.66852057842047,728.5873192436039,32.080088987764185,5450.1,859.3,868.6,873.0,861.7,196.3,198.4,201.2,202.0,4.75,83.1,5.044,5449.6,860.0,868.0,871.0,861.0,196.5,198.0,201.3,202.3,4.75,83.1,5.066,10.3,1.142,0,nominal,0,0.0,194.99,701973.8
26.3,takeoff_climb,95.65962180200222,731.3681868743047,32.09566184649611,5451.1,859.8,867.5,871.7,861.9,195.7,197.6,200.7,201.8,4.76,82.4,5.062,5448.6,860.0,868.0,871.0,861.0,196.5,198.0,201.3,202.3,4.75,83.1,5.065,10.2,1.141,0,nominal,0,0.0,194.99,701973.7
26.4,takeoff_climb,95.65072302558399,734.1490545050056,32.11123470522803,5447.9,860.2,867.2,871.1,862.4,196.1,198.4,201.9,202.8,4.81,82.6,5.052,5447.6,859.9,867.9,870.9,860.9,196.6,198.0,201.4,202.4,4.75,83.1,5.063,10.2,1.141,0,nominal,0,0.0,194.99,701973.6
26.5,takeoff_climb,95.64182424916574,736.9299221357063,32.12680756395996,5447.9,860.3,870.2,872.4,860.2,196.9,197.9,201.0,201.3,4.75,82.8,5.091,5446.5,859.9,867.9,870.9,860.9,196.6,198.1,201.4,202.4,4.75,83.1,5.061,10.2,1.141,0,nominal,0,0.0,194.99,701973.5
26.6,takeoff_climb,95.6329254727475,739.7107897664071,32.14238042269188,5439.8,860.7,867.2,871.4,859.0,196.1,199.0,201.7,203.3,4.73,83.6,5.054,5445.5,859.9,867.9,870.9,860.9,196.6,198.1,201.4,202.4,4.75,83.1,5.06,10.2,1.14,0,nominal,0,0.0,194.99,701973.4
26.7,takeoff_climb,95.62402669632925,742.4916573971078,32.1579532814238,5442.8,857.7,867.3,870.3,858.7,197.1,199.2,201.5,202.0,4.72,83.6,5.028,5444.4,859.9,867.9,870.9,860.9,196.7,198.1,201.5,202.5,4.75,83.1,5.058,10.2,1.14,0,nominal,0,0.0,194.99,701973.3
26.8,takeoff_climb,95.61512791991102,745.2725250278087,32.17352614015573,5447.2,861.8,867.0,870.5,862.7,195.8,198.8,200.8,201.2,4.72,83.5,5.093,5443.4,859.9,867.9,870.9,860.9,196.7,198.2,201.5,202.5,4.75,83.1,5.057,10.2,1.14,0,nominal,0,0.0,194.99,701973.2
26.9,takeoff_climb,95.60622914349277,748.0533926585094,32.18909899888765,5446.6,857.4,870.5,871.4,860.8,196.6,198.1,202.1,203.3,4.71,83.4,5.073,5442.3,859.9,867.9,870.9,860.9,196.7,198.2,201.5,202.5,4.75,83.1,5.055,10.1,1.139,0,nominal,0,0.0,194.99,701973.1
27.0,takeoff_climb,95.59733036707453,750.8342602892102,32.20467185761958,5451.4,860.0,866.8,874.8,862.5,197.3,197.8,201.5,201.6,4.69,82.2,5.05,5441.3,859.9,867.9,870.9,860.9,196.8,198.2,201.6,202.6,4.75,83.1,5.054,10.1,1.139,0,nominal,0,0.0,194.99,701973.0
27.1,takeoff_climb,95.58843159065628,753.615127919911,32.2202447163515,5442.6,860.3,866.8,870.8,860.9,196.8,198.6,201.5,202.9,4.72,82.7,4.993,5440.2,859.9,867.9,870.9,860.9,196.8,198.3,201.6,202.6,4.75,83.2,5.052,10.1,1.139,0,nominal,0,0.0,194.99,701972.9
27.2,takeoff_climb,95.57953281423804,756.3959955506117,32.23581757508342,5432.6,858.9,869.1,873.0,860.5,197.4,197.4,203.2,203.5,4.72,82.9,5.069,5439.2,859.9,867.9,870.9,860.9,196.8,198.3,201.6,202.6,4.75,83.2,5.05,10.1,1.138,0,nominal,0,0.0,194.99,701972.8
27.3,takeoff_climb,95.5706340378198,759.1768631813126,32.25139043381535,5448.2,859.1,867.8,872.5,863.4,196.7,199.2,201.9,203.3,4.77,83.0,5.053,5438.2,859.9,867.9,870.9,860.9,196.9,198.3,201.7,202.7,4.75,83.2,5.049,10.1,1.138,0,nominal,0,0.0,194.99,701972.7
27.4,takeoff_climb,95.56173526140155,761.9577308120133,32.266963292547274,5440.5,859.7,869.3,871.1,861.7,198.1,197.2,202.2,201.9,4.72,83.2,5.009,5437.1,859.9,867.9,870.9,860.9,196.9,198.4,201.7,202.7,4.75,83.2,5.047,10.0,1.138,0,nominal,0,0.0,194.99,701972.6
27.5,takeoff_climb,95.55283648498332,764.7385984427141,32.2825361512792,5444.3,858.4,867.9,871.3,862.7,198.1,198.0,201.6,202.6,4.69,83.2,5.084,5436.1,859.9,867.9,870.9,860.9,196.9,198.4,201.7,202.7,4.75,83.2,5.046,10.0,1.138,0,nominal,0,0.0,194.99,701972.5
27.6,takeoff_climb,95.54393770856507,767.5194660734148,32.298109010011125,5431.7,861.6,865.2,870.1,857.2,197.2,198.6,200.6,203.2,4.74,83.3,5.005,5435.0,859.9,867.9,870.9,860.9,197.0,198.4,201.8,202.8,4.75,83.2,5.044,10.0,1.137,0,nominal,0,0.0,194.99,701972.4
27.7,takeoff_climb,95.53503893214683,770.3003337041156,32.313681868743046,5440.1,858.0,865.5,871.0,862.1,197.5,198.9,201.5,202.4,4.73,83.1,5.062,5434.0,859.9,867.9,870.9,860.9,197.0,198.4,201.8,202.8,4.75,83.2,5.043,10.0,1.137,0,nominal,0,0.0,194.99,701972.3
27.8,takeoff_climb,95.52614015572858,773.0812013348165,32.329254727474975,5446.2,861.8,868.3,869.9,860.8,197.5,198.8,201.4,201.7,4.73,82.8,5.045,5432.9,859.8,867.8,870.8,860.8,197.0,198.5,201.8,202.8,4.75,83.2,5.041,10.0,1.137,0,nominal,0,0.0,194.99,701972.2
27.9,takeoff_climb,95.51724137931035,775.8620689655172,32.3448275862069,5434.2,860.9,867.9,869.0,861.2,196.3,198.3,201.2,201.9,4.75,83.0,5.061,5431.9,859.8,867.8,870.8,860.8,197.1,198.5,201.9,202.9,4.75,83.2,5.039,10.0,1.136,0,nominal,0,0.0,194.99,701972.1
28.0,takeoff_climb,95.5083426028921,778.642936596218,32.36040044493882,5438.7,862.1,870.4,871.1,860.2,197.1,197.7,201.7,203.1,4.72,83.1,5.051,5430.9,859.8,867.8,870.8,860.8,197.1,198.5,201.9,202.9,4.75,83.2,5.038,9.9,1.136,0,nominal,0,0.0,194.99,701972.0
28.1,takeoff_climb,95.49944382647386,781.4238042269187,32.37597330367075,5438.5,857.7,868.9,871.2,859.1,196.5,198.0,202.5,202.2,4.74,83.3,5.046,5429.8,859.8,867.8,870.8,860.8,197.1,198.6,201.9,202.9,4.75,83.2,5.036,9.9,1.136,0,nominal,0,0.0,194.99,701971.9
28.2,takeoff_climb,95.49054505005562,784.2046718576195,32.39154616240267,5432.9,859.9,864.8,869.8,861.8,197.7,198.1,201.5,203.4,4.77,83.2,5.094,5428.8,859.8,867.8,870.8,860.8,197.1,198.6,202.0,203.0,4.75,83.2,5.035,9.9,1.135,0,nominal,0,0.0,194.99,701971.8
28.3,takeoff_climb,95.48164627363738,786.9855394883203,32.40711902113459,5423.5,857.4,866.9,871.3,861.4,196.3,198.9,200.1,202.5,4.75,83.0,5.051,5427.7,859.8,867.8,870.8,860.8,197.2,198.6,202.0,203.0,4.75,83.2,5.033,9.9,1.135,0,nominal,0,0.0,194.99,701971.7
28.4,takeoff_climb,95.47274749721913,789.7664071190211,32.42269187986652,5430.7,860.8,868.0,871.5,863.0,198.0,198.1,200.9,203.0,4.76,83.2,5.031,5426.7,859.8,867.8,870.8,860.8,197.2,198.7,202.0,203.0,4.75,83.2,5.032,9.9,1.135,0,nominal,0,0.0,194.99,701971.6
28.5,takeoff_climb,95.46384872080088,792.5472747497219,32.43826473859844,5430.2,862.6,867.7,871.7,860.2,196.6,198.8,202.3,204.0,4.74,82.9,5.019,5425.6,859.8,867.8,870.8,860.8,197.2,198.7,202.0,203.0,4.75,83.2,5.03,9.8,1.134,0,nominal,0,0.0,194.99,701971.5
28.6,takeoff_climb,95.45494994438265,795.3281423804226,32.45383759733036,5420.6,858.6,867.4,873.0,861.7,197.3,198.7,202.2,203.1,4.75,83.9,5.072,5424.6,859.8,867.8,870.8,860.8,197.3,198.7,202.1,203.1,4.75,83.2,5.028,9.8,1.134,0,nominal,0,0.0,194.99,701971.4
28.7,takeoff_climb,95.4460511679644,798.1090100111235,32.46941045606229,5417.3,860.6,867.0,871.4,862.5,197.0,198.0,201.9,203.7,4.74,83.8,5.009,5423.6,859.8,867.8,870.8,860.8,197.3,198.7,202.1,203.1,4.75,83.2,5.027,9.8,1.134,0,nominal,0,0.0,194.99,701971.3
28.8,takeoff_climb,95.43715239154616,800.8898776418242,32.48498331479421,5434.4,858.4,870.0,872.9,861.7,196.3,198.9,202.2,203.3,4.71,83.6,4.95,5422.5,859.8,867.8,870.8,860.8,197.3,198.8,202.1,203.1,4.75,83.2,5.025,9.8,1.134,0,nominal,0,0.0,194.99,701971.2
28.9,takeoff_climb,95.42825361512791,803.670745272525,32.50055617352614,5412.7,859.5,867.9,869.6,860.9,197.7,198.9,202.0,203.4,4.72,83.1,5.053,5421.5,859.8,867.8,870.8,860.8,197.3,198.8,202.2,203.2,4.75,83.2,5.024,9.8,1.133,0,nominal,0,0.0,194.99,701971.1
29.0,takeoff_climb,95.41935483870968,806.4516129032257,32.516129032258064,5422.8,859.2,869.5,872.6,862.4,197.2,197.6,201.4,202.8,4.75,83.1,4.979,5420.4,859.8,867.8,870.8,860.8,197.4,198.8,202.2,203.2,4.75,83.2,5.022,9.8,1.133,0,nominal,0,0.0,194.99,701971.0
29.1,takeoff_climb,95.41045606229143,809.2324805339265,32.531701890989986,5412.9,859.3,866.2,871.6,859.9,197.7,198.1,201.8,202.5,4.78,83.5,5.041,5419.4,859.8,867.8,870.8,860.8,197.4,198.8,202.2,203.2,4.75,83.2,5.021,9.7,1.133,0,nominal,0,0.0,194.99,701970.9
29.2,takeoff_climb,95.4015572858732,812.0133481646274,32.547274749721915,5404.2,858.2,868.0,868.7,857.6,198.3,199.4,203.1,203.7,4.75,83.5,5.011,5418.4,859.7,867.7,870.7,860.7,197.4,198.9,202.2,203.2,4.75,83.2,5.019,9.7,1.132,0,nominal,0,0.0,194.99,701970.8
29.3,takeoff_climb,95.39265850945495,814.7942157953281,32.562847608453836,5416.5,861.8,867.3,869.0,861.8,196.7,197.7,201.8,203.6,4.78,83.3,5.019,5417.3,859.7,867.7,870.7,860.7,197.4,198.9,202.3,203.3,4.75,83.2,5.018,9.7,1.132,0,nominal,0,0.0,194.99,701970.7
29.4,takeoff_climb,95.38375973303671,817.5750834260289,32.578420467185765,5410.7,860.3,867.4,870.2,862.5,196.8,198.8,202.9,203.4,4.7,84.0,4.996,5416.3,859.7,867.7,870.7,860.7,197.5,198.9,202.3,203.3,4.75,83.2,5.016,9.7,1.132,0,nominal,0,0.0,194.99,701970.6
29.5,takeoff_climb,95.37486095661846,820.3559510567296,32.59399332591769,5417.6,859.7,867.9,870.6,861.5,197.0,198.7,201.8,204.4,4.74,83.0,5.01,5415.2,859.7,867.7,870.7,860.7,197.5,199.0,202.3,203.3,4.75,83.2,5.014,9.7,1.131,0,nominal,0,0.0,194.99,701970.5
29.6,takeoff_climb,95.36596218020023,823.1368186874304,32.60956618464961,5422.6,859.8,868.8,872.5,863.5,197.2,199.4,203.0,204.0,4.78,82.8,4.995,5414.2,859.7,867.7,870.7,860.7,197.5,199.0,202.4,203.4,4.75,83.2,5.013,9.6,1.131,0,nominal,0,0.0,194.99,701970.4
29.7,takeoff_climb,95.35706340378198,825.9176863181312,32.62513904338154,5408.4,859.5,868.0,870.3,861.3,197.1,198.4,201.9,203.5,4.67,82.9,5.011,5413.2,859.7,867.7,870.7,860.7,197.5,199.0,202.4,203.4,4.75,83.2,5.011,9.6,1.131,0,nominal,0,0.0,194.99,701970.3
29.8,takeoff_climb,95.34816462736374,828.698553948832,32.64071190211346,5412.7,859.0,867.9,871.2,862.5,198.2,198.2,203.3,202.9,4.74,83.2,4.983,5412.1,859.7,867.7,870.7,860.7,197.6,199.0,202.4,203.4,4.75,83.2,5.01,9.6,1.13,0,nominal,0,0.0,194.99,701970.2
29.9,takeoff_climb,95.3392658509455,831.4794215795328,32.65628476084538,5417.2,860.4,867.8,869.8,859.7,197.3,199.2,202.4,203.9,4.73,82.8,4.955,5411.1,859.7,867.7,870.7,860.7,197.6,199.1,202.4,203.4,4.75,83.2,5.008,9.6,1.13,0,nominal,0,0.0,194.99,701970.1
30.0,takeoff_climb,95.33036707452726,834.2602892102335,32.67185761957731,5404.3,860.2,867.5,870.8,859.2,196.9,200.0,203.2,203.8,4.76,83.0,4.995,5410.0,859.7,867.7,870.7,860.7,197.6,199.1,202.5,203.5,4.75,83.2,5.007,9.6,1.13,0,nominal,0,0.0,194.99,701970.0
30.1,takeoff_climb,95.32146829810901,837.0411568409343,32.68743047830923,5408.6,857.9,867.0,869.1,859.5,197.0,199.2,203.5,204.1,4.73,83.4,4.995,5409.0,859.7,867.7,870.7,860.7,197.6,199.1,202.5,203.5,4.75,83.2,5.005,9.6,1.13,0,nominal,0,0.0,194.99,701969.9
30.2,takeoff_climb,95.31256952169076,839.8220244716351,32.70300333704115,5403.5,859.2,866.6,870.5,862.1,198.2,199.1,203.0,203.7,4.68,83.4,5.06,5408.0,859.7,867.7,870.7,860.7,197.7,199.1,202.5,203.5,4.75,83.2,5.003,9.5,1.129,0,nominal,0,0.0,194.99,701969.8
30.3,takeoff_climb,95.30367074527253,842.6028921023359,32.71857619577308,5413.2,859.7,868.3,869.6,857.9,198.0,199.1,202.5,203.2,4.77,82.6,5.012,5406.9,859.7,867.7,870.7,860.7,197.7,199.2,202.5,203.5,4.74,83.2,5.002,9.5,1.129,0,nominal,0,0.0,194.99,701969.7
30.4,takeoff_climb,95.29477196885428,845.3837597330366,32.734149054505004,5403.2,858.6,868.0,870.1,861.5,197.1,198.8,202.8,203.2,4.74,83.1,5.032,5405.9,859.7,867.7,870.7,860.7,197.7,199.2,202.6,203.6,4.74,83.2,5.0,9.5,1.129,0,nominal,0,0.0,194.99,701969.6
30.5,takeoff_climb,95.28587319243604,848.1646273637374,32.74972191323693,5404.5,859.1,866.6,871.7,859.8,197.4,199.1,201.6,203.1,4.73,82.6,5.048,5404.9,859.6,867.6,870.6,860.6,197.7,199.2,202.6,203.6,4.74,83.2,4.999,9.5,1.128,0,nominal,0,0.0,194.99,701969.5
30.6,takeoff_climb,95.2769744160178,850.9454949944383,32.765294771968854,5395.1,857.6,867.1,873.2,860.6,197.7,197.9,201.7,205.0,4.74,82.9,4.967,5403.8,859.6,867.6,870.6,860.6,197.8,199.2,202.6,203.6,4.74,83.2,4.997,9.5,1.128,0,nominal,0,0.0,194.99,701969.4
30.7,takeoff_climb,95.26807563959956,853.726362625139,32.780867630700776,5400.8,857.9,867.5,873.2,860.6,198.0,200.2,202.3,203.8,4.7,83.6,5.053,5402.8,859.6,867.6,870.6,860.6,197.8,199.2,202.6,203.6,4.74,83.2,4.996,9.5,1.128,0,nominal,0,0.0,194.99,701969.3
30.8,takeoff_climb,95.25917686318131,856.5072302558398,32.796440489432705,5400.0,860.8,866.6,868.0,859.4,197.8,199.0,202.7,203.9,4.74,83.1,5.0,5401.7,859.6,867.6,870.6,860.6,197.8,199.3,202.7,203.7,4.74,83.2,4.994,9.4,1.127,0,nominal,0,0.0,194.99,701969.2
30.9,takeoff_climb,95.25027808676307,859.2880978865405,32.812013348164626,5392.9,861.0,868.7,868.8,861.4,198.2,199.0,201.6,203.3,4.73,84.2,4.981,5400.7,859.6,867.6,870.6,860.6,197.8,199.3,202.7,203.7,4.74,83.3,4.993,9.4,1.127,0,nominal,0,0.0,194.99,701969.1
31.0,takeoff_climb,95.24137931034483,862.0689655172413,32.827586206896555,5398.2,862.0,865.8,871.9,860.4,198.6,197.6,203.2,202.9,4.76,82.8,4.965,5399.7,859.6,867.6,870.6,860.6,197.9,199.3,202.7,203.7,4.74,83.3,4.991,9.4,1.127,0,nominal,0,0.0,194.99,701969.0
31.1,takeoff_climb,95.23248053392659,864.8498331479421,32.84315906562848,5399.8,861.3,868.8,868.3,859.9,197.3,198.8,202.7,203.3,4.74,83.9,4.993,5398.6,859.6,867.6,870.6,860.6,197.9,199.3,202.7,203.7,4.74,83.3,4.989,9.4,1.126,0,nominal,0,0.0,194.99,701968.9
31.2,takeoff_climb,95.22358175750834,867.6307007786429,32.8587319243604,5397.0,860.8,864.4,870.8,859.3,197.7,197.8,202.8,203.1,4.71,83.6,5.04,5397.6,859.6,867.6,870.6,860.6,197.9,199.4,202.7,203.7,4.74,83.3,4.988,9.4,1.126,0,nominal,0,0.0,194.99,701968.8
31.3,takeoff_climb,95.2146829810901,870.4115684093437,32.87430478309233,5397.2,860.9,868.0,870.5,860.7,197.8,198.6,202.1,203.4,4.72,84.2,5.03,5396.6,859.6,867.6,870.6,860.6,197.9,199.4,202.8,203.8,4.74,83.3,4.986,9.3,1.126,0,nominal,0,0.0,194.99,701968.7
31.4,takeoff_climb,95.20578420467186,873.1924360400444,32.88987764182425,5398.8,859.8,865.4,871.0,860.2,198.1,199.5,203.6,204.0,4.74,83.5,4.982,5395.5,859.6,867.6,870.6,860.6,197.9,199.4,202.8,203.8,4.74,83.3,4.985,9.3,1.126,0,nominal,0,0.0,194.99,701968.6
31.5,takeoff_climb,95.19688542825361,875.9733036707452,32.90545050055617,5395.7,861.3,869.3,872.2,861.0,197.5,200.4,203.3,203.9,4.8,83.2,5.014,5394.5,859.6,867.6,870.6,860.6,198.0,199.4,202.8,203.8,4.74,83.3,4.983,9.3,1.125,0,nominal,0,0.0,194.99,701968.5
31.6,takeoff_climb,95.18798665183537,878.754171301446,32.9210233592881,5391.1,858.7,867.7,870.1,859.3,197.0,198.8,202.2,203.4,4.73,83.2,4.973,5393.5,859.6,867.6,870.6,860.6,198.0,199.4,202.8,203.8,4.74,83.3,4.982,9.3,1.125,0,nominal,0,0.0,194.99,701968.4
31.7,takeoff_climb,95.17908787541712,881.5350389321468,32.93659621802002,5391.2,860.3,865.8,869.5,860.5,198.8,198.5,202.8,204.7,4.75,83.9,4.96,5392.4,859.6,867.6,870.6,860.6,198.0,199.5,202.9,203.9,4.74,83.3,4.98,9.3,1.125,0,nominal,0,0.0,194.99,701968.3
31.8,takeoff_climb,95.17018909899889,884.3159065628475,32.95216907675194,5385.6,861.7,867.9,869.0,860.8,198.0,200.0,202.4,203.7,4.76,82.4,4.958,5391.4,859.6,867.6,870.6,860.6,198.0,199.5,202.9,203.9,4.74,83.3,4.979,9.3,1.124,0,nominal,0,0.0,194.99,701968.2
31.9,takeoff_climb,95.16129032258064,887.0967741935483,32.96774193548387,5403.7,859.7,868.0,868.9,861.3,198.6,199.0,202.6,203.1,4.75,82.9,4.963,5390.4,859.5,867.5,870.5,860.5,198.0,199.5,202.9,203.9,4.74,83.3,4.977,9.2,1.124,0,nominal,0,0.0,194.99,701968.1
32.0,takeoff_climb,95.1523915461624,889.8776418242492,32.983314794215794,5386.8,858.5,868.6,869.1,860.8,197.7,199.4,202.4,203.7,4.76,82.8,4.958,5389.3,859.5,867.5,870.5,860.5,198.1,199.5,202.9,203.9,4.74,83.3,4.976,9.2,1.124,0,nominal,0,0.0,194.99,701968.0
32.1,takeoff_climb,95.14349276974416,892.6585094549499,32.99888765294772,5387.8,859.1,868.1,870.6,855.0,198.1,199.3,202.8,204.1,4.76,82.6,4.968,5388.3,859.5,867.5,870.5,860.5,198.1,199.5,202.9,203.9,4.74,83.3,4.974,9.2,1.123,0,nominal,0,0.0,194.99,701967.9
32.2,takeoff_climb,95.13459399332592,895.4393770856507,33.014460511679644,5379.3,859.1,866.5,872.2,860.2,198.9,199.5,203.3,203.7,4.77,83.4,4.97,5387.3,859.5,867.5,870.5,860.5,198.1,199.6,203.0,204.0,4.74,83.3,4.972,9.2,1.123,0,nominal,0,0.0,194.99,701967.8
32.3,takeoff_climb,95.12569521690767,898.2202447163514,33.030033370411566,5393.3,861.4,865.0,870.9,862.3,198.7,199.5,202.9,203.0,4.76,83.8,4.943,5386.2,859.5,867.5,870.5,860.5,198.1,199.6,203.0,204.0,4.74,83.3,4.971,9.2,1.123,0,nominal,0,0.0,194.99,701967.7
32.4,takeoff_climb,95.11679644048944,901.0011123470522,33.045606229143495,5392.6,859.8,867.1,872.4,861.5,198.6,199.2,203.3,204.8,4.72,82.4,4.935,5385.2,859.5,867.5,870.5,860.5,198.1,199.6,203.0,204.0,4.74,83.3,4.969,9.1,1.123,0,nominal,0,0.0,194.99,701967.6
32.5,takeoff_climb,95.10789766407119,903.781979977753,33.061179087875416,5380.1,859.8,869.4,872.0,860.1,198.4,199.0,203.5,204.1,4.76,83.3,4.987,5384.2,859.5,867.5,870.5,860.5,198.2,199.6,203.0,204.0,4.74,83.3,4.968,9.1,1.122,0,nominal,0,0.0,194.99,701967.5
32.6,takeoff_climb,95.09899888765295,906.5628476084538,33.076751946607345,5389.8,858.6,867.2,871.4,860.1,197.5,199.5,202.9,204.1,4.71,83.5,4.973,5383.1,859.5,867.5,870.5,860.5,198.2,199.6,203.0,204.0,4.74,83.3,4.966,9.1,1.122,0,nominal,0,0.0,194.99,701967.4
32.7,takeoff_climb,95.0901001112347,909.3437152391546,33.09232480533927,5379.5,859.6,868.9,873.1,862.2,197.4,198.4,204.1,203.4,4.75,83.3,4.939,5382.1,859.5,867.5,870.5,860.5,198.2,199.7,203.1,204.1,4.74,83.3,4.965,9.1,1.122,0,nominal,0,0.0,194.99,701967.3
32.8,takeoff_climb,95.08120133481646,912.1245828698553,33.10789766407119,5371.1,862.5,869.1,869.9,858.3,199.0,200.0,203.4,204.6,4.73,83.4,4.942,5381.1,859.5,867.5,870.5,860.5,198.2,199.7,203.1,204.1,4.74,83.3,4.963,9.1,1.121,0,nominal,0,0.0,194.99,701967.2
32.9,takeoff_climb,95.07230255839822,914.9054505005561,33.12347052280312,5383.6,859.8,866.8,871.2,859.1,198.1,199.6,203.3,203.5,4.72,83.2,4.997,5380.0,859.5,867.5,870.5,860.5,198.2,199.7,203.1,204.1,4.74,83.3,4.962,9.1,1.121,0,nominal,0,0.0,194.99,701967.1
33.0,takeoff_climb,95.06340378197997,917.6863181312569,33.13904338153504,5367.2,856.7,868.3,868.5,860.7,198.2,200.2,202.8,203.8,4.71,82.4,4.92,5379.0,859.5,867.5,870.5,860.5,198.2,199.7,203.1,204.1,4.74,83.3,4.96,9.0,1.121,0,nominal,0,0.0,194.99,701967.0
33.1,takeoff_climb,95.05450500556174,920.4671857619577,33.15461624026696,5372.2,857.8,866.7,871.1,859.6,198.5,199.4,203.5,204.9,4.77,84.2,4.962,5378.0,859.5,867.5,870.5,860.5,198.3,199.7,203.1,204.1,4.74,83.3,4.959,9.0,1.12,0,nominal,0,0.0,194.99,701966.9
33.2,takeoff_climb,95.04560622914349,923.2480533926584,33.17018909899889,5388.2,857.8,868.8,870.1,859.0,198.1,198.7,203.5,203.2,4.75,84.1,4.964,5376.9,859.5,867.5,870.5,860.5,198.3,199.8,203.2,204.2,4.74,83.3,4.957,9.0,1.12,0,nominal,0,0.0,194.99,701966.8
33.3,takeoff_climb,95.03670745272525,926.0289210233592,33.18576195773081,5381.9,858.9,867.4,868.8,860.4,198.5,199.5,203.1,204.6,4.73,83.5,4.958,5375.9,859.4,867.4,870.4,860.4,198.3,199.8,203.2,204.2,4.74,83.3,4.955,9.0,1.12,0,nominal,0,0.0,194.99,701966.7
33.4,takeoff_climb,95.027808676307,928.80978865406,33.20133481646273,5367.3,860.1,866.8,872.0,858.5,198.0,200.4,205.5,204.4,4.76,83.2,4.961,5374.9,859.4,867.4,870.4,860.4,198.3,199.8,203.2,204.2,4.74,83.3,4.954,9.0,1.119,0,nominal,0,0.0,194.99,701966.6
33.5,takeoff_climb,95.01890989988877,931.5906562847608,33.21690767519466,5371.9,857.9,869.0,871.3,859.9,197.3,199.7,202.9,204.5,4.77,83.1,4.914,5373.8,859.4,867.4,870.4,860.4,198.3,199.8,203.2,204.2,4.74,83.3,4.952,8.9,1.119,0,nominal,0,0.0,194.99,701966.5
33.6,takeoff_climb,95.01001112347052,934.3715239154616,33.232480533926584,5371.8,858.7,866.5,868.5,857.7,198.1,200.4,203.5,204.9,4.69,83.2,4.883,5372.8,859.4,867.4,870.4,860.4,198.4,199.8,203.2,204.2,4.74,83.3,4.951,8.9,1.119,0,nominal,0,0.0,194.99,701966.4
33.7,takeoff_climb,95.00111234705228,937.1523915461623,33.248053392658505,5366.7,860.4,866.3,871.0,862.2,197.2,200.0,203.6,203.8,4.74,83.0,4.938,5371.8,859.4,867.4,870.4,860.4,198.4,199.8,203.2,204.2,4.74,83.3,4.949,8.9,1.119,0,nominal,0,0.0,194.99,701966.3
33.8,takeoff_climb,94.99221357063404,939.9332591768631,33.263626251390434,5380.7,859.2,868.1,868.3,860.4,198.3,200.1,203.5,204.2,4.72,82.2,4.975,5370.7,859.4,867.4,870.4,860.4,198.4,199.9,203.3,204.3,4.74,83.2,4.948,8.9,1.118,0,nominal,0,0.0,194.99,701966.2
33.9,takeoff_climb,94.9833147942158,942.714126807564,33.279199110122356,5373.7,858.8,867.7,871.2,862.2,198.3,199.6,203.1,203.7,4.82,82.8,4.91,5369.7,859.4,867.4,870.4,860.4,198.4,199.9,203.3,204.3,4.74,83.2,4.946,8.9,1.118,0,nominal,0,0.0,194.99,701966.1
34.0,takeoff_climb,94.97441601779755,945.4949944382647,33.294771968854285,5380.4,857.5,866.7,871.8,862.2,197.7,199.8,203.7,205.4,4.75,83.5,4.923,5368.7,859.4,867.4,870.4,860.4,198.4,199.9,203.3,204.3,4.74,83.2,4.945,8.9,1.118,0,nominal,0,0.0,194.99,701966.0
34.1,takeoff_climb,94.96551724137932,948.2758620689655,33.310344827586206,5371.4,859.6,864.0,868.4,859.2,198.1,199.1,203.4,204.5,4.75,83.9,4.9,5367.6,859.4,867.4,870.4,860.4,198.4,199.9,203.3,204.3,4.74,83.2,4.943,8.8,1.117,0,nominal,0,0.0,194.99,701965.9
34.2,takeoff_climb,94.95661846496107,951.0567296996662,33.32591768631813,5364.0,859.5,865.6,869.1,861.9,198.6,199.4,203.3,204.7,4.74,83.1,4.989,5366.6,859.4,867.4,870.4,860.4,198.4,199.9,203.3,204.3,4.74,83.2,4.942,8.8,1.117,0,nominal,0,0.0,194.99,701965.8
34.3,takeoff_climb,94.94771968854282,953.837597330367,33.34149054505006,5368.2,860.4,866.4,871.2,858.4,198.4,200.1,202.7,205.1,4.72,83.2,4.921,5365.6,859.4,867.4,870.4,860.4,198.5,199.9,203.4,204.4,4.74,83.2,4.94,8.8,1.117,0,nominal,0,0.0,194.99,701965.7
34.4,takeoff_climb,94.93882091212458,956.6184649610678,33.35706340378198,5361.2,857.8,869.5,872.1,859.3,198.1,199.6,202.8,204.9,4.71,83.7,4.907,5364.6,859.4,867.4,870.4,860.4,198.5,200.0,203.4,204.4,4.74,83.2,4.939,8.8,1.116,0,nominal,0,0.0,194.99,701965.6
34.5,takeoff_climb,94.92992213570633,959.3993325917686,33.37263626251391,5367.5,860.0,862.9,868.5,859.6,198.2,199.9,203.9,205.2,4.75,82.4,4.945,5363.5,859.4,867.4,870.4,860.4,198.5,200.0,203.4,204.4,4.74,83.2,4.937,8.8,1.116,0,nominal,0,0.0,194.99,701965.5
34.6,takeoff_climb,94.9210233592881,962.1802002224694,33.38820912124583,5361.1,859.0,867.6,872.4,863.8,197.8,199.5,203.7,205.5,4.79,83.2,4.951,5362.5,859.3,867.3,870.3,860.3,198.5,200.0,203.4,204.4,4.74,83.2,4.935,8.7,1.116,0,nominal,0,0.0,194.99,701965.4
34.7,takeoff_climb,94.91212458286985,964.9610678531701,33.40378197997775,5363.0,858.6,866.4,871.3,859.5,198.1,200.9,203.5,204.4,4.72,82.9,4.922,5361.5,859.3,867.3,870.3,860.3,198.5,200.0,203.4,204.4,4.74,83.2,4.934,8.7,1.115,0,nominal,0,0.0,194.99,701965.3
34.8,takeoff_climb,94.90322580645162,967.7419354838709,33.41935483870968,5360.5,858.5,865.7,871.9,861.5,198.8,199.6,204.2,204.3,4.75,84.0,4.913,5360.4,859.3,867.3,870.3,860.3,198.5,200.0,203.4,204.4,4.74,83.2,4.932,8.7,1.115,0,nominal,0,0.0,194.99,701965.2
34.9,takeoff_climb,94.89432703003337,970.5228031145717,33.4349276974416,5354.8,857.6,865.8,869.4,860.6,198.3,201.3,203.9,204.5,4.72,83.2,4.897,5359.4,859.3,867.3,870.3,860.3,198.6,200.0,203.4,204.4,4.74,83.2,4.931,8.7,1.115,0,nominal,0,0.0,194.99,701965.1
35.0,takeoff_climb,94.88542825361513,973.3036707452725,33.45050055617352,5349.5,858.7,867.4,870.2,859.6,198.7,199.1,203.8,205.3,4.75,82.7,4.931,5358.4,859.3,867.3,870.3,860.3,198.6,200.0,203.5,204.5,4.74,83.2,4.929,8.7,1.115,0,nominal,0,0.0,194.99,701965.0
35.1,takeoff_climb,94.87652947719688,976.0845383759732,33.46607341490545,5354.7,858.4,867.7,868.9,859.4,197.3,199.5,203.0,203.0,4.72,83.5,4.918,5357.4,859.3,867.3,870.3,860.3,198.6,200.1,203.5,204.5,4.74,83.2,4.928,8.7,1.114,0,nominal,0,0.0,194.99,701964.9
35.2,takeoff_climb,94.86763070077865,978.865406006674,33.481646273637374,5354.4,859.3,868.2,869.2,860.8,199.1,199.9,204.2,204.9,4.7,83.0,4.965,5356.3,859.3,867.3,870.3,860.3,198.6,200.1,203.5,204.5,4.74,83.2,4.926,8.6,1.114,0,nominal,0,0.0,194.99,701964.8
35.3,takeoff_climb,94.8587319243604,981.6462736373747,33.497219132369295,5342.1,856.1,865.2,868.5,861.9,198.9,200.4,204.1,205.0,4.75,83.8,4.908,5355.3,859.3,867.3,870.3,860.3,198.6,200.1,203.5,204.5,4.74,83.2,4.925,8.6,1.114,0,nominal,0,0.0,194.99,701964.7
35.4,takeoff_climb,94.84983314794216,984.4271412680756,33.512791991101224,5353.3,858.1,868.0,866.5,860.0,198.9,199.9,204.5,204.4,4.71,83.4,4.878,5354.3,859.3,867.3,870.3,860.3,198.6,200.1,203.5,204.5,4.74,83.2,4.923,8.6,1.113,0,nominal,0,0.0,194.99,701964.6
35.5,takeoff_climb,94.84093437152391,987.2080088987764,33.528364849833146,5353.1,858.3,867.5,869.5,858.3,198.5,200.4,203.8,204.8,4.75,83.3,4.948,5353.3,859.3,867.3,870.3,860.3,198.6,200.1,203.5,204.5,4.74,83.2,4.922,8.6,1.113,0,nominal,0,0.0,194.99,701964.5
35.6,takeoff_climb,94.83203559510568,989.9888765294771,33.543937708565075,5351.8,859.2,867.3,869.1,858.1,198.3,199.9,203.7,203.4,4.75,83.3,4.959,5352.2,859.3,867.3,870.3,860.3,198.7,200.1,203.6,204.6,4.74,83.2,4.92,8.6,1.113,0,nominal,0,0.0,194.99,701964.4
35.7,takeoff_climb,94.82313681868743,992.7697441601779,33.559510567296996,5354.6,858.0,867.3,871.0,860.1,198.0,200.9,203.2,204.6,4.73,82.7,4.911,5351.2,859.3,867.3,870.3,860.3,198.7,200.1,203.6,204.6,4.74,83.2,4.919,8.5,1.112,0,nominal,0,0.0,194.99,701964.3
35.8,takeoff_climb,94.81423804226918,995.5506117908787,33.57508342602892,5351.1,860.0,868.5,869.4,860.2,199.1,199.3,203.5,204.8,4.74,83.0,4.917,5350.2,859.3,867.3,870.3,860.3,198.7,200.2,203.6,204.6,4.74,83.2,4.917,8.5,1.112,0,nominal,0,0.0,194.99,701964.2
35.9,takeoff_climb,94.80533926585095,998.3314794215795,33.59065628476085,5333.7,860.2,865.4,872.2,861.8,199.0,200.7,204.1,204.2,4.72,82.9,4.912,5349.1,859.3,867.3,870.3,860.3,198.7,200.2,203.6,204.6,4.74,83.2,4.915,8.5,1.112,0,nominal,0,0.0,194.99,701964.1
36.0,takeoff_climb,94.7964404894327,1001.1123470522803,33.60622914349277,5352.4,858.9,868.7,870.3,861.1,198.5,200.5,203.3,204.5,4.74,83.6,4.954,5348.1,859.2,867.2,870.2,860.2,198.7,200.2,203.6,204.6,4.74,83.2,4.914,8.5,1.112,0,nominal,0,0.0,194.99,701964.0
36.1,takeoff_climb,94.78754171301446,1003.893214682981,33.6218020022247,5342.3,857.4,866.4,868.6,860.0,197.9,200.6,204.1,204.7,4.72,83.9,4.869,5347.1,859.2,867.2,870.2,860.2,198.7,200.2,203.6,204.6,4.74,83.2,4.912,8.5,1.111,0,nominal,0,0.0,194.99,701963.9
36.2,takeoff_climb,94.77864293659621,1006.6740823136818,33.63737486095662,5338.5,858.6,870.1,872.6,862.2,198.8,198.6,203.6,203.8,4.74,82.7,4.903,5346.1,859.2,867.2,870.2,860.2,198.7,200.2,203.6,204.6,4.74,83.2,4.911,8.5,1.111,0,nominal,0,0.0,194.99,701963.8
36.3,takeoff_climb,94.76974416017798,1009.4549499443826,33.65294771968854,5339.3,857.6,867.5,870.0,860.8,197.8,200.7,203.4,204.0,4.68,82.9,4.899,5345.0,859.2,867.2,870.2,860.2,198.7,200.2,203.6,204.6,4.74,83.2,4.909,8.4,1.111,0,nominal,0,0.0,194.99,701963.7
36.4,takeoff_climb,94.76084538375973,1012.2358175750834,33.66852057842047,5358.2,856.9,866.0,872.0,861.7,198.4,200.4,203.9,205.7,4.71,83.2,4.898,5344.0,859.2,867.2,870.2,860.2,198.8,200.2,203.7,204.7,4.74,83.2,4.908,8.4,1.11,0,nominal,0,0.0,194.99,701963.6
36.5,takeoff_climb,94.7519466073415,1015.0166852057841,33.68409343715239,5343.6,859.5,868.4,870.8,859.1,198.8,201.3,203.3,204.7,4.73,83.6,4.896,5343.0,859.2,867.2,870.2,860.2,198.8,200.2,203.7,204.7,4.74,83.2,4.906,8.4,1.11,0,nominal,0,0.0,194.99,701963.5
36.6,takeoff_climb,94.74304783092325,1017.7975528364849,33.69966629588431,5346.9,858.6,867.4,868.3,860.7,199.3,200.3,203.7,204.4,4.73,83.8,4.919,5342.0,859.2,867.2,870.2,860.2,198.8,200.3,203.7,204.7,4.74,83.2,4.905,8.4,1.11,0,nominal,0,0.0,194.99,701963.4
36.7,takeoff_climb,94.73414905450501,1020.5784204671857,33.71523915461624,5344.8,858.0,865.3,873.3,859.6,199.0,199.9,203.0,203.1,4.78,82.9,4.939,5340.9,859.2,867.2,870.2,860.2,198.8,200.3,203.7,204.7,4.74,83.2,4.903,8.4,1.109,0,nominal,0,0.0,194.99,701963.3
36.8,takeoff_climb,94.72525027808676,1023.3592880978865,33.730812013348164,5342.5,861.5,867.5,871.5,861.2,198.8,200.8,204.0,204.1,4.75,83.2,4.887,5339.9,859.2,867.2,870.2,860.2,198.8,200.3,203.7,204.7,4.74,83.2,4.902,8.3,1.109,0,nominal,0,0.0,194.99,701963.2
36.9,takeoff_climb,94.71635150166853,1026.1401557285872,33.746384872080085,5340.0,859.2,868.0,867.2,860.2,198.4,200.9,203.5,204.0,4.77,83.2,4.868,5338.9,859.2,867.2,870.2,860.2,198.8,200.3,203.7,204.7,4.74,83.2,4.9,8.3,1.109,0,nominal,0,0.0,194.99,701963.1
37.0,takeoff_climb,94.70745272525028,1028.921023359288,33.761957730812014,5339.0,860.2,866.2,871.9,862.7,199.8,200.8,203.2,204.9,4.69,83.0,4.898,5337.9,859.2,867.2,870.2,860.2,198.8,200.3,203.7,204.7,4.74,83.2,4.899,8.3,1.108,0,nominal,0,0.0,194.99,701963.0
37.1,takeoff_climb,94.69855394883203,1031.701890989989,33.777530589543936,5344.9,858.6,866.9,869.3,860.4,198.7,199.7,203.0,204.6,4.77,83.2,4.841,5336.8,859.2,867.2,870.2,860.2,198.8,200.3,203.8,204.8,4.74,83.2,4.897,8.3,1.108,0,nominal,0,0.0,194.99,701962.9
37.2,takeoff_climb,94.6896551724138,1034.4827586206895,33.793103448275865,5330.2,858.2,868.1,871.7,861.8,198.8,200.2,204.0,204.6,4.76,83.2,4.903,5335.8,859.2,867.2,870.2,860.2,198.9,200.3,203.8,204.8,4.74,83.2,4.896,8.3,1.108,0,nominal,0,0.0,194.99,701962.8
37.3,takeoff_climb,94.68075639599554,1037.2636262513904,33.80867630700779,5334.5,859.1,866.2,867.2,858.3,198.0,199.5,204.1,206.2,4.72,83.6,4.851,5334.8,859.1,867.1,870.1,860.1,198.9,200.3,203.8,204.8,4.74,83.2,4.894,8.3,1.108,0,nominal,0,0.0,194.99,701962.7
37.4,takeoff_climb,94.67185761957731,1040.044493882091,33.82424916573971,5329.6,861.8,864.3,869.8,860.6,198.8,200.3,204.3,204.8,4.71,82.7,4.905,5333.8,859.1,867.1,870.1,860.1,198.9,200.4,203.8,204.8,4.74,83.2,4.893,8.2,1.107,0,nominal,0,0.0,194.99,701962.6
37.5,takeoff_climb,94.66295884315906,1042.825361512792,33.83982202447164,5330.7,858.3,866.7,869.7,861.9,198.3,199.8,203.6,205.0,4.76,83.1,4.865,5332.8,859.1,867.1,870.1,860.1,198.9,200.4,203.8,204.8,4.74,83.2,4.891,8.2,1.107,0,nominal,0,0.0,194.99,701962.5
37.6,takeoff_climb,94.65406006674083,1045.6062291434928,33.85539488320356,5337.7,858.8,867.6,866.6,857.9,198.2,200.3,202.8,203.6,4.79,83.2,4.915,5331.7,859.1,867.1,870.1,860.1,198.9,200.4,203.8,204.8,4.74,83.2,4.89,8.2,1.107,0,nominal,0,0.0,194.99,701962.4
37.7,takeoff_climb,94.64516129032258,1048.3870967741934,33.87096774193549,5331.4,858.5,865.9,871.7,861.0,198.7,199.7,203.9,205.1,4.74,82.4,4.918,5330.7,859.1,867.1,870.1,860.1,198.9,200.4,203.8,204.8,4.74,83.2,4.888,8.2,1.106,0,nominal,0,0.0,194.99,701962.3
37.8,takeoff_climb,94.63626251390434,1051.1679644048943,33.88654060066741,5333.4,860.3,867.3,868.7,860.2,199.0,199.8,202.9,205.6,4.7,83.0,4.907,5329.7,859.1,867.1,870.1,860.1,198.9,200.4,203.8,204.8,4.74,83.2,4.887,8.2,1.106,0,nominal,0,0.0,194.99,701962.2
37.9,takeoff_climb,94.62736373748609,1053.948832035595,33.90211345939933,5329.5,857.4,867.3,870.3,857.1,199.3,200.7,204.0,204.7,4.75,83.3,4.905,5328.7,859.1,867.1,870.1,860.1,198.9,200.4,203.8,204.8,4.74,83.1,4.885,8.1,1.106,0,nominal,0,0.0,194.99,701962.1
38.0,takeoff_climb,94.61846496106786,1056.7296996662958,33.91768631813126,5320.4,858.3,867.5,869.3,859.0,199.5,199.9,204.3,204.0,4.72,83.5,4.896,5327.6,859.1,867.1,870.1,860.1,198.9,200.4,203.9,204.9,4.74,83.1,4.883,8.1,1.105,0,nominal,0,0.0,194.99,701962.0
38.1,takeoff_climb,94.60956618464961,1059.5105672969967,33.93325917686318,5324.7,860.6,868.3,870.8,859.4,199.4,200.4,203.8,205.0,4.79,83.6,4.865,5326.6,859.1,867.1,870.1,860.1,198.9,200.4,203.9,204.9,4.74,83.1,4.882,8.1,1.105,0,nominal,0,0.0,194.99,701961.9
38.2,takeoff_climb,94.60066740823137,1062.2914349276973,33.9488320355951,5323.6,858.0,868.4,871.2,860.7,198.7,200.9,204.4,205.1,4.74,83.7,4.917,5325.6,859.1,867.1,870.1,860.1,199.0,200.4,203.9,204.9,4.74,83.1,4.88,8.1,1.105,0,nominal,0,0.0,194.99,701961.8
38.3,takeoff_climb,94.59176863181312,1065.0723025583982,33.96440489432703,5328.0,860.8,868.7,871.1,857.9,198.8,200.1,203.3,204.4,4.76,82.9,4.845,5324.6,859.1,867.1,870.1,860.1,199.0,200.4,203.9,204.9,4.74,83.1,4.879,8.1,1.105,0,nominal,0,0.0,194.99,701961.7
38.4,takeoff_climb,94.58286985539489,1067.8531701890988,33.979977753058954,5328.0,858.3,867.4,866.7,857.4,199.0,199.6,204.9,204.5,4.71,83.4,4.898,5323.6,859.1,867.1,870.1,860.1,199.0,200.5,203.9,204.9,4.74,83.1,4.877,8.1,1.104,0,nominal,0,0.0,194.99,701961.6
38.5,takeoff_climb,94.57397107897664,1070.6340378197997,33.995550611790875,5312.4,859.0,867.5,868.8,861.7,198.4,199.7,204.0,203.5,4.75,83.5,4.812,5322.5,859.1,867.1,870.1,860.1,199.0,200.5,203.9,204.9,4.74,83.1,4.876,8.0,1.104,0,nominal,0,0.0,194.99,701961.5
38.6,takeoff_climb,94.56507230255839,1073.4149054505006,34.011123470522804,5322.6,860.4,868.6,869.3,863.2,198.2,200.3,203.7,204.6,4.72,83.5,4.884,5321.5,859.1,867.1,870.1,860.1,199.0,200.5,203.9,204.9,4.74,83.1,4.874,8.0,1.104,0,nominal,0,0.0,194.99,701961.4
38.7,takeoff_climb,94.55617352614016,1076.1957730812012,34.026696329254726,5316.4,859.9,869.5,870.2,860.0,199.2,199.9,203.0,205.0,4.75,83.2,4.864,5320.5,859.0,867.0,870.0,860.0,199.0,200.5,203.9,204.9,4.74,83.1,4.873,8.0,1.103,0,nominal,0,0.0,194.99,701961.3
38.8,takeoff_climb,94.54727474972191,1078.976640711902,34.04226918798665,5312.1,861.3,866.4,871.1,857.2,198.5,200.9,204.2,205.4,4.71,82.5,4.865,5319.5,859.0,867.0,870.0,860.0,199.0,200.5,203.9,204.9,4.74,83.1,4.871,8.0,1.103,0,nominal,0,0.0,194.99,701961.2
38.9,takeoff_climb,94.53837597330367,1081.757508342603,34.05784204671858,5316.8,857.8,866.4,872.0,857.8,199.3,200.0,204.1,206.9,4.75,83.6,4.887,5318.5,859.0,867.0,870.0,860.0,199.0,200.5,203.9,204.9,4.74,83.1,4.87,8.0,1.103,0,nominal,0,0.0,194.99,701961.1
39.0,takeoff_climb,94.52947719688542,1084.5383759733036,34.0734149054505,5321.0,859.3,865.8,868.7,859.3,199.5,201.1,203.7,204.9,4.71,82.9,4.847,5317.4,859.0,867.0,870.0,860.0,199.0,200.5,204.0,205.0,4.74,83.1,4.868,8.0,1.102,0,nominal,0,0.0,194.99,701961.0
39.1,takeoff_climb,94.52057842046719,1087.3192436040044,34.08898776418243,5318.1,857.2,865.8,870.5,861.7,199.0,200.7,203.6,204.9,4.75,82.8,4.916,5316.4,859.0,867.0,870.0,860.0,199.0,200.5,204.0,205.0,4.74,83.1,4.867,7.9,1.102,0,nominal,0,0.0,194.99,701960.9
39.2,takeoff_climb,94.51167964404894,1090.100111234705,34.10456062291435,5305.6,859.5,870.4,870.1,860.5,199.9,200.8,203.5,204.8,4.73,83.3,4.841,5315.4,859.0,867.0,870.0,860.0,199.1,200.5,204.0,205.0,4.74,83.1,4.865,7.9,1.102,0,nominal,0,0.0,194.99,701960.8
39.3,takeoff_climb,94.5027808676307,1092.880978865406,34.12013348164627,5311.7,859.0,865.4,870.4,861.2,197.9,200.6,203.5,205.9,4.73,83.0,4.878,5314.4,859.0,867.0,870.0,860.0,199.1,200.5,204.0,205.0,4.73,83.1,4.864,7.9,1.102,0,nominal,0,0.0,194.99,701960.7
39.4,takeoff_climb,94.49388209121246,1095.6618464961068,34.1357063403782,5314.6,858.2,870.6,870.4,857.8,199.1,200.2,204.3,205.0,4.74,82.9,4.899,5313.4,859.0,867.0,870.0,860.0,199.1,200.6,204.0,205.0,4.73,83.1,4.862,7.9,1.101,0,nominal,0,0.0,194.99,701960.6
39.5,takeoff_climb,94.48498331479422,1098.4427141268075,34.15127919911012,5305.3,857.9,867.6,871.7,860.7,199.5,201.4,203.6,204.4,4.74,82.7,4.842,5312.3,859.0,867.0,870.0,860.0,199.1,200.6,204.0,205.0,4.73,83.1,4.861,7.9,1.101,0,nominal,0,0.0,194.99,701960.5
39.6,takeoff_climb,94.47608453837597,1101.2235817575083,34.16685205784205,5312.5,858.5,865.2,870.3,857.2,198.5,200.7,203.5,205.4,4.71,82.9,4.903,5311.3,859.0,867.0,870.0,860.0,199.1,200.6,204.0,205.0,4.73,83.1,4.859,7.8,1.101,0,nominal,0,0.0,194.99,701960.4
39.7,takeoff_climb,94.46718576195774,1104.004449388209,34.18242491657397,5307.4,858.2,867.1,870.5,859.1,199.6,200.2,204.0,204.6,4.73,83.1,4.863,5310.3,859.0,867.0,870.0,860.0,199.1,200.6,204.0,205.0,4.73,83.1,4.858,7.8,1.1,0,nominal,0,0.0,194.99,701960.3
39.8,takeoff_climb,94.45828698553949,1106.7853170189098,34.19799777530589,5302.7,857.9,868.6,870.2,857.4,199.0,200.2,204.0,204.5,4.74,83.5,4.864,5309.3,859.0,867.0,870.0,860.0,199.1,200.6,204.0,205.0,4.73,83.1,4.856,7.8,1.1,0,nominal,0,0.0,194.99,701960.2
39.9,takeoff_climb,94.44938820912125,1109.5661846496107,34.21357063403782,5303.5,859.2,863.8,869.4,859.7,198.7,200.5,204.1,205.2,4.76,83.8,4.822,5308.3,859.0,867.0,870.0,860.0,199.1,200.6,204.0,205.0,4.73,83.1,4.855,7.8,1.1,0,nominal,0,0.0,194.99,701960.1
40.0,takeoff_climb,94.440489432703,1112.3470522803113,34.229143492769744,5300.6,858.8,868.6,872.5,859.4,199.1,200.5,205.2,204.5,4.74,83.6,4.829,5307.3,858.9,866.9,869.9,859.9,199.1,200.6,204.1,205.1,4.73,83.1,4.853,7.8,1.099,0,nominal,0,0.0,194.99,701960.0
40.1,takeoff_climb,94.43159065628475,1115.1279199110122,34.244716351501665,5315.9,859.5,866.6,868.4,860.2,199.1,200.2,203.6,204.8,4.69,83.2,4.86,5306.2,858.9,866.9,869.9,859.9,199.1,200.6,204.1,205.1,4.73,83.1,4.852,7.8,1.099,0,nominal,0,0.0,194.99,701959.9
40.2,takeoff_climb,94.42269187986652,1117.9087875417129,34.260289210233594,5313.2,859.0,868.6,868.7,859.1,199.5,200.5,203.6,204.5,4.71,83.2,4.892,5305.2,858.9,866.9,869.9,859.9,199.1,200.6,204.1,205.1,4.73,83.0,4.85,7.7,1.099,0,nominal,0,0.0,194.99,701959.8
40.3,takeoff_climb,94.41379310344827,1120.6896551724137,34.275862068965516,5308.2,860.6,866.1,870.7,861.1,199.4,200.2,203.6,205.5,4.74,83.3,4.824,5304.2,858.9,866.9,869.9,859.9,199.1,200.6,204.1,205.1,4.73,83.0,4.849,7.7,1.099,0,nominal,0,0.0,194.99,701959.7
40.4,takeoff_climb,94.40489432703004,1123.4705228031146,34.29143492769744,5305.4,858.7,866.6,870.1,861.0,198.8,200.7,203.5,205.6,4.74,84.1,4.837,5303.2,858.9,866.9,869.9,859.9,199.2,200.6,204.1,205.1,4.73,83.0,4.847,7.7,1.098,0,nominal,0,0.0,194.99,701959.6
40.5,takeoff_climb,94.39599555061179,1126.2513904338152,34.30700778642937,5303.2,857.2,867.1,868.8,860.1,198.1,199.9,203.6,206.4,4.69,83.0,4.816,5302.2,858.9,866.9,869.9,859.9,199.2,200.6,204.1,205.1,4.73,83.0,4.846,7.7,1.098,0,nominal,0,0.0,194.99,701959.5
40.6,takeoff_climb,94.38709677419355,1129.032258064516,34.32258064516129,5310.8,858.2,867.8,870.1,859.8,200.1,200.9,204.4,205.3,4.74,82.4,4.862,5301.1,858.9,866.9,869.9,859.9,199.2,200.7,204.1,205.1,4.73,83.0,4.844,7.7,1.098,0,nominal,0,0.0,194.99,701959.4
40.7,takeoff_climb,94.3781979977753,1131.8131256952167,34.33815350389322,5297.7,859.5,866.9,870.7,863.4,199.0,200.8,204.2,205.1,4.75,83.6,4.79,5300.1,858.9,866.9,869.9,859.9,199.2,200.7,204.1,205.1,4.73,83.0,4.843,7.6,1.097,0,nominal,0,0.0,194.99,701959.3
40.8,takeoff_climb,94.36929922135707,1134.5939933259176,34.35372636262514,5303.0,861.4,865.8,871.6,863.6,199.3,199.0,204.2,204.9,4.7,82.6,4.848,5299.1,858.9,866.9,869.9,859.9,199.2,200.7,204.1,205.1,4.73,83.0,4.841,7.6,1.097,0,nominal,0,0.0,194.99,701959.2
40.9,takeoff_climb,94.36040044493882,1137.3748609566185,34.36929922135706,5291.4,857.2,867.0,869.0,859.7,199.1,201.0,204.3,206.0,4.79,83.1,4.798,5298.1,858.9,866.9,869.9,859.9,199.2,200.7,204.1,205.1,4.73,83.0,4.84,7.6,1.097,0,nominal,0,0.0,194.99,701959.1
41.0,takeoff_climb,94.35150166852058,1140.1557285873191,34.38487208008899,5297.4,858.8,865.2,869.9,859.7,198.7,200.0,203.9,205.6,4.71,83.5,4.784,5297.1,858.9,866.9,869.9,859.9,199.2,200.7,204.1,205.1,4.73,83.0,4.838,7.6,1.096,0,nominal,0,0.0,194.99,701959.0
41.1,takeoff_climb,94.34260289210233,1142.93659621802,34.40044493882091,5294.9,858.8,865.7,869.7,860.5,198.8,200.7,204.4,205.8,4.74,82.5,4.812,5296.1,858.9,866.9,869.9,859.9,199.2,200.7,204.1,205.1,4.73,83.0,4.837,7.6,1.096,0,nominal,0,0.0,194.99,701958.9
41.2,takeoff_climb,94.3337041156841,1145.7174638487206,34.41601779755284,5300.4,860.8,867.1,869.5,860.5,199.9,200.5,204.8,204.3,4.75,83.3,4.856,5295.1,858.9,866.9,869.9,859.9,199.2,200.7,204.1,205.1,4.73,83.0,4.835,7.6,1.096,0,nominal,0,0.0,194.99,701958.8
41.3,takeoff_climb,94.32480533926585,1148.4983314794215,34.43159065628476,5286.1,857.8,866.5,871.1,863.3,199.3,202.0,204.1,205.5,4.73,83.1,4.864,5294.0,858.9,866.9,869.9,859.9,199.2,200.7,204.2,205.2,4.73,83.0,4.834,7.5,1.096,0,nominal,0,0.0,194.99,701958.7
41.4,takeoff_climb,94.3159065628476,1151.2791991101224,34.44716351501668,5288.7,858.6,864.6,869.2,859.3,199.8,200.9,203.8,204.6,4.71,82.8,4.849,5293.0,858.8,866.8,869.8,859.8,199.2,200.7,204.2,205.2,4.73,83.0,4.832,7.5,1.095,0,nominal,0,0.0,194.99,701958.6
41.5,takeoff_climb,94.30700778642937,1154.060066740823,34.46273637374861,5294.5,857.1,867.8,869.3,861.0,199.2,200.3,204.1,205.4,4.7,82.5,4.8,5292.0,858.8,866.8,869.8,859.8,199.2,200.7,204.2,205.2,4.73,83.0,4.831,7.5,1.095,0,nominal,0,0.0,194.99,701958.5
41.6,takeoff_climb,94.29810901001112,1156.8409343715239,34.478309232480534,5302.6,858.9,867.6,870.7,860.4,200.1,201.0,203.5,205.1,4.73,82.6,4.781,5291.0,858.8,866.8,869.8,859.8,199.2,200.7,204.2,205.2,4.73,83.0,4.829,7.5,1.095,0,nominal,0,0.0,194.99,701958.4
41.7,takeoff_climb,94.28921023359288,1159.6218020022245,34.493882091212456,5289.4,858.4,868.2,868.5,859.4,200.0,200.2,204.1,205.5,4.77,82.4,4.806,5290.0,858.8,866.8,869.8,859.8,199.2,200.7,204.2,205.2,4.73,83.0,4.828,7.5,1.094,0,nominal,0,0.0,194.99,701958.3
41.8,takeoff_climb,94.28031145717463,1162.4026696329254,34.509454949944384,5288.3,861.6,865.2,870.5,856.9,200.0,200.3,204.1,206.1,4.73,83.0,4.806,5289.0,858.8,866.8,869.8,859.8,199.3,200.7,204.2,205.2,4.73,83.0,4.826,7.4,1.094,0,nominal,0,0.0,194.99,701958.2
41.9,takeoff_climb,94.2714126807564,1165.1835372636262,34.525027808676306,5285.4,859.1,865.3,868.6,860.7,198.6,200.7,203.9,204.5,4.76,82.9,4.8,5288.0,858.8,866.8,869.8,859.8,199.3,200.7,204.2,205.2,4.73,82.9,4.825,7.4,1.094,0,nominal,0,0.0,194.99,701958.1
42.0,takeoff_climb,94.26251390433815,1167.964404894327,34.54060066740823,5289.0,859.2,867.4,870.9,859.1,198.1,200.1,203.9,204.6,4.77,83.3,4.803,5286.9,858.8,866.8,869.8,859.8,199.3,200.7,204.2,205.2,4.73,82.9,4.823,7.4,1.093,0,nominal,0,0.0,194.99,701958.0
42.1,takeoff_climb,94.25361512791991,1170.7452725250278,34.55617352614016,5289.2,858.4,865.6,870.6,861.4,200.6,199.9,203.9,204.9,4.74,83.3,4.857,5285.9,858.8,866.8,869.8,859.8,199.3,200.8,204.2,205.2,4.73,82.9,4.822,7.4,1.093,0,nominal,0,0.0,194.99,701957.9
42.2,takeoff_climb,94.24471635150167,1173.5261401557286,34.57174638487208,5282.6,856.7,869.1,868.2,859.6,199.4,199.4,204.7,205.4,4.72,83.5,4.842,5284.9,858.8,866.8,869.8,859.8,199.3,200.8,204.2,205.2,4.73,82.9,4.82,7.4,1.093,0,nominal,0,0.0,194.99,701957.8
42.3,takeoff_climb,94.23581757508343,1176.3070077864293,34.58731924360401,5269.5,860.3,869.0,873.3,862.9,200.0,201.5,204.1,204.8,4.75,82.8,4.812,5283.9,858.8,866.8,869.8,859.8,199.3,200.8,204.2,205.2,4.73,82.9,4.819,7.4,1.093,0,nominal,0,0.0,194.99,701957.7
42.4,takeoff_climb,94.22691879866518,1179.0878754171301,34.60289210233593,5287.8,859.8,866.6,871.2,860.1,198.3,201.4,204.5,204.7,4.74,83.7,4.842,5282.9,858.8,866.8,869.8,859.8,199.3,200.8,204.2,205.2,4.73,82.9,4.817,7.3,1.092,0,nominal,0,0.0,194.99,701957.6
42.5,takeoff_climb,94.21802002224695,1181.8687430478308,34.61846496106785,5276.5,858.5,865.3,869.9,859.1,199.0,200.6,203.6,205.0,4.75,83.6,4.832,5281.9,858.8,866.8,869.8,859.8,199.3,200.8,204.2,205.2,4.73,82.9,4.816,7.3,1.092,0,nominal,0,0.0,194.99,701957.5
42.6,takeoff_climb,94.2091212458287,1184.6496106785316,34.63403781979978,5281.9,857.1,865.9,868.3,857.7,199.4,201.7,204.2,205.0,4.72,83.1,4.786,5280.9,858.8,866.8,869.8,859.8,199.3,200.8,204.2,205.2,4.73,82.9,4.814,7.3,1.092,0,nominal,0,0.0,194.99,701957.4
42.7,takeoff_climb,94.20022246941046,1187.4304783092325,34.6496106785317,5284.9,859.1,865.9,868.9,861.9,199.5,200.8,203.3,205.0,4.76,82.6,4.817,5279.8,858.7,866.7,869.7,859.7,199.3,200.8,204.2,205.2,4.73,82.9,4.813,7.3,1.091,0,nominal,0,0.0,194.99,701957.3
42.8,takeoff_climb,94.19132369299221,1190.2113459399332,34.66518353726363,5282.4,859.7,867.6,870.1,860.0,198.4,200.7,203.1,204.3,4.76,83.1,4.8,5278.8,858.7,866.7,869.7,859.7,199.3,200.8,204.3,205.3,4.73,82.9,4.811,7.3,1.091,0,nominal,0,0.0,194.99,701957.2
42.9,takeoff_climb,94.18242491657396,1192.992213570634,34.68075639599555,5272.1,854.1,868.9,870.8,860.1,198.7,200.9,204.3,205.1,4.77,83.4,4.82,5277.8,858.7,866.7,869.7,859.7,199.3,200.8,204.3,205.3,4.73,82.9,4.81,7.2,1.091,0,nominal,0,0.0,194.99,701957.1
43.0,takeoff_climb,94.17352614015573,1195.7730812013347,34.69632925472747,5278.7,858.6,866.1,868.5,860.8,198.5,200.6,205.1,204.9,4.75,83.3,4.788,5276.8,858.7,866.7,869.7,859.7,199.3,200.8,204.3,205.3,4.73,82.9,4.808,7.2,1.09,0,nominal,0,0.0,194.99,701957.0
43.1,takeoff_climb,94.16462736373748,1198.5539488320355,34.7119021134594,5273.7,858.6,865.8,871.4,860.4,200.1,201.1,204.5,205.9,4.75,82.5,4.767,5275.8,858.7,866.7,869.7,859.7,199.3,200.8,204.3,205.3,4.73,82.9,4.807,7.2,1.09,0,nominal,0,0.0,194.99,701956.9
43.2,takeoff_climb,94.15572858731925,1201.3348164627364,34.727474972191324,5272.5,856.3,868.7,871.2,859.8,200.1,201.0,204.8,205.3,4.72,83.9,4.813,5274.8,858.7,866.7,869.7,859.7,199.3,200.8,204.3,205.3,4.73,82.9,4.805,7.2,1.09,0,nominal,0,0.0,194.99,701956.8
43.3,takeoff_climb,94.146829810901,1204.115684093437,34.743047830923246,5279.9,856.3,868.6,871.1,859.1,199.7,200.7,204.0,204.7,4.73,82.6,4.812,5273.8,858.7,866.7,869.7,859.7,199.3,200.8,204.3,205.3,4.73,82.9,4.804,7.2,1.09,0,nominal,0,0.0,194.99,701956.7
43.4,takeoff_climb,94.13793103448276,1206.896551724138,34.758620689655174,5272.0,859.4,865.3,870.4,863.9,198.4,200.7,204.6,205.0,4.74,83.5,4.854,5272.8,858.7,866.7,869.7,859.7,199.3,200.8,204.3,205.3,4.73,82.9,4.802,7.2,1.089,0,nominal,0,0.0,194.99,701956.6
43.5,takeoff_climb,94.12903225806451,1209.6774193548385,34.774193548387096,5267.1,857.5,865.9,870.5,859.2,199.3,201.2,205.1,204.8,4.72,82.3,4.807,5271.8,858.7,866.7,869.7,859.7,199.3,200.8,204.3,205.3,4.73,82.8,4.801,7.1,1.089,0,nominal,0,0.0,194.99,701956.5
43.6,takeoff_climb,94.12013348164628,1212.4582869855394,34.78976640711902,5269.4,859.0,863.2,870.0,861.3,199.8,200.0,204.2,205.5,4.76,82.6,4.844,5270.7,858.7,866.7,869.7,859.7,199.4,200.8,204.3,205.3,4.73,82.8,4.799,7.1,1.089,0,nominal,0,0.0,194.99,701956.4
43.7,takeoff_climb,94.11123470522803,1215.2391546162403,34.80533926585095,5271.7,858.3,863.9,869.5,862.8,199.5,200.8,203.6,205.3,4.76,82.8,4.817,5269.7,858.7,866.7,869.7,859.7,199.4,200.8,204.3,205.3,4.73,82.8,4.798,7.1,1.088,0,nominal,0,0.0,194.99,701956.3
43.8,takeoff_climb,94.1023359288098,1218.020022246941,34.82091212458287,5272.7,857.9,866.2,868.1,860.2,199.7,201.0,204.2,205.7,4.75,82.7,4.815,5268.7,858.7,866.7,869.7,859.7,199.4,200.8,204.3,205.3,4.73,82.8,4.796,7.1,1.088,0,nominal,0,0.0,194.99,701956.2
43.9,takeoff_climb,94.09343715239154,1220.8008898776418,34.83648498331479,5280.4,857.4,865.4,871.1,858.6,200.0,200.6,203.9,205.3,4.72,82.6,4.791,5267.7,858.7,866.7,869.7,859.7,199.4,200.9,204.3,205.3,4.73,82.8,4.795,7.1,1.088,0,nominal,0,0.0,194.99,701956.1
44.0,takeoff_climb,94.08453837597331,1223.5817575083424,34.85205784204672,5267.0,858.0,864.8,868.9,861.2,199.3,199.3,205.3,205.6,4.72,82.3,4.824,5266.7,858.6,866.6,869.6,859.6,199.4,200.9,204.3,205.3,4.73,82.8,4.793,7.0,1.087,0,nominal,0,0.0,194.99,701956.0
44.1,takeoff_climb,94.07563959955506,1226.3626251390433,34.86763070077864,5262.2,858.7,868.0,869.2,860.6,198.8,200.6,204.1,204.5,4.7,83.4,4.787,5265.7,858.6,866.6,869.6,859.6,199.4,200.9,204.3,205.3,4.73,82.8,4.792,7.0,1.087,0,nominal,0,0.0,194.99,701955.9
44.2,takeoff_climb,94.06674082313683,1229.1434927697442,34.88320355951057,5259.1,856.8,868.8,869.5,859.3,199.7,200.2,204.3,205.1,4.71,81.8,4.773,5264.7,858.6,866.6,869.6,859.6,199.4,200.9,204.3,205.3,4.73,82.8,4.79,7.0,1.087,0,nominal,0,0.0,194.99,701955.8
44.3,takeoff_climb,94.05784204671858,1231.9243604004448,34.89877641824249,5253.5,858.9,867.3,869.4,857.3,199.0,200.4,204.4,205.5,4.69,82.5,4.851,5263.7,858.6,866.6,869.6,859.6,199.4,200.9,204.3,205.3,4.73,82.8,4.789,7.0,1.087,0,nominal,0,0.0,194.99,701955.7
44.4,takeoff_climb,94.04894327030033,1234.7052280311457,34.91434927697441,5262.5,859.2,865.4,867.8,858.5,199.7,200.4,204.2,205.4,4.74,82.4,4.758,5262.7,858.6,866.6,869.6,859.6,199.4,200.9,204.3,205.3,4.73,82.8,4.787,7.0,1.086,0,nominal,0,0.0,194.99,701955.6
44.5,takeoff_climb,94.04004449388209,1237.4860956618463,34.92992213570634,5261.6,858.6,868.1,868.3,860.6,198.5,200.6,204.8,205.6,4.73,82.9,4.754,5261.7,858.6,866.6,869.6,859.6,199.4,200.9,204.3,205.3,4.73,82.8,4.786,7.0,1.086,0,nominal,0,0.0,194.99,701955.5
44.6,takeoff_climb,94.03114571746384,1240.2669632925472,34.94549499443826,5265.2,860.1,867.0,871.7,858.7,199.3,201.1,205.2,205.4,4.7,83.3,4.822,5260.7,858.6,866.6,869.6,859.6,199.4,200.9,204.3,205.3,4.73,82.8,4.784,6.9,1.086,0,nominal,0,0.0,194.99,701955.4
44.7,takeoff_climb,94.02224694104561,1243.047830923248,34.96106785317019,5260.6,857.1,865.4,868.9,858.2,199.3,200.8,203.4,205.6,4.75,82.6,4.852,5259.6,858.6,866.6,869.6,859.6,199.4,200.9,204.4,205.4,4.73,82.8,4.783,6.9,1.085,0,nominal,0,0.0,194.99,701955.3
44.8,takeoff_climb,94.01334816462736,1245.8286985539487,34.976640711902114,5259.9,857.4,867.2,869.7,861.6,199.9,199.8,204.2,205.5,4.7,83.4,4.786,5258.6,858.6,866.6,869.6,859.6,199.4,200.9,204.4,205.4,4.73,82.8,4.781,6.9,1.085,0,nominal,0,0.0,194.99,701955.2
44.9,takeoff_climb,94.00444938820912,1248.6095661846496,34.992213570634036,5261.2,857.3,865.5,870.6,860.4,199.2,200.4,204.2,204.5,4.74,83.7,4.791,5257.6,858.6,866.6,869.6,859.6,199.4,200.9,204.4,205.4,4.73,82.7,4.78,6.9,1.085,0,nominal,0,0.0,194.99,701955.1
45.0,takeoff_climb,93.99555061179088,1251.3904338153502,35.007786429365964,5257.7,859.1,866.4,871.6,859.9,199.2,202.2,205.2,205.5,4.76,82.4,4.75,5256.6,858.6,866.6,869.6,859.6,199.4,200.9,204.4,205.4,4.73,82.7,4.778,6.9,1.084,0,nominal,0,0.0,194.99,701955.0
45.1,takeoff_climb,93.98665183537264,1254.171301446051,35.023359288097886,5259.6,858.7,866.7,871.3,857.3,199.4,201.8,204.5,205.7,4.73,82.4,4.779,5255.6,858.6,866.6,869.6,859.6,199.4,200.9,204.4,205.4,4.73,82.7,4.777,6.8,1.084,0,nominal,0,0.0,194.99,701954.9
45.2,takeoff_climb,93.97775305895439,1256.952169076752,35.03893214682981,5253.9,857.9,867.0,869.1,859.4,200.0,200.1,204.3,205.8,4.77,83.5,4.752,5254.6,858.6,866.6,869.6,859.6,199.4,200.9,204.4,205.4,4.73,82.7,4.775,6.8,1.084,0,nominal,0,0.0,194.99,701954.8
45.3,takeoff_climb,93.96885428253616,1259.7330367074526,35.05450500556174,5257.8,858.2,864.8,869.9,859.5,199.2,200.3,204.1,205.6,4.73,82.8,4.754,5253.6,858.5,866.5,869.5,859.5,199.4,200.9,204.4,205.4,4.73,82.7,4.774,6.8,1.084,0,nominal,0,0.0,194.99,701954.7
45.4,takeoff_climb,93.95995550611791,1262.5139043381535,35.07007786429366,5255.0,859.7,868.1,868.3,858.0,200.0,202.1,203.5,205.6,4.72,82.6,4.756,5252.6,858.5,866.5,869.5,859.5,199.4,200.9,204.4,205.4,4.73,82.7,4.772,6.8,1.083,0,nominal,0,0.0,194.99,701954.6
45.5,takeoff_climb,93.95105672969967,1265.294771968854,35.08565072302558,5251.3,860.1,867.9,870.0,862.5,200.0,200.0,204.7,205.1,4.76,82.4,4.781,5251.6,858.5,866.5,869.5,859.5,199.4,200.9,204.4,205.4,4.73,82.7,4.771,6.8,1.083,0,nominal,0,0.0,194.99,701954.5
45.6,takeoff_climb,93.94215795328142,1268.075639599555,35.10122358175751,5252.2,860.6,867.5,869.7,856.9,199.7,199.3,203.5,204.2,4.71,83.0,4.768,5250.6,858.5,866.5,869.5,859.5,199.4,200.9,204.4,205.4,4.73,82.7,4.769,6.8,1.083,0,nominal,0,0.0,194.99,701954.4
45.7,takeoff_climb,93.93325917686317,1270.8565072302558,35.11679644048943,5258.0,859.6,863.8,869.1,859.9,199.2,201.1,204.1,205.5,4.73,83.1,4.773,5249.6,858.5,866.5,869.5,859.5,199.4,200.9,204.4,205.4,4.73,82.7,4.768,6.7,1.082,0,nominal,0,0.0,194.99,701954.3
45.8,takeoff_climb,93.92436040044494,1273.6373748609565,35.13236929922136,5253.7,856.4,866.7,871.9,859.4,199.4,200.8,204.6,205.2,4.7,82.3,4.767,5248.6,858.5,866.5,869.5,859.5,199.4,200.9,204.4,205.4,4.73,82.7,4.766,6.7,1.082,0,nominal,0,0.0,194.99,701954.2
45.9,takeoff_climb,93.91546162402669,1276.4182424916573,35.14794215795328,5250.5,858.3,864.8,868.1,857.9,199.1,201.5,203.8,205.4,4.76,82.9,4.724,5247.6,858.5,866.5,869.5,859.5,199.4,200.9,204.4,205.4,4.73,82.7,4.765,6.7,1.082,0,nominal,0,0.0,194.99,701954.1
46.0,takeoff_climb,93.90656284760846,1279.1991101223582,35.1635150166852,5242.3,858.9,868.4,871.6,861.3,198.4,200.5,204.3,205.3,4.72,82.0,4.738,5246.6,858.5,866.5,869.5,859.5,199.4,200.9,204.4,205.4,4.73,82.7,4.763,6.7,1.081,0,nominal,0,0.0,194.99,701954.0
46.1,takeoff_climb,93.8976640711902,1281.9799777530588,35.17908787541713,5248.2,856.5,866.8,871.6,859.5,199.8,200.7,204.4,206.3,4.67,82.7,4.823,5245.6,858.5,866.5,869.5,859.5,199.5,200.9,204.4,205.4,4.73,82.6,4.762,6.7,1.081,0,nominal,0,0.0,194.99,701953.9
46.2,takeoff_climb,93.88876529477197,1284.7608453837597,35.19466073414905,5241.9,857.4,865.7,867.8,859.8,199.6,200.3,205.3,205.6,4.73,82.9,4.788,5244.5,858.5,866.5,869.5,859.5,199.5,200.9,204.4,205.4,4.73,82.6,4.76,6.6,1.081,0,nominal,0,0.0,194.99,701953.8
46.3,takeoff_climb,93.87986651835372,1287.5417130144604,35.21023359288098,5245.5,858.1,864.4,868.8,858.4,199.9,200.1,204.1,205.6,4.71,82.4,4.77,5243.5,858.5,866.5,869.5,859.5,199.5,200.9,204.4,205.4,4.73,82.6,4.759,6.6,1.081,0,nominal,0,0.0,194.99,701953.7
46.4,takeoff_climb,93.87096774193549,1290.3225806451612,35.225806451612904,5246.3,860.3,864.5,871.9,859.7,198.6,201.2,204.1,206.0,4.75,82.9,4.706,5242.5,858.5,866.5,869.5,859.5,199.5,201.0,204.4,205.4,4.73,82.6,4.757,6.6,1.08,0,nominal,0,0.0,194.99,701953.6
46.5,takeoff_climb,93.86206896551724,1293.103448275862,35.241379310344826,5236.9,858.9,866.0,868.8,860.2,199.8,200.6,203.5,205.8,4.73,82.9,4.765,5241.5,858.5,866.5,869.5,859.5,199.5,201.0,204.4,205.4,4.73,82.6,4.756,6.6,1.08,0,nominal,0,0.0,194.99,701953.5
46.6,takeoff_climb,93.853170189099,1295.8843159065627,35.256952169076754,5244.2,862.4,867.1,869.8,861.4,199.8,201.4,204.5,205.3,4.72,82.0,4.744,5240.5,858.5,866.5,869.5,859.5,199.5,201.0,204.4,205.4,4.73,82.6,4.754,6.6,1.08,0,nominal,0,0.0,194.99,701953.4
46.7,takeoff_climb,93.84427141268075,1298.6651835372636,35.272525027808676,5243.2,857.1,866.7,869.5,862.5,199.4,202.4,203.7,205.0,4.79,82.0,4.725,5239.5,858.4,866.4,869.4,859.4,199.5,201.0,204.4,205.4,4.73,82.6,4.753,6.6,1.079,0,nominal,0,0.0,194.99,701953.3
46.8,takeoff_climb,93.83537263626252,1301.4460511679642,35.2880978865406,5238.0,858.1,865.4,870.9,858.0,198.7,201.7,206.1,206.1,4.74,82.7,4.777,5238.5,858.4,866.4,869.4,859.4,199.5,201.0,204.4,205.4,4.73,82.6,4.751,6.5,1.079,0,nominal,0,0.0,194.99,701953.2
46.9,takeoff_climb,93.82647385984427,1304.226918798665,35.30367074527253,5238.1,858.6,866.0,868.8,858.8,197.9,201.6,205.3,205.1,4.66,82.2,4.795,5237.5,858.4,866.4,869.4,859.4,199.5,201.0,204.4,205.4,4.73,82.6,4.75,6.5,1.079,0,nominal,0,0.0,194.99,701953.1
47.0,takeoff_climb,93.81757508342604,1307.007786429366,35.31924360400445,5235.0,858.8,867.9,869.0,859.2,199.2,201.1,204.9,205.0,4.71,82.3,4.789,5236.5,858.4,866.4,869.4,859.4,199.5,201.0,204.4,205.4,4.73,82.6,4.748,6.5,1.079,0,nominal,0,0.0,194.99,701953.0
47.1,takeoff_climb,93.80867630700779,1309.7886540600666,35.33481646273637,5225.3,857.4,863.4,866.8,857.3,200.0,201.0,204.3,204.5,4.68,83.3,4.741,5235.5,858.4,866.4,869.4,859.4,199.5,201.0,204.4,205.4,4.73,82.6,4.747,6.5,1.078,0,nominal,0,0.0,194.99,701952.9
47.2,takeoff_climb,93.79977753058954,1312.5695216907675,35.3503893214683,5235.5,861.9,865.0,870.8,856.9,199.4,200.8,205.7,205.8,4.75,81.9,4.781,5234.5,858.4,866.4,869.4,859.4,199.5,201.0,204.4,205.4,4.73,82.6,4.746,6.5,1.078,0,nominal,0,0.0,194.99,701952.8
47.3,takeoff_climb,93.7908787541713,1315.3503893214681,35.36596218020022,5230.5,859.9,866.6,869.7,860.5,198.5,201.4,205.8,205.3,4.74,82.3,4.747,5233.5,858.4,866.4,869.4,859.4,199.5,201.0,204.4,205.4,4.73,82.5,4.744,6.5,1.078,0,nominal,0,0.0,194.99,701952.7
47.4,takeoff_climb,93.78197997775305,1318.131256952169,35.38153503893215,5231.4,857.4,866.2,867.9,861.8,200.9,202.4,204.4,206.4,4.75,82.2,4.74,5232.5,858.4,866.4,869.4,859.4,199.5,201.0,204.5,205.5,4.73,82.5,4.743,6.4,1.077,0,nominal,0,0.0,194.99,701952.6
47.5,takeoff_climb,93.77308120133482,1320.9121245828699,35.39710789766407,5234.8,858.8,865.3,869.8,860.0,199.3,200.2,204.6,205.9,4.74,82.3,4.742,5231.5,858.4,866.4,869.4,859.4,199.5,201.0,204.5,205.5,4.73,82.5,4.741,6.4,1.077,0,nominal,0,0.0,194.99,701952.5
47.6,takeoff_climb,93.76418242491657,1323.6929922135705,35.41268075639599,5241.7,856.8,867.1,869.1,860.7,200.2,200.0,205.0,205.9,4.72,81.9,4.694,5230.5,858.4,866.4,869.4,859.4,199.5,201.0,204.5,205.5,4.73,82.5,4.74,6.4,1.077,0,nominal,0,0.0,194.99,701952.4
47.7,takeoff_climb,93.75528364849833,1326.4738598442714,35.42825361512792,5229.7,859.1,867.7,871.8,860.2,200.5,202.5,204.6,207.0,4.68,82.3,4.715,5229.5,858.4,866.4,869.4,859.4,199.5,201.0,204.5,205.5,4.73,82.5,4.738,6.4,1.076,0,nominal,0,0.0,194.99,701952.3
47.8,takeoff_climb,93.74638487208009,1329.254727474972,35.44382647385984,5232.8,860.2,868.8,869.3,859.9,199.7,201.0,204.5,205.5,4.71,83.6,4.708,5228.5,858.4,866.4,869.4,859.4,199.5,201.0,204.5,205.5,4.73,82.5,4.737,6.4,1.076,0,nominal,0,0.0,194.99,701952.2
47.9,takeoff_climb,93.73748609566185,1332.0355951056729,35.45939933259177,5220.9,859.3,865.4,868.7,861.9,199.7,201.3,204.3,204.7,4.74,81.8,4.735,5227.5,858.4,866.4,869.4,859.4,199.5,201.0,204.5,205.5,4.73,82.5,4.735,6.3,1.076,0,nominal,0,0.0,194.99,701952.1
48.0,takeoff_climb,93.7285873192436,1334.8164627363738,35.474972191323694,5221.9,855.5,865.7,869.8,858.9,200.3,201.1,204.9,206.2,4.76,82.6,4.767,5226.5,858.3,866.3,869.3,859.3,199.5,201.0,204.5,205.5,4.73,82.5,4.734,6.3,1.076,0,nominal,0,0.0,194.99,701952.0
48.1,takeoff_climb,93.71968854282537,1337.5973303670744,35.490545050055616,5211.1,859.1,866.2,871.1,858.8,199.7,201.2,203.8,204.2,4.72,82.9,4.7,5225.5,858.3,866.3,869.3,859.3,199.5,201.0,204.5,205.5,4.73,82.5,4.732,6.3,1.075,0,nominal,0,0.0,194.99,701951.9
48.2,takeoff_climb,93.71078976640712,1340.3781979977753,35.506117908787544,5226.9,857.0,865.3,867.9,859.6,200.4,202.3,204.9,206.4,4.73,82.3,4.791,5224.5,858.3,866.3,869.3,859.3,199.5,201.0,204.5,205.5,4.73,82.5,4.731,6.3,1.075,0,nominal,0,0.0,194.99,701951.8
48.3,takeoff_climb,93.70189098998888,1343.159065628476,35.521690767519466,5229.3,857.0,865.1,868.6,857.1,198.7,201.3,203.4,205.8,4.74,82.5,4.729,5223.5,858.3,866.3,869.3,859.3,199.5,201.0,204.5,205.5,4.73,82.5,4.729,6.3,1.075,0,nominal,0,0.0,194.99,701951.7
48.4,takeoff_climb,93.69299221357063,1345.9399332591768,35.53726362625139,5217.0,856.3,865.6,868.1,859.9,199.6,200.5,203.8,204.9,4.75,81.6,4.71,5222.5,858.3,866.3,869.3,859.3,199.5,201.0,204.5,205.5,4.73,82.4,4.728,6.3,1.074,0,nominal,0,0.0,194.99,701951.6
48.5,takeoff_climb,93.6840934371524,1348.7208008898776,35.55283648498332,5220.7,854.8,865.0,870.7,859.2,199.7,200.6,203.4,206.0,4.76,83.1,4.687,5221.5,858.3,866.3,869.3,859.3,199.5,201.0,204.5,205.5,4.73,82.4,4.726,6.2,1.074,0,nominal,0,0.0,194.99,701951.5
48.6,takeoff_climb,93.67519466073415,1351.5016685205783,35.56840934371524,5224.9,859.4,865.2,867.8,858.0,197.9,200.7,204.5,205.1,4.74,82.2,4.745,5220.5,858.3,866.3,869.3,859.3,199.5,201.0,204.5,205.5,4.73,82.4,4.725,6.2,1.074,0,nominal,0,0.0,194.99,701951.4
48.7,takeoff_climb,93.6662958843159,1354.2825361512791,35.58398220244716,5208.9,858.4,863.8,868.3,859.8,198.5,201.1,204.1,206.0,4.7,83.2,4.75,5219.5,858.3,866.3,869.3,859.3,199.5,201.0,204.5,205.5,4.73,82.4,4.723,6.2,1.073,0,nominal,0,0.0,194.99,701951.3
48.8,takeoff_climb,93.65739710789767,1357.0634037819798,35.59955506117909,5214.4,859.1,865.8,868.1,857.7,198.6,201.3,204.3,205.3,4.71,82.4,4.698,5218.5,858.3,866.3,869.3,859.3,199.5,201.0,204.5,205.5,4.73,82.4,4.722,6.2,1.073,0,nominal,0,0.0,194.99,701951.2
48.9,takeoff_climb,93.64849833147942,1359.8442714126807,35.61512791991101,5214.6,857.7,864.9,868.3,861.9,198.5,201.2,202.8,205.9,4.76,82.9,4.731,5217.5,858.3,866.3,869.3,859.3,199.5,201.0,204.5,205.5,4.73,82.4,4.72,6.2,1.073,0,nominal,0,0.0,194.99,701951.1
49.0,takeoff_climb,93.63959955506118,1362.6251390433815,35.63070077864293,5216.9,860.3,864.8,867.2,859.5,199.2,201.6,204.8,204.9,4.73,82.4,4.693,5216.5,858.3,866.3,869.3,859.3,199.5,201.0,204.5,205.5,4.73,82.4,4.719,6.1,1.073,0,nominal,0,0.0,194.99,701951.0
49.1,takeoff_climb,93.63070077864293,1365.4060066740822,35.64627363737486,5210.7,857.9,865.4,868.8,860.2,198.8,201.7,204.0,204.5,4.71,82.7,4.663,5215.5,858.3,866.3,869.3,859.3,199.5,201.0,204.5,205.5,4.73,82.4,4.718,6.1,1.072,0,nominal,0,0.0,194.99,701950.9
49.2,takeoff_climb,93.6218020022247,1368.186874304783,35.66184649610678,5214.3,859.2,866.8,869.5,858.1,200.8,201.0,204.6,204.8,4.73,82.2,4.719,5214.5,858.3,866.3,869.3,859.3,199.5,201.0,204.5,205.5,4.73,82.4,4.716,6.1,1.072,0,nominal,0,0.0,194.99,701950.8
49.3,takeoff_climb,93.61290322580645,1370.9677419354837,35.67741935483871,5214.1,860.5,862.6,868.9,859.3,199.6,201.9,203.8,204.7,4.7,82.4,4.685,5213.5,858.2,866.2,869.2,859.2,199.5,201.0,204.5,205.5,4.73,82.4,4.715,6.1,1.072,0,nominal,0,0.0,194.99,701950.7
49.4,takeoff_climb,93.60400444938821,1373.7486095661845,35.69299221357063,5212.1,856.7,867.7,867.2,860.2,200.4,201.2,204.8,205.7,4.76,81.7,4.687,5212.5,858.2,866.2,869.2,859.2,199.5,201.0,204.5,205.5,4.73,82.3,4.713,6.1,1.071,0,nominal,0,0.0,194.99,701950.6
49.5,takeoff_climb,93.59510567296996,1376.5294771968854,35.708565072302555,5215.8,859.4,864.9,870.2,857.9,198.8,201.0,204.7,205.7,4.71,81.9,4.722,5211.5,858.2,866.2,869.2,859.2,199.5,201.0,204.5,205.5,4.73,82.3,4.712,6.1,1.071,0,nominal,0,0.0,194.99,701950.5
49.6,takeoff_climb,93.58620689655173,1379.310344827586,35.724137931034484,5216.7,859.1,865.8,872.6,859.4,199.0,200.0,205.2,206.5,4.73,82.3,4.723,5210.5,858.2,866.2,869.2,859.2,199.5,201.0,204.5,205.5,4.73,82.3,4.71,6.0,1.071,0,nominal,0,0.0,194.99,701950.4
49.7,takeoff_climb,93.57730812013348,1382.091212458287,35.739710789766406,5211.8,859.2,865.5,869.4,860.3,198.6,201.7,203.9,205.4,4.7,81.5,4.759,5209.5,858.2,866.2,869.2,859.2,199.5,201.0,204.5,205.5,4.73,82.3,4.709,6.0,1.071,0,nominal,0,0.0,194.99,701950.3
49.8,takeoff_climb,93.56840934371525,1384.8720800889878,35.755283648498335,5220.4,856.4,864.5,870.4,861.0,199.3,201.0,205.0,206.1,4.75,82.4,4.719,5208.5,858.2,866.2,869.2,859.2,199.5,201.0,204.5,205.5,4.73,82.3,4.707,6.0,1.07,0,nominal,0,0.0,194.99,701950.2
49.9,takeoff_climb,93.559510567297,1387.6529477196884,35.770856507230256,5216.3,856.5,868.1,867.4,858.1,199.2,200.2,204.3,205.2,4.72,82.3,4.683,5207.5,858.2,866.2,869.2,859.2,199.5,201.0,204.5,205.5,4.73,82.3,4.706,6.0,1.07,0,nominal,0,0.0,194.99,701950.1
50.0,takeoff_climb,93.55061179087875,1390.4338153503893,35.78642936596218,5209.1,857.8,865.8,866.9,859.1,199.7,201.0,204.9,204.5,4.71,82.7,4.682,5206.5,858.2,866.2,869.2,859.2,199.5,201.0,204.5,205.5,4.73,82.3,4.704,6.0,1.07,0,nominal,0,0.0,194.99,701950.0
50.1,takeoff_climb,93.54171301446051,1393.21468298109,35.80200222469411,5200.3,859.8,864.5,868.5,860.8,198.4,201.0,203.8,205.7,4.78,82.5,4.691,5205.5,858.2,866.2,869.2,859.2,199.5,201.0,204.5,205.5,4.73,82.3,4.703,5.9,1.069,0,nominal,0,0.0,194.99,701949.9
50.2,takeoff_climb,93.53281423804226,1395.9955506117908,35.81757508342603,5196.8,857.9,866.8,867.7,860.1,199.7,200.3,204.5,206.3,4.69,82.2,4.716,5204.5,858.2,866.2,869.2,859.2,199.5,201.0,204.5,205.5,4.73,82.3,4.701,5.9,1.069,0,nominal,0,0.0,194.99,701949.8
50.3,takeoff_climb,93.52391546162403,1398.7764182424917,35.83314794215795,5210.4,858.2,868.3,868.5,858.5,199.5,201.2,204.2,206.0,4.72,82.0,4.729,5203.5,858.2,866.2,869.2,859.2,199.5,201.0,204.5,205.5,4.73,82.3,4.7,5.9,1.069,0,nominal,0,0.0,194.99,701949.7
50.4,takeoff_climb,93.51501668520578,1401.5572858731923,35.84872080088988,5197.3,860.2,870.1,870.3,860.7,198.5,200.4,204.1,205.1,4.72,82.2,4.7,5202.5,858.2,866.2,869.2,859.2,199.5,201.0,204.5,205.5,4.73,82.2,4.698,5.9,1.068,0,nominal,0,0.0,194.99,701949.6
50.5,takeoff_climb,93.50611790878754,1404.3381535038932,35.8642936596218,5206.6,857.4,868.9,871.0,862.5,199.6,200.6,205.3,205.3,4.73,82.3,4.667,5201.5,858.2,866.2,869.2,859.2,199.5,201.0,204.5,205.5,4.73,82.2,4.697,5.9,1.068,0,nominal,0,0.0,194.99,701949.5
50.6,takeoff_climb,93.4972191323693,1407.1190211345938,35.87986651835372,5196.6,857.0,867.4,869.2,858.1,200.5,201.2,204.4,205.2,4.76,82.6,4.655,5200.5,858.1,866.1,869.1,859.1,199.5,201.0,204.5,205.5,4.73,82.2,4.696,5.9,1.068,0,nominal,0,0.0,194.99,701949.4
50.7,takeoff_climb,93.48832035595106,1409.8998887652947,35.89543937708565,5212.2,860.6,865.1,866.9,859.6,199.2,200.7,204.4,205.3,4.73,82.5,4.712,5199.5,858.1,866.1,869.1,859.1,199.5,201.0,204.5,205.5,4.73,82.2,4.694,5.8,1.068,0,nominal,0,0.0,194.99,701949.3
50.8,takeoff_climb,93.47942157953281,1412.6807563959956,35.91101223581757,5207.8,857.7,864.4,867.8,860.4,200.8,201.5,204.8,204.6,4.72,82.6,4.675,5198.5,858.1,866.1,869.1,859.1,199.5,201.0,204.5,205.5,4.73,82.2,4.693,5.8,1.067,0,nominal,0,0.0,194.99,701949.2
50.9,takeoff_climb,93.47052280311458,1415.4616240266962,35.9265850945495,5194.9,858.9,863.5,869.1,860.7,200.7,200.8,203.5,205.6,4.72,82.0,4.676,5197.5,858.1,866.1,869.1,859.1,199.5,201.0,204.5,205.5,4.73,82.2,4.691,5.8,1.067,0,nominal,0,0.0,194.99,701949.1
51.0,takeoff_climb,93.46162402669633,1418.242491657397,35.94215795328142,5198.8,858.5,865.7,868.3,859.1,199.7,201.2,204.5,206.0,4.74,82.2,4.674,5196.5,858.1,866.1,869.1,859.1,199.5,201.0,204.5,205.5,4.73,82.2,4.69,5.8,1.067,0,nominal,0,0.0,194.99,701949.0
51.1,takeoff_climb,93.45272525027809,1421.0233592880977,35.957730812013345,5197.2,860.4,865.0,870.1,861.4,199.5,200.3,204.7,205.5,4.72,82.0,4.709,5195.5,858.1,866.1,869.1,859.1,199.5,201.0,204.5,205.5,4.73,82.2,4.688,5.8,1.066,0,nominal,0,0.0,194.99,701948.9
51.2,takeoff_climb,93.44382647385984,1423.8042269187986,35.973303670745274,5197.5,857.7,865.5,865.5,859.3,199.1,200.9,204.9,205.8,4.75,81.4,4.663,5194.6,858.1,866.1,869.1,859.1,199.5,201.0,204.5,205.5,4.73,82.2,4.687,5.7,1.066,0,nominal,0,0.0,194.99,701948.8
51.3,takeoff_climb,93.4349276974416,1426.5850945494994,35.988876529477196,5198.0,856.3,866.7,869.1,858.2,199.7,201.8,205.2,205.0,4.7,81.7,4.722,5193.6,858.1,866.1,869.1,859.1,199.5,201.0,204.5,205.5,4.73,82.2,4.685,5.7,1.066,0,nominal,0,0.0,194.99,701948.7
51.4,takeoff_climb,93.42602892102336,1429.3659621802,36.004449388209125,5191.6,857.6,865.7,866.5,862.2,199.3,201.2,204.1,205.6,4.7,81.9,4.736,5192.6,858.1,866.1,869.1,859.1,199.5,201.0,204.5,205.5,4.73,82.1,4.684,5.7,1.066,0,nominal,0,0.0,194.99,701948.6
51.5,takeoff_climb,93.41713014460511,1432.146829810901,36.020022246941046,5194.3,856.3,866.5,868.5,859.5,199.8,200.5,205.8,205.9,4.72,81.9,4.623,5191.6,858.1,866.1,869.1,859.1,199.6,201.0,204.5,205.5,4.73,82.1,4.682,5.7,1.065,0,nominal,0,0.0,194.99,701948.5
51.6,takeoff_climb,93.40823136818688,1434.9276974416016,36.03559510567297,5191.6,857.8,867.1,869.3,858.0,199.9,200.6,204.8,204.6,4.77,81.7,4.684,5190.6,858.1,866.1,869.1,859.1,199.6,201.0,204.5,205.5,4.73,82.1,4.681,5.7,1.065,0,nominal,0,0.0,194.99,701948.4
51.7,takeoff_climb,93.39933259176863,1437.7085650723025,36.0511679644049,5180.2,859.2,863.5,871.5,861.1,199.8,200.4,204.1,206.1,4.73,81.2,4.724,5189.6,858.1,866.1,869.1,859.1,199.6,201.0,204.5,205.5,4.73,82.1,4.679,5.7,1.065,0,nominal,0,0.0,194.99,701948.3
51.8,takeoff_climb,93.39043381535039,1440.4894327030033,36.06674082313682,5191.4,856.5,867.4,871.5,859.8,199.9,201.2,204.4,204.8,4.73,82.2,4.694,5188.6,858.1,866.1,869.1,859.1,199.6,201.0,204.5,205.5,4.73,82.1,4.678,5.6,1.064,0,nominal,0,0.0,194.99,701948.2
51.9,takeoff_climb,93.38153503893214,1443.270300333704,36.08231368186874,5188.0,859.8,866.7,866.2,859.7,201.2,201.1,203.4,205.3,4.74,82.9,4.738,5187.6,858.0,866.0,869.0,859.0,199.6,201.0,204.5,205.5,4.73,82.1,4.677,5.6,1.064,0,nominal,0,0.0,194.99,701948.1
52.0,takeoff_climb,93.37263626251391,1446.0511679644048,36.09788654060067,5188.0,858.8,866.0,869.2,859.7,199.6,201.5,205.0,205.5,4.73,80.9,4.665,5186.6,858.0,866.0,869.0,859.0,199.6,201.0,204.5,205.5,4.73,82.1,4.675,5.6,1.064,0,nominal,0,0.0,194.99,701948.0
52.1,takeoff_climb,93.36373748609566,1448.8320355951055,36.11345939933259,5186.3,854.9,867.9,870.5,858.0,199.5,201.3,204.2,204.3,4.76,82.2,4.687,5185.6,858.0,866.0,869.0,859.0,199.6,201.0,204.5,205.5,4.73,82.1,4.674,5.6,1.063,0,nominal,0,0.0,194.99,701947.9
52.2,takeoff_climb,93.35483870967742,1451.6129032258063,36.12903225806451,5176.6,861.8,867.8,867.7,859.4,200.1,201.4,204.9,205.8,4.72,81.9,4.666,5184.6,858.0,866.0,869.0,859.0,199.6,201.0,204.5,205.5,4.73,82.1,4.672,5.6,1.063,0,nominal,0,0.0,194.99,701947.8
52.3,takeoff_climb,93.34593993325917,1454.3937708565072,36.14460511679644,5183.6,860.2,866.9,871.2,855.6,200.3,201.0,204.3,204.9,4.73,82.0,4.674,5183.6,858.0,866.0,869.0,859.0,199.6,201.0,204.5,205.5,4.73,82.0,4.671,5.5,1.063,0,nominal,0,0.0,194.99,701947.7
52.4,takeoff_climb,93.33704115684094,1457.1746384872079,36.16017797552836,5183.2,857.1,868.0,868.9,857.5,200.0,200.1,204.3,205.8,4.75,82.4,4.708,5182.6,858.0,866.0,869.0,859.0,199.6,201.0,204.5,205.5,4.73,82.0,4.669,5.5,1.063,0,nominal,0,0.0,194.99,701947.6
52.5,takeoff_climb,93.32814238042269,1459.9555061179087,36.175750834260285,5183.9,857.7,865.8,868.3,860.0,200.0,200.2,204.1,205.2,4.73,82.3,4.659,5181.6,858.0,866.0,869.0,859.0,199.6,201.0,204.5,205.5,4.73,82.0,4.668,5.5,1.062,0,nominal,0,0.0,194.99,701947.5
52.6,takeoff_climb,93.31924360400446,1462.7363737486094,36.19132369299221,5181.5,856.9,865.5,868.2,859.7,199.9,202.0,205.0,205.5,4.74,82.3,4.674,5180.6,858.0,866.0,869.0,859.0,199.6,201.0,204.5,205.5,4.73,82.0,4.666,5.5,1.062,0,nominal,0,0.0,194.99,701947.4
52.7,takeoff_climb,93.3103448275862,1465.5172413793102,36.206896551724135,5186.9,857.5,865.3,870.9,857.4,199.5,201.3,204.9,205.8,4.76,82.1,4.729,5179.7,858.0,866.0,869.0,859.0,199.6,201.0,204.5,205.5,4.73,82.0,4.665,5.5,1.062,0,nominal,0,0.0,194.99,701947.3
52.8,takeoff_climb,93.30144605116797,1468.298109010011,36.222469410456064,5174.5,861.2,864.5,871.2,856.8,199.9,202.2,204.3,205.6,4.73,82.1,4.66,5178.7,858.0,866.0,869.0,859.0,199.6,201.0,204.5,205.5,4.73,82.0,4.663,5.5,1.061,0,nominal,0,0.0,194.99,701947.2
52.9,takeoff_climb,93.29254727474972,1471.0789766407117,36.238042269187986,5174.8,858.1,869.7,869.4,859.6,199.7,200.7,204.5,205.8,4.75,82.0,4.648,5177.7,858.0,866.0,869.0,859.0,199.6,201.0,204.5,205.5,4.73,82.0,4.662,5.4,1.061,0,nominal,0,0.0,194.99,701947.1
53.0,takeoff_climb,93.28364849833147,1473.8598442714126,36.253615127919915,5170.7,858.7,864.0,868.4,859.4,198.5,200.9,203.7,204.9,4.71,82.3,4.622,5176.7,858.0,866.0,869.0,859.0,199.6,201.0,204.5,205.5,4.73,82.0,4.661,5.4,1.061,0,nominal,0,0.0,194.99,701947.0
53.1,takeoff_climb,93.27474972191324,1476.6407119021135,36.269187986651836,5175.3,856.5,864.8,871.2,861.1,199.6,201.9,206.1,204.6,4.76,82.3,4.644,5175.7,858.0,866.0,869.0,859.0,199.6,201.0,204.5,205.5,4.73,82.0,4.659,5.4,1.061,0,nominal,0,0.0,194.99,701946.9
53.2,takeoff_climb,93.26585094549499,1479.4215795328141,36.28476084538376,5176.1,856.2,864.0,869.7,859.2,199.3,200.6,204.1,204.7,4.72,82.1,4.679,5174.7,857.9,865.9,868.9,858.9,199.6,201.0,204.5,205.5,4.73,81.9,4.658,5.4,1.06,0,nominal,0,0.0,194.99,701946.8
53.3,takeoff_climb,93.25695216907675,1482.202447163515,36.30033370411569,5164.6,856.6,866.0,871.3,859.2,198.9,201.6,205.5,204.9,4.75,81.8,4.661,5173.7,857.9,865.9,868.9,858.9,199.6,201.0,204.5,205.5,4.73,81.9,4.656,5.4,1.06,0,nominal,0,0.0,194.99,701946.7
53.4,takeoff_climb,93.2480533926585,1484.9833147942156,36.31590656284761,5172.1,858.9,864.9,871.3,859.8,199.7,200.2,203.6,206.6,4.73,82.2,4.655,5172.7,857.9,865.9,868.9,858.9,199.6,201.0,204.5,205.5,4.73,81.9,4.655,5.3,1.06,0,nominal,0,0.0,194.99,701946.6
53.5,takeoff_climb,93.23915461624027,1487.7641824249165,36.33147942157953,5170.5,858.4,865.9,868.0,861.9,199.5,200.8,204.4,205.5,4.72,81.9,4.656,5171.7,857.9,865.9,868.9,858.9,199.6,201.0,204.5,205.5,4.73,81.9,4.653,5.3,1.059,0,nominal,0,0.0,194.99,701946.5
53.6,takeoff_climb,93.23025583982202,1490.5450500556174,36.34705228031146,5173.6,856.7,865.5,870.9,860.0,198.9,201.1,204.9,206.0,4.75,82.4,4.63,5170.7,857.9,865.9,868.9,858.9,199.6,201.0,204.5,205.5,4.73,81.9,4.652,5.3,1.059,0,nominal,0,0.0,194.99,701946.4
53.7,takeoff_climb,93.22135706340379,1493.325917686318,36.36262513904338,5170.4,858.1,867.2,869.2,860.2,198.8,201.9,204.2,206.0,4.77,81.7,4.634,5169.7,857.9,865.9,868.9,858.9,199.6,201.0,204.5,205.5,4.73,81.9,4.65,5.3,1.059,0,nominal,0,0.0,194.99,701946.3
53.8,takeoff_climb,93.21245828698554,1496.1067853170189,36.3781979977753,5160.6,858.0,869.1,869.8,860.4,199.7,200.5,204.8,205.7,4.75,81.6,4.643,5168.8,857.9,865.9,868.9,858.9,199.6,201.0,204.5,205.5,4.73,81.9,4.649,5.3,1.058,0,nominal,0,0.0,194.99,701946.2
53.9,takeoff_climb,93.2035595105673,1498.8876529477195,36.39377085650723,5164.0,857.8,866.8,869.5,858.8,198.9,201.0,205.2,206.2,4.72,81.8,4.644,5167.8,857.9,865.9,868.9,858.9,199.6,201.0,204.5,205.5,4.73,81.9,4.648,5.3,1.058,0,nominal,0,0.0,194.99,701946.1
54.0,takeoff_climb,93.19466073414905,1501.6685205784204,36.40934371523915,5161.4,858.7,867.7,872.1,860.9,199.7,200.8,203.8,205.1,4.78,82.2,4.645,5166.8,857.9,865.9,868.9,858.9,199.6,201.0,204.5,205.5,4.73,81.9,4.646,5.2,1.058,0,nominal,0,0.0,194.99,701946.0
54.1,takeoff_climb,93.18576195773082,1504.4493882091213,36.424916573971075,5173.3,859.4,868.5,869.7,860.1,199.3,201.8,204.5,205.9,4.72,81.8,4.643,5165.8,857.9,865.9,868.9,858.9,199.6,201.0,204.5,205.5,4.73,81.8,4.645,5.2,1.058,0,nominal,0,0.0,194.98,701945.9
54.2,takeoff_climb,93.17686318131257,1507.230255839822,36.440489432703004,5163.8,858.5,865.8,868.6,859.6,199.6,202.1,204.0,205.7,4.75,81.9,4.659,5164.8,857.9,865.9,868.9,858.9,199.6,201.0,204.5,205.5,4.73,81.8,4.643,5.2,1.057,0,nominal,0,0.0,194.98,701945.8
54.3,takeoff_climb,93.16796440489432,1510.0111234705228,36.456062291434925,5165.9,856.8,868.6,869.5,857.7,199.3,201.3,204.1,204.8,4.76,82.0,4.657,5163.8,857.9,865.9,868.9,858.9,199.6,201.0,204.5,205.5,4.73,81.8,4.642,5.2,1.057,0,nominal,0,0.0,194.98,701945.7
54.4,takeoff_climb,93.15906562847609,1512.7919911012234,36.471635150166854,5160.1,856.9,865.2,870.8,856.2,199.9,200.9,203.5,205.7,4.73,82.3,4.605,5162.8,857.9,865.9,868.9,858.9,199.6,201.0,204.5,205.5,4.73,81.8,4.64,5.2,1.057,0,nominal,0,0.0,194.98,701945.6
54.5,takeoff_climb,93.15016685205784,1515.5728587319243,36.487208008898776,5162.6,855.7,865.0,870.1,859.6,200.7,200.1,204.5,205.8,4.72,81.1,4.587,5161.8,857.8,865.8,868.8,858.8,199.6,201.0,204.5,205.5,4.73,81.8,4.639,5.1,1.056,0,nominal,0,0.0,194.98,701945.5
54.6,takeoff_climb,93.1412680756396,1518.3537263626251,36.502780867630705,5162.6,857.5,863.4,867.8,856.2,199.6,200.8,205.1,205.6,4.75,81.8,4.642,5160.8,857.8,865.8,868.8,858.8,199.6,201.0,204.5,205.5,4.73,81.8,4.637,5.1,1.056,0,nominal,0,0.0,194.98,701945.4
54.7,takeoff_climb,93.13236929922135,1521.1345939933258,36.518353726362626,5165.0,856.1,862.4,869.4,858.2,200.0,202.0,206.0,206.7,4.74,82.2,4.69,5159.9,857.8,865.8,868.8,858.8,199.6,201.0,204.5,205.5,4.73,81.8,4.636,5.1,1.056,0,nominal,0,0.0,194.98,701945.3
54.8,takeoff_climb,93.12347052280312,1523.9154616240266,36.53392658509455,5156.7,855.7,866.1,870.2,859.2,198.8,200.4,205.0,205.9,4.71,81.9,4.58,5158.9,857.8,865.8,868.8,858.8,199.6,201.0,204.5,205.5,4.73,81.8,4.634,5.1,1.056,0,nominal,0,0.0,194.98,701945.2
54.9,takeoff_climb,93.11457174638487,1526.6963292547273,36.54949944382648,5158.3,858.6,864.5,869.1,859.0,200.1,200.1,204.3,205.0,4.72,81.0,4.665,5157.9,857.8,865.8,868.8,858.8,199.6,201.0,204.5,205.5,4.73,81.7,4.633,5.1,1.055,0,nominal,0,0.0,194.98,701945.1
55.0,takeoff_climb,93.10567296996663,1529.4771968854282,36.5650723025584,5164.2,857.9,864.2,869.9,859.7,200.5,201.3,204.5,205.0,4.7,81.9,4.616,5156.9,857.8,865.8,868.8,858.8,199.6,201.0,204.5,205.5,4.73,81.7,4.632,5.1,1.055,0,nominal,0,0.0,194.98,701945.0
55.1,takeoff_climb,93.09677419354838,1532.258064516129,36.58064516129032,5164.4,857.7,863.9,869.4,859.0,200.2,201.0,204.9,206.1,4.73,80.8,4.59,5155.9,857.8,865.8,868.8,858.8,199.5,201.0,204.5,205.5,4.73,81.7,4.63,5.0,1.055,0,nominal,0,0.0,194.98,701944.9
55.2,takeoff_climb,93.08787541713015,1535.0389321468297,36.59621802002225,5150.3,858.6,864.9,867.4,859.5,199.0,200.5,205.1,205.1,4.77,81.5,4.619,5154.9,857.8,865.8,868.8,858.8,199.5,201.0,204.5,205.5,4.73,81.7,4.629,5.0,1.054,0,nominal,0,0.0,194.98,701944.8
55.3,takeoff_climb,93.0789766407119,1537.8197997775305,36.61179087875417,5154.9,855.0,865.5,870.5,857.7,199.9,201.5,205.1,205.6,4.74,81.7,4.586,5153.9,857.8,865.8,868.8,858.8,199.5,201.0,204.5,205.5,4.73,81.7,4.627,5.0,1.054,0,nominal,0,0.0,194.98,701944.7
55.4,takeoff_climb,93.07007786429367,1540.6006674082312,36.62736373748609,5144.4,855.0,865.1,868.4,858.8,199.7,202.0,204.4,205.4,4.72,82.2,4.608,5152.9,857.8,865.8,868.8,858.8,199.5,201.0,204.5,205.5,4.73,81.7,4.626,5.0,1.054,0,nominal,0,0.0,194.98,701944.6
55.5,takeoff_climb,93.06117908787542,1543.381535038932,36.64293659621802,5151.0,856.5,865.3,866.9,857.1,199.8,200.8,204.4,205.9,4.77,81.3,4.641,5152.0,857.8,865.8,868.8,858.8,199.5,201.0,204.5,205.5,4.73,81.7,4.624,5.0,1.054,0,nominal,0,0.0,194.98,701944.5
55.6,takeoff_climb,93.05228031145717,1546.162402669633,36.65850945494994,5157.2,856.3,865.6,868.9,861.1,200.5,201.2,204.9,205.3,4.76,82.0,4.611,5151.0,857.8,865.8,868.8,858.8,199.5,201.0,204.5,205.5,4.73,81.7,4.623,4.9,1.053,0,nominal,0,0.0,194.98,701944.4
55.7,takeoff_climb,93.04338153503893,1548.9432703003336,36.674082313681865,5144.1,858.3,866.2,868.4,858.1,199.3,200.9,205.0,205.4,4.68,82.0,4.641,5150.0,857.8,865.8,868.8,858.8,199.5,201.0,204.5,205.5,4.73,81.7,4.622,4.9,1.053,0,nominal,0,0.0,194.98,701944.3
55.8,takeoff_climb,93.03448275862068,1551.7241379310344,36.689655172413794,5149.8,858.3,865.1,867.8,858.6,200.2,200.8,204.5,204.6,4.74,81.8,4.632,5149.0,857.7,865.7,868.7,858.7,199.5,201.0,204.5,205.5,4.73,81.6,4.62,4.9,1.053,0,nominal,0,0.0,194.98,701944.2
55.9,takeoff_climb,93.02558398220245,1554.505005561735,36.705228031145715,5147.4,856.4,865.5,870.7,858.4,199.1,200.7,205.4,206.2,4.76,81.5,4.625,5148.0,857.7,865.7,868.7,858.7,199.5,201.0,204.5,205.5,4.73,81.6,4.619,4.9,1.052,0,nominal,0,0.0,194.98,701944.1
56.0,takeoff_climb,93.0166852057842,1557.285873192436,36.720800889877644,5150.7,857.9,865.0,868.3,860.6,201.3,201.6,203.1,205.4,4.77,81.3,4.658,5147.0,857.7,865.7,868.7,858.7,199.5,201.0,204.5,205.5,4.73,81.6,4.617,4.9,1.052,0,nominal,0,0.0,194.98,701944.0
56.1,takeoff_climb,93.00778642936596,1560.0667408231368,36.736373748609566,5151.4,861.2,867.9,869.4,860.8,199.8,201.0,205.0,205.6,4.78,80.6,4.629,5146.0,857.7,865.7,868.7,858.7,199.5,201.0,204.5,205.5,4.73,81.6,4.616,4.9,1.052,0,nominal,0,0.0,194.98,701943.9
56.2,takeoff_climb,92.99888765294772,1562.8476084538374,36.751946607341495,5142.9,860.5,863.8,869.2,859.7,200.5,201.4,204.6,204.7,4.69,81.2,4.625,5145.1,857.7,865.7,868.7,858.7,199.5,201.0,204.5,205.5,4.73,81.6,4.614,4.8,1.051,0,nominal,0,0.0,194.98,701943.8
56.3,takeoff_climb,92.98998887652948,1565.6284760845383,36.767519466073416,5152.5,858.0,866.9,868.3,860.7,199.7,201.1,205.0,205.8,4.72,81.7,4.619,5144.1,857.7,865.7,868.7,858.7,199.5,201.0,204.5,205.5,4.73,81.6,4.613,4.8,1.051,0,nominal,0,0.0,194.98,701943.7
56.4,takeoff_climb,92.98109010011123,1568.409343715239,36.78309232480534,5141.6,859.8,866.9,868.5,856.8,200.0,201.1,203.5,205.9,4.71,81.7,4.562,5143.1,857.7,865.7,868.7,858.7,199.5,201.0,204.5,205.5,4.73,81.6,4.611,4.8,1.051,0,nominal,0,0.0,194.98,701943.6
56.5,takeoff_climb,92.972191323693,1571.1902113459398,36.79866518353727,5141.7,861.2,866.1,868.9,858.3,200.6,200.5,204.0,204.4,4.76,83.1,4.594,5142.1,857.7,865.7,868.7,858.7,199.5,201.0,204.5,205.5,4.73,81.6,4.61,4.8,1.051,0,nominal,0,0.0,194.98,701943.5
56.6,takeoff_climb,92.96329254727475,1573.9710789766407,36.81423804226919,5146.2,855.7,865.9,867.8,858.2,200.6,201.2,203.3,206.0,4.72,82.0,4.667,5141.1,857.7,865.7,868.7,858.7,199.5,201.0,204.5,205.5,4.73,81.5,4.609,4.8,1.05,0,nominal,0,0.0,194.98,701943.4
56.7,takeoff_climb,92.95439377085651,1576.7519466073413,36.82981090100111,5138.7,854.9,865.1,867.9,857.8,200.1,199.8,204.7,205.4,4.74,81.5,4.6,5140.1,857.7,865.7,868.7,858.7,199.5,201.0,204.5,205.5,4.73,81.5,4.607,4.8,1.05,0,nominal,0,0.0,194.98,701943.3
56.8,takeoff_climb,92.94549499443826,1579.5328142380422,36.84538375973304,5131.0,860.1,867.4,869.5,859.0,198.9,201.6,204.8,205.8,4.72,81.8,4.601,5139.2,857.7,865.7,868.7,858.7,199.5,201.0,204.5,205.5,4.73,81.5,4.606,4.7,1.05,0,nominal,0,0.0,194.98,701943.2
56.9,takeoff_climb,92.93659621802003,1582.313681868743,36.86095661846496,5135.0,857.7,865.8,869.1,860.5,199.0,201.2,204.7,205.7,4.75,81.2,4.573,5138.2,857.7,865.7,868.7,858.7,199.5,201.0,204.5,205.5,4.73,81.5,4.604,4.7,1.049,0,nominal,0,0.0,194.98,701943.1
57.0,takeoff_climb,92.92769744160178,1585.0945494994437,36.87652947719688,5134.5,856.3,866.8,871.1,858.3,199.5,200.3,204.8,205.0,4.68,81.4,4.617,5137.2,857.7,865.7,868.7,858.7,199.5,201.0,204.5,205.5,4.73,81.5,4.603,4.7,1.049,0,nominal,0,0.0,194.98,701943.0
57.1,takeoff_climb,92.91879866518354,1587.8754171301446,36.89210233592881,5135.6,857.6,866.6,869.9,859.5,199.1,202.1,204.1,205.9,4.71,81.6,4.598,5136.2,857.6,865.6,868.6,858.6,199.5,201.0,204.5,205.5,4.73,81.5,4.601,4.7,1.049,0,nominal,0,0.0,194.98,701942.9
57.2,takeoff_climb,92.9098998887653,1590.6562847608452,36.90767519466073,5139.5,859.3,866.7,867.7,857.7,199.4,201.3,204.0,205.5,4.75,81.7,4.607,5135.2,857.6,865.6,868.6,858.6,199.5,201.0,204.5,205.5,4.74,81.5,4.6,4.7,1.049,0,nominal,0,0.0,194.98,701942.8
57.3,takeoff_climb,92.90100111234705,1593.437152391546,36.923248053392655,5118.9,857.6,864.5,869.5,855.9,199.7,200.8,204.5,204.6,4.76,81.6,4.581,5134.2,857.6,865.6,868.6,858.6,199.5,201.0,204.5,205.5,4.74,81.5,4.599,4.6,1.048,0,nominal,0,0.0,194.98,701942.7
57.4,takeoff_climb,92.89210233592881,1596.218020022247,36.938820912124584,5135.1,859.8,866.5,867.2,857.8,198.9,201.1,203.1,205.7,4.73,81.0,4.62,5133.3,857.6,865.6,868.6,858.6,199.5,201.0,204.5,205.5,4.74,81.4,4.597,4.6,1.048,0,nominal,0,0.0,194.98,701942.6
57.5,takeoff_climb,92.88320355951056,1598.9988876529476,36.954393770856505,5130.9,858.4,866.5,868.3,855.9,199.3,201.2,204.2,204.9,4.73,81.6,4.607,5132.3,857.6,865.6,868.6,858.6,199.5,201.0,204.5,205.5,4.74,81.4,4.596,4.6,1.048,0,nominal,0,0.0,194.98,701942.5
57.6,takeoff_climb,92.87430478309233,1601.7797552836485,36.96996662958843,5127.8,857.3,866.5,868.7,859.0,199.8,201.6,204.9,205.2,4.76,80.9,4.571,5131.3,857.6,865.6,868.6,858.6,199.5,201.0,204.5,205.5,4.74,81.4,4.594,4.6,1.047,0,nominal,0,0.0,194.98,701942.4
57.7,takeoff_climb,92.86540600667408,1604.560622914349,36.985539488320356,5121.9,858.0,865.1,868.8,859.0,200.6,201.8,204.4,204.7,4.78,81.2,4.555,5130.3,857.6,865.6,868.6,858.6,199.5,201.0,204.5,205.5,4.74,81.4,4.593,4.6,1.047,0,nominal,0,0.0,194.98,701942.3
57.8,takeoff_climb,92.85650723025584,1607.34149054505,37.00111234705228,5130.9,858.6,866.5,870.7,856.7,200.7,200.9,203.8,205.3,4.7,81.3,4.597,5129.3,857.6,865.6,868.6,858.6,199.5,201.0,204.5,205.5,4.74,81.4,4.591,4.6,1.047,0,nominal,0,0.0,194.98,701942.2
57.9,takeoff_climb,92.8476084538376,1610.1223581757508,37.016685205784206,5134.8,857.0,864.3,869.8,858.1,199.6,201.5,204.0,205.7,4.74,81.4,4.533,5128.3,857.6,865.6,868.6,858.6,199.5,201.0,204.5,205.5,4.74,81.4,4.59,4.5,1.047,0,nominal,0,0.0,194.98,701942.1
58.0,takeoff_climb,92.83870967741936,1612.9032258064515,37.03225806451613,5120.4,856.4,865.7,869.6,857.6,199.8,201.1,204.8,205.0,4.75,81.1,4.573,5127.4,857.6,865.6,868.6,858.6,199.5,201.0,204.5,205.5,4.74,81.4,4.589,4.5,1.046,0,nominal,0,0.0,194.98,701942.0
58.1,takeoff_climb,92.82981090100111,1615.6840934371523,37.04783092324806,5123.3,857.8,863.7,868.7,859.9,199.6,201.5,204.3,205.3,4.76,81.5,4.588,5126.4,857.6,865.6,868.6,858.6,199.5,201.0,204.5,205.5,4.74,81.3,4.587,4.5,1.046,0,nominal,0,0.0,194.98,701941.9
58.2,takeoff_climb,92.82091212458288,1618.464961067853,37.06340378197998,5128.6,856.9,864.3,866.9,861.7,199.7,200.6,204.8,204.7,4.71,81.9,4.603,5125.4,857.6,865.6,868.6,858.6,199.5,201.0,204.5,205.5,4.74,81.3,4.586,4.5,1.046,0,nominal,0,0.0,194.98,701941.8
58.3,takeoff_climb,92.81201334816463,1621.2458286985539,37.0789766407119,5121.4,858.5,864.8,870.0,859.3,199.0,200.4,204.6,205.7,4.72,82.0,4.563,5124.4,857.6,865.6,868.6,858.6,199.5,201.0,204.5,205.5,4.74,81.3,4.584,4.5,1.045,0,nominal,0,0.0,194.98,701941.7
58.4,takeoff_climb,92.80311457174639,1624.0266963292547,37.09454949944383,5123.2,858.5,865.1,867.8,859.5,199.1,200.5,205.3,205.8,4.7,81.6,4.559,5123.4,857.5,865.5,868.5,858.5,199.5,201.0,204.5,205.5,4.74,81.3,4.583,4.4,1.045,0,nominal,0,0.0,194.98,701941.6
58.5,takeoff_climb,92.79421579532814,1626.8075639599554,37.11012235817575,5124.8,857.6,865.1,868.6,858.9,199.5,200.7,204.8,205.4,4.75,81.4,4.616,5122.5,857.5,865.5,868.5,858.5,199.5,201.0,204.5,205.5,4.74,81.3,4.581,4.4,1.045,0,nominal,0,0.0,194.98,701941.5
58.6,takeoff_climb,92.7853170189099,1629.5884315906562,37.12569521690767,5131.4,859.8,866.0,866.6,858.2,198.8,201.0,204.9,205.5,4.77,80.9,4.59,5121.5,857.5,865.5,868.5,858.5,199.5,201.0,204.5,205.5,4.74,81.3,4.58,4.4,1.045,0,nominal,0,0.0,194.98,701941.4
58.7,takeoff_climb,92.77641824249166,1632.3692992213569,37.1412680756396,5117.6,858.2,863.4,866.9,858.6,199.0,200.0,203.8,204.6,4.76,81.7,4.526,5120.5,857.5,865.5,868.5,858.5,199.5,201.0,204.5,205.5,4.74,81.3,4.579,4.4,1.044,0,nominal,0,0.0,194.98,701941.3
58.8,takeoff_climb,92.76751946607341,1635.1501668520577,37.15684093437152,5125.4,857.3,865.5,869.3,861.1,200.4,201.4,204.2,205.0,4.73,81.3,4.573,5119.5,857.5,865.5,868.5,858.5,199.5,201.0,204.5,205.5,4.74,81.3,4.577,4.4,1.044,0,nominal,0,0.0,194.98,701941.2
58.9,takeoff_climb,92.75862068965517,1637.9310344827586,37.172413793103445,5116.9,858.1,866.1,868.3,859.0,199.4,200.3,203.9,205.5,4.73,81.3,4.601,5118.5,857.5,865.5,868.5,858.5,199.5,201.0,204.5,205.5,4.74,81.2,4.576,4.4,1.044,0,nominal,0,0.0,194.98,701941.1
59.0,takeoff_climb,92.74972191323693,1640.7119021134592,37.187986651835374,5120.1,858.0,866.7,866.9,856.7,199.5,201.4,203.9,205.5,4.73,80.9,4.592,5117.6,857.5,865.5,868.5,858.5,199.5,201.0,204.5,205.5,4.74,81.2,4.574,4.3,1.043,0,nominal,0,0.0,194.98,701941.0
59.1,takeoff_climb,92.74082313681869,1643.4927697441601,37.203559510567295,5124.9,858.7,865.7,868.5,860.3,199.7,201.4,204.6,206.6,4.76,81.2,4.649,5116.6,857.5,865.5,868.5,858.5,199.5,201.0,204.5,205.5,4.74,81.2,4.573,4.3,1.043,0,nominal,0,0.0,194.98,701940.9
59.2,takeoff_climb,92.73192436040044,1646.2736373748608,37.21913236929922,5111.3,855.1,867.6,865.8,856.1,199.3,200.7,205.9,205.4,4.78,81.0,4.579,5115.6,857.5,865.5,868.5,858.5,199.5,201.0,204.5,205.5,4.74,81.2,4.571,4.3,1.043,0,nominal,0,0.0,194.98,701940.8
59.3,takeoff_climb,92.7230255839822,1649.0545050055616,37.234705228031146,5117.4,858.8,865.2,869.4,858.4,199.1,201.9,204.7,205.4,4.74,81.2,4.584,5114.6,857.5,865.5,868.5,858.5,199.5,201.0,204.5,205.5,4.74,81.2,4.57,4.3,1.042,0,nominal,0,0.0,194.98,701940.7
59.4,takeoff_climb,92.71412680756396,1651.8353726362625,37.25027808676307,5115.1,861.6,866.8,866.4,858.7,199.3,201.2,203.9,204.6,4.69,80.5,4.54,5113.6,857.5,865.5,868.5,858.5,199.5,201.0,204.5,205.5,4.74,81.2,4.569,4.3,1.042,0,nominal,0,0.0,194.98,701940.6
59.5,takeoff_climb,92.70522803114572,1654.6162402669631,37.265850945494996,5119.6,856.3,867.1,869.6,857.2,199.3,200.4,204.1,205.7,4.75,82.1,4.601,5112.7,857.5,865.5,868.5,858.5,199.5,201.0,204.5,205.5,4.74,81.2,4.567,4.2,1.042,0,nominal,0,0.0,194.98,701940.5
59.6,takeoff_climb,92.69632925472747,1657.397107897664,37.28142380422692,5113.2,858.5,868.6,866.6,857.2,199.1,200.4,204.2,205.9,4.72,82.0,4.565,5111.7,857.4,865.4,868.4,858.4,199.5,201.0,204.5,205.5,4.74,81.1,4.566,4.2,1.042,0,nominal,0,0.0,194.98,701940.4
59.7,takeoff_climb,92.68743047830924,1660.1779755283646,37.29699666295885,5112.5,858.3,865.1,869.7,858.7,199.4,201.3,204.3,205.5,4.74,80.9,4.576,5110.7,857.4,865.4,868.4,858.4,199.5,201.0,204.5,205.5,4.74,81.1,4.564,4.2,1.041,0,nominal,0,0.0,194.98,701940.3
59.8,takeoff_climb,92.67853170189099,1662.9588431590655,37.31256952169077,5108.1,857.2,867.1,869.3,859.0,199.2,201.4,205.0,205.9,4.72,81.0,4.587,5109.7,857.4,865.4,868.4,858.4,199.5,201.0,204.5,205.5,4.74,81.1,4.563,4.2,1.041,0,nominal,0,0.0,194.98,701940.2
59.9,takeoff_climb,92.66963292547274,1665.7397107897664,37.32814238042269,5106.0,859.1,865.4,868.4,857.1,200.2,201.1,205.0,205.4,4.71,81.4,4.597,5108.8,857.4,865.4,868.4,858.4,199.5,201.0,204.5,205.5,4.74,81.1,4.561,4.2,1.041,0,nominal,0,0.0,194.98,701940.1
60.0,takeoff_climb,92.6607341490545,1668.520578420467,37.34371523915462,5105.9,859.5,865.8,866.0,860.2,199.2,200.8,204.3,206.0,4.75,79.9,4.621,5107.8,857.4,865.4,868.4,858.4,199.5,201.0,204.5,205.5,4.74,81.1,4.56,4.2,1.04,0,nominal,0,0.0,194.98,701940.0
60.1,takeoff_climb,92.65183537263626,1671.3014460511679,37.35928809788654,5112.8,858.6,865.6,868.4,859.5,198.3,200.3,203.7,205.6,4.73,81.0,4.602,5106.8,857.4,865.4,868.4,858.4,199.5,201.0,204.5,205.5,4.74,81.1,4.559,4.1,1.04,0,nominal,0,0.0,194.98,701939.9
60.2,takeoff_climb,92.64293659621802,1674.0823136818685,37.37486095661846,5112.3,856.7,864.7,868.2,859.2,199.3,200.9,204.1,205.8,4.68,81.9,4.541,5105.8,857.4,865.4,868.4,858.4,199.5,201.0,204.5,205.5,4.74,81.1,4.557,4.1,1.04,0,nominal,0,0.0,194.98,701939.8
60.3,takeoff_climb,92.63403781979977,1676.8631813125694,37.39043381535039,5102.9,858.7,864.0,868.9,856.8,199.2,201.6,204.9,204.2,4.71,81.4,4.582,5104.9,857.4,865.4,868.4,858.4,199.5,201.0,204.5,205.5,4.74,81.1,4.556,4.1,1.04,0,nominal,0,0.0,194.98,701939.7
60.4,takeoff_climb,92.62513904338154,1679.6440489432703,37.40600667408231,5099.8,859.2,864.2,870.5,860.0,199.1,201.2,204.6,205.9,4.72,81.3,4.525,5103.9,857.4,865.4,868.4,858.4,199.5,201.0,204.5,205.5,4.74,81.0,4.554,4.1,1.039,0,nominal,0,0.0,194.98,701939.6
60.5,takeoff_climb,92.61624026696329,1682.424916573971,37.421579532814235,5105.2,856.4,867.0,866.8,857.8,199.3,200.8,204.5,204.9,4.73,81.6,4.559,5102.9,857.4,865.4,868.4,858.4,199.5,201.0,204.5,205.5,4.74,81.0,4.553,4.1,1.039,0,nominal,0,0.0,194.98,701939.5
60.6,takeoff_climb,92.60734149054505,1685.2057842046718,37.437152391546164,5103.7,857.1,866.0,870.2,859.2,198.8,200.5,204.6,206.6,4.74,81.2,4.506,5101.9,857.4,865.4,868.4,858.4,199.5,201.0,204.5,205.5,4.74,81.0,4.551,4.0,1.039,0,nominal,0,0.0,194.98,701939.4
60.7,takeoff_climb,92.5984427141268,1687.9866518353726,37.452725250278085,5104.1,857.1,864.2,867.0,856.4,200.2,200.4,205.7,204.6,4.71,80.5,4.558,5100.9,857.4,865.4,868.4,858.4,199.5,201.0,204.5,205.5,4.74,81.0,4.55,4.0,1.038,0,nominal,0,0.0,194.98,701939.3
60.8,takeoff_climb,92.58954393770857,1690.7675194660733,37.46829810901001,5091.2,859.6,865.2,867.7,857.6,199.6,201.0,204.7,205.9,4.73,81.3,4.553,5100.0,857.4,865.4,868.4,858.4,199.5,201.0,204.5,205.5,4.74,81.0,4.549,4.0,1.038,0,nominal,0,0.0,194.98,701939.2
60.9,takeoff_climb,92.58064516129032,1693.5483870967741,37.483870967741936,5094.1,858.3,863.5,868.3,858.9,200.8,201.3,204.0,205.9,4.71,80.6,4.537,5099.0,857.3,865.3,868.3,858.3,199.5,201.0,204.5,205.5,4.74,81.0,4.547,4.0,1.038,0,nominal,0,0.0,194.98,701939.1
61.0,takeoff_climb,92.57174638487209,1696.3292547274748,37.49944382647386,5096.3,857.9,864.0,867.7,858.3,199.8,200.7,204.3,205.9,4.75,80.7,4.555,5098.0,857.3,865.3,868.3,858.3,199.5,201.0,204.5,205.5,4.74,81.0,4.546,4.0,1.038,0,nominal,0,0.0,194.98,701939.0
61.1,takeoff_climb,92.56284760845384,1699.1101223581757,37.51501668520579,5095.0,857.6,864.3,869.5,856.6,199.5,201.1,204.6,206.7,4.77,82.1,4.488,5097.0,857.3,865.3,868.3,858.3,199.5,201.0,204.5,205.5,4.74,80.9,4.544,4.0,1.037,0,nominal,0,0.0,194.98,701938.9
61.2,takeoff_climb,92.5539488320356,1701.8909899888765,37.53058954393771,5103.2,856.3,862.1,867.8,858.7,199.5,201.1,205.4,204.7,4.7,81.2,4.526,5096.1,857.3,865.3,868.3,858.3,199.5,201.0,204.5,205.5,4.74,80.9,4.543,3.9,1.037,0,nominal,0,0.0,194.98,701938.8
61.3,takeoff_climb,92.54505005561735,1704.6718576195772,37.54616240266964,5088.3,857.4,866.1,870.4,858.0,200.7,201.2,204.5,205.5,4.7,79.9,4.569,5095.1,857.3,865.3,868.3,858.3,199.5,201.0,204.5,205.5,4.74,80.9,4.542,3.9,1.037,0,nominal,0,0.0,194.98,701938.7
61.4,takeoff_climb,92.53615127919912,1707.452725250278,37.56173526140156,5099.6,856.9,867.1,866.1,859.7,199.9,201.3,203.7,205.3,4.79,80.0,4.506,5094.1,857.3,865.3,868.3,858.3,199.5,201.0,204.5,205.5,4.74,80.9,4.54,3.9,1.036,0,nominal,0,0.0,194.98,701938.6
61.5,takeoff_climb,92.52725250278087,1710.2335928809787,37.57730812013348,5101.4,856.5,865.7,866.1,861.1,199.3,201.3,204.8,205.6,4.74,81.6,4.516,5093.1,857.3,865.3,868.3,858.3,199.5,201.0,204.5,205.5,4.74,80.9,4.539,3.9,1.036,0,nominal,0,0.0,194.98,701938.5
61.6,takeoff_climb,92.51835372636262,1713.0144605116795,37.59288097886541,5086.6,858.0,864.8,870.9,856.6,199.1,200.4,205.0,204.7,4.8,81.5,4.502,5092.2,857.3,865.3,868.3,858.3,199.5,201.0,204.5,205.5,4.74,80.9,4.537,3.9,1.036,0,nominal,0,0.0,194.98,701938.4
61.7,takeoff_climb,92.50945494994438,1715.7953281423804,37.60845383759733,5100.1,857.0,865.5,868.3,859.8,200.3,201.6,203.8,205.8,4.73,81.3,4.535,5091.2,857.3,865.3,868.3,858.3,199.5,201.0,204.4,205.4,4.74,80.9,4.536,3.8,1.036,0,nominal,0,0.0,194.98,701938.3
61.8,takeoff_climb,92.50055617352614,1718.576195773081,37.62402669632925,5088.6,857.9,866.6,867.6,858.3,199.3,200.6,204.3,205.2,4.76,81.2,4.538,5090.2,857.3,865.3,868.3,858.3,199.5,201.0,204.4,205.4,4.74,80.8,4.534,3.8,1.035,0,nominal,0,0.0,194.98,701938.2
61.9,takeoff_climb,92.4916573971079,1721.357063403782,37.63959955506118,5083.9,854.2,865.1,869.4,857.5,198.6,200.4,204.5,205.6,4.74,81.5,4.516,5089.3,857.3,865.3,868.3,858.3,199.5,201.0,204.4,205.4,4.74,80.8,4.533,3.8,1.035,0,nominal,0,0.0,194.98,701938.1
62.0,takeoff_climb,92.48275862068965,1724.1379310344826,37.6551724137931,5083.0,854.2,864.8,866.3,859.9,199.5,200.7,204.8,206.1,4.72,80.8,4.554,5088.3,857.3,865.3,868.3,858.3,199.5,201.0,204.4,205.4,4.74,80.8,4.532,3.8,1.035,0,nominal,0,0.0,194.98,701938.0
62.1,takeoff_climb,92.47385984427142,1726.9187986651834,37.670745272525025,5085.3,859.1,866.4,869.3,859.8,198.6,199.9,204.5,205.4,4.74,80.6,4.517,5087.3,857.3,865.3,868.3,858.3,199.5,200.9,204.4,205.4,4.74,80.8,4.53,3.8,1.034,0,nominal,0,0.0,194.98,701937.9
62.2,takeoff_climb,92.46496106785317,1729.6996662958843,37.686318131256954,5080.0,856.8,864.6,868.4,858.3,200.8,201.7,204.8,205.5,4.7,81.3,4.571,5086.3,857.2,865.2,868.2,858.2,199.5,200.9,204.4,205.4,4.74,80.8,4.529,3.8,1.034,0,nominal,0,0.0,194.98,701937.8
62.3,takeoff_climb,92.45606229143493,1732.480533926585,37.701890989988875,5081.7,856.4,866.1,870.1,859.5,199.2,201.3,204.7,204.5,4.75,80.9,4.579,5085.4,857.2,865.2,868.2,858.2,199.4,200.9,204.4,205.4,4.74,80.8,4.527,3.7,1.034,0,nominal,0,0.0,194.98,701937.7
62.4,takeoff_climb,92.44716351501668,1735.2614015572858,37.7174638487208,5088.2,857.1,865.5,867.3,858.0,200.0,201.0,204.9,204.7,4.72,80.1,4.573,5084.4,857.2,865.2,868.2,858.2,199.4,200.9,204.4,205.4,4.74,80.8,4.526,3.7,1.034,0,nominal,0,0.0,194.98,701937.6
62.5,takeoff_climb,92.43826473859845,1738.0422691879864,37.733036707452726,5089.3,857.9,867.0,867.0,856.5,199.2,200.7,204.3,204.8,4.69,81.5,4.489,5083.4,857.2,865.2,868.2,858.2,199.4,200.9,204.4,205.4,4.74,80.7,4.525,3.7,1.033,0,nominal,0,0.0,194.98,701937.5
62.6,takeoff_climb,92.4293659621802,1740.8231368186873,37.74860956618465,5079.2,856.0,864.6,867.9,859.0,200.0,201.4,203.4,205.0,4.75,80.4,4.487,5082.4,857.2,865.2,868.2,858.2,199.4,200.9,204.4,205.4,4.74,80.7,4.523,3.7,1.033,0,nominal,0,0.0,194.98,701937.4
62.7,takeoff_climb,92.42046718576196,1743.6040044493882,37.76418242491657,5074.3,859.9,864.7,869.1,859.6,198.2,200.6,204.9,205.1,4.75,81.1,4.504,5081.5,857.2,865.2,868.2,858.2,199.4,200.9,204.4,205.4,4.74,80.7,4.522,3.7,1.033,0,nominal,0,0.0,194.98,701937.3
62.8,takeoff_climb,92.41156840934372,1746.3848720800888,37.7797552836485,5079.1,857.5,863.7,867.3,856.2,199.0,200.9,204.6,206.2,4.71,80.7,4.562,5080.5,857.2,865.2,868.2,858.2,199.4,200.9,204.4,205.4,4.74,80.7,4.52,3.6,1.032,0,nominal,0,0.0,194.98,701937.2
62.9,takeoff_climb,92.40266963292547,1749.1657397107897,37.79532814238042,5085.5,856.8,866.5,867.6,858.8,199.4,201.5,204.8,205.1,4.74,80.3,4.526,5079.5,857.2,865.2,868.2,858.2,199.4,200.9,204.4,205.4,4.74,80.7,4.519,3.6,1.032,0,nominal,0,0.0,194.98,701937.1
63.0,takeoff_climb,92.39377085650723,1751.9466073414903,37.81090100111235,5086.5,855.3,863.9,868.9,859.6,201.0,200.1,205.4,205.2,4.78,80.5,4.486,5078.6,857.2,865.2,868.2,858.2,199.4,200.9,204.4,205.4,4.74,80.7,4.518,3.6,1.032,0,nominal,0,0.0,194.98,701937.0
63.1,takeoff_climb,92.38487208008898,1754.7274749721912,37.82647385984427,5076.9,857.6,866.8,868.2,856.0,198.6,201.4,204.0,206.0,4.76,81.1,4.562,5077.6,857.2,865.2,868.2,858.2,199.4,200.9,204.4,205.4,4.74,80.7,4.516,3.6,1.032,0,nominal,0,0.0,194.98,701936.9
63.2,takeoff_climb,92.37597330367075,1757.508342602892,37.8420467185762,5088.6,858.1,863.4,868.2,855.6,199.5,201.2,205.0,206.0,4.69,81.1,4.477,5076.6,857.2,865.2,868.2,858.2,199.4,200.9,204.4,205.4,4.74,80.6,4.515,3.6,1.031,0,nominal,0,0.0,194.98,701936.8
63.3,takeoff_climb,92.3670745272525,1760.2892102335927,37.85761957730812,5069.1,856.0,867.1,865.2,859.8,198.6,201.6,204.2,204.9,4.75,80.7,4.466,5075.6,857.2,865.2,868.2,858.2,199.4,200.9,204.4,205.4,4.74,80.6,4.513,3.6,1.031,0,nominal,0,0.0,194.98,701936.7
63.4,takeoff_climb,92.35817575083426,1763.0700778642936,37.87319243604004,5073.0,856.5,865.9,867.2,857.6,199.5,201.3,204.0,205.1,4.68,80.2,4.5,5074.7,857.2,865.2,868.2,858.2,199.4,200.9,204.4,205.4,4.74,80.6,4.512,3.5,1.031,0,nominal,0,0.0,194.98,701936.6
63.5,takeoff_climb,92.34927697441601,1765.8509454949942,37.88876529477197,5072.0,859.2,866.6,869.7,861.1,199.1,200.5,203.1,205.4,4.73,79.5,4.429,5073.7,857.1,865.1,868.1,858.1,199.4,200.9,204.4,205.4,4.74,80.6,4.511,3.5,1.03,0,nominal,0,0.0,194.98,701936.5
63.6,takeoff_climb,92.34037819799778,1768.631813125695,37.90433815350389,5058.4,856.1,864.0,870.2,858.8,198.8,202.2,205.1,206.0,4.69,81.5,4.534,5072.7,857.1,865.1,868.1,858.1,199.4,200.9,204.4,205.4,4.74,80.6,4.509,3.5,1.03,0,nominal,0,0.0,194.98,701936.4
63.7,takeoff_climb,92.33147942157953,1771.412680756396,37.919911012235815,5065.8,856.2,863.8,869.9,857.7,199.3,199.5,204.0,205.0,4.78,81.2,4.516,5071.8,857.1,865.1,868.1,858.1,199.4,200.9,204.4,205.4,4.74,80.6,4.508,3.5,1.03,0,nominal,0,0.0,194.98,701936.3
63.8,takeoff_climb,92.3225806451613,1774.1935483870966,37.935483870967744,5072.7,853.8,863.7,866.8,857.4,199.5,200.8,204.4,205.2,4.71,80.6,4.529,5070.8,857.1,865.1,868.1,858.1,199.4,200.9,204.4,205.4,4.74,80.6,4.506,3.5,1.03,0,nominal,0,0.0,194.98,701936.2
63.9,takeoff_climb,92.31368186874305,1776.9744160177975,37.951056729699665,5079.8,857.2,864.7,868.4,853.9,199.7,200.6,203.4,206.3,4.72,81.1,4.529,5069.8,857.1,865.1,868.1,858.1,199.4,200.9,204.4,205.4,4.74,80.5,4.505,3.4,1.029,0,nominal,0,0.0,194.98,701936.1
64.0,takeoff_climb,92.30478309232481,1779.7552836484983,37.96662958843159,5067.3,859.2,865.0,869.2,857.1,198.6,199.9,204.4,205.4,4.74,80.8,4.487,5068.9,857.1,865.1,868.1,858.1,199.4,200.9,204.4,205.4,4.74,80.5,4.503,3.4,1.029,0,nominal,0,0.0,194.98,701936.0
64.1,takeoff_climb,92.29588431590656,1782.536151279199,37.982202447163516,5071.0,857.7,865.8,868.1,857.7,199.8,202.2,204.0,205.3,4.8,80.1,4.519,5067.9,857.1,865.1,868.1,858.1,199.4,200.9,204.4,205.4,4.74,80.5,4.502,3.4,1.029,0,nominal,0,0.0,194.98,701935.9
64.2,takeoff_climb,92.28698553948831,1785.3170189098998,37.99777530589544,5070.7,857.6,865.2,868.8,858.0,199.7,200.6,205.4,205.2,4.75,80.4,4.536,5066.9,857.1,865.1,868.1,858.1,199.4,200.9,204.4,205.4,4.74,80.5,4.501,3.4,1.028,0,nominal,0,0.0,194.98,701935.8
64.3,takeoff_climb,92.27808676307008,1788.0978865406005,38.01334816462736,5066.2,855.2,865.8,869.1,857.5,198.9,200.2,205.3,206.4,4.74,81.1,4.507,5065.9,857.1,865.1,868.1,858.1,199.4,200.9,204.4,205.4,4.74,80.5,4.499,3.4,1.028,0,nominal,0,0.0,194.98,701935.7
64.4,takeoff_climb,92.26918798665183,1790.8787541713014,38.02892102335929,5069.2,856.9,866.4,865.5,860.4,199.2,200.7,204.9,205.1,4.74,80.4,4.504,5065.0,857.1,865.1,868.1,858.1,199.4,200.9,204.4,205.4,4.74,80.5,4.498,3.4,1.028,0,nominal,0,0.0,194.98,701935.6
64.5,takeoff_climb,92.2602892102336,1793.6596218020022,38.04449388209121,5056.2,857.9,864.8,865.2,858.6,200.2,201.6,205.2,205.4,4.71,80.5,4.511,5064.0,857.1,865.1,868.1,858.1,199.4,200.9,204.4,205.4,4.74,80.4,4.496,3.3,1.028,0,nominal,0,0.0,194.98,701935.5
64.6,takeoff_climb,92.25139043381535,1796.4404894327029,38.06006674082314,5052.6,858.8,865.2,869.8,857.9,199.1,201.0,204.6,206.5,4.74,79.9,4.522,5063.0,857.1,865.1,868.1,858.1,199.4,200.9,204.4,205.4,4.74,80.4,4.495,3.3,1.027,0,nominal,0,0.0,194.98,701935.4
64.7,takeoff_climb,92.24249165739711,1799.2213570634037,38.07563959955506,5061.0,855.7,864.5,869.1,857.4,199.7,201.6,204.7,205.3,4.74,80.1,4.521,5062.1,857.0,865.0,868.0,858.0,199.4,200.9,204.4,205.4,4.74,80.4,4.494,3.3,1.027,0,nominal,0,0.0,194.98,701935.3
64.8,takeoff_climb,92.23359288097886,1802.0022246941044,38.09121245828699,5060.3,856.1,863.6,867.2,856.4,198.7,201.7,204.8,205.5,4.77,79.7,4.479,5061.1,857.0,865.0,868.0,858.0,199.4,200.9,204.4,205.4,4.74,80.4,4.492,3.3,1.027,0,nominal,0,0.0,194.98,701935.2
64.9,takeoff_climb,92.22469410456063,1804.7830923248052,38.10678531701891,5057.9,858.9,862.0,867.1,858.9,198.8,200.2,203.9,205.8,4.74,79.6,4.47,5060.1,857.0,865.0,868.0,858.0,199.4,200.9,204.4,205.4,4.74,80.4,4.491,3.3,1.026,0,nominal,0,0.0,194.98,701935.1
65.0,takeoff_climb,92.21579532814238,1807.563959955506,38.12235817575083,5061.0,857.4,862.7,868.7,856.8,200.6,201.3,205.1,206.5,4.72,79.8,4.49,5059.2,857.0,865.0,868.0,858.0,199.4,200.9,204.4,205.4,4.74,80.4,4.489,3.3,1.026,0,nominal,0,0.0,194.98,701935.0
65.1,takeoff_climb,92.20689655172414,1810.3448275862067,38.13793103448276,5053.4,855.5,861.4,868.9,858.0,199.8,201.3,204.7,204.3,4.75,80.1,4.54,5058.2,857.0,865.0,868.0,858.0,199.4,200.9,204.4,205.4,4.74,80.4,4.488,3.2,1.026,0,nominal,0,0.0,194.98,701934.9
65.2,takeoff_climb,92.1979977753059,1813.1256952169076,38.15350389321468,5051.4,856.0,867.0,871.0,859.3,199.1,200.7,203.9,205.1,4.74,80.8,4.461,5057.2,857.0,865.0,868.0,858.0,199.4,200.9,204.4,205.4,4.74,80.3,4.487,3.2,1.026,0,nominal,0,0.0,194.98,701934.8
65.3,takeoff_climb,92.18909899888766,1815.9065628476083,38.169076751946605,5058.0,856.0,865.5,868.3,855.5,198.8,201.2,204.3,206.5,4.75,80.1,4.454,5056.3,857.0,865.0,868.0,858.0,199.4,200.9,204.4,205.4,4.74,80.3,4.485,3.2,1.025,0,nominal,0,0.0,194.98,701934.7
65.4,takeoff_climb,92.18020022246941,1818.6874304783091,38.184649610678534,5051.1,857.2,863.2,869.0,859.1,199.8,201.8,204.5,205.1,4.73,80.1,4.442,5055.3,857.0,865.0,868.0,858.0,199.4,200.9,204.4,205.4,4.74,80.3,4.484,3.2,1.025,0,nominal,0,0.0,194.98,701934.6
65.5,takeoff_climb,92.17130144605117,1821.46829810901,38.200222469410456,5053.0,856.5,863.6,867.6,858.4,199.0,201.3,204.3,204.6,4.77,80.3,4.489,5054.3,857.0,865.0,868.0,858.0,199.4,200.9,204.4,205.4,4.74,80.3,4.482,3.2,1.025,0,nominal,0,0.0,194.98,701934.5
65.6,takeoff_climb,92.16240266963293,1824.2491657397106,38.21579532814238,5053.8,856.6,862.5,866.1,858.1,199.7,201.3,204.5,205.1,4.76,80.6,4.44,5053.4,857.0,865.0,868.0,858.0,199.4,200.9,204.4,205.4,4.74,80.3,4.481,3.1,1.024,0,nominal,0,0.0,194.98,701934.4
65.7,takeoff_climb,92.15350389321469,1827.0300333704115,38.231368186874306,5048.7,853.1,864.0,867.2,857.8,199.1,200.3,204.1,207.1,4.74,80.6,4.411,5052.4,857.0,865.0,868.0,858.0,199.4,200.9,204.4,205.4,4.74,80.3,4.48,3.1,1.024,0,nominal,0,0.0,194.98,701934.3
65.8,takeoff_climb,92.14460511679644,1829.8109010011121,38.24694104560623,5054.3,857.1,867.1,867.6,858.6,199.1,199.6,204.7,205.4,4.75,79.8,4.477,5051.4,857.0,865.0,868.0,858.0,199.4,200.9,204.4,205.4,4.74,80.3,4.478,3.1,1.024,0,nominal,0,0.0,194.98,701934.2
65.9,takeoff_climb,92.13570634037819,1832.591768631813,38.26251390433815,5050.7,856.3,865.5,867.5,857.9,199.9,200.8,203.6,205.1,4.73,80.7,4.466,5050.5,857.0,865.0,868.0,858.0,199.4,200.9,204.4,205.4,4.74,80.2,4.477,3.1,1.024,0,nominal,0,0.0,194.98,701934.1
66.0,takeoff_climb,92.12680756395996,1835.3726362625139,38.27808676307008,5042.5,857.0,867.0,866.8,856.7,199.3,200.4,203.8,204.1,4.74,80.5,4.459,5049.5,856.9,864.9,867.9,857.9,199.4,200.9,204.4,205.4,4.74,80.2,4.476,3.1,1.023,0,nominal,0,0.0,194.98,701934.0
66.1,takeoff_climb,92.11790878754171,1838.1535038932145,38.293659621802,5048.7,854.8,863.7,869.9,858.7,200.0,200.9,204.7,204.7,4.74,81.2,4.471,5048.5,856.9,864.9,867.9,857.9,199.4,200.9,204.4,205.4,4.74,80.2,4.474,3.1,1.023,0,nominal,0,0.0,194.98,701933.9
66.2,takeoff_climb,92.10901001112347,1840.9343715239154,38.30923248053393,5044.5,858.8,865.8,867.6,858.8,198.3,200.6,204.3,204.7,4.76,79.7,4.474,5047.6,856.9,864.9,867.9,857.9,199.4,200.9,204.4,205.4,4.74,80.2,4.473,3.0,1.023,0,nominal,0,0.0,194.98,701933.8
66.3,takeoff_climb,92.10011123470522,1843.715239154616,38.32480533926585,5039.6,855.5,866.6,866.5,857.5,199.0,200.3,204.4,204.9,4.74,79.9,4.407,5046.6,856.9,864.9,867.9,857.9,199.4,200.9,204.3,205.3,4.74,80.2,4.471,3.0,1.022,0,nominal,0,0.0,194.98,701933.7
66.4,takeoff_climb,92.09121245828699,1846.496106785317,38.34037819799778,5052.5,856.8,864.4,868.7,857.4,200.0,200.6,204.6,205.7,4.71,79.7,4.505,5045.6,856.9,864.9,867.9,857.9,199.4,200.9,204.3,205.3,4.74,80.2,4.47,3.0,1.022,0,nominal,0,0.0,194.98,701933.6
66.5,takeoff_climb,92.08231368186874,1849.2769744160178,38.3559510567297,5045.3,857.3,864.7,870.7,857.6,199.0,200.1,204.9,206.0,4.76,80.7,4.532,5044.7,856.9,864.9,867.9,857.9,199.4,200.8,204.3,205.3,4.74,80.1,4.469,3.0,1.022,0,nominal,0,0.0,194.98,701933.5
66.6,takeoff_climb,92.0734149054505,1852.0578420467184,38.37152391546162,5045.5,857.1,864.3,867.0,858.2,199.3,201.2,203.9,203.9,4.76,80.6,4.493,5043.7,856.9,864.9,867.9,857.9,199.3,200.8,204.3,205.3,4.74,80.1,4.467,3.0,1.022,0,nominal,0,0.0,194.98,701933.4
66.7,takeoff_climb,92.06451612903226,1854.8387096774193,38.38709677419355,5043.6,857.5,865.6,868.4,859.4,199.0,201.5,205.2,204.6,4.76,80.0,4.447,5042.8,856.9,864.9,867.9,857.9,199.3,200.8,204.3,205.3,4.74,80.1,4.466,2.9,1.021,0,nominal,0,0.0,194.98,701933.3
66.8,takeoff_climb,92.05561735261402,1857.61957730812,38.40266963292547,5044.0,856.8,865.8,867.3,858.0,199.1,201.2,203.2,205.9,4.74,79.8,4.468,5041.8,856.9,864.9,867.9,857.9,199.3,200.8,204.3,205.3,4.74,80.1,4.464,2.9,1.021,0,nominal,0,0.0,194.98,701933.2
66.9,takeoff_climb,92.04671857619577,1860.4004449388208,38.418242491657395,5040.0,856.0,866.9,865.9,858.8,199.1,199.6,205.9,205.9,4.74,79.6,4.504,5040.8,856.9,864.9,867.9,857.9,199.3,200.8,204.3,205.3,4.74,80.1,4.463,2.9,1.021,0,nominal,0,0.0,194.98,701933.1
67.0,takeoff_climb,92.03781979977754,1863.1813125695217,38.433815350389324,5040.1,857.6,864.7,867.7,859.0,199.3,200.3,204.4,205.7,4.72,79.9,4.492,5039.9,856.9,864.9,867.9,857.9,199.3,200.8,204.3,205.3,4.74,80.1,4.462,2.9,1.02,0,nominal,0,0.0,194.98,701933.0
67.1,takeoff_climb,92.02892102335929,1865.9621802002223,38.449388209121246,5029.6,857.7,864.4,869.8,858.0,200.1,199.7,206.0,204.9,4.75,80.0,4.467,5038.9,856.9,864.9,867.9,857.9,199.3,200.8,204.3,205.3,4.74,80.0,4.46,2.9,1.02,0,nominal,0,0.0,194.98,701932.9
67.2,takeoff_climb,92.02002224694104,1868.7430478309232,38.46496106785317,5034.8,854.3,865.6,868.0,857.9,200.6,201.1,203.8,204.5,4.74,79.7,4.453,5037.9,856.9,864.9,867.9,857.9,199.3,200.8,204.3,205.3,4.74,80.0,4.459,2.9,1.02,0,nominal,0,0.0,194.98,701932.8
67.3,takeoff_climb,92.0111234705228,1871.5239154616238,38.480533926585096,5027.9,856.8,866.4,868.3,857.9,199.9,200.7,204.2,206.2,4.78,79.5,4.458,5037.0,856.8,864.8,867.8,857.8,199.3,200.8,204.3,205.3,4.74,80.0,4.457,2.8,1.02,0,nominal,0,0.0,194.98,701932.7
67.4,takeoff_climb,92.00222469410456,1874.3047830923247,38.49610678531702,5033.4,856.9,866.9,867.2,858.5,199.8,200.8,204.4,205.1,4.78,80.0,4.417,5036.0,856.8,864.8,867.8,857.8,199.3,200.8,204.3,205.3,4.74,80.0,4.456,2.8,1.019,0,nominal,0,0.0,194.98,701932.6
67.5,takeoff_climb,91.99332591768632,1877.0856507230255,38.51167964404894,5026.2,858.1,864.8,867.4,857.2,199.7,200.5,204.5,203.6,4.75,80.2,4.503,5035.1,856.8,864.8,867.8,857.8,199.3,200.8,204.3,205.3,4.74,80.0,4.455,2.8,1.019,0,nominal,0,0.0,194.98,701932.5
67.6,takeoff_climb,91.98442714126807,1879.8665183537262,38.52725250278087,5034.9,854.5,865.1,865.9,857.9,200.0,200.3,204.2,204.5,4.74,79.9,4.407,5034.1,856.8,864.8,867.8,857.8,199.3,200.8,204.3,205.3,4.74,80.0,4.453,2.8,1.019,0,nominal,0,0.0,194.98,701932.4
67.7,takeoff_climb,91.97552836484984,1882.647385984427,38.54282536151279,5029.4,855.3,863.5,867.8,859.2,199.9,201.0,204.0,204.9,4.71,79.9,4.502,5033.1,856.8,864.8,867.8,857.8,199.3,200.8,204.3,205.3,4.74,80.0,4.452,2.8,1.018,0,nominal,0,0.0,194.98,701932.3
67.8,takeoff_climb,91.96662958843159,1885.428253615128,38.55839822024471,5028.8,856.3,865.5,869.6,856.9,198.4,200.6,203.8,205.1,4.79,80.6,4.42,5032.2,856.8,864.8,867.8,857.8,199.3,200.8,204.3,205.3,4.74,79.9,4.45,2.7,1.018,0,nominal,0,0.0,194.98,701932.2
67.9,takeoff_climb,91.95773081201335,1888.2091212458286,38.57397107897664,5035.8,856.4,864.3,869.1,858.7,199.6,201.5,203.9,205.8,4.79,80.2,4.506,5031.2,856.8,864.8,867.8,857.8,199.3,200.8,204.3,205.3,4.74,79.9,4.449,2.7,1.018,0,nominal,0,0.0,194.98,701932.1
68.0,takeoff_climb,91.9488320355951,1890.9899888765294,38.58954393770856,5036.9,852.7,865.2,867.2,858.7,199.6,200.1,204.5,205.1,4.69,79.9,4.491,5030.2,856.8,864.8,867.8,857.8,199.3,200.8,204.3,205.3,4.74,79.9,4.448,2.7,1.018,0,nominal,0,0.0,194.98,701932.0
68.1,takeoff_climb,91.93993325917687,1893.77085650723,38.60511679644049,5024.7,853.3,864.9,869.5,857.4,199.1,200.5,204.5,206.2,4.74,80.4,4.399,5029.3,856.8,864.8,867.8,857.8,199.3,200.8,204.3,205.3,4.74,79.9,4.446,2.7,1.017,0,nominal,0,0.0,194.98,701931.9
68.2,takeoff_climb,91.93103448275862,1896.551724137931,38.62068965517241,5023.1,856.4,864.2,868.4,858.5,199.8,200.6,204.6,205.1,4.74,79.2,4.445,5028.3,856.8,864.8,867.8,857.8,199.3,200.8,204.3,205.3,4.74,79.9,4.445,2.7,1.017,0,nominal,0,0.0,194.98,701931.8
68.3,takeoff_climb,91.92213570634038,1899.3325917686318,38.63626251390434,5038.6,857.7,865.8,866.4,860.1,199.5,200.4,204.0,206.5,4.72,79.9,4.457,5027.4,856.8,864.8,867.8,857.8,199.3,200.8,204.3,205.3,4.74,79.9,4.444,2.7,1.017,0,nominal,0,0.0,194.98,701931.7
68.4,takeoff_climb,91.91323692992214,1902.1134593993324,38.65183537263626,5025.8,854.9,864.7,866.7,855.2,200.2,201.8,205.0,207.1,4.78,79.8,4.419,5026.4,856.8,864.8,867.8,857.8,199.3,200.8,204.3,205.3,4.74,79.8,4.442,2.6,1.016,0,nominal,0,0.0,194.98,701931.6
68.5,takeoff_climb,91.90433815350389,1904.8943270300333,38.667408231368185,5027.1,858.5,865.2,866.1,859.6,198.8,201.3,204.0,205.2,4.71,80.2,4.426,5025.4,856.7,864.7,867.7,857.7,199.3,200.8,204.3,205.3,4.74,79.8,4.441,2.6,1.016,0,nominal,0,0.0,194.98,701931.5
68.6,takeoff_climb,91.89543937708565,1907.675194660734,38.682981090100114,5026.3,857.3,863.6,867.5,855.9,199.8,201.1,204.7,205.1,4.75,79.5,4.391,5024.5,856.7,864.7,867.7,857.7,199.3,200.8,204.3,205.3,4.74,79.8,4.439,2.6,1.016,0,nominal,0,0.0,194.98,701931.4
68.7,takeoff_climb,91.8865406006674,1910.4560622914348,38.698553948832036,5023.4,857.4,863.6,868.6,860.2,199.6,199.9,205.5,206.1,4.67,79.5,4.474,5023.5,856.7,864.7,867.7,857.7,199.3,200.8,204.3,205.3,4.74,79.8,4.438,2.6,1.016,0,nominal,0,0.0,194.98,701931.3
68.8,takeoff_climb,91.87764182424917,1913.2369299221357,38.71412680756396,5016.0,858.7,862.8,866.7,854.4,199.0,201.2,204.3,204.8,4.76,80.1,4.424,5022.6,856.7,864.7,867.7,857.7,199.3,200.8,204.3,205.3,4.74,79.8,4.437,2.6,1.015,0,nominal,0,0.0,194.98,701931.2
68.9,takeoff_climb,91.86874304783092,1916.0177975528363,38.729699666295886,5031.0,858.5,865.4,867.0,857.7,199.4,201.1,204.8,204.9,4.74,79.9,4.445,5021.6,856.7,864.7,867.7,857.7,199.3,200.8,204.3,205.3,4.74,79.8,4.435,2.5,1.015,0,nominal,0,0.0,194.98,701931.1
69.0,takeoff_climb,91.85984427141268,1918.7986651835372,38.74527252502781,5004.9,857.9,866.2,866.4,855.4,198.8,201.6,204.4,205.9,4.75,79.6,4.407,5020.6,856.7,864.7,867.7,857.7,199.3,200.8,204.3,205.3,4.74,79.7,4.434,2.5,1.015,0,nominal,0,0.0,194.98,701931.0
69.1,takeoff_climb,91.85094549499443,1921.5795328142378,38.76084538375973,5013.4,860.2,867.1,868.9,856.0,199.2,200.2,204.1,205.6,4.73,79.3,4.414,5019.7,856.7,864.7,867.7,857.7,199.3,200.8,204.3,205.3,4.74,79.7,4.432,2.5,1.014,0,nominal,0,0.0,194.98,701930.9
69.2,takeoff_climb,91.8420467185762,1924.3604004449387,38.77641824249166,5027.3,855.9,862.9,866.7,858.7,199.7,200.8,204.7,206.2,4.76,80.6,4.402,5018.7,856.7,864.7,867.7,857.7,199.3,200.8,204.3,205.3,4.74,79.7,4.431,2.5,1.014,0,nominal,0,0.0,194.98,701930.8
69.3,takeoff_climb,91.83314794215795,1927.1412680756396,38.79199110122358,5020.1,857.6,865.8,867.1,857.4,199.5,201.4,204.9,205.7,4.75,79.3,4.46,5017.8,856.7,864.7,867.7,857.7,199.3,200.8,204.3,205.3,4.74,79.7,4.43,2.5,1.014,0,nominal,0,0.0,194.98,701930.7
69.4,takeoff_climb,91.82424916573972,1929.9221357063402,38.8075639599555,5026.1,852.8,862.8,868.1,860.4,198.8,200.5,204.3,204.5,4.74,79.4,4.446,5016.8,856.7,864.7,867.7,857.7,199.3,200.8,204.3,205.3,4.74,79.7,4.428,2.5,1.014,0,nominal,0,0.0,194.98,701930.6
69.5,takeoff_climb,91.81535038932147,1932.703003337041,38.82313681868743,5021.4,857.9,863.9,866.2,857.4,199.0,201.2,204.8,206.2,4.74,79.5,4.453,5015.8,856.7,864.7,867.7,857.7,199.3,200.8,204.3,205.3,4.74,79.7,4.427,2.4,1.013,0,nominal,0,0.0,194.98,701930.5
69.6,takeoff_climb,91.80645161290323,1935.4838709677417,38.83870967741935,5005.5,857.9,865.2,867.7,857.5,200.1,199.8,205.4,205.6,4.76,80.5,4.421,5014.9,856.7,864.7,867.7,857.7,199.3,200.8,204.3,205.3,4.74,79.7,4.426,2.4,1.013,0,nominal,0,0.0,194.98,701930.4
69.7,takeoff_climb,91.79755283648498,1938.2647385984426,38.85428253615128,5019.6,855.3,864.9,866.6,858.0,199.3,200.8,205.8,205.7,4.76,79.7,4.388,5013.9,856.7,864.7,867.7,857.7,199.3,200.8,204.3,205.3,4.74,79.6,4.424,2.4,1.013,0,nominal,0,0.0,194.98,701930.3
69.8,takeoff_climb,91.78865406006675,1941.0456062291435,38.8698553948832,5012.1,856.7,862.0,867.6,859.2,200.2,199.9,203.5,204.7,4.75,79.1,4.481,5013.0,856.6,864.6,867.6,857.6,199.3,200.8,204.3,205.3,4.74,79.6,4.423,2.4,1.012,0,nominal,0,0.0,194.98,701930.2
69.9,takeoff_climb,91.7797552836485,1943.826473859844,38.88542825361513,5017.3,856.1,866.6,868.2,861.3,199.6,200.2,204.2,204.8,4.78,80.2,4.373,5012.0,856.6,864.6,867.6,857.6,199.3,200.8,204.3,205.3,4.74,79.6,4.421,2.4,1.012,0,nominal,0,0.0,194.98,701930.1
70.0,takeoff_climb,91.77085650723026,1946.607341490545,38.90100111234705,5005.6,855.2,864.9,868.6,858.8,197.8,200.6,203.5,204.8,4.69,78.9,4.416,5011.1,856.6,864.6,867.6,857.6,199.3,200.8,204.2,205.2,4.74,79.6,4.42,2.3,1.012,0,nominal,0,0.0,194.98,701930.0
70.1,takeoff_climb,91.76195773081201,1949.3882091212456,38.916573971078975,5004.6,858.7,865.2,867.3,858.8,198.7,200.8,204.7,205.7,4.72,79.8,4.427,5010.1,856.6,864.6,867.6,857.6,199.3,200.8,204.2,205.2,4.74,79.6,4.419,2.3,1.012,0,nominal,0,0.0,194.98,701929.9
70.2,takeoff_climb,91.75305895439377,1952.1690767519465,38.932146829810904,5008.9,855.4,862.8,868.7,858.7,199.5,200.4,203.9,204.2,4.78,79.8,4.398,5009.1,856.6,864.6,867.6,857.6,199.2,200.7,204.2,205.2,4.74,79.6,4.417,2.3,1.011,0,nominal,0,0.0,194.98,701929.8
70.3,takeoff_climb,91.74416017797553,1954.9499443826473,38.947719688542826,5004.2,857.9,863.7,867.5,855.6,198.7,200.4,205.0,205.0,4.71,79.6,4.382,5008.2,856.6,864.6,867.6,857.6,199.2,200.7,204.2,205.2,4.74,79.5,4.416,2.3,1.011,0,nominal,0,0.0,194.98,701929.7
70.4,takeoff_climb,91.73526140155728,1957.730812013348,38.96329254727475,5013.3,855.4,862.6,868.3,859.4,199.9,200.7,204.3,205.3,4.77,79.7,4.404,5007.2,856.6,864.6,867.6,857.6,199.2,200.7,204.2,205.2,4.74,79.5,4.415,2.3,1.011,0,nominal,0,0.0,194.98,701929.6
70.5,takeoff_climb,91.72636262513905,1960.5116796440489,38.978865406006676,5012.3,855.1,863.8,867.3,856.6,199.8,201.2,203.6,206.0,4.79,79.3,4.39,5006.3,856.6,864.6,867.6,857.6,199.2,200.7,204.2,205.2,4.74,79.5,4.413,2.3,1.01,0,nominal,0,0.0,194.98,701929.5
70.6,takeoff_climb,91.7174638487208,1963.2925472747495,38.9944382647386,5008.2,854.6,866.4,867.1,857.0,198.6,201.2,203.2,204.8,4.75,79.7,4.395,5005.3,856.6,864.6,867.6,857.6,199.2,200.7,204.2,205.2,4.74,79.5,4.412,2.2,1.01,0,nominal,0,0.0,194.98,701929.4
70.7,takeoff_climb,91.70856507230256,1966.0734149054504,39.01001112347052,5002.0,856.4,863.3,865.2,859.8,198.7,200.4,204.6,204.5,4.76,79.4,4.435,5004.4,856.6,864.6,867.6,857.6,199.2,200.7,204.2,205.2,4.74,79.5,4.41,2.2,1.01,0,nominal,0,0.0,194.98,701929.3
70.8,takeoff_climb,91.69966629588431,1968.8542825361512,39.02558398220245,5004.1,857.2,864.0,867.6,857.8,200.0,200.2,203.9,204.9,4.75,79.4,4.423,5003.4,856.6,864.6,867.6,857.6,199.2,200.7,204.2,205.2,4.74,79.5,4.409,2.2,1.01,0,nominal,0,0.0,194.98,701929.2
70.9,takeoff_climb,91.69076751946608,1971.6351501668519,39.04115684093437,5011.1,852.7,866.2,866.0,858.0,199.1,200.5,202.8,205.2,4.76,79.4,4.451,5002.4,856.6,864.6,867.6,857.6,199.2,200.7,204.2,205.2,4.74,79.4,4.408,2.2,1.009,0,nominal,0,0.0,194.98,701929.1
71.0,takeoff_climb,91.68186874304783,1974.4160177975527,39.05672969966629,5004.4,855.0,865.4,869.5,859.0,199.9,200.4,203.5,204.4,4.68,79.8,4.432,5001.5,856.5,864.5,867.5,857.5,199.2,200.7,204.2,205.2,4.74,79.4,4.406,2.2,1.009,0,nominal,0,0.0,194.98,701929.0
71.1,takeoff_climb,91.6729699666296,1977.1968854282534,39.07230255839822,4994.4,856.8,864.4,867.1,856.1,198.1,201.2,203.6,204.6,4.76,79.3,4.379,5000.5,856.5,864.5,867.5,857.5,199.2,200.7,204.2,205.2,4.74,79.4,4.405,2.1,1.009,0,nominal,0,0.0,194.98,701928.9
71.2,takeoff_climb,91.66407119021135,1979.9777530589542,39.08787541713014,5001.0,857.2,862.5,869.2,856.6,198.1,199.9,205.1,205.2,4.74,79.6,4.401,4999.6,856.5,864.5,867.5,857.5,199.2,200.7,204.2,205.2,4.74,79.4,4.404,2.1,1.009,0,nominal,0,0.0,194.98,701928.8
71.3,takeoff_climb,91.65517241379311,1982.7586206896551,39.10344827586207,5001.1,860.2,862.6,866.2,858.6,199.3,200.8,203.4,204.7,4.75,79.6,4.362,4998.6,856.5,864.5,867.5,857.5,199.2,200.7,204.2,205.2,4.74,79.4,4.402,2.1,1.008,0,nominal,0,0.0,194.98,701928.7
71.4,takeoff_climb,91.64627363737486,1985.5394883203558,39.11902113459399,5006.3,857.1,867.8,864.0,856.8,199.4,201.2,204.1,205.4,4.77,79.8,4.388,4997.7,856.5,864.5,867.5,857.5,199.2,200.7,204.2,205.2,4.74,79.4,4.401,2.1,1.008,0,nominal,0,0.0,194.98,701928.6
71.5,takeoff_climb,91.63737486095661,1988.3203559510566,39.13459399332592,4995.2,857.0,866.7,868.3,857.8,200.2,200.9,204.8,204.4,4.75,79.4,4.43,4996.7,856.5,864.5,867.5,857.5,199.2,200.7,204.2,205.2,4.74,79.3,4.399,2.1,1.008,0,nominal,0,0.0,194.98,701928.5
71.6,takeoff_climb,91.62847608453838,1991.1012235817575,39.15016685205784,4990.3,857.8,864.8,866.7,858.5,199.2,200.5,203.9,205.1,4.71,79.8,4.373,4995.8,856.5,864.5,867.5,857.5,199.2,200.7,204.2,205.2,4.74,79.3,4.398,2.1,1.007,0,nominal,0,0.0,194.98,701928.4
71.7,takeoff_climb,91.61957730812013,1993.8820912124581,39.165739710789765,4997.8,855.2,864.8,867.1,858.2,199.3,201.4,202.9,204.9,4.74,79.4,4.444,4994.8,856.5,864.5,867.5,857.5,199.2,200.7,204.2,205.2,4.74,79.3,4.397,2.0,1.007,0,nominal,0,0.0,194.98,701928.3
71.8,takeoff_climb,91.6106785317019,1996.662958843159,39.181312569521694,5001.3,857.0,866.1,866.9,856.3,199.5,200.9,203.6,204.8,4.74,78.4,4.397,4993.9,856.5,864.5,867.5,857.5,199.2,200.7,204.2,205.2,4.74,79.3,4.395,2.0,1.007,0,nominal,0,0.0,194.98,701928.2
71.9,takeoff_climb,91.60177975528364,1999.4438264738596,39.196885428253616,5001.8,856.1,866.6,868.4,859.9,200.0,201.1,203.3,205.8,4.75,79.1,4.373,4992.9,856.5,864.5,867.5,857.5,199.2,200.7,204.2,205.2,4.74,79.3,4.394,2.0,1.007,0,nominal,0,0.0,194.98,701928.1
72.0,takeoff_climb,91.59288097886541,2002.2246941045605,39.21245828698554,4980.2,857.2,864.5,865.2,859.9,199.3,200.4,204.5,206.6,4.75,79.4,4.35,4991.9,856.5,864.5,867.5,857.5,199.2,200.7,204.2,205.2,4.74,79.3,4.393,2.0,1.006,0,nominal,0,0.0,194.98,701928.0
72.1,takeoff_climb,91.58398220244716,2005.0055617352614,39.228031145717466,4994.9,854.7,865.1,867.2,855.4,199.7,200.6,203.9,205.2,4.76,79.7,4.336,4991.0,856.5,864.5,867.5,857.5,199.2,200.7,204.2,205.2,4.74,79.2,4.391,2.0,1.006,0,nominal,0,0.0,194.98,701927.9
72.2,takeoff_climb,91.57508342602893,2007.786429365962,39.24360400444939,5000.2,856.1,864.5,865.7,857.7,198.1,200.9,203.8,205.2,4.71,79.7,4.353,4990.0,856.5,864.5,867.5,857.5,199.2,200.7,204.2,205.2,4.74,79.2,4.39,1.9,1.006,0,nominal,0,0.0,194.98,701927.8
72.3,takeoff_climb,91.56618464961068,2010.567296996663,39.25917686318131,4991.2,860.0,862.9,866.8,858.3,199.7,200.6,205.5,205.1,4.74,79.1,4.408,4989.1,856.4,864.4,867.4,857.4,199.2,200.7,204.2,205.2,4.74,79.2,4.388,1.9,1.005,0,nominal,0,0.0,194.98,701927.7
72.4,takeoff_climb,91.55728587319244,2013.3481646273635,39.27474972191324,4994.0,854.9,865.6,866.9,858.6,198.7,200.7,203.0,204.8,4.75,79.0,4.375,4988.1,856.4,864.4,867.4,857.4,199.2,200.7,204.2,205.2,4.74,79.2,4.387,1.9,1.005,0,nominal,0,0.0,194.98,701927.6
72.5,takeoff_climb,91.54838709677419,2016.1290322580644,39.29032258064516,4983.8,857.2,866.7,866.0,855.2,199.4,200.4,204.6,204.7,4.72,79.5,4.438,4987.2,856.4,864.4,867.4,857.4,199.2,200.7,204.2,205.2,4.74,79.2,4.386,1.9,1.005,0,nominal,0,0.0,194.98,701927.5
72.6,takeoff_climb,91.53948832035596,2018.9098998887653,39.30589543937708,4983.5,858.5,863.5,865.7,857.6,198.8,201.3,204.7,205.1,4.77,78.8,4.411,4986.2,856.4,864.4,867.4,857.4,199.2,200.7,204.2,205.2,4.74,79.2,4.384,1.9,1.005,0,nominal,0,0.0,194.98,701927.4
72.7,takeoff_climb,91.53058954393771,2021.690767519466,39.32146829810901,4983.2,857.8,865.7,867.1,855.1,199.1,200.5,202.8,205.4,4.77,78.9,4.342,4985.3,856.4,864.4,867.4,857.4,199.2,200.7,204.2,205.2,4.74,79.1,4.383,1.9,1.004,0,nominal,0,0.0,194.98,701927.3
72.8,takeoff_climb,91.52169076751946,2024.4716351501668,39.33704115684093,4975.0,858.0,867.7,865.5,857.3,198.7,200.3,204.9,204.5,4.69,80.4,4.366,4984.3,856.4,864.4,867.4,857.4,199.2,200.7,204.2,205.2,4.74,79.1,4.382,1.8,1.004,0,nominal,0,0.0,194.98,701927.2
72.9,takeoff_climb,91.51279199110122,2027.2525027808674,39.352614015572854,4984.2,857.5,861.7,866.7,857.4,199.5,201.7,204.4,204.2,4.76,78.8,4.376,4983.4,856.4,864.4,867.4,857.4,199.2,200.7,204.2,205.2,4.74,79.1,4.38,1.8,1.004,0,nominal,0,0.0,194.98,701927.1
73.0,takeoff_climb,91.50389321468298,2030.0333704115683,39.36818687430478,4981.6,855.5,863.2,866.9,855.4,200.0,200.5,204.6,205.2,4.73,79.1,4.377,4982.4,856.4,864.4,867.4,857.4,199.2,200.7,204.2,205.2,4.73,79.1,4.379,1.8,1.003,0,nominal,0,0.0,194.98,701927.0
73.1,takeoff_climb,91.49499443826474,2032.8142380422692,39.383759733036705,4976.7,855.1,865.7,867.5,855.5,199.6,201.2,204.3,205.1,4.7,78.8,4.388,4981.5,856.4,864.4,867.4,857.4,199.2,200.7,204.2,205.2,4.73,79.1,4.378,1.8,1.003,0,nominal,0,0.0,194.98,701926.9
73.2,takeoff_climb,91.48609566184649,2035.5951056729698,39.39933259176863,4983.5,856.0,864.9,866.9,856.4,199.9,200.7,203.8,205.1,4.73,79.0,4.418,4980.5,856.4,864.4,867.4,857.4,199.2,200.7,204.2,205.2,4.73,79.1,4.376,1.8,1.003,0,nominal,0,0.0,194.98,701926.8
73.3,takeoff_climb,91.47719688542826,2038.3759733036707,39.414905450500555,4972.9,856.3,866.4,869.8,856.9,199.8,201.0,204.3,203.8,4.71,79.2,4.345,4979.6,856.4,864.4,867.4,857.4,199.2,200.7,204.2,205.2,4.73,79.0,4.375,1.8,1.003,0,nominal,0,0.0,194.98,701926.7
73.4,takeoff_climb,91.46829810901001,2041.1568409343713,39.430478309232484,4987.7,856.1,864.2,865.0,855.9,198.9,200.6,203.7,206.1,4.74,79.7,4.385,4978.6,856.4,864.4,867.4,857.4,199.2,200.7,204.1,205.1,4.73,79.0,4.373,1.7,1.002,0,nominal,0,0.0,194.98,701926.6
73.5,takeoff_climb,91.45939933259177,2043.9377085650722,39.446051167964406,4983.5,856.5,864.9,865.5,856.8,198.9,200.0,204.8,204.1,4.77,79.2,4.353,4977.7,856.3,864.3,867.3,857.3,199.1,200.6,204.1,205.1,4.73,79.0,4.372,1.7,1.002,0,nominal,0,0.0,194.98,701926.5
73.6,takeoff_climb,91.45050055617352,2046.718576195773,39.46162402669633,4974.8,858.2,863.6,868.1,858.8,198.8,199.7,204.8,205.8,4.73,78.0,4.386,4976.7,856.3,864.3,867.3,857.3,199.1,200.6,204.1,205.1,4.73,79.0,4.371,1.7,1.002,0,nominal,0,0.0,194.98,701926.4
73.7,takeoff_climb,91.44160177975529,2049.499443826474,39.477196885428256,4967.2,857.1,864.3,866.8,857.0,199.6,200.0,204.0,205.0,4.74,78.9,4.37,4975.8,856.3,864.3,867.3,857.3,199.1,200.6,204.1,205.1,4.73,79.0,4.369,1.7,1.001,0,nominal,0,0.0,194.98,701926.3
73.8,takeoff_climb,91.43270300333704,2052.2803114571743,39.49276974416018,4979.3,857.9,864.0,868.9,857.6,199.1,200.7,205.3,205.0,4.76,78.5,4.382,4974.8,856.3,864.3,867.3,857.3,199.1,200.6,204.1,205.1,4.73,79.0,4.368,1.7,1.001,0,nominal,0,0.0,194.98,701926.2
73.9,takeoff_climb,91.4238042269188,2055.061179087875,39.5083426028921,4981.4,856.9,864.7,866.2,859.8,199.6,199.1,203.7,205.0,4.74,78.7,4.399,4973.9,856.3,864.3,867.3,857.3,199.1,200.6,204.1,205.1,4.73,78.9,4.367,1.6,1.001,0,nominal,0,0.0,194.98,701926.1
74.0,takeoff_climb,91.41490545050056,2057.842046718576,39.52391546162403,4967.5,854.6,864.9,866.9,857.3,199.5,201.0,205.1,204.6,4.74,80.4,4.399,4972.9,856.3,864.3,867.3,857.3,199.1,200.6,204.1,205.1,4.73,78.9,4.365,1.6,1.001,0,nominal,0,0.0,194.98,701926.0
74.1,takeoff_climb,91.40600667408232,2060.622914349277,39.53948832035595,4978.4,856.9,862.6,867.4,856.8,199.5,200.5,204.1,203.8,4.71,78.9,4.344,4972.0,856.3,864.3,867.3,857.3,199.1,200.6,204.1,205.1,4.73,78.9,4.364,1.6,1.0,0,nominal,0,0.0,194.98,701925.9
74.2,takeoff_climb,91.39710789766407,2063.403781979978,39.55506117908787,4971.0,855.1,863.5,867.5,855.9,198.9,201.6,204.5,205.5,4.76,78.9,4.362,4971.0,856.3,864.3,867.3,857.3,199.1,200.6,204.1,205.1,4.73,78.9,4.363,1.6,1.0,0,nominal,0,0.0,194.98,701925.8
74.3,takeoff_climb,91.38820912124584,2066.184649610678,39.5706340378198,4962.7,857.3,864.8,869.9,858.7,199.7,199.6,204.9,204.4,4.75,79.1,4.322,4970.1,856.3,864.3,867.3,857.3,199.1,200.6,204.1,205.1,4.73,78.9,4.361,1.6,1.0,0,nominal,0,0.0,194.98,701925.7
74.4,takeoff_climb,91.37931034482759,2068.965517241379,39.58620689655172,4974.0,856.5,865.0,866.0,854.7,199.4,199.9,203.8,205.7,4.7,78.2,4.378,4969.1,856.3,864.3,867.3,857.3,199.1,200.6,204.1,205.1,4.73,78.8,4.36,1.6,1.0,0,nominal,0,0.0,194.98,701925.6
74.5,takeoff_climb,91.37041156840934,2071.74638487208,39.601779755283644,4962.4,854.8,862.3,870.5,857.2,199.6,201.0,203.7,204.4,4.74,78.5,4.362,4968.2,856.3,864.3,867.3,857.3,199.1,200.6,204.1,205.1,4.73,78.8,4.358,1.5,0.999,0,nominal,0,0.0,194.98,701925.5
74.6,takeoff_climb,91.3615127919911,2074.527252502781,39.61735261401557,4958.0,857.1,862.9,867.1,855.2,199.4,201.5,204.5,205.5,4.77,79.9,4.345,4967.2,856.3,864.3,867.3,857.3,199.1,200.6,204.1,205.1,4.73,78.8,4.357,1.5,0.999,0,nominal,0,0.0,194.98,701925.4
74.7,takeoff_climb,91.35261401557285,2077.3081201334817,39.632925472747495,4963.3,857.0,864.0,868.6,855.7,199.5,200.7,202.5,204.7,4.73,78.5,4.362,4966.3,856.3,864.3,867.3,857.3,199.1,200.6,204.1,205.1,4.73,78.8,4.356,1.5,0.999,0,nominal,0,0.0,194.98,701925.3
74.8,takeoff_climb,91.34371523915462,2080.088987764182,39.64849833147942,4962.9,856.3,861.9,867.3,856.8,200.1,199.8,204.4,204.2,4.77,78.7,4.339,4965.3,856.2,864.2,867.2,857.2,199.1,200.6,204.1,205.1,4.73,78.8,4.354,1.5,0.998,0,nominal,0,0.0,194.98,701925.2
74.9,takeoff_climb,91.33481646273637,2082.869855394883,39.664071190211345,4963.1,855.8,863.7,867.8,858.0,199.7,201.7,203.7,205.6,4.76,78.6,4.363,4964.4,856.2,864.2,867.2,857.2,199.1,200.6,204.1,205.1,4.73,78.8,4.353,1.5,0.998,0,nominal,0,0.0,194.98,701925.1
75.0,takeoff_climb,91.32591768631814,2085.650723025584,39.679644048943274,4955.5,857.2,863.3,867.6,857.5,198.4,200.5,204.6,204.5,4.74,78.9,4.311,4963.4,856.2,864.2,867.2,857.2,199.1,200.6,204.1,205.1,4.73,78.7,4.352,1.4,0.998,0,nominal,0,0.0,194.98,701925.0
75.1,takeoff_climb,91.31701890989989,2088.4315906562847,39.695216907675196,4963.9,853.7,864.4,866.7,858.9,198.4,200.4,204.5,204.1,4.73,78.4,4.314,4962.5,856.2,864.2,867.2,857.2,199.1,200.6,204.1,205.1,4.73,78.7,4.35,1.4,0.998,0,nominal,0,0.0,194.98,701924.9
75.2,takeoff_climb,91.30812013348165,2091.2124582869856,39.71078976640712,4957.9,856.8,861.4,867.7,858.6,198.7,201.4,203.1,204.8,4.72,78.3,4.366,4961.5,856.2,864.2,867.2,857.2,199.1,200.6,204.1,205.1,4.73,78.7,4.349,1.4,0.997,0,nominal,0,0.0,194.98,701924.8
75.3,takeoff_climb,91.2992213570634,2093.993325917686,39.726362625139046,4964.0,855.8,864.2,866.8,856.1,198.6,199.9,204.6,206.4,4.71,78.4,4.332,4960.6,856.2,864.2,867.2,857.2,199.1,200.6,204.1,205.1,4.73,78.7,4.348,1.4,0.997,0,nominal,0,0.0,194.98,701924.7
75.4,takeoff_climb,91.29032258064517,2096.774193548387,39.74193548387097,4961.9,856.6,866.0,867.7,855.5,198.6,200.7,204.2,205.4,4.75,78.5,4.31,4959.6,856.2,864.2,867.2,857.2,199.1,200.6,204.1,205.1,4.73,78.7,4.346,1.4,0.997,0,nominal,0,0.0,194.98,701924.6
75.5,takeoff_climb,91.28142380422692,2099.5550611790877,39.75750834260289,4949.8,856.0,864.5,865.4,857.3,198.7,201.0,203.8,204.9,4.73,78.9,4.371,4958.7,856.2,864.2,867.2,857.2,199.1,200.6,204.1,205.1,4.73,78.7,4.345,1.4,0.996,0,nominal,0,0.0,194.98,701924.5
75.6,takeoff_climb,91.27252502780868,2102.3359288097886,39.77308120133482,4953.3,855.7,863.8,865.4,857.8,198.3,199.7,203.3,206.0,4.75,78.8,4.315,4957.7,856.2,864.2,867.2,857.2,199.1,200.6,204.1,205.1,4.73,78.6,4.344,1.3,0.996,0,nominal,0,0.0,194.98,701924.4
75.7,takeoff_climb,91.26362625139043,2105.1167964404895,39.78865406006674,4950.0,856.3,863.3,865.2,855.8,198.8,200.4,204.4,205.1,4.74,78.5,4.292,4956.8,856.2,864.2,867.2,857.2,199.1,200.6,204.1,205.1,4.73,78.6,4.342,1.3,0.996,0,nominal,0,0.0,194.98,701924.3
75.8,takeoff_climb,91.25472747497219,2107.89766407119,39.80422691879866,4953.1,856.6,863.5,867.8,857.7,198.3,200.7,203.8,205.0,4.69,78.6,4.328,4955.9,856.2,864.2,867.2,857.2,199.1,200.6,204.1,205.1,4.73,78.6,4.341,1.3,0.996,0,nominal,0,0.0,194.98,701924.2
75.9,takeoff_climb,91.24582869855395,2110.6785317018907,39.81979977753059,4966.0,856.3,865.8,866.7,857.0,198.8,200.9,204.2,205.5,4.75,78.6,4.35,4954.9,856.2,864.2,867.2,857.2,199.1,200.6,204.1,205.1,4.73,78.6,4.34,1.3,0.995,0,nominal,0,0.0,194.98,701924.1
76.0,takeoff_climb,91.2369299221357,2113.4593993325916,39.83537263626251,4957.3,857.4,863.7,867.0,857.1,199.3,200.3,203.8,205.2,4.73,78.4,4.344,4954.0,856.1,864.1,867.1,857.1,199.1,200.6,204.1,205.1,4.73,78.6,4.338,1.3,0.995,0,nominal,0,0.0,194.98,701924.0
76.1,takeoff_climb,91.22803114571747,2116.2402669632925,39.850945494994434,4959.4,855.2,862.7,868.2,858.0,198.8,198.9,203.7,205.7,4.72,78.5,4.407,4953.0,856.1,864.1,867.1,857.1,199.1,200.6,204.1,205.1,4.73,78.6,4.337,1.2,0.995,0,nominal,0,0.0,194.98,701923.9
76.2,takeoff_climb,91.21913236929922,2119.0211345939933,39.86651835372636,4956.8,855.8,864.0,867.1,856.5,198.1,199.6,204.9,204.6,4.75,78.1,4.348,4952.1,856.1,864.1,867.1,857.1,199.1,200.6,204.1,205.1,4.73,78.5,4.335,1.2,0.995,0,nominal,0,0.0,194.98,701923.8
76.3,takeoff_climb,91.21023359288098,2121.8020022246938,39.882091212458285,4953.7,856.7,866.5,869.5,856.1,199.2,200.6,204.6,205.7,4.74,78.8,4.358,4951.1,856.1,864.1,867.1,857.1,199.1,200.6,204.1,205.1,4.73,78.5,4.334,1.2,0.994,0,nominal,0,0.0,194.98,701923.7
76.4,takeoff_climb,91.20133481646273,2124.5828698553946,39.89766407119021,4947.0,854.9,863.6,867.4,857.4,198.3,200.2,202.4,204.5,4.7,79.4,4.327,4950.2,856.1,864.1,867.1,857.1,199.1,200.6,204.1,205.1,4.73,78.5,4.333,1.2,0.994,0,nominal,0,0.0,194.98,701923.6
76.5,takeoff_climb,91.1924360400445,2127.3637374860955,39.913236929922135,4946.6,857.1,863.8,865.2,856.6,198.2,200.9,203.6,205.1,4.74,78.0,4.295,4949.2,856.1,864.1,867.1,857.1,199.1,200.6,204.1,205.1,4.73,78.5,4.331,1.2,0.994,0,nominal,0,0.0,194.98,701923.5
76.6,takeoff_climb,91.18353726362625,2130.1446051167964,39.928809788654064,4935.8,857.8,863.2,866.4,858.0,198.5,200.1,204.4,205.2,4.77,78.4,4.377,4948.3,856.1,864.1,867.1,857.1,199.1,200.6,204.0,205.0,4.73,78.5,4.33,1.2,0.993,0,nominal,0,0.0,194.98,701923.4
76.7,takeoff_climb,91.17463848720801,2132.925472747497,39.944382647385986,4955.2,856.2,864.7,867.3,858.8,199.7,201.5,204.4,204.7,4.72,77.4,4.33,4947.4,856.1,864.1,867.1,857.1,199.0,200.5,204.0,205.0,4.73,78.4,4.329,1.1,0.993,0,nominal,0,0.0,194.98,701923.3
76.8,takeoff_climb,91.16573971078977,2135.7063403781976,39.95995550611791,4949.5,856.9,864.6,865.9,858.9,198.4,200.6,203.9,204.3,4.73,78.2,4.349,4946.4,856.1,864.1,867.1,857.1,199.0,200.5,204.0,205.0,4.73,78.4,4.327,1.1,0.993,0,nominal,0,0.0,194.98,701923.2
76.9,takeoff_climb,91.15684093437153,2138.4872080088985,39.975528364849836,4951.8,857.3,862.9,866.1,857.0,199.3,200.0,204.7,205.1,4.69,78.8,4.309,4945.5,856.1,864.1,867.1,857.1,199.0,200.5,204.0,205.0,4.73,78.4,4.326,1.1,0.993,0,nominal,0,0.0,194.98,701923.1
77.0,takeoff_climb,91.14794215795328,2141.2680756395994,39.99110122358176,4945.2,858.7,864.1,869.4,857.2,199.4,200.6,203.7,204.1,4.69,78.6,4.313,4944.5,856.1,864.1,867.1,857.1,199.0,200.5,204.0,205.0,4.73,78.4,4.325,1.1,0.992,0,nominal,0,0.0,194.98,701923.0
77.1,takeoff_climb,91.13904338153503,2144.0489432703002,40.00667408231368,4945.0,854.1,862.5,865.9,857.6,199.8,201.5,204.4,205.9,4.72,78.1,4.348,4943.6,856.1,864.1,867.1,857.1,199.0,200.5,204.0,205.0,4.73,78.4,4.323,1.1,0.992,0,nominal,0,0.0,194.98,701922.9
77.2,takeoff_climb,91.1301446051168,2146.829810901001,40.02224694104561,4941.7,857.3,864.9,867.6,858.1,199.7,200.7,204.9,204.6,4.74,79.3,4.343,4942.6,856.0,864.0,867.0,857.0,199.0,200.5,204.0,205.0,4.73,78.4,4.322,1.0,0.992,0,nominal,0,0.0,194.98,701922.8
77.3,takeoff_climb,91.12124582869855,2149.610678531702,40.03781979977753,4946.8,855.6,865.1,866.6,857.5,198.8,200.6,202.3,204.7,4.72,78.8,4.327,4941.7,856.0,864.0,867.0,857.0,199.0,200.5,204.0,205.0,4.73,78.3,4.321,1.0,0.991,0,nominal,0,0.0,194.98,701922.7
77.4,takeoff_climb,91.11234705228031,2152.3915461624024,40.05339265850945,4937.5,856.8,864.4,867.0,857.7,198.5,200.0,203.6,205.2,4.72,77.7,4.32,4940.7,856.0,864.0,867.0,857.0,199.0,200.5,204.0,205.0,4.73,78.3,4.319,1.0,0.991,0,nominal,0,0.0,194.98,701922.6
77.5,takeoff_climb,91.10344827586206,2155.1724137931033,40.06896551724138,4938.3,857.1,864.0,866.3,857.3,199.8,199.8,204.3,204.8,4.78,78.2,4.33,4939.8,856.0,864.0,867.0,857.0,199.0,200.5,204.0,205.0,4.73,78.3,4.318,1.0,0.991,0,nominal,0,0.0,194.98,701922.5
77.6,takeoff_climb,91.09454949944383,2157.953281423804,40.0845383759733,4931.1,854.6,865.5,865.3,858.0,198.5,199.8,204.4,205.0,4.75,77.6,4.345,4938.9,856.0,864.0,867.0,857.0,199.0,200.5,204.0,205.0,4.73,78.3,4.317,1.0,0.991,0,nominal,0,0.0,194.98,701922.4
77.7,takeoff_climb,91.08565072302558,2160.734149054505,40.100111234705224,4946.9,855.9,865.8,864.5,855.9,198.7,200.4,202.6,205.0,4.71,78.5,4.314,4937.9,856.0,864.0,867.0,857.0,199.0,200.5,204.0,205.0,4.73,78.3,4.315,1.0,0.99,0,nominal,0,0.0,194.98,701922.3
77.8,takeoff_climb,91.07675194660735,2163.515016685206,40.11568409343715,4942.1,856.5,866.1,868.3,856.8,199.6,200.6,205.1,204.9,4.74,77.6,4.306,4937.0,856.0,864.0,867.0,857.0,199.0,200.5,204.0,205.0,4.73,78.3,4.314,0.9,0.99,0,nominal,0,0.0,194.98,701922.2
77.9,takeoff_climb,91.0678531701891,2166.2958843159063,40.131256952169075,4934.6,855.9,865.7,866.8,856.6,198.8,200.6,203.9,205.4,4.76,78.2,4.305,4936.0,856.0,864.0,867.0,857.0,199.0,200.5,204.0,205.0,4.73,78.2,4.313,0.9,0.99,0,nominal,0,0.0,194.98,701922.1
78.0,takeoff_climb,91.05895439377086,2169.076751946607,40.146829810901,4928.0,855.0,865.7,867.0,857.6,198.8,200.3,203.8,205.3,4.7,78.4,4.358,4935.1,856.0,864.0,867.0,857.0,199.0,200.5,204.0,205.0,4.73,78.2,4.311,0.9,0.989,0,nominal,0,0.0,194.98,701922.0
78.1,takeoff_climb,91.05005561735261,2171.857619577308,40.162402669632925,4930.1,855.2,863.3,864.8,856.6,199.8,200.2,204.8,204.7,4.71,77.7,4.305,4934.2,856.0,864.0,867.0,857.0,199.0,200.5,204.0,205.0,4.73,78.2,4.31,0.9,0.989,0,nominal,0,0.0,194.98,701921.9
78.2,takeoff_climb,91.04115684093438,2174.638487208009,40.17797552836485,4937.8,855.5,862.6,866.1,857.0,198.2,200.0,204.4,204.0,4.71,78.5,4.307,4933.2,856.0,864.0,867.0,857.0,199.0,200.5,204.0,205.0,4.73,78.2,4.309,0.9,0.989,0,nominal,0,0.0,194.98,701921.8
78.3,takeoff_climb,91.03225806451613,2177.4193548387098,40.193548387096776,4935.3,857.0,864.7,866.2,855.2,198.3,200.0,204.0,203.9,4.69,78.5,4.312,4932.3,856.0,864.0,867.0,857.0,199.0,200.5,204.0,205.0,4.73,78.2,4.307,0.8,0.989,0,nominal,0,0.0,194.98,701921.7
78.4,takeoff_climb,91.0233592880979,2180.20022246941,40.2091212458287,4930.4,855.8,862.8,868.1,858.8,198.8,201.0,204.0,204.9,4.76,79.0,4.275,4931.3,856.0,864.0,867.0,857.0,199.0,200.5,204.0,205.0,4.73,78.1,4.306,0.8,0.988,0,nominal,0,0.0,194.98,701921.6
78.5,takeoff_climb,91.01446051167964,2182.981090100111,40.224694104560626,4930.9,854.1,864.4,867.1,856.7,199.0,199.9,204.0,205.0,4.71,78.1,4.28,4930.4,855.9,863.9,866.9,856.9,199.0,200.5,204.0,205.0,4.73,78.1,4.304,0.8,0.988,0,nominal,0,0.0,194.98,701921.5
78.6,takeoff_climb,91.0055617352614,2185.761957730812,40.24026696329255,4929.1,855.3,863.6,866.2,857.4,199.1,200.4,203.8,205.2,4.67,77.7,4.394,4929.4,855.9,863.9,866.9,856.9,199.0,200.5,204.0,205.0,4.73,78.1,4.303,0.8,0.988,0,nominal,0,0.0,194.98,701921.4
78.7,takeoff_climb,90.99666295884316,2188.5428253615128,40.25583982202447,4932.3,856.1,863.9,866.4,856.0,199.2,200.8,204.3,204.4,4.7,76.9,4.313,4928.5,855.9,863.9,866.9,856.9,199.0,200.5,204.0,205.0,4.73,78.1,4.302,0.8,0.988,0,nominal,0,0.0,194.98,701921.3
78.8,takeoff_climb,90.98776418242491,2191.3236929922136,40.2714126807564,4930.6,855.7,863.9,867.3,855.3,200.4,200.6,204.2,204.8,4.75,78.5,4.254,4927.6,855.9,863.9,866.9,856.9,199.0,200.5,204.0,205.0,4.73,78.1,4.3,0.8,0.987,0,nominal,0,0.0,194.98,701921.2
78.9,takeoff_climb,90.97886540600668,2194.104560622914,40.28698553948832,4918.3,856.1,863.2,865.8,857.3,198.7,200.9,203.6,205.3,4.73,78.1,4.312,4926.6,855.9,863.9,866.9,856.9,199.0,200.5,204.0,205.0,4.73,78.1,4.299,0.7,0.987,0,nominal,0,0.0,194.98,701921.1
79.0,takeoff_climb,90.96996662958843,2196.885428253615,40.30255839822024,4927.1,856.5,863.5,863.0,855.3,200.2,200.9,204.7,205.5,4.74,77.9,4.291,4925.7,855.9,863.9,866.9,856.9,199.0,200.5,204.0,205.0,4.73,78.0,4.298,0.7,0.987,0,nominal,0,0.0,194.98,701921.0
79.1,takeoff_climb,90.96106785317019,2199.666295884316,40.31813125695217,4930.0,853.7,864.8,868.0,857.4,199.8,201.2,203.2,205.5,4.75,77.4,4.327,4924.7,855.9,863.9,866.9,856.9,199.0,200.5,204.0,205.0,4.73,78.0,4.296,0.7,0.986,0,nominal,0,0.0,194.98,701920.9
79.2,takeoff_climb,90.95216907675194,2202.4471635150167,40.33370411568409,4929.8,854.3,863.4,866.0,857.7,198.8,199.4,204.7,204.1,4.69,77.9,4.312,4923.8,855.9,863.9,866.9,856.9,199.0,200.5,204.0,205.0,4.73,78.0,4.295,0.7,0.986,0,nominal,0,0.0,194.98,701920.8
79.3,takeoff_climb,90.94327030033371,2205.2280311457175,40.349276974416014,4922.4,854.0,863.6,865.1,858.3,198.7,199.6,203.2,204.8,4.75,78.8,4.265,4922.9,855.9,863.9,866.9,856.9,199.0,200.5,204.0,205.0,4.72,78.0,4.294,0.7,0.986,0,nominal,0,0.0,194.98,701920.7
79.4,takeoff_climb,90.93437152391546,2208.008898776418,40.36484983314794,4926.8,856.3,865.7,867.6,859.4,199.2,199.7,204.8,205.1,4.71,78.2,4.264,4921.9,855.9,863.9,866.9,856.9,199.0,200.5,204.0,205.0,4.72,78.0,4.292,0.6,0.986,0,nominal,0,0.0,194.98,701920.6
79.5,takeoff_climb,90.92547274749722,2210.789766407119,40.380422691879865,4916.3,856.2,863.6,866.3,856.5,198.4,200.0,202.7,204.1,4.74,77.5,4.327,4921.0,855.9,863.9,866.9,856.9,199.0,200.5,204.0,205.0,4.72,78.0,4.291,0.6,0.985,0,nominal,0,0.0,194.98,701920.5
79.6,takeoff_climb,90.91657397107898,2213.5706340378197,40.39599555061179,4920.2,855.4,863.4,867.7,855.9,199.8,199.3,205.0,205.6,4.76,78.0,4.262,4920.0,855.9,863.9,866.9,856.9,199.0,200.5,204.0,205.0,4.72,78.0,4.29,0.6,0.985,0,nominal,0,0.0,194.98,701920.4
79.7,takeoff_climb,90.90767519466074,2216.3515016685205,40.411568409343715,4923.1,854.0,863.6,865.0,855.2,198.2,200.9,204.8,205.6,4.71,77.9,4.303,4919.1,855.8,863.8,866.8,856.8,198.9,200.4,203.9,204.9,4.72,78.0,4.288,0.6,0.985,0,nominal,0,0.0,194.98,701920.3
79.8,takeoff_climb,90.89877641824249,2219.1323692992214,40.42714126807564,4925.0,859.3,863.0,865.6,859.7,197.8,200.6,203.9,205.8,4.76,78.1,4.255,4918.2,855.8,863.8,866.8,856.8,198.9,200.4,203.9,204.9,4.72,78.0,4.287,0.6,0.985,0,nominal,0,0.0,194.98,701920.2
79.9,takeoff_climb,90.88987764182426,2221.913236929922,40.442714126807566,4920.7,855.4,864.4,867.9,855.9,198.9,201.5,203.8,204.0,4.75,77.1,4.296,4917.2,855.8,863.8,866.8,856.8,198.9,200.4,203.9,204.9,4.72,78.0,4.286,0.6,0.984,0,nominal,0,0.0,194.98,701920.1
80.0,takeoff_climb,90.88097886540601,2224.6941045606227,40.45828698553949,4912.1,855.6,864.0,866.5,857.4,198.1,200.7,203.7,204.8,4.69,78.1,4.294,4916.3,855.8,863.8,866.8,856.8,198.9,200.4,203.9,204.9,4.72,78.0,4.284,0.5,0.984,0,nominal,0,0.0,194.98,701920.0
80.1,takeoff_climb,90.87208008898776,2227.4749721913236,40.473859844271416,4914.6,854.4,864.2,866.4,855.9,198.8,200.4,204.7,206.2,4.73,77.7,4.249,4915.4,855.8,863.8,866.8,856.8,198.9,200.4,203.9,204.9,4.72,78.0,4.283,0.5,0.984,0,nominal,0,0.0,194.98,701919.9
80.2,takeoff_climb,90.86318131256952,2230.2558398220244,40.48943270300334,4912.7,857.2,863.7,866.0,855.8,198.3,200.9,203.7,203.7,4.71,77.6,4.315,4914.4,855.8,863.8,866.8,856.8,198.9,200.4,203.9,204.9,4.72,78.0,4.282,0.5,0.983,0,nominal,0,0.0,194.98,701919.8
80.3,takeoff_climb,90.85428253615127,2233.0367074527253,40.50500556173526,4920.7,855.1,865.4,866.8,855.6,198.4,200.1,204.1,204.7,4.73,77.7,4.235,4913.5,855.8,863.8,866.8,856.8,198.9,200.4,203.9,204.9,4.72,78.0,4.28,0.5,0.983,0,nominal,0,0.0,194.98,701919.7
80.4,takeoff_climb,90.84538375973304,2235.8175750834257,40.52057842046719,4910.0,857.8,864.9,866.8,857.8,198.2,201.1,203.2,205.4,4.72,77.8,4.294,4912.5,855.8,863.8,866.8,856.8,198.9,200.4,203.9,204.9,4.72,78.0,4.279,0.5,0.983,0,nominal,0,0.0,194.98,701919.6
80.5,takeoff_climb,90.83648498331479,2238.5984427141266,40.53615127919911,4918.9,854.4,866.6,865.2,857.1,199.0,201.0,203.2,204.7,4.74,77.8,4.243,4911.6,855.8,863.8,866.8,856.8,198.9,200.4,203.9,204.9,4.72,78.0,4.278,0.4,0.983,0,nominal,0,0.0,194.98,701919.5
80.6,takeoff_climb,90.82758620689656,2241.3793103448274,40.55172413793103,4911.8,854.7,865.2,866.7,855.5,198.7,198.9,203.6,205.0,4.75,78.5,4.304,4910.7,855.8,863.8,866.8,856.8,198.9,200.4,203.9,204.9,4.72,78.0,4.276,0.4,0.982,0,nominal,0,0.0,194.98,701919.4
80.7,takeoff_climb,90.8186874304783,2244.1601779755283,40.56729699666296,4903.0,855.4,868.5,867.0,856.2,198.7,200.7,203.7,204.4,4.74,78.5,4.299,4909.7,855.8,863.8,866.8,856.8,198.9,200.4,203.9,204.9,4.72,78.0,4.275,0.4,0.982,0,nominal,0,0.0,194.98,701919.3
80.8,takeoff_climb,90.80978865406007,2246.941045606229,40.58286985539488,4908.1,856.1,865.0,865.2,855.5,198.2,201.7,203.9,205.4,4.73,78.3,4.287,4908.8,855.8,863.8,866.8,856.8,198.9,200.4,203.9,204.9,4.72,78.0,4.274,0.4,0.982,0,nominal,0,0.0,194.98,701919.2
80.9,takeoff_climb,90.80088987764182,2249.7219132369296,40.598442714126804,4908.4,855.5,863.2,865.3,856.7,198.9,200.9,204.6,205.3,4.71,77.4,4.319,4907.9,855.7,863.7,866.7,856.7,198.9,200.4,203.9,204.9,4.72,78.0,4.272,0.4,0.981,0,nominal,0,0.0,194.98,701919.1
81.0,takeoff_climb,90.79199110122359,2252.5027808676305,40.61401557285873,4905.5,857.8,863.2,864.8,855.5,198.7,200.1,203.9,205.0,4.7,78.2,4.255,4906.9,855.7,863.7,866.7,856.7,198.9,200.4,203.9,204.9,4.72,78.0,4.271,0.4,0.981,0,nominal,0,0.0,194.98,701919.0
81.1,takeoff_climb,90.78309232480534,2255.2836484983313,40.629588431590655,4905.8,855.6,861.8,866.2,859.2,198.5,200.0,204.0,203.8,4.7,78.0,4.265,4906.0,855.7,863.7,866.7,856.7,198.9,200.4,203.9,204.9,4.72,78.0,4.27,0.3,0.981,0,nominal,0,0.0,194.98,701918.9
81.2,takeoff_climb,90.7741935483871,2258.064516129032,40.64516129032258,4902.6,857.1,863.0,868.5,856.7,199.9,200.3,203.4,205.2,4.76,78.3,4.265,4905.1,855.7,863.7,866.7,856.7,198.9,200.4,203.9,204.9,4.72,78.0,4.268,0.3,0.981,0,nominal,0,0.0,194.98,701918.8
81.3,takeoff_climb,90.76529477196885,2260.845383759733,40.660734149054505,4900.0,853.5,861.9,869.2,856.9,198.6,200.9,203.8,206.5,4.73,78.0,4.252,4904.1,855.7,863.7,866.7,856.7,198.9,200.4,203.9,204.9,4.72,78.0,4.267,0.3,0.98,0,nominal,0,0.0,194.98,701918.7
81.4,takeoff_climb,90.7563959955506,2263.6262513904335,40.67630700778643,4904.6,854.9,863.5,865.4,855.4,199.2,200.2,204.9,205.5,4.7,78.8,4.262,4903.2,855.7,863.7,866.7,856.7,198.9,200.4,203.9,204.9,4.72,78.0,4.266,0.3,0.98,0,nominal,0,0.0,194.98,701918.6
81.5,takeoff_climb,90.74749721913237,2266.4071190211343,40.691879866518356,4907.0,854.3,863.0,868.4,856.4,198.4,199.6,203.6,205.0,4.69,77.6,4.284,4902.3,855.7,863.7,866.7,856.7,198.9,200.4,203.9,204.9,4.72,78.0,4.264,0.3,0.98,0,nominal,0,0.0,194.98,701918.5
81.6,takeoff_climb,90.73859844271412,2269.187986651835,40.70745272525028,4907.0,855.2,862.8,867.0,859.4,198.5,200.2,203.0,206.1,4.75,77.0,4.237,4901.3,855.7,863.7,866.7,856.7,198.9,200.4,203.9,204.9,4.72,78.0,4.263,0.3,0.98,0,nominal,0,0.0,194.98,701918.4
81.7,takeoff_climb,90.72969966629589,2271.968854282536,40.723025583982206,4904.4,855.9,861.5,868.7,855.7,199.6,200.8,204.7,205.6,4.74,77.3,4.262,4900.4,855.7,863.7,866.7,856.7,198.9,200.4,203.9,204.9,4.72,78.0,4.262,0.2,0.979,0,nominal,0,0.0,194.98,701918.3
81.8,takeoff_climb,90.72080088987764,2274.749721913237,40.73859844271413,4906.1,852.9,863.1,866.7,855.7,199.2,200.2,203.6,204.7,4.7,78.0,4.265,4899.4,855.7,863.7,866.7,856.7,198.9,200.4,203.9,204.9,4.72,78.0,4.26,0.2,0.979,0,nominal,0,0.0,194.98,701918.2
81.9,takeoff_climb,90.7119021134594,2277.5305895439374,40.75417130144605,4893.4,856.9,863.0,865.7,856.4,198.7,201.7,203.6,204.8,4.73,77.5,4.219,4898.5,855.7,863.7,866.7,856.7,198.9,200.4,203.9,204.9,4.72,78.0,4.259,0.2,0.979,0,nominal,0,0.0,194.98,701918.1
82.0,takeoff_climb,90.70300333704115,2280.3114571746382,40.76974416017798,4885.5,855.1,863.2,867.6,860.4,198.4,201.4,203.9,206.6,4.74,77.8,4.234,4897.6,855.7,863.7,866.7,856.7,198.9,200.4,203.9,204.9,4.72,78.0,4.258,0.2,0.978,0,nominal,0,0.0,194.98,701918.0
82.1,takeoff_climb,90.69410456062292,2283.092324805339,40.7853170189099,4893.3,855.2,864.8,866.8,857.5,197.8,200.7,204.4,206.8,4.73,78.0,4.24,4896.6,855.6,863.6,866.6,856.6,198.9,200.4,203.9,204.9,4.72,78.0,4.256,0.2,0.978,0,nominal,0,0.0,194.98,701917.9
82.2,takeoff_climb,90.68520578420467,2285.87319243604,40.80088987764182,4888.9,857.9,863.5,867.4,858.3,198.8,200.6,204.0,205.4,4.75,77.9,4.251,4895.7,855.6,863.6,866.6,856.6,198.9,200.4,203.9,204.9,4.72,78.0,4.255,0.1,0.978,0,nominal,0,0.0,194.98,701917.8
82.3,takeoff_climb,90.67630700778643,2288.654060066741,40.81646273637375,4895.4,855.5,864.4,869.4,853.2,199.7,200.7,204.5,204.7,4.75,77.8,4.22,4894.8,855.6,863.6,866.6,856.6,198.9,200.4,203.9,204.9,4.72,78.0,4.254,0.1,0.978,0,nominal,0,0.0,194.98,701917.7
82.4,takeoff_climb,90.66740823136819,2291.4349276974413,40.83203559510567,4901.7,855.8,864.7,867.7,858.0,197.7,200.3,203.1,205.1,4.74,77.7,4.228,4893.8,855.6,863.6,866.6,856.6,198.9,200.4,203.9,204.9,4.72,78.0,4.252,0.1,0.977,0,nominal,0,0.0,194.98,701917.6
82.5,takeoff_climb,90.65850945494995,2294.215795328142,40.847608453837594,4892.6,856.1,860.7,867.2,858.4,199.0,200.0,203.6,205.0,4.7,78.1,4.241,4892.9,855.6,863.6,866.6,856.6,198.9,200.4,203.9,204.9,4.72,78.0,4.251,0.1,0.977,0,nominal,0,0.0,194.98,701917.5
82.6,takeoff_climb,90.6496106785317,2296.996662958843,40.86318131256952,4897.3,855.8,863.5,864.9,857.5,198.7,199.5,203.7,205.3,4.71,78.4,4.225,4892.0,855.6,863.6,866.6,856.6,198.9,200.4,203.9,204.9,4.72,78.0,4.25,0.1,0.977,0,nominal,0,0.0,194.98,701917.4
82.7,takeoff_climb,90.64071190211345,2299.777530589544,40.878754171301445,4888.3,857.0,865.6,865.9,855.6,197.9,200.5,204.4,205.3,4.74,77.0,4.215,4891.0,855.6,863.6,866.6,856.6,198.8,200.3,203.8,204.8,4.72,78.0,4.249,0.1,0.977,0,nominal,0,0.0,194.98,701917.3
82.8,takeoff_climb,90.63181312569522,2302.5583982202447,40.89432703003337,4887.0,857.3,862.8,867.8,855.9,197.6,200.5,203.9,204.7,4.76,77.5,4.187,4890.1,855.6,863.6,866.6,856.6,198.8,200.3,203.8,204.8,4.72,78.0,4.247,0.0,0.976,0,nominal,0,0.0,194.98,701917.2
82.9,takeoff_climb,90.62291434927697,2305.339265850945,40.909899888765295,4892.8,854.6,862.1,865.9,857.0,198.8,200.8,203.7,205.9,4.73,77.5,4.257,4889.2,855.6,863.6,866.6,856.6,198.8,200.3,203.8,204.8,4.72,78.0,4.246,0.0,0.976,0,nominal,0,0.0,194.98,701917.1
83.0,takeoff_climb,90.61401557285873,2308.120133481646,40.92547274749722,4891.5,855.0,860.8,866.0,857.3,199.6,200.5,203.0,204.2,4.7,78.0,4.261,4888.2,855.6,863.6,866.6,856.6,198.8,200.3,203.8,204.8,4.72,78.0,4.245,-0.0,0.976,0,nominal,0,0.0,194.98,701917.0
83.1,takeoff_climb,90.60511679644048,2310.901001112347,40.94104560622914,4885.2,854.5,864.1,865.9,856.0,197.8,200.2,203.3,205.0,4.7,78.5,4.256,4887.3,855.6,863.6,866.6,856.6,198.8,200.3,203.8,204.8,4.72,78.0,4.243,-0.0,0.975,0,nominal,0,0.0,194.98,701916.9
83.2,takeoff_climb,90.59621802002225,2313.6818687430477,40.95661846496107,4886.4,858.7,864.9,866.0,856.8,198.4,201.1,203.3,204.0,4.75,77.8,4.181,4886.4,855.6,863.6,866.6,856.6,198.8,200.3,203.8,204.8,4.72,78.0,4.242,-0.0,0.975,0,nominal,0,0.0,194.98,701916.8
83.3,takeoff_climb,90.587319243604,2316.4627363737486,40.97219132369299,4883.4,854.2,863.6,865.5,857.7,198.8,199.2,203.3,206.0,4.73,77.9,4.209,4885.5,855.5,863.5,866.5,856.5,198.8,200.3,203.8,204.8,4.72,78.0,4.241,-0.1,0.975,0,nominal,0,0.0,194.98,701916.7
83.4,takeoff_climb,90.57842046718577,2319.243604004449,40.98776418242492,4875.4,856.1,864.3,866.8,858.6,199.8,200.3,204.5,204.8,4.69,77.7,4.227,4884.5,855.5,863.5,866.5,856.5,198.8,200.3,203.8,204.8,4.72,78.0,4.239,-0.1,0.975,0,nominal,0,0.0,194.98,701916.6
83.5,takeoff_climb,90.56952169076752,2322.02447163515,41.00333704115684,4882.3,855.7,862.0,868.6,857.4,199.1,200.6,204.0,205.6,4.68,77.6,4.264,4883.6,855.5,863.5,866.5,856.5,198.8,200.3,203.8,204.8,4.72,78.0,4.238,-0.1,0.974,0,nominal,0,0.0,194.98,701916.5
83.6,takeoff_climb,90.56062291434928,2324.8053392658508,41.01890989988877,4883.6,856.7,862.4,868.1,859.7,199.4,200.2,203.8,203.7,4.72,77.7,4.245,4882.7,855.5,863.5,866.5,856.5,198.8,200.3,203.8,204.8,4.72,78.0,4.237,-0.1,0.974,0,nominal,0,0.0,194.98,701916.4
83.7,takeoff_climb,90.55172413793103,2327.5862068965516,41.03448275862069,4889.4,855.7,865.2,867.2,854.7,199.0,199.8,203.6,204.4,4.7,77.9,4.244,4881.7,855.5,863.5,866.5,856.5,198.8,200.3,203.8,204.8,4.72,78.0,4.235,-0.1,0.974,0,nominal,0,0.0,194.98,701916.3
83.8,takeoff_climb,90.5428253615128,2330.3670745272525,41.05005561735261,4884.9,857.4,863.6,868.2,854.9,198.5,200.1,203.6,203.1,4.71,78.9,4.22,4880.8,855.5,863.5,866.5,856.5,198.8,200.3,203.8,204.8,4.72,78.0,4.234,-0.1,0.973,0,nominal,0,0.0,194.98,701916.2
83.9,takeoff_climb,90.53392658509455,2333.147942157953,41.06562847608454,4891.5,856.6,864.5,867.1,856.2,199.2,201.1,204.2,204.4,4.72,77.1,4.241,4879.9,855.5,863.5,866.5,856.5,198.8,200.3,203.8,204.8,4.72,78.0,4.233,-0.2,0.973,0,nominal,0,0.0,194.98,701916.1
84.0,takeoff_climb,90.52502780867631,2335.928809788654,41.08120133481646,4879.6,854.9,865.0,871.4,856.9,199.0,199.4,203.9,205.3,4.75,78.7,4.266,4878.9,855.5,863.5,866.5,856.5,198.8,200.3,203.8,204.8,4.72,78.0,4.231,-0.2,0.973,0,nominal,0,0.0,194.98,701916.0
84.1,takeoff_climb,90.51612903225806,2338.7096774193546,41.096774193548384,4880.2,853.6,861.8,865.6,855.2,198.1,200.3,204.2,204.8,4.76,77.3,4.199,4878.0,855.5,863.5,866.5,856.5,198.8,200.3,203.8,204.8,4.72,78.0,4.23,-0.2,0.973,0,nominal,0,0.0,194.98,701915.9
84.2,takeoff_climb,90.50723025583983,2341.4905450500555,41.11234705228031,4877.0,856.5,864.8,867.6,855.2,198.5,200.2,203.8,205.3,4.73,78.1,4.257,4877.1,855.5,863.5,866.5,856.5,198.8,200.3,203.8,204.8,4.72,78.0,4.229,-0.2,0.972,0,nominal,0,0.0,194.98,701915.8
84.3,takeoff_climb,90.49833147942158,2344.2714126807564,41.127919911012235,4876.3,855.4,864.2,868.2,857.6,198.7,201.6,203.7,204.4,4.72,77.8,4.203,4876.1,855.5,863.5,866.5,856.5,198.8,200.3,203.8,204.8,4.72,78.0,4.227,-0.2,0.972,0,nominal,0,0.0,194.98,701915.7
84.4,takeoff_climb,90.48943270300333,2347.0522803114573,41.14349276974416,4879.0,853.2,863.8,865.7,857.7,198.7,200.3,203.5,204.0,4.69,77.1,4.187,4875.2,855.5,863.5,866.5,856.5,198.8,200.3,203.8,204.8,4.72,78.0,4.226,-0.3,0.972,0,nominal,0,0.0,194.98,701915.6
84.5,takeoff_climb,90.4805339265851,2349.8331479421577,41.159065628476085,4873.2,858.3,862.7,864.7,854.2,198.7,200.7,203.7,205.9,4.7,78.1,4.193,4874.3,855.5,863.5,866.5,856.5,198.8,200.3,203.8,204.8,4.72,78.0,4.225,-0.3,0.972,0,nominal,0,0.0,194.98,701915.5
84.6,takeoff_climb,90.47163515016685,2352.6140155728585,41.17463848720801,4870.1,857.0,865.3,868.5,857.0,199.2,201.4,204.3,205.2,4.73,77.8,4.208,4873.4,855.4,863.4,866.4,856.4,198.8,200.3,203.8,204.8,4.72,78.0,4.223,-0.3,0.971,0,nominal,0,0.0,194.98,701915.4
84.7,takeoff_climb,90.46273637374861,2355.3948832035594,41.19021134593993,4873.3,854.8,863.2,865.1,856.6,198.5,200.1,204.1,205.7,4.72,77.9,4.228,4872.4,855.4,863.4,866.4,856.4,198.8,200.3,203.8,204.8,4.72,78.0,4.222,-0.3,0.971,0,nominal,0,0.0,194.98,701915.3
84.8,takeoff_climb,90.45383759733036,2358.1757508342603,41.20578420467186,4865.0,857.0,862.7,865.2,856.4,199.0,200.1,203.2,204.8,4.75,77.1,4.201,4871.5,855.4,863.4,866.4,856.4,198.8,200.3,203.8,204.8,4.72,78.0,4.221,-0.3,0.971,0,nominal,0,0.0,194.98,701915.2
84.9,takeoff_climb,90.44493882091213,2360.956618464961,41.22135706340378,4875.0,855.0,864.2,867.6,857.0,198.1,200.2,203.9,204.9,4.66,78.2,4.229,4870.6,855.4,863.4,866.4,856.4,198.8,200.3,203.8,204.8,4.72,78.0,4.219,-0.3,0.97,0,nominal,0,0.0,194.98,701915.1
85.0,takeoff_climb,90.43604004449388,2363.7374860956616,41.23692992213571,4862.5,853.8,863.8,867.1,852.9,198.7,200.5,204.2,204.5,4.71,77.9,4.184,4869.6,855.4,863.4,866.4,856.4,198.8,200.3,203.8,204.8,4.72,78.0,4.218,-0.4,0.97,0,nominal,0,0.0,194.98,701915.0
85.1,takeoff_climb,90.42714126807564,2366.5183537263624,41.25250278086763,4868.2,854.2,865.9,863.6,855.3,199.5,200.1,203.6,204.6,4.71,78.3,4.272,4868.7,855.4,863.4,866.4,856.4,198.8,200.3,203.8,204.8,4.72,78.0,4.217,-0.4,0.97,0,nominal,0,0.0,194.98,701914.9
85.2,takeoff_climb,90.4182424916574,2369.2992213570633,41.26807563959956,4865.4,855.6,862.0,865.6,856.3,198.4,200.2,205.1,205.3,4.74,77.0,4.212,4867.8,855.4,863.4,866.4,856.4,198.8,200.3,203.8,204.8,4.72,78.0,4.216,-0.4,0.97,0,nominal,0,0.0,194.98,701914.8
85.3,takeoff_climb,90.40934371523916,2372.080088987764,41.28364849833148,4871.8,856.2,863.4,866.2,858.5,198.3,200.4,204.6,205.2,4.71,77.7,4.201,4866.9,855.4,863.4,866.4,856.4,198.8,200.3,203.8,204.8,4.72,78.0,4.214,-0.4,0.969,0,nominal,0,0.0,194.98,701914.7
85.4,takeoff_climb,90.40044493882091,2374.860956618465,41.2992213570634,4862.0,856.4,864.1,865.1,855.9,198.0,199.7,204.4,206.2,4.73,77.8,4.225,4865.9,855.4,863.4,866.4,856.4,198.8,200.3,203.8,204.8,4.71,78.0,4.213,-0.4,0.969,0,nominal,0,0.0,194.98,701914.6
85.5,takeoff_climb,90.39154616240268,2377.6418242491654,41.31479421579533,4855.3,855.5,865.4,866.2,857.0,198.0,199.4,203.3,203.8,4.71,78.0,4.228,4865.0,855.4,863.4,866.4,856.4,198.8,200.3,203.8,204.8,4.71,78.0,4.212,-0.5,0.969,0,nominal,0,0.0,194.98,701914.5
85.6,takeoff_climb,90.38264738598443,2380.4226918798663,41.33036707452725,4865.3,856.2,862.7,867.4,855.5,199.8,200.7,203.9,204.7,4.71,77.8,4.193,4864.1,855.4,863.4,866.4,856.4,198.8,200.3,203.7,204.7,4.71,78.0,4.21,-0.5,0.969,0,nominal,0,0.0,194.98,701914.4
85.7,takeoff_climb,90.37374860956618,2383.203559510567,41.345939933259174,4866.5,856.5,863.9,865.1,856.0,198.5,200.2,204.4,204.1,4.76,78.8,4.181,4863.2,855.4,863.4,866.4,856.4,198.7,200.2,203.7,204.7,4.71,78.0,4.209,-0.5,0.968,0,nominal,0,0.0,194.98,701914.3
85.8,takeoff_climb,90.36484983314794,2385.984427141268,41.3615127919911,4861.8,857.0,866.0,865.5,855.3,198.4,201.2,203.1,205.6,4.74,78.2,4.232,4862.2,855.3,863.3,866.3,856.3,198.7,200.2,203.7,204.7,4.71,78.0,4.208,-0.5,0.968,0,nominal,0,0.0,194.98,701914.2
85.9,takeoff_climb,90.3559510567297,2388.765294771969,41.377085650723025,4865.0,857.4,863.3,864.6,856.6,198.8,201.7,204.4,204.0,4.7,77.2,4.184,4861.3,855.3,863.3,866.3,856.3,198.7,200.2,203.7,204.7,4.71,78.0,4.206,-0.5,0.968,0,nominal,0,0.0,194.98,701914.1
86.0,takeoff_climb,90.34705228031146,2391.5461624026693,41.39265850945495,4860.1,856.0,863.1,865.0,855.1,199.3,199.7,203.4,204.3,4.75,78.4,4.219,4860.4,855.3,863.3,866.3,856.3,198.7,200.2,203.7,204.7,4.71,78.0,4.205,-0.5,0.967,0,nominal,0,0.0,194.98,701914.0
86.1,takeoff_climb,90.33815350389321,2394.32703003337,41.408231368186875,4846.8,856.4,864.6,868.7,855.7,198.5,200.3,202.8,204.0,4.7,78.1,4.177,4859.5,855.3,863.3,866.3,856.3,198.7,200.2,203.7,204.7,4.71,78.0,4.204,-0.6,0.967,0,nominal,0,0.0,194.98,701913.9
86.2,takeoff_climb,90.32925472747498,2397.107897664071,41.4238042269188,4861.3,855.9,861.8,866.9,854.5,199.2,200.2,203.5,203.9,4.74,77.0,4.245,4858.5,855.3,863.3,866.3,856.3,198.7,200.2,203.7,204.7,4.71,78.0,4.202,-0.6,0.967,0,nominal,0,0.0,194.98,701913.8
86.3,takeoff_climb,90.32035595105673,2399.888765294772,41.43937708565072,4860.0,853.2,866.1,866.4,853.8,198.7,199.4,203.8,205.4,4.71,77.9,4.2,4857.6,855.3,863.3,866.3,856.3,198.7,200.2,203.7,204.7,4.71,78.0,4.201,-0.6,0.967,0,nominal,0,0.0,194.98,701913.7
86.4,takeoff_climb,90.31145717463849,2402.669632925473,41.45494994438265,4851.2,854.7,860.9,866.9,854.5,198.5,200.7,203.6,204.8,4.72,78.0,4.186,4856.7,855.3,863.3,866.3,856.3,198.7,200.2,203.7,204.7,4.71,78.0,4.2,-0.6,0.966,0,nominal,0,0.0,194.98,701913.6
86.5,takeoff_climb,90.30255839822024,2405.450500556173,41.47052280311457,4860.3,855.5,864.2,866.6,855.5,199.0,199.9,203.4,204.6,4.71,78.5,4.206,4855.7,855.3,863.3,866.3,856.3,198.7,200.2,203.7,204.7,4.71,78.0,4.199,-0.6,0.966,0,nominal,0,0.0,194.98,701913.5
86.6,takeoff_climb,90.29365962180201,2408.231368186874,41.4860956618465,4853.2,856.2,864.4,866.0,855.3,197.7,199.7,203.9,204.3,4.72,78.5,4.187,4854.8,855.3,863.3,866.3,856.3,198.7,200.2,203.7,204.7,4.71,78.0,4.197,-0.7,0.966,0,nominal,0,0.0,194.98,701913.4
86.7,takeoff_climb,90.28476084538376,2411.012235817575,41.50166852057842,4855.3,853.4,862.8,867.3,855.2,198.6,200.0,203.4,203.9,4.67,78.1,4.178,4853.9,855.3,863.3,866.3,856.3,198.7,200.2,203.7,204.7,4.71,78.0,4.196,-0.7,0.966,0,nominal,0,0.0,194.98,701913.3
86.8,takeoff_climb,90.27586206896552,2413.793103448276,41.51724137931035,4852.4,855.1,864.3,867.8,854.8,198.2,200.1,204.3,204.2,4.7,77.1,4.175,4853.0,855.3,863.3,866.3,856.3,198.7,200.2,203.7,204.7,4.71,78.0,4.195,-0.7,0.965,0,nominal,0,0.0,194.98,701913.2
86.9,takeoff_climb,90.26696329254727,2416.5739710789767,41.53281423804227,4855.2,855.6,863.0,865.9,857.3,199.5,200.7,203.1,205.9,4.71,77.0,4.211,4852.0,855.3,863.3,866.3,856.3,198.7,200.2,203.7,204.7,4.71,78.0,4.193,-0.7,0.965,0,nominal,0,0.0,194.98,701913.1
87.0,takeoff_climb,90.25806451612902,2419.354838709677,41.54838709677419,4848.4,854.1,865.3,866.9,858.0,198.5,200.0,204.5,204.8,4.72,78.5,4.206,4851.1,855.2,863.2,866.2,856.2,198.7,200.2,203.7,204.7,4.71,78.0,4.192,-0.7,0.965,0,nominal,0,0.0,194.98,701913.0
87.1,takeoff_climb,90.24916573971079,2422.135706340378,41.56395995550612,4858.6,855.1,864.0,865.0,855.1,199.6,200.6,203.4,204.9,4.7,78.2,4.201,4850.2,855.2,863.2,866.2,856.2,198.7,200.2,203.7,204.7,4.71,78.0,4.191,-0.7,0.964,0,nominal,0,0.0,194.98,701912.9
87.2,takeoff_climb,90.24026696329254,2424.916573971079,41.57953281423804,4855.4,855.8,864.9,866.8,858.3,199.2,200.0,204.2,205.2,4.73,78.4,4.126,4849.3,855.2,863.2,866.2,856.2,198.7,200.2,203.7,204.7,4.71,78.0,4.189,-0.8,0.964,0,nominal,0,0.0,194.98,701912.8
87.3,takeoff_climb,90.2313681868743,2427.6974416017797,41.595105672969964,4846.0,855.9,864.2,865.6,856.8,198.4,199.7,204.1,203.7,4.7,78.0,4.214,4848.4,855.2,863.2,866.2,856.2,198.7,200.2,203.7,204.7,4.71,78.0,4.188,-0.8,0.964,0,nominal,0,0.0,194.98,701912.7
87.4,takeoff_climb,90.22246941045606,2430.4783092324806,41.61067853170189,4840.0,854.5,862.9,864.2,854.9,197.6,199.2,204.1,205.3,4.69,77.6,4.153,4847.4,855.2,863.2,866.2,856.2,198.7,200.2,203.7,204.7,4.71,78.0,4.187,-0.8,0.964,0,nominal,0,0.0,194.98,701912.6
87.5,takeoff_climb,90.21357063403782,2433.259176863181,41.626251390433815,4846.2,856.4,861.0,864.3,856.0,198.4,200.4,203.2,205.4,4.67,78.9,4.214,4846.5,855.2,863.2,866.2,856.2,198.7,200.2,203.7,204.7,4.71,78.0,4.185,-0.8,0.963,0,nominal,0,0.0,194.98,701912.5
87.6,takeoff_climb,90.20467185761957,2436.040044493882,41.64182424916574,4848.9,853.4,860.7,865.7,857.0,199.2,200.9,203.8,204.4,4.73,77.8,4.236,4845.6,855.2,863.2,866.2,856.2,198.7,200.2,203.7,204.7,4.71,78.0,4.184,-0.8,0.963,0,nominal,0,0.0,194.98,701912.4
87.7,takeoff_climb,90.19577308120134,2438.8209121245827,41.657397107897665,4843.5,853.8,862.7,867.3,857.8,198.7,200.5,204.3,204.2,4.74,77.4,4.121,4844.7,855.2,863.2,866.2,856.2,198.7,200.2,203.7,204.7,4.71,78.0,4.183,-0.9,0.963,0,nominal,0,0.0,194.98,701912.3
87.8,takeoff_climb,90.18687430478309,2441.6017797552836,41.67296996662959,4836.8,854.1,863.1,867.1,854.4,199.0,200.1,204.0,204.6,4.72,77.7,4.174,4843.7,855.2,863.2,866.2,856.2,198.7,200.2,203.7,204.7,4.71,78.0,4.182,-0.9,0.963,0,nominal,0,0.0,194.98,701912.2
87.9,takeoff_climb,90.17797552836485,2444.3826473859845,41.68854282536151,4832.3,852.9,862.2,866.2,859.8,199.5,201.4,203.5,204.9,4.72,78.4,4.145,4842.8,855.2,863.2,866.2,856.2,198.7,200.2,203.7,204.7,4.71,78.0,4.18,-0.9,0.962,0,nominal,0,0.0,194.98,701912.1
88.0,takeoff_climb,90.1690767519466,2447.163515016685,41.70411568409344,4833.5,856.7,863.3,866.3,855.0,199.3,199.4,203.2,205.1,4.72,78.8,4.18,4841.9,855.2,863.2,866.2,856.2,198.7,200.2,203.7,204.7,4.71,78.0,4.179,-0.9,0.962,0,nominal,0,0.0,194.98,701912.0
88.1,takeoff_climb,90.16017797552837,2449.9443826473857,41.71968854282536,4845.9,857.1,862.7,867.5,857.0,198.3,200.0,204.2,204.6,4.73,77.8,4.178,4841.0,855.2,863.2,866.2,856.2,198.7,200.2,203.7,204.7,4.71,78.0,4.178,-0.9,0.962,0,nominal,0,0.0,194.98,701911.9
88.2,takeoff_climb,90.15127919911012,2452.7252502780866,41.73526140155728,4827.9,857.4,866.1,865.6,857.2,197.6,199.6,204.3,204.1,4.72,77.5,4.158,4840.0,855.1,863.1,866.1,856.1,198.7,200.2,203.7,204.7,4.71,78.0,4.176,-0.9,0.961,0,nominal,0,0.0,194.98,701911.8
88.3,takeoff_climb,90.14238042269189,2455.5061179087875,41.75083426028921,4840.8,856.4,864.7,865.4,856.7,198.1,200.4,203.4,204.9,4.72,78.0,4.17,4839.1,855.1,863.1,866.1,856.1,198.7,200.2,203.7,204.7,4.71,78.0,4.175,-1.0,0.961,0,nominal,0,0.0,194.98,701911.7
88.4,takeoff_climb,90.13348164627364,2458.2869855394883,41.76640711902113,4840.9,856.7,863.0,865.9,857.5,198.5,199.8,203.8,205.0,4.71,78.0,4.183,4838.2,855.1,863.1,866.1,856.1,198.7,200.2,203.7,204.7,4.71,78.0,4.174,-1.0,0.961,0,nominal,0,0.0,194.98,701911.6
88.5,takeoff_climb,90.1245828698554,2461.0678531701888,41.78197997775306,4845.0,856.1,862.4,867.2,858.2,198.7,201.2,204.2,205.4,4.66,79.2,4.208,4837.3,855.1,863.1,866.1,856.1,198.7,200.2,203.6,204.6,4.71,78.0,4.172,-1.0,0.961,0,nominal,0,0.0,194.98,701911.5
88.6,takeoff_climb,90.11568409343715,2463.8487208008896,41.79755283648498,4835.7,856.0,862.7,867.7,854.6,199.0,200.4,203.6,205.3,4.74,77.2,4.167,4836.4,855.1,863.1,866.1,856.1,198.6,200.1,203.6,204.6,4.71,78.0,4.171,-1.0,0.96,0,nominal,0,0.0,194.98,701911.4
88.7,takeoff_climb,90.1067853170189,2466.6295884315905,41.81312569521691,4830.2,855.9,864.6,868.3,857.1,198.3,198.6,204.2,205.1,4.75,77.7,4.126,4835.4,855.1,863.1,866.1,856.1,198.6,200.1,203.6,204.6,4.71,78.0,4.17,-1.0,0.96,0,nominal,0,0.0,194.98,701911.3
88.8,takeoff_climb,90.09788654060067,2469.4104560622914,41.82869855394883,4837.6,853.5,863.3,864.9,854.7,198.3,200.2,204.2,204.5,4.68,77.3,4.201,4834.5,855.1,863.1,866.1,856.1,198.6,200.1,203.6,204.6,4.71,78.0,4.169,-1.1,0.96,0,nominal,0,0.0,194.98,701911.2
88.9,takeoff_climb,90.08898776418242,2472.1913236929922,41.844271412680754,4832.8,853.9,862.8,866.3,854.2,198.7,200.3,202.8,205.6,4.7,77.9,4.182,4833.6,855.1,863.1,866.1,856.1,198.6,200.1,203.6,204.6,4.71,78.0,4.167,-1.1,0.96,0,nominal,0,0.0,194.98,701911.1
89.0,takeoff_climb,90.08008898776419,2474.9721913236926,41.85984427141268,4831.1,855.7,862.8,866.7,855.3,198.9,200.2,204.1,203.6,4.67,78.6,4.169,4832.7,855.1,863.1,866.1,856.1,198.6,200.1,203.6,204.6,4.71,78.0,4.166,-1.1,0.959,0,nominal,0,0.0,194.98,701911.0
89.1,takeoff_climb,90.07119021134594,2477.7530589543935,41.875417130144605,4831.9,854.2,865.3,867.5,852.0,198.4,200.6,203.9,204.7,4.74,78.5,4.192,4831.8,855.1,863.1,866.1,856.1,198.6,200.1,203.6,204.6,4.71,78.0,4.165,-1.1,0.959,0,nominal,0,0.0,194.98,701910.9
89.2,takeoff_climb,90.0622914349277,2480.5339265850944,41.89098998887653,4829.1,855.2,863.4,865.4,852.8,198.9,200.5,203.5,204.6,4.67,77.7,4.122,4830.8,855.1,863.1,866.1,856.1,198.6,200.1,203.6,204.6,4.71,78.0,4.163,-1.1,0.959,0,nominal,0,0.0,194.98,701910.8
89.3,takeoff_climb,90.05339265850945,2483.3147942157952,41.906562847608456,4825.6,856.1,860.6,867.8,855.9,198.9,199.9,202.9,203.6,4.7,78.0,4.157,4829.9,855.1,863.1,866.1,856.1,198.6,200.1,203.6,204.6,4.71,78.0,4.162,-1.1,0.958,0,nominal,0,0.0,194.98,701910.7
89.4,takeoff_climb,90.04449388209122,2486.095661846496,41.92213570634038,4832.8,857.4,861.0,866.0,854.9,198.6,200.1,203.2,203.9,4.67,77.0,4.172,4829.0,855.0,863.0,866.0,856.0,198.6,200.1,203.6,204.6,4.71,78.0,4.161,-1.2,0.958,0,nominal,0,0.0,194.98,701910.6
89.5,takeoff_climb,90.03559510567297,2488.8765294771965,41.9377085650723,4835.4,853.4,862.4,865.9,856.5,197.5,199.7,203.8,203.7,4.72,77.6,4.163,4828.1,855.0,863.0,866.0,856.0,198.6,200.1,203.6,204.6,4.71,78.0,4.159,-1.2,0.958,0,nominal,0,0.0,194.98,701910.5
89.6,takeoff_climb,90.02669632925473,2491.6573971078974,41.95328142380423,4828.4,855.7,863.6,865.5,856.0,198.4,200.0,202.9,204.7,4.67,78.0,4.156,4827.2,855.0,863.0,866.0,856.0,198.6,200.1,203.6,204.6,4.71,78.0,4.158,-1.2,0.958,0,nominal,0,0.0,194.98,701910.4
89.7,takeoff_climb,90.01779755283648,2494.4382647385983,41.96885428253615,4824.8,854.7,863.5,867.7,857.6,198.0,200.1,203.2,204.7,4.67,78.1,4.135,4826.2,855.0,863.0,866.0,856.0,198.6,200.1,203.6,204.6,4.71,78.0,4.157,-1.2,0.957,0,nominal,0,0.0,194.98,701910.3
89.8,takeoff_climb,90.00889877641825,2497.219132369299,41.98442714126807,4820.1,855.4,863.6,867.1,855.7,199.4,199.8,203.7,205.2,4.66,78.2,4.213,4825.3,855.0,863.0,866.0,856.0,198.6,200.1,203.6,204.6,4.71,78.0,4.156,-1.2,0.957,0,nominal,0,0.0,194.98,701910.2
89.9,takeoff_climb,90.0,2500.0,42.0,4823.4,855.0,863.2,864.7,853.1,200.0,201.3,204.2,204.5,4.72,77.6,4.17,4824.4,855.0,863.0,866.0,856.0,198.6,200.1,203.6,204.6,4.71,78.0,4.154,-1.2,0.957,0,nominal,0,0.0,194.98,701910.1
90.0,mission_cruise,74.0,2500.0,43.0,4722.8,853.4,861.8,863.8,854.9,198.9,200.1,203.9,205.7,4.69,78.7,3.559,4731.1,853.5,861.5,864.5,854.5,198.5,200.0,203.5,204.5,4.7,78.0,3.514,-1.2,0.957,0,nominal,0,0.0,194.97,701910.0
90.1,mission_cruise,73.9988882712618,2500.0,43.0005558643691,4659.9,852.3,858.5,861.1,855.5,199.4,200.1,204.2,205.1,4.72,77.8,3.526,4654.7,852.0,860.0,863.0,853.0,198.5,200.0,203.5,204.5,4.7,78.0,3.514,-1.2,0.957,0,nominal,0,0.0,194.97,701909.9
90.2,mission_cruise,73.99777654252362,2500.0,43.00111172873819,4596.5,851.4,858.2,862.6,848.6,198.8,199.8,202.7,205.1,4.69,78.1,3.491,4592.2,850.7,858.7,861.7,851.7,198.4,199.9,203.4,204.4,4.69,78.0,3.514,-1.2,0.957,0,nominal,0,0.0,194.97,701909.8
90.3,mission_cruise,73.99666481378543,2500.0,43.001667593107285,4537.4,848.6,856.8,859.4,848.1,198.5,200.2,203.7,203.9,4.7,78.0,3.484,4541.1,849.4,857.4,860.4,850.4,198.3,199.8,203.3,204.3,4.68,78.0,3.514,-1.2,0.957,0,nominal,0,0.0,194.97,701909.7
90.4,mission_cruise,73.99555308504725,2500.0,43.002223457476376,4499.9,850.0,856.3,859.4,846.7,198.5,199.6,201.6,205.3,4.71,78.3,3.513,4499.2,848.2,856.2,859.2,849.2,198.3,199.8,203.3,204.3,4.67,78.0,3.514,-1.2,0.957,0,nominal,0,0.0,194.97,701909.6
90.5,mission_cruise,73.99444135630905,2500.0,43.00277932184547,4465.9,848.4,855.6,857.7,848.3,197.9,199.4,203.5,203.9,4.67,77.5,3.472,4465.0,847.0,855.0,858.0,848.0,198.2,199.7,203.2,204.2,4.66,78.0,3.514,-1.2,0.957,0,nominal,0,0.0,194.97,701909.5
90.6,mission_cruise,73.99332962757087,2500.0,43.003335186214564,4431.1,845.8,853.7,858.1,846.3,198.2,199.7,202.7,204.6,4.66,78.2,3.512,4437.0,845.9,853.9,856.9,846.9,198.2,199.7,203.2,204.2,4.65,78.0,3.514,-1.2,0.957,0,nominal,0,0.0,194.97,701909.4
90.7,mission_cruise,73.99221789883268,2500.0,43.00389105058366,4420.2,845.9,852.4,856.7,844.7,197.7,200.5,203.1,203.9,4.61,77.3,3.525,4414.0,844.9,852.9,855.9,845.9,198.1,199.6,203.1,204.1,4.64,78.0,3.514,-1.2,0.957,0,nominal,0,0.0,194.97,701909.3
90.8,mission_cruise,73.9911061700945,2500.0,43.00444691495275,4401.1,844.1,854.8,855.1,844.1,198.2,199.5,202.5,202.3,4.67,78.0,3.496,4395.3,844.0,852.0,855.0,845.0,198.0,199.5,203.0,204.0,4.64,78.0,3.514,-1.2,0.957,0,nominal,0,0.0,194.97,701909.2
90.9,mission_cruise,73.9899944413563,2500.0,43.00500277932185,4374.0,842.7,848.7,854.6,845.5,198.6,199.6,203.0,204.8,4.63,77.9,3.505,4379.9,843.0,851.0,854.0,844.0,198.0,199.5,203.0,204.0,4.63,78.0,3.514,-1.2,0.957,0,nominal,0,0.0,194.97,701909.1
91.0,mission_cruise,73.98888271261812,2500.0,43.00555864369094,4365.2,841.7,848.8,853.3,844.9,197.3,200.7,202.8,205.2,4.6,78.7,3.487,4367.3,842.2,850.2,853.2,843.2,197.9,199.4,202.9,203.9,4.63,78.0,3.514,-1.2,0.957,0,nominal,0,0.0,194.97,701909.0
91.1,mission_cruise,73.98777098387993,2500.0,43.00611450806004,4359.2,843.3,850.3,852.9,840.6,198.6,199.2,203.7,203.4,4.62,78.2,3.525,4357.0,841.4,849.4,852.4,842.4,197.9,199.4,202.9,203.9,4.62,78.0,3.514,-1.2,0.957,0,nominal,0,0.0,194.97,701908.9
91.2,mission_cruise,73.98665925514175,2500.0,43.00667037242913,4345.5,839.9,848.5,855.3,844.3,198.0,199.0,203.4,203.2,4.59,78.6,3.514,4348.6,840.6,848.6,851.6,841.6,197.8,199.3,202.8,203.8,4.62,78.0,3.514,-1.2,0.957,0,nominal,0,0.0,194.97,701908.8
91.3,mission_cruise,73.98554752640355,2500.0,43.007226236798225,4343.7,840.0,846.4,852.6,838.9,196.9,198.9,203.7,203.1,4.59,78.6,3.53,4341.7,839.9,847.9,850.9,840.9,197.7,199.2,202.7,203.7,4.61,78.0,3.514,-1.2,0.957,0,nominal,0,0.0,194.97,701908.7
91.4,mission_cruise,73.98443579766537,2500.0,43.007782101167315,4343.4,838.3,845.6,850.5,840.5,198.3,198.6,203.8,204.0,4.56,77.8,3.5,4336.0,839.2,847.2,850.2,840.2,197.7,199.2,202.7,203.7,4.61,78.0,3.514,-1.2,0.957,0,nominal,0,0.0,194.97,701908.6
91.5,mission_cruise,73.98332406892717,2500.0,43.00833796553641,4331.0,840.5,844.6,847.7,840.9,196.7,199.0,202.5,203.2,4.56,77.7,3.519,4331.4,838.5,846.5,849.5,839.5,197.6,199.1,202.6,203.6,4.61,78.0,3.514,-1.2,0.957,0,nominal,0,0.0,194.97,701908.5
91.6,mission_cruise,73.982212340189,2500.0,43.0088938299055,4325.4,838.2,847.5,849.9,839.4,198.4,200.0,202.5,203.3,4.59,78.4,3.506,4327.6,837.9,845.9,848.9,838.9,197.6,199.1,202.6,203.6,4.61,78.0,3.513,-1.2,0.957,0,nominal,0,0.0,194.97,701908.4
91.7,mission_cruise,73.9811006114508,2500.0,43.0094496942746,4321.0,841.0,845.2,847.3,838.9,196.4,200.2,202.1,203.3,4.56,77.8,3.538,4324.5,837.3,845.3,848.3,838.3,197.5,199.0,202.5,203.5,4.6,78.0,3.513,-1.2,0.957,0,nominal,0,0.0,194.97,701908.3
91.8,mission_cruise,73.97998888271262,2500.0,43.01000555864369,4318.3,837.6,843.9,848.7,836.4,197.8,198.2,202.7,202.9,4.6,77.9,3.534,4321.9,836.8,844.8,847.8,837.8,197.5,199.0,202.5,203.5,4.6,78.0,3.513,-1.2,0.957,0,nominal,0,0.0,194.97,701908.2
91.9,mission_cruise,73.97887715397442,2500.0,43.01056142301279,4312.6,834.6,847.2,847.2,840.1,196.5,199.1,202.1,203.7,4.59,77.7,3.498,4319.8,836.3,844.3,847.3,837.3,197.4,198.9,202.4,203.4,4.6,78.0,3.513,-1.2,0.957,0,nominal,0,0.0,194.97,701908.1
92.0,mission_cruise,73.97776542523624,2500.0,43.01111728738188,4327.7,832.5,843.6,847.0,836.0,197.7,200.8,201.9,203.2,4.6,78.0,3.569,4318.1,835.8,843.8,846.8,836.8,197.4,198.9,202.4,203.4,4.6,78.0,3.513,-1.2,0.957,0,nominal,0,0.0,194.97,701908.0
92.1,mission_cruise,73.97665369649805,2500.0,43.011673151750976,4321.2,835.5,844.0,845.4,837.3,197.3,197.7,203.2,202.8,4.56,78.1,3.529,4316.7,835.3,843.3,846.3,836.3,197.3,198.8,202.3,203.3,4.6,78.0,3.513,-1.2,0.957,0,nominal,0,0.0,194.97,701907.9
92.2,mission_cruise,73.97554196775987,2500.0,43.01222901612007,4320.5,836.7,842.4,846.1,836.8,198.5,199.2,202.2,203.8,4.57,78.2,3.497,4315.5,834.9,842.9,845.9,835.9,197.2,198.7,202.2,203.2,4.6,78.0,3.513,-1.2,0.957,0,nominal,0,0.0,194.97,701907.8
92.3,mission_cruise,73.97443023902167,2500.0,43.012784880489164,4309.0,834.0,843.4,846.2,835.2,197.2,198.6,201.8,203.6,4.62,78.5,3.551,4314.6,834.5,842.5,845.5,835.5,197.2,198.7,202.2,203.2,4.6,78.0,3.513,-1.2,0.957,0,nominal,0,0.0,194.97,701907.7
92.4,mission_cruise,73.97331851028349,2500.0,43.013340744858255,4309.8,835.6,842.2,844.3,834.7,196.9,198.8,201.7,202.9,4.62,78.8,3.499,4313.8,834.1,842.1,845.1,835.1,197.1,198.6,202.1,203.1,4.6,78.0,3.513,-1.2,0.957,0,nominal,0,0.0,194.97,701907.6
92.5,mission_cruise,73.9722067815453,2500.0,43.01389660922735,4317.7,833.6,842.7,844.9,834.9,196.9,198.9,201.7,203.1,4.64,77.4,3.504,4313.1,833.7,841.7,844.7,834.7,197.1,198.6,202.1,203.1,4.6,78.0,3.513,-1.2,0.957,0,nominal,0,0.0,194.97,701907.5
92.6,mission_cruise,73.97109505280712,2500.0,43.01445247359644,4314.0,833.2,841.7,845.3,832.6,196.8,199.3,202.4,202.6,4.55,77.4,3.483,4312.6,833.4,841.4,844.4,834.4,197.0,198.5,202.0,203.0,4.6,78.0,3.513,-1.2,0.957,0,nominal,0,0.0,194.97,701907.4
92.7,mission_cruise,73.96998332406892,2500.0,43.01500833796554,4314.3,832.1,840.6,846.3,832.3,197.9,198.1,202.3,202.9,4.66,78.1,3.551,4312.1,833.1,841.1,844.1,834.1,197.0,198.5,202.0,203.0,4.6,78.0,3.513,-1.2,0.957,0,nominal,0,0.0,194.97,701907.3
92.8,mission_cruise,73.96887159533074,2500.0,43.01556420233463,4312.8,830.5,843.2,845.4,836.1,197.3,197.3,202.0,202.4,4.57,77.7,3.533,4311.8,832.7,840.7,843.7,833.7,196.9,198.4,201.9,202.9,4.6,78.0,3.513,-1.2,0.957,0,nominal,0,0.0,194.97,701907.2
92.9,mission_cruise,73.96775986659254,2500.0,43.01612006670373,4307.3,831.8,837.6,843.9,831.5,196.8,198.4,202.4,204.6,4.61,78.0,3.492,4311.5,832.4,840.4,843.4,833.4,196.9,198.4,201.9,202.9,4.6,78.0,3.513,-1.2,0.957,0,nominal,0,0.0,194.97,701907.1
93.0,mission_cruise,73.96664813785436,2500.0,43.01667593107282,4308.9,829.5,838.7,840.8,835.3,197.4,199.6,201.7,202.5,4.6,78.3,3.503,4311.2,832.2,840.2,843.2,833.2,196.8,198.3,201.8,202.8,4.6,78.0,3.513,-1.2,0.957,0,nominal,0,0.0,194.97,701907.0
93.1,mission_cruise,73.96553640911617,2500.0,43.017231795441916,4311.0,836.3,842.4,840.3,832.7,195.7,198.6,202.6,203.3,4.63,78.1,3.525,4311.0,831.9,839.9,842.9,832.9,196.8,198.3,201.8,202.8,4.6,78.0,3.513,-1.2,0.957,0,nominal,0,0.0,194.97,701906.9
93.2,mission_cruise,73.96442468037799,2500.0,43.017787659811006,4303.6,832.5,839.2,840.1,833.1,197.5,198.3,201.1,202.0,4.59,78.4,3.498,4310.8,831.7,839.7,842.7,832.7,196.7,198.2,201.7,202.7,4.6,78.0,3.513,-1.2,0.957,0,nominal,0,0.0,194.97,701906.8
93.3,mission_cruise,73.9633129516398,2500.0,43.0183435241801,4311.0,832.0,837.7,841.9,833.6,197.0,198.3,201.7,203.1,4.59,77.9,3.516,4310.6,831.4,839.4,842.4,832.4,196.7,198.2,201.7,202.7,4.6,78.0,3.513,-1.2,0.957,0,nominal,0,0.0,194.97,701906.7
93.4,mission_cruise,73.96220122290161,2500.0,43.018899388549194,4308.7,828.2,838.0,842.1,831.9,196.6,198.0,200.8,201.5,4.58,78.0,3.506,4310.5,831.2,839.2,842.2,832.2,196.6,198.1,201.6,202.6,4.6,78.0,3.513,-1.2,0.957,0,nominal,0,0.0,194.97,701906.6
93.5,mission_cruise,73.96108949416342,2500.0,43.01945525291829,4310.6,831.6,840.5,843.3,833.3,196.9,198.6,202.0,203.0,4.6,77.9,3.541,4310.4,831.0,839.0,842.0,832.0,196.6,198.1,201.6,202.6,4.6,78.0,3.513,-1.2,0.957,0,nominal,0,0.0,194.97,701906.5
93.6,mission_cruise,73.95997776542524,2500.0,43.02001111728738,4318.9,831.9,837.7,843.0,833.1,197.2,198.5,202.3,203.2,4.61,77.8,3.491,4310.3,830.8,838.8,841.8,831.8,196.5,198.0,201.5,202.5,4.6,78.0,3.513,-1.2,0.957,0,nominal,0,0.0,194.97,701906.4
93.7,mission_cruise,73.95886603668704,2500.0,43.02056698165648,4314.0,830.2,837.1,840.5,831.9,194.9,198.5,201.3,201.9,4.56,78.7,3.485,4310.2,830.6,838.6,841.6,831.6,196.5,198.0,201.5,202.5,4.6,78.0,3.513,-1.2,0.957,0,nominal,0,0.0,194.97,701906.3
93.8,mission_cruise,73.95775430794886,2500.0,43.02112284602557,4314.1,829.9,840.2,842.0,830.3,196.4,198.2,201.5,202.7,4.65,77.5,3.505,4310.1,830.4,838.4,841.4,831.4,196.4,197.9,201.4,202.4,4.6,78.0,3.513,-1.2,0.957,0,nominal,0,0.0,194.97,701906.2
93.9,mission_cruise,73.95664257921067,2500.0,43.02167871039467,4306.2,828.6,839.5,840.9,831.7,195.8,198.2,201.8,201.6,4.61,77.6,3.519,4310.0,830.3,838.3,841.3,831.3,196.4,197.9,201.4,202.4,4.6,78.0,3.512,-1.2,0.957,0,nominal,0,0.0,194.97,701906.1
94.0,mission_cruise,73.95553085047248,2500.0,43.02223457476376,4309.4,829.6,840.3,842.1,831.6,196.2,197.9,201.4,202.9,4.59,78.2,3.524,4310.0,830.1,838.1,841.1,831.1,196.3,197.8,201.3,202.3,4.6,78.0,3.512,-1.2,0.957,0,nominal,0,0.0,194.97,701906.0
94.1,mission_cruise,73.95441912173429,2500.0,43.022790439132855,4312.7,831.6,837.9,840.5,830.3,196.2,197.4,201.2,202.0,4.57,78.2,3.494,4309.9,830.0,838.0,841.0,831.0,196.3,197.8,201.3,202.3,4.6,78.0,3.512,-1.2,0.957,0,nominal,0,0.0,194.97,701905.9
94.2,mission_cruise,73.95330739299611,2500.0,43.023346303501945,4305.2,827.9,839.2,840.7,830.2,196.7,198.3,201.5,202.1,4.59,78.2,3.473,4309.8,829.8,837.8,840.8,830.8,196.3,197.8,201.3,202.3,4.6,78.0,3.512,-1.2,0.957,0,nominal,0,0.0,194.97,701905.8
94.3,mission_cruise,73.95219566425791,2500.0,43.02390216787104,4314.6,829.7,840.5,838.4,832.0,196.5,197.6,202.2,202.1,4.58,78.2,3.466,4309.8,829.7,837.7,840.7,830.7,196.2,197.7,201.2,202.2,4.6,78.0,3.512,-1.2,0.957,0,nominal,0,0.0,194.97,701905.7
94.4,mission_cruise,73.95108393551973,2500.0,43.02445803224013,4306.9,830.1,837.6,840.9,833.3,194.7,197.0,201.9,202.5,4.58,78.6,3.535,4309.7,829.6,837.6,840.6,830.6,196.2,197.7,201.2,202.2,4.6,78.0,3.512,-1.2,0.957,0,nominal,0,0.0,194.97,701905.6
94.5,mission_cruise,73.94997220678154,2500.0,43.02501389660923,4311.8,826.2,836.2,840.5,828.8,196.9,197.5,201.7,202.0,4.62,78.5,3.519,4309.7,829.5,837.5,840.5,830.5,196.1,197.6,201.1,202.1,4.6,78.0,3.512,-1.2,0.957,0,nominal,0,0.0,194.97,701905.5
94.6,mission_cruise,73.94886047804336,2500.0,43.02556976097832,4312.5,828.5,836.7,839.2,831.3,195.9,197.7,201.6,200.9,4.59,78.9,3.5,4309.6,829.3,837.3,840.3,830.3,196.1,197.6,201.1,202.1,4.6,78.0,3.512,-1.2,0.957,0,nominal,0,0.0,194.97,701905.4
94.7,mission_cruise,73.94774874930516,2500.0,43.02612562534742,4309.6,829.5,836.6,839.7,830.0,195.9,197.4,199.7,201.8,4.56,78.3,3.528,4309.6,829.2,837.2,840.2,830.2,196.0,197.5,201.0,202.0,4.6,78.0,3.512,-1.2,0.957,0,nominal,0,0.0,194.97,701905.3
94.8,mission_cruise,73.94663702056698,2500.0,43.02668148971651,4310.6,828.6,837.6,839.1,829.9,195.5,197.3,200.4,201.7,4.61,76.9,3.474,4309.6,829.1,837.1,840.1,830.1,196.0,197.5,201.0,202.0,4.6,78.0,3.512,-1.2,0.957,0,nominal,0,0.0,194.97,701905.2
94.9,mission_cruise,73.94552529182879,2500.0,43.02723735408561,4314.4,831.7,836.1,839.5,830.6,194.7,197.0,202.1,201.7,4.63,78.0,3.475,4309.5,829.0,837.0,840.0,830.0,195.9,197.4,200.9,201.9,4.6,78.0,3.512,-1.2,0.957,0,nominal,0,0.0,194.97,701905.1
95.0,mission_cruise,73.9444135630906,2500.0,43.0277932184547,4313.2,827.6,835.8,840.6,830.9,195.6,196.9,200.9,202.0,4.61,77.9,3.509,4309.5,829.0,837.0,840.0,830.0,195.9,197.4,200.9,201.9,4.6,78.0,3.512,-1.2,0.957,0,nominal,0,0.0,194.97,701905.0
95.1,mission_cruise,73.94330183435241,2500.0,43.028349082823794,4313.8,829.9,836.5,839.9,830.3,196.3,198.3,201.2,201.3,4.62,78.0,3.472,4309.4,828.9,836.9,839.9,829.9,195.9,197.4,200.9,201.9,4.6,78.0,3.512,-1.2,0.957,0,nominal,0,0.0,194.97,701904.9
95.2,mission_cruise,73.94219010561423,2500.0,43.028904947192885,4313.3,830.1,836.2,839.5,831.0,195.6,196.9,200.3,202.3,4.59,77.6,3.512,4309.4,828.8,836.8,839.8,829.8,195.8,197.3,200.8,201.8,4.6,78.0,3.512,-1.2,0.957,0,nominal,0,0.0,194.97,701904.8
95.3,mission_cruise,73.94107837687604,2500.0,43.02946081156198,4295.1,828.7,836.8,839.4,832.5,195.8,196.3,201.3,200.5,4.58,77.2,3.538,4309.4,828.7,836.7,839.7,829.7,195.8,197.3,200.8,201.8,4.6,78.0,3.512,-1.2,0.957,0,nominal,0,0.0,194.97,701904.7
95.4,mission_cruise,73.93996664813785,2500.0,43.03001667593107,4300.9,832.2,837.0,836.7,828.5,195.8,197.9,201.4,201.9,4.61,77.8,3.546,4309.3,828.6,836.6,839.6,829.6,195.7,197.2,200.7,201.7,4.6,78.0,3.512,-1.2,0.957,0,nominal,0,0.0,194.97,701904.6
95.5,mission_cruise,73.93885491939966,2500.0,43.03057254030017,4309.2,828.1,838.6,838.8,828.6,194.9,197.4,200.0,201.2,4.62,77.9,3.501,4309.3,828.6,836.6,839.6,829.6,195.7,197.2,200.7,201.7,4.6,78.0,3.512,-1.2,0.957,0,nominal,0,0.0,194.97,701904.5
95.6,mission_cruise,73.93774319066148,2500.0,43.03112840466926,4311.7,827.5,835.9,841.3,829.0,195.6,197.1,200.9,202.3,4.62,77.9,3.557,4309.3,828.5,836.5,839.5,829.5,195.7,197.2,200.7,201.7,4.6,78.0,3.512,-1.2,0.957,0,nominal,0,0.0,194.97,701904.4
95.7,mission_cruise,73.93663146192328,2500.0,43.03168426903836,4309.8,829.9,836.9,840.7,829.8,195.7,196.8,200.8,201.8,4.62,77.7,3.505,4309.2,828.5,836.5,839.5,829.5,195.6,197.1,200.6,201.6,4.6,78.0,3.512,-1.2,0.957,0,nominal,0,0.0,194.97,701904.3
95.8,mission_cruise,73.9355197331851,2500.0,43.03224013340745,4303.7,828.8,837.2,839.4,828.8,196.0,196.9,202.1,201.6,4.59,77.8,3.542,4309.2,828.4,836.4,839.4,829.4,195.6,197.1,200.6,201.6,4.6,78.0,3.512,-1.2,0.957,0,nominal,0,0.0,194.97,701904.2
95.9,mission_cruise,73.93440800444691,2500.0,43.032795997776546,4312.1,830.9,837.2,838.3,828.6,194.8,197.3,200.8,200.1,4.6,77.5,3.516,4309.1,828.3,836.3,839.3,829.3,195.5,197.0,200.5,201.5,4.6,78.0,3.512,-1.2,0.957,0,nominal,0,0.0,194.97,701904.1
96.0,mission_cruise,73.93329627570873,2500.0,43.033351862145636,4317.5,829.0,837.5,839.4,828.0,194.8,197.9,200.0,201.9,4.6,78.4,3.495,4309.1,828.3,836.3,839.3,829.3,195.5,197.0,200.5,201.5,4.6,78.0,3.512,-1.2,0.957,0,nominal,0,0.0,194.97,701904.0
96.1,mission_cruise,73.93218454697053,2500.0,43.033907726514734,4300.0,827.2,836.8,840.8,830.3,195.0,196.9,201.0,202.0,4.58,77.3,3.506,4309.1,828.2,836.2,839.2,829.2,195.5,197.0,200.5,201.5,4.6,78.0,3.511,-1.2,0.957,0,nominal,0,0.0,194.97,701903.9
96.2,mission_cruise,73.93107281823235,2500.0,43.034463590883824,4308.1,830.0,836.3,841.2,827.6,196.1,197.2,200.4,201.4,4.57,78.2,3.529,4309.0,828.2,836.2,839.2,829.2,195.4,196.9,200.4,201.4,4.6,78.0,3.511,-1.2,0.957,0,nominal,0,0.0,194.97,701903.8
96.3,mission_cruise,73.92996108949416,2500.0,43.03501945525292,4306.4,826.0,836.6,839.6,827.4,194.4,196.8,200.3,200.5,4.6,78.5,3.502,4309.0,828.2,836.2,839.2,829.2,195.4,196.9,200.4,201.4,4.6,78.0,3.511,-1.2,0.957,0,nominal,0,0.0,194.97,701903.7
96.4,mission_cruise,73.92884936075598,2500.0,43.03557531962201,4295.0,827.5,835.2,838.7,830.1,195.6,196.5,199.6,201.3,4.56,77.8,3.532,4309.0,828.1,836.1,839.1,829.1,195.3,196.8,200.3,201.3,4.6,78.0,3.511,-1.2,0.957,0,nominal,0,0.0,194.97,701903.6
96.5,mission_cruise,73.92773763201778,2500.0,43.03613118399111,4310.2,828.9,837.4,837.9,829.8,195.4,196.9,201.5,200.9,4.58,78.9,3.534,4308.9,828.1,836.1,839.1,829.1,195.3,196.8,200.3,201.3,4.6,78.0,3.511,-1.2,0.957,0,nominal,0,0.0,194.97,701903.5
96.6,mission_cruise,73.9266259032796,2500.0,43.0366870483602,4309.8,828.6,836.5,838.3,829.6,195.0,197.6,199.9,201.2,4.57,77.4,3.522,4308.9,828.0,836.0,839.0,829.0,195.3,196.8,200.3,201.3,4.6,78.0,3.511,-1.2,0.957,0,nominal,0,0.0,194.97,701903.4
96.7,mission_cruise,73.9255141745414,2500.0,43.0372429127293,4311.1,829.3,836.2,838.7,829.8,196.0,197.1,200.5,201.4,4.58,77.1,3.542,4308.9,828.0,836.0,839.0,829.0,195.2,196.7,200.2,201.2,4.6,78.0,3.511,-1.2,0.957,0,nominal,0,0.0,194.97,701903.3
96.8,mission_cruise,73.92440244580322,2500.0,43.03779877709839,4310.2,828.0,834.5,839.5,831.1,196.1,196.0,200.7,200.5,4.58,77.7,3.504,4308.8,828.0,836.0,839.0,829.0,195.2,196.7,200.2,201.2,4.6,78.0,3.511,-1.2,0.957,0,nominal,0,0.0,194.97,701903.2
96.9,mission_cruise,73.92329071706503,2500.0,43.038354641467485,4312.4,827.0,835.8,838.2,826.7,193.5,196.0,199.1,200.6,4.6,77.6,3.498,4308.8,827.9,835.9,838.9,828.9,195.2,196.7,200.2,201.2,4.6,78.0,3.511,-1.2,0.957,0,nominal,0,0.0,194.97,701903.1
97.0,mission_cruise,73.92217898832685,2500.0,43.038910505836576,4305.5,828.9,834.9,839.2,829.3,194.3,195.7,200.8,201.0,4.61,77.3,3.514,4308.7,827.9,835.9,838.9,828.9,195.1,196.6,200.1,201.1,4.6,78.0,3.511,-1.2,0.957,0,nominal,0,0.0,194.97,701903.0
97.1,mission_cruise,73.92106725958865,2500.0,43.03946637020567,4310.1,829.1,837.5,839.8,827.9,194.6,198.0,201.5,201.4,4.6,78.9,3.525,4308.7,827.9,835.9,838.9,828.9,195.1,196.6,200.1,201.1,4.6,78.0,3.511,-1.2,0.957,0,nominal,0,0.0,194.97,701902.9
97.2,mission_cruise,73.91995553085047,2500.0,43.040022234574764,4317.1,827.5,835.8,836.3,829.3,194.3,196.7,200.4,201.0,4.64,78.1,3.514,4308.7,827.9,835.9,838.9,828.9,195.0,196.5,200.0,201.0,4.6,78.0,3.511,-1.2,0.957,0,nominal,0,0.0,194.97,701902.8
97.3,mission_cruise,73.91884380211228,2500.0,43.04057809894386,4301.3,827.1,836.1,838.8,828.0,196.2,197.3,199.4,201.7,4.59,79.3,3.482,4308.6,827.8,835.8,838.8,828.8,195.0,196.5,200.0,201.0,4.6,78.0,3.511,-1.2,0.957,0,nominal,0,0.0,194.97,701902.7
97.4,mission_cruise,73.9177320733741,2500.0,43.04113396331295,4312.7,827.3,836.2,836.7,828.9,195.8,196.6,200.0,201.9,4.57,78.0,3.555,4308.6,827.8,835.8,838.8,828.8,195.0,196.5,200.0,201.0,4.6,78.0,3.511,-1.2,0.957,0,nominal,0,0.0,194.97,701902.6
97.5,mission_cruise,73.9166203446359,2500.0,43.04168982768205,4305.9,827.7,835.6,840.2,828.0,195.2,196.7,201.3,201.5,4.57,77.6,3.501,4308.6,827.8,835.8,838.8,828.8,194.9,196.4,199.9,200.9,4.6,78.0,3.511,-1.2,0.957,0,nominal,0,0.0,194.97,701902.5
97.6,mission_cruise,73.91550861589772,2500.0,43.04224569205114,4308.1,826.6,835.6,836.8,830.5,194.1,196.6,200.3,201.2,4.62,78.2,3.489,4308.5,827.8,835.8,838.8,828.8,194.9,196.4,199.9,200.9,4.6,78.0,3.511,-1.2,0.957,0,nominal,0,0.0,194.97,701902.4
97.7,mission_cruise,73.91439688715953,2500.0,43.04280155642024,4305.2,826.2,836.8,839.1,827.9,196.6,197.6,200.0,202.0,4.59,78.5,3.505,4308.5,827.7,835.7,838.7,828.7,194.9,196.4,199.9,200.9,4.6,78.0,3.511,-1.2,0.957,0,nominal,0,0.0,194.97,701902.3
97.8,mission_cruise,73.91328515842135,2500.0,43.04335742078933,4319.8,827.9,835.1,839.6,827.0,194.2,196.6,201.0,201.2,4.57,78.0,3.486,4308.5,827.7,835.7,838.7,828.7,194.8,196.3,199.8,200.8,4.6,78.0,3.511,-1.2,0.957,0,nominal,0,0.0,194.97,701902.2
97.9,mission_cruise,73.91217342968315,2500.0,43.043913285158425,4317.3,826.7,835.0,838.8,829.6,195.1,196.7,198.9,200.7,4.59,78.2,3.546,4308.4,827.7,835.7,838.7,828.7,194.8,196.3,199.8,200.8,4.6,78.0,3.511,-1.2,0.957,0,nominal,0,0.0,194.97,701902.1
98.0,mission_cruise,73.91106170094497,2500.0,43.044469149527515,4305.9,827.9,836.0,839.3,828.8,194.3,196.5,199.8,201.3,4.61,77.9,3.52,4308.4,827.7,835.7,838.7,828.7,194.8,196.3,199.8,200.8,4.6,78.0,3.511,-1.2,0.957,0,nominal,0,0.0,194.97,701902.0
98.1,mission_cruise,73.90994997220677,2500.0,43.04502501389661,4311.7,823.9,836.3,837.3,830.3,193.2,196.4,199.9,200.9,4.61,77.8,3.499,4308.4,827.7,835.7,838.7,828.7,194.7,196.2,199.7,200.7,4.6,78.0,3.511,-1.2,0.957,0,nominal,0,0.0,194.97,701901.9
98.2,mission_cruise,73.9088382434686,2500.0,43.0455808782657,4315.3,827.5,836.0,838.0,827.3,194.9,196.5,199.6,200.2,4.62,78.0,3.513,4308.3,827.6,835.6,838.6,828.6,194.7,196.2,199.7,200.7,4.6,78.0,3.511,-1.2,0.957,0,nominal,0,0.0,194.97,701901.8
98.3,mission_cruise,73.9077265147304,2500.0,43.0461367426348,4308.8,827.1,838.5,837.6,830.9,194.1,196.3,200.0,200.9,4.61,77.9,3.531,4308.3,827.6,835.6,838.6,828.6,194.7,196.2,199.7,200.7,4.6,78.0,3.511,-1.2,0.957,0,nominal,0,0.0,194.97,701901.7
98.4,mission_cruise,73.90661478599222,2500.0,43.04669260700389,4300.5,828.5,834.8,841.0,826.9,194.3,194.9,199.5,200.3,4.57,77.7,3.526,4308.2,827.6,835.6,838.6,828.6,194.6,196.1,199.6,200.6,4.6,78.0,3.51,-1.2,0.957,0,nominal,0,0.0,194.97,701901.6
98.5,mission_cruise,73.90550305725402,2500.0,43.04724847137299,4306.3,827.3,835.2,838.2,827.5,194.3,196.4,199.4,199.7,4.58,77.9,3.528,4308.2,827.6,835.6,838.6,828.6,194.6,196.1,199.6,200.6,4.6,78.0,3.51,-1.2,0.957,0,nominal,0,0.0,194.97,701901.5
98.6,mission_cruise,73.90439132851584,2500.0,43.04780433574208,4303.2,828.5,832.8,838.6,829.4,195.2,196.7,199.3,200.8,4.58,78.2,3.501,4308.2,827.6,835.6,838.6,828.6,194.6,196.1,199.6,200.6,4.6,78.0,3.51,-1.2,0.957,0,nominal,0,0.0,194.97,701901.4
98.7,mission_cruise,73.90327959977765,2500.0,43.048360200111176,4307.0,827.5,836.1,837.4,828.0,194.5,195.7,200.5,201.1,4.63,77.6,3.489,4308.1,827.6,835.6,838.6,828.6,194.5,196.0,199.5,200.5,4.6,78.0,3.51,-1.2,0.957,0,nominal,0,0.0,194.97,701901.3
98.8,mission_cruise,73.90216787103947,2500.0,43.04891606448027,4313.7,826.8,834.1,837.5,830.3,193.6,195.9,200.7,200.1,4.59,77.3,3.479,4308.1,827.6,835.6,838.6,828.6,194.5,196.0,199.5,200.5,4.6,78.0,3.51,-1.2,0.957,0,nominal,0,0.0,194.97,701901.2
98.9,mission_cruise,73.90105614230127,2500.0,43.049471928849364,4317.7,828.3,834.9,839.2,827.6,194.5,195.8,198.8,200.2,4.59,77.7,3.484,4308.1,827.6,835.6,838.6,828.6,194.5,196.0,199.5,200.5,4.6,78.0,3.51,-1.2,0.957,0,nominal,0,0.0,194.97,701901.1
99.0,mission_cruise,73.89994441356309,2500.0,43.050027793218455,4313.2,828.9,833.3,840.1,829.3,194.2,196.5,200.2,199.8,4.63,77.9,3.516,4308.0,827.5,835.5,838.5,828.5,194.5,196.0,199.5,200.5,4.6,78.0,3.51,-1.2,0.957,0,nominal,0,0.0,194.97,701901.0
99.1,mission_cruise,73.8988326848249,2500.0,43.05058365758755,4299.1,826.9,836.5,840.1,828.8,193.9,195.7,200.2,200.4,4.6,77.7,3.532,4308.0,827.5,835.5,838.5,828.5,194.4,195.9,199.4,200.4,4.6,78.0,3.51,-1.2,0.957,0,nominal,0,0.0,194.97,701900.9
99.2,mission_cruise,73.89772095608672,2500.0,43.05113952195664,4305.8,825.4,836.7,838.1,829.3,193.9,195.8,199.5,199.8,4.58,78.6,3.528,4308.0,827.5,835.5,838.5,828.5,194.4,195.9,199.4,200.4,4.6,78.0,3.51,-1.2,0.957,0,nominal,0,0.0,194.97,701900.8
99.3,mission_cruise,73.89660922734852,2500.0,43.05169538632574,4306.0,827.6,833.8,837.1,828.0,195.3,196.4,199.7,199.9,4.59,77.5,3.491,4307.9,827.5,835.5,838.5,828.5,194.4,195.9,199.4,200.4,4.6,78.0,3.51,-1.2,0.957,0,nominal,0,0.0,194.97,701900.7
99.4,mission_cruise,73.89549749861034,2500.0,43.05225125069483,4302.6,828.2,835.9,837.6,831.5,194.3,195.8,199.6,201.2,4.62,78.3,3.512,4307.9,827.5,835.5,838.5,828.5,194.3,195.8,199.3,200.3,4.6,78.0,3.51,-1.2,0.957,0,nominal,0,0.0,194.97,701900.6
99.5,mission_cruise,73.89438576987214,2500.0,43.05280711506393,4311.9,826.1,835.9,839.8,827.9,194.8,195.7,199.6,201.2,4.62,77.9,3.478,4307.8,827.5,835.5,838.5,828.5,194.3,195.8,199.3,200.3,4.6,78.0,3.51,-1.2,0.957,0,nominal,0,0.0,194.97,701900.5
99.6,mission_cruise,73.89327404113396,2500.0,43.05336297943302,4312.2,829.2,833.8,838.1,828.8,194.5,196.3,199.9,200.0,4.62,78.4,3.49,4307.8,827.5,835.5,838.5,828.5,194.3,195.8,199.3,200.3,4.6,78.0,3.51,-1.2,0.957,0,nominal,0,0.0,194.97,701900.4
99.7,mission_cruise,73.89216231239577,2500.0,43.053918843802116,4314.8,826.0,837.5,839.0,829.4,194.7,195.3,199.0,200.9,4.58,78.4,3.519,4307.8,827.5,835.5,838.5,828.5,194.2,195.7,199.2,200.2,4.6,78.0,3.51,-1.2,0.957,0,nominal,0,0.0,194.97,701900.3
99.8,mission_cruise,73.89105058365759,2500.0,43.054474708171206,4302.0,828.3,834.7,840.2,824.9,195.5,196.4,198.9,199.6,4.62,77.5,3.539,4307.7,827.5,835.5,838.5,828.5,194.2,195.7,199.2,200.2,4.6,78.0,3.51,-1.2,0.957,0,nominal,0,0.0,194.97,701900.2
99.9,mission_cruise,73.8899388549194,2500.0,43.0550305725403,4298.5,827.2,835.3,834.6,826.5,194.4,196.6,199.0,200.6,4.61,77.8,3.496,4307.7,827.5,835.5,838.5,828.5,194.2,195.7,199.2,200.2,4.6,78.0,3.51,-1.2,0.957,0,nominal,0,0.0,194.97,701900.1
100.0,mission_cruise,73.88882712618121,2500.0,43.055586436909394,4310.5,825.6,837.2,837.8,828.9,193.2,196.5,199.5,199.9,4.64,77.5,3.536,4307.7,827.5,835.5,838.5,828.5,194.2,195.7,199.2,200.2,4.6,78.0,3.51,-1.2,0.957,0,nominal,0,0.0,194.97,701900.0
100.1,mission_cruise,73.88771539744302,2500.0,43.05614230127849,4312.0,830.3,833.1,837.1,828.7,193.2,194.4,199.7,200.6,4.55,77.7,3.448,4307.6,827.5,835.5,838.5,828.5,194.1,195.6,199.1,200.1,4.6,78.0,3.51,-1.2,0.957,0,nominal,0,0.0,194.97,701899.9
100.2,mission_cruise,73.88660366870484,2500.0,43.05669816564758,4308.1,828.3,835.2,840.4,829.0,192.5,195.8,199.4,200.6,4.61,77.8,3.476,4307.6,827.4,835.4,838.4,828.4,194.1,195.6,199.1,200.1,4.6,78.0,3.51,-1.2,0.957,0,nominal,0,0.0,194.97,701899.8
100.3,mission_cruise,73.88549193996664,2500.0,43.05725403001668,4297.5,831.1,836.1,839.5,829.8,194.2,195.9,199.3,199.7,4.63,78.0,3.501,4307.6,827.4,835.4,838.4,828.4,194.1,195.6,199.1,200.1,4.6,78.0,3.51,-1.2,0.957,0,nominal,0,0.0,194.97,701899.7
100.4,mission_cruise,73.88438021122846,2500.0,43.05780989438577,4300.8,827.0,837.4,837.9,828.7,194.2,195.2,199.8,199.4,4.61,78.0,3.55,4307.5,827.4,835.4,838.4,828.4,194.0,195.5,199.0,200.0,4.6,78.0,3.51,-1.2,0.957,0,nominal,0,0.0,194.97,701899.6
100.5,mission_cruise,73.88326848249027,2500.0,43.05836575875487,4310.4,827.4,834.6,836.8,827.7,194.8,195.7,198.5,200.2,4.59,78.3,3.521,4307.5,827.4,835.4,838.4,828.4,194.0,195.5,199.0,200.0,4.6,78.0,3.51,-1.2,0.957,0,nominal,0,0.0,194.97,701899.5
100.6,mission_cruise,73.88215675375208,2500.0,43.05892162312396,4307.1,827.0,837.8,836.6,828.5,193.3,195.7,199.2,200.1,4.64,77.6,3.514,4307.5,827.4,835.4,838.4,828.4,194.0,195.5,199.0,200.0,4.6,78.0,3.51,-1.2,0.957,0,nominal,0,0.0,194.97,701899.4
100.7,mission_cruise,73.88104502501389,2500.0,43.059477487493055,4309.8,825.2,835.4,840.5,831.0,193.7,196.0,199.3,200.9,4.59,78.3,3.499,4307.4,827.4,835.4,838.4,828.4,194.0,195.5,199.0,200.0,4.6,78.0,3.509,-1.2,0.957,0,nominal,0,0.0,194.97,701899.3
100.8,mission_cruise,73.87993329627571,2500.0,43.060033351862145,4308.0,829.4,836.3,835.9,826.4,194.3,194.9,198.3,199.9,4.6,78.1,3.558,4307.4,827.4,835.4,838.4,828.4,193.9,195.4,198.9,199.9,4.6,78.0,3.509,-1.2,0.957,0,nominal,0,0.0,194.97,701899.2
100.9,mission_cruise,73.87882156753751,2500.0,43.06058921623124,4307.6,827.1,834.2,838.3,827.7,193.5,196.1,198.8,199.5,4.63,76.9,3.499,4307.3,827.4,835.4,838.4,828.4,193.9,195.4,198.9,199.9,4.6,78.0,3.509,-1.2,0.957,0,nominal,0,0.0,194.97,701899.1
101.0,mission_cruise,73.87770983879933,2500.0,43.06114508060033,4312.3,827.5,833.8,836.2,827.3,193.9,195.1,200.0,200.7,4.59,77.6,3.535,4307.3,827.4,835.4,838.4,828.4,193.9,195.4,198.9,199.9,4.6,78.0,3.509,-1.2,0.957,0,nominal,0,0.0,194.97,701899.0
101.1,mission_cruise,73.87659811006114,2500.0,43.06170094496943,4312.9,827.2,835.8,837.3,826.9,193.5,194.5,198.9,199.9,4.58,79.0,3.51,4307.3,827.4,835.4,838.4,828.4,193.9,195.4,198.9,199.9,4.6,78.0,3.509,-1.2,0.957,0,nominal,0,0.0,194.97,701898.9
101.2,mission_cruise,73.87548638132296,2500.0,43.06225680933852,4313.4,826.9,836.5,841.0,829.9,194.1,195.0,198.3,199.7,4.6,78.6,3.534,4307.2,827.4,835.4,838.4,828.4,193.8,195.3,198.8,199.8,4.6,78.0,3.509,-1.2,0.957,0,nominal,0,0.0,194.97,701898.8
101.3,mission_cruise,73.87437465258476,2500.0,43.06281267370762,4318.6,829.6,836.5,837.2,826.1,194.3,195.1,198.2,200.5,4.59,77.4,3.484,4307.2,827.4,835.4,838.4,828.4,193.8,195.3,198.8,199.8,4.6,78.0,3.509,-1.2,0.957,0,nominal,0,0.0,194.97,701898.7
101.4,mission_cruise,73.87326292384658,2500.0,43.06336853807671,4309.5,826.5,835.4,841.9,828.0,194.2,195.4,199.3,199.8,4.64,78.7,3.5,4307.2,827.4,835.4,838.4,828.4,193.8,195.3,198.8,199.8,4.6,78.0,3.509,-1.2,0.957,0,nominal,0,0.0,194.97,701898.6
101.5,mission_cruise,73.87215119510839,2500.0,43.06392440244581,4301.6,826.2,836.5,838.7,830.2,193.2,195.0,198.7,200.0,4.59,78.0,3.47,4307.1,827.4,835.4,838.4,828.4,193.8,195.3,198.8,199.8,4.6,78.0,3.509,-1.2,0.957,0,nominal,0,0.0,194.97,701898.5
101.6,mission_cruise,73.8710394663702,2500.0,43.0644802668149,4307.5,826.9,836.9,836.7,828.8,193.5,195.0,199.2,199.7,4.58,78.2,3.5,4307.1,827.4,835.4,838.4,828.4,193.7,195.2,198.7,199.7,4.59,78.0,3.509,-1.2,0.957,0,nominal,0,0.0,194.97,701898.4
101.7,mission_cruise,73.86992773763201,2500.0,43.065036131183994,4308.5,827.3,835.4,838.7,829.2,192.9,194.8,198.2,199.9,4.58,77.6,3.486,4307.1,827.4,835.4,838.4,828.4,193.7,195.2,198.7,199.7,4.59,78.0,3.509,-1.2,0.957,0,nominal,0,0.0,194.97,701898.3
101.8,mission_cruise,73.86881600889383,2500.0,43.065591995553085,4305.0,828.0,836.6,839.5,827.8,193.4,195.5,198.6,199.8,4.56,77.6,3.512,4307.0,827.4,835.4,838.4,828.4,193.7,195.2,198.7,199.7,4.59,78.0,3.509,-1.2,0.957,0,nominal,0,0.0,194.97,701898.2
101.9,mission_cruise,73.86770428015564,2500.0,43.06614785992218,4299.8,825.0,833.5,835.9,829.0,193.9,194.3,199.1,199.6,4.57,77.7,3.522,4307.0,827.4,835.4,838.4,828.4,193.7,195.2,198.7,199.7,4.59,78.0,3.509,-1.2,0.957,0,nominal,0,0.0,194.97,701898.1
102.0,mission_cruise,73.86659255141745,2500.0,43.06670372429127,4305.7,824.0,834.3,840.4,828.2,192.6,196.6,198.7,200.1,4.61,77.4,3.563,4307.0,827.4,835.4,838.4,828.4,193.6,195.1,198.6,199.6,4.59,78.0,3.509,-1.2,0.957,0,nominal,0,0.0,194.97,701898.0
102.1,mission_cruise,73.86548082267926,2500.0,43.06725958866037,4297.1,827.0,835.3,838.2,829.8,193.4,195.2,199.3,198.9,4.56,78.0,3.503,4306.9,827.4,835.4,838.4,828.4,193.6,195.1,198.6,199.6,4.59,78.0,3.509,-1.2,0.957,0,nominal,0,0.0,194.97,701897.9
102.2,mission_cruise,73.86436909394108,2500.0,43.06781545302946,4305.9,827.0,832.3,838.6,827.0,193.5,196.1,198.2,199.6,4.56,79.0,3.489,4306.9,827.4,835.4,838.4,828.4,193.6,195.1,198.6,199.6,4.59,78.0,3.509,-1.2,0.957,0,nominal,0,0.0,194.97,701897.8
102.3,mission_cruise,73.86325736520288,2500.0,43.06837131739856,4313.2,827.8,835.4,838.6,827.1,193.5,194.6,199.4,199.2,4.58,77.9,3.492,4306.8,827.4,835.4,838.4,828.4,193.6,195.1,198.6,199.6,4.59,78.0,3.509,-1.2,0.957,0,nominal,0,0.0,194.97,701897.7
102.4,mission_cruise,73.8621456364647,2500.0,43.06892718176765,4312.1,827.9,834.6,839.7,829.3,192.5,195.0,198.5,199.5,4.64,78.8,3.507,4306.8,827.3,835.3,838.3,828.3,193.5,195.0,198.5,199.5,4.59,78.0,3.509,-1.2,0.957,0,nominal,0,0.0,194.97,701897.6
102.5,mission_cruise,73.86103390772651,2500.0,43.069483046136746,4302.4,826.1,834.4,837.1,828.1,193.8,194.9,199.1,199.3,4.61,77.6,3.53,4306.8,827.3,835.3,838.3,828.3,193.5,195.0,198.5,199.5,4.59,78.0,3.509,-1.2,0.957,0,nominal,0,0.0,194.97,701897.5
102.6,mission_cruise,73.85992217898833,2500.0,43.070038910505836,4310.3,828.3,836.0,839.8,825.2,193.6,195.7,199.7,199.4,4.62,77.8,3.475,4306.7,827.3,835.3,838.3,828.3,193.5,195.0,198.5,199.5,4.59,78.0,3.509,-1.2,0.957,0,nominal,0,0.0,194.97,701897.4
102.7,mission_cruise,73.85881045025013,2500.0,43.070594774874934,4299.1,827.9,838.6,839.0,831.1,193.6,195.3,199.3,199.4,4.58,77.7,3.552,4306.7,827.3,835.3,838.3,828.3,193.5,195.0,198.5,199.5,4.59,78.0,3.509,-1.2,0.957,0,nominal,0,0.0,194.97,701897.3
102.8,mission_cruise,73.85769872151195,2500.0,43.071150639244024,4307.6,825.5,832.2,836.8,828.0,194.3,193.9,197.6,200.3,4.57,78.1,3.53,4306.7,827.3,835.3,838.3,828.3,193.5,195.0,198.5,199.5,4.59,78.0,3.509,-1.2,0.957,0,nominal,0,0.0,194.97,701897.2
102.9,mission_cruise,73.85658699277376,2500.0,43.07170650361312,4311.9,824.7,837.0,838.8,824.8,193.2,194.5,199.7,199.2,4.62,77.7,3.527,4306.6,827.3,835.3,838.3,828.3,193.4,194.9,198.4,199.4,4.59,78.0,3.508,-1.2,0.957,0,nominal,0,0.0,194.97,701897.1
103.0,mission_cruise,73.85547526403558,2500.0,43.07226236798221,4299.3,827.7,834.0,833.8,829.2,193.9,195.1,198.4,199.0,4.59,77.4,3.536,4306.6,827.3,835.3,838.3,828.3,193.4,194.9,198.4,199.4,4.59,78.0,3.508,-1.2,0.957,0,nominal,0,0.0,194.97,701897.0
103.1,mission_cruise,73.85436353529738,2500.0,43.07281823235131,4297.6,832.7,834.6,840.5,828.1,193.3,194.5,199.6,199.7,4.57,78.5,3.519,4306.6,827.3,835.3,838.3,828.3,193.4,194.9,198.4,199.4,4.59,78.0,3.508,-1.2,0.957,0,nominal,0,0.0,194.97,701896.9
103.2,mission_cruise,73.8532518065592,2500.0,43.0733740967204,4300.0,828.9,837.3,837.7,831.1,193.3,195.0,197.4,199.6,4.6,78.5,3.533,4306.5,827.3,835.3,838.3,828.3,193.4,194.9,198.4,199.4,4.59,78.0,3.508,-1.2,0.957,0,nominal,0,0.0,194.97,701896.8
103.3,mission_cruise,73.852140077821,2500.0,43.0739299610895,4304.2,826.7,833.6,837.7,825.6,192.7,194.7,198.8,200.3,4.55,77.3,3.443,4306.5,827.3,835.3,838.3,828.3,193.3,194.8,198.3,199.3,4.59,78.0,3.508,-1.2,0.957,0,nominal,0,0.0,194.97,701896.7
103.4,mission_cruise,73.85102834908282,2500.0,43.07448582545859,4307.7,827.2,833.2,838.4,829.2,193.4,195.4,198.2,198.8,4.59,77.9,3.534,4306.5,827.3,835.3,838.3,828.3,193.3,194.8,198.3,199.3,4.59,78.0,3.508,-1.2,0.957,0,nominal,0,0.0,194.97,701896.6
103.5,mission_cruise,73.84991662034463,2500.0,43.075041689827685,4310.2,824.0,834.6,836.8,825.8,194.0,196.0,199.3,199.0,4.62,77.9,3.493,4306.4,827.3,835.3,838.3,828.3,193.3,194.8,198.3,199.3,4.59,78.0,3.508,-1.2,0.957,0,nominal,0,0.0,194.97,701896.5
103.6,mission_cruise,73.84880489160645,2500.0,43.075597554196776,4302.5,828.2,837.5,836.5,829.6,193.3,193.9,198.0,199.3,4.6,78.1,3.484,4306.4,827.3,835.3,838.3,828.3,193.3,194.8,198.3,199.3,4.59,78.0,3.508,-1.2,0.957,0,nominal,0,0.0,194.97,701896.4
103.7,mission_cruise,73.84769316286825,2500.0,43.07615341856587,4305.9,827.4,837.5,835.6,830.3,192.8,194.9,197.7,200.2,4.58,78.3,3.501,4306.3,827.3,835.3,838.3,828.3,193.3,194.8,198.3,199.3,4.59,78.0,3.508,-1.2,0.957,0,nominal,0,0.0,194.97,701896.3
103.8,mission_cruise,73.84658143413007,2500.0,43.076709282934964,4293.2,828.7,836.6,838.4,829.3,193.3,196.0,198.7,200.4,4.62,78.3,3.536,4306.3,827.3,835.3,838.3,828.3,193.2,194.7,198.2,199.2,4.59,78.0,3.508,-1.2,0.957,0,nominal,0,0.0,194.97,701896.2
103.9,mission_cruise,73.84546970539188,2500.0,43.07726514730406,4310.6,828.4,835.2,840.1,828.7,193.7,194.2,198.0,198.6,4.6,77.6,3.491,4306.3,827.3,835.3,838.3,828.3,193.2,194.7,198.2,199.2,4.59,78.0,3.508,-1.2,0.957,0,nominal,0,0.0,194.97,701896.1
104.0,mission_cruise,73.8443579766537,2500.0,43.07782101167315,4306.1,828.8,836.6,835.3,827.7,193.6,195.4,198.9,199.8,4.57,77.2,3.481,4306.2,827.3,835.3,838.3,828.3,193.2,194.7,198.2,199.2,4.59,78.0,3.508,-1.2,0.957,0,nominal,0,0.0,194.97,701896.0
104.1,mission_cruise,73.8432462479155,2500.0,43.07837687604225,4295.3,827.0,834.6,839.9,827.9,193.6,193.4,198.0,198.6,4.58,78.0,3.493,4306.2,827.3,835.3,838.3,828.3,193.2,194.7,198.2,199.2,4.59,78.0,3.508,-1.2,0.957,0,nominal,0,0.0,194.97,701895.9
104.2,mission_cruise,73.84213451917732,2500.0,43.07893274041134,4313.1,827.9,833.6,838.9,829.7,193.4,193.7,199.4,198.5,4.65,78.0,3.517,4306.2,827.3,835.3,838.3,828.3,193.2,194.7,198.2,199.2,4.59,78.0,3.508,-1.2,0.957,0,nominal,0,0.0,194.97,701895.8
104.3,mission_cruise,73.84102279043913,2500.0,43.07948860478044,4314.9,828.1,837.6,838.2,827.3,192.7,195.0,197.5,199.5,4.61,78.2,3.551,4306.1,827.3,835.3,838.3,828.3,193.1,194.6,198.1,199.1,4.59,78.0,3.508,-1.2,0.957,0,nominal,0,0.0,194.97,701895.7
104.4,mission_cruise,73.83991106170095,2500.0,43.08004446914953,4302.2,826.9,837.8,836.9,828.2,192.8,194.5,198.1,198.8,4.62,78.4,3.525,4306.1,827.3,835.3,838.3,828.3,193.1,194.6,198.1,199.1,4.59,78.0,3.508,-1.2,0.957,0,nominal,0,0.0,194.97,701895.6
104.5,mission_cruise,73.83879933296275,2500.0,43.080600333518625,4305.1,827.6,834.9,838.1,828.4,192.5,194.5,197.9,199.3,4.54,78.2,3.51,4306.1,827.3,835.3,838.3,828.3,193.1,194.6,198.1,199.1,4.59,78.0,3.508,-1.2,0.957,0,nominal,0,0.0,194.97,701895.5
104.6,mission_cruise,73.83768760422457,2500.0,43.081156197887715,4310.7,826.7,833.3,838.1,826.0,193.8,193.3,198.1,199.5,4.6,77.8,3.465,4306.0,827.3,835.3,838.3,828.3,193.1,194.6,198.1,199.1,4.59,78.0,3.508,-1.2,0.957,0,nominal,0,0.0,194.97,701895.4
104.7,mission_cruise,73.83657587548637,2500.0,43.08171206225681,4309.3,826.9,837.0,839.0,829.3,192.7,194.1,197.6,200.4,4.58,78.2,3.515,4306.0,827.3,835.3,838.3,828.3,193.1,194.6,198.1,199.1,4.59,78.0,3.508,-1.2,0.957,0,nominal,0,0.0,194.97,701895.3
104.8,mission_cruise,73.8354641467482,2500.0,43.0822679266259,4297.7,826.7,835.3,838.4,828.2,193.1,194.7,198.2,198.4,4.63,77.6,3.534,4306.0,827.3,835.3,838.3,828.3,193.0,194.5,198.0,199.0,4.59,78.0,3.508,-1.2,0.957,0,nominal,0,0.0,194.97,701895.2
104.9,mission_cruise,73.83435241801,2500.0,43.082823790995,4307.4,827.5,835.1,838.2,828.2,192.8,194.6,198.3,196.8,4.64,78.1,3.54,4305.9,827.3,835.3,838.3,828.3,193.0,194.5,198.0,199.0,4.59,78.0,3.508,-1.2,0.957,0,nominal,0,0.0,194.97,701895.1
105.0,mission_cruise,73.83324068927182,2500.0,43.08337965536409,4309.0,828.2,836.8,836.3,830.4,192.9,195.3,197.9,198.3,4.61,77.8,3.477,4305.9,827.3,835.3,838.3,828.3,193.0,194.5,198.0,199.0,4.59,78.0,3.508,-1.2,0.957,0,nominal,0,0.0,194.97,701895.0
105.1,mission_cruise,73.83212896053362,2500.0,43.08393551973319,4312.3,827.3,835.0,837.8,829.6,193.9,194.4,198.4,198.4,4.58,79.0,3.527,4305.8,827.3,835.3,838.3,828.3,193.0,194.5,198.0,199.0,4.59,78.0,3.508,-1.2,0.957,0,nominal,0,0.0,194.97,701894.9
105.2,mission_cruise,73.83101723179544,2500.0,43.08449138410228,4301.4,828.1,835.1,838.6,828.1,191.2,194.2,198.0,199.8,4.58,77.3,3.455,4305.8,827.3,835.3,838.3,828.3,193.0,194.5,198.0,199.0,4.59,78.0,3.507,-1.2,0.957,0,nominal,0,0.0,194.97,701894.8
105.3,mission_cruise,73.82990550305725,2500.0,43.085047248471376,4309.2,825.7,834.5,839.4,828.2,191.9,194.3,197.1,199.1,4.6,78.4,3.495,4305.8,827.3,835.3,838.3,828.3,192.9,194.4,197.9,198.9,4.59,78.0,3.507,-1.2,0.957,0,nominal,0,0.0,194.97,701894.7
105.4,mission_cruise,73.82879377431907,2500.0,43.08560311284047,4306.7,828.0,838.6,838.8,828.0,192.5,194.5,198.4,198.6,4.59,77.5,3.516,4305.7,827.3,835.3,838.3,828.3,192.9,194.4,197.9,198.9,4.59,78.0,3.507,-1.2,0.957,0,nominal,0,0.0,194.97,701894.6
105.5,mission_cruise,73.82768204558087,2500.0,43.086158977209564,4303.0,827.2,837.4,837.3,827.2,193.2,194.3,198.8,199.0,4.6,78.1,3.452,4305.7,827.3,835.3,838.3,828.3,192.9,194.4,197.9,198.9,4.59,78.0,3.507,-1.2,0.957,0,nominal,0,0.0,194.97,701894.5
105.6,mission_cruise,73.82657031684269,2500.0,43.086714841578655,4312.7,826.7,836.6,836.0,829.4,193.2,195.0,197.4,198.9,4.6,78.0,3.492,4305.7,827.3,835.3,838.3,828.3,192.9,194.4,197.9,198.9,4.59,78.0,3.507,-1.2,0.957,0,nominal,0,0.0,194.97,701894.4
105.7,mission_cruise,73.8254585881045,2500.0,43.08727070594775,4300.6,824.1,836.3,838.4,830.3,192.6,192.9,197.8,198.1,4.59,78.3,3.511,4305.6,827.3,835.3,838.3,828.3,192.9,194.4,197.9,198.9,4.59,78.0,3.507,-1.2,0.957,0,nominal,0,0.0,194.97,701894.3
105.8,mission_cruise,73.82434685936632,2500.0,43.08782657031684,4308.6,827.3,835.9,839.0,826.2,192.8,194.3,198.1,199.1,4.65,78.2,3.449,4305.6,827.3,835.3,838.3,828.3,192.9,194.4,197.9,198.9,4.59,78.0,3.507,-1.2,0.957,0,nominal,0,0.0,194.97,701894.2
105.9,mission_cruise,73.82323513062812,2500.0,43.08838243468594,4305.4,828.6,834.2,837.9,826.9,192.7,193.5,197.1,200.0,4.57,79.0,3.515,4305.6,827.3,835.3,838.3,828.3,192.8,194.3,197.8,198.8,4.59,78.0,3.507,-1.2,0.957,0,nominal,0,0.0,194.97,701894.1
106.0,mission_cruise,73.82212340188994,2500.0,43.08893829905503,4308.1,826.5,836.9,834.4,829.3,192.3,194.1,198.1,198.5,4.59,78.3,3.521,4305.5,827.3,835.3,838.3,828.3,192.8,194.3,197.8,198.8,4.59,78.0,3.507,-1.2,0.957,0,nominal,0,0.0,194.97,701894.0
106.1,mission_cruise,73.82101167315174,2500.0,43.08949416342413,4306.2,825.2,834.8,837.7,829.5,193.3,194.5,198.3,198.8,4.58,78.0,3.508,4305.5,827.3,835.3,838.3,828.3,192.8,194.3,197.8,198.8,4.59,78.0,3.507,-1.2,0.957,0,nominal,0,0.0,194.97,701893.9
106.2,mission_cruise,73.81989994441356,2500.0,43.09005002779322,4306.8,827.8,835.3,835.5,830.0,192.0,194.7,197.0,197.4,4.63,77.9,3.503,4305.4,827.3,835.3,838.3,828.3,192.8,194.3,197.8,198.8,4.59,78.0,3.507,-1.2,0.957,0,nominal,0,0.0,194.97,701893.8
106.3,mission_cruise,73.81878821567537,2500.0,43.090605892162316,4308.1,824.6,834.3,838.2,826.8,193.4,194.4,197.8,199.0,4.62,78.4,3.517,4305.4,827.3,835.3,838.3,828.3,192.8,194.3,197.8,198.8,4.59,78.0,3.507,-1.2,0.957,0,nominal,0,0.0,194.97,701893.7
106.4,mission_cruise,73.81767648693719,2500.0,43.091161756531406,4315.6,828.5,836.2,834.2,829.7,194.1,193.3,197.8,198.7,4.59,77.2,3.489,4305.4,827.3,835.3,838.3,828.3,192.8,194.3,197.8,198.8,4.59,78.0,3.507,-1.2,0.957,0,nominal,0,0.0,194.97,701893.6
106.5,mission_cruise,73.816564758199,2500.0,43.0917176209005,4298.4,828.5,835.0,837.8,827.5,192.3,195.3,198.1,198.7,4.57,77.7,3.493,4305.3,827.3,835.3,838.3,828.3,192.7,194.2,197.7,198.7,4.59,78.0,3.507,-1.2,0.957,0,nominal,0,0.0,194.97,701893.5
106.6,mission_cruise,73.81545302946081,2500.0,43.092273485269594,4309.6,825.8,834.4,838.7,830.8,192.7,194.1,197.4,200.0,4.63,78.0,3.467,4305.3,827.2,835.2,838.2,828.2,192.7,194.2,197.7,198.7,4.59,78.0,3.507,-1.2,0.957,0,nominal,0,0.0,194.97,701893.4
106.7,mission_cruise,73.81434130072262,2500.0,43.09282934963869,4309.6,825.7,836.6,837.7,829.4,193.8,194.5,197.7,198.7,4.58,78.0,3.479,4305.3,827.2,835.2,838.2,828.2,192.7,194.2,197.7,198.7,4.59,78.0,3.507,-1.2,0.957,0,nominal,0,0.0,194.97,701893.3
106.8,mission_cruise,73.81322957198444,2500.0,43.09338521400778,4312.8,827.7,836.3,836.3,826.2,193.2,193.6,198.3,199.0,4.61,77.3,3.478,4305.2,827.2,835.2,838.2,828.2,192.7,194.2,197.7,198.7,4.59,78.0,3.507,-1.2,0.957,0,nominal,0,0.0,194.97,701893.2
106.9,mission_cruise,73.81211784324624,2500.0,43.09394107837688,4304.3,826.7,836.3,838.1,827.6,192.9,194.8,197.9,198.2,4.57,77.7,3.48,4305.2,827.2,835.2,838.2,828.2,192.7,194.2,197.7,198.7,4.59,78.0,3.507,-1.2,0.957,0,nominal,0,0.0,194.97,701893.1
107.0,mission_cruise,73.81100611450806,2500.0,43.09449694274597,4309.7,827.9,834.6,835.7,830.5,193.1,193.8,198.6,198.6,4.57,78.5,3.547,4305.2,827.2,835.2,838.2,828.2,192.7,194.2,197.7,198.7,4.59,78.0,3.507,-1.2,0.957,0,nominal,0,0.0,194.97,701893.0
107.1,mission_cruise,73.80989438576987,2500.0,43.09505280711507,4300.5,827.7,832.8,839.7,825.7,191.7,194.5,197.0,199.3,4.63,78.0,3.499,4305.1,827.2,835.2,838.2,828.2,192.6,194.1,197.6,198.6,4.59,78.0,3.507,-1.2,0.957,0,nominal,0,0.0,194.97,701892.9
107.2,mission_cruise,73.80878265703168,2500.0,43.09560867148416,4308.2,827.2,835.1,839.7,828.5,192.5,193.7,198.2,198.2,4.56,78.4,3.505,4305.1,827.2,835.2,838.2,828.2,192.6,194.1,197.6,198.6,4.59,78.0,3.507,-1.2,0.957,0,nominal,0,0.0,194.97,701892.8
107.3,mission_cruise,73.80767092829349,2500.0,43.096164535853255,4313.9,827.7,836.2,840.5,823.3,192.2,194.0,197.7,199.0,4.54,77.7,3.531,4305.1,827.2,835.2,838.2,828.2,192.6,194.1,197.6,198.6,4.59,78.0,3.507,-1.2,0.957,0,nominal,0,0.0,194.97,701892.7
107.4,mission_cruise,73.80655919955531,2500.0,43.096720400222345,4315.5,827.9,835.1,839.4,828.1,192.7,194.3,198.8,198.6,4.55,77.1,3.49,4305.0,827.2,835.2,838.2,828.2,192.6,194.1,197.6,198.6,4.59,78.0,3.507,-1.2,0.957,0,nominal,0,0.0,194.97,701892.6
107.5,mission_cruise,73.80544747081711,2500.0,43.09727626459144,4305.9,826.5,836.2,837.1,827.4,192.7,193.4,198.6,198.9,4.58,77.8,3.515,4305.0,827.2,835.2,838.2,828.2,192.6,194.1,197.6,198.6,4.59,78.0,3.506,-1.2,0.957,0,nominal,0,0.0,194.97,701892.5
107.6,mission_cruise,73.80433574207893,2500.0,43.09783212896053,4310.9,826.4,835.0,840.2,827.9,192.7,192.6,197.6,199.5,4.6,77.2,3.536,4304.9,827.2,835.2,838.2,828.2,192.6,194.1,197.6,198.6,4.59,78.0,3.506,-1.2,0.957,0,nominal,0,0.0,194.97,701892.4
107.7,mission_cruise,73.80322401334074,2500.0,43.09838799332963,4298.1,827.4,836.1,837.8,831.1,192.4,193.1,198.3,199.1,4.58,78.0,3.49,4304.9,827.2,835.2,838.2,828.2,192.5,194.0,197.5,198.5,4.59,78.0,3.506,-1.2,0.957,0,nominal,0,0.0,194.97,701892.3
107.8,mission_cruise,73.80211228460256,2500.0,43.09894385769872,4307.9,827.1,835.9,838.6,826.2,192.4,193.6,198.1,197.8,4.59,77.6,3.482,4304.9,827.2,835.2,838.2,828.2,192.5,194.0,197.5,198.5,4.59,78.0,3.506,-1.2,0.957,0,nominal,0,0.0,194.97,701892.2
107.9,mission_cruise,73.80100055586436,2500.0,43.09949972206782,4310.8,828.6,835.2,838.4,827.4,193.5,193.9,197.6,198.6,4.55,78.4,3.49,4304.8,827.2,835.2,838.2,828.2,192.5,194.0,197.5,198.5,4.59,78.0,3.506,-1.2,0.957,0,nominal,0,0.0,194.97,701892.1
108.0,mission_cruise,73.79988882712618,2500.0,43.10005558643691,4306.9,828.0,835.0,838.3,828.0,192.1,192.2,197.8,199.3,4.6,78.1,3.514,4304.8,827.2,835.2,838.2,828.2,192.5,194.0,197.5,198.5,4.59,78.0,3.506,-1.2,0.957,0,nominal,0,0.0,194.97,701892.0
108.1,mission_cruise,73.79877709838799,2500.0,43.10061145080601,4306.5,828.5,836.9,841.1,828.9,192.3,193.9,197.7,198.7,4.6,78.0,3.502,4304.8,827.2,835.2,838.2,828.2,192.5,194.0,197.5,198.5,4.59,78.0,3.506,-1.2,0.957,0,nominal,0,0.0,194.97,701891.9
108.2,mission_cruise,73.7976653696498,2500.0,43.1011673151751,4296.7,827.4,836.4,838.4,830.0,192.1,194.8,198.1,198.2,4.58,78.6,3.477,4304.7,827.2,835.2,838.2,828.2,192.5,194.0,197.5,198.5,4.59,78.0,3.506,-1.2,0.957,0,nominal,0,0.0,194.97,701891.8
108.3,mission_cruise,73.79655364091161,2500.0,43.101723179544194,4302.1,825.9,834.1,837.9,828.6,192.5,195.1,198.7,197.7,4.58,78.2,3.452,4304.7,827.2,835.2,838.2,828.2,192.5,194.0,197.5,198.5,4.59,78.0,3.506,-1.2,0.957,0,nominal,0,0.0,194.97,701891.7
108.4,mission_cruise,73.79544191217343,2500.0,43.102279043913285,4308.4,828.0,833.0,836.2,827.6,191.8,194.4,197.3,198.4,4.63,77.5,3.568,4304.7,827.2,835.2,838.2,828.2,192.4,193.9,197.4,198.4,4.59,78.0,3.506,-1.2,0.957,0,nominal,0,0.0,194.97,701891.6
108.5,mission_cruise,73.79433018343524,2500.0,43.10283490828238,4291.5,825.6,835.5,838.7,830.1,192.5,193.7,197.3,197.7,4.59,78.5,3.523,4304.6,827.2,835.2,838.2,828.2,192.4,193.9,197.4,198.4,4.59,78.0,3.506,-1.2,0.957,0,nominal,0,0.0,194.97,701891.5
108.6,mission_cruise,73.79321845469705,2500.0,43.10339077265147,4295.4,828.7,835.3,839.7,828.3,192.3,193.4,196.8,197.6,4.58,78.7,3.578,4304.6,827.2,835.2,838.2,828.2,192.4,193.9,197.4,198.4,4.59,78.0,3.506,-1.2,0.957,0,nominal,0,0.0,194.97,701891.4
108.7,mission_cruise,73.79210672595886,2500.0,43.10394663702057,4311.4,826.5,834.5,837.1,825.1,192.6,193.2,196.6,198.5,4.6,78.0,3.526,4304.6,827.2,835.2,838.2,828.2,192.4,193.9,197.4,198.4,4.59,78.0,3.506,-1.2,0.957,0,nominal,0,0.0,194.97,701891.3
108.8,mission_cruise,73.79099499722068,2500.0,43.10450250138966,4301.7,824.9,837.9,838.2,825.6,192.6,194.1,196.6,199.0,4.59,77.7,3.512,4304.5,827.2,835.2,838.2,828.2,192.4,193.9,197.4,198.4,4.59,78.0,3.506,-1.2,0.957,0,nominal,0,0.0,194.97,701891.2
108.9,mission_cruise,73.78988326848248,2500.0,43.10505836575876,4303.2,827.8,835.3,837.5,831.6,191.3,193.6,196.5,199.2,4.61,77.9,3.518,4304.5,827.2,835.2,838.2,828.2,192.4,193.9,197.4,198.4,4.59,78.0,3.506,-1.2,0.957,0,nominal,0,0.0,194.97,701891.1
109.0,mission_cruise,73.7887715397443,2500.0,43.10561423012785,4301.0,825.9,833.6,840.4,825.5,192.9,194.4,197.0,197.8,4.68,77.0,3.501,4304.4,827.2,835.2,838.2,828.2,192.4,193.9,197.4,198.4,4.59,78.0,3.506,-1.2,0.957,0,nominal,0,0.0,194.97,701891.0
109.1,mission_cruise,73.78765981100611,2500.0,43.106170094496946,4306.8,826.6,835.6,838.3,826.1,193.0,194.9,196.0,198.7,4.59,77.9,3.508,4304.4,827.2,835.2,838.2,828.2,192.3,193.8,197.3,198.3,4.59,78.0,3.506,-1.2,0.957,0,nominal,0,0.0,194.97,701890.9
109.2,mission_cruise,73.78654808226793,2500.0,43.106725958866036,4306.6,827.7,832.1,838.0,828.5,192.5,193.9,197.9,199.0,4.62,79.2,3.457,4304.4,827.2,835.2,838.2,828.2,192.3,193.8,197.3,198.3,4.59,78.0,3.506,-1.2,0.957,0,nominal,0,0.0,194.97,701890.8
109.3,mission_cruise,73.78543635352973,2500.0,43.107281823235134,4306.0,826.9,835.0,838.0,827.7,192.7,194.4,196.7,197.9,4.56,78.6,3.519,4304.3,827.2,835.2,838.2,828.2,192.3,193.8,197.3,198.3,4.59,78.0,3.506,-1.2,0.957,0,nominal,0,0.0,194.97,701890.7
109.4,mission_cruise,73.78432462479155,2500.0,43.107837687604224,4300.8,826.7,836.9,836.2,828.2,192.2,193.6,197.0,198.3,4.55,78.1,3.544,4304.3,827.2,835.2,838.2,828.2,192.3,193.8,197.3,198.3,4.59,78.0,3.506,-1.2,0.957,0,nominal,0,0.0,194.97,701890.6
109.5,mission_cruise,73.78321289605336,2500.0,43.10839355197332,4305.0,829.0,833.7,838.8,829.0,192.9,193.1,197.4,198.3,4.59,77.4,3.526,4304.3,827.2,835.2,838.2,828.2,192.3,193.8,197.3,198.3,4.59,78.0,3.506,-1.2,0.957,0,nominal,0,0.0,194.97,701890.5
109.6,mission_cruise,73.78210116731518,2500.0,43.10894941634241,4300.7,826.0,836.7,837.9,828.6,192.0,193.0,197.3,199.3,4.61,78.4,3.473,4304.2,827.2,835.2,838.2,828.2,192.3,193.8,197.3,198.3,4.59,78.0,3.506,-1.2,0.957,0,nominal,0,0.0,194.97,701890.4
109.7,mission_cruise,73.78098943857698,2500.0,43.10950528071151,4300.0,827.9,837.8,838.7,827.8,192.8,194.4,197.4,197.6,4.58,77.6,3.524,4304.2,827.2,835.2,838.2,828.2,192.3,193.8,197.3,198.3,4.59,78.0,3.506,-1.2,0.957,0,nominal,0,0.0,194.97,701890.3
109.8,mission_cruise,73.7798777098388,2500.0,43.1100611450806,4309.5,828.2,836.0,837.9,831.2,192.4,193.9,198.4,197.5,4.58,77.7,3.474,4304.2,827.2,835.2,838.2,828.2,192.3,193.8,197.3,198.3,4.59,78.0,3.505,-1.2,0.957,0,nominal,0,0.0,194.97,701890.2
109.9,mission_cruise,73.7787659811006,2500.0,43.1106170094497,4301.9,828.6,833.5,836.5,828.4,192.6,193.8,197.6,198.5,4.61,78.5,3.526,4304.1,827.2,835.2,838.2,828.2,192.2,193.7,197.2,198.2,4.59,78.0,3.505,-1.2,0.957,0,nominal,0,0.0,194.97,701890.1
110.0,mission_cruise,73.77765425236242,2500.0,43.11117287381879,4302.5,828.4,833.0,837.0,825.9,191.6,194.7,197.6,198.9,4.61,77.9,3.533,4304.1,827.2,835.2,838.2,828.2,192.2,193.7,197.2,198.2,4.59,78.0,3.505,-1.2,0.957,0,nominal,0,0.0,194.97,701890.0
110.1,mission_cruise,73.77654252362423,2500.0,43.111728738187885,4301.8,827.3,836.7,837.8,828.5,191.4,193.4,197.6,198.6,4.57,79.1,3.51,4304.1,827.2,835.2,838.2,828.2,192.2,193.7,197.2,198.2,4.59,78.0,3.505,-1.2,0.957,0,nominal,0,0.0,194.97,701889.9
110.2,mission_cruise,73.77543079488605,2500.0,43.112284602556976,4293.2,826.2,834.4,839.2,831.3,192.3,193.6,196.1,198.6,4.63,78.4,3.521,4304.0,827.2,835.2,838.2,828.2,192.2,193.7,197.2,198.2,4.59,78.0,3.505,-1.2,0.957,0,nominal,0,0.0,194.97,701889.8
110.3,mission_cruise,73.77431906614785,2500.0,43.11284046692607,4303.7,827.8,834.2,838.0,827.4,192.6,193.0,197.7,197.8,4.57,77.8,3.508,4304.0,827.2,835.2,838.2,828.2,192.2,193.7,197.2,198.2,4.59,78.0,3.505,-1.2,0.957,0,nominal,0,0.0,194.97,701889.7
110.4,mission_cruise,73.77320733740967,2500.0,43.113396331295164,4299.3,828.8,834.9,837.4,827.5,191.0,194.3,197.3,199.0,4.61,77.5,3.49,4303.9,827.2,835.2,838.2,828.2,192.2,193.7,197.2,198.2,4.59,78.0,3.505,-1.2,0.957,0,nominal,0,0.0,194.97,701889.6
110.5,mission_cruise,73.77209560867148,2500.0,43.11395219566426,4301.3,830.3,835.0,839.4,829.8,192.2,193.1,197.1,198.1,4.6,78.1,3.514,4303.9,827.2,835.2,838.2,828.2,192.2,193.7,197.2,198.2,4.59,78.0,3.505,-1.2,0.957,0,nominal,0,0.0,194.97,701889.5
110.6,mission_cruise,73.7709838799333,2500.0,43.11450806003335,4302.7,825.8,834.7,837.8,825.2,192.1,193.2,196.8,199.1,4.55,78.3,3.504,4303.9,827.2,835.2,838.2,828.2,192.2,193.7,197.2,198.2,4.59,78.0,3.505,-1.2,0.957,0,nominal,0,0.0,194.97,701889.4
110.7,mission_cruise,73.7698721511951,2500.0,43.11506392440245,4307.8,827.8,835.2,840.4,827.2,192.6,193.3,196.4,198.2,4.59,77.1,3.5,4303.8,827.2,835.2,838.2,828.2,192.1,193.6,197.1,198.1,4.59,78.0,3.505,-1.2,0.957,0,nominal,0,0.0,194.97,701889.3
110.8,mission_cruise,73.76876042245692,2500.0,43.11561978877154,4306.7,828.5,837.7,837.7,827.7,192.1,194.2,196.8,197.2,4.59,77.2,3.487,4303.8,827.2,835.2,838.2,828.2,192.1,193.6,197.1,198.1,4.59,78.0,3.505,-1.2,0.957,0,nominal,0,0.0,194.97,701889.2
110.9,mission_cruise,73.76764869371873,2500.0,43.11617565314064,4291.1,829.4,834.3,834.7,828.5,190.8,193.3,197.2,197.9,4.57,77.8,3.539,4303.8,827.2,835.2,838.2,828.2,192.1,193.6,197.1,198.1,4.59,78.0,3.505,-1.2,0.957,0,nominal,0,0.0,194.97,701889.1
111.0,mission_cruise,73.76653696498055,2500.0,43.11673151750973,4307.4,827.1,834.4,840.2,829.0,191.8,194.9,196.9,198.8,4.64,77.8,3.518,4303.7,827.2,835.2,838.2,828.2,192.1,193.6,197.1,198.1,4.59,78.0,3.505,-1.2,0.957,0,nominal,0,0.0,194.97,701889.0
111.1,mission_cruise,73.76542523624235,2500.0,43.117287381878825,4300.1,826.7,838.1,838.6,827.4,192.9,193.7,197.0,198.3,4.59,77.7,3.458,4303.7,827.2,835.2,838.2,828.2,192.1,193.6,197.1,198.1,4.59,78.0,3.505,-1.2,0.957,0,nominal,0,0.0,194.97,701888.9
111.2,mission_cruise,73.76431350750417,2500.0,43.117843246247915,4304.0,825.2,834.4,836.9,824.9,192.6,194.3,197.2,198.5,4.61,77.6,3.499,4303.7,827.2,835.2,838.2,828.2,192.1,193.6,197.1,198.1,4.59,78.0,3.505,-1.2,0.957,0,nominal,0,0.0,194.97,701888.8
111.3,mission_cruise,73.76320177876597,2500.0,43.11839911061701,4305.0,826.2,834.4,839.9,828.1,191.3,193.7,196.3,197.8,4.57,77.1,3.478,4303.6,827.2,835.2,838.2,828.2,192.1,193.6,197.1,198.1,4.59,78.0,3.505,-1.2,0.957,0,nominal,0,0.0,194.97,701888.7
111.4,mission_cruise,73.7620900500278,2500.0,43.1189549749861,4307.0,829.2,836.0,838.2,827.9,193.5,193.7,198.0,199.5,4.6,78.6,3.557,4303.6,827.2,835.2,838.2,828.2,192.1,193.6,197.1,198.1,4.59,78.0,3.505,-1.2,0.957,0,nominal,0,0.0,194.97,701888.6
111.5,mission_cruise,73.7609783212896,2500.0,43.1195108393552,4304.7,827.5,834.9,840.5,829.0,191.7,193.1,197.0,198.6,4.63,77.6,3.555,4303.6,827.2,835.2,838.2,828.2,192.1,193.6,197.1,198.1,4.59,78.0,3.505,-1.2,0.957,0,nominal,0,0.0,194.97,701888.5
111.6,mission_cruise,73.75986659255142,2500.0,43.12006670372429,4292.6,827.7,837.4,838.6,825.6,191.8,193.8,196.6,197.2,4.57,76.8,3.503,4303.5,827.1,835.1,838.1,828.1,192.0,193.5,197.0,198.0,4.59,78.0,3.505,-1.2,0.957,0,nominal,0,0.0,194.97,701888.4
111.7,mission_cruise,73.75875486381322,2500.0,43.12062256809339,4304.4,828.1,836.1,835.1,829.3,191.6,193.7,197.6,197.7,4.57,78.7,3.539,4303.5,827.1,835.1,838.1,828.1,192.0,193.5,197.0,198.0,4.59,78.0,3.505,-1.2,0.957,0,nominal,0,0.0,194.97,701888.3
111.8,mission_cruise,73.75764313507504,2500.0,43.12117843246248,4302.8,827.2,835.0,839.3,828.0,192.6,193.0,198.4,198.1,4.58,78.6,3.471,4303.4,827.1,835.1,838.1,828.1,192.0,193.5,197.0,198.0,4.59,78.0,3.505,-1.2,0.957,0,nominal,0,0.0,194.97,701888.2
111.9,mission_cruise,73.75653140633685,2500.0,43.121734296831576,4307.8,829.2,834.9,836.8,830.0,192.2,193.6,198.0,197.6,4.58,77.3,3.52,4303.4,827.1,835.1,838.1,828.1,192.0,193.5,197.0,198.0,4.59,78.0,3.505,-1.2,0.957,0,nominal,0,0.0,194.97,701888.1
112.0,mission_cruise,73.75541967759867,2500.0,43.12229016120067,4307.0,825.2,838.7,838.4,829.8,192.1,193.4,196.9,198.3,4.58,77.6,3.461,4303.4,827.1,835.1,838.1,828.1,192.0,193.5,197.0,198.0,4.59,78.0,3.504,-1.2,0.957,0,nominal,0,0.0,194.97,701888.0
112.1,mission_cruise,73.75430794886047,2500.0,43.122846025569764,4314.3,825.5,838.0,836.2,829.6,192.7,193.3,196.2,197.2,4.6,78.2,3.506,4303.3,827.1,835.1,838.1,828.1,192.0,193.5,197.0,198.0,4.59,78.0,3.504,-1.2,0.957,0,nominal,0,0.0,194.97,701887.9
112.2,mission_cruise,73.75319622012229,2500.0,43.123401889938854,4311.1,828.4,838.7,841.0,830.5,192.5,193.5,197.1,196.5,4.64,77.4,3.538,4303.3,827.1,835.1,838.1,828.1,192.0,193.5,197.0,198.0,4.59,78.0,3.504,-1.2,0.957,0,nominal,0,0.0,194.97,701887.8
112.3,mission_cruise,73.7520844913841,2500.0,43.12395775430795,4304.2,828.2,835.3,838.5,826.2,192.1,193.7,196.6,199.1,4.59,77.7,3.508,4303.3,827.1,835.1,838.1,828.1,192.0,193.5,197.0,198.0,4.59,78.0,3.504,-1.2,0.957,0,nominal,0,0.0,194.97,701887.7
112.4,mission_cruise,73.75097276264592,2500.0,43.12451361867704,4311.5,827.6,833.2,836.2,826.7,192.2,192.7,196.4,198.2,4.59,78.0,3.521,4303.2,827.1,835.1,838.1,828.1,192.0,193.5,197.0,198.0,4.59,78.0,3.504,-1.2,0.957,0,nominal,0,0.0,194.97,701887.6
112.5,mission_cruise,73.74986103390772,2500.0,43.12506948304614,4303.8,827.6,834.7,837.4,829.4,191.6,194.0,196.8,197.2,4.62,78.6,3.481,4303.2,827.1,835.1,838.1,828.1,191.9,193.4,196.9,197.9,4.59,78.0,3.504,-1.2,0.957,0,nominal,0,0.0,194.97,701887.5
112.6,mission_cruise,73.74874930516954,2500.0,43.12562534741523,4296.0,826.6,834.7,837.5,829.1,191.8,193.5,197.3,197.8,4.61,77.7,3.466,4303.2,827.1,835.1,838.1,828.1,191.9,193.4,196.9,197.9,4.59,78.0,3.504,-1.2,0.957,0,nominal,0,0.0,194.97,701887.4
112.7,mission_cruise,73.74763757643134,2500.0,43.12618121178433,4303.8,827.8,837.0,839.5,830.8,192.4,193.7,197.2,198.2,4.58,78.5,3.516,4303.1,827.1,835.1,838.1,828.1,191.9,193.4,196.9,197.9,4.59,78.0,3.504,-1.2,0.957,0,nominal,0,0.0,194.97,701887.3
112.8,mission_cruise,73.74652584769316,2500.0,43.12673707615342,4309.2,827.6,837.4,839.0,831.2,191.1,193.2,197.4,197.9,4.59,77.8,3.468,4303.1,827.1,835.1,838.1,828.1,191.9,193.4,196.9,197.9,4.59,78.0,3.504,-1.2,0.957,0,nominal,0,0.0,194.97,701887.2
112.9,mission_cruise,73.74541411895497,2500.0,43.127292940522516,4306.3,828.5,836.1,834.7,831.9,192.2,192.0,196.0,197.4,4.59,77.3,3.479,4303.1,827.1,835.1,838.1,828.1,191.9,193.4,196.9,197.9,4.59,78.0,3.504,-1.2,0.957,0,nominal,0,0.0,194.97,701887.1
113.0,mission_cruise,73.74430239021679,2500.0,43.127848804891606,4305.0,826.9,835.4,839.3,829.4,192.6,194.3,196.1,197.8,4.6,77.6,3.504,4303.0,827.1,835.1,838.1,828.1,191.9,193.4,196.9,197.9,4.59,78.0,3.504,-1.2,0.957,0,nominal,0,0.0,194.97,701887.0
113.1,mission_cruise,73.7431906614786,2500.0,43.1284046692607,4297.4,829.7,838.1,839.7,825.6,193.1,193.6,196.4,198.3,4.57,78.1,3.526,4303.0,827.1,835.1,838.1,828.1,191.9,193.4,196.9,197.9,4.59,78.0,3.504,-1.2,0.957,0,nominal,0,0.0,194.97,701886.9
113.2,mission_cruise,73.74207893274041,2500.0,43.128960533629794,4291.4,826.6,837.1,838.7,829.1,191.4,192.3,197.1,197.9,4.59,77.9,3.496,4302.9,827.1,835.1,838.1,828.1,191.9,193.4,196.9,197.9,4.59,78.0,3.504,-1.2,0.957,0,nominal,0,0.0,194.97,701886.8
113.3,mission_cruise,73.74096720400222,2500.0,43.12951639799889,4300.5,826.6,832.6,838.4,826.2,191.7,194.0,197.3,197.5,4.56,78.0,3.514,4302.9,827.1,835.1,838.1,828.1,191.9,193.4,196.9,197.9,4.59,78.0,3.504,-1.2,0.957,0,nominal,0,0.0,194.97,701886.7
113.4,mission_cruise,73.73985547526404,2500.0,43.13007226236798,4303.7,825.3,837.4,836.5,829.5,191.9,194.1,197.2,199.0,4.6,78.4,3.475,4302.9,827.1,835.1,838.1,828.1,191.9,193.4,196.9,197.9,4.59,78.0,3.504,-1.2,0.957,0,nominal,0,0.0,194.97,701886.6
113.5,mission_cruise,73.73874374652584,2500.0,43.13062812673708,4308.9,828.3,834.2,838.7,827.5,192.1,193.2,196.0,197.5,4.6,77.8,3.517,4302.8,827.1,835.1,838.1,828.1,191.8,193.3,196.8,197.8,4.59,78.0,3.504,-1.2,0.957,0,nominal,0,0.0,194.97,701886.5
113.6,mission_cruise,73.73763201778766,2500.0,43.13118399110617,4303.6,826.4,834.8,836.5,827.2,192.6,193.3,197.4,197.7,4.62,78.9,3.512,4302.8,827.1,835.1,838.1,828.1,191.8,193.3,196.8,197.8,4.59,78.0,3.504,-1.2,0.957,0,nominal,0,0.0,194.97,701886.4
113.7,mission_cruise,73.73652028904947,2500.0,43.13173985547527,4303.5,824.6,836.2,839.0,827.5,190.9,192.3,197.0,198.1,4.55,77.8,3.494,4302.8,827.1,835.1,838.1,828.1,191.8,193.3,196.8,197.8,4.59,78.0,3.504,-1.2,0.957,0,nominal,0,0.0,194.97,701886.3
113.8,mission_cruise,73.73540856031128,2500.0,43.13229571984436,4302.9,825.6,835.1,837.1,826.7,192.2,191.7,196.7,198.9,4.6,78.0,3.559,4302.7,827.1,835.1,838.1,828.1,191.8,193.3,196.8,197.8,4.59,78.0,3.504,-1.2,0.957,0,nominal,0,0.0,194.97,701886.2
113.9,mission_cruise,73.73429683157309,2500.0,43.132851584213455,4303.3,826.1,835.8,836.2,829.1,192.2,193.7,197.1,197.8,4.59,77.8,3.471,4302.7,827.1,835.1,838.1,828.1,191.8,193.3,196.8,197.8,4.59,78.0,3.504,-1.2,0.957,0,nominal,0,0.0,194.97,701886.1
114.0,mission_cruise,73.73318510283491,2500.0,43.133407448582545,4313.5,827.1,834.9,837.9,827.6,192.4,193.8,196.1,197.4,4.58,77.7,3.512,4302.7,827.1,835.1,838.1,828.1,191.8,193.3,196.8,197.8,4.59,78.0,3.504,-1.2,0.957,0,nominal,0,0.0,194.97,701886.0
114.1,mission_cruise,73.73207337409671,2500.0,43.13396331295164,4301.5,827.4,836.4,838.1,829.6,191.3,193.4,196.1,198.1,4.56,77.6,3.555,4302.6,827.1,835.1,838.1,828.1,191.8,193.3,196.8,197.8,4.59,78.0,3.504,-1.2,0.957,0,nominal,0,0.0,194.97,701885.9
114.2,mission_cruise,73.73096164535853,2500.0,43.13451917732073,4303.3,830.5,835.6,839.1,827.3,192.8,192.7,196.5,198.7,4.59,77.9,3.507,4302.6,827.1,835.1,838.1,828.1,191.8,193.3,196.8,197.8,4.59,78.0,3.504,-1.2,0.957,0,nominal,0,0.0,194.97,701885.8
114.3,mission_cruise,73.72984991662034,2500.0,43.13507504168983,4295.0,828.2,834.2,839.9,829.6,192.0,192.7,197.2,197.9,4.6,78.1,3.448,4302.5,827.1,835.1,838.1,828.1,191.8,193.3,196.8,197.8,4.59,78.0,3.503,-1.2,0.957,0,nominal,0,0.0,194.97,701885.7
114.4,mission_cruise,73.72873818788216,2500.0,43.13563090605892,4308.8,827.2,836.8,837.6,828.0,192.4,192.6,196.5,197.3,4.58,78.1,3.495,4302.5,827.1,835.1,838.1,828.1,191.8,193.3,196.8,197.8,4.59,78.0,3.503,-1.2,0.957,0,nominal,0,0.0,194.97,701885.6
114.5,mission_cruise,73.72762645914396,2500.0,43.13618677042802,4304.6,826.1,832.5,838.5,827.2,192.2,193.4,196.4,197.9,4.56,78.2,3.492,4302.5,827.1,835.1,838.1,828.1,191.8,193.3,196.8,197.8,4.59,78.0,3.503,-1.2,0.957,0,nominal,0,0.0,194.97,701885.5
114.6,mission_cruise,73.72651473040578,2500.0,43.13674263479711,4302.4,826.8,835.3,839.9,829.2,192.5,193.3,195.5,197.6,4.57,77.8,3.581,4302.4,827.1,835.1,838.1,828.1,191.7,193.2,196.7,197.7,4.59,78.0,3.503,-1.2,0.957,0,nominal,0,0.0,194.97,701885.4
114.7,mission_cruise,73.72540300166759,2500.0,43.13729849916621,4297.2,827.3,836.5,838.0,827.9,191.5,192.7,196.6,197.8,4.6,78.0,3.497,4302.4,827.1,835.1,838.1,828.1,191.7,193.2,196.7,197.7,4.59,78.0,3.503,-1.2,0.957,0,nominal,0,0.0,194.97,701885.3
114.8,mission_cruise,73.7242912729294,2500.0,43.1378543635353,4309.4,828.9,838.1,838.1,829.3,192.0,192.7,197.1,198.4,4.63,77.9,3.574,4302.4,827.1,835.1,838.1,828.1,191.7,193.2,196.7,197.7,4.59,78.0,3.503,-1.2,0.957,0,nominal,0,0.0,194.97,701885.2
114.9,mission_cruise,73.72317954419121,2500.0,43.138410227904394,4302.4,826.0,835.7,837.5,826.1,192.5,193.8,196.5,198.5,4.57,78.1,3.542,4302.3,827.1,835.1,838.1,828.1,191.7,193.2,196.7,197.7,4.59,78.0,3.503,-1.2,0.957,0,nominal,0,0.0,194.97,701885.1
115.0,mission_cruise,73.72206781545303,2500.0,43.138966092273485,4309.9,829.1,833.8,838.5,827.8,192.1,192.7,196.8,197.8,4.59,78.0,3.525,4302.3,827.1,835.1,838.1,828.1,191.7,193.2,196.7,197.7,4.59,78.0,3.503,-1.2,0.957,0,nominal,0,0.0,194.97,701885.0
115.1,mission_cruise,73.72095608671484,2500.0,43.13952195664258,4298.9,827.1,833.5,836.6,829.5,191.5,193.8,197.0,197.1,4.61,77.1,3.511,4302.3,827.1,835.1,838.1,828.1,191.7,193.2,196.7,197.7,4.59,78.0,3.503,-1.2,0.957,0,nominal,0,0.0,194.97,701884.9
115.2,mission_cruise,73.71984435797665,2500.0,43.14007782101167,4310.9,826.4,836.2,839.3,828.0,193.1,192.7,197.7,197.8,4.55,78.4,3.461,4302.2,827.1,835.1,838.1,828.1,191.7,193.2,196.7,197.7,4.59,78.0,3.503,-1.2,0.957,0,nominal,0,0.0,194.97,701884.8
115.3,mission_cruise,73.71873262923846,2500.0,43.14063368538077,4305.0,829.0,832.6,840.6,828.5,191.3,192.6,195.9,197.5,4.61,78.2,3.487,4302.2,827.1,835.1,838.1,828.1,191.7,193.2,196.7,197.7,4.59,78.0,3.503,-1.2,0.957,0,nominal,0,0.0,194.97,701884.7
115.4,mission_cruise,73.71762090050028,2500.0,43.14118954974986,4305.6,828.8,836.7,837.3,829.9,191.0,192.8,196.8,197.7,4.64,78.0,3.474,4302.2,827.1,835.1,838.1,828.1,191.7,193.2,196.7,197.7,4.59,78.0,3.503,-1.2,0.957,0,nominal,0,0.0,194.97,701884.6
115.5,mission_cruise,73.71650917176208,2500.0,43.14174541411896,4305.6,827.8,837.2,836.1,826.5,191.7,193.2,195.6,197.9,4.6,78.2,3.512,4302.1,827.1,835.1,838.1,828.1,191.7,193.2,196.7,197.7,4.59,78.0,3.503,-1.2,0.957,0,nominal,0,0.0,194.97,701884.5
115.6,mission_cruise,73.7153974430239,2500.0,43.14230127848805,4308.1,827.5,834.8,839.6,826.7,191.6,193.1,196.9,197.8,4.63,78.3,3.515,4302.1,827.1,835.1,838.1,828.1,191.7,193.2,196.7,197.7,4.59,78.0,3.503,-1.2,0.957,0,nominal,0,0.0,194.97,701884.4
115.7,mission_cruise,73.71428571428571,2500.0,43.142857142857146,4309.3,825.7,835.1,839.5,826.8,192.0,192.9,196.9,197.4,4.55,78.3,3.555,4302.0,827.1,835.1,838.1,828.1,191.7,193.2,196.7,197.7,4.59,78.0,3.503,-1.2,0.957,0,nominal,0,0.0,194.97,701884.3
115.8,mission_cruise,73.71317398554753,2500.0,43.143413007226236,4297.3,826.1,834.2,838.4,826.0,192.5,194.1,196.5,197.9,4.62,77.9,3.496,4302.0,827.1,835.1,838.1,828.1,191.6,193.1,196.6,197.6,4.59,78.0,3.503,-1.2,0.957,0,nominal,0,0.0,194.97,701884.2
115.9,mission_cruise,73.71206225680933,2500.0,43.143968871595334,4306.4,827.4,836.2,838.2,831.5,190.9,193.1,196.0,197.5,4.6,77.8,3.508,4302.0,827.1,835.1,838.1,828.1,191.6,193.1,196.6,197.6,4.59,78.0,3.503,-1.2,0.957,0,nominal,0,0.0,194.97,701884.1
116.0,mission_cruise,73.71095052807115,2500.0,43.144524735964424,4308.0,826.1,835.8,838.2,829.4,191.2,193.3,197.1,196.8,4.58,78.2,3.534,4301.9,827.1,835.1,838.1,828.1,191.6,193.1,196.6,197.6,4.59,78.0,3.503,-1.2,0.957,0,nominal,0,0.0,194.97,701884.0
116.1,mission_cruise,73.70983879933296,2500.0,43.14508060033352,4291.4,828.5,835.8,839.8,827.8,191.5,192.6,196.3,198.0,4.59,78.0,3.498,4301.9,827.1,835.1,838.1,828.1,191.6,193.1,196.6,197.6,4.59,78.0,3.503,-1.2,0.957,0,nominal,0,0.0,194.97,701883.9
116.2,mission_cruise,73.70872707059478,2500.0,43.14563646470261,4304.8,827.9,835.9,836.3,830.1,192.2,192.2,196.7,197.6,4.58,77.8,3.508,4301.9,827.1,835.1,838.1,828.1,191.6,193.1,196.6,197.6,4.59,78.0,3.503,-1.2,0.957,0,nominal,0,0.0,194.97,701883.8
116.3,mission_cruise,73.70761534185658,2500.0,43.14619232907171,4300.3,825.5,835.7,837.4,826.9,191.2,192.9,196.8,196.6,4.61,77.4,3.48,4301.8,827.1,835.1,838.1,828.1,191.6,193.1,196.6,197.6,4.59,78.0,3.503,-1.2,0.957,0,nominal,0,0.0,194.97,701883.7
116.4,mission_cruise,73.7065036131184,2500.0,43.1467481934408,4301.3,828.9,832.5,837.7,829.4,191.6,192.2,195.6,198.1,4.59,77.9,3.461,4301.8,827.1,835.1,838.1,828.1,191.6,193.1,196.6,197.6,4.59,78.0,3.503,-1.2,0.957,0,nominal,0,0.0,194.97,701883.6
116.5,mission_cruise,73.7053918843802,2500.0,43.1473040578099,4301.2,827.9,836.4,839.9,826.3,192.7,194.5,196.3,197.2,4.61,78.2,3.525,4301.8,827.1,835.1,838.1,828.1,191.6,193.1,196.6,197.6,4.59,78.0,3.503,-1.2,0.957,0,nominal,0,0.0,194.97,701883.5
116.6,mission_cruise,73.70428015564202,2500.0,43.14785992217899,4287.4,826.4,835.1,837.9,828.4,192.6,193.2,196.4,197.2,4.55,76.9,3.511,4301.7,827.1,835.1,838.1,828.1,191.6,193.1,196.6,197.6,4.59,78.0,3.502,-1.2,0.957,0,nominal,0,0.0,194.97,701883.4
116.7,mission_cruise,73.70316842690383,2500.0,43.148415786548085,4306.0,824.6,836.0,839.2,827.9,191.6,193.8,196.5,198.1,4.59,77.5,3.491,4301.7,827.1,835.1,838.1,828.1,191.6,193.1,196.6,197.6,4.59,78.0,3.502,-1.2,0.957,0,nominal,0,0.0,194.97,701883.3
116.8,mission_cruise,73.70205669816565,2500.0,43.148971650917176,4296.5,827.1,833.3,838.7,829.7,191.8,192.4,196.8,198.1,4.58,77.5,3.519,4301.7,827.0,835.0,838.0,828.0,191.6,193.1,196.6,197.6,4.59,78.0,3.502,-1.2,0.957,0,nominal,0,0.0,194.97,701883.2
116.9,mission_cruise,73.70094496942745,2500.0,43.14952751528627,4303.5,826.8,834.0,837.3,829.0,192.2,193.6,195.7,196.5,4.59,77.8,3.515,4301.6,827.0,835.0,838.0,828.0,191.6,193.1,196.6,197.6,4.59,78.0,3.502,-1.2,0.957,0,nominal,0,0.0,194.97,701883.1
117.0,mission_cruise,73.69983324068927,2500.0,43.150083379655364,4307.2,828.0,833.9,838.3,829.4,191.0,192.4,196.2,197.6,4.64,78.1,3.511,4301.6,827.0,835.0,838.0,828.0,191.6,193.1,196.6,197.6,4.59,78.0,3.502,-1.2,0.957,0,nominal,0,0.0,194.97,701883.0
117.1,mission_cruise,73.69872151195108,2500.0,43.15063924402446,4306.3,830.9,834.8,838.5,825.5,192.1,194.0,196.3,198.6,4.56,77.5,3.475,4301.5,827.0,835.0,838.0,828.0,191.5,193.0,196.5,197.5,4.59,78.0,3.502,-1.2,0.957,0,nominal,0,0.0,194.97,701882.9
117.2,mission_cruise,73.6976097832129,2500.0,43.15119510839355,4306.4,827.3,836.7,837.5,828.5,192.4,192.5,196.1,198.1,4.57,78.4,3.489,4301.5,827.0,835.0,838.0,828.0,191.5,193.0,196.5,197.5,4.59,78.0,3.502,-1.2,0.957,0,nominal,0,0.0,194.97,701882.8
117.3,mission_cruise,73.6964980544747,2500.0,43.15175097276265,4304.6,828.4,835.0,836.9,828.2,192.3,193.5,197.3,197.5,4.6,78.0,3.532,4301.5,827.0,835.0,838.0,828.0,191.5,193.0,196.5,197.5,4.59,78.0,3.502,-1.2,0.957,0,nominal,0,0.0,194.97,701882.7
117.4,mission_cruise,73.69538632573652,2500.0,43.15230683713174,4309.2,826.7,836.1,838.6,825.9,191.5,192.7,196.4,197.4,4.56,78.0,3.513,4301.4,827.0,835.0,838.0,828.0,191.5,193.0,196.5,197.5,4.59,78.0,3.502,-1.2,0.957,0,nominal,0,0.0,194.97,701882.6
117.5,mission_cruise,73.69427459699833,2500.0,43.15286270150084,4304.4,829.1,838.1,837.3,826.9,190.7,193.0,195.7,197.8,4.58,78.1,3.469,4301.4,827.0,835.0,838.0,828.0,191.5,193.0,196.5,197.5,4.59,78.0,3.502,-1.2,0.957,0,nominal,0,0.0,194.97,701882.5
117.6,mission_cruise,73.69316286826015,2500.0,43.15341856586993,4308.2,825.3,834.1,837.1,826.1,191.5,193.5,196.1,197.8,4.59,79.0,3.53,4301.4,827.0,835.0,838.0,828.0,191.5,193.0,196.5,197.5,4.59,78.0,3.502,-1.2,0.957,0,nominal,0,0.0,194.97,701882.4
117.7,mission_cruise,73.69205113952195,2500.0,43.153974430239025,4307.0,826.8,834.2,838.4,826.7,191.0,192.9,195.8,197.5,4.58,79.0,3.503,4301.3,827.0,835.0,838.0,828.0,191.5,193.0,196.5,197.5,4.59,78.0,3.502,-1.2,0.957,0,nominal,0,0.0,194.97,701882.3
117.8,mission_cruise,73.69093941078377,2500.0,43.154530294608115,4295.9,828.3,834.2,840.6,829.1,190.5,193.8,195.7,197.3,4.63,77.8,3.511,4301.3,827.0,835.0,838.0,828.0,191.5,193.0,196.5,197.5,4.59,78.0,3.502,-1.2,0.957,0,nominal,0,0.0,194.97,701882.2
117.9,mission_cruise,73.68982768204557,2500.0,43.15508615897721,4311.3,828.4,837.9,838.8,827.1,192.0,193.6,196.2,198.7,4.59,79.2,3.45,4301.3,827.0,835.0,838.0,828.0,191.5,193.0,196.5,197.5,4.59,78.0,3.502,-1.2,0.957,0,nominal,0,0.0,194.97,701882.1
118.0,mission_cruise,73.6887159533074,2500.0,43.1556420233463,4300.7,825.1,834.0,839.0,828.8,191.0,192.9,196.4,197.2,4.64,77.3,3.484,4301.2,827.0,835.0,838.0,828.0,191.5,193.0,196.5,197.5,4.59,78.0,3.502,-1.2,0.957,0,nominal,0,0.0,194.97,701882.0
118.1,mission_cruise,73.6876042245692,2500.0,43.1561978877154,4303.1,825.9,835.4,838.1,828.2,191.2,194.2,196.3,197.0,4.6,77.8,3.511,4301.2,827.0,835.0,838.0,828.0,191.5,193.0,196.5,197.5,4.59,78.0,3.502,-1.2,0.957,0,nominal,0,0.0,194.97,701881.9
118.2,mission_cruise,73.68649249583102,2500.0,43.15675375208449,4287.1,826.3,833.4,837.7,826.5,191.1,193.0,196.7,197.8,4.62,78.3,3.528,4301.2,827.0,835.0,838.0,828.0,191.5,193.0,196.5,197.5,4.59,78.0,3.502,-1.2,0.957,0,nominal,0,0.0,194.97,701881.8
118.3,mission_cruise,73.68538076709282,2500.0,43.15730961645359,4295.7,826.4,834.6,839.6,828.4,190.7,194.3,195.9,197.2,4.57,77.5,3.498,4301.1,827.0,835.0,838.0,828.0,191.5,193.0,196.5,197.5,4.59,78.0,3.502,-1.2,0.957,0,nominal,0,0.0,194.97,701881.7
118.4,mission_cruise,73.68426903835464,2500.0,43.15786548082268,4295.8,826.8,836.5,836.6,828.0,190.4,193.6,197.1,197.8,4.62,77.9,3.482,4301.1,827.0,835.0,838.0,828.0,191.5,193.0,196.5,197.5,4.59,78.0,3.502,-1.2,0.957,0,nominal,0,0.0,194.97,701881.6
118.5,mission_cruise,73.68315730961645,2500.0,43.158421345191776,4305.9,826.5,835.2,836.5,827.8,191.7,192.2,196.2,198.1,4.59,77.7,3.489,4301.0,827.0,835.0,838.0,828.0,191.4,192.9,196.4,197.4,4.59,78.0,3.502,-1.2,0.957,0,nominal,0,0.0,194.97,701881.5
118.6,mission_cruise,73.68204558087827,2500.0,43.15897720956087,4305.1,828.6,835.9,839.8,826.0,191.8,192.6,196.6,197.4,4.53,78.5,3.494,4301.0,827.0,835.0,838.0,828.0,191.4,192.9,196.4,197.4,4.59,78.0,3.502,-1.2,0.957,0,nominal,0,0.0,194.97,701881.4
118.7,mission_cruise,73.68093385214007,2500.0,43.159533073929964,4301.1,827.1,835.1,838.9,826.0,191.5,192.1,196.2,197.5,4.57,77.8,3.442,4301.0,827.0,835.0,838.0,828.0,191.4,192.9,196.4,197.4,4.59,78.0,3.502,-1.2,0.957,0,nominal,0,0.0,194.97,701881.3
118.8,mission_cruise,73.67982212340189,2500.0,43.160088938299054,4292.3,827.3,835.1,835.1,829.2,191.9,193.7,196.5,197.8,4.62,78.5,3.488,4300.9,827.0,835.0,838.0,828.0,191.4,192.9,196.4,197.4,4.59,78.0,3.502,-1.2,0.957,0,nominal,0,0.0,194.97,701881.2
118.9,mission_cruise,73.6787103946637,2500.0,43.16064480266815,4300.6,826.6,833.8,838.3,827.8,191.4,193.8,195.4,197.6,4.58,78.2,3.474,4300.9,827.0,835.0,838.0,828.0,191.4,192.9,196.4,197.4,4.59,78.0,3.501,-1.2,0.957,0,nominal,0,0.0,194.97,701881.1
119.0,mission_cruise,73.67759866592552,2500.0,43.16120066703724,4309.1,827.6,836.1,836.2,828.5,190.4,192.6,196.8,197.2,4.58,78.0,3.46,4300.9,827.0,835.0,838.0,828.0,191.4,192.9,196.4,197.4,4.59,78.0,3.501,-1.2,0.957,0,nominal,0,0.0,194.97,701881.0
119.1,mission_cruise,73.67648693718732,2500.0,43.16175653140634,4300.7,828.5,835.4,835.6,826.9,192.4,193.8,197.7,197.3,4.58,78.2,3.505,4300.8,827.0,835.0,838.0,828.0,191.4,192.9,196.4,197.4,4.59,78.0,3.501,-1.2,0.957,0,nominal,0,0.0,194.97,701880.9
119.2,mission_cruise,73.67537520844914,2500.0,43.16231239577543,4299.5,826.5,835.5,839.1,827.2,191.9,194.7,196.3,198.0,4.59,78.5,3.493,4300.8,827.0,835.0,838.0,828.0,191.4,192.9,196.4,197.4,4.59,78.0,3.501,-1.2,0.957,0,nominal,0,0.0,194.97,701880.8
119.3,mission_cruise,73.67426347971094,2500.0,43.16286826014453,4303.1,825.9,835.5,835.7,826.0,190.5,192.8,196.5,197.7,4.61,78.0,3.522,4300.8,827.0,835.0,838.0,828.0,191.4,192.9,196.4,197.4,4.59,78.0,3.501,-1.2,0.957,0,nominal,0,0.0,194.97,701880.7
119.4,mission_cruise,73.67315175097276,2500.0,43.16342412451362,4299.4,825.1,835.2,835.7,829.1,191.9,192.8,196.7,196.9,4.59,78.3,3.543,4300.7,827.0,835.0,838.0,828.0,191.4,192.9,196.4,197.4,4.59,78.0,3.501,-1.2,0.957,0,nominal,0,0.0,194.97,701880.6
119.5,mission_cruise,73.67204002223457,2500.0,43.163979988882716,4306.4,825.6,834.0,836.0,826.5,191.3,193.0,196.5,197.4,4.62,76.8,3.486,4300.7,827.0,835.0,838.0,828.0,191.4,192.9,196.4,197.4,4.59,78.0,3.501,-1.2,0.957,0,nominal,0,0.0,194.97,701880.5
119.6,mission_cruise,73.67092829349639,2500.0,43.164535853251806,4292.7,827.9,836.1,839.6,827.2,191.1,191.7,196.6,198.0,4.58,77.9,3.513,4300.7,827.0,835.0,838.0,828.0,191.4,192.9,196.4,197.4,4.59,78.0,3.501,-1.2,0.957,0,nominal,0,0.0,194.97,701880.4
119.7,mission_cruise,73.6698165647582,2500.0,43.1650917176209,4308.1,828.1,835.3,838.5,826.2,191.3,193.6,195.4,196.2,4.61,77.9,3.516,4300.6,827.0,835.0,838.0,828.0,191.4,192.9,196.4,197.4,4.59,78.0,3.501,-1.2,0.957,0,nominal,0,0.0,194.97,701880.3
119.8,mission_cruise,73.66870483602001,2500.0,43.165647581989994,4300.1,826.6,834.0,836.4,826.2,191.9,194.3,195.7,196.2,4.57,78.4,3.513,4300.6,827.0,835.0,838.0,828.0,191.4,192.9,196.4,197.4,4.59,78.0,3.501,-1.2,0.957,0,nominal,0,0.0,194.97,701880.2
119.9,mission_cruise,73.66759310728182,2500.0,43.16620344635909,4291.5,827.0,834.2,838.7,829.9,192.5,192.0,195.5,197.5,4.56,77.2,3.469,4300.5,827.0,835.0,838.0,828.0,191.4,192.9,196.4,197.4,4.59,78.0,3.501,-1.2,0.957,0,nominal,0,0.0,194.97,701880.1
120.0,mission_cruise,73.66648137854364,2500.0,43.16675931072818,4301.8,825.8,836.2,836.9,829.4,191.0,193.7,196.2,196.5,4.56,77.0,3.533,4300.5,827.0,835.0,838.0,828.0,191.4,192.9,196.4,197.4,4.59,78.0,3.501,-1.2,0.957,0,nominal,0,0.0,194.97,701880.0
120.1,mission_cruise,73.66536964980544,2500.0,43.16731517509728,4297.8,829.4,834.7,839.1,829.0,191.1,192.7,196.1,198.6,4.61,77.8,3.482,4300.5,827.0,835.0,838.0,828.0,191.4,192.9,196.4,197.4,4.59,78.0,3.501,-1.2,0.957,0,nominal,0,0.0,194.97,701879.9
120.2,mission_cruise,73.66425792106726,2500.0,43.16787103946637,4304.6,825.9,835.3,840.6,828.5,191.2,191.8,196.5,196.6,4.55,78.1,3.527,4300.4,827.0,835.0,838.0,828.0,191.3,192.8,196.3,197.3,4.59,78.0,3.501,-1.2,0.957,0,nominal,0,0.0,194.97,701879.8
120.3,mission_cruise,73.66314619232907,2500.0,43.16842690383547,4287.9,827.2,837.8,838.7,828.7,191.1,193.0,197.2,197.3,4.57,78.2,3.543,4300.4,827.0,835.0,838.0,828.0,191.3,192.8,196.3,197.3,4.59,78.0,3.501,-1.2,0.957,0,nominal,0,0.0,194.97,701879.7
120.4,mission_cruise,73.66203446359089,2500.0,43.16898276820456,4300.6,824.9,835.0,838.1,827.0,190.8,193.1,196.1,197.9,4.58,77.9,3.511,4300.4,827.0,835.0,838.0,828.0,191.3,192.8,196.3,197.3,4.59,78.0,3.501,-1.2,0.957,0,nominal,0,0.0,194.97,701879.6
120.5,mission_cruise,73.66092273485269,2500.0,43.169538632573655,4301.9,826.9,834.0,838.3,828.4,190.3,194.1,195.8,197.9,4.62,78.2,3.543,4300.3,827.0,835.0,838.0,828.0,191.3,192.8,196.3,197.3,4.59,78.0,3.501,-1.2,0.957,0,nominal,0,0.0,194.97,701879.5
120.6,mission_cruise,73.65981100611451,2500.0,43.170094496942745,4310.8,828.6,835.3,837.9,829.3,192.0,193.1,196.4,197.8,4.6,78.1,3.486,4300.3,827.0,835.0,838.0,828.0,191.3,192.8,196.3,197.3,4.59,78.0,3.501,-1.2,0.957,0,nominal,0,0.0,194.97,701879.4
120.7,mission_cruise,73.65869927737631,2500.0,43.17065036131184,4298.7,827.2,836.1,838.2,827.0,190.1,192.7,196.1,196.7,4.63,77.6,3.471,4300.3,827.0,835.0,838.0,828.0,191.3,192.8,196.3,197.3,4.59,78.0,3.501,-1.2,0.957,0,nominal,0,0.0,194.97,701879.3
120.8,mission_cruise,73.65758754863813,2500.0,43.17120622568093,4300.8,828.3,834.6,838.8,826.3,191.9,193.6,197.4,197.0,4.57,78.1,3.493,4300.2,827.0,835.0,838.0,828.0,191.3,192.8,196.3,197.3,4.59,78.0,3.501,-1.2,0.957,0,nominal,0,0.0,194.97,701879.2
120.9,mission_cruise,73.65647581989994,2500.0,43.17176209005003,4280.2,825.6,832.6,837.5,829.3,190.8,193.8,196.9,196.8,4.61,77.4,3.511,4300.2,827.0,835.0,838.0,828.0,191.3,192.8,196.3,197.3,4.59,78.0,3.501,-1.2,0.957,0,nominal,0,0.0,194.97,701879.1
121.0,mission_cruise,73.65536409116176,2500.0,43.17231795441912,4303.4,826.6,837.9,834.7,828.8,191.9,192.9,197.2,197.4,4.61,77.8,3.435,4300.1,827.0,835.0,838.0,828.0,191.3,192.8,196.3,197.3,4.59,78.0,3.501,-1.2,0.957,0,nominal,0,0.0,194.97,701879.0
121.1,mission_cruise,73.65425236242356,2500.0,43.17287381878822,4300.8,825.6,832.7,838.2,825.9,190.7,193.5,197.2,197.5,4.62,78.7,3.468,4300.1,827.0,835.0,838.0,828.0,191.3,192.8,196.3,197.3,4.59,78.0,3.5,-1.2,0.957,0,nominal,0,0.0,194.97,701878.9
121.2,mission_cruise,73.65314063368538,2500.0,43.17342968315731,4299.7,828.2,837.4,836.2,829.1,191.1,193.2,196.3,197.2,4.54,78.5,3.453,4300.1,827.0,835.0,838.0,828.0,191.3,192.8,196.3,197.3,4.59,78.0,3.5,-1.2,0.957,0,nominal,0,0.0,194.97,701878.8
121.3,mission_cruise,73.65202890494719,2500.0,43.17398554752641,4304.5,826.4,836.1,838.8,829.2,191.4,192.5,195.9,198.1,4.62,77.6,3.511,4300.0,827.0,835.0,838.0,828.0,191.3,192.8,196.3,197.3,4.59,78.0,3.5,-1.2,0.957,0,nominal,0,0.0,194.97,701878.7
121.4,mission_cruise,73.650917176209,2500.0,43.1745414118955,4305.3,825.4,833.0,837.6,829.2,192.8,192.8,196.9,197.5,4.59,77.4,3.535,4300.0,827.0,835.0,838.0,828.0,191.3,192.8,196.3,197.3,4.59,78.0,3.5,-1.2,0.957,0,nominal,0,0.0,194.97,701878.6
121.5,mission_cruise,73.64980544747081,2500.0,43.175097276264594,4292.4,826.4,834.0,837.4,830.8,191.2,192.9,196.4,197.5,4.57,77.6,3.513,4300.0,827.0,835.0,838.0,828.0,191.3,192.8,196.3,197.3,4.59,78.0,3.5,-1.2,0.957,0,nominal,0,0.0,194.97,701878.5
121.6,mission_cruise,73.64869371873263,2500.0,43.175653140633685,4307.1,826.9,834.3,838.0,832.4,191.5,193.6,196.2,196.8,4.57,78.2,3.487,4299.9,827.0,835.0,838.0,828.0,191.3,192.8,196.3,197.3,4.59,78.0,3.5,-1.2,0.957,0,nominal,0,0.0,194.97,701878.4
121.7,mission_cruise,73.64758198999444,2500.0,43.17620900500278,4302.1,826.8,835.9,836.7,828.2,191.2,193.1,196.7,197.0,4.58,77.7,3.479,4299.9,827.0,835.0,838.0,828.0,191.3,192.8,196.3,197.3,4.59,78.0,3.5,-1.2,0.957,0,nominal,0,0.0,194.97,701878.3
121.8,mission_cruise,73.64647026125625,2500.0,43.17676486937187,4298.6,825.5,834.5,838.2,826.1,190.5,192.0,195.9,196.3,4.57,78.3,3.509,4299.9,827.0,835.0,838.0,828.0,191.3,192.8,196.3,197.3,4.59,78.0,3.5,-1.2,0.957,0,nominal,0,0.0,194.97,701878.2
121.9,mission_cruise,73.64535853251806,2500.0,43.17732073374097,4300.2,825.5,836.4,839.1,828.9,191.9,193.7,196.7,198.2,4.59,78.0,3.476,4299.8,827.0,835.0,838.0,828.0,191.3,192.8,196.3,197.3,4.59,78.0,3.5,-1.2,0.957,0,nominal,0,0.0,194.97,701878.1
122.0,mission_cruise,73.64424680377988,2500.0,43.17787659811006,4309.9,826.6,834.8,838.5,827.8,191.9,192.6,197.2,197.8,4.6,78.1,3.543,4299.8,826.9,834.9,837.9,827.9,191.3,192.8,196.3,197.3,4.59,78.0,3.5,-1.2,0.957,0,nominal,0,0.0,194.97,701878.0
122.1,mission_cruise,73.64313507504168,2500.0,43.17843246247916,4312.1,828.2,836.4,835.9,827.4,191.0,191.9,196.9,197.1,4.57,78.0,3.51,4299.8,826.9,834.9,837.9,827.9,191.2,192.7,196.2,197.2,4.59,78.0,3.5,-1.2,0.957,0,nominal,0,0.0,194.97,701877.9
122.2,mission_cruise,73.6420233463035,2500.0,43.17898832684825,4303.6,825.7,833.9,838.1,827.0,191.5,193.2,195.8,198.1,4.61,78.3,3.577,4299.7,826.9,834.9,837.9,827.9,191.2,192.7,196.2,197.2,4.59,78.0,3.5,-1.2,0.957,0,nominal,0,0.0,194.97,701877.8
122.3,mission_cruise,73.64091161756531,2500.0,43.179544191217346,4298.1,828.2,833.9,838.9,828.1,192.1,191.8,196.2,197.6,4.59,78.2,3.46,4299.7,826.9,834.9,837.9,827.9,191.2,192.7,196.2,197.2,4.59,78.0,3.5,-1.2,0.957,0,nominal,0,0.0,194.97,701877.7
122.4,mission_cruise,73.63979988882713,2500.0,43.180100055586436,4306.0,825.9,834.4,841.2,824.3,190.4,192.2,197.6,197.0,4.54,78.5,3.486,4299.6,826.9,834.9,837.9,827.9,191.2,192.7,196.2,197.2,4.59,78.0,3.5,-1.2,0.957,0,nominal,0,0.0,194.97,701877.6
122.5,mission_cruise,73.63868816008893,2500.0,43.180655919955534,4298.8,826.3,835.1,839.5,827.9,190.4,192.3,196.2,196.7,4.56,78.5,3.546,4299.6,826.9,834.9,837.9,827.9,191.2,192.7,196.2,197.2,4.59,78.0,3.5,-1.2,0.957,0,nominal,0,0.0,194.97,701877.5
122.6,mission_cruise,73.63757643135075,2500.0,43.181211784324624,4296.1,828.7,835.7,837.6,828.1,189.9,192.6,196.2,196.7,4.6,78.7,3.515,4299.6,826.9,834.9,837.9,827.9,191.2,192.7,196.2,197.2,4.59,78.0,3.5,-1.2,0.957,0,nominal,0,0.0,194.97,701877.4
122.7,mission_cruise,73.63646470261256,2500.0,43.18176764869372,4304.5,827.8,835.0,838.9,827.9,191.3,193.1,195.5,197.2,4.58,77.7,3.529,4299.5,826.9,834.9,837.9,827.9,191.2,192.7,196.2,197.2,4.59,78.0,3.5,-1.2,0.957,0,nominal,0,0.0,194.97,701877.3
122.8,mission_cruise,73.63535297387438,2500.0,43.18232351306281,4291.8,826.8,836.8,840.7,830.2,190.2,192.3,196.8,197.0,4.55,78.4,3.544,4299.5,826.9,834.9,837.9,827.9,191.2,192.7,196.2,197.2,4.59,78.0,3.5,-1.2,0.957,0,nominal,0,0.0,194.97,701877.2
122.9,mission_cruise,73.63424124513618,2500.0,43.18287937743191,4308.1,826.5,838.5,840.6,829.7,191.5,193.3,195.6,196.3,4.62,77.9,3.468,4299.5,826.9,834.9,837.9,827.9,191.2,192.7,196.2,197.2,4.59,78.0,3.5,-1.2,0.957,0,nominal,0,0.0,194.97,701877.1
123.0,mission_cruise,73.633129516398,2500.0,43.183435241801,4302.1,825.6,837.9,836.5,827.2,191.7,193.7,197.6,197.3,4.6,77.6,3.441,4299.4,826.9,834.9,837.9,827.9,191.2,192.7,196.2,197.2,4.59,78.0,3.5,-1.2,0.957,0,nominal,0,0.0,194.97,701877.0
123.1,mission_cruise,73.6320177876598,2500.0,43.1839911061701,4298.0,824.8,834.5,836.3,828.7,191.1,192.7,195.5,196.8,4.6,78.0,3.497,4299.4,826.9,834.9,837.9,827.9,191.2,192.7,196.2,197.2,4.59,78.0,3.5,-1.2,0.957,0,nominal,0,0.0,194.97,701876.9
123.2,mission_cruise,73.63090605892162,2500.0,43.18454697053919,4295.4,824.9,833.5,836.6,827.4,190.1,193.3,195.0,197.4,4.61,78.0,3.494,4299.4,826.9,834.9,837.9,827.9,191.2,192.7,196.2,197.2,4.59,78.0,3.5,-1.2,0.957,0,nominal,0,0.0,194.97,701876.8
123.3,mission_cruise,73.62979433018343,2500.0,43.185102834908285,4308.8,827.0,835.6,836.0,827.3,191.0,192.6,195.8,198.5,4.6,78.5,3.494,4299.3,826.9,834.9,837.9,827.9,191.2,192.7,196.2,197.2,4.59,78.0,3.5,-1.2,0.957,0,nominal,0,0.0,194.97,701876.7
123.4,mission_cruise,73.62868260144525,2500.0,43.185658699277376,4288.2,824.2,836.3,838.1,827.2,191.5,193.0,196.5,197.5,4.63,77.7,3.5,4299.3,826.9,834.9,837.9,827.9,191.2,192.7,196.2,197.2,4.59,78.0,3.499,-1.2,0.957,0,nominal,0,0.0,194.97,701876.6
123.5,mission_cruise,73.62757087270705,2500.0,43.18621456364647,4309.8,825.8,836.6,838.0,827.9,190.9,193.4,195.8,196.9,4.62,78.0,3.5,4299.3,826.9,834.9,837.9,827.9,191.2,192.7,196.2,197.2,4.59,78.0,3.499,-1.2,0.957,0,nominal,0,0.0,194.97,701876.5
123.6,mission_cruise,73.62645914396887,2500.0,43.18677042801556,4295.5,826.0,834.2,837.3,827.4,191.1,193.3,196.4,197.4,4.59,78.1,3.502,4299.2,826.9,834.9,837.9,827.9,191.2,192.7,196.2,197.2,4.59,78.0,3.499,-1.2,0.957,0,nominal,0,0.0,194.97,701876.4
123.7,mission_cruise,73.62534741523068,2500.0,43.18732629238466,4300.8,828.2,834.2,836.6,828.3,190.8,193.1,195.8,197.3,4.6,77.5,3.472,4299.2,826.9,834.9,837.9,827.9,191.2,192.7,196.2,197.2,4.59,78.0,3.499,-1.2,0.957,0,nominal,0,0.0,194.97,701876.3
123.8,mission_cruise,73.6242356864925,2500.0,43.18788215675375,4292.9,827.4,833.8,836.1,827.0,191.2,192.0,196.3,196.9,4.62,78.4,3.506,4299.1,826.9,834.9,837.9,827.9,191.2,192.7,196.2,197.2,4.59,78.0,3.499,-1.2,0.957,0,nominal,0,0.0,194.97,701876.2
123.9,mission_cruise,73.6231239577543,2500.0,43.18843802112285,4298.1,828.3,835.2,840.6,830.0,190.6,192.6,196.5,197.0,4.6,77.5,3.495,4299.1,826.9,834.9,837.9,827.9,191.2,192.7,196.2,197.2,4.59,78.0,3.499,-1.2,0.957,0,nominal,0,0.0,194.97,701876.1
124.0,mission_cruise,73.62201222901612,2500.0,43.18899388549194,4298.1,825.4,835.6,839.2,828.5,191.3,192.4,195.5,196.1,4.62,77.5,3.492,4299.1,826.9,834.9,837.9,827.9,191.2,192.7,196.2,197.2,4.59,78.0,3.499,-1.2,0.957,0,nominal,0,0.0,194.97,701876.0
124.1,mission_cruise,73.62090050027793,2500.0,43.18954974986104,4296.7,825.3,835.6,838.6,827.4,191.3,192.3,195.9,197.6,4.59,78.3,3.451,4299.0,826.9,834.9,837.9,827.9,191.2,192.7,196.2,197.2,4.59,78.0,3.499,-1.2,0.957,0,nominal,0,0.0,194.97,701875.9
124.2,mission_cruise,73.61978877153975,2500.0,43.19010561423013,4298.1,824.6,836.3,837.2,827.7,191.1,193.4,197.1,197.4,4.61,76.9,3.557,4299.0,826.9,834.9,837.9,827.9,191.1,192.6,196.1,197.1,4.59,78.0,3.499,-1.2,0.957,0,nominal,0,0.0,194.97,701875.8
124.3,mission_cruise,73.61867704280155,2500.0,43.190661478599225,4297.8,827.3,836.2,838.9,828.7,191.2,192.0,195.8,197.7,4.63,78.0,3.473,4299.0,826.9,834.9,837.9,827.9,191.1,192.6,196.1,197.1,4.59,78.0,3.499,-1.2,0.957,0,nominal,0,0.0,194.97,701875.7
124.4,mission_cruise,73.61756531406337,2500.0,43.191217342968315,4303.2,827.4,834.9,836.4,827.5,190.7,192.0,196.6,195.9,4.57,77.5,3.525,4298.9,826.9,834.9,837.9,827.9,191.1,192.6,196.1,197.1,4.59,78.0,3.499,-1.2,0.957,0,nominal,0,0.0,194.97,701875.6
124.5,mission_cruise,73.61645358532517,2500.0,43.19177320733741,4300.6,826.2,834.7,838.4,829.4,191.5,193.1,195.7,197.1,4.61,77.3,3.453,4298.9,826.9,834.9,837.9,827.9,191.1,192.6,196.1,197.1,4.59,78.0,3.499,-1.2,0.957,0,nominal,0,0.0,194.97,701875.5
124.6,mission_cruise,73.615341856587,2500.0,43.1923290717065,4300.6,827.8,834.6,837.3,826.4,191.3,192.2,196.2,196.5,4.6,77.7,3.504,4298.9,826.9,834.9,837.9,827.9,191.1,192.6,196.1,197.1,4.59,78.0,3.499,-1.2,0.957,0,nominal,0,0.0,194.97,701875.4
124.7,mission_cruise,73.6142301278488,2500.0,43.1928849360756,4296.7,825.5,834.7,837.9,828.9,190.7,192.2,196.1,198.1,4.62,77.6,3.545,4298.8,826.9,834.9,837.9,827.9,191.1,192.6,196.1,197.1,4.59,78.0,3.499,-1.2,0.957,0,nominal,0,0.0,194.97,701875.3
124.8,mission_cruise,73.61311839911062,2500.0,43.19344080044469,4294.3,828.0,836.5,837.4,825.9,190.7,192.4,195.5,197.3,4.58,78.3,3.503,4298.8,826.9,834.9,837.9,827.9,191.1,192.6,196.1,197.1,4.59,78.0,3.499,-1.2,0.957,0,nominal,0,0.0,194.97,701875.2
124.9,mission_cruise,73.61200667037242,2500.0,43.19399666481379,4294.2,824.8,833.4,839.8,828.0,190.5,191.7,196.1,196.4,4.59,78.0,3.505,4298.8,826.9,834.9,837.9,827.9,191.1,192.6,196.1,197.1,4.59,78.0,3.499,-1.2,0.957,0,nominal,0,0.0,194.97,701875.1
125.0,mission_cruise,73.61089494163424,2500.0,43.19455252918288,4297.1,826.6,834.2,837.5,826.2,192.4,193.3,195.9,197.0,4.61,77.9,3.48,4298.7,826.9,834.9,837.9,827.9,191.1,192.6,196.1,197.1,4.59,78.0,3.499,-1.2,0.957,0,nominal,0,0.0,194.97,701875.0
125.1,mission_cruise,73.60978321289605,2500.0,43.195108393551976,4297.4,827.3,833.0,839.9,826.4,191.5,193.3,195.2,198.4,4.59,77.9,3.515,4298.7,826.9,834.9,837.9,827.9,191.1,192.6,196.1,197.1,4.59,78.0,3.499,-1.2,0.957,0,nominal,0,0.0,194.97,701874.9
125.2,mission_cruise,73.60867148415787,2500.0,43.19566425792107,4305.8,826.2,835.9,838.4,828.0,192.0,191.6,196.0,197.6,4.58,78.9,3.543,4298.6,826.9,834.9,837.9,827.9,191.1,192.6,196.1,197.1,4.59,78.0,3.499,-1.2,0.957,0,nominal,0,0.0,194.97,701874.8
125.3,mission_cruise,73.60755975541967,2500.0,43.196220122290164,4299.1,830.1,834.8,837.3,827.9,190.7,192.3,196.7,196.8,4.6,78.5,3.491,4298.6,826.9,834.9,837.9,827.9,191.1,192.6,196.1,197.1,4.59,78.0,3.499,-1.2,0.957,0,nominal,0,0.0,194.97,701874.7
125.4,mission_cruise,73.60644802668149,2500.0,43.196775986659254,4302.1,825.0,835.6,839.3,825.5,190.5,194.2,196.4,196.7,4.62,77.7,3.453,4298.6,826.9,834.9,837.9,827.9,191.1,192.6,196.1,197.1,4.59,78.0,3.499,-1.2,0.957,0,nominal,0,0.0,194.97,701874.6
125.5,mission_cruise,73.6053362979433,2500.0,43.19733185102835,4305.6,826.2,835.6,838.0,830.0,190.9,192.0,194.7,198.1,4.6,78.1,3.508,4298.5,826.9,834.9,837.9,827.9,191.1,192.6,196.1,197.1,4.59,78.0,3.499,-1.2,0.957,0,nominal,0,0.0,194.97,701874.5
125.6,mission_cruise,73.60422456920512,2500.0,43.19788771539744,4303.9,827.2,835.1,836.8,829.3,190.9,193.4,195.4,196.9,4.59,78.4,3.482,4298.5,826.9,834.9,837.9,827.9,191.1,192.6,196.1,197.1,4.59,78.0,3.499,-1.2,0.957,0,nominal,0,0.0,194.97,701874.4
125.7,mission_cruise,73.60311284046692,2500.0,43.19844357976654,4307.9,826.4,835.0,837.7,826.8,191.2,192.6,196.4,198.0,4.56,78.5,3.467,4298.5,826.9,834.9,837.9,827.9,191.1,192.6,196.1,197.1,4.59,78.0,3.498,-1.2,0.957,0,nominal,0,0.0,194.97,701874.3
125.8,mission_cruise,73.60200111172874,2500.0,43.19899944413563,4300.7,826.5,836.7,837.4,828.9,191.0,192.3,195.5,198.0,4.63,77.5,3.541,4298.4,826.9,834.9,837.9,827.9,191.1,192.6,196.1,197.1,4.59,78.0,3.498,-1.2,0.957,0,nominal,0,0.0,194.97,701874.2
125.9,mission_cruise,73.60088938299054,2500.0,43.19955530850473,4297.2,823.9,834.6,836.8,824.9,190.3,191.7,195.7,198.4,4.59,77.4,3.508,4298.4,826.9,834.9,837.9,827.9,191.1,192.6,196.1,197.1,4.59,78.0,3.498,-1.2,0.957,0,nominal,0,0.0,194.97,701874.1
126.0,mission_cruise,73.59977765425236,2500.0,43.20011117287382,4298.1,827.8,836.8,838.7,827.7,190.8,192.3,195.6,197.2,4.6,78.4,3.493,4298.4,826.9,834.9,837.9,827.9,191.1,192.6,196.1,197.1,4.59,78.0,3.498,-1.2,0.957,0,nominal,0,0.0,194.97,701874.0
126.1,mission_cruise,73.59866592551417,2500.0,43.200667037242916,4302.5,827.1,835.0,838.1,828.7,190.8,192.8,196.6,197.2,4.59,77.4,3.482,4298.3,826.9,834.9,837.9,827.9,191.1,192.6,196.1,197.1,4.59,78.0,3.498,-1.2,0.957,0,nominal,0,0.0,194.96,701873.9
126.2,mission_cruise,73.59755419677599,2500.0,43.201222901612006,4309.7,825.6,833.6,839.8,826.7,190.1,192.0,196.4,196.6,4.58,77.9,3.432,4298.3,826.9,834.9,837.9,827.9,191.1,192.6,196.1,197.1,4.59,78.0,3.498,-1.2,0.957,0,nominal,0,0.0,194.96,701873.8
126.3,mission_cruise,73.5964424680378,2500.0,43.2017787659811,4298.7,824.7,834.7,838.4,828.0,190.9,192.6,195.8,198.0,4.59,77.9,3.501,4298.3,826.9,834.9,837.9,827.9,191.1,192.6,196.1,197.1,4.59,78.0,3.498,-1.2,0.957,0,nominal,0,0.0,194.96,701873.7
126.4,mission_cruise,73.59533073929961,2500.0,43.202334630350194,4307.9,826.6,834.8,837.9,829.3,191.9,193.0,195.6,197.5,4.63,77.6,3.545,4298.2,826.9,834.9,837.9,827.9,191.1,192.6,196.1,197.1,4.59,78.0,3.498,-1.2,0.957,0,nominal,0,0.0,194.96,701873.6
126.5,mission_cruise,73.59421901056142,2500.0,43.20289049471929,4295.6,824.6,837.2,838.1,827.9,190.7,193.2,196.2,196.0,4.57,78.0,3.459,4298.2,826.9,834.9,837.9,827.9,191.1,192.6,196.1,197.1,4.59,78.0,3.498,-1.2,0.957,0,nominal,0,0.0,194.96,701873.5
126.6,mission_cruise,73.59310728182324,2500.0,43.20344635908838,4292.1,826.5,833.8,836.1,827.7,189.7,193.3,195.4,196.9,4.61,78.4,3.514,4298.1,826.9,834.9,837.9,827.9,191.1,192.6,196.1,197.1,4.59,78.0,3.498,-1.2,0.957,0,nominal,0,0.0,194.96,701873.4
126.7,mission_cruise,73.59199555308504,2500.0,43.20400222345748,4301.8,826.2,835.2,836.9,829.9,191.5,192.9,195.9,197.1,4.62,78.0,3.539,4298.1,826.9,834.9,837.9,827.9,191.1,192.6,196.1,197.1,4.59,78.0,3.498,-1.2,0.957,0,nominal,0,0.0,194.96,701873.3
126.8,mission_cruise,73.59088382434686,2500.0,43.20455808782657,4297.6,823.6,833.2,839.6,828.5,191.6,192.3,195.3,197.2,4.59,77.9,3.47,4298.1,826.9,834.9,837.9,827.9,191.0,192.5,196.0,197.0,4.59,78.0,3.498,-1.2,0.957,0,nominal,0,0.0,194.96,701873.2
126.9,mission_cruise,73.58977209560867,2500.0,43.20511395219567,4294.6,827.7,831.2,837.4,828.4,191.3,191.9,196.1,197.7,4.61,78.1,3.459,4298.0,826.9,834.9,837.9,827.9,191.0,192.5,196.0,197.0,4.59,78.0,3.498,-1.2,0.957,0,nominal,0,0.0,194.96,701873.1
127.0,mission_cruise,73.58866036687049,2500.0,43.20566981656476,4301.0,826.7,833.2,838.8,827.4,191.1,192.3,197.3,196.3,4.57,78.5,3.455,4298.0,826.9,834.9,837.9,827.9,191.0,192.5,196.0,197.0,4.59,78.0,3.498,-1.2,0.957,0,nominal,0,0.0,194.96,701873.0
127.1,mission_cruise,73.58754863813229,2500.0,43.206225680933855,4300.7,826.8,835.0,838.6,826.1,190.4,193.4,195.8,197.0,4.61,78.0,3.486,4298.0,826.9,834.9,837.9,827.9,191.0,192.5,196.0,197.0,4.59,78.0,3.498,-1.2,0.957,0,nominal,0,0.0,194.96,701872.9
127.2,mission_cruise,73.58643690939411,2500.0,43.206781545302945,4298.9,826.6,834.6,837.6,830.3,191.7,192.1,196.7,197.3,4.58,77.7,3.45,4297.9,826.8,834.8,837.8,827.8,191.0,192.5,196.0,197.0,4.59,78.0,3.498,-1.2,0.957,0,nominal,0,0.0,194.96,701872.8
127.3,mission_cruise,73.58532518065591,2500.0,43.20733740967204,4290.8,827.4,836.6,838.2,828.1,191.2,192.2,196.1,197.6,4.57,78.0,3.546,4297.9,826.8,834.8,837.8,827.8,191.0,192.5,196.0,197.0,4.59,78.0,3.498,-1.2,0.957,0,nominal,0,0.0,194.96,701872.7
127.4,mission_cruise,73.58421345191773,2500.0,43.20789327404113,4309.8,828.7,834.8,838.2,826.8,191.0,192.8,197.8,197.7,4.59,77.4,3.494,4297.9,826.8,834.8,837.8,827.8,191.0,192.5,196.0,197.0,4.59,78.0,3.498,-1.2,0.957,0,nominal,0,0.0,194.96,701872.6
127.5,mission_cruise,73.58310172317954,2500.0,43.20844913841023,4299.6,827.2,835.8,836.9,828.7,190.7,193.1,196.5,196.2,4.59,78.1,3.512,4297.8,826.8,834.8,837.8,827.8,191.0,192.5,196.0,197.0,4.59,78.0,3.498,-1.2,0.957,0,nominal,0,0.0,194.96,701872.5
127.6,mission_cruise,73.58198999444136,2500.0,43.20900500277932,4295.0,826.0,833.3,836.9,826.8,190.2,192.5,195.7,196.3,4.58,78.4,3.528,4297.8,826.8,834.8,837.8,827.8,191.0,192.5,196.0,197.0,4.59,78.0,3.498,-1.2,0.957,0,nominal,0,0.0,194.96,701872.4
127.7,mission_cruise,73.58087826570316,2500.0,43.20956086714842,4291.3,825.3,833.3,836.5,829.9,191.2,192.8,196.6,196.7,4.6,79.0,3.493,4297.7,826.8,834.8,837.8,827.8,191.0,192.5,196.0,197.0,4.59,78.0,3.498,-1.2,0.957,0,nominal,0,0.0,194.96,701872.3
127.8,mission_cruise,73.57976653696498,2500.0,43.21011673151751,4304.3,827.2,833.9,839.6,824.9,189.6,193.0,195.3,196.2,4.63,78.0,3.522,4297.7,826.8,834.8,837.8,827.8,191.0,192.5,196.0,197.0,4.59,78.0,3.498,-1.2,0.957,0,nominal,0,0.0,194.96,701872.2
127.9,mission_cruise,73.57865480822679,2500.0,43.21067259588661,4295.3,824.5,832.7,836.9,830.6,190.6,192.1,196.4,197.7,4.6,78.6,3.484,4297.7,826.8,834.8,837.8,827.8,191.0,192.5,196.0,197.0,4.59,78.0,3.497,-1.2,0.957,0,nominal,0,0.0,194.96,701872.1
128.0,mission_cruise,73.5775430794886,2500.0,43.2112284602557,4299.3,825.1,836.8,838.4,828.1,191.3,191.7,195.5,195.8,4.6,78.1,3.537,4297.6,826.8,834.8,837.8,827.8,191.0,192.5,196.0,197.0,4.59,78.0,3.497,-1.2,0.957,0,nominal,0,0.0,194.96,701872.0
128.1,mission_cruise,73.57643135075041,2500.0,43.211784324624794,4296.9,826.2,833.6,837.7,826.6,190.3,191.3,196.0,197.1,4.59,77.1,3.537,4297.6,826.8,834.8,837.8,827.8,191.0,192.5,196.0,197.0,4.59,78.0,3.497,-1.2,0.957,0,nominal,0,0.0,194.96,701871.9
128.2,mission_cruise,73.57531962201223,2500.0,43.212340188993885,4301.0,827.9,834.7,839.7,827.1,190.8,191.6,195.3,198.5,4.59,77.8,3.448,4297.6,826.8,834.8,837.8,827.8,191.0,192.5,196.0,197.0,4.59,78.0,3.497,-1.2,0.957,0,nominal,0,0.0,194.96,701871.8
128.3,mission_cruise,73.57420789327404,2500.0,43.21289605336298,4296.0,829.0,835.6,835.6,828.6,191.2,192.4,196.5,196.7,4.62,78.0,3.502,4297.5,826.8,834.8,837.8,827.8,191.0,192.5,196.0,197.0,4.59,78.0,3.497,-1.2,0.957,0,nominal,0,0.0,194.96,701871.7
128.4,mission_cruise,73.57309616453585,2500.0,43.21345191773207,4299.7,828.5,836.2,836.7,828.9,190.7,192.5,194.7,196.5,4.6,78.3,3.464,4297.5,826.8,834.8,837.8,827.8,191.0,192.5,196.0,197.0,4.59,78.0,3.497,-1.2,0.957,0,nominal,0,0.0,194.96,701871.6
128.5,mission_cruise,73.57198443579766,2500.0,43.21400778210117,4291.4,827.3,833.2,840.0,827.8,190.2,192.0,195.8,196.0,4.58,78.1,3.531,4297.5,826.8,834.8,837.8,827.8,191.0,192.5,196.0,197.0,4.59,78.0,3.497,-1.2,0.957,0,nominal,0,0.0,194.96,701871.5
128.6,mission_cruise,73.57087270705948,2500.0,43.21456364647026,4306.2,826.4,835.2,839.2,830.9,192.1,191.9,196.0,196.7,4.55,78.3,3.489,4297.4,826.8,834.8,837.8,827.8,191.0,192.5,196.0,197.0,4.59,78.0,3.497,-1.2,0.957,0,nominal,0,0.0,194.96,701871.4
128.7,mission_cruise,73.56976097832128,2500.0,43.21511951083936,4298.0,825.6,836.1,839.0,826.4,191.6,193.4,196.4,197.4,4.59,78.4,3.527,4297.4,826.8,834.8,837.8,827.8,191.0,192.5,196.0,197.0,4.59,78.0,3.497,-1.2,0.957,0,nominal,0,0.0,194.96,701871.3
128.8,mission_cruise,73.5686492495831,2500.0,43.21567537520845,4293.5,828.1,834.6,838.4,827.2,190.3,191.8,196.1,196.9,4.55,77.4,3.526,4297.4,826.8,834.8,837.8,827.8,191.0,192.5,196.0,197.0,4.59,78.0,3.497,-1.2,0.957,0,nominal,0,0.0,194.96,701871.2
128.9,mission_cruise,73.56753752084491,2500.0,43.216231239577546,4294.0,828.0,834.3,840.5,829.4,189.8,192.9,195.9,196.5,4.59,77.4,3.489,4297.3,826.8,834.8,837.8,827.8,191.0,192.5,196.0,197.0,4.59,78.0,3.497,-1.2,0.957,0,nominal,0,0.0,194.96,701871.1
129.0,mission_cruise,73.56642579210673,2500.0,43.216787103946636,4306.5,826.1,835.7,836.0,828.9,190.3,191.7,195.9,196.4,4.54,77.4,3.512,4297.3,826.8,834.8,837.8,827.8,191.0,192.5,196.0,197.0,4.59,78.0,3.497,-1.2,0.957,0,nominal,0,0.0,194.96,701871.0
129.1,mission_cruise,73.56531406336853,2500.0,43.217342968315734,4293.2,829.8,836.8,837.2,829.2,191.1,192.0,195.2,197.2,4.58,77.6,3.503,4297.2,826.8,834.8,837.8,827.8,191.0,192.5,196.0,197.0,4.59,78.0,3.497,-1.2,0.957,0,nominal,0,0.0,194.96,701870.9
129.2,mission_cruise,73.56420233463035,2500.0,43.217898832684824,4302.0,828.3,833.9,839.7,830.6,191.3,191.6,196.1,198.2,4.59,78.4,3.459,4297.2,826.8,834.8,837.8,827.8,191.0,192.5,196.0,197.0,4.59,78.0,3.497,-1.2,0.957,0,nominal,0,0.0,194.96,701870.8
129.3,mission_cruise,73.56309060589216,2500.0,43.21845469705392,4300.8,826.5,835.9,837.5,829.4,190.5,193.1,196.7,196.7,4.61,78.3,3.458,4297.2,826.8,834.8,837.8,827.8,191.0,192.5,196.0,197.0,4.59,78.0,3.497,-1.2,0.957,0,nominal,0,0.0,194.96,701870.7
129.4,mission_cruise,73.56197887715398,2500.0,43.21901056142301,4293.2,825.1,834.2,838.4,827.1,191.6,193.1,196.4,197.3,4.59,78.1,3.494,4297.1,826.8,834.8,837.8,827.8,191.0,192.5,196.0,197.0,4.59,78.0,3.497,-1.2,0.957,0,nominal,0,0.0,194.96,701870.6
129.5,mission_cruise,73.56086714841578,2500.0,43.21956642579211,4296.6,826.0,836.5,834.6,829.3,190.7,192.5,196.2,197.4,4.58,77.4,3.518,4297.1,826.8,834.8,837.8,827.8,191.0,192.5,196.0,197.0,4.59,78.0,3.497,-1.2,0.957,0,nominal,0,0.0,194.96,701870.5
129.6,mission_cruise,73.5597554196776,2500.0,43.2201222901612,4298.8,825.7,835.0,837.8,827.0,190.6,193.4,196.1,196.9,4.57,78.4,3.491,4297.1,826.8,834.8,837.8,827.8,191.0,192.5,196.0,197.0,4.59,78.0,3.497,-1.2,0.957,0,nominal,0,0.0,194.96,701870.4
129.7,mission_cruise,73.5586436909394,2500.0,43.2206781545303,4298.2,827.0,834.6,836.2,829.6,188.6,192.9,196.4,197.6,4.59,78.1,3.475,4297.0,826.8,834.8,837.8,827.8,191.0,192.5,196.0,197.0,4.59,78.0,3.497,-1.2,0.957,0,nominal,0,0.0,194.96,701870.3
129.8,mission_cruise,73.55753196220122,2500.0,43.22123401889939,4306.4,827.4,835.5,839.5,829.3,190.1,192.1,195.9,197.2,4.59,77.9,3.494,4297.0,826.8,834.8,837.8,827.8,191.0,192.5,196.0,197.0,4.59,78.0,3.497,-1.2,0.957,0,nominal,0,0.0,194.96,701870.2
129.9,mission_cruise,73.55642023346303,2500.0,43.221789883268485,4303.4,827.3,835.5,838.6,827.2,190.4,192.0,196.2,196.7,4.59,77.3,3.543,4297.0,826.8,834.8,837.8,827.8,190.9,192.4,195.9,196.9,4.59,78.0,3.497,-1.2,0.957,0,nominal,0,0.0,194.96,701870.1
130.0,mission_cruise,73.55530850472485,2500.0,43.222345747637576,4305.3,824.7,836.0,836.9,827.3,191.2,192.8,196.6,196.0,4.57,78.5,3.548,4296.9,826.8,834.8,837.8,827.8,190.9,192.4,195.9,196.9,4.59,78.0,3.497,-1.2,0.957,0,nominal,0,0.0,194.96,701870.0
130.1,mission_cruise,73.55419677598665,2500.0,43.22290161200667,4293.1,827.4,835.6,836.7,825.3,191.2,192.5,195.5,196.7,4.64,78.1,3.502,4296.9,826.8,834.8,837.8,827.8,190.9,192.4,195.9,196.9,4.59,78.0,3.497,-1.2,0.957,0,nominal,0,0.0,194.96,701869.9
130.2,mission_cruise,73.55308504724847,2500.0,43.22345747637576,4293.2,825.3,832.1,838.6,829.7,191.1,192.9,196.6,197.1,4.61,78.1,3.507,4296.9,826.8,834.8,837.8,827.8,190.9,192.4,195.9,196.9,4.59,78.0,3.496,-1.2,0.957,0,nominal,0,0.0,194.96,701869.8
130.3,mission_cruise,73.55197331851028,2500.0,43.22401334074486,4291.0,826.5,832.8,836.8,828.1,190.5,191.6,196.0,198.0,4.58,78.9,3.487,4296.8,826.8,834.8,837.8,827.8,190.9,192.4,195.9,196.9,4.59,78.0,3.496,-1.2,0.957,0,nominal,0,0.0,194.96,701869.7
130.4,mission_cruise,73.5508615897721,2500.0,43.22456920511395,4297.1,827.0,836.2,838.1,829.5,190.5,192.4,196.7,197.2,4.6,78.6,3.482,4296.8,826.8,834.8,837.8,827.8,190.9,192.4,195.9,196.9,4.59,78.0,3.496,-1.2,0.957,0,nominal,0,0.0,194.96,701869.6
130.5,mission_cruise,73.5497498610339,2500.0,43.22512506948305,4297.6,827.3,834.1,836.7,826.3,190.2,192.6,194.9,197.2,4.59,78.0,3.496,4296.7,826.8,834.8,837.8,827.8,190.9,192.4,195.9,196.9,4.59,78.0,3.496,-1.2,0.957,0,nominal,0,0.0,194.96,701869.5
130.6,mission_cruise,73.54863813229572,2500.0,43.22568093385214,4289.1,826.2,834.5,837.3,828.3,192.3,192.3,196.3,197.5,4.6,78.7,3.528,4296.7,826.8,834.8,837.8,827.8,190.9,192.4,195.9,196.9,4.59,78.0,3.496,-1.2,0.957,0,nominal,0,0.0,194.96,701869.4
130.7,mission_cruise,73.54752640355753,2500.0,43.22623679822124,4295.0,826.4,833.4,837.9,825.7,189.9,193.4,196.5,195.4,4.6,78.1,3.429,4296.7,826.8,834.8,837.8,827.8,190.9,192.4,195.9,196.9,4.59,78.0,3.496,-1.2,0.957,0,nominal,0,0.0,194.96,701869.3
130.8,mission_cruise,73.54641467481935,2500.0,43.22679266259033,4289.5,827.4,834.6,840.9,827.3,191.1,192.5,195.8,197.6,4.54,77.5,3.464,4296.6,826.8,834.8,837.8,827.8,190.9,192.4,195.9,196.9,4.59,78.0,3.496,-1.2,0.957,0,nominal,0,0.0,194.96,701869.2
130.9,mission_cruise,73.54530294608115,2500.0,43.227348526959425,4295.1,827.2,836.0,836.0,826.8,191.4,192.6,195.1,196.8,4.57,78.2,3.501,4296.6,826.8,834.8,837.8,827.8,190.9,192.4,195.9,196.9,4.59,78.0,3.496,-1.2,0.957,0,nominal,0,0.0,194.96,701869.1
131.0,mission_cruise,73.54419121734297,2500.0,43.227904391328515,4297.0,828.7,837.9,837.4,826.9,191.9,192.3,196.5,196.4,4.56,78.0,3.547,4296.6,826.8,834.8,837.8,827.8,190.9,192.4,195.9,196.9,4.59,78.0,3.496,-1.2,0.957,0,nominal,0,0.0,194.96,701869.0
131.1,mission_cruise,73.54307948860477,2500.0,43.22846025569761,4293.5,825.9,833.8,836.1,826.7,190.3,192.8,195.9,196.9,4.59,78.0,3.484,4296.5,826.8,834.8,837.8,827.8,190.9,192.4,195.9,196.9,4.59,78.0,3.496,-1.2,0.957,0,nominal,0,0.0,194.96,701868.9
131.2,mission_cruise,73.5419677598666,2500.0,43.2290161200667,4295.3,825.6,835.1,838.3,825.3,190.0,191.8,195.9,198.5,4.63,78.1,3.458,4296.5,826.8,834.8,837.8,827.8,190.9,192.4,195.9,196.9,4.59,78.0,3.496,-1.2,0.957,0,nominal,0,0.0,194.96,701868.8
131.3,mission_cruise,73.5408560311284,2500.0,43.2295719844358,4301.3,827.8,832.0,837.6,827.4,191.5,193.0,196.2,197.0,4.59,79.0,3.547,4296.5,826.8,834.8,837.8,827.8,190.9,192.4,195.9,196.9,4.59,78.0,3.496,-1.2,0.957,0,nominal,0,0.0,194.96,701868.7
131.4,mission_cruise,73.53974430239022,2500.0,43.23012784880489,4292.3,825.7,835.7,837.2,830.0,190.4,193.0,195.1,197.8,4.59,77.7,3.472,4296.4,826.8,834.8,837.8,827.8,190.9,192.4,195.9,196.9,4.59,78.0,3.496,-1.2,0.957,0,nominal,0,0.0,194.96,701868.6
131.5,mission_cruise,73.53863257365202,2500.0,43.23068371317399,4290.0,826.9,835.2,838.9,825.8,190.0,192.2,195.8,196.5,4.57,77.8,3.528,4296.4,826.8,834.8,837.8,827.8,190.9,192.4,195.9,196.9,4.59,78.0,3.496,-1.2,0.957,0,nominal,0,0.0,194.96,701868.5
131.6,mission_cruise,73.53752084491384,2500.0,43.23123957754308,4292.5,825.4,835.0,838.7,826.6,190.5,191.2,194.0,196.7,4.59,78.3,3.495,4296.4,826.8,834.8,837.8,827.8,190.9,192.4,195.9,196.9,4.59,78.0,3.496,-1.2,0.957,0,nominal,0,0.0,194.96,701868.4
131.7,mission_cruise,73.53640911617565,2500.0,43.231795441912176,4307.1,826.3,834.0,837.4,827.4,190.5,192.7,196.8,197.4,4.59,78.0,3.521,4296.3,826.8,834.8,837.8,827.8,190.9,192.4,195.9,196.9,4.59,78.0,3.496,-1.2,0.957,0,nominal,0,0.0,194.96,701868.3
131.8,mission_cruise,73.53529738743747,2500.0,43.23235130628127,4294.8,826.1,832.7,841.4,825.2,191.1,192.0,196.4,197.0,4.58,77.8,3.503,4296.3,826.8,834.8,837.8,827.8,190.9,192.4,195.9,196.9,4.59,78.0,3.496,-1.2,0.957,0,nominal,0,0.0,194.96,701868.2
131.9,mission_cruise,73.53418565869927,2500.0,43.232907170650364,4302.7,825.0,837.0,837.9,827.8,190.8,191.6,195.6,195.9,4.61,77.5,3.52,4296.2,826.8,834.8,837.8,827.8,190.9,192.4,195.9,196.9,4.59,78.0,3.496,-1.2,0.957,0,nominal,0,0.0,194.96,701868.1
132.0,mission_cruise,73.53307392996109,2500.0,43.233463035019454,4298.5,826.8,833.6,836.8,829.1,189.5,191.7,194.8,196.3,4.59,77.9,3.55,4296.2,826.8,834.8,837.8,827.8,190.9,192.4,195.9,196.9,4.59,78.0,3.496,-1.2,0.957,0,nominal,0,0.0,194.96,701868.0
132.1,mission_cruise,73.5319622012229,2500.0,43.23401889938855,4297.8,825.1,836.0,838.1,829.3,190.5,192.1,195.9,195.8,4.6,77.9,3.497,4296.2,826.8,834.8,837.8,827.8,190.9,192.4,195.9,196.9,4.59,78.0,3.496,-1.2,0.957,0,nominal,0,0.0,194.96,701867.9
132.2,mission_cruise,73.53085047248472,2500.0,43.23457476375764,4296.8,826.6,834.6,832.6,830.6,191.3,192.9,196.7,196.1,4.59,78.2,3.532,4296.1,826.8,834.8,837.8,827.8,190.9,192.4,195.9,196.9,4.59,78.0,3.496,-1.2,0.957,0,nominal,0,0.0,194.96,701867.8
132.3,mission_cruise,73.52973874374652,2500.0,43.23513062812674,4297.4,826.0,833.0,839.5,827.8,190.4,193.4,195.7,197.1,4.61,77.6,3.526,4296.1,826.8,834.8,837.8,827.8,190.9,192.4,195.9,196.9,4.59,78.0,3.496,-1.2,0.957,0,nominal,0,0.0,194.96,701867.7
132.4,mission_cruise,73.52862701500834,2500.0,43.23568649249583,4297.2,826.4,834.8,838.6,828.6,191.1,192.0,196.1,197.8,4.57,77.7,3.415,4296.1,826.7,834.7,837.7,827.7,190.9,192.4,195.9,196.9,4.59,78.0,3.496,-1.2,0.957,0,nominal,0,0.0,194.96,701867.6
132.5,mission_cruise,73.52751528627014,2500.0,43.23624235686493,4302.5,828.7,835.3,837.6,827.6,190.9,192.8,196.4,196.5,4.55,78.2,3.522,4296.0,826.7,834.7,837.7,827.7,190.9,192.4,195.9,196.9,4.59,78.0,3.495,-1.2,0.957,0,nominal,0,0.0,194.96,701867.5
132.6,mission_cruise,73.52640355753196,2500.0,43.23679822123402,4293.8,826.8,836.5,837.7,828.3,191.3,192.9,195.9,197.3,4.57,77.9,3.455,4296.0,826.7,834.7,837.7,827.7,190.9,192.4,195.9,196.9,4.59,78.0,3.495,-1.2,0.957,0,nominal,0,0.0,194.96,701867.4
132.7,mission_cruise,73.52529182879377,2500.0,43.237354085603116,4298.8,827.5,834.7,838.0,830.1,190.5,191.5,196.7,195.5,4.58,78.3,3.545,4296.0,826.7,834.7,837.7,827.7,190.9,192.4,195.9,196.9,4.59,78.0,3.495,-1.2,0.957,0,nominal,0,0.0,194.96,701867.3
132.8,mission_cruise,73.52418010005559,2500.0,43.237909949972206,4304.6,827.4,835.0,839.5,827.8,190.3,192.0,195.1,196.4,4.56,78.4,3.488,4295.9,826.7,834.7,837.7,827.7,190.9,192.4,195.9,196.9,4.59,78.0,3.495,-1.2,0.957,0,nominal,0,0.0,194.96,701867.2
132.9,mission_cruise,73.5230683713174,2500.0,43.2384658143413,4295.3,824.5,833.7,834.8,827.7,191.2,192.2,195.8,195.5,4.6,77.8,3.496,4295.9,826.7,834.7,837.7,827.7,190.9,192.4,195.9,196.9,4.59,78.0,3.495,-1.2,0.957,0,nominal,0,0.0,194.96,701867.1
133.0,mission_cruise,73.52195664257921,2500.0,43.239021678710394,4300.9,825.9,835.0,837.9,823.3,191.0,192.5,195.3,196.3,4.61,77.2,3.539,4295.9,826.7,834.7,837.7,827.7,190.9,192.4,195.9,196.9,4.59,78.0,3.495,-1.2,0.957,0,nominal,0,0.0,194.96,701867.0
133.1,mission_cruise,73.52084491384102,2500.0,43.23957754307949,4292.6,827.2,835.4,837.3,825.8,190.9,192.7,194.8,196.8,4.61,78.6,3.468,4295.8,826.7,834.7,837.7,827.7,190.9,192.4,195.9,196.9,4.59,78.0,3.495,-1.2,0.957,0,nominal,0,0.0,194.96,701866.9
133.2,mission_cruise,73.51973318510284,2500.0,43.24013340744858,4299.7,826.2,831.4,838.6,828.3,190.8,192.9,196.2,196.5,4.56,78.2,3.519,4295.8,826.7,834.7,837.7,827.7,190.9,192.4,195.9,196.9,4.59,78.0,3.495,-1.2,0.957,0,nominal,0,0.0,194.96,701866.8
133.3,mission_cruise,73.51862145636464,2500.0,43.24068927181768,4294.2,826.3,836.4,837.9,829.6,191.3,193.0,195.3,196.9,4.57,77.7,3.487,4295.7,826.7,834.7,837.7,827.7,190.9,192.4,195.9,196.9,4.59,78.0,3.495,-1.2,0.957,0,nominal,0,0.0,194.96,701866.7
133.4,mission_cruise,73.51750972762646,2500.0,43.24124513618677,4298.9,829.1,835.8,838.7,827.3,190.8,192.3,196.4,196.5,4.61,78.4,3.527,4295.7,826.7,834.7,837.7,827.7,190.9,192.4,195.9,196.9,4.59,78.0,3.495,-1.2,0.957,0,nominal,0,0.0,194.96,701866.6
133.5,mission_cruise,73.51639799888827,2500.0,43.24180100055587,4291.9,825.1,836.4,839.5,827.6,190.8,191.4,196.9,197.8,4.63,76.9,3.527,4295.7,826.7,834.7,837.7,827.7,190.9,192.4,195.9,196.9,4.59,78.0,3.495,-1.2,0.957,0,nominal,0,0.0,194.96,701866.5
133.6,mission_cruise,73.51528627015009,2500.0,43.24235686492496,4300.4,823.5,835.0,837.0,828.5,191.6,192.9,196.5,197.2,4.56,78.5,3.565,4295.6,826.7,834.7,837.7,827.7,190.9,192.4,195.9,196.9,4.59,78.0,3.495,-1.2,0.957,0,nominal,0,0.0,194.96,701866.4
133.7,mission_cruise,73.51417454141189,2500.0,43.242912729294055,4294.5,827.0,835.7,836.8,827.5,190.5,193.7,196.1,197.6,4.59,78.3,3.475,4295.6,826.7,834.7,837.7,827.7,190.9,192.4,195.9,196.9,4.59,78.0,3.495,-1.2,0.957,0,nominal,0,0.0,194.96,701866.3
133.8,mission_cruise,73.51306281267371,2500.0,43.243468593663145,4288.2,828.5,834.4,838.5,827.8,190.5,192.4,196.5,196.4,4.6,78.2,3.479,4295.6,826.7,834.7,837.7,827.7,190.9,192.4,195.9,196.9,4.59,78.0,3.495,-1.2,0.957,0,nominal,0,0.0,194.96,701866.2
133.9,mission_cruise,73.51195108393551,2500.0,43.24402445803224,4289.3,827.1,833.0,835.1,827.2,190.1,191.8,194.7,197.2,4.63,77.7,3.487,4295.5,826.7,834.7,837.7,827.7,190.8,192.3,195.8,196.8,4.59,78.0,3.495,-1.2,0.957,0,nominal,0,0.0,194.96,701866.1
134.0,mission_cruise,73.51083935519733,2500.0,43.24458032240133,4293.0,826.0,834.6,838.7,826.7,190.8,193.4,195.8,196.6,4.6,76.7,3.449,4295.5,826.7,834.7,837.7,827.7,190.8,192.3,195.8,196.8,4.59,78.0,3.495,-1.2,0.957,0,nominal,0,0.0,194.96,701866.0
134.1,mission_cruise,73.50972762645914,2500.0,43.24513618677043,4303.5,825.5,836.0,839.1,825.8,190.5,191.9,195.8,196.4,4.61,77.6,3.441,4295.5,826.7,834.7,837.7,827.7,190.8,192.3,195.8,196.8,4.59,78.0,3.495,-1.2,0.957,0,nominal,0,0.0,194.96,701865.9
134.2,mission_cruise,73.50861589772096,2500.0,43.24569205113952,4303.3,827.7,832.7,837.8,827.8,190.9,191.4,195.1,197.0,4.59,78.4,3.411,4295.4,826.7,834.7,837.7,827.7,190.8,192.3,195.8,196.8,4.59,78.0,3.495,-1.2,0.957,0,nominal,0,0.0,194.96,701865.8
134.3,mission_cruise,73.50750416898276,2500.0,43.24624791550862,4296.9,827.1,835.2,837.2,827.3,190.9,192.3,195.7,198.0,4.57,78.9,3.502,4295.4,826.7,834.7,837.7,827.7,190.8,192.3,195.8,196.8,4.59,78.0,3.495,-1.2,0.957,0,nominal,0,0.0,194.96,701865.7
134.4,mission_cruise,73.50639244024458,2500.0,43.24680377987771,4294.5,827.5,836.9,837.4,828.6,191.1,193.0,195.1,197.2,4.58,78.6,3.496,4295.3,826.7,834.7,837.7,827.7,190.8,192.3,195.8,196.8,4.59,78.0,3.495,-1.2,0.957,0,nominal,0,0.0,194.96,701865.6
134.5,mission_cruise,73.50528071150639,2500.0,43.24735964424681,4298.6,827.9,832.8,838.4,826.2,190.6,192.6,196.3,196.6,4.57,78.5,3.519,4295.3,826.7,834.7,837.7,827.7,190.8,192.3,195.8,196.8,4.59,78.0,3.495,-1.2,0.957,0,nominal,0,0.0,194.96,701865.5
134.6,mission_cruise,73.5041689827682,2500.0,43.2479155086159,4303.5,827.6,833.2,838.8,829.7,190.8,192.4,195.8,196.9,4.61,77.2,3.513,4295.3,826.7,834.7,837.7,827.7,190.8,192.3,195.8,196.8,4.59,78.0,3.495,-1.2,0.957,0,nominal,0,0.0,194.96,701865.4
134.7,mission_cruise,73.50305725403001,2500.0,43.248471372984994,4289.9,826.1,833.4,838.5,828.6,191.1,192.0,195.9,197.0,4.6,77.5,3.555,4295.2,826.7,834.7,837.7,827.7,190.8,192.3,195.8,196.8,4.59,78.0,3.495,-1.2,0.957,0,nominal,0,0.0,194.96,701865.3
134.8,mission_cruise,73.50194552529183,2500.0,43.249027237354085,4294.4,825.9,834.1,839.1,827.8,190.5,192.0,194.6,197.5,4.59,78.0,3.487,4295.2,826.7,834.7,837.7,827.7,190.8,192.3,195.8,196.8,4.59,78.0,3.494,-1.2,0.957,0,nominal,0,0.0,194.96,701865.2
134.9,mission_cruise,73.50083379655364,2500.0,43.24958310172318,4285.0,827.2,836.0,836.4,827.3,191.5,192.6,195.9,196.0,4.58,78.2,3.512,4295.2,826.7,834.7,837.7,827.7,190.8,192.3,195.8,196.8,4.59,78.0,3.494,-1.2,0.957,0,nominal,0,0.0,194.96,701865.1
135.0,mission_cruise,73.49972206781545,2500.0,43.25013896609227,4295.1,829.0,831.7,839.1,829.3,190.3,192.5,195.6,196.5,4.57,78.3,3.49,4295.1,826.7,834.7,837.7,827.7,190.8,192.3,195.8,196.8,4.59,78.0,3.494,-1.2,0.957,0,nominal,0,0.0,194.96,701865.0
135.1,mission_cruise,73.49861033907726,2500.0,43.25069483046137,4296.5,826.5,834.9,837.7,827.1,190.5,192.5,195.9,197.3,4.62,77.7,3.494,4295.1,826.7,834.7,837.7,827.7,190.8,192.3,195.8,196.8,4.59,78.0,3.494,-1.2,0.957,0,nominal,0,0.0,194.96,701864.9
135.2,mission_cruise,73.49749861033908,2500.0,43.25125069483046,4299.2,828.3,834.7,837.7,828.0,190.2,192.1,195.7,197.4,4.62,78.3,3.498,4295.1,826.7,834.7,837.7,827.7,190.8,192.3,195.8,196.8,4.59,78.0,3.494,-1.2,0.957,0,nominal,0,0.0,194.96,701864.8
135.3,mission_cruise,73.49638688160088,2500.0,43.25180655919956,4292.5,827.1,834.1,838.3,828.7,190.1,191.9,195.8,195.9,4.59,78.5,3.472,4295.0,826.7,834.7,837.7,827.7,190.8,192.3,195.8,196.8,4.59,78.0,3.494,-1.2,0.957,0,nominal,0,0.0,194.96,701864.7
135.4,mission_cruise,73.4952751528627,2500.0,43.25236242356865,4304.3,828.8,834.6,835.4,825.8,190.5,192.0,195.7,196.7,4.59,77.5,3.502,4295.0,826.7,834.7,837.7,827.7,190.8,192.3,195.8,196.8,4.59,78.0,3.494,-1.2,0.957,0,nominal,0,0.0,194.96,701864.6
135.5,mission_cruise,73.49416342412451,2500.0,43.252918287937746,4298.6,828.3,834.3,837.3,825.2,192.5,193.1,197.0,196.4,4.54,77.8,3.492,4295.0,826.7,834.7,837.7,827.7,190.8,192.3,195.8,196.8,4.59,78.0,3.494,-1.2,0.957,0,nominal,0,0.0,194.96,701864.5
135.6,mission_cruise,73.49305169538633,2500.0,43.253474152306836,4290.1,827.4,834.5,837.4,829.6,191.3,192.6,195.3,197.0,4.61,78.1,3.484,4294.9,826.7,834.7,837.7,827.7,190.8,192.3,195.8,196.8,4.59,78.0,3.494,-1.2,0.957,0,nominal,0,0.0,194.96,701864.4
135.7,mission_cruise,73.49193996664813,2500.0,43.254030016675934,4284.6,826.3,835.2,838.5,824.5,190.8,191.7,196.1,198.3,4.63,77.9,3.539,4294.9,826.7,834.7,837.7,827.7,190.8,192.3,195.8,196.8,4.59,78.0,3.494,-1.2,0.957,0,nominal,0,0.0,194.96,701864.3
135.8,mission_cruise,73.49082823790995,2500.0,43.254585881045024,4300.4,828.3,834.1,838.0,826.5,192.0,192.7,194.9,196.3,4.58,77.6,3.497,4294.8,826.7,834.7,837.7,827.7,190.8,192.3,195.8,196.8,4.59,78.0,3.494,-1.2,0.957,0,nominal,0,0.0,194.96,701864.2
135.9,mission_cruise,73.48971650917176,2500.0,43.25514174541412,4291.0,826.4,832.5,838.4,828.7,189.7,193.0,195.5,196.3,4.6,78.5,3.483,4294.8,826.7,834.7,837.7,827.7,190.8,192.3,195.8,196.8,4.59,78.0,3.494,-1.2,0.957,0,nominal,0,0.0,194.96,701864.1
136.0,mission_cruise,73.48860478043358,2500.0,43.25569760978321,4300.3,827.7,832.6,838.8,829.4,191.0,191.9,196.3,197.6,4.55,78.1,3.484,4294.8,826.7,834.7,837.7,827.7,190.8,192.3,195.8,196.8,4.59,78.0,3.494,-1.2,0.957,0,nominal,0,0.0,194.96,701864.0
136.1,mission_cruise,73.48749305169538,2500.0,43.25625347415231,4301.6,826.5,833.8,836.8,826.8,189.5,191.2,195.7,196.3,4.57,77.6,3.497,4294.7,826.7,834.7,837.7,827.7,190.8,192.3,195.8,196.8,4.59,78.0,3.494,-1.2,0.957,0,nominal,0,0.0,194.96,701863.9
136.2,mission_cruise,73.4863813229572,2500.0,43.2568093385214,4296.5,824.9,834.8,837.3,827.8,191.0,192.9,196.1,196.7,4.63,77.4,3.519,4294.7,826.7,834.7,837.7,827.7,190.8,192.3,195.8,196.8,4.59,78.0,3.494,-1.2,0.957,0,nominal,0,0.0,194.96,701863.8
136.3,mission_cruise,73.485269594219,2500.0,43.2573652028905,4295.3,827.0,834.0,836.6,827.1,190.9,192.7,195.4,197.1,4.6,78.0,3.527,4294.7,826.7,834.7,837.7,827.7,190.8,192.3,195.8,196.8,4.59,78.0,3.494,-1.2,0.957,0,nominal,0,0.0,194.96,701863.7
136.4,mission_cruise,73.48415786548082,2500.0,43.25792106725959,4292.9,824.8,835.3,837.8,826.1,190.4,193.0,196.0,196.9,4.6,77.8,3.505,4294.6,826.7,834.7,837.7,827.7,190.8,192.3,195.8,196.8,4.59,78.0,3.494,-1.2,0.957,0,nominal,0,0.0,194.96,701863.6
136.5,mission_cruise,73.48304613674263,2500.0,43.258476931628685,4291.6,827.5,833.8,839.7,825.9,191.5,192.4,196.1,195.5,4.59,78.2,3.483,4294.6,826.7,834.7,837.7,827.7,190.8,192.3,195.8,196.8,4.59,78.0,3.494,-1.2,0.957,0,nominal,0,0.0,194.96,701863.5
136.6,mission_cruise,73.48193440800445,2500.0,43.259032795997776,4292.9,825.7,834.5,838.9,829.0,190.2,191.9,196.5,196.4,4.59,77.3,3.435,4294.6,826.7,834.7,837.7,827.7,190.8,192.3,195.8,196.8,4.59,78.0,3.494,-1.2,0.957,0,nominal,0,0.0,194.96,701863.4
136.7,mission_cruise,73.48082267926625,2500.0,43.25958866036687,4297.5,826.6,834.7,838.9,826.8,191.3,192.9,196.1,196.4,4.59,78.2,3.496,4294.5,826.7,834.7,837.7,827.7,190.8,192.3,195.8,196.8,4.59,78.0,3.494,-1.2,0.957,0,nominal,0,0.0,194.96,701863.3
136.8,mission_cruise,73.47971095052807,2500.0,43.26014452473596,4295.9,827.7,832.9,837.4,828.9,191.4,191.9,195.1,196.2,4.59,77.8,3.489,4294.5,826.7,834.7,837.7,827.7,190.8,192.3,195.8,196.8,4.59,78.0,3.494,-1.2,0.957,0,nominal,0,0.0,194.96,701863.2
136.9,mission_cruise,73.47859922178988,2500.0,43.26070038910506,4299.4,826.4,834.7,839.5,825.3,190.4,192.8,195.1,197.6,4.58,78.7,3.465,4294.5,826.7,834.7,837.7,827.7,190.8,192.3,195.8,196.8,4.59,78.0,3.494,-1.2,0.957,0,nominal,0,0.0,194.96,701863.1
137.0,mission_cruise,73.4774874930517,2500.0,43.26125625347415,4294.0,827.5,836.4,837.3,826.5,190.4,192.5,195.1,196.5,4.6,78.2,3.465,4294.4,826.7,834.7,837.7,827.7,190.8,192.3,195.8,196.8,4.59,78.0,3.493,-1.2,0.957,0,nominal,0,0.0,194.96,701863.0
137.1,mission_cruise,73.4763757643135,2500.0,43.26181211784325,4289.7,826.4,836.0,839.1,828.5,191.2,192.4,196.3,196.4,4.6,77.3,3.507,4294.4,826.7,834.7,837.7,827.7,190.8,192.3,195.8,196.8,4.59,78.0,3.493,-1.2,0.957,0,nominal,0,0.0,194.96,701862.9
137.2,mission_cruise,73.47526403557532,2500.0,43.26236798221234,4306.3,825.5,835.1,837.2,828.9,191.8,192.4,196.2,197.2,4.6,77.8,3.482,4294.3,826.7,834.7,837.7,827.7,190.8,192.3,195.8,196.8,4.59,78.0,3.493,-1.2,0.957,0,nominal,0,0.0,194.96,701862.8
137.3,mission_cruise,73.47415230683713,2500.0,43.26292384658144,4295.6,824.9,837.7,837.0,827.6,188.8,192.1,196.2,196.3,4.56,77.4,3.513,4294.3,826.7,834.7,837.7,827.7,190.8,192.3,195.8,196.8,4.59,78.0,3.493,-1.2,0.957,0,nominal,0,0.0,194.96,701862.7
137.4,mission_cruise,73.47304057809895,2500.0,43.26347971095053,4295.2,825.5,834.7,836.1,827.7,191.7,192.2,195.5,197.4,4.57,78.0,3.505,4294.3,826.7,834.7,837.7,827.7,190.8,192.3,195.8,196.8,4.59,78.0,3.493,-1.2,0.957,0,nominal,0,0.0,194.96,701862.6
137.5,mission_cruise,73.47192884936075,2500.0,43.264035575319625,4301.1,826.8,833.3,835.9,828.8,190.0,192.6,196.5,197.1,4.61,78.4,3.481,4294.2,826.7,834.7,837.7,827.7,190.8,192.3,195.8,196.8,4.59,78.0,3.493,-1.2,0.957,0,nominal,0,0.0,194.96,701862.5
137.6,mission_cruise,73.47081712062257,2500.0,43.264591439688715,4301.6,826.0,835.8,835.9,827.2,190.3,193.0,195.4,196.8,4.58,78.1,3.515,4294.2,826.6,834.6,837.6,827.6,190.8,192.3,195.8,196.8,4.59,78.0,3.493,-1.2,0.957,0,nominal,0,0.0,194.96,701862.4
137.7,mission_cruise,73.46970539188437,2500.0,43.26514730405781,4299.0,826.7,834.8,837.1,828.4,192.0,193.2,197.0,196.8,4.62,78.4,3.508,4294.2,826.6,834.6,837.6,827.6,190.8,192.3,195.8,196.8,4.59,78.0,3.493,-1.2,0.957,0,nominal,0,0.0,194.96,701862.3
137.8,mission_cruise,73.4685936631462,2500.0,43.2657031684269,4293.7,825.3,835.0,837.5,827.1,190.8,191.9,195.5,197.4,4.59,77.6,3.494,4294.1,826.6,834.6,837.6,827.6,190.8,192.3,195.8,196.8,4.59,78.0,3.493,-1.2,0.957,0,nominal,0,0.0,194.96,701862.2
137.9,mission_cruise,73.467481934408,2500.0,43.266259032796,4287.4,829.8,834.0,836.9,831.3,191.6,191.8,196.3,196.2,4.62,78.2,3.493,4294.1,826.6,834.6,837.6,827.6,190.8,192.3,195.8,196.8,4.59,78.0,3.493,-1.2,0.957,0,nominal,0,0.0,194.96,701862.1
138.0,mission_cruise,73.46637020566982,2500.0,43.26681489716509,4299.6,827.5,833.9,839.1,828.2,190.4,191.7,196.3,197.7,4.56,78.3,3.472,4294.1,826.6,834.6,837.6,827.6,190.8,192.3,195.8,196.8,4.59,78.0,3.493,-1.2,0.957,0,nominal,0,0.0,194.96,701862.0
138.1,mission_cruise,73.46525847693162,2500.0,43.26737076153419,4293.3,826.7,835.4,837.9,828.0,191.1,192.8,195.9,197.7,4.58,77.5,3.503,4294.0,826.6,834.6,837.6,827.6,190.8,192.3,195.8,196.8,4.59,78.0,3.493,-1.2,0.957,0,nominal,0,0.0,194.96,701861.9
138.2,mission_cruise,73.46414674819344,2500.0,43.26792662590328,4284.4,827.6,835.2,838.6,829.4,190.6,192.6,196.2,196.2,4.57,77.9,3.453,4294.0,826.6,834.6,837.6,827.6,190.8,192.3,195.8,196.8,4.59,78.0,3.493,-1.2,0.957,0,nominal,0,0.0,194.96,701861.8
138.3,mission_cruise,73.46303501945525,2500.0,43.268482490272376,4294.5,827.8,834.5,838.3,828.9,190.7,192.0,195.2,196.8,4.64,78.1,3.46,4294.0,826.6,834.6,837.6,827.6,190.8,192.3,195.8,196.8,4.59,78.0,3.493,-1.2,0.957,0,nominal,0,0.0,194.96,701861.7
138.4,mission_cruise,73.46192329071707,2500.0,43.26903835464147,4297.5,826.1,835.8,838.0,826.1,191.5,191.5,195.3,196.9,4.58,78.0,3.523,4293.9,826.6,834.6,837.6,827.6,190.8,192.3,195.8,196.8,4.59,78.0,3.493,-1.2,0.957,0,nominal,0,0.0,194.96,701861.6
138.5,mission_cruise,73.46081156197887,2500.0,43.269594219010564,4287.2,827.9,834.2,839.3,827.4,191.2,191.9,195.0,197.0,4.62,77.6,3.498,4293.9,826.6,834.6,837.6,827.6,190.8,192.3,195.8,196.8,4.59,78.0,3.493,-1.2,0.957,0,nominal,0,0.0,194.96,701861.5
138.6,mission_cruise,73.45969983324069,2500.0,43.270150083379654,4292.3,828.6,837.5,838.8,827.9,191.2,192.5,196.2,196.7,4.56,77.5,3.448,4293.8,826.6,834.6,837.6,827.6,190.8,192.3,195.8,196.8,4.59,78.0,3.493,-1.2,0.957,0,nominal,0,0.0,194.96,701861.4
138.7,mission_cruise,73.4585881045025,2500.0,43.27070594774875,4289.8,826.8,835.6,838.2,828.1,189.8,192.0,194.6,196.3,4.6,78.0,3.446,4293.8,826.6,834.6,837.6,827.6,190.8,192.3,195.8,196.8,4.59,78.0,3.493,-1.2,0.957,0,nominal,0,0.0,194.96,701861.3
138.8,mission_cruise,73.45747637576432,2500.0,43.27126181211784,4297.3,825.6,835.4,837.9,826.8,191.2,193.3,195.8,196.9,4.59,78.0,3.474,4293.8,826.6,834.6,837.6,827.6,190.8,192.3,195.8,196.8,4.59,78.0,3.493,-1.2,0.957,0,nominal,0,0.0,194.96,701861.2
138.9,mission_cruise,73.45636464702612,2500.0,43.27181767648694,4296.4,824.2,835.9,836.1,827.2,191.1,192.0,195.5,197.0,4.58,77.7,3.516,4293.7,826.6,834.6,837.6,827.6,190.8,192.3,195.8,196.8,4.59,78.0,3.493,-1.2,0.957,0,nominal,0,0.0,194.96,701861.1
139.0,mission_cruise,73.45525291828794,2500.0,43.27237354085603,4288.3,827.0,834.6,835.9,830.0,191.2,192.2,196.1,196.9,4.64,77.9,3.461,4293.7,826.6,834.6,837.6,827.6,190.8,192.3,195.8,196.8,4.59,78.0,3.493,-1.2,0.957,0,nominal,0,0.0,194.96,701861.0
139.1,mission_cruise,73.45414118954974,2500.0,43.27292940522513,4301.5,825.5,835.6,837.8,827.0,190.9,192.6,196.2,195.2,4.58,77.5,3.477,4293.7,826.6,834.6,837.6,827.6,190.7,192.2,195.7,196.7,4.59,78.0,3.493,-1.2,0.957,0,nominal,0,0.0,194.96,701860.9
139.2,mission_cruise,73.45302946081156,2500.0,43.27348526959422,4299.0,828.1,835.2,837.8,827.8,189.5,192.5,194.8,196.6,4.6,78.3,3.518,4293.6,826.6,834.6,837.6,827.6,190.7,192.2,195.7,196.7,4.59,78.0,3.493,-1.2,0.957,0,nominal,0,0.0,194.96,701860.8
139.3,mission_cruise,73.45191773207337,2500.0,43.274041133963316,4295.1,827.2,837.2,838.1,826.8,190.7,191.2,196.1,197.1,4.62,77.0,3.458,4293.6,826.6,834.6,837.6,827.6,190.7,192.2,195.7,196.7,4.59,78.0,3.492,-1.2,0.957,0,nominal,0,0.0,194.96,701860.7
139.4,mission_cruise,73.45080600333519,2500.0,43.274596998332406,4299.9,825.4,831.0,837.1,827.8,190.8,191.9,196.6,196.9,4.61,78.6,3.476,4293.6,826.6,834.6,837.6,827.6,190.7,192.2,195.7,196.7,4.59,78.0,3.492,-1.2,0.957,0,nominal,0,0.0,194.96,701860.6
139.5,mission_cruise,73.449694274597,2500.0,43.2751528627015,4290.4,827.5,835.6,838.3,827.0,191.6,192.2,196.0,196.6,4.61,77.6,3.47,4293.5,826.6,834.6,837.6,827.6,190.7,192.2,195.7,196.7,4.59,78.0,3.492,-1.2,0.957,0,nominal,0,0.0,194.96,701860.5
139.6,mission_cruise,73.44858254585881,2500.0,43.275708727070594,4300.9,825.5,836.7,837.3,826.1,191.1,193.1,195.7,197.2,4.61,78.6,3.495,4293.5,826.6,834.6,837.6,827.6,190.7,192.2,195.7,196.7,4.59,78.0,3.492,-1.2,0.957,0,nominal,0,0.0,194.96,701860.4
139.7,mission_cruise,73.44747081712062,2500.0,43.27626459143969,4299.7,827.0,835.8,839.2,828.3,189.9,192.6,196.7,195.8,4.6,77.6,3.518,4293.5,826.6,834.6,837.6,827.6,190.7,192.2,195.7,196.7,4.59,78.0,3.492,-1.2,0.957,0,nominal,0,0.0,194.96,701860.3
139.8,mission_cruise,73.44635908838244,2500.0,43.27682045580878,4284.6,824.1,835.7,837.0,826.8,191.3,192.3,195.4,196.5,4.64,77.5,3.509,4293.4,826.6,834.6,837.6,827.6,190.7,192.2,195.7,196.7,4.59,78.0,3.492,-1.2,0.957,0,nominal,0,0.0,194.96,701860.2
139.9,mission_cruise,73.44524735964424,2500.0,43.27737632017788,4291.7,827.6,834.2,840.3,827.0,190.0,191.5,194.7,196.9,4.59,77.4,3.478,4293.4,826.6,834.6,837.6,827.6,190.7,192.2,195.7,196.7,4.59,78.0,3.492,-1.2,0.957,0,nominal,0,0.0,194.96,701860.1
140.0,mission_cruise,73.44413563090606,2500.0,43.27793218454697,4299.5,827.2,834.3,836.7,824.3,191.1,192.0,196.1,197.2,4.63,78.3,3.484,4293.3,826.6,834.6,837.6,827.6,190.7,192.2,195.7,196.7,4.59,78.0,3.492,-1.2,0.957,0,nominal,0,0.0,194.96,701860.0
140.1,mission_cruise,73.44302390216787,2500.0,43.27848804891607,4294.4,826.3,834.7,835.7,827.8,190.5,192.4,195.6,196.6,4.58,77.7,3.499,4293.3,826.6,834.6,837.6,827.6,190.7,192.2,195.7,196.7,4.59,78.0,3.492,-1.2,0.957,0,nominal,0,0.0,194.96,701859.9
140.2,mission_cruise,73.44191217342969,2500.0,43.27904391328516,4300.3,827.3,837.2,836.9,826.8,190.7,192.5,197.6,196.7,4.6,77.8,3.5,4293.3,826.6,834.6,837.6,827.6,190.7,192.2,195.7,196.7,4.59,78.0,3.492,-1.2,0.957,0,nominal,0,0.0,194.96,701859.8
140.3,mission_cruise,73.44080044469149,2500.0,43.279599777654255,4289.9,827.2,833.7,835.5,826.4,190.4,193.2,195.1,197.1,4.56,78.2,3.518,4293.2,826.6,834.6,837.6,827.6,190.7,192.2,195.7,196.7,4.59,78.0,3.492,-1.2,0.957,0,nominal,0,0.0,194.96,701859.7
140.4,mission_cruise,73.43968871595331,2500.0,43.280155642023345,4292.0,826.2,834.1,835.5,829.2,192.0,192.3,195.5,195.2,4.56,77.8,3.497,4293.2,826.6,834.6,837.6,827.6,190.7,192.2,195.7,196.7,4.59,78.0,3.492,-1.2,0.957,0,nominal,0,0.0,194.96,701859.6
140.5,mission_cruise,73.43857698721511,2500.0,43.28071150639244,4302.0,828.1,834.9,837.2,825.9,191.2,192.6,196.7,196.8,4.61,76.8,3.495,4293.2,826.6,834.6,837.6,827.6,190.7,192.2,195.7,196.7,4.59,78.0,3.492,-1.2,0.957,0,nominal,0,0.0,194.96,701859.5
140.6,mission_cruise,73.43746525847693,2500.0,43.28126737076153,4290.6,827.5,836.6,835.6,826.4,190.3,191.8,195.6,196.5,4.58,77.8,3.458,4293.1,826.6,834.6,837.6,827.6,190.7,192.2,195.7,196.7,4.59,78.0,3.492,-1.2,0.957,0,nominal,0,0.0,194.96,701859.4
140.7,mission_cruise,73.43635352973874,2500.0,43.28182323513063,4290.8,825.0,833.7,835.2,827.4,190.8,192.2,196.0,196.3,4.56,77.6,3.518,4293.1,826.6,834.6,837.6,827.6,190.7,192.2,195.7,196.7,4.59,78.0,3.492,-1.2,0.957,0,nominal,0,0.0,194.96,701859.3
140.8,mission_cruise,73.43524180100056,2500.0,43.28237909949972,4300.2,826.3,836.9,837.6,829.0,190.8,192.7,194.6,197.6,4.58,77.7,3.474,4293.1,826.6,834.6,837.6,827.6,190.7,192.2,195.7,196.7,4.59,78.0,3.492,-1.2,0.957,0,nominal,0,0.0,194.96,701859.2
140.9,mission_cruise,73.43413007226236,2500.0,43.28293496386882,4288.2,828.0,838.2,834.6,825.6,190.9,192.2,196.4,197.4,4.57,77.3,3.456,4293.0,826.6,834.6,837.6,827.6,190.7,192.2,195.7,196.7,4.59,78.0,3.492,-1.2,0.957,0,nominal,0,0.0,194.96,701859.1
141.0,mission_cruise,73.43301834352418,2500.0,43.28349082823791,4291.0,826.3,832.7,838.5,825.6,191.0,192.0,195.9,197.0,4.62,78.4,3.45,4293.0,826.6,834.6,837.6,827.6,190.7,192.2,195.7,196.7,4.59,78.0,3.492,-1.2,0.957,0,nominal,0,0.0,194.96,701859.0
141.1,mission_cruise,73.43190661478599,2500.0,43.284046692607006,4284.5,827.2,836.4,837.8,827.0,190.4,191.8,195.6,197.2,4.6,77.4,3.495,4292.9,826.6,834.6,837.6,827.6,190.7,192.2,195.7,196.7,4.59,78.0,3.492,-1.2,0.957,0,nominal,0,0.0,194.96,701858.9
141.2,mission_cruise,73.4307948860478,2500.0,43.2846025569761,4297.2,828.7,835.6,838.4,827.4,190.3,193.2,195.2,195.9,4.59,77.7,3.525,4292.9,826.6,834.6,837.6,827.6,190.7,192.2,195.7,196.7,4.59,78.0,3.492,-1.2,0.957,0,nominal,0,0.0,194.96,701858.8
141.3,mission_cruise,73.42968315730961,2500.0,43.285158421345194,4295.4,826.5,836.4,839.6,828.4,190.8,192.4,195.6,197.1,4.56,78.7,3.52,4292.9,826.6,834.6,837.6,827.6,190.7,192.2,195.7,196.7,4.59,78.0,3.492,-1.2,0.957,0,nominal,0,0.0,194.96,701858.7
141.4,mission_cruise,73.42857142857143,2500.0,43.285714285714285,4288.8,828.3,836.9,835.8,828.2,190.2,192.7,195.8,195.7,4.58,78.0,3.485,4292.8,826.6,834.6,837.6,827.6,190.7,192.2,195.7,196.7,4.59,78.0,3.492,-1.2,0.957,0,nominal,0,0.0,194.96,701858.6
141.5,mission_cruise,73.42745969983324,2500.0,43.28627015008338,4296.7,826.0,836.2,837.6,826.0,191.8,192.7,194.7,196.5,4.59,78.0,3.522,4292.8,826.6,834.6,837.6,827.6,190.7,192.2,195.7,196.7,4.59,78.0,3.492,-1.2,0.957,0,nominal,0,0.0,194.96,701858.5
141.6,mission_cruise,73.42634797109505,2500.0,43.28682601445247,4292.6,827.7,834.8,837.3,828.7,191.2,191.4,195.7,197.7,4.63,77.9,3.492,4292.8,826.6,834.6,837.6,827.6,190.7,192.2,195.7,196.7,4.59,78.0,3.491,-1.2,0.957,0,nominal,0,0.0,194.96,701858.4
141.7,mission_cruise,73.42523624235686,2500.0,43.28738187882157,4300.4,826.8,835.7,835.6,826.3,190.5,193.3,194.6,196.3,4.56,77.8,3.58,4292.7,826.6,834.6,837.6,827.6,190.7,192.2,195.7,196.7,4.59,78.0,3.491,-1.2,0.957,0,nominal,0,0.0,194.96,701858.3
141.8,mission_cruise,73.42412451361868,2500.0,43.28793774319066,4294.7,825.0,836.1,837.7,829.6,191.1,191.3,195.1,197.7,4.61,78.6,3.486,4292.7,826.6,834.6,837.6,827.6,190.7,192.2,195.7,196.7,4.59,78.0,3.491,-1.2,0.957,0,nominal,0,0.0,194.96,701858.2
141.9,mission_cruise,73.42301278488048,2500.0,43.28849360755976,4288.3,827.2,833.2,840.1,828.0,190.1,192.8,196.2,197.3,4.59,77.5,3.503,4292.7,826.6,834.6,837.6,827.6,190.7,192.2,195.7,196.7,4.59,78.0,3.491,-1.2,0.957,0,nominal,0,0.0,194.96,701858.1
142.0,mission_cruise,73.4219010561423,2500.0,43.28904947192885,4293.0,827.0,836.8,836.0,828.9,190.7,192.1,195.7,197.1,4.58,77.9,3.518,4292.6,826.6,834.6,837.6,827.6,190.7,192.2,195.7,196.7,4.59,78.0,3.491,-1.2,0.957,0,nominal,0,0.0,194.96,701858.0
142.1,mission_cruise,73.42078932740411,2500.0,43.289605336297946,4285.5,823.2,836.4,838.7,830.2,189.8,192.2,195.7,198.2,4.62,78.2,3.538,4292.6,826.6,834.6,837.6,827.6,190.7,192.2,195.7,196.7,4.59,78.0,3.491,-1.2,0.957,0,nominal,0,0.0,194.96,701857.9
142.2,mission_cruise,73.41967759866593,2500.0,43.290161200667036,4292.6,824.3,833.6,836.8,826.1,190.4,192.4,194.8,197.2,4.57,77.5,3.513,4292.6,826.6,834.6,837.6,827.6,190.7,192.2,195.7,196.7,4.59,78.0,3.491,-1.2,0.957,0,nominal,0,0.0,194.96,701857.8
142.3,mission_cruise,73.41856586992773,2500.0,43.290717065036134,4293.5,827.4,834.3,835.5,826.8,191.4,191.8,195.7,196.4,4.57,78.4,3.471,4292.5,826.6,834.6,837.6,827.6,190.7,192.2,195.7,196.7,4.59,78.0,3.491,-1.2,0.957,0,nominal,0,0.0,194.96,701857.7
142.4,mission_cruise,73.41745414118955,2500.0,43.291272929405224,4290.3,827.7,835.8,838.0,829.5,190.7,191.2,196.1,196.5,4.59,78.0,3.463,4292.5,826.6,834.6,837.6,827.6,190.7,192.2,195.7,196.7,4.59,78.0,3.491,-1.2,0.957,0,nominal,0,0.0,194.96,701857.6
142.5,mission_cruise,73.41634241245136,2500.0,43.29182879377432,4295.5,828.4,833.4,836.9,829.3,191.1,192.1,195.6,196.1,4.61,78.1,3.461,4292.4,826.6,834.6,837.6,827.6,190.7,192.2,195.7,196.7,4.59,78.0,3.491,-1.2,0.957,0,nominal,0,0.0,194.96,701857.5
142.6,mission_cruise,73.41523068371318,2500.0,43.29238465814341,4296.3,822.8,836.3,836.0,828.0,189.9,191.0,196.2,196.0,4.56,78.3,3.464,4292.4,826.6,834.6,837.6,827.6,190.7,192.2,195.7,196.7,4.59,78.0,3.491,-1.2,0.957,0,nominal,0,0.0,194.96,701857.4
142.7,mission_cruise,73.41411895497498,2500.0,43.29294052251251,4293.1,828.1,834.4,839.1,826.0,190.5,193.1,195.1,197.2,4.62,78.3,3.532,4292.4,826.5,834.5,837.5,827.5,190.7,192.2,195.7,196.7,4.59,78.0,3.491,-1.2,0.957,0,nominal,0,0.0,194.96,701857.3
142.8,mission_cruise,73.4130072262368,2500.0,43.2934963868816,4298.7,824.8,834.4,839.9,829.3,190.8,191.8,195.1,197.9,4.56,78.4,3.501,4292.3,826.5,834.5,837.5,827.5,190.7,192.2,195.7,196.7,4.59,78.0,3.491,-1.2,0.957,0,nominal,0,0.0,194.96,701857.2
142.9,mission_cruise,73.4118954974986,2500.0,43.2940522512507,4284.3,827.8,835.3,834.6,826.9,191.1,192.5,196.1,197.2,4.6,78.2,3.437,4292.3,826.5,834.5,837.5,827.5,190.7,192.2,195.7,196.7,4.59,78.0,3.491,-1.2,0.957,0,nominal,0,0.0,194.96,701857.1
143.0,mission_cruise,73.41078376876042,2500.0,43.29460811561979,4300.2,827.0,834.2,838.2,828.6,189.7,192.7,194.9,196.9,4.59,78.1,3.498,4292.3,826.5,834.5,837.5,827.5,190.7,192.2,195.7,196.7,4.59,78.0,3.491,-1.2,0.957,0,nominal,0,0.0,194.96,701857.0
143.1,mission_cruise,73.40967204002223,2500.0,43.295163979988885,4288.7,826.3,835.9,836.5,826.7,189.4,191.5,195.1,196.3,4.67,78.0,3.488,4292.2,826.5,834.5,837.5,827.5,190.7,192.2,195.7,196.7,4.59,78.0,3.491,-1.2,0.957,0,nominal,0,0.0,194.96,701856.9
143.2,mission_cruise,73.40856031128405,2500.0,43.295719844357976,4286.9,825.5,834.7,838.4,830.0,190.2,192.5,196.2,195.9,4.64,78.1,3.485,4292.2,826.5,834.5,837.5,827.5,190.7,192.2,195.7,196.7,4.59,78.0,3.491,-1.2,0.957,0,nominal,0,0.0,194.96,701856.8
143.3,mission_cruise,73.40744858254585,2500.0,43.29627570872707,4297.6,826.3,836.7,839.4,827.1,190.1,191.6,196.9,196.7,4.62,78.1,3.497,4292.2,826.5,834.5,837.5,827.5,190.7,192.2,195.7,196.7,4.59,78.0,3.491,-1.2,0.957,0,nominal,0,0.0,194.96,701856.7
143.4,mission_cruise,73.40633685380767,2500.0,43.29683157309616,4297.9,826.0,834.4,837.8,827.8,191.1,191.2,196.7,196.7,4.61,77.9,3.474,4292.1,826.5,834.5,837.5,827.5,190.7,192.2,195.7,196.7,4.59,78.0,3.491,-1.2,0.957,0,nominal,0,0.0,194.96,701856.6
143.5,mission_cruise,73.40522512506948,2500.0,43.29738743746526,4287.8,825.5,834.1,835.4,827.4,191.0,191.9,195.0,195.8,4.61,78.0,3.45,4292.1,826.5,834.5,837.5,827.5,190.7,192.2,195.7,196.7,4.59,78.0,3.491,-1.2,0.957,0,nominal,0,0.0,194.96,701856.5
143.6,mission_cruise,73.4041133963313,2500.0,43.29794330183435,4289.4,824.1,836.1,836.1,825.6,190.3,191.2,195.9,196.5,4.6,77.6,3.545,4292.1,826.5,834.5,837.5,827.5,190.7,192.2,195.7,196.7,4.59,78.0,3.491,-1.2,0.957,0,nominal,0,0.0,194.96,701856.4
143.7,mission_cruise,73.4030016675931,2500.0,43.29849916620345,4288.4,826.4,836.7,837.6,826.3,190.5,192.5,196.8,196.0,4.59,77.8,3.47,4292.0,826.5,834.5,837.5,827.5,190.7,192.2,195.7,196.7,4.59,78.0,3.491,-1.2,0.957,0,nominal,0,0.0,194.96,701856.3
143.8,mission_cruise,73.40188993885492,2500.0,43.29905503057254,4291.9,826.2,834.1,837.7,825.8,190.4,192.1,195.0,196.6,4.61,79.1,3.469,4292.0,826.5,834.5,837.5,827.5,190.7,192.2,195.7,196.7,4.59,78.0,3.491,-1.2,0.957,0,nominal,0,0.0,194.96,701856.2
143.9,mission_cruise,73.40077821011673,2500.0,43.29961089494164,4299.1,827.2,834.7,837.4,828.7,190.6,191.9,195.7,196.8,4.57,77.6,3.464,4291.9,826.5,834.5,837.5,827.5,190.7,192.2,195.7,196.7,4.59,78.0,3.49,-1.2,0.957,0,nominal,0,0.0,194.96,701856.1
144.0,mission_cruise,73.39966648137855,2500.0,43.30016675931073,4287.8,826.0,835.4,836.2,824.4,191.3,191.8,196.8,197.1,4.58,78.3,3.477,4291.9,826.5,834.5,837.5,827.5,190.7,192.2,195.7,196.7,4.59,78.0,3.49,-1.2,0.957,0,nominal,0,0.0,194.96,701856.0
144.1,mission_cruise,73.39855475264035,2500.0,43.300722623679825,4283.6,829.4,833.9,836.4,827.2,190.5,193.4,195.7,195.5,4.58,78.5,3.514,4291.9,826.5,834.5,837.5,827.5,190.7,192.2,195.7,196.7,4.59,78.0,3.49,-1.2,0.957,0,nominal,0,0.0,194.96,701855.9
144.2,mission_cruise,73.39744302390217,2500.0,43.301278488048915,4300.1,825.9,835.5,838.4,827.0,190.5,192.8,195.3,195.7,4.61,77.9,3.544,4291.8,826.5,834.5,837.5,827.5,190.7,192.2,195.7,196.7,4.59,78.0,3.49,-1.2,0.957,0,nominal,0,0.0,194.96,701855.8
144.3,mission_cruise,73.39633129516398,2500.0,43.30183435241801,4296.9,826.6,833.5,836.0,828.9,190.9,191.9,196.4,195.6,4.58,78.7,3.452,4291.8,826.5,834.5,837.5,827.5,190.7,192.2,195.7,196.7,4.59,78.0,3.49,-1.2,0.957,0,nominal,0,0.0,194.96,701855.7
144.4,mission_cruise,73.3952195664258,2500.0,43.3023902167871,4291.3,824.0,832.8,839.1,829.6,191.0,192.0,196.1,197.0,4.58,78.8,3.461,4291.8,826.5,834.5,837.5,827.5,190.7,192.2,195.7,196.7,4.59,78.0,3.49,-1.2,0.957,0,nominal,0,0.0,194.96,701855.6
144.5,mission_cruise,73.3941078376876,2500.0,43.3029460811562,4287.0,825.5,833.5,837.5,828.4,190.7,192.0,195.3,196.4,4.6,78.4,3.531,4291.7,826.5,834.5,837.5,827.5,190.7,192.2,195.7,196.7,4.59,78.0,3.49,-1.2,0.957,0,nominal,0,0.0,194.96,701855.5
144.6,mission_cruise,73.39299610894942,2500.0,43.30350194552529,4289.8,826.8,836.0,836.2,826.3,189.6,192.1,195.5,197.0,4.6,77.7,3.549,4291.7,826.5,834.5,837.5,827.5,190.7,192.2,195.7,196.7,4.59,78.0,3.49,-1.2,0.957,0,nominal,0,0.0,194.96,701855.4
144.7,mission_cruise,73.39188438021122,2500.0,43.30405780989439,4294.6,824.8,831.5,837.3,827.8,190.6,191.0,195.8,197.3,4.6,78.4,3.523,4291.7,826.5,834.5,837.5,827.5,190.7,192.2,195.7,196.7,4.59,78.0,3.49,-1.2,0.957,0,nominal,0,0.0,194.96,701855.3
144.8,mission_cruise,73.39077265147304,2500.0,43.30461367426348,4294.2,827.0,832.4,836.4,827.0,190.9,191.0,194.9,196.8,4.64,78.5,3.546,4291.6,826.5,834.5,837.5,827.5,190.7,192.2,195.7,196.7,4.59,78.0,3.49,-1.2,0.957,0,nominal,0,0.0,194.96,701855.2
144.9,mission_cruise,73.38966092273485,2500.0,43.305169538632576,4279.7,826.8,833.8,836.8,828.9,191.6,192.1,195.7,196.9,4.6,78.1,3.493,4291.6,826.5,834.5,837.5,827.5,190.7,192.2,195.7,196.7,4.59,78.0,3.49,-1.2,0.957,0,nominal,0,0.0,194.96,701855.1
145.0,mission_cruise,73.38854919399667,2500.0,43.30572540300167,4286.6,825.2,834.4,838.0,826.9,190.5,192.5,196.3,196.7,4.62,77.6,3.511,4291.6,826.5,834.5,837.5,827.5,190.7,192.2,195.7,196.7,4.59,78.0,3.49,-1.2,0.957,0,nominal,0,0.0,194.96,701855.0
145.1,mission_cruise,73.38743746525847,2500.0,43.306281267370764,4288.7,826.1,836.3,837.7,827.8,190.5,192.1,196.0,196.6,4.62,77.4,3.514,4291.5,826.5,834.5,837.5,827.5,190.7,192.2,195.7,196.7,4.59,78.0,3.49,-1.2,0.957,0,nominal,0,0.0,194.96,701854.9
145.2,mission_cruise,73.38632573652029,2500.0,43.306837131739854,4293.3,828.3,835.5,838.8,828.4,191.1,192.0,194.3,195.1,4.62,77.6,3.503,4291.5,826.5,834.5,837.5,827.5,190.7,192.2,195.7,196.7,4.59,78.0,3.49,-1.2,0.957,0,nominal,0,0.0,194.96,701854.8
145.3,mission_cruise,73.3852140077821,2500.0,43.30739299610895,4290.3,828.0,833.8,837.0,829.0,190.5,192.1,195.7,197.1,4.59,78.2,3.469,4291.4,826.5,834.5,837.5,827.5,190.7,192.2,195.7,196.7,4.59,78.0,3.49,-1.2,0.957,0,nominal,0,0.0,194.96,701854.7
145.4,mission_cruise,73.38410227904392,2500.0,43.30794886047804,4295.6,826.2,833.2,837.5,825.0,191.7,191.2,196.1,196.2,4.54,78.4,3.546,4291.4,826.5,834.5,837.5,827.5,190.7,192.2,195.7,196.7,4.59,78.0,3.49,-1.2,0.957,0,nominal,0,0.0,194.96,701854.6
145.5,mission_cruise,73.38299055030572,2500.0,43.30850472484714,4276.2,824.9,834.3,836.4,826.5,190.3,191.4,195.7,196.3,4.63,77.5,3.49,4291.4,826.5,834.5,837.5,827.5,190.7,192.2,195.7,196.7,4.59,78.0,3.49,-1.2,0.957,0,nominal,0,0.0,194.96,701854.5
145.6,mission_cruise,73.38187882156754,2500.0,43.30906058921623,4296.4,826.0,834.4,838.1,829.3,190.2,192.6,195.1,196.5,4.61,78.7,3.508,4291.3,826.5,834.5,837.5,827.5,190.7,192.2,195.7,196.7,4.59,78.0,3.49,-1.2,0.957,0,nominal,0,0.0,194.96,701854.4
145.7,mission_cruise,73.38076709282934,2500.0,43.30961645358533,4296.7,826.4,834.2,837.6,828.7,190.4,193.6,195.0,195.6,4.59,78.2,3.542,4291.3,826.5,834.5,837.5,827.5,190.7,192.2,195.7,196.7,4.59,78.0,3.49,-1.2,0.957,0,nominal,0,0.0,194.96,701854.3
145.8,mission_cruise,73.37965536409116,2500.0,43.31017231795442,4295.2,826.1,835.3,839.8,826.3,189.5,193.2,196.3,196.7,4.63,78.7,3.513,4291.3,826.5,834.5,837.5,827.5,190.7,192.2,195.7,196.7,4.59,78.0,3.49,-1.2,0.957,0,nominal,0,0.0,194.96,701854.2
145.9,mission_cruise,73.37854363535297,2500.0,43.310728182323516,4290.0,826.3,834.6,837.2,827.1,191.1,191.2,194.5,196.9,4.59,78.8,3.513,4291.2,826.5,834.5,837.5,827.5,190.7,192.2,195.7,196.7,4.59,78.0,3.49,-1.2,0.957,0,nominal,0,0.0,194.96,701854.1
146.0,mission_cruise,73.37743190661479,2500.0,43.311284046692606,4289.7,825.5,835.0,837.5,827.2,190.4,194.1,195.6,196.7,4.61,78.1,3.489,4291.2,826.5,834.5,837.5,827.5,190.7,192.2,195.7,196.7,4.59,78.0,3.49,-1.2,0.957,0,nominal,0,0.0,194.96,701854.0
146.1,mission_cruise,73.3763201778766,2500.0,43.3118399110617,4290.7,823.6,835.0,838.9,826.2,191.1,192.3,195.9,196.6,4.59,78.0,3.471,4291.2,826.5,834.5,837.5,827.5,190.7,192.2,195.7,196.7,4.59,78.0,3.489,-1.2,0.957,0,nominal,0,0.0,194.96,701853.9
146.2,mission_cruise,73.37520844913841,2500.0,43.312395775430794,4288.5,825.9,835.9,836.4,828.6,190.8,191.7,195.7,196.6,4.61,78.6,3.51,4291.1,826.5,834.5,837.5,827.5,190.6,192.1,195.6,196.6,4.59,78.0,3.489,-1.2,0.957,0,nominal,0,0.0,194.96,701853.8
146.3,mission_cruise,73.37409672040022,2500.0,43.31295163979989,4293.1,824.1,834.1,838.9,827.0,190.6,191.6,196.3,196.6,4.62,78.4,3.501,4291.1,826.5,834.5,837.5,827.5,190.6,192.1,195.6,196.6,4.59,78.0,3.489,-1.2,0.957,0,nominal,0,0.0,194.96,701853.7
146.4,mission_cruise,73.37298499166204,2500.0,43.31350750416898,4293.0,827.9,833.9,837.7,828.7,190.4,191.5,196.0,196.3,4.61,76.8,3.509,4291.0,826.5,834.5,837.5,827.5,190.6,192.1,195.6,196.6,4.59,78.0,3.489,-1.2,0.957,0,nominal,0,0.0,194.96,701853.6
146.5,mission_cruise,73.37187326292384,2500.0,43.31406336853808,4292.9,826.0,836.4,837.6,827.5,190.3,191.8,196.0,196.9,4.62,78.3,3.511,4291.0,826.5,834.5,837.5,827.5,190.6,192.1,195.6,196.6,4.59,78.0,3.489,-1.2,0.957,0,nominal,0,0.0,194.96,701853.5
146.6,mission_cruise,73.37076153418566,2500.0,43.31461923290717,4284.8,826.1,832.1,836.5,826.8,191.4,192.2,195.4,196.4,4.59,78.1,3.494,4291.0,826.5,834.5,837.5,827.5,190.6,192.1,195.6,196.6,4.59,78.0,3.489,-1.2,0.957,0,nominal,0,0.0,194.96,701853.4
146.7,mission_cruise,73.36964980544747,2500.0,43.31517509727627,4289.2,827.7,833.9,837.7,828.3,190.7,191.2,195.9,195.8,4.58,78.4,3.477,4290.9,826.5,834.5,837.5,827.5,190.6,192.1,195.6,196.6,4.59,78.0,3.489,-1.2,0.957,0,nominal,0,0.0,194.96,701853.3
146.8,mission_cruise,73.36853807670929,2500.0,43.31573096164536,4286.3,826.2,834.3,839.6,829.3,189.7,192.5,195.5,196.3,4.62,77.9,3.449,4290.9,826.5,834.5,837.5,827.5,190.6,192.1,195.6,196.6,4.59,78.0,3.489,-1.2,0.957,0,nominal,0,0.0,194.96,701853.2
146.9,mission_cruise,73.36742634797109,2500.0,43.316286826014455,4291.0,824.1,835.4,836.7,828.1,191.7,192.6,195.9,196.4,4.58,78.2,3.484,4290.9,826.5,834.5,837.5,827.5,190.6,192.1,195.6,196.6,4.59,78.0,3.489,-1.2,0.957,0,nominal,0,0.0,194.96,701853.1
147.0,mission_cruise,73.36631461923291,2500.0,43.316842690383545,4301.8,824.7,835.4,837.9,827.5,190.0,191.6,196.7,196.8,4.58,77.6,3.449,4290.8,826.5,834.5,837.5,827.5,190.6,192.1,195.6,196.6,4.59,78.0,3.489,-1.2,0.957,0,nominal,0,0.0,194.96,701853.0
147.1,mission_cruise,73.36520289049471,2500.0,43.31739855475264,4290.0,825.7,832.8,835.9,827.4,190.8,192.2,195.6,197.0,4.58,77.7,3.541,4290.8,826.5,834.5,837.5,827.5,190.6,192.1,195.6,196.6,4.59,78.0,3.489,-1.2,0.957,0,nominal,0,0.0,194.96,701852.9
147.2,mission_cruise,73.36409116175653,2500.0,43.31795441912173,4290.1,827.9,836.5,837.4,828.8,190.9,191.8,194.5,195.2,4.57,78.4,3.456,4290.8,826.5,834.5,837.5,827.5,190.6,192.1,195.6,196.6,4.59,78.0,3.489,-1.2,0.957,0,nominal,0,0.0,194.96,701852.8
147.3,mission_cruise,73.36297943301834,2500.0,43.31851028349083,4283.2,827.0,836.1,837.8,828.3,189.7,191.9,196.1,196.3,4.59,78.3,3.468,4290.7,826.5,834.5,837.5,827.5,190.6,192.1,195.6,196.6,4.59,78.0,3.489,-1.2,0.957,0,nominal,0,0.0,194.96,701852.7
147.4,mission_cruise,73.36186770428016,2500.0,43.31906614785992,4286.1,827.5,834.6,838.9,828.5,190.8,191.8,196.4,196.1,4.57,78.6,3.534,4290.7,826.5,834.5,837.5,827.5,190.6,192.1,195.6,196.6,4.59,78.0,3.489,-1.2,0.957,0,nominal,0,0.0,194.96,701852.6
147.5,mission_cruise,73.36075597554196,2500.0,43.31962201222902,4292.6,828.1,835.1,836.7,828.3,191.5,191.0,195.6,197.0,4.6,78.0,3.498,4290.7,826.5,834.5,837.5,827.5,190.6,192.1,195.6,196.6,4.59,78.0,3.489,-1.2,0.957,0,nominal,0,0.0,194.96,701852.5
147.6,mission_cruise,73.35964424680378,2500.0,43.32017787659811,4290.9,823.9,836.0,837.9,826.6,190.1,193.4,196.1,196.9,4.59,78.2,3.481,4290.6,826.5,834.5,837.5,827.5,190.6,192.1,195.6,196.6,4.59,78.0,3.489,-1.2,0.957,0,nominal,0,0.0,194.96,701852.4
147.7,mission_cruise,73.35853251806559,2500.0,43.320733740967206,4294.0,826.8,834.8,838.4,827.2,190.3,192.6,195.7,197.2,4.61,77.8,3.57,4290.6,826.5,834.5,837.5,827.5,190.6,192.1,195.6,196.6,4.59,78.0,3.489,-1.2,0.957,0,nominal,0,0.0,194.96,701852.3
147.8,mission_cruise,73.3574207893274,2500.0,43.3212896053363,4288.1,825.9,833.2,835.8,829.9,190.9,193.2,195.4,196.5,4.57,78.3,3.443,4290.5,826.5,834.5,837.5,827.5,190.6,192.1,195.6,196.6,4.59,78.0,3.489,-1.2,0.957,0,nominal,0,0.0,194.96,701852.2
147.9,mission_cruise,73.35630906058921,2500.0,43.321845469705394,4294.4,827.6,835.5,838.3,828.1,191.0,192.3,196.0,197.4,4.58,78.3,3.488,4290.5,826.4,834.4,837.4,827.4,190.6,192.1,195.6,196.6,4.59,78.0,3.489,-1.2,0.957,0,nominal,0,0.0,194.96,701852.1
148.0,mission_cruise,73.35519733185103,2500.0,43.322401334074485,4281.3,825.4,835.2,838.2,827.6,191.0,192.7,195.1,196.2,4.55,77.4,3.511,4290.5,826.4,834.4,837.4,827.4,190.6,192.1,195.6,196.6,4.59,78.0,3.489,-1.2,0.957,0,nominal,0,0.0,194.96,701852.0
148.1,mission_cruise,73.35408560311284,2500.0,43.32295719844358,4297.5,827.6,833.8,837.8,827.2,190.5,192.6,195.4,196.6,4.58,78.5,3.509,4290.4,826.4,834.4,837.4,827.4,190.6,192.1,195.6,196.6,4.59,78.0,3.489,-1.2,0.957,0,nominal,0,0.0,194.96,701851.9
148.2,mission_cruise,73.35297387437465,2500.0,43.32351306281267,4292.4,826.3,836.3,838.0,826.6,190.0,191.8,195.0,195.6,4.57,77.6,3.475,4290.4,826.4,834.4,837.4,827.4,190.6,192.1,195.6,196.6,4.59,78.0,3.489,-1.2,0.957,0,nominal,0,0.0,194.96,701851.8
148.3,mission_cruise,73.35186214563646,2500.0,43.32406892718177,4288.0,826.0,833.0,837.4,825.4,191.0,191.8,196.6,196.8,4.62,77.6,3.491,4290.4,826.4,834.4,837.4,827.4,190.6,192.1,195.6,196.6,4.59,78.0,3.489,-1.2,0.957,0,nominal,0,0.0,194.96,701851.7
148.4,mission_cruise,73.35075041689828,2500.0,43.32462479155086,4295.9,823.8,835.4,834.8,829.9,190.9,191.9,195.5,196.2,4.6,78.3,3.492,4290.3,826.4,834.4,837.4,827.4,190.6,192.1,195.6,196.6,4.59,78.0,3.488,-1.2,0.957,0,nominal,0,0.0,194.96,701851.6
148.5,mission_cruise,73.34963868816008,2500.0,43.32518065591996,4287.4,824.7,838.7,833.2,827.5,190.6,192.3,195.3,196.7,4.6,78.6,3.469,4290.3,826.4,834.4,837.4,827.4,190.6,192.1,195.6,196.6,4.59,78.0,3.488,-1.2,0.957,0,nominal,0,0.0,194.96,701851.5
148.6,mission_cruise,73.3485269594219,2500.0,43.32573652028905,4287.9,827.7,837.0,838.5,826.9,190.3,192.3,195.0,196.6,4.59,78.7,3.493,4290.3,826.4,834.4,837.4,827.4,190.6,192.1,195.6,196.6,4.59,78.0,3.488,-1.2,0.957,0,nominal,0,0.0,194.96,701851.4
148.7,mission_cruise,73.34741523068371,2500.0,43.326292384658146,4288.4,831.6,833.9,838.0,827.6,189.5,192.8,195.9,197.6,4.63,77.8,3.486,4290.2,826.4,834.4,837.4,827.4,190.6,192.1,195.6,196.6,4.59,78.0,3.488,-1.2,0.957,0,nominal,0,0.0,194.96,701851.3
148.8,mission_cruise,73.34630350194553,2500.0,43.326848249027236,4294.3,824.8,834.7,837.9,825.8,190.4,191.7,194.8,196.1,4.6,77.3,3.586,4290.2,826.4,834.4,837.4,827.4,190.6,192.1,195.6,196.6,4.59,78.0,3.488,-1.2,0.957,0,nominal,0,0.0,194.96,701851.2
148.9,mission_cruise,73.34519177320733,2500.0,43.327404113396334,4290.5,829.0,834.6,838.8,825.4,190.2,191.8,196.3,197.3,4.55,78.7,3.505,4290.2,826.4,834.4,837.4,827.4,190.6,192.1,195.6,196.6,4.59,78.0,3.488,-1.2,0.957,0,nominal,0,0.0,194.96,701851.1
149.0,mission_cruise,73.34408004446915,2500.0,43.327959977765424,4286.2,825.4,836.5,837.9,827.3,190.2,192.1,195.6,197.8,4.56,77.8,3.476,4290.1,826.4,834.4,837.4,827.4,190.6,192.1,195.6,196.6,4.59,78.0,3.488,-1.2,0.957,0,nominal,0,0.0,194.96,701851.0
149.1,mission_cruise,73.34296831573096,2500.0,43.32851584213452,4295.3,823.3,833.7,837.3,827.0,190.5,190.8,195.2,196.8,4.57,78.4,3.511,4290.1,826.4,834.4,837.4,827.4,190.6,192.1,195.6,196.6,4.59,78.0,3.488,-1.2,0.957,0,nominal,0,0.0,194.96,701850.9
149.2,mission_cruise,73.34185658699278,2500.0,43.32907170650361,4283.1,825.5,836.5,838.1,829.6,190.8,192.6,195.7,197.4,4.54,78.3,3.49,4290.0,826.4,834.4,837.4,827.4,190.6,192.1,195.6,196.6,4.59,78.0,3.488,-1.2,0.957,0,nominal,0,0.0,194.96,701850.8
149.3,mission_cruise,73.34074485825458,2500.0,43.32962757087271,4294.4,827.2,834.0,835.5,828.2,190.2,191.9,195.0,195.8,4.62,78.0,3.538,4290.0,826.4,834.4,837.4,827.4,190.6,192.1,195.6,196.6,4.59,78.0,3.488,-1.2,0.957,0,nominal,0,0.0,194.96,701850.7
149.4,mission_cruise,73.3396331295164,2500.0,43.3301834352418,4292.0,827.2,835.5,839.7,827.6,190.5,191.8,195.8,196.8,4.55,78.4,3.42,4290.0,826.4,834.4,837.4,827.4,190.6,192.1,195.6,196.6,4.59,78.0,3.488,-1.2,0.957,0,nominal,0,0.0,194.96,701850.6
149.5,mission_cruise,73.3385214007782,2500.0,43.3307392996109,4290.2,826.1,835.2,838.9,827.6,190.8,191.0,196.0,196.7,4.62,77.9,3.474,4289.9,826.4,834.4,837.4,827.4,190.6,192.1,195.6,196.6,4.59,78.0,3.488,-1.2,0.957,0,nominal,0,0.0,194.96,701850.5
149.6,mission_cruise,73.33740967204002,2500.0,43.33129516397999,4295.5,829.7,833.7,837.7,827.5,190.6,193.3,196.0,196.2,4.55,77.6,3.466,4289.9,826.4,834.4,837.4,827.4,190.6,192.1,195.6,196.6,4.59,78.0,3.488,-1.2,0.957,0,nominal,0,0.0,194.96,701850.4
149.7,mission_cruise,73.33629794330183,2500.0,43.331851028349085,4294.0,825.5,832.8,838.0,831.6,190.6,192.4,195.0,197.1,4.62,77.7,3.468,4289.9,826.4,834.4,837.4,827.4,190.6,192.1,195.6,196.6,4.59,78.0,3.488,-1.2,0.957,0,nominal,0,0.0,194.96,701850.3
149.8,mission_cruise,73.33518621456365,2500.0,43.332406892718176,4290.3,825.7,834.2,839.7,828.2,190.5,191.7,194.8,196.9,4.64,78.3,3.487,4289.8,826.4,834.4,837.4,827.4,190.6,192.1,195.6,196.6,4.59,78.0,3.488,-1.2,0.957,0,nominal,0,0.0,194.96,701850.2
149.9,mission_cruise,73.33407448582545,2500.0,43.33296275708727,4287.2,827.7,836.0,837.8,828.3,189.6,191.7,195.3,196.3,4.6,77.7,3.489,4289.8,826.4,834.4,837.4,827.4,190.6,192.1,195.6,196.6,4.59,78.0,3.488,-1.2,0.957,0,nominal,0,0.0,194.96,701850.1
150.0,mission_cruise,73.33296275708727,2500.0,43.33351862145636,4294.5,824.2,834.1,840.0,825.9,189.3,192.3,196.1,196.7,4.6,78.5,3.466,4289.8,826.4,834.4,837.4,827.4,190.6,192.1,195.6,196.6,4.59,78.0,3.488,-1.2,0.957,0,nominal,0,0.0,194.96,701850.0
150.1,mission_cruise,73.33185102834908,2500.0,43.33407448582546,4280.6,824.0,833.7,834.7,826.7,191.1,191.9,195.5,196.9,4.6,78.5,3.527,4289.7,826.4,834.4,837.4,827.4,190.6,192.1,195.6,196.6,4.59,78.0,3.488,-1.2,0.957,0,nominal,0,0.0,194.96,701849.9
150.2,mission_cruise,73.3307392996109,2500.0,43.33463035019455,4293.1,826.2,832.5,839.9,825.5,191.5,192.0,195.3,195.8,4.61,77.7,3.49,4289.7,826.4,834.4,837.4,827.4,190.6,192.1,195.6,196.6,4.59,78.0,3.488,-1.2,0.957,0,nominal,0,0.0,194.96,701849.8
150.3,mission_cruise,73.3296275708727,2500.0,43.33518621456365,4292.7,827.0,832.9,835.5,828.5,190.2,192.7,195.9,196.8,4.61,77.6,3.491,4289.7,826.4,834.4,837.4,827.4,190.6,192.1,195.6,196.6,4.59,78.0,3.488,-1.2,0.957,0,nominal,0,0.0,194.96,701849.7
150.4,mission_cruise,73.32851584213452,2500.0,43.33574207893274,4286.3,824.9,833.1,838.3,827.3,189.3,191.7,195.9,198.4,4.57,78.2,3.483,4289.6,826.4,834.4,837.4,827.4,190.6,192.1,195.6,196.6,4.59,78.0,3.488,-1.2,0.957,0,nominal,0,0.0,194.96,701849.6
150.5,mission_cruise,73.32740411339633,2500.0,43.33629794330184,4289.6,826.2,836.8,836.0,826.8,191.0,192.6,195.0,196.6,4.61,78.7,3.529,4289.6,826.4,834.4,837.4,827.4,190.6,192.1,195.6,196.6,4.59,78.0,3.488,-1.2,0.957,0,nominal,0,0.0,194.96,701849.5
150.6,mission_cruise,73.32629238465815,2500.0,43.33685380767093,4289.6,826.9,835.2,837.1,826.1,190.8,191.7,195.0,196.5,4.61,77.8,3.446,4289.5,826.4,834.4,837.4,827.4,190.6,192.1,195.6,196.6,4.59,78.0,3.488,-1.2,0.957,0,nominal,0,0.0,194.96,701849.4
150.7,mission_cruise,73.32518065591995,2500.0,43.337409672040025,4289.0,825.5,836.1,836.1,827.8,190.2,192.5,195.0,195.8,4.59,77.6,3.486,4289.5,826.4,834.4,837.4,827.4,190.6,192.1,195.6,196.6,4.59,78.0,3.487,-1.2,0.957,0,nominal,0,0.0,194.96,701849.3
150.8,mission_cruise,73.32406892718177,2500.0,43.337965536409115,4287.4,825.5,832.4,838.7,826.8,189.8,192.7,196.7,195.9,4.63,78.3,3.439,4289.5,826.4,834.4,837.4,827.4,190.6,192.1,195.6,196.6,4.59,78.0,3.487,-1.2,0.957,0,nominal,0,0.0,194.96,701849.2
150.9,mission_cruise,73.32295719844358,2500.0,43.33852140077821,4292.9,830.6,836.0,839.5,827.2,190.9,191.4,195.9,197.7,4.61,77.8,3.502,4289.4,826.4,834.4,837.4,827.4,190.6,192.1,195.6,196.6,4.59,78.0,3.487,-1.2,0.957,0,nominal,0,0.0,194.96,701849.1
151.0,mission_cruise,73.3218454697054,2500.0,43.3390772651473,4297.8,827.5,833.1,836.8,827.4,190.4,192.8,194.9,195.8,4.56,78.2,3.463,4289.4,826.4,834.4,837.4,827.4,190.6,192.1,195.6,196.6,4.59,78.0,3.487,-1.2,0.957,0,nominal,0,0.0,194.96,701849.0
151.1,mission_cruise,73.3207337409672,2500.0,43.3396331295164,4288.3,825.8,834.5,835.6,828.6,190.9,193.1,195.3,197.2,4.63,78.5,3.5,4289.4,826.4,834.4,837.4,827.4,190.6,192.1,195.6,196.6,4.59,78.0,3.487,-1.2,0.957,0,nominal,0,0.0,194.96,701848.9
151.2,mission_cruise,73.31962201222902,2500.0,43.34018899388549,4286.3,826.2,833.0,837.2,829.4,191.2,192.1,196.6,196.7,4.6,78.5,3.476,4289.3,826.4,834.4,837.4,827.4,190.6,192.1,195.6,196.6,4.59,78.0,3.487,-1.2,0.957,0,nominal,0,0.0,194.96,701848.8
151.3,mission_cruise,73.31851028349082,2500.0,43.34074485825459,4295.2,826.1,835.3,837.4,828.3,190.4,193.2,195.6,196.1,4.58,77.4,3.474,4289.3,826.4,834.4,837.4,827.4,190.6,192.1,195.6,196.6,4.59,78.0,3.487,-1.2,0.957,0,nominal,0,0.0,194.96,701848.7
151.4,mission_cruise,73.31739855475264,2500.0,43.34130072262368,4290.8,828.2,834.5,839.5,826.0,189.2,192.7,195.6,196.8,4.61,78.2,3.469,4289.3,826.4,834.4,837.4,827.4,190.6,192.1,195.6,196.6,4.59,78.0,3.487,-1.2,0.957,0,nominal,0,0.0,194.96,701848.6
151.5,mission_cruise,73.31628682601445,2500.0,43.341856586992776,4295.1,825.8,835.4,838.2,826.0,189.8,191.9,195.3,196.7,4.63,78.7,3.488,4289.2,826.4,834.4,837.4,827.4,190.6,192.1,195.6,196.6,4.59,78.0,3.487,-1.2,0.957,0,nominal,0,0.0,194.96,701848.5
151.6,mission_cruise,73.31517509727627,2500.0,43.34241245136187,4289.1,826.3,835.5,836.4,827.6,190.7,192.3,195.1,196.7,4.59,78.5,3.482,4289.2,826.4,834.4,837.4,827.4,190.6,192.1,195.6,196.6,4.59,78.0,3.487,-1.2,0.957,0,nominal,0,0.0,194.96,701848.4
151.7,mission_cruise,73.31406336853807,2500.0,43.342968315730964,4287.1,825.3,835.5,837.5,829.0,190.5,191.9,194.9,197.8,4.58,77.7,3.519,4289.2,826.4,834.4,837.4,827.4,190.6,192.1,195.6,196.6,4.59,78.0,3.487,-1.2,0.957,0,nominal,0,0.0,194.96,701848.3
151.8,mission_cruise,73.31295163979989,2500.0,43.343524180100054,4282.5,826.4,835.5,838.4,826.9,191.1,192.0,195.1,196.4,4.6,78.1,3.464,4289.1,826.4,834.4,837.4,827.4,190.6,192.1,195.6,196.6,4.59,78.0,3.487,-1.2,0.957,0,nominal,0,0.0,194.96,701848.2
151.9,mission_cruise,73.3118399110617,2500.0,43.34408004446915,4290.8,824.4,834.3,839.3,827.3,190.9,191.8,196.0,196.5,4.62,78.2,3.468,4289.1,826.4,834.4,837.4,827.4,190.6,192.1,195.6,196.6,4.59,78.0,3.487,-1.2,0.957,0,nominal,0,0.0,194.96,701848.1
152.0,mission_cruise,73.31072818232352,2500.0,43.34463590883824,4285.9,827.8,834.1,837.0,827.8,191.0,192.2,194.9,197.0,4.56,78.0,3.45,4289.0,826.4,834.4,837.4,827.4,190.6,192.1,195.6,196.6,4.59,78.0,3.487,-1.2,0.957,0,nominal,0,0.0,194.96,701848.0
152.1,mission_cruise,73.30961645358532,2500.0,43.34519177320734,4292.0,828.4,832.4,837.4,828.1,189.7,192.1,195.5,196.4,4.6,78.7,3.423,4289.0,826.4,834.4,837.4,827.4,190.6,192.1,195.6,196.6,4.59,78.0,3.487,-1.2,0.957,0,nominal,0,0.0,194.96,701847.9
152.2,mission_cruise,73.30850472484714,2500.0,43.34574763757643,4292.9,826.2,833.4,837.0,825.2,190.0,192.3,194.9,197.1,4.6,78.4,3.454,4289.0,826.4,834.4,837.4,827.4,190.6,192.1,195.6,196.6,4.59,78.0,3.487,-1.2,0.957,0,nominal,0,0.0,194.96,701847.8
152.3,mission_cruise,73.30739299610894,2500.0,43.34630350194553,4287.0,827.0,832.8,840.1,828.7,191.0,191.4,196.6,196.7,4.63,78.3,3.505,4288.9,826.4,834.4,837.4,827.4,190.6,192.1,195.6,196.6,4.59,78.0,3.487,-1.2,0.957,0,nominal,0,0.0,194.96,701847.7
152.4,mission_cruise,73.30628126737076,2500.0,43.34685936631462,4285.3,826.5,834.6,837.3,826.4,190.9,191.7,194.8,196.7,4.6,77.3,3.499,4288.9,826.4,834.4,837.4,827.4,190.6,192.1,195.6,196.6,4.59,78.0,3.487,-1.2,0.957,0,nominal,0,0.0,194.96,701847.6
152.5,mission_cruise,73.30516953863257,2500.0,43.347415230683715,4298.4,827.2,835.2,837.0,826.9,190.4,191.5,196.8,195.9,4.59,78.1,3.541,4288.9,826.4,834.4,837.4,827.4,190.6,192.1,195.6,196.6,4.59,78.0,3.487,-1.2,0.957,0,nominal,0,0.0,194.96,701847.5
152.6,mission_cruise,73.30405780989439,2500.0,43.347971095052806,4291.2,825.1,836.8,838.4,829.4,190.9,191.6,196.1,196.6,4.59,78.5,3.514,4288.8,826.4,834.4,837.4,827.4,190.6,192.1,195.6,196.6,4.59,78.0,3.487,-1.2,0.957,0,nominal,0,0.0,194.96,701847.4
152.7,mission_cruise,73.3029460811562,2500.0,43.3485269594219,4285.6,828.5,833.0,838.3,829.4,191.3,192.6,195.4,196.4,4.62,77.3,3.476,4288.8,826.4,834.4,837.4,827.4,190.6,192.1,195.6,196.6,4.59,78.0,3.487,-1.2,0.957,0,nominal,0,0.0,194.96,701847.3
152.8,mission_cruise,73.30183435241801,2500.0,43.349082823790994,4294.8,825.2,834.8,839.1,828.7,190.2,192.6,195.8,195.8,4.6,78.0,3.538,4288.8,826.4,834.4,837.4,827.4,190.6,192.1,195.6,196.6,4.59,78.0,3.487,-1.2,0.957,0,nominal,0,0.0,194.96,701847.2
152.9,mission_cruise,73.30072262367982,2500.0,43.34963868816009,4289.1,825.5,835.2,833.2,827.4,190.3,192.5,196.0,195.8,4.56,79.2,3.496,4288.7,826.4,834.4,837.4,827.4,190.6,192.1,195.6,196.6,4.59,78.0,3.486,-1.2,0.957,0,nominal,0,0.0,194.96,701847.1
153.0,mission_cruise,73.29961089494164,2500.0,43.35019455252918,4290.9,825.8,832.5,836.1,826.8,189.4,191.6,195.7,196.1,4.59,78.1,3.487,4288.7,826.4,834.4,837.4,827.4,190.6,192.1,195.6,196.6,4.59,78.0,3.486,-1.2,0.957,0,nominal,0,0.0,194.96,701847.0
153.1,mission_cruise,73.29849916620344,2500.0,43.35075041689828,4284.5,827.0,834.4,836.1,827.5,190.7,192.7,195.3,196.7,4.58,77.8,3.475,4288.6,826.3,834.3,837.3,827.3,190.6,192.1,195.6,196.6,4.59,78.0,3.486,-1.2,0.957,0,nominal,0,0.0,194.96,701846.9
153.2,mission_cruise,73.29738743746526,2500.0,43.35130628126737,4281.1,825.4,833.3,838.7,829.7,192.0,191.6,195.9,195.4,4.6,78.0,3.521,4288.6,826.3,834.3,837.3,827.3,190.6,192.1,195.6,196.6,4.59,78.0,3.486,-1.2,0.957,0,nominal,0,0.0,194.96,701846.8
153.3,mission_cruise,73.29627570872707,2500.0,43.35186214563647,4295.4,823.3,832.3,838.2,829.0,190.9,192.1,196.5,196.8,4.6,78.3,3.482,4288.6,826.3,834.3,837.3,827.3,190.6,192.1,195.6,196.6,4.59,78.0,3.486,-1.2,0.957,0,nominal,0,0.0,194.96,701846.7
153.4,mission_cruise,73.29516397998889,2500.0,43.35241801000556,4293.1,826.4,832.4,836.4,829.0,191.7,191.3,196.5,195.5,4.6,77.9,3.407,4288.5,826.3,834.3,837.3,827.3,190.6,192.1,195.6,196.6,4.59,78.0,3.486,-1.2,0.957,0,nominal,0,0.0,194.96,701846.6
153.5,mission_cruise,73.29405225125069,2500.0,43.352973874374655,4284.3,826.5,835.4,839.2,827.8,191.3,191.1,195.9,196.0,4.59,77.8,3.491,4288.5,826.3,834.3,837.3,827.3,190.6,192.1,195.6,196.6,4.59,78.0,3.486,-1.2,0.957,0,nominal,0,0.0,194.96,701846.5
153.6,mission_cruise,73.29294052251251,2500.0,43.353529738743745,4297.3,825.8,833.4,839.0,829.6,191.1,192.1,196.0,196.2,4.62,77.7,3.53,4288.5,826.3,834.3,837.3,827.3,190.6,192.1,195.6,196.6,4.59,78.0,3.486,-1.2,0.957,0,nominal,0,0.0,194.96,701846.4
153.7,mission_cruise,73.29182879377431,2500.0,43.35408560311284,4283.2,827.6,834.7,839.1,828.6,190.5,191.4,195.8,196.4,4.6,77.2,3.487,4288.4,826.3,834.3,837.3,827.3,190.6,192.1,195.6,196.6,4.59,78.0,3.486,-1.2,0.957,0,nominal,0,0.0,194.96,701846.3
153.8,mission_cruise,73.29071706503613,2500.0,43.35464146748193,4287.1,827.1,833.0,836.7,827.4,190.3,192.2,194.9,197.2,4.62,77.5,3.556,4288.4,826.3,834.3,837.3,827.3,190.6,192.1,195.6,196.6,4.59,78.0,3.486,-1.2,0.957,0,nominal,0,0.0,194.96,701846.2
153.9,mission_cruise,73.28960533629794,2500.0,43.35519733185103,4289.7,824.5,832.6,839.6,827.3,190.5,191.7,195.6,195.4,4.57,78.1,3.504,4288.4,826.3,834.3,837.3,827.3,190.6,192.1,195.6,196.6,4.59,78.0,3.486,-1.2,0.957,0,nominal,0,0.0,194.96,701846.1
154.0,mission_cruise,73.28849360755976,2500.0,43.35575319622012,4276.7,824.4,831.9,833.2,827.1,189.6,191.9,194.7,196.0,4.57,78.0,3.525,4288.3,826.3,834.3,837.3,827.3,190.6,192.1,195.6,196.6,4.59,78.0,3.486,-1.2,0.957,1,injector_clog,1,0.0,194.96,701846.0
154.1,mission_cruise,73.28738187882156,2500.0,43.35630906058922,4284.7,827.3,834.5,836.9,826.9,191.4,192.8,194.9,195.9,4.62,77.8,3.47,4288.0,826.4,834.3,837.3,827.3,190.6,192.1,195.6,196.6,4.59,78.0,3.484,-1.2,0.957,1,injector_clog,1,0.002,192.77,693954.5
154.2,mission_cruise,73.28627015008338,2500.0,43.35686492495831,4294.8,825.3,835.4,836.4,826.4,190.0,191.9,196.4,195.1,4.58,77.6,3.454,4287.5,826.4,834.3,837.3,827.3,190.6,192.1,195.6,196.6,4.59,78.0,3.482,-1.2,0.957,1,injector_clog,1,0.004,191.13,688080.0
154.3,mission_cruise,73.28515842134519,2500.0,43.357420789327406,4284.3,826.2,834.3,837.6,827.7,190.8,192.0,195.4,196.0,4.57,77.9,3.498,4286.7,826.5,834.3,837.3,827.3,190.6,192.1,195.6,196.6,4.59,78.0,3.48,-1.2,0.957,1,injector_clog,1,0.007,189.66,682781.8
154.4,mission_cruise,73.284046692607,2500.0,43.3579766536965,4282.5,828.2,835.2,837.5,828.7,190.4,191.9,196.0,197.4,4.57,78.0,3.475,4285.8,826.6,834.3,837.3,827.3,190.6,192.1,195.6,196.6,4.59,78.0,3.478,-1.2,0.957,1,injector_clog,1,0.009,188.28,677825.8
154.5,mission_cruise,73.28293496386881,2500.0,43.358532518065594,4280.5,826.7,833.5,838.3,829.1,189.7,193.3,195.8,197.3,4.61,77.8,3.469,4284.8,826.8,834.3,837.3,827.3,190.6,192.1,195.6,196.6,4.59,78.0,3.476,-1.2,0.957,1,injector_clog,1,0.011,186.97,673109.2
154.6,mission_cruise,73.28182323513063,2500.0,43.359088382434685,4287.5,825.8,835.1,837.7,825.5,191.6,192.6,195.6,197.4,4.6,77.9,3.472,4283.6,826.9,834.3,837.3,827.3,190.6,192.1,195.6,196.6,4.59,78.0,3.474,-1.2,0.957,1,injector_clog,1,0.013,185.72,668575.0
154.7,mission_cruise,73.28071150639244,2500.0,43.35964424680378,4283.2,826.6,834.5,836.6,827.4,191.0,192.1,195.6,197.5,4.57,78.9,3.473,4282.4,827.1,834.3,837.3,827.3,190.6,192.1,195.6,196.6,4.59,78.0,3.472,-1.2,0.957,1,injector_clog,1,0.016,184.5,664186.8
154.8,mission_cruise,73.27959977765425,2500.0,43.36020011117287,4288.7,828.7,833.6,835.0,827.7,190.0,192.3,195.2,195.5,4.56,78.7,3.415,4281.1,827.3,834.3,837.3,827.3,190.6,192.1,195.6,196.6,4.59,78.0,3.47,-1.2,0.957,1,injector_clog,1,0.018,183.31,659919.9
154.9,mission_cruise,73.27848804891606,2500.0,43.36075597554197,4283.3,826.9,837.4,835.5,826.1,191.3,192.7,195.2,196.1,4.6,78.5,3.442,4279.8,827.6,834.3,837.3,827.3,190.6,192.1,195.6,196.6,4.59,78.0,3.468,-1.2,0.957,1,injector_clog,1,0.02,182.15,655756.1
155.0,mission_cruise,73.27737632017788,2500.0,43.36131183991106,4277.4,829.4,834.5,837.4,825.1,190.9,192.5,195.7,195.4,4.61,77.5,3.48,4278.4,827.8,834.3,837.3,827.3,190.6,192.1,195.6,196.6,4.59,78.0,3.466,-1.2,0.957,1,injector_clog,1,0.022,181.02,651681.8
155.1,mission_cruise,73.27626459143968,2500.0,43.36186770428016,4278.5,827.3,833.3,837.1,826.5,190.8,191.7,194.1,195.3,4.58,78.4,3.487,4277.0,828.1,834.3,837.3,827.3,190.6,192.1,195.6,196.6,4.59,78.0,3.464,-1.2,0.957,1,injector_clog,1,0.025,179.91,647686.3
155.2,mission_cruise,73.2751528627015,2500.0,43.36242356864925,4277.9,829.4,835.9,835.6,827.4,190.0,192.7,195.7,196.4,4.54,78.2,3.46,4275.5,828.4,834.3,837.3,827.3,190.6,192.1,195.6,196.6,4.59,78.0,3.462,-1.2,0.957,1,injector_clog,1,0.027,178.82,643761.1
155.3,mission_cruise,73.27404113396331,2500.0,43.362979433018346,4276.7,829.0,836.5,836.3,824.5,190.5,193.2,196.0,195.8,4.57,78.9,3.46,4274.0,828.7,834.3,837.3,827.3,190.6,192.1,195.6,196.6,4.59,78.0,3.46,-1.2,0.957,1,injector_clog,1,0.029,177.75,639899.2
155.4,mission_cruise,73.27292940522513,2500.0,43.363535297387436,4281.5,828.2,833.6,838.2,827.8,190.5,191.9,195.5,197.7,4.62,78.2,3.448,4272.5,829.0,834.3,837.3,827.3,190.6,192.1,195.6,196.6,4.59,78.0,3.458,-1.2,0.957,1,injector_clog,1,0.032,176.69,636094.7
155.5,mission_cruise,73.27181767648693,2500.0,43.364091161756534,4275.4,829.6,837.6,836.1,827.2,190.1,191.4,195.3,196.8,4.58,77.8,3.47,4271.0,829.3,834.3,837.3,827.3,190.6,192.1,195.6,196.6,4.59,78.0,3.456,-1.2,0.957,1,injector_clog,1,0.034,175.65,632342.9
155.6,mission_cruise,73.27070594774875,2500.0,43.364647026125624,4259.7,829.5,831.1,838.5,828.8,190.9,192.5,196.0,197.0,4.59,78.1,3.388,4269.4,829.6,834.3,837.3,827.3,190.6,192.1,195.6,196.6,4.59,78.0,3.454,-1.2,0.957,1,injector_clog,1,0.036,174.62,628639.4
155.7,mission_cruise,73.26959421901056,2500.0,43.36520289049472,4278.2,829.7,835.2,837.4,828.0,189.4,193.2,196.1,195.5,4.62,77.6,3.419,4267.9,830.0,834.3,837.3,827.3,190.6,192.1,195.6,196.6,4.59,78.0,3.452,-1.2,0.957,1,injector_clog,1,0.038,173.61,624980.7
155.8,mission_cruise,73.26848249027238,2500.0,43.36575875486381,4265.7,831.4,834.9,838.6,826.6,191.0,191.2,196.2,197.7,4.56,77.2,3.383,4266.3,830.4,834.3,837.3,827.3,190.6,192.1,195.6,196.6,4.59,78.0,3.45,-1.2,0.957,1,injector_clog,1,0.041,172.6,621363.7
155.9,mission_cruise,73.26737076153418,2500.0,43.36631461923291,4266.0,833.5,833.5,837.1,826.2,190.1,191.7,196.4,195.7,4.6,78.1,3.487,4264.8,830.7,834.3,837.3,827.3,190.6,192.1,195.6,196.6,4.59,78.0,3.448,-1.2,0.957,1,injector_clog,1,0.043,171.61,617785.5
156.0,mission_cruise,73.266259032796,2500.0,43.366870483602,4264.1,829.8,834.8,836.6,828.6,191.2,192.4,195.2,195.7,4.61,76.9,3.396,4263.2,831.1,834.3,837.3,827.3,190.6,192.1,195.6,196.6,4.58,78.0,3.446,-1.2,0.957,1,injector_clog,1,0.045,170.62,614243.8
156.1,mission_cruise,73.2651473040578,2500.0,43.3674263479711,4261.1,829.5,833.7,839.2,828.5,190.6,192.0,195.8,196.9,4.57,78.1,3.443,4261.6,831.5,834.3,837.3,827.3,190.6,192.1,195.6,196.6,4.58,78.0,3.444,-1.2,0.957,1,injector_clog,1,0.047,169.65,610736.3
156.2,mission_cruise,73.26403557531962,2500.0,43.36798221234019,4262.2,832.3,831.9,837.4,827.9,190.3,191.0,195.2,196.1,4.51,78.5,3.5,4260.0,831.9,834.3,837.3,827.3,190.6,192.1,195.6,196.6,4.58,78.0,3.442,-1.2,0.957,1,injector_clog,1,0.049,168.68,607261.1
156.3,mission_cruise,73.26292384658143,2500.0,43.368538076709285,4267.7,831.8,834.9,839.6,826.6,190.5,192.8,195.1,196.4,4.52,77.3,3.422,4258.4,832.4,834.3,837.3,827.3,190.6,192.0,195.5,196.5,4.58,78.0,3.44,-1.2,0.957,1,injector_clog,1,0.052,167.73,603816.5
156.4,mission_cruise,73.26181211784325,2500.0,43.369093941078376,4252.6,834.6,834.2,838.0,825.6,190.2,191.8,195.8,196.5,4.55,77.9,3.431,4256.8,832.8,834.3,837.3,827.3,190.6,192.0,195.5,196.5,4.58,78.0,3.438,-1.2,0.957,1,injector_clog,1,0.054,166.78,600400.8
156.5,mission_cruise,73.26070038910505,2500.0,43.36964980544747,4257.1,832.6,835.0,837.0,826.9,190.3,192.3,195.0,196.4,4.58,77.8,3.393,4255.2,833.2,834.3,837.3,827.3,190.6,192.0,195.5,196.5,4.58,78.0,3.436,-1.2,0.957,1,injector_clog,1,0.056,165.84,597012.6
156.6,mission_cruise,73.25958866036687,2500.0,43.37020566981656,4250.3,831.8,833.1,837.5,827.2,191.4,192.0,195.9,195.2,4.6,78.1,3.441,4253.7,833.7,834.3,837.3,827.3,190.6,192.0,195.5,196.5,4.58,78.0,3.434,-1.2,0.957,1,injector_clog,1,0.058,164.9,593650.7
156.7,mission_cruise,73.25847693162868,2500.0,43.37076153418566,4250.3,835.0,834.0,835.6,828.4,189.6,192.3,195.8,196.0,4.56,77.5,3.439,4252.1,834.1,834.3,837.3,827.3,190.6,192.0,195.5,196.5,4.58,78.0,3.432,-1.2,0.957,1,injector_clog,1,0.061,163.98,590313.7
156.8,mission_cruise,73.2573652028905,2500.0,43.37131739855475,4252.9,833.6,836.4,836.6,824.9,189.0,191.5,196.0,196.6,4.58,78.9,3.386,4250.5,834.6,834.3,837.3,827.3,190.7,192.0,195.5,196.5,4.58,78.0,3.43,-1.2,0.957,1,injector_clog,1,0.063,163.06,587000.6
156.9,mission_cruise,73.2562534741523,2500.0,43.37187326292385,4244.0,835.1,834.8,835.0,826.8,191.6,192.2,195.1,196.7,4.62,78.5,3.432,4248.9,835.0,834.3,837.3,827.3,190.7,192.0,195.5,196.5,4.58,78.0,3.428,-1.2,0.957,1,injector_clog,1,0.065,162.14,583710.4
157.0,mission_cruise,73.25514174541412,2500.0,43.37242912729294,4254.6,831.8,835.0,837.0,828.2,191.0,191.1,195.2,195.7,4.57,78.7,3.472,4247.3,835.5,834.3,837.3,827.3,190.7,192.0,195.5,196.5,4.58,78.0,3.426,-1.2,0.957,1,injector_clog,1,0.068,161.23,580442.2
157.1,mission_cruise,73.25403001667593,2500.0,43.37298499166204,4250.0,835.6,833.9,838.3,825.2,189.7,192.1,195.0,196.2,4.55,77.2,3.399,4245.7,836.0,834.3,837.3,827.3,190.7,192.0,195.5,196.5,4.58,78.0,3.424,-1.2,0.957,1,injector_clog,1,0.07,160.33,577194.9
157.2,mission_cruise,73.25291828793775,2500.0,43.37354085603113,4235.4,835.1,836.0,836.0,827.4,190.9,191.8,195.5,196.8,4.54,78.1,3.436,4244.1,836.5,834.3,837.3,827.3,190.7,192.0,195.5,196.5,4.58,78.0,3.422,-1.2,0.957,1,injector_clog,1,0.072,159.44,573967.9
157.3,mission_cruise,73.25180655919955,2500.0,43.374096720400225,4247.0,835.4,835.0,836.0,825.4,191.5,192.3,194.9,197.6,4.57,77.9,3.434,4242.5,837.0,834.3,837.3,827.3,190.7,192.0,195.5,196.5,4.58,78.0,3.42,-1.2,0.957,1,injector_clog,1,0.074,158.54,570760.4
157.4,mission_cruise,73.25069483046137,2500.0,43.374652584769315,4249.6,840.5,835.6,837.0,827.4,191.5,191.9,193.9,195.7,4.56,77.8,3.441,4240.9,837.4,834.3,837.3,827.3,190.7,192.0,195.5,196.5,4.58,78.0,3.418,-1.2,0.957,1,injector_clog,1,0.077,157.66,567571.7
157.5,mission_cruise,73.24958310172318,2500.0,43.37520844913841,4235.1,836.5,831.5,836.3,826.4,190.6,192.1,196.3,196.5,4.6,77.9,3.407,4239.3,837.9,834.3,837.3,827.3,190.7,192.0,195.5,196.5,4.58,78.0,3.416,-1.2,0.957,1,injector_clog,1,0.079,156.78,564401.1
157.6,mission_cruise,73.248471372985,2500.0,43.3757643135075,4235.8,835.8,832.1,835.6,826.3,190.9,192.3,195.7,196.9,4.58,77.2,3.414,4237.7,838.4,834.3,837.3,827.3,190.7,192.0,195.5,196.5,4.58,78.0,3.414,-1.2,0.957,1,injector_clog,1,0.081,155.9,561247.9
157.7,mission_cruise,73.2473596442468,2500.0,43.3763201778766,4231.7,838.9,833.4,837.6,827.5,191.0,192.3,196.0,196.2,4.54,77.8,3.417,4236.1,838.9,834.3,837.3,827.3,190.7,192.0,195.5,196.5,4.58,78.0,3.412,-1.2,0.957,1,injector_clog,1,0.083,155.03,558111.7
157.8,mission_cruise,73.24624791550862,2500.0,43.37687604224569,4236.3,839.0,832.8,835.3,829.4,189.9,192.0,196.5,196.9,4.55,78.2,3.433,4234.5,839.4,834.3,837.3,827.3,190.7,192.0,195.5,196.5,4.58,78.0,3.41,-1.2,0.957,1,injector_clog,1,0.086,154.16,554991.8
157.9,mission_cruise,73.24513618677042,2500.0,43.37743190661479,4226.5,841.4,833.8,838.8,827.0,191.3,192.5,196.3,196.7,4.6,78.3,3.413,4232.9,840.0,834.3,837.3,827.3,190.7,192.0,195.5,196.5,4.58,78.0,3.408,-1.2,0.957,1,injector_clog,1,0.088,153.3,551887.8
158.0,mission_cruise,73.24402445803224,2500.0,43.37798777098388,4235.0,840.5,835.0,837.0,826.8,191.2,191.7,195.4,196.0,4.57,78.3,3.352,4231.2,840.5,834.3,837.3,827.3,190.7,192.0,195.5,196.5,4.58,78.0,3.406,-1.2,0.957,1,injector_clog,1,0.09,152.44,548799.2
158.1,mission_cruise,73.24291272929405,2500.0,43.378543635352976,4228.4,840.9,833.5,836.5,827.9,190.9,193.8,195.9,197.2,4.57,77.9,3.395,4229.6,841.0,834.3,837.3,827.3,190.8,192.0,195.5,196.5,4.58,78.0,3.404,-1.2,0.957,1,injector_clog,1,0.092,151.59,545725.5
158.2,mission_cruise,73.24180100055587,2500.0,43.37909949972207,4230.0,842.5,835.7,837.1,827.3,190.1,191.7,195.6,195.2,4.6,78.0,3.407,4228.0,841.5,834.3,837.3,827.3,190.8,192.0,195.5,196.5,4.58,78.0,3.402,-1.2,0.957,1,injector_clog,1,0.094,150.74,542666.2
158.3,mission_cruise,73.24068927181767,2500.0,43.379655364091164,4221.8,842.8,834.7,838.6,827.9,191.7,191.9,195.6,196.5,4.58,79.1,3.408,4226.4,842.0,834.2,837.2,827.2,190.8,192.0,195.5,196.5,4.58,78.0,3.4,-1.2,0.957,1,injector_clog,1,0.097,149.89,539621.0
158.4,mission_cruise,73.23957754307949,2500.0,43.380211228460254,4226.4,841.6,836.2,835.5,827.8,189.4,190.8,196.7,197.1,4.57,77.5,3.413,4224.8,842.6,834.2,837.2,827.2,190.8,192.0,195.5,196.5,4.57,78.0,3.398,-1.2,0.957,1,injector_clog,1,0.099,149.05,536589.4
158.5,mission_cruise,73.2384658143413,2500.0,43.38076709282935,4223.7,840.6,834.2,836.0,826.5,190.4,191.5,194.8,197.2,4.55,78.7,3.405,4223.2,843.1,834.2,837.2,827.2,190.8,192.0,195.5,196.5,4.57,78.0,3.396,-1.2,0.957,1,injector_clog,1,0.101,148.21,533571.2
158.6,mission_cruise,73.23735408560312,2500.0,43.38132295719844,4229.8,844.6,834.6,837.0,826.7,189.2,191.9,196.1,197.1,4.58,77.8,3.437,4221.6,843.6,834.2,837.2,827.2,190.8,192.0,195.5,196.5,4.57,78.0,3.394,-1.2,0.957,1,injector_clog,1,0.103,147.38,530565.8
158.7,mission_cruise,73.23624235686492,2500.0,43.38187882156754,4230.6,844.9,833.1,839.2,828.0,191.0,192.0,195.9,196.9,4.6,78.4,3.414,4220.0,844.2,834.2,837.2,827.2,190.8,192.0,195.5,196.5,4.57,78.0,3.392,-1.2,0.957,1,injector_clog,1,0.106,146.55,527573.1
158.8,mission_cruise,73.23513062812674,2500.0,43.38243468593663,4215.3,846.1,834.9,839.3,827.7,189.8,191.2,196.0,196.2,4.6,78.0,3.372,4218.4,844.7,834.2,837.2,827.2,190.8,192.0,195.5,196.5,4.57,78.0,3.39,-1.2,0.957,1,injector_clog,1,0.108,145.72,524592.7
158.9,mission_cruise,73.23401889938854,2500.0,43.38299055030573,4203.2,845.5,832.1,835.7,827.1,191.4,192.1,194.2,196.2,4.57,77.7,3.35,4216.8,845.2,834.2,837.2,827.2,190.8,192.0,195.5,196.5,4.57,78.0,3.388,-1.2,0.957,1,injector_clog,1,0.11,144.9,521624.2
159.0,mission_cruise,73.23290717065036,2500.0,43.38354641467482,4218.0,847.5,835.5,838.9,824.7,191.2,193.0,194.9,196.7,4.55,78.2,3.36,4215.2,845.8,834.2,837.2,827.2,190.8,192.0,195.5,196.5,4.57,78.0,3.386,-1.2,0.957,1,injector_clog,1,0.113,144.07,518667.4
159.1,mission_cruise,73.23179544191217,2500.0,43.384102279043915,4216.5,845.9,836.1,838.3,826.5,191.0,192.4,197.0,196.3,4.61,77.8,3.357,4213.6,846.3,834.2,837.2,827.2,190.9,192.0,195.5,196.5,4.57,78.0,3.384,-1.2,0.957,1,injector_clog,1,0.115,143.26,515722.1
159.2,mission_cruise,73.23068371317399,2500.0,43.384658143413006,4215.3,845.7,833.7,837.1,826.2,190.5,191.7,195.9,195.9,4.54,78.6,3.377,4212.0,846.9,834.2,837.2,827.2,190.9,192.0,195.5,196.5,4.57,78.0,3.382,-1.2,0.957,1,injector_clog,1,0.117,142.44,512787.8
159.3,mission_cruise,73.2295719844358,2500.0,43.3852140077821,4208.2,846.1,834.0,838.9,829.0,191.1,190.9,195.7,196.5,4.59,77.8,3.341,4210.4,847.4,834.2,837.2,827.2,190.9,192.0,195.5,196.5,4.57,78.0,3.38,-1.2,0.957,1,injector_clog,1,0.119,141.63,509864.4
159.4,mission_cruise,73.22846025569761,2500.0,43.385769872151194,4199.6,849.2,836.5,839.3,826.9,190.6,192.1,196.0,196.7,4.53,78.4,3.394,4208.8,847.9,834.2,837.2,827.2,190.9,192.0,195.5,196.5,4.57,78.0,3.378,-1.2,0.957,1,injector_clog,1,0.122,140.82,506951.7
159.5,mission_cruise,73.22734852695942,2500.0,43.38632573652029,4198.6,850.1,834.7,838.2,827.2,190.2,192.7,196.1,196.2,4.53,78.3,3.355,4207.2,848.5,834.2,837.2,827.2,190.9,192.0,195.5,196.5,4.57,78.0,3.376,-1.2,0.957,1,injector_clog,1,0.124,140.01,504049.3
159.6,mission_cruise,73.22623679822124,2500.0,43.38688160088938,4204.1,848.5,833.3,835.9,828.2,190.9,192.3,195.4,196.6,4.57,77.8,3.377,4205.6,849.0,834.2,837.2,827.2,190.9,192.0,195.5,196.5,4.57,78.0,3.374,-1.2,0.957,1,injector_clog,1,0.126,139.21,501157.2
159.7,mission_cruise,73.22512506948304,2500.0,43.38743746525848,4198.0,849.8,834.0,837.5,826.1,190.4,191.7,195.3,197.1,4.56,77.4,3.354,4204.0,849.6,834.2,837.2,827.2,190.9,192.0,195.5,196.5,4.57,78.0,3.372,-1.2,0.957,1,injector_clog,1,0.128,138.41,498275.0
159.8,mission_cruise,73.22401334074486,2500.0,43.38799332962757,4194.1,848.9,834.7,837.2,826.9,191.2,191.9,195.8,196.0,4.54,78.4,3.345,4202.4,850.1,834.2,837.2,827.2,190.9,192.0,195.5,196.5,4.57,78.0,3.37,-1.2,0.957,1,injector_clog,1,0.131,137.61,495402.5
159.9,mission_cruise,73.22290161200667,2500.0,43.38854919399667,4190.5,851.6,833.9,836.8,826.6,191.5,191.5,195.4,196.9,4.53,77.1,3.398,4200.8,850.7,834.2,837.2,827.2,190.9,192.0,195.5,196.5,4.57,78.0,3.368,-1.2,0.957,1,injector_clog,1,0.133,136.82,492539.5
160.0,mission_cruise,73.22178988326849,2500.0,43.38910505836576,4199.3,850.0,834.9,838.4,824.9,191.9,191.7,196.2,197.2,4.52,78.4,3.362,4199.2,851.3,834.2,837.2,827.2,191.0,192.0,195.5,196.5,4.57,78.0,3.366,-1.2,0.957,1,injector_clog,1,0.135,136.02,489685.9
160.1,mission_cruise,73.22067815453029,2500.0,43.389660922734855,4186.6,852.6,831.9,838.0,825.8,190.9,192.0,196.2,195.7,4.54,78.4,3.388,4197.6,851.8,834.2,837.2,827.2,191.0,192.0,195.5,196.5,4.57,78.0,3.364,-1.2,0.957,1,injector_clog,1,0.137,135.23,486841.5
160.2,mission_cruise,73.21956642579211,2500.0,43.390216787103945,4184.9,850.5,833.3,835.9,826.5,191.3,192.6,194.4,196.0,4.58,78.2,3.367,4196.0,852.4,834.2,837.2,827.2,191.0,192.0,195.5,196.5,4.57,78.0,3.362,-1.2,0.957,1,injector_clog,1,0.139,134.45,484006.1
160.3,mission_cruise,73.21845469705391,2500.0,43.39077265147304,4199.3,852.9,834.3,836.6,827.9,190.9,193.0,194.7,195.9,4.55,77.8,3.379,4194.4,852.9,834.2,837.2,827.2,191.0,192.0,195.5,196.5,4.57,78.0,3.36,-1.2,0.957,1,injector_clog,1,0.142,133.66,481179.4
160.4,mission_cruise,73.21734296831573,2500.0,43.39132851584213,4198.3,850.7,835.1,839.6,826.8,190.9,192.0,195.2,196.0,4.57,77.2,3.4,4192.8,853.5,834.2,837.2,827.2,191.0,192.0,195.5,196.5,4.57,78.0,3.358,-1.2,0.957,1,injector_clog,1,0.144,132.88,478361.4
160.5,mission_cruise,73.21623123957754,2500.0,43.39188438021123,4196.8,854.9,833.6,836.2,825.5,190.8,192.7,195.3,196.5,4.6,77.1,3.33,4191.2,854.0,834.2,837.2,827.2,191.0,192.0,195.5,196.5,4.57,78.0,3.356,-1.2,0.957,1,injector_clog,1,0.146,132.1,475551.9
160.6,mission_cruise,73.21511951083936,2500.0,43.39244024458032,4190.1,855.8,835.6,838.4,829.5,191.3,191.8,196.3,196.3,4.55,78.0,3.292,4189.6,854.6,834.2,837.2,827.2,191.0,192.0,195.5,196.5,4.57,78.0,3.354,-1.2,0.957,1,injector_clog,1,0.148,131.32,472750.7
160.7,mission_cruise,73.21400778210116,2500.0,43.39299610894942,4189.1,856.0,832.8,837.0,825.7,191.5,193.0,195.8,197.2,4.59,77.5,3.36,4188.0,855.2,834.2,837.2,827.2,191.1,192.0,195.5,196.5,4.56,78.0,3.352,-1.2,0.957,1,injector_clog,1,0.151,130.54,469957.7
160.8,mission_cruise,73.21289605336298,2500.0,43.39355197331851,4173.8,857.3,833.1,837.9,827.6,191.3,191.5,196.1,196.8,4.59,77.4,3.353,4186.4,855.7,834.2,837.2,827.2,191.1,192.0,195.5,196.5,4.56,78.0,3.35,-1.2,0.957,1,injector_clog,1,0.153,129.77,467172.6
160.9,mission_cruise,73.21178432462479,2500.0,43.394107837687606,4186.5,855.2,837.1,837.8,827.5,189.5,191.6,195.8,195.4,4.51,78.0,3.395,4184.8,856.3,834.2,837.2,827.2,191.1,192.0,195.5,196.5,4.56,78.0,3.348,-1.2,0.957,1,injector_clog,1,0.155,129.0,464395.5
161.0,mission_cruise,73.2106725958866,2500.0,43.3946637020567,4187.7,856.0,835.7,838.5,828.8,191.2,192.0,196.4,196.3,4.58,77.4,3.371,4183.2,856.9,834.2,837.2,827.2,191.1,192.0,195.5,196.5,4.56,78.0,3.346,-1.2,0.957,1,injector_clog,1,0.158,128.23,461626.1
161.1,mission_cruise,73.20956086714841,2500.0,43.395219566425794,4186.3,857.5,832.4,836.9,826.9,191.9,191.3,195.5,196.5,4.57,78.1,3.376,4181.6,857.4,834.2,837.2,827.2,191.1,192.0,195.5,196.5,4.56,78.0,3.344,-1.2,0.957,1,injector_clog,1,0.16,127.46,458864.4
161.2,mission_cruise,73.20844913841023,2500.0,43.395775430794885,4160.9,858.8,834.1,838.1,828.1,191.1,191.6,195.6,197.2,4.57,78.6,3.37,4180.0,858.0,834.2,837.2,827.2,191.1,192.0,195.5,196.5,4.56,78.0,3.342,-1.2,0.957,1,injector_clog,1,0.162,126.7,456110.1
161.3,mission_cruise,73.20733740967204,2500.0,43.39633129516398,4169.4,861.3,836.4,837.2,827.8,190.9,192.1,195.7,197.0,4.6,77.9,3.344,4178.4,858.5,834.2,837.2,827.2,191.1,192.0,195.5,196.5,4.56,78.0,3.34,-1.2,0.957,1,injector_clog,1,0.164,125.93,453363.2
161.4,mission_cruise,73.20622568093385,2500.0,43.39688715953307,4167.7,859.2,834.3,834.7,828.0,192.2,191.0,196.0,196.1,4.56,77.9,3.312,4176.8,859.1,834.2,837.2,827.2,191.2,192.0,195.5,196.5,4.56,78.0,3.338,-1.2,0.957,1,injector_clog,1,0.167,125.17,450623.5
161.5,mission_cruise,73.20511395219566,2500.0,43.39744302390217,4176.8,858.9,833.5,838.0,828.7,190.7,191.5,194.2,197.0,4.58,77.9,3.297,4175.2,859.7,834.2,837.2,827.2,191.2,192.0,195.5,196.5,4.56,78.0,3.336,-1.2,0.957,1,injector_clog,1,0.169,124.41,447890.9
161.6,mission_cruise,73.20400222345748,2500.0,43.39799888827126,4180.4,863.4,834.2,836.7,823.4,191.1,192.0,195.3,196.3,4.6,78.1,3.319,4173.6,860.2,834.2,837.2,827.2,191.2,192.0,195.5,196.5,4.56,78.0,3.334,-1.2,0.957,1,injector_clog,1,0.171,123.66,445165.4
161.7,mission_cruise,73.20289049471928,2500.0,43.39855475264036,4166.9,859.9,831.9,838.7,828.2,191.1,192.1,194.4,197.4,4.59,78.2,3.386,4172.0,860.8,834.2,837.2,827.2,191.2,192.0,195.5,196.5,4.56,78.0,3.332,-1.2,0.957,1,injector_clog,1,0.173,122.9,442446.7
161.8,mission_cruise,73.2017787659811,2500.0,43.39911061700945,4165.6,861.5,833.6,838.2,827.4,191.4,192.2,196.1,195.2,4.56,78.6,3.311,4170.4,861.4,834.2,837.2,827.2,191.2,192.0,195.5,196.5,4.56,78.0,3.33,-1.2,0.957,1,injector_clog,1,0.176,122.15,439734.9
161.9,mission_cruise,73.20066703724291,2500.0,43.399666481378546,4163.9,863.8,833.8,837.4,828.6,192.1,193.3,195.6,196.4,4.55,78.1,3.342,4168.8,861.9,834.2,837.2,827.2,191.2,192.0,195.5,196.5,4.56,78.0,3.328,-1.2,0.957,1,injector_clog,1,0.178,121.4,437029.7
162.0,mission_cruise,73.19955530850473,2500.0,43.400222345747636,4162.2,864.8,835.0,836.9,827.3,191.1,191.3,196.2,195.6,4.58,78.4,3.292,4167.2,862.5,834.2,837.2,827.2,191.2,192.0,195.5,196.5,4.56,78.0,3.326,-1.2,0.957,1,injector_clog,1,0.18,120.65,434331.1
162.1,mission_cruise,73.19844357976653,2500.0,43.400778210116734,4162.7,862.9,834.5,836.3,826.7,190.8,192.3,196.1,196.2,4.55,78.0,3.37,4165.6,863.1,834.2,837.2,827.2,191.3,192.0,195.5,196.5,4.56,78.0,3.324,-1.2,0.957,1,injector_clog,1,0.182,119.9,431639.0
162.2,mission_cruise,73.19733185102835,2500.0,43.401334074485824,4168.2,863.2,833.4,837.6,828.1,191.2,192.1,196.5,196.5,4.53,78.2,3.324,4164.0,863.6,834.2,837.2,827.2,191.3,192.0,195.5,196.5,4.56,78.0,3.322,-1.2,0.957,1,injector_clog,1,0.184,119.15,428953.3
162.3,mission_cruise,73.19622012229016,2500.0,43.40188993885492,4160.8,863.7,835.5,835.5,827.5,191.0,192.7,195.2,196.8,4.52,76.5,3.328,4162.4,864.2,834.2,837.2,827.2,191.3,192.0,195.5,196.5,4.56,78.0,3.32,-1.2,0.957,1,injector_clog,1,0.187,118.41,426273.9
162.4,mission_cruise,73.19510839355198,2500.0,43.40244580322401,4158.3,863.1,834.5,839.4,824.7,190.5,191.6,194.3,195.3,4.55,77.4,3.312,4160.8,864.8,834.2,837.2,827.2,191.3,192.0,195.5,196.5,4.56,78.0,3.318,-1.2,0.957,1,injector_clog,1,0.189,117.67,423600.7
162.5,mission_cruise,73.19399666481378,2500.0,43.40300166759311,4164.2,866.1,834.9,836.2,825.7,190.0,192.3,194.6,196.1,4.56,78.2,3.325,4159.2,865.3,834.2,837.2,827.2,191.3,192.0,195.5,196.5,4.56,78.0,3.316,-1.2,0.957,1,injector_clog,1,0.191,116.93,420933.6
162.6,mission_cruise,73.1928849360756,2500.0,43.4035575319622,4153.3,867.0,834.2,835.0,827.0,189.9,193.3,195.4,197.5,4.59,77.9,3.241,4157.6,865.9,834.2,837.2,827.2,191.3,192.0,195.5,196.5,4.56,78.0,3.314,-1.2,0.957,1,injector_clog,1,0.193,116.19,418272.5
162.7,mission_cruise,73.1917732073374,2500.0,43.4041133963313,4146.9,867.3,833.0,836.1,828.4,190.7,192.3,195.8,196.2,4.54,77.7,3.315,4155.9,866.5,834.2,837.2,827.2,191.4,192.0,195.5,196.5,4.56,78.0,3.312,-1.2,0.957,1,injector_clog,1,0.196,115.45,415617.4
162.8,mission_cruise,73.19066147859922,2500.0,43.40466926070039,4149.6,867.7,835.4,838.0,828.0,191.3,192.2,195.1,196.3,4.51,78.5,3.353,4154.3,867.1,834.2,837.2,827.2,191.4,192.0,195.5,196.5,4.56,78.0,3.31,-1.2,0.957,1,injector_clog,1,0.198,114.71,412968.2
162.9,mission_cruise,73.18954974986103,2500.0,43.405225125069485,4141.0,869.5,832.2,836.6,828.2,190.9,192.0,196.8,195.9,4.57,78.4,3.272,4152.7,867.6,834.2,837.2,827.2,191.4,192.0,195.5,196.5,4.56,78.0,3.308,-1.2,0.957,1,injector_clog,1,0.2,113.98,410324.7
163.0,mission_cruise,73.18843802112285,2500.0,43.405780989438576,4154.1,869.2,832.7,836.9,827.7,191.2,191.2,195.3,196.8,4.54,77.4,3.264,4151.1,868.2,834.2,837.2,827.2,191.4,192.0,195.5,196.5,4.55,78.0,3.306,-1.2,0.957,1,injector_clog,1,0.203,113.25,407687.0
163.1,mission_cruise,73.18732629238465,2500.0,43.40633685380767,4145.4,869.9,833.2,837.9,827.7,191.5,191.9,195.6,197.0,4.59,77.6,3.323,4149.5,868.8,834.2,837.2,827.2,191.4,192.0,195.5,196.5,4.55,78.0,3.304,-1.2,0.957,1,injector_clog,1,0.205,112.52,405054.8
163.2,mission_cruise,73.18621456364647,2500.0,43.40689271817676,4155.3,869.5,833.8,839.5,825.4,191.5,192.1,195.9,198.4,4.53,78.6,3.274,4147.9,869.3,834.2,837.2,827.2,191.4,192.0,195.5,196.5,4.55,78.0,3.302,-1.2,0.957,1,injector_clog,1,0.207,111.79,402428.3
163.3,mission_cruise,73.18510283490828,2500.0,43.40744858254586,4149.0,866.3,834.5,838.3,825.9,192.7,192.2,196.6,196.1,4.54,78.6,3.287,4146.3,869.9,834.2,837.2,827.2,191.5,192.0,195.5,196.5,4.55,78.0,3.3,-1.2,0.957,1,injector_clog,1,0.209,111.06,399807.2
163.4,mission_cruise,73.1839911061701,2500.0,43.40800444691495,4157.9,871.1,834.4,835.4,824.8,190.1,192.7,195.2,195.7,4.55,77.1,3.313,4144.7,870.5,834.2,837.2,827.2,191.5,192.0,195.5,196.5,4.55,78.0,3.298,-1.2,0.957,1,injector_clog,1,0.212,110.33,397191.5
163.5,mission_cruise,73.1828793774319,2500.0,43.40856031128405,4149.2,870.5,834.9,838.3,826.6,190.8,191.9,195.0,196.6,4.57,77.7,3.317,4143.1,871.0,834.1,837.1,827.1,191.5,192.0,195.5,196.5,4.55,78.0,3.296,-1.2,0.957,1,injector_clog,1,0.214,109.61,394581.2
163.6,mission_cruise,73.18176764869372,2500.0,43.40911617565314,4141.3,873.7,832.6,837.0,826.6,192.6,191.8,196.5,196.7,4.5,77.9,3.272,4141.5,871.6,834.1,837.1,827.1,191.5,192.0,195.5,196.5,4.55,78.0,3.294,-1.2,0.957,1,injector_clog,1,0.216,108.88,391976.1
163.7,mission_cruise,73.18065591995553,2500.0,43.40967204002224,4129.7,871.8,834.6,835.8,825.5,191.4,192.5,194.8,196.2,4.52,77.8,3.243,4139.9,872.2,834.1,837.1,827.1,191.5,192.0,195.5,196.5,4.55,78.0,3.292,-1.2,0.957,1,injector_clog,1,0.218,108.16,389376.3
163.8,mission_cruise,73.17954419121735,2500.0,43.41022790439133,4140.6,874.4,833.1,839.2,827.1,191.6,192.0,194.2,196.3,4.51,77.3,3.303,4138.3,872.8,834.1,837.1,827.1,191.6,192.0,195.5,196.5,4.55,78.0,3.29,-1.2,0.957,1,injector_clog,1,0.221,107.44,386781.6
163.9,mission_cruise,73.17843246247915,2500.0,43.410783768760425,4129.4,875.5,835.2,838.7,827.5,192.3,191.7,195.0,195.8,4.55,77.0,3.295,4136.7,873.3,834.1,837.1,827.1,191.6,192.0,195.5,196.5,4.55,78.0,3.288,-1.2,0.957,1,injector_clog,1,0.223,106.72,384192.0
164.0,mission_cruise,73.17732073374097,2500.0,43.411339633129515,4133.4,875.2,836.2,837.0,827.7,191.1,190.8,195.8,195.7,4.53,78.3,3.279,4135.1,873.9,834.1,837.1,827.1,191.6,192.0,195.5,196.5,4.55,78.0,3.286,-1.2,0.957,1,injector_clog,1,0.225,106.0,381607.4
164.1,mission_cruise,73.17620900500278,2500.0,43.41189549749861,4135.2,874.7,832.3,836.9,826.2,191.2,191.5,195.3,196.6,4.54,77.8,3.272,4133.5,874.5,834.1,837.1,827.1,191.6,192.0,195.5,196.5,4.55,78.0,3.284,-1.2,0.957,1,injector_clog,1,0.227,105.29,379027.8
164.2,mission_cruise,73.1750972762646,2500.0,43.4124513618677,4134.8,873.6,832.4,835.7,827.2,191.6,191.0,195.8,195.4,4.55,77.3,3.328,4131.9,875.0,834.1,837.1,827.1,191.6,192.0,195.5,196.5,4.55,78.0,3.282,-1.2,0.957,1,injector_clog,1,0.229,104.57,376453.1
164.3,mission_cruise,73.1739855475264,2500.0,43.4130072262368,4125.1,874.3,831.7,837.3,826.0,190.9,192.2,194.4,196.4,4.55,78.2,3.279,4130.3,875.6,834.1,837.1,827.1,191.6,192.0,195.5,196.5,4.55,78.0,3.28,-1.2,0.957,1,injector_clog,1,0.232,103.86,373883.2
164.4,mission_cruise,73.17287381878822,2500.0,43.41356309060589,4135.9,875.2,834.5,836.4,827.9,191.9,191.9,196.2,197.6,4.53,77.8,3.3,4128.7,876.2,834.1,837.1,827.1,191.7,192.0,195.5,196.5,4.55,78.0,3.278,-1.2,0.957,1,injector_clog,1,0.234,103.14,371318.2
164.5,mission_cruise,73.17176209005002,2500.0,43.41411895497499,4134.6,876.1,835.7,836.9,826.4,192.7,191.0,195.3,197.5,4.57,78.3,3.354,4127.1,876.8,834.1,837.1,827.1,191.7,192.0,195.5,196.5,4.55,78.0,3.276,-1.2,0.957,1,injector_clog,1,0.236,102.43,368757.8
164.6,mission_cruise,73.17065036131184,2500.0,43.41467481934408,4135.9,876.2,832.2,837.0,827.5,192.3,191.3,194.7,196.3,4.54,77.6,3.253,4125.5,877.3,834.1,837.1,827.1,191.7,192.0,195.5,196.5,4.55,78.0,3.274,-1.2,0.957,1,injector_clog,1,0.238,101.72,366202.2
164.7,mission_cruise,73.16953863257365,2500.0,43.415230683713176,4109.7,879.9,835.6,837.8,827.5,191.8,190.8,195.8,198.0,4.57,77.5,3.268,4123.9,877.9,834.1,837.1,827.1,191.7,192.0,195.5,196.5,4.55,78.0,3.272,-1.2,0.957,1,injector_clog,1,0.241,101.01,363651.1
164.8,mission_cruise,73.16842690383547,2500.0,43.41578654808227,4123.4,879.2,837.6,836.3,826.1,191.7,192.4,195.3,196.5,4.55,77.9,3.309,4122.3,878.5,834.1,837.1,827.1,191.7,192.0,195.5,196.5,4.55,78.0,3.27,-1.2,0.957,1,injector_clog,1,0.243,100.31,361104.7
164.9,mission_cruise,73.16731517509727,2500.0,43.416342412451364,4118.4,877.6,831.6,838.3,826.4,191.7,192.3,195.0,196.2,4.56,77.7,3.232,4120.7,879.0,834.1,837.1,827.1,191.8,192.0,195.5,196.5,4.55,78.0,3.268,-1.2,0.957,1,injector_clog,1,0.245,99.6,358562.7
165.0,mission_cruise,73.16620344635909,2500.0,43.416898276820454,4118.8,879.5,835.3,834.9,828.2,192.0,192.0,195.4,196.4,4.56,77.5,3.178,4119.1,879.6,834.1,837.1,827.1,191.8,192.0,195.5,196.5,4.55,78.0,3.266,-1.2,0.957,1,injector_clog,1,0.247,98.9,356025.3
165.1,mission_cruise,73.1650917176209,2500.0,43.41745414118955,4111.7,878.3,833.8,836.6,825.8,192.2,191.0,194.6,196.1,4.58,78.2,3.231,4117.5,880.2,834.1,837.1,827.1,191.8,192.0,195.5,196.5,4.55,78.0,3.264,-1.2,0.957,1,injector_clog,1,0.25,98.19,353492.2
165.2,mission_cruise,73.16397998888272,2500.0,43.41801000555864,4111.7,880.8,832.0,839.0,825.2,191.9,192.4,194.3,196.5,4.52,77.8,3.279,4115.9,880.8,834.1,837.1,827.1,191.8,192.0,195.5,196.5,4.54,78.0,3.262,-1.2,0.957,1,injector_clog,1,0.252,97.49,350963.6
165.3,mission_cruise,73.16286826014452,2500.0,43.41856586992774,4110.1,880.3,833.7,835.7,826.4,192.1,191.4,196.1,196.1,4.55,77.9,3.241,4114.3,881.3,834.1,837.1,827.1,191.8,192.0,195.5,196.5,4.54,78.0,3.26,-1.2,0.957,1,injector_clog,1,0.254,96.79,348439.3
165.4,mission_cruise,73.16175653140634,2500.0,43.41912173429683,4102.6,883.0,832.4,837.0,824.1,191.9,192.3,195.2,196.5,4.49,79.3,3.212,4112.7,881.9,834.1,837.1,827.1,191.9,192.0,195.5,196.5,4.54,78.0,3.258,-1.2,0.957,1,injector_clog,1,0.257,96.09,345919.2
165.5,mission_cruise,73.16064480266814,2500.0,43.41967759866593,4111.5,882.8,833.4,837.0,826.1,192.6,192.1,195.1,197.1,4.55,78.4,3.271,4111.1,882.5,834.1,837.1,827.1,191.9,192.0,195.5,196.5,4.54,78.0,3.256,-1.2,0.957,1,injector_clog,1,0.259,95.39,343403.4
165.6,mission_cruise,73.15953307392996,2500.0,43.42023346303502,4108.6,883.2,832.9,837.6,825.8,191.3,192.0,195.6,195.8,4.5,78.0,3.208,4109.5,883.0,834.1,837.1,827.1,191.9,192.0,195.5,196.5,4.54,78.0,3.254,-1.2,0.957,1,injector_clog,1,0.261,94.69,340891.8
165.7,mission_cruise,73.15842134519177,2500.0,43.420789327404115,4102.7,883.0,833.7,836.5,828.7,191.3,191.9,195.2,196.3,4.53,77.9,3.284,4107.9,883.6,834.1,837.1,827.1,191.9,192.0,195.5,196.5,4.54,78.0,3.252,-1.2,0.957,1,injector_clog,1,0.263,94.0,338384.4
165.8,mission_cruise,73.15730961645359,2500.0,43.421345191773206,4106.3,885.3,832.5,835.9,825.9,191.8,191.2,195.0,196.5,4.54,77.8,3.276,4106.3,884.2,834.1,837.1,827.1,191.9,192.0,195.5,196.5,4.54,78.0,3.25,-1.2,0.957,1,injector_clog,1,0.266,93.3,335881.0
165.9,mission_cruise,73.1561978877154,2500.0,43.4219010561423,4105.9,884.3,835.5,837.1,828.0,192.5,192.8,195.3,196.3,4.53,77.9,3.279,4104.7,884.8,834.1,837.1,827.1,192.0,192.0,195.5,196.5,4.54,78.0,3.248,-1.2,0.957,1,injector_clog,1,0.268,92.61,333381.7
166.0,mission_cruise,73.15508615897721,2500.0,43.422456920511394,4099.4,886.5,831.5,837.5,824.8,191.9,191.9,195.0,196.4,4.52,78.0,3.22,4103.1,885.3,834.1,837.1,827.1,192.0,192.0,195.5,196.5,4.54,78.0,3.246,-1.2,0.957,1,injector_clog,1,0.27,91.91,330886.5
166.1,mission_cruise,73.15397443023902,2500.0,43.42301278488049,4095.4,883.7,835.2,836.0,829.1,192.5,192.2,195.4,196.1,4.55,78.6,3.251,4101.8,885.9,834.1,837.1,827.1,192.0,192.0,195.5,196.5,4.54,78.0,3.246,-1.2,0.957,1,injector_clog,1,0.27,91.88,330785.6
166.2,mission_cruise,73.15286270150084,2500.0,43.42356864924958,4104.0,888.0,834.4,836.3,825.9,192.2,191.9,196.5,196.1,4.53,77.1,3.192,4100.7,886.4,834.1,837.1,827.1,192.0,192.0,195.5,196.5,4.54,78.0,3.246,-1.2,0.957,1,injector_clog,1,0.27,91.86,330684.7
166.3,mission_cruise,73.15175097276264,2500.0,43.42412451361868,4102.0,891.8,833.4,838.7,827.9,192.3,191.9,195.6,196.0,4.52,78.3,3.243,4099.8,886.9,834.1,837.1,827.1,192.0,192.0,195.5,196.5,4.54,78.0,3.246,-1.2,0.957,1,injector_clog,1,0.27,91.83,330583.8
166.4,mission_cruise,73.15063924402446,2500.0,43.42468037798777,4098.8,883.7,834.2,839.2,825.0,192.0,191.6,195.0,196.3,4.53,78.3,3.26,4099.1,887.3,834.1,837.1,827.1,192.1,192.0,195.5,196.5,4.54,78.0,3.246,-1.2,0.957,1,injector_clog,1,0.27,91.8,330482.9
166.5,mission_cruise,73.14952751528627,2500.0,43.42523624235687,4098.4,886.1,833.7,834.4,827.6,192.2,191.4,195.2,196.7,4.56,78.6,3.226,4098.5,887.8,834.1,837.1,827.1,192.1,192.0,195.5,196.5,4.54,78.0,3.246,-1.2,0.957,1,injector_clog,1,0.27,91.77,330382.0
166.6,mission_cruise,73.14841578654809,2500.0,43.42579210672596,4094.6,887.1,834.4,834.9,826.7,192.2,191.2,195.4,196.0,4.55,77.8,3.318,4098.0,888.2,834.1,837.1,827.1,192.1,192.0,195.5,196.5,4.54,78.0,3.246,-1.2,0.957,1,injector_clog,1,0.27,91.74,330281.1
166.7,mission_cruise,73.14730405780989,2500.0,43.426347971095055,4104.2,886.4,835.1,836.0,828.5,191.6,191.9,196.2,196.0,4.54,77.7,3.209,4097.6,888.5,834.1,837.1,827.1,192.1,192.0,195.5,196.5,4.54,78.0,3.245,-1.2,0.957,1,injector_clog,1,0.27,91.72,330180.2
166.8,mission_cruise,73.14619232907171,2500.0,43.426903835464145,4098.5,888.2,834.1,840.7,826.6,192.2,191.8,195.4,195.8,4.55,78.2,3.24,4097.2,888.9,834.1,837.1,827.1,192.1,192.0,195.5,196.5,4.54,78.0,3.245,-1.2,0.957,1,injector_clog,1,0.27,91.69,330079.3
166.9,mission_cruise,73.14508060033351,2500.0,43.42745969983324,4117.7,889.7,832.5,836.6,828.6,191.4,191.6,195.7,197.2,4.59,77.4,3.214,4096.9,889.2,834.1,837.1,827.1,192.2,192.0,195.5,196.5,4.54,78.0,3.245,-1.2,0.957,1,injector_clog,1,0.27,91.66,329978.4
167.0,mission_cruise,73.14396887159533,2500.0,43.42801556420233,4097.9,889.6,831.6,836.1,825.8,190.8,192.2,196.3,196.3,4.46,78.1,3.193,4096.7,889.6,834.1,837.1,827.1,192.2,192.0,195.5,196.5,4.54,78.0,3.245,-1.2,0.957,1,injector_clog,1,0.27,91.63,329877.5
167.1,mission_cruise,73.14285714285714,2500.0,43.42857142857143,4096.0,891.7,831.6,836.5,828.9,192.5,192.5,196.8,196.9,4.56,78.9,3.223,4096.5,889.9,834.1,837.1,827.1,192.2,192.0,195.5,196.5,4.54,78.0,3.245,-1.2,0.957,1,injector_clog,1,0.27,91.6,329776.6
167.2,mission_cruise,73.14174541411896,2500.0,43.42912729294052,4102.9,892.6,834.7,836.7,828.9,192.5,190.5,194.6,197.4,4.52,77.6,3.237,4096.3,890.2,834.1,837.1,827.1,192.2,192.0,195.5,196.5,4.54,78.0,3.245,-1.2,0.957,1,injector_clog,1,0.27,91.58,329675.7
167.3,mission_cruise,73.14063368538076,2500.0,43.42968315730962,4083.3,891.4,836.0,837.2,826.7,191.6,191.8,195.2,196.3,4.53,77.6,3.267,4096.1,890.4,834.1,837.1,827.1,192.2,192.0,195.5,196.5,4.54,78.0,3.245,-1.2,0.957,1,injector_clog,1,0.27,91.55,329574.8
167.4,mission_cruise,73.13952195664258,2500.0,43.43023902167871,4100.7,887.9,835.3,836.9,825.7,192.2,192.0,195.6,197.3,4.52,77.8,3.265,4096.0,890.7,834.1,837.1,827.1,192.3,192.0,195.5,196.5,4.54,78.0,3.245,-1.2,0.957,1,injector_clog,1,0.27,91.52,329473.9
167.5,mission_cruise,73.13841022790439,2500.0,43.430794886047806,4103.6,892.8,835.1,835.4,830.0,192.5,192.3,196.0,196.6,4.55,77.8,3.18,4095.9,890.9,834.1,837.1,827.1,192.3,192.0,195.5,196.5,4.54,78.0,3.245,-1.2,0.957,1,injector_clog,1,0.27,91.49,329373.0
167.6,mission_cruise,73.1372984991662,2500.0,43.4313507504169,4096.5,890.8,834.3,835.8,830.0,191.8,191.6,193.9,196.7,4.56,77.2,3.249,4095.8,891.2,834.1,837.1,827.1,192.3,192.0,195.5,196.5,4.54,78.0,3.245,-1.2,0.957,1,injector_clog,1,0.27,91.46,329272.1
167.7,mission_cruise,73.13618677042801,2500.0,43.431906614785994,4104.9,892.0,836.3,836.3,826.2,193.9,191.7,195.0,196.2,4.51,77.6,3.211,4095.7,891.4,834.1,837.1,827.1,192.3,192.0,195.5,196.5,4.54,78.0,3.245,-1.2,0.957,1,injector_clog,1,0.27,91.44,329171.2
167.8,mission_cruise,73.13507504168983,2500.0,43.432462479155085,4096.3,893.4,833.5,836.3,828.3,192.7,191.8,195.9,196.4,4.6,78.1,3.209,4095.6,891.6,834.1,837.1,827.1,192.3,192.0,195.5,196.5,4.54,78.0,3.245,-1.2,0.957,1,injector_clog,1,0.27,91.41,329070.3
167.9,mission_cruise,73.13396331295164,2500.0,43.43301834352418,4103.5,891.2,836.0,835.9,827.3,192.9,193.0,195.8,195.9,4.5,77.9,3.231,4095.6,891.8,834.1,837.1,827.1,192.3,192.0,195.5,196.5,4.54,78.0,3.245,-1.2,0.957,1,injector_clog,1,0.27,91.38,328969.4
168.0,mission_cruise,73.13285158421345,2500.0,43.43357420789327,4092.4,888.7,832.4,836.6,829.8,191.8,191.2,194.9,196.8,4.52,78.4,3.186,4095.5,891.9,834.1,837.1,827.1,192.4,192.0,195.5,196.5,4.54,78.0,3.245,-1.2,0.957,1,injector_clog,1,0.27,91.35,328868.5
168.1,mission_cruise,73.13173985547526,2500.0,43.43413007226237,4096.3,891.2,834.5,837.3,827.3,192.3,191.7,195.4,196.4,4.51,78.3,3.295,4095.4,892.1,834.1,837.1,827.1,192.4,192.0,195.5,196.5,4.54,78.0,3.245,-1.2,0.957,1,injector_clog,1,0.27,91.32,328767.6
168.2,mission_cruise,73.13062812673708,2500.0,43.43468593663146,4094.6,890.8,833.5,838.5,828.1,191.7,191.5,196.0,195.9,4.54,77.9,3.268,4095.4,892.3,834.1,837.1,827.1,192.4,192.0,195.5,196.5,4.54,78.0,3.245,-1.2,0.957,1,injector_clog,1,0.27,91.3,328666.7
168.3,mission_cruise,73.12951639799888,2500.0,43.43524180100056,4101.5,892.4,834.7,834.8,829.2,192.7,192.0,195.9,197.6,4.57,78.3,3.255,4095.3,892.4,834.1,837.1,827.1,192.4,192.0,195.5,196.5,4.54,78.0,3.245,-1.2,0.957,1,injector_clog,1,0.27,91.27,328565.8
168.4,mission_cruise,73.1284046692607,2500.0,43.43579766536965,4099.8,891.4,833.5,837.7,826.7,192.2,191.4,195.2,196.3,4.54,77.5,3.272,4095.3,892.6,834.1,837.1,827.1,192.4,192.0,195.5,196.5,4.54,78.0,3.245,-1.2,0.957,1,injector_clog,1,0.27,91.24,328464.9
168.5,mission_cruise,73.12729294052251,2500.0,43.436353529738746,4091.9,891.1,834.5,838.1,827.5,193.1,191.5,195.8,196.0,4.54,77.8,3.285,4095.3,892.7,834.1,837.1,827.1,192.4,192.0,195.5,196.5,4.54,78.0,3.245,-1.2,0.957,1,injector_clog,1,0.27,91.21,328364.0
168.6,mission_cruise,73.12618121178433,2500.0,43.436909394107836,4091.5,892.3,835.1,835.5,827.5,192.6,192.2,195.7,197.2,4.53,77.1,3.267,4095.2,892.8,834.0,837.0,827.0,192.5,192.0,195.5,196.5,4.54,78.0,3.245,-1.2,0.957,1,injector_clog,1,0.27,91.18,328263.1
168.7,mission_cruise,73.12506948304613,2500.0,43.437465258476934,4098.9,893.1,835.2,835.3,827.9,193.2,192.2,196.2,196.1,4.61,77.5,3.259,4095.2,893.0,834.0,837.0,827.0,192.5,192.0,195.5,196.5,4.54,78.0,3.245,-1.2,0.957,1,injector_clog,1,0.27,91.16,328162.2
168.8,mission_cruise,73.12395775430795,2500.0,43.438021122846024,4094.1,893.9,834.5,838.1,828.5,192.3,193.2,196.0,195.7,4.49,77.6,3.198,4095.1,893.1,834.0,837.0,827.0,192.5,192.0,195.5,196.5,4.54,78.0,3.245,-1.2,0.957,1,injector_clog,1,0.27,91.13,328061.3
168.9,mission_cruise,73.12284602556976,2500.0,43.43857698721512,4097.6,892.8,833.6,839.1,825.8,192.8,191.9,196.0,196.4,4.5,77.3,3.219,4095.1,893.2,834.0,837.0,827.0,192.5,192.0,195.5,196.5,4.54,78.0,3.245,-1.2,0.957,1,injector_clog,1,0.27,91.1,327960.4
169.0,mission_cruise,73.12173429683158,2500.0,43.43913285158421,4087.8,894.0,834.5,837.9,827.1,193.1,192.1,196.0,196.2,4.52,78.2,3.218,4095.1,893.3,834.0,837.0,827.0,192.5,192.0,195.5,196.5,4.54,78.0,3.245,-1.2,0.957,1,injector_clog,1,0.27,91.07,327859.5
169.1,mission_cruise,73.12062256809338,2500.0,43.43968871595331,4091.4,895.5,832.0,836.5,826.0,191.8,192.0,196.0,196.5,4.55,77.6,3.261,4095.0,893.4,834.0,837.0,827.0,192.5,192.0,195.5,196.5,4.54,78.0,3.245,-1.2,0.957,1,injector_clog,1,0.27,91.04,327758.6
169.2,mission_cruise,73.1195108393552,2500.0,43.4402445803224,4092.2,893.7,834.9,838.4,825.0,192.0,192.2,195.5,196.2,4.52,78.0,3.224,4095.0,893.5,834.0,837.0,827.0,192.6,192.0,195.5,196.5,4.54,78.0,3.244,-1.2,0.957,1,injector_clog,1,0.27,91.02,327657.7
169.3,mission_cruise,73.118399110617,2500.0,43.4408004446915,4091.6,895.6,833.7,837.8,827.0,192.9,191.2,196.3,196.0,4.54,77.9,3.238,4094.9,893.6,834.0,837.0,827.0,192.6,192.0,195.5,196.5,4.54,78.0,3.244,-1.2,0.957,1,injector_clog,1,0.27,90.99,327556.8
169.4,mission_cruise,73.11728738187882,2500.0,43.44135630906059,4094.2,892.2,832.5,839.9,829.5,192.6,191.8,195.4,196.0,4.59,78.2,3.266,4094.9,893.6,834.0,837.0,827.0,192.6,192.0,195.5,196.5,4.54,78.0,3.244,-1.2,0.957,1,injector_clog,1,0.27,90.96,327455.9
169.5,mission_cruise,73.11617565314063,2500.0,43.441912173429685,4105.2,892.5,834.5,836.0,825.1,191.7,190.8,194.0,196.4,4.49,79.0,3.286,4094.9,893.7,834.0,837.0,827.0,192.6,191.9,195.4,196.4,4.54,78.0,3.244,-1.2,0.957,1,injector_clog,1,0.27,90.93,327355.0
169.6,mission_cruise,73.11506392440245,2500.0,43.442468037798776,4101.4,894.1,835.8,837.0,831.1,191.9,191.8,195.2,196.7,4.51,78.1,3.274,4094.8,893.8,834.0,837.0,827.0,192.6,191.9,195.4,196.4,4.54,78.0,3.244,-1.2,0.957,1,injector_clog,1,0.27,90.9,327254.1
169.7,mission_cruise,73.11395219566425,2500.0,43.44302390216787,4091.0,893.6,834.9,838.1,827.1,192.7,192.0,195.3,196.9,4.51,77.7,3.201,4094.8,893.9,834.0,837.0,827.0,192.6,191.9,195.4,196.4,4.54,78.0,3.244,-1.2,0.957,1,injector_clog,1,0.27,90.88,327153.2
169.8,mission_cruise,73.11284046692607,2500.0,43.44357976653696,4085.8,891.8,833.8,835.5,826.9,192.4,192.4,194.3,196.5,4.48,77.9,3.25,4094.8,893.9,834.0,837.0,827.0,192.6,191.9,195.4,196.4,4.54,78.0,3.244,-1.2,0.957,1,injector_clog,1,0.27,90.85,327052.3
169.9,mission_cruise,73.11172873818788,2500.0,43.44413563090606,4094.9,896.4,836.4,836.7,826.4,193.0,192.0,196.0,196.9,4.54,77.9,3.259,4094.7,894.0,834.0,837.0,827.0,192.7,191.9,195.4,196.4,4.54,78.0,3.244,-1.2,0.957,1,injector_clog,1,0.27,90.82,326951.4
170.0,mission_cruise,73.1106170094497,2500.0,43.44469149527515,4088.6,894.5,833.2,834.8,828.9,192.6,192.2,195.5,197.0,4.53,78.6,3.264,4094.7,894.0,834.0,837.0,827.0,192.7,191.9,195.4,196.4,4.54,78.0,3.244,-1.2,0.957,1,injector_clog,1,0.27,90.79,326850.5
170.1,mission_cruise,73.1095052807115,2500.0,43.44524735964425,4101.7,892.9,834.1,834.9,827.0,192.5,192.2,195.9,195.9,4.54,78.1,3.272,4094.7,894.1,834.0,837.0,827.0,192.7,191.9,195.4,196.4,4.54,78.0,3.244,-1.2,0.957,1,injector_clog,1,0.27,90.76,326749.6
170.2,mission_cruise,73.10839355197332,2500.0,43.44580322401334,4094.2,894.4,834.6,837.5,827.2,193.7,191.9,195.3,196.5,4.5,78.5,3.197,4094.6,894.1,834.0,837.0,827.0,192.7,191.9,195.4,196.4,4.54,78.0,3.244,-1.2,0.957,1,injector_clog,1,0.27,90.74,326648.7
170.3,mission_cruise,73.10728182323513,2500.0,43.44635908838244,4098.6,893.4,835.4,836.6,828.4,192.3,193.6,195.6,197.5,4.51,78.2,3.263,4094.6,894.2,834.0,837.0,827.0,192.7,191.9,195.4,196.4,4.54,78.0,3.244,-1.2,0.957,1,injector_clog,1,0.27,90.71,326547.8
170.4,mission_cruise,73.10617009449695,2500.0,43.44691495275153,4088.4,895.9,836.9,837.3,825.6,192.1,191.0,195.1,197.0,4.53,78.1,3.251,4094.6,894.2,834.0,837.0,827.0,192.7,191.9,195.4,196.4,4.54,78.0,3.244,-1.2,0.957,1,injector_clog,1,0.27,90.68,326446.9
170.5,mission_cruise,73.10505836575875,2500.0,43.447470817120625,4096.9,895.7,835.6,836.5,826.7,193.0,191.1,194.6,196.8,4.53,78.6,3.273,4094.5,894.3,834.0,837.0,827.0,192.7,191.9,195.4,196.4,4.54,78.0,3.244,-1.2,0.957,1,injector_clog,1,0.27,90.65,326346.0
170.6,mission_cruise,73.10394663702057,2500.0,43.448026681489715,4087.0,893.6,834.4,835.7,825.4,191.8,191.8,195.8,195.9,4.52,78.5,3.209,4094.5,894.3,834.0,837.0,827.0,192.8,191.9,195.4,196.4,4.54,78.0,3.244,-1.2,0.957,1,injector_clog,1,0.27,90.62,326245.1
170.7,mission_cruise,73.10283490828238,2500.0,43.44858254585881,4095.2,897.6,834.6,837.8,829.5,192.7,191.8,195.6,196.1,4.52,77.7,3.239,4094.5,894.3,834.0,837.0,827.0,192.8,191.9,195.4,196.4,4.54,78.0,3.244,-1.2,0.957,1,injector_clog,1,0.27,90.6,326144.2
170.8,mission_cruise,73.1017231795442,2500.0,43.4491384102279,4097.7,892.7,836.2,835.9,826.5,192.7,191.9,195.3,196.6,4.58,77.8,3.211,4094.4,894.4,834.0,837.0,827.0,192.8,191.9,195.4,196.4,4.54,78.0,3.244,-1.2,0.957,1,injector_clog,1,0.27,90.57,326043.3
170.9,mission_cruise,73.100611450806,2500.0,43.449694274597,4094.0,894.9,837.6,839.4,825.2,192.6,192.3,196.6,196.8,4.54,78.1,3.272,4094.4,894.4,834.0,837.0,827.0,192.8,191.9,195.4,196.4,4.54,78.0,3.244,-1.2,0.957,1,injector_clog,1,0.27,90.54,325942.4
171.0,mission_cruise,73.09949972206782,2500.0,43.45025013896609,4097.3,892.4,833.6,837.9,827.1,191.9,192.3,195.9,196.1,4.54,78.0,3.245,4094.4,894.4,834.0,837.0,827.0,192.8,191.9,195.4,196.4,4.54,78.0,3.244,-1.2,0.957,1,injector_clog,1,0.27,90.51,325841.5
171.1,mission_cruise,73.09838799332962,2500.0,43.45080600333519,4094.2,893.0,835.8,835.4,828.1,192.9,192.6,194.6,196.6,4.57,78.0,3.269,4094.3,894.5,834.0,837.0,827.0,192.8,191.9,195.4,196.4,4.54,78.0,3.244,-1.2,0.957,1,injector_clog,1,0.27,90.48,325740.6
171.2,mission_cruise,73.09727626459144,2500.0,43.45136186770428,4095.9,894.4,834.3,839.1,826.7,192.8,191.3,195.7,195.4,4.45,77.6,3.269,4094.3,894.5,834.0,837.0,827.0,192.8,191.9,195.4,196.4,4.54,78.0,3.244,-1.2,0.957,1,injector_clog,1,0.27,90.46,325639.7
171.3,mission_cruise,73.09616453585325,2500.0,43.451917732073376,4098.4,896.2,834.5,836.7,826.8,193.1,192.2,197.0,196.2,4.52,77.6,3.242,4094.2,894.5,834.0,837.0,827.0,192.9,191.9,195.4,196.4,4.54,78.0,3.244,-1.2,0.957,1,injector_clog,1,0.27,90.43,325538.8
171.4,mission_cruise,73.09505280711507,2500.0,43.452473596442466,4100.8,893.2,834.4,836.5,827.0,193.4,193.0,195.7,196.5,4.53,78.0,3.254,4094.2,894.5,834.0,837.0,827.0,192.9,191.9,195.4,196.4,4.54,78.0,3.244,-1.2,0.957,1,injector_clog,1,0.27,90.4,325437.9
171.5,mission_cruise,73.09394107837687,2500.0,43.453029460811564,4096.0,892.6,834.5,837.4,828.4,193.5,192.5,195.4,196.4,4.53,78.1,3.215,4094.2,894.6,834.0,837.0,827.0,192.9,191.9,195.4,196.4,4.54,78.0,3.244,-1.2,0.957,1,injector_clog,1,0.27,90.37,325337.0
171.6,mission_cruise,73.09282934963869,2500.0,43.453585325180654,4101.5,894.9,833.9,838.9,825.7,193.2,192.4,195.0,196.9,4.56,77.8,3.21,4094.1,894.6,834.0,837.0,827.0,192.9,191.9,195.4,196.4,4.54,78.0,3.243,-1.2,0.957,1,injector_clog,1,0.27,90.34,325236.1
171.7,mission_cruise,73.0917176209005,2500.0,43.45414118954975,4096.3,895.3,834.3,835.2,828.6,193.4,192.4,194.9,196.0,4.53,77.1,3.282,4094.1,894.6,834.0,837.0,827.0,192.9,191.9,195.4,196.4,4.54,78.0,3.243,-1.2,0.957,1,injector_clog,1,0.27,90.32,325135.2
171.8,mission_cruise,73.09060589216232,2500.0,43.45469705391884,4105.3,893.8,833.3,837.9,825.7,193.7,191.7,194.2,196.3,4.57,77.8,3.21,4094.1,894.6,834.0,837.0,827.0,192.9,191.9,195.4,196.4,4.54,78.0,3.243,-1.2,0.957,1,injector_clog,1,0.27,90.29,325034.3
171.9,mission_cruise,73.08949416342412,2500.0,43.45525291828794,4085.3,896.1,835.1,836.4,825.8,192.0,192.2,195.5,196.5,4.51,77.0,3.279,4094.0,894.7,834.0,837.0,827.0,192.9,191.9,195.4,196.4,4.54,78.0,3.243,-1.2,0.957,1,injector_clog,1,0.27,90.26,324933.4
172.0,mission_cruise,73.08838243468594,2500.0,43.45580878265703,4095.6,897.2,832.5,837.5,826.6,193.9,192.1,194.9,196.1,4.56,77.9,3.221,4094.0,894.7,834.0,837.0,827.0,192.9,191.9,195.4,196.4,4.54,78.0,3.243,-1.2,0.957,1,injector_clog,1,0.27,90.23,324832.5
172.1,mission_cruise,73.08727070594774,2500.0,43.45636464702613,4091.5,893.6,836.1,839.7,826.1,192.4,192.3,196.3,195.2,4.56,77.9,3.217,4094.0,894.7,834.0,837.0,827.0,193.0,191.9,195.4,196.4,4.54,78.0,3.243,-1.2,0.957,1,injector_clog,1,0.27,90.2,324731.6
172.2,mission_cruise,73.08615897720956,2500.0,43.45692051139522,4097.6,894.0,830.1,833.9,826.7,193.9,192.1,195.0,196.6,4.53,78.2,3.221,4093.9,894.7,834.0,837.0,827.0,193.0,191.9,195.4,196.4,4.54,78.0,3.243,-1.2,0.957,1,injector_clog,1,0.27,90.18,324630.7
172.3,mission_cruise,73.08504724847137,2500.0,43.457476375764315,4089.1,894.4,830.9,836.8,828.1,194.0,191.3,195.8,195.7,4.55,77.5,3.242,4093.9,894.7,834.0,837.0,827.0,193.0,191.9,195.4,196.4,4.54,78.0,3.243,-1.2,0.957,1,injector_clog,1,0.27,90.15,324529.8
172.4,mission_cruise,73.08393551973319,2500.0,43.458032240133406,4096.6,895.2,833.9,836.7,824.3,193.2,191.1,194.9,196.7,4.55,78.3,3.209,4093.9,894.7,834.0,837.0,827.0,193.0,191.9,195.4,196.4,4.54,78.0,3.243,-1.2,0.957,1,injector_clog,1,0.27,90.12,324428.9
172.5,mission_cruise,73.082823790995,2500.0,43.4585881045025,4090.6,893.9,835.0,837.4,825.2,193.4,191.7,195.1,196.2,4.51,78.3,3.194,4093.8,894.7,834.0,837.0,827.0,193.0,191.9,195.4,196.4,4.54,78.0,3.243,-1.2,0.957,1,injector_clog,1,0.27,90.09,324328.0
172.6,mission_cruise,73.08171206225681,2500.0,43.459143968871594,4085.8,892.8,834.8,837.9,827.3,193.4,193.1,195.8,195.8,4.56,77.4,3.269,4093.8,894.7,834.0,837.0,827.0,193.0,191.9,195.4,196.4,4.54,78.0,3.243,-1.2,0.957,1,injector_clog,1,0.27,90.06,324227.1
172.7,mission_cruise,73.08060033351862,2500.0,43.45969983324069,4086.3,894.3,832.6,838.1,827.4,193.0,192.0,195.5,195.7,4.54,78.5,3.217,4093.8,894.8,834.0,837.0,827.0,193.0,191.9,195.4,196.4,4.54,78.0,3.243,-1.2,0.957,1,injector_clog,1,0.27,90.04,324126.2
172.8,mission_cruise,73.07948860478044,2500.0,43.46025569760978,4096.3,894.4,833.9,834.5,826.7,192.5,190.8,196.4,196.6,4.53,78.0,3.298,4093.7,894.8,834.0,837.0,827.0,193.0,191.9,195.4,196.4,4.54,78.0,3.243,-1.2,0.957,1,injector_clog,1,0.27,90.01,324025.3
172.9,mission_cruise,73.07837687604224,2500.0,43.46081156197888,4096.2,894.6,831.1,836.0,828.0,192.3,191.7,195.2,196.5,4.56,78.8,3.26,4093.7,894.8,834.0,837.0,827.0,193.0,191.9,195.4,196.4,4.54,78.0,3.243,-1.2,0.957,1,injector_clog,1,0.27,89.98,323924.4
173.0,mission_cruise,73.07726514730406,2500.0,43.46136742634797,4092.0,897.6,836.3,840.1,828.0,192.2,191.4,195.3,197.1,4.49,77.9,3.234,4093.7,894.8,834.0,837.0,827.0,193.1,191.9,195.4,196.4,4.54,78.0,3.243,-1.2,0.957,1,injector_clog,1,0.27,89.95,323823.5
173.1,mission_cruise,73.07615341856587,2500.0,43.46192329071707,4087.5,895.0,833.2,837.2,825.3,193.8,192.4,195.1,195.4,4.5,77.8,3.282,4093.6,894.8,834.0,837.0,827.0,193.1,191.9,195.4,196.4,4.54,78.0,3.243,-1.2,0.957,1,injector_clog,1,0.27,89.92,323722.6
173.2,mission_cruise,73.07504168982769,2500.0,43.46247915508616,4090.4,895.2,833.8,837.3,828.5,194.6,192.3,195.5,196.3,4.57,78.4,3.271,4093.6,894.8,834.0,837.0,827.0,193.1,191.9,195.4,196.4,4.54,78.0,3.243,-1.2,0.957,1,injector_clog,1,0.27,89.89,323621.7
173.3,mission_cruise,73.07392996108949,2500.0,43.463035019455255,4091.8,895.3,831.3,836.5,827.5,194.7,193.1,195.0,196.3,4.54,77.3,3.208,4093.6,894.8,834.0,837.0,827.0,193.1,191.9,195.4,196.4,4.54,78.0,3.243,-1.2,0.957,1,injector_clog,1,0.27,89.87,323520.8
173.4,mission_cruise,73.07281823235131,2500.0,43.463590883824345,4090.8,895.0,835.0,837.7,826.6,192.5,192.2,195.4,196.4,4.53,78.0,3.34,4093.5,894.8,834.0,837.0,827.0,193.1,191.9,195.4,196.4,4.54,78.0,3.243,-1.2,0.957,1,injector_clog,1,0.27,89.84,323419.9
173.5,mission_cruise,73.07170650361311,2500.0,43.46414674819344,4090.1,894.3,831.4,839.2,826.0,192.3,191.5,195.5,196.2,4.51,77.9,3.237,4093.5,894.8,834.0,837.0,827.0,193.1,191.9,195.4,196.4,4.54,78.0,3.243,-1.2,0.957,1,injector_clog,1,0.27,89.81,323319.0
173.6,mission_cruise,73.07059477487493,2500.0,43.46470261256253,4098.2,895.3,836.5,838.1,827.0,192.0,192.0,194.8,196.2,4.53,78.3,3.249,4093.5,894.8,834.0,837.0,827.0,193.1,191.9,195.4,196.4,4.54,78.0,3.243,-1.2,0.957,1,injector_clog,1,0.27,89.78,323218.1
173.7,mission_cruise,73.06948304613674,2500.0,43.46525847693163,4086.5,893.4,834.9,837.8,827.3,193.7,191.5,195.3,195.8,4.5,78.5,3.249,4093.4,894.8,834.0,837.0,827.0,193.1,191.9,195.4,196.4,4.54,78.0,3.243,-1.2,0.957,1,injector_clog,1,0.27,89.75,323117.2
173.8,mission_cruise,73.06837131739856,2500.0,43.46581434130072,4090.0,894.9,831.7,836.9,828.4,193.8,191.6,195.2,196.3,4.53,78.2,3.24,4093.4,894.8,833.9,836.9,826.9,193.1,191.9,195.4,196.4,4.54,78.0,3.243,-1.2,0.957,1,injector_clog,1,0.27,89.73,323016.3
173.9,mission_cruise,73.06725958866036,2500.0,43.46637020566982,4097.8,895.2,834.5,836.8,827.9,193.2,192.6,196.1,196.2,4.53,78.0,3.309,4093.4,894.8,833.9,836.9,826.9,193.2,191.9,195.4,196.4,4.54,78.0,3.243,-1.2,0.957,1,injector_clog,1,0.27,89.7,322915.4
174.0,mission_cruise,73.06614785992218,2500.0,43.46692607003891,4098.7,895.3,832.7,838.2,827.7,193.4,191.9,194.9,197.1,4.56,78.3,3.282,4093.3,894.8,833.9,836.9,826.9,193.2,191.9,195.4,196.4,4.54,78.0,3.243,-1.2,0.957,1,injector_clog,1,0.27,89.67,322814.5
174.1,mission_cruise,73.06503613118399,2500.0,43.467481934408006,4093.3,896.6,833.6,836.3,828.1,192.5,191.2,195.1,196.9,4.5,78.4,3.204,4093.3,894.8,833.9,836.9,826.9,193.2,191.9,195.4,196.4,4.54,78.0,3.242,-1.2,0.957,1,injector_clog,1,0.27,89.64,322713.6
174.2,mission_cruise,73.0639244024458,2500.0,43.4680377987771,4092.4,897.2,832.9,836.8,827.0,193.9,191.3,194.4,196.5,4.52,77.2,3.236,4093.3,894.9,833.9,836.9,826.9,193.2,191.9,195.4,196.4,4.54,78.0,3.242,-1.2,0.957,1,injector_clog,1,0.27,89.61,322612.7
174.3,mission_cruise,73.06281267370761,2500.0,43.468593663146194,4091.0,894.0,834.4,838.3,826.3,193.2,191.1,195.0,195.7,4.54,77.5,3.225,4093.2,894.9,833.9,836.9,826.9,193.2,191.9,195.4,196.4,4.54,78.0,3.242,-1.2,0.957,1,injector_clog,1,0.27,89.59,322511.8
174.4,mission_cruise,73.06170094496943,2500.0,43.469149527515285,4093.8,894.8,834.3,835.9,825.7,192.8,192.9,194.7,196.5,4.54,77.7,3.267,4093.2,894.9,833.9,836.9,826.9,193.2,191.9,195.4,196.4,4.54,78.0,3.242,-1.2,0.957,1,injector_clog,1,0.27,89.56,322410.9
174.5,mission_cruise,73.06058921623124,2500.0,43.46970539188438,4100.8,895.0,836.0,836.2,827.6,194.2,191.6,196.2,196.3,4.55,78.6,3.224,4093.2,894.9,833.9,836.9,826.9,193.2,191.9,195.4,196.4,4.54,78.0,3.242,-1.2,0.957,1,injector_clog,1,0.27,89.53,322310.0
174.6,mission_cruise,73.05947748749306,2500.0,43.47026125625347,4097.3,894.5,834.0,836.3,828.5,192.8,192.2,196.7,196.9,4.49,77.8,3.213,4093.1,894.9,833.9,836.9,826.9,193.2,191.9,195.4,196.4,4.54,78.0,3.242,-1.2,0.957,1,injector_clog,1,0.27,89.5,322209.1
174.7,mission_cruise,73.05836575875486,2500.0,43.47081712062257,4100.1,894.8,834.4,837.2,826.9,192.6,192.4,196.6,196.5,4.53,77.7,3.225,4093.1,894.9,833.9,836.9,826.9,193.2,191.9,195.4,196.4,4.54,78.0,3.242,-1.2,0.957,1,injector_clog,1,0.27,89.47,322108.2
174.8,mission_cruise,73.05725403001668,2500.0,43.47137298499166,4092.1,895.8,834.5,837.0,824.9,193.7,193.5,196.3,196.4,4.51,77.3,3.297,4093.0,894.9,833.9,836.9,826.9,193.2,191.9,195.4,196.4,4.54,78.0,3.242,-1.2,0.957,1,injector_clog,1,0.27,89.45,322007.3
174.9,mission_cruise,73.05614230127848,2500.0,43.47192884936076,4098.0,894.5,834.2,837.0,825.3,193.7,191.1,195.1,196.5,4.54,77.7,3.28,4093.0,894.9,833.9,836.9,826.9,193.3,191.9,195.4,196.4,4.54,78.0,3.242,-1.2,0.957,1,injector_clog,1,0.27,89.42,321906.4
175.0,mission_cruise,73.0550305725403,2500.0,43.47248471372985,4092.3,891.7,833.9,835.6,829.1,193.2,192.5,195.7,196.3,4.55,78.2,3.23,4093.0,894.9,833.9,836.9,826.9,193.3,191.9,195.4,196.4,4.54,78.0,3.242,-1.2,0.957,1,injector_clog,1,0.27,89.39,321805.5
175.1,mission_cruise,73.05391884380211,2500.0,43.473040578098946,4098.1,895.5,834.5,836.9,827.3,193.6,191.4,194.8,197.0,4.51,77.9,3.271,4092.9,894.9,833.9,836.9,826.9,193.3,191.9,195.4,196.4,4.54,78.0,3.242,-1.2,0.957,1,injector_clog,1,0.27,89.36,321704.6
175.2,mission_cruise,73.05280711506393,2500.0,43.473596442468036,4093.2,896.4,834.1,837.2,828.6,193.9,191.8,196.6,196.2,4.54,77.8,3.265,4092.9,894.9,833.9,836.9,826.9,193.3,191.9,195.4,196.4,4.54,78.0,3.242,-1.2,0.957,1,injector_clog,1,0.27,89.33,321603.7
175.3,mission_cruise,73.05169538632573,2500.0,43.474152306837134,4089.3,895.5,834.7,835.6,824.9,194.2,192.4,195.8,195.9,4.55,77.7,3.214,4092.9,894.9,833.9,836.9,826.9,193.3,191.9,195.4,196.4,4.54,78.0,3.242,-1.2,0.957,1,injector_clog,1,0.27,89.31,321502.8
175.4,mission_cruise,73.05058365758755,2500.0,43.474708171206224,4085.8,897.3,833.1,833.4,825.6,193.1,191.1,196.0,196.7,4.57,78.3,3.251,4092.8,894.9,833.9,836.9,826.9,193.3,191.9,195.4,196.4,4.54,78.0,3.242,-1.2,0.957,1,injector_clog,1,0.27,89.28,321401.9
175.5,mission_cruise,73.04947192884936,2500.0,43.47526403557532,4092.8,894.3,835.6,836.5,825.6,193.7,191.7,194.6,196.2,4.5,77.9,3.217,4092.8,894.9,833.9,836.9,826.9,193.3,191.9,195.4,196.4,4.54,78.0,3.242,-1.2,0.957,1,injector_clog,1,0.27,89.25,321301.0
175.6,mission_cruise,73.04836020011118,2500.0,43.47581989994441,4102.8,895.7,833.3,835.8,825.0,193.6,191.5,195.7,197.5,4.58,78.1,3.255,4092.8,894.9,833.9,836.9,826.9,193.3,191.9,195.4,196.4,4.54,78.0,3.242,-1.2,0.957,1,injector_clog,1,0.27,89.22,321200.1
175.7,mission_cruise,73.04724847137298,2500.0,43.47637576431351,4092.2,893.9,833.7,837.5,825.5,193.8,191.3,195.6,197.3,4.54,78.1,3.279,4092.7,894.9,833.9,836.9,826.9,193.3,191.9,195.4,196.4,4.54,78.0,3.242,-1.2,0.957,1,injector_clog,1,0.27,89.19,321099.2
175.8,mission_cruise,73.0461367426348,2500.0,43.4769316286826,4088.9,895.2,832.4,836.3,825.1,193.4,191.7,195.1,196.3,4.52,77.7,3.197,4092.7,894.9,833.9,836.9,826.9,193.3,191.9,195.4,196.4,4.54,78.0,3.242,-1.2,0.957,1,injector_clog,1,0.27,89.17,320998.3
175.9,mission_cruise,73.0450250138966,2500.0,43.4774874930517,4092.0,892.0,833.1,834.9,826.6,192.8,191.1,196.2,196.1,4.54,77.9,3.206,4092.7,894.9,833.9,836.9,826.9,193.3,191.9,195.4,196.4,4.54,78.0,3.242,-1.2,0.957,1,injector_clog,1,0.27,89.14,320897.4
176.0,mission_cruise,73.04391328515842,2500.0,43.47804335742079,4099.1,894.3,835.2,836.9,828.6,192.6,191.9,196.2,196.5,4.51,78.4,3.261,4092.6,894.9,833.9,836.9,826.9,193.4,191.9,195.4,196.4,4.54,78.0,3.242,-1.2,0.957,1,injector_clog,1,0.27,89.11,320796.5
176.1,mission_cruise,73.04280155642023,2500.0,43.478599221789885,4094.7,895.2,833.8,837.6,825.8,193.1,191.8,196.0,196.3,4.53,77.8,3.237,4092.6,894.9,833.9,836.9,826.9,193.4,191.9,195.4,196.4,4.54,78.0,3.242,-1.2,0.957,1,injector_clog,1,0.27,89.08,320695.6
176.2,mission_cruise,73.04168982768205,2500.0,43.479155086158976,4091.0,894.2,832.5,834.4,826.3,193.2,191.6,195.8,196.1,4.54,78.3,3.3,4092.6,894.9,833.9,836.9,826.9,193.4,191.9,195.4,196.4,4.54,78.0,3.242,-1.2,0.957,1,injector_clog,1,0.27,89.05,320594.7
176.3,mission_cruise,73.04057809894385,2500.0,43.47971095052807,4087.9,895.0,834.2,839.1,825.1,193.0,191.4,196.9,196.5,4.54,77.7,3.207,4092.5,894.9,833.9,836.9,826.9,193.4,191.9,195.4,196.4,4.54,78.0,3.242,-1.2,0.957,1,injector_clog,1,0.27,89.03,320493.8
176.4,mission_cruise,73.03946637020567,2500.0,43.48026681489716,4095.4,894.5,834.9,834.7,827.5,193.0,192.2,195.8,196.2,4.52,78.0,3.25,4092.5,894.9,833.9,836.9,826.9,193.4,191.9,195.4,196.4,4.54,78.0,3.242,-1.2,0.957,1,injector_clog,1,0.27,89.0,320392.9
176.5,mission_cruise,73.03835464146748,2500.0,43.48082267926626,4094.6,891.8,834.6,834.5,826.4,193.6,192.8,196.4,197.1,4.53,78.2,3.217,4092.5,894.9,833.9,836.9,826.9,193.4,191.9,195.4,196.4,4.54,78.0,3.241,-1.2,0.957,1,injector_clog,1,0.27,88.97,320292.0
176.6,mission_cruise,73.0372429127293,2500.0,43.48137854363535,4093.7,894.4,835.3,837.5,827.0,193.9,191.8,195.3,195.5,4.51,77.9,3.196,4092.4,894.9,833.9,836.9,826.9,193.4,191.9,195.4,196.4,4.54,78.0,3.241,-1.2,0.957,1,injector_clog,1,0.27,88.94,320191.1
176.7,mission_cruise,73.0361311839911,2500.0,43.48193440800445,4097.3,895.9,832.4,839.2,827.5,194.5,192.2,196.5,197.0,4.52,77.6,3.202,4092.4,894.9,833.9,836.9,826.9,193.4,191.9,195.4,196.4,4.54,78.0,3.241,-1.2,0.957,1,injector_clog,1,0.27,88.91,320090.2
176.8,mission_cruise,73.03501945525292,2500.0,43.48249027237354,4094.0,894.6,832.1,836.9,827.2,193.7,192.5,196.4,196.4,4.57,78.2,3.265,4092.4,894.9,833.9,836.9,826.9,193.4,191.9,195.4,196.4,4.54,78.0,3.241,-1.2,0.957,1,injector_clog,1,0.27,88.89,319989.3
176.9,mission_cruise,73.03390772651473,2500.0,43.48304613674264,4090.1,893.6,834.2,835.2,825.5,193.0,192.0,195.4,197.1,4.59,78.4,3.221,4092.3,894.9,833.9,836.9,826.9,193.4,191.9,195.4,196.4,4.54,78.0,3.241,-1.2,0.957,1,injector_clog,1,0.27,88.86,319888.4
177.0,mission_cruise,73.03279599777655,2500.0,43.48360200111173,4094.1,894.0,832.9,836.4,824.5,193.6,192.2,195.6,196.1,4.57,78.5,3.204,4092.3,894.9,833.9,836.9,826.9,193.4,191.9,195.4,196.4,4.54,78.0,3.241,-1.2,0.957,1,injector_clog,1,0.27,88.83,319787.5
177.1,mission_cruise,73.03168426903835,2500.0,43.484157865480825,4097.6,892.4,834.9,839.1,828.9,193.0,191.9,195.6,196.6,4.57,78.2,3.21,4092.3,894.9,833.9,836.9,826.9,193.4,191.9,195.4,196.4,4.54,78.0,3.241,-1.2,0.957,1,injector_clog,1,0.27,88.8,319686.6
177.2,mission_cruise,73.03057254030017,2500.0,43.484713729849915,4086.9,895.4,833.4,838.1,825.9,192.4,192.8,195.2,197.9,4.55,78.1,3.244,4092.2,894.9,833.9,836.9,826.9,193.5,191.9,195.4,196.4,4.54,78.0,3.241,-1.2,0.957,1,injector_clog,1,0.27,88.77,319585.7
177.3,mission_cruise,73.02946081156198,2500.0,43.48526959421901,4093.6,894.3,833.2,838.1,828.1,193.5,191.3,195.2,195.9,4.56,78.5,3.212,4092.2,894.9,833.9,836.9,826.9,193.5,191.9,195.4,196.4,4.54,78.0,3.241,-1.2,0.957,1,injector_clog,1,0.27,88.75,319484.8
177.4,mission_cruise,73.0283490828238,2500.0,43.4858254585881,4096.3,893.0,834.7,839.3,827.5,193.3,191.3,195.0,195.4,4.54,78.0,3.268,4092.2,894.9,833.9,836.9,826.9,193.5,191.9,195.4,196.4,4.54,78.0,3.241,-1.2,0.957,1,injector_clog,1,0.27,88.72,319383.9
177.5,mission_cruise,73.0272373540856,2500.0,43.4863813229572,4077.8,894.6,834.8,835.7,827.1,195.1,192.5,195.3,195.0,4.56,78.0,3.235,4092.1,894.9,833.9,836.9,826.9,193.5,191.9,195.4,196.4,4.54,78.0,3.241,-1.2,0.957,1,injector_clog,1,0.27,88.69,319283.0
177.6,mission_cruise,73.02612562534742,2500.0,43.48693718732629,4091.5,894.3,834.3,835.0,824.8,193.7,192.4,195.8,198.0,4.53,77.2,3.282,4092.1,894.9,833.9,836.9,826.9,193.5,191.9,195.4,196.4,4.54,78.0,3.241,-1.2,0.957,1,injector_clog,1,0.27,88.66,319182.1
177.7,mission_cruise,73.02501389660922,2500.0,43.48749305169539,4091.5,894.6,830.7,836.1,824.1,192.8,192.1,194.9,197.3,4.58,78.1,3.252,4092.1,894.9,833.9,836.9,826.9,193.5,191.9,195.4,196.4,4.54,78.0,3.241,-1.2,0.957,1,injector_clog,1,0.27,88.63,319081.2
177.8,mission_cruise,73.02390216787104,2500.0,43.48804891606448,4099.3,896.4,832.3,835.1,825.2,194.0,192.4,196.0,197.1,4.56,77.8,3.246,4092.0,894.9,833.9,836.9,826.9,193.5,191.9,195.4,196.4,4.54,78.0,3.241,-1.2,0.957,1,injector_clog,1,0.27,88.61,318980.3
177.9,mission_cruise,73.02279043913285,2500.0,43.488604780433576,4085.5,896.4,832.9,836.6,824.1,193.5,192.2,195.9,197.1,4.52,77.1,3.267,4092.0,894.9,833.9,836.9,826.9,193.5,191.9,195.4,196.4,4.54,78.0,3.241,-1.2,0.957,1,injector_clog,1,0.27,88.58,318879.4
178.0,mission_cruise,73.02167871039467,2500.0,43.489160644802666,4096.3,896.1,835.1,835.4,827.9,193.6,191.5,195.9,196.2,4.58,77.6,3.192,4092.0,894.9,833.9,836.9,826.9,193.5,191.9,195.4,196.4,4.54,78.0,3.241,-1.2,0.957,1,injector_clog,1,0.27,88.55,318778.5
178.1,mission_cruise,73.02056698165647,2500.0,43.489716509171764,4105.5,894.2,833.5,835.2,825.7,193.5,192.2,195.2,196.5,4.57,77.6,3.232,4091.9,894.9,833.9,836.9,826.9,193.5,191.9,195.4,196.4,4.54,78.0,3.241,-1.2,0.957,1,injector_clog,1,0.27,88.52,318677.6
178.2,mission_cruise,73.01945525291829,2500.0,43.490272373540854,4091.8,898.1,834.0,836.5,825.2,193.4,191.9,195.6,196.9,4.53,78.3,3.257,4091.9,894.9,833.9,836.9,826.9,193.5,191.9,195.4,196.4,4.54,78.0,3.241,-1.2,0.957,1,injector_clog,1,0.27,88.49,318576.7
178.3,mission_cruise,73.0183435241801,2500.0,43.49082823790995,4085.5,894.2,835.0,838.1,826.5,194.2,192.2,196.3,196.2,4.53,78.2,3.257,4091.8,894.9,833.9,836.9,826.9,193.5,191.9,195.4,196.4,4.54,78.0,3.241,-1.2,0.957,1,injector_clog,1,0.27,88.47,318475.8
178.4,mission_cruise,73.01723179544192,2500.0,43.49138410227904,4103.1,896.3,832.2,836.9,825.2,193.5,190.9,196.4,197.1,4.55,79.0,3.204,4091.8,894.9,833.9,836.9,826.9,193.5,191.9,195.4,196.4,4.54,78.0,3.241,-1.2,0.957,1,injector_clog,1,0.27,88.44,318374.9
178.5,mission_cruise,73.01612006670372,2500.0,43.49193996664814,4091.1,894.9,835.8,837.1,825.5,193.7,191.8,195.4,196.2,4.55,77.5,3.271,4091.8,894.9,833.9,836.9,826.9,193.5,191.9,195.4,196.4,4.54,78.0,3.241,-1.2,0.957,1,injector_clog,1,0.27,88.41,318274.0
178.6,mission_cruise,73.01500833796554,2500.0,43.49249583101723,4089.3,896.0,833.8,835.9,824.6,194.3,191.3,194.7,196.0,4.5,78.4,3.221,4091.7,894.8,833.9,836.9,826.9,193.6,191.9,195.4,196.4,4.54,78.0,3.241,-1.2,0.957,1,injector_clog,1,0.27,88.38,318173.1
178.7,mission_cruise,73.01389660922734,2500.0,43.49305169538633,4097.0,892.3,834.5,838.9,826.7,194.0,191.9,195.5,195.8,4.59,78.1,3.262,4091.7,894.8,833.9,836.9,826.9,193.6,191.9,195.4,196.4,4.54,78.0,3.241,-1.2,0.957,1,injector_clog,1,0.27,88.35,318072.2
178.8,mission_cruise,73.01278488048916,2500.0,43.49360755975542,4095.3,895.7,833.0,836.3,827.3,193.5,192.2,195.3,195.9,4.55,77.5,3.229,4091.7,894.8,833.9,836.9,826.9,193.6,191.9,195.4,196.4,4.54,78.0,3.241,-1.2,0.957,1,injector_clog,1,0.27,88.33,317971.3
178.9,mission_cruise,73.01167315175097,2500.0,43.494163424124515,4097.8,896.6,834.0,836.1,827.5,193.6,192.6,195.1,195.3,4.54,78.3,3.265,4091.6,894.8,833.9,836.9,826.9,193.6,191.9,195.4,196.4,4.54,78.0,3.24,-1.2,0.957,1,injector_clog,1,0.27,88.3,317870.4
179.0,mission_cruise,73.01056142301279,2500.0,43.494719288493606,4087.4,896.9,834.0,834.5,827.8,193.8,192.7,195.9,196.6,4.52,78.0,3.275,4091.6,894.8,833.8,836.8,826.8,193.6,191.9,195.4,196.4,4.54,78.0,3.24,-1.2,0.957,1,injector_clog,1,0.27,88.27,317769.5
179.1,mission_cruise,73.0094496942746,2500.0,43.4952751528627,4081.9,895.2,833.4,836.0,828.1,193.6,191.3,196.4,195.5,4.53,77.7,3.154,4091.6,894.8,833.8,836.8,826.8,193.6,191.9,195.4,196.4,4.54,78.0,3.24,-1.2,0.957,1,injector_clog,1,0.27,88.24,317668.6
179.2,mission_cruise,73.00833796553641,2500.0,43.495831017231794,4091.1,895.6,832.6,837.8,828.3,194.1,191.5,195.8,195.3,4.55,78.7,3.229,4091.5,894.8,833.8,836.8,826.8,193.6,191.9,195.4,196.4,4.54,78.0,3.24,-1.2,0.957,1,injector_clog,1,0.27,88.21,317567.7
179.3,mission_cruise,73.00722623679822,2500.0,43.49638688160089,4092.3,893.7,831.8,837.1,826.1,193.1,192.4,195.6,195.6,4.54,78.8,3.22,4091.5,894.8,833.8,836.8,826.8,193.6,191.9,195.4,196.4,4.54,78.0,3.24,-1.2,0.957,1,injector_clog,1,0.27,88.19,317466.8
179.4,mission_cruise,73.00611450806004,2500.0,43.49694274596998,4089.8,893.2,837.4,837.2,826.1,192.8,190.3,196.2,196.3,4.53,78.4,3.218,4091.5,894.8,833.8,836.8,826.8,193.6,191.9,195.4,196.4,4.54,78.0,3.24,-1.2,0.957,1,injector_clog,1,0.27,88.16,317365.9
179.5,mission_cruise,73.00500277932184,2500.0,43.49749861033908,4097.9,895.2,834.8,836.9,825.8,193.6,191.2,195.6,196.5,4.54,77.2,3.226,4091.4,894.8,833.8,836.8,826.8,193.6,191.9,195.4,196.4,4.54,78.0,3.24,-1.2,0.957,1,injector_clog,1,0.27,88.13,317265.0
179.6,mission_cruise,73.00389105058366,2500.0,43.49805447470817,4088.5,895.4,834.8,835.5,828.0,193.3,191.5,195.4,196.8,4.56,78.3,3.244,4091.4,894.8,833.8,836.8,826.8,193.6,191.9,195.4,196.4,4.54,78.0,3.24,-1.2,0.957,1,injector_clog,1,0.27,88.1,317164.1
179.7,mission_cruise,73.00277932184547,2500.0,43.49861033907727,4092.6,895.6,833.8,835.6,825.9,193.0,190.9,195.4,196.6,4.57,78.4,3.221,4091.4,894.8,833.8,836.8,826.8,193.6,191.9,195.4,196.4,4.54,78.0,3.24,-1.2,0.957,1,injector_clog,1,0.27,88.07,317063.2
179.8,mission_cruise,73.00166759310729,2500.0,43.49916620344636,4091.0,896.8,833.1,838.7,828.7,193.4,191.8,195.6,195.8,4.51,78.1,3.219,4091.3,894.8,833.8,836.8,826.8,193.6,191.9,195.4,196.4,4.54,78.0,3.24,-1.2,0.957,1,injector_clog,1,0.27,88.05,316962.3
179.9,mission_cruise,73.00055586436909,2500.0,43.499722067815455,4096.5,897.9,834.0,837.2,826.5,192.7,192.5,195.2,196.3,4.55,78.9,3.201,4091.3,894.8,833.8,836.8,826.8,193.6,191.9,195.4,196.4,4.54,78.0,3.24,-1.2,0.957,1,injector_clog,1,0.27,88.02,316861.4
180.0,mission_cruise,72.99944413563091,2500.0,43.500277932184545,4092.9,895.1,835.8,835.9,827.6,193.6,191.7,195.8,195.3,4.55,78.3,3.288,4091.3,894.8,833.8,836.8,826.8,193.6,191.9,195.4,196.4,4.54,78.0,3.24,-1.2,0.957,1,injector_clog,1,0.27,87.99,316760.5
180.1,mission_cruise,72.99833240689271,2500.0,43.50083379655364,4097.9,896.1,831.1,837.7,825.8,193.3,191.3,194.2,196.3,4.53,78.1,3.279,4091.2,894.8,833.8,836.8,826.8,193.6,191.9,195.4,196.4,4.54,78.0,3.24,-1.2,0.957,1,injector_clog,1,0.27,87.96,316659.6
180.2,mission_cruise,72.99722067815453,2500.0,43.50138966092273,4091.5,894.6,832.8,836.2,830.2,193.6,192.0,195.2,196.5,4.53,77.7,3.256,4091.2,894.8,833.8,836.8,826.8,193.7,191.9,195.4,196.4,4.54,78.0,3.24,-1.2,0.957,1,injector_clog,1,0.27,87.93,316558.7
180.3,mission_cruise,72.99610894941634,2500.0,43.50194552529183,4085.6,892.8,833.2,840.8,825.9,194.4,190.9,196.3,196.8,4.54,78.2,3.231,4091.2,894.8,833.8,836.8,826.8,193.7,191.9,195.4,196.4,4.54,78.0,3.24,-1.2,0.957,1,injector_clog,1,0.27,87.9,316457.8
180.4,mission_cruise,72.99499722067816,2500.0,43.50250138966092,4098.6,894.1,833.2,835.6,827.4,193.1,192.0,194.8,196.2,4.56,78.5,3.261,4091.1,894.8,833.8,836.8,826.8,193.7,191.9,195.4,196.4,4.54,78.0,3.24,-1.2,0.957,1,injector_clog,1,0.27,87.88,316356.9
180.5,mission_cruise,72.99388549193996,2500.0,43.50305725403002,4098.4,894.4,835.8,838.4,826.0,193.8,192.0,195.1,196.9,4.58,78.2,3.229,4091.1,894.8,833.8,836.8,826.8,193.7,191.9,195.4,196.4,4.54,78.0,3.24,-1.2,0.957,1,injector_clog,1,0.27,87.85,316256.0
180.6,mission_cruise,72.99277376320178,2500.0,43.50361311839911,4094.4,894.3,834.7,837.0,823.8,192.6,191.6,195.4,196.0,4.53,77.2,3.221,4091.1,894.8,833.8,836.8,826.8,193.7,191.9,195.4,196.4,4.54,78.0,3.24,-1.2,0.957,1,injector_clog,1,0.27,87.82,316155.1
180.7,mission_cruise,72.99166203446359,2500.0,43.504168982768206,4088.7,894.1,832.8,835.6,825.9,193.4,191.9,195.6,195.6,4.57,78.3,3.224,4091.0,894.8,833.8,836.8,826.8,193.7,191.9,195.4,196.4,4.54,78.0,3.24,-1.2,0.957,1,injector_clog,1,0.27,87.79,316054.2
180.8,mission_cruise,72.9905503057254,2500.0,43.5047248471373,4099.4,892.9,833.1,835.2,829.3,194.2,191.8,195.7,196.0,4.51,77.4,3.277,4091.0,894.8,833.8,836.8,826.8,193.7,191.9,195.4,196.4,4.54,78.0,3.24,-1.2,0.957,1,injector_clog,1,0.27,87.76,315953.3
180.9,mission_cruise,72.98943857698721,2500.0,43.505280711506394,4089.9,895.1,834.0,837.2,827.6,193.9,192.7,195.4,196.1,4.53,78.0,3.25,4091.0,894.8,833.8,836.8,826.8,193.7,191.9,195.4,196.4,4.54,78.0,3.24,-1.2,0.957,1,injector_clog,1,0.27,87.74,315852.4
181.0,mission_cruise,72.98832684824903,2500.0,43.505836575875485,4094.1,894.8,834.2,835.8,827.9,193.6,192.0,194.1,196.7,4.53,78.1,3.182,4090.9,894.8,833.8,836.8,826.8,193.7,191.9,195.4,196.4,4.54,78.0,3.24,-1.2,0.957,1,injector_clog,1,0.27,87.71,315751.5
181.1,mission_cruise,72.98721511951084,2500.0,43.50639244024458,4085.8,896.4,833.3,837.2,826.5,194.0,191.1,194.9,197.8,4.6,78.0,3.283,4090.9,894.8,833.8,836.8,826.8,193.7,191.9,195.4,196.4,4.54,78.0,3.24,-1.2,0.957,1,injector_clog,1,0.27,87.68,315650.6
181.2,mission_cruise,72.98610339077266,2500.0,43.50694830461367,4083.4,896.4,832.9,835.3,826.5,194.3,192.7,194.2,195.8,4.53,79.0,3.206,4090.9,894.8,833.8,836.8,826.8,193.7,191.9,195.4,196.4,4.54,78.0,3.24,-1.2,0.957,1,injector_clog,1,0.27,87.65,315549.7
181.3,mission_cruise,72.98499166203446,2500.0,43.50750416898277,4092.0,894.4,832.5,837.4,829.8,193.8,192.3,196.9,197.1,4.55,78.0,3.274,4090.8,894.8,833.8,836.8,826.8,193.7,191.9,195.4,196.4,4.54,78.0,3.24,-1.2,0.957,1,injector_clog,1,0.27,87.62,315448.8
181.4,mission_cruise,72.98387993329628,2500.0,43.50806003335186,4085.5,895.1,834.5,834.6,830.6,193.7,191.8,195.5,196.6,4.58,78.6,3.286,4090.8,894.8,833.8,836.8,826.8,193.7,191.9,195.4,196.4,4.54,78.0,3.239,-1.2,0.957,1,injector_clog,1,0.27,87.6,315347.9
181.5,mission_cruise,72.98276820455808,2500.0,43.50861589772096,4089.4,895.4,836.5,839.9,827.8,193.4,191.6,196.1,197.3,4.56,78.2,3.201,4090.8,894.8,833.8,836.8,826.8,193.7,191.9,195.4,196.4,4.54,78.0,3.239,-1.2,0.957,1,injector_clog,1,0.27,87.57,315247.0
181.6,mission_cruise,72.9816564758199,2500.0,43.50917176209005,4092.2,893.6,834.5,836.7,828.9,194.0,191.5,195.4,197.0,4.48,77.8,3.229,4090.7,894.8,833.8,836.8,826.8,193.7,191.9,195.4,196.4,4.54,78.0,3.239,-1.2,0.957,1,injector_clog,1,0.27,87.54,315146.1
181.7,mission_cruise,72.98054474708171,2500.0,43.509727626459146,4086.2,893.5,834.4,836.4,825.4,194.4,192.3,195.0,196.3,4.57,77.9,3.312,4090.7,894.8,833.8,836.8,826.8,193.7,191.9,195.4,196.4,4.54,78.0,3.239,-1.2,0.957,1,injector_clog,1,0.27,87.51,315045.2
181.8,mission_cruise,72.97943301834353,2500.0,43.510283490828236,4088.9,896.4,834.2,837.0,828.2,194.9,191.7,195.8,195.6,4.55,78.0,3.217,4090.6,894.8,833.8,836.8,826.8,193.7,191.9,195.4,196.4,4.54,78.0,3.239,-1.2,0.957,1,injector_clog,1,0.27,87.48,314944.3
181.9,mission_cruise,72.97832128960533,2500.0,43.510839355197334,4090.1,895.5,834.0,833.9,825.0,194.0,193.1,194.9,196.7,4.52,79.2,3.293,4090.6,894.8,833.8,836.8,826.8,193.7,191.9,195.4,196.4,4.54,78.0,3.239,-1.2,0.957,1,injector_clog,1,0.27,87.46,314843.4
182.0,mission_cruise,72.97720956086715,2500.0,43.511395219566424,4089.7,894.9,834.5,837.5,826.8,194.2,191.4,194.5,195.9,4.53,78.6,3.255,4090.6,894.8,833.8,836.8,826.8,193.8,191.9,195.4,196.4,4.54,78.0,3.239,-1.2,0.957,1,injector_clog,1,0.27,87.43,314742.5
182.1,mission_cruise,72.97609783212896,2500.0,43.51195108393552,4090.9,893.2,833.7,834.5,827.6,194.2,191.6,195.3,197.1,4.55,78.0,3.227,4090.5,894.8,833.8,836.8,826.8,193.8,191.9,195.4,196.4,4.54,78.0,3.239,-1.2,0.957,1,injector_clog,1,0.27,87.4,314641.6
182.2,mission_cruise,72.97498610339078,2500.0,43.51250694830461,4092.7,893.1,833.7,835.1,826.3,195.0,191.6,195.2,196.0,4.52,77.6,3.248,4090.5,894.8,833.8,836.8,826.8,193.8,191.9,195.4,196.4,4.54,78.0,3.239,-1.2,0.957,1,injector_clog,1,0.27,87.37,314540.7
182.3,mission_cruise,72.97387437465258,2500.0,43.51306281267371,4094.7,896.0,833.5,836.1,828.3,194.6,191.6,196.5,195.7,4.51,77.7,3.288,4090.5,894.8,833.8,836.8,826.8,193.8,191.9,195.4,196.4,4.54,78.0,3.239,-1.2,0.957,1,injector_clog,1,0.27,87.34,314439.8
182.4,mission_cruise,72.9727626459144,2500.0,43.5136186770428,4097.0,893.8,833.1,836.9,825.2,193.0,191.8,195.4,195.5,4.53,78.0,3.274,4090.4,894.8,833.8,836.8,826.8,193.8,191.9,195.4,196.4,4.54,78.0,3.239,-1.2,0.957,1,injector_clog,1,0.27,87.32,314338.9
182.5,mission_cruise,72.9716509171762,2500.0,43.5141745414119,4091.9,895.2,833.0,834.4,827.9,194.4,191.6,195.3,196.1,4.55,77.7,3.184,4090.4,894.8,833.8,836.8,826.8,193.8,191.9,195.4,196.4,4.54,78.0,3.239,-1.2,0.957,1,injector_clog,1,0.27,87.29,314238.0
182.6,mission_cruise,72.97053918843802,2500.0,43.51473040578099,4093.5,894.6,832.8,836.8,830.7,193.7,191.6,194.6,195.3,4.54,77.8,3.26,4090.4,894.8,833.8,836.8,826.8,193.8,191.9,195.4,196.4,4.54,78.0,3.239,-1.2,0.957,1,injector_clog,1,0.27,87.26,314137.1
182.7,mission_cruise,72.96942745969983,2500.0,43.515286270150085,4090.0,895.0,832.5,838.4,828.8,193.2,191.8,194.9,195.3,4.56,78.1,3.244,4090.3,894.8,833.8,836.8,826.8,193.8,191.9,195.4,196.4,4.54,78.0,3.239,-1.2,0.957,1,injector_clog,1,0.27,87.23,314036.2
182.8,mission_cruise,72.96831573096165,2500.0,43.515842134519175,4088.1,894.7,832.1,835.6,826.2,193.9,191.9,195.3,197.0,4.54,77.6,3.264,4090.3,894.8,833.8,836.8,826.8,193.8,191.9,195.4,196.4,4.54,78.0,3.239,-1.2,0.957,1,injector_clog,1,0.27,87.2,313935.3
182.9,mission_cruise,72.96720400222345,2500.0,43.51639799888827,4094.2,894.2,832.2,836.8,828.3,194.0,192.3,195.5,196.6,4.54,78.1,3.184,4090.3,894.8,833.8,836.8,826.8,193.8,191.9,195.4,196.4,4.54,78.0,3.239,-1.2,0.957,1,injector_clog,1,0.27,87.18,313834.4
183.0,mission_cruise,72.96609227348527,2500.0,43.51695386325736,4089.8,897.3,834.4,836.2,825.7,193.6,192.2,195.6,196.7,4.55,78.7,3.185,4090.2,894.8,833.8,836.8,826.8,193.8,191.9,195.4,196.4,4.54,78.0,3.239,-1.2,0.957,1,injector_clog,1,0.27,87.15,313733.5
183.1,mission_cruise,72.96498054474708,2500.0,43.51750972762646,4082.6,893.8,831.0,836.3,827.4,194.3,191.0,195.0,196.4,4.52,77.3,3.25,4090.2,894.8,833.8,836.8,826.8,193.8,191.9,195.4,196.4,4.54,78.0,3.239,-1.2,0.957,1,injector_clog,1,0.27,87.12,313632.6
183.2,mission_cruise,72.9638688160089,2500.0,43.51806559199555,4085.2,895.1,832.4,835.7,828.2,194.1,191.3,195.7,197.0,4.58,77.5,3.221,4090.2,894.8,833.8,836.8,826.8,193.8,191.9,195.4,196.4,4.54,78.0,3.239,-1.2,0.957,1,injector_clog,1,0.27,87.09,313531.7
183.3,mission_cruise,72.9627570872707,2500.0,43.51862145636465,4099.8,895.8,833.5,837.7,827.9,193.8,191.9,195.6,196.5,4.53,78.5,3.277,4090.1,894.8,833.8,836.8,826.8,193.8,191.9,195.4,196.4,4.54,78.0,3.239,-1.2,0.957,1,injector_clog,1,0.27,87.06,313430.8
183.4,mission_cruise,72.96164535853252,2500.0,43.51917732073374,4084.0,896.9,834.6,836.6,825.8,193.5,191.1,195.5,196.8,4.54,77.5,3.24,4090.1,894.8,833.8,836.8,826.8,193.8,191.9,195.4,196.4,4.54,78.0,3.239,-1.2,0.957,1,injector_clog,1,0.27,87.04,313329.9
183.5,mission_cruise,72.96053362979433,2500.0,43.51973318510284,4088.5,892.0,833.9,836.8,827.4,193.2,191.4,195.2,195.6,4.5,78.1,3.256,4090.1,894.8,833.8,836.8,826.8,193.8,191.9,195.4,196.4,4.54,78.0,3.239,-1.2,0.957,1,injector_clog,1,0.27,87.01,313229.0
183.6,mission_cruise,72.95942190105615,2500.0,43.52028904947193,4092.0,891.9,835.7,837.0,826.7,194.0,190.9,195.0,197.2,4.51,77.9,3.253,4090.0,894.8,833.8,836.8,826.8,193.8,191.9,195.4,196.4,4.54,78.0,3.239,-1.2,0.957,1,injector_clog,1,0.27,86.98,313128.1
183.7,mission_cruise,72.95831017231795,2500.0,43.520844913841024,4094.1,894.9,834.1,836.5,824.8,194.7,191.5,194.2,196.6,4.57,78.4,3.284,4090.0,894.8,833.8,836.8,826.8,193.8,191.9,195.4,196.4,4.54,78.0,3.239,-1.2,0.957,1,injector_clog,1,0.27,86.95,313027.2
183.8,mission_cruise,72.95719844357977,2500.0,43.521400778210115,4093.6,895.6,832.2,835.8,829.3,193.4,191.8,194.8,196.8,4.5,77.7,3.278,4090.0,894.8,833.8,836.8,826.8,193.8,191.9,195.4,196.4,4.54,78.0,3.238,-1.2,0.957,1,injector_clog,1,0.27,86.92,312926.3
183.9,mission_cruise,72.95608671484158,2500.0,43.52195664257921,4090.3,894.6,832.9,836.1,825.0,193.7,192.2,194.7,196.9,4.53,77.7,3.212,4089.9,894.8,833.8,836.8,826.8,193.8,191.9,195.4,196.4,4.54,78.0,3.238,-1.2,0.957,1,injector_clog,1,0.27,86.9,312825.4
184.0,mission_cruise,72.9549749861034,2500.0,43.5225125069483,4082.8,892.1,830.6,838.3,825.8,193.5,192.2,195.7,196.4,4.52,78.5,3.205,4089.9,894.8,833.8,836.8,826.8,193.8,191.9,195.4,196.4,4.54,78.0,3.238,-1.2,0.957,1,injector_clog,1,0.27,86.87,312724.5
184.1,mission_cruise,72.9538632573652,2500.0,43.5230683713174,4082.7,895.3,835.9,835.2,825.8,193.3,192.4,195.2,196.4,4.54,78.7,3.23,4089.9,894.7,833.8,836.8,826.8,193.8,191.9,195.4,196.4,4.54,78.0,3.238,-1.2,0.957,1,injector_clog,1,0.27,86.84,312623.6
184.2,mission_cruise,72.95275152862702,2500.0,43.52362423568649,4088.8,895.3,833.1,834.9,826.9,193.2,191.6,194.6,195.9,4.48,77.9,3.213,4089.8,894.7,833.7,836.7,826.7,193.8,191.9,195.4,196.4,4.54,78.0,3.238,-1.2,0.957,1,injector_clog,1,0.27,86.81,312522.7
184.3,mission_cruise,72.95163979988882,2500.0,43.52418010005559,4087.5,894.3,833.7,836.1,824.1,193.8,191.6,194.9,194.9,4.56,78.3,3.278,4089.8,894.7,833.7,836.7,826.7,193.9,191.9,195.4,196.4,4.54,78.0,3.238,-1.2,0.957,1,injector_clog,1,0.27,86.78,312421.8
184.4,mission_cruise,72.95052807115064,2500.0,43.52473596442468,4085.8,895.8,833.4,836.8,825.7,193.5,192.1,196.0,196.1,4.55,78.2,3.244,4089.8,894.7,833.7,836.7,826.7,193.9,191.9,195.4,196.4,4.54,78.0,3.238,-1.2,0.957,1,injector_clog,1,0.27,86.76,312320.9
184.5,mission_cruise,72.94941634241245,2500.0,43.525291828793776,4082.9,894.5,833.7,836.3,826.6,194.3,191.5,195.5,195.7,4.56,77.9,3.235,4089.7,894.7,833.7,836.7,826.7,193.9,191.9,195.4,196.4,4.54,78.0,3.238,-1.2,0.957,1,injector_clog,1,0.27,86.73,312220.0
184.6,mission_cruise,72.94830461367427,2500.0,43.525847693162866,4089.2,895.8,833.0,835.8,826.8,194.2,190.8,194.6,197.6,4.53,78.2,3.202,4089.7,894.7,833.7,836.7,826.7,193.9,191.9,195.4,196.4,4.54,78.0,3.238,-1.2,0.957,1,injector_clog,1,0.27,86.7,312119.1
184.7,mission_cruise,72.94719288493607,2500.0,43.526403557531964,4092.7,895.7,832.8,838.1,826.3,193.8,191.6,195.6,196.4,4.55,77.9,3.21,4089.7,894.7,833.7,836.7,826.7,193.9,191.9,195.4,196.4,4.54,78.0,3.238,-1.2,0.957,1,injector_clog,1,0.27,86.67,312018.2
184.8,mission_cruise,72.94608115619789,2500.0,43.526959421901054,4093.9,894.2,832.6,836.8,824.7,193.8,190.8,195.0,196.4,4.52,78.7,3.252,4089.6,894.7,833.7,836.7,826.7,193.9,191.9,195.4,196.4,4.54,78.0,3.238,-1.2,0.957,1,injector_clog,1,0.27,86.64,311917.3
184.9,mission_cruise,72.9449694274597,2500.0,43.52751528627015,4089.0,893.6,833.3,836.4,829.0,193.0,192.2,194.6,195.6,4.54,78.0,3.202,4089.6,894.7,833.7,836.7,826.7,193.9,191.8,195.3,196.3,4.54,78.0,3.238,-1.2,0.957,1,injector_clog,1,0.27,86.62,311816.4
185.0,mission_cruise,72.94385769872152,2500.0,43.52807115063924,4090.8,895.4,834.2,836.6,826.6,195.0,191.1,195.5,196.0,4.52,78.8,3.21,4089.6,894.7,833.7,836.7,826.7,193.9,191.8,195.3,196.3,4.54,78.0,3.238,-1.2,0.957,1,injector_clog,1,0.27,86.59,311715.5
185.1,mission_cruise,72.94274596998332,2500.0,43.52862701500834,4088.1,895.3,835.1,835.9,826.9,193.6,191.3,195.0,195.3,4.53,78.1,3.229,4089.5,894.7,833.7,836.7,826.7,193.9,191.8,195.3,196.3,4.54,78.0,3.238,-1.2,0.957,1,injector_clog,1,0.27,86.56,311614.6
185.2,mission_cruise,72.94163424124514,2500.0,43.52918287937743,4092.6,891.7,833.6,835.5,825.8,193.3,192.3,194.3,197.1,4.56,77.8,3.198,4089.5,894.7,833.7,836.7,826.7,193.9,191.8,195.3,196.3,4.54,78.0,3.238,-1.2,0.957,1,injector_clog,1,0.27,86.53,311513.7
185.3,mission_cruise,72.94052251250694,2500.0,43.52973874374653,4090.0,896.2,833.2,837.9,826.0,193.9,192.1,195.9,195.6,4.52,78.0,3.203,4089.4,894.7,833.7,836.7,826.7,193.9,191.8,195.3,196.3,4.54,78.0,3.238,-1.2,0.957,1,injector_clog,1,0.27,86.5,311412.8
185.4,mission_cruise,72.93941078376876,2500.0,43.53029460811562,4081.5,894.8,833.2,838.0,827.3,192.8,191.7,194.3,196.5,4.56,78.6,3.179,4089.4,894.7,833.7,836.7,826.7,193.9,191.8,195.3,196.3,4.54,78.0,3.238,-1.2,0.957,1,injector_clog,1,0.27,86.48,311311.9
185.5,mission_cruise,72.93829905503057,2500.0,43.530850472484715,4088.5,894.9,835.5,834.8,824.6,193.5,192.0,196.4,196.4,4.57,77.8,3.211,4089.4,894.7,833.7,836.7,826.7,193.9,191.8,195.3,196.3,4.54,78.0,3.238,-1.2,0.957,1,injector_clog,1,0.27,86.45,311211.0
185.6,mission_cruise,72.93718732629239,2500.0,43.531406336853806,4094.7,895.6,832.4,836.4,826.2,193.9,192.2,194.5,196.1,4.53,78.1,3.225,4089.3,894.7,833.7,836.7,826.7,193.9,191.8,195.3,196.3,4.54,78.0,3.238,-1.2,0.957,1,injector_clog,1,0.27,86.42,311110.1
185.7,mission_cruise,72.9360755975542,2500.0,43.5319622012229,4090.1,894.6,834.1,836.1,827.5,193.2,190.6,196.2,196.6,4.5,78.7,3.256,4089.3,894.7,833.7,836.7,826.7,193.9,191.8,195.3,196.3,4.54,78.0,3.238,-1.2,0.957,1,injector_clog,1,0.27,86.39,311009.2
185.8,mission_cruise,72.93496386881601,2500.0,43.532518065591994,4101.3,895.1,833.2,838.2,827.2,193.9,191.4,194.5,195.3,4.56,78.2,3.233,4089.3,894.7,833.7,836.7,826.7,193.9,191.8,195.3,196.3,4.54,78.0,3.238,-1.2,0.957,1,injector_clog,1,0.27,86.36,310908.3
185.9,mission_cruise,72.93385214007782,2500.0,43.53307392996109,4082.2,896.2,834.1,837.9,825.9,195.6,191.4,196.0,196.0,4.51,78.9,3.203,4089.2,894.7,833.7,836.7,826.7,193.9,191.8,195.3,196.3,4.54,78.0,3.238,-1.2,0.957,1,injector_clog,1,0.27,86.34,310807.4
186.0,mission_cruise,72.93274041133964,2500.0,43.53362979433018,4089.4,893.1,834.1,834.2,827.4,194.0,192.0,195.7,196.1,4.51,78.1,3.235,4089.2,894.7,833.7,836.7,826.7,193.9,191.8,195.3,196.3,4.54,78.0,3.238,-1.2,0.957,1,injector_clog,1,0.27,86.31,310706.5
186.1,mission_cruise,72.93162868260144,2500.0,43.53418565869928,4093.5,896.1,835.8,837.8,825.1,193.8,190.9,195.2,196.1,4.56,78.4,3.24,4089.2,894.7,833.7,836.7,826.7,193.9,191.8,195.3,196.3,4.54,78.0,3.238,-1.2,0.957,1,injector_clog,1,0.27,86.28,310605.6
186.2,mission_cruise,72.93051695386326,2500.0,43.53474152306837,4077.1,894.4,831.0,837.5,825.7,193.8,191.5,194.8,195.6,4.55,77.0,3.309,4089.1,894.7,833.7,836.7,826.7,193.9,191.8,195.3,196.3,4.54,78.0,3.238,-1.2,0.957,1,injector_clog,1,0.27,86.25,310504.7
186.3,mission_cruise,72.92940522512507,2500.0,43.53529738743747,4085.3,896.3,832.7,836.8,827.6,194.6,190.7,194.7,197.4,4.5,77.7,3.23,4089.1,894.7,833.7,836.7,826.7,193.9,191.8,195.3,196.3,4.54,78.0,3.237,-1.2,0.957,1,injector_clog,1,0.27,86.22,310403.8
186.4,mission_cruise,72.92829349638689,2500.0,43.53585325180656,4082.4,895.0,833.8,835.3,827.3,193.5,190.8,194.7,196.6,4.58,78.1,3.297,4089.1,894.7,833.7,836.7,826.7,193.9,191.8,195.3,196.3,4.54,78.0,3.237,-1.2,0.957,1,injector_clog,1,0.27,86.2,310302.9
186.5,mission_cruise,72.92718176764869,2500.0,43.536409116175655,4084.2,895.4,834.9,836.1,825.9,193.9,191.8,195.7,196.4,4.53,78.0,3.264,4089.0,894.7,833.7,836.7,826.7,193.9,191.8,195.3,196.3,4.54,78.0,3.237,-1.2,0.957,1,injector_clog,1,0.27,86.17,310202.0
186.6,mission_cruise,72.92607003891051,2500.0,43.536964980544745,4094.0,896.0,832.3,839.2,826.5,192.9,191.4,196.1,195.6,4.52,77.7,3.246,4089.0,894.7,833.7,836.7,826.7,193.9,191.8,195.3,196.3,4.54,78.0,3.237,-1.2,0.957,1,injector_clog,1,0.27,86.14,310101.1
186.7,mission_cruise,72.92495831017231,2500.0,43.53752084491384,4091.8,895.9,831.4,836.0,826.4,193.1,192.3,195.4,196.2,4.49,77.6,3.219,4089.0,894.7,833.7,836.7,826.7,193.9,191.8,195.3,196.3,4.54,78.0,3.237,-1.2,0.957,1,injector_clog,1,0.27,86.11,310000.2
186.8,mission_cruise,72.92384658143413,2500.0,43.53807670928293,4089.2,895.0,832.1,836.6,824.5,194.2,191.9,194.8,196.0,4.54,77.6,3.195,4088.9,894.7,833.7,836.7,826.7,193.9,191.8,195.3,196.3,4.54,78.0,3.237,-1.2,0.957,1,injector_clog,1,0.27,86.08,309899.3
186.9,mission_cruise,72.92273485269594,2500.0,43.53863257365203,4091.1,892.7,834.8,839.3,826.4,193.6,192.1,196.1,196.3,4.52,78.0,3.272,4088.9,894.7,833.7,836.7,826.7,193.9,191.8,195.3,196.3,4.54,78.0,3.237,-1.2,0.957,1,injector_clog,1,0.27,86.06,309798.4
187.0,mission_cruise,72.92162312395776,2500.0,43.53918843802112,4090.8,894.8,832.8,836.9,827.4,194.3,192.2,194.8,196.5,4.5,78.1,3.194,4088.9,894.7,833.7,836.7,826.7,193.9,191.8,195.3,196.3,4.54,78.0,3.237,-1.2,0.957,1,injector_clog,1,0.27,86.03,309697.5
187.1,mission_cruise,72.92051139521956,2500.0,43.53974430239022,4084.3,894.8,834.4,834.9,827.8,193.9,191.6,195.7,196.1,4.54,79.3,3.219,4088.8,894.7,833.7,836.7,826.7,194.0,191.8,195.3,196.3,4.54,78.0,3.237,-1.2,0.957,1,injector_clog,1,0.27,86.0,309596.6
187.2,mission_cruise,72.91939966648138,2500.0,43.54030016675931,4089.9,891.1,831.3,837.5,824.6,193.7,191.9,194.8,196.9,4.53,77.5,3.258,4088.8,894.7,833.7,836.7,826.7,194.0,191.8,195.3,196.3,4.54,78.0,3.237,-1.2,0.957,1,injector_clog,1,0.27,85.97,309495.7
187.3,mission_cruise,72.91828793774319,2500.0,43.540856031128406,4088.1,894.2,831.7,837.7,825.3,195.0,192.1,195.6,195.9,4.52,78.5,3.16,4088.8,894.7,833.7,836.7,826.7,194.0,191.8,195.3,196.3,4.54,78.0,3.237,-1.2,0.957,1,injector_clog,1,0.27,85.94,309394.8
187.4,mission_cruise,72.917176209005,2500.0,43.5414118954975,4089.5,896.5,833.5,837.2,825.8,193.6,192.1,194.9,196.0,4.57,77.7,3.235,4088.7,894.7,833.7,836.7,826.7,194.0,191.8,195.3,196.3,4.54,78.0,3.237,-1.2,0.957,1,injector_clog,1,0.27,85.91,309293.9
187.5,mission_cruise,72.91606448026681,2500.0,43.541967759866594,4088.2,895.3,832.3,835.5,829.4,194.2,192.1,195.0,196.1,4.56,77.6,3.322,4088.7,894.7,833.7,836.7,826.7,194.0,191.8,195.3,196.3,4.54,78.0,3.237,-1.2,0.957,1,injector_clog,1,0.27,85.89,309193.0
187.6,mission_cruise,72.91495275152863,2500.0,43.542523624235685,4074.3,894.5,835.2,835.4,826.7,192.6,191.8,194.5,195.7,4.53,77.7,3.227,4088.7,894.7,833.7,836.7,826.7,194.0,191.8,195.3,196.3,4.54,78.0,3.237,-1.2,0.957,1,injector_clog,1,0.27,85.86,309092.1
187.7,mission_cruise,72.91384102279044,2500.0,43.54307948860478,4095.2,895.9,833.1,836.4,827.4,195.2,191.8,195.4,195.7,4.5,78.5,3.251,4088.6,894.7,833.7,836.7,826.7,194.0,191.8,195.3,196.3,4.54,78.0,3.237,-1.2,0.957,1,injector_clog,1,0.27,85.83,308991.2
187.8,mission_cruise,72.91272929405226,2500.0,43.54363535297387,4088.2,896.0,835.0,835.6,828.2,193.0,192.0,195.8,195.6,4.56,76.2,3.242,4088.6,894.7,833.7,836.7,826.7,194.0,191.8,195.3,196.3,4.54,78.0,3.237,-1.2,0.957,1,injector_clog,1,0.27,85.8,308890.3
187.9,mission_cruise,72.91161756531406,2500.0,43.54419121734297,4086.5,895.3,833.5,836.2,826.2,194.5,192.6,195.8,196.1,4.52,78.3,3.225,4088.6,894.7,833.7,836.7,826.7,194.0,191.8,195.3,196.3,4.54,78.0,3.237,-1.2,0.957,1,injector_clog,1,0.27,85.77,308789.4
188.0,mission_cruise,72.91050583657588,2500.0,43.54474708171206,4089.9,894.5,835.1,836.8,824.6,194.2,192.0,194.6,196.1,4.52,77.6,3.209,4088.5,894.7,833.7,836.7,826.7,194.0,191.8,195.3,196.3,4.54,78.0,3.237,-1.2,0.957,1,injector_clog,1,0.27,85.75,308688.5
188.1,mission_cruise,72.90939410783768,2500.0,43.54530294608116,4082.1,894.3,833.2,838.6,825.8,194.5,190.7,195.4,196.4,4.58,78.6,3.247,4088.5,894.7,833.7,836.7,826.7,194.0,191.8,195.3,196.3,4.54,78.0,3.237,-1.2,0.957,1,injector_clog,1,0.27,85.72,308587.6
188.2,mission_cruise,72.9082823790995,2500.0,43.54585881045025,4091.6,895.4,833.7,836.8,828.3,193.9,191.5,195.7,196.5,4.58,77.7,3.228,4088.5,894.7,833.7,836.7,826.7,194.0,191.8,195.3,196.3,4.54,78.0,3.237,-1.2,0.957,1,injector_clog,1,0.27,85.69,308486.7
188.3,mission_cruise,72.90717065036131,2500.0,43.546414674819346,4085.3,895.5,833.0,838.0,825.7,194.1,192.0,194.7,196.2,4.58,78.7,3.24,4088.4,894.7,833.7,836.7,826.7,194.0,191.8,195.3,196.3,4.54,78.0,3.237,-1.2,0.957,1,injector_clog,1,0.27,85.66,308385.8
188.4,mission_cruise,72.90605892162313,2500.0,43.546970539188436,4090.7,893.8,833.7,834.3,826.2,194.8,191.9,195.0,196.3,4.56,77.9,3.205,4088.4,894.7,833.7,836.7,826.7,194.0,191.8,195.3,196.3,4.54,78.0,3.237,-1.2,0.957,1,injector_clog,1,0.27,85.63,308284.9
188.5,mission_cruise,72.90494719288493,2500.0,43.547526403557534,4084.7,890.9,834.7,837.8,827.3,193.5,191.8,196.1,196.5,4.54,78.0,3.24,4088.4,894.7,833.7,836.7,826.7,194.0,191.8,195.3,196.3,4.54,78.0,3.237,-1.2,0.957,1,injector_clog,1,0.27,85.61,308184.0
188.6,mission_cruise,72.90383546414675,2500.0,43.548082267926624,4083.7,895.2,832.8,835.8,825.6,195.1,192.9,196.0,195.7,4.54,78.0,3.28,4088.3,894.7,833.7,836.7,826.7,194.0,191.8,195.3,196.3,4.54,78.0,3.237,-1.2,0.957,1,injector_clog,1,0.27,85.58,308083.1
188.7,mission_cruise,72.90272373540856,2500.0,43.54863813229572,4086.7,896.9,832.6,836.2,826.6,195.2,191.7,195.5,196.8,4.52,77.7,3.256,4088.3,894.7,833.7,836.7,826.7,194.0,191.8,195.3,196.3,4.54,78.0,3.236,-1.2,0.957,1,injector_clog,1,0.27,85.55,307982.2
188.8,mission_cruise,72.90161200667038,2500.0,43.54919399666481,4088.5,892.8,832.9,834.9,824.6,195.1,191.9,194.4,195.5,4.52,78.1,3.24,4088.2,894.7,833.7,836.7,826.7,194.0,191.8,195.3,196.3,4.54,78.0,3.236,-1.2,0.957,1,injector_clog,1,0.27,85.52,307881.3
188.9,mission_cruise,72.90050027793218,2500.0,43.54974986103391,4090.6,892.9,834.3,837.9,825.8,194.1,191.7,195.5,196.0,4.55,78.1,3.213,4088.2,894.7,833.7,836.7,826.7,194.0,191.8,195.3,196.3,4.54,78.0,3.236,-1.2,0.957,1,injector_clog,1,0.27,85.49,307780.4
189.0,mission_cruise,72.899388549194,2500.0,43.550305725403,4081.6,893.4,834.1,836.4,827.3,194.5,192.6,195.8,195.8,4.51,77.9,3.221,4088.2,894.7,833.7,836.7,826.7,194.0,191.8,195.3,196.3,4.54,78.0,3.236,-1.2,0.957,1,injector_clog,1,0.27,85.47,307679.5
189.1,mission_cruise,72.8982768204558,2500.0,43.5508615897721,4086.9,896.1,832.5,838.5,826.4,194.6,193.4,195.4,195.6,4.53,79.0,3.194,4088.1,894.7,833.7,836.7,826.7,194.0,191.8,195.3,196.3,4.54,78.0,3.236,-1.2,0.957,1,injector_clog,1,0.27,85.44,307578.6
189.2,mission_cruise,72.89716509171762,2500.0,43.55141745414119,4078.4,895.3,836.1,835.6,827.8,193.9,191.1,195.9,197.0,4.56,78.8,3.255,4088.1,894.7,833.7,836.7,826.7,194.0,191.8,195.3,196.3,4.54,78.0,3.236,-1.2,0.957,1,injector_clog,1,0.27,85.41,307477.7
189.3,mission_cruise,72.89605336297943,2500.0,43.551973318510285,4084.6,896.1,832.9,837.2,826.9,194.3,192.2,195.1,197.0,4.58,78.3,3.234,4088.1,894.6,833.6,836.6,826.6,194.0,191.8,195.3,196.3,4.54,78.0,3.236,-1.2,0.957,1,injector_clog,1,0.27,85.38,307376.8
189.4,mission_cruise,72.89494163424125,2500.0,43.552529182879375,4097.1,893.3,833.3,836.2,828.5,193.9,192.0,195.3,196.2,4.52,78.6,3.25,4088.0,894.6,833.6,836.6,826.6,194.0,191.8,195.3,196.3,4.54,78.0,3.236,-1.2,0.957,1,injector_clog,1,0.27,85.35,307275.9
189.5,mission_cruise,72.89382990550305,2500.0,43.55308504724847,4083.5,894.2,831.7,838.0,822.1,193.4,191.1,194.6,194.8,4.56,78.3,3.271,4088.0,894.6,833.6,836.6,826.6,194.0,191.8,195.3,196.3,4.54,78.0,3.236,-1.2,0.957,1,injector_clog,1,0.27,85.33,307175.0
189.6,mission_cruise,72.89271817676487,2500.0,43.55364091161756,4087.9,895.5,835.9,836.9,825.4,194.3,190.6,195.3,196.5,4.53,77.9,3.252,4088.0,894.6,833.6,836.6,826.6,194.0,191.8,195.3,196.3,4.54,78.0,3.236,-1.2,0.957,1,injector_clog,1,0.27,85.3,307074.1
189.7,mission_cruise,72.89160644802668,2500.0,43.55419677598666,4079.5,894.0,833.4,839.1,825.8,192.3,190.6,196.2,197.5,4.49,78.7,3.223,4087.9,894.6,833.6,836.6,826.6,194.0,191.8,195.3,196.3,4.54,78.0,3.236,-1.2,0.957,1,injector_clog,1,0.27,85.27,306973.2
189.8,mission_cruise,72.8904947192885,2500.0,43.55475264035575,4088.5,894.4,835.9,836.7,827.4,193.6,190.5,194.7,196.6,4.54,77.5,3.233,4087.9,894.6,833.6,836.6,826.6,194.0,191.8,195.3,196.3,4.54,78.0,3.236,-1.2,0.957,1,injector_clog,1,0.27,85.24,306872.3
189.9,mission_cruise,72.8893829905503,2500.0,43.55530850472485,4093.2,895.7,834.9,838.5,827.0,195.3,191.5,195.0,196.7,4.54,78.4,3.246,4087.9,894.6,833.6,836.6,826.6,194.0,191.8,195.3,196.3,4.54,78.0,3.236,-1.2,0.957,1,injector_clog,1,0.27,85.21,306771.4
190.0,mission_cruise,72.88827126181212,2500.0,43.55586436909394,4090.9,896.5,834.0,836.9,827.2,194.2,191.8,195.4,196.9,4.56,77.6,3.224,4087.8,894.6,833.6,836.6,826.6,194.0,191.8,195.3,196.3,4.54,78.0,3.236,-1.2,0.957,1,injector_clog,1,0.27,85.19,306670.5
190.1,mission_cruise,72.88715953307393,2500.0,43.55642023346304,4079.2,896.1,834.2,837.0,825.0,193.6,191.8,194.8,197.0,4.52,78.2,3.175,4087.8,894.6,833.6,836.6,826.6,194.0,191.8,195.3,196.3,4.54,78.0,3.236,-1.2,0.957,1,injector_clog,1,0.27,85.16,306569.6
190.2,mission_cruise,72.88604780433575,2500.0,43.55697609783213,4086.2,894.0,832.5,838.7,826.8,194.2,191.3,194.4,196.8,4.51,78.6,3.183,4087.8,894.6,833.6,836.6,826.6,194.0,191.8,195.3,196.3,4.54,78.0,3.236,-1.2,0.957,1,injector_clog,1,0.27,85.13,306468.7
190.3,mission_cruise,72.88493607559755,2500.0,43.557531962201224,4086.5,894.6,834.8,837.6,826.6,193.9,192.4,196.2,196.6,4.55,78.1,3.239,4087.7,894.6,833.6,836.6,826.6,194.0,191.8,195.3,196.3,4.54,78.0,3.236,-1.2,0.957,1,injector_clog,1,0.27,85.1,306367.8
190.4,mission_cruise,72.88382434685937,2500.0,43.558087826570315,4089.6,892.7,834.5,836.7,826.3,194.2,191.8,194.9,196.7,4.56,78.1,3.24,4087.7,894.6,833.6,836.6,826.6,194.0,191.8,195.3,196.3,4.54,78.0,3.236,-1.2,0.957,1,injector_clog,1,0.27,85.07,306266.9
190.5,mission_cruise,72.88271261812118,2500.0,43.55864369093941,4078.4,893.4,830.0,837.6,826.7,194.7,192.6,194.8,195.9,4.53,78.4,3.272,4087.7,894.6,833.6,836.6,826.6,194.0,191.8,195.3,196.3,4.54,78.0,3.236,-1.2,0.957,1,injector_clog,1,0.27,85.05,306166.0
190.6,mission_cruise,72.881600889383,2500.0,43.5591995553085,4104.6,894.4,834.5,835.4,827.9,193.8,192.0,194.9,195.9,4.51,78.2,3.252,4087.6,894.6,833.6,836.6,826.6,194.0,191.8,195.3,196.3,4.54,78.0,3.236,-1.2,0.957,1,injector_clog,1,0.27,85.02,306065.1
190.7,mission_cruise,72.8804891606448,2500.0,43.5597554196776,4091.5,895.5,833.2,839.4,826.4,193.9,191.6,195.9,196.4,4.52,78.5,3.226,4087.6,894.6,833.6,836.6,826.6,194.0,191.8,195.3,196.3,4.54,78.0,3.236,-1.2,0.957,1,injector_clog,1,0.27,84.99,305964.2
190.8,mission_cruise,72.87937743190662,2500.0,43.56031128404669,4087.3,894.0,834.3,837.0,826.0,195.3,192.1,194.0,196.8,4.56,78.1,3.21,4087.6,894.6,833.6,836.6,826.6,194.0,191.8,195.3,196.3,4.54,78.0,3.236,-1.2,0.957,1,injector_clog,1,0.27,84.96,305863.3
190.9,mission_cruise,72.87826570316842,2500.0,43.56086714841579,4093.1,895.4,835.8,837.3,825.9,194.3,192.2,194.7,196.8,4.51,78.1,3.257,4087.5,894.6,833.6,836.6,826.6,194.0,191.8,195.3,196.3,4.54,78.0,3.236,-1.2,0.957,1,injector_clog,1,0.27,84.93,305762.4
191.0,mission_cruise,72.87715397443024,2500.0,43.56142301278488,4084.7,896.1,835.9,838.3,823.5,194.1,192.6,195.9,196.2,4.53,78.5,3.238,4087.5,894.6,833.6,836.6,826.6,194.0,191.8,195.3,196.3,4.54,78.0,3.236,-1.2,0.957,1,injector_clog,1,0.27,84.91,305661.5
191.1,mission_cruise,72.87604224569205,2500.0,43.561978877153976,4088.6,897.2,835.7,835.6,828.1,193.6,191.9,195.5,197.0,4.55,78.0,3.24,4087.5,894.6,833.6,836.6,826.6,194.0,191.8,195.3,196.3,4.54,78.0,3.235,-1.2,0.957,1,injector_clog,1,0.27,84.88,305560.6
191.2,mission_cruise,72.87493051695387,2500.0,43.562534741523066,4078.7,893.9,832.9,834.0,827.0,193.8,191.9,196.5,196.0,4.55,78.0,3.248,4087.4,894.6,833.6,836.6,826.6,194.1,191.8,195.3,196.3,4.54,78.0,3.235,-1.2,0.957,1,injector_clog,1,0.27,84.85,305459.7
191.3,mission_cruise,72.87381878821567,2500.0,43.563090605892164,4084.8,896.8,833.4,837.5,829.1,194.3,192.0,195.9,195.9,4.52,77.3,3.259,4087.4,894.6,833.6,836.6,826.6,194.1,191.8,195.3,196.3,4.54,78.0,3.235,-1.2,0.957,1,injector_clog,1,0.27,84.82,305358.8
191.4,mission_cruise,72.87270705947749,2500.0,43.563646470261254,4093.5,897.8,833.1,836.1,826.7,194.4,192.5,196.6,197.3,4.58,78.9,3.208,4087.4,894.6,833.6,836.6,826.6,194.1,191.8,195.3,196.3,4.54,78.0,3.235,-1.2,0.957,1,injector_clog,1,0.27,84.79,305257.9
191.5,mission_cruise,72.8715953307393,2500.0,43.56420233463035,4086.1,895.1,832.0,835.3,827.8,193.6,192.0,195.6,197.4,4.56,77.8,3.25,4087.3,894.6,833.6,836.6,826.6,194.1,191.8,195.3,196.3,4.54,78.0,3.235,-1.2,0.957,1,injector_clog,1,0.27,84.77,305157.0
191.6,mission_cruise,72.87048360200112,2500.0,43.56475819899944,4082.9,894.4,834.7,838.2,826.2,194.2,191.8,194.9,196.8,4.51,77.3,3.248,4087.3,894.6,833.6,836.6,826.6,194.1,191.8,195.3,196.3,4.54,78.0,3.235,-1.2,0.957,1,injector_clog,1,0.27,84.74,305056.1
191.7,mission_cruise,72.86937187326292,2500.0,43.56531406336854,4087.0,893.5,833.9,836.1,827.9,194.8,191.9,195.4,195.9,4.56,78.1,3.252,4087.3,894.6,833.6,836.6,826.6,194.1,191.8,195.3,196.3,4.54,78.0,3.235,-1.2,0.957,1,injector_clog,1,0.27,84.71,304955.2
191.8,mission_cruise,72.86826014452474,2500.0,43.56586992773763,4083.7,893.1,832.5,839.1,825.3,194.6,191.4,195.1,197.9,4.56,78.4,3.252,4087.2,894.6,833.6,836.6,826.6,194.1,191.8,195.3,196.3,4.54,78.0,3.235,-1.2,0.957,1,injector_clog,1,0.27,84.68,304854.3
191.9,mission_cruise,72.86714841578655,2500.0,43.56642579210673,4079.6,894.5,833.4,835.5,828.7,193.9,192.6,195.0,196.2,4.56,77.9,3.189,4087.2,894.6,833.6,836.6,826.6,194.1,191.8,195.3,196.3,4.54,78.0,3.235,-1.2,0.957,1,injector_clog,1,0.27,84.65,304753.4
192.0,mission_cruise,72.86603668704836,2500.0,43.56698165647582,4094.9,893.9,834.0,835.3,827.7,194.3,191.5,195.4,196.6,4.53,77.1,3.208,4087.2,894.6,833.6,836.6,826.6,194.1,191.8,195.3,196.3,4.54,78.0,3.235,-1.2,0.957,1,injector_clog,1,0.27,84.63,304652.5
192.1,mission_cruise,72.86492495831017,2500.0,43.567537520844915,4081.5,895.7,833.2,839.2,827.0,194.7,192.9,195.9,196.1,4.56,77.4,3.241,4087.1,894.6,833.6,836.6,826.6,194.1,191.8,195.3,196.3,4.54,78.0,3.235,-1.2,0.957,1,injector_clog,1,0.27,84.6,304551.6
192.2,mission_cruise,72.86381322957199,2500.0,43.568093385214006,4091.7,895.4,834.0,839.0,827.4,193.9,191.9,195.8,196.0,4.56,77.8,3.21,4087.1,894.6,833.6,836.6,826.6,194.1,191.8,195.3,196.3,4.54,78.0,3.235,-1.2,0.957,1,injector_clog,1,0.27,84.57,304450.7
192.3,mission_cruise,72.8627015008338,2500.0,43.5686492495831,4088.7,894.6,834.8,835.6,826.9,193.7,192.2,194.7,196.8,4.54,78.5,3.237,4087.0,894.6,833.6,836.6,826.6,194.1,191.8,195.3,196.3,4.54,78.0,3.235,-1.2,0.957,1,injector_clog,1,0.27,84.54,304349.8
192.4,mission_cruise,72.86158977209561,2500.0,43.569205113952194,4075.9,895.2,834.0,838.3,828.5,194.1,191.9,196.6,196.6,4.53,77.7,3.257,4087.0,894.6,833.6,836.6,826.6,194.1,191.8,195.3,196.3,4.54,78.0,3.235,-1.2,0.957,1,injector_clog,1,0.27,84.51,304248.9
192.5,mission_cruise,72.86047804335742,2500.0,43.56976097832129,4084.5,894.6,831.4,835.0,826.8,193.4,191.4,195.4,196.8,4.53,78.0,3.206,4087.0,894.6,833.6,836.6,826.6,194.1,191.8,195.3,196.3,4.54,78.0,3.235,-1.2,0.957,1,injector_clog,1,0.27,84.49,304148.0
192.6,mission_cruise,72.85936631461924,2500.0,43.57031684269038,4088.2,894.1,833.4,837.3,828.2,194.1,191.5,195.5,196.0,4.52,77.9,3.233,4086.9,894.6,833.6,836.6,826.6,194.1,191.8,195.3,196.3,4.54,78.0,3.235,-1.2,0.957,1,injector_clog,1,0.27,84.46,304047.1
192.7,mission_cruise,72.85825458588104,2500.0,43.57087270705948,4089.4,894.8,831.3,835.0,828.6,193.4,192.0,195.0,197.3,4.56,77.8,3.193,4086.9,894.6,833.6,836.6,826.6,194.1,191.8,195.3,196.3,4.54,78.0,3.235,-1.2,0.957,1,injector_clog,1,0.27,84.43,303946.2
192.8,mission_cruise,72.85714285714286,2500.0,43.57142857142857,4078.8,895.1,834.5,834.6,826.0,193.5,191.8,196.1,196.7,4.53,78.2,3.21,4086.9,894.6,833.6,836.6,826.6,194.1,191.8,195.3,196.3,4.54,78.0,3.235,-1.2,0.957,1,injector_clog,1,0.27,84.4,303845.3
192.9,mission_cruise,72.85603112840467,2500.0,43.57198443579767,4092.8,893.9,834.0,837.9,824.7,193.5,191.1,195.5,195.6,4.54,78.9,3.287,4086.8,894.6,833.6,836.6,826.6,194.1,191.8,195.3,196.3,4.54,78.0,3.235,-1.2,0.957,1,injector_clog,1,0.27,84.37,303744.4
193.0,mission_cruise,72.85491939966649,2500.0,43.57254030016676,4088.7,893.1,834.1,835.8,826.2,194.5,191.7,194.4,196.2,4.54,77.8,3.226,4086.8,894.6,833.6,836.6,826.6,194.1,191.8,195.3,196.3,4.54,78.0,3.235,-1.2,0.957,1,injector_clog,1,0.27,84.35,303643.5
193.1,mission_cruise,72.85380767092829,2500.0,43.573096164535855,4088.7,891.8,831.5,833.0,825.9,194.3,192.8,195.5,195.7,4.57,78.0,3.254,4086.8,894.6,833.6,836.6,826.6,194.1,191.8,195.3,196.3,4.54,78.0,3.235,-1.2,0.957,1,injector_clog,1,0.27,84.32,303542.6
193.2,mission_cruise,72.85269594219011,2500.0,43.573652028904945,4084.3,893.7,832.6,833.7,826.8,194.1,191.6,194.1,196.7,4.56,78.0,3.242,4086.7,894.6,833.6,836.6,826.6,194.1,191.8,195.3,196.3,4.54,78.0,3.235,-1.2,0.957,1,injector_clog,1,0.27,84.29,303441.7
193.3,mission_cruise,72.85158421345191,2500.0,43.57420789327404,4079.4,894.9,834.9,839.6,823.6,194.2,192.0,194.9,196.0,4.48,76.9,3.213,4086.7,894.6,833.6,836.6,826.6,194.1,191.8,195.3,196.3,4.54,78.0,3.235,-1.2,0.957,1,injector_clog,1,0.27,84.26,303340.8
193.4,mission_cruise,72.85047248471373,2500.0,43.57476375764313,4089.7,896.0,832.6,838.9,827.8,194.4,191.8,194.7,196.4,4.56,78.4,3.278,4086.7,894.6,833.6,836.6,826.6,194.1,191.8,195.3,196.3,4.54,78.0,3.235,-1.2,0.957,1,injector_clog,1,0.27,84.23,303239.9
193.5,mission_cruise,72.84936075597554,2500.0,43.57531962201223,4083.4,893.9,833.6,836.5,827.3,194.6,192.6,195.1,196.5,4.52,77.9,3.218,4086.6,894.6,833.6,836.6,826.6,194.1,191.8,195.3,196.3,4.54,78.0,3.235,-1.2,0.957,1,injector_clog,1,0.27,84.21,303139.0
193.6,mission_cruise,72.84824902723736,2500.0,43.57587548638132,4081.0,895.1,834.0,837.0,826.6,194.6,192.0,196.2,196.1,4.52,77.7,3.243,4086.6,894.6,833.6,836.6,826.6,194.1,191.8,195.3,196.3,4.54,78.0,3.234,-1.2,0.957,1,injector_clog,1,0.27,84.18,303038.1
193.7,mission_cruise,72.84713729849916,2500.0,43.57643135075042,4081.2,890.9,833.3,836.1,825.9,193.9,190.6,194.7,196.0,4.56,78.1,3.197,4086.6,894.6,833.6,836.6,826.6,194.1,191.8,195.3,196.3,4.54,78.0,3.234,-1.2,0.957,1,injector_clog,1,0.27,84.15,302937.2
193.8,mission_cruise,72.84602556976098,2500.0,43.57698721511951,4087.8,894.2,834.0,835.9,826.7,194.2,193.0,194.5,196.5,4.51,78.4,3.286,4086.5,894.6,833.6,836.6,826.6,194.1,191.8,195.3,196.3,4.54,78.0,3.234,-1.2,0.957,1,injector_clog,1,0.27,84.12,302836.3
193.9,mission_cruise,72.84491384102279,2500.0,43.577543079488606,4085.3,894.9,831.2,836.2,827.4,193.4,191.7,194.9,195.2,4.53,77.7,3.221,4086.5,894.6,833.6,836.6,826.6,194.1,191.8,195.3,196.3,4.54,78.0,3.234,-1.2,0.957,1,injector_clog,1,0.27,84.09,302735.4
194.0,mission_cruise,72.8438021122846,2500.0,43.5780989438577,4089.0,893.9,830.5,835.4,824.9,194.4,191.1,195.3,197.6,4.51,77.9,3.258,4086.5,894.6,833.6,836.6,826.6,194.1,191.8,195.3,196.3,4.54,78.0,3.234,-1.2,0.957,1,injector_clog,1,0.27,84.07,302634.5
194.1,mission_cruise,72.84269038354641,2500.0,43.578654808226794,4089.0,894.0,832.7,838.6,827.7,193.9,191.9,194.8,196.8,4.57,78.4,3.231,4086.4,894.6,833.6,836.6,826.6,194.1,191.8,195.3,196.3,4.54,78.0,3.234,-1.2,0.957,1,injector_clog,1,0.27,84.04,302533.6
194.2,mission_cruise,72.84157865480823,2500.0,43.579210672595885,4093.9,892.7,832.5,836.8,825.6,193.2,192.1,195.5,196.3,4.55,77.6,3.262,4086.4,894.6,833.6,836.6,826.6,194.1,191.8,195.3,196.3,4.54,78.0,3.234,-1.2,0.957,1,injector_clog,1,0.27,84.01,302432.7
194.3,mission_cruise,72.84046692607004,2500.0,43.57976653696498,4095.2,894.2,834.2,835.1,825.8,193.5,192.2,195.3,196.4,4.58,77.8,3.182,4086.4,894.6,833.6,836.6,826.6,194.1,191.8,195.3,196.3,4.54,78.0,3.234,-1.2,0.957,1,injector_clog,1,0.27,83.98,302331.8
194.4,mission_cruise,72.83935519733186,2500.0,43.58032240133407,4078.0,895.4,832.8,838.4,825.9,194.5,192.1,196.4,196.4,4.56,78.5,3.282,4086.3,894.6,833.6,836.6,826.6,194.1,191.8,195.3,196.3,4.54,78.0,3.234,-1.2,0.957,1,injector_clog,1,0.27,83.95,302230.9
194.5,mission_cruise,72.83824346859366,2500.0,43.58087826570317,4084.6,893.9,832.5,834.1,825.5,193.7,192.6,194.4,196.2,4.51,79.0,3.259,4086.3,894.5,833.5,836.5,826.5,194.1,191.8,195.3,196.3,4.54,78.0,3.234,-1.2,0.957,1,injector_clog,1,0.27,83.93,302130.0
194.6,mission_cruise,72.83713173985548,2500.0,43.58143413007226,4090.1,893.3,831.3,836.4,828.5,194.3,191.8,194.1,196.9,4.56,78.7,3.204,4086.3,894.5,833.5,836.5,826.5,194.1,191.8,195.3,196.3,4.54,78.0,3.234,-1.2,0.957,1,injector_clog,1,0.27,83.9,302029.1
194.7,mission_cruise,72.83602001111728,2500.0,43.58198999444136,4086.9,894.9,833.9,837.9,824.7,193.6,192.4,195.2,196.5,4.53,78.6,3.26,4086.2,894.5,833.5,836.5,826.5,194.1,191.8,195.3,196.3,4.54,78.0,3.234,-1.2,0.957,1,injector_clog,1,0.27,83.87,301928.2
194.8,mission_cruise,72.8349082823791,2500.0,43.58254585881045,4082.0,892.5,832.9,837.1,824.9,194.4,190.8,195.9,196.9,4.53,77.7,3.292,4086.2,894.5,833.5,836.5,826.5,194.1,191.8,195.3,196.3,4.54,78.0,3.234,-1.2,0.957,1,injector_clog,1,0.27,83.84,301827.3
194.9,mission_cruise,72.83379655364091,2500.0,43.583101723179546,4082.6,894.3,832.8,837.4,824.2,194.7,190.8,195.4,196.1,4.51,78.2,3.258,4086.2,894.5,833.5,836.5,826.5,194.1,191.8,195.3,196.3,4.54,78.0,3.234,-1.2,0.957,1,injector_clog,1,0.27,83.81,301726.4
195.0,mission_cruise,72.83268482490273,2500.0,43.583657587548636,4083.0,895.0,835.5,834.6,826.7,193.7,191.6,195.5,196.2,4.51,78.9,3.232,4086.1,894.5,833.5,836.5,826.5,194.1,191.8,195.3,196.3,4.54,78.0,3.234,-1.2,0.957,1,injector_clog,1,0.27,83.78,301625.5
195.1,mission_cruise,72.83157309616453,2500.0,43.58421345191773,4077.0,893.3,834.0,837.4,826.2,194.4,192.6,194.8,196.3,4.52,78.1,3.2,4086.1,894.5,833.5,836.5,826.5,194.1,191.8,195.3,196.3,4.54,78.0,3.234,-1.2,0.957,1,injector_clog,1,0.27,83.76,301524.6
195.2,mission_cruise,72.83046136742635,2500.0,43.584769316286824,4080.1,894.1,832.7,838.0,824.1,194.6,192.9,195.6,196.6,4.54,77.5,3.244,4086.1,894.5,833.5,836.5,826.5,194.1,191.8,195.3,196.3,4.53,78.0,3.234,-1.2,0.957,1,injector_clog,1,0.27,83.73,301423.7
195.3,mission_cruise,72.82934963868816,2500.0,43.58532518065592,4102.3,893.5,832.7,838.4,825.7,195.3,191.9,195.5,197.5,4.55,77.7,3.29,4086.0,894.5,833.5,836.5,826.5,194.1,191.8,195.3,196.3,4.53,78.0,3.234,-1.2,0.957,1,injector_clog,1,0.27,83.7,301322.8
195.4,mission_cruise,72.82823790994998,2500.0,43.58588104502501,4090.5,892.4,834.1,836.6,827.8,194.0,192.2,195.1,196.6,4.52,78.0,3.144,4086.0,894.5,833.5,836.5,826.5,194.1,191.8,195.3,196.3,4.53,78.0,3.234,-1.2,0.957,1,injector_clog,1,0.27,83.67,301221.9
195.5,mission_cruise,72.82712618121178,2500.0,43.58643690939411,4086.6,893.8,834.6,837.6,825.6,194.9,191.8,194.1,195.3,4.55,78.4,3.27,4086.0,894.5,833.5,836.5,826.5,194.1,191.8,195.3,196.3,4.53,78.0,3.234,-1.2,0.957,1,injector_clog,1,0.27,83.64,301121.0
195.6,mission_cruise,72.8260144524736,2500.0,43.5869927737632,4085.6,895.4,832.1,836.5,825.2,194.0,191.3,195.2,195.7,4.56,78.9,3.244,4085.9,894.5,833.5,836.5,826.5,194.1,191.8,195.3,196.3,4.53,78.0,3.234,-1.2,0.957,1,injector_clog,1,0.27,83.62,301020.1
195.7,mission_cruise,72.8249027237354,2500.0,43.5875486381323,4091.0,894.2,832.8,839.8,824.7,194.7,191.6,196.2,196.9,4.53,78.1,3.214,4085.9,894.5,833.5,836.5,826.5,194.1,191.8,195.3,196.3,4.53,78.0,3.234,-1.2,0.957,1,injector_clog,1,0.27,83.59,300919.2
195.8,mission_cruise,72.82379099499722,2500.0,43.58810450250139,4088.9,896.6,836.3,837.5,827.4,195.6,192.4,195.7,196.0,4.55,77.7,3.245,4085.8,894.5,833.5,836.5,826.5,194.1,191.8,195.3,196.3,4.53,78.0,3.234,-1.2,0.957,1,injector_clog,1,0.27,83.56,300818.3
195.9,mission_cruise,72.82267926625903,2500.0,43.588660366870485,4089.4,893.2,832.9,838.7,826.4,193.2,192.4,196.2,196.6,4.56,78.0,3.231,4085.8,894.5,833.5,836.5,826.5,194.1,191.8,195.3,196.3,4.53,78.0,3.234,-1.2,0.957,1,injector_clog,1,0.27,83.53,300717.4
196.0,mission_cruise,72.82156753752085,2500.0,43.589216231239575,4087.6,896.9,833.8,834.7,825.4,193.3,192.5,195.4,196.2,4.52,77.4,3.189,4085.8,894.5,833.5,836.5,826.5,194.1,191.8,195.3,196.3,4.53,78.0,3.233,-1.2,0.957,1,injector_clog,1,0.27,83.5,300616.5
196.1,mission_cruise,72.82045580878265,2500.0,43.58977209560867,4088.3,895.8,831.8,835.9,825.1,194.4,192.2,195.1,197.6,4.49,78.8,3.227,4085.7,894.5,833.5,836.5,826.5,194.1,191.8,195.3,196.3,4.53,78.0,3.233,-1.2,0.957,1,injector_clog,1,0.27,83.48,300515.6
196.2,mission_cruise,72.81934408004447,2500.0,43.59032795997776,4084.2,896.5,833.2,835.1,826.5,194.2,191.2,195.2,197.3,4.58,78.1,3.188,4085.7,894.5,833.5,836.5,826.5,194.1,191.8,195.3,196.3,4.53,78.0,3.233,-1.2,0.957,1,injector_clog,1,0.27,83.45,300414.7
196.3,mission_cruise,72.81823235130628,2500.0,43.59088382434686,4080.9,895.8,835.3,836.1,827.1,195.0,190.6,195.2,196.9,4.5,77.5,3.234,4085.7,894.5,833.5,836.5,826.5,194.1,191.8,195.3,196.3,4.53,78.0,3.233,-1.2,0.957,1,injector_clog,1,0.27,83.42,300313.8
196.4,mission_cruise,72.8171206225681,2500.0,43.59143968871595,4085.0,896.5,833.3,835.4,825.7,193.8,191.9,195.5,196.9,4.57,78.5,3.299,4085.6,894.5,833.5,836.5,826.5,194.1,191.8,195.3,196.3,4.53,78.0,3.233,-1.2,0.957,1,injector_clog,1,0.27,83.39,300212.9
196.5,mission_cruise,72.8160088938299,2500.0,43.59199555308505,4082.0,895.0,833.0,835.4,828.4,193.5,191.5,196.3,197.1,4.54,77.5,3.205,4085.6,894.5,833.5,836.5,826.5,194.1,191.8,195.3,196.3,4.53,78.0,3.233,-1.2,0.957,1,injector_clog,1,0.27,83.36,300112.0
196.6,mission_cruise,72.81489716509172,2500.0,43.59255141745414,4093.0,892.9,833.1,836.9,824.4,193.8,191.7,195.3,196.2,4.51,77.7,3.213,4085.6,894.5,833.5,836.5,826.5,194.1,191.8,195.3,196.3,4.53,78.0,3.233,-1.2,0.957,1,injector_clog,1,0.27,83.34,300011.1
196.7,mission_cruise,72.81378543635353,2500.0,43.59310728182324,4092.0,896.9,832.3,837.1,829.2,193.5,191.7,194.6,195.7,4.56,77.2,3.21,4085.5,894.5,833.5,836.5,826.5,194.1,191.8,195.3,196.3,4.53,78.0,3.233,-1.2,0.957,1,injector_clog,1,0.27,83.31,299910.2
196.8,mission_cruise,72.81267370761535,2500.0,43.59366314619233,4085.6,892.7,832.5,835.9,826.6,194.5,192.3,195.4,197.6,4.58,78.2,3.273,4085.5,894.5,833.5,836.5,826.5,194.1,191.8,195.3,196.3,4.53,78.0,3.233,-1.2,0.957,1,injector_clog,1,0.27,83.28,299809.3
196.9,mission_cruise,72.81156197887715,2500.0,43.594219010561424,4079.1,897.7,836.1,838.1,828.5,194.9,192.2,194.4,195.8,4.47,77.8,3.258,4085.5,894.5,833.5,836.5,826.5,194.1,191.8,195.3,196.3,4.53,78.0,3.233,-1.2,0.957,1,injector_clog,1,0.27,83.25,299708.4
197.0,mission_cruise,72.81045025013897,2500.0,43.594774874930515,4082.6,896.9,833.8,835.3,826.0,194.0,191.1,196.2,196.3,4.54,77.3,3.229,4085.4,894.5,833.5,836.5,826.5,194.1,191.8,195.3,196.3,4.53,78.0,3.233,-1.2,0.957,1,injector_clog,1,0.27,83.22,299607.5
197.1,mission_cruise,72.80933852140078,2500.0,43.59533073929961,4081.2,896.4,834.6,834.1,825.6,195.2,191.3,195.0,196.5,4.52,77.5,3.255,4085.4,894.5,833.5,836.5,826.5,194.1,191.8,195.3,196.3,4.53,78.0,3.233,-1.2,0.957,1,injector_clog,1,0.27,83.2,299506.6
197.2,mission_cruise,72.8082267926626,2500.0,43.5958866036687,4083.3,894.9,833.8,834.6,825.8,195.0,191.6,195.9,196.6,4.57,77.8,3.26,4085.4,894.5,833.5,836.5,826.5,194.1,191.8,195.3,196.3,4.53,78.0,3.233,-1.2,0.957,1,injector_clog,1,0.27,83.17,299405.7
197.3,mission_cruise,72.8071150639244,2500.0,43.5964424680378,4088.6,898.6,833.9,835.3,825.9,193.8,192.3,195.0,195.7,4.56,78.1,3.218,4085.3,894.5,833.5,836.5,826.5,194.1,191.8,195.3,196.3,4.53,78.0,3.233,-1.2,0.957,1,injector_clog,1,0.27,83.14,299304.8
197.4,mission_cruise,72.80600333518622,2500.0,43.59699833240689,4078.6,898.5,834.0,837.3,826.6,193.7,192.7,195.8,195.3,4.54,78.1,3.294,4085.3,894.5,833.5,836.5,826.5,194.1,191.8,195.3,196.3,4.53,78.0,3.233,-1.2,0.957,1,injector_clog,1,0.27,83.11,299203.9
197.5,mission_cruise,72.80489160644802,2500.0,43.59755419677599,4081.2,896.3,835.4,835.8,826.3,194.3,193.4,195.7,195.7,4.55,78.8,3.206,4085.3,894.5,833.5,836.5,826.5,194.1,191.8,195.3,196.3,4.53,78.0,3.233,-1.2,0.957,1,injector_clog,1,0.27,83.08,299103.0
197.6,mission_cruise,72.80377987770984,2500.0,43.59811006114508,4089.8,894.8,832.6,838.0,828.1,195.1,192.7,195.5,196.0,4.59,77.2,3.194,4085.2,894.5,833.5,836.5,826.5,194.1,191.8,195.3,196.3,4.53,78.0,3.233,-1.2,0.957,1,injector_clog,1,0.27,83.06,299002.1
197.7,mission_cruise,72.80266814897165,2500.0,43.598665925514176,4080.5,891.6,832.5,836.6,826.8,194.0,190.0,195.2,196.5,4.51,78.2,3.262,4085.2,894.5,833.5,836.5,826.5,194.1,191.8,195.3,196.3,4.53,78.0,3.233,-1.2,0.957,1,injector_clog,1,0.27,83.03,298901.2
197.8,mission_cruise,72.80155642023347,2500.0,43.599221789883266,4078.0,896.4,837.1,837.6,825.5,194.7,192.2,194.5,195.8,4.58,77.7,3.194,4085.2,894.5,833.5,836.5,826.5,194.1,191.8,195.3,196.3,4.53,78.0,3.233,-1.2,0.957,1,injector_clog,1,0.27,83.0,298800.3
197.9,mission_cruise,72.80044469149527,2500.0,43.599777654252364,4091.4,894.7,831.4,836.3,827.8,193.7,192.2,194.8,196.1,4.55,77.7,3.272,4085.1,894.5,833.5,836.5,826.5,194.1,191.8,195.3,196.3,4.53,78.0,3.233,-1.2,0.957,1,injector_clog,1,0.27,82.97,298699.4
198.0,mission_cruise,72.79933296275709,2500.0,43.600333518621454,4087.2,893.5,834.4,836.4,827.5,193.9,191.8,195.0,195.8,4.55,78.0,3.222,4085.1,894.5,833.5,836.5,826.5,194.1,191.8,195.3,196.3,4.53,78.0,3.233,-1.2,0.957,1,injector_clog,1,0.27,82.94,298598.5
198.1,mission_cruise,72.7982212340189,2500.0,43.60088938299055,4088.0,892.7,834.0,837.0,828.3,194.3,192.8,195.4,195.4,4.51,77.3,3.232,4085.1,894.5,833.5,836.5,826.5,194.1,191.8,195.3,196.3,4.53,78.0,3.233,-1.2,0.957,1,injector_clog,1,0.27,82.92,298497.6
198.2,mission_cruise,72.79710950528072,2500.0,43.60144524735964,4088.0,895.9,834.9,836.2,827.2,194.4,191.5,195.6,196.4,4.5,77.8,3.274,4085.0,894.5,833.5,836.5,826.5,194.1,191.8,195.3,196.3,4.53,78.0,3.233,-1.2,0.957,1,injector_clog,1,0.27,82.89,298396.7
198.3,mission_cruise,72.79599777654252,2500.0,43.60200111172874,4080.3,894.6,832.7,834.8,827.7,194.5,190.7,195.9,195.3,4.56,78.0,3.221,4085.0,894.5,833.5,836.5,826.5,194.1,191.8,195.3,196.3,4.53,78.0,3.233,-1.2,0.957,1,injector_clog,1,0.27,82.86,298295.8
198.4,mission_cruise,72.79488604780434,2500.0,43.60255697609783,4089.0,893.7,831.8,836.6,829.3,194.4,191.4,194.6,195.8,4.54,77.6,3.221,4085.0,894.5,833.5,836.5,826.5,194.1,191.8,195.3,196.3,4.53,78.0,3.233,-1.2,0.957,1,injector_clog,1,0.27,82.83,298194.9
198.5,mission_cruise,72.79377431906615,2500.0,43.60311284046693,4092.8,894.1,833.8,834.1,826.0,194.1,191.3,194.6,195.8,4.57,77.9,3.259,4084.9,894.5,833.5,836.5,826.5,194.1,191.8,195.3,196.3,4.53,78.0,3.232,-1.2,0.957,1,injector_clog,1,0.27,82.8,298094.0
198.6,mission_cruise,72.79266259032796,2500.0,43.60366870483602,4089.2,893.9,832.4,834.7,826.5,194.4,191.0,195.6,197.4,4.55,78.3,3.242,4084.9,894.5,833.5,836.5,826.5,194.1,191.8,195.3,196.3,4.53,78.0,3.232,-1.2,0.957,1,injector_clog,1,0.27,82.78,297993.1
198.7,mission_cruise,72.79155086158977,2500.0,43.604224569205115,4090.0,892.6,832.6,837.3,825.2,194.7,191.4,194.5,196.8,4.48,79.0,3.229,4084.9,894.5,833.5,836.5,826.5,194.1,191.8,195.3,196.3,4.53,78.0,3.232,-1.2,0.957,1,injector_clog,1,0.27,82.75,297892.2
198.8,mission_cruise,72.79043913285159,2500.0,43.604780433574206,4088.2,895.4,831.2,836.9,828.0,193.9,192.5,195.0,195.2,4.51,79.0,3.246,4084.8,894.5,833.5,836.5,826.5,194.2,191.8,195.3,196.3,4.53,78.0,3.232,-1.2,0.957,1,injector_clog,1,0.27,82.72,297791.3
198.9,mission_cruise,72.7893274041134,2500.0,43.6053362979433,4091.2,895.0,833.6,837.6,825.4,194.0,191.2,195.4,196.2,4.52,78.0,3.276,4084.8,894.5,833.5,836.5,826.5,194.2,191.8,195.3,196.3,4.53,78.0,3.232,-1.2,0.957,1,injector_clog,1,0.27,82.69,297690.4
199.0,mission_cruise,72.78821567537521,2500.0,43.605892162312394,4078.7,895.1,836.0,837.3,825.6,193.3,190.9,196.6,196.8,4.53,78.5,3.235,4084.7,894.5,833.5,836.5,826.5,194.2,191.8,195.3,196.3,4.53,78.0,3.232,-1.2,0.957,1,injector_clog,1,0.27,82.66,297589.5
199.1,mission_cruise,72.78710394663702,2500.0,43.60644802668149,4086.4,892.5,834.4,835.2,826.6,194.8,191.0,195.5,196.5,4.55,77.6,3.253,4084.7,894.5,833.5,836.5,826.5,194.2,191.8,195.3,196.3,4.53,78.0,3.232,-1.2,0.957,1,injector_clog,1,0.27,82.64,297488.6
199.2,mission_cruise,72.78599221789884,2500.0,43.60700389105058,4089.0,897.1,833.4,836.5,827.3,193.9,191.8,195.4,196.1,4.55,78.1,3.196,4084.7,894.5,833.5,836.5,826.5,194.2,191.8,195.3,196.3,4.53,78.0,3.232,-1.2,0.957,1,injector_clog,1,0.27,82.61,297387.7
199.3,mission_cruise,72.78488048916064,2500.0,43.60755975541968,4089.1,894.8,833.7,837.0,827.1,193.9,192.1,195.8,195.4,4.53,78.5,3.211,4084.6,894.5,833.5,836.5,826.5,194.2,191.8,195.3,196.3,4.53,78.0,3.232,-1.2,0.957,1,injector_clog,1,0.27,82.58,297286.8
199.4,mission_cruise,72.78376876042246,2500.0,43.60811561978877,4089.0,891.7,831.6,837.6,827.6,194.8,192.2,195.1,196.1,4.54,78.0,3.201,4084.6,894.5,833.5,836.5,826.5,194.2,191.8,195.3,196.3,4.53,78.0,3.232,-1.2,0.957,1,injector_clog,1,0.27,82.55,297185.9
199.5,mission_cruise,72.78265703168427,2500.0,43.60867148415787,4081.8,894.3,833.4,836.2,825.7,193.7,191.7,195.8,196.9,4.52,77.5,3.158,4084.6,894.5,833.5,836.5,826.5,194.2,191.8,195.3,196.3,4.53,78.0,3.232,-1.2,0.957,1,injector_clog,1,0.27,82.52,297085.0
199.6,mission_cruise,72.78154530294609,2500.0,43.60922734852696,4079.4,894.2,832.5,836.2,825.3,194.7,192.6,195.4,196.3,4.56,77.6,3.224,4084.5,894.5,833.5,836.5,826.5,194.2,191.8,195.3,196.3,4.53,78.0,3.232,-1.2,0.957,1,injector_clog,1,0.27,82.5,296984.1
199.7,mission_cruise,72.78043357420789,2500.0,43.609783212896055,4094.7,896.6,831.7,833.3,827.8,194.1,191.2,195.9,197.6,4.5,77.9,3.254,4084.5,894.4,833.4,836.4,826.4,194.2,191.8,195.3,196.3,4.53,78.0,3.232,-1.2,0.957,1,injector_clog,1,0.27,82.47,296883.2
199.8,mission_cruise,72.77932184546971,2500.0,43.610339077265145,4090.8,892.8,833.0,839.2,826.2,194.4,191.6,195.5,196.5,4.53,77.2,3.28,4084.5,894.4,833.4,836.4,826.4,194.2,191.8,195.3,196.3,4.53,78.0,3.232,-1.2,0.957,1,injector_clog,1,0.27,82.44,296782.3
199.9,mission_cruise,72.77821011673151,2500.0,43.61089494163424,4096.3,895.7,832.9,836.0,828.0,193.9,192.1,195.1,196.3,4.55,78.1,3.21,4084.4,894.4,833.4,836.4,826.4,194.2,191.8,195.3,196.3,4.53,78.0,3.232,-1.2,0.957,1,injector_clog,1,0.27,82.41,296681.4
200.0,mission_cruise,72.77709838799333,2500.0,43.61145080600333,4095.6,893.7,832.7,837.0,826.4,193.7,192.1,195.0,196.8,4.57,78.7,3.208,4084.4,894.4,833.4,836.4,826.4,194.2,191.8,195.3,196.3,4.53,78.0,3.232,-1.2,0.957,1,injector_clog,1,0.27,82.38,296580.5
200.1,mission_cruise,72.77598665925514,2500.0,43.61200667037243,4087.2,896.1,831.7,837.2,824.9,193.6,192.1,195.3,197.1,4.53,78.0,3.232,4084.4,894.4,833.4,836.4,826.4,194.2,191.8,195.3,196.3,4.53,78.0,3.232,-1.2,0.957,1,injector_clog,1,0.27,82.36,296479.6
200.2,mission_cruise,72.77487493051696,2500.0,43.61256253474152,4079.0,893.5,834.3,833.5,826.2,194.2,192.0,195.4,195.5,4.55,77.8,3.231,4084.3,894.4,833.4,836.4,826.4,194.2,191.8,195.3,196.3,4.53,78.0,3.232,-1.2,0.957,1,injector_clog,1,0.27,82.33,296378.7
200.3,mission_cruise,72.77376320177876,2500.0,43.61311839911062,4087.8,894.3,833.9,839.2,826.9,193.1,191.9,195.7,197.4,4.51,77.4,3.236,4084.3,894.4,833.4,836.4,826.4,194.2,191.8,195.3,196.3,4.53,78.0,3.232,-1.2,0.957,1,injector_clog,1,0.27,82.3,296277.8
200.4,mission_cruise,72.77265147304058,2500.0,43.61367426347971,4081.8,895.2,835.3,836.3,825.4,193.6,191.8,195.7,197.5,4.55,77.8,3.284,4084.3,894.4,833.4,836.4,826.4,194.2,191.8,195.3,196.3,4.53,78.0,3.232,-1.2,0.957,1,injector_clog,1,0.27,82.27,296176.9
200.5,mission_cruise,72.77153974430239,2500.0,43.614230127848806,4090.2,896.6,834.3,836.3,825.2,193.5,191.3,194.6,196.9,4.55,78.1,3.187,4084.2,894.4,833.4,836.4,826.4,194.2,191.8,195.3,196.3,4.53,78.0,3.232,-1.2,0.957,1,injector_clog,1,0.27,82.24,296076.0
200.6,mission_cruise,72.7704280155642,2500.0,43.6147859922179,4085.0,897.9,832.5,835.9,825.2,194.6,191.6,195.5,196.1,4.52,78.0,3.282,4084.2,894.4,833.4,836.4,826.4,194.2,191.8,195.3,196.3,4.53,78.0,3.232,-1.2,0.957,1,injector_clog,1,0.27,82.22,295975.1
200.7,mission_cruise,72.76931628682601,2500.0,43.615341856586994,4080.5,895.5,832.2,836.8,826.9,195.1,193.1,194.9,196.8,4.52,78.9,3.192,4084.2,894.4,833.4,836.4,826.4,194.2,191.8,195.3,196.3,4.53,78.0,3.232,-1.2,0.957,1,injector_clog,1,0.27,82.19,295874.2
200.8,mission_cruise,72.76820455808783,2500.0,43.615897720956085,4089.5,895.8,831.1,835.0,826.7,194.2,191.7,196.0,195.6,4.56,77.9,3.248,4084.1,894.4,833.4,836.4,826.4,194.2,191.8,195.3,196.3,4.53,78.0,3.232,-1.2,0.957,1,injector_clog,1,0.27,82.16,295773.3
200.9,mission_cruise,72.76709282934964,2500.0,43.61645358532518,4082.8,894.5,834.1,834.5,826.3,194.7,191.9,195.0,196.8,4.56,78.1,3.241,4084.1,894.4,833.4,836.4,826.4,194.2,191.8,195.3,196.3,4.53,78.0,3.231,-1.2,0.957,1,injector_clog,1,0.27,82.13,295672.4
201.0,mission_cruise,72.76598110061146,2500.0,43.61700944969427,4085.1,894.5,833.8,838.1,826.5,194.9,190.8,195.8,196.4,4.54,78.2,3.249,4084.1,894.4,833.4,836.4,826.4,194.2,191.8,195.3,196.3,4.53,78.0,3.231,-1.2,0.957,1,injector_clog,1,0.27,82.1,295571.5
201.1,mission_cruise,72.76486937187326,2500.0,43.61756531406337,4092.2,895.9,835.6,834.5,826.8,194.2,192.0,194.3,196.8,4.54,77.7,3.179,4084.0,894.4,833.4,836.4,826.4,194.2,191.7,195.2,196.2,4.53,78.0,3.231,-1.2,0.957,1,injector_clog,1,0.27,82.08,295470.6
201.2,mission_cruise,72.76375764313508,2500.0,43.61812117843246,4093.4,895.6,834.3,837.9,826.1,193.1,191.3,196.0,195.5,4.53,78.0,3.192,4084.0,894.4,833.4,836.4,826.4,194.2,191.7,195.2,196.2,4.53,78.0,3.231,-1.2,0.957,1,injector_clog,1,0.27,82.05,295369.7
201.3,mission_cruise,72.76264591439688,2500.0,43.61867704280156,4076.5,894.7,831.1,836.2,824.4,193.5,191.5,193.5,196.9,4.54,78.1,3.221,4084.0,894.4,833.4,836.4,826.4,194.2,191.7,195.2,196.2,4.53,78.0,3.231,-1.2,0.957,1,injector_clog,1,0.27,82.02,295268.8
201.4,mission_cruise,72.7615341856587,2500.0,43.61923290717065,4075.4,893.8,832.1,836.2,827.7,194.3,191.6,194.9,197.0,4.54,78.1,3.215,4083.9,894.4,833.4,836.4,826.4,194.2,191.7,195.2,196.2,4.53,78.0,3.231,-1.2,0.957,1,injector_clog,1,0.27,81.99,295167.9
201.5,mission_cruise,72.76042245692051,2500.0,43.619788771539746,4076.6,894.9,832.8,837.8,824.4,193.9,190.7,194.0,196.6,4.53,78.6,3.203,4083.9,894.4,833.4,836.4,826.4,194.2,191.7,195.2,196.2,4.53,78.0,3.231,-1.2,0.957,1,injector_clog,1,0.27,81.96,295067.0
201.6,mission_cruise,72.75931072818233,2500.0,43.620344635908836,4072.9,895.7,831.5,836.1,826.6,194.9,193.3,195.3,196.0,4.53,78.1,3.26,4083.9,894.4,833.4,836.4,826.4,194.2,191.7,195.2,196.2,4.53,78.0,3.231,-1.2,0.957,1,injector_clog,1,0.27,81.94,294966.1
201.7,mission_cruise,72.75819899944413,2500.0,43.62090050027793,4088.9,896.9,832.2,835.6,828.9,194.5,191.6,193.7,195.5,4.53,78.3,3.24,4083.8,894.4,833.4,836.4,826.4,194.2,191.7,195.2,196.2,4.53,78.0,3.231,-1.2,0.957,1,injector_clog,1,0.27,81.91,294865.2
201.8,mission_cruise,72.75708727070595,2500.0,43.621456364647024,4088.0,894.4,832.1,837.7,825.0,194.4,193.1,195.2,195.8,4.49,78.2,3.258,4083.8,894.4,833.4,836.4,826.4,194.2,191.7,195.2,196.2,4.53,78.0,3.231,-1.2,0.957,1,injector_clog,1,0.27,81.88,294764.3
201.9,mission_cruise,72.75597554196776,2500.0,43.62201222901612,4081.1,894.3,830.0,836.8,825.4,194.8,192.1,195.6,195.4,4.51,78.0,3.232,4083.8,894.4,833.4,836.4,826.4,194.2,191.7,195.2,196.2,4.53,78.0,3.231,-1.2,0.957,1,injector_clog,1,0.27,81.85,294663.4
202.0,mission_cruise,72.75486381322958,2500.0,43.62256809338521,4088.6,895.2,834.0,836.6,825.7,194.3,191.1,195.0,195.6,4.52,77.4,3.222,4083.7,894.4,833.4,836.4,826.4,194.2,191.7,195.2,196.2,4.53,78.0,3.231,-1.2,0.957,1,injector_clog,1,0.27,81.82,294562.5
202.1,mission_cruise,72.75375208449138,2500.0,43.62312395775431,4079.8,892.8,832.6,838.0,827.7,193.5,191.1,195.3,196.4,4.59,77.4,3.249,4083.7,894.4,833.4,836.4,826.4,194.2,191.7,195.2,196.2,4.53,78.0,3.231,-1.2,0.957,1,injector_clog,1,0.27,81.79,294461.6
202.2,mission_cruise,72.7526403557532,2500.0,43.6236798221234,4079.5,893.8,835.0,835.5,824.9,194.8,191.2,196.8,196.1,4.52,78.3,3.237,4083.7,894.4,833.4,836.4,826.4,194.2,191.7,195.2,196.2,4.53,78.0,3.231,-1.2,0.957,1,injector_clog,1,0.27,81.77,294360.7
202.3,mission_cruise,72.751528627015,2500.0,43.6242356864925,4089.8,894.4,830.7,835.6,826.2,194.9,191.5,195.0,196.0,4.47,77.7,3.242,4083.6,894.4,833.4,836.4,826.4,194.2,191.7,195.2,196.2,4.53,78.0,3.231,-1.2,0.957,1,injector_clog,1,0.27,81.74,294259.8
202.4,mission_cruise,72.75041689827682,2500.0,43.62479155086159,4079.8,892.7,831.8,835.3,825.9,193.7,190.7,196.8,195.9,4.57,77.7,3.217,4083.6,894.4,833.4,836.4,826.4,194.2,191.7,195.2,196.2,4.53,78.0,3.231,-1.2,0.957,1,injector_clog,1,0.27,81.71,294158.9
202.5,mission_cruise,72.74930516953863,2500.0,43.625347415230685,4077.5,894.6,833.9,838.3,826.8,194.0,190.1,195.8,196.2,4.57,78.0,3.218,4083.5,894.4,833.4,836.4,826.4,194.2,191.7,195.2,196.2,4.53,78.0,3.231,-1.2,0.957,1,injector_clog,1,0.27,81.68,294058.0
202.6,mission_cruise,72.74819344080045,2500.0,43.625903279599775,4085.6,893.8,833.7,835.9,827.8,194.8,191.0,194.0,195.5,4.53,78.1,3.222,4083.5,894.4,833.4,836.4,826.4,194.2,191.7,195.2,196.2,4.53,78.0,3.231,-1.2,0.957,1,injector_clog,1,0.27,81.65,293957.1
202.7,mission_cruise,72.74708171206225,2500.0,43.62645914396887,4082.9,896.9,834.5,837.2,828.0,194.5,192.9,196.8,195.7,4.52,77.5,3.262,4083.5,894.4,833.4,836.4,826.4,194.2,191.7,195.2,196.2,4.53,78.0,3.231,-1.2,0.957,1,injector_clog,1,0.27,81.63,293856.2
202.8,mission_cruise,72.74596998332407,2500.0,43.62701500833796,4091.8,892.7,831.0,836.3,825.4,195.3,191.4,195.4,196.3,4.56,78.3,3.274,4083.4,894.4,833.4,836.4,826.4,194.2,191.7,195.2,196.2,4.53,78.0,3.231,-1.2,0.957,1,injector_clog,1,0.27,81.6,293755.3
202.9,mission_cruise,72.74485825458588,2500.0,43.62757087270706,4070.6,894.0,832.4,835.0,825.4,193.8,191.1,194.6,197.1,4.52,78.3,3.244,4083.4,894.4,833.4,836.4,826.4,194.2,191.7,195.2,196.2,4.53,78.0,3.231,-1.2,0.957,1,injector_clog,1,0.27,81.57,293654.4
203.0,mission_cruise,72.7437465258477,2500.0,43.62812673707615,4084.5,893.7,833.5,837.4,825.5,193.7,192.8,195.8,196.2,4.55,78.2,3.24,4083.4,894.4,833.4,836.4,826.4,194.2,191.7,195.2,196.2,4.53,78.0,3.231,-1.2,0.957,1,injector_clog,1,0.27,81.54,293553.5
203.1,mission_cruise,72.7426347971095,2500.0,43.62868260144525,4085.0,892.7,834.0,838.7,827.5,194.3,191.3,194.5,196.1,4.52,77.9,3.202,4083.3,894.4,833.4,836.4,826.4,194.2,191.7,195.2,196.2,4.53,78.0,3.231,-1.2,0.957,1,injector_clog,1,0.27,81.51,293452.6
203.2,mission_cruise,72.74152306837132,2500.0,43.62923846581434,4085.5,892.8,832.8,838.2,825.8,193.5,192.3,195.6,196.2,4.54,77.0,3.245,4083.3,894.4,833.4,836.4,826.4,194.2,191.7,195.2,196.2,4.53,78.0,3.231,-1.2,0.957,1,injector_clog,1,0.27,81.49,293351.7
203.3,mission_cruise,72.74041133963313,2500.0,43.62979433018344,4086.0,893.0,830.5,837.3,827.3,194.6,191.5,195.2,195.4,4.52,78.8,3.271,4083.3,894.4,833.4,836.4,826.4,194.2,191.7,195.2,196.2,4.53,78.0,3.23,-1.2,0.957,1,injector_clog,1,0.27,81.46,293250.8
203.4,mission_cruise,72.73929961089495,2500.0,43.63035019455253,4084.6,895.2,832.4,838.6,825.4,194.7,192.2,194.8,197.0,4.5,77.7,3.261,4083.2,894.4,833.4,836.4,826.4,194.2,191.7,195.2,196.2,4.53,78.0,3.23,-1.2,0.957,1,injector_clog,1,0.27,81.43,293149.9
203.5,mission_cruise,72.73818788215675,2500.0,43.630906058921624,4081.6,896.4,835.0,835.9,828.3,193.1,191.7,195.0,196.1,4.53,77.6,3.227,4083.2,894.4,833.4,836.4,826.4,194.2,191.7,195.2,196.2,4.53,78.0,3.23,-1.2,0.957,1,injector_clog,1,0.27,81.4,293049.0
203.6,mission_cruise,72.73707615341857,2500.0,43.631461923290715,4076.8,894.0,833.6,835.5,827.2,193.7,192.0,194.9,196.9,4.54,78.5,3.193,4083.2,894.4,833.4,836.4,826.4,194.2,191.7,195.2,196.2,4.53,78.0,3.23,-1.2,0.957,1,injector_clog,1,0.27,81.37,292948.1
203.7,mission_cruise,72.73596442468038,2500.0,43.63201778765981,4075.5,893.7,835.3,836.7,825.5,193.0,191.3,195.3,196.6,4.53,78.8,3.191,4083.1,894.4,833.4,836.4,826.4,194.2,191.7,195.2,196.2,4.53,78.0,3.23,-1.2,0.957,1,injector_clog,1,0.27,81.35,292847.2
203.8,mission_cruise,72.7348526959422,2500.0,43.6325736520289,4079.2,892.5,832.3,837.7,829.7,193.7,191.6,195.9,196.4,4.53,78.3,3.223,4083.1,894.4,833.4,836.4,826.4,194.2,191.7,195.2,196.2,4.53,78.0,3.23,-1.2,0.957,1,injector_clog,1,0.27,81.32,292746.3
203.9,mission_cruise,72.733740967204,2500.0,43.633129516398,4086.4,895.3,832.8,836.4,825.1,195.1,192.1,195.7,195.7,4.54,79.1,3.192,4083.1,894.4,833.4,836.4,826.4,194.2,191.7,195.2,196.2,4.53,78.0,3.23,-1.2,0.957,1,injector_clog,1,0.27,81.29,292645.4
204.0,mission_cruise,72.73262923846582,2500.0,43.63368538076709,4083.5,894.1,834.4,837.2,828.0,194.6,191.5,194.8,196.1,4.54,78.2,3.227,4083.0,894.4,833.4,836.4,826.4,194.2,191.7,195.2,196.2,4.53,78.0,3.23,-1.2,0.957,1,injector_clog,1,0.27,81.26,292544.5
204.1,mission_cruise,72.73151750972762,2500.0,43.63424124513619,4083.6,894.0,832.0,835.1,826.8,193.9,190.8,195.6,196.6,4.59,77.9,3.192,4083.0,894.4,833.4,836.4,826.4,194.2,191.7,195.2,196.2,4.53,78.0,3.23,-1.2,0.957,1,injector_clog,1,0.27,81.23,292443.6
204.2,mission_cruise,72.73040578098944,2500.0,43.63479710950528,4089.1,893.1,833.1,835.1,825.8,193.4,192.4,195.5,195.3,4.54,78.1,3.221,4083.0,894.4,833.4,836.4,826.4,194.2,191.7,195.2,196.2,4.53,78.0,3.23,-1.2,0.957,1,injector_clog,1,0.27,81.21,292342.7
204.3,mission_cruise,72.72929405225125,2500.0,43.635352973874376,4085.3,894.4,833.9,838.6,826.6,194.5,191.6,195.3,196.5,4.48,78.1,3.235,4082.9,894.4,833.4,836.4,826.4,194.2,191.7,195.2,196.2,4.53,78.0,3.23,-1.2,0.957,1,injector_clog,1,0.27,81.18,292241.8
204.4,mission_cruise,72.72818232351307,2500.0,43.635908838243466,4079.4,894.9,832.8,835.2,825.2,195.1,192.1,196.0,196.6,4.59,77.7,3.27,4082.9,894.4,833.4,836.4,826.4,194.2,191.7,195.2,196.2,4.53,78.0,3.23,-1.2,0.957,1,injector_clog,1,0.27,81.15,292140.9
204.5,mission_cruise,72.72707059477487,2500.0,43.636464702612564,4081.7,895.6,833.3,836.8,827.9,194.9,190.7,194.4,195.6,4.52,77.8,3.258,4082.9,894.4,833.4,836.4,826.4,194.2,191.7,195.2,196.2,4.53,78.0,3.23,-1.2,0.957,1,injector_clog,1,0.27,81.12,292040.0
204.6,mission_cruise,72.72595886603669,2500.0,43.637020566981654,4088.6,893.4,833.5,838.3,827.1,195.1,192.4,194.6,196.6,4.53,77.4,3.275,4082.8,894.4,833.4,836.4,826.4,194.2,191.7,195.2,196.2,4.53,78.0,3.23,-1.2,0.957,1,injector_clog,1,0.27,81.09,291939.1
204.7,mission_cruise,72.7248471372985,2500.0,43.63757643135075,4087.0,896.6,831.5,836.4,824.7,194.0,191.3,195.9,196.2,4.54,77.6,3.231,4082.8,894.4,833.4,836.4,826.4,194.2,191.7,195.2,196.2,4.53,78.0,3.23,-1.2,0.957,1,injector_clog,1,0.27,81.07,291838.2
204.8,mission_cruise,72.72373540856032,2500.0,43.63813229571984,4075.3,892.7,832.3,832.9,827.1,194.9,192.5,194.8,196.6,4.52,78.3,3.256,4082.8,894.4,833.4,836.4,826.4,194.2,191.7,195.2,196.2,4.53,78.0,3.23,-1.2,0.957,1,injector_clog,1,0.27,81.04,291737.3
204.9,mission_cruise,72.72262367982212,2500.0,43.63868816008894,4087.3,894.6,833.8,837.5,824.5,194.1,192.0,195.4,195.4,4.51,77.9,3.247,4082.7,894.3,833.3,836.3,826.3,194.2,191.7,195.2,196.2,4.53,78.0,3.23,-1.2,0.957,1,injector_clog,1,0.27,81.01,291636.4
205.0,mission_cruise,72.72151195108394,2500.0,43.63924402445803,4082.6,894.8,836.2,838.7,826.9,194.1,192.4,195.6,195.8,4.55,78.0,3.244,4082.7,894.3,833.3,836.3,826.3,194.2,191.7,195.2,196.2,4.53,78.0,3.23,-1.2,0.957,1,injector_clog,1,0.27,80.98,291535.5
205.1,mission_cruise,72.72040022234575,2500.0,43.63979988882713,4081.2,894.4,833.0,835.1,827.1,194.1,191.0,194.7,195.7,4.53,78.1,3.211,4082.7,894.3,833.3,836.3,826.3,194.2,191.7,195.2,196.2,4.53,78.0,3.23,-1.2,0.957,1,injector_clog,1,0.27,80.95,291434.6
205.2,mission_cruise,72.71928849360756,2500.0,43.64035575319622,4082.6,894.0,833.4,837.5,824.4,193.9,191.9,195.9,197.1,4.54,77.7,3.181,4082.6,894.3,833.3,836.3,826.3,194.2,191.7,195.2,196.2,4.53,78.0,3.23,-1.2,0.957,1,injector_clog,1,0.27,80.93,291333.7
205.3,mission_cruise,72.71817676486937,2500.0,43.640911617565315,4080.4,893.9,832.7,838.8,826.8,194.0,192.0,195.3,198.0,4.51,78.4,3.24,4082.6,894.3,833.3,836.3,826.3,194.2,191.7,195.2,196.2,4.53,78.0,3.23,-1.2,0.957,1,injector_clog,1,0.27,80.9,291232.8
205.4,mission_cruise,72.71706503613119,2500.0,43.641467481934406,4086.4,893.8,831.0,837.6,825.1,193.2,192.3,194.8,195.8,4.51,77.9,3.255,4082.6,894.3,833.3,836.3,826.3,194.2,191.7,195.2,196.2,4.53,78.0,3.23,-1.2,0.957,1,injector_clog,1,0.27,80.87,291131.9
205.5,mission_cruise,72.715953307393,2500.0,43.6420233463035,4085.9,894.1,831.1,837.5,828.8,195.0,191.1,195.1,195.9,4.54,78.1,3.27,4082.5,894.3,833.3,836.3,826.3,194.2,191.7,195.2,196.2,4.53,78.0,3.23,-1.2,0.957,1,injector_clog,1,0.27,80.84,291031.0
205.6,mission_cruise,72.71484157865481,2500.0,43.642579210672594,4089.0,894.4,834.0,833.4,827.6,193.8,192.3,195.0,196.1,4.56,77.7,3.207,4082.5,894.3,833.3,836.3,826.3,194.2,191.7,195.2,196.2,4.53,78.0,3.23,-1.2,0.957,1,injector_clog,1,0.27,80.81,290930.1
205.7,mission_cruise,72.71372984991662,2500.0,43.64313507504169,4082.6,893.1,833.5,834.7,825.5,193.8,192.2,195.8,195.6,4.5,78.0,3.258,4082.5,894.3,833.3,836.3,826.3,194.2,191.7,195.2,196.2,4.53,78.0,3.23,-1.2,0.957,1,injector_clog,1,0.27,80.79,290829.2
205.8,mission_cruise,72.71261812117844,2500.0,43.64369093941078,4077.1,893.7,832.8,837.8,828.4,195.0,192.3,194.7,196.0,4.51,78.5,3.215,4082.4,894.3,833.3,836.3,826.3,194.2,191.7,195.2,196.2,4.53,78.0,3.229,-1.2,0.957,1,injector_clog,1,0.27,80.76,290728.3
205.9,mission_cruise,72.71150639244024,2500.0,43.64424680377988,4081.3,895.5,834.0,834.8,827.3,193.6,191.8,194.7,195.9,4.52,77.5,3.226,4082.4,894.3,833.3,836.3,826.3,194.2,191.7,195.2,196.2,4.53,78.0,3.229,-1.2,0.957,1,injector_clog,1,0.27,80.73,290627.4
206.0,mission_cruise,72.71039466370206,2500.0,43.64480266814897,4071.1,895.1,831.1,837.0,825.3,195.2,192.0,194.1,196.3,4.52,77.9,3.177,4082.3,894.3,833.3,836.3,826.3,194.2,191.7,195.2,196.2,4.53,78.0,3.229,-1.2,0.957,1,injector_clog,1,0.27,80.7,290526.5
206.1,mission_cruise,72.70928293496387,2500.0,43.64535853251807,4079.9,893.3,832.2,834.8,826.5,194.5,191.5,194.6,195.9,4.56,78.4,3.179,4082.3,894.3,833.3,836.3,826.3,194.2,191.7,195.2,196.2,4.53,78.0,3.229,-1.2,0.957,1,injector_clog,1,0.27,80.67,290425.6
206.2,mission_cruise,72.70817120622569,2500.0,43.64591439688716,4085.7,896.1,834.4,836.4,827.9,193.6,192.6,194.7,197.5,4.5,78.0,3.113,4082.3,894.3,833.3,836.3,826.3,194.2,191.7,195.2,196.2,4.53,78.0,3.229,-1.2,0.957,1,injector_clog,1,0.27,80.65,290324.7
206.3,mission_cruise,72.70705947748749,2500.0,43.646470261256255,4082.6,894.9,832.7,834.8,826.4,194.6,191.7,194.7,196.2,4.51,78.6,3.18,4082.2,894.3,833.3,836.3,826.3,194.2,191.7,195.2,196.2,4.53,78.0,3.229,-1.2,0.957,1,injector_clog,1,0.27,80.62,290223.8
206.4,mission_cruise,72.70594774874931,2500.0,43.647026125625345,4078.3,896.4,832.8,838.3,825.3,193.7,192.1,196.6,196.6,4.56,77.7,3.235,4082.2,894.3,833.3,836.3,826.3,194.2,191.7,195.2,196.2,4.53,78.0,3.229,-1.2,0.957,1,injector_clog,1,0.27,80.59,290122.9
206.5,mission_cruise,72.70483602001111,2500.0,43.64758198999444,4087.5,893.8,833.9,836.4,826.5,194.7,192.0,195.4,196.0,4.52,78.3,3.194,4082.2,894.3,833.3,836.3,826.3,194.2,191.7,195.2,196.2,4.53,78.0,3.229,-1.2,0.957,1,injector_clog,1,0.27,80.56,290022.0
206.6,mission_cruise,72.70372429127293,2500.0,43.64813785436353,4079.7,895.3,834.2,834.7,824.1,194.1,189.9,195.1,197.1,4.54,77.3,3.253,4082.1,894.3,833.3,836.3,826.3,194.2,191.7,195.2,196.2,4.53,78.0,3.229,-1.2,0.957,1,injector_clog,1,0.27,80.53,289921.1
206.7,mission_cruise,72.70261256253474,2500.0,43.64869371873263,4091.5,894.0,833.7,836.5,826.2,194.6,191.5,195.5,196.1,4.5,77.9,3.209,4082.1,894.3,833.3,836.3,826.3,194.2,191.7,195.2,196.2,4.53,78.0,3.229,-1.2,0.957,1,injector_clog,1,0.27,80.51,289820.2
206.8,mission_cruise,72.70150083379656,2500.0,43.64924958310172,4077.1,895.3,832.2,837.2,825.3,193.3,192.1,195.6,195.7,4.49,77.5,3.188,4082.1,894.3,833.3,836.3,826.3,194.2,191.7,195.2,196.2,4.53,78.0,3.229,-1.2,0.957,1,injector_clog,1,0.27,80.48,289719.3
206.9,mission_cruise,72.70038910505836,2500.0,43.64980544747082,4081.8,896.2,833.7,837.3,826.4,194.8,192.1,193.4,196.3,4.54,77.9,3.209,4082.0,894.3,833.3,836.3,826.3,194.2,191.7,195.2,196.2,4.53,78.0,3.229,-1.2,0.957,1,injector_clog,1,0.27,80.45,289618.4
207.0,mission_cruise,72.69927737632018,2500.0,43.65036131183991,4087.0,893.2,833.4,836.4,825.4,194.8,191.2,195.3,194.9,4.52,77.9,3.218,4082.0,894.3,833.3,836.3,826.3,194.2,191.7,195.2,196.2,4.53,78.0,3.229,-1.2,0.957,1,injector_clog,1,0.27,80.42,289517.5
207.1,mission_cruise,72.69816564758199,2500.0,43.650917176209006,4077.9,893.5,834.9,837.6,826.5,193.8,192.2,195.5,196.1,4.54,78.3,3.192,4082.0,894.3,833.3,836.3,826.3,194.2,191.7,195.2,196.2,4.53,78.0,3.229,-1.2,0.957,1,injector_clog,1,0.27,80.39,289416.6
207.2,mission_cruise,72.6970539188438,2500.0,43.6514730405781,4090.8,895.0,833.5,836.6,824.4,194.9,192.3,194.5,195.6,4.54,78.1,3.223,4081.9,894.3,833.3,836.3,826.3,194.2,191.7,195.2,196.2,4.53,78.0,3.229,-1.2,0.957,1,injector_clog,1,0.27,80.37,289315.7
207.3,mission_cruise,72.69594219010561,2500.0,43.652028904947194,4081.9,894.3,832.0,835.9,826.2,194.3,192.9,194.6,196.7,4.51,77.8,3.182,4081.9,894.3,833.3,836.3,826.3,194.2,191.7,195.2,196.2,4.53,78.0,3.229,-1.2,0.957,1,injector_clog,1,0.27,80.34,289214.8
207.4,mission_cruise,72.69483046136743,2500.0,43.652584769316285,4079.5,893.9,835.8,836.7,826.0,195.1,191.8,194.9,195.5,4.52,78.0,3.147,4081.9,894.3,833.3,836.3,826.3,194.2,191.7,195.2,196.2,4.53,78.0,3.229,-1.2,0.957,1,injector_clog,1,0.27,80.31,289113.9
207.5,mission_cruise,72.69371873262924,2500.0,43.65314063368538,4082.4,893.0,833.2,837.9,826.8,194.1,191.8,195.9,196.2,4.53,77.7,3.179,4081.8,894.3,833.3,836.3,826.3,194.2,191.7,195.2,196.2,4.53,78.0,3.229,-1.2,0.957,1,injector_clog,1,0.27,80.28,289013.0
207.6,mission_cruise,72.69260700389106,2500.0,43.65369649805447,4075.7,895.9,833.1,838.0,825.9,194.5,192.1,194.8,197.2,4.57,77.9,3.242,4081.8,894.3,833.3,836.3,826.3,194.2,191.7,195.2,196.2,4.53,78.0,3.229,-1.2,0.957,1,injector_clog,1,0.27,80.25,288912.1
207.7,mission_cruise,72.69149527515286,2500.0,43.65425236242357,4072.9,895.6,835.0,837.8,828.5,195.5,192.2,195.7,196.2,4.54,77.5,3.195,4081.8,894.3,833.3,836.3,826.3,194.2,191.7,195.2,196.2,4.53,78.0,3.229,-1.2,0.957,1,injector_clog,1,0.27,80.23,288811.2
207.8,mission_cruise,72.69038354641468,2500.0,43.65480822679266,4084.5,895.6,834.4,836.7,825.7,194.5,192.1,195.2,196.6,4.53,78.3,3.196,4081.7,894.3,833.3,836.3,826.3,194.2,191.7,195.2,196.2,4.53,78.0,3.229,-1.2,0.957,1,injector_clog,1,0.27,80.2,288710.3
207.9,mission_cruise,72.68927181767648,2500.0,43.65536409116176,4084.4,894.2,831.6,834.6,825.9,193.0,191.0,197.1,196.0,4.48,78.2,3.201,4081.7,894.3,833.3,836.3,826.3,194.2,191.7,195.2,196.2,4.53,78.0,3.229,-1.2,0.957,1,injector_clog,1,0.27,80.17,288609.4
208.0,mission_cruise,72.6881600889383,2500.0,43.65591995553085,4067.3,895.5,833.0,836.6,827.8,194.4,191.9,195.0,196.2,4.54,78.4,3.237,4081.7,894.3,833.3,836.3,826.3,194.2,191.7,195.2,196.2,4.53,78.0,3.229,-1.2,0.957,1,injector_clog,1,0.27,80.14,288508.5
208.1,mission_cruise,72.68704836020011,2500.0,43.656475819899946,4082.5,892.5,832.3,836.4,822.9,193.8,192.1,194.5,195.6,4.52,78.2,3.231,4081.6,894.3,833.3,836.3,826.3,194.2,191.7,195.2,196.2,4.53,78.0,3.229,-1.2,0.957,1,injector_clog,1,0.27,80.11,288407.6
208.2,mission_cruise,72.68593663146193,2500.0,43.657031684269036,4091.5,893.0,830.4,837.1,827.0,194.3,193.3,194.9,195.7,4.53,77.5,3.181,4081.6,894.3,833.3,836.3,826.3,194.2,191.7,195.2,196.2,4.53,78.0,3.228,-1.2,0.957,1,injector_clog,1,0.27,80.09,288306.7
208.3,mission_cruise,72.68482490272373,2500.0,43.65758754863813,4092.4,893.0,833.4,837.3,826.2,193.6,191.7,194.2,196.0,4.51,77.4,3.213,4081.6,894.3,833.3,836.3,826.3,194.2,191.7,195.2,196.2,4.53,78.0,3.228,-1.2,0.957,1,injector_clog,1,0.27,80.06,288205.8
208.4,mission_cruise,72.68371317398555,2500.0,43.658143413007224,4078.6,895.4,833.3,837.8,828.0,194.2,191.9,194.5,194.9,4.55,78.3,3.22,4081.5,894.3,833.3,836.3,826.3,194.2,191.7,195.2,196.2,4.53,78.0,3.228,-1.2,0.957,1,injector_clog,1,0.27,80.03,288104.9
208.5,mission_cruise,72.68260144524736,2500.0,43.65869927737632,4074.6,895.0,832.6,836.5,825.1,194.3,191.9,195.1,196.1,4.52,77.9,3.25,4081.5,894.3,833.3,836.3,826.3,194.2,191.7,195.2,196.2,4.53,78.0,3.228,-1.2,0.957,1,injector_clog,1,0.27,80.0,288004.0
208.6,mission_cruise,72.68148971650918,2500.0,43.65925514174541,4084.4,896.7,836.6,836.8,826.3,193.7,192.2,195.5,196.3,4.52,78.6,3.247,4081.5,894.3,833.3,836.3,826.3,194.2,191.7,195.2,196.2,4.53,78.0,3.228,-1.2,0.957,1,injector_clog,1,0.27,79.97,287903.1
208.7,mission_cruise,72.68037798777098,2500.0,43.65981100611451,4082.5,893.1,832.8,837.7,826.6,194.7,191.5,195.7,196.0,4.52,78.0,3.247,4081.4,894.3,833.3,836.3,826.3,194.2,191.7,195.2,196.2,4.53,78.0,3.228,-1.2,0.957,1,injector_clog,1,0.27,79.95,287802.2
208.8,mission_cruise,72.6792662590328,2500.0,43.6603668704836,4085.0,892.5,833.4,838.1,826.1,194.6,191.5,196.1,195.8,4.51,78.7,3.247,4081.4,894.3,833.3,836.3,826.3,194.2,191.7,195.2,196.2,4.53,78.0,3.228,-1.2,0.957,1,injector_clog,1,0.27,79.92,287701.3
208.9,mission_cruise,72.6781545302946,2500.0,43.6609227348527,4093.7,893.9,834.4,835.6,824.9,193.3,192.0,196.2,197.0,4.52,78.2,3.203,4081.4,894.3,833.3,836.3,826.3,194.2,191.7,195.2,196.2,4.53,78.0,3.228,-1.2,0.957,1,injector_clog,1,0.27,79.89,287600.4
209.0,mission_cruise,72.67704280155642,2500.0,43.66147859922179,4086.4,896.6,833.9,836.1,824.0,194.3,191.4,196.4,196.1,4.51,77.4,3.222,4081.3,894.3,833.3,836.3,826.3,194.2,191.7,195.2,196.2,4.53,78.0,3.228,-1.2,0.957,1,injector_clog,1,0.27,79.86,287499.5
209.1,mission_cruise,72.67593107281823,2500.0,43.662034463590885,4082.4,895.7,832.9,836.7,824.6,193.6,192.4,195.8,196.4,4.55,78.7,3.19,4081.3,894.3,833.3,836.3,826.3,194.2,191.7,195.2,196.2,4.53,78.0,3.228,-1.2,0.957,1,injector_clog,1,0.27,79.83,287398.6
209.2,mission_cruise,72.67481934408005,2500.0,43.662590327959975,4077.7,892.7,830.0,835.5,825.8,194.0,191.6,195.0,195.4,4.53,78.5,3.259,4081.3,894.3,833.3,836.3,826.3,194.2,191.7,195.2,196.2,4.53,78.0,3.228,-1.2,0.957,1,injector_clog,1,0.27,79.8,287297.7
209.3,mission_cruise,72.67370761534185,2500.0,43.66314619232907,4081.6,896.6,833.0,837.5,827.1,195.2,191.7,195.1,196.2,4.55,77.8,3.244,4081.2,894.3,833.3,836.3,826.3,194.2,191.7,195.2,196.2,4.53,78.0,3.228,-1.2,0.957,1,injector_clog,1,0.27,79.78,287196.8
209.4,mission_cruise,72.67259588660367,2500.0,43.66370205669816,4087.1,893.1,834.1,836.1,824.9,193.9,191.1,195.0,196.7,4.48,77.5,3.233,4081.2,894.3,833.3,836.3,826.3,194.2,191.7,195.2,196.2,4.53,78.0,3.228,-1.2,0.957,1,injector_clog,1,0.27,79.75,287095.9
209.5,mission_cruise,72.67148415786548,2500.0,43.66425792106726,4074.1,893.1,831.8,835.6,826.1,194.1,191.9,196.1,195.9,4.53,77.8,3.204,4081.1,894.3,833.3,836.3,826.3,194.2,191.7,195.2,196.2,4.53,78.0,3.228,-1.2,0.957,1,injector_clog,1,0.27,79.72,286995.0
209.6,mission_cruise,72.6703724291273,2500.0,43.66481378543635,4070.6,893.4,831.6,835.0,824.8,194.4,190.9,195.0,196.3,4.54,77.5,3.249,4081.1,894.3,833.3,836.3,826.3,194.2,191.7,195.2,196.2,4.53,78.0,3.228,-1.2,0.957,1,injector_clog,1,0.27,79.69,286894.1
209.7,mission_cruise,72.6692607003891,2500.0,43.66536964980545,4071.6,894.8,832.0,836.4,826.1,194.2,191.5,195.7,196.6,4.52,77.6,3.222,4081.1,894.3,833.3,836.3,826.3,194.2,191.7,195.2,196.2,4.53,78.0,3.228,-1.2,0.957,1,injector_clog,1,0.27,79.66,286793.2
209.8,mission_cruise,72.66814897165092,2500.0,43.66592551417454,4078.6,894.3,834.7,837.3,824.4,194.5,191.5,195.0,197.0,4.51,78.4,3.153,4081.0,894.3,833.3,836.3,826.3,194.2,191.7,195.2,196.2,4.53,78.0,3.228,-1.2,0.957,1,injector_clog,1,0.27,79.64,286692.3
209.9,mission_cruise,72.66703724291273,2500.0,43.66648137854364,4085.5,895.7,833.4,837.9,825.2,194.9,192.3,196.4,196.1,4.52,78.4,3.181,4081.0,894.3,833.3,836.3,826.3,194.2,191.7,195.2,196.2,4.53,78.0,3.228,-1.2,0.957,1,injector_clog,1,0.27,79.61,286591.4
210.0,mission_cruise,72.66592551417455,2500.0,43.66703724291273,4087.8,893.7,832.9,835.8,824.7,193.8,191.4,194.9,197.3,4.53,77.7,3.201,4081.0,894.2,833.2,836.2,826.2,194.2,191.7,195.2,196.2,4.53,78.0,3.228,-1.2,0.957,1,injector_clog,1,0.27,79.58,286490.5
210.1,mission_cruise,72.66481378543635,2500.0,43.667593107281824,4079.0,894.4,832.0,839.6,828.1,193.9,191.1,195.9,197.6,4.49,78.0,3.223,4080.9,894.2,833.2,836.2,826.2,194.2,191.7,195.2,196.2,4.53,78.0,3.228,-1.2,0.957,1,injector_clog,1,0.27,79.55,286389.6
210.2,mission_cruise,72.66370205669817,2500.0,43.668148971650915,4080.3,893.6,831.0,835.4,826.2,195.0,191.6,195.2,196.4,4.53,77.8,3.17,4080.9,894.2,833.2,836.2,826.2,194.2,191.7,195.2,196.2,4.53,78.0,3.228,-1.2,0.957,1,injector_clog,1,0.27,79.52,286288.7
210.3,mission_cruise,72.66259032795998,2500.0,43.66870483602001,4076.3,893.7,835.8,837.8,826.3,193.8,192.0,194.5,195.9,4.56,77.1,3.189,4080.9,894.2,833.2,836.2,826.2,194.2,191.7,195.2,196.2,4.53,78.0,3.228,-1.2,0.957,1,injector_clog,1,0.27,79.5,286187.8
210.4,mission_cruise,72.6614785992218,2500.0,43.6692607003891,4080.3,893.0,831.6,835.4,823.0,194.8,191.7,197.0,196.3,4.54,77.6,3.23,4080.8,894.2,833.2,836.2,826.2,194.2,191.7,195.2,196.2,4.53,78.0,3.228,-1.2,0.957,1,injector_clog,1,0.27,79.47,286086.9
210.5,mission_cruise,72.6603668704836,2500.0,43.6698165647582,4078.3,892.3,834.3,835.8,826.8,194.0,191.6,195.7,196.1,4.57,77.7,3.306,4080.8,894.2,833.2,836.2,826.2,194.2,191.7,195.2,196.2,4.53,78.0,3.228,-1.2,0.957,1,injector_clog,1,0.27,79.44,285986.0
210.6,mission_cruise,72.65925514174542,2500.0,43.67037242912729,4088.8,892.6,834.8,836.3,827.7,195.5,191.3,195.2,197.0,4.55,77.9,3.211,4080.8,894.2,833.2,836.2,826.2,194.2,191.7,195.2,196.2,4.53,78.0,3.228,-1.2,0.957,1,injector_clog,1,0.27,79.41,285885.1
210.7,mission_cruise,72.65814341300722,2500.0,43.67092829349639,4087.5,895.2,834.5,835.6,827.2,193.6,190.9,195.1,195.7,4.53,77.4,3.237,4080.7,894.2,833.2,836.2,826.2,194.2,191.7,195.2,196.2,4.53,78.0,3.227,-1.2,0.957,1,injector_clog,1,0.27,79.38,285784.2
210.8,mission_cruise,72.65703168426904,2500.0,43.67148415786548,4077.8,894.2,832.7,836.9,826.9,193.3,190.3,196.2,196.1,4.52,78.4,3.207,4080.7,894.2,833.2,836.2,826.2,194.2,191.7,195.2,196.2,4.53,78.0,3.227,-1.2,0.957,1,injector_clog,1,0.27,79.36,285683.3
210.9,mission_cruise,72.65591995553085,2500.0,43.672040022234576,4086.5,893.4,833.6,836.2,824.9,194.3,191.5,195.0,195.6,4.54,78.2,3.212,4080.7,894.2,833.2,836.2,826.2,194.2,191.7,195.2,196.2,4.53,78.0,3.227,-1.2,0.957,1,injector_clog,1,0.27,79.33,285582.4
211.0,mission_cruise,72.65480822679267,2500.0,43.672595886603666,4093.1,892.7,833.6,837.7,824.9,195.1,191.9,195.5,196.1,4.58,78.5,3.196,4080.6,894.2,833.2,836.2,826.2,194.2,191.7,195.2,196.2,4.53,78.0,3.227,-1.2,0.957,1,injector_clog,1,0.27,79.3,285481.5
211.1,mission_cruise,72.65369649805447,2500.0,43.673151750972764,4073.6,893.3,832.5,834.7,824.8,193.6,191.5,195.0,196.4,4.54,77.8,3.254,4080.6,894.2,833.2,836.2,826.2,194.2,191.7,195.2,196.2,4.53,78.0,3.227,-1.2,0.957,1,injector_clog,1,0.27,79.27,285380.6
211.2,mission_cruise,72.65258476931629,2500.0,43.673707615341854,4084.6,894.9,833.4,836.9,827.5,195.1,191.6,195.2,195.1,4.52,78.6,3.215,4080.6,894.2,833.2,836.2,826.2,194.2,191.7,195.2,196.2,4.53,78.0,3.227,-1.2,0.957,1,injector_clog,1,0.27,79.24,285279.7
211.3,mission_cruise,72.6514730405781,2500.0,43.67426347971095,4079.4,895.1,832.8,836.1,826.7,194.0,191.9,195.7,196.7,4.54,77.9,3.176,4080.5,894.2,833.2,836.2,826.2,194.2,191.7,195.2,196.2,4.53,78.0,3.227,-1.2,0.957,1,injector_clog,1,0.27,79.22,285178.8
211.4,mission_cruise,72.65036131183992,2500.0,43.67481934408004,4090.5,896.5,833.3,836.3,825.3,194.2,191.2,194.8,197.1,4.48,78.4,3.24,4080.5,894.2,833.2,836.2,826.2,194.2,191.7,195.2,196.2,4.53,78.0,3.227,-1.2,0.957,1,injector_clog,1,0.27,79.19,285077.9
211.5,mission_cruise,72.64924958310172,2500.0,43.67537520844914,4088.7,893.8,832.7,835.7,826.0,194.6,192.5,195.0,196.0,4.5,77.5,3.219,4080.5,894.2,833.2,836.2,826.2,194.2,191.7,195.2,196.2,4.53,78.0,3.227,-1.2,0.957,1,injector_clog,1,0.27,79.16,284977.0
211.6,mission_cruise,72.64813785436354,2500.0,43.67593107281823,4073.9,893.7,831.3,833.7,824.2,194.6,193.3,195.4,196.2,4.53,77.8,3.238,4080.4,894.2,833.2,836.2,826.2,194.2,191.7,195.2,196.2,4.53,78.0,3.227,-1.2,0.957,1,injector_clog,1,0.27,79.13,284876.1
211.7,mission_cruise,72.64702612562535,2500.0,43.67648693718733,4080.1,892.6,832.7,837.5,825.6,193.7,191.6,195.8,195.6,4.58,78.5,3.19,4080.4,894.2,833.2,836.2,826.2,194.2,191.7,195.2,196.2,4.53,78.0,3.227,-1.2,0.957,1,injector_clog,1,0.27,79.1,284775.2
211.8,mission_cruise,72.64591439688716,2500.0,43.67704280155642,4091.8,896.6,831.3,836.2,825.8,193.3,192.2,195.6,196.3,4.55,77.2,3.201,4080.4,894.2,833.2,836.2,826.2,194.2,191.7,195.2,196.2,4.53,78.0,3.227,-1.2,0.957,1,injector_clog,1,0.27,79.08,284674.3
211.9,mission_cruise,72.64480266814897,2500.0,43.677598665925515,4089.0,895.9,830.1,836.4,827.9,194.7,191.1,195.4,196.9,4.54,77.5,3.235,4080.3,894.2,833.2,836.2,826.2,194.2,191.7,195.2,196.2,4.53,78.0,3.227,-1.2,0.957,1,injector_clog,1,0.27,79.05,284573.4
212.0,mission_cruise,72.64369093941079,2500.0,43.678154530294606,4084.1,890.7,833.6,836.3,824.7,194.6,192.0,196.8,196.8,4.55,78.5,3.233,4080.3,894.2,833.2,836.2,826.2,194.2,191.7,195.2,196.2,4.53,78.0,3.227,-1.2,0.957,1,injector_clog,1,0.27,79.02,284472.5
212.1,mission_cruise,72.6425792106726,2500.0,43.6787103946637,4076.1,895.4,831.0,836.1,825.0,194.3,191.7,195.5,197.0,4.53,77.9,3.201,4080.3,894.2,833.2,836.2,826.2,194.2,191.7,195.2,196.2,4.53,78.0,3.227,-1.2,0.957,1,injector_clog,1,0.27,78.99,284371.6
212.2,mission_cruise,72.64146748193441,2500.0,43.679266259032794,4071.1,895.0,834.5,838.6,824.7,195.1,191.1,194.7,196.6,4.51,77.8,3.226,4080.2,894.2,833.2,836.2,826.2,194.2,191.7,195.2,196.2,4.53,78.0,3.227,-1.2,0.957,1,injector_clog,1,0.27,78.96,284270.7
212.3,mission_cruise,72.64035575319622,2500.0,43.67982212340189,4075.6,895.0,832.1,834.2,825.8,194.9,191.3,194.6,197.4,4.51,78.0,3.203,4080.2,894.2,833.2,836.2,826.2,194.2,191.7,195.2,196.2,4.53,78.0,3.227,-1.2,0.957,1,injector_clog,1,0.27,78.94,284169.8
212.4,mission_cruise,72.63924402445804,2500.0,43.68037798777098,4080.3,892.9,833.2,835.9,830.9,193.5,191.3,193.8,196.6,4.53,77.3,3.225,4080.2,894.2,833.2,836.2,826.2,194.2,191.7,195.2,196.2,4.53,78.0,3.227,-1.2,0.957,1,injector_clog,1,0.27,78.91,284068.9
212.5,mission_cruise,72.63813229571984,2500.0,43.68093385214008,4069.1,893.7,829.6,834.0,823.9,194.7,192.8,194.5,196.4,4.48,77.1,3.215,4080.1,894.2,833.2,836.2,826.2,194.2,191.7,195.2,196.2,4.53,78.0,3.227,-1.2,0.957,1,injector_clog,1,0.27,78.88,283968.0
212.6,mission_cruise,72.63702056698166,2500.0,43.68148971650917,4075.6,893.6,834.0,836.4,827.2,194.1,191.7,196.0,196.4,4.52,77.5,3.265,4080.1,894.2,833.2,836.2,826.2,194.2,191.7,195.2,196.2,4.53,78.0,3.227,-1.2,0.957,1,injector_clog,1,0.27,78.85,283867.1
212.7,mission_cruise,72.63590883824347,2500.0,43.68204558087827,4079.5,892.4,833.1,836.4,826.7,193.6,191.0,194.2,196.6,4.51,78.5,3.228,4080.1,894.2,833.2,836.2,826.2,194.2,191.7,195.2,196.2,4.53,78.0,3.227,-1.2,0.957,1,injector_clog,1,0.27,78.82,283766.2
212.8,mission_cruise,72.63479710950529,2500.0,43.68260144524736,4076.6,895.4,833.1,836.8,827.8,193.5,191.3,195.1,196.6,4.56,77.8,3.239,4080.0,894.2,833.2,836.2,826.2,194.2,191.7,195.2,196.2,4.53,78.0,3.227,-1.2,0.957,1,injector_clog,1,0.27,78.8,283665.3
212.9,mission_cruise,72.63368538076709,2500.0,43.683157309616455,4077.4,892.9,832.3,835.9,826.7,195.2,191.9,194.5,196.7,4.53,78.4,3.224,4080.0,894.2,833.2,836.2,826.2,194.2,191.7,195.2,196.2,4.53,78.0,3.227,-1.2,0.957,1,injector_clog,1,0.27,78.77,283564.4
213.0,mission_cruise,72.63257365202891,2500.0,43.683713173985545,4076.9,893.8,833.3,836.1,828.1,194.6,191.2,195.7,196.1,4.55,77.9,3.223,4079.9,894.2,833.2,836.2,826.2,194.2,191.7,195.2,196.2,4.53,78.0,3.227,-1.2,0.957,1,injector_clog,1,0.27,78.74,283463.5
213.1,mission_cruise,72.63146192329071,2500.0,43.68426903835464,4079.2,894.2,833.3,837.2,825.6,194.2,191.1,195.3,196.6,4.55,77.8,3.221,4079.9,894.2,833.2,836.2,826.2,194.2,191.7,195.2,196.2,4.53,78.0,3.226,-1.2,0.957,1,injector_clog,1,0.27,78.71,283362.6
213.2,mission_cruise,72.63035019455253,2500.0,43.68482490272373,4087.8,894.8,833.1,836.4,826.5,194.8,191.9,194.6,196.4,4.52,78.9,3.214,4079.9,894.2,833.2,836.2,826.2,194.2,191.7,195.2,196.2,4.53,78.0,3.226,-1.2,0.957,1,injector_clog,1,0.27,78.68,283261.7
213.3,mission_cruise,72.62923846581434,2500.0,43.68538076709283,4075.7,893.8,833.4,834.4,824.5,194.6,191.8,195.4,196.0,4.53,78.3,3.252,4079.8,894.2,833.2,836.2,826.2,194.2,191.7,195.2,196.2,4.53,78.0,3.226,-1.2,0.957,1,injector_clog,1,0.27,78.66,283160.8
213.4,mission_cruise,72.62812673707616,2500.0,43.68593663146192,4075.4,892.9,832.1,835.0,825.9,194.4,191.9,196.3,195.8,4.52,77.3,3.235,4079.8,894.2,833.2,836.2,826.2,194.2,191.7,195.2,196.2,4.53,78.0,3.226,-1.2,0.957,1,injector_clog,1,0.27,78.63,283059.9
213.5,mission_cruise,72.62701500833796,2500.0,43.68649249583102,4077.5,894.5,831.7,835.7,825.2,194.8,191.4,195.2,196.2,4.54,77.6,3.258,4079.8,894.2,833.2,836.2,826.2,194.2,191.7,195.2,196.2,4.53,78.0,3.226,-1.2,0.957,1,injector_clog,1,0.27,78.6,282959.0
213.6,mission_cruise,72.62590327959978,2500.0,43.68704836020011,4071.8,896.0,832.2,836.0,826.4,193.8,191.1,195.0,195.5,4.56,77.9,3.221,4079.7,894.2,833.2,836.2,826.2,194.2,191.7,195.2,196.2,4.53,78.0,3.226,-1.2,0.957,1,injector_clog,1,0.27,78.57,282858.1
213.7,mission_cruise,72.62479155086159,2500.0,43.687604224569206,4078.5,893.0,833.6,838.7,825.5,193.8,191.8,195.7,196.2,4.56,79.0,3.208,4079.7,894.2,833.2,836.2,826.2,194.2,191.7,195.2,196.2,4.53,78.0,3.226,-1.2,0.957,1,injector_clog,1,0.27,78.54,282757.2
213.8,mission_cruise,72.6236798221234,2500.0,43.6881600889383,4081.0,895.6,832.6,835.2,826.2,193.8,191.9,195.5,196.3,4.51,78.3,3.224,4079.7,894.2,833.2,836.2,826.2,194.2,191.7,195.2,196.2,4.53,78.0,3.226,-1.2,0.957,1,injector_clog,1,0.27,78.52,282656.3
213.9,mission_cruise,72.62256809338521,2500.0,43.688715953307394,4078.9,891.8,836.4,837.6,826.2,194.2,191.7,195.4,197.2,4.56,77.3,3.226,4079.6,894.2,833.2,836.2,826.2,194.2,191.7,195.2,196.2,4.53,78.0,3.226,-1.2,0.957,1,injector_clog,1,0.27,78.49,282555.4
214.0,mission_cruise,72.62145636464703,2500.0,43.689271817676484,4075.6,893.6,833.8,836.5,827.4,194.7,191.3,195.0,195.4,4.53,78.7,3.173,4079.6,894.2,833.2,836.2,826.2,194.2,191.7,195.2,196.2,4.53,78.0,3.226,-1.2,0.957,1,injector_clog,1,0.27,78.46,282454.5
214.1,mission_cruise,72.62034463590884,2500.0,43.68982768204558,4070.3,894.8,834.1,837.1,826.1,194.9,191.5,195.4,195.7,4.56,77.2,3.219,4079.6,894.2,833.2,836.2,826.2,194.2,191.7,195.2,196.2,4.53,78.0,3.226,-1.2,0.957,1,injector_clog,1,0.27,78.43,282353.6
214.2,mission_cruise,72.61923290717066,2500.0,43.69038354641467,4078.7,895.3,831.8,837.0,825.0,194.9,191.6,195.5,196.4,4.51,77.9,3.209,4079.5,894.2,833.2,836.2,826.2,194.2,191.7,195.2,196.2,4.53,78.0,3.226,-1.2,0.957,1,injector_clog,1,0.27,78.4,282252.7
214.3,mission_cruise,72.61812117843246,2500.0,43.69093941078377,4085.2,893.5,834.4,838.5,827.0,194.5,191.5,194.7,196.2,4.55,78.0,3.205,4079.5,894.2,833.2,836.2,826.2,194.2,191.7,195.2,196.2,4.53,78.0,3.226,-1.2,0.957,1,injector_clog,1,0.27,78.38,282151.8
214.4,mission_cruise,72.61700944969428,2500.0,43.69149527515286,4087.3,894.1,833.3,834.8,825.5,194.9,191.4,195.2,196.5,4.53,77.7,3.222,4079.5,894.2,833.2,836.2,826.2,194.2,191.7,195.2,196.2,4.53,78.0,3.226,-1.2,0.957,1,injector_clog,1,0.27,78.35,282050.9
214.5,mission_cruise,72.61589772095608,2500.0,43.69205113952196,4082.3,892.8,833.1,837.2,826.2,194.8,192.4,194.7,195.8,4.56,78.0,3.206,4079.4,894.2,833.2,836.2,826.2,194.2,191.7,195.2,196.2,4.53,78.0,3.226,-1.2,0.957,1,injector_clog,1,0.27,78.32,281950.0
214.6,mission_cruise,72.6147859922179,2500.0,43.69260700389105,4066.1,894.6,831.9,835.5,824.5,193.9,191.2,194.9,196.2,4.52,77.5,3.223,4079.4,894.2,833.2,836.2,826.2,194.2,191.7,195.2,196.2,4.53,78.0,3.226,-1.2,0.957,1,injector_clog,1,0.27,78.29,281849.1
214.7,mission_cruise,72.61367426347971,2500.0,43.693162868260146,4073.1,892.1,829.0,839.0,823.9,193.8,191.3,194.5,196.6,4.53,77.9,3.254,4079.4,894.2,833.2,836.2,826.2,194.2,191.7,195.2,196.2,4.53,78.0,3.226,-1.2,0.957,1,injector_clog,1,0.27,78.26,281748.2
214.8,mission_cruise,72.61256253474153,2500.0,43.693718732629236,4074.0,896.3,833.3,835.7,825.5,194.4,191.2,194.6,196.9,4.52,78.4,3.247,4079.3,894.2,833.2,836.2,826.2,194.2,191.7,195.2,196.2,4.53,78.0,3.226,-1.2,0.957,1,injector_clog,1,0.27,78.24,281647.3
214.9,mission_cruise,72.61145080600333,2500.0,43.69427459699833,4083.7,895.6,832.9,837.0,825.1,194.2,192.1,195.3,196.7,4.53,77.5,3.194,4079.3,894.2,833.2,836.2,826.2,194.2,191.7,195.2,196.2,4.53,78.0,3.226,-1.2,0.957,1,injector_clog,1,0.27,78.21,281546.4
215.0,mission_cruise,72.61033907726515,2500.0,43.694830461367424,4080.2,891.1,831.4,834.3,826.2,192.7,192.5,194.7,195.4,4.56,78.5,3.199,4079.3,894.2,833.2,836.2,826.2,194.2,191.7,195.2,196.2,4.53,78.0,3.226,-1.2,0.957,1,injector_clog,1,0.27,78.18,281445.5
215.1,mission_cruise,72.60922734852696,2500.0,43.69538632573652,4079.4,894.2,834.9,836.3,824.3,195.8,191.8,194.8,196.8,4.53,78.3,3.251,4079.2,894.2,833.2,836.2,826.2,194.2,191.7,195.2,196.2,4.53,78.0,3.226,-1.2,0.957,1,injector_clog,1,0.27,78.15,281344.6
215.2,mission_cruise,72.60811561978878,2500.0,43.69594219010561,4079.8,891.0,833.4,837.8,828.3,193.7,192.8,195.6,196.4,4.53,77.8,3.252,4079.2,894.1,833.1,836.1,826.1,194.2,191.7,195.2,196.2,4.53,78.0,3.226,-1.2,0.957,1,injector_clog,1,0.27,78.12,281243.7
215.3,mission_cruise,72.60700389105058,2500.0,43.69649805447471,4081.1,893.4,832.8,835.3,828.0,193.7,192.0,194.1,196.7,4.49,78.9,3.228,4079.2,894.1,833.1,836.1,826.1,194.2,191.7,195.2,196.2,4.53,78.0,3.226,-1.2,0.957,1,injector_clog,1,0.27,78.1,281142.8
215.4,mission_cruise,72.6058921623124,2500.0,43.6970539188438,4077.3,892.3,834.3,840.2,824.9,194.7,191.6,195.9,196.4,4.53,77.8,3.233,4079.1,894.1,833.1,836.1,826.1,194.2,191.7,195.2,196.2,4.53,78.0,3.226,-1.2,0.957,1,injector_clog,1,0.27,78.07,281041.9
215.5,mission_cruise,72.6047804335742,2500.0,43.6976097832129,4084.3,895.5,834.1,835.6,828.6,194.6,192.3,194.7,195.0,4.56,78.9,3.217,4079.1,894.1,833.1,836.1,826.1,194.2,191.7,195.2,196.2,4.53,78.0,3.225,-1.2,0.957,1,injector_clog,1,0.27,78.04,280941.0
215.6,mission_cruise,72.60366870483602,2500.0,43.69816564758199,4081.9,892.7,833.3,838.4,827.7,194.1,193.4,195.3,196.6,4.53,77.5,3.164,4079.1,894.1,833.1,836.1,826.1,194.2,191.7,195.2,196.2,4.53,78.0,3.225,-1.2,0.957,1,injector_clog,1,0.27,78.01,280840.1
215.7,mission_cruise,72.60255697609783,2500.0,43.698721511951085,4080.1,894.8,832.8,835.9,825.3,193.8,191.3,195.5,195.9,4.57,78.2,3.221,4079.0,894.1,833.1,836.1,826.1,194.2,191.7,195.2,196.2,4.53,78.0,3.225,-1.2,0.957,1,injector_clog,1,0.27,77.98,280739.2
215.8,mission_cruise,72.60144524735965,2500.0,43.699277376320175,4070.1,894.8,832.7,835.5,827.7,193.5,193.1,194.3,196.8,4.54,78.0,3.221,4079.0,894.1,833.1,836.1,826.1,194.2,191.7,195.2,196.2,4.53,78.0,3.225,-1.2,0.957,1,injector_clog,1,0.27,77.96,280638.3
215.9,mission_cruise,72.60033351862145,2500.0,43.69983324068927,4087.1,893.0,831.6,834.0,826.2,195.0,191.6,196.5,195.7,4.53,77.6,3.214,4079.0,894.1,833.1,836.1,826.1,194.2,191.7,195.2,196.2,4.53,78.0,3.225,-1.2,0.957,1,injector_clog,1,0.27,77.93,280537.4
216.0,mission_cruise,72.59922178988327,2500.0,43.70038910505836,4074.0,894.2,834.8,835.3,827.6,194.4,191.3,194.5,196.7,4.53,77.9,3.231,4078.9,894.1,833.1,836.1,826.1,194.2,191.7,195.2,196.2,4.53,78.0,3.225,-1.2,0.957,1,injector_clog,1,0.27,77.9,280436.5
216.1,mission_cruise,72.59811006114508,2500.0,43.70094496942746,4073.9,894.1,834.9,834.5,824.7,194.1,191.5,195.5,196.2,4.5,78.4,3.226,4078.9,894.1,833.1,836.1,826.1,194.2,191.7,195.2,196.2,4.53,78.0,3.225,-1.2,0.957,1,injector_clog,1,0.27,77.87,280335.6
216.2,mission_cruise,72.5969983324069,2500.0,43.70150083379655,4074.1,890.4,835.5,838.2,825.2,193.6,192.0,195.0,197.4,4.5,78.1,3.267,4078.9,894.1,833.1,836.1,826.1,194.2,191.7,195.2,196.2,4.53,78.0,3.225,-1.2,0.957,1,injector_clog,1,0.27,77.84,280234.7
216.3,mission_cruise,72.5958866036687,2500.0,43.70205669816565,4080.7,896.3,832.4,836.3,825.7,193.1,192.7,195.4,196.7,4.53,78.5,3.264,4078.8,894.1,833.1,836.1,826.1,194.2,191.7,195.2,196.2,4.53,78.0,3.225,-1.2,0.957,1,injector_clog,1,0.27,77.81,280133.8
216.4,mission_cruise,72.59477487493052,2500.0,43.70261256253474,4072.8,894.3,836.2,838.5,825.2,194.3,192.1,194.6,195.9,4.54,77.4,3.235,4078.8,894.1,833.1,836.1,826.1,194.2,191.7,195.2,196.2,4.53,78.0,3.225,-1.2,0.957,1,injector_clog,1,0.27,77.79,280032.9
216.5,mission_cruise,72.59366314619233,2500.0,43.70316842690384,4067.9,891.6,833.9,833.3,826.8,194.0,191.7,196.1,196.0,4.55,78.3,3.242,4078.7,894.1,833.1,836.1,826.1,194.2,191.7,195.2,196.2,4.53,78.0,3.225,-1.2,0.957,1,injector_clog,1,0.27,77.76,279932.0
216.6,mission_cruise,72.59255141745415,2500.0,43.70372429127293,4075.8,894.7,831.7,838.2,827.0,193.2,192.5,195.5,196.0,4.58,78.2,3.217,4078.7,894.1,833.1,836.1,826.1,194.2,191.7,195.2,196.2,4.53,78.0,3.225,-1.2,0.957,1,injector_clog,1,0.27,77.73,279831.1
216.7,mission_cruise,72.59143968871595,2500.0,43.704280155642024,4087.7,891.9,833.4,835.5,825.9,193.9,192.4,195.6,195.7,4.56,77.4,3.213,4078.7,894.1,833.1,836.1,826.1,194.2,191.7,195.2,196.2,4.53,78.0,3.225,-1.2,0.957,1,injector_clog,1,0.27,77.7,279730.2
216.8,mission_cruise,72.59032795997777,2500.0,43.704836020011115,4074.1,892.9,831.0,835.1,828.2,194.5,191.4,194.5,196.4,4.56,78.6,3.209,4078.6,894.1,833.1,836.1,826.1,194.2,191.7,195.2,196.2,4.53,78.0,3.225,-1.2,0.957,1,injector_clog,1,0.27,77.67,279629.3
216.9,mission_cruise,72.58921623123958,2500.0,43.70539188438021,4079.9,894.1,834.9,833.8,825.4,194.4,190.9,195.4,195.8,4.51,78.1,3.263,4078.6,894.1,833.1,836.1,826.1,194.2,191.7,195.2,196.2,4.53,78.0,3.225,-1.2,0.957,1,injector_clog,1,0.27,77.65,279528.4
217.0,mission_cruise,72.5881045025014,2500.0,43.7059477487493,4082.8,894.2,832.3,834.5,825.3,195.0,192.2,195.3,197.0,4.53,77.9,3.196,4078.6,894.1,833.1,836.1,826.1,194.2,191.7,195.2,196.2,4.53,78.0,3.225,-1.2,0.957,1,injector_clog,1,0.27,77.62,279427.5
217.1,mission_cruise,72.5869927737632,2500.0,43.7065036131184,4070.6,894.1,834.0,833.8,824.4,193.6,191.7,195.7,195.8,4.54,78.4,3.186,4078.5,894.1,833.1,836.1,826.1,194.2,191.7,195.2,196.2,4.53,78.0,3.225,-1.2,0.957,1,injector_clog,1,0.27,77.59,279326.6
217.2,mission_cruise,72.58588104502502,2500.0,43.70705947748749,4078.1,894.8,831.2,837.0,827.8,194.6,191.7,194.4,196.3,4.53,77.3,3.249,4078.5,894.1,833.1,836.1,826.1,194.2,191.7,195.2,196.2,4.53,78.0,3.225,-1.2,0.957,1,injector_clog,1,0.27,77.56,279225.7
217.3,mission_cruise,72.58476931628682,2500.0,43.70761534185659,4087.0,893.6,831.7,835.1,826.1,194.6,191.0,194.4,195.8,4.58,78.3,3.241,4078.5,894.1,833.1,836.1,826.1,194.2,191.7,195.2,196.2,4.53,78.0,3.225,-1.2,0.957,1,injector_clog,1,0.27,77.53,279124.8
217.4,mission_cruise,72.58365758754864,2500.0,43.70817120622568,4089.5,894.6,831.3,834.2,826.9,193.9,191.5,195.2,195.2,4.52,78.3,3.239,4078.4,894.1,833.1,836.1,826.1,194.2,191.7,195.2,196.2,4.53,78.0,3.225,-1.2,0.957,1,injector_clog,1,0.27,77.51,279023.9
217.5,mission_cruise,72.58254585881045,2500.0,43.708727070594776,4092.4,897.4,834.1,835.5,826.7,192.3,191.4,195.4,197.2,4.55,78.4,3.259,4078.4,894.1,833.1,836.1,826.1,194.2,191.7,195.2,196.2,4.53,78.0,3.225,-1.2,0.957,1,injector_clog,1,0.27,77.48,278923.0
217.6,mission_cruise,72.58143413007227,2500.0,43.709282934963866,4083.9,890.8,833.7,836.6,825.1,193.3,192.2,195.1,195.3,4.56,77.8,3.247,4078.4,894.1,833.1,836.1,826.1,194.2,191.7,195.2,196.2,4.53,78.0,3.225,-1.2,0.957,1,injector_clog,1,0.27,77.45,278822.1
217.7,mission_cruise,72.58032240133407,2500.0,43.709838799332964,4079.7,894.7,831.7,838.3,823.3,194.8,190.8,195.7,196.0,4.55,77.8,3.193,4078.3,894.1,833.1,836.1,826.1,194.2,191.6,195.1,196.1,4.53,78.0,3.225,-1.2,0.957,1,injector_clog,1,0.27,77.42,278721.2
217.8,mission_cruise,72.57921067259589,2500.0,43.710394663702054,4089.2,892.4,833.0,834.7,825.8,193.5,191.2,195.5,196.0,4.56,78.0,3.208,4078.3,894.1,833.1,836.1,826.1,194.2,191.6,195.1,196.1,4.53,78.0,3.225,-1.2,0.957,1,injector_clog,1,0.27,77.39,278620.3
217.9,mission_cruise,72.5780989438577,2500.0,43.71095052807115,4064.7,895.4,830.2,835.8,825.6,195.2,191.5,195.1,196.0,4.51,77.9,3.217,4078.3,894.1,833.1,836.1,826.1,194.2,191.6,195.1,196.1,4.53,78.0,3.225,-1.2,0.957,1,injector_clog,1,0.27,77.37,278519.4
218.0,mission_cruise,72.57698721511952,2500.0,43.71150639244024,4077.8,894.1,833.4,838.5,828.2,193.4,190.5,196.3,196.5,4.53,77.8,3.234,4078.2,894.1,833.1,836.1,826.1,194.2,191.6,195.1,196.1,4.53,78.0,3.224,-1.2,0.957,1,injector_clog,1,0.27,77.34,278418.5
218.1,mission_cruise,72.57587548638132,2500.0,43.71206225680934,4079.4,893.9,832.5,836.7,824.5,193.8,191.6,196.0,195.4,4.52,77.9,3.205,4078.2,894.1,833.1,836.1,826.1,194.2,191.6,195.1,196.1,4.53,78.0,3.224,-1.2,0.957,1,injector_clog,1,0.27,77.31,278317.6
218.2,mission_cruise,72.57476375764314,2500.0,43.71261812117843,4068.9,893.2,832.5,833.7,825.7,193.5,191.2,196.1,196.3,4.52,77.7,3.232,4078.2,894.1,833.1,836.1,826.1,194.2,191.6,195.1,196.1,4.53,78.0,3.224,-1.2,0.957,1,injector_clog,1,0.27,77.28,278216.7
218.3,mission_cruise,72.57365202890495,2500.0,43.71317398554753,4081.7,895.4,835.0,836.9,826.8,195.3,191.6,195.1,196.0,4.57,78.5,3.231,4078.1,894.1,833.1,836.1,826.1,194.2,191.6,195.1,196.1,4.53,78.0,3.224,-1.2,0.957,1,injector_clog,1,0.27,77.25,278115.8
218.4,mission_cruise,72.57254030016676,2500.0,43.71372984991662,4085.1,894.3,832.6,834.3,825.5,193.1,192.2,195.3,196.6,4.51,77.9,3.209,4078.1,894.1,833.1,836.1,826.1,194.2,191.6,195.1,196.1,4.53,78.0,3.224,-1.2,0.957,1,injector_clog,1,0.27,77.23,278014.9
218.5,mission_cruise,72.57142857142857,2500.0,43.714285714285715,4087.0,893.1,832.9,835.9,827.0,194.5,192.2,195.2,196.1,4.53,78.5,3.25,4078.1,894.1,833.1,836.1,826.1,194.2,191.6,195.1,196.1,4.53,78.0,3.224,-1.2,0.957,1,injector_clog,1,0.27,77.2,277914.0
218.6,mission_cruise,72.57031684269039,2500.0,43.714841578654806,4087.2,893.6,834.2,835.9,824.7,193.8,191.7,196.5,195.8,4.54,78.3,3.25,4078.0,894.1,833.1,836.1,826.1,194.2,191.6,195.1,196.1,4.53,78.0,3.224,-1.2,0.957,1,injector_clog,1,0.27,77.17,277813.1
218.7,mission_cruise,72.5692051139522,2500.0,43.7153974430239,4078.7,894.7,832.9,837.5,827.4,194.7,191.0,195.4,195.7,4.62,76.4,3.204,4078.0,894.1,833.1,836.1,826.1,194.2,191.6,195.1,196.1,4.53,78.0,3.224,-1.2,0.957,1,injector_clog,1,0.27,77.14,277712.2
218.8,mission_cruise,72.56809338521401,2500.0,43.715953307392994,4075.6,893.1,832.8,834.9,826.8,194.4,192.4,194.2,196.0,4.56,77.5,3.238,4078.0,894.1,833.1,836.1,826.1,194.2,191.6,195.1,196.1,4.53,78.0,3.224,-1.2,0.957,1,injector_clog,1,0.27,77.11,277611.3
218.9,mission_cruise,72.56698165647582,2500.0,43.71650917176209,4076.1,895.7,833.0,834.4,825.2,193.4,191.6,195.5,196.0,4.51,77.9,3.213,4077.9,894.1,833.1,836.1,826.1,194.2,191.6,195.1,196.1,4.53,78.0,3.224,-1.2,0.957,1,injector_clog,1,0.27,77.09,277510.4
219.0,mission_cruise,72.56586992773764,2500.0,43.71706503613118,4076.5,892.7,832.0,838.1,826.0,194.0,191.5,195.2,195.7,4.47,78.1,3.191,4077.9,894.1,833.1,836.1,826.1,194.2,191.6,195.1,196.1,4.53,78.0,3.224,-1.2,0.957,1,injector_clog,1,0.27,77.06,277409.5
219.1,mission_cruise,72.56475819899944,2500.0,43.71762090050028,4082.3,892.6,832.7,838.0,824.2,193.7,191.6,196.1,196.0,4.49,78.4,3.218,4077.9,894.1,833.1,836.1,826.1,194.2,191.6,195.1,196.1,4.53,78.0,3.224,-1.2,0.957,1,injector_clog,1,0.27,77.03,277308.6
219.2,mission_cruise,72.56364647026126,2500.0,43.71817676486937,4083.1,893.9,832.9,834.7,822.7,194.5,191.6,194.5,196.4,4.51,78.4,3.23,4077.8,894.1,833.1,836.1,826.1,194.2,191.6,195.1,196.1,4.53,78.0,3.224,-1.2,0.957,1,injector_clog,1,0.27,77.0,277207.7
219.3,mission_cruise,72.56253474152307,2500.0,43.71873262923847,4077.8,896.5,833.9,835.7,824.5,194.4,191.0,195.6,195.8,4.57,77.4,3.206,4077.8,894.1,833.1,836.1,826.1,194.2,191.6,195.1,196.1,4.53,78.0,3.224,-1.2,0.957,1,injector_clog,1,0.27,76.97,277106.8
219.4,mission_cruise,72.56142301278489,2500.0,43.71928849360756,4068.3,893.3,834.3,835.3,825.1,194.2,191.6,196.6,196.9,4.53,78.8,3.254,4077.8,894.1,833.1,836.1,826.1,194.2,191.6,195.1,196.1,4.53,78.0,3.224,-1.2,0.957,1,injector_clog,1,0.27,76.95,277005.9
219.5,mission_cruise,72.56031128404669,2500.0,43.719844357976655,4062.6,894.3,833.5,836.1,827.0,193.9,190.7,195.7,195.6,4.57,78.8,3.241,4077.7,894.1,833.1,836.1,826.1,194.2,191.6,195.1,196.1,4.53,78.0,3.224,-1.2,0.957,1,injector_clog,1,0.27,76.92,276905.0
219.6,mission_cruise,72.55919955530851,2500.0,43.720400222345745,4080.6,892.9,833.6,835.4,826.1,194.5,190.4,195.1,196.4,4.49,78.0,3.247,4077.7,894.1,833.1,836.1,826.1,194.2,191.6,195.1,196.1,4.53,78.0,3.224,-1.2,0.957,1,injector_clog,1,0.27,76.89,276804.1
219.7,mission_cruise,72.55808782657031,2500.0,43.72095608671484,4077.6,894.1,833.5,837.9,826.5,195.2,191.0,194.1,195.9,4.54,77.6,3.176,4077.6,894.1,833.1,836.1,826.1,194.2,191.6,195.1,196.1,4.53,78.0,3.224,-1.2,0.957,1,injector_clog,1,0.27,76.86,276703.2
219.8,mission_cruise,72.55697609783213,2500.0,43.72151195108393,4077.6,898.0,831.4,837.5,824.7,194.8,192.4,194.3,196.0,4.55,76.7,3.195,4077.6,894.1,833.1,836.1,826.1,194.2,191.6,195.1,196.1,4.53,78.0,3.224,-1.2,0.957,1,injector_clog,1,0.27,76.83,276602.3
219.9,mission_cruise,72.55586436909394,2500.0,43.72206781545303,4079.8,894.4,832.5,835.5,825.0,194.5,191.0,195.8,196.8,4.53,78.3,3.226,4077.6,894.1,833.1,836.1,826.1,194.2,191.6,195.1,196.1,4.53,78.0,3.224,-1.2,0.957,1,injector_clog,1,0.27,76.81,276501.4
220.0,mission_cruise,72.55475264035576,2500.0,43.72262367982212,4076.6,895.2,831.8,835.1,826.7,193.9,191.3,195.3,195.8,4.5,77.7,3.188,4077.5,894.1,833.1,836.1,826.1,194.2,191.6,195.1,196.1,4.53,78.0,3.224,-1.2,0.957,1,injector_clog,1,0.27,76.78,276400.5
220.1,mission_cruise,72.55364091161756,2500.0,43.72317954419122,4073.1,896.3,835.6,834.9,826.7,193.6,191.6,195.3,196.1,4.55,77.0,3.254,4077.5,894.1,833.1,836.1,826.1,194.2,191.6,195.1,196.1,4.53,78.0,3.224,-1.2,0.957,1,injector_clog,1,0.27,76.75,276299.6
220.2,mission_cruise,72.55252918287938,2500.0,43.72373540856031,4076.6,893.7,831.4,837.0,825.5,194.1,191.2,196.0,195.4,4.58,78.0,3.201,4077.5,894.1,833.1,836.1,826.1,194.2,191.6,195.1,196.1,4.53,78.0,3.224,-1.2,0.957,1,injector_clog,1,0.27,76.72,276198.7
220.3,mission_cruise,72.55141745414119,2500.0,43.724291272929406,4077.3,893.7,831.6,838.5,827.2,194.2,192.3,195.3,194.9,4.57,77.7,3.23,4077.4,894.1,833.1,836.1,826.1,194.2,191.6,195.1,196.1,4.53,78.0,3.224,-1.2,0.957,1,injector_clog,1,0.27,76.69,276097.8
220.4,mission_cruise,72.550305725403,2500.0,43.7248471372985,4078.5,892.5,834.8,834.9,825.2,194.8,192.5,195.1,196.7,4.49,78.2,3.219,4077.4,894.0,833.0,836.0,826.0,194.2,191.6,195.1,196.1,4.53,78.0,3.223,-1.2,0.957,1,injector_clog,1,0.27,76.67,275996.9
220.5,mission_cruise,72.54919399666481,2500.0,43.725403001667594,4079.8,894.4,833.3,837.6,825.7,193.6,190.8,195.2,197.2,4.52,78.7,3.206,4077.4,894.0,833.0,836.0,826.0,194.2,191.6,195.1,196.1,4.53,78.0,3.223,-1.2,0.957,1,injector_clog,1,0.27,76.64,275896.0
220.6,mission_cruise,72.54808226792663,2500.0,43.725958866036684,4080.1,895.5,832.7,837.5,827.6,194.4,190.7,195.6,196.8,4.56,78.4,3.273,4077.3,894.0,833.0,836.0,826.0,194.2,191.6,195.1,196.1,4.53,78.0,3.223,-1.2,0.957,1,injector_clog,1,0.27,76.61,275795.1
220.7,mission_cruise,72.54697053918844,2500.0,43.72651473040578,4079.4,895.0,830.9,837.8,826.4,193.9,191.6,194.7,195.9,4.53,78.0,3.208,4077.3,894.0,833.0,836.0,826.0,194.2,191.6,195.1,196.1,4.53,78.0,3.223,-1.2,0.957,1,injector_clog,1,0.27,76.58,275694.2
220.8,mission_cruise,72.54585881045026,2500.0,43.72707059477487,4079.9,895.5,834.6,835.3,826.1,193.3,191.9,194.8,195.2,4.52,77.5,3.224,4077.3,894.0,833.0,836.0,826.0,194.2,191.6,195.1,196.1,4.53,78.0,3.223,-1.2,0.957,1,injector_clog,1,0.27,76.55,275593.3
220.9,mission_cruise,72.54474708171206,2500.0,43.72762645914397,4075.3,894.0,832.8,834.2,825.0,194.6,192.1,195.6,197.3,4.53,78.2,3.229,4077.2,894.0,833.0,836.0,826.0,194.2,191.6,195.1,196.1,4.53,78.0,3.223,-1.2,0.957,1,injector_clog,1,0.27,76.53,275492.4
221.0,mission_cruise,72.54363535297388,2500.0,43.72818232351306,4085.4,891.7,832.8,835.6,828.2,194.1,191.3,194.7,195.7,4.5,77.7,3.229,4077.2,894.0,833.0,836.0,826.0,194.2,191.6,195.1,196.1,4.53,78.0,3.223,-1.2,0.957,1,injector_clog,1,0.27,76.5,275391.5
221.1,mission_cruise,72.54252362423568,2500.0,43.72873818788216,4076.1,894.4,833.5,835.0,826.6,195.7,192.3,194.5,196.0,4.55,78.4,3.178,4077.2,894.0,833.0,836.0,826.0,194.2,191.6,195.1,196.1,4.53,78.0,3.223,-1.2,0.957,1,injector_clog,1,0.27,76.47,275290.6
221.2,mission_cruise,72.5414118954975,2500.0,43.72929405225125,4078.4,894.5,833.5,837.4,827.1,194.8,190.9,194.2,196.1,4.49,77.2,3.214,4077.1,894.0,833.0,836.0,826.0,194.2,191.6,195.1,196.1,4.53,78.0,3.223,-1.2,0.957,1,injector_clog,1,0.27,76.44,275189.7
221.3,mission_cruise,72.54030016675931,2500.0,43.729849916620346,4086.2,893.2,833.1,836.2,826.8,193.6,191.0,196.0,196.5,4.52,78.7,3.214,4077.1,894.0,833.0,836.0,826.0,194.2,191.6,195.1,196.1,4.53,78.0,3.223,-1.2,0.957,1,injector_clog,1,0.27,76.41,275088.8
221.4,mission_cruise,72.53918843802113,2500.0,43.730405780989436,4073.0,894.8,828.8,834.7,825.4,194.0,191.6,194.2,195.7,4.53,78.6,3.163,4077.1,894.0,833.0,836.0,826.0,194.2,191.6,195.1,196.1,4.53,78.0,3.223,-1.2,0.957,1,injector_clog,1,0.27,76.39,274987.9
221.5,mission_cruise,72.53807670928293,2500.0,43.73096164535853,4076.2,894.0,835.8,834.7,827.9,193.3,191.6,195.4,195.9,4.52,78.0,3.236,4077.0,894.0,833.0,836.0,826.0,194.2,191.6,195.1,196.1,4.53,78.0,3.223,-1.2,0.957,1,injector_clog,1,0.27,76.36,274887.0
221.6,mission_cruise,72.53696498054475,2500.0,43.731517509727624,4082.6,892.2,833.4,836.1,826.0,193.1,191.9,195.6,195.6,4.52,77.8,3.222,4077.0,894.0,833.0,836.0,826.0,194.2,191.6,195.1,196.1,4.53,78.0,3.223,-1.2,0.957,1,injector_clog,1,0.27,76.33,274786.1
221.7,mission_cruise,72.53585325180656,2500.0,43.73207337409672,4070.0,895.4,832.1,834.7,827.0,192.8,191.3,195.6,196.6,4.55,78.0,3.234,4077.0,894.0,833.0,836.0,826.0,194.2,191.6,195.1,196.1,4.53,78.0,3.223,-1.2,0.957,1,injector_clog,1,0.27,76.3,274685.2
221.8,mission_cruise,72.53474152306838,2500.0,43.73262923846581,4081.5,896.1,833.9,835.7,826.2,194.1,192.0,195.6,196.0,4.53,77.8,3.177,4076.9,894.0,833.0,836.0,826.0,194.2,191.6,195.1,196.1,4.53,78.0,3.223,-1.2,0.957,1,injector_clog,1,0.27,76.27,274584.3
221.9,mission_cruise,72.53362979433018,2500.0,43.73318510283491,4085.4,894.7,833.6,838.3,824.2,194.4,191.6,195.0,195.1,4.58,78.8,3.262,4076.9,894.0,833.0,836.0,826.0,194.2,191.6,195.1,196.1,4.53,78.0,3.223,-1.2,0.957,1,injector_clog,1,0.27,76.25,274483.4
222.0,mission_cruise,72.532518065592,2500.0,43.733740967204,4063.9,895.0,832.1,835.7,825.2,193.4,190.8,194.9,197.0,4.5,78.0,3.278,4076.9,894.0,833.0,836.0,826.0,194.1,191.6,195.1,196.1,4.53,78.0,3.223,-1.2,0.957,1,injector_clog,1,0.27,76.22,274382.5
222.1,mission_cruise,72.5314063368538,2500.0,43.7342968315731,4075.8,893.1,831.6,836.3,827.9,194.6,191.2,195.2,196.4,4.5,77.8,3.146,4076.8,894.0,833.0,836.0,826.0,194.1,191.6,195.1,196.1,4.53,78.0,3.223,-1.2,0.957,1,injector_clog,1,0.27,76.19,274281.6
222.2,mission_cruise,72.53029460811563,2500.0,43.73485269594219,4083.2,892.6,833.4,835.9,826.0,194.0,191.8,194.8,196.9,4.56,78.2,3.154,4076.8,894.0,833.0,836.0,826.0,194.1,191.6,195.1,196.1,4.53,78.0,3.223,-1.2,0.957,1,injector_clog,1,0.27,76.16,274180.7
222.3,mission_cruise,72.52918287937743,2500.0,43.735408560311285,4086.1,892.5,832.2,836.2,828.6,194.7,191.7,194.5,196.0,4.49,78.2,3.208,4076.8,894.0,833.0,836.0,826.0,194.1,191.6,195.1,196.1,4.53,78.0,3.223,-1.2,0.957,1,injector_clog,1,0.27,76.13,274079.8
222.4,mission_cruise,72.52807115063925,2500.0,43.735964424680375,4075.4,893.6,833.0,837.2,825.9,194.2,191.4,195.4,196.3,4.49,78.7,3.23,4076.7,894.0,833.0,836.0,826.0,194.1,191.6,195.1,196.1,4.53,78.0,3.223,-1.2,0.957,1,injector_clog,1,0.27,76.11,273978.9
222.5,mission_cruise,72.52695942190105,2500.0,43.73652028904947,4071.9,894.4,833.3,836.3,826.7,193.4,192.3,195.4,196.8,4.52,77.8,3.238,4076.7,894.0,833.0,836.0,826.0,194.1,191.6,195.1,196.1,4.53,78.0,3.223,-1.2,0.957,1,injector_clog,1,0.27,76.08,273878.0
222.6,mission_cruise,72.52584769316287,2500.0,43.73707615341856,4067.8,896.2,835.0,835.2,827.6,193.1,191.6,194.6,196.4,4.54,77.6,3.186,4076.7,894.0,833.0,836.0,826.0,194.1,191.6,195.1,196.1,4.53,78.0,3.223,-1.2,0.957,1,injector_clog,1,0.27,76.05,273777.1
222.7,mission_cruise,72.52473596442468,2500.0,43.73763201778766,4078.5,893.7,833.0,834.4,826.9,194.2,191.9,196.2,196.7,4.55,78.1,3.212,4076.6,894.0,833.0,836.0,826.0,194.1,191.6,195.1,196.1,4.53,78.0,3.223,-1.2,0.957,1,injector_clog,1,0.27,76.02,273676.2
222.8,mission_cruise,72.5236242356865,2500.0,43.73818788215675,4076.4,894.5,832.4,835.4,826.8,194.7,192.0,194.6,196.0,4.52,77.1,3.182,4076.6,894.0,833.0,836.0,826.0,194.1,191.6,195.1,196.1,4.53,78.0,3.223,-1.2,0.957,1,injector_clog,1,0.27,75.99,273575.3
222.9,mission_cruise,72.5225125069483,2500.0,43.73874374652585,4075.3,894.0,831.4,835.8,825.4,192.9,191.3,196.0,196.4,4.5,77.6,3.222,4076.6,894.0,833.0,836.0,826.0,194.1,191.6,195.1,196.1,4.53,78.0,3.222,-1.2,0.957,1,injector_clog,1,0.27,75.97,273474.4
223.0,mission_cruise,72.52140077821012,2500.0,43.73929961089494,4073.4,893.9,833.5,835.7,827.9,194.2,191.8,195.1,197.2,4.53,78.0,3.235,4076.5,894.0,833.0,836.0,826.0,194.1,191.6,195.1,196.1,4.53,78.0,3.222,-1.2,0.957,1,injector_clog,1,0.27,75.94,273373.5
223.1,mission_cruise,72.52028904947193,2500.0,43.73985547526404,4078.3,894.1,833.1,834.2,824.7,194.0,191.7,195.0,197.4,4.48,77.7,3.232,4076.5,894.0,833.0,836.0,826.0,194.1,191.6,195.1,196.1,4.53,78.0,3.222,-1.2,0.957,1,injector_clog,1,0.27,75.91,273272.6
223.2,mission_cruise,72.51917732073375,2500.0,43.74041133963313,4072.6,891.1,833.8,835.5,829.8,194.7,190.8,195.7,196.1,4.52,77.9,3.246,4076.4,894.0,833.0,836.0,826.0,194.1,191.6,195.1,196.1,4.53,78.0,3.222,-1.2,0.957,1,injector_clog,1,0.27,75.88,273171.7
223.3,mission_cruise,72.51806559199555,2500.0,43.740967204002224,4090.7,894.3,831.5,838.8,826.3,195.0,191.8,195.2,196.9,4.56,77.2,3.232,4076.4,894.0,833.0,836.0,826.0,194.1,191.6,195.1,196.1,4.53,78.0,3.222,-1.2,0.957,1,injector_clog,1,0.27,75.85,273070.8
223.4,mission_cruise,72.51695386325737,2500.0,43.741523068371315,4078.6,893.6,831.5,836.2,827.1,194.3,192.6,195.2,195.3,4.53,78.3,3.17,4076.4,894.0,833.0,836.0,826.0,194.1,191.6,195.1,196.1,4.53,78.0,3.222,-1.2,0.957,1,injector_clog,1,0.27,75.82,272969.9
223.5,mission_cruise,72.51584213451918,2500.0,43.74207893274041,4072.7,892.7,831.8,833.7,828.4,194.2,192.0,195.4,196.5,4.5,78.6,3.172,4076.3,894.0,833.0,836.0,826.0,194.1,191.6,195.1,196.1,4.53,78.0,3.222,-1.2,0.957,1,injector_clog,1,0.27,75.8,272869.0
223.6,mission_cruise,72.514730405781,2500.0,43.7426347971095,4074.1,895.2,833.8,837.8,827.1,195.5,191.6,195.0,195.4,4.49,78.3,3.281,4076.3,894.0,833.0,836.0,826.0,194.1,191.6,195.1,196.1,4.53,78.0,3.222,-1.2,0.957,1,injector_clog,1,0.27,75.77,272768.1
223.7,mission_cruise,72.5136186770428,2500.0,43.7431906614786,4061.2,892.8,835.6,837.5,826.9,194.8,192.2,195.6,195.8,4.52,78.4,3.263,4076.3,894.0,833.0,836.0,826.0,194.1,191.6,195.1,196.1,4.53,78.0,3.222,-1.2,0.957,1,injector_clog,1,0.27,75.74,272667.2
223.8,mission_cruise,72.51250694830462,2500.0,43.74374652584769,4081.4,896.8,832.6,833.9,827.6,193.5,191.6,195.3,195.8,4.51,78.2,3.258,4076.2,894.0,833.0,836.0,826.0,194.1,191.6,195.1,196.1,4.53,78.0,3.222,-1.2,0.957,1,injector_clog,1,0.27,75.71,272566.3
223.9,mission_cruise,72.51139521956642,2500.0,43.74430239021679,4071.5,892.4,832.2,838.7,827.1,195.0,191.8,194.5,196.4,4.53,78.1,3.209,4076.2,894.0,833.0,836.0,826.0,194.1,191.6,195.1,196.1,4.53,78.0,3.222,-1.2,0.957,1,injector_clog,1,0.27,75.68,272465.4
224.0,mission_cruise,72.51028349082824,2500.0,43.74485825458588,4069.0,893.0,832.9,837.9,823.9,193.1,192.6,195.4,196.9,4.51,77.3,3.21,4076.2,894.0,833.0,836.0,826.0,194.1,191.6,195.1,196.1,4.53,78.0,3.222,-1.2,0.957,1,injector_clog,1,0.27,75.66,272364.5
224.1,mission_cruise,72.50917176209005,2500.0,43.745414118954976,4074.1,894.1,833.5,838.7,825.9,193.1,191.4,195.4,195.4,4.54,78.9,3.219,4076.1,894.0,833.0,836.0,826.0,194.1,191.6,195.1,196.1,4.53,78.0,3.222,-1.2,0.957,1,injector_clog,1,0.27,75.63,272263.6
224.2,mission_cruise,72.50806003335187,2500.0,43.745969983324066,4079.5,894.9,832.2,835.4,826.2,193.7,191.6,196.8,196.2,4.51,77.7,3.205,4076.1,894.0,833.0,836.0,826.0,194.1,191.6,195.1,196.1,4.53,78.0,3.222,-1.2,0.957,1,injector_clog,1,0.27,75.6,272162.7
224.3,mission_cruise,72.50694830461367,2500.0,43.746525847693164,4073.0,894.6,830.9,836.1,824.5,193.6,190.5,196.2,195.9,4.52,77.7,3.198,4076.1,894.0,833.0,836.0,826.0,194.1,191.6,195.1,196.1,4.53,78.0,3.222,-1.2,0.957,1,injector_clog,1,0.27,75.57,272061.8
224.4,mission_cruise,72.50583657587549,2500.0,43.747081712062254,4072.8,893.6,833.1,834.0,826.3,194.3,191.6,193.8,197.2,4.52,77.6,3.236,4076.0,894.0,833.0,836.0,826.0,194.1,191.6,195.1,196.1,4.53,78.0,3.222,-1.2,0.957,1,injector_clog,1,0.27,75.54,271960.9
224.5,mission_cruise,72.5047248471373,2500.0,43.74763757643135,4075.8,893.0,832.8,835.5,823.9,194.1,191.6,195.5,196.2,4.54,77.8,3.23,4076.0,894.0,833.0,836.0,826.0,194.1,191.6,195.1,196.1,4.53,78.0,3.222,-1.2,0.957,1,injector_clog,1,0.27,75.52,271860.0
224.6,mission_cruise,72.50361311839912,2500.0,43.74819344080044,4080.7,894.7,834.2,835.5,823.8,193.7,191.4,195.7,195.9,4.55,78.7,3.196,4076.0,894.0,833.0,836.0,826.0,194.1,191.6,195.1,196.1,4.53,78.0,3.222,-1.2,0.957,1,injector_clog,1,0.27,75.49,271759.1
224.7,mission_cruise,72.50250138966092,2500.0,43.74874930516954,4075.3,898.8,831.7,835.6,826.6,193.6,191.0,196.0,196.0,4.54,77.1,3.211,4075.9,894.0,833.0,836.0,826.0,194.1,191.6,195.1,196.1,4.53,78.0,3.222,-1.2,0.957,1,injector_clog,1,0.27,75.46,271658.2
224.8,mission_cruise,72.50138966092274,2500.0,43.74930516953863,4076.3,894.3,834.2,834.7,825.4,193.0,191.3,195.3,197.1,4.51,78.4,3.201,4075.9,894.0,833.0,836.0,826.0,194.1,191.6,195.1,196.1,4.53,78.0,3.222,-1.2,0.957,1,injector_clog,1,0.27,75.43,271557.3
224.9,mission_cruise,72.50027793218455,2500.0,43.74986103390773,4063.7,896.3,833.6,835.0,822.4,194.2,191.7,196.2,196.1,4.57,77.8,3.238,4075.9,894.0,833.0,836.0,826.0,194.1,191.6,195.1,196.1,4.53,78.0,3.222,-1.2,0.957,1,injector_clog,1,0.27,75.4,271456.4
225.0,mission_cruise,72.49916620344636,2500.0,43.75041689827682,4077.8,892.8,835.3,835.3,827.7,193.2,191.2,195.2,196.0,4.55,77.9,3.245,4075.8,894.0,833.0,836.0,826.0,194.1,191.6,195.1,196.1,4.53,78.0,3.222,-1.2,0.957,1,injector_clog,1,0.27,75.38,271355.5
225.1,mission_cruise,72.49805447470817,2500.0,43.750972762645915,4087.0,892.9,833.4,834.0,826.8,195.3,190.8,194.7,196.9,4.52,77.9,3.194,4075.8,894.0,833.0,836.0,826.0,194.1,191.6,195.1,196.1,4.53,78.0,3.222,-1.2,0.957,1,injector_clog,1,0.27,75.35,271254.6
225.2,mission_cruise,72.49694274596999,2500.0,43.751528627015006,4078.0,895.6,831.4,835.2,826.3,194.5,189.6,194.8,196.1,4.5,78.2,3.219,4075.8,894.0,833.0,836.0,826.0,194.1,191.6,195.1,196.1,4.53,78.0,3.222,-1.2,0.957,1,injector_clog,1,0.27,75.32,271153.7
225.3,mission_cruise,72.4958310172318,2500.0,43.7520844913841,4069.7,893.8,830.7,835.9,825.3,195.2,190.9,195.7,195.8,4.52,77.9,3.205,4075.7,894.0,833.0,836.0,826.0,194.1,191.6,195.1,196.1,4.53,78.0,3.221,-1.2,0.957,1,injector_clog,1,0.27,75.29,271052.8
225.4,mission_cruise,72.49471928849361,2500.0,43.75264035575319,4074.0,893.4,831.1,836.2,825.9,194.1,191.6,194.2,197.2,4.56,77.6,3.284,4075.7,894.0,833.0,836.0,826.0,194.1,191.6,195.1,196.1,4.53,78.0,3.221,-1.2,0.957,1,injector_clog,1,0.27,75.26,270951.9
225.5,mission_cruise,72.49360755975542,2500.0,43.75319622012229,4079.3,892.6,832.9,833.6,824.3,195.2,192.8,194.6,197.0,4.52,77.9,3.209,4075.7,894.0,833.0,836.0,826.0,194.1,191.6,195.1,196.1,4.53,78.0,3.221,-1.2,0.957,1,injector_clog,1,0.27,75.24,270851.0
225.6,mission_cruise,72.49249583101724,2500.0,43.75375208449138,4078.9,893.2,832.8,837.2,827.1,194.0,191.1,194.8,195.4,4.53,77.4,3.239,4075.6,893.9,832.9,835.9,825.9,194.1,191.6,195.1,196.1,4.53,78.0,3.221,-1.2,0.957,1,injector_clog,1,0.27,75.21,270750.1
225.7,mission_cruise,72.49138410227904,2500.0,43.75430794886048,4077.0,894.2,833.3,835.6,824.4,193.8,192.5,196.2,196.5,4.54,78.3,3.22,4075.6,893.9,832.9,835.9,825.9,194.1,191.6,195.1,196.1,4.53,78.0,3.221,-1.2,0.957,1,injector_clog,1,0.27,75.18,270649.2
225.8,mission_cruise,72.49027237354086,2500.0,43.75486381322957,4085.5,893.6,829.8,834.6,824.2,194.1,191.4,194.6,195.6,4.54,78.1,3.241,4075.6,893.9,832.9,835.9,825.9,194.1,191.6,195.1,196.1,4.53,78.0,3.221,-1.2,0.957,1,injector_clog,1,0.27,75.15,270548.3
225.9,mission_cruise,72.48916064480267,2500.0,43.75541967759867,4077.9,892.8,834.6,835.4,826.7,194.2,190.9,194.1,196.2,4.54,78.3,3.251,4075.5,893.9,832.9,835.9,825.9,194.1,191.6,195.1,196.1,4.53,78.0,3.221,-1.2,0.957,1,injector_clog,1,0.27,75.12,270447.4
226.0,mission_cruise,72.48804891606449,2500.0,43.75597554196776,4077.3,895.7,833.6,835.2,825.4,194.6,191.6,194.9,195.8,4.55,79.1,3.251,4075.5,893.9,832.9,835.9,825.9,194.1,191.6,195.1,196.1,4.53,78.0,3.221,-1.2,0.957,1,injector_clog,1,0.27,75.1,270346.5
226.1,mission_cruise,72.48693718732629,2500.0,43.756531406336855,4075.5,895.2,833.4,839.4,826.3,193.2,191.7,195.4,196.1,4.52,78.7,3.239,4075.5,893.9,832.9,835.9,825.9,194.1,191.6,195.1,196.1,4.53,78.0,3.221,-1.2,0.957,1,injector_clog,1,0.27,75.07,270245.6
226.2,mission_cruise,72.48582545858811,2500.0,43.757087270705945,4083.1,895.3,832.8,837.9,827.1,193.7,190.6,195.8,195.4,4.5,77.4,3.169,4075.4,893.9,832.9,835.9,825.9,194.1,191.6,195.1,196.1,4.53,78.0,3.221,-1.2,0.957,1,injector_clog,1,0.27,75.04,270144.7
226.3,mission_cruise,72.48471372984991,2500.0,43.75764313507504,4073.2,896.5,832.8,833.9,824.4,192.7,191.5,193.5,195.7,4.48,78.2,3.243,4075.4,893.9,832.9,835.9,825.9,194.1,191.6,195.1,196.1,4.53,78.0,3.221,-1.2,0.957,1,injector_clog,1,0.27,75.01,270043.8
226.4,mission_cruise,72.48360200111173,2500.0,43.75819899944413,4078.5,895.0,833.9,838.8,828.3,193.6,191.9,194.8,195.5,4.52,78.1,3.187,4075.4,893.9,832.9,835.9,825.9,194.1,191.6,195.1,196.1,4.53,78.0,3.221,-1.2,0.957,1,injector_clog,1,0.27,74.98,269942.9
226.5,mission_cruise,72.48249027237354,2500.0,43.75875486381323,4076.9,893.4,829.8,837.8,827.5,194.0,191.7,195.1,194.8,4.56,78.5,3.275,4075.3,893.9,832.9,835.9,825.9,194.1,191.6,195.1,196.1,4.53,78.0,3.221,-1.2,0.957,1,injector_clog,1,0.27,74.96,269842.0
226.6,mission_cruise,72.48137854363536,2500.0,43.75931072818232,4079.3,896.3,832.0,836.5,822.2,193.4,190.3,194.8,195.4,4.53,77.5,3.28,4075.3,893.9,832.9,835.9,825.9,194.1,191.6,195.1,196.1,4.53,78.0,3.221,-1.2,0.957,1,injector_clog,1,0.27,74.93,269741.1
226.7,mission_cruise,72.48026681489716,2500.0,43.75986659255142,4068.7,893.7,833.8,833.3,824.8,194.2,191.1,195.9,196.4,4.53,77.7,3.221,4075.2,893.9,832.9,835.9,825.9,194.1,191.6,195.1,196.1,4.53,78.0,3.221,-1.2,0.957,1,injector_clog,1,0.27,74.9,269640.2
226.8,mission_cruise,72.47915508615898,2500.0,43.76042245692051,4083.9,896.2,831.4,833.8,824.3,194.5,191.5,195.1,197.2,4.55,78.3,3.199,4075.2,893.9,832.9,835.9,825.9,194.1,191.6,195.1,196.1,4.53,78.0,3.221,-1.2,0.957,1,injector_clog,1,0.27,74.87,269539.3
226.9,mission_cruise,72.47804335742079,2500.0,43.760978321289606,4079.7,894.4,833.6,833.7,826.0,192.7,191.4,194.1,196.6,4.51,78.5,3.151,4075.2,893.9,832.9,835.9,825.9,194.1,191.6,195.1,196.1,4.53,78.0,3.221,-1.2,0.957,1,injector_clog,1,0.27,74.84,269438.4
227.0,mission_cruise,72.4769316286826,2500.0,43.7615341856587,4066.7,894.1,832.1,837.4,824.9,193.9,191.6,195.4,196.9,4.55,77.3,3.296,4075.1,893.9,832.9,835.9,825.9,194.1,191.6,195.1,196.1,4.53,78.0,3.221,-1.2,0.957,1,injector_clog,1,0.27,74.82,269337.5
227.1,mission_cruise,72.47581989994441,2500.0,43.762090050027794,4072.7,894.0,832.4,838.3,827.7,194.0,191.9,195.1,195.7,4.52,77.1,3.182,4075.1,893.9,832.9,835.9,825.9,194.1,191.6,195.1,196.1,4.53,78.0,3.221,-1.2,0.957,1,injector_clog,1,0.27,74.79,269236.6
227.2,mission_cruise,72.47470817120623,2500.0,43.762645914396884,4073.4,891.8,831.9,836.4,826.2,194.3,191.5,195.9,197.0,4.52,78.1,3.2,4075.1,893.9,832.9,835.9,825.9,194.1,191.6,195.1,196.1,4.53,78.0,3.221,-1.2,0.957,1,injector_clog,1,0.27,74.76,269135.7
227.3,mission_cruise,72.47359644246804,2500.0,43.76320177876598,4067.1,892.9,830.6,836.0,827.7,193.6,191.6,196.1,196.4,4.56,78.3,3.292,4075.0,893.9,832.9,835.9,825.9,194.1,191.6,195.1,196.1,4.53,78.0,3.221,-1.2,0.957,1,injector_clog,1,0.27,74.73,269034.8
227.4,mission_cruise,72.47248471372986,2500.0,43.76375764313507,4078.3,893.2,832.0,834.3,826.7,194.9,191.5,194.8,197.2,4.56,78.1,3.217,4075.0,893.9,832.9,835.9,825.9,194.1,191.6,195.1,196.1,4.53,78.0,3.221,-1.2,0.957,1,injector_clog,1,0.27,74.7,268933.9
227.5,mission_cruise,72.47137298499166,2500.0,43.76431350750417,4074.1,894.6,832.6,836.2,828.0,195.2,191.2,194.8,195.3,4.54,77.4,3.235,4075.0,893.9,832.9,835.9,825.9,194.1,191.6,195.1,196.1,4.53,78.0,3.221,-1.2,0.957,1,injector_clog,1,0.27,74.68,268833.0
227.6,mission_cruise,72.47026125625348,2500.0,43.76486937187326,4074.6,895.6,832.2,833.3,826.6,194.9,192.0,195.3,195.4,4.53,78.6,3.17,4074.9,893.9,832.9,835.9,825.9,194.1,191.6,195.1,196.1,4.53,78.0,3.221,-1.2,0.957,1,injector_clog,1,0.27,74.65,268732.1
227.7,mission_cruise,72.46914952751528,2500.0,43.76542523624236,4074.6,894.9,834.1,836.5,822.7,195.8,191.8,195.4,195.9,4.51,77.5,3.181,4074.9,893.9,832.9,835.9,825.9,194.1,191.6,195.1,196.1,4.53,78.0,3.22,-1.2,0.957,1,injector_clog,1,0.27,74.62,268631.2
227.8,mission_cruise,72.4680377987771,2500.0,43.76598110061145,4081.7,893.0,835.0,838.6,828.2,194.2,190.8,194.6,196.0,4.56,77.5,3.233,4074.9,893.9,832.9,835.9,825.9,194.1,191.6,195.1,196.1,4.53,78.0,3.22,-1.2,0.957,1,injector_clog,1,0.27,74.59,268530.3
227.9,mission_cruise,72.46692607003891,2500.0,43.766536964980546,4064.8,892.2,833.5,837.8,826.2,194.5,192.1,194.9,196.2,4.54,77.7,3.259,4074.8,893.9,832.9,835.9,825.9,194.1,191.6,195.1,196.1,4.53,78.0,3.22,-1.2,0.957,1,injector_clog,1,0.27,74.56,268429.4
228.0,mission_cruise,72.46581434130073,2500.0,43.767092829349636,4080.0,892.9,834.5,836.4,826.0,194.9,192.1,194.5,196.8,4.58,78.2,3.212,4074.8,893.9,832.9,835.9,825.9,194.1,191.6,195.1,196.1,4.53,78.0,3.22,-1.2,0.957,1,injector_clog,1,0.27,74.54,268328.5
228.1,mission_cruise,72.46470261256253,2500.0,43.76764869371873,4087.3,893.4,830.4,836.4,827.0,194.4,191.8,194.1,196.6,4.54,77.8,3.2,4074.8,893.9,832.9,835.9,825.9,194.1,191.6,195.1,196.1,4.53,78.0,3.22,-1.2,0.957,1,injector_clog,1,0.27,74.51,268227.6
228.2,mission_cruise,72.46359088382435,2500.0,43.768204558087824,4077.2,891.9,830.9,835.0,827.4,194.7,191.3,195.5,195.7,4.56,78.2,3.212,4074.7,893.9,832.9,835.9,825.9,194.1,191.6,195.1,196.1,4.53,78.0,3.22,-1.2,0.957,1,injector_clog,1,0.27,74.48,268126.7
228.3,mission_cruise,72.46247915508616,2500.0,43.76876042245692,4079.5,893.4,833.5,839.0,827.0,193.8,191.5,195.2,195.3,4.53,77.4,3.247,4074.7,893.9,832.9,835.9,825.9,194.1,191.6,195.1,196.1,4.53,78.0,3.22,-1.2,0.957,1,injector_clog,1,0.27,74.45,268025.8
228.4,mission_cruise,72.46136742634798,2500.0,43.76931628682601,4065.3,892.4,833.2,832.8,825.6,195.5,191.4,195.2,196.1,4.51,78.5,3.228,4074.7,893.9,832.9,835.9,825.9,194.1,191.6,195.1,196.1,4.53,78.0,3.22,-1.2,0.957,1,injector_clog,1,0.27,74.42,267924.9
228.5,mission_cruise,72.46025569760978,2500.0,43.76987215119511,4077.2,895.4,828.3,836.4,824.8,194.2,190.8,194.7,196.7,4.52,78.5,3.238,4074.6,893.9,832.9,835.9,825.9,194.1,191.6,195.1,196.1,4.53,78.0,3.22,-1.2,0.957,1,injector_clog,1,0.27,74.4,267824.0
228.6,mission_cruise,72.4591439688716,2500.0,43.7704280155642,4076.6,893.9,831.6,836.8,829.1,195.1,190.8,195.6,195.4,4.55,78.1,3.298,4074.6,893.9,832.9,835.9,825.9,194.1,191.6,195.1,196.1,4.53,78.0,3.22,-1.2,0.957,1,injector_clog,1,0.27,74.37,267723.1
228.7,mission_cruise,72.4580322401334,2500.0,43.7709838799333,4076.5,892.6,831.5,835.2,825.5,194.0,191.5,195.4,196.0,4.56,77.7,3.159,4074.6,893.9,832.9,835.9,825.9,194.1,191.6,195.1,196.1,4.53,78.0,3.22,-1.2,0.957,1,injector_clog,1,0.27,74.34,267622.2
228.8,mission_cruise,72.45692051139523,2500.0,43.77153974430239,4070.9,892.9,832.5,837.4,822.7,195.2,191.7,195.1,197.0,4.48,78.2,3.26,4074.5,893.9,832.9,835.9,825.9,194.1,191.6,195.1,196.1,4.53,78.0,3.22,-1.2,0.957,1,injector_clog,1,0.27,74.31,267521.3
228.9,mission_cruise,72.45580878265703,2500.0,43.772095608671485,4069.9,896.5,832.5,835.7,824.9,194.2,190.4,195.6,197.2,4.5,77.9,3.254,4074.5,893.9,832.9,835.9,825.9,194.1,191.6,195.1,196.1,4.53,78.0,3.22,-1.2,0.957,1,injector_clog,1,0.27,74.28,267420.4
229.0,mission_cruise,72.45469705391885,2500.0,43.772651473040575,4076.5,893.7,833.9,834.3,823.1,193.8,191.8,194.8,195.3,4.54,78.0,3.26,4074.5,893.9,832.9,835.9,825.9,194.1,191.6,195.1,196.1,4.53,78.0,3.22,-1.2,0.957,1,injector_clog,1,0.27,74.26,267319.5
229.1,mission_cruise,72.45358532518065,2500.0,43.77320733740967,4061.5,893.9,833.9,836.6,827.3,194.2,191.5,195.2,196.8,4.52,77.8,3.232,4074.4,893.9,832.9,835.9,825.9,194.1,191.6,195.1,196.1,4.53,78.0,3.22,-1.2,0.957,1,injector_clog,1,0.27,74.23,267218.6
229.2,mission_cruise,72.45247359644247,2500.0,43.77376320177876,4076.4,893.5,833.7,836.1,824.0,194.1,192.2,195.8,195.9,4.52,77.5,3.193,4074.4,893.9,832.9,835.9,825.9,194.1,191.6,195.1,196.1,4.53,78.0,3.22,-1.2,0.957,1,injector_clog,1,0.27,74.2,267117.7
229.3,mission_cruise,72.45136186770428,2500.0,43.77431906614786,4073.5,893.2,832.0,835.8,826.6,192.6,192.0,196.3,196.5,4.51,78.2,3.18,4074.4,893.9,832.9,835.9,825.9,194.1,191.6,195.1,196.1,4.53,78.0,3.22,-1.2,0.957,1,injector_clog,1,0.27,74.17,267016.8
229.4,mission_cruise,72.4502501389661,2500.0,43.77487493051695,4073.9,892.9,832.6,835.9,824.5,193.0,191.8,194.8,196.6,4.55,77.4,3.232,4074.3,893.9,832.9,835.9,825.9,194.1,191.6,195.1,196.1,4.53,78.0,3.22,-1.2,0.957,1,injector_clog,1,0.27,74.14,266915.9
229.5,mission_cruise,72.4491384102279,2500.0,43.77543079488605,4072.8,895.5,832.9,832.7,827.2,194.4,191.0,193.9,196.0,4.54,78.1,3.283,4074.3,893.9,832.9,835.9,825.9,194.1,191.6,195.1,196.1,4.53,78.0,3.22,-1.2,0.957,1,injector_clog,1,0.27,74.12,266815.0
229.6,mission_cruise,72.44802668148972,2500.0,43.77598665925514,4075.0,895.9,832.2,833.0,826.2,194.6,191.5,194.9,196.1,4.54,77.9,3.202,4074.3,893.9,832.9,835.9,825.9,194.1,191.6,195.1,196.1,4.53,78.0,3.22,-1.2,0.957,1,injector_clog,1,0.27,74.09,266714.1
229.7,mission_cruise,72.44691495275153,2500.0,43.77654252362424,4077.4,890.6,835.6,836.5,825.8,195.0,191.7,195.0,196.3,4.55,78.0,3.277,4074.2,893.9,832.9,835.9,825.9,194.1,191.6,195.1,196.1,4.53,78.0,3.22,-1.2,0.957,1,injector_clog,1,0.27,74.06,266613.2
229.8,mission_cruise,72.44580322401335,2500.0,43.77709838799333,4071.7,892.4,831.0,834.3,825.7,193.9,191.3,195.1,195.9,4.51,78.0,3.242,4074.2,893.9,832.9,835.9,825.9,194.1,191.6,195.1,196.1,4.53,78.0,3.22,-1.2,0.957,1,injector_clog,1,0.27,74.03,266512.3
229.9,mission_cruise,72.44469149527515,2500.0,43.777654252362424,4079.7,891.6,834.2,838.7,827.5,194.5,191.2,194.7,196.4,4.49,78.1,3.232,4074.2,893.9,832.9,835.9,825.9,194.1,191.6,195.1,196.1,4.53,78.0,3.22,-1.2,0.957,1,injector_clog,1,0.27,74.0,266411.4
230.0,mission_cruise,72.44357976653697,2500.0,43.778210116731515,4081.4,894.9,834.1,837.9,824.9,194.2,191.2,195.5,197.5,4.52,78.1,3.216,4074.1,893.9,832.9,835.9,825.9,194.1,191.6,195.1,196.1,4.53,78.0,3.22,-1.2,0.957,1,injector_clog,1,0.27,73.98,266310.5
230.1,mission_cruise,72.44246803779878,2500.0,43.77876598110061,4078.1,895.1,831.9,836.3,825.7,193.6,191.3,194.4,196.0,4.51,78.3,3.239,4074.1,893.9,832.9,835.9,825.9,194.1,191.6,195.1,196.1,4.53,78.0,3.22,-1.2,0.957,1,injector_clog,1,0.27,73.95,266209.6
230.2,mission_cruise,72.4413563090606,2500.0,43.7793218454697,4070.6,895.2,834.1,835.1,825.0,195.0,191.5,195.5,196.4,4.59,77.6,3.221,4074.0,893.9,832.9,835.9,825.9,194.1,191.6,195.1,196.1,4.53,78.0,3.219,-1.2,0.957,1,injector_clog,1,0.27,73.92,266108.7
230.3,mission_cruise,72.4402445803224,2500.0,43.7798777098388,4071.5,890.6,832.8,834.0,826.6,194.4,190.3,194.7,196.5,4.51,78.1,3.227,4074.0,893.9,832.9,835.9,825.9,194.1,191.6,195.1,196.1,4.53,78.0,3.219,-1.2,0.957,1,injector_clog,1,0.27,73.89,266007.8
230.4,mission_cruise,72.43913285158422,2500.0,43.78043357420789,4076.2,892.0,832.2,835.6,828.5,193.0,192.2,194.4,196.1,4.54,78.3,3.172,4074.0,893.9,832.9,835.9,825.9,194.1,191.6,195.1,196.1,4.53,78.0,3.219,-1.2,0.957,1,injector_clog,1,0.27,73.86,265906.9
230.5,mission_cruise,72.43802112284602,2500.0,43.78098943857699,4072.4,893.4,831.3,834.6,825.2,194.0,191.3,194.4,196.3,4.54,78.1,3.268,4073.9,893.9,832.9,835.9,825.9,194.1,191.6,195.1,196.1,4.53,78.0,3.219,-1.2,0.957,1,injector_clog,1,0.27,73.84,265806.0
230.6,mission_cruise,72.43690939410784,2500.0,43.78154530294608,4074.9,893.4,831.6,835.2,821.5,194.5,191.1,195.4,196.2,4.54,78.0,3.241,4073.9,893.9,832.9,835.9,825.9,194.1,191.6,195.1,196.1,4.53,78.0,3.219,-1.2,0.957,1,injector_clog,1,0.27,73.81,265705.1
230.7,mission_cruise,72.43579766536965,2500.0,43.782101167315176,4072.6,895.6,833.0,835.1,827.0,194.2,192.3,195.1,195.9,4.54,77.7,3.242,4073.9,893.8,832.8,835.8,825.8,194.1,191.6,195.1,196.1,4.53,78.0,3.219,-1.2,0.957,1,injector_clog,1,0.27,73.78,265604.2
230.8,mission_cruise,72.43468593663147,2500.0,43.782657031684266,4075.9,894.4,832.6,838.6,827.3,194.4,192.0,195.3,195.7,4.53,78.2,3.243,4073.8,893.8,832.8,835.8,825.8,194.1,191.6,195.1,196.1,4.53,78.0,3.219,-1.2,0.957,1,injector_clog,1,0.27,73.75,265503.3
230.9,mission_cruise,72.43357420789327,2500.0,43.783212896053364,4083.4,895.0,833.1,833.7,826.7,192.7,192.2,195.3,195.5,4.53,78.5,3.208,4073.8,893.8,832.8,835.8,825.8,194.1,191.6,195.1,196.1,4.53,78.0,3.219,-1.2,0.957,1,injector_clog,1,0.27,73.72,265402.4
231.0,mission_cruise,72.43246247915509,2500.0,43.783768760422454,4063.7,893.2,832.6,838.5,825.4,194.0,191.3,195.1,196.2,4.55,77.2,3.239,4073.8,893.8,832.8,835.8,825.8,194.1,191.6,195.1,196.1,4.53,78.0,3.219,-1.2,0.957,1,injector_clog,1,0.27,73.69,265301.5
231.1,mission_cruise,72.4313507504169,2500.0,43.78432462479155,4075.7,893.1,832.2,835.6,826.6,193.6,191.8,195.2,195.1,4.53,78.0,3.218,4073.7,893.8,832.8,835.8,825.8,194.1,191.6,195.1,196.1,4.53,78.0,3.219,-1.2,0.957,1,injector_clog,1,0.27,73.67,265200.6
231.2,mission_cruise,72.43023902167872,2500.0,43.78488048916064,4075.5,891.6,832.6,837.3,826.6,194.6,192.0,195.2,196.0,4.55,77.0,3.203,4073.7,893.8,832.8,835.8,825.8,194.1,191.6,195.1,196.1,4.53,78.0,3.219,-1.2,0.957,1,injector_clog,1,0.27,73.64,265099.7
231.3,mission_cruise,72.42912729294052,2500.0,43.78543635352974,4069.1,895.0,832.8,836.4,827.2,194.6,191.1,195.1,195.8,4.57,78.0,3.185,4073.7,893.8,832.8,835.8,825.8,194.1,191.6,195.1,196.1,4.53,78.0,3.219,-1.2,0.957,1,injector_clog,1,0.27,73.61,264998.8
231.4,mission_cruise,72.42801556420234,2500.0,43.78599221789883,4072.7,895.5,832.8,834.7,827.0,193.7,191.4,196.3,196.7,4.54,78.0,3.241,4073.6,893.8,832.8,835.8,825.8,194.1,191.6,195.1,196.1,4.53,78.0,3.219,-1.2,0.957,1,injector_clog,1,0.27,73.58,264897.9
231.5,mission_cruise,72.42690383546415,2500.0,43.78654808226793,4075.1,895.9,831.3,835.6,825.7,194.3,191.6,195.3,195.5,4.57,78.7,3.213,4073.6,893.8,832.8,835.8,825.8,194.1,191.6,195.1,196.1,4.53,78.0,3.219,-1.2,0.957,1,injector_clog,1,0.27,73.55,264797.0
231.6,mission_cruise,72.42579210672596,2500.0,43.78710394663702,4075.0,895.0,831.0,837.3,826.2,194.2,191.1,195.5,196.5,4.53,78.4,3.252,4073.6,893.8,832.8,835.8,825.8,194.1,191.6,195.1,196.1,4.53,78.0,3.219,-1.2,0.957,1,injector_clog,1,0.27,73.53,264696.1
231.7,mission_cruise,72.42468037798777,2500.0,43.787659811006115,4066.0,892.5,831.9,836.5,826.6,193.5,192.6,195.6,195.8,4.53,78.4,3.258,4073.5,893.8,832.8,835.8,825.8,194.1,191.6,195.1,196.1,4.53,78.0,3.219,-1.2,0.957,1,injector_clog,1,0.27,73.5,264595.2
231.8,mission_cruise,72.42356864924959,2500.0,43.788215675375206,4070.1,892.8,832.1,836.9,826.0,194.0,191.1,194.9,196.9,4.53,77.1,3.14,4073.5,893.8,832.8,835.8,825.8,194.1,191.6,195.1,196.1,4.53,78.0,3.219,-1.2,0.957,1,injector_clog,1,0.27,73.47,264494.3
231.9,mission_cruise,72.4224569205114,2500.0,43.7887715397443,4074.2,894.9,830.8,836.2,825.5,195.0,192.6,195.5,195.6,4.56,78.1,3.225,4073.5,893.8,832.8,835.8,825.8,194.1,191.6,195.1,196.1,4.53,78.0,3.219,-1.2,0.957,1,injector_clog,1,0.27,73.44,264393.4
232.0,mission_cruise,72.42134519177321,2500.0,43.78932740411339,4071.5,894.1,833.6,834.6,824.9,193.8,191.6,195.6,195.6,4.54,77.1,3.274,4073.4,893.8,832.8,835.8,825.8,194.1,191.6,195.1,196.1,4.53,78.0,3.219,-1.2,0.957,1,injector_clog,1,0.27,73.41,264292.5
232.1,mission_cruise,72.42023346303502,2500.0,43.78988326848249,4077.4,895.0,833.3,836.4,829.2,194.5,191.1,195.0,195.3,4.52,77.7,3.232,4073.4,893.8,832.8,835.8,825.8,194.1,191.6,195.1,196.1,4.53,78.0,3.219,-1.2,0.957,1,injector_clog,1,0.27,73.39,264191.6
232.2,mission_cruise,72.41912173429684,2500.0,43.79043913285158,4072.9,894.0,834.4,834.6,825.7,195.5,192.3,194.5,194.4,4.55,76.8,3.246,4073.4,893.8,832.8,835.8,825.8,194.1,191.6,195.1,196.1,4.53,78.0,3.219,-1.2,0.957,1,injector_clog,1,0.27,73.36,264090.7
232.3,mission_cruise,72.41801000555864,2500.0,43.79099499722068,4075.3,894.5,832.8,836.2,825.9,193.6,191.6,194.4,196.4,4.5,77.8,3.178,4073.3,893.8,832.8,835.8,825.8,194.1,191.6,195.1,196.1,4.53,78.0,3.219,-1.2,0.957,1,injector_clog,1,0.27,73.33,263989.8
232.4,mission_cruise,72.41689827682046,2500.0,43.79155086158977,4069.6,893.7,830.3,835.7,827.4,194.1,191.7,196.3,197.0,4.57,77.7,3.202,4073.3,893.8,832.8,835.8,825.8,194.1,191.6,195.1,196.1,4.53,78.0,3.219,-1.2,0.957,1,injector_clog,1,0.27,73.3,263888.9
232.5,mission_cruise,72.41578654808227,2500.0,43.79210672595887,4075.2,893.1,833.1,834.9,827.7,194.2,192.1,195.6,195.9,4.53,77.7,3.252,4073.3,893.8,832.8,835.8,825.8,194.1,191.6,195.1,196.1,4.53,78.0,3.219,-1.2,0.957,1,injector_clog,1,0.27,73.27,263788.0
232.6,mission_cruise,72.41467481934409,2500.0,43.79266259032796,4077.3,894.1,836.0,832.9,827.8,194.3,191.5,195.7,195.3,4.6,77.8,3.23,4073.2,893.8,832.8,835.8,825.8,194.1,191.6,195.1,196.1,4.53,78.0,3.218,-1.2,0.957,1,injector_clog,1,0.27,73.25,263687.1
232.7,mission_cruise,72.41356309060589,2500.0,43.793218454697055,4068.0,892.5,831.9,837.6,826.2,194.6,192.4,194.2,195.3,4.51,78.0,3.216,4073.2,893.8,832.8,835.8,825.8,194.1,191.6,195.1,196.1,4.53,78.0,3.218,-1.2,0.957,1,injector_clog,1,0.27,73.22,263586.2
232.8,mission_cruise,72.41245136186771,2500.0,43.793774319066145,4067.9,892.2,833.1,838.6,824.4,195.0,190.8,195.6,196.2,4.56,77.9,3.233,4073.2,893.8,832.8,835.8,825.8,194.1,191.6,195.1,196.1,4.53,78.0,3.218,-1.2,0.957,1,injector_clog,1,0.27,73.19,263485.3
232.9,mission_cruise,72.41133963312951,2500.0,43.79433018343524,4071.2,895.0,832.2,835.9,829.0,194.1,191.0,194.9,196.4,4.52,79.0,3.225,4073.1,893.8,832.8,835.8,825.8,194.1,191.6,195.1,196.1,4.53,78.0,3.218,-1.2,0.957,1,injector_clog,1,0.27,73.16,263384.4
233.0,mission_cruise,72.41022790439133,2500.0,43.79488604780433,4073.9,892.5,833.3,834.9,825.5,194.8,191.8,194.6,196.5,4.53,78.1,3.243,4073.1,893.8,832.8,835.8,825.8,194.1,191.6,195.1,196.1,4.53,78.0,3.218,-1.2,0.957,1,injector_clog,1,0.27,73.13,263283.5
233.1,mission_cruise,72.40911617565314,2500.0,43.79544191217343,4085.7,893.8,835.7,837.7,823.4,193.9,193.0,195.7,197.1,4.54,77.5,3.239,4073.1,893.8,832.8,835.8,825.8,194.1,191.6,195.1,196.1,4.53,78.0,3.218,-1.2,0.957,1,injector_clog,1,0.27,73.11,263182.6
233.2,mission_cruise,72.40800444691496,2500.0,43.79599777654252,4077.0,893.6,831.4,834.9,825.4,193.5,192.2,195.3,195.8,4.51,78.3,3.276,4073.0,893.8,832.8,835.8,825.8,194.1,191.6,195.1,196.1,4.53,78.0,3.218,-1.2,0.957,1,injector_clog,1,0.27,73.08,263081.7
233.3,mission_cruise,72.40689271817676,2500.0,43.79655364091162,4080.2,894.2,833.4,834.2,826.8,195.0,191.1,194.7,196.1,4.47,78.0,3.186,4073.0,893.8,832.8,835.8,825.8,194.1,191.6,195.1,196.1,4.53,78.0,3.218,-1.2,0.957,1,injector_clog,1,0.27,73.05,262980.8
233.4,mission_cruise,72.40578098943858,2500.0,43.79710950528071,4070.5,894.3,832.5,835.2,826.4,193.2,191.6,194.6,197.2,4.5,78.4,3.193,4072.9,893.8,832.8,835.8,825.8,194.1,191.6,195.1,196.1,4.53,78.0,3.218,-1.2,0.957,1,injector_clog,1,0.27,73.02,262879.9
233.5,mission_cruise,72.40466926070039,2500.0,43.797665369649806,4066.5,893.7,834.7,835.1,824.4,194.0,191.7,194.6,195.7,4.6,78.7,3.207,4072.9,893.8,832.8,835.8,825.8,194.1,191.6,195.1,196.1,4.53,78.0,3.218,-1.2,0.957,1,injector_clog,1,0.27,72.99,262779.0
233.6,mission_cruise,72.4035575319622,2500.0,43.7982212340189,4075.8,891.8,831.3,835.5,822.7,193.7,190.8,195.7,195.7,4.53,77.5,3.228,4072.9,893.8,832.8,835.8,825.8,194.1,191.6,195.1,196.1,4.53,78.0,3.218,-1.2,0.957,1,injector_clog,1,0.27,72.97,262678.1
233.7,mission_cruise,72.40244580322401,2500.0,43.798777098387994,4070.0,891.5,834.3,834.0,824.8,194.0,191.5,194.3,197.2,4.53,78.5,3.197,4072.8,893.8,832.8,835.8,825.8,194.1,191.6,195.1,196.1,4.53,78.0,3.218,-1.2,0.957,1,injector_clog,1,0.27,72.94,262577.2
233.8,mission_cruise,72.40133407448583,2500.0,43.799332962757084,4066.4,892.6,833.8,837.1,826.2,194.1,191.0,195.6,196.3,4.48,77.8,3.283,4072.8,893.8,832.8,835.8,825.8,194.1,191.6,195.1,196.1,4.53,78.0,3.218,-1.2,0.957,1,injector_clog,1,0.27,72.91,262476.3
233.9,mission_cruise,72.40022234574764,2500.0,43.79988882712618,4078.3,892.9,835.0,836.4,823.2,193.8,190.8,194.6,196.2,4.55,78.4,3.211,4072.8,893.8,832.8,835.8,825.8,194.1,191.6,195.1,196.1,4.53,78.0,3.218,-1.2,0.957,1,injector_clog,1,0.27,72.88,262375.4
234.0,mission_cruise,72.39911061700946,2500.0,43.80044469149527,4071.3,893.0,831.7,836.2,826.0,194.0,192.1,195.1,195.2,4.53,76.9,3.175,4072.7,893.8,832.8,835.8,825.8,194.1,191.6,195.1,196.1,4.53,78.0,3.218,-1.2,0.957,1,injector_clog,1,0.27,72.85,262274.5
234.1,mission_cruise,72.39799888827126,2500.0,43.80100055586437,4078.2,893.6,832.7,837.5,825.7,194.5,191.2,194.3,196.4,4.55,78.1,3.174,4072.7,893.8,832.8,835.8,825.8,194.1,191.6,195.1,196.1,4.53,78.0,3.218,-1.2,0.957,1,injector_clog,1,0.27,72.83,262173.6
234.2,mission_cruise,72.39688715953308,2500.0,43.80155642023346,4081.7,891.5,832.8,836.9,826.5,195.3,191.5,194.2,196.2,4.53,78.4,3.191,4072.7,893.8,832.8,835.8,825.8,194.1,191.5,195.0,196.0,4.53,78.0,3.218,-1.2,0.957,1,injector_clog,1,0.27,72.8,262072.7
234.3,mission_cruise,72.39577543079488,2500.0,43.80211228460256,4070.0,897.0,833.3,835.4,828.9,195.4,192.1,194.8,196.2,4.51,77.7,3.231,4072.6,893.8,832.8,835.8,825.8,194.1,191.5,195.0,196.0,4.53,78.0,3.218,-1.2,0.957,1,injector_clog,1,0.27,72.77,261971.8
234.4,mission_cruise,72.3946637020567,2500.0,43.80266814897165,4067.7,893.8,834.0,833.6,824.4,194.1,192.7,195.2,195.3,4.53,77.6,3.202,4072.6,893.8,832.8,835.8,825.8,194.1,191.5,195.0,196.0,4.53,78.0,3.218,-1.2,0.957,1,injector_clog,1,0.27,72.74,261870.9
234.5,mission_cruise,72.39355197331851,2500.0,43.803224013340746,4079.1,893.4,835.3,834.3,826.1,193.3,191.5,194.9,195.4,4.53,78.5,3.181,4072.6,893.8,832.8,835.8,825.8,194.1,191.5,195.0,196.0,4.53,78.0,3.218,-1.2,0.957,1,injector_clog,1,0.27,72.71,261770.0
234.6,mission_cruise,72.39244024458033,2500.0,43.803779877709836,4071.9,895.7,833.3,834.8,824.0,192.9,192.0,195.8,196.0,4.52,77.0,3.161,4072.5,893.8,832.8,835.8,825.8,194.1,191.5,195.0,196.0,4.53,78.0,3.218,-1.2,0.957,1,injector_clog,1,0.27,72.69,261669.1
234.7,mission_cruise,72.39132851584213,2500.0,43.80433574207893,4071.9,892.3,833.9,835.8,824.9,193.7,192.0,194.9,196.0,4.54,78.0,3.232,4072.5,893.8,832.8,835.8,825.8,194.1,191.5,195.0,196.0,4.53,78.0,3.218,-1.2,0.957,1,injector_clog,1,0.27,72.66,261568.2
234.8,mission_cruise,72.39021678710395,2500.0,43.804891606448024,4073.9,893.5,833.9,836.7,826.3,194.9,192.0,194.5,195.9,4.52,77.7,3.164,4072.5,893.8,832.8,835.8,825.8,194.1,191.5,195.0,196.0,4.53,78.0,3.218,-1.2,0.957,1,injector_clog,1,0.27,72.63,261467.3
234.9,mission_cruise,72.38910505836576,2500.0,43.80544747081712,4077.6,893.3,833.6,834.8,826.4,194.5,191.3,195.2,197.0,4.57,78.5,3.259,4072.4,893.8,832.8,835.8,825.8,194.1,191.5,195.0,196.0,4.53,78.0,3.218,-1.2,0.957,1,injector_clog,1,0.27,72.6,261366.4
235.0,mission_cruise,72.38799332962758,2500.0,43.80600333518621,4063.4,894.2,833.6,836.4,826.5,193.2,191.6,195.8,196.9,4.52,77.1,3.239,4072.4,893.8,832.8,835.8,825.8,194.1,191.5,195.0,196.0,4.53,78.0,3.218,-1.2,0.957,1,injector_clog,1,0.27,72.57,261265.5
235.1,mission_cruise,72.38688160088938,2500.0,43.80655919955531,4069.3,893.4,832.7,835.4,825.7,194.2,190.9,194.1,195.0,4.53,77.8,3.233,4072.4,893.8,832.8,835.8,825.8,194.1,191.5,195.0,196.0,4.53,78.0,3.217,-1.2,0.957,1,injector_clog,1,0.27,72.55,261164.6
235.2,mission_cruise,72.3857698721512,2500.0,43.8071150639244,4076.4,892.1,834.8,836.6,827.1,194.3,191.7,194.0,196.8,4.49,77.4,3.242,4072.3,893.8,832.8,835.8,825.8,194.1,191.5,195.0,196.0,4.53,78.0,3.217,-1.2,0.957,1,injector_clog,1,0.27,72.52,261063.7
235.3,mission_cruise,72.384658143413,2500.0,43.8076709282935,4076.0,893.6,833.4,832.3,822.9,193.9,191.9,196.0,195.9,4.53,78.0,3.237,4072.3,893.8,832.8,835.8,825.8,194.1,191.5,195.0,196.0,4.53,78.0,3.217,-1.2,0.957,1,injector_clog,1,0.27,72.49,260962.8
235.4,mission_cruise,72.38354641467483,2500.0,43.80822679266259,4072.3,894.5,831.6,837.2,826.0,194.6,192.0,195.1,196.2,4.52,78.4,3.192,4072.3,893.8,832.8,835.8,825.8,194.1,191.5,195.0,196.0,4.53,78.0,3.217,-1.2,0.957,1,injector_clog,1,0.27,72.46,260861.9
235.5,mission_cruise,72.38243468593663,2500.0,43.808782657031685,4058.1,896.1,832.1,835.1,825.7,193.3,192.2,195.7,196.3,4.54,77.6,3.24,4072.2,893.8,832.8,835.8,825.8,194.1,191.5,195.0,196.0,4.53,78.0,3.217,-1.2,0.957,1,injector_clog,1,0.27,72.43,260761.0
235.6,mission_cruise,72.38132295719845,2500.0,43.809338521400775,4068.9,893.2,833.4,836.4,823.9,193.1,192.3,195.2,196.8,4.57,77.9,3.181,4072.2,893.8,832.8,835.8,825.8,194.1,191.5,195.0,196.0,4.53,78.0,3.217,-1.2,0.957,1,injector_clog,1,0.27,72.41,260660.1
235.7,mission_cruise,72.38021122846025,2500.0,43.80989438576987,4067.5,894.0,832.1,836.3,826.3,194.1,190.9,194.3,195.7,4.53,76.6,3.246,4072.2,893.8,832.8,835.8,825.8,194.1,191.5,195.0,196.0,4.53,78.0,3.217,-1.2,0.957,1,injector_clog,1,0.27,72.38,260559.2
235.8,mission_cruise,72.37909949972207,2500.0,43.81045025013896,4070.5,893.3,833.4,835.5,825.7,194.0,191.9,194.9,196.8,4.55,77.2,3.148,4072.1,893.8,832.8,835.8,825.8,194.1,191.5,195.0,196.0,4.53,78.0,3.217,-1.2,0.957,1,injector_clog,1,0.27,72.35,260458.3
235.9,mission_cruise,72.37798777098388,2500.0,43.81100611450806,4082.2,894.6,830.4,835.3,826.8,192.7,192.4,194.8,196.5,4.55,77.6,3.203,4072.1,893.7,832.7,835.7,825.7,194.1,191.5,195.0,196.0,4.53,78.0,3.217,-1.2,0.957,1,injector_clog,1,0.27,72.32,260357.4
236.0,mission_cruise,72.3768760422457,2500.0,43.81156197887715,4072.2,892.7,832.9,834.0,825.6,193.4,191.0,194.7,197.0,4.56,78.2,3.196,4072.1,893.7,832.7,835.7,825.7,194.1,191.5,195.0,196.0,4.53,78.0,3.217,-1.2,0.957,1,injector_clog,1,0.27,72.29,260256.5
236.1,mission_cruise,72.3757643135075,2500.0,43.81211784324625,4060.5,892.6,832.3,832.8,828.4,193.3,190.5,195.1,196.1,4.56,77.3,3.19,4072.0,893.7,832.7,835.7,825.7,194.1,191.5,195.0,196.0,4.53,78.0,3.217,-1.2,0.957,1,injector_clog,1,0.27,72.27,260155.6
236.2,mission_cruise,72.37465258476932,2500.0,43.81267370761534,4067.8,894.5,833.8,837.4,824.8,193.6,191.3,194.7,195.9,4.53,78.0,3.176,4072.0,893.7,832.7,835.7,825.7,194.1,191.5,195.0,196.0,4.53,78.0,3.217,-1.2,0.957,1,injector_clog,1,0.27,72.24,260054.7
236.3,mission_cruise,72.37354085603113,2500.0,43.81322957198444,4067.3,891.3,836.0,836.9,827.2,194.0,191.1,196.1,195.2,4.48,78.1,3.202,4072.0,893.7,832.7,835.7,825.7,194.1,191.5,195.0,196.0,4.53,78.0,3.217,-1.2,0.957,1,injector_clog,1,0.27,72.21,259953.8
236.4,mission_cruise,72.37242912729295,2500.0,43.81378543635353,4071.6,892.6,835.0,839.0,827.4,194.1,191.9,194.5,195.2,4.55,78.8,3.197,4071.9,893.7,832.7,835.7,825.7,194.1,191.5,195.0,196.0,4.53,78.0,3.217,-1.2,0.957,1,injector_clog,1,0.27,72.18,259852.9
236.5,mission_cruise,72.37131739855475,2500.0,43.814341300722624,4076.7,893.9,833.4,834.6,826.4,194.2,190.3,195.1,196.2,4.51,78.0,3.179,4071.9,893.7,832.7,835.7,825.7,194.1,191.5,195.0,196.0,4.53,78.0,3.217,-1.2,0.957,1,injector_clog,1,0.27,72.15,259752.0
236.6,mission_cruise,72.37020566981657,2500.0,43.814897165091715,4067.0,893.9,833.2,836.1,823.7,194.4,192.2,195.4,196.0,4.49,77.7,3.21,4071.9,893.7,832.7,835.7,825.7,194.1,191.5,195.0,196.0,4.53,78.0,3.217,-1.2,0.957,1,injector_clog,1,0.27,72.13,259651.1
236.7,mission_cruise,72.36909394107838,2500.0,43.81545302946081,4068.3,893.1,830.5,836.6,825.0,194.7,192.4,194.0,196.2,4.54,78.9,3.212,4071.8,893.7,832.7,835.7,825.7,194.1,191.5,195.0,196.0,4.53,78.0,3.217,-1.2,0.957,1,injector_clog,1,0.27,72.1,259550.2
236.8,mission_cruise,72.3679822123402,2500.0,43.8160088938299,4077.2,894.4,835.0,837.0,824.5,194.5,190.7,194.6,196.0,4.48,77.7,3.239,4071.8,893.7,832.7,835.7,825.7,194.1,191.5,195.0,196.0,4.53,78.0,3.217,-1.2,0.957,1,injector_clog,1,0.27,72.07,259449.3
236.9,mission_cruise,72.366870483602,2500.0,43.816564758199,4073.5,894.7,833.3,833.9,827.2,193.5,190.6,195.4,196.8,4.57,77.3,3.185,4071.7,893.7,832.7,835.7,825.7,194.1,191.5,195.0,196.0,4.53,78.0,3.217,-1.2,0.957,1,injector_clog,1,0.27,72.04,259348.4
237.0,mission_cruise,72.36575875486382,2500.0,43.81712062256809,4072.9,894.8,832.1,833.3,827.6,194.3,191.4,195.4,197.0,4.53,77.4,3.197,4071.7,893.7,832.7,835.7,825.7,194.1,191.5,195.0,196.0,4.53,78.0,3.217,-1.2,0.957,1,injector_clog,1,0.27,72.01,259247.5
237.1,mission_cruise,72.36464702612562,2500.0,43.81767648693719,4065.2,893.4,834.0,834.5,827.7,192.5,191.6,196.4,195.6,4.52,78.3,3.223,4071.7,893.7,832.7,835.7,825.7,194.1,191.5,195.0,196.0,4.53,78.0,3.217,-1.2,0.957,1,injector_clog,1,0.27,71.99,259146.6
237.2,mission_cruise,72.36353529738744,2500.0,43.81823235130628,4063.3,897.1,833.0,834.4,825.1,193.6,191.0,195.4,195.6,4.54,77.6,3.256,4071.6,893.7,832.7,835.7,825.7,194.1,191.5,195.0,196.0,4.53,78.0,3.217,-1.2,0.957,1,injector_clog,1,0.27,71.96,259045.7
237.3,mission_cruise,72.36242356864925,2500.0,43.818788215675376,4071.5,895.3,832.9,837.3,824.3,194.9,192.2,194.2,195.4,4.56,78.5,3.16,4071.6,893.7,832.7,835.7,825.7,194.1,191.5,195.0,196.0,4.53,78.0,3.217,-1.2,0.957,1,injector_clog,1,0.27,71.93,258944.8
237.4,mission_cruise,72.36131183991107,2500.0,43.819344080044466,4072.5,891.2,831.2,834.5,825.9,194.8,192.1,195.9,196.5,4.58,78.0,3.156,4071.6,893.7,832.7,835.7,825.7,194.1,191.5,195.0,196.0,4.53,78.0,3.217,-1.2,0.957,1,injector_clog,1,0.27,71.9,258843.9
237.5,mission_cruise,72.36020011117287,2500.0,43.819899944413564,4071.1,893.9,833.4,833.6,827.1,193.3,192.0,195.7,195.9,4.5,78.0,3.171,4071.5,893.7,832.7,835.7,825.7,194.1,191.5,195.0,196.0,4.53,78.0,3.216,-1.2,0.957,1,injector_clog,1,0.27,71.87,258743.0
237.6,mission_cruise,72.35908838243469,2500.0,43.820455808782654,4075.2,892.9,832.8,833.0,824.7,193.7,192.6,195.3,196.1,4.55,77.2,3.221,4071.5,893.7,832.7,835.7,825.7,194.1,191.5,195.0,196.0,4.53,78.0,3.216,-1.2,0.957,1,injector_clog,1,0.27,71.85,258642.1
237.7,mission_cruise,72.3579766536965,2500.0,43.82101167315175,4079.1,893.9,829.4,834.5,826.7,194.9,191.1,195.1,195.9,4.54,77.9,3.215,4071.5,893.7,832.7,835.7,825.7,194.1,191.5,195.0,196.0,4.53,78.0,3.216,-1.2,0.957,1,injector_clog,1,0.27,71.82,258541.2
237.8,mission_cruise,72.35686492495832,2500.0,43.82156753752084,4070.1,895.0,834.1,837.2,827.5,194.9,191.7,194.9,196.1,4.51,77.7,3.196,4071.4,893.7,832.7,835.7,825.7,194.1,191.5,195.0,196.0,4.53,78.0,3.216,-1.2,0.957,1,injector_clog,1,0.27,71.79,258440.3
237.9,mission_cruise,72.35575319622012,2500.0,43.82212340188994,4062.0,892.2,831.8,839.5,826.4,194.2,191.5,194.9,196.7,4.54,77.3,3.234,4071.4,893.7,832.7,835.7,825.7,194.1,191.5,195.0,196.0,4.53,78.0,3.216,-1.2,0.957,1,injector_clog,1,0.27,71.76,258339.4
238.0,mission_cruise,72.35464146748194,2500.0,43.82267926625903,4068.4,892.9,833.0,835.8,823.8,193.7,191.3,194.8,195.7,4.55,79.0,3.256,4071.4,893.7,832.7,835.7,825.7,194.1,191.5,195.0,196.0,4.53,78.0,3.216,-1.2,0.957,1,injector_clog,1,0.27,71.73,258238.5
238.1,mission_cruise,72.35352973874375,2500.0,43.82323513062813,4078.5,892.4,833.9,836.7,825.3,194.6,192.4,194.5,196.9,4.53,77.9,3.236,4071.3,893.7,832.7,835.7,825.7,194.1,191.5,195.0,196.0,4.53,78.0,3.216,-1.2,0.957,1,injector_clog,1,0.27,71.7,258137.6
238.2,mission_cruise,72.35241801000556,2500.0,43.82379099499722,4070.0,893.1,832.9,834.7,826.9,194.2,192.4,195.3,196.1,4.48,77.9,3.184,4071.3,893.7,832.7,835.7,825.7,194.1,191.5,195.0,196.0,4.53,78.0,3.216,-1.2,0.957,1,injector_clog,1,0.27,71.68,258036.7
238.3,mission_cruise,72.35130628126737,2500.0,43.824346859366315,4070.2,894.6,830.6,838.2,827.2,193.2,191.3,194.4,195.4,4.54,77.3,3.237,4071.3,893.7,832.7,835.7,825.7,194.1,191.5,195.0,196.0,4.53,78.0,3.216,-1.2,0.957,1,injector_clog,1,0.27,71.65,257935.8
238.4,mission_cruise,72.35019455252919,2500.0,43.824902723735406,4076.5,891.8,834.7,834.2,826.0,194.9,191.2,194.4,196.6,4.55,77.7,3.199,4071.2,893.7,832.7,835.7,825.7,194.1,191.5,195.0,196.0,4.53,78.0,3.216,-1.2,0.957,1,injector_clog,1,0.27,71.62,257834.9
238.5,mission_cruise,72.349082823791,2500.0,43.8254585881045,4076.9,892.0,831.9,834.7,828.0,193.5,192.0,194.9,195.8,4.54,77.9,3.209,4071.2,893.7,832.7,835.7,825.7,194.1,191.5,195.0,196.0,4.53,78.0,3.216,-1.2,0.957,1,injector_clog,1,0.27,71.59,257734.0
238.6,mission_cruise,72.34797109505281,2500.0,43.82601445247359,4063.4,892.5,833.0,838.9,824.6,194.0,191.0,195.9,195.8,4.5,78.0,3.184,4071.2,893.7,832.7,835.7,825.7,194.1,191.5,195.0,196.0,4.53,78.0,3.216,-1.2,0.957,1,injector_clog,1,0.27,71.56,257633.1
238.7,mission_cruise,72.34685936631462,2500.0,43.82657031684269,4069.5,892.4,834.2,836.0,822.3,194.2,191.5,196.2,196.3,4.48,78.4,3.219,4071.1,893.7,832.7,835.7,825.7,194.1,191.5,195.0,196.0,4.53,78.0,3.216,-1.2,0.957,1,injector_clog,1,0.27,71.54,257532.2
238.8,mission_cruise,72.34574763757644,2500.0,43.82712618121178,4071.2,893.7,830.8,836.5,825.0,193.5,190.0,194.9,195.7,4.5,78.0,3.218,4071.1,893.7,832.7,835.7,825.7,194.1,191.5,195.0,196.0,4.53,78.0,3.216,-1.2,0.957,1,injector_clog,1,0.27,71.51,257431.3
238.9,mission_cruise,72.34463590883824,2500.0,43.82768204558088,4075.6,894.2,834.2,834.5,826.2,194.5,191.6,194.0,196.1,4.56,78.0,3.226,4071.1,893.7,832.7,835.7,825.7,194.1,191.5,195.0,196.0,4.53,78.0,3.216,-1.2,0.957,1,injector_clog,1,0.27,71.48,257330.4
239.0,mission_cruise,72.34352418010006,2500.0,43.82823790994997,4061.7,889.4,832.7,836.8,827.7,193.7,190.5,194.5,196.6,4.5,77.3,3.255,4071.0,893.7,832.7,835.7,825.7,194.1,191.5,195.0,196.0,4.53,78.0,3.216,-1.2,0.957,1,injector_clog,1,0.27,71.45,257229.5
239.1,mission_cruise,72.34241245136187,2500.0,43.82879377431907,4077.1,891.6,832.0,835.7,827.3,193.2,189.9,194.8,196.1,4.54,77.6,3.192,4071.0,893.7,832.7,835.7,825.7,194.1,191.5,195.0,196.0,4.53,78.0,3.216,-1.2,0.957,1,injector_clog,1,0.27,71.42,257128.6
239.2,mission_cruise,72.34130072262369,2500.0,43.82934963868816,4069.7,893.7,833.2,835.6,824.1,194.8,192.5,194.7,196.3,4.52,78.5,3.209,4071.0,893.7,832.7,835.7,825.7,194.1,191.5,195.0,196.0,4.53,78.0,3.216,-1.2,0.957,1,injector_clog,1,0.27,71.4,257027.7
239.3,mission_cruise,72.34018899388549,2500.0,43.829905503057255,4074.8,892.8,834.7,835.6,822.6,194.2,192.1,194.5,196.3,4.53,77.7,3.254,4070.9,893.7,832.7,835.7,825.7,194.1,191.5,195.0,196.0,4.53,78.0,3.216,-1.2,0.957,1,injector_clog,1,0.27,71.37,256926.8
239.4,mission_cruise,72.33907726514731,2500.0,43.830461367426345,4078.0,892.8,831.9,837.7,827.3,194.4,191.4,195.0,195.6,4.53,79.1,3.226,4070.9,893.7,832.7,835.7,825.7,194.1,191.5,195.0,196.0,4.53,78.0,3.216,-1.2,0.957,1,injector_clog,1,0.27,71.34,256825.9
239.5,mission_cruise,72.33796553640911,2500.0,43.83101723179544,4061.2,894.6,830.8,835.1,824.8,194.5,191.6,194.8,196.3,4.51,78.1,3.249,4070.9,893.7,832.7,835.7,825.7,194.1,191.5,195.0,196.0,4.53,78.0,3.216,-1.2,0.957,1,injector_clog,1,0.27,71.31,256725.0
239.6,mission_cruise,72.33685380767093,2500.0,43.83157309616453,4056.6,893.0,833.6,834.2,824.3,195.6,192.9,194.7,196.6,4.52,76.8,3.192,4070.8,893.7,832.7,835.7,825.7,194.1,191.5,195.0,196.0,4.53,78.0,3.216,-1.2,0.957,1,injector_clog,1,0.27,71.28,256624.1
239.7,mission_cruise,72.33574207893274,2500.0,43.83212896053363,4081.3,895.2,834.7,837.7,826.8,194.1,191.6,194.0,196.8,4.53,77.9,3.202,4070.8,893.7,832.7,835.7,825.7,194.1,191.5,195.0,196.0,4.53,78.0,3.216,-1.2,0.957,1,injector_clog,1,0.27,71.26,256523.2
239.8,mission_cruise,72.33463035019456,2500.0,43.83268482490272,4077.9,893.8,835.4,835.3,826.0,195.0,191.7,195.0,195.8,4.52,78.1,3.211,4070.8,893.7,832.7,835.7,825.7,194.1,191.5,195.0,196.0,4.53,78.0,3.216,-1.2,0.957,1,injector_clog,1,0.27,71.23,256422.3
239.9,mission_cruise,72.33351862145636,2500.0,43.83324068927182,4073.8,893.0,831.3,835.8,824.9,194.1,193.0,195.0,196.8,4.52,78.1,3.217,4070.7,893.7,832.7,835.7,825.7,194.1,191.5,195.0,196.0,4.53,78.0,3.215,-1.2,0.957,1,injector_clog,1,0.27,71.2,256321.4
240.0,mission_cruise,72.33240689271818,2500.0,43.83379655364091,4075.1,892.6,830.4,836.5,827.1,194.3,192.2,195.1,195.6,4.54,78.6,3.18,4070.7,893.7,832.7,835.7,825.7,194.1,191.5,195.0,196.0,4.53,78.0,3.215,-1.2,0.957,1,injector_clog,1,0.27,71.17,256220.5
240.1,mission_cruise,72.33129516397999,2500.0,43.834352418010006,4068.8,892.7,833.0,833.3,824.8,193.2,192.2,195.4,196.9,4.53,78.3,3.215,4070.6,893.7,832.7,835.7,825.7,194.1,191.5,195.0,196.0,4.53,78.0,3.215,-1.2,0.957,1,injector_clog,1,0.27,71.14,256119.6
240.2,mission_cruise,72.3301834352418,2500.0,43.8349082823791,4072.6,893.3,833.6,836.7,828.1,194.2,192.1,194.5,195.8,4.58,77.5,3.208,4070.6,893.7,832.7,835.7,825.7,194.1,191.5,195.0,196.0,4.53,78.0,3.215,-1.2,0.957,1,injector_clog,1,0.27,71.12,256018.7
240.3,mission_cruise,72.32907170650361,2500.0,43.835464146748194,4062.0,893.6,830.2,834.4,825.8,193.9,191.4,195.1,195.1,4.53,78.3,3.245,4070.6,893.7,832.7,835.7,825.7,194.1,191.5,195.0,196.0,4.53,78.0,3.215,-1.2,0.957,1,injector_clog,1,0.27,71.09,255917.8
240.4,mission_cruise,72.32795997776543,2500.0,43.836020011117284,4063.4,897.2,831.4,835.8,824.8,194.5,191.7,195.1,196.4,4.51,77.8,3.191,4070.5,893.7,832.7,835.7,825.7,194.1,191.5,195.0,196.0,4.53,78.0,3.215,-1.2,0.957,1,injector_clog,1,0.27,71.06,255816.9
240.5,mission_cruise,72.32684824902724,2500.0,43.83657587548638,4079.4,892.7,833.9,835.1,826.5,194.0,192.6,195.0,196.5,4.59,78.1,3.211,4070.5,893.7,832.7,835.7,825.7,194.1,191.5,195.0,196.0,4.53,78.0,3.215,-1.2,0.957,1,injector_clog,1,0.27,71.03,255716.0
240.6,mission_cruise,72.32573652028906,2500.0,43.83713173985547,4065.6,896.1,831.2,835.3,823.4,194.0,190.6,193.8,196.0,4.56,78.7,3.209,4070.5,893.7,832.7,835.7,825.7,194.1,191.5,195.0,196.0,4.53,78.0,3.215,-1.2,0.957,1,injector_clog,1,0.27,71.0,255615.1
240.7,mission_cruise,72.32462479155086,2500.0,43.83768760422457,4075.5,892.7,834.5,837.3,825.9,194.0,192.6,194.2,196.6,4.5,77.8,3.252,4070.4,893.7,832.7,835.7,825.7,194.1,191.5,195.0,196.0,4.53,78.0,3.215,-1.2,0.957,1,injector_clog,1,0.27,70.98,255514.2
240.8,mission_cruise,72.32351306281268,2500.0,43.83824346859366,4069.7,893.4,831.8,837.4,825.5,194.3,192.1,194.8,195.9,4.54,77.7,3.166,4070.4,893.7,832.7,835.7,825.7,194.1,191.5,195.0,196.0,4.53,78.0,3.215,-1.2,0.957,1,injector_clog,1,0.27,70.95,255413.3
240.9,mission_cruise,72.32240133407448,2500.0,43.83879933296276,4081.1,892.1,833.2,835.8,822.8,195.3,191.8,196.0,196.0,4.58,78.6,3.213,4070.4,893.7,832.7,835.7,825.7,194.1,191.5,195.0,196.0,4.53,78.0,3.215,-1.2,0.957,1,injector_clog,1,0.27,70.92,255312.4
241.0,mission_cruise,72.3212896053363,2500.0,43.83935519733185,4064.6,891.9,831.3,837.7,826.8,194.6,191.0,194.9,196.4,4.49,77.9,3.23,4070.3,893.7,832.7,835.7,825.7,194.1,191.5,195.0,196.0,4.53,78.0,3.215,-1.2,0.957,1,injector_clog,1,0.27,70.89,255211.5
241.1,mission_cruise,72.32017787659811,2500.0,43.839911061700946,4058.3,892.5,830.6,836.9,827.8,194.3,191.1,194.5,195.4,4.51,78.2,3.234,4070.3,893.6,832.6,835.6,825.6,194.1,191.5,195.0,196.0,4.53,78.0,3.215,-1.2,0.957,1,injector_clog,1,0.27,70.86,255110.6
241.2,mission_cruise,72.31906614785993,2500.0,43.840466926070036,4070.1,894.9,833.1,834.7,826.5,194.4,191.4,193.5,197.2,4.54,77.7,3.167,4070.3,893.6,832.6,835.6,825.6,194.1,191.5,195.0,196.0,4.53,78.0,3.215,-1.2,0.957,1,injector_clog,1,0.27,70.84,255009.7
241.3,mission_cruise,72.31795441912173,2500.0,43.84102279043913,4068.3,893.0,834.0,833.6,825.9,195.0,192.4,194.9,196.6,4.57,78.6,3.201,4070.2,893.6,832.6,835.6,825.6,194.1,191.5,195.0,196.0,4.53,78.0,3.215,-1.2,0.957,1,injector_clog,1,0.27,70.81,254908.8
241.4,mission_cruise,72.31684269038355,2500.0,43.841578654808224,4071.1,894.9,835.6,835.9,824.5,193.2,191.7,194.6,196.2,4.52,78.5,3.225,4070.2,893.6,832.6,835.6,825.6,194.1,191.5,195.0,196.0,4.53,78.0,3.215,-1.2,0.957,1,injector_clog,1,0.27,70.78,254807.9
241.5,mission_cruise,72.31573096164536,2500.0,43.84213451917732,4066.7,891.5,832.0,836.9,827.8,194.3,190.8,195.0,196.0,4.54,77.7,3.178,4070.2,893.6,832.6,835.6,825.6,194.1,191.5,195.0,196.0,4.53,78.0,3.215,-1.2,0.957,1,injector_clog,1,0.27,70.75,254707.0
241.6,mission_cruise,72.31461923290718,2500.0,43.84269038354641,4073.6,891.6,832.4,835.4,826.3,192.3,192.2,195.9,194.7,4.54,78.1,3.195,4070.1,893.6,832.6,835.6,825.6,194.1,191.5,195.0,196.0,4.53,78.0,3.215,-1.2,0.957,1,injector_clog,1,0.27,70.72,254606.1
241.7,mission_cruise,72.31350750416898,2500.0,43.84324624791551,4067.5,894.7,833.8,837.0,827.0,193.4,191.9,195.1,196.6,4.53,78.7,3.218,4070.1,893.6,832.6,835.6,825.6,194.1,191.5,195.0,196.0,4.53,78.0,3.215,-1.2,0.957,1,injector_clog,1,0.27,70.7,254505.2
241.8,mission_cruise,72.3123957754308,2500.0,43.8438021122846,4067.7,893.0,832.1,835.5,823.1,193.4,191.3,194.5,195.7,4.55,77.3,3.242,4070.1,893.6,832.6,835.6,825.6,194.0,191.5,195.0,196.0,4.53,78.0,3.215,-1.2,0.957,1,injector_clog,1,0.27,70.67,254404.3
241.9,mission_cruise,72.3112840466926,2500.0,43.8443579766537,4060.8,893.3,831.3,834.2,826.9,194.2,190.8,195.3,196.3,4.54,78.6,3.168,4070.0,893.6,832.6,835.6,825.6,194.0,191.5,195.0,196.0,4.53,78.0,3.215,-1.2,0.957,1,injector_clog,1,0.27,70.64,254303.4
242.0,mission_cruise,72.31017231795443,2500.0,43.84491384102279,4064.6,893.5,832.5,835.5,824.8,195.0,192.0,194.6,196.5,4.52,78.5,3.264,4070.0,893.6,832.6,835.6,825.6,194.0,191.5,195.0,196.0,4.53,78.0,3.215,-1.2,0.957,1,injector_clog,1,0.27,70.61,254202.5
242.1,mission_cruise,72.30906058921623,2500.0,43.845469705391885,4072.9,895.6,831.3,836.9,824.3,195.6,192.3,195.4,195.7,4.54,77.2,3.219,4070.0,893.6,832.6,835.6,825.6,194.0,191.5,195.0,196.0,4.53,78.0,3.215,-1.2,0.957,1,injector_clog,1,0.27,70.58,254101.6
242.2,mission_cruise,72.30794886047805,2500.0,43.846025569760975,4072.6,894.9,832.3,833.2,827.3,194.0,190.9,195.7,196.3,4.58,77.8,3.198,4069.9,893.6,832.6,835.6,825.6,194.0,191.5,195.0,196.0,4.53,78.0,3.215,-1.2,0.957,1,injector_clog,1,0.27,70.56,254000.7
242.3,mission_cruise,72.30683713173985,2500.0,43.84658143413007,4074.0,892.6,832.7,837.7,824.9,194.2,191.1,195.8,196.0,4.5,77.4,3.271,4069.9,893.6,832.6,835.6,825.6,194.0,191.5,195.0,196.0,4.53,78.0,3.215,-1.2,0.957,1,injector_clog,1,0.27,70.53,253899.8
242.4,mission_cruise,72.30572540300167,2500.0,43.84713729849916,4074.1,893.4,832.6,837.9,824.6,195.4,190.9,195.9,195.8,4.52,78.7,3.161,4069.9,893.6,832.6,835.6,825.6,194.0,191.5,195.0,196.0,4.53,78.0,3.214,-1.2,0.957,1,injector_clog,1,0.27,70.5,253798.9
242.5,mission_cruise,72.30461367426348,2500.0,43.84769316286826,4068.6,893.5,831.7,836.3,826.3,193.6,191.3,195.2,196.0,4.58,78.3,3.224,4069.8,893.6,832.6,835.6,825.6,194.0,191.5,195.0,196.0,4.53,78.0,3.214,-1.2,0.957,1,injector_clog,1,0.27,70.47,253698.0
242.6,mission_cruise,72.3035019455253,2500.0,43.84824902723735,4060.9,894.3,831.7,835.3,822.7,193.7,192.6,196.1,195.3,4.53,77.4,3.255,4069.8,893.6,832.6,835.6,825.6,194.0,191.5,195.0,196.0,4.53,78.0,3.214,-1.2,0.957,1,injector_clog,1,0.27,70.44,253597.1
242.7,mission_cruise,72.3023902167871,2500.0,43.84880489160645,4066.3,893.1,832.6,835.9,824.6,193.9,191.3,195.5,196.5,4.53,77.5,3.225,4069.8,893.6,832.6,835.6,825.6,194.0,191.5,195.0,196.0,4.53,78.0,3.214,-1.2,0.957,1,injector_clog,1,0.27,70.42,253496.2
242.8,mission_cruise,72.30127848804892,2500.0,43.84936075597554,4062.4,894.3,831.8,836.3,823.3,193.9,191.9,194.2,196.0,4.56,78.1,3.186,4069.7,893.6,832.6,835.6,825.6,194.0,191.5,195.0,196.0,4.53,78.0,3.214,-1.2,0.957,1,injector_clog,1,0.27,70.39,253395.3
242.9,mission_cruise,72.30016675931073,2500.0,43.849916620344636,4063.2,895.6,833.7,837.4,826.4,194.0,192.0,195.4,196.2,4.54,78.0,3.231,4069.7,893.6,832.6,835.6,825.6,194.0,191.5,195.0,196.0,4.53,78.0,3.214,-1.2,0.957,1,injector_clog,1,0.27,70.36,253294.4
243.0,mission_cruise,72.29905503057255,2500.0,43.85047248471373,4067.8,895.6,832.4,836.5,828.0,193.3,191.6,195.8,195.8,4.47,78.4,3.167,4069.7,893.6,832.6,835.6,825.6,194.0,191.5,195.0,196.0,4.53,78.0,3.214,-1.2,0.957,1,injector_clog,1,0.27,70.33,253193.5
243.1,mission_cruise,72.29794330183435,2500.0,43.851028349082824,4070.3,894.0,835.4,834.8,825.4,193.4,191.1,195.3,196.5,4.5,77.6,3.237,4069.6,893.6,832.6,835.6,825.6,194.0,191.5,195.0,196.0,4.53,78.0,3.214,-1.2,0.957,1,injector_clog,1,0.27,70.3,253092.6
243.2,mission_cruise,72.29683157309617,2500.0,43.851584213451915,4068.8,893.5,832.4,834.4,823.6,195.5,191.4,194.8,195.8,4.55,78.3,3.22,4069.6,893.6,832.6,835.6,825.6,194.0,191.5,195.0,196.0,4.53,78.0,3.214,-1.2,0.957,1,injector_clog,1,0.27,70.28,252991.7
243.3,mission_cruise,72.29571984435798,2500.0,43.85214007782101,4073.4,896.5,833.7,834.7,826.1,192.9,191.2,195.2,197.0,4.5,77.0,3.249,4069.6,893.6,832.6,835.6,825.6,194.0,191.5,195.0,196.0,4.53,78.0,3.214,-1.2,0.957,1,injector_clog,1,0.27,70.25,252890.8
243.4,mission_cruise,72.2946081156198,2500.0,43.8526959421901,4069.5,893.8,831.6,837.5,826.8,193.7,192.1,194.5,195.5,4.5,78.1,3.217,4069.5,893.6,832.6,835.6,825.6,194.0,191.5,195.0,196.0,4.53,78.0,3.214,-1.2,0.957,1,injector_clog,1,0.27,70.22,252789.9
243.5,mission_cruise,72.2934963868816,2500.0,43.8532518065592,4068.1,894.9,833.9,837.1,826.6,193.6,191.2,194.2,195.6,4.54,77.9,3.181,4069.5,893.6,832.6,835.6,825.6,194.0,191.5,195.0,196.0,4.53,78.0,3.214,-1.2,0.957,1,injector_clog,1,0.27,70.19,252689.0
243.6,mission_cruise,72.29238465814342,2500.0,43.85380767092829,4065.3,895.0,833.7,836.1,826.6,192.6,191.8,195.7,195.2,4.54,78.2,3.225,4069.4,893.6,832.6,835.6,825.6,194.0,191.5,195.0,196.0,4.53,78.0,3.214,-1.2,0.957,1,injector_clog,1,0.27,70.16,252588.1
243.7,mission_cruise,72.29127292940522,2500.0,43.85436353529739,4072.6,892.8,831.4,834.4,824.1,194.4,190.7,195.2,196.0,4.54,78.4,3.196,4069.4,893.6,832.6,835.6,825.6,194.0,191.5,195.0,196.0,4.53,78.0,3.214,-1.2,0.957,1,injector_clog,1,0.27,70.14,252487.2
243.8,mission_cruise,72.29016120066704,2500.0,43.85491939966648,4074.8,893.4,834.1,833.7,823.1,195.0,191.5,194.6,196.6,4.52,77.6,3.197,4069.4,893.6,832.6,835.6,825.6,194.0,191.5,195.0,196.0,4.53,78.0,3.214,-1.2,0.957,1,injector_clog,1,0.27,70.11,252386.3
243.9,mission_cruise,72.28904947192885,2500.0,43.855475264035576,4069.3,892.7,831.7,835.5,824.3,194.2,191.4,194.9,196.4,4.53,78.5,3.233,4069.3,893.6,832.6,835.6,825.6,194.0,191.5,195.0,196.0,4.53,78.0,3.214,-1.2,0.957,1,injector_clog,1,0.27,70.08,252285.4
244.0,mission_cruise,72.28793774319067,2500.0,43.856031128404666,4069.5,890.1,831.4,833.4,824.2,194.9,191.5,195.0,196.4,4.53,77.8,3.231,4069.3,893.6,832.6,835.6,825.6,194.0,191.5,195.0,196.0,4.53,78.0,3.214,-1.2,0.957,1,injector_clog,1,0.27,70.05,252184.5
244.1,mission_cruise,72.28682601445247,2500.0,43.856586992773764,4084.3,894.1,831.3,837.7,826.7,193.3,191.0,193.8,195.3,4.53,78.5,3.229,4069.3,893.6,832.6,835.6,825.6,194.0,191.5,195.0,196.0,4.53,78.0,3.214,-1.2,0.957,1,injector_clog,1,0.27,70.02,252083.6
244.2,mission_cruise,72.28571428571429,2500.0,43.857142857142854,4061.5,895.0,833.8,834.1,826.2,193.3,191.9,195.0,195.0,4.54,78.9,3.164,4069.2,893.6,832.6,835.6,825.6,194.0,191.5,195.0,196.0,4.53,78.0,3.214,-1.2,0.957,1,injector_clog,1,0.27,70.0,251982.7
244.3,mission_cruise,72.2846025569761,2500.0,43.85769872151195,4068.1,894.2,835.5,838.5,824.2,194.6,191.9,194.5,195.9,4.5,77.7,3.274,4069.2,893.6,832.6,835.6,825.6,194.0,191.5,195.0,196.0,4.53,78.0,3.214,-1.2,0.957,1,injector_clog,1,0.27,69.97,251881.8
244.4,mission_cruise,72.28349082823792,2500.0,43.85825458588104,4080.5,894.3,829.5,838.9,826.5,193.7,191.5,194.2,195.8,4.54,77.9,3.264,4069.2,893.6,832.6,835.6,825.6,194.0,191.5,195.0,196.0,4.53,78.0,3.214,-1.2,0.957,1,injector_clog,1,0.27,69.94,251780.9
244.5,mission_cruise,72.28237909949972,2500.0,43.85881045025014,4071.1,891.8,832.2,835.5,829.6,194.0,191.6,195.8,196.3,4.51,78.3,3.206,4069.1,893.6,832.6,835.6,825.6,194.0,191.5,195.0,196.0,4.53,78.0,3.214,-1.2,0.957,1,injector_clog,1,0.27,69.91,251680.0
244.6,mission_cruise,72.28126737076154,2500.0,43.85936631461923,4067.7,893.7,834.1,833.6,825.0,193.8,192.1,194.7,195.0,4.51,77.9,3.189,4069.1,893.6,832.6,835.6,825.6,194.0,191.5,195.0,196.0,4.53,78.0,3.214,-1.2,0.957,1,injector_clog,1,0.27,69.88,251579.1
244.7,mission_cruise,72.28015564202335,2500.0,43.85992217898833,4069.5,894.5,832.2,836.5,827.2,194.0,191.9,195.6,195.6,4.55,77.7,3.216,4069.1,893.6,832.6,835.6,825.6,194.0,191.5,195.0,196.0,4.53,78.0,3.214,-1.2,0.957,1,injector_clog,1,0.27,69.86,251478.2
244.8,mission_cruise,72.27904391328516,2500.0,43.86047804335742,4088.5,896.0,834.0,836.6,825.2,195.1,191.4,195.9,195.9,4.54,78.5,3.24,4069.0,893.6,832.6,835.6,825.6,194.0,191.5,195.0,196.0,4.53,78.0,3.213,-1.2,0.957,1,injector_clog,1,0.27,69.83,251377.3
244.9,mission_cruise,72.27793218454697,2500.0,43.861033907726515,4078.7,895.4,832.8,834.7,826.4,194.7,191.3,196.0,197.0,4.51,78.0,3.232,4069.0,893.6,832.6,835.6,825.6,194.0,191.5,195.0,196.0,4.53,78.0,3.213,-1.2,0.957,1,injector_clog,1,0.27,69.8,251276.4
245.0,mission_cruise,72.27682045580879,2500.0,43.861589772095606,4075.8,893.3,833.4,837.4,823.5,194.2,192.3,195.4,195.4,4.51,77.9,3.213,4069.0,893.6,832.6,835.6,825.6,194.0,191.5,195.0,196.0,4.53,78.0,3.213,-1.2,0.957,1,injector_clog,1,0.27,69.77,251175.5
245.1,mission_cruise,72.2757087270706,2500.0,43.8621456364647,4064.9,892.8,833.6,835.7,826.9,193.8,190.9,194.9,196.5,4.53,77.6,3.24,4068.9,893.6,832.6,835.6,825.6,194.0,191.5,195.0,196.0,4.53,78.0,3.213,-1.2,0.957,1,injector_clog,1,0.27,69.74,251074.6
245.2,mission_cruise,72.27459699833241,2500.0,43.86270150083379,4066.4,893.8,832.9,833.8,826.6,193.5,191.4,194.5,197.2,4.55,77.6,3.245,4068.9,893.6,832.6,835.6,825.6,194.0,191.5,195.0,196.0,4.53,78.0,3.213,-1.2,0.957,1,injector_clog,1,0.27,69.71,250973.7
245.3,mission_cruise,72.27348526959422,2500.0,43.86325736520289,4068.2,891.2,833.7,835.2,824.9,195.3,191.4,195.5,196.0,4.52,78.0,3.203,4068.9,893.6,832.6,835.6,825.6,194.0,191.5,195.0,196.0,4.53,78.0,3.213,-1.2,0.957,1,injector_clog,1,0.27,69.69,250872.8
245.4,mission_cruise,72.27237354085604,2500.0,43.86381322957198,4064.6,894.0,833.6,836.7,826.3,193.2,191.8,194.6,195.4,4.53,78.0,3.199,4068.8,893.6,832.6,835.6,825.6,194.0,191.5,195.0,196.0,4.53,78.0,3.213,-1.2,0.957,1,injector_clog,1,0.27,69.66,250771.9
245.5,mission_cruise,72.27126181211784,2500.0,43.86436909394108,4061.9,891.6,832.9,837.5,824.3,193.0,191.0,195.1,195.2,4.54,78.1,3.254,4068.8,893.6,832.6,835.6,825.6,194.0,191.5,195.0,196.0,4.53,78.0,3.213,-1.2,0.957,1,injector_clog,1,0.27,69.63,250671.0
245.6,mission_cruise,72.27015008337966,2500.0,43.86492495831017,4065.8,892.9,832.8,837.2,824.8,193.1,191.8,194.4,195.9,4.54,77.3,3.259,4068.8,893.6,832.6,835.6,825.6,194.0,191.5,195.0,196.0,4.53,78.0,3.213,-1.2,0.957,1,injector_clog,1,0.27,69.6,250570.1
245.7,mission_cruise,72.26903835464147,2500.0,43.86548082267927,4069.0,892.7,832.6,837.1,828.2,193.6,190.9,195.3,195.7,4.54,77.9,3.2,4068.7,893.6,832.6,835.6,825.6,194.0,191.5,195.0,196.0,4.53,78.0,3.213,-1.2,0.957,1,injector_clog,1,0.27,69.57,250469.2
245.8,mission_cruise,72.26792662590329,2500.0,43.86603668704836,4073.0,892.8,834.6,834.8,823.8,194.8,192.0,194.3,195.7,4.51,77.8,3.214,4068.7,893.6,832.6,835.6,825.6,194.0,191.5,195.0,196.0,4.53,78.0,3.213,-1.2,0.957,1,injector_clog,1,0.27,69.55,250368.3
245.9,mission_cruise,72.26681489716509,2500.0,43.866592551417455,4066.2,893.1,833.5,835.6,826.7,194.0,192.8,195.1,195.8,4.52,77.8,3.191,4068.7,893.6,832.6,835.6,825.6,194.0,191.5,195.0,196.0,4.53,78.0,3.213,-1.2,0.957,1,injector_clog,1,0.27,69.52,250267.4
246.0,mission_cruise,72.26570316842691,2500.0,43.867148415786545,4072.3,894.1,832.4,837.7,828.4,194.7,191.6,195.5,195.4,4.53,77.9,3.161,4068.6,893.6,832.6,835.6,825.6,194.0,191.5,195.0,196.0,4.53,78.0,3.213,-1.2,0.957,1,injector_clog,1,0.27,69.49,250166.5
246.1,mission_cruise,72.26459143968872,2500.0,43.86770428015564,4068.2,892.6,833.1,834.6,826.4,194.2,191.5,195.6,196.7,4.51,78.5,3.174,4068.6,893.6,832.6,835.6,825.6,194.0,191.5,195.0,196.0,4.53,78.0,3.213,-1.2,0.957,1,injector_clog,1,0.27,69.46,250065.6
246.2,mission_cruise,72.26347971095053,2500.0,43.86826014452473,4074.7,892.3,831.1,833.4,826.1,194.5,191.4,195.3,196.5,4.55,77.8,3.151,4068.6,893.5,832.5,835.5,825.5,194.0,191.5,195.0,196.0,4.53,78.0,3.213,-1.2,0.957,1,injector_clog,1,0.27,69.43,249964.7
246.3,mission_cruise,72.26236798221234,2500.0,43.86881600889383,4072.4,892.1,832.4,835.8,826.0,194.9,191.7,194.6,196.5,4.52,77.9,3.213,4068.5,893.5,832.5,835.5,825.5,194.0,191.5,195.0,196.0,4.53,78.0,3.213,-1.2,0.957,1,injector_clog,1,0.27,69.41,249863.8
246.4,mission_cruise,72.26125625347416,2500.0,43.86937187326292,4069.2,894.3,833.0,834.9,825.7,195.4,192.0,195.2,195.8,4.52,77.5,3.234,4068.5,893.5,832.5,835.5,825.5,194.0,191.5,195.0,196.0,4.53,78.0,3.213,-1.2,0.957,1,injector_clog,1,0.27,69.38,249762.9
246.5,mission_cruise,72.26014452473596,2500.0,43.86992773763202,4067.0,894.6,831.4,834.9,824.2,195.1,190.7,195.8,197.1,4.56,77.7,3.211,4068.5,893.5,832.5,835.5,825.5,194.0,191.5,195.0,196.0,4.53,78.0,3.213,-1.2,0.957,1,injector_clog,1,0.27,69.35,249662.0
246.6,mission_cruise,72.25903279599778,2500.0,43.87048360200111,4069.4,888.3,829.5,833.1,823.5,194.9,190.9,194.6,196.5,4.53,78.6,3.175,4068.4,893.5,832.5,835.5,825.5,194.0,191.5,195.0,196.0,4.53,78.0,3.213,-1.2,0.957,1,injector_clog,1,0.27,69.32,249561.1
246.7,mission_cruise,72.25792106725959,2500.0,43.871039466370206,4062.8,894.4,832.7,833.3,825.7,194.6,191.2,194.9,195.6,4.55,77.6,3.203,4068.4,893.5,832.5,835.5,825.5,194.0,191.5,195.0,196.0,4.53,78.0,3.213,-1.2,0.957,1,injector_clog,1,0.27,69.29,249460.2
246.8,mission_cruise,72.2568093385214,2500.0,43.8715953307393,4072.8,891.7,833.6,834.6,826.6,193.7,192.1,195.2,197.3,4.53,77.7,3.239,4068.4,893.5,832.5,835.5,825.5,194.0,191.5,195.0,196.0,4.53,78.0,3.213,-1.2,0.957,1,injector_clog,1,0.27,69.27,249359.3
246.9,mission_cruise,72.25569760978321,2500.0,43.872151195108394,4065.8,892.1,833.4,836.2,826.1,193.7,192.6,195.4,196.0,4.55,77.9,3.213,4068.3,893.5,832.5,835.5,825.5,194.0,191.5,195.0,196.0,4.53,78.0,3.213,-1.2,0.957,1,injector_clog,1,0.27,69.24,249258.4
247.0,mission_cruise,72.25458588104503,2500.0,43.872707059477484,4080.3,895.1,830.4,834.5,828.6,193.4,190.2,195.1,196.9,4.53,78.4,3.243,4068.3,893.5,832.5,835.5,825.5,194.0,191.5,195.0,196.0,4.53,78.0,3.213,-1.2,0.957,1,injector_clog,1,0.27,69.21,249157.5
247.1,mission_cruise,72.25347415230684,2500.0,43.87326292384658,4072.2,896.6,830.7,835.5,824.2,193.6,191.0,194.9,195.6,4.54,77.3,3.218,4068.2,893.5,832.5,835.5,825.5,194.0,191.5,195.0,196.0,4.53,78.0,3.213,-1.2,0.957,1,injector_clog,1,0.27,69.18,249056.6
247.2,mission_cruise,72.25236242356866,2500.0,43.87381878821567,4071.9,892.8,834.3,836.1,823.6,193.9,192.4,195.2,195.3,4.57,77.7,3.177,4068.2,893.5,832.5,835.5,825.5,194.0,191.5,195.0,196.0,4.53,78.0,3.213,-1.2,0.957,1,injector_clog,1,0.27,69.15,248955.7
247.3,mission_cruise,72.25125069483046,2500.0,43.87437465258477,4060.8,894.9,833.8,834.4,822.6,193.1,192.1,195.1,195.4,4.57,78.0,3.235,4068.2,893.5,832.5,835.5,825.5,194.0,191.5,195.0,196.0,4.53,78.0,3.212,-1.2,0.957,1,injector_clog,1,0.27,69.13,248854.8
247.4,mission_cruise,72.25013896609228,2500.0,43.87493051695386,4065.6,894.6,833.2,835.8,825.4,194.2,191.4,195.3,195.6,4.5,78.0,3.224,4068.1,893.5,832.5,835.5,825.5,194.0,191.5,195.0,196.0,4.53,78.0,3.212,-1.2,0.957,1,injector_clog,1,0.27,69.1,248753.9
247.5,mission_cruise,72.24902723735408,2500.0,43.87548638132296,4073.6,892.6,832.5,837.5,826.4,194.2,191.6,194.9,197.2,4.52,78.6,3.209,4068.1,893.5,832.5,835.5,825.5,194.0,191.5,195.0,196.0,4.53,78.0,3.212,-1.2,0.957,1,injector_clog,1,0.27,69.07,248653.0
247.6,mission_cruise,72.2479155086159,2500.0,43.87604224569205,4066.7,891.9,832.3,837.4,824.6,193.7,192.2,195.0,196.3,4.54,78.4,3.165,4068.1,893.5,832.5,835.5,825.5,194.0,191.5,195.0,196.0,4.53,78.0,3.212,-1.2,0.957,1,injector_clog,1,0.27,69.04,248552.1
247.7,mission_cruise,72.24680377987771,2500.0,43.876598110061146,4061.2,894.3,832.0,835.4,825.8,194.6,190.8,195.6,196.2,4.54,78.6,3.206,4068.0,893.5,832.5,835.5,825.5,194.0,191.5,195.0,196.0,4.53,78.0,3.212,-1.2,0.957,1,injector_clog,1,0.27,69.01,248451.2
247.8,mission_cruise,72.24569205113953,2500.0,43.877153974430236,4063.6,895.7,832.7,834.6,825.5,194.4,192.1,194.1,195.9,4.54,78.0,3.162,4068.0,893.5,832.5,835.5,825.5,194.0,191.5,195.0,196.0,4.53,78.0,3.212,-1.2,0.957,1,injector_clog,1,0.27,68.99,248350.3
247.9,mission_cruise,72.24458032240133,2500.0,43.87770983879933,4076.8,893.8,830.8,835.3,825.3,193.3,190.5,195.4,196.6,4.53,77.9,3.233,4068.0,893.5,832.5,835.5,825.5,194.0,191.5,195.0,196.0,4.53,78.0,3.212,-1.2,0.957,1,injector_clog,1,0.27,68.96,248249.4
248.0,mission_cruise,72.24346859366315,2500.0,43.878265703168424,4074.1,892.3,833.1,835.5,823.9,194.3,190.9,195.4,196.0,4.52,78.8,3.231,4067.9,893.5,832.5,835.5,825.5,194.0,191.5,195.0,196.0,4.53,78.0,3.212,-1.2,0.957,1,injector_clog,1,0.27,68.93,248148.5
248.1,mission_cruise,72.24235686492496,2500.0,43.87882156753752,4065.6,893.4,830.3,833.6,825.9,195.8,191.8,195.0,196.0,4.53,78.3,3.244,4067.9,893.5,832.5,835.5,825.5,194.0,191.5,195.0,196.0,4.53,78.0,3.212,-1.2,0.957,1,injector_clog,1,0.27,68.9,248047.6
248.2,mission_cruise,72.24124513618678,2500.0,43.87937743190661,4073.2,893.7,833.9,835.3,821.8,193.4,191.0,194.2,196.2,4.54,79.0,3.241,4067.9,893.5,832.5,835.5,825.5,194.0,191.5,195.0,196.0,4.53,78.0,3.212,-1.2,0.957,1,injector_clog,1,0.27,68.87,247946.7
248.3,mission_cruise,72.24013340744858,2500.0,43.87993329627571,4062.7,895.7,829.9,834.9,826.6,193.8,191.8,195.5,195.0,4.53,77.8,3.218,4067.8,893.5,832.5,835.5,825.5,194.0,191.5,195.0,196.0,4.53,78.0,3.212,-1.2,0.957,1,injector_clog,1,0.27,68.85,247845.8
248.4,mission_cruise,72.2390216787104,2500.0,43.8804891606448,4069.3,894.4,831.3,834.4,826.1,193.2,191.0,193.9,197.2,4.5,78.2,3.178,4067.8,893.5,832.5,835.5,825.5,194.0,191.5,195.0,196.0,4.53,78.0,3.212,-1.2,0.957,1,injector_clog,1,0.27,68.82,247744.9
248.5,mission_cruise,72.2379099499722,2500.0,43.8810450250139,4075.1,892.7,833.1,835.2,824.1,194.7,190.3,193.5,195.9,4.55,78.1,3.156,4067.8,893.5,832.5,835.5,825.5,194.0,191.5,195.0,196.0,4.53,78.0,3.212,-1.2,0.957,1,injector_clog,1,0.27,68.79,247644.0
248.6,mission_cruise,72.23679822123403,2500.0,43.88160088938299,4069.5,894.1,831.1,836.0,826.6,194.0,191.5,195.1,196.0,4.59,78.0,3.199,4067.7,893.5,832.5,835.5,825.5,194.0,191.5,195.0,196.0,4.53,78.0,3.212,-1.2,0.957,1,injector_clog,1,0.27,68.76,247543.1
248.7,mission_cruise,72.23568649249583,2500.0,43.882156753752085,4062.9,894.7,832.5,835.8,826.6,193.2,192.5,194.5,196.8,4.55,78.2,3.187,4067.7,893.5,832.5,835.5,825.5,194.0,191.5,195.0,196.0,4.53,78.0,3.212,-1.2,0.957,1,injector_clog,1,0.27,68.73,247442.2
248.8,mission_cruise,72.23457476375765,2500.0,43.882712618121175,4074.8,895.1,831.7,834.0,825.5,193.6,190.9,194.4,197.1,4.51,77.3,3.204,4067.7,893.5,832.5,835.5,825.5,194.0,191.5,195.0,196.0,4.53,78.0,3.212,-1.2,0.957,1,injector_clog,1,0.27,68.71,247341.3
248.9,mission_cruise,72.23346303501945,2500.0,43.88326848249027,4063.1,893.1,832.8,836.1,825.8,193.8,191.5,193.6,195.4,4.54,77.9,3.18,4067.6,893.5,832.5,835.5,825.5,194.0,191.5,195.0,196.0,4.53,78.0,3.212,-1.2,0.957,1,injector_clog,1,0.27,68.68,247240.4
249.0,mission_cruise,72.23235130628127,2500.0,43.88382434685936,4064.0,893.1,829.5,836.3,823.4,195.1,191.7,194.8,197.7,4.54,77.7,3.208,4067.6,893.5,832.5,835.5,825.5,194.0,191.5,195.0,196.0,4.53,78.0,3.212,-1.2,0.957,1,injector_clog,1,0.27,68.65,247139.5
249.1,mission_cruise,72.23123957754308,2500.0,43.88438021122846,4065.2,894.8,832.2,831.5,828.2,194.1,190.2,194.6,195.9,4.51,77.9,3.246,4067.6,893.5,832.5,835.5,825.5,194.0,191.5,195.0,196.0,4.53,78.0,3.212,-1.2,0.957,1,injector_clog,1,0.27,68.62,247038.6
249.2,mission_cruise,72.2301278488049,2500.0,43.88493607559755,4067.8,892.9,833.7,837.4,826.0,193.6,190.7,194.7,196.1,4.55,78.1,3.224,4067.5,893.5,832.5,835.5,825.5,194.0,191.5,195.0,196.0,4.53,78.0,3.212,-1.2,0.957,1,injector_clog,1,0.27,68.59,246937.7
249.3,mission_cruise,72.2290161200667,2500.0,43.88549193996665,4061.9,895.0,833.1,835.3,825.5,194.2,191.6,196.2,195.8,4.52,78.0,3.226,4067.5,893.5,832.5,835.5,825.5,194.0,191.5,195.0,196.0,4.53,78.0,3.212,-1.2,0.957,1,injector_clog,1,0.27,68.57,246836.8
249.4,mission_cruise,72.22790439132852,2500.0,43.88604780433574,4065.0,893.0,831.4,832.6,825.4,193.8,191.8,195.0,196.0,4.49,77.7,3.256,4067.5,893.5,832.5,835.5,825.5,194.0,191.5,195.0,196.0,4.53,78.0,3.212,-1.2,0.957,1,injector_clog,1,0.27,68.54,246735.9
249.5,mission_cruise,72.22679266259033,2500.0,43.886603668704836,4071.1,895.8,832.8,836.6,823.8,193.7,192.4,193.7,196.6,4.48,78.1,3.262,4067.4,893.5,832.5,835.5,825.5,194.0,191.5,195.0,196.0,4.53,78.0,3.212,-1.2,0.957,1,injector_clog,1,0.27,68.51,246635.0
249.6,mission_cruise,72.22568093385215,2500.0,43.88715953307393,4082.1,896.0,831.6,838.1,826.5,194.8,190.9,194.8,196.1,4.52,77.2,3.129,4067.4,893.5,832.5,835.5,825.5,194.0,191.5,195.0,196.0,4.53,78.0,3.212,-1.2,0.957,1,injector_clog,1,0.27,68.48,246534.1
249.7,mission_cruise,72.22456920511395,2500.0,43.887715397443024,4072.5,895.1,833.1,835.0,824.0,194.0,191.4,195.8,196.1,4.53,77.4,3.25,4067.4,893.5,832.5,835.5,825.5,194.0,191.5,195.0,196.0,4.53,78.0,3.211,-1.2,0.957,1,injector_clog,1,0.27,68.45,246433.2
249.8,mission_cruise,72.22345747637577,2500.0,43.888271261812115,4062.4,892.8,831.9,836.4,825.9,194.7,191.4,195.1,195.8,4.53,77.8,3.198,4067.3,893.5,832.5,835.5,825.5,194.0,191.5,195.0,196.0,4.53,78.0,3.211,-1.2,0.957,1,injector_clog,1,0.27,68.43,246332.3
249.9,mission_cruise,72.22234574763758,2500.0,43.88882712618121,4071.7,893.8,831.8,832.1,827.1,194.0,192.3,194.2,195.6,4.5,78.6,3.176,4067.3,893.5,832.5,835.5,825.5,194.0,191.5,195.0,196.0,4.53,78.0,3.211,-1.2,0.957,1,injector_clog,1,0.27,68.4,246231.4
250.0,mission_cruise,72.2212340188994,2500.0,43.8893829905503,4060.9,897.2,835.9,834.3,826.2,194.6,192.3,194.3,195.6,4.55,77.3,3.216,4067.3,893.5,832.5,835.5,825.5,194.0,191.5,195.0,196.0,4.53,78.0,3.211,-1.2,0.957,1,injector_clog,1,0.27,68.37,246130.5
250.1,mission_cruise,72.2201222901612,2500.0,43.8899388549194,4062.4,891.2,831.3,836.1,827.3,194.8,190.6,194.5,197.0,4.56,78.3,3.2,4067.2,893.5,832.5,835.5,825.5,194.0,191.5,195.0,196.0,4.53,78.0,3.211,-1.2,0.957,1,injector_clog,1,0.27,68.34,246029.6
250.2,mission_cruise,72.21901056142302,2500.0,43.89049471928849,4069.4,892.9,831.4,834.7,824.8,193.5,191.4,194.7,195.6,4.61,77.6,3.202,4067.2,893.5,832.5,835.5,825.5,194.0,191.5,195.0,196.0,4.53,78.0,3.211,-1.2,0.957,1,injector_clog,1,0.27,68.31,245928.7
250.3,mission_cruise,72.21789883268482,2500.0,43.89105058365759,4065.0,893.0,830.6,837.8,825.7,194.9,191.5,195.6,196.7,4.53,78.3,3.169,4067.1,893.5,832.5,835.5,825.5,194.0,191.5,195.0,196.0,4.53,78.0,3.211,-1.2,0.957,1,injector_clog,1,0.27,68.29,245827.8
250.4,mission_cruise,72.21678710394664,2500.0,43.89160644802668,4069.2,893.2,832.2,835.0,823.4,193.1,190.9,195.2,195.4,4.52,78.3,3.216,4067.1,893.5,832.5,835.5,825.5,194.0,191.5,195.0,196.0,4.53,78.0,3.211,-1.2,0.957,1,injector_clog,1,0.27,68.26,245726.9
250.5,mission_cruise,72.21567537520845,2500.0,43.892162312395776,4067.4,892.3,835.6,838.7,825.4,194.5,189.7,194.8,196.0,4.54,78.5,3.172,4067.1,893.5,832.5,835.5,825.5,194.0,191.5,195.0,196.0,4.53,78.0,3.211,-1.2,0.957,1,injector_clog,1,0.27,68.23,245626.0
250.6,mission_cruise,72.21456364647027,2500.0,43.892718176764866,4061.9,893.3,831.7,836.5,823.1,195.1,192.2,194.3,195.3,4.55,77.7,3.234,4067.0,893.5,832.5,835.5,825.5,194.0,191.5,195.0,196.0,4.53,78.0,3.211,-1.2,0.957,1,injector_clog,1,0.27,68.2,245525.1
250.7,mission_cruise,72.21345191773207,2500.0,43.893274041133964,4070.8,891.9,832.1,836.6,824.8,194.2,191.5,195.2,196.3,4.56,78.3,3.269,4067.0,893.5,832.5,835.5,825.5,194.0,191.5,195.0,196.0,4.53,78.0,3.211,-1.2,0.957,1,injector_clog,1,0.27,68.17,245424.2
250.8,mission_cruise,72.21234018899389,2500.0,43.893829905503054,4069.1,892.9,832.6,835.7,826.3,194.0,191.2,193.1,196.6,4.47,78.2,3.198,4067.0,893.5,832.5,835.5,825.5,194.0,191.4,194.9,195.9,4.53,78.0,3.211,-1.2,0.957,1,injector_clog,1,0.27,68.15,245323.3
250.9,mission_cruise,72.2112284602557,2500.0,43.89438576987215,4066.2,893.1,831.0,833.3,825.7,194.2,193.1,193.5,196.2,4.51,77.4,3.239,4066.9,893.5,832.5,835.5,825.5,194.0,191.4,194.9,195.9,4.53,78.0,3.211,-1.2,0.957,1,injector_clog,1,0.27,68.12,245222.4
251.0,mission_cruise,72.21011673151752,2500.0,43.89494163424124,4075.3,889.8,835.2,835.4,824.2,194.0,191.6,195.3,196.4,4.51,78.5,3.227,4066.9,893.5,832.5,835.5,825.5,194.0,191.4,194.9,195.9,4.53,78.0,3.211,-1.2,0.957,1,injector_clog,1,0.27,68.09,245121.5
251.1,mission_cruise,72.20900500277932,2500.0,43.89549749861034,4065.8,892.7,831.2,836.5,825.0,193.1,191.3,195.3,195.6,4.48,77.2,3.222,4066.9,893.5,832.5,835.5,825.5,194.0,191.4,194.9,195.9,4.53,78.0,3.211,-1.2,0.957,1,injector_clog,1,0.27,68.06,245020.6
251.2,mission_cruise,72.20789327404114,2500.0,43.89605336297943,4063.2,893.9,833.6,835.4,826.4,193.8,191.8,195.2,195.8,4.54,78.1,3.188,4066.8,893.5,832.5,835.5,825.5,194.0,191.4,194.9,195.9,4.53,78.0,3.211,-1.2,0.957,1,injector_clog,1,0.27,68.03,244919.7
251.3,mission_cruise,72.20678154530295,2500.0,43.89660922734853,4067.5,892.5,832.5,837.4,823.7,194.0,191.3,195.6,196.2,4.53,77.5,3.185,4066.8,893.5,832.5,835.5,825.5,194.0,191.4,194.9,195.9,4.53,78.0,3.211,-1.2,0.957,1,injector_clog,1,0.27,68.01,244818.8
251.4,mission_cruise,72.20566981656476,2500.0,43.89716509171762,4062.3,891.4,834.8,834.3,828.5,194.1,190.7,195.3,195.8,4.52,77.4,3.215,4066.8,893.4,832.4,835.4,825.4,194.0,191.4,194.9,195.9,4.53,78.0,3.211,-1.2,0.957,1,injector_clog,1,0.27,67.98,244717.9
251.5,mission_cruise,72.20455808782657,2500.0,43.897720956086715,4069.7,897.1,832.5,838.0,822.8,194.3,191.8,195.1,196.7,4.56,78.0,3.2,4066.7,893.4,832.4,835.4,825.4,194.0,191.4,194.9,195.9,4.53,78.0,3.211,-1.2,0.957,1,injector_clog,1,0.27,67.95,244617.0
251.6,mission_cruise,72.20344635908839,2500.0,43.898276820455806,4074.8,891.4,832.1,836.6,825.1,194.2,191.3,195.3,196.3,4.52,78.5,3.245,4066.7,893.4,832.4,835.4,825.4,194.0,191.4,194.9,195.9,4.53,78.0,3.211,-1.2,0.957,1,injector_clog,1,0.27,67.92,244516.1
251.7,mission_cruise,72.2023346303502,2500.0,43.8988326848249,4073.3,892.2,831.9,836.8,826.6,195.5,190.3,194.3,196.4,4.55,78.7,3.206,4066.7,893.4,832.4,835.4,825.4,194.0,191.4,194.9,195.9,4.53,78.0,3.211,-1.2,0.957,1,injector_clog,1,0.27,67.89,244415.2
251.8,mission_cruise,72.20122290161201,2500.0,43.89938854919399,4066.5,893.2,831.8,834.8,827.5,194.1,190.7,194.7,195.8,4.53,77.8,3.241,4066.6,893.4,832.4,835.4,825.4,194.0,191.4,194.9,195.9,4.53,78.0,3.211,-1.2,0.957,1,injector_clog,1,0.27,67.87,244314.3
251.9,mission_cruise,72.20011117287382,2500.0,43.89994441356309,4076.2,894.0,831.5,834.8,827.0,193.6,192.3,195.2,196.4,4.57,78.6,3.253,4066.6,893.4,832.4,835.4,825.4,194.0,191.4,194.9,195.9,4.53,78.0,3.211,-1.2,0.957,1,injector_clog,1,0.27,67.84,244213.4
252.0,mission_cruise,72.19899944413564,2500.0,43.90050027793218,4067.2,892.7,832.4,835.3,829.3,193.0,192.6,194.2,195.3,4.52,77.4,3.201,4066.6,893.4,832.4,835.4,825.4,194.0,191.4,194.9,195.9,4.53,78.0,3.211,-1.2,0.957,1,injector_clog,1,0.27,67.81,244112.5
252.1,mission_cruise,72.19788771539744,2500.0,43.90105614230128,4068.4,893.8,832.8,836.3,825.7,193.8,191.6,195.8,196.2,4.51,78.3,3.242,4066.5,893.4,832.4,835.4,825.4,194.0,191.4,194.9,195.9,4.53,78.0,3.211,-1.2,0.957,1,injector_clog,1,0.27,67.78,244011.6
252.2,mission_cruise,72.19677598665926,2500.0,43.90161200667037,4075.1,894.2,834.7,835.8,825.9,194.4,192.2,195.4,196.0,4.51,78.2,3.209,4066.5,893.4,832.4,835.4,825.4,194.0,191.4,194.9,195.9,4.53,78.0,3.21,-1.2,0.957,1,injector_clog,1,0.27,67.75,243910.7
252.3,mission_cruise,72.19566425792107,2500.0,43.90216787103947,4068.3,892.5,831.9,834.4,825.6,194.6,191.3,195.4,195.2,4.54,77.5,3.211,4066.5,893.4,832.4,835.4,825.4,194.0,191.4,194.9,195.9,4.53,78.0,3.21,-1.2,0.957,1,injector_clog,1,0.27,67.72,243809.8
252.4,mission_cruise,72.19455252918289,2500.0,43.90272373540856,4062.3,892.4,833.4,836.0,828.2,194.6,191.4,195.4,195.0,4.51,77.9,3.173,4066.4,893.4,832.4,835.4,825.4,194.0,191.4,194.9,195.9,4.53,78.0,3.21,-1.2,0.957,1,injector_clog,1,0.27,67.7,243708.9
252.5,mission_cruise,72.19344080044469,2500.0,43.903279599777655,4066.0,896.9,834.2,833.5,826.6,193.8,192.1,195.4,195.7,4.48,77.9,3.213,4066.4,893.4,832.4,835.4,825.4,194.0,191.4,194.9,195.9,4.53,78.0,3.21,-1.2,0.957,1,injector_clog,1,0.27,67.67,243608.0
252.6,mission_cruise,72.19232907170651,2500.0,43.903835464146745,4060.4,891.3,833.6,834.6,826.0,194.4,191.1,195.2,196.3,4.48,78.2,3.205,4066.4,893.4,832.4,835.4,825.4,194.0,191.4,194.9,195.9,4.53,78.0,3.21,-1.2,0.957,1,injector_clog,1,0.27,67.64,243507.1
252.7,mission_cruise,72.19121734296832,2500.0,43.90439132851584,4056.5,893.3,831.1,837.3,825.4,194.9,191.6,194.0,195.6,4.54,77.3,3.209,4066.3,893.4,832.4,835.4,825.4,194.0,191.4,194.9,195.9,4.53,78.0,3.21,-1.2,0.957,1,injector_clog,1,0.27,67.61,243406.2
252.8,mission_cruise,72.19010561423013,2500.0,43.90494719288493,4066.9,894.4,835.1,836.8,825.4,193.2,191.3,195.1,195.9,4.54,78.0,3.212,4066.3,893.4,832.4,835.4,825.4,194.0,191.4,194.9,195.9,4.53,78.0,3.21,-1.2,0.957,1,injector_clog,1,0.27,67.58,243305.3
252.9,mission_cruise,72.18899388549194,2500.0,43.90550305725403,4063.0,892.6,832.9,834.8,824.1,193.5,191.9,194.6,195.5,4.57,78.0,3.199,4066.3,893.4,832.4,835.4,825.4,194.0,191.4,194.9,195.9,4.53,78.0,3.21,-1.2,0.957,1,injector_clog,1,0.27,67.56,243204.4
253.0,mission_cruise,72.18788215675376,2500.0,43.90605892162312,4076.7,889.2,831.4,834.8,823.7,193.4,191.3,194.8,196.4,4.53,78.1,3.201,4066.2,893.4,832.4,835.4,825.4,194.0,191.4,194.9,195.9,4.53,78.0,3.21,-1.2,0.957,1,injector_clog,1,0.27,67.53,243103.5
253.1,mission_cruise,72.18677042801556,2500.0,43.90661478599222,4064.0,894.7,831.3,833.7,824.9,193.6,192.1,195.5,195.7,4.54,78.3,3.143,4066.2,893.4,832.4,835.4,825.4,194.0,191.4,194.9,195.9,4.53,78.0,3.21,-1.2,0.957,1,injector_clog,1,0.27,67.5,243002.6
253.2,mission_cruise,72.18565869927738,2500.0,43.90717065036131,4077.0,895.0,830.3,836.5,825.7,193.9,191.3,194.0,196.5,4.56,77.9,3.191,4066.2,893.4,832.4,835.4,825.4,194.0,191.4,194.9,195.9,4.53,78.0,3.21,-1.2,0.957,1,injector_clog,1,0.27,67.47,242901.7
253.3,mission_cruise,72.18454697053919,2500.0,43.907726514730406,4061.5,894.6,833.6,834.4,823.8,194.6,191.8,195.0,195.2,4.51,78.2,3.206,4066.1,893.4,832.4,835.4,825.4,194.0,191.4,194.9,195.9,4.53,78.0,3.21,-1.2,0.957,1,injector_clog,1,0.27,67.44,242800.8
253.4,mission_cruise,72.183435241801,2500.0,43.9082823790995,4066.7,893.9,832.9,834.1,824.9,194.2,191.8,195.6,196.8,4.55,78.2,3.275,4066.1,893.4,832.4,835.4,825.4,194.0,191.4,194.9,195.9,4.53,78.0,3.21,-1.2,0.957,1,injector_clog,1,0.27,67.42,242699.9
253.5,mission_cruise,72.18232351306281,2500.0,43.908838243468594,4061.2,893.2,829.1,835.9,827.1,194.5,191.7,193.9,195.1,4.59,77.6,3.235,4066.1,893.4,832.4,835.4,825.4,194.0,191.4,194.9,195.9,4.53,78.0,3.21,-1.2,0.957,1,injector_clog,1,0.27,67.39,242599.0
253.6,mission_cruise,72.18121178432463,2500.0,43.909394107837684,4072.1,895.9,833.0,835.3,828.9,194.3,191.5,194.2,194.5,4.56,78.1,3.234,4066.0,893.4,832.4,835.4,825.4,194.0,191.4,194.9,195.9,4.53,78.0,3.21,-1.2,0.957,1,injector_clog,1,0.27,67.36,242498.1
253.7,mission_cruise,72.18010005558644,2500.0,43.90994997220678,4061.3,894.3,832.2,833.9,824.8,194.6,191.0,194.3,196.6,4.51,77.8,3.251,4066.0,893.4,832.4,835.4,825.4,194.0,191.4,194.9,195.9,4.53,78.0,3.21,-1.2,0.957,1,injector_clog,1,0.27,67.33,242397.2
253.8,mission_cruise,72.17898832684826,2500.0,43.91050583657587,4075.0,893.5,830.5,836.8,825.3,193.2,191.5,195.4,194.9,4.54,78.3,3.279,4065.9,893.4,832.4,835.4,825.4,194.0,191.4,194.9,195.9,4.53,78.0,3.21,-1.2,0.957,1,injector_clog,1,0.27,67.3,242296.3
253.9,mission_cruise,72.17787659811006,2500.0,43.91106170094497,4073.4,892.8,832.1,836.7,826.2,194.7,191.3,195.2,196.0,4.52,77.7,3.194,4065.9,893.4,832.4,835.4,825.4,194.0,191.4,194.9,195.9,4.53,78.0,3.21,-1.2,0.957,1,injector_clog,1,0.27,67.28,242195.4
254.0,mission_cruise,72.17676486937188,2500.0,43.91161756531406,4072.6,893.2,831.8,835.6,826.3,193.9,191.9,194.6,196.1,4.52,78.1,3.227,4065.9,893.4,832.4,835.4,825.4,194.0,191.4,194.9,195.9,4.53,78.0,3.21,-1.2,0.957,1,injector_clog,1,0.27,67.25,242094.5
254.1,mission_cruise,72.17565314063368,2500.0,43.91217342968316,4067.9,890.6,832.9,835.9,826.3,195.1,191.8,195.4,196.0,4.51,78.1,3.235,4065.8,893.4,832.4,835.4,825.4,194.0,191.4,194.9,195.9,4.53,78.0,3.21,-1.2,0.957,1,injector_clog,1,0.27,67.22,241993.6
254.2,mission_cruise,72.1745414118955,2500.0,43.91272929405225,4067.3,894.4,831.7,835.4,824.5,194.5,191.7,194.9,196.1,4.59,77.7,3.204,4065.8,893.4,832.4,835.4,825.4,194.0,191.4,194.9,195.9,4.53,78.0,3.21,-1.2,0.957,1,injector_clog,1,0.27,67.19,241892.7
254.3,mission_cruise,72.17342968315731,2500.0,43.913285158421345,4065.0,895.0,829.2,836.0,826.7,193.8,190.8,193.9,196.0,4.56,78.1,3.225,4065.8,893.4,832.4,835.4,825.4,194.0,191.4,194.9,195.9,4.53,78.0,3.21,-1.2,0.957,1,injector_clog,1,0.27,67.16,241791.8
254.4,mission_cruise,72.17231795441913,2500.0,43.913841022790436,4065.2,891.3,831.3,835.9,826.2,192.5,191.8,194.8,196.2,4.49,77.9,3.247,4065.7,893.4,832.4,835.4,825.4,194.0,191.4,194.9,195.9,4.53,78.0,3.21,-1.2,0.957,1,injector_clog,1,0.27,67.14,241690.9
254.5,mission_cruise,72.17120622568093,2500.0,43.91439688715953,4061.6,892.5,832.7,834.2,825.1,193.0,191.9,195.5,194.3,4.59,77.6,3.155,4065.7,893.4,832.4,835.4,825.4,194.0,191.4,194.9,195.9,4.53,78.0,3.21,-1.2,0.957,1,injector_clog,1,0.27,67.11,241590.0
254.6,mission_cruise,72.17009449694275,2500.0,43.914952751528624,4061.5,893.5,832.6,833.1,824.0,193.6,190.0,193.9,195.7,4.53,77.9,3.257,4065.7,893.4,832.4,835.4,825.4,194.0,191.4,194.9,195.9,4.53,78.0,3.209,-1.2,0.957,1,injector_clog,1,0.27,67.08,241489.1
254.7,mission_cruise,72.16898276820456,2500.0,43.91550861589772,4067.4,894.2,832.1,836.5,824.5,194.9,191.8,194.8,195.8,4.47,78.3,3.212,4065.6,893.4,832.4,835.4,825.4,194.0,191.4,194.9,195.9,4.53,78.0,3.209,-1.2,0.957,1,injector_clog,1,0.27,67.05,241388.2
254.8,mission_cruise,72.16787103946638,2500.0,43.91606448026681,4056.9,894.2,834.2,835.2,825.3,194.3,190.9,195.0,195.3,4.49,77.5,3.182,4065.6,893.4,832.4,835.4,825.4,194.0,191.4,194.9,195.9,4.53,78.0,3.209,-1.2,0.957,1,injector_clog,1,0.27,67.02,241287.3
254.9,mission_cruise,72.16675931072818,2500.0,43.91662034463591,4072.0,893.9,831.5,835.0,826.7,194.1,191.7,195.6,195.9,4.49,77.7,3.248,4065.6,893.4,832.4,835.4,825.4,194.0,191.4,194.9,195.9,4.53,78.0,3.209,-1.2,0.957,1,injector_clog,1,0.27,67.0,241186.4
255.0,mission_cruise,72.16564758199,2500.0,43.917176209005,4062.8,892.0,831.5,836.7,826.4,195.1,192.1,194.5,195.4,4.55,78.0,3.212,4065.5,893.4,832.4,835.4,825.4,194.0,191.4,194.9,195.9,4.53,78.0,3.209,-1.2,0.957,1,injector_clog,1,0.27,66.97,241085.5
255.1,mission_cruise,72.1645358532518,2500.0,43.9177320733741,4062.2,893.5,833.2,836.1,825.8,193.4,192.5,195.6,194.4,4.56,77.5,3.246,4065.5,893.4,832.4,835.4,825.4,194.0,191.4,194.9,195.9,4.53,78.0,3.209,-1.2,0.957,1,injector_clog,1,0.27,66.94,240984.6
255.2,mission_cruise,72.16342412451363,2500.0,43.91828793774319,4070.3,894.2,833.3,834.5,824.3,194.2,191.7,194.7,196.2,4.48,78.5,3.205,4065.5,893.4,832.4,835.4,825.4,194.0,191.4,194.9,195.9,4.53,78.0,3.209,-1.2,0.957,1,injector_clog,1,0.27,66.91,240883.7
255.3,mission_cruise,72.16231239577543,2500.0,43.918843802112285,4070.9,893.4,831.9,836.7,825.2,193.6,191.6,195.6,195.9,4.52,78.4,3.233,4065.4,893.4,832.4,835.4,825.4,194.0,191.4,194.9,195.9,4.53,78.0,3.209,-1.2,0.957,1,injector_clog,1,0.27,66.88,240782.8
255.4,mission_cruise,72.16120066703725,2500.0,43.919399666481375,4069.2,895.3,832.5,835.3,826.9,194.5,190.4,194.7,196.4,4.54,77.5,3.127,4065.4,893.4,832.4,835.4,825.4,194.0,191.4,194.9,195.9,4.53,78.0,3.209,-1.2,0.957,1,injector_clog,1,0.27,66.86,240681.9
255.5,mission_cruise,72.16008893829905,2500.0,43.91995553085047,4059.5,895.3,829.9,835.3,825.1,194.3,191.6,195.1,195.5,4.53,77.7,3.285,4065.4,893.4,832.4,835.4,825.4,194.0,191.4,194.9,195.9,4.53,78.0,3.209,-1.2,0.957,1,injector_clog,1,0.27,66.83,240581.0
255.6,mission_cruise,72.15897720956087,2500.0,43.92051139521956,4057.4,891.8,830.7,833.1,823.2,193.1,191.0,195.0,196.2,4.55,77.8,3.191,4065.3,893.4,832.4,835.4,825.4,194.0,191.4,194.9,195.9,4.53,78.0,3.209,-1.2,0.957,1,injector_clog,1,0.27,66.8,240480.1
255.7,mission_cruise,72.15786548082268,2500.0,43.92106725958866,4066.7,892.3,835.4,835.5,822.6,193.6,191.5,194.7,196.1,4.51,78.0,3.239,4065.3,893.4,832.4,835.4,825.4,194.0,191.4,194.9,195.9,4.53,78.0,3.209,-1.2,0.957,1,injector_clog,1,0.27,66.77,240379.2
255.8,mission_cruise,72.1567537520845,2500.0,43.92162312395775,4062.7,894.3,832.9,834.7,825.2,193.5,191.2,194.2,195.4,4.51,78.3,3.207,4065.3,893.4,832.4,835.4,825.4,194.0,191.4,194.9,195.9,4.53,78.0,3.209,-1.2,0.957,1,injector_clog,1,0.27,66.74,240278.3
255.9,mission_cruise,72.1556420233463,2500.0,43.92217898832685,4064.7,890.6,832.0,835.6,826.9,194.2,191.8,195.1,196.4,4.55,78.1,3.184,4065.2,893.4,832.4,835.4,825.4,194.0,191.4,194.9,195.9,4.53,78.0,3.209,-1.2,0.957,1,injector_clog,1,0.27,66.72,240177.4
256.0,mission_cruise,72.15453029460812,2500.0,43.92273485269594,4073.6,893.4,833.2,831.9,826.5,193.4,191.8,195.1,196.4,4.52,77.3,3.201,4065.2,893.4,832.4,835.4,825.4,194.0,191.4,194.9,195.9,4.53,78.0,3.209,-1.2,0.957,1,injector_clog,1,0.27,66.69,240076.5
256.1,mission_cruise,72.15341856586993,2500.0,43.923290717065036,4058.6,893.5,830.0,834.1,826.3,193.9,190.6,195.3,195.2,4.51,77.9,3.208,4065.2,893.4,832.4,835.4,825.4,194.0,191.4,194.9,195.9,4.53,78.0,3.209,-1.2,0.957,1,injector_clog,1,0.27,66.66,239975.6
256.2,mission_cruise,72.15230683713175,2500.0,43.92384658143413,4071.6,893.8,831.9,833.4,823.9,194.0,191.1,194.2,196.2,4.57,78.3,3.193,4065.1,893.4,832.4,835.4,825.4,194.0,191.4,194.9,195.9,4.53,78.0,3.209,-1.2,0.957,1,injector_clog,1,0.27,66.63,239874.7
256.3,mission_cruise,72.15119510839355,2500.0,43.924402445803224,4068.3,893.3,834.3,835.9,829.2,194.7,191.1,195.0,195.6,4.56,77.6,3.248,4065.1,893.4,832.4,835.4,825.4,194.0,191.4,194.9,195.9,4.53,78.0,3.209,-1.2,0.957,1,injector_clog,1,0.27,66.6,239773.8
256.4,mission_cruise,72.15008337965537,2500.0,43.924958310172315,4068.5,890.9,830.6,835.9,825.3,194.7,190.6,195.2,195.8,4.53,77.5,3.18,4065.1,893.4,832.4,835.4,825.4,194.0,191.4,194.9,195.9,4.53,78.0,3.209,-1.2,0.957,1,injector_clog,1,0.27,66.58,239672.9
256.5,mission_cruise,72.14897165091718,2500.0,43.92551417454141,4062.1,891.1,831.9,835.2,823.6,193.2,190.9,194.1,195.3,4.53,78.0,3.202,4065.0,893.4,832.4,835.4,825.4,194.0,191.4,194.9,195.9,4.53,78.0,3.209,-1.2,0.957,1,injector_clog,1,0.27,66.55,239572.0
256.6,mission_cruise,72.147859922179,2500.0,43.9260700389105,4061.1,893.8,834.0,835.1,824.3,194.4,191.4,195.1,196.5,4.54,78.6,3.22,4065.0,893.3,832.3,835.3,825.3,194.0,191.4,194.9,195.9,4.53,78.0,3.209,-1.2,0.957,1,injector_clog,1,0.27,66.52,239471.1
256.7,mission_cruise,72.1467481934408,2500.0,43.9266259032796,4066.4,889.2,832.3,836.3,825.9,193.7,191.9,195.1,196.9,4.52,78.1,3.232,4065.0,893.3,832.3,835.3,825.3,194.0,191.4,194.9,195.9,4.53,78.0,3.209,-1.2,0.957,1,injector_clog,1,0.27,66.49,239370.2
256.8,mission_cruise,72.14563646470262,2500.0,43.92718176764869,4062.3,893.9,832.7,838.1,827.4,193.8,191.7,194.5,195.8,4.5,77.9,3.223,4064.9,893.3,832.3,835.3,825.3,194.0,191.4,194.9,195.9,4.53,78.0,3.209,-1.2,0.957,1,injector_clog,1,0.27,66.46,239269.3
256.9,mission_cruise,72.14452473596442,2500.0,43.92773763201779,4060.3,892.6,832.8,836.4,825.6,194.0,192.2,194.7,195.3,4.57,77.7,3.266,4064.9,893.3,832.3,835.3,825.3,194.0,191.4,194.9,195.9,4.53,78.0,3.209,-1.2,0.957,1,injector_clog,1,0.27,66.44,239168.4
257.0,mission_cruise,72.14341300722624,2500.0,43.92829349638688,4072.4,892.8,832.1,834.4,826.0,193.4,191.3,193.9,194.9,4.53,77.2,3.23,4064.8,893.3,832.3,835.3,825.3,194.0,191.4,194.9,195.9,4.53,78.0,3.208,-1.2,0.957,1,injector_clog,1,0.27,66.41,239067.5
257.1,mission_cruise,72.14230127848805,2500.0,43.928849360755976,4064.0,893.4,833.1,835.8,825.2,195.8,191.6,195.6,196.3,4.54,78.1,3.239,4064.8,893.3,832.3,835.3,825.3,194.0,191.4,194.9,195.9,4.53,78.0,3.208,-1.2,0.957,1,injector_clog,1,0.27,66.38,238966.6
257.2,mission_cruise,72.14118954974987,2500.0,43.929405225125066,4068.3,894.8,832.6,837.8,825.0,194.4,191.3,194.5,195.6,4.53,78.5,3.242,4064.8,893.3,832.3,835.3,825.3,194.0,191.4,194.9,195.9,4.53,78.0,3.208,-1.2,0.957,1,injector_clog,1,0.27,66.35,238865.7
257.3,mission_cruise,72.14007782101167,2500.0,43.929961089494164,4081.3,894.5,831.7,835.9,824.4,194.9,192.2,195.0,195.0,4.54,78.2,3.149,4064.7,893.3,832.3,835.3,825.3,194.0,191.4,194.9,195.9,4.53,78.0,3.208,-1.2,0.957,1,injector_clog,1,0.27,66.32,238764.8
257.4,mission_cruise,72.13896609227349,2500.0,43.930516953863254,4057.7,892.3,832.6,833.9,828.4,194.4,191.5,195.3,195.5,4.56,78.1,3.204,4064.7,893.3,832.3,835.3,825.3,194.0,191.4,194.9,195.9,4.53,78.0,3.208,-1.2,0.957,1,injector_clog,1,0.27,66.3,238663.9
257.5,mission_cruise,72.1378543635353,2500.0,43.93107281823235,4057.5,893.1,830.7,832.8,824.5,194.2,191.6,195.7,196.5,4.53,78.7,3.203,4064.7,893.3,832.3,835.3,825.3,194.0,191.4,194.9,195.9,4.53,78.0,3.208,-1.2,0.957,1,injector_clog,1,0.27,66.27,238563.0
257.6,mission_cruise,72.13674263479712,2500.0,43.93162868260144,4054.9,893.8,832.8,836.9,826.5,194.0,192.9,194.9,195.8,4.51,77.8,3.203,4064.6,893.3,832.3,835.3,825.3,194.0,191.4,194.9,195.9,4.53,78.0,3.208,-1.2,0.957,1,injector_clog,1,0.27,66.24,238462.1
257.7,mission_cruise,72.13563090605892,2500.0,43.93218454697054,4065.5,892.7,832.1,835.4,825.0,194.2,191.0,195.1,196.2,4.52,78.3,3.206,4064.6,893.3,832.3,835.3,825.3,194.0,191.4,194.9,195.9,4.53,78.0,3.208,-1.2,0.957,1,injector_clog,1,0.27,66.21,238361.2
257.8,mission_cruise,72.13451917732074,2500.0,43.93274041133963,4060.0,891.2,833.0,838.4,824.0,193.2,190.9,194.8,196.2,4.5,78.3,3.177,4064.6,893.3,832.3,835.3,825.3,194.0,191.4,194.9,195.9,4.53,78.0,3.208,-1.2,0.957,1,injector_clog,1,0.27,66.18,238260.3
257.9,mission_cruise,72.13340744858255,2500.0,43.93329627570873,4072.8,893.4,833.7,832.2,826.5,193.8,190.5,194.7,196.5,4.51,78.1,3.215,4064.5,893.3,832.3,835.3,825.3,194.0,191.4,194.9,195.9,4.53,78.0,3.208,-1.2,0.957,1,injector_clog,1,0.27,66.16,238159.4
258.0,mission_cruise,72.13229571984436,2500.0,43.93385214007782,4064.4,892.7,835.4,833.3,825.4,194.2,192.0,195.3,195.4,4.49,77.8,3.189,4064.5,893.3,832.3,835.3,825.3,194.0,191.4,194.9,195.9,4.53,78.0,3.208,-1.2,0.957,1,injector_clog,1,0.27,66.13,238058.5
258.1,mission_cruise,72.13118399110617,2500.0,43.934408004446915,4073.4,892.1,831.7,833.4,822.4,194.2,191.2,195.2,195.7,4.53,78.5,3.188,4064.5,893.3,832.3,835.3,825.3,194.0,191.4,194.9,195.9,4.53,78.0,3.208,-1.2,0.957,1,injector_clog,1,0.27,66.1,237957.6
258.2,mission_cruise,72.13007226236799,2500.0,43.934963868816006,4055.8,893.8,831.7,835.8,824.2,194.4,192.4,195.8,195.6,4.51,78.3,3.184,4064.4,893.3,832.3,835.3,825.3,194.0,191.4,194.9,195.9,4.53,78.0,3.208,-1.2,0.957,1,injector_clog,1,0.27,66.07,237856.7
258.3,mission_cruise,72.1289605336298,2500.0,43.9355197331851,4064.7,893.9,833.1,837.0,828.4,194.5,191.7,195.3,195.4,4.54,78.1,3.201,4064.4,893.3,832.3,835.3,825.3,194.0,191.4,194.9,195.9,4.53,78.0,3.208,-1.2,0.957,1,injector_clog,1,0.27,66.04,237755.8
258.4,mission_cruise,72.12784880489161,2500.0,43.93607559755419,4069.1,890.9,832.5,836.7,823.4,195.0,191.0,195.4,196.1,4.53,78.2,3.203,4064.4,893.3,832.3,835.3,825.3,194.0,191.4,194.9,195.9,4.53,78.0,3.208,-1.2,0.957,1,injector_clog,1,0.27,66.02,237654.9
258.5,mission_cruise,72.12673707615342,2500.0,43.93663146192329,4072.5,892.2,832.1,834.6,823.7,193.7,190.8,194.7,197.0,4.54,78.0,3.194,4064.3,893.3,832.3,835.3,825.3,194.0,191.4,194.9,195.9,4.53,78.0,3.208,-1.2,0.957,1,injector_clog,1,0.27,65.99,237554.0
258.6,mission_cruise,72.12562534741524,2500.0,43.93718732629238,4063.6,892.1,832.5,836.4,823.2,193.0,191.6,194.5,196.9,4.52,78.6,3.18,4064.3,893.3,832.3,835.3,825.3,194.0,191.4,194.9,195.9,4.53,78.0,3.208,-1.2,0.957,1,injector_clog,1,0.27,65.96,237453.1
258.7,mission_cruise,72.12451361867704,2500.0,43.93774319066148,4063.9,892.7,834.4,836.4,824.6,194.0,191.7,195.1,195.8,4.53,78.2,3.2,4064.3,893.3,832.3,835.3,825.3,194.0,191.4,194.9,195.9,4.53,78.0,3.208,-1.2,0.957,1,injector_clog,1,0.27,65.93,237352.2
258.8,mission_cruise,72.12340188993886,2500.0,43.93829905503057,4067.1,893.6,833.6,836.5,825.7,194.0,192.1,193.9,194.6,4.55,77.4,3.182,4064.2,893.3,832.3,835.3,825.3,194.0,191.4,194.9,195.9,4.53,78.0,3.208,-1.2,0.957,1,injector_clog,1,0.27,65.9,237251.3
258.9,mission_cruise,72.12229016120067,2500.0,43.93885491939967,4065.6,892.5,833.1,834.7,824.5,194.7,191.9,195.2,195.3,4.52,77.6,3.257,4064.2,893.3,832.3,835.3,825.3,194.0,191.4,194.9,195.9,4.53,78.0,3.208,-1.2,0.957,1,injector_clog,1,0.27,65.88,237150.4
259.0,mission_cruise,72.12117843246249,2500.0,43.93941078376876,4075.6,893.8,832.1,835.2,824.4,193.4,191.0,194.4,196.1,4.5,77.0,3.235,4064.2,893.3,832.3,835.3,825.3,193.9,191.4,194.9,195.9,4.53,78.0,3.208,-1.2,0.957,1,injector_clog,1,0.27,65.85,237049.5
259.1,mission_cruise,72.12006670372429,2500.0,43.939966648137855,4064.4,893.6,833.4,834.9,825.2,194.2,191.2,194.2,196.7,4.54,78.0,3.253,4064.1,893.3,832.3,835.3,825.3,193.9,191.4,194.9,195.9,4.53,78.0,3.208,-1.2,0.957,1,injector_clog,1,0.27,65.82,236948.6
259.2,mission_cruise,72.11895497498611,2500.0,43.940522512506945,4072.6,891.1,831.9,834.9,823.5,193.8,191.9,195.2,195.1,4.51,78.7,3.237,4064.1,893.3,832.3,835.3,825.3,193.9,191.4,194.9,195.9,4.53,78.0,3.208,-1.2,0.957,1,injector_clog,1,0.27,65.79,236847.7
259.3,mission_cruise,72.11784324624792,2500.0,43.94107837687604,4071.2,894.2,833.0,834.7,827.4,193.7,190.6,195.1,195.2,4.51,78.1,3.214,4064.1,893.3,832.3,835.3,825.3,193.9,191.4,194.9,195.9,4.53,78.0,3.208,-1.2,0.957,1,injector_clog,1,0.27,65.76,236746.8
259.4,mission_cruise,72.11673151750973,2500.0,43.94163424124513,4064.6,892.5,832.2,835.5,827.3,194.7,191.9,196.3,196.6,4.54,78.6,3.176,4064.0,893.3,832.3,835.3,825.3,193.9,191.4,194.9,195.9,4.53,78.0,3.208,-1.2,0.957,1,injector_clog,1,0.27,65.73,236645.9
259.5,mission_cruise,72.11561978877154,2500.0,43.94219010561423,4057.3,895.9,831.0,835.1,827.4,193.4,191.9,194.3,194.7,4.55,77.7,3.182,4064.0,893.3,832.3,835.3,825.3,193.9,191.4,194.9,195.9,4.53,78.0,3.207,-1.2,0.957,1,injector_clog,1,0.27,65.71,236545.0
259.6,mission_cruise,72.11450806003336,2500.0,43.94274596998332,4063.9,894.4,833.8,832.8,826.3,193.9,191.4,195.9,196.0,4.5,78.0,3.231,4064.0,893.3,832.3,835.3,825.3,193.9,191.4,194.9,195.9,4.53,78.0,3.207,-1.2,0.957,1,injector_clog,1,0.27,65.68,236444.1
259.7,mission_cruise,72.11339633129516,2500.0,43.94330183435242,4064.7,894.2,831.0,834.9,825.6,194.6,191.1,195.2,195.4,4.58,78.1,3.228,4063.9,893.3,832.3,835.3,825.3,193.9,191.4,194.9,195.9,4.53,78.0,3.207,-1.2,0.957,1,injector_clog,1,0.27,65.65,236343.2
259.8,mission_cruise,72.11228460255698,2500.0,43.94385769872151,4065.4,894.0,832.8,833.3,825.0,192.8,192.9,194.2,197.0,4.54,77.6,3.209,4063.9,893.3,832.3,835.3,825.3,193.9,191.4,194.9,195.9,4.53,78.0,3.207,-1.2,0.957,1,injector_clog,1,0.27,65.62,236242.3
259.9,mission_cruise,72.11117287381879,2500.0,43.944413563090606,4061.1,892.9,833.4,837.7,823.1,193.9,191.0,194.6,195.3,4.56,77.5,3.149,4063.9,893.3,832.3,835.3,825.3,193.9,191.4,194.9,195.9,4.53,78.0,3.207,-1.2,0.957,1,injector_clog,1,0.27,65.59,236141.4
260.0,mission_cruise,72.1100611450806,2500.0,43.9449694274597,4068.7,892.1,831.2,836.5,826.8,194.7,191.1,195.6,196.0,4.57,78.5,3.217,4063.8,893.3,832.3,835.3,825.3,193.9,191.4,194.9,195.9,4.53,78.0,3.207,-1.2,0.957,1,injector_clog,1,0.27,65.57,236040.5
260.1,mission_cruise,72.10894941634241,2500.0,43.945525291828794,4066.4,893.5,832.8,835.6,826.0,192.9,190.6,194.8,196.3,4.52,77.9,3.181,4063.8,893.3,832.3,835.3,825.3,193.9,191.4,194.9,195.9,4.53,78.0,3.207,-1.2,0.957,1,injector_clog,1,0.27,65.54,235939.6
260.2,mission_cruise,72.10783768760423,2500.0,43.946081156197884,4067.3,893.8,833.9,836.8,825.1,193.7,190.8,195.1,197.3,4.56,77.3,3.202,4063.8,893.3,832.3,835.3,825.3,193.9,191.4,194.9,195.9,4.53,78.0,3.207,-1.2,0.957,1,injector_clog,1,0.27,65.51,235838.7
260.3,mission_cruise,72.10672595886604,2500.0,43.94663702056698,4056.5,894.2,830.9,835.8,827.0,194.3,191.2,195.0,196.7,4.53,78.6,3.235,4063.7,893.3,832.3,835.3,825.3,193.9,191.4,194.9,195.9,4.53,78.0,3.207,-1.2,0.957,1,injector_clog,1,0.27,65.48,235737.8
260.4,mission_cruise,72.10561423012786,2500.0,43.94719288493607,4051.3,890.0,834.7,836.6,824.4,194.2,190.6,195.3,196.1,4.51,78.0,3.235,4063.7,893.3,832.3,835.3,825.3,193.9,191.4,194.9,195.9,4.53,78.0,3.207,-1.2,0.957,1,injector_clog,1,0.27,65.45,235636.9
260.5,mission_cruise,72.10450250138966,2500.0,43.94774874930517,4063.0,892.2,830.8,835.8,824.7,194.8,192.3,194.5,195.7,4.55,78.3,3.172,4063.6,893.3,832.3,835.3,825.3,193.9,191.4,194.9,195.9,4.53,78.0,3.207,-1.2,0.957,1,injector_clog,1,0.27,65.43,235536.0
260.6,mission_cruise,72.10339077265148,2500.0,43.94830461367426,4061.3,893.3,833.3,834.6,823.9,193.5,190.5,194.3,196.0,4.49,77.7,3.217,4063.6,893.3,832.3,835.3,825.3,193.9,191.4,194.9,195.9,4.53,78.0,3.207,-1.2,0.957,1,injector_clog,1,0.27,65.4,235435.1
260.7,mission_cruise,72.10227904391328,2500.0,43.94886047804336,4055.4,893.1,832.7,835.4,824.3,193.3,190.9,195.7,195.9,4.55,77.7,3.235,4063.6,893.3,832.3,835.3,825.3,193.9,191.4,194.9,195.9,4.53,78.0,3.207,-1.2,0.957,1,injector_clog,1,0.27,65.37,235334.2
260.8,mission_cruise,72.1011673151751,2500.0,43.94941634241245,4055.8,892.1,832.2,833.1,824.3,194.5,191.0,194.3,194.4,4.51,78.1,3.161,4063.5,893.3,832.3,835.3,825.3,193.9,191.4,194.9,195.9,4.53,78.0,3.207,-1.2,0.957,1,injector_clog,1,0.27,65.34,235233.3
260.9,mission_cruise,72.10005558643691,2500.0,43.949972206781545,4055.7,891.8,834.2,836.2,827.5,192.8,191.6,194.7,196.9,4.52,77.7,3.209,4063.5,893.3,832.3,835.3,825.3,193.9,191.4,194.9,195.9,4.53,78.0,3.207,-1.2,0.957,1,injector_clog,1,0.27,65.31,235132.4
261.0,mission_cruise,72.09894385769873,2500.0,43.950528071150636,4060.2,894.4,831.1,835.6,824.6,194.2,190.6,194.1,196.1,4.54,78.8,3.23,4063.5,893.3,832.3,835.3,825.3,193.9,191.4,194.9,195.9,4.53,78.0,3.207,-1.2,0.957,1,injector_clog,1,0.27,65.29,235031.5
261.1,mission_cruise,72.09783212896053,2500.0,43.95108393551973,4056.3,893.6,831.7,834.5,827.3,194.0,191.6,195.1,195.3,4.54,77.9,3.224,4063.4,893.3,832.3,835.3,825.3,193.9,191.4,194.9,195.9,4.53,78.0,3.207,-1.2,0.957,1,injector_clog,1,0.27,65.26,234930.6
261.2,mission_cruise,72.09672040022235,2500.0,43.951639799888824,4069.4,893.2,830.8,834.1,823.1,194.4,191.9,194.1,195.3,4.48,77.4,3.216,4063.4,893.3,832.3,835.3,825.3,193.9,191.4,194.9,195.9,4.53,78.0,3.207,-1.2,0.957,1,injector_clog,1,0.27,65.23,234829.7
261.3,mission_cruise,72.09560867148416,2500.0,43.95219566425792,4076.4,894.7,834.4,836.1,826.0,193.4,191.6,195.3,195.2,4.51,77.7,3.199,4063.4,893.3,832.3,835.3,825.3,193.9,191.4,194.9,195.9,4.53,78.0,3.207,-1.2,0.957,1,injector_clog,1,0.27,65.2,234728.8
261.4,mission_cruise,72.09449694274598,2500.0,43.95275152862701,4068.9,895.2,832.2,834.5,825.9,193.2,191.8,195.4,195.6,4.56,77.9,3.259,4063.3,893.3,832.3,835.3,825.3,193.9,191.4,194.9,195.9,4.53,78.0,3.207,-1.2,0.957,1,injector_clog,1,0.27,65.17,234627.9
261.5,mission_cruise,72.09338521400778,2500.0,43.95330739299611,4064.6,893.7,832.3,836.8,827.6,193.8,192.0,195.0,195.9,4.51,77.5,3.235,4063.3,893.3,832.3,835.3,825.3,193.9,191.4,194.9,195.9,4.53,78.0,3.207,-1.2,0.957,1,injector_clog,1,0.27,65.15,234527.0
261.6,mission_cruise,72.0922734852696,2500.0,43.9538632573652,4060.2,895.0,829.7,836.1,826.1,194.6,191.9,195.3,195.1,4.51,76.9,3.18,4063.3,893.3,832.3,835.3,825.3,193.9,191.4,194.9,195.9,4.53,78.0,3.207,-1.2,0.957,1,injector_clog,1,0.27,65.12,234426.1
261.7,mission_cruise,72.0911617565314,2500.0,43.9544191217343,4050.4,894.3,834.2,835.6,823.7,193.3,191.3,195.5,196.0,4.52,77.4,3.305,4063.2,893.2,832.2,835.2,825.2,193.9,191.4,194.9,195.9,4.53,78.0,3.207,-1.2,0.957,1,injector_clog,1,0.27,65.09,234325.2
261.8,mission_cruise,72.09005002779323,2500.0,43.95497498610339,4055.9,894.2,831.4,832.9,826.2,194.3,192.2,195.5,195.6,4.51,77.3,3.247,4063.2,893.2,832.2,835.2,825.2,193.9,191.4,194.9,195.9,4.53,78.0,3.207,-1.2,0.957,1,injector_clog,1,0.27,65.06,234224.3
261.9,mission_cruise,72.08893829905503,2500.0,43.955530850472485,4058.9,891.9,832.8,836.5,824.7,194.1,191.1,195.9,195.8,4.53,77.9,3.238,4063.2,893.2,832.2,835.2,825.2,193.9,191.4,194.9,195.9,4.53,78.0,3.206,-1.2,0.957,1,injector_clog,1,0.27,65.03,234123.4
262.0,mission_cruise,72.08782657031685,2500.0,43.956086714841575,4057.5,892.2,832.6,835.5,824.8,193.8,192.1,193.5,196.9,4.52,77.8,3.197,4063.1,893.2,832.2,835.2,825.2,193.9,191.4,194.9,195.9,4.53,78.0,3.206,-1.2,0.957,1,injector_clog,1,0.27,65.01,234022.5
262.1,mission_cruise,72.08671484157865,2500.0,43.95664257921067,4065.4,894.3,832.2,835.7,827.9,193.0,192.0,195.7,195.7,4.53,78.2,3.203,4063.1,893.2,832.2,835.2,825.2,193.9,191.4,194.9,195.9,4.53,78.0,3.206,-1.2,0.957,1,injector_clog,1,0.27,64.98,233921.6
262.2,mission_cruise,72.08560311284047,2500.0,43.95719844357976,4057.4,892.2,831.4,833.7,825.9,193.8,191.3,195.1,196.0,4.58,78.2,3.156,4063.1,893.2,832.2,835.2,825.2,193.9,191.4,194.9,195.9,4.53,78.0,3.206,-1.2,0.957,1,injector_clog,1,0.27,64.95,233820.7
262.3,mission_cruise,72.08449138410228,2500.0,43.95775430794886,4051.8,895.2,831.0,832.3,826.4,194.4,191.3,194.4,195.0,4.54,77.2,3.208,4063.0,893.2,832.2,835.2,825.2,193.9,191.4,194.9,195.9,4.53,78.0,3.206,-1.2,0.957,1,injector_clog,1,0.27,64.92,233719.8
262.4,mission_cruise,72.0833796553641,2500.0,43.95831017231795,4065.8,893.5,832.9,836.3,823.4,194.8,192.2,195.1,196.4,4.56,77.6,3.191,4063.0,893.2,832.2,835.2,825.2,193.9,191.4,194.9,195.9,4.53,78.0,3.206,-1.2,0.957,1,injector_clog,1,0.27,64.89,233618.9
262.5,mission_cruise,72.0822679266259,2500.0,43.95886603668705,4055.0,894.8,833.5,834.0,827.2,193.8,191.4,195.3,195.7,4.51,78.5,3.244,4063.0,893.2,832.2,835.2,825.2,193.9,191.4,194.9,195.9,4.53,78.0,3.206,-1.2,0.957,1,injector_clog,1,0.27,64.87,233518.0
262.6,mission_cruise,72.08115619788772,2500.0,43.95942190105614,4066.5,894.6,833.0,836.3,824.3,192.8,191.8,193.8,196.2,4.53,78.0,3.221,4062.9,893.2,832.2,835.2,825.2,193.9,191.4,194.9,195.9,4.53,78.0,3.206,-1.2,0.957,1,injector_clog,1,0.27,64.84,233417.1
262.7,mission_cruise,72.08004446914953,2500.0,43.959977765425236,4063.1,892.0,833.9,836.5,824.9,195.0,191.6,194.5,196.0,4.53,78.5,3.218,4062.9,893.2,832.2,835.2,825.2,193.9,191.4,194.9,195.9,4.53,78.0,3.206,-1.2,0.957,1,injector_clog,1,0.27,64.81,233316.2
262.8,mission_cruise,72.07893274041135,2500.0,43.96053362979433,4058.0,893.0,831.3,835.0,824.3,193.4,191.7,195.3,196.5,4.56,77.6,3.136,4062.9,893.2,832.2,835.2,825.2,193.9,191.4,194.9,195.9,4.53,78.0,3.206,-1.2,0.957,1,injector_clog,1,0.27,64.78,233215.3
262.9,mission_cruise,72.07782101167315,2500.0,43.961089494163424,4070.1,894.1,831.0,835.8,823.5,193.5,191.4,195.6,194.5,4.53,77.7,3.273,4062.8,893.2,832.2,835.2,825.2,193.9,191.4,194.9,195.9,4.53,78.0,3.206,-1.2,0.957,1,injector_clog,1,0.27,64.75,233114.4
263.0,mission_cruise,72.07670928293497,2500.0,43.961645358532515,4049.8,891.2,832.8,837.4,825.1,194.0,190.8,193.9,195.2,4.52,77.7,3.164,4062.8,893.2,832.2,835.2,825.2,193.9,191.4,194.9,195.9,4.53,78.0,3.206,-1.2,0.957,1,injector_clog,1,0.27,64.73,233013.5
263.1,mission_cruise,72.07559755419678,2500.0,43.96220122290161,4054.1,893.2,832.7,835.4,824.8,193.4,191.2,195.5,196.5,4.56,78.0,3.229,4062.8,893.2,832.2,835.2,825.2,193.9,191.4,194.9,195.9,4.53,78.0,3.206,-1.2,0.957,1,injector_clog,1,0.27,64.7,232912.6
263.2,mission_cruise,72.0744858254586,2500.0,43.9627570872707,4048.5,894.1,831.9,834.6,824.9,193.2,191.0,195.1,195.7,4.56,77.9,3.168,4062.7,893.2,832.2,835.2,825.2,193.9,191.4,194.9,195.9,4.53,78.0,3.206,-1.2,0.957,1,injector_clog,1,0.27,64.67,232811.7
263.3,mission_cruise,72.0733740967204,2500.0,43.9633129516398,4064.8,893.7,833.2,834.3,825.6,193.2,192.5,194.5,196.9,4.51,77.5,3.231,4062.7,893.2,832.2,835.2,825.2,193.9,191.4,194.9,195.9,4.53,78.0,3.206,-1.2,0.957,1,injector_clog,1,0.27,64.64,232710.8
263.4,mission_cruise,72.07226236798222,2500.0,43.96386881600889,4057.5,892.1,832.5,833.5,824.8,194.2,191.2,194.5,197.1,4.54,77.8,3.159,4062.7,893.2,832.2,835.2,825.2,193.9,191.4,194.9,195.9,4.53,78.0,3.206,-1.2,0.957,1,injector_clog,1,0.27,64.61,232609.9
263.5,mission_cruise,72.07115063924402,2500.0,43.96442468037799,4064.8,892.7,833.2,835.6,824.3,194.0,190.2,195.8,195.9,4.53,78.1,3.257,4062.6,893.2,832.2,835.2,825.2,193.9,191.4,194.9,195.9,4.53,78.0,3.206,-1.2,0.957,1,injector_clog,1,0.27,64.59,232509.0
263.6,mission_cruise,72.07003891050584,2500.0,43.96498054474708,4062.1,892.1,833.0,831.3,825.7,192.9,192.4,195.0,197.9,4.6,78.3,3.207,4062.6,893.2,832.2,835.2,825.2,193.9,191.4,194.9,195.9,4.53,78.0,3.206,-1.2,0.957,1,injector_clog,1,0.27,64.56,232408.1
263.7,mission_cruise,72.06892718176765,2500.0,43.965536409116176,4056.2,891.6,832.0,836.4,825.3,193.7,190.8,194.3,196.4,4.54,77.8,3.237,4062.5,893.2,832.2,835.2,825.2,193.9,191.4,194.9,195.9,4.53,78.0,3.206,-1.2,0.957,1,injector_clog,1,0.27,64.53,232307.2
263.8,mission_cruise,72.06781545302947,2500.0,43.966092273485266,4059.6,889.9,831.7,836.1,822.8,194.0,190.9,195.5,194.6,4.53,77.8,3.176,4062.5,893.2,832.2,835.2,825.2,193.9,191.4,194.9,195.9,4.53,78.0,3.206,-1.2,0.957,1,injector_clog,1,0.27,64.5,232206.3
263.9,mission_cruise,72.06670372429127,2500.0,43.966648137854364,4057.8,893.3,830.6,837.6,826.5,194.0,190.7,195.0,195.0,4.5,77.5,3.148,4062.5,893.2,832.2,835.2,825.2,193.9,191.4,194.9,195.9,4.53,78.0,3.206,-1.2,0.957,1,injector_clog,1,0.27,64.47,232105.4
264.0,mission_cruise,72.06559199555309,2500.0,43.967204002223454,4072.7,892.9,829.8,834.6,827.2,193.9,191.1,194.1,196.0,4.57,78.2,3.186,4062.4,893.2,832.2,835.2,825.2,193.9,191.4,194.9,195.9,4.53,78.0,3.206,-1.2,0.957,1,injector_clog,1,0.27,64.45,232004.5
264.1,mission_cruise,72.0644802668149,2500.0,43.96775986659255,4065.0,894.4,830.6,834.7,824.3,193.7,191.0,194.8,195.7,4.52,78.3,3.187,4062.4,893.2,832.2,835.2,825.2,193.9,191.4,194.9,195.9,4.53,78.0,3.206,-1.2,0.957,1,injector_clog,1,0.27,64.42,231903.6
264.2,mission_cruise,72.06336853807672,2500.0,43.96831573096164,4052.4,894.0,831.7,835.0,825.1,193.9,191.1,194.0,195.3,4.46,78.1,3.225,4062.4,893.2,832.2,835.2,825.2,193.9,191.4,194.9,195.9,4.53,78.0,3.206,-1.2,0.957,1,injector_clog,1,0.27,64.39,231802.7
264.3,mission_cruise,72.06225680933852,2500.0,43.96887159533074,4071.2,891.9,831.6,836.3,828.9,194.5,191.2,195.0,196.4,4.52,77.7,3.21,4062.3,893.2,832.2,835.2,825.2,193.9,191.4,194.9,195.9,4.53,78.0,3.206,-1.2,0.957,1,injector_clog,1,0.27,64.36,231701.8
264.4,mission_cruise,72.06114508060034,2500.0,43.96942745969983,4053.0,894.0,832.6,834.8,824.2,194.0,190.4,194.6,195.1,4.52,78.1,3.159,4062.3,893.2,832.2,835.2,825.2,193.9,191.4,194.9,195.9,4.53,78.0,3.205,-1.2,0.957,1,injector_clog,1,0.27,64.33,231600.9
264.5,mission_cruise,72.06003335186215,2500.0,43.96998332406893,4058.9,893.7,833.2,835.6,823.6,194.7,192.0,194.4,195.1,4.49,78.1,3.178,4062.3,893.2,832.2,835.2,825.2,193.9,191.4,194.9,195.9,4.53,78.0,3.205,-1.2,0.957,1,injector_clog,1,0.27,64.31,231500.0
264.6,mission_cruise,72.05892162312396,2500.0,43.97053918843802,4061.3,890.8,836.3,836.5,823.8,193.6,192.3,194.8,195.7,4.52,78.4,3.233,4062.2,893.2,832.2,835.2,825.2,193.9,191.4,194.9,195.9,4.53,78.0,3.205,-1.2,0.957,1,injector_clog,1,0.27,64.28,231399.1
264.7,mission_cruise,72.05780989438577,2500.0,43.971095052807115,4062.7,894.9,829.2,835.1,823.7,193.5,192.1,194.7,196.0,4.58,77.6,3.21,4062.2,893.2,832.2,835.2,825.2,193.9,191.4,194.9,195.9,4.53,78.0,3.205,-1.2,0.957,1,injector_clog,1,0.27,64.25,231298.2
264.8,mission_cruise,72.05669816564759,2500.0,43.971650917176206,4074.4,894.1,831.0,836.3,824.8,193.9,190.3,194.8,195.2,4.52,77.8,3.25,4062.2,893.2,832.2,835.2,825.2,193.9,191.4,194.9,195.9,4.53,78.0,3.205,-1.2,0.957,1,injector_clog,1,0.27,64.22,231197.3
264.9,mission_cruise,72.0555864369094,2500.0,43.9722067815453,4068.8,893.0,830.2,834.0,825.0,194.6,191.4,195.0,194.7,4.53,78.1,3.226,4062.1,893.2,832.2,835.2,825.2,193.9,191.4,194.9,195.9,4.53,78.0,3.205,-1.2,0.957,1,injector_clog,1,0.27,64.19,231096.4
265.0,mission_cruise,72.05447470817121,2500.0,43.97276264591439,4063.7,893.3,830.7,836.0,825.3,194.2,190.5,194.9,196.0,4.52,77.8,3.212,4062.1,893.2,832.2,835.2,825.2,193.9,191.4,194.9,195.9,4.53,78.0,3.205,-1.2,0.957,1,injector_clog,1,0.27,64.17,230995.5
265.1,mission_cruise,72.05336297943302,2500.0,43.97331851028349,4065.5,894.3,830.8,834.6,827.0,194.7,190.9,195.8,195.4,4.52,78.0,3.216,4062.1,893.2,832.2,835.2,825.2,193.9,191.4,194.9,195.9,4.53,78.0,3.205,-1.2,0.957,1,injector_clog,1,0.27,64.14,230894.6
265.2,mission_cruise,72.05225125069484,2500.0,43.97387437465258,4062.9,894.2,835.3,836.5,821.6,193.6,191.3,195.1,195.6,4.56,78.5,3.23,4062.0,893.2,832.2,835.2,825.2,193.9,191.4,194.9,195.9,4.53,78.0,3.205,-1.2,0.957,1,injector_clog,1,0.27,64.11,230793.7
265.3,mission_cruise,72.05113952195664,2500.0,43.97443023902168,4063.0,893.0,832.0,837.2,826.8,192.9,190.8,194.6,195.6,4.54,78.3,3.169,4062.0,893.2,832.2,835.2,825.2,193.9,191.4,194.9,195.9,4.53,78.0,3.205,-1.2,0.957,1,injector_clog,1,0.27,64.08,230692.8
265.4,mission_cruise,72.05002779321846,2500.0,43.97498610339077,4062.2,891.9,833.2,831.3,825.1,192.6,189.7,195.5,195.9,4.49,78.7,3.175,4062.0,893.2,832.2,835.2,825.2,193.9,191.4,194.9,195.9,4.53,78.0,3.205,-1.2,0.957,1,injector_clog,1,0.27,64.05,230591.9
265.5,mission_cruise,72.04891606448027,2500.0,43.97554196775987,4058.9,892.6,830.3,834.0,825.3,194.0,190.7,194.9,196.7,4.5,77.9,3.188,4061.9,893.2,832.2,835.2,825.2,193.9,191.4,194.9,195.9,4.53,78.0,3.205,-1.2,0.957,1,injector_clog,1,0.27,64.03,230491.0
265.6,mission_cruise,72.04780433574209,2500.0,43.97609783212896,4058.3,894.7,830.4,835.8,826.8,193.5,191.5,194.1,196.0,4.51,77.5,3.213,4061.9,893.2,832.2,835.2,825.2,193.9,191.4,194.9,195.9,4.53,78.0,3.205,-1.2,0.957,1,injector_clog,1,0.27,64.0,230390.1
265.7,mission_cruise,72.04669260700389,2500.0,43.976653696498055,4054.5,895.3,833.4,833.2,824.8,193.9,191.0,194.4,196.0,4.5,77.6,3.185,4061.9,893.2,832.2,835.2,825.2,193.9,191.4,194.9,195.9,4.53,78.0,3.205,-1.2,0.957,1,injector_clog,1,0.27,63.97,230289.2
265.8,mission_cruise,72.04558087826571,2500.0,43.977209560867145,4069.9,895.2,830.8,836.0,826.5,195.2,191.1,195.0,196.5,4.5,78.2,3.231,4061.8,893.2,832.2,835.2,825.2,193.9,191.4,194.9,195.9,4.53,78.0,3.205,-1.2,0.957,1,injector_clog,1,0.27,63.94,230188.3
265.9,mission_cruise,72.04446914952752,2500.0,43.97776542523624,4063.8,891.4,831.9,834.4,824.3,194.6,190.8,195.3,195.3,4.54,78.2,3.208,4061.8,893.2,832.2,835.2,825.2,193.9,191.4,194.9,195.9,4.53,78.0,3.205,-1.2,0.957,1,injector_clog,1,0.27,63.91,230087.4
266.0,mission_cruise,72.04335742078933,2500.0,43.97832128960533,4057.4,892.8,829.8,837.2,824.1,193.2,191.6,193.8,196.3,4.56,77.2,3.188,4061.8,893.2,832.2,835.2,825.2,193.9,191.4,194.9,195.9,4.53,78.0,3.205,-1.2,0.957,1,injector_clog,1,0.27,63.89,229986.5
266.1,mission_cruise,72.04224569205114,2500.0,43.97887715397443,4065.3,893.4,833.2,836.4,826.4,194.0,190.6,194.7,196.0,4.52,78.2,3.179,4061.7,893.2,832.2,835.2,825.2,193.9,191.4,194.9,195.9,4.53,78.0,3.205,-1.2,0.957,1,injector_clog,1,0.27,63.86,229885.6
266.2,mission_cruise,72.04113396331296,2500.0,43.97943301834352,4062.4,891.6,834.5,836.0,823.5,193.0,191.1,195.0,195.3,4.57,78.1,3.167,4061.7,893.2,832.2,835.2,825.2,193.9,191.4,194.9,195.9,4.53,78.0,3.205,-1.2,0.957,1,injector_clog,1,0.27,63.83,229784.7
266.3,mission_cruise,72.04002223457476,2500.0,43.97998888271262,4066.3,893.8,833.8,835.6,827.4,193.1,191.8,195.6,195.6,4.52,77.7,3.211,4061.7,893.2,832.2,835.2,825.2,193.9,191.4,194.9,195.9,4.53,78.0,3.205,-1.2,0.957,1,injector_clog,1,0.27,63.8,229683.8
266.4,mission_cruise,72.03891050583658,2500.0,43.98054474708171,4059.8,895.7,833.0,834.5,824.9,194.8,191.5,195.5,195.5,4.52,78.7,3.258,4061.6,893.2,832.2,835.2,825.2,193.9,191.4,194.9,195.9,4.53,78.0,3.205,-1.2,0.957,1,injector_clog,1,0.27,63.77,229582.9
266.5,mission_cruise,72.03779877709839,2500.0,43.981100611450806,4062.8,892.0,831.7,833.9,824.4,194.1,191.3,194.9,196.6,4.58,78.0,3.286,4061.6,893.2,832.2,835.2,825.2,193.9,191.4,194.9,195.9,4.53,78.0,3.205,-1.2,0.957,1,injector_clog,1,0.27,63.75,229482.0
266.6,mission_cruise,72.0366870483602,2500.0,43.9816564758199,4058.9,893.7,832.4,834.9,822.2,195.1,191.4,195.0,195.3,4.46,78.2,3.213,4061.6,893.2,832.2,835.2,825.2,193.9,191.4,194.9,195.9,4.53,78.0,3.205,-1.2,0.957,1,injector_clog,1,0.27,63.72,229381.1
266.7,mission_cruise,72.03557531962201,2500.0,43.982212340188994,4063.5,895.1,832.2,834.9,823.0,194.9,190.2,194.9,196.9,4.51,77.6,3.229,4061.5,893.2,832.2,835.2,825.2,193.9,191.4,194.9,195.9,4.53,78.0,3.205,-1.2,0.957,1,injector_clog,1,0.27,63.69,229280.2
266.8,mission_cruise,72.03446359088383,2500.0,43.982768204558084,4069.3,893.9,833.9,834.3,824.6,194.6,190.7,196.3,196.4,4.54,78.7,3.174,4061.5,893.2,832.2,835.2,825.2,193.9,191.4,194.9,195.9,4.53,78.0,3.204,-1.2,0.957,1,injector_clog,1,0.27,63.66,229179.3
266.9,mission_cruise,72.03335186214564,2500.0,43.98332406892718,4056.6,893.5,831.1,835.3,826.8,194.1,190.6,194.4,196.1,4.57,77.7,3.219,4061.5,893.1,832.1,835.1,825.1,193.9,191.4,194.9,195.9,4.53,78.0,3.204,-1.2,0.957,1,injector_clog,1,0.27,63.63,229078.4
267.0,mission_cruise,72.03224013340746,2500.0,43.98387993329627,4066.0,894.3,831.6,834.4,824.8,194.2,191.6,195.3,195.4,4.48,78.2,3.215,4061.4,893.1,832.1,835.1,825.1,193.9,191.4,194.9,195.9,4.53,78.0,3.204,-1.2,0.957,1,injector_clog,1,0.27,63.6,228977.5
267.1,mission_cruise,72.03112840466926,2500.0,43.98443579766537,4061.3,893.4,830.6,833.5,825.6,194.0,191.2,194.9,196.9,4.52,78.0,3.223,4061.4,893.1,832.1,835.1,825.1,193.9,191.4,194.9,195.9,4.53,78.0,3.204,-1.2,0.957,1,injector_clog,1,0.27,63.58,228876.6
267.2,mission_cruise,72.03001667593108,2500.0,43.98499166203446,4076.0,894.4,833.5,835.0,826.9,193.7,190.2,193.9,194.4,4.54,78.8,3.176,4061.3,893.1,832.1,835.1,825.1,193.9,191.4,194.9,195.9,4.53,78.0,3.204,-1.2,0.957,1,injector_clog,1,0.27,63.55,228775.7
267.3,mission_cruise,72.02890494719288,2500.0,43.98554752640356,4063.7,894.3,832.5,836.1,826.2,194.2,191.9,196.1,196.0,4.54,78.7,3.268,4061.3,893.1,832.1,835.1,825.1,193.9,191.4,194.9,195.9,4.53,78.0,3.204,-1.2,0.957,1,injector_clog,1,0.27,63.52,228674.8
267.4,mission_cruise,72.0277932184547,2500.0,43.98610339077265,4066.2,892.3,832.7,835.8,826.4,194.1,191.7,194.5,195.7,4.56,78.1,3.181,4061.3,893.1,832.1,835.1,825.1,193.9,191.4,194.9,195.9,4.53,78.0,3.204,-1.2,0.957,1,injector_clog,1,0.27,63.49,228573.9
267.5,mission_cruise,72.02668148971651,2500.0,43.986659255141745,4066.2,897.3,834.5,835.1,824.8,193.2,192.5,194.4,195.0,4.58,78.4,3.232,4061.2,893.1,832.1,835.1,825.1,193.9,191.3,194.8,195.8,4.53,78.0,3.204,-1.2,0.957,1,injector_clog,1,0.27,63.46,228473.0
267.6,mission_cruise,72.02556976097833,2500.0,43.987215119510836,4054.0,894.5,832.5,835.4,824.4,193.1,192.3,194.9,196.5,4.53,78.2,3.215,4061.2,893.1,832.1,835.1,825.1,193.9,191.3,194.8,195.8,4.53,78.0,3.204,-1.2,0.957,1,injector_clog,1,0.27,63.44,228372.1
267.7,mission_cruise,72.02445803224013,2500.0,43.98777098387993,4067.4,891.9,834.7,834.8,824.0,194.2,191.1,194.4,196.0,4.53,77.7,3.2,4061.2,893.1,832.1,835.1,825.1,193.9,191.3,194.8,195.8,4.53,78.0,3.204,-1.2,0.957,1,injector_clog,1,0.27,63.41,228271.2
267.8,mission_cruise,72.02334630350195,2500.0,43.988326848249024,4058.5,892.9,832.6,836.8,826.3,194.1,191.2,193.7,196.7,4.5,77.9,3.204,4061.1,893.1,832.1,835.1,825.1,193.9,191.3,194.8,195.8,4.53,78.0,3.204,-1.2,0.957,1,injector_clog,1,0.27,63.38,228170.3
267.9,mission_cruise,72.02223457476376,2500.0,43.98888271261812,4070.0,891.9,834.4,834.7,824.1,194.6,191.2,195.3,195.4,4.54,77.6,3.242,4061.1,893.1,832.1,835.1,825.1,193.9,191.3,194.8,195.8,4.53,78.0,3.204,-1.2,0.957,1,injector_clog,1,0.27,63.35,228069.4
268.0,mission_cruise,72.02112284602558,2500.0,43.98943857698721,4067.8,894.9,836.5,835.6,824.1,193.4,191.7,195.1,195.8,4.53,78.5,3.227,4061.1,893.1,832.1,835.1,825.1,193.9,191.3,194.8,195.8,4.53,78.0,3.204,-1.2,0.957,1,injector_clog,1,0.27,63.32,227968.5
268.1,mission_cruise,72.02001111728738,2500.0,43.98999444135631,4058.7,891.8,832.6,837.1,825.3,194.7,190.9,194.6,197.2,4.53,78.1,3.22,4061.0,893.1,832.1,835.1,825.1,193.9,191.3,194.8,195.8,4.53,78.0,3.204,-1.2,0.957,1,injector_clog,1,0.27,63.3,227867.6
268.2,mission_cruise,72.0188993885492,2500.0,43.9905503057254,4056.0,893.5,832.7,833.4,826.4,193.5,192.4,194.6,196.0,4.45,76.7,3.199,4061.0,893.1,832.1,835.1,825.1,193.9,191.3,194.8,195.8,4.53,78.0,3.204,-1.2,0.957,1,injector_clog,1,0.27,63.27,227766.7
268.3,mission_cruise,72.017787659811,2500.0,43.9911061700945,4054.2,892.7,830.1,836.3,824.1,193.2,191.0,194.4,196.5,4.5,78.1,3.183,4061.0,893.1,832.1,835.1,825.1,193.9,191.3,194.8,195.8,4.53,78.0,3.204,-1.2,0.957,1,injector_clog,1,0.27,63.24,227665.8
268.4,mission_cruise,72.01667593107283,2500.0,43.99166203446359,4065.7,893.0,832.7,834.5,825.3,194.0,191.4,195.3,196.0,4.56,78.7,3.204,4060.9,893.1,832.1,835.1,825.1,193.9,191.3,194.8,195.8,4.53,78.0,3.204,-1.2,0.957,1,injector_clog,1,0.27,63.21,227564.9
268.5,mission_cruise,72.01556420233463,2500.0,43.992217898832685,4061.9,892.0,829.6,835.0,823.9,193.2,191.9,195.2,196.8,4.52,77.9,3.196,4060.9,893.1,832.1,835.1,825.1,193.9,191.3,194.8,195.8,4.53,78.0,3.204,-1.2,0.957,1,injector_clog,1,0.27,63.18,227464.0
268.6,mission_cruise,72.01445247359645,2500.0,43.992773763201775,4053.6,895.1,832.3,833.6,823.6,193.3,190.3,195.8,196.0,4.55,78.8,3.17,4060.9,893.1,832.1,835.1,825.1,193.9,191.3,194.8,195.8,4.53,78.0,3.204,-1.2,0.957,1,injector_clog,1,0.27,63.16,227363.1
268.7,mission_cruise,72.01334074485825,2500.0,43.99332962757087,4059.7,893.6,831.5,837.0,826.6,195.0,192.0,195.4,195.7,4.56,77.7,3.159,4060.8,893.1,832.1,835.1,825.1,193.9,191.3,194.8,195.8,4.53,78.0,3.204,-1.2,0.957,1,injector_clog,1,0.27,63.13,227262.2
268.8,mission_cruise,72.01222901612007,2500.0,43.99388549193996,4048.1,893.7,832.5,834.9,824.3,193.7,191.3,194.6,195.7,4.5,78.0,3.181,4060.8,893.1,832.1,835.1,825.1,193.9,191.3,194.8,195.8,4.53,78.0,3.204,-1.2,0.957,1,injector_clog,1,0.27,63.1,227161.3
268.9,mission_cruise,72.01111728738188,2500.0,43.99444135630906,4059.9,891.7,829.0,832.1,825.0,193.5,191.8,194.3,195.9,4.55,78.4,3.262,4060.8,893.1,832.1,835.1,825.1,193.9,191.3,194.8,195.8,4.53,78.0,3.204,-1.2,0.957,1,injector_clog,1,0.27,63.07,227060.4
269.0,mission_cruise,72.0100055586437,2500.0,43.99499722067815,4066.6,894.1,830.7,834.1,826.6,193.8,192.3,194.1,195.6,4.5,78.1,3.199,4060.7,893.1,832.1,835.1,825.1,193.9,191.3,194.8,195.8,4.53,78.0,3.204,-1.2,0.957,1,injector_clog,1,0.27,63.04,226959.5
269.1,mission_cruise,72.0088938299055,2500.0,43.99555308504725,4064.2,894.6,832.9,835.3,824.8,193.9,191.8,194.7,196.8,4.58,77.3,3.191,4060.7,893.1,832.1,835.1,825.1,193.9,191.3,194.8,195.8,4.53,78.0,3.204,-1.2,0.957,1,injector_clog,1,0.27,63.02,226858.6
269.2,mission_cruise,72.00778210116732,2500.0,43.99610894941634,4057.7,890.8,830.9,834.0,823.9,194.8,192.2,193.7,196.8,4.5,77.8,3.204,4060.7,893.1,832.1,835.1,825.1,193.9,191.3,194.8,195.8,4.53,78.0,3.203,-1.2,0.957,1,injector_clog,1,0.27,62.99,226757.7
269.3,mission_cruise,72.00667037242913,2500.0,43.996664813785436,4059.0,894.0,829.2,834.5,822.4,193.3,190.9,195.0,195.9,4.55,77.8,3.211,4060.6,893.1,832.1,835.1,825.1,193.9,191.3,194.8,195.8,4.53,78.0,3.203,-1.2,0.957,1,injector_clog,1,0.27,62.96,226656.8
269.4,mission_cruise,72.00555864369093,2500.0,43.997220678154534,4065.3,895.1,831.7,834.3,823.4,194.5,190.6,195.0,195.5,4.5,78.3,3.129,4060.6,893.1,832.1,835.1,825.1,193.9,191.3,194.8,195.8,4.53,78.0,3.203,-1.2,0.957,1,injector_clog,1,0.27,62.93,226555.9
269.5,mission_cruise,72.00444691495275,2500.0,43.997776542523624,4062.9,892.3,833.1,835.3,825.4,194.4,191.5,194.8,196.0,4.51,78.2,3.176,4060.6,893.1,832.1,835.1,825.1,193.9,191.3,194.8,195.8,4.53,78.0,3.203,-1.2,0.957,1,injector_clog,1,0.27,62.9,226455.0
269.6,mission_cruise,72.00333518621457,2500.0,43.998332406892715,4064.0,895.5,831.7,836.0,822.3,193.1,191.2,194.6,196.4,4.54,77.6,3.219,4060.5,893.1,832.1,835.1,825.1,193.9,191.3,194.8,195.8,4.53,78.0,3.203,-1.2,0.957,1,injector_clog,1,0.27,62.88,226354.1
269.7,mission_cruise,72.00222345747638,2500.0,43.99888827126181,4059.0,892.4,832.2,835.5,824.0,193.8,191.5,194.2,195.8,4.52,77.9,3.237,4060.5,893.1,832.1,835.1,825.1,193.9,191.3,194.8,195.8,4.53,78.0,3.203,-1.2,0.957,1,injector_clog,1,0.27,62.85,226253.2
269.8,mission_cruise,72.00111172873818,2500.0,43.99944413563091,4059.5,893.4,830.4,834.2,826.0,194.2,191.9,195.0,196.4,4.54,78.8,3.162,4060.5,893.1,832.1,835.1,825.1,193.9,191.3,194.8,195.8,4.53,78.0,3.203,-1.2,0.957,1,injector_clog,1,0.27,62.82,226152.3
269.9,mission_cruise,72.0,2500.0,44.0,4051.9,894.0,829.8,834.8,824.6,194.3,190.3,195.0,195.9,4.57,78.3,3.196,4060.4,893.1,832.1,835.1,825.1,193.9,191.3,194.8,195.8,4.53,78.0,3.203,-1.2,0.957,1,injector_clog,1,0.27,62.79,226051.4
270.0,descend_land,35.0,2500.0,40.0,3853.9,889.4,828.2,835.0,822.4,193.6,191.2,195.0,193.4,4.51,78.6,1.901,3844.6,889.3,828.3,831.3,821.3,193.7,191.2,194.7,195.7,4.51,78.0,1.883,-1.2,0.957,1,injector_clog,1,0.27,62.76,225950.5
270.1,descend_land,34.988876529477196,2497.2747497219134,39.983314794215794,3666.4,887.5,822.1,825.7,818.6,192.6,190.8,195.6,194.8,4.46,76.6,1.906,3668.0,885.8,824.8,827.8,817.8,193.6,191.0,194.5,195.5,4.48,78.0,1.883,-1.2,0.957,1,injector_clog,1,0.27,62.74,225849.6
270.2,descend_land,34.97775305895439,2494.5494994438263,39.96662958843159,3533.4,882.9,820.7,825.6,813.5,194.0,190.8,194.2,196.3,4.45,78.3,1.861,3523.5,882.4,821.4,824.4,814.4,193.5,190.9,194.4,195.4,4.45,78.0,1.883,-1.2,0.957,1,injector_clog,1,0.27,62.71,225748.7
270.3,descend_land,34.96662958843159,2491.8242491657397,39.94994438264739,3396.6,878.4,818.4,820.3,811.4,193.2,191.8,194.9,195.3,4.4,77.7,1.888,3405.2,879.3,818.3,821.3,811.3,193.3,190.8,194.3,195.3,4.41,78.0,1.883,-1.2,0.958,1,injector_clog,1,0.27,62.68,225647.8
270.4,descend_land,34.95550611790879,2489.098998887653,39.93325917686318,3316.5,876.3,813.4,817.1,810.3,193.2,190.3,194.4,194.9,4.32,77.3,1.877,3308.5,876.3,815.3,818.3,808.3,193.2,190.6,194.1,195.1,4.37,78.0,1.883,-1.2,0.958,1,injector_clog,1,0.27,62.65,225546.9
270.5,descend_land,34.944382647385986,2486.373748609566,39.916573971078975,3221.6,873.9,814.4,818.2,805.1,192.5,189.8,193.5,195.5,4.33,79.0,1.903,3229.3,873.4,812.4,815.4,805.4,193.0,190.5,194.0,195.0,4.33,78.0,1.882,-1.2,0.958,1,injector_clog,1,0.27,62.62,225446.0
270.6,descend_land,34.93325917686318,2483.6484983314795,39.89988876529477,3167.9,869.5,807.0,807.9,803.3,193.9,190.5,193.4,194.3,4.26,77.5,1.896,3164.4,870.8,809.8,812.8,802.8,192.9,190.4,193.9,194.9,4.29,77.9,1.882,-1.1,0.958,1,injector_clog,1,0.27,62.6,225345.1
270.7,descend_land,34.92213570634038,2480.923248053393,39.88320355951057,3108.4,865.3,805.8,808.2,801.0,192.5,190.2,193.8,194.3,4.27,77.8,1.856,3111.4,868.2,807.2,810.2,800.2,192.8,190.2,193.7,194.7,4.25,77.9,1.882,-1.1,0.959,1,injector_clog,1,0.27,62.57,225244.2
270.8,descend_land,34.91101223581757,2478.197997775306,39.86651835372636,3068.5,866.2,807.8,809.4,799.0,192.8,189.7,193.3,194.5,4.24,77.6,1.878,3068.0,865.8,804.8,807.8,797.8,192.6,190.1,193.6,194.6,4.22,77.9,1.882,-1.1,0.959,1,injector_clog,1,0.27,62.54,225143.3
270.9,descend_land,34.89988876529477,2475.472747497219,39.84983314794216,3029.4,864.4,801.6,806.9,793.5,192.6,189.0,194.6,194.6,4.15,77.5,1.947,3032.4,863.6,802.6,805.6,795.6,192.5,190.0,193.5,194.5,4.19,77.9,1.882,-1.1,0.959,1,injector_clog,1,0.27,62.51,225042.4
271.0,descend_land,34.88876529477197,2472.7474972191326,39.83314794215795,3006.0,861.0,801.7,804.2,793.0,191.2,190.1,193.6,194.0,4.13,77.9,1.924,3003.3,861.5,800.5,803.5,793.5,192.4,189.8,193.3,194.3,4.16,77.9,1.882,-1.1,0.96,1,injector_clog,1,0.27,62.48,224941.5
271.1,descend_land,34.87764182424917,2470.0222469410455,39.81646273637375,2979.2,858.4,796.9,801.3,791.7,192.3,190.0,193.3,194.2,4.1,77.6,1.813,2979.4,859.4,798.4,801.4,791.4,192.2,189.7,193.2,194.2,4.14,77.9,1.882,-1.1,0.96,1,injector_clog,1,0.27,62.46,224840.6
271.2,descend_land,34.86651835372636,2467.296996662959,39.799777530589544,2967.6,857.3,797.5,797.1,789.9,192.1,188.8,193.6,194.9,4.09,78.1,1.873,2959.9,857.5,796.5,799.5,789.5,192.1,189.6,193.1,194.1,4.12,77.9,1.882,-1.0,0.96,1,injector_clog,1,0.27,62.43,224739.7
271.3,descend_land,34.85539488320356,2464.5717463848723,39.78309232480534,2950.2,855.1,795.6,797.4,785.7,192.3,189.1,193.7,193.9,4.08,77.6,1.886,2943.9,855.7,794.7,797.7,787.7,192.0,189.4,192.9,193.9,4.1,77.9,1.882,-1.0,0.96,1,injector_clog,1,0.27,62.4,224638.8
271.4,descend_land,34.844271412680754,2461.8464961067853,39.76640711902113,2938.8,851.8,790.2,796.2,782.7,192.1,189.4,192.6,193.3,4.14,78.2,1.88,2930.8,854.0,793.0,796.0,786.0,191.8,189.3,192.8,193.8,4.09,77.9,1.882,-1.0,0.961,1,injector_clog,1,0.27,62.37,224537.9
271.5,descend_land,34.83314794215795,2459.1212458286986,39.74972191323693,2917.8,851.9,791.9,795.2,785.6,191.6,188.6,192.3,194.1,4.13,77.9,1.853,2920.1,852.4,791.4,794.4,784.4,191.7,189.2,192.7,193.7,4.07,77.9,1.882,-1.0,0.961,1,injector_clog,1,0.27,62.34,224437.0
271.6,descend_land,34.82202447163515,2456.3959955506116,39.733036707452726,2907.2,848.6,791.2,794.7,782.2,190.7,187.2,192.8,193.7,4.06,78.4,1.938,2911.3,850.9,789.9,792.9,782.9,191.6,189.0,192.5,193.5,4.06,77.8,1.882,-1.0,0.961,1,injector_clog,1,0.27,62.32,224336.1
271.7,descend_land,34.81090100111235,2453.670745272525,39.71635150166852,2902.1,851.6,788.2,790.4,784.4,190.3,188.4,192.6,193.6,4.05,77.3,1.894,2904.0,849.4,788.4,791.4,781.4,191.5,188.9,192.4,193.4,4.05,77.8,1.882,-0.9,0.961,1,injector_clog,1,0.27,62.29,224235.2
271.8,descend_land,34.799777530589544,2450.9454949944384,39.69966629588431,2896.9,849.7,786.1,792.0,780.6,191.0,188.7,192.4,192.8,4.1,78.2,1.879,2898.1,848.1,787.1,790.1,780.1,191.3,188.8,192.3,193.3,4.05,77.8,1.881,-0.9,0.962,1,injector_clog,1,0.27,62.26,224134.3
271.9,descend_land,34.78865406006674,2448.2202447163513,39.682981090100114,2898.7,848.0,787.7,790.0,777.3,191.5,189.0,193.1,192.6,4.08,77.2,1.858,2893.2,846.8,785.8,788.8,778.8,191.2,188.7,192.2,193.2,4.04,77.8,1.881,-0.9,0.962,1,injector_clog,1,0.27,62.23,224033.4
272.0,descend_land,34.777530589543936,2445.4949944382647,39.66629588431591,2883.4,845.3,781.1,788.2,774.0,191.3,190.4,192.0,192.5,4.02,77.0,1.887,2889.2,845.6,784.6,787.6,777.6,191.1,188.6,192.1,193.1,4.03,77.8,1.881,-0.9,0.962,1,injector_clog,1,0.27,62.2,223932.5
272.1,descend_land,34.76640711902113,2442.769744160178,39.6496106785317,2885.7,847.3,783.9,788.2,777.3,191.9,188.2,192.1,192.7,4.01,77.8,1.879,2885.9,844.4,783.4,786.4,776.4,191.0,188.4,191.9,192.9,4.03,77.8,1.881,-0.9,0.962,1,injector_clog,1,0.27,62.18,223831.6
272.2,descend_land,34.755283648498335,2440.044493882091,39.632925472747495,2888.8,844.2,780.6,785.2,775.0,190.3,188.1,192.9,192.1,4.02,78.2,1.85,2883.2,843.3,782.3,785.3,775.3,190.9,188.3,191.8,192.8,4.03,77.8,1.881,-0.9,0.963,1,injector_clog,1,0.27,62.15,223730.7
272.3,descend_land,34.74416017797553,2437.3192436040044,39.616240266963295,2882.5,842.3,782.1,784.6,773.8,191.5,187.8,192.1,192.9,4.02,77.8,1.859,2880.9,842.3,781.3,784.3,774.3,190.7,188.2,191.7,192.7,4.02,77.8,1.881,-0.8,0.963,1,injector_clog,1,0.27,62.12,223629.8
272.4,descend_land,34.733036707452726,2434.593993325918,39.59955506117909,2875.2,839.8,779.7,782.9,776.8,190.8,186.6,191.0,193.4,4.04,77.8,1.854,2879.0,841.3,780.3,783.3,773.3,190.6,188.1,191.6,192.6,4.02,77.8,1.881,-0.8,0.963,1,injector_clog,1,0.27,62.09,223528.9
272.5,descend_land,34.72191323692992,2431.868743047831,39.58286985539488,2874.9,841.0,779.7,781.9,773.1,191.0,187.4,191.8,191.6,3.98,77.9,1.911,2877.5,840.4,779.4,782.4,772.4,190.5,188.0,191.5,192.5,4.02,77.7,1.881,-0.8,0.964,1,injector_clog,1,0.27,62.06,223428.0
272.6,descend_land,34.71078976640712,2429.143492769744,39.566184649610676,2871.9,840.4,780.1,781.0,772.4,190.9,188.0,191.4,191.9,3.98,78.2,1.896,2876.2,839.5,778.5,781.5,771.5,190.4,187.8,191.3,192.3,4.02,77.7,1.881,-0.8,0.964,1,injector_clog,1,0.27,62.04,223327.1
272.7,descend_land,34.69966629588431,2426.4182424916576,39.54949944382648,2871.0,840.6,775.3,785.1,770.4,189.5,189.2,191.0,192.9,3.98,77.8,1.899,2875.1,838.7,777.7,780.7,770.7,190.3,187.7,191.2,192.2,4.01,77.7,1.881,-0.8,0.964,1,injector_clog,1,0.27,62.01,223226.2
272.8,descend_land,34.688542825361516,2423.6929922135705,39.53281423804227,2880.6,837.7,774.6,782.1,769.1,190.5,187.7,191.2,192.0,4.02,76.5,1.863,2874.2,837.9,776.9,779.9,769.9,190.2,187.6,191.1,192.1,4.01,77.7,1.881,-0.8,0.964,1,injector_clog,1,0.27,61.98,223125.3
272.9,descend_land,34.67741935483871,2420.967741935484,39.516129032258064,2885.8,840.6,777.7,780.3,767.7,189.5,187.5,191.0,191.5,4.01,78.0,1.856,2873.5,837.2,776.2,779.2,769.2,190.0,187.5,191.0,192.0,4.01,77.7,1.881,-0.7,0.965,1,injector_clog,1,0.27,61.95,223024.4
273.0,descend_land,34.66629588431591,2418.2424916573973,39.49944382647386,2867.4,835.8,777.4,779.9,766.8,188.9,188.2,190.0,192.0,4.05,78.4,1.856,2872.8,836.5,775.5,778.5,768.5,189.9,187.4,190.9,191.9,4.01,77.7,1.88,-0.7,0.965,1,injector_clog,1,0.27,61.92,222923.5
273.1,descend_land,34.6551724137931,2415.5172413793102,39.48275862068966,2878.1,837.0,776.0,776.1,767.1,190.3,187.3,191.1,191.6,4.01,77.6,1.911,2872.3,835.8,774.8,777.8,767.8,189.8,187.3,190.8,191.8,4.01,77.7,1.88,-0.7,0.965,1,injector_clog,1,0.27,61.9,222822.6
273.2,descend_land,34.6440489432703,2412.7919911012236,39.46607341490545,2870.6,835.1,773.6,776.7,768.4,189.7,187.2,189.8,190.5,4.07,77.1,1.871,2871.8,835.2,774.2,777.2,767.2,189.7,187.2,190.7,191.7,4.01,77.7,1.88,-0.7,0.965,1,injector_clog,1,0.27,61.87,222721.7
273.3,descend_land,34.632925472747495,2410.066740823137,39.449388209121246,2863.4,833.0,772.2,774.4,767.1,190.2,186.7,189.8,192.1,3.99,78.2,1.857,2871.4,834.6,773.6,776.6,766.6,189.6,187.0,190.5,191.5,4.01,77.7,1.88,-0.7,0.966,1,injector_clog,1,0.27,61.84,222620.8
273.4,descend_land,34.6218020022247,2407.34149054505,39.43270300333704,2859.4,832.7,772.3,776.8,766.5,189.6,188.0,190.4,191.6,4.04,77.5,1.882,2871.1,834.1,773.1,776.1,766.1,189.5,186.9,190.4,191.4,4.01,77.7,1.88,-0.6,0.966,1,injector_clog,1,0.27,61.81,222519.9
273.5,descend_land,34.61067853170189,2404.6162402669634,39.41601779755284,2873.5,834.7,773.5,775.6,764.7,189.3,186.3,190.7,191.4,4.04,77.7,1.871,2870.8,833.5,772.5,775.5,765.5,189.4,186.8,190.3,191.3,4.01,77.6,1.88,-0.6,0.966,1,injector_clog,1,0.27,61.78,222419.0
273.6,descend_land,34.59955506117909,2401.8909899888768,39.39933259176863,2857.7,829.5,770.7,773.8,765.0,188.7,186.6,190.5,191.2,3.99,77.8,1.857,2870.5,833.0,772.0,775.0,765.0,189.3,186.7,190.2,191.2,4.01,77.6,1.88,-0.6,0.966,1,injector_clog,1,0.27,61.76,222318.1
273.7,descend_land,34.588431590656285,2399.1657397107897,39.38264738598443,2884.3,832.8,773.0,774.0,766.6,189.1,185.7,191.3,190.0,4.0,77.0,1.95,2870.3,832.5,771.5,774.5,764.5,189.2,186.6,190.1,191.1,4.01,77.6,1.88,-0.6,0.967,1,injector_clog,1,0.27,61.73,222217.2
273.8,descend_land,34.57730812013348,2396.440489432703,39.36596218020022,2868.0,832.2,770.6,774.1,765.7,189.7,186.7,189.2,190.8,4.01,77.1,1.923,2870.0,832.1,771.1,774.1,764.1,189.1,186.5,190.0,191.0,4.01,77.6,1.88,-0.6,0.967,1,injector_clog,1,0.27,61.7,222116.3
273.9,descend_land,34.566184649610676,2393.715239154616,39.349276974416014,2883.0,831.6,773.2,773.9,763.5,189.2,186.3,189.2,191.2,4.03,77.3,1.851,2869.8,831.7,770.7,773.7,763.7,189.0,186.4,189.9,190.9,4.01,77.6,1.88,-0.6,0.967,1,injector_clog,1,0.27,61.67,222015.4
274.0,descend_land,34.55506117908787,2390.9899888765294,39.332591768631815,2859.5,830.6,767.5,773.2,763.2,188.1,187.4,189.5,190.5,4.01,77.1,1.878,2869.6,831.3,770.3,773.3,763.3,188.8,186.3,189.8,190.8,4.01,77.6,1.88,-0.5,0.968,1,injector_clog,1,0.27,61.64,221914.5
274.1,descend_land,34.543937708565075,2388.264738598443,39.31590656284761,2877.8,829.5,766.5,771.0,761.1,190.0,186.7,190.3,190.9,4.02,76.7,1.851,2869.5,830.9,769.9,772.9,762.9,188.7,186.2,189.7,190.7,4.01,77.6,1.88,-0.5,0.968,1,injector_clog,1,0.27,61.61,221813.6
274.2,descend_land,34.53281423804227,2385.5394883203558,39.2992213570634,2865.3,829.2,767.0,772.9,760.4,189.2,186.0,188.7,190.4,4.01,76.7,1.897,2869.3,830.5,769.5,772.5,762.5,188.6,186.1,189.6,190.6,4.01,77.6,1.879,-0.5,0.968,1,injector_clog,1,0.27,61.59,221712.7
274.3,descend_land,34.521690767519466,2382.814238042269,39.282536151279196,2867.6,830.3,769.8,772.4,761.9,188.2,186.0,190.6,190.7,4.01,78.2,1.921,2869.1,830.2,769.2,772.2,762.2,188.5,186.0,189.5,190.5,4.01,77.6,1.879,-0.5,0.968,1,injector_clog,1,0.27,61.56,221611.8
274.4,descend_land,34.51056729699666,2380.0889877641825,39.265850945494996,2875.5,829.6,768.8,770.6,761.6,188.1,185.9,188.8,189.3,4.05,77.5,1.835,2869.0,829.8,768.8,771.8,761.8,188.4,185.9,189.4,190.4,4.01,77.6,1.879,-0.5,0.969,1,injector_clog,1,0.27,61.53,221510.9
274.5,descend_land,34.49944382647386,2377.3637374860955,39.24916573971079,2862.4,829.2,768.5,772.8,760.6,188.5,185.4,190.4,188.9,3.99,77.0,1.881,2868.8,829.5,768.5,771.5,761.5,188.3,185.8,189.3,190.3,4.01,77.6,1.879,-0.5,0.969,1,injector_clog,1,0.27,61.5,221410.0
274.6,descend_land,34.48832035595105,2374.638487208009,39.232480533926584,2873.3,829.1,766.3,770.0,761.5,188.0,186.1,190.2,191.0,4.02,77.0,1.862,2868.7,829.2,768.2,771.2,761.2,188.2,185.7,189.2,190.2,4.01,77.5,1.879,-0.4,0.969,1,injector_clog,1,0.27,61.47,221309.1
274.7,descend_land,34.477196885428256,2371.9132369299223,39.21579532814238,2870.6,827.9,767.6,769.9,761.2,188.3,185.3,189.5,190.0,4.0,77.5,1.902,2868.6,828.9,767.9,770.9,760.9,188.1,185.6,189.1,190.1,4.01,77.5,1.879,-0.4,0.969,1,injector_clog,1,0.27,61.45,221208.2
274.8,descend_land,34.46607341490545,2369.187986651835,39.19911012235818,2869.6,828.2,768.2,770.3,759.7,187.7,186.3,188.2,189.6,4.05,77.4,1.862,2868.4,828.7,767.7,770.7,760.7,188.0,185.5,189.0,190.0,4.0,77.5,1.879,-0.4,0.97,1,injector_clog,1,0.27,61.42,221107.3
274.9,descend_land,34.45494994438265,2366.4627363737486,39.18242491657397,2864.5,827.8,769.4,770.9,761.9,188.8,185.3,188.0,190.4,3.99,77.6,1.905,2868.3,828.4,767.4,770.4,760.4,187.9,185.4,188.9,189.9,4.0,77.5,1.879,-0.4,0.97,1,injector_clog,1,0.27,61.39,221006.4
275.0,descend_land,34.44382647385984,2363.737486095662,39.165739710789765,2868.7,829.5,767.2,768.3,761.0,188.0,184.6,189.7,189.7,4.04,77.9,1.88,2868.2,828.2,767.2,770.2,760.2,187.9,185.3,188.8,189.8,4.0,77.5,1.879,-0.4,0.97,1,injector_clog,1,0.27,61.36,220905.5
275.1,descend_land,34.43270300333704,2361.012235817575,39.14905450500556,2873.0,827.5,771.5,769.6,762.3,188.2,184.7,189.7,189.6,3.99,78.5,1.849,2868.0,827.9,766.9,769.9,759.9,187.8,185.2,188.7,189.7,4.0,77.5,1.879,-0.3,0.97,1,injector_clog,1,0.27,61.33,220804.6
275.2,descend_land,34.421579532814235,2358.2869855394883,39.13236929922136,2871.8,828.9,768.4,768.5,761.0,187.7,184.3,188.6,189.7,4.02,77.5,1.887,2867.9,827.7,766.7,769.7,759.7,187.7,185.1,188.6,189.6,4.0,77.5,1.879,-0.3,0.971,1,injector_clog,1,0.27,61.31,220703.7
275.3,descend_land,34.41045606229144,2355.5617352614017,39.11568409343715,2870.4,829.4,767.6,767.8,757.3,187.6,186.0,187.9,189.3,3.99,77.2,1.84,2867.8,827.5,766.5,769.5,759.5,187.6,185.0,188.5,189.5,4.0,77.5,1.879,-0.3,0.971,1,injector_clog,1,0.27,61.28,220602.8
275.4,descend_land,34.39933259176863,2352.8364849833147,39.09899888765295,2874.9,826.9,768.8,768.7,759.3,187.7,185.6,188.7,189.0,4.0,77.0,1.94,2867.7,827.3,766.3,769.3,759.3,187.5,184.9,188.4,189.4,4.0,77.5,1.878,-0.3,0.971,1,injector_clog,1,0.27,61.25,220501.9
275.5,descend_land,34.38820912124583,2350.111234705228,39.08231368186874,2859.4,826.0,764.6,770.0,759.7,187.8,185.1,187.0,189.0,3.94,77.8,1.897,2867.6,827.1,766.1,769.1,759.1,187.4,184.8,188.3,189.3,4.0,77.5,1.878,-0.3,0.972,1,injector_clog,1,0.27,61.22,220401.0
275.6,descend_land,34.377085650723025,2347.3859844271415,39.06562847608454,2865.0,824.9,764.6,768.1,757.8,186.7,184.7,188.4,189.2,4.01,77.0,1.884,2867.4,826.9,765.9,768.9,758.9,187.3,184.7,188.2,189.2,4.0,77.5,1.878,-0.3,0.972,1,injector_clog,1,0.27,61.19,220300.1
275.7,descend_land,34.36596218020022,2344.6607341490544,39.048943270300335,2862.8,826.8,766.2,768.3,760.5,186.9,184.2,187.1,189.1,3.99,78.0,1.923,2867.3,826.8,765.8,768.8,758.8,187.2,184.6,188.1,189.1,4.0,77.4,1.878,-0.2,0.972,1,injector_clog,1,0.27,61.17,220199.2
275.8,descend_land,34.354838709677416,2341.935483870968,39.03225806451613,2866.9,825.7,766.3,770.0,760.3,187.9,185.5,188.8,188.5,3.98,77.7,1.839,2867.2,826.6,765.6,768.6,758.6,187.1,184.6,188.1,189.1,4.0,77.4,1.878,-0.2,0.972,1,injector_clog,1,0.27,61.14,220098.3
275.9,descend_land,34.34371523915462,2339.210233592881,39.01557285873192,2871.9,826.4,765.5,765.9,756.9,186.6,184.2,187.9,189.5,4.0,77.7,1.813,2867.1,826.4,765.4,768.4,758.4,187.0,184.5,188.0,189.0,4.0,77.4,1.878,-0.2,0.973,1,injector_clog,1,0.27,61.11,219997.4
276.0,descend_land,34.332591768631815,2336.484983314794,38.99888765294772,2869.5,824.8,765.7,766.2,757.4,186.7,183.9,188.7,188.6,4.05,77.0,1.815,2866.9,826.3,765.3,768.3,758.3,186.9,184.4,187.9,188.9,4.0,77.4,1.878,-0.2,0.973,1,injector_clog,1,0.27,61.08,219896.5
276.1,descend_land,34.32146829810901,2333.7597330367075,38.982202447163516,2862.6,827.3,760.6,768.9,758.9,187.8,183.9,187.9,189.3,4.01,77.4,1.883,2866.8,826.2,765.2,768.2,758.2,186.8,184.3,187.8,188.8,4.0,77.4,1.878,-0.2,0.973,1,injector_clog,1,0.27,61.05,219795.6
276.2,descend_land,34.310344827586206,2331.0344827586205,38.96551724137931,2868.8,824.3,764.8,766.1,759.7,186.3,185.4,186.6,188.1,3.99,77.8,1.85,2866.7,826.0,765.0,768.0,758.0,186.8,184.2,187.7,188.7,4.0,77.4,1.878,-0.2,0.973,1,injector_clog,1,0.27,61.03,219694.7
276.3,descend_land,34.2992213570634,2328.309232480534,38.9488320355951,2859.9,824.7,762.1,765.7,758.3,187.1,183.6,187.4,187.8,3.98,77.8,1.86,2866.6,825.9,764.9,767.9,757.9,186.7,184.1,187.6,188.6,4.0,77.4,1.878,-0.1,0.974,1,injector_clog,1,0.27,61.0,219593.8
276.4,descend_land,34.2880978865406,2325.5839822024473,38.932146829810904,2866.4,823.3,767.2,768.1,758.0,187.9,184.4,186.9,188.9,4.01,77.1,1.88,2866.5,825.8,764.8,767.8,757.8,186.6,184.0,187.5,188.5,4.0,77.4,1.878,-0.1,0.974,1,injector_clog,1,0.27,60.97,219492.9
276.5,descend_land,34.2769744160178,2322.85873192436,38.9154616240267,2869.7,825.7,765.9,766.5,756.9,186.6,182.9,186.5,188.7,4.0,77.4,1.865,2866.3,825.6,764.6,767.6,757.6,186.5,183.9,187.4,188.4,4.0,77.4,1.877,-0.1,0.974,1,injector_clog,1,0.27,60.94,219392.0
276.6,descend_land,34.265850945494996,2320.1334816462736,38.89877641824249,2863.7,824.2,763.5,765.3,758.4,186.2,184.5,187.2,189.4,3.98,77.2,1.942,2866.2,825.5,764.5,767.5,757.5,186.4,183.9,187.4,188.4,4.0,77.4,1.877,-0.1,0.974,1,injector_clog,1,0.27,60.91,219291.1
276.7,descend_land,34.25472747497219,2317.408231368187,38.882091212458285,2866.0,824.8,764.7,767.7,757.5,185.3,182.9,188.4,188.4,3.97,77.3,1.847,2866.1,825.4,764.4,767.4,757.4,186.3,183.8,187.3,188.3,4.0,77.4,1.877,-0.1,0.975,1,injector_clog,1,0.27,60.89,219190.2
276.8,descend_land,34.24360400444939,2314.6829810901,38.865406006674085,2859.4,823.5,762.5,766.8,758.3,185.2,184.1,187.5,188.1,3.99,77.2,1.84,2866.0,825.3,764.3,767.3,757.3,186.2,183.7,187.2,188.2,4.0,77.4,1.877,-0.0,0.975,1,injector_clog,1,0.27,60.86,219089.3
276.9,descend_land,34.232480533926584,2311.9577308120133,38.84872080088988,2867.6,825.1,762.9,767.4,759.2,186.5,183.5,187.6,188.4,3.95,77.3,1.862,2865.8,825.2,764.2,767.2,757.2,186.2,183.6,187.1,188.1,4.0,77.4,1.877,-0.0,0.975,1,injector_clog,1,0.27,60.83,218988.4
277.0,descend_land,34.22135706340378,2309.2324805339267,38.83203559510567,2870.0,823.3,763.5,769.2,756.7,185.8,183.0,186.8,187.2,4.03,77.1,1.924,2865.7,825.1,764.1,767.1,757.1,186.1,183.5,187.0,188.0,4.0,77.3,1.877,-0.0,0.976,1,injector_clog,1,0.27,60.8,218887.5
277.1,descend_land,34.21023359288098,2306.5072302558397,38.815350389321466,2870.7,824.5,764.0,767.6,757.1,187.2,183.7,187.6,188.3,4.03,77.6,1.874,2865.6,825.0,764.0,767.0,757.0,186.0,183.4,186.9,187.9,4.0,77.3,1.877,0.0,0.976,1,injector_clog,1,0.27,60.77,218786.6
277.2,descend_land,34.19911012235818,2303.781979977753,38.79866518353727,2865.2,823.0,764.2,765.2,757.8,186.3,183.5,186.8,187.3,4.02,77.2,1.857,2865.5,824.9,763.9,766.9,756.9,185.9,183.4,186.9,187.9,4.0,77.3,1.877,0.0,0.976,1,injector_clog,1,0.27,60.75,218685.7
277.3,descend_land,34.187986651835374,2301.0567296996664,38.78197997775306,2857.8,826.0,762.6,768.1,757.9,185.5,183.4,186.8,187.4,4.0,77.5,1.811,2865.4,824.9,763.9,766.9,756.9,185.8,183.3,186.8,187.8,4.0,77.3,1.877,0.0,0.976,1,injector_clog,1,0.27,60.72,218584.8
277.4,descend_land,34.17686318131257,2298.3314794215794,38.765294771968854,2862.3,826.1,764.7,767.0,754.5,185.0,183.7,187.7,186.7,3.98,77.5,1.842,2865.2,824.8,763.8,766.8,756.8,185.8,183.2,186.7,187.7,4.0,77.3,1.877,0.1,0.977,1,injector_clog,1,0.27,60.69,218483.9
277.5,descend_land,34.165739710789765,2295.606229143493,38.74860956618465,2862.2,822.0,766.0,768.8,756.5,186.1,183.1,186.5,188.4,3.98,77.9,1.883,2865.1,824.7,763.7,766.7,756.7,185.7,183.1,186.6,187.6,4.0,77.3,1.877,0.1,0.977,1,injector_clog,1,0.27,60.66,218383.0
277.6,descend_land,34.15461624026696,2292.880978865406,38.73192436040045,2867.3,823.5,765.3,764.6,758.3,185.7,183.6,188.0,187.8,4.01,76.7,1.864,2865.0,824.6,763.6,766.6,756.6,185.6,183.0,186.5,187.5,4.0,77.3,1.877,0.1,0.977,1,injector_clog,1,0.27,60.63,218282.1
277.7,descend_land,34.14349276974416,2290.155728587319,38.71523915461624,2864.3,824.3,763.7,764.3,754.2,185.9,183.7,186.8,188.0,3.98,77.4,1.855,2864.9,824.5,763.5,766.5,756.5,185.5,183.0,186.5,187.5,4.0,77.3,1.876,0.1,0.977,1,injector_clog,1,0.27,60.61,218181.2
277.8,descend_land,34.13236929922136,2287.4304783092325,38.698553948832036,2863.7,824.6,761.7,765.5,756.8,184.6,182.3,187.1,188.2,3.94,78.2,1.852,2864.7,824.5,763.5,766.5,756.5,185.4,182.9,186.4,187.4,4.0,77.3,1.876,0.1,0.978,1,injector_clog,1,0.27,60.58,218080.3
277.9,descend_land,34.121245828698555,2284.705228031146,38.68186874304783,2864.3,825.3,763.0,767.2,757.2,184.9,183.1,186.1,186.9,4.06,77.6,1.903,2864.6,824.4,763.4,766.4,756.4,185.4,182.8,186.3,187.3,4.0,77.3,1.876,0.1,0.978,1,injector_clog,1,0.27,60.55,217979.4
278.0,descend_land,34.11012235817575,2281.979977753059,38.66518353726363,2867.7,822.8,763.2,766.3,754.9,185.8,183.1,186.4,188.9,3.94,77.9,1.892,2864.5,824.3,763.3,766.3,756.3,185.3,182.7,186.2,187.2,4.0,77.3,1.876,0.2,0.978,1,injector_clog,1,0.27,60.52,217878.5
278.1,descend_land,34.09899888765295,2279.2547274749722,38.64849833147942,2859.9,824.6,764.4,766.3,756.3,184.7,182.8,186.8,187.8,4.01,76.8,1.874,2864.4,824.3,763.3,766.3,756.3,185.2,182.7,186.2,187.2,4.0,77.3,1.876,0.2,0.979,1,injector_clog,1,0.27,60.49,217777.6
278.2,descend_land,34.08787541713014,2276.5294771968856,38.63181312569522,2860.7,823.7,762.1,763.9,757.4,185.6,182.5,185.5,186.9,4.02,77.0,1.885,2864.3,824.2,763.2,766.2,756.2,185.1,182.6,186.1,187.1,4.0,77.3,1.876,0.2,0.979,1,injector_clog,1,0.27,60.47,217676.7
278.3,descend_land,34.07675194660734,2273.8042269187986,38.61512791991101,2861.9,821.8,762.0,764.8,755.8,186.3,182.4,185.5,186.8,4.03,77.1,1.854,2864.1,824.1,763.1,766.1,756.1,185.1,182.5,186.0,187.0,4.0,77.3,1.876,0.2,0.979,1,injector_clog,1,0.27,60.44,217575.8
278.4,descend_land,34.06562847608454,2271.078976640712,38.598442714126804,2860.4,821.3,763.5,765.1,754.5,185.6,182.8,185.2,186.2,4.04,77.4,1.873,2864.0,824.1,763.1,766.1,756.1,185.0,182.4,185.9,186.9,4.0,77.3,1.876,0.2,0.979,1,injector_clog,1,0.27,60.41,217474.9
278.5,descend_land,34.05450500556174,2268.3537263626254,38.581757508342605,2866.6,823.2,764.5,767.3,756.9,185.5,183.6,185.6,187.5,4.01,77.5,1.893,2863.9,824.0,763.0,766.0,756.0,184.9,182.4,185.9,186.9,4.0,77.2,1.876,0.3,0.98,1,injector_clog,1,0.27,60.38,217374.0
278.6,descend_land,34.04338153503893,2265.6284760845383,38.5650723025584,2866.5,825.9,763.7,764.9,755.7,185.3,182.0,185.5,187.3,3.96,78.1,1.919,2863.8,824.0,763.0,766.0,756.0,184.8,182.3,185.8,186.8,4.0,77.2,1.876,0.3,0.98,1,injector_clog,1,0.27,60.35,217273.1
278.7,descend_land,34.03225806451613,2262.9032258064517,38.54838709677419,2857.2,825.0,763.3,763.6,757.5,186.0,182.1,185.7,186.7,3.98,76.9,1.882,2863.6,823.9,762.9,765.9,755.9,184.8,182.2,185.7,186.7,4.0,77.2,1.876,0.3,0.98,1,injector_clog,1,0.27,60.33,217172.2
278.8,descend_land,34.021134593993324,2260.177975528365,38.531701890989986,2860.1,823.1,762.8,764.4,754.7,185.1,182.2,185.3,186.1,4.02,77.5,1.849,2863.5,823.9,762.9,765.9,755.9,184.7,182.1,185.6,186.6,4.0,77.2,1.875,0.3,0.98,1,injector_clog,1,0.27,60.3,217071.3
278.9,descend_land,34.01001112347052,2257.452725250278,38.51501668520579,2863.1,823.9,762.5,764.0,754.5,184.5,181.3,184.8,187.2,3.98,76.6,1.859,2863.4,823.8,762.8,765.8,755.8,184.6,182.1,185.6,186.6,4.0,77.2,1.875,0.3,0.981,1,injector_clog,1,0.27,60.27,216970.4
279.0,descend_land,33.99888765294772,2254.7274749721914,38.49833147942158,2859.4,824.3,762.8,764.0,755.7,184.7,181.8,186.3,187.2,4.0,77.0,1.899,2863.3,823.8,762.8,765.8,755.8,184.6,182.0,185.5,186.5,4.0,77.2,1.875,0.3,0.981,1,injector_clog,1,0.27,60.24,216869.5
279.1,descend_land,33.98776418242492,2252.0022246941044,38.481646273637374,2861.8,824.2,763.2,766.7,756.3,183.8,182.0,186.0,187.3,3.97,76.4,1.843,2863.1,823.7,762.7,765.7,755.7,184.5,181.9,185.4,186.4,4.0,77.2,1.875,0.4,0.981,1,injector_clog,1,0.27,60.21,216768.6
279.2,descend_land,33.976640711902114,2249.2769744160178,38.46496106785317,2860.7,824.0,766.0,763.7,752.0,184.3,181.9,185.7,187.2,4.01,77.5,1.922,2863.0,823.7,762.7,765.7,755.7,184.4,181.9,185.4,186.4,4.0,77.2,1.875,0.4,0.982,1,injector_clog,1,0.27,60.19,216667.7
279.3,descend_land,33.96551724137931,2246.551724137931,38.44827586206897,2862.8,822.7,762.6,763.8,756.0,184.7,182.0,185.1,186.7,3.96,77.5,1.897,2862.9,823.6,762.6,765.6,755.6,184.3,181.8,185.3,186.3,4.0,77.2,1.875,0.4,0.982,1,injector_clog,1,0.27,60.16,216566.8
279.4,descend_land,33.954393770856505,2243.826473859844,38.43159065628476,2852.2,822.8,762.5,766.7,755.6,184.9,181.3,185.8,186.4,4.04,77.3,1.867,2862.8,823.6,762.6,765.6,755.6,184.3,181.7,185.2,186.2,4.0,77.2,1.875,0.4,0.982,1,injector_clog,1,0.27,60.13,216465.9
279.5,descend_land,33.9432703003337,2241.1012235817575,38.414905450500555,2865.4,824.6,763.4,765.3,757.5,184.7,180.8,185.4,186.6,4.05,77.3,1.921,2862.6,823.5,762.5,765.5,755.5,184.2,181.7,185.2,186.2,4.0,77.2,1.875,0.4,0.982,1,injector_clog,1,0.27,60.1,216365.0
279.6,descend_land,33.932146829810904,2238.375973303671,38.39822024471635,2858.1,821.3,761.6,765.3,755.6,184.3,181.9,184.9,186.5,3.99,77.3,1.922,2862.5,823.5,762.5,765.5,755.5,184.1,181.6,185.1,186.1,4.0,77.2,1.875,0.5,0.983,1,injector_clog,1,0.27,60.07,216264.1
279.7,descend_land,33.9210233592881,2235.650723025584,38.38153503893215,2869.8,823.5,760.1,767.9,760.2,184.9,181.8,184.6,185.4,3.98,77.2,1.893,2862.4,823.4,762.4,765.4,755.4,184.1,181.5,185.0,186.0,4.0,77.2,1.875,0.5,0.983,1,injector_clog,1,0.27,60.05,216163.2
279.8,descend_land,33.909899888765295,2232.925472747497,38.36484983314794,2859.0,822.7,762.9,766.7,754.3,185.1,180.6,185.6,187.1,3.97,76.7,1.892,2862.3,823.4,762.4,765.4,755.4,184.0,181.5,185.0,186.0,4.0,77.2,1.875,0.5,0.983,1,injector_clog,1,0.27,60.02,216062.3
279.9,descend_land,33.89877641824249,2230.2002224694106,38.34816462736374,2864.7,824.5,761.5,764.9,755.6,183.3,180.6,185.5,186.3,4.04,77.4,1.885,2862.1,823.4,762.4,765.4,755.4,183.9,181.4,184.9,185.9,4.0,77.2,1.874,0.5,0.983,1,injector_clog,1,0.27,59.99,215961.4
280.0,descend_land,33.88765294771969,2227.4749721913236,38.33147942157953,2853.2,823.6,760.5,764.3,756.6,182.9,181.5,184.5,185.9,3.99,77.6,1.827,2862.0,823.3,762.3,765.3,755.3,183.9,181.3,184.8,185.8,4.0,77.2,1.874,0.5,0.984,1,injector_clog,1,0.27,59.96,215860.5
280.1,descend_land,33.87652947719688,2224.749721913237,38.31479421579533,2860.1,823.3,763.6,767.2,754.9,182.8,180.8,184.8,185.7,4.02,76.8,1.907,2861.9,823.3,762.3,765.3,755.3,183.8,181.3,184.8,185.8,4.0,77.2,1.874,0.5,0.984,1,injector_clog,1,0.27,59.93,215759.6
280.2,descend_land,33.865406006674085,2222.0244716351503,38.298109010011125,2861.0,822.7,760.8,764.7,756.0,183.3,180.6,184.5,185.8,4.01,77.2,1.835,2861.8,823.2,762.2,765.2,755.2,183.7,181.2,184.7,185.7,4.0,77.2,1.874,0.6,0.984,1,injector_clog,1,0.27,59.91,215658.7
280.3,descend_land,33.85428253615128,2219.2992213570633,38.28142380422692,2861.6,825.6,761.4,766.9,755.6,183.6,181.1,185.1,186.8,4.03,76.4,1.803,2861.6,823.2,762.2,765.2,755.2,183.7,181.1,184.6,185.6,4.0,77.1,1.874,0.6,0.984,1,injector_clog,1,0.27,59.88,215557.8
280.4,descend_land,33.84315906562848,2216.5739710789767,38.26473859844271,2861.6,822.2,762.5,764.8,754.8,184.0,180.8,185.0,185.5,3.99,77.1,1.889,2861.5,823.2,762.2,765.2,755.2,183.6,181.1,184.6,185.6,4.0,77.1,1.874,0.6,0.985,1,injector_clog,1,0.27,59.85,215456.9
280.5,descend_land,33.83203559510567,2213.84872080089,38.24805339265851,2859.3,824.9,761.7,765.8,756.5,183.9,181.5,183.4,185.3,3.97,76.2,1.915,2861.4,823.1,762.1,765.1,755.1,183.6,181.0,184.5,185.5,4.0,77.1,1.874,0.6,0.985,1,injector_clog,1,0.27,59.82,215356.0
280.6,descend_land,33.82091212458287,2211.123470522803,38.231368186874306,2856.0,824.3,760.3,765.6,755.8,183.0,181.4,183.8,185.9,4.0,77.2,1.881,2861.3,823.1,762.1,765.1,755.1,183.5,180.9,184.4,185.4,4.0,77.1,1.874,0.6,0.985,1,injector_clog,1,0.27,59.79,215255.1
280.7,descend_land,33.809788654060064,2208.3982202447164,38.2146829810901,2866.3,825.5,761.9,764.2,751.5,182.6,181.5,183.9,185.9,3.97,77.2,1.921,2861.1,823.1,762.1,765.1,755.1,183.4,180.9,184.4,185.4,4.0,77.1,1.874,0.6,0.986,1,injector_clog,1,0.27,59.77,215154.2
280.8,descend_land,33.79866518353727,2205.6729699666294,38.19799777530589,2858.3,823.5,763.3,764.8,755.8,184.0,180.6,185.2,184.8,4.01,77.4,1.897,2861.0,823.0,762.0,765.0,755.0,183.4,180.8,184.3,185.3,4.0,77.1,1.874,0.7,0.986,1,injector_clog,1,0.27,59.74,215053.3
280.9,descend_land,33.78754171301446,2202.9477196885427,38.181312569521694,2864.7,822.5,760.6,764.2,756.3,183.5,179.8,184.7,185.4,4.0,76.9,1.847,2860.9,823.0,762.0,765.0,755.0,183.3,180.8,184.3,185.3,4.0,77.1,1.873,0.7,0.986,1,injector_clog,1,0.27,59.71,214952.4
281.0,descend_land,33.77641824249166,2200.222469410456,38.16462736373749,2842.5,822.9,760.7,765.2,757.0,182.7,180.8,184.5,185.4,3.98,77.3,1.844,2860.7,823.0,762.0,765.0,755.0,183.3,180.7,184.2,185.2,4.0,77.1,1.873,0.7,0.986,1,injector_clog,1,0.27,59.68,214851.5
281.1,descend_land,33.765294771968854,2197.4972191323695,38.14794215795328,2857.9,824.0,764.2,763.1,753.9,183.9,180.9,184.5,185.5,3.99,77.2,1.876,2860.6,822.9,761.9,764.9,754.9,183.2,180.6,184.1,185.1,4.0,77.1,1.873,0.7,0.987,1,injector_clog,1,0.27,59.65,214750.6
281.2,descend_land,33.75417130144605,2194.7719688542825,38.131256952169075,2853.8,822.5,760.8,766.0,756.2,182.2,180.2,183.8,184.8,3.98,77.8,1.834,2860.5,822.9,761.9,764.9,754.9,183.1,180.6,184.1,185.1,4.0,77.1,1.873,0.7,0.987,1,injector_clog,1,0.27,59.62,214649.7
281.3,descend_land,33.743047830923246,2192.046718576196,38.114571746384875,2865.4,824.3,761.7,766.1,755.7,183.5,180.2,184.6,185.8,4.0,76.0,1.871,2860.4,822.8,761.8,764.8,754.8,183.1,180.5,184.0,185.0,4.0,77.1,1.873,0.8,0.987,1,injector_clog,1,0.27,59.6,214548.8
281.4,descend_land,33.73192436040044,2189.321468298109,38.09788654060067,2860.6,824.8,762.3,766.9,754.9,183.1,180.2,184.8,185.1,4.03,77.3,1.872,2860.2,822.8,761.8,764.8,754.8,183.0,180.5,184.0,185.0,4.0,77.1,1.873,0.8,0.987,1,injector_clog,1,0.27,59.57,214447.9
281.5,descend_land,33.720800889877644,2186.596218020022,38.08120133481646,2859.0,823.3,762.5,764.6,756.6,182.7,181.0,183.0,184.0,4.06,77.2,1.912,2860.1,822.8,761.8,764.8,754.8,183.0,180.4,183.9,184.9,4.0,77.1,1.873,0.8,0.988,1,injector_clog,1,0.27,59.54,214347.0
281.6,descend_land,33.70967741935484,2183.8709677419356,38.064516129032256,2862.2,821.6,760.9,766.5,755.9,182.6,181.1,183.3,185.5,4.01,76.5,1.883,2860.0,822.7,761.7,764.7,754.7,182.9,180.3,183.8,184.8,4.0,77.1,1.873,0.8,0.988,1,injector_clog,1,0.27,59.51,214246.1
281.7,descend_land,33.698553948832036,2181.145717463849,38.04783092324806,2865.3,824.3,760.1,764.9,757.7,183.1,180.4,184.3,184.5,3.99,77.3,1.866,2859.9,822.7,761.7,764.7,754.7,182.8,180.3,183.8,184.8,4.0,77.1,1.873,0.8,0.988,1,injector_clog,1,0.27,59.48,214145.2
281.8,descend_land,33.68743047830923,2178.420467185762,38.03114571746385,2860.5,822.7,761.0,765.4,756.0,183.1,179.6,182.5,185.9,4.01,77.0,1.861,2859.7,822.7,761.7,764.7,754.7,182.8,180.2,183.7,184.7,4.0,77.1,1.873,0.8,0.989,1,injector_clog,1,0.27,59.46,214044.3
281.9,descend_land,33.67630700778643,2175.6952169076753,38.014460511679644,2854.0,821.3,763.2,763.0,754.0,182.7,179.8,184.9,185.2,3.94,77.8,1.837,2859.6,822.6,761.6,764.6,754.6,182.7,180.2,183.7,184.7,4.0,77.1,1.873,0.9,0.989,1,injector_clog,1,0.27,59.43,213943.4
282.0,descend_land,33.66518353726362,2172.9699666295883,37.99777530589544,2854.4,823.8,762.2,765.3,754.6,183.5,180.4,183.5,183.7,4.01,77.6,1.867,2859.5,822.6,761.6,764.6,754.6,182.7,180.1,183.6,184.6,4.0,77.1,1.872,0.9,0.989,1,injector_clog,1,0.27,59.4,213842.5
282.1,descend_land,33.654060066740826,2170.2447163515017,37.98109010011123,2855.1,822.6,763.0,766.0,755.4,183.1,179.1,183.9,184.0,3.98,75.9,1.849,2859.3,822.6,761.6,764.6,754.6,182.6,180.1,183.6,184.6,4.0,77.1,1.872,0.9,0.989,1,injector_clog,1,0.27,59.37,213741.6
282.2,descend_land,33.64293659621802,2167.519466073415,37.96440489432703,2861.5,822.9,760.1,763.4,755.2,183.6,179.8,183.4,185.0,3.99,77.2,1.839,2859.2,822.6,761.6,764.6,754.6,182.6,180.0,183.5,184.5,4.0,77.1,1.872,0.9,0.99,1,injector_clog,1,0.27,59.34,213640.7
282.3,descend_land,33.63181312569522,2164.794215795328,37.947719688542826,2866.9,823.6,762.4,764.8,752.6,182.3,179.7,182.9,184.6,4.02,77.2,1.881,2859.1,822.5,761.5,764.5,754.5,182.5,180.0,183.5,184.5,4.0,77.1,1.872,0.9,0.99,1,injector_clog,1,0.27,59.32,213539.8
282.4,descend_land,33.62068965517241,2162.0689655172414,37.93103448275862,2848.3,823.6,762.6,763.7,754.5,182.5,180.0,183.7,185.1,4.02,77.1,1.861,2859.0,822.5,761.5,764.5,754.5,182.5,179.9,183.4,184.4,4.0,77.1,1.872,0.9,0.99,1,injector_clog,1,0.27,59.29,213438.9
282.5,descend_land,33.60956618464961,2159.343715239155,37.91434927697441,2853.6,821.5,763.8,763.0,755.4,182.7,180.0,183.2,185.0,3.98,77.3,1.849,2858.8,822.5,761.5,764.5,754.5,182.4,179.8,183.3,184.3,4.0,77.1,1.872,1.0,0.99,1,injector_clog,1,0.27,59.26,213338.0
282.6,descend_land,33.598442714126804,2156.6184649610677,37.89766407119021,2857.8,825.8,761.1,763.4,755.1,182.0,179.2,184.2,185.4,4.02,76.9,1.863,2858.7,822.4,761.4,764.4,754.4,182.3,179.8,183.3,184.3,4.0,77.0,1.872,1.0,0.991,1,injector_clog,1,0.27,59.23,213237.1
282.7,descend_land,33.58731924360401,2153.893214682981,37.88097886540601,2864.2,818.4,758.1,764.6,755.6,183.0,179.3,183.9,184.4,3.98,77.1,1.907,2858.6,822.4,761.4,764.4,754.4,182.3,179.7,183.2,184.2,4.0,77.0,1.872,1.0,0.991,1,injector_clog,1,0.27,59.2,213136.2
282.8,descend_land,33.5761957730812,2151.1679644048945,37.8642936596218,2855.7,821.9,761.6,763.7,754.1,182.2,179.8,183.2,183.7,3.99,77.1,1.901,2858.4,822.4,761.4,764.4,754.4,182.2,179.7,183.2,184.2,4.0,77.0,1.872,1.0,0.991,1,injector_clog,1,0.27,59.18,213035.3
282.9,descend_land,33.5650723025584,2148.4427141268075,37.847608453837594,2869.4,822.6,759.9,766.7,753.1,182.5,179.1,183.5,183.7,4.01,76.9,1.872,2858.3,822.3,761.3,764.3,754.3,182.2,179.6,183.1,184.1,4.0,77.0,1.872,1.0,0.992,1,injector_clog,1,0.27,59.15,212934.4
283.0,descend_land,33.553948832035594,2145.717463848721,37.830923248053395,2847.9,823.0,761.5,764.6,755.2,182.2,178.7,183.0,183.7,3.98,76.5,1.816,2858.2,822.3,761.3,764.3,754.3,182.1,179.6,183.1,184.1,4.0,77.0,1.871,1.1,0.992,1,injector_clog,1,0.27,59.12,212833.5
283.1,descend_land,33.54282536151279,2142.9922135706342,37.81423804226919,2857.4,821.8,760.9,765.2,755.2,182.5,179.3,183.4,183.8,3.98,78.1,1.828,2858.1,822.3,761.3,764.3,754.3,182.1,179.5,183.0,184.0,4.0,77.0,1.871,1.1,0.992,1,injector_clog,1,0.27,59.09,212732.6
283.2,descend_land,33.531701890989986,2140.266963292547,37.79755283648498,2862.0,820.6,761.3,764.4,753.2,182.0,178.6,183.3,184.4,3.98,76.3,1.929,2857.9,822.2,761.2,764.2,754.2,182.0,179.5,183.0,184.0,4.0,77.0,1.871,1.1,0.992,1,injector_clog,1,0.27,59.06,212631.7
283.3,descend_land,33.52057842046719,2137.5417130144606,37.780867630700776,2860.4,824.3,761.5,765.1,753.3,183.7,179.0,182.3,183.4,3.99,77.0,1.859,2857.8,822.2,761.2,764.2,754.2,182.0,179.4,182.9,183.9,4.0,77.0,1.871,1.1,0.993,1,injector_clog,1,0.27,59.04,212530.8
283.4,descend_land,33.509454949944384,2134.816462736374,37.76418242491658,2862.0,825.3,760.2,765.1,753.6,181.6,178.9,184.1,184.2,4.02,77.2,1.87,2857.7,822.2,761.2,764.2,754.2,181.9,179.4,182.9,183.9,4.0,77.0,1.871,1.1,0.993,1,injector_clog,1,0.27,59.01,212429.9
283.5,descend_land,33.49833147942158,2132.091212458287,37.74749721913237,2870.2,826.3,764.0,765.7,756.2,180.9,178.7,182.7,184.2,4.01,77.0,1.891,2857.5,822.2,761.2,764.2,754.2,181.9,179.3,182.8,183.8,4.0,77.0,1.871,1.1,0.993,1,injector_clog,1,0.27,58.98,212329.0
283.6,descend_land,33.487208008898776,2129.3659621802003,37.730812013348164,2855.6,821.4,760.2,765.0,755.7,181.0,179.9,183.3,183.6,3.97,77.5,1.873,2857.4,822.1,761.1,764.1,754.1,181.8,179.3,182.8,183.8,4.0,77.0,1.871,1.2,0.993,1,injector_clog,1,0.27,58.95,212228.1
283.7,descend_land,33.47608453837597,2126.6407119021133,37.71412680756396,2851.2,825.8,761.0,763.8,756.2,180.8,179.5,182.7,184.3,3.98,76.8,1.859,2857.3,822.1,761.1,764.1,754.1,181.8,179.2,182.7,183.7,4.0,77.0,1.871,1.2,0.994,1,injector_clog,1,0.27,58.92,212127.2
283.8,descend_land,33.46496106785317,2123.9154616240266,37.69744160177976,2850.5,822.0,763.1,764.5,756.4,181.4,179.6,183.2,184.3,4.03,77.2,1.893,2857.1,822.1,761.1,764.1,754.1,181.7,179.2,182.7,183.7,4.0,77.0,1.871,1.2,0.994,1,injector_clog,1,0.27,58.9,212026.3
283.9,descend_land,33.45383759733037,2121.19021134594,37.68075639599555,2855.3,822.9,759.7,765.0,753.4,181.9,179.0,182.1,184.3,3.97,77.4,1.83,2857.0,822.0,761.0,764.0,754.0,181.7,179.1,182.6,183.6,4.0,77.0,1.871,1.2,0.994,1,injector_clog,1,0.27,58.87,211925.4
284.0,descend_land,33.442714126807566,2118.4649610678534,37.664071190211345,2854.1,821.8,761.5,768.1,755.3,180.4,179.3,183.2,184.0,4.04,77.0,1.865,2856.9,822.0,761.0,764.0,754.0,181.6,179.1,182.6,183.6,4.0,77.0,1.871,1.2,0.995,1,injector_clog,1,0.27,58.84,211824.5
284.1,descend_land,33.43159065628476,2115.7397107897664,37.64738598442714,2860.0,821.3,760.9,765.0,756.3,181.4,179.1,182.8,184.1,4.0,76.1,1.89,2856.7,822.0,761.0,764.0,754.0,181.6,179.0,182.5,183.5,4.0,77.0,1.87,1.2,0.995,1,injector_clog,1,0.27,58.81,211723.6
284.2,descend_land,33.42046718576196,2113.0144605116798,37.63070077864294,2844.5,823.8,760.2,763.3,753.0,180.1,178.6,182.0,182.6,4.0,76.9,1.949,2856.6,821.9,760.9,763.9,753.9,181.5,179.0,182.5,183.5,4.0,77.0,1.87,1.3,0.995,1,injector_clog,1,0.27,58.78,211622.7
284.3,descend_land,33.40934371523915,2110.2892102335927,37.61401557285873,2863.4,823.0,762.1,762.9,752.2,181.4,179.6,182.4,183.5,4.03,77.4,1.825,2856.5,821.9,760.9,763.9,753.9,181.5,178.9,182.4,183.4,4.0,77.0,1.87,1.3,0.995,1,injector_clog,1,0.27,58.76,211521.8
284.4,descend_land,33.39822024471635,2107.563959955506,37.59733036707453,2863.7,822.8,762.1,764.7,752.4,181.5,178.5,182.3,183.5,3.96,77.0,1.848,2856.4,821.9,760.9,763.9,753.9,181.4,178.9,182.4,183.4,4.0,77.0,1.87,1.3,0.996,1,injector_clog,1,0.27,58.73,211420.9
284.5,descend_land,33.38709677419355,2104.8387096774195,37.58064516129032,2851.2,820.9,760.4,763.1,755.9,181.0,178.1,181.9,183.2,3.99,76.5,1.8,2856.2,821.9,760.9,763.9,753.9,181.4,178.8,182.3,183.3,4.0,77.0,1.87,1.3,0.996,1,injector_clog,1,0.27,58.7,211320.0
284.6,descend_land,33.37597330367075,2102.1134593993324,37.56395995550612,2852.0,821.3,762.2,762.1,752.0,181.3,178.5,182.1,183.2,3.99,77.1,1.89,2856.1,821.8,760.8,763.8,753.8,181.3,178.8,182.3,183.3,4.0,77.0,1.87,1.3,0.996,1,injector_clog,1,0.27,58.67,211219.1
284.7,descend_land,33.36484983314794,2099.388209121246,37.547274749721915,2851.5,821.1,761.4,763.3,755.7,182.0,178.3,182.5,182.9,3.98,76.2,1.849,2856.0,821.8,760.8,763.8,753.8,181.3,178.8,182.3,183.3,4.0,77.0,1.87,1.4,0.996,1,injector_clog,1,0.27,58.64,211118.2
284.8,descend_land,33.35372636262514,2096.6629588431592,37.53058954393771,2863.6,821.4,761.2,763.4,754.5,182.0,178.2,183.4,183.6,3.97,76.7,1.869,2855.8,821.8,760.8,763.8,753.8,181.3,178.7,182.2,183.2,4.0,77.0,1.87,1.4,0.997,1,injector_clog,1,0.27,58.62,211017.3
284.9,descend_land,33.342602892102335,2093.937708565072,37.5139043381535,2858.5,821.6,760.2,761.1,752.4,181.8,179.3,182.4,183.8,4.0,76.7,1.905,2855.7,821.7,760.7,763.7,753.7,181.2,178.7,182.2,183.2,4.0,77.0,1.87,1.4,0.997,1,injector_clog,1,0.27,58.59,210916.4
285.0,descend_land,33.33147942157953,2091.2124582869856,37.4972191323693,2858.4,822.4,761.5,759.7,753.9,182.0,178.4,182.9,183.5,4.0,76.6,1.886,2855.6,821.7,760.7,763.7,753.7,181.2,178.6,182.1,183.1,4.0,77.0,1.87,1.4,0.997,1,injector_clog,1,0.27,58.56,210815.5
285.1,descend_land,33.320355951056726,2088.487208008899,37.480533926585096,2853.7,821.0,761.8,762.8,752.1,181.6,178.7,181.8,182.9,4.02,77.5,1.88,2855.4,821.7,760.7,763.7,753.7,181.1,178.6,182.1,183.1,4.0,77.0,1.869,1.4,0.998,1,injector_clog,1,0.27,58.53,210714.6
285.2,descend_land,33.30923248053393,2085.761957730812,37.46384872080089,2856.9,823.2,760.3,762.3,756.3,180.6,177.6,181.8,183.9,4.0,77.4,1.85,2855.3,821.7,760.7,763.7,753.7,181.1,178.5,182.0,183.0,4.0,77.0,1.869,1.4,0.998,1,injector_clog,1,0.27,58.5,210613.7
285.3,descend_land,33.298109010011125,2083.0367074527253,37.44716351501668,2868.2,819.7,760.8,765.4,751.8,181.3,178.1,181.4,182.8,4.02,77.2,1.869,2855.2,821.6,760.6,763.6,753.6,181.0,178.5,182.0,183.0,4.0,77.0,1.869,1.5,0.998,1,injector_clog,1,0.27,58.48,210512.8
285.4,descend_land,33.28698553948832,2080.3114571746387,37.430478309232484,2851.0,818.7,760.5,764.3,752.7,180.8,178.4,182.4,184.1,4.04,76.7,1.83,2855.0,821.6,760.6,763.6,753.6,181.0,178.4,181.9,182.9,4.0,77.0,1.869,1.5,0.998,1,injector_clog,1,0.27,58.45,210411.9
285.5,descend_land,33.275862068965516,2077.5862068965516,37.41379310344828,2860.7,822.5,759.9,765.0,753.0,180.8,178.5,181.9,183.7,3.98,76.6,1.907,2854.9,821.6,760.6,763.6,753.6,180.9,178.4,181.9,182.9,4.0,77.0,1.869,1.5,0.999,1,injector_clog,1,0.27,58.42,210311.0
285.6,descend_land,33.26473859844271,2074.860956618465,37.39710789766407,2843.9,822.1,762.6,764.1,755.5,181.2,178.7,181.9,182.8,3.97,77.1,1.855,2854.8,821.5,760.5,763.5,753.5,180.9,178.4,181.9,182.9,4.0,77.0,1.869,1.5,0.999,1,injector_clog,1,0.27,58.39,210210.1
285.7,descend_land,33.253615127919915,2072.1357063403784,37.380422691879865,2861.8,822.1,761.3,765.2,755.7,181.4,177.6,181.6,182.5,4.01,77.5,1.91,2854.6,821.5,760.5,763.5,753.5,180.9,178.3,181.8,182.8,4.0,77.0,1.869,1.5,0.999,1,injector_clog,1,0.27,58.36,210109.2
285.8,descend_land,33.24249165739711,2069.4104560622914,37.36373748609566,2862.1,823.2,762.4,761.1,753.0,181.1,178.6,182.1,182.4,4.0,76.6,1.898,2854.5,821.5,760.5,763.5,753.5,180.8,178.3,181.8,182.8,4.0,77.0,1.869,1.5,0.999,1,injector_clog,1,0.27,58.34,210008.3
285.9,descend_land,33.231368186874306,2066.6852057842048,37.34705228031146,2857.1,822.0,760.2,761.1,754.1,180.7,177.1,182.6,182.4,3.98,77.0,1.879,2854.4,821.5,760.5,763.5,753.5,180.8,178.2,181.7,182.7,4.0,77.0,1.869,1.6,1.0,1,injector_clog,1,0.27,58.31,209907.4
286.0,descend_land,33.2202447163515,2063.9599555061177,37.33036707452725,2857.0,819.3,759.0,763.3,753.2,180.3,179.4,182.4,182.0,4.0,77.2,1.893,2854.2,821.4,760.4,763.4,753.4,180.7,178.2,181.7,182.7,4.0,77.0,1.869,1.6,1.0,1,injector_clog,1,0.27,58.28,209806.5
286.1,descend_land,33.2091212458287,2061.234705228031,37.313681868743046,2860.6,822.7,759.5,764.3,753.9,179.9,178.3,181.3,182.5,4.04,77.1,1.853,2854.1,821.4,760.4,763.4,753.4,180.7,178.1,181.6,182.6,4.0,77.0,1.868,1.6,1.0,1,injector_clog,1,0.27,58.25,209705.6
286.2,descend_land,33.19799777530589,2058.5094549499445,37.29699666295885,2858.3,822.5,761.2,761.5,752.0,181.8,177.6,180.9,182.5,4.04,75.8,1.855,2854.0,821.4,760.4,763.4,753.4,180.7,178.1,181.6,182.6,4.0,77.0,1.868,1.6,1.001,1,injector_clog,1,0.27,58.22,209604.7
286.3,descend_land,33.18687430478309,2055.784204671858,37.28031145717464,2857.9,820.4,758.0,762.2,754.7,180.7,178.1,181.3,180.6,4.04,77.0,1.834,2853.8,821.3,760.3,763.3,753.3,180.6,178.1,181.6,182.6,4.0,77.0,1.868,1.6,1.001,1,injector_clog,1,0.27,58.2,209503.8
286.4,descend_land,33.17575083426029,2053.058954393771,37.263626251390434,2854.8,822.9,762.6,765.7,755.5,181.0,177.5,182.2,183.2,4.0,77.0,1.864,2853.7,821.3,760.3,763.3,753.3,180.6,178.0,181.5,182.5,4.0,77.0,1.868,1.7,1.001,1,injector_clog,1,0.27,58.17,209402.9
286.5,descend_land,33.16462736373749,2050.333704115684,37.24694104560623,2841.9,821.4,760.8,763.6,754.0,180.7,178.9,181.4,182.1,4.0,76.5,1.811,2853.6,821.3,760.3,763.3,753.3,180.5,178.0,181.5,182.5,4.0,76.9,1.868,1.7,1.001,1,injector_clog,1,0.27,58.14,209302.0
286.6,descend_land,33.15350389321468,2047.6084538375974,37.23025583982202,2845.5,822.4,759.5,765.1,756.7,180.7,176.7,181.9,181.9,3.97,76.2,1.863,2853.4,821.3,760.3,763.3,753.3,180.5,177.9,181.4,182.4,4.0,76.9,1.868,1.7,1.002,1,injector_clog,1,0.27,58.11,209201.1
286.7,descend_land,33.14238042269188,2044.8832035595105,37.21357063403782,2850.6,820.2,758.3,763.5,753.4,179.5,177.2,180.7,181.8,4.02,78.1,1.863,2853.3,821.2,760.2,763.2,753.2,180.5,177.9,181.4,182.4,4.0,76.9,1.868,1.7,1.002,1,injector_clog,1,0.27,58.08,209100.2
286.8,descend_land,33.131256952169075,2042.157953281424,37.196885428253616,2858.6,822.4,758.9,764.5,753.6,181.1,177.1,180.7,181.4,4.01,77.8,1.849,2853.2,821.2,760.2,763.2,753.2,180.4,177.9,181.4,182.4,4.0,76.9,1.868,1.7,1.002,1,injector_clog,1,0.27,58.06,208999.3
286.9,descend_land,33.12013348164627,2039.432703003337,37.18020022246941,2835.7,822.5,760.1,765.4,751.3,179.7,177.0,181.5,182.2,3.97,77.7,1.843,2853.0,821.2,760.2,763.2,753.2,180.4,177.8,181.3,182.3,4.0,76.9,1.868,1.7,1.003,1,injector_clog,1,0.27,58.03,208898.4
287.0,descend_land,33.10901001112347,2036.7074527252503,37.1635150166852,2848.7,821.2,759.9,763.7,753.2,179.8,177.8,181.7,182.4,4.01,77.2,1.85,2852.9,821.1,760.1,763.1,753.1,180.3,177.8,181.3,182.3,4.0,76.9,1.867,1.8,1.003,1,injector_clog,1,0.27,58.0,208797.5
287.1,descend_land,33.09788654060067,2033.9822024471637,37.146829810901004,2855.7,822.8,759.9,764.6,752.6,179.4,178.0,180.8,182.3,3.95,77.1,1.852,2852.8,821.1,760.1,763.1,753.1,180.3,177.7,181.2,182.2,4.0,76.9,1.867,1.8,1.003,1,injector_clog,1,0.27,57.97,208696.6
287.2,descend_land,33.086763070077865,2031.2569521690768,37.1301446051168,2855.4,824.4,757.9,762.4,753.9,178.6,177.8,182.1,182.2,3.94,76.7,1.888,2852.6,821.1,760.1,763.1,753.1,180.3,177.7,181.2,182.2,3.99,76.9,1.867,1.8,1.003,1,injector_clog,1,0.27,57.94,208595.7
287.3,descend_land,33.07563959955506,2028.53170189099,37.11345939933259,2851.2,821.5,762.0,761.0,753.4,180.5,178.2,180.7,181.5,3.97,76.0,1.875,2852.5,821.0,760.0,763.0,753.0,180.2,177.7,181.2,182.2,3.99,76.9,1.867,1.8,1.004,1,injector_clog,1,0.27,57.92,208494.8
287.4,descend_land,33.064516129032256,2025.8064516129032,37.096774193548384,2851.9,821.2,761.4,761.2,754.1,180.3,177.5,180.6,182.7,3.98,76.9,1.857,2852.4,821.0,760.0,763.0,753.0,180.2,177.6,181.1,182.1,3.99,76.9,1.867,1.8,1.004,1,injector_clog,1,0.27,57.89,208393.9
287.5,descend_land,33.05339265850945,2023.0812013348166,37.080088987764185,2861.4,819.8,759.7,762.3,752.6,179.8,176.9,180.4,182.2,3.98,76.8,1.871,2852.2,821.0,760.0,763.0,753.0,180.1,177.6,181.1,182.1,3.99,76.9,1.867,1.8,1.004,1,injector_clog,1,0.27,57.86,208293.0
287.6,descend_land,33.042269187986655,2020.3559510567297,37.06340378197998,2844.8,821.0,759.1,763.4,753.3,180.1,177.6,181.1,182.3,3.98,76.7,1.909,2852.1,821.0,760.0,763.0,753.0,180.1,177.6,181.1,182.1,3.99,76.9,1.867,1.9,1.004,1,injector_clog,1,0.27,57.83,208192.1
287.7,descend_land,33.03114571746385,2017.630700778643,37.04671857619577,2853.2,821.6,756.5,763.6,750.6,180.2,177.4,180.4,182.2,3.98,76.7,1.873,2851.9,820.9,759.9,762.9,752.9,180.1,177.5,181.0,182.0,3.99,76.9,1.867,1.9,1.005,1,injector_clog,1,0.27,57.8,208091.2
287.8,descend_land,33.020022246941046,2014.905450500556,37.030033370411566,2845.7,819.8,758.4,763.9,753.7,179.0,177.3,181.4,181.8,3.99,77.5,1.89,2851.8,820.9,759.9,762.9,752.9,180.0,177.5,181.0,182.0,3.99,76.9,1.867,1.9,1.005,1,injector_clog,1,0.27,57.78,207990.3
287.9,descend_land,33.00889877641824,2012.1802002224695,37.01334816462737,2852.0,822.7,758.1,763.2,751.7,179.0,176.8,181.1,182.9,4.0,76.5,1.845,2851.7,820.9,759.9,762.9,752.9,180.0,177.4,180.9,181.9,3.99,76.9,1.867,1.9,1.005,1,injector_clog,1,0.27,57.75,207889.4
288.0,descend_land,32.99777530589544,2009.4549499443826,36.99666295884316,2863.1,822.4,762.2,761.0,752.7,181.1,176.7,180.8,180.8,4.0,77.4,1.85,2851.5,820.8,759.8,762.8,752.8,180.0,177.4,180.9,181.9,3.99,76.9,1.866,1.9,1.006,1,injector_clog,1,0.27,57.72,207788.5
288.1,descend_land,32.98665183537263,2006.7296996662958,36.979977753058954,2850.6,820.8,758.0,764.4,751.9,179.7,177.1,181.1,181.6,4.03,76.7,1.902,2851.4,820.8,759.8,762.8,752.8,179.9,177.4,180.9,181.9,3.99,76.9,1.866,2.0,1.006,1,injector_clog,1,0.27,57.69,207687.6
288.2,descend_land,32.975528364849836,2004.0044493882092,36.96329254727475,2852.1,820.3,760.6,763.8,752.5,180.0,177.7,180.8,181.6,4.0,77.0,1.83,2851.3,820.8,759.8,762.8,752.8,179.9,177.3,180.8,181.8,3.99,76.9,1.866,2.0,1.006,1,injector_clog,1,0.27,57.66,207586.7
288.3,descend_land,32.96440489432703,2001.2791991101224,36.94660734149055,2853.3,822.5,760.4,763.1,752.7,179.1,176.8,180.6,180.9,4.0,77.0,1.873,2851.1,820.8,759.8,762.8,752.8,179.9,177.3,180.8,181.8,3.99,76.9,1.866,2.0,1.006,1,injector_clog,1,0.27,57.63,207485.8
288.4,descend_land,32.95328142380423,1998.5539488320355,36.92992213570634,2845.0,820.7,761.5,763.1,752.2,179.8,177.3,181.9,181.9,3.99,77.9,1.866,2851.0,820.7,759.7,762.7,752.7,179.8,177.3,180.8,181.8,3.99,76.9,1.866,2.0,1.007,1,injector_clog,1,0.27,57.61,207384.9
288.5,descend_land,32.94215795328142,1995.828698553949,36.913236929922135,2855.3,818.1,760.0,764.9,753.9,180.5,176.3,180.7,182.0,4.01,76.5,1.966,2850.9,820.7,759.7,762.7,752.7,179.8,177.2,180.7,181.7,3.99,76.9,1.866,2.0,1.007,1,injector_clog,1,0.27,57.58,207284.0
288.6,descend_land,32.93103448275862,1993.103448275862,36.89655172413793,2851.4,821.3,759.7,762.4,751.6,180.4,176.4,180.9,182.4,4.0,77.0,1.889,2850.7,820.7,759.7,762.7,752.7,179.7,177.2,180.7,181.7,3.99,76.9,1.866,2.0,1.007,1,injector_clog,1,0.27,57.55,207183.1
288.7,descend_land,32.919911012235815,1990.3781979977753,36.87986651835373,2851.7,819.8,758.6,761.7,753.0,180.7,176.1,180.3,181.6,3.98,76.9,1.843,2850.6,820.6,759.6,762.6,752.6,179.7,177.2,180.7,181.7,3.99,76.9,1.866,2.1,1.007,1,injector_clog,1,0.27,57.52,207082.2
288.8,descend_land,32.90878754171301,1987.6529477196887,36.86318131256952,2842.7,821.4,758.3,762.6,753.4,180.1,179.3,180.8,181.9,3.97,77.3,1.91,2850.4,820.6,759.6,762.6,752.6,179.7,177.1,180.6,181.6,3.99,76.9,1.866,2.1,1.008,1,injector_clog,1,0.27,57.49,206981.3
288.9,descend_land,32.89766407119021,1984.9276974416018,36.84649610678532,2853.1,820.2,761.3,762.4,750.8,180.1,176.2,181.2,182.4,3.98,76.6,1.837,2850.3,820.6,759.6,762.6,752.6,179.6,177.1,180.6,181.6,3.99,76.9,1.866,2.1,1.008,1,injector_clog,1,0.27,57.47,206880.4
289.0,descend_land,32.88654060066741,1982.202447163515,36.82981090100111,2853.0,820.0,760.8,762.8,754.2,178.2,176.5,180.5,181.4,3.95,77.6,1.898,2850.2,820.6,759.6,762.6,752.6,179.6,177.1,180.6,181.6,3.99,76.9,1.865,2.1,1.008,1,injector_clog,1,0.27,57.44,206779.5
289.1,descend_land,32.875417130144605,1979.4771968854284,36.81312569521691,2842.3,821.2,756.7,762.2,754.2,180.3,178.3,180.2,180.9,4.04,77.0,1.812,2850.0,820.5,759.5,762.5,752.5,179.6,177.0,180.5,181.5,3.99,76.9,1.865,2.1,1.009,1,injector_clog,1,0.27,57.41,206678.6
289.2,descend_land,32.8642936596218,1976.7519466073416,36.796440489432705,2859.6,822.1,760.0,762.1,751.3,178.1,177.1,179.8,181.8,4.0,77.1,1.854,2849.9,820.5,759.5,762.5,752.5,179.5,177.0,180.5,181.5,3.99,76.9,1.865,2.2,1.009,1,injector_clog,1,0.27,57.38,206577.7
289.3,descend_land,32.853170189098996,1974.0266963292547,36.7797552836485,2854.1,818.5,759.9,765.1,752.8,179.3,176.6,181.8,182.0,4.0,77.5,1.875,2849.8,820.5,759.5,762.5,752.5,179.5,177.0,180.5,181.5,3.99,76.9,1.865,2.2,1.009,1,injector_clog,1,0.27,57.35,206476.8
289.4,descend_land,32.8420467185762,1971.301446051168,36.76307007786429,2837.6,820.6,757.5,762.9,753.0,180.9,176.6,179.4,181.9,4.06,77.4,1.859,2849.6,820.4,759.4,762.4,752.4,179.5,176.9,180.4,181.4,3.99,76.9,1.865,2.2,1.009,1,injector_clog,1,0.27,57.33,206375.9
289.5,descend_land,32.830923248053395,1968.5761957730813,36.746384872080085,2847.7,821.6,759.2,764.6,751.4,179.5,178.1,179.8,181.6,3.98,77.1,1.809,2849.5,820.4,759.4,762.4,752.4,179.4,176.9,180.4,181.4,3.99,76.9,1.865,2.2,1.01,1,injector_clog,1,0.27,57.3,206275.0
289.6,descend_land,32.81979977753059,1965.8509454949944,36.729699666295886,2850.3,819.7,758.8,763.2,751.8,180.0,175.4,179.9,181.0,3.97,76.7,1.829,2849.3,820.4,759.4,762.4,752.4,179.4,176.9,180.4,181.4,3.99,76.9,1.865,2.2,1.01,1,injector_clog,1,0.27,57.27,206174.1
289.7,descend_land,32.80867630700779,1963.1256952169078,36.71301446051168,2841.8,824.0,760.7,762.6,750.3,179.0,176.2,180.0,181.2,4.0,77.2,1.898,2849.2,820.4,759.4,762.4,752.4,179.4,176.8,180.3,181.3,3.99,76.9,1.865,2.2,1.01,1,injector_clog,1,0.27,57.24,206073.2
289.8,descend_land,32.79755283648498,1960.4004449388208,36.69632925472747,2847.9,819.4,760.5,758.8,752.8,178.4,177.4,181.1,181.8,3.98,77.1,1.953,2849.1,820.3,759.3,762.3,752.3,179.3,176.8,180.3,181.3,3.99,76.9,1.865,2.3,1.011,1,injector_clog,1,0.27,57.21,205972.3
289.9,descend_land,32.78642936596218,1957.6751946607342,36.679644048943274,2845.0,819.6,760.0,762.1,749.3,180.2,177.1,181.3,180.8,3.99,76.8,1.898,2848.9,820.3,759.3,762.3,752.3,179.3,176.8,180.3,181.3,3.99,76.9,1.864,2.3,1.011,1,injector_clog,1,0.27,57.19,205871.4
290.0,descend_land,32.775305895439374,1954.9499443826476,36.66295884315907,2849.5,820.7,762.2,763.5,752.6,179.0,176.3,180.3,180.1,3.98,76.3,1.911,2848.8,820.3,759.3,762.3,752.3,179.3,176.7,180.2,181.2,3.99,76.9,1.864,2.3,1.011,1,injector_clog,1,0.27,57.16,205770.5
290.1,descend_land,32.76418242491658,1952.2246941045605,36.64627363737486,2836.8,821.8,759.3,763.3,753.1,179.0,176.2,180.6,181.1,4.0,77.5,1.895,2848.6,820.2,759.2,762.2,752.2,179.3,176.7,180.2,181.2,3.99,76.9,1.864,2.3,1.011,1,injector_clog,1,0.27,57.13,205669.6
290.2,descend_land,32.75305895439377,1949.499443826474,36.629588431590655,2853.0,819.5,758.2,761.2,753.8,178.8,176.5,179.4,181.0,3.94,77.4,1.887,2848.5,820.2,759.2,762.2,752.2,179.2,176.7,180.2,181.2,3.99,76.9,1.864,2.3,1.012,1,injector_clog,1,0.27,57.1,205568.7
290.3,descend_land,32.74193548387097,1946.774193548387,36.61290322580645,2843.3,821.6,757.6,763.0,750.9,179.7,176.5,181.2,181.4,4.03,77.2,1.895,2848.4,820.2,759.2,762.2,752.2,179.2,176.6,180.1,181.1,3.99,76.9,1.864,2.3,1.012,1,injector_clog,1,0.27,57.07,205467.8
290.4,descend_land,32.730812013348164,1944.0489432703002,36.59621802002225,2845.7,819.5,759.5,760.9,751.3,179.3,175.8,180.4,181.3,4.02,76.4,1.895,2848.2,820.2,759.2,762.2,752.2,179.2,176.6,180.1,181.1,3.99,76.9,1.864,2.4,1.012,1,injector_clog,1,0.27,57.05,205366.9
290.5,descend_land,32.71968854282536,1941.3236929922136,36.57953281423804,2847.8,821.2,757.7,764.0,752.6,179.0,176.6,179.9,180.9,3.99,77.1,1.853,2848.1,820.1,759.1,762.1,752.1,179.1,176.6,180.1,181.1,3.99,76.9,1.864,2.4,1.012,1,injector_clog,1,0.27,57.02,205266.0
290.6,descend_land,32.708565072302555,1938.5984427141268,36.562847608453836,2839.6,818.7,760.9,763.8,753.0,178.9,176.1,180.6,180.5,4.0,77.2,1.872,2848.0,820.1,759.1,762.1,752.1,179.1,176.6,180.1,181.1,3.99,76.9,1.864,2.4,1.013,1,injector_clog,1,0.27,56.99,205165.1
290.7,descend_land,32.69744160177976,1935.87319243604,36.54616240266963,2850.1,820.9,757.4,762.3,752.2,178.7,176.9,179.2,182.8,4.01,76.4,1.845,2847.8,820.1,759.1,762.1,752.1,179.1,176.5,180.0,181.0,3.99,76.9,1.864,2.4,1.013,1,injector_clog,1,0.27,56.96,205064.2
290.8,descend_land,32.686318131256954,1933.1479421579534,36.52947719688543,2845.3,821.5,758.6,763.3,749.8,179.2,176.2,179.7,180.3,4.01,77.3,1.837,2847.7,820.0,759.0,762.0,752.0,179.0,176.5,180.0,181.0,3.99,76.9,1.863,2.4,1.013,1,injector_clog,1,0.27,56.93,204963.3
290.9,descend_land,32.67519466073415,1930.4226918798665,36.512791991101224,2849.9,820.3,760.6,763.0,752.3,179.3,177.2,180.2,180.9,3.97,76.0,1.822,2847.5,820.0,759.0,762.0,752.0,179.0,176.5,180.0,181.0,3.99,76.9,1.863,2.5,1.014,1,injector_clog,1,0.27,56.91,204862.4
291.0,descend_land,32.664071190211345,1927.6974416017797,36.49610678531702,2849.3,821.3,756.9,761.9,751.5,178.0,176.2,180.2,181.6,4.02,76.3,1.854,2847.4,820.0,759.0,762.0,752.0,179.0,176.4,179.9,180.9,3.99,76.9,1.863,2.5,1.014,1,injector_clog,1,0.27,56.88,204761.5
291.1,descend_land,32.65294771968854,1924.972191323693,36.47942157953281,2847.2,819.2,758.3,763.5,752.1,178.5,177.2,179.7,180.4,3.97,77.0,1.836,2847.3,820.0,759.0,762.0,752.0,179.0,176.4,179.9,180.9,3.99,76.9,1.863,2.5,1.014,1,injector_clog,1,0.27,56.85,204660.6
291.2,descend_land,32.64182424916574,1922.2469410456063,36.46273637374861,2850.0,818.5,759.5,764.3,753.6,180.3,176.4,180.4,181.3,3.99,76.8,1.858,2847.1,819.9,758.9,761.9,751.9,178.9,176.4,179.9,180.9,3.99,76.9,1.863,2.5,1.014,1,injector_clog,1,0.27,56.82,204559.7
291.3,descend_land,32.63070077864294,1919.5216907675194,36.446051167964406,2852.1,819.0,754.7,761.2,752.8,179.4,176.9,180.2,180.9,3.99,77.1,1.848,2847.0,819.9,758.9,761.9,751.9,178.9,176.3,179.8,180.8,3.99,76.9,1.863,2.5,1.015,1,injector_clog,1,0.27,56.79,204458.8
291.4,descend_land,32.619577308120135,1916.7964404894328,36.4293659621802,2855.6,821.3,759.0,763.3,753.5,178.9,175.2,179.8,180.9,3.96,76.5,1.878,2846.8,819.9,758.9,761.9,751.9,178.9,176.3,179.8,180.8,3.99,76.9,1.863,2.5,1.015,1,injector_clog,1,0.27,56.77,204357.9
291.5,descend_land,32.60845383759733,1914.071190211346,36.41268075639599,2844.7,821.6,757.5,762.0,753.7,178.5,176.1,179.2,180.5,4.02,76.7,1.862,2846.7,819.8,758.8,761.8,751.8,178.8,176.3,179.8,180.8,3.99,76.9,1.863,2.6,1.015,1,injector_clog,1,0.27,56.74,204257.0
291.6,descend_land,32.59733036707453,1911.3459399332592,36.395995550611794,2849.0,818.7,758.7,761.5,753.1,178.6,176.5,179.8,181.3,3.92,77.8,1.83,2846.5,819.8,758.8,761.8,751.8,178.8,176.3,179.8,180.8,3.99,76.9,1.863,2.6,1.015,1,injector_clog,1,0.27,56.71,204156.1
291.7,descend_land,32.58620689655172,1908.6206896551726,36.37931034482759,2855.8,817.2,759.9,760.1,752.9,177.8,176.5,179.1,181.7,4.02,77.2,1.877,2846.4,819.8,758.8,761.8,751.8,178.8,176.2,179.7,180.7,3.99,76.9,1.863,2.6,1.016,1,injector_clog,1,0.27,56.68,204055.2
291.8,descend_land,32.57508342602892,1905.8954393770857,36.36262513904338,2851.8,818.4,762.4,763.5,752.3,178.8,176.0,179.1,180.7,3.98,77.0,1.846,2846.3,819.8,758.8,761.8,751.8,178.8,176.2,179.7,180.7,3.99,76.9,1.862,2.6,1.016,1,injector_clog,1,0.27,56.65,203954.3
291.9,descend_land,32.56395995550612,1903.170189098999,36.345939933259174,2847.2,820.9,759.8,760.7,749.3,178.9,175.5,180.3,181.4,4.02,76.9,1.883,2846.1,819.7,758.7,761.7,751.7,178.7,176.2,179.7,180.7,3.99,76.9,1.862,2.6,1.016,1,injector_clog,1,0.27,56.63,203853.4
292.0,descend_land,32.55283648498332,1900.4449388209123,36.329254727474975,2846.7,823.5,760.7,762.2,752.1,178.5,176.5,180.0,180.4,3.99,76.2,1.897,2846.0,819.7,758.7,761.7,751.7,178.7,176.1,179.6,180.6,3.99,76.9,1.862,2.6,1.017,1,injector_clog,1,0.27,56.6,203752.5
292.1,descend_land,32.54171301446051,1897.7196885428255,36.31256952169077,2850.2,816.6,756.7,763.7,751.1,178.9,177.2,179.8,181.4,3.96,76.9,1.837,2845.8,819.7,758.7,761.7,751.7,178.7,176.1,179.6,180.6,3.99,76.9,1.862,2.7,1.017,1,injector_clog,1,0.27,56.57,203651.6
292.2,descend_land,32.53058954393771,1894.9944382647386,36.29588431590656,2847.6,820.7,759.0,764.1,752.0,179.9,175.9,179.2,180.2,4.0,77.2,1.841,2845.7,819.6,758.6,761.6,751.6,178.6,176.1,179.6,180.6,3.99,76.9,1.862,2.7,1.017,1,injector_clog,1,0.27,56.54,203550.7
292.3,descend_land,32.519466073414904,1892.269187986652,36.279199110122356,2840.4,819.0,760.5,758.9,751.3,178.0,175.0,180.0,180.3,4.01,76.8,1.863,2845.6,819.6,758.6,761.6,751.6,178.6,176.1,179.6,180.6,3.99,76.9,1.862,2.7,1.017,1,injector_clog,1,0.27,56.51,203449.8
292.4,descend_land,32.5083426028921,1889.543937708565,36.26251390433816,2844.1,819.2,757.7,760.4,748.9,179.0,176.8,179.1,179.7,3.99,76.7,1.894,2845.4,819.6,758.6,761.6,751.6,178.6,176.0,179.5,180.5,3.99,77.0,1.862,2.7,1.018,1,injector_clog,1,0.27,56.49,203348.9
292.5,descend_land,32.497219132369295,1886.8186874304783,36.24582869855395,2846.5,817.8,759.0,760.5,751.1,178.3,176.3,180.8,181.0,4.04,77.0,1.86,2845.3,819.6,758.6,761.6,751.6,178.6,176.0,179.5,180.5,3.99,77.0,1.862,2.7,1.018,1,injector_clog,1,0.27,56.46,203248.0
292.6,descend_land,32.4860956618465,1884.0934371523917,36.229143492769744,2841.6,816.2,759.3,761.0,751.0,178.0,175.6,179.4,179.8,3.92,76.4,1.866,2845.1,819.5,758.5,761.5,751.5,178.5,176.0,179.5,180.5,3.99,77.0,1.862,2.8,1.018,1,injector_clog,1,0.27,56.43,203147.1
292.7,descend_land,32.474972191323694,1881.3681868743047,36.21245828698554,2846.3,817.8,757.6,761.1,752.6,178.3,175.9,178.6,180.8,4.0,76.4,1.894,2845.0,819.5,758.5,761.5,751.5,178.5,176.0,179.5,180.5,3.99,77.0,1.861,2.8,1.019,1,injector_clog,1,0.27,56.4,203046.2
292.8,descend_land,32.46384872080089,1878.642936596218,36.19577308120134,2834.4,819.1,757.4,764.4,752.6,179.1,175.5,179.7,181.3,3.97,77.4,1.83,2844.8,819.5,758.5,761.5,751.5,178.5,175.9,179.4,180.4,3.99,77.0,1.861,2.8,1.019,1,injector_clog,1,0.27,56.37,202945.3
292.9,descend_land,32.452725250278085,1875.9176863181312,36.17908787541713,2846.7,821.6,760.3,762.6,751.1,178.2,175.3,179.0,180.5,3.94,77.0,1.842,2844.7,819.4,758.4,761.4,751.4,178.5,175.9,179.4,180.4,3.99,77.0,1.861,2.8,1.019,1,injector_clog,1,0.27,56.35,202844.4
293.0,descend_land,32.44160177975528,1873.1924360400444,36.162402669632925,2848.8,822.4,759.8,762.2,753.7,179.5,176.1,178.6,180.2,4.0,75.8,1.863,2844.6,819.4,758.4,761.4,751.4,178.4,175.9,179.4,180.4,3.99,77.0,1.861,2.8,1.019,1,injector_clog,1,0.27,56.32,202743.5
293.1,descend_land,32.430478309232484,1870.4671857619578,36.14571746384872,2854.2,820.6,759.4,762.4,751.6,179.4,176.5,179.1,179.5,4.0,76.7,1.854,2844.4,819.4,758.4,761.4,751.4,178.4,175.9,179.4,180.4,3.99,77.0,1.861,2.8,1.02,1,injector_clog,1,0.27,56.29,202642.6
293.2,descend_land,32.41935483870968,1867.741935483871,36.12903225806451,2839.7,817.5,757.7,759.6,750.8,179.2,176.2,179.7,179.4,3.97,77.3,1.841,2844.3,819.4,758.4,761.4,751.4,178.4,175.8,179.3,180.3,3.99,77.0,1.861,2.9,1.02,1,injector_clog,1,0.27,56.26,202541.7
293.3,descend_land,32.408231368186875,1865.0166852057841,36.11234705228031,2848.0,820.6,757.9,759.9,751.8,178.6,176.1,179.6,180.9,3.97,76.7,1.919,2844.1,819.3,758.3,761.3,751.3,178.4,175.8,179.3,180.3,3.99,77.0,1.861,2.9,1.02,1,injector_clog,1,0.27,56.23,202440.8
293.4,descend_land,32.39710789766407,1862.2914349276975,36.09566184649611,2855.0,817.0,762.6,760.9,749.1,178.8,176.5,179.0,179.3,3.97,76.9,1.865,2844.0,819.3,758.3,761.3,751.3,178.3,175.8,179.3,180.3,3.99,77.0,1.861,2.9,1.021,1,injector_clog,1,0.27,56.21,202339.9
293.5,descend_land,32.38598442714127,1859.5661846496107,36.0789766407119,2840.0,820.0,757.9,762.0,751.9,177.6,175.7,179.3,179.6,4.01,77.3,1.87,2843.8,819.3,758.3,761.3,751.3,178.3,175.8,179.3,180.3,3.99,77.0,1.861,2.9,1.021,1,injector_clog,1,0.27,56.18,202239.0
293.6,descend_land,32.37486095661846,1856.8409343715239,36.0622914349277,2844.7,818.3,760.5,761.6,751.7,178.6,176.1,179.0,180.5,3.96,76.6,1.864,2843.7,819.2,758.2,761.2,751.2,178.3,175.7,179.2,180.2,3.99,77.0,1.86,2.9,1.021,1,injector_clog,1,0.27,56.15,202138.1
293.7,descend_land,32.36373748609566,1854.1156840934373,36.045606229143495,2850.7,817.3,760.7,760.3,751.8,178.1,174.9,180.5,180.7,4.0,76.6,1.841,2843.6,819.2,758.2,761.2,751.2,178.3,175.7,179.2,180.2,3.99,77.0,1.86,2.9,1.021,1,injector_clog,1,0.27,56.12,202037.2
293.8,descend_land,32.35261401557286,1851.3904338153504,36.02892102335929,2838.6,818.8,759.3,761.9,751.8,178.6,175.5,178.2,180.5,3.97,76.8,1.824,2843.4,819.2,758.2,761.2,751.2,178.2,175.7,179.2,180.2,3.99,77.0,1.86,3.0,1.022,1,injector_clog,1,0.27,56.09,201936.3
293.9,descend_land,32.34149054505006,1848.6651835372636,36.01223581757508,2843.4,818.9,758.3,760.8,752.1,177.9,176.4,179.7,179.6,3.96,77.9,1.91,2843.3,819.2,758.2,761.2,751.2,178.2,175.7,179.2,180.2,3.99,77.0,1.86,3.0,1.022,1,injector_clog,1,0.27,56.07,201835.4
294.0,descend_land,32.33036707452725,1845.939933259177,35.995550611790875,2852.2,817.1,757.1,761.1,752.1,177.3,174.9,179.7,180.0,4.02,75.7,1.872,2843.1,819.1,758.1,761.1,751.1,178.2,175.6,179.1,180.1,3.99,77.0,1.86,3.0,1.022,1,injector_clog,1,0.27,56.04,201734.5
294.1,descend_land,32.31924360400445,1843.2146829810902,35.978865406006676,2835.4,818.7,757.6,759.5,751.0,177.9,176.4,179.2,180.9,4.02,76.9,1.84,2843.0,819.1,758.1,761.1,751.1,178.2,175.6,179.1,180.1,3.99,77.0,1.86,3.0,1.022,1,injector_clog,1,0.27,56.01,201633.6
294.2,descend_land,32.308120133481644,1840.4894327030033,35.96218020022247,2839.1,820.7,755.6,762.8,752.3,177.6,175.1,179.7,179.6,4.02,77.1,1.859,2842.8,819.1,758.1,761.1,751.1,178.1,175.6,179.1,180.1,3.99,77.0,1.86,3.0,1.023,1,injector_clog,1,0.27,55.98,201532.7
294.3,descend_land,32.29699666295884,1837.7641824249167,35.94549499443826,2831.6,818.5,758.5,762.6,750.8,178.5,175.9,178.8,181.0,3.98,77.2,1.839,2842.7,819.0,758.0,761.0,751.0,178.1,175.6,179.1,180.1,3.99,77.0,1.86,3.1,1.023,1,injector_clog,1,0.27,55.95,201431.8
294.4,descend_land,32.28587319243604,1835.03893214683,35.928809788654064,2840.5,821.3,758.6,760.3,752.0,177.8,177.0,179.3,180.3,3.99,76.8,1.858,2842.5,819.0,758.0,761.0,751.0,178.1,175.5,179.0,180.0,3.99,77.0,1.86,3.1,1.023,1,injector_clog,1,0.27,55.93,201330.9
294.5,descend_land,32.27474972191324,1832.313681868743,35.91212458286986,2836.8,818.3,758.9,759.9,749.7,178.6,176.2,178.1,179.5,4.0,76.5,1.839,2842.4,819.0,758.0,761.0,751.0,178.1,175.5,179.0,180.0,3.99,77.0,1.859,3.1,1.024,1,injector_clog,1,0.27,55.9,201230.0
294.6,descend_land,32.263626251390434,1829.5884315906565,35.89543937708565,2846.4,818.5,756.5,762.6,748.5,177.7,176.0,178.8,179.7,3.99,76.5,1.887,2842.3,819.0,758.0,761.0,751.0,178.0,175.5,179.0,180.0,3.99,77.0,1.859,3.1,1.024,1,injector_clog,1,0.27,55.87,201129.1
294.7,descend_land,32.25250278086763,1826.8631813125694,35.878754171301445,2841.9,818.6,757.6,763.2,750.9,178.6,175.5,179.4,180.2,3.96,77.0,1.859,2842.1,818.9,757.9,760.9,750.9,178.0,175.5,179.0,180.0,3.99,77.0,1.859,3.1,1.024,1,injector_clog,1,0.27,55.84,201028.2
294.8,descend_land,32.241379310344826,1824.1379310344828,35.86206896551724,2838.9,821.1,757.2,759.2,751.6,178.7,175.9,178.8,180.0,4.02,77.0,1.856,2842.0,818.9,757.9,760.9,750.9,178.0,175.4,178.9,179.9,3.99,77.0,1.859,3.1,1.024,1,injector_clog,1,0.27,55.81,200927.3
294.9,descend_land,32.23025583982202,1821.4126807563962,35.84538375973304,2829.0,818.0,759.5,759.6,751.7,177.3,174.7,180.0,180.0,3.93,77.3,1.82,2841.8,818.9,757.9,760.9,750.9,178.0,175.4,178.9,179.9,3.99,77.0,1.859,3.2,1.025,1,injector_clog,1,0.27,55.79,200826.4
295.0,descend_land,32.219132369299224,1818.6874304783091,35.82869855394883,2839.0,818.5,757.8,759.1,750.4,177.7,175.3,179.3,179.8,4.0,76.7,1.874,2841.7,818.8,757.8,760.8,750.8,178.0,175.4,178.9,179.9,3.99,77.0,1.859,3.2,1.025,1,injector_clog,1,0.27,55.76,200725.5
295.1,descend_land,32.20800889877642,1815.9621802002225,35.812013348164626,2834.7,817.7,757.3,760.6,748.8,178.2,175.4,179.6,179.5,4.0,77.5,1.851,2841.5,818.8,757.8,760.8,750.8,177.9,175.4,178.9,179.9,3.99,77.0,1.859,3.2,1.025,1,injector_clog,1,0.27,55.73,200624.6
295.2,descend_land,32.196885428253616,1813.236929922136,35.79532814238042,2835.1,818.2,756.4,761.8,750.9,177.2,174.8,178.7,179.9,3.95,76.1,1.813,2841.4,818.8,757.8,760.8,750.8,177.9,175.4,178.9,179.9,3.99,77.0,1.859,3.2,1.026,1,injector_clog,1,0.27,55.7,200523.7
295.3,descend_land,32.18576195773081,1810.5116796440489,35.77864293659622,2846.7,818.2,758.6,759.5,751.5,177.0,175.8,179.3,179.7,3.99,77.0,1.814,2841.2,818.8,757.8,760.8,750.8,177.9,175.3,178.8,179.8,3.99,77.0,1.858,3.2,1.026,1,injector_clog,1,0.27,55.67,200422.8
295.4,descend_land,32.17463848720801,1807.7864293659622,35.761957730812014,2839.2,818.5,756.7,763.8,751.1,178.5,175.6,178.9,179.2,4.0,77.3,1.884,2841.1,818.7,757.7,760.7,750.7,177.9,175.3,178.8,179.8,3.99,77.0,1.858,3.2,1.026,1,injector_clog,1,0.27,55.64,200321.9
295.5,descend_land,32.1635150166852,1805.0611790878754,35.74527252502781,2833.9,818.5,757.9,761.7,750.2,177.9,175.4,178.5,179.4,3.98,77.1,1.844,2840.9,818.7,757.7,760.7,750.7,177.8,175.3,178.8,179.8,3.99,77.0,1.858,3.3,1.026,1,injector_clog,1,0.27,55.62,200221.0
295.6,descend_land,32.152391546162406,1802.3359288097886,35.7285873192436,2842.3,817.6,757.9,759.3,749.6,177.1,175.4,178.7,180.9,4.0,76.7,1.83,2840.8,818.7,757.7,760.7,750.7,177.8,175.3,178.8,179.8,3.99,77.0,1.858,3.3,1.027,1,injector_clog,1,0.27,55.59,200120.1
295.7,descend_land,32.1412680756396,1799.610678531702,35.7119021134594,2834.7,820.0,757.7,759.5,755.2,177.9,174.9,180.3,180.9,3.96,76.6,1.942,2840.7,818.6,757.6,760.6,750.6,177.8,175.2,178.7,179.7,3.99,77.0,1.858,3.3,1.027,1,injector_clog,1,0.27,55.56,200019.2
295.8,descend_land,32.1301446051168,1796.8854282536151,35.695216907675196,2836.3,817.0,758.4,759.6,752.2,178.3,175.5,178.7,179.1,4.01,77.0,1.85,2840.5,818.6,757.6,760.6,750.6,177.8,175.2,178.7,179.7,3.99,77.0,1.858,3.3,1.027,1,injector_clog,1,0.27,55.53,199918.3
295.9,descend_land,32.11902113459399,1794.1601779755283,35.67853170189099,2835.1,819.9,757.9,760.9,748.3,177.8,174.7,177.5,180.0,4.02,77.0,1.841,2840.4,818.6,757.6,760.6,750.6,177.8,175.2,178.7,179.7,3.99,77.0,1.858,3.3,1.027,1,injector_clog,1,0.27,55.5,199817.4
296.0,descend_land,32.10789766407119,1791.4349276974417,35.66184649610678,2833.9,818.2,756.9,760.3,749.1,176.8,175.2,179.5,179.6,3.99,76.6,1.891,2840.2,818.6,757.6,760.6,750.6,177.7,175.2,178.7,179.7,3.99,77.0,1.858,3.4,1.028,1,injector_clog,1,0.27,55.48,199716.5
296.1,descend_land,32.096774193548384,1788.7096774193549,35.645161290322584,2830.4,817.4,757.9,759.6,749.4,177.8,175.1,178.2,178.8,4.02,76.6,1.882,2840.1,818.5,757.5,760.5,750.5,177.7,175.2,178.7,179.7,3.99,77.0,1.858,3.4,1.028,1,injector_clog,1,0.27,55.45,199615.6
296.2,descend_land,32.08565072302559,1785.984427141268,35.62847608453838,2838.0,817.7,758.9,761.5,750.1,176.8,175.6,179.7,179.7,3.96,77.2,1.836,2839.9,818.5,757.5,760.5,750.5,177.7,175.1,178.6,179.6,3.99,77.0,1.857,3.4,1.028,1,injector_clog,1,0.27,55.42,199514.7
296.3,descend_land,32.07452725250278,1783.2591768631814,35.61179087875417,2845.2,819.1,756.7,760.8,750.5,177.6,175.7,178.2,180.4,4.02,76.7,1.886,2839.8,818.5,757.5,760.5,750.5,177.7,175.1,178.6,179.6,3.99,77.0,1.857,3.4,1.029,1,injector_clog,1,0.27,55.39,199413.8
296.4,descend_land,32.06340378197998,1780.5339265850946,35.595105672969964,2837.4,819.7,758.9,760.3,750.9,178.1,176.1,178.9,179.7,4.02,77.0,1.856,2839.6,818.4,757.4,760.4,750.4,177.7,175.1,178.6,179.6,3.99,77.0,1.857,3.4,1.029,1,injector_clog,1,0.27,55.36,199312.9
296.5,descend_land,32.052280311457174,1777.8086763070078,35.578420467185765,2835.7,817.8,757.6,761.3,750.5,178.3,175.6,178.4,179.1,4.0,77.3,1.885,2839.5,818.4,757.4,760.4,750.4,177.6,175.1,178.6,179.6,3.99,77.0,1.857,3.4,1.029,1,injector_clog,1,0.27,55.34,199212.0
296.6,descend_land,32.04115684093437,1775.0834260289212,35.56173526140156,2847.9,817.9,759.6,760.5,748.9,176.4,175.4,179.1,179.8,4.02,76.8,1.921,2839.3,818.4,757.4,760.4,750.4,177.6,175.1,178.6,179.6,3.99,77.0,1.857,3.5,1.029,1,injector_clog,1,0.27,55.31,199111.1
296.7,descend_land,32.030033370411566,1772.3581757508343,35.54505005561735,2831.5,817.7,758.6,760.8,748.6,177.1,174.1,178.7,178.7,4.01,76.5,1.889,2839.2,818.4,757.4,760.4,750.4,177.6,175.0,178.5,179.5,3.99,77.1,1.857,3.5,1.03,1,injector_clog,1,0.27,55.28,199010.2
296.8,descend_land,32.01890989988877,1769.6329254727475,35.528364849833146,2847.2,815.8,756.1,759.0,750.3,178.0,174.4,178.5,179.7,3.94,76.6,1.897,2839.0,818.3,757.3,760.3,750.3,177.6,175.0,178.5,179.5,3.99,77.1,1.857,3.5,1.03,1,injector_clog,1,0.27,55.25,198909.3
296.9,descend_land,32.007786429365964,1766.907675194661,35.51167964404894,2840.9,818.9,755.0,762.2,749.7,178.6,174.9,178.8,179.7,3.99,76.5,1.854,2838.9,818.3,757.3,760.3,750.3,177.5,175.0,178.5,179.5,3.99,77.1,1.857,3.5,1.03,1,injector_clog,1,0.27,55.22,198808.4
297.0,descend_land,31.99666295884316,1764.182424916574,35.49499443826474,2831.0,816.3,756.5,759.1,750.5,177.6,173.9,178.3,179.7,4.03,76.8,1.841,2838.7,818.3,757.3,760.3,750.3,177.5,175.0,178.5,179.5,3.99,77.1,1.857,3.5,1.031,1,injector_clog,1,0.27,55.2,198707.5
297.1,descend_land,31.985539488320356,1761.4571746384872,35.478309232480534,2835.9,816.5,754.6,760.0,749.0,178.0,175.6,178.3,180.4,3.98,76.8,1.875,2838.6,818.2,757.2,760.2,750.2,177.5,175.0,178.5,179.5,3.99,77.1,1.856,3.6,1.031,1,injector_clog,1,0.27,55.17,198606.6
297.2,descend_land,31.97441601779755,1758.7319243604006,35.46162402669633,2837.0,820.3,755.2,761.5,751.6,177.8,174.6,178.9,178.6,4.0,77.6,1.828,2838.4,818.2,757.2,760.2,750.2,177.5,174.9,178.4,179.4,3.99,77.1,1.856,3.6,1.031,1,injector_clog,1,0.27,55.14,198505.7
297.3,descend_land,31.96329254727475,1756.0066740823136,35.44493882091213,2838.6,816.9,757.7,758.1,749.2,178.9,174.4,179.0,179.0,3.97,77.1,1.843,2838.3,818.2,757.2,760.2,750.2,177.5,174.9,178.4,179.4,3.99,77.1,1.856,3.6,1.031,1,injector_clog,1,0.27,55.11,198404.8
297.4,descend_land,31.952169076751947,1753.281423804227,35.42825361512792,2841.7,817.5,755.4,760.7,751.4,177.9,176.2,179.2,179.8,4.03,77.9,1.835,2838.1,818.2,757.2,760.2,750.2,177.4,174.9,178.4,179.4,3.99,77.1,1.856,3.6,1.032,1,injector_clog,1,0.27,55.08,198303.9
297.5,descend_land,31.941045606229142,1750.5561735261404,35.411568409343715,2833.2,816.3,757.5,760.2,749.3,178.3,175.0,178.1,178.5,4.04,77.5,1.815,2838.0,818.1,757.1,760.1,750.1,177.4,174.9,178.4,179.4,3.99,77.1,1.856,3.6,1.032,1,injector_clog,1,0.27,55.06,198203.0
297.6,descend_land,31.92992213570634,1747.8309232480533,35.39488320355951,2839.6,816.3,755.1,760.3,749.2,177.6,174.7,177.8,181.0,3.99,77.6,1.873,2837.8,818.1,757.1,760.1,750.1,177.4,174.9,178.4,179.4,3.99,77.1,1.856,3.6,1.032,1,injector_clog,1,0.27,55.03,198102.1
297.7,descend_land,31.918798665183537,1745.1056729699667,35.3781979977753,2822.5,818.8,756.6,760.8,748.5,175.9,175.0,177.8,179.2,4.0,77.0,1.846,2837.7,818.1,757.1,760.1,750.1,177.4,174.8,178.3,179.3,3.99,77.1,1.856,3.7,1.033,1,injector_clog,1,0.27,55.0,198001.2
297.8,descend_land,31.907675194660733,1742.3804226918799,35.3615127919911,2838.9,817.6,754.4,758.8,753.7,177.3,174.1,178.3,179.0,4.02,76.8,1.854,2837.5,818.0,757.0,760.0,750.0,177.4,174.8,178.3,179.3,3.99,77.1,1.856,3.7,1.033,1,injector_clog,1,0.27,54.97,197900.3
297.9,descend_land,31.896551724137932,1739.655172413793,35.3448275862069,2836.1,815.9,758.0,762.9,748.9,178.1,174.9,178.5,178.9,3.98,77.1,1.841,2837.4,818.0,757.0,760.0,750.0,177.4,174.8,178.3,179.3,3.99,77.1,1.855,3.7,1.033,1,injector_clog,1,0.27,54.94,197799.4
298.0,descend_land,31.885428253615128,1736.9299221357064,35.32814238042269,2835.4,820.1,756.2,761.4,752.1,178.1,173.8,177.9,179.6,3.95,75.9,1.803,2837.2,818.0,757.0,760.0,750.0,177.3,174.8,178.3,179.3,3.99,77.1,1.855,3.7,1.033,1,injector_clog,1,0.27,54.92,197698.5
298.1,descend_land,31.874304783092324,1734.2046718576196,35.31145717463849,2831.2,819.3,758.1,757.0,749.8,176.7,174.3,177.6,179.7,3.97,77.7,1.856,2837.1,818.0,757.0,760.0,750.0,177.3,174.8,178.3,179.3,3.99,77.1,1.855,3.7,1.034,1,injector_clog,1,0.27,54.89,197597.6
298.2,descend_land,31.863181312569523,1731.4794215795328,35.294771968854285,2838.3,820.3,755.8,758.1,751.3,177.2,175.0,178.1,179.9,3.97,77.3,1.813,2836.9,817.9,756.9,759.9,749.9,177.3,174.7,178.2,179.2,3.99,77.1,1.855,3.7,1.034,1,injector_clog,1,0.27,54.86,197496.7
298.3,descend_land,31.85205784204672,1728.7541713014461,35.27808676307008,2827.0,818.1,755.5,761.2,751.5,178.1,175.1,179.2,178.9,4.02,76.8,1.881,2836.8,817.9,756.9,759.9,749.9,177.3,174.7,178.2,179.2,3.99,77.1,1.855,3.8,1.034,1,injector_clog,1,0.27,54.83,197395.8
298.4,descend_land,31.840934371523915,1726.0289210233593,35.26140155728587,2835.1,816.5,755.1,758.9,747.3,177.0,174.8,177.9,179.2,3.97,77.1,1.84,2836.6,817.9,756.9,759.9,749.9,177.3,174.7,178.2,179.2,3.98,77.1,1.855,3.8,1.035,1,injector_clog,1,0.27,54.8,197294.9
298.5,descend_land,31.82981090100111,1723.3036707452725,35.244716351501665,2834.0,815.5,757.2,758.6,749.1,176.9,174.1,178.2,178.8,3.95,77.7,1.972,2836.5,817.8,756.8,759.8,749.8,177.2,174.7,178.2,179.2,3.98,77.1,1.855,3.8,1.035,1,injector_clog,1,0.27,54.78,197194.0
298.6,descend_land,31.81868743047831,1720.5784204671859,35.228031145717466,2838.3,817.1,757.3,757.3,749.4,177.8,174.3,178.6,178.2,4.01,77.6,1.874,2836.3,817.8,756.8,759.8,749.8,177.2,174.7,178.2,179.2,3.98,77.1,1.855,3.8,1.035,1,injector_clog,1,0.27,54.75,197093.1
298.7,descend_land,31.807563959955505,1717.853170189099,35.21134593993326,2836.4,817.2,755.2,761.0,747.2,178.1,174.3,178.2,179.0,4.0,77.0,1.898,2836.2,817.8,756.8,759.8,749.8,177.2,174.7,178.2,179.2,3.98,77.1,1.855,3.8,1.035,1,injector_clog,1,0.27,54.72,196992.2
298.8,descend_land,31.796440489432705,1715.1279199110122,35.19466073414905,2836.2,818.4,758.9,761.3,748.0,176.6,174.5,178.9,179.3,3.96,77.4,1.873,2836.0,817.8,756.8,759.8,749.8,177.2,174.6,178.1,179.1,3.98,77.1,1.854,3.9,1.036,1,injector_clog,1,0.27,54.69,196891.3
298.9,descend_land,31.7853170189099,1712.4026696329256,35.17797552836485,2840.8,819.2,756.1,760.2,750.6,176.9,175.6,177.8,180.0,3.98,77.0,1.788,2835.9,817.7,756.7,759.7,749.7,177.2,174.6,178.1,179.1,3.98,77.1,1.854,3.9,1.036,1,injector_clog,1,0.27,54.66,196790.4
299.0,descend_land,31.774193548387096,1709.6774193548388,35.16129032258065,2831.3,816.2,757.2,759.7,751.4,177.2,174.1,178.6,177.5,3.95,76.9,1.847,2835.7,817.7,756.7,759.7,749.7,177.2,174.6,178.1,179.1,3.98,77.1,1.854,3.9,1.036,1,injector_clog,1,0.27,54.64,196689.5
299.1,descend_land,31.763070077864292,1706.952169076752,35.14460511679644,2837.6,818.5,755.6,760.2,750.3,177.4,174.2,178.1,179.6,3.96,78.1,1.834,2835.6,817.7,756.7,759.7,749.7,177.1,174.6,178.1,179.1,3.98,77.1,1.854,3.9,1.036,1,injector_clog,1,0.27,54.61,196588.6
299.2,descend_land,31.75194660734149,1704.2269187986653,35.127919911012235,2841.9,818.8,758.4,761.0,747.4,176.0,174.5,178.6,178.8,4.0,78.3,1.886,2835.4,817.6,756.6,759.6,749.6,177.1,174.6,178.1,179.1,3.98,77.1,1.854,3.9,1.037,1,injector_clog,1,0.27,54.58,196487.7
299.3,descend_land,31.740823136818687,1701.5016685205785,35.11123470522803,2840.4,817.7,755.4,760.6,749.8,177.2,175.5,176.8,179.2,3.96,77.1,1.812,2835.3,817.6,756.6,759.6,749.6,177.1,174.5,178.0,179.0,3.98,77.1,1.854,3.9,1.037,1,injector_clog,1,0.27,54.55,196386.8
299.4,descend_land,31.729699666295886,1698.7764182424917,35.09454949944383,2833.9,816.1,756.5,755.9,752.3,176.7,173.9,178.7,179.5,4.01,77.4,1.892,2835.1,817.6,756.6,759.6,749.6,177.1,174.5,178.0,179.0,3.98,77.2,1.854,4.0,1.037,1,injector_clog,1,0.27,54.52,196285.9
299.5,descend_land,31.718576195773082,1696.051167964405,35.07786429365962,2840.9,819.5,754.5,759.7,748.9,177.2,175.2,178.2,179.3,4.01,77.4,1.853,2835.0,817.6,756.6,759.6,749.6,177.1,174.5,178.0,179.0,3.98,77.2,1.854,4.0,1.038,1,injector_clog,1,0.27,54.5,196185.0
299.6,descend_land,31.707452725250278,1693.3259176863182,35.061179087875416,2840.9,816.9,757.3,760.0,750.8,177.3,174.4,176.9,179.4,3.99,77.3,1.832,2834.8,817.5,756.5,759.5,749.5,177.0,174.5,178.0,179.0,3.98,77.2,1.853,4.0,1.038,1,injector_clog,1,0.27,54.47,196084.1
299.7,descend_land,31.696329254727473,1690.6006674082314,35.04449388209121,2834.8,817.8,755.2,762.7,748.2,177.0,174.4,178.0,179.2,3.92,77.9,1.853,2834.7,817.5,756.5,759.5,749.5,177.0,174.5,178.0,179.0,3.98,77.2,1.853,4.0,1.038,1,injector_clog,1,0.27,54.44,195983.2
299.8,descend_land,31.685205784204673,1687.8754171301448,35.02780867630701,2832.6,818.0,758.7,758.3,748.1,176.7,173.4,177.4,179.6,3.95,77.4,1.88,2834.5,817.5,756.5,759.5,749.5,177.0,174.5,178.0,179.0,3.98,77.2,1.853,4.0,1.038,1,injector_clog,1,0.27,54.41,195882.3
299.9,descend_land,31.67408231368187,1685.1501668520577,35.011123470522804,2831.1,817.2,757.5,760.9,750.4,175.5,174.3,178.1,177.9,3.98,77.6,1.835,2834.4,817.4,756.4,759.4,749.4,177.0,174.4,177.9,178.9,3.98,77.2,1.853,4.0,1.039,1,injector_clog,1,0.27,54.38,195781.4
300.0,descend_land,31.662958843159064,1682.4249165739711,34.9944382647386,2828.8,815.6,754.5,757.3,750.9,177.0,174.4,179.1,178.8,4.05,77.1,1.816,2834.2,817.4,756.4,759.4,749.4,177.0,174.4,177.9,178.9,3.98,77.2,1.853,4.1,1.039,1,injector_clog,1,0.27,54.36,195680.5
300.1,descend_land,31.651835372636263,1679.6996662958845,34.97775305895439,2839.9,814.2,755.4,758.4,748.3,176.6,173.3,177.4,179.9,3.96,77.8,1.859,2834.1,817.4,756.4,759.4,749.4,177.0,174.4,177.9,178.9,3.98,77.2,1.853,4.1,1.039,1,injector_clog,1,0.27,54.33,195579.6
300.2,descend_land,31.64071190211346,1676.9744160177975,34.96106785317019,2830.9,817.2,755.4,758.6,747.1,177.1,174.6,178.2,179.1,3.98,77.3,1.885,2833.9,817.4,756.4,759.4,749.4,176.9,174.4,177.9,178.9,3.98,77.2,1.853,4.1,1.04,1,injector_clog,1,0.27,54.3,195478.7
300.3,descend_land,31.629588431590655,1674.2491657397109,34.944382647385986,2829.1,816.8,756.4,758.9,750.6,177.4,174.3,178.5,178.3,4.0,77.4,1.837,2833.8,817.3,756.3,759.3,749.3,176.9,174.4,177.9,178.9,3.98,77.2,1.853,4.1,1.04,1,injector_clog,1,0.27,54.27,195377.8
300.4,descend_land,31.618464961067854,1671.523915461624,34.92769744160178,2832.8,816.9,754.0,759.8,749.9,176.0,174.9,177.1,178.8,3.98,77.3,1.845,2833.6,817.3,756.3,759.3,749.3,176.9,174.4,177.9,178.9,3.98,77.2,1.852,4.1,1.04,1,injector_clog,1,0.27,54.24,195276.9
300.5,descend_land,31.60734149054505,1668.7986651835372,34.91101223581757,2840.3,817.0,755.6,759.5,750.7,177.0,174.7,178.2,179.0,4.02,77.3,1.762,2833.5,817.3,756.3,759.3,749.3,176.9,174.3,177.8,178.8,3.98,77.2,1.852,4.2,1.04,1,injector_clog,1,0.27,54.22,195176.0
300.6,descend_land,31.596218020022246,1666.0734149054506,34.89432703003337,2826.4,818.6,756.3,763.3,748.3,176.2,173.6,178.0,179.3,3.98,77.5,1.855,2833.3,817.2,756.2,759.2,749.2,176.9,174.3,177.8,178.8,3.98,77.2,1.852,4.2,1.041,1,injector_clog,1,0.27,54.19,195075.1
300.7,descend_land,31.585094549499445,1663.3481646273638,34.87764182424917,2837.3,817.0,754.1,759.4,748.6,176.2,174.3,176.4,178.0,3.96,76.8,1.866,2833.2,817.2,756.2,759.2,749.2,176.9,174.3,177.8,178.8,3.98,77.2,1.852,4.2,1.041,1,injector_clog,1,0.27,54.16,194974.2
300.8,descend_land,31.57397107897664,1660.622914349277,34.86095661846496,2817.6,816.0,752.5,761.7,750.4,177.1,173.8,178.3,179.6,3.96,77.0,1.881,2833.0,817.2,756.2,759.2,749.2,176.8,174.3,177.8,178.8,3.98,77.2,1.852,4.2,1.041,1,injector_clog,1,0.27,54.13,194873.3
300.9,descend_land,31.562847608453836,1657.8976640711903,34.844271412680754,2831.5,819.0,756.8,759.7,750.0,176.5,174.6,177.3,178.3,3.98,76.3,1.874,2832.9,817.2,756.2,759.2,749.2,176.8,174.3,177.8,178.8,3.98,77.2,1.852,4.2,1.042,1,injector_clog,1,0.27,54.1,194772.4
301.0,descend_land,31.551724137931036,1655.1724137931035,34.827586206896555,2822.9,816.5,757.6,761.1,749.0,176.3,174.9,178.7,179.2,3.97,77.8,1.857,2832.7,817.1,756.1,759.1,749.1,176.8,174.3,177.8,178.8,3.98,77.2,1.852,4.2,1.042,1,injector_clog,1,0.27,54.08,194671.5
301.1,descend_land,31.54060066740823,1652.4471635150167,34.81090100111235,2839.9,815.7,755.9,758.8,749.9,175.7,174.4,178.5,177.9,3.96,77.4,1.838,2832.5,817.1,756.1,759.1,749.1,176.8,174.3,177.8,178.8,3.98,77.2,1.852,4.3,1.042,1,injector_clog,1,0.27,54.05,194570.6
301.2,descend_land,31.529477196885427,1649.72191323693,34.79421579532814,2831.5,817.2,756.8,758.0,749.1,176.9,173.8,177.8,179.0,3.95,77.2,1.854,2832.4,817.1,756.1,759.1,749.1,176.8,174.2,177.7,178.7,3.98,77.2,1.851,4.3,1.042,1,injector_clog,1,0.27,54.02,194469.7
301.3,descend_land,31.518353726362626,1646.9966629588432,34.777530589543936,2831.8,816.2,755.3,756.9,747.9,176.4,174.8,178.4,179.5,4.01,77.8,1.865,2832.2,817.0,756.0,759.0,749.0,176.8,174.2,177.7,178.7,3.98,77.2,1.851,4.3,1.043,1,injector_clog,1,0.27,53.99,194368.8
301.4,descend_land,31.507230255839822,1644.2714126807564,34.76084538375973,2830.3,814.7,755.9,759.1,747.0,176.5,173.8,177.6,178.5,3.95,76.3,1.839,2832.1,817.0,756.0,759.0,749.0,176.8,174.2,177.7,178.7,3.98,77.2,1.851,4.3,1.043,1,injector_clog,1,0.27,53.96,194267.9
301.5,descend_land,31.496106785317018,1641.5461624026698,34.74416017797553,2833.8,816.7,754.2,758.4,747.7,177.7,173.8,178.1,180.1,3.98,77.0,1.866,2831.9,817.0,756.0,759.0,749.0,176.7,174.2,177.7,178.7,3.98,77.2,1.851,4.3,1.043,1,injector_clog,1,0.27,53.94,194167.0
301.6,descend_land,31.484983314794217,1638.820912124583,34.727474972191324,2833.9,819.0,756.6,761.0,749.0,176.6,174.3,177.6,178.1,3.95,77.1,1.828,2831.8,817.0,756.0,759.0,749.0,176.7,174.2,177.7,178.7,3.98,77.3,1.851,4.3,1.044,1,injector_clog,1,0.27,53.91,194066.1
301.7,descend_land,31.473859844271413,1636.0956618464961,34.71078976640712,2830.1,816.3,756.7,759.8,749.5,176.5,173.2,178.0,178.6,4.02,76.2,1.858,2831.6,816.9,755.9,758.9,748.9,176.7,174.2,177.7,178.7,3.98,77.3,1.851,4.4,1.044,1,injector_clog,1,0.27,53.88,193965.2
301.8,descend_land,31.46273637374861,1633.3704115684095,34.69410456062292,2835.5,818.4,755.8,757.6,748.5,175.9,174.5,177.4,178.3,3.97,77.3,1.853,2831.5,816.9,755.9,758.9,748.9,176.7,174.1,177.6,178.6,3.98,77.3,1.851,4.4,1.044,1,injector_clog,1,0.27,53.85,193864.3
301.9,descend_land,31.451612903225808,1630.6451612903227,34.67741935483871,2820.3,817.0,756.1,758.3,751.2,176.8,173.6,177.9,179.3,4.01,76.8,1.873,2831.3,816.9,755.9,758.9,748.9,176.7,174.1,177.6,178.6,3.98,77.3,1.851,4.4,1.044,1,injector_clog,1,0.27,53.82,193763.4
302.0,descend_land,31.440489432703004,1627.9199110122358,34.660734149054505,2837.7,816.8,755.7,760.7,748.9,177.4,174.6,178.0,178.3,3.97,77.4,1.847,2831.2,816.8,755.8,758.8,748.8,176.7,174.1,177.6,178.6,3.98,77.3,1.85,4.4,1.045,1,injector_clog,1,0.27,53.8,193662.5
302.1,descend_land,31.4293659621802,1625.1946607341492,34.6440489432703,2829.2,819.5,757.7,756.5,749.3,176.0,173.5,176.8,177.6,3.97,77.4,1.87,2831.0,816.8,755.8,758.8,748.8,176.6,174.1,177.6,178.6,3.98,77.3,1.85,4.4,1.045,1,injector_clog,1,0.27,53.77,193561.6
302.2,descend_land,31.418242491657395,1622.4694104560622,34.62736373748609,2831.9,814.1,755.0,758.5,749.0,177.0,173.9,177.8,178.1,3.98,77.9,1.888,2830.8,816.8,755.8,758.8,748.8,176.6,174.1,177.6,178.6,3.98,77.3,1.85,4.5,1.045,1,injector_clog,1,0.27,53.74,193460.7
302.3,descend_land,31.407119021134594,1619.7441601779756,34.61067853170189,2831.0,818.8,758.3,758.0,749.7,177.6,173.6,177.7,178.8,3.98,77.5,1.851,2830.7,816.7,755.7,758.7,748.7,176.6,174.1,177.6,178.6,3.98,77.3,1.85,4.5,1.046,1,injector_clog,1,0.27,53.71,193359.8
302.4,descend_land,31.39599555061179,1617.018909899889,34.59399332591769,2830.2,814.4,754.3,758.2,747.1,177.0,173.7,177.5,178.6,3.96,77.6,1.845,2830.5,816.7,755.7,758.7,748.7,176.6,174.1,177.6,178.6,3.98,77.3,1.85,4.5,1.046,1,injector_clog,1,0.27,53.68,193258.9
302.5,descend_land,31.38487208008899,1614.293659621802,34.57730812013348,2829.4,816.9,755.1,758.7,747.7,175.9,173.8,178.7,178.3,4.01,77.9,1.81,2830.4,816.7,755.7,758.7,748.7,176.6,174.0,177.5,178.5,3.98,77.3,1.85,4.5,1.046,1,injector_clog,1,0.27,53.66,193158.0
302.6,descend_land,31.373748609566185,1611.5684093437153,34.560622914349274,2834.4,818.6,754.6,757.1,748.9,176.7,175.0,177.5,178.5,3.98,78.1,1.832,2830.2,816.7,755.7,758.7,748.7,176.6,174.0,177.5,178.5,3.98,77.3,1.85,4.5,1.046,1,injector_clog,1,0.27,53.63,193057.1
302.7,descend_land,31.36262513904338,1608.8431590656287,34.543937708565075,2833.5,816.3,756.7,759.5,749.1,176.4,173.4,177.8,178.9,3.98,77.6,1.825,2830.1,816.6,755.6,758.6,748.6,176.6,174.0,177.5,178.5,3.98,77.3,1.85,4.5,1.047,1,injector_clog,1,0.27,53.6,192956.2
302.8,descend_land,31.351501668520577,1606.1179087875416,34.52725250278087,2825.4,818.2,756.0,759.3,745.9,175.6,174.3,176.9,178.5,4.02,77.0,1.87,2829.9,816.6,755.6,758.6,748.6,176.5,174.0,177.5,178.5,3.98,77.3,1.849,4.6,1.047,1,injector_clog,1,0.27,53.57,192855.3
302.9,descend_land,31.340378197997776,1603.392658509455,34.51056729699666,2826.3,816.4,754.6,759.5,748.3,176.4,174.1,177.8,177.6,3.95,76.7,1.854,2829.7,816.6,755.6,758.6,748.6,176.5,174.0,177.5,178.5,3.98,77.3,1.849,4.6,1.047,1,injector_clog,1,0.27,53.54,192754.4
303.0,descend_land,31.32925472747497,1600.6674082313682,34.493882091212456,2835.1,814.6,754.2,758.9,749.0,177.1,174.4,178.1,178.2,3.99,77.1,1.812,2829.6,816.5,755.5,758.5,748.5,176.5,174.0,177.5,178.5,3.98,77.3,1.849,4.6,1.048,1,injector_clog,1,0.27,53.51,192653.5
303.1,descend_land,31.31813125695217,1597.9421579532814,34.477196885428256,2825.4,815.1,756.1,758.9,748.5,176.1,174.1,177.7,177.4,3.93,77.2,1.89,2829.4,816.5,755.5,758.5,748.5,176.5,174.0,177.5,178.5,3.98,77.3,1.849,4.6,1.048,1,injector_clog,1,0.27,53.49,192552.6
303.2,descend_land,31.307007786429367,1595.2169076751948,34.46051167964405,2830.6,815.2,755.0,757.9,749.3,176.4,173.4,176.7,179.6,3.97,77.1,1.911,2829.3,816.5,755.5,758.5,748.5,176.5,173.9,177.4,178.4,3.98,77.3,1.849,4.6,1.048,1,injector_clog,1,0.27,53.46,192451.7
303.3,descend_land,31.295884315906562,1592.491657397108,34.44382647385984,2818.1,814.9,755.1,758.2,748.7,175.7,173.7,178.1,179.2,3.96,77.2,1.805,2829.1,816.5,755.5,758.5,748.5,176.5,173.9,177.4,178.4,3.98,77.3,1.849,4.6,1.048,1,injector_clog,1,0.27,53.43,192350.8
303.4,descend_land,31.284760845383758,1589.766407119021,34.42714126807564,2823.0,818.7,752.7,758.2,748.9,175.8,174.1,176.2,179.2,4.0,77.2,1.837,2829.0,816.4,755.4,758.4,748.4,176.5,173.9,177.4,178.4,3.98,77.3,1.849,4.7,1.049,1,injector_clog,1,0.27,53.4,192249.9
303.5,descend_land,31.273637374860957,1587.0411568409345,34.41045606229144,2832.1,816.3,753.9,756.7,747.7,176.7,173.3,178.0,177.0,4.0,77.3,1.807,2828.8,816.4,755.4,758.4,748.4,176.4,173.9,177.4,178.4,3.98,77.4,1.849,4.7,1.049,1,injector_clog,1,0.27,53.37,192149.0
303.6,descend_land,31.262513904338153,1584.3159065628477,34.39377085650723,2824.1,814.3,755.8,760.4,748.0,176.0,175.0,176.2,177.8,4.0,77.2,1.826,2828.7,816.4,755.4,758.4,748.4,176.4,173.9,177.4,178.4,3.98,77.4,1.848,4.7,1.049,1,injector_clog,1,0.27,53.35,192048.1
303.7,descend_land,31.25139043381535,1581.5906562847608,34.377085650723025,2827.0,815.7,757.0,759.2,747.4,177.0,173.8,177.7,178.3,3.97,77.2,1.862,2828.5,816.3,755.3,758.3,748.3,176.4,173.9,177.4,178.4,3.98,77.4,1.848,4.7,1.05,1,injector_clog,1,0.27,53.32,191947.2
303.8,descend_land,31.240266963292548,1578.8654060066742,34.36040044493882,2825.4,815.6,754.0,758.2,748.3,176.5,174.3,178.4,178.9,4.02,77.9,1.837,2828.3,816.3,755.3,758.3,748.3,176.4,173.9,177.4,178.4,3.98,77.4,1.848,4.7,1.05,1,injector_clog,1,0.27,53.29,191846.3
303.9,descend_land,31.229143492769744,1576.1401557285874,34.34371523915462,2828.6,816.8,754.9,758.4,748.0,176.4,173.7,177.6,177.6,3.95,77.1,1.798,2828.2,816.3,755.3,758.3,748.3,176.4,173.8,177.3,178.3,3.98,77.4,1.848,4.8,1.05,1,injector_clog,1,0.27,53.26,191745.4
304.0,descend_land,31.21802002224694,1573.4149054505006,34.32703003337041,2829.4,818.1,753.1,757.3,748.9,176.9,174.1,177.1,177.8,4.01,77.7,1.778,2828.0,816.3,755.3,758.3,748.3,176.4,173.8,177.3,178.3,3.98,77.4,1.848,4.8,1.05,1,injector_clog,1,0.27,53.23,191644.5
304.1,descend_land,31.20689655172414,1570.689655172414,34.310344827586206,2819.5,816.7,755.5,757.7,750.3,176.8,173.1,178.1,178.7,3.97,77.7,1.868,2827.9,816.2,755.2,758.2,748.2,176.4,173.8,177.3,178.3,3.98,77.4,1.848,4.8,1.051,1,injector_clog,1,0.27,53.21,191543.6
304.2,descend_land,31.195773081201335,1567.9644048943271,34.293659621802,2826.4,814.6,755.9,758.7,745.8,177.2,173.9,177.3,178.1,3.97,78.0,1.835,2827.7,816.2,755.2,758.2,748.2,176.3,173.8,177.3,178.3,3.98,77.4,1.848,4.8,1.051,1,injector_clog,1,0.27,53.18,191442.7
304.3,descend_land,31.18464961067853,1565.2391546162403,34.2769744160178,2826.7,813.3,754.9,759.1,749.8,176.1,173.4,177.7,178.0,4.0,77.5,1.774,2827.5,816.2,755.2,758.2,748.2,176.3,173.8,177.3,178.3,3.98,77.4,1.848,4.8,1.051,1,injector_clog,1,0.27,53.15,191341.8
304.4,descend_land,31.17352614015573,1562.5139043381537,34.260289210233594,2828.4,816.8,753.8,758.0,748.0,176.1,174.1,177.3,177.0,3.98,78.1,1.848,2827.4,816.1,755.1,758.1,748.1,176.3,173.8,177.3,178.3,3.98,77.4,1.847,4.8,1.052,1,injector_clog,1,0.27,53.12,191240.9
304.5,descend_land,31.162402669632925,1559.7886540600668,34.24360400444939,2822.2,817.7,754.2,756.9,748.0,176.6,174.8,176.8,178.7,3.97,77.0,1.836,2827.2,816.1,755.1,758.1,748.1,176.3,173.8,177.3,178.3,3.98,77.4,1.847,4.9,1.052,1,injector_clog,1,0.27,53.09,191140.0
304.6,descend_land,31.15127919911012,1557.06340378198,34.22691879866518,2816.1,818.5,756.9,756.6,747.6,176.5,173.9,177.6,177.6,4.0,77.7,1.881,2827.1,816.1,755.1,758.1,748.1,176.3,173.7,177.2,178.2,3.98,77.4,1.847,4.9,1.052,1,injector_clog,1,0.27,53.07,191039.1
304.7,descend_land,31.14015572858732,1554.3381535038934,34.21023359288098,2823.2,815.0,755.0,755.3,746.4,176.5,173.1,177.0,178.9,3.96,76.9,1.89,2826.9,816.1,755.1,758.1,748.1,176.3,173.7,177.2,178.2,3.98,77.4,1.847,4.9,1.052,1,injector_clog,1,0.27,53.04,190938.2
304.8,descend_land,31.129032258064516,1551.6129032258063,34.193548387096776,2821.5,815.3,755.4,759.2,749.5,176.1,173.3,176.8,179.0,3.96,77.9,1.857,2826.8,816.0,755.0,758.0,748.0,176.3,173.7,177.2,178.2,3.98,77.4,1.847,4.9,1.053,1,injector_clog,1,0.27,53.01,190837.3
304.9,descend_land,31.11790878754171,1548.8876529477197,34.17686318131257,2826.4,817.3,755.3,758.5,749.3,177.5,174.0,178.0,178.3,3.94,77.9,1.821,2826.6,816.0,755.0,758.0,748.0,176.3,173.7,177.2,178.2,3.98,77.4,1.847,4.9,1.053,1,injector_clog,1,0.27,52.98,190736.4
305.0,descend_land,31.10678531701891,1546.1624026696331,34.16017797552836,2824.2,814.8,752.8,757.0,748.1,175.3,174.3,176.4,178.6,3.98,77.5,1.841,2826.4,816.0,755.0,758.0,748.0,176.2,173.7,177.2,178.2,3.98,77.4,1.847,4.9,1.053,1,injector_clog,1,0.27,52.95,190635.5
305.1,descend_land,31.095661846496107,1543.437152391546,34.14349276974416,2818.3,819.6,754.9,758.8,750.3,176.4,175.0,176.3,178.4,3.96,77.9,1.822,2826.3,815.9,754.9,757.9,747.9,176.2,173.7,177.2,178.2,3.98,77.4,1.847,5.0,1.054,1,injector_clog,1,0.27,52.93,190534.6
305.2,descend_land,31.084538375973302,1540.7119021134595,34.12680756395996,2835.2,817.3,754.6,760.8,747.9,175.6,173.3,177.2,178.3,3.97,77.0,1.826,2826.1,815.9,754.9,757.9,747.9,176.2,173.7,177.2,178.2,3.98,77.5,1.846,5.0,1.054,1,injector_clog,1,0.27,52.9,190433.7
305.3,descend_land,31.073414905450502,1537.9866518353726,34.11012235817575,2821.0,815.1,754.4,758.6,748.3,176.2,173.8,178.5,177.3,4.0,77.7,1.881,2826.0,815.9,754.9,757.9,747.9,176.2,173.7,177.2,178.2,3.98,77.5,1.846,5.0,1.054,1,injector_clog,1,0.27,52.87,190332.8
305.4,descend_land,31.062291434927698,1535.2614015572858,34.093437152391544,2823.4,815.5,754.1,757.4,747.9,176.0,173.3,177.3,177.3,3.96,78.0,1.83,2825.8,815.9,754.9,757.9,747.9,176.2,173.6,177.1,178.1,3.98,77.5,1.846,5.0,1.054,1,injector_clog,1,0.27,52.84,190231.9
305.5,descend_land,31.051167964404893,1532.5361512791992,34.076751946607345,2825.4,814.7,753.1,754.7,747.0,176.6,172.5,176.9,178.1,3.98,77.4,1.842,2825.6,815.8,754.8,757.8,747.8,176.2,173.6,177.1,178.1,3.98,77.5,1.846,5.0,1.055,1,injector_clog,1,0.27,52.81,190131.0
305.6,descend_land,31.040044493882093,1529.8109010011124,34.06006674082314,2827.4,817.2,754.5,758.0,746.6,176.2,173.6,176.9,177.6,3.96,76.7,1.891,2825.5,815.8,754.8,757.8,747.8,176.2,173.6,177.1,178.1,3.98,77.5,1.846,5.1,1.055,1,injector_clog,1,0.27,52.79,190030.1
305.7,descend_land,31.02892102335929,1527.0856507230255,34.04338153503893,2821.2,816.9,750.4,757.4,748.9,176.5,174.2,176.5,177.8,3.97,77.2,1.868,2825.3,815.8,754.8,757.8,747.8,176.2,173.6,177.1,178.1,3.98,77.5,1.846,5.1,1.055,1,injector_clog,1,0.27,52.76,189929.2
305.8,descend_land,31.017797552836484,1524.360400444939,34.026696329254726,2829.8,816.5,755.9,756.3,750.9,176.6,174.2,176.8,178.2,4.02,77.2,1.844,2825.2,815.7,754.7,757.7,747.7,176.1,173.6,177.1,178.1,3.98,77.5,1.846,5.1,1.056,1,injector_clog,1,0.27,52.73,189828.3
305.9,descend_land,31.006674082313683,1521.635150166852,34.01001112347052,2819.8,814.9,755.6,759.2,748.7,176.2,174.6,176.6,177.6,4.01,77.7,1.849,2825.0,815.7,754.7,757.7,747.7,176.1,173.6,177.1,178.1,3.98,77.5,1.846,5.1,1.056,1,injector_clog,1,0.27,52.7,189727.4
306.0,descend_land,30.99555061179088,1518.9098998887653,33.99332591768632,2831.0,817.2,753.0,758.2,747.0,176.6,173.9,176.6,178.1,3.96,78.1,1.813,2824.8,815.7,754.7,757.7,747.7,176.1,173.6,177.1,178.1,3.98,77.5,1.845,5.1,1.056,1,injector_clog,1,0.27,52.67,189626.5
306.1,descend_land,30.984427141268075,1516.1846496106787,33.976640711902114,2823.6,815.7,754.7,757.9,744.8,176.7,173.9,175.9,178.9,3.96,78.0,1.86,2824.7,815.7,754.7,757.7,747.7,176.1,173.6,177.1,178.1,3.98,77.5,1.845,5.1,1.056,1,injector_clog,1,0.27,52.65,189525.6
306.2,descend_land,30.973303670745274,1513.4593993325918,33.95995550611791,2821.2,815.6,755.4,757.8,749.2,176.6,172.8,177.7,177.0,3.97,77.6,1.915,2824.5,815.6,754.6,757.6,747.6,176.1,173.5,177.0,178.0,3.98,77.5,1.845,5.2,1.057,1,injector_clog,1,0.27,52.62,189424.7
306.3,descend_land,30.96218020022247,1510.734149054505,33.94327030033371,2825.0,814.5,754.7,759.3,748.6,175.4,173.0,177.3,178.5,3.97,77.2,1.844,2824.3,815.6,754.6,757.6,747.6,176.1,173.5,177.0,178.0,3.98,77.5,1.845,5.2,1.057,1,injector_clog,1,0.27,52.59,189323.8
306.4,descend_land,30.951056729699665,1508.0088987764184,33.9265850945495,2830.8,815.4,754.8,758.9,747.4,175.8,172.5,176.5,177.6,3.94,77.7,1.89,2824.2,815.6,754.6,757.6,747.6,176.1,173.5,177.0,178.0,3.98,77.5,1.845,5.2,1.057,1,injector_clog,1,0.27,52.56,189222.9
306.5,descend_land,30.93993325917686,1505.2836484983316,33.909899888765295,2818.7,815.4,754.8,758.3,748.2,174.8,173.7,176.8,178.7,3.99,77.3,1.817,2824.0,815.5,754.5,757.5,747.5,176.1,173.5,177.0,178.0,3.98,77.5,1.845,5.2,1.058,1,injector_clog,1,0.27,52.53,189122.0
306.6,descend_land,30.92880978865406,1502.5583982202447,33.89321468298109,2827.1,816.2,756.2,757.1,744.8,175.9,173.9,176.7,177.1,4.02,77.5,1.836,2823.9,815.5,754.5,757.5,747.5,176.0,173.5,177.0,178.0,3.98,77.5,1.845,5.2,1.058,1,injector_clog,1,0.27,52.51,189021.1
306.7,descend_land,30.917686318131256,1499.8331479421581,33.87652947719688,2840.8,815.3,756.9,759.5,746.1,176.5,173.3,177.6,177.7,3.97,77.0,1.882,2823.7,815.5,754.5,757.5,747.5,176.0,173.5,177.0,178.0,3.98,77.6,1.844,5.3,1.058,1,injector_clog,1,0.27,52.48,188920.2
306.8,descend_land,30.906562847608456,1497.1078976640713,33.85984427141268,2829.2,816.2,755.0,755.4,747.1,176.2,173.6,175.3,178.1,3.94,78.2,1.824,2823.5,815.4,754.4,757.4,747.4,176.0,173.5,177.0,178.0,3.98,77.6,1.844,5.3,1.058,1,injector_clog,1,0.27,52.45,188819.3
306.9,descend_land,30.89543937708565,1494.3826473859845,33.84315906562848,2818.6,814.4,754.6,757.5,746.1,175.1,173.6,176.9,178.0,4.0,77.0,1.86,2823.4,815.4,754.4,757.4,747.4,176.0,173.5,177.0,178.0,3.98,77.6,1.844,5.3,1.059,1,injector_clog,1,0.27,52.42,188718.4
307.0,descend_land,30.884315906562847,1491.6573971078979,33.82647385984427,2820.9,815.8,755.8,759.1,748.0,176.1,173.6,177.5,177.8,3.96,78.0,1.853,2823.2,815.4,754.4,757.4,747.4,176.0,173.4,176.9,177.9,3.98,77.6,1.844,5.3,1.059,1,injector_clog,1,0.27,52.39,188617.5
307.1,descend_land,30.873192436040043,1488.932146829811,33.809788654060064,2826.2,816.0,754.7,757.2,746.7,175.8,173.1,177.0,178.5,4.03,78.5,1.879,2823.1,815.4,754.4,757.4,747.4,176.0,173.4,176.9,177.9,3.98,77.6,1.844,5.3,1.059,1,injector_clog,1,0.27,52.37,188516.6
307.2,descend_land,30.862068965517242,1486.2068965517242,33.793103448275865,2817.6,814.0,754.0,759.9,745.5,174.9,174.1,177.1,178.1,3.99,77.7,1.845,2822.9,815.3,754.3,757.3,747.3,176.0,173.4,176.9,177.9,3.98,77.6,1.844,5.3,1.06,1,injector_clog,1,0.27,52.34,188415.7
307.3,descend_land,30.850945494994438,1483.4816462736376,33.77641824249166,2818.6,813.6,754.5,757.6,746.6,175.5,174.1,176.6,178.0,4.02,78.2,1.851,2822.7,815.3,754.3,757.3,747.3,176.0,173.4,176.9,177.9,3.98,77.6,1.844,5.4,1.06,1,injector_clog,1,0.27,52.31,188314.8
307.4,descend_land,30.839822024471637,1480.7563959955505,33.75973303670745,2825.8,815.0,755.6,757.6,744.1,175.5,173.3,177.7,177.9,4.01,77.2,1.857,2822.6,815.3,754.3,757.3,747.3,175.9,173.4,176.9,177.9,3.98,77.6,1.844,5.4,1.06,1,injector_clog,1,0.27,52.28,188213.9
307.5,descend_land,30.828698553948833,1478.031145717464,33.743047830923246,2821.9,814.9,754.1,757.9,748.0,175.2,173.0,177.5,178.3,3.98,77.3,1.878,2822.4,815.2,754.2,757.2,747.2,175.9,173.4,176.9,177.9,3.98,77.6,1.843,5.4,1.06,1,injector_clog,1,0.27,52.25,188113.0
307.6,descend_land,30.81757508342603,1475.305895439377,33.726362625139046,2819.5,815.6,753.5,755.5,743.8,176.2,173.5,177.6,178.5,3.94,77.2,1.797,2822.2,815.2,754.2,757.2,747.2,175.9,173.4,176.9,177.9,3.98,77.6,1.843,5.4,1.061,1,injector_clog,1,0.27,52.23,188012.1
307.7,descend_land,30.806451612903224,1472.5806451612905,33.70967741935484,2833.2,816.9,753.9,755.7,745.2,175.7,173.0,176.9,177.9,3.97,77.7,1.871,2822.1,815.2,754.2,757.2,747.2,175.9,173.4,176.9,177.9,3.98,77.6,1.843,5.4,1.061,1,injector_clog,1,0.27,52.2,187911.2
307.8,descend_land,30.795328142380423,1469.8553948832036,33.69299221357063,2818.3,817.6,754.2,754.3,746.8,176.1,173.5,176.6,177.6,3.94,77.1,1.857,2821.9,815.2,754.2,757.2,747.2,175.9,173.4,176.9,177.9,3.98,77.6,1.843,5.4,1.061,1,injector_clog,1,0.27,52.17,187810.3
307.9,descend_land,30.78420467185762,1467.1301446051168,33.67630700778643,2834.3,817.3,753.2,757.3,747.0,176.0,173.5,177.1,177.7,3.97,78.3,1.763,2821.8,815.1,754.1,757.1,747.1,175.9,173.3,176.8,177.8,3.98,77.6,1.843,5.5,1.062,1,injector_clog,1,0.27,52.14,187709.4
308.0,descend_land,30.77308120133482,1464.4048943270302,33.65962180200223,2822.5,811.6,755.3,756.1,748.0,177.1,173.4,176.9,178.0,4.0,77.7,1.815,2821.6,815.1,754.1,757.1,747.1,175.9,173.3,176.8,177.8,3.98,77.6,1.843,5.5,1.062,1,injector_clog,1,0.27,52.11,187608.5
308.1,descend_land,30.761957730812014,1461.6796440489434,33.64293659621802,2826.2,817.1,752.7,757.0,747.7,175.0,173.8,177.6,178.5,3.98,76.6,1.929,2821.4,815.1,754.1,757.1,747.1,175.9,173.3,176.8,177.8,3.98,77.6,1.843,5.5,1.062,1,injector_clog,1,0.27,52.09,187507.6
308.2,descend_land,30.75083426028921,1458.9543937708565,33.626251390433815,2829.4,814.7,753.8,755.9,747.1,175.6,172.4,176.9,177.3,3.98,76.9,1.766,2821.3,815.0,754.0,757.0,747.0,175.9,173.3,176.8,177.8,3.98,77.7,1.842,5.5,1.062,1,injector_clog,1,0.27,52.06,187406.7
308.3,descend_land,30.739710789766406,1456.2291434927697,33.60956618464961,2834.6,815.7,754.6,757.9,743.0,177.0,173.7,177.0,178.0,3.99,78.8,1.83,2821.1,815.0,754.0,757.0,747.0,175.8,173.3,176.8,177.8,3.98,77.7,1.842,5.5,1.063,1,injector_clog,1,0.27,52.03,187305.8
308.4,descend_land,30.728587319243605,1453.503893214683,33.59288097886541,2830.9,816.6,751.2,758.4,748.0,174.6,172.4,176.9,178.6,4.0,77.0,1.89,2820.9,815.0,754.0,757.0,747.0,175.8,173.3,176.8,177.8,3.97,77.7,1.842,5.6,1.063,1,injector_clog,1,0.27,52.0,187204.9
308.5,descend_land,30.7174638487208,1450.7786429365963,33.5761957730812,2822.2,815.2,754.6,756.4,745.6,175.5,172.7,176.3,178.0,3.97,77.4,1.839,2820.8,815.0,754.0,757.0,747.0,175.8,173.3,176.8,177.8,3.97,77.7,1.842,5.6,1.063,1,injector_clog,1,0.27,51.97,187104.0
308.6,descend_land,30.706340378197996,1448.0533926585094,33.559510567296996,2824.5,813.1,753.3,757.6,746.1,176.4,172.4,176.7,178.5,3.98,77.7,1.896,2820.6,814.9,753.9,756.9,746.9,175.8,173.3,176.8,177.8,3.97,77.7,1.842,5.6,1.064,1,injector_clog,1,0.27,51.95,187003.1
308.7,descend_land,30.695216907675196,1445.3281423804228,33.54282536151279,2830.9,814.8,751.5,757.0,746.7,175.5,173.8,176.9,177.3,3.91,78.2,1.892,2820.4,814.9,753.9,756.9,746.9,175.8,173.3,176.8,177.8,3.97,77.7,1.842,5.6,1.064,1,injector_clog,1,0.27,51.92,186902.2
308.8,descend_land,30.68409343715239,1442.602892102336,33.526140155728584,2824.2,817.1,752.1,752.9,748.0,175.2,173.5,176.7,178.2,3.99,76.7,1.873,2820.3,814.9,753.9,756.9,746.9,175.8,173.2,176.7,177.7,3.97,77.7,1.842,5.6,1.064,1,injector_clog,1,0.27,51.89,186801.3
308.9,descend_land,30.672969966629587,1439.8776418242492,33.509454949944384,2822.0,816.4,752.9,757.6,745.0,175.5,172.9,177.1,177.4,3.99,78.1,1.808,2820.1,814.8,753.8,756.8,746.8,175.8,173.2,176.7,177.7,3.97,77.7,1.842,5.6,1.064,1,injector_clog,1,0.27,51.86,186700.4
309.0,descend_land,30.661846496106786,1437.1523915461626,33.49276974416018,2822.6,817.4,753.8,757.5,748.0,175.9,173.4,177.7,177.7,3.97,77.7,1.842,2819.9,814.8,753.8,756.8,746.8,175.8,173.2,176.7,177.7,3.97,77.7,1.841,5.7,1.065,1,injector_clog,1,0.27,51.83,186599.5
309.1,descend_land,30.650723025583982,1434.4271412680757,33.47608453837597,2815.9,814.7,755.2,755.6,746.6,175.4,173.5,176.4,176.9,3.97,78.4,1.847,2819.8,814.8,753.8,756.8,746.8,175.8,173.2,176.7,177.7,3.97,77.7,1.841,5.7,1.065,1,injector_clog,1,0.27,51.81,186498.6
309.2,descend_land,30.639599555061178,1431.701890989989,33.45939933259177,2814.6,816.5,753.1,759.0,747.5,175.5,172.8,174.9,177.6,3.94,77.6,1.872,2819.6,814.8,753.8,756.8,746.8,175.7,173.2,176.7,177.7,3.97,77.7,1.841,5.7,1.065,1,injector_clog,1,0.27,51.78,186397.7
309.3,descend_land,30.628476084538377,1428.9766407119023,33.442714126807566,2810.3,813.8,753.1,758.3,745.9,176.1,173.7,176.8,177.7,3.92,77.8,1.865,2819.4,814.7,753.7,756.7,746.7,175.7,173.2,176.7,177.7,3.97,77.7,1.841,5.7,1.066,1,injector_clog,1,0.27,51.75,186296.8
309.4,descend_land,30.617352614015573,1426.2513904338155,33.42602892102336,2820.0,814.1,754.4,756.9,747.1,175.8,173.2,176.4,178.2,4.01,77.8,1.817,2819.3,814.7,753.7,756.7,746.7,175.7,173.2,176.7,177.7,3.97,77.7,1.841,5.7,1.066,1,injector_clog,1,0.27,51.72,186195.9
309.5,descend_land,30.60622914349277,1423.5261401557286,33.40934371523915,2817.4,814.9,751.8,758.6,746.0,175.1,174.1,176.2,177.5,4.0,77.5,1.837,2819.1,814.7,753.7,756.7,746.7,175.7,173.2,176.7,177.7,3.97,77.7,1.841,5.7,1.066,1,injector_clog,1,0.27,51.69,186095.0
309.6,descend_land,30.595105672969964,1420.8008898776418,33.39265850945495,2826.0,816.0,752.7,759.4,747.6,174.4,173.4,176.3,178.6,3.94,77.8,1.898,2819.0,814.6,753.6,756.6,746.6,175.7,173.2,176.7,177.7,3.97,77.8,1.841,5.8,1.066,1,injector_clog,1,0.27,51.67,185994.1
309.7,descend_land,30.583982202447164,1418.0756395995552,33.37597330367075,2817.8,816.0,754.8,756.7,745.6,176.0,172.9,175.9,178.1,3.99,77.7,1.856,2818.8,814.6,753.6,756.6,746.6,175.7,173.1,176.6,177.6,3.97,77.8,1.84,5.8,1.067,1,injector_clog,1,0.27,51.64,185893.2
309.8,descend_land,30.57285873192436,1415.3503893214684,33.35928809788654,2823.2,816.1,756.3,758.3,746.2,176.0,173.5,177.3,176.7,3.96,76.9,1.849,2818.6,814.6,753.6,756.6,746.6,175.7,173.1,176.6,177.6,3.97,77.8,1.84,5.8,1.067,1,injector_clog,1,0.27,51.61,185792.3
309.9,descend_land,30.56173526140156,1412.6251390433815,33.342602892102335,2816.1,814.8,750.8,758.9,744.5,175.3,172.9,176.1,176.9,3.97,77.7,1.824,2818.5,814.5,753.5,756.5,746.5,175.7,173.1,176.6,177.6,3.97,77.8,1.84,5.8,1.067,1,injector_clog,1,0.27,51.58,185691.4
310.0,descend_land,30.550611790878754,1409.899888765295,33.325917686318135,2811.1,816.7,753.0,755.6,748.3,175.7,172.9,175.1,178.2,3.97,78.1,1.884,2818.3,814.5,753.5,756.5,746.5,175.7,173.1,176.6,177.6,3.97,77.8,1.84,5.8,1.068,1,injector_clog,1,0.27,51.55,185590.5
310.1,descend_land,30.53948832035595,1407.174638487208,33.30923248053393,2816.6,816.3,753.0,757.3,747.5,174.4,173.1,176.4,178.1,4.01,78.3,1.771,2818.1,814.5,753.5,756.5,746.5,175.7,173.1,176.6,177.6,3.97,77.8,1.84,5.9,1.068,1,injector_clog,1,0.27,51.52,185489.6
310.2,descend_land,30.528364849833146,1404.4493882091213,33.29254727474972,2807.4,817.3,752.5,755.0,744.8,175.2,172.7,176.8,178.3,3.97,78.1,1.844,2818.0,814.5,753.5,756.5,746.5,175.6,173.1,176.6,177.6,3.97,77.8,1.84,5.9,1.068,1,injector_clog,1,0.27,51.5,185388.7
310.3,descend_land,30.517241379310345,1401.7241379310346,33.275862068965516,2814.4,812.7,752.1,759.0,746.3,174.8,172.5,177.0,178.0,3.97,78.4,1.862,2817.8,814.4,753.4,756.4,746.4,175.6,173.1,176.6,177.6,3.97,77.8,1.84,5.9,1.068,1,injector_clog,1,0.27,51.47,185287.8
310.4,descend_land,30.50611790878754,1398.9988876529478,33.25917686318131,2821.1,814.1,754.0,757.7,745.3,175.1,172.9,177.5,177.6,3.98,77.7,1.879,2817.6,814.4,753.4,756.4,746.4,175.6,173.1,176.6,177.6,3.97,77.8,1.84,5.9,1.069,1,injector_clog,1,0.27,51.44,185186.9
310.5,descend_land,30.49499443826474,1396.273637374861,33.24249165739711,2813.5,812.9,756.3,756.1,745.7,175.3,173.4,175.7,176.7,3.96,77.3,1.873,2817.5,814.4,753.4,756.4,746.4,175.6,173.1,176.6,177.6,3.97,77.8,1.839,5.9,1.069,1,injector_clog,1,0.27,51.41,185086.0
310.6,descend_land,30.483870967741936,1393.5483870967741,33.225806451612904,2822.7,813.6,752.7,756.2,746.5,175.8,173.6,176.5,178.0,3.99,77.6,1.845,2817.3,814.3,753.3,756.3,746.3,175.6,173.1,176.6,177.6,3.97,77.8,1.839,5.9,1.069,1,injector_clog,1,0.27,51.38,184985.1
310.7,descend_land,30.47274749721913,1390.8231368186875,33.2091212458287,2811.1,813.6,752.8,756.9,745.5,175.3,173.0,176.3,176.8,3.96,77.7,1.842,2817.1,814.3,753.3,756.3,746.3,175.6,173.0,176.5,177.5,3.97,77.8,1.839,6.0,1.07,1,injector_clog,1,0.27,51.36,184884.2
310.8,descend_land,30.461624026696327,1388.0978865406007,33.19243604004449,2810.5,812.3,750.9,754.9,745.6,174.9,173.4,175.8,177.3,3.98,78.3,1.849,2816.9,814.3,753.3,756.3,746.3,175.6,173.0,176.5,177.5,3.97,77.8,1.839,6.0,1.07,1,injector_clog,1,0.27,51.33,184783.3
310.9,descend_land,30.450500556173527,1385.3726362625139,33.17575083426029,2811.8,815.4,753.3,756.9,748.0,176.1,172.7,176.4,178.5,3.96,78.2,1.82,2816.8,814.3,753.3,756.3,746.3,175.6,173.0,176.5,177.5,3.97,77.9,1.839,6.0,1.07,1,injector_clog,1,0.27,51.3,184682.4
311.0,descend_land,30.439377085650722,1382.6473859844273,33.159065628476085,2820.3,812.3,753.8,755.9,746.1,175.6,172.7,176.4,178.5,3.97,78.2,1.928,2816.6,814.2,753.2,756.2,746.2,175.6,173.0,176.5,177.5,3.97,77.9,1.839,6.0,1.07,1,injector_clog,1,0.27,51.27,184581.5
311.1,descend_land,30.42825361512792,1379.9221357063404,33.14238042269188,2819.4,813.2,753.1,755.9,746.5,176.1,173.3,176.6,177.8,4.0,77.5,1.882,2816.4,814.2,753.2,756.2,746.2,175.5,173.0,176.5,177.5,3.97,77.9,1.839,6.0,1.071,1,injector_clog,1,0.27,51.24,184480.6
311.2,descend_land,30.417130144605117,1377.1968854282536,33.12569521690767,2811.0,814.2,753.8,754.8,744.8,175.6,172.8,176.5,176.8,3.97,77.9,1.845,2816.3,814.2,753.2,756.2,746.2,175.5,173.0,176.5,177.5,3.97,77.9,1.838,6.0,1.071,1,injector_clog,1,0.27,51.22,184379.7
311.3,descend_land,30.406006674082313,1374.471635150167,33.10901001112347,2806.4,814.2,752.5,754.5,746.2,176.0,173.3,175.4,177.6,4.0,76.7,1.842,2816.1,814.1,753.1,756.1,746.1,175.5,173.0,176.5,177.5,3.97,77.9,1.838,6.1,1.071,1,injector_clog,1,0.27,51.19,184278.8
311.4,descend_land,30.39488320355951,1371.7463848720802,33.09232480533927,2817.2,813.0,752.5,755.0,749.6,175.3,173.3,176.0,177.9,3.97,78.9,1.864,2815.9,814.1,753.1,756.1,746.1,175.5,173.0,176.5,177.5,3.97,77.9,1.838,6.1,1.072,1,injector_clog,1,0.27,51.16,184177.9
311.5,descend_land,30.383759733036708,1369.0211345939933,33.07563959955506,2815.4,816.0,754.7,756.9,745.8,176.2,172.7,176.6,177.2,3.99,78.7,1.823,2815.8,814.1,753.1,756.1,746.1,175.5,173.0,176.5,177.5,3.97,77.9,1.838,6.1,1.072,1,injector_clog,1,0.27,51.13,184077.0
311.6,descend_land,30.372636262513904,1366.2958843159067,33.058954393770854,2809.5,813.1,752.1,755.5,745.2,175.6,172.7,175.8,177.4,3.96,77.4,1.851,2815.6,814.1,753.1,756.1,746.1,175.5,173.0,176.5,177.5,3.97,77.9,1.838,6.1,1.072,1,injector_clog,1,0.27,51.1,183976.1
311.7,descend_land,30.361512791991103,1363.57063403782,33.042269187986655,2815.6,814.1,752.3,754.0,745.6,175.9,172.6,176.6,177.9,3.98,77.7,1.827,2815.4,814.0,753.0,756.0,746.0,175.5,172.9,176.4,177.4,3.97,77.9,1.838,6.1,1.072,1,injector_clog,1,0.27,51.08,183875.2
311.8,descend_land,30.3503893214683,1360.845383759733,33.02558398220245,2815.7,814.7,752.2,755.3,747.4,175.5,171.4,175.9,177.0,4.0,78.0,1.859,2815.3,814.0,753.0,756.0,746.0,175.5,172.9,176.4,177.4,3.97,77.9,1.838,6.2,1.073,1,injector_clog,1,0.27,51.05,183774.3
311.9,descend_land,30.339265850945495,1358.1201334816462,33.00889877641824,2821.3,815.9,753.4,753.9,747.9,175.7,173.3,176.3,177.5,3.97,77.0,1.867,2815.1,814.0,753.0,756.0,746.0,175.5,172.9,176.4,177.4,3.97,77.9,1.837,6.2,1.073,1,injector_clog,1,0.27,51.02,183673.4
312.0,descend_land,30.32814238042269,1355.3948832035596,32.992213570634036,2819.4,814.3,753.4,753.7,745.0,176.0,173.1,175.5,177.1,3.99,78.2,1.852,2814.9,813.9,752.9,755.9,745.9,175.5,172.9,176.4,177.4,3.97,77.9,1.837,6.2,1.073,1,injector_clog,1,0.27,50.99,183572.5
312.1,descend_land,30.31701890989989,1352.6696329254728,32.975528364849836,2812.7,813.5,752.8,757.9,745.0,174.3,173.3,177.2,176.8,3.94,77.8,1.819,2814.8,813.9,752.9,755.9,745.9,175.5,172.9,176.4,177.4,3.97,77.9,1.837,6.2,1.074,1,injector_clog,1,0.27,50.96,183471.6
312.2,descend_land,30.305895439377085,1349.944382647386,32.95884315906563,2810.7,814.4,756.1,754.7,746.9,175.6,173.6,176.3,178.3,3.96,77.2,1.849,2814.6,813.9,752.9,755.9,745.9,175.4,172.9,176.4,177.4,3.97,78.0,1.837,6.2,1.074,1,injector_clog,1,0.27,50.94,183370.7
312.3,descend_land,30.29477196885428,1347.2191323692994,32.94215795328142,2810.2,813.3,751.9,754.9,745.6,176.3,173.4,176.3,177.3,3.96,78.1,1.879,2814.4,813.9,752.9,755.9,745.9,175.4,172.9,176.4,177.4,3.97,78.0,1.837,6.2,1.074,1,injector_clog,1,0.27,50.91,183269.8
312.4,descend_land,30.28364849833148,1344.4938820912125,32.92547274749722,2816.8,813.9,751.3,754.0,744.8,176.0,172.5,176.3,176.6,3.92,77.8,1.804,2814.2,813.8,752.8,755.8,745.8,175.4,172.9,176.4,177.4,3.97,78.0,1.837,6.3,1.075,1,injector_clog,1,0.27,50.88,183168.9
312.5,descend_land,30.272525027808676,1341.7686318131257,32.90878754171301,2817.9,814.1,753.1,756.5,743.2,176.1,173.3,176.1,178.3,3.94,77.6,1.829,2814.1,813.8,752.8,755.8,745.8,175.4,172.9,176.4,177.4,3.97,78.0,1.837,6.3,1.075,1,injector_clog,1,0.27,50.85,183068.0
312.6,descend_land,30.261401557285872,1339.043381535039,32.89210233592881,2822.3,814.1,750.3,755.7,743.8,175.6,173.2,176.6,177.1,3.99,77.7,1.846,2813.9,813.8,752.8,755.8,745.8,175.4,172.9,176.4,177.4,3.97,78.0,1.836,6.3,1.075,1,injector_clog,1,0.27,50.82,182967.1
312.7,descend_land,30.25027808676307,1336.3181312569523,32.875417130144605,2819.9,815.5,751.8,754.9,747.2,175.1,172.3,177.2,177.1,3.94,77.3,1.853,2813.7,813.7,752.7,755.7,745.7,175.4,172.8,176.3,177.3,3.97,78.0,1.836,6.3,1.075,1,injector_clog,1,0.27,50.8,182866.2
312.8,descend_land,30.239154616240267,1333.5928809788654,32.8587319243604,2815.5,813.2,752.7,756.6,746.1,175.2,172.9,176.6,178.3,3.95,78.4,1.83,2813.6,813.7,752.7,755.7,745.7,175.4,172.8,176.3,177.3,3.97,78.0,1.836,6.3,1.076,1,injector_clog,1,0.27,50.77,182765.3
312.9,descend_land,30.228031145717463,1330.8676307007788,32.8420467185762,2805.4,814.2,751.8,755.2,746.7,175.6,173.3,176.0,177.4,3.99,77.6,1.796,2813.4,813.7,752.7,755.7,745.7,175.4,172.8,176.3,177.3,3.97,78.0,1.836,6.3,1.076,1,injector_clog,1,0.27,50.74,182664.4
313.0,descend_land,30.216907675194662,1328.142380422692,32.82536151279199,2812.5,813.0,753.7,757.1,745.1,175.4,173.2,175.8,178.6,3.94,78.1,1.824,2813.2,813.6,752.6,755.6,745.6,175.4,172.8,176.3,177.3,3.97,78.0,1.836,6.4,1.076,1,injector_clog,1,0.27,50.71,182563.5
313.1,descend_land,30.205784204671858,1325.4171301446052,32.80867630700779,2808.9,817.5,753.3,756.6,746.0,175.6,173.0,176.3,178.2,4.0,78.2,1.83,2813.1,813.6,752.6,755.6,745.6,175.4,172.8,176.3,177.3,3.97,78.0,1.836,6.4,1.077,1,injector_clog,1,0.27,50.68,182462.6
313.2,descend_land,30.194660734149053,1322.6918798665183,32.79199110122358,2814.0,810.1,754.5,758.2,746.1,175.4,172.5,176.9,177.1,4.0,78.1,1.802,2812.9,813.6,752.6,755.6,745.6,175.3,172.8,176.3,177.3,3.97,78.0,1.836,6.4,1.077,1,injector_clog,1,0.27,50.66,182361.7
313.3,descend_land,30.18353726362625,1319.9666295884317,32.775305895439374,2820.8,813.0,751.4,754.0,746.9,175.4,172.5,175.8,178.1,3.98,77.5,1.859,2812.7,813.6,752.6,755.6,745.6,175.3,172.8,176.3,177.3,3.97,78.0,1.835,6.4,1.077,1,injector_clog,1,0.27,50.63,182260.8
313.4,descend_land,30.17241379310345,1317.2413793103449,32.758620689655174,2808.7,812.5,753.4,755.5,747.3,175.3,173.1,176.8,177.8,3.95,78.3,1.799,2812.5,813.5,752.5,755.5,745.5,175.3,172.8,176.3,177.3,3.97,78.0,1.835,6.4,1.077,1,injector_clog,1,0.27,50.6,182159.9
313.5,descend_land,30.161290322580644,1314.516129032258,32.74193548387097,2811.7,813.9,751.8,755.4,744.8,174.9,172.6,175.4,177.4,3.9,77.5,1.843,2812.4,813.5,752.5,755.5,745.5,175.3,172.8,176.3,177.3,3.97,78.0,1.835,6.5,1.078,1,injector_clog,1,0.27,50.57,182059.0
313.6,descend_land,30.150166852057843,1311.7908787541714,32.72525027808676,2811.0,811.7,752.0,755.0,742.5,174.2,172.1,175.3,177.1,3.97,77.3,1.862,2812.2,813.5,752.5,755.5,745.5,175.3,172.8,176.3,177.3,3.97,78.0,1.835,6.5,1.078,1,injector_clog,1,0.27,50.54,181958.1
313.7,descend_land,30.13904338153504,1309.0656284760846,32.70856507230256,2813.0,814.7,753.3,756.8,747.7,175.5,173.7,176.7,176.5,3.98,78.0,1.842,2812.0,813.4,752.4,755.4,745.4,175.3,172.8,176.3,177.3,3.97,78.0,1.835,6.5,1.078,1,injector_clog,1,0.27,50.52,181857.2
313.8,descend_land,30.127919911012235,1306.3403781979978,32.691879866518356,2817.6,815.4,754.5,756.4,743.9,174.8,172.1,176.5,176.9,3.95,78.2,1.838,2811.9,813.4,752.4,755.4,745.4,175.3,172.7,176.2,177.2,3.97,78.0,1.835,6.5,1.079,1,injector_clog,1,0.27,50.49,181756.3
313.9,descend_land,30.11679644048943,1303.6151279199112,32.67519466073415,2816.7,814.3,753.2,753.8,747.4,176.1,172.7,176.0,177.6,3.94,78.4,1.793,2811.7,813.4,752.4,755.4,745.4,175.3,172.7,176.2,177.2,3.97,78.0,1.835,6.5,1.079,1,injector_clog,1,0.27,50.46,181655.4
314.0,descend_land,30.10567296996663,1300.8898776418243,32.65850945494994,2813.4,810.9,749.5,755.0,747.2,174.8,172.1,175.5,177.4,3.94,77.3,1.821,2811.5,813.4,752.4,755.4,745.4,175.3,172.7,176.2,177.2,3.97,78.0,1.834,6.5,1.079,1,injector_clog,1,0.27,50.43,181554.5
314.1,descend_land,30.094549499443826,1298.1646273637375,32.64182424916574,2807.2,813.1,751.0,755.5,745.2,174.9,172.8,176.1,176.5,3.96,78.2,1.843,2811.3,813.3,752.3,755.3,745.3,175.3,172.7,176.2,177.2,3.97,78.0,1.834,6.6,1.079,1,injector_clog,1,0.27,50.4,181453.6
314.2,descend_land,30.083426028921025,1295.439377085651,32.62513904338154,2801.1,814.2,753.6,756.4,747.0,175.2,172.0,176.8,177.7,3.96,78.3,1.836,2811.2,813.3,752.3,755.3,745.3,175.3,172.7,176.2,177.2,3.97,78.0,1.834,6.6,1.08,1,injector_clog,1,0.27,50.38,181352.7
314.3,descend_land,30.07230255839822,1292.714126807564,32.60845383759733,2809.0,815.0,753.8,756.8,749.8,175.3,173.2,176.1,177.2,3.96,77.9,1.792,2811.0,813.3,752.3,755.3,745.3,175.2,172.7,176.2,177.2,3.97,78.0,1.834,6.6,1.08,1,injector_clog,1,0.27,50.35,181251.8
314.4,descend_land,30.061179087875416,1289.9888765294772,32.591768631813125,2811.5,813.5,751.8,754.4,743.7,175.0,173.0,175.8,177.0,3.97,78.0,1.835,2810.8,813.2,752.2,755.2,745.2,175.2,172.7,176.2,177.2,3.97,78.0,1.834,6.6,1.08,1,injector_clog,1,0.27,50.32,181150.9
314.5,descend_land,30.050055617352612,1287.2636262513904,32.57508342602892,2815.0,812.6,751.9,753.4,746.6,174.3,173.5,176.3,176.6,4.01,77.5,1.839,2810.6,813.2,752.2,755.2,745.2,175.2,172.7,176.2,177.2,3.97,78.0,1.834,6.6,1.081,1,injector_clog,1,0.27,50.29,181050.0
314.6,descend_land,30.03893214682981,1284.5383759733038,32.55839822024472,2803.6,816.2,750.6,755.5,744.7,175.4,173.0,175.8,175.8,4.0,77.8,1.815,2810.5,813.2,752.2,755.2,745.2,175.2,172.7,176.2,177.2,3.97,78.0,1.834,6.7,1.081,1,injector_clog,1,0.27,50.26,180949.1
314.7,descend_land,30.027808676307007,1281.813125695217,32.54171301446051,2811.9,811.5,752.2,755.4,745.5,175.7,172.1,176.3,176.8,3.92,77.5,1.81,2810.3,813.2,752.2,755.2,745.2,175.2,172.7,176.2,177.2,3.97,78.0,1.833,6.7,1.081,1,injector_clog,1,0.27,50.24,180848.2
314.8,descend_land,30.016685205784206,1279.0878754171301,32.525027808676306,2814.7,814.5,751.2,754.3,744.2,176.4,172.1,175.9,176.5,3.97,78.2,1.8,2810.1,813.1,752.1,755.1,745.1,175.2,172.7,176.2,177.2,3.97,78.0,1.833,6.7,1.081,1,injector_clog,1,0.27,50.21,180747.3
314.9,descend_land,30.005561735261402,1276.3626251390435,32.5083426028921,2811.6,813.9,750.1,754.9,745.6,175.7,172.8,175.4,176.7,3.94,78.2,1.778,2810.0,813.1,752.1,755.1,745.1,175.2,172.6,176.1,177.1,3.97,78.0,1.833,6.7,1.082,1,injector_clog,1,0.27,50.18,180646.4
315.0,descend_land,29.994438264738598,1273.6373748609567,32.4916573971079,2806.1,813.9,752.1,755.2,743.8,175.2,171.7,176.1,177.6,3.91,77.4,1.822,2809.8,813.1,752.1,755.1,745.1,175.2,172.6,176.1,177.1,3.97,78.0,1.833,6.7,1.082,1,injector_clog,1,0.27,50.15,180545.5
315.1,descend_land,29.983314794215794,1270.9121245828699,32.474972191323694,2807.5,812.8,752.3,757.7,743.5,176.1,173.5,176.2,177.1,3.96,77.9,1.827,2809.6,813.0,752.0,755.0,745.0,175.2,172.6,176.1,177.1,3.97,78.0,1.833,6.7,1.082,1,injector_clog,1,0.27,50.12,180444.6
315.2,descend_land,29.972191323692993,1268.1868743047833,32.45828698553949,2809.7,812.4,750.8,754.2,743.7,174.2,172.6,175.9,177.4,3.89,76.9,1.847,2809.4,813.0,752.0,755.0,745.0,175.2,172.6,176.1,177.1,3.97,78.0,1.833,6.8,1.083,1,injector_clog,1,0.27,50.1,180343.7
315.3,descend_land,29.96106785317019,1265.4616240266964,32.44160177975528,2804.1,813.3,751.5,756.7,743.2,175.4,171.9,176.3,177.2,4.01,77.9,1.839,2809.3,813.0,752.0,755.0,745.0,175.2,172.6,176.1,177.1,3.97,78.0,1.833,6.8,1.083,1,injector_clog,1,0.27,50.07,180242.8
315.4,descend_land,29.949944382647388,1262.7363737486096,32.42491657397108,2814.0,810.9,751.5,756.1,743.2,174.6,172.6,175.5,176.8,3.96,78.4,1.849,2809.1,812.9,751.9,754.9,744.9,175.1,172.6,176.1,177.1,3.97,78.0,1.832,6.8,1.083,1,injector_clog,1,0.27,50.04,180141.9
315.5,descend_land,29.938820912124584,1260.011123470523,32.408231368186875,2815.0,815.3,753.0,755.4,745.4,174.5,172.1,175.3,176.6,3.95,77.2,1.812,2808.9,812.9,751.9,754.9,744.9,175.1,172.6,176.1,177.1,3.97,78.0,1.832,6.8,1.084,1,injector_clog,1,0.27,50.01,180041.0
315.6,descend_land,29.92769744160178,1257.2858731924362,32.39154616240267,2803.1,811.6,752.4,753.5,742.7,175.0,172.3,176.2,177.8,3.98,78.1,1.866,2808.7,812.9,751.9,754.9,744.9,175.1,172.6,176.1,177.1,3.97,78.0,1.832,6.8,1.084,1,injector_clog,1,0.27,49.98,179940.1
315.7,descend_land,29.916573971078975,1254.5606229143493,32.37486095661846,2807.6,810.1,751.5,755.0,745.0,175.8,172.0,176.1,176.0,3.98,79.2,1.841,2808.6,812.9,751.9,754.9,744.9,175.1,172.6,176.1,177.1,3.97,78.0,1.832,6.8,1.084,1,injector_clog,1,0.27,49.96,179839.2
315.8,descend_land,29.905450500556174,1251.8353726362625,32.35817575083426,2812.8,814.8,752.8,755.3,742.7,175.3,172.8,176.5,177.0,3.99,78.4,1.841,2808.4,812.8,751.8,754.8,744.8,175.1,172.6,176.1,177.1,3.97,78.0,1.832,6.9,1.084,1,injector_clog,1,0.27,49.93,179738.3
315.9,descend_land,29.89432703003337,1249.1101223581759,32.34149054505006,2799.0,811.8,753.8,755.0,745.7,175.3,172.9,175.5,177.1,3.98,79.0,1.866,2808.2,812.8,751.8,754.8,744.8,175.1,172.6,176.1,177.1,3.97,78.0,1.832,6.9,1.085,1,injector_clog,1,0.27,49.9,179637.4
316.0,descend_land,29.883203559510566,1246.384872080089,32.32480533926585,2811.8,812.6,750.6,757.3,744.3,173.9,173.4,176.8,177.6,3.99,77.2,1.83,2808.0,812.8,751.8,754.8,744.8,175.1,172.5,176.0,177.0,3.97,78.0,1.832,6.9,1.085,1,injector_clog,1,0.27,49.87,179536.5
316.1,descend_land,29.872080088987765,1243.6596218020022,32.308120133481644,2807.3,812.4,751.2,754.1,743.9,174.3,172.5,176.4,176.6,3.95,78.2,1.81,2807.9,812.7,751.7,754.7,744.7,175.1,172.5,176.0,177.0,3.97,78.0,1.831,6.9,1.085,1,injector_clog,1,0.27,49.84,179435.6
316.2,descend_land,29.86095661846496,1240.9343715239156,32.291434927697445,2807.8,814.7,753.0,757.0,743.5,176.0,173.4,175.7,176.3,3.96,78.8,1.853,2807.7,812.7,751.7,754.7,744.7,175.1,172.5,176.0,177.0,3.97,78.0,1.831,6.9,1.086,1,injector_clog,1,0.27,49.82,179334.7
316.3,descend_land,29.849833147942157,1238.2091212458288,32.27474972191324,2813.7,812.1,754.4,751.7,744.0,175.6,172.3,176.5,177.2,3.97,77.9,1.846,2807.5,812.7,751.7,754.7,744.7,175.1,172.5,176.0,177.0,3.97,78.0,1.831,7.0,1.086,1,injector_clog,1,0.27,49.79,179233.8
316.4,descend_land,29.838709677419356,1235.483870967742,32.25806451612903,2804.9,814.4,755.4,756.9,744.0,175.4,172.2,176.7,177.9,3.97,77.4,1.794,2807.3,812.7,751.7,754.7,744.7,175.1,172.5,176.0,177.0,3.97,78.0,1.831,7.0,1.086,1,injector_clog,1,0.27,49.76,179132.9
316.5,descend_land,29.82758620689655,1232.7586206896553,32.241379310344826,2810.7,811.0,751.2,755.1,749.0,175.2,172.9,175.3,177.0,3.98,77.6,1.842,2807.2,812.6,751.6,754.6,744.6,175.1,172.5,176.0,177.0,3.97,78.0,1.831,7.0,1.086,1,injector_clog,1,0.27,49.73,179032.0
316.6,descend_land,29.816462736373747,1230.0333704115685,32.224694104560626,2807.0,813.5,752.2,755.0,745.1,174.1,171.5,175.0,176.2,3.93,78.2,1.834,2807.0,812.6,751.6,754.6,744.6,175.0,172.5,176.0,177.0,3.97,78.0,1.831,7.0,1.087,1,injector_clog,1,0.27,49.7,178931.1
316.7,descend_land,29.805339265850947,1227.3081201334817,32.20800889877642,2814.4,811.4,750.4,752.8,745.5,175.4,173.1,176.4,176.2,3.96,78.7,1.82,2806.8,812.6,751.6,754.6,744.6,175.0,172.5,176.0,177.0,3.97,78.0,1.831,7.0,1.087,1,injector_clog,1,0.27,49.68,178830.2
316.8,descend_land,29.794215795328142,1224.582869855395,32.19132369299221,2806.4,812.2,753.7,756.0,743.7,175.4,172.0,176.3,177.3,3.96,78.3,1.845,2806.6,812.5,751.5,754.5,744.5,175.0,172.5,176.0,177.0,3.97,78.0,1.83,7.0,1.087,1,injector_clog,1,0.27,49.65,178729.3
316.9,descend_land,29.783092324805338,1221.8576195773082,32.17463848720801,2801.7,813.7,752.9,755.0,744.6,175.7,172.9,175.4,177.5,3.97,78.0,1.776,2806.5,812.5,751.5,754.5,744.5,175.0,172.5,176.0,177.0,3.97,78.0,1.83,7.1,1.088,1,injector_clog,1,0.27,49.62,178628.4
317.0,descend_land,29.771968854282534,1219.1323692992214,32.1579532814238,2812.7,808.8,752.0,757.8,743.4,174.7,171.6,177.2,177.3,3.96,78.1,1.845,2806.3,812.5,751.5,754.5,744.5,175.0,172.5,176.0,177.0,3.97,78.0,1.83,7.1,1.088,1,injector_clog,1,0.27,49.59,178527.5
317.1,descend_land,29.760845383759733,1216.4071190211346,32.1412680756396,2806.4,812.8,752.5,754.7,744.7,173.9,172.4,175.5,176.6,3.95,78.2,1.774,2806.1,812.5,751.5,754.5,744.5,175.0,172.5,176.0,177.0,3.97,78.0,1.83,7.1,1.088,1,injector_clog,1,0.27,49.56,178426.6
317.2,descend_land,29.74972191323693,1213.681868743048,32.124582869855395,2808.2,813.1,751.5,757.3,745.7,175.1,172.3,176.4,176.7,3.97,77.4,1.888,2805.9,812.4,751.4,754.4,744.4,175.0,172.4,175.9,176.9,3.97,78.0,1.83,7.1,1.089,1,injector_clog,1,0.27,49.53,178325.7
317.3,descend_land,29.738598442714128,1210.9566184649611,32.10789766407119,2796.4,813.7,750.2,756.4,745.8,175.5,172.7,175.7,177.5,4.0,77.8,1.804,2805.8,812.4,751.4,754.4,744.4,175.0,172.4,175.9,176.9,3.97,78.0,1.83,7.1,1.089,1,injector_clog,1,0.27,49.51,178224.8
317.4,descend_land,29.727474972191324,1208.2313681868743,32.09121245828699,2814.2,812.1,753.0,753.4,747.6,175.5,172.3,177.0,177.0,3.97,78.5,1.797,2805.6,812.4,751.4,754.4,744.4,175.0,172.4,175.9,176.9,3.97,78.0,1.83,7.1,1.089,1,injector_clog,1,0.27,49.48,178123.9
317.5,descend_land,29.71635150166852,1205.5061179087877,32.07452725250278,2815.9,810.4,751.0,755.7,742.2,175.4,173.6,176.0,177.9,3.97,78.1,1.839,2805.4,812.3,751.3,754.3,744.3,175.0,172.4,175.9,176.9,3.96,78.0,1.829,7.2,1.089,1,injector_clog,1,0.27,49.45,178023.0
317.6,descend_land,29.705228031145715,1202.7808676307009,32.05784204671858,2802.8,814.6,752.7,755.1,744.6,175.4,171.8,175.6,175.8,4.01,78.5,1.84,2805.2,812.3,751.3,754.3,744.3,175.0,172.4,175.9,176.9,3.96,78.0,1.829,7.2,1.09,1,injector_clog,1,0.27,49.42,177922.1
317.7,descend_land,29.694104560622915,1200.055617352614,32.04115684093437,2797.5,813.9,750.5,754.1,746.0,175.0,171.6,175.6,178.2,3.91,78.0,1.794,2805.0,812.3,751.3,754.3,744.3,175.0,172.4,175.9,176.9,3.96,78.0,1.829,7.2,1.09,1,injector_clog,1,0.27,49.39,177821.2
317.8,descend_land,29.68298109010011,1197.3303670745274,32.024471635150164,2801.2,813.0,750.7,755.7,744.5,174.5,171.3,176.7,177.1,3.99,77.6,1.811,2804.9,812.2,751.2,754.2,744.2,174.9,172.4,175.9,176.9,3.96,78.0,1.829,7.2,1.09,1,injector_clog,1,0.27,49.37,177720.3
317.9,descend_land,29.67185761957731,1194.6051167964406,32.007786429365964,2802.9,812.3,749.9,754.9,743.5,174.8,172.7,174.8,176.8,3.96,77.3,1.842,2804.7,812.2,751.2,754.2,744.2,174.9,172.4,175.9,176.9,3.96,78.0,1.829,7.2,1.091,1,injector_clog,1,0.27,49.34,177619.4
318.0,descend_land,29.660734149054505,1191.8798665183538,31.991101223581758,2810.6,811.0,750.0,753.9,742.7,175.2,171.9,176.5,176.1,4.0,77.9,1.775,2804.5,812.2,751.2,754.2,744.2,174.9,172.4,175.9,176.9,3.96,78.0,1.829,7.3,1.091,1,injector_clog,1,0.27,49.31,177518.5
318.1,descend_land,29.6496106785317,1189.154616240267,31.97441601779755,2806.4,809.4,749.7,752.9,742.9,175.1,171.4,176.2,176.6,4.0,77.6,1.81,2804.3,812.2,751.2,754.2,744.2,174.9,172.4,175.9,176.9,3.96,78.0,1.829,7.3,1.091,1,injector_clog,1,0.27,49.28,177417.6
318.2,descend_land,29.638487208008897,1186.4293659621803,31.95773081201335,2806.4,810.6,751.4,756.1,745.2,174.6,172.5,175.5,176.5,3.96,77.5,1.832,2804.2,812.1,751.1,754.1,744.1,174.9,172.4,175.9,176.9,3.96,78.0,1.828,7.3,1.091,1,injector_clog,1,0.27,49.25,177316.7
318.3,descend_land,29.627363737486096,1183.7041156840935,31.941045606229146,2793.8,811.0,750.2,755.1,745.0,175.3,172.2,175.4,177.3,3.98,78.3,1.804,2804.0,812.1,751.1,754.1,744.1,174.9,172.4,175.9,176.9,3.96,78.0,1.828,7.3,1.092,1,injector_clog,1,0.27,49.23,177215.8
318.4,descend_land,29.616240266963292,1180.9788654060067,31.92436040044494,2805.5,813.1,749.4,755.0,745.2,175.4,173.2,175.4,178.0,3.93,77.8,1.828,2803.8,812.1,751.1,754.1,744.1,174.9,172.4,175.9,176.9,3.96,78.0,1.828,7.3,1.092,1,injector_clog,1,0.27,49.2,177114.9
318.5,descend_land,29.60511679644049,1178.25361512792,31.907675194660733,2799.4,811.6,752.7,754.7,742.3,175.5,172.4,176.6,177.4,3.98,78.4,1.792,2803.6,812.0,751.0,754.0,744.0,174.9,172.3,175.8,176.8,3.96,78.0,1.828,7.3,1.092,1,injector_clog,1,0.27,49.17,177014.0
318.6,descend_land,29.593993325917687,1175.5283648498332,31.89098998887653,2806.0,815.2,750.9,750.6,743.9,175.1,171.7,176.9,177.4,3.95,78.0,1.824,2803.4,812.0,751.0,754.0,744.0,174.9,172.3,175.8,176.8,3.96,78.0,1.828,7.4,1.093,1,injector_clog,1,0.27,49.14,176913.1
318.7,descend_land,29.582869855394883,1172.8031145717464,31.874304783092327,2806.9,813.8,752.8,753.9,744.4,175.7,170.5,175.9,176.2,3.94,78.1,1.774,2803.3,812.0,751.0,754.0,744.0,174.9,172.3,175.8,176.8,3.96,78.0,1.828,7.4,1.093,1,injector_clog,1,0.27,49.11,176812.2
318.8,descend_land,29.57174638487208,1170.0778642936598,31.85761957730812,2802.3,813.6,749.2,755.7,743.5,175.2,171.7,176.1,177.2,3.99,77.8,1.764,2803.1,812.0,751.0,754.0,744.0,174.9,172.3,175.8,176.8,3.96,78.0,1.827,7.4,1.093,1,injector_clog,1,0.27,49.09,176711.3
318.9,descend_land,29.560622914349278,1167.352614015573,31.840934371523915,2802.0,811.1,749.3,754.1,744.8,174.9,173.2,175.3,176.2,3.97,77.7,1.869,2802.9,811.9,750.9,753.9,743.9,174.9,172.3,175.8,176.8,3.96,78.0,1.827,7.4,1.093,1,injector_clog,1,0.27,49.06,176610.4
319.0,descend_land,29.549499443826473,1164.6273637374861,31.82424916573971,2802.4,813.9,751.2,754.2,744.7,175.3,172.1,176.5,177.3,3.97,78.2,1.826,2802.7,811.9,750.9,753.9,743.9,174.9,172.3,175.8,176.8,3.96,78.0,1.827,7.4,1.094,1,injector_clog,1,0.27,49.03,176509.5
319.1,descend_land,29.538375973303673,1161.9021134593995,31.80756395995551,2796.9,809.4,748.7,754.1,745.1,175.2,171.4,176.1,176.0,3.93,77.5,1.831,2802.5,811.9,750.9,753.9,743.9,174.8,172.3,175.8,176.8,3.96,78.0,1.827,7.4,1.094,1,injector_clog,1,0.27,49.0,176408.6
319.2,descend_land,29.52725250278087,1159.1768631813127,31.790878754171302,2807.9,813.1,751.1,754.3,743.2,174.6,172.5,176.5,177.7,3.9,77.1,1.878,2802.4,811.8,750.8,753.8,743.8,174.8,172.3,175.8,176.8,3.96,78.0,1.827,7.5,1.094,1,injector_clog,1,0.27,48.97,176307.7
319.3,descend_land,29.516129032258064,1156.4516129032259,31.774193548387096,2811.8,808.0,750.7,755.1,743.0,175.8,172.1,175.8,175.6,3.96,78.4,1.815,2802.2,811.8,750.8,753.8,743.8,174.8,172.3,175.8,176.8,3.96,78.0,1.827,7.5,1.095,1,injector_clog,1,0.27,48.95,176206.8
319.4,descend_land,29.50500556173526,1153.726362625139,31.75750834260289,2797.5,811.2,749.7,753.3,745.6,174.9,172.6,176.0,176.2,3.96,78.1,1.811,2802.0,811.8,750.8,753.8,743.8,174.8,172.3,175.8,176.8,3.96,78.0,1.827,7.5,1.095,1,injector_clog,1,0.27,48.92,176105.9
319.5,descend_land,29.49388209121246,1151.0011123470524,31.740823136818687,2799.4,813.2,754.1,753.6,742.1,174.4,173.1,175.5,176.7,3.97,77.8,1.826,2801.8,811.7,750.7,753.7,743.7,174.8,172.3,175.8,176.8,3.96,78.0,1.826,7.5,1.095,1,injector_clog,1,0.27,48.89,176005.0
319.6,descend_land,29.482758620689655,1148.2758620689656,31.724137931034484,2804.1,809.9,748.4,753.6,742.8,175.0,172.1,176.2,176.9,3.95,78.7,1.862,2801.6,811.7,750.7,753.7,743.7,174.8,172.3,175.8,176.8,3.96,78.0,1.826,7.5,1.096,1,injector_clog,1,0.27,48.86,175904.1
319.7,descend_land,29.471635150166854,1145.5506117908787,31.707452725250278,2803.5,808.2,749.3,752.9,743.4,175.9,172.0,176.0,176.5,3.95,77.7,1.81,2801.5,811.7,750.7,753.7,743.7,174.8,172.2,175.7,176.7,3.96,78.0,1.826,7.6,1.096,1,injector_clog,1,0.27,48.83,175803.2
319.8,descend_land,29.46051167964405,1142.8253615127921,31.69076751946607,2797.7,814.7,751.2,755.0,743.1,175.2,172.8,175.2,176.9,3.96,78.2,1.888,2801.3,811.7,750.7,753.7,743.7,174.8,172.2,175.7,176.7,3.96,78.0,1.826,7.6,1.096,1,injector_clog,1,0.27,48.81,175702.3
319.9,descend_land,29.449388209121246,1140.1001112347053,31.67408231368187,2806.2,812.3,749.0,752.7,744.6,174.2,172.4,175.9,176.2,3.96,78.4,1.852,2801.1,811.6,750.6,753.6,743.6,174.8,172.2,175.7,176.7,3.96,78.0,1.826,7.6,1.096,1,injector_clog,1,0.27,48.78,175601.4
320.0,descend_land,29.43826473859844,1137.3748609566185,31.657397107897665,2806.2,810.9,752.3,754.8,744.6,175.9,171.6,175.1,176.7,3.98,78.1,1.83,2800.9,811.6,750.6,753.6,743.6,174.8,172.2,175.7,176.7,3.96,78.0,1.826,7.6,1.097,1,injector_clog,1,0.27,48.75,175500.5
320.1,descend_land,29.42714126807564,1134.6496106785319,31.64071190211346,2802.6,812.3,750.2,753.4,744.9,175.7,172.0,176.0,176.7,3.98,77.6,1.835,2800.7,811.6,750.6,753.6,743.6,174.8,172.2,175.7,176.7,3.96,78.0,1.825,7.6,1.097,1,injector_clog,1,0.27,48.72,175399.6
320.2,descend_land,29.416017797552836,1131.924360400445,31.624026696329253,2791.0,810.3,750.9,754.7,743.7,174.6,172.1,175.1,176.0,3.89,77.4,1.744,2800.6,811.5,750.5,753.5,743.5,174.8,172.2,175.7,176.7,3.96,78.0,1.825,7.6,1.097,1,injector_clog,1,0.27,48.69,175298.7
320.3,descend_land,29.404894327030032,1129.1991101223582,31.60734149054505,2799.6,811.2,748.8,751.3,743.9,175.1,171.3,175.2,176.6,3.95,77.4,1.841,2800.4,811.5,750.5,753.5,743.5,174.8,172.2,175.7,176.7,3.96,78.0,1.825,7.7,1.098,1,injector_clog,1,0.27,48.67,175197.8
320.4,descend_land,29.39377085650723,1126.4738598442716,31.590656284760847,2791.9,809.4,750.0,754.6,744.5,175.2,172.5,175.5,176.7,3.94,78.1,1.794,2800.2,811.5,750.5,753.5,743.5,174.7,172.2,175.7,176.7,3.96,78.0,1.825,7.7,1.098,1,injector_clog,1,0.27,48.64,175096.9
320.5,descend_land,29.382647385984427,1123.7486095661848,31.57397107897664,2804.1,809.7,753.5,754.2,743.3,174.1,172.9,176.3,176.6,4.0,78.6,1.833,2800.0,811.5,750.5,753.5,743.5,174.7,172.2,175.7,176.7,3.96,78.0,1.825,7.7,1.098,1,injector_clog,1,0.27,48.61,174996.0
320.6,descend_land,29.371523915461623,1121.023359288098,31.557285873192434,2800.6,810.6,748.6,755.1,745.5,174.7,170.8,175.0,178.0,3.98,78.3,1.813,2799.8,811.4,750.4,753.4,743.4,174.7,172.2,175.7,176.7,3.96,78.0,1.825,7.7,1.098,1,injector_clog,1,0.27,48.58,174895.1
320.7,descend_land,29.360400444938822,1118.298109010011,31.54060066740823,2798.5,811.6,751.5,756.2,742.6,174.0,172.2,175.6,177.3,3.95,77.4,1.862,2799.6,811.4,750.4,753.4,743.4,174.7,172.2,175.7,176.7,3.96,78.0,1.825,7.7,1.099,1,injector_clog,1,0.27,48.55,174794.2
320.8,descend_land,29.349276974416018,1115.5728587319245,31.52391546162403,2802.2,810.7,748.5,753.0,743.8,174.4,172.6,175.7,176.2,3.94,77.6,1.786,2799.5,811.4,750.4,753.4,743.4,174.7,172.2,175.7,176.7,3.96,78.0,1.824,7.7,1.099,1,injector_clog,1,0.27,48.53,174693.3
320.9,descend_land,29.338153503893214,1112.8476084538377,31.507230255839822,2794.9,811.8,749.3,750.7,743.0,175.0,172.1,175.8,177.2,3.93,78.0,1.856,2799.3,811.3,750.3,753.3,743.3,174.7,172.2,175.7,176.7,3.96,78.0,1.824,7.8,1.099,1,injector_clog,1,0.27,48.5,174592.4
321.0,descend_land,29.327030033370413,1110.1223581757508,31.490545050055616,2796.5,809.0,750.5,755.2,743.8,175.0,172.1,176.9,176.9,3.96,78.3,1.832,2799.1,811.3,750.3,753.3,743.3,174.7,172.1,175.6,176.6,3.96,78.0,1.824,7.8,1.1,1,injector_clog,1,0.27,48.47,174491.5
321.1,descend_land,29.31590656284761,1107.3971078976642,31.473859844271413,2797.1,810.9,749.6,752.2,742.9,175.0,171.7,174.6,176.9,3.96,78.0,1.825,2798.9,811.3,750.3,753.3,743.3,174.7,172.1,175.6,176.6,3.96,78.0,1.824,7.8,1.1,1,injector_clog,1,0.27,48.44,174390.6
321.2,descend_land,29.304783092324804,1104.6718576195774,31.45717463848721,2795.5,809.0,751.6,755.3,741.4,175.3,171.6,175.4,176.5,3.93,78.4,1.822,2798.7,811.2,750.2,753.2,743.2,174.7,172.1,175.6,176.6,3.96,78.0,1.824,7.8,1.1,1,injector_clog,1,0.27,48.41,174289.7
321.3,descend_land,29.293659621802,1101.9466073414906,31.440489432703004,2802.5,811.5,751.4,753.3,743.9,174.4,172.2,175.3,177.9,3.98,78.0,1.786,2798.6,811.2,750.2,753.2,743.2,174.7,172.1,175.6,176.6,3.96,78.0,1.824,7.8,1.101,1,injector_clog,1,0.27,48.39,174188.8
321.4,descend_land,29.2825361512792,1099.221357063404,31.423804226918797,2798.7,811.2,751.3,754.4,743.6,174.6,172.7,176.6,176.9,3.97,77.7,1.855,2798.4,811.2,750.2,753.2,743.2,174.7,172.1,175.6,176.6,3.96,78.0,1.824,7.9,1.101,1,injector_clog,1,0.27,48.36,174087.9
321.5,descend_land,29.271412680756395,1096.4961067853171,31.407119021134594,2794.0,810.8,750.1,755.0,743.8,174.6,172.4,175.1,176.2,3.98,77.8,1.806,2798.2,811.2,750.2,753.2,743.2,174.7,172.1,175.6,176.6,3.96,78.0,1.823,7.9,1.101,1,injector_clog,1,0.27,48.33,173987.0
321.6,descend_land,29.260289210233594,1093.7708565072303,31.39043381535039,2799.2,812.0,749.6,751.0,739.8,174.2,173.1,176.0,176.5,3.96,77.6,1.865,2798.0,811.1,750.1,753.1,743.1,174.7,172.1,175.6,176.6,3.96,78.0,1.823,7.9,1.101,1,injector_clog,1,0.27,48.3,173886.1
321.7,descend_land,29.24916573971079,1091.0456062291437,31.373748609566185,2801.7,809.2,747.9,753.4,742.1,174.8,171.7,175.8,177.1,3.99,78.6,1.798,2797.8,811.1,750.1,753.1,743.1,174.6,172.1,175.6,176.6,3.96,78.0,1.823,7.9,1.102,1,injector_clog,1,0.27,48.27,173785.2
321.8,descend_land,29.238042269187986,1088.3203559510569,31.35706340378198,2798.1,811.6,750.7,754.2,742.8,174.1,171.2,176.1,177.3,3.94,78.2,1.803,2797.6,811.1,750.1,753.1,743.1,174.6,172.1,175.6,176.6,3.96,78.0,1.823,7.9,1.102,1,injector_clog,1,0.27,48.25,173684.3
321.9,descend_land,29.22691879866518,1085.59510567297,31.340378197997776,2811.2,811.1,749.9,753.6,741.0,175.1,172.8,175.8,177.7,3.95,77.7,1.835,2797.5,811.0,750.0,753.0,743.0,174.6,172.1,175.6,176.6,3.96,78.0,1.823,7.9,1.102,1,injector_clog,1,0.27,48.22,173583.4
322.0,descend_land,29.21579532814238,1082.8698553948832,31.323692992213573,2796.7,814.0,749.1,749.5,742.4,174.0,172.7,175.2,177.4,4.01,77.8,1.837,2797.3,811.0,750.0,753.0,743.0,174.6,172.1,175.6,176.6,3.96,78.0,1.823,8.0,1.103,1,injector_clog,1,0.27,48.19,173482.5
322.1,descend_land,29.204671857619577,1080.1446051167966,31.307007786429367,2796.7,810.8,750.3,754.1,741.8,174.3,171.8,175.6,176.6,3.99,78.0,1.808,2797.1,811.0,750.0,753.0,743.0,174.6,172.1,175.6,176.6,3.96,78.0,1.822,8.0,1.103,1,injector_clog,1,0.27,48.16,173381.6
322.2,descend_land,29.193548387096776,1077.4193548387098,31.29032258064516,2799.3,811.3,748.9,754.4,739.5,176.0,172.1,176.3,177.1,3.94,77.4,1.848,2796.9,811.0,750.0,753.0,743.0,174.6,172.1,175.6,176.6,3.96,78.0,1.822,8.0,1.103,1,injector_clog,1,0.27,48.13,173280.7
322.3,descend_land,29.18242491657397,1074.694104560623,31.273637374860957,2797.8,811.2,749.5,754.3,741.3,174.6,172.8,175.3,176.4,3.95,79.2,1.823,2796.7,810.9,749.9,752.9,742.9,174.6,172.1,175.6,176.6,3.96,78.0,1.822,8.0,1.104,1,injector_clog,1,0.27,48.11,173179.8
322.4,descend_land,29.171301446051167,1071.9688542825363,31.256952169076754,2800.1,811.0,750.2,750.1,746.0,174.4,173.4,175.6,176.5,3.93,77.8,1.802,2796.5,810.9,749.9,752.9,742.9,174.6,172.0,175.5,176.5,3.96,78.0,1.822,8.0,1.104,1,injector_clog,1,0.27,48.08,173078.9
322.5,descend_land,29.160177975528363,1069.2436040044495,31.240266963292548,2814.3,811.7,750.0,752.1,739.0,174.5,170.7,175.3,176.8,3.95,78.4,1.792,2796.3,810.9,749.9,752.9,742.9,174.6,172.0,175.5,176.5,3.96,78.0,1.822,8.0,1.104,1,injector_clog,1,0.27,48.05,172978.0
322.6,descend_land,29.149054505005562,1066.5183537263626,31.22358175750834,2799.6,810.7,749.8,749.3,743.6,174.8,171.3,175.7,177.3,3.93,77.6,1.847,2796.2,810.8,749.8,752.8,742.8,174.6,172.0,175.5,176.5,3.96,78.0,1.822,8.1,1.104,1,injector_clog,1,0.27,48.02,172877.1
322.7,descend_land,29.137931034482758,1063.793103448276,31.20689655172414,2787.8,810.0,749.9,752.6,741.4,175.5,171.7,175.3,177.4,3.97,78.5,1.827,2796.0,810.8,749.8,752.8,742.8,174.6,172.0,175.5,176.5,3.96,78.0,1.821,8.1,1.105,1,injector_clog,1,0.27,47.99,172776.2
322.8,descend_land,29.126807563959957,1061.0678531701892,31.190211345939936,2796.7,810.7,750.0,753.7,741.2,175.3,172.2,175.8,177.1,3.92,78.1,1.807,2795.8,810.8,749.8,752.8,742.8,174.6,172.0,175.5,176.5,3.96,78.0,1.821,8.1,1.105,1,injector_clog,1,0.27,47.97,172675.3
322.9,descend_land,29.115684093437153,1058.3426028921024,31.17352614015573,2794.0,811.2,750.3,754.0,743.7,173.7,172.7,176.1,177.4,3.91,78.2,1.808,2795.6,810.8,749.8,752.8,742.8,174.6,172.0,175.5,176.5,3.96,78.0,1.821,8.1,1.105,1,injector_clog,1,0.27,47.94,172574.4
323.0,descend_land,29.10456062291435,1055.6173526140158,31.156840934371523,2795.3,810.8,747.2,753.4,743.3,174.4,172.2,176.2,176.3,3.93,77.9,1.841,2795.4,810.7,749.7,752.7,742.7,174.6,172.0,175.5,176.5,3.96,78.0,1.821,8.1,1.106,1,injector_clog,1,0.27,47.91,172473.5
323.1,descend_land,29.093437152391544,1052.892102335929,31.14015572858732,2795.0,809.5,750.7,751.5,742.9,174.6,172.3,175.4,176.3,3.96,78.2,1.852,2795.2,810.7,749.7,752.7,742.7,174.5,172.0,175.5,176.5,3.96,78.0,1.821,8.2,1.106,1,injector_clog,1,0.27,47.88,172372.6
323.2,descend_land,29.082313681868744,1050.166852057842,31.123470522803114,2794.8,811.2,750.0,752.2,741.1,174.1,173.5,174.8,176.0,3.93,77.4,1.85,2795.1,810.7,749.7,752.7,742.7,174.5,172.0,175.5,176.5,3.96,78.0,1.821,8.2,1.106,1,injector_clog,1,0.27,47.85,172271.7
323.3,descend_land,29.07119021134594,1047.4416017797553,31.10678531701891,2795.4,812.2,748.2,751.0,743.0,175.5,172.8,175.9,177.7,3.96,77.1,1.767,2794.9,810.6,749.6,752.6,742.6,174.5,172.0,175.5,176.5,3.96,78.0,1.821,8.2,1.106,1,injector_clog,1,0.27,47.83,172170.8
323.4,descend_land,29.06006674082314,1044.7163515016687,31.090100111234705,2794.8,812.0,751.0,754.3,740.8,174.9,171.9,175.1,176.7,3.98,77.5,1.807,2794.7,810.6,749.6,752.6,742.6,174.5,172.0,175.5,176.5,3.96,78.0,1.82,8.2,1.107,1,injector_clog,1,0.27,47.8,172069.9
323.5,descend_land,29.048943270300335,1041.9911012235818,31.0734149054505,2801.2,811.6,749.3,752.4,742.0,174.4,171.8,176.2,176.0,3.98,78.5,1.874,2794.5,810.6,749.6,752.6,742.6,174.5,172.0,175.5,176.5,3.96,78.0,1.82,8.2,1.107,1,injector_clog,1,0.27,47.77,171969.0
323.6,descend_land,29.03781979977753,1039.265850945495,31.056729699666295,2796.9,808.7,750.9,750.7,743.7,175.5,171.4,176.2,176.6,3.95,77.6,1.825,2794.3,810.5,749.5,752.5,742.5,174.5,172.0,175.5,176.5,3.96,78.0,1.82,8.2,1.107,1,injector_clog,1,0.27,47.74,171868.1
323.7,descend_land,29.026696329254726,1036.5406006674084,31.040044493882093,2794.2,810.7,750.1,753.6,739.6,174.5,172.8,176.3,176.7,3.98,77.5,1.809,2794.1,810.5,749.5,752.5,742.5,174.5,172.0,175.5,176.5,3.96,78.0,1.82,8.3,1.108,1,injector_clog,1,0.27,47.71,171767.2
323.8,descend_land,29.015572858731925,1033.8153503893216,31.023359288097886,2801.4,812.6,748.2,750.7,743.7,174.4,172.0,176.0,176.5,3.99,77.4,1.878,2793.9,810.5,749.5,752.5,742.5,174.5,171.9,175.4,176.4,3.96,78.0,1.82,8.3,1.108,1,injector_clog,1,0.27,47.69,171666.3
323.9,descend_land,29.00444938820912,1031.0901001112347,31.00667408231368,2791.9,809.9,748.4,752.5,742.6,174.7,171.2,175.5,176.2,3.94,77.3,1.811,2793.7,810.5,749.5,752.5,742.5,174.5,171.9,175.4,176.4,3.96,78.0,1.82,8.3,1.108,1,injector_clog,1,0.27,47.66,171565.4
324.0,descend_land,28.993325917686317,1028.3648498331481,30.989988876529477,2784.8,810.0,751.1,750.7,743.3,174.1,171.4,176.3,176.6,3.98,78.0,1.808,2793.6,810.4,749.4,752.4,742.4,174.5,171.9,175.4,176.4,3.96,78.0,1.819,8.3,1.109,1,injector_clog,1,0.27,47.63,171464.5
324.1,descend_land,28.982202447163516,1025.6395995550613,30.973303670745274,2797.7,809.5,749.8,753.1,744.4,174.6,172.7,175.4,176.4,3.96,77.5,1.829,2793.4,810.4,749.4,752.4,742.4,174.5,171.9,175.4,176.4,3.96,78.0,1.819,8.3,1.109,1,injector_clog,1,0.27,47.6,171363.6
324.2,descend_land,28.97107897664071,1022.9143492769745,30.956618464961068,2793.1,811.6,752.0,751.5,745.8,173.3,171.3,174.5,176.6,3.97,78.0,1.798,2793.2,810.4,749.4,752.4,742.4,174.5,171.9,175.4,176.4,3.96,78.0,1.819,8.4,1.109,1,injector_clog,1,0.27,47.57,171262.7
324.3,descend_land,28.959955506117907,1020.1890989988879,30.93993325917686,2790.3,809.5,748.9,752.6,741.4,174.8,172.4,176.4,176.1,3.97,77.7,1.904,2793.0,810.3,749.3,752.3,742.3,174.5,171.9,175.4,176.4,3.96,78.0,1.819,8.4,1.109,1,injector_clog,1,0.27,47.54,171161.8
324.4,descend_land,28.948832035595107,1017.463848720801,30.92324805339266,2783.9,810.2,748.4,753.2,743.1,174.3,171.5,175.3,176.1,3.97,78.4,1.794,2792.8,810.3,749.3,752.3,742.3,174.5,171.9,175.4,176.4,3.96,78.0,1.819,8.4,1.11,1,injector_clog,1,0.27,47.52,171060.9
324.5,descend_land,28.937708565072302,1014.7385984427142,30.906562847608456,2791.3,809.9,751.9,749.7,740.2,174.4,172.0,176.3,176.2,3.99,77.7,1.804,2792.6,810.3,749.3,752.3,742.3,174.4,171.9,175.4,176.4,3.96,78.0,1.819,8.4,1.11,1,injector_clog,1,0.27,47.49,170960.0
324.6,descend_land,28.926585094549498,1012.0133481646274,30.88987764182425,2793.4,812.1,751.0,753.5,740.3,174.1,171.7,174.8,177.0,3.94,78.8,1.811,2792.4,810.3,749.3,752.3,742.3,174.4,171.9,175.4,176.4,3.96,78.0,1.818,8.4,1.11,1,injector_clog,1,0.27,47.46,170859.1
324.7,descend_land,28.915461624026698,1009.2880978865408,30.873192436040043,2802.5,813.1,746.2,749.5,743.4,174.6,170.4,175.7,176.6,3.94,77.0,1.796,2792.2,810.2,749.2,752.2,742.2,174.4,171.9,175.4,176.4,3.96,78.0,1.818,8.4,1.111,1,injector_clog,1,0.27,47.43,170758.2
324.8,descend_land,28.904338153503893,1006.5628476084539,30.85650723025584,2787.4,811.0,748.4,750.4,745.8,173.9,172.4,175.4,175.1,3.94,77.6,1.849,2792.1,810.2,749.2,752.2,742.2,174.4,171.9,175.4,176.4,3.96,78.0,1.818,8.5,1.111,1,injector_clog,1,0.27,47.4,170657.3
324.9,descend_land,28.89321468298109,1003.8375973303671,30.839822024471637,2793.6,808.7,748.9,751.8,743.8,173.6,172.1,175.5,177.2,3.98,77.5,1.806,2791.9,810.2,749.2,752.2,742.2,174.4,171.9,175.4,176.4,3.96,78.0,1.818,8.5,1.111,1,injector_clog,1,0.27,47.38,170556.4
325.0,descend_land,28.882091212458285,1001.1123470522805,30.82313681868743,2793.0,810.3,750.4,752.6,743.2,173.9,172.1,176.1,176.4,3.96,78.0,1.81,2791.7,810.1,749.1,752.1,742.1,174.4,171.9,175.4,176.4,3.96,78.0,1.818,8.5,1.112,1,injector_clog,1,0.27,47.35,170455.5
325.1,descend_land,28.870967741935484,998.3870967741937,30.806451612903224,2792.3,812.6,747.7,752.6,740.7,174.2,172.9,174.1,175.8,3.98,79.0,1.856,2791.5,810.1,749.1,752.1,742.1,174.4,171.9,175.4,176.4,3.96,78.0,1.818,8.5,1.112,1,injector_clog,1,0.27,47.32,170354.6
325.2,descend_land,28.85984427141268,995.6618464961068,30.78976640711902,2789.4,808.3,752.1,750.5,741.4,173.9,171.6,175.7,176.8,3.95,78.0,1.796,2791.3,810.1,749.1,752.1,742.1,174.4,171.8,175.3,176.3,3.96,78.0,1.818,8.5,1.112,1,injector_clog,1,0.27,47.29,170253.7
325.3,descend_land,28.84872080088988,992.9365962180202,30.77308120133482,2781.2,809.9,748.4,750.6,744.6,174.7,172.7,175.4,175.4,3.99,77.7,1.822,2791.1,810.0,749.0,752.0,742.0,174.4,171.8,175.3,176.3,3.96,78.0,1.817,8.5,1.112,1,injector_clog,1,0.27,47.26,170152.8
325.4,descend_land,28.837597330367075,990.2113459399334,30.756395995550612,2785.0,809.1,748.6,753.1,743.8,175.6,171.6,174.9,175.8,3.95,78.2,1.833,2790.9,810.0,749.0,752.0,742.0,174.4,171.8,175.3,176.3,3.96,78.0,1.817,8.6,1.113,1,injector_clog,1,0.27,47.24,170051.9
325.5,descend_land,28.82647385984427,987.4860956618465,30.739710789766406,2796.2,811.7,748.2,752.3,739.1,174.0,171.4,175.1,176.6,3.93,78.2,1.792,2790.7,810.0,749.0,752.0,742.0,174.4,171.8,175.3,176.3,3.96,78.0,1.817,8.6,1.113,1,injector_clog,1,0.27,47.21,169951.0
325.6,descend_land,28.815350389321466,984.7608453837597,30.723025583982203,2792.7,806.9,750.6,753.3,744.0,175.6,171.3,174.4,175.6,3.94,77.7,1.738,2790.6,810.0,749.0,752.0,742.0,174.4,171.8,175.3,176.3,3.96,78.0,1.817,8.6,1.113,1,injector_clog,1,0.27,47.18,169850.1
325.7,descend_land,28.804226918798665,982.0355951056731,30.706340378198,2783.7,809.8,750.6,752.0,742.7,174.3,171.7,174.8,176.2,3.94,78.0,1.802,2790.4,809.9,748.9,751.9,741.9,174.4,171.8,175.3,176.3,3.96,78.0,1.817,8.6,1.114,1,injector_clog,1,0.27,47.15,169749.2
325.8,descend_land,28.79310344827586,979.3103448275863,30.689655172413794,2782.6,810.8,749.1,753.4,740.1,174.4,172.0,175.1,176.5,3.97,78.4,1.798,2790.2,809.9,748.9,751.9,741.9,174.4,171.8,175.3,176.3,3.96,78.0,1.817,8.6,1.114,1,injector_clog,1,0.27,47.12,169648.3
325.9,descend_land,28.78197997775306,976.5850945494994,30.672969966629587,2786.9,808.8,746.0,750.1,741.0,175.4,171.7,175.0,176.1,4.02,77.2,1.818,2790.0,809.9,748.9,751.9,741.9,174.3,171.8,175.3,176.3,3.95,78.0,1.816,8.7,1.114,1,injector_clog,1,0.27,47.1,169547.4
326.0,descend_land,28.770856507230256,973.8598442714128,30.656284760845384,2791.9,809.2,749.1,749.9,738.6,172.8,172.1,176.0,176.5,3.91,78.4,1.808,2789.8,809.8,748.8,751.8,741.8,174.3,171.8,175.3,176.3,3.95,78.0,1.816,8.7,1.115,1,injector_clog,1,0.27,47.07,169446.5
326.1,descend_land,28.759733036707452,971.134593993326,30.63959955506118,2787.5,809.3,748.7,751.7,741.7,174.9,171.9,175.3,175.9,4.01,78.7,1.857,2789.6,809.8,748.8,751.8,741.8,174.3,171.8,175.3,176.3,3.95,78.0,1.816,8.7,1.115,1,injector_clog,1,0.27,47.04,169345.6
326.2,descend_land,28.748609566184648,968.4093437152392,30.622914349276975,2796.3,807.7,748.8,752.4,741.6,174.7,171.5,175.3,175.4,4.0,77.9,1.793,2789.4,809.8,748.8,751.8,741.8,174.3,171.8,175.3,176.3,3.95,78.0,1.816,8.7,1.115,1,injector_clog,1,0.27,47.01,169244.7
326.3,descend_land,28.737486095661847,965.6840934371526,30.60622914349277,2791.6,809.5,749.2,752.0,743.4,174.7,173.3,175.7,176.2,3.98,77.9,1.845,2789.2,809.7,748.7,751.7,741.7,174.3,171.8,175.3,176.3,3.95,78.0,1.816,8.7,1.115,1,injector_clog,1,0.27,46.98,169143.8
326.4,descend_land,28.726362625139043,962.9588431590657,30.589543937708566,2795.3,810.2,748.7,749.9,743.1,174.1,172.3,175.6,176.5,3.96,78.5,1.763,2789.0,809.7,748.7,751.7,741.7,174.3,171.8,175.3,176.3,3.95,78.0,1.816,8.7,1.116,1,injector_clog,1,0.27,46.96,169042.9
326.5,descend_land,28.715239154616242,960.2335928809789,30.572858731924363,2792.1,809.8,747.5,750.1,741.0,175.3,171.6,176.1,176.5,3.91,78.0,1.825,2788.8,809.7,748.7,751.7,741.7,174.3,171.8,175.3,176.3,3.95,78.0,1.815,8.8,1.116,1,injector_clog,1,0.27,46.93,168942.0
326.6,descend_land,28.704115684093438,957.5083426028923,30.556173526140157,2788.2,808.8,750.3,749.6,740.0,175.0,172.5,175.9,176.1,3.96,77.8,1.814,2788.7,809.7,748.7,751.7,741.7,174.3,171.8,175.3,176.3,3.95,78.0,1.815,8.8,1.116,1,injector_clog,1,0.27,46.9,168841.1
326.7,descend_land,28.692992213570633,954.7830923248055,30.53948832035595,2798.6,806.0,749.5,750.3,741.4,174.8,171.4,176.3,176.0,3.92,78.6,1.802,2788.5,809.6,748.6,751.6,741.6,174.3,171.7,175.2,176.2,3.95,78.0,1.815,8.8,1.117,1,injector_clog,1,0.27,46.87,168740.2
326.8,descend_land,28.68186874304783,952.0578420467186,30.522803114571747,2790.7,809.2,750.2,750.5,739.0,173.4,172.4,175.9,176.1,3.96,77.1,1.829,2788.3,809.6,748.6,751.6,741.6,174.3,171.7,175.2,176.2,3.95,78.0,1.815,8.8,1.117,1,injector_clog,1,0.27,46.84,168639.3
326.9,descend_land,28.67074527252503,949.3325917686318,30.506117908787544,2786.5,811.4,749.7,750.6,743.8,174.3,170.4,175.0,175.7,3.97,78.1,1.869,2788.1,809.6,748.6,751.6,741.6,174.3,171.7,175.2,176.2,3.95,78.0,1.815,8.8,1.117,1,injector_clog,1,0.27,46.82,168538.4
327.0,descend_land,28.659621802002224,946.6073414905452,30.489432703003338,2791.6,810.2,749.3,752.7,742.2,173.4,171.6,174.7,175.9,3.94,77.9,1.801,2787.9,809.5,748.5,751.5,741.5,174.3,171.7,175.2,176.2,3.95,78.0,1.815,8.8,1.117,1,injector_clog,1,0.27,46.79,168437.5
327.1,descend_land,28.648498331479423,943.8820912124584,30.47274749721913,2788.5,810.9,749.5,751.5,741.2,174.6,171.8,174.6,175.5,3.93,76.7,1.853,2787.7,809.5,748.5,751.5,741.5,174.3,171.7,175.2,176.2,3.95,78.0,1.814,8.9,1.118,1,injector_clog,1,0.27,46.76,168336.6
327.2,descend_land,28.63737486095662,941.1568409343715,30.456062291434925,2790.6,810.6,748.3,749.9,740.9,174.7,171.1,176.0,177.5,3.93,78.0,1.766,2787.5,809.5,748.5,751.5,741.5,174.3,171.7,175.2,176.2,3.95,78.0,1.814,8.9,1.118,1,injector_clog,1,0.27,46.73,168235.7
327.3,descend_land,28.626251390433815,938.4315906562849,30.439377085650722,2787.9,809.5,746.1,750.3,740.1,174.2,172.0,174.6,175.6,3.94,77.5,1.847,2787.3,809.5,748.5,751.5,741.5,174.3,171.7,175.2,176.2,3.95,78.0,1.814,8.9,1.118,1,injector_clog,1,0.27,46.7,168134.8
327.4,descend_land,28.61512791991101,935.7063403781981,30.42269187986652,2780.8,809.0,748.8,751.7,744.3,174.1,172.8,175.0,175.6,4.01,77.9,1.843,2787.1,809.4,748.4,751.4,741.4,174.2,171.7,175.2,176.2,3.95,78.0,1.814,8.9,1.119,1,injector_clog,1,0.27,46.68,168033.9
327.5,descend_land,28.60400444938821,932.9810901001113,30.406006674082313,2788.0,806.8,747.7,753.7,742.5,174.3,171.5,174.7,177.0,3.93,78.1,1.815,2786.9,809.4,748.4,751.4,741.4,174.2,171.7,175.2,176.2,3.95,78.0,1.814,8.9,1.119,1,injector_clog,1,0.27,46.65,167933.0
327.6,descend_land,28.592880978865406,930.2558398220247,30.389321468298107,2791.6,809.6,748.4,750.3,740.9,173.5,171.2,175.4,176.1,3.97,77.4,1.787,2786.7,809.4,748.4,751.4,741.4,174.2,171.7,175.2,176.2,3.95,78.0,1.814,9.0,1.119,1,injector_clog,1,0.27,46.62,167832.1
327.7,descend_land,28.5817575083426,927.5305895439378,30.372636262513904,2783.6,810.4,746.0,751.4,739.0,174.7,170.4,174.3,176.0,3.94,77.0,1.85,2786.5,809.3,748.3,751.3,741.3,174.2,171.7,175.2,176.2,3.95,78.0,1.813,9.0,1.12,1,injector_clog,1,0.27,46.59,167731.2
327.8,descend_land,28.5706340378198,924.805339265851,30.3559510567297,2781.9,808.0,748.6,751.0,741.8,173.5,171.9,175.8,176.2,3.97,77.9,1.784,2786.4,809.3,748.3,751.3,741.3,174.2,171.7,175.2,176.2,3.95,78.0,1.813,9.0,1.12,1,injector_clog,1,0.27,46.56,167630.3
327.9,descend_land,28.559510567296996,922.0800889877644,30.339265850945495,2791.9,810.0,748.4,753.5,737.7,174.3,172.3,175.1,176.2,3.91,78.3,1.813,2786.2,809.3,748.3,751.3,741.3,174.2,171.7,175.2,176.2,3.95,78.0,1.813,9.0,1.12,1,injector_clog,1,0.27,46.54,167529.4
328.0,descend_land,28.548387096774192,919.3548387096776,30.32258064516129,2780.5,810.1,747.9,751.0,741.0,173.7,171.7,175.4,176.7,3.96,78.5,1.855,2786.0,809.2,748.2,751.2,741.2,174.2,171.7,175.2,176.2,3.95,78.0,1.813,9.0,1.12,1,injector_clog,1,0.27,46.51,167428.5
328.1,descend_land,28.53726362625139,916.6295884315907,30.305895439377085,2781.4,809.8,748.5,749.9,741.2,173.9,171.1,174.4,176.1,3.93,78.0,1.86,2785.8,809.2,748.2,751.2,741.2,174.2,171.6,175.1,176.1,3.95,78.0,1.813,9.0,1.121,1,injector_clog,1,0.27,46.48,167327.6
328.2,descend_land,28.526140155728587,913.9043381535039,30.289210233592883,2785.2,808.0,746.4,750.4,740.7,174.5,171.7,175.2,175.7,3.98,78.6,1.756,2785.6,809.2,748.2,751.2,741.2,174.2,171.6,175.1,176.1,3.95,78.0,1.813,9.1,1.121,1,injector_clog,1,0.27,46.45,167226.7
328.3,descend_land,28.515016685205783,911.1790878754173,30.272525027808676,2778.6,808.0,748.8,748.7,739.4,174.5,171.2,175.6,176.0,3.95,78.9,1.82,2785.4,809.2,748.2,751.2,741.2,174.2,171.6,175.1,176.1,3.95,78.0,1.812,9.1,1.121,1,injector_clog,1,0.27,46.42,167125.8
328.4,descend_land,28.503893214682982,908.4538375973304,30.25583982202447,2783.1,810.3,750.3,750.7,740.8,174.1,171.1,175.6,175.8,3.92,79.0,1.826,2785.2,809.1,748.1,751.1,741.1,174.2,171.6,175.1,176.1,3.95,78.0,1.812,9.1,1.122,1,injector_clog,1,0.27,46.4,167024.9
328.5,descend_land,28.492769744160178,905.7285873192436,30.239154616240267,2787.9,809.4,748.4,752.8,741.7,174.1,171.6,174.8,176.0,3.98,78.3,1.836,2785.0,809.1,748.1,751.1,741.1,174.2,171.6,175.1,176.1,3.95,78.0,1.812,9.1,1.122,1,injector_clog,1,0.27,46.37,166924.0
328.6,descend_land,28.481646273637374,903.003337041157,30.222469410456064,2780.5,807.4,752.4,751.4,741.0,174.2,171.6,174.5,176.5,3.98,78.1,1.804,2784.8,809.1,748.1,751.1,741.1,174.2,171.6,175.1,176.1,3.95,78.0,1.812,9.1,1.122,1,injector_clog,1,0.27,46.34,166823.1
328.7,descend_land,28.47052280311457,900.2780867630702,30.205784204671858,2783.6,808.7,749.1,754.1,741.4,174.6,171.8,174.0,176.6,3.97,78.1,1.801,2784.6,809.0,748.0,751.0,741.0,174.2,171.6,175.1,176.1,3.95,78.0,1.812,9.1,1.123,1,injector_clog,1,0.27,46.31,166722.2
328.8,descend_land,28.45939933259177,897.5528364849833,30.18909899888765,2782.3,808.5,748.5,752.2,740.6,174.4,171.3,175.2,175.9,3.93,78.8,1.813,2784.4,809.0,748.0,751.0,741.0,174.2,171.6,175.1,176.1,3.95,78.0,1.812,9.2,1.123,1,injector_clog,1,0.27,46.28,166621.3
328.9,descend_land,28.448275862068964,894.8275862068967,30.17241379310345,2784.7,809.3,748.8,750.3,743.1,175.1,171.0,175.6,176.1,3.97,77.7,1.817,2784.2,809.0,748.0,751.0,741.0,174.1,171.6,175.1,176.1,3.95,78.0,1.811,9.2,1.123,1,injector_clog,1,0.27,46.26,166520.4
329.0,descend_land,28.437152391546164,892.1023359288099,30.155728587319246,2787.2,807.8,746.2,751.7,739.8,174.1,171.9,174.6,175.8,3.93,77.8,1.836,2784.0,809.0,748.0,751.0,741.0,174.1,171.6,175.1,176.1,3.95,78.0,1.811,9.2,1.123,1,injector_clog,1,0.27,46.23,166419.5
329.1,descend_land,28.42602892102336,889.3770856507231,30.13904338153504,2781.1,807.3,748.1,750.6,739.2,174.8,171.2,175.3,176.2,3.93,77.9,1.794,2783.8,808.9,747.9,750.9,740.9,174.1,171.6,175.1,176.1,3.95,78.0,1.811,9.2,1.124,1,injector_clog,1,0.27,46.2,166318.6
329.2,descend_land,28.414905450500555,886.6518353726365,30.122358175750833,2783.9,808.2,750.4,749.4,741.4,174.4,171.3,175.7,176.5,4.0,78.4,1.797,2783.6,808.9,747.9,750.9,740.9,174.1,171.6,175.1,176.1,3.95,78.0,1.811,9.2,1.124,1,injector_clog,1,0.27,46.17,166217.7
329.3,descend_land,28.40378197997775,883.9265850945496,30.10567296996663,2782.0,807.1,750.2,752.2,741.0,174.3,171.9,175.7,176.6,3.93,77.8,1.83,2783.4,808.9,747.9,750.9,740.9,174.1,171.6,175.1,176.1,3.95,78.0,1.811,9.3,1.124,1,injector_clog,1,0.27,46.14,166116.8
329.4,descend_land,28.39265850945495,881.2013348164628,30.088987764182427,2782.3,808.8,746.5,748.2,740.1,173.4,171.3,174.7,176.9,3.94,78.0,1.829,2783.3,808.8,747.8,750.8,740.8,174.1,171.6,175.1,176.1,3.95,78.0,1.811,9.3,1.125,1,injector_clog,1,0.27,46.12,166015.9
329.5,descend_land,28.381535038932146,878.476084538376,30.07230255839822,2782.0,810.7,748.2,750.4,741.9,173.8,172.3,174.8,174.7,3.92,78.5,1.823,2783.1,808.8,747.8,750.8,740.8,174.1,171.6,175.1,176.1,3.95,78.0,1.81,9.3,1.125,1,injector_clog,1,0.27,46.09,165915.0
329.6,descend_land,28.370411568409345,875.7508342602894,30.055617352614014,2780.8,806.5,747.4,750.8,740.8,174.5,171.6,174.5,176.5,3.94,78.7,1.816,2782.9,808.8,747.8,750.8,740.8,174.1,171.6,175.1,176.1,3.95,78.0,1.81,9.3,1.125,1,injector_clog,1,0.27,46.06,165814.1
329.7,descend_land,28.35928809788654,873.0255839822025,30.03893214682981,2785.1,807.6,745.6,749.7,739.3,173.8,171.5,174.8,176.8,3.98,78.4,1.824,2782.7,808.7,747.7,750.7,740.7,174.1,171.5,175.0,176.0,3.95,78.0,1.81,9.3,1.126,1,injector_clog,1,0.27,46.03,165713.2
329.8,descend_land,28.348164627363737,870.3003337041157,30.02224694104561,2787.4,807.5,744.8,753.3,740.1,175.3,171.4,176.2,176.0,3.89,78.4,1.785,2782.5,808.7,747.7,750.7,740.7,174.1,171.5,175.0,176.0,3.95,78.0,1.81,9.3,1.126,1,injector_clog,1,0.27,46.0,165612.3
329.9,descend_land,28.337041156840932,867.5750834260291,30.005561735261402,2786.1,807.5,748.9,750.7,742.1,174.1,171.7,175.2,175.9,3.96,78.0,1.835,2782.3,808.7,747.7,750.7,740.7,174.1,171.5,175.0,176.0,3.95,78.0,1.81,9.4,1.126,1,injector_clog,1,0.27,45.98,165511.4
330.0,descend_land,28.32591768631813,864.8498331479423,29.988876529477196,2785.1,808.7,749.1,752.0,740.4,174.4,171.8,174.6,174.7,3.93,77.7,1.83,2782.1,808.7,747.7,750.7,740.7,174.1,171.5,175.0,176.0,3.95,78.0,1.81,9.4,1.126,1,injector_clog,1,0.27,45.95,165410.5
330.1,descend_land,28.314794215795327,862.1245828698554,29.972191323692993,2782.2,807.4,751.3,748.4,736.6,174.5,171.6,175.5,175.8,3.98,77.2,1.783,2781.9,808.6,747.6,750.6,740.6,174.1,171.5,175.0,176.0,3.95,78.0,1.809,9.4,1.127,1,injector_clog,1,0.27,45.92,165309.6
330.2,descend_land,28.303670745272527,859.3993325917688,29.95550611790879,2774.9,811.3,747.2,749.0,738.9,174.5,171.5,173.3,176.3,3.91,77.9,1.821,2781.7,808.6,747.6,750.6,740.6,174.1,171.5,175.0,176.0,3.95,78.0,1.809,9.4,1.127,1,injector_clog,1,0.27,45.89,165208.7
330.3,descend_land,28.292547274749722,856.674082313682,29.938820912124584,2780.6,807.8,748.0,749.4,744.4,173.9,171.6,175.1,175.7,3.96,78.4,1.878,2781.5,808.6,747.6,750.6,740.6,174.1,171.5,175.0,176.0,3.95,78.0,1.809,9.4,1.127,1,injector_clog,1,0.27,45.86,165107.8
330.4,descend_land,28.281423804226918,853.9488320355952,29.922135706340377,2774.7,808.6,750.6,751.9,741.7,174.0,170.9,175.2,176.3,3.94,78.0,1.798,2781.3,808.5,747.5,750.5,740.5,174.0,171.5,175.0,176.0,3.95,78.0,1.809,9.4,1.128,1,injector_clog,1,0.27,45.84,165006.9
330.5,descend_land,28.270300333704114,851.2235817575086,29.905450500556174,2778.5,808.6,746.9,752.7,740.9,174.2,170.9,175.7,176.2,3.94,78.6,1.801,2781.1,808.5,747.5,750.5,740.5,174.0,171.5,175.0,176.0,3.95,78.0,1.809,9.5,1.128,1,injector_clog,1,0.27,45.81,164906.0
330.6,descend_land,28.259176863181313,848.4983314794217,29.88876529477197,2777.8,809.1,745.8,749.6,738.6,173.9,171.8,175.0,175.4,3.95,79.2,1.813,2780.9,808.5,747.5,750.5,740.5,174.0,171.5,175.0,176.0,3.95,78.0,1.809,9.5,1.128,1,injector_clog,1,0.27,45.78,164805.1
330.7,descend_land,28.24805339265851,845.7730812013349,29.872080088987765,2788.2,807.8,747.1,752.7,740.7,174.4,171.2,175.1,175.6,3.96,77.1,1.785,2780.7,808.4,747.4,750.4,740.4,174.0,171.5,175.0,176.0,3.95,78.0,1.808,9.5,1.129,1,injector_clog,1,0.27,45.75,164704.2
330.8,descend_land,28.236929922135708,843.0478309232481,29.85539488320356,2777.5,805.7,747.9,750.7,739.4,173.7,171.1,175.7,175.8,3.96,78.4,1.765,2780.5,808.4,747.4,750.4,740.4,174.0,171.5,175.0,176.0,3.95,78.0,1.808,9.5,1.129,1,injector_clog,1,0.27,45.72,164603.3
330.9,descend_land,28.225806451612904,840.3225806451615,29.838709677419356,2773.3,809.3,747.7,751.9,739.5,174.0,172.6,175.0,175.5,3.94,78.1,1.772,2780.3,808.4,747.4,750.4,740.4,174.0,171.5,175.0,176.0,3.95,78.0,1.808,9.5,1.129,1,injector_clog,1,0.27,45.7,164502.4
331.0,descend_land,28.2146829810901,837.5973303670746,29.822024471635153,2783.3,805.0,748.5,750.6,740.9,173.3,171.6,176.2,175.7,3.95,77.2,1.824,2780.1,808.4,747.4,750.4,740.4,174.0,171.5,175.0,176.0,3.95,78.0,1.808,9.6,1.129,1,injector_clog,1,0.27,45.67,164401.5
331.1,descend_land,28.203559510567295,834.8720800889878,29.805339265850947,2779.1,808.4,745.7,751.0,739.5,173.6,170.6,175.5,176.6,3.97,78.8,1.811,2779.9,808.3,747.3,750.3,740.3,174.0,171.5,175.0,176.0,3.95,78.0,1.808,9.6,1.13,1,injector_clog,1,0.27,45.64,164300.6
331.2,descend_land,28.192436040044495,832.1468298109012,29.78865406006674,2785.3,804.7,747.6,751.4,740.5,174.3,171.5,174.5,176.9,3.94,77.1,1.763,2779.7,808.3,747.3,750.3,740.3,174.0,171.4,174.9,175.9,3.95,78.0,1.808,9.6,1.13,1,injector_clog,1,0.27,45.61,164199.7
331.3,descend_land,28.18131256952169,829.4215795328143,29.771968854282534,2785.2,808.7,746.0,751.6,740.9,174.2,170.7,175.1,176.3,3.94,77.9,1.839,2779.5,808.3,747.3,750.3,740.3,174.0,171.4,174.9,175.9,3.95,78.0,1.807,9.6,1.13,1,injector_clog,1,0.27,45.58,164098.8
331.4,descend_land,28.170189098998886,826.6963292547275,29.75528364849833,2785.9,809.2,747.8,750.0,738.5,173.4,172.2,175.1,176.4,3.95,78.4,1.834,2779.3,808.2,747.2,750.2,740.2,174.0,171.4,174.9,175.9,3.95,78.0,1.807,9.6,1.131,1,injector_clog,1,0.27,45.55,163997.9
331.5,descend_land,28.159065628476085,823.9710789766409,29.738598442714128,2778.2,809.2,747.3,751.5,738.5,173.3,171.7,174.8,176.0,3.96,78.0,1.799,2779.1,808.2,747.2,750.2,740.2,174.0,171.4,174.9,175.9,3.95,78.0,1.807,9.6,1.131,1,injector_clog,1,0.27,45.53,163897.0
331.6,descend_land,28.14794215795328,821.2458286985541,29.72191323692992,2766.5,809.0,747.6,752.5,740.3,173.0,171.0,174.8,175.7,3.95,77.9,1.815,2778.9,808.2,747.2,750.2,740.2,174.0,171.4,174.9,175.9,3.95,78.0,1.807,9.7,1.131,1,injector_clog,1,0.27,45.5,163796.1
331.7,descend_land,28.136818687430477,818.5205784204672,29.705228031145715,2798.4,809.2,748.2,749.1,738.2,174.0,170.7,174.3,175.4,3.96,78.5,1.863,2778.7,808.2,747.2,750.2,740.2,174.0,171.4,174.9,175.9,3.95,78.0,1.807,9.7,1.132,1,injector_clog,1,0.27,45.47,163695.2
331.8,descend_land,28.125695216907676,815.7953281423806,29.688542825361512,2780.1,809.8,748.2,749.6,737.8,173.8,171.4,174.7,175.5,3.96,77.3,1.838,2778.5,808.1,747.1,750.1,740.1,174.0,171.4,174.9,175.9,3.95,78.0,1.807,9.7,1.132,1,injector_clog,1,0.27,45.44,163594.3
331.9,descend_land,28.114571746384872,813.0700778642938,29.67185761957731,2781.3,808.4,747.6,751.3,741.1,173.0,172.5,174.7,175.7,3.94,78.1,1.838,2778.3,808.1,747.1,750.1,740.1,174.0,171.4,174.9,175.9,3.95,78.0,1.806,9.7,1.132,1,injector_clog,1,0.27,45.41,163493.4
332.0,descend_land,28.103448275862068,810.344827586207,29.655172413793103,2783.0,805.8,745.8,751.3,742.6,173.1,171.6,176.1,176.4,3.93,77.8,1.819,2778.1,808.1,747.1,750.1,740.1,173.9,171.4,174.9,175.9,3.95,78.0,1.806,9.7,1.133,1,injector_clog,1,0.27,45.39,163392.5
332.1,descend_land,28.092324805339267,807.6195773081201,29.638487208008897,2779.0,807.1,747.1,750.4,738.0,175.4,171.4,174.4,175.0,3.98,78.3,1.82,2777.9,808.0,747.0,750.0,740.0,173.9,171.4,174.9,175.9,3.95,78.0,1.806,9.8,1.133,1,injector_clog,1,0.27,45.36,163291.6
332.2,descend_land,28.081201334816463,804.8943270300335,29.621802002224694,2773.4,809.2,744.6,749.3,740.1,175.0,171.8,174.1,175.7,3.96,77.9,1.786,2777.7,808.0,747.0,750.0,740.0,173.9,171.4,174.9,175.9,3.95,78.0,1.806,9.8,1.133,1,injector_clog,1,0.27,45.33,163190.7
332.3,descend_land,28.07007786429366,802.1690767519467,29.60511679644049,2782.9,807.7,745.0,748.5,740.2,173.9,172.8,175.1,175.0,3.95,79.2,1.804,2777.5,808.0,747.0,750.0,740.0,173.9,171.4,174.9,175.9,3.95,78.0,1.806,9.8,1.133,1,injector_clog,1,0.27,45.3,163089.8
332.4,descend_land,28.058954393770854,799.4438264738599,29.588431590656285,2773.8,807.9,747.6,751.8,739.8,174.4,170.8,174.1,175.9,3.92,78.6,1.849,2777.3,807.9,746.9,749.9,739.9,173.9,171.4,174.9,175.9,3.95,78.0,1.806,9.8,1.134,1,injector_clog,1,0.27,45.27,162988.9
332.5,descend_land,28.047830923248053,796.7185761957733,29.57174638487208,2776.1,809.4,745.7,749.9,739.4,173.9,171.9,176.5,176.0,3.91,78.4,1.868,2777.1,807.9,746.9,749.9,739.9,173.9,171.4,174.9,175.9,3.95,78.0,1.805,9.8,1.134,1,injector_clog,1,0.27,45.25,162888.0
332.6,descend_land,28.03670745272525,793.9933259176864,29.555061179087875,2773.7,808.0,748.1,748.6,738.2,173.7,170.2,175.5,175.6,3.93,78.0,1.816,2776.9,807.9,746.9,749.9,739.9,173.9,171.4,174.9,175.9,3.95,78.0,1.805,9.8,1.134,1,injector_clog,1,0.27,45.22,162787.1
332.7,descend_land,28.02558398220245,791.2680756395996,29.538375973303673,2773.7,806.2,745.2,748.4,737.1,173.8,170.8,174.9,176.7,3.99,77.3,1.788,2776.7,807.9,746.9,749.9,739.9,173.9,171.4,174.9,175.9,3.95,78.0,1.805,9.9,1.135,1,injector_clog,1,0.27,45.19,162686.2
332.8,descend_land,28.014460511679644,788.542825361513,29.521690767519466,2781.5,807.7,749.2,750.2,741.7,173.6,171.6,174.4,175.8,3.96,77.7,1.814,2776.5,807.8,746.8,749.8,739.8,173.9,171.3,174.8,175.8,3.95,78.0,1.805,9.9,1.135,1,injector_clog,1,0.27,45.16,162585.3
332.9,descend_land,28.00333704115684,785.8175750834262,29.50500556173526,2773.4,806.4,745.8,748.5,738.2,174.2,171.5,174.7,177.2,3.93,79.3,1.833,2776.3,807.8,746.8,749.8,739.8,173.9,171.3,174.8,175.8,3.95,78.0,1.805,9.9,1.135,1,injector_clog,1,0.27,45.13,162484.4
333.0,descend_land,27.992213570634036,783.0923248053393,29.488320355951057,2784.4,809.9,747.1,748.9,740.3,173.5,170.9,175.1,175.1,3.91,77.5,1.86,2776.1,807.8,746.8,749.8,739.8,173.9,171.3,174.8,175.8,3.95,78.0,1.805,9.9,1.136,1,injector_clog,1,0.27,45.11,162383.5
333.1,descend_land,27.981090100111235,780.3670745272525,29.471635150166854,2783.8,804.7,746.9,748.9,735.6,174.7,171.0,174.9,175.4,3.95,78.1,1.831,2775.9,807.7,746.7,749.7,739.7,173.9,171.3,174.8,175.8,3.95,78.0,1.804,9.9,1.136,1,injector_clog,1,0.27,45.08,162282.6
333.2,descend_land,27.96996662958843,777.6418242491659,29.454949944382648,2776.3,809.7,745.9,749.5,738.4,173.1,171.4,174.8,176.8,3.93,78.2,1.826,2775.7,807.7,746.7,749.7,739.7,173.9,171.3,174.8,175.8,3.95,78.0,1.804,9.9,1.136,1,injector_clog,1,0.27,45.05,162181.7
333.3,descend_land,27.95884315906563,774.9165739710791,29.43826473859844,2779.4,807.0,747.0,748.3,740.9,173.8,170.7,174.2,176.4,3.92,78.2,1.766,2775.5,807.7,746.7,749.7,739.7,173.9,171.3,174.8,175.8,3.95,78.0,1.804,10.0,1.136,1,injector_clog,1,0.27,45.02,162080.8
333.4,descend_land,27.947719688542826,772.1913236929922,29.42157953281424,2770.2,809.0,747.3,751.1,741.3,175.1,171.5,175.2,175.1,3.97,78.1,1.782,2775.3,807.6,746.6,749.6,739.6,173.9,171.3,174.8,175.8,3.95,78.0,1.804,10.0,1.137,1,injector_clog,1,0.27,44.99,161979.9
333.5,descend_land,27.93659621802002,769.4660734149056,29.404894327030036,2778.0,806.4,746.2,748.9,738.7,173.7,172.0,173.9,175.8,3.98,79.3,1.749,2775.1,807.6,746.6,749.6,739.6,173.9,171.3,174.8,175.8,3.95,78.0,1.804,10.0,1.137,1,injector_clog,1,0.27,44.97,161879.0
333.6,descend_land,27.925472747497217,766.7408231368188,29.38820912124583,2779.5,809.5,748.0,751.1,738.7,174.1,172.5,174.6,175.2,3.95,77.7,1.791,2774.9,807.6,746.6,749.6,739.6,173.8,171.3,174.8,175.8,3.95,78.0,1.804,10.0,1.137,1,injector_clog,1,0.27,44.94,161778.1
333.7,descend_land,27.914349276974416,764.015572858732,29.371523915461623,2777.1,806.0,744.0,750.2,741.2,172.4,172.1,174.5,175.6,3.97,77.3,1.833,2774.7,807.6,746.6,749.6,739.6,173.8,171.3,174.8,175.8,3.94,78.0,1.803,10.0,1.138,1,injector_clog,1,0.27,44.91,161677.2
333.8,descend_land,27.903225806451612,761.2903225806454,29.35483870967742,2766.8,807.5,748.0,750.8,739.2,173.2,171.5,174.1,174.7,3.93,78.3,1.757,2774.5,807.5,746.5,749.5,739.5,173.8,171.3,174.8,175.8,3.94,78.0,1.803,10.1,1.138,1,injector_clog,1,0.27,44.88,161576.3
333.9,descend_land,27.89210233592881,758.5650723025585,29.338153503893217,2779.7,806.8,745.5,748.7,739.6,173.1,171.5,175.3,175.5,3.92,78.2,1.824,2774.3,807.5,746.5,749.5,739.5,173.8,171.3,174.8,175.8,3.94,78.0,1.803,10.1,1.138,1,injector_clog,1,0.27,44.85,161475.4
334.0,descend_land,27.880978865406007,755.8398220244717,29.32146829810901,2776.4,808.5,745.3,751.0,739.2,173.0,170.6,175.9,176.1,3.91,77.8,1.801,2774.1,807.5,746.5,749.5,739.5,173.8,171.3,174.8,175.8,3.94,78.0,1.803,10.1,1.139,1,injector_clog,1,0.27,44.83,161374.5
334.1,descend_land,27.869855394883203,753.1145717463851,29.304783092324804,2785.7,806.5,743.8,750.0,738.2,173.4,171.1,174.9,176.6,3.94,78.2,1.806,2773.9,807.4,746.4,749.4,739.4,173.8,171.3,174.8,175.8,3.94,78.0,1.803,10.1,1.139,1,injector_clog,1,0.27,44.8,161273.6
334.2,descend_land,27.8587319243604,750.3893214682982,29.2880978865406,2780.6,808.6,745.0,748.7,738.4,174.8,170.0,175.5,176.3,3.92,78.0,1.829,2773.7,807.4,746.4,749.4,739.4,173.8,171.3,174.8,175.8,3.94,78.0,1.802,10.1,1.139,1,injector_clog,1,0.27,44.77,161172.7
334.3,descend_land,27.847608453837598,747.6640711902114,29.2714126807564,2778.7,808.1,744.6,749.0,740.2,173.9,170.3,175.1,176.0,3.94,77.8,1.753,2773.5,807.4,746.4,749.4,739.4,173.8,171.3,174.8,175.8,3.94,78.0,1.802,10.1,1.139,1,injector_clog,1,0.27,44.74,161071.8
334.4,descend_land,27.836484983314794,744.9388209121246,29.254727474972192,2771.4,806.6,744.4,747.6,739.4,173.5,171.2,173.9,175.7,3.92,77.5,1.802,2773.3,807.4,746.4,749.4,739.4,173.8,171.2,174.7,175.7,3.94,78.0,1.802,10.2,1.14,1,injector_clog,1,0.27,44.71,160970.9
334.5,descend_land,27.825361512791993,742.213570634038,29.238042269187986,2779.6,806.7,746.1,750.2,740.8,175.0,171.3,175.0,176.3,3.91,77.9,1.814,2773.1,807.3,746.3,749.3,739.3,173.8,171.2,174.7,175.7,3.94,78.0,1.802,10.2,1.14,1,injector_clog,1,0.27,44.69,160870.0
334.6,descend_land,27.81423804226919,739.4883203559511,29.221357063403783,2767.6,806.5,747.3,752.4,736.9,174.5,171.5,175.1,175.2,3.99,77.5,1.769,2772.9,807.3,746.3,749.3,739.3,173.8,171.2,174.7,175.7,3.94,78.0,1.802,10.2,1.14,1,injector_clog,1,0.27,44.66,160769.1
334.7,descend_land,27.803114571746384,736.7630700778643,29.20467185761958,2771.4,805.8,746.8,750.8,739.7,174.2,171.8,174.7,175.8,3.92,77.8,1.809,2772.7,807.3,746.3,749.3,739.3,173.8,171.2,174.7,175.7,3.94,78.0,1.802,10.2,1.141,1,injector_clog,1,0.27,44.63,160668.2
334.8,descend_land,27.79199110122358,734.0378197997777,29.187986651835374,2771.6,806.3,746.6,748.7,738.9,173.4,170.9,174.8,175.1,3.91,78.4,1.816,2772.5,807.2,746.2,749.2,739.2,173.8,171.2,174.7,175.7,3.94,78.0,1.801,10.2,1.141,1,injector_clog,1,0.27,44.6,160567.3
334.9,descend_land,27.78086763070078,731.3125695216909,29.171301446051167,2770.3,806.1,749.2,750.4,739.9,174.0,170.9,174.2,175.5,3.92,78.5,1.804,2772.3,807.2,746.2,749.2,739.2,173.8,171.2,174.7,175.7,3.94,78.0,1.801,10.2,1.141,1,injector_clog,1,0.27,44.57,160466.4
335.0,descend_land,27.769744160177975,728.587319243604,29.15461624026696,2775.8,805.8,748.2,746.4,737.5,174.2,170.6,175.6,175.2,3.97,77.9,1.82,2772.1,807.2,746.2,749.2,739.2,173.8,171.2,174.7,175.7,3.94,78.0,1.801,10.3,1.142,1,injector_clog,1,0.27,44.55,160365.5
335.1,descend_land,27.758620689655174,725.8620689655174,29.137931034482758,2780.2,808.7,749.0,748.4,737.9,173.5,171.4,174.6,175.8,3.9,77.9,1.811,2771.9,807.1,746.1,749.1,739.1,173.8,171.2,174.7,175.7,3.94,78.0,1.801,10.3,1.142,1,injector_clog,1,0.27,44.52,160264.6
335.2,descend_land,27.74749721913237,723.1368186874306,29.121245828698555,2768.6,808.4,746.4,747.2,739.6,174.0,171.9,174.7,175.5,3.94,78.3,1.871,2771.7,807.1,746.1,749.1,739.1,173.7,171.2,174.7,175.7,3.94,78.0,1.801,10.3,1.142,1,injector_clog,1,0.27,44.49,160163.7
335.3,descend_land,27.736373748609566,720.4115684093438,29.10456062291435,2768.8,807.8,744.7,749.1,738.0,174.3,172.2,175.4,176.1,3.94,77.7,1.805,2771.5,807.1,746.1,749.1,739.1,173.7,171.2,174.7,175.7,3.94,78.0,1.801,10.3,1.143,1,injector_clog,1,0.27,44.46,160062.8
335.4,descend_land,27.72525027808676,717.6863181312572,29.087875417130142,2773.6,803.0,748.5,748.7,740.3,174.0,171.6,174.3,175.7,3.95,78.3,1.856,2771.3,807.1,746.1,749.1,739.1,173.7,171.2,174.7,175.7,3.94,78.0,1.8,10.3,1.143,1,injector_clog,1,0.27,44.43,159961.9
335.5,descend_land,27.71412680756396,714.9610678531703,29.07119021134594,2776.8,807.2,745.8,748.9,740.0,173.2,172.0,174.2,175.4,4.0,77.4,1.723,2771.1,807.0,746.0,749.0,739.0,173.7,171.2,174.7,175.7,3.94,78.0,1.8,10.4,1.143,1,injector_clog,1,0.27,44.41,159861.0
335.6,descend_land,27.703003337041157,712.2358175750835,29.054505005561737,2774.3,805.1,744.9,752.7,737.4,173.4,171.2,174.1,175.3,3.96,78.0,1.838,2770.9,807.0,746.0,749.0,739.0,173.7,171.2,174.7,175.7,3.94,78.0,1.8,10.4,1.143,1,injector_clog,1,0.27,44.38,159760.1
335.7,descend_land,27.691879866518352,709.5105672969967,29.03781979977753,2773.0,807.2,747.0,750.2,739.8,173.8,172.3,174.8,175.6,3.97,78.0,1.812,2770.7,807.0,746.0,749.0,739.0,173.7,171.2,174.7,175.7,3.94,78.0,1.8,10.4,1.144,1,injector_clog,1,0.27,44.35,159659.2
335.8,descend_land,27.68075639599555,706.7853170189101,29.021134593993324,2775.0,804.1,746.0,748.1,736.3,173.6,171.4,175.2,175.3,3.95,77.6,1.854,2770.5,806.9,745.9,748.9,738.9,173.7,171.2,174.7,175.7,3.94,78.0,1.8,10.4,1.144,1,injector_clog,1,0.27,44.32,159558.3
335.9,descend_land,27.669632925472747,704.0600667408232,29.00444938820912,2773.8,806.1,743.8,749.1,735.6,173.6,172.1,174.8,175.6,3.91,78.1,1.748,2770.3,806.9,745.9,748.9,738.9,173.7,171.2,174.7,175.7,3.94,78.0,1.799,10.4,1.144,1,injector_clog,1,0.27,44.29,159457.4
336.0,descend_land,27.658509454949943,701.3348164627364,28.987764182424918,2765.0,805.0,746.8,747.5,738.6,173.5,170.7,175.5,176.0,3.9,78.0,1.755,2770.0,806.9,745.9,748.9,738.9,173.7,171.1,174.6,175.6,3.94,78.0,1.799,10.4,1.145,1,injector_clog,1,0.27,44.27,159356.5
336.1,descend_land,27.647385984427142,698.6095661846498,28.97107897664071,2771.7,804.5,746.7,748.5,737.1,174.3,172.0,174.7,176.0,3.94,77.9,1.789,2769.8,806.8,745.8,748.8,738.8,173.7,171.1,174.6,175.6,3.94,78.0,1.799,10.5,1.145,1,injector_clog,1,0.27,44.24,159255.6
336.2,descend_land,27.636262513904338,695.884315906563,28.954393770856505,2763.4,810.7,746.7,748.8,741.1,173.1,170.6,174.5,174.5,3.92,77.7,1.794,2769.6,806.8,745.8,748.8,738.8,173.7,171.1,174.6,175.6,3.94,78.0,1.799,10.5,1.145,1,injector_clog,1,0.27,44.21,159154.7
336.3,descend_land,27.625139043381534,693.1590656284761,28.937708565072302,2779.1,807.1,747.5,750.6,740.7,173.9,171.5,174.8,176.3,3.96,78.1,1.671,2769.4,806.8,745.8,748.8,738.8,173.7,171.1,174.6,175.6,3.94,78.0,1.799,10.5,1.146,1,injector_clog,1,0.27,44.18,159053.8
336.4,descend_land,27.614015572858733,690.4338153503895,28.9210233592881,2751.4,809.4,742.9,749.3,739.7,173.5,171.7,174.5,175.6,3.89,77.8,1.786,2769.2,806.8,745.8,748.8,738.8,173.7,171.1,174.6,175.6,3.94,78.0,1.799,10.5,1.146,1,injector_clog,1,0.27,44.15,158952.9
336.5,descend_land,27.60289210233593,687.7085650723027,28.904338153503893,2767.2,810.1,744.4,750.4,737.5,173.9,171.3,174.6,175.6,3.93,78.4,1.83,2769.0,806.7,745.7,748.7,738.7,173.7,171.1,174.6,175.6,3.94,78.0,1.798,10.5,1.146,1,injector_clog,1,0.27,44.13,158852.0
336.6,descend_land,27.591768631813125,684.9833147942159,28.887652947719687,2771.1,804.0,746.5,748.8,738.9,173.2,171.2,174.0,176.3,3.95,78.7,1.751,2768.8,806.7,745.7,748.7,738.7,173.7,171.1,174.6,175.6,3.94,78.0,1.798,10.5,1.146,1,injector_clog,1,0.27,44.1,158751.1
336.7,descend_land,27.58064516129032,682.2580645161293,28.870967741935484,2780.7,806.5,743.5,749.2,737.4,173.4,170.0,174.8,176.2,3.95,77.3,1.823,2768.6,806.7,745.7,748.7,738.7,173.7,171.1,174.6,175.6,3.94,78.0,1.798,10.6,1.147,1,injector_clog,1,0.27,44.07,158650.2
336.8,descend_land,27.56952169076752,679.5328142380424,28.85428253615128,2767.1,805.5,748.6,749.1,739.0,174.5,170.7,174.2,174.9,3.9,77.8,1.83,2768.4,806.6,745.6,748.6,738.6,173.6,171.1,174.6,175.6,3.94,78.0,1.798,10.6,1.147,1,injector_clog,1,0.27,44.04,158549.3
336.9,descend_land,27.558398220244715,676.8075639599556,28.837597330367075,2766.9,806.2,744.5,751.2,739.9,173.9,170.7,174.5,176.1,3.91,78.0,1.771,2768.2,806.6,745.6,748.6,738.6,173.6,171.1,174.6,175.6,3.94,78.0,1.798,10.6,1.147,1,injector_clog,1,0.27,44.01,158448.4
337.0,descend_land,27.547274749721915,674.0823136818688,28.82091212458287,2768.2,806.9,743.2,748.7,735.4,174.6,170.5,175.1,175.0,3.98,78.1,1.795,2768.0,806.6,745.6,748.6,738.6,173.6,171.1,174.6,175.6,3.94,78.0,1.798,10.6,1.148,1,injector_clog,1,0.27,43.99,158347.5
337.1,descend_land,27.53615127919911,671.3570634037821,28.804226918798665,2763.2,806.7,744.8,747.1,741.5,173.6,170.9,174.8,174.5,3.95,77.8,1.837,2767.8,806.5,745.5,748.5,738.5,173.6,171.1,174.6,175.6,3.94,78.0,1.797,10.6,1.148,1,injector_clog,1,0.27,43.96,158246.6
337.2,descend_land,27.525027808676306,668.6318131256953,28.787541713014463,2768.8,804.4,746.5,748.3,738.6,174.6,171.9,173.9,175.2,3.94,78.6,1.743,2767.6,806.5,745.5,748.5,738.5,173.6,171.1,174.6,175.6,3.94,78.0,1.797,10.7,1.148,1,injector_clog,1,0.27,43.93,158145.7
337.3,descend_land,27.513904338153502,665.9065628476085,28.770856507230256,2765.5,805.9,746.5,745.9,739.1,173.0,170.4,175.0,174.7,3.94,77.8,1.768,2767.4,806.5,745.5,748.5,738.5,173.6,171.1,174.6,175.6,3.94,78.0,1.797,10.7,1.149,1,injector_clog,1,0.27,43.9,158044.8
337.4,descend_land,27.5027808676307,663.1813125695219,28.75417130144605,2761.3,804.0,745.3,745.6,736.0,172.7,170.5,174.8,176.6,3.88,77.5,1.843,2767.2,806.5,745.5,748.5,738.5,173.6,171.1,174.6,175.6,3.94,78.0,1.797,10.7,1.149,1,injector_clog,1,0.27,43.87,157943.9
337.5,descend_land,27.491657397107897,660.456062291435,28.737486095661847,2761.9,804.8,746.2,747.7,739.0,173.5,171.0,174.5,176.3,3.96,78.0,1.742,2767.0,806.4,745.4,748.4,738.4,173.6,171.1,174.6,175.6,3.94,78.0,1.797,10.7,1.149,1,injector_clog,1,0.27,43.85,157843.0
337.6,descend_land,27.480533926585096,657.7308120133482,28.720800889877644,2760.1,806.5,747.6,748.1,737.1,174.0,172.3,173.9,174.9,3.98,78.4,1.798,2766.7,806.4,745.4,748.4,738.4,173.6,171.1,174.6,175.6,3.94,78.0,1.796,10.7,1.15,1,injector_clog,1,0.27,43.82,157742.1
337.7,descend_land,27.469410456062292,655.0055617352616,28.704115684093438,2770.2,806.8,743.6,747.9,738.8,173.6,171.8,174.9,175.5,3.93,77.4,1.851,2766.5,806.4,745.4,748.4,738.4,173.6,171.0,174.5,175.5,3.94,78.0,1.796,10.7,1.15,1,injector_clog,1,0.27,43.79,157641.2
337.8,descend_land,27.458286985539488,652.2803114571748,28.68743047830923,2764.6,806.8,747.1,745.6,737.8,174.4,170.6,175.1,175.9,3.93,77.6,1.77,2766.3,806.3,745.3,748.3,738.3,173.6,171.0,174.5,175.5,3.94,78.0,1.796,10.8,1.15,1,injector_clog,1,0.27,43.76,157540.3
337.9,descend_land,27.447163515016683,649.5550611790879,28.67074527252503,2760.5,805.8,748.2,748.5,736.9,173.1,171.2,174.5,177.3,3.97,77.4,1.753,2766.1,806.3,745.3,748.3,738.3,173.6,171.0,174.5,175.5,3.94,78.0,1.796,10.8,1.15,1,injector_clog,1,0.27,43.73,157439.4
338.0,descend_land,27.436040044493883,646.8298109010013,28.654060066740826,2754.3,807.3,742.9,751.7,739.7,174.0,171.0,174.6,175.3,3.89,78.0,1.812,2765.9,806.3,745.3,748.3,738.3,173.6,171.0,174.5,175.5,3.94,78.0,1.796,10.8,1.151,1,injector_clog,1,0.27,43.71,157338.5
338.1,descend_land,27.42491657397108,644.1045606229145,28.63737486095662,2766.0,807.7,746.0,746.7,737.0,172.6,170.3,173.1,175.3,3.94,77.9,1.821,2765.7,806.3,745.3,748.3,738.3,173.6,171.0,174.5,175.5,3.94,78.0,1.796,10.8,1.151,1,injector_clog,1,0.27,43.68,157237.6
338.2,descend_land,27.413793103448278,641.3793103448277,28.620689655172413,2766.3,806.8,742.3,749.8,740.9,174.0,171.3,174.4,177.0,3.96,77.5,1.773,2765.5,806.2,745.2,748.2,738.2,173.6,171.0,174.5,175.5,3.94,78.0,1.795,10.8,1.151,1,injector_clog,1,0.27,43.65,157136.7
338.3,descend_land,27.402669632925473,638.6540600667408,28.60400444938821,2769.3,806.3,744.8,747.2,736.1,172.7,171.0,173.4,174.5,3.99,78.0,1.803,2765.3,806.2,745.2,748.2,738.2,173.6,171.0,174.5,175.5,3.94,78.0,1.795,10.8,1.152,1,injector_clog,1,0.27,43.62,157035.8
338.4,descend_land,27.39154616240267,635.9288097886542,28.587319243604007,2767.1,807.2,743.6,748.0,741.7,172.6,171.8,174.5,175.2,3.95,78.1,1.781,2765.1,806.2,745.2,748.2,738.2,173.6,171.0,174.5,175.5,3.94,78.0,1.795,10.9,1.152,1,injector_clog,1,0.27,43.59,156934.9
338.5,descend_land,27.380422691879865,633.2035595105674,28.5706340378198,2760.8,804.0,745.6,745.4,738.4,174.3,171.3,174.4,175.4,3.95,78.6,1.801,2764.9,806.1,745.1,748.1,738.1,173.5,171.0,174.5,175.5,3.94,78.0,1.795,10.9,1.152,1,injector_clog,1,0.27,43.57,156834.0
338.6,descend_land,27.369299221357064,630.4783092324806,28.553948832035594,2759.8,808.8,743.7,749.0,737.5,172.4,170.9,174.8,176.8,3.92,78.2,1.79,2764.7,806.1,745.1,748.1,738.1,173.5,171.0,174.5,175.5,3.94,78.0,1.795,10.9,1.153,1,injector_clog,1,0.27,43.54,156733.1
338.7,descend_land,27.35817575083426,627.753058954394,28.53726362625139,2771.2,807.1,743.5,746.7,739.6,174.4,171.1,174.5,175.8,3.9,77.5,1.816,2764.5,806.1,745.1,748.1,738.1,173.5,171.0,174.5,175.5,3.94,78.0,1.794,10.9,1.153,1,injector_clog,1,0.27,43.51,156632.2
338.8,descend_land,27.34705228031146,625.0278086763071,28.52057842046719,2762.7,805.3,745.1,746.8,736.9,173.8,170.1,175.7,175.0,3.92,78.0,1.775,2764.2,806.0,745.0,748.0,738.0,173.5,171.0,174.5,175.5,3.94,78.0,1.794,10.9,1.153,1,injector_clog,1,0.27,43.48,156531.3
338.9,descend_land,27.335928809788655,622.3025583982203,28.503893214682982,2765.0,804.8,745.7,747.6,739.7,173.5,170.9,173.6,175.1,3.94,77.6,1.807,2764.0,806.0,745.0,748.0,738.0,173.5,171.0,174.5,175.5,3.94,78.0,1.794,11.0,1.153,1,injector_clog,1,0.27,43.45,156430.4
339.0,descend_land,27.32480533926585,619.5773081201337,28.487208008898776,2763.4,808.4,746.5,748.2,737.7,172.1,172.8,174.4,174.6,3.96,77.4,1.834,2763.8,806.0,745.0,748.0,738.0,173.5,171.0,174.5,175.5,3.94,78.0,1.794,11.0,1.154,1,injector_clog,1,0.27,43.42,156329.5
339.1,descend_land,27.313681868743046,616.8520578420469,28.47052280311457,2751.5,805.5,747.3,750.4,739.3,173.1,171.6,174.5,175.3,3.95,78.5,1.721,2763.6,806.0,745.0,748.0,738.0,173.5,171.0,174.5,175.5,3.94,78.0,1.794,11.0,1.154,1,injector_clog,1,0.27,43.4,156228.6
339.2,descend_land,27.302558398220246,614.12680756396,28.453837597330367,2769.2,806.6,746.1,748.2,739.0,173.8,170.9,174.3,176.0,3.94,79.0,1.775,2763.4,805.9,744.9,747.9,737.9,173.5,171.0,174.5,175.5,3.94,78.0,1.794,11.0,1.154,1,injector_clog,1,0.27,43.37,156127.7
339.3,descend_land,27.29143492769744,611.4015572858734,28.437152391546164,2772.6,808.2,746.0,748.2,738.6,172.6,170.4,174.7,175.5,3.94,78.3,1.857,2763.2,805.9,744.9,747.9,737.9,173.5,170.9,174.4,175.4,3.94,78.0,1.793,11.0,1.155,1,injector_clog,1,0.27,43.34,156026.8
339.4,descend_land,27.280311457174637,608.6763070077866,28.420467185761957,2749.5,807.3,744.8,746.3,737.0,172.7,171.9,175.3,175.4,3.97,78.2,1.808,2763.0,805.9,744.9,747.9,737.9,173.5,170.9,174.4,175.4,3.94,78.0,1.793,11.0,1.155,1,injector_clog,1,0.27,43.31,155925.9
339.5,descend_land,27.269187986651836,605.9510567296998,28.40378197997775,2749.4,805.9,742.9,745.7,739.0,173.8,170.4,174.6,177.2,3.93,77.6,1.776,2762.8,805.8,744.8,747.8,737.8,173.5,170.9,174.4,175.4,3.94,78.0,1.793,11.1,1.155,1,injector_clog,1,0.27,43.28,155825.0
339.6,descend_land,27.258064516129032,603.2258064516129,28.387096774193548,2762.4,806.0,746.9,748.1,737.9,172.1,171.4,173.5,175.1,3.93,78.2,1.81,2762.6,805.8,744.8,747.8,737.8,173.5,170.9,174.4,175.4,3.94,78.0,1.793,11.1,1.156,1,injector_clog,1,0.27,43.26,155724.1
339.7,descend_land,27.246941045606228,600.5005561735263,28.370411568409345,2771.4,804.8,744.2,747.8,737.6,173.1,171.3,174.4,174.7,3.96,77.6,1.772,2762.4,805.8,744.8,747.8,737.8,173.5,170.9,174.4,175.4,3.94,78.0,1.793,11.1,1.156,1,injector_clog,1,0.27,43.23,155623.2
339.8,descend_land,27.235817575083427,597.7753058954395,28.35372636262514,2765.5,805.1,748.0,747.5,738.5,173.2,171.0,174.8,175.3,3.94,77.5,1.795,2762.1,805.7,744.7,747.7,737.7,173.5,170.9,174.4,175.4,3.94,78.0,1.792,11.1,1.156,1,injector_clog,1,0.27,43.2,155522.3
339.9,descend_land,27.224694104560623,595.0500556173527,28.337041156840932,2756.0,805.4,743.5,746.9,737.8,173.0,170.4,174.1,175.3,3.96,78.6,1.841,2761.9,805.7,744.7,747.7,737.7,173.5,170.9,174.4,175.4,3.94,78.0,1.792,11.1,1.157,1,injector_clog,1,0.27,43.17,155421.4
340.0,descend_land,27.21357063403782,592.324805339266,28.32035595105673,2762.4,805.6,747.0,748.1,733.8,174.1,169.8,174.1,174.4,3.88,77.6,1.84,2761.7,805.7,744.7,747.7,737.7,173.5,170.9,174.4,175.4,3.94,78.0,1.792,11.1,1.157,1,injector_clog,1,0.27,43.14,155320.5
340.1,descend_land,27.202447163515018,589.5995550611792,28.303670745272527,2765.3,806.4,745.1,746.0,736.3,174.4,171.1,172.4,175.6,3.9,78.4,1.827,2761.5,805.7,744.7,747.7,737.7,173.5,170.9,174.4,175.4,3.94,78.0,1.792,11.2,1.157,1,injector_clog,1,0.27,43.12,155219.6
340.2,descend_land,27.191323692992214,586.8743047830924,28.28698553948832,2774.7,805.9,744.7,748.2,739.5,173.0,171.6,174.0,174.9,3.9,77.8,1.755,2761.3,805.6,744.6,747.6,737.6,173.4,170.9,174.4,175.4,3.94,78.0,1.792,11.2,1.157,1,injector_clog,1,0.27,43.09,155118.7
340.3,descend_land,27.18020022246941,584.1490545050058,28.270300333704114,2761.4,807.8,746.2,745.9,736.7,173.0,171.1,175.3,174.4,3.88,78.3,1.787,2761.1,805.6,744.6,747.6,737.6,173.4,170.9,174.4,175.4,3.94,78.0,1.791,11.2,1.158,1,injector_clog,1,0.27,43.06,155017.8
340.4,descend_land,27.169076751946605,581.423804226919,28.25361512791991,2761.0,804.9,746.3,746.7,738.6,172.8,170.8,174.9,176.2,3.93,78.4,1.753,2760.9,805.6,744.6,747.6,737.6,173.4,170.9,174.4,175.4,3.94,78.0,1.791,11.2,1.158,1,injector_clog,1,0.27,43.03,154916.9
340.5,descend_land,27.157953281423804,578.6985539488321,28.236929922135708,2757.4,804.3,745.9,747.2,737.5,173.4,169.9,173.7,175.3,3.92,78.2,1.799,2760.7,805.5,744.5,747.5,737.5,173.4,170.9,174.4,175.4,3.94,78.0,1.791,11.2,1.158,1,injector_clog,1,0.27,43.0,154816.0
340.6,descend_land,27.146829810901,575.9733036707453,28.220244716351502,2760.0,807.5,746.0,746.8,738.6,173.6,171.1,174.4,175.1,3.89,77.5,1.793,2760.4,805.5,744.5,747.5,737.5,173.4,170.9,174.4,175.4,3.94,78.0,1.791,11.3,1.159,1,injector_clog,1,0.27,42.98,154715.1
340.7,descend_land,27.1357063403782,573.2480533926587,28.203559510567295,2761.5,805.8,744.7,747.3,735.3,173.3,170.9,174.1,175.1,3.96,78.0,1.79,2760.2,805.5,744.5,747.5,737.5,173.4,170.9,174.4,175.4,3.94,78.0,1.791,11.3,1.159,1,injector_clog,1,0.27,42.95,154614.2
340.8,descend_land,27.124582869855395,570.5228031145718,28.186874304783093,2758.7,804.6,744.5,748.2,738.8,172.7,170.8,174.9,175.7,3.93,77.8,1.77,2760.0,805.4,744.4,747.4,737.4,173.4,170.9,174.4,175.4,3.94,78.0,1.791,11.3,1.159,1,injector_clog,1,0.27,42.92,154513.3
340.9,descend_land,27.11345939933259,567.797552836485,28.17018909899889,2748.1,804.8,745.6,747.8,737.4,172.7,171.7,174.0,176.7,3.92,78.4,1.741,2759.8,805.4,744.4,747.4,737.4,173.4,170.9,174.4,175.4,3.94,78.0,1.79,11.3,1.16,1,injector_clog,1,0.27,42.89,154412.4
341.0,descend_land,27.102335928809786,565.0723025583984,28.153503893214683,2761.6,803.2,744.0,748.4,739.3,174.0,170.9,174.0,174.9,3.95,78.2,1.787,2759.6,805.4,744.4,747.4,737.4,173.4,170.8,174.3,175.3,3.93,78.0,1.79,11.3,1.16,1,injector_clog,1,0.27,42.86,154311.5
341.1,descend_land,27.091212458286986,562.3470522803116,28.136818687430477,2747.1,805.4,745.4,748.1,738.7,173.7,170.5,174.5,176.0,3.95,77.9,1.769,2759.4,805.4,744.4,747.4,737.4,173.4,170.8,174.3,175.3,3.93,78.0,1.79,11.3,1.16,1,injector_clog,1,0.27,42.84,154210.6
341.2,descend_land,27.08008898776418,559.6218020022247,28.120133481646274,2761.7,805.5,743.8,749.5,734.4,173.0,171.5,173.0,175.8,3.93,77.2,1.756,2759.2,805.3,744.3,747.3,737.3,173.4,170.8,174.3,175.3,3.93,78.0,1.79,11.4,1.161,1,injector_clog,1,0.27,42.81,154109.7
341.3,descend_land,27.06896551724138,556.8965517241381,28.10344827586207,2754.3,803.2,744.8,745.5,739.2,173.6,170.8,174.0,175.4,3.97,77.8,1.778,2759.0,805.3,744.3,747.3,737.3,173.4,170.8,174.3,175.3,3.93,78.0,1.79,11.4,1.161,1,injector_clog,1,0.27,42.78,154008.8
341.4,descend_land,27.057842046718577,554.1713014460513,28.086763070077865,2760.8,804.8,741.4,746.1,735.3,172.9,171.2,173.5,176.5,3.91,78.2,1.815,2758.7,805.3,744.3,747.3,737.3,173.4,170.8,174.3,175.3,3.93,78.0,1.789,11.4,1.161,1,injector_clog,1,0.27,42.75,153907.9
341.5,descend_land,27.046718576195772,551.4460511679645,28.07007786429366,2759.3,804.8,746.5,748.2,736.9,173.5,170.8,174.2,175.2,3.93,78.3,1.824,2758.5,805.2,744.2,747.2,737.2,173.4,170.8,174.3,175.3,3.93,78.0,1.789,11.4,1.161,1,injector_clog,1,0.27,42.72,153807.0
341.6,descend_land,27.035595105672968,548.7208008898779,28.053392658509456,2762.1,804.6,743.3,747.4,736.7,172.8,171.3,175.7,176.4,3.91,77.5,1.755,2758.3,805.2,744.2,747.2,737.2,173.4,170.8,174.3,175.3,3.93,78.0,1.789,11.4,1.162,1,injector_clog,1,0.27,42.7,153706.1
341.7,descend_land,27.024471635150167,545.995550611791,28.036707452725253,2751.4,804.0,744.1,747.9,737.3,172.7,170.6,174.6,175.7,3.93,77.5,1.769,2758.1,805.2,744.2,747.2,737.2,173.4,170.8,174.3,175.3,3.93,78.0,1.789,11.5,1.162,1,injector_clog,1,0.27,42.67,153605.2
341.8,descend_land,27.013348164627363,543.2703003337042,28.020022246941046,2760.4,803.3,742.9,749.6,736.2,174.0,171.2,175.3,176.3,3.93,77.5,1.768,2757.9,805.1,744.1,747.1,737.1,173.3,170.8,174.3,175.3,3.93,78.0,1.789,11.5,1.162,1,injector_clog,1,0.27,42.64,153504.3
341.9,descend_land,27.002224694104562,540.5450500556174,28.00333704115684,2757.1,803.9,744.6,748.5,735.7,174.2,171.1,174.2,176.5,3.97,78.2,1.743,2757.7,805.1,744.1,747.1,737.1,173.3,170.8,174.3,175.3,3.93,78.0,1.789,11.5,1.163,1,injector_clog,1,0.27,42.61,153403.4
342.0,descend_land,26.991101223581758,537.8197997775308,27.986651835372637,2755.1,804.4,744.4,745.2,735.4,173.0,169.9,173.8,174.8,3.91,77.7,1.8,2757.5,805.1,744.1,747.1,737.1,173.3,170.8,174.3,175.3,3.93,78.0,1.788,11.5,1.163,1,injector_clog,1,0.27,42.58,153302.5
342.1,descend_land,26.979977753058954,535.0945494994439,27.969966629588434,2747.9,805.5,746.9,747.0,735.5,172.7,170.5,174.4,175.7,3.94,77.6,1.828,2757.2,805.1,744.1,747.1,737.1,173.3,170.8,174.3,175.3,3.93,78.0,1.788,11.5,1.163,1,injector_clog,1,0.27,42.56,153201.6
342.2,descend_land,26.96885428253615,532.3692992213571,27.953281423804228,2750.6,807.2,742.8,746.8,738.4,173.1,170.3,174.6,174.9,3.96,77.6,1.722,2757.0,805.0,744.0,747.0,737.0,173.3,170.8,174.3,175.3,3.93,78.0,1.788,11.5,1.164,1,injector_clog,1,0.27,42.53,153100.7
342.3,descend_land,26.95773081201335,529.6440489432705,27.93659621802002,2759.8,804.8,743.6,748.5,737.2,174.0,171.7,173.8,175.0,3.96,77.6,1.802,2756.8,805.0,744.0,747.0,737.0,173.3,170.8,174.3,175.3,3.93,78.0,1.788,11.6,1.164,1,injector_clog,1,0.27,42.5,152999.8
342.4,descend_land,26.946607341490544,526.9187986651837,27.91991101223582,2752.3,804.9,743.0,745.6,737.4,173.2,170.5,174.7,175.9,3.93,77.5,1.799,2756.6,805.0,744.0,747.0,737.0,173.3,170.8,174.3,175.3,3.93,78.0,1.788,11.6,1.164,1,injector_clog,1,0.27,42.47,152898.9
342.5,descend_land,26.935483870967744,524.1935483870968,27.903225806451616,2756.4,805.1,744.3,746.2,736.3,173.1,170.3,173.6,175.1,3.97,77.9,1.789,2756.4,804.9,743.9,746.9,736.9,173.3,170.8,174.3,175.3,3.93,78.0,1.787,11.6,1.165,1,injector_clog,1,0.27,42.44,152798.0
342.6,descend_land,26.92436040044494,521.4682981090102,27.88654060066741,2752.7,803.7,742.8,749.1,738.0,173.0,170.0,173.3,175.1,3.94,78.1,1.845,2756.2,804.9,743.9,746.9,736.9,173.3,170.8,174.3,175.3,3.93,78.0,1.787,11.6,1.165,1,injector_clog,1,0.27,42.42,152697.1
342.7,descend_land,26.913236929922135,518.7430478309234,27.869855394883203,2745.8,805.3,744.3,748.8,738.8,173.1,170.7,174.1,175.3,3.92,77.8,1.818,2756.0,804.9,743.9,746.9,736.9,173.3,170.7,174.2,175.2,3.93,78.0,1.787,11.6,1.165,1,injector_clog,1,0.27,42.39,152596.2
342.8,descend_land,26.90211345939933,516.0177975528366,27.853170189099,2746.3,805.3,743.1,746.2,737.2,173.5,169.9,173.8,174.4,3.89,78.3,1.81,2755.7,804.8,743.8,746.8,736.8,173.3,170.7,174.2,175.2,3.93,78.0,1.787,11.6,1.165,1,injector_clog,1,0.27,42.36,152495.3
342.9,descend_land,26.890989988876527,513.29254727475,27.836484983314794,2760.2,805.5,742.4,747.2,736.1,173.6,171.3,174.0,174.8,3.89,78.1,1.832,2755.5,804.8,743.8,746.8,736.8,173.3,170.7,174.2,175.2,3.93,78.0,1.787,11.7,1.166,1,injector_clog,1,0.27,42.33,152394.4
343.0,descend_land,26.879866518353726,510.5672969966631,27.81979977753059,2756.2,805.9,744.6,748.7,734.5,173.0,171.9,174.4,174.8,3.95,78.5,1.815,2755.3,804.8,743.8,746.8,736.8,173.3,170.7,174.2,175.2,3.93,78.0,1.786,11.7,1.166,1,injector_clog,1,0.27,42.3,152293.5
343.1,descend_land,26.868743047830925,507.8420467185763,27.803114571746384,2750.1,804.8,743.7,749.3,735.2,173.5,170.0,174.7,175.1,3.93,78.2,1.814,2755.1,804.8,743.8,746.8,736.8,173.3,170.7,174.2,175.2,3.93,78.0,1.786,11.7,1.166,1,injector_clog,1,0.27,42.28,152192.6
343.2,descend_land,26.85761957730812,505.11679644048945,27.786429365962178,2751.7,804.7,746.0,747.7,737.5,173.5,170.9,174.6,174.9,3.95,77.4,1.773,2754.9,804.7,743.7,746.7,736.7,173.3,170.7,174.2,175.2,3.93,78.0,1.786,11.7,1.167,1,injector_clog,1,0.27,42.25,152091.7
343.3,descend_land,26.846496106785317,502.39154616240285,27.769744160177975,2753.2,803.1,744.7,743.4,737.8,173.4,172.1,173.8,175.4,3.96,77.6,1.782,2754.7,804.7,743.7,746.7,736.7,173.3,170.7,174.2,175.2,3.93,78.0,1.786,11.7,1.167,1,injector_clog,1,0.27,42.22,151990.8
343.4,descend_land,26.835372636262512,499.666295884316,27.753058954393772,2755.8,806.4,743.4,747.6,737.8,172.3,170.0,174.3,175.2,3.95,78.7,1.841,2754.4,804.7,743.7,746.7,736.7,173.3,170.7,174.2,175.2,3.93,78.0,1.786,11.8,1.167,1,injector_clog,1,0.27,42.19,151889.9
343.5,descend_land,26.824249165739708,496.9410456062292,27.736373748609566,2763.1,803.7,744.0,748.3,738.9,173.6,170.3,173.2,174.8,3.91,77.7,1.796,2754.2,804.6,743.6,746.6,736.6,173.2,170.7,174.2,175.2,3.93,78.0,1.785,11.8,1.168,1,injector_clog,1,0.27,42.16,151789.0
343.6,descend_land,26.813125695216907,494.2157953281426,27.71968854282536,2752.0,802.3,744.4,747.2,734.3,173.5,169.6,174.7,175.2,3.95,77.2,1.827,2754.0,804.6,743.6,746.6,736.6,173.2,170.7,174.2,175.2,3.93,78.0,1.785,11.8,1.168,1,injector_clog,1,0.27,42.14,151688.1
343.7,descend_land,26.802002224694107,491.49054505005574,27.703003337041157,2754.3,803.1,743.5,745.9,736.1,174.2,170.1,174.8,175.0,3.94,78.3,1.763,2753.8,804.6,743.6,746.6,736.6,173.2,170.7,174.2,175.2,3.93,78.0,1.785,11.8,1.168,1,injector_clog,1,0.27,42.11,151587.2
343.8,descend_land,26.790878754171302,488.7652947719689,27.686318131256954,2749.7,804.9,743.1,747.0,737.1,173.9,170.4,173.5,174.5,3.92,78.4,1.749,2753.6,804.5,743.5,746.5,736.5,173.2,170.7,174.2,175.2,3.93,78.0,1.785,11.8,1.169,1,injector_clog,1,0.27,42.08,151486.3
343.9,descend_land,26.779755283648498,486.0400444938823,27.669632925472747,2748.4,807.6,743.4,747.5,736.0,174.8,170.5,174.9,174.7,3.93,78.0,1.788,2753.4,804.5,743.5,746.5,736.5,173.2,170.7,174.2,175.2,3.93,78.0,1.785,11.8,1.169,1,injector_clog,1,0.27,42.05,151385.4
344.0,descend_land,26.768631813125694,483.3147942157955,27.65294771968854,2760.1,805.3,746.0,746.5,736.5,173.3,170.7,174.6,174.1,3.96,76.7,1.834,2753.1,804.5,743.5,746.5,736.5,173.2,170.7,174.2,175.2,3.93,78.0,1.785,11.9,1.169,1,injector_clog,1,0.27,42.02,151284.5
344.1,descend_land,26.75750834260289,480.58954393770864,27.636262513904338,2748.2,806.2,743.6,745.6,736.4,172.2,172.1,173.5,174.7,3.92,78.3,1.828,2752.9,804.5,743.5,746.5,736.5,173.2,170.7,174.2,175.2,3.93,78.0,1.784,11.9,1.169,1,injector_clog,1,0.27,42.0,151183.6
344.2,descend_land,26.74638487208009,477.86429365962204,27.619577308120135,2749.0,801.5,744.4,745.5,733.2,173.5,171.4,173.9,175.3,3.92,78.7,1.767,2752.7,804.4,743.4,746.4,736.4,173.2,170.7,174.2,175.2,3.93,78.0,1.784,11.9,1.17,1,injector_clog,1,0.27,41.97,151082.7
344.3,descend_land,26.73526140155729,475.1390433815352,27.60289210233593,2750.3,805.9,742.0,744.3,735.3,172.5,171.3,174.2,175.6,3.9,77.4,1.827,2752.5,804.4,743.4,746.4,736.4,173.2,170.7,174.2,175.2,3.93,78.0,1.784,11.9,1.17,1,injector_clog,1,0.27,41.94,150981.8
344.4,descend_land,26.724137931034484,472.41379310344837,27.586206896551722,2757.1,804.3,745.6,746.6,737.7,173.4,171.0,173.4,176.1,3.95,77.8,1.817,2752.3,804.4,743.4,746.4,736.4,173.2,170.6,174.1,175.1,3.93,78.0,1.784,11.9,1.17,1,injector_clog,1,0.27,41.91,150880.9
344.5,descend_land,26.71301446051168,469.68854282536154,27.56952169076752,2745.5,803.8,745.5,747.9,738.6,174.2,170.4,173.2,175.4,3.88,77.8,1.735,2752.0,804.3,743.3,746.3,736.3,173.2,170.6,174.1,175.1,3.93,78.0,1.784,11.9,1.171,1,injector_clog,1,0.27,41.88,150780.0
344.6,descend_land,26.701890989988875,466.96329254727493,27.552836484983317,2745.7,806.7,742.1,746.3,736.9,173.6,169.9,173.6,175.2,3.9,77.9,1.82,2751.8,804.3,743.3,746.3,736.3,173.2,170.6,174.1,175.1,3.93,78.0,1.783,12.0,1.171,1,injector_clog,1,0.27,41.86,150679.1
344.7,descend_land,26.69076751946607,464.2380422691881,27.53615127919911,2758.6,805.6,743.9,744.7,735.1,173.6,170.4,174.9,176.3,3.93,77.8,1.732,2751.6,804.3,743.3,746.3,736.3,173.2,170.6,174.1,175.1,3.93,78.0,1.783,12.0,1.171,1,injector_clog,1,0.27,41.83,150578.2
344.8,descend_land,26.67964404894327,461.51279199110127,27.519466073414904,2750.6,801.3,746.1,746.6,735.3,172.6,171.3,174.1,175.4,3.97,78.2,1.798,2751.4,804.2,743.2,746.2,736.2,173.2,170.6,174.1,175.1,3.93,78.0,1.783,12.0,1.172,1,injector_clog,1,0.27,41.8,150477.3
344.9,descend_land,26.668520578420466,458.78754171301466,27.5027808676307,2752.3,804.4,744.3,749.7,736.0,173.6,170.3,173.8,175.5,3.96,78.8,1.733,2751.2,804.2,743.2,746.2,736.2,173.2,170.6,174.1,175.1,3.93,78.0,1.783,12.0,1.172,1,injector_clog,1,0.27,41.77,150376.4
345.0,descend_land,26.657397107897665,456.06229143492783,27.486095661846498,2747.6,806.1,741.1,747.6,735.3,173.3,171.2,174.5,174.7,3.94,78.3,1.798,2751.0,804.2,743.2,746.2,736.2,173.2,170.6,174.1,175.1,3.93,78.0,1.783,12.0,1.172,1,injector_clog,1,0.27,41.74,150275.5
345.1,descend_land,26.64627363737486,453.337041156841,27.469410456062292,2751.6,804.4,743.0,747.2,732.9,173.4,170.6,174.9,174.9,3.96,77.4,1.762,2750.7,804.2,743.2,746.2,736.2,173.2,170.6,174.1,175.1,3.93,78.0,1.782,12.1,1.173,1,injector_clog,1,0.27,41.72,150174.6
345.2,descend_land,26.635150166852057,450.61179087875416,27.452725250278085,2748.4,804.7,741.4,746.1,735.8,173.5,171.1,173.9,175.6,3.93,77.5,1.771,2750.5,804.1,743.1,746.1,736.1,173.2,170.6,174.1,175.1,3.93,78.0,1.782,12.1,1.173,1,injector_clog,1,0.27,41.69,150073.7
345.3,descend_land,26.624026696329253,447.88654060066756,27.436040044493883,2745.9,802.7,744.8,744.9,735.7,173.0,171.7,173.7,175.6,3.89,77.7,1.764,2750.3,804.1,743.1,746.1,736.1,173.1,170.6,174.1,175.1,3.93,78.0,1.782,12.1,1.173,1,injector_clog,1,0.27,41.66,149972.8
345.4,descend_land,26.612903225806452,445.16129032258095,27.41935483870968,2748.8,801.3,744.1,747.2,735.2,172.9,171.0,174.4,174.8,3.94,77.9,1.758,2750.1,804.1,743.1,746.1,736.1,173.1,170.6,174.1,175.1,3.93,78.0,1.782,12.1,1.174,1,injector_clog,1,0.27,41.63,149871.9
345.5,descend_land,26.601779755283648,442.4360400444939,27.402669632925473,2739.5,805.1,743.0,745.4,734.8,173.4,169.4,173.3,175.7,3.94,77.8,1.783,2749.9,804.0,743.0,746.0,736.0,173.1,170.6,174.1,175.1,3.93,78.0,1.782,12.1,1.174,1,injector_clog,1,0.27,41.6,149771.0
345.6,descend_land,26.590656284760847,439.7107897664073,27.385984427141267,2761.6,803.4,742.4,746.0,736.6,172.2,171.2,173.9,175.0,3.87,77.5,1.793,2749.6,804.0,743.0,746.0,736.0,173.1,170.6,174.1,175.1,3.93,78.0,1.781,12.1,1.174,1,injector_clog,1,0.27,41.58,149670.1
345.7,descend_land,26.579532814238043,436.9855394883207,27.369299221357064,2750.1,802.2,742.8,745.9,734.5,172.7,170.5,174.7,175.0,3.94,77.6,1.773,2749.4,804.0,743.0,746.0,736.0,173.1,170.6,174.1,175.1,3.93,78.0,1.781,12.2,1.174,1,injector_clog,1,0.27,41.55,149569.2
345.8,descend_land,26.56840934371524,434.2602892102336,27.35261401557286,2740.2,805.6,743.2,746.1,735.6,172.8,170.2,174.1,175.8,3.91,77.7,1.813,2749.2,803.9,742.9,745.9,735.9,173.1,170.6,174.1,175.1,3.93,78.0,1.781,12.2,1.175,1,injector_clog,1,0.27,41.52,149468.3
345.9,descend_land,26.557285873192434,431.535038932147,27.335928809788655,2755.4,803.5,740.8,748.2,735.6,173.4,170.0,173.6,176.5,3.94,77.9,1.79,2749.0,803.9,742.9,745.9,735.9,173.1,170.6,174.1,175.1,3.93,78.0,1.781,12.2,1.175,1,injector_clog,1,0.27,41.49,149367.4
346.0,descend_land,26.546162402669633,428.8097886540604,27.31924360400445,2745.4,805.8,743.7,744.5,736.5,173.3,170.7,174.1,174.6,3.99,78.2,1.739,2748.8,803.9,742.9,745.9,735.9,173.1,170.6,174.1,175.1,3.93,78.0,1.781,12.2,1.175,1,injector_clog,1,0.27,41.46,149266.5
346.1,descend_land,26.53503893214683,426.08453837597335,27.302558398220246,2751.4,804.8,741.3,745.5,735.0,172.2,170.8,173.6,175.0,3.92,78.3,1.781,2748.5,803.9,742.9,745.9,735.9,173.1,170.5,174.0,175.0,3.93,78.0,1.78,12.2,1.176,1,injector_clog,1,0.27,41.43,149165.6
346.2,descend_land,26.52391546162403,423.35928809788675,27.285873192436043,2746.3,803.6,740.1,747.1,736.3,174.9,170.8,174.8,175.7,3.9,78.2,1.767,2748.3,803.8,742.8,745.8,735.8,173.1,170.5,174.0,175.0,3.93,78.0,1.78,12.2,1.176,1,injector_clog,1,0.27,41.41,149064.7
346.3,descend_land,26.512791991101224,420.6340378197997,27.269187986651836,2745.8,802.7,743.4,747.7,736.0,173.2,170.7,174.0,174.3,3.93,78.0,1.753,2748.1,803.8,742.8,745.8,735.8,173.1,170.5,174.0,175.0,3.93,78.0,1.78,12.3,1.176,1,injector_clog,1,0.27,41.38,148963.8
346.4,descend_land,26.50166852057842,417.9087875417131,27.25250278086763,2746.2,806.4,741.0,746.6,733.0,173.8,171.1,173.6,174.5,3.88,78.1,1.798,2747.9,803.8,742.8,745.8,735.8,173.1,170.5,174.0,175.0,3.93,78.0,1.78,12.3,1.177,1,injector_clog,1,0.27,41.35,148862.9
346.5,descend_land,26.490545050055616,415.1835372636265,27.235817575083427,2755.4,802.4,745.2,745.1,734.6,174.1,170.9,173.8,173.8,3.96,78.0,1.798,2747.6,803.7,742.7,745.7,735.7,173.1,170.5,174.0,175.0,3.93,78.0,1.78,12.3,1.177,1,injector_clog,1,0.27,41.32,148762.0
346.6,descend_land,26.47942157953281,412.4582869855394,27.219132369299224,2752.7,804.8,741.2,744.2,735.9,171.8,169.7,173.4,175.7,3.94,78.0,1.8,2747.4,803.7,742.7,745.7,735.7,173.1,170.5,174.0,175.0,3.93,78.0,1.78,12.3,1.177,1,injector_clog,1,0.27,41.29,148661.1
346.7,descend_land,26.46829810901001,409.7330367074528,27.202447163515018,2755.0,801.7,740.1,745.8,736.1,173.0,171.1,174.2,175.6,3.96,77.8,1.767,2747.2,803.7,742.7,745.7,735.7,173.1,170.5,174.0,175.0,3.93,78.0,1.779,12.3,1.178,1,injector_clog,1,0.27,41.27,148560.2
346.8,descend_land,26.45717463848721,407.0077864293662,27.18576195773081,2741.9,803.8,744.2,742.7,732.6,173.5,170.9,172.9,175.8,3.92,77.4,1.777,2747.0,803.6,742.6,745.6,735.6,173.1,170.5,174.0,175.0,3.93,78.0,1.779,12.4,1.178,1,injector_clog,1,0.27,41.24,148459.3
346.9,descend_land,26.446051167964406,404.28253615127915,27.169076751946605,2749.0,803.4,741.6,744.5,736.2,172.8,169.6,173.6,174.8,3.97,77.9,1.817,2746.8,803.6,742.6,745.6,735.6,173.1,170.5,174.0,175.0,3.93,78.0,1.779,12.4,1.178,1,injector_clog,1,0.27,41.21,148358.4
347.0,descend_land,26.4349276974416,401.55728587319254,27.152391546162402,2745.2,803.8,741.4,745.1,736.9,172.6,171.0,173.8,175.2,3.91,78.2,1.849,2746.5,803.6,742.6,745.6,735.6,173.0,170.5,174.0,175.0,3.93,78.0,1.779,12.4,1.178,1,injector_clog,1,0.27,41.18,148257.5
347.1,descend_land,26.423804226918797,398.83203559510594,27.1357063403782,2739.4,803.0,745.0,743.7,735.5,173.0,171.4,173.8,175.1,3.94,78.6,1.81,2746.3,803.6,742.6,745.6,735.6,173.0,170.5,174.0,175.0,3.93,78.0,1.779,12.4,1.179,1,injector_clog,1,0.27,41.15,148156.6
347.2,descend_land,26.412680756395993,396.1067853170189,27.119021134593993,2737.8,802.7,742.7,744.8,735.9,172.7,169.6,174.0,176.4,3.96,77.4,1.782,2746.1,803.5,742.5,745.5,735.5,173.0,170.5,174.0,175.0,3.93,78.0,1.778,12.4,1.179,1,injector_clog,1,0.27,41.13,148055.7
347.3,descend_land,26.401557285873192,393.38153503893227,27.102335928809786,2744.4,803.7,742.2,746.0,734.6,172.6,170.8,174.5,174.7,3.92,78.1,1.796,2745.9,803.5,742.5,745.5,735.5,173.0,170.5,174.0,175.0,3.93,78.0,1.778,12.4,1.179,1,injector_clog,1,0.27,41.1,147954.8
347.4,descend_land,26.39043381535039,390.65628476084567,27.085650723025584,2750.1,801.3,740.7,746.0,733.9,173.5,170.0,173.2,175.1,3.9,77.3,1.72,2745.6,803.5,742.5,745.5,735.5,173.0,170.5,174.0,175.0,3.93,78.0,1.778,12.5,1.18,1,injector_clog,1,0.27,41.07,147853.9
347.5,descend_land,26.379310344827587,387.9310344827586,27.06896551724138,2752.8,803.9,743.2,742.1,733.9,173.2,170.8,174.4,175.5,3.91,78.2,1.775,2745.4,803.4,742.4,745.4,735.4,173.0,170.5,174.0,175.0,3.93,78.0,1.778,12.5,1.18,1,injector_clog,1,0.27,41.04,147753.0
347.6,descend_land,26.368186874304783,385.205784204672,27.052280311457174,2754.1,802.8,742.1,746.1,734.9,172.4,170.1,174.1,175.3,3.92,77.4,1.779,2745.2,803.4,742.4,745.4,735.4,173.0,170.5,174.0,175.0,3.93,78.0,1.778,12.5,1.18,1,injector_clog,1,0.27,41.01,147652.1
347.7,descend_land,26.35706340378198,382.4805339265854,27.035595105672968,2748.3,805.0,740.6,745.1,735.2,173.0,170.4,173.3,174.0,3.91,77.9,1.841,2745.0,803.4,742.4,745.4,735.4,173.0,170.5,174.0,175.0,3.93,78.0,1.777,12.5,1.181,1,injector_clog,1,0.27,40.99,147551.2
347.8,descend_land,26.345939933259174,379.75528364849833,27.018909899888765,2747.3,804.0,742.1,746.5,738.0,171.9,169.4,172.7,174.3,3.91,77.6,1.799,2744.8,803.3,742.3,745.3,735.3,173.0,170.4,173.9,174.9,3.93,78.0,1.777,12.5,1.181,1,injector_clog,1,0.27,40.96,147450.3
347.9,descend_land,26.334816462736374,377.03003337041173,27.002224694104562,2745.4,802.7,742.5,744.3,736.1,173.4,170.1,174.6,174.6,3.92,77.5,1.79,2744.5,803.3,742.3,745.3,735.3,173.0,170.4,173.9,174.9,3.92,78.0,1.777,12.5,1.181,1,injector_clog,1,0.27,40.93,147349.4
348.0,descend_land,26.323692992213573,374.3047830923251,26.985539488320356,2742.3,801.8,741.8,744.8,736.3,172.6,170.9,174.4,174.3,3.94,78.3,1.777,2744.3,803.3,742.3,745.3,735.3,173.0,170.4,173.9,174.9,3.92,78.0,1.777,12.6,1.182,1,injector_clog,1,0.27,40.9,147248.5
348.1,descend_land,26.31256952169077,371.57953281423806,26.96885428253615,2752.2,804.2,742.5,745.2,736.0,171.9,170.4,173.9,175.2,3.97,78.6,1.805,2744.1,803.3,742.3,745.3,735.3,173.0,170.4,173.9,174.9,3.92,78.0,1.777,12.6,1.182,1,injector_clog,1,0.27,40.87,147147.6
348.2,descend_land,26.301446051167964,368.85428253615146,26.952169076751947,2739.5,803.6,744.3,743.8,737.0,172.5,171.0,174.6,174.9,3.93,78.0,1.803,2743.9,803.2,742.2,745.2,735.2,173.0,170.4,173.9,174.9,3.92,78.0,1.776,12.6,1.182,1,injector_clog,1,0.27,40.85,147046.7
348.3,descend_land,26.29032258064516,366.12903225806485,26.935483870967744,2744.4,805.7,740.2,746.2,735.8,172.1,170.8,173.2,175.8,3.94,77.9,1.777,2743.6,803.2,742.2,745.2,735.2,173.0,170.4,173.9,174.9,3.92,78.0,1.776,12.6,1.183,1,injector_clog,1,0.27,40.82,146945.8
348.4,descend_land,26.279199110122356,363.4037819799778,26.918798665183537,2742.1,801.8,744.3,745.2,733.6,172.1,170.1,173.8,174.7,3.92,78.7,1.758,2743.4,803.2,742.2,745.2,735.2,173.0,170.4,173.9,174.9,3.92,78.0,1.776,12.6,1.183,1,injector_clog,1,0.27,40.79,146844.9
348.5,descend_land,26.268075639599555,360.6785317018912,26.90211345939933,2745.4,804.5,744.8,746.5,733.2,173.6,170.6,173.8,174.2,3.94,78.0,1.809,2743.2,803.1,742.1,745.1,735.1,173.0,170.4,173.9,174.9,3.92,78.0,1.776,12.7,1.183,1,injector_clog,1,0.27,40.76,146744.0
348.6,descend_land,26.25695216907675,357.9532814238046,26.885428253615128,2737.1,800.8,743.7,742.0,734.8,173.0,170.9,173.2,176.0,3.91,78.4,1.724,2743.0,803.1,742.1,745.1,735.1,173.0,170.4,173.9,174.9,3.92,78.0,1.776,12.7,1.183,1,injector_clog,1,0.27,40.73,146643.1
348.7,descend_land,26.24582869855395,355.2280311457175,26.868743047830925,2739.0,802.9,741.9,744.2,735.4,173.0,169.8,173.3,175.3,3.96,77.3,1.776,2742.7,803.1,742.1,745.1,735.1,172.9,170.4,173.9,174.9,3.92,78.0,1.775,12.7,1.184,1,injector_clog,1,0.27,40.71,146542.2
348.8,descend_land,26.234705228031146,352.5027808676309,26.85205784204672,2744.9,801.7,743.3,743.2,735.6,172.3,170.4,173.9,174.7,3.94,78.0,1.777,2742.5,803.0,742.0,745.0,735.0,172.9,170.4,173.9,174.9,3.92,78.0,1.775,12.7,1.184,1,injector_clog,1,0.27,40.68,146441.3
348.9,descend_land,26.22358175750834,349.77753058954386,26.835372636262512,2744.6,801.6,743.8,744.5,733.7,173.3,168.8,173.4,175.7,3.93,78.5,1.771,2742.3,803.0,742.0,745.0,735.0,172.9,170.4,173.9,174.9,3.92,78.0,1.775,12.7,1.184,1,injector_clog,1,0.27,40.65,146340.4
349.0,descend_land,26.212458286985537,347.05228031145725,26.81868743047831,2738.6,804.5,743.7,742.7,734.8,172.3,171.3,174.0,174.3,3.96,78.3,1.746,2742.1,803.0,742.0,745.0,735.0,172.9,170.4,173.9,174.9,3.92,78.0,1.775,12.7,1.185,1,injector_clog,1,0.27,40.62,146239.5
349.1,descend_land,26.201334816462737,344.32703003337065,26.802002224694107,2744.8,803.5,743.1,745.9,735.0,172.5,170.4,174.5,175.7,3.97,77.1,1.742,2741.8,803.0,742.0,745.0,735.0,172.9,170.4,173.9,174.9,3.92,78.0,1.775,12.8,1.185,1,injector_clog,1,0.27,40.59,146138.6
349.2,descend_land,26.190211345939932,341.6017797552836,26.7853170189099,2742.0,805.3,740.6,747.7,734.0,173.2,169.5,173.3,175.1,3.92,78.6,1.747,2741.6,802.9,741.9,744.9,734.9,172.9,170.4,173.9,174.9,3.92,78.0,1.774,12.8,1.185,1,injector_clog,1,0.27,40.57,146037.7
349.3,descend_land,26.17908787541713,338.876529477197,26.768631813125694,2749.7,802.1,741.0,747.1,735.1,173.2,171.0,172.6,175.7,3.93,78.5,1.818,2741.4,802.9,741.9,744.9,734.9,172.9,170.4,173.9,174.9,3.92,78.0,1.774,12.8,1.186,1,injector_clog,1,0.27,40.54,145936.8
349.4,descend_land,26.167964404894327,336.1512791991104,26.75194660734149,2741.3,802.0,738.1,746.1,738.2,172.7,171.4,173.4,175.9,3.91,77.8,1.785,2741.2,802.9,741.9,744.9,734.9,172.9,170.4,173.9,174.9,3.92,78.0,1.774,12.8,1.186,1,injector_clog,1,0.27,40.51,145835.9
349.5,descend_land,26.156840934371523,333.4260289210233,26.73526140155729,2750.8,802.2,741.3,744.5,734.5,172.2,169.8,175.1,174.7,3.94,78.4,1.775,2740.9,802.8,741.8,744.8,734.8,172.9,170.4,173.9,174.9,3.92,78.0,1.774,12.8,1.186,1,injector_clog,1,0.27,40.48,145735.0
349.6,descend_land,26.14571746384872,330.7007786429367,26.718576195773082,2739.2,800.7,743.5,744.4,737.7,172.0,170.0,174.9,175.1,3.93,78.5,1.724,2740.7,802.8,741.8,744.8,734.8,172.9,170.3,173.8,174.8,3.92,78.0,1.774,12.9,1.187,1,injector_clog,1,0.27,40.45,145634.1
349.7,descend_land,26.134593993325918,327.9755283648501,26.701890989988875,2742.0,803.5,740.6,745.3,733.5,172.5,169.7,173.4,175.1,3.88,77.4,1.798,2740.5,802.8,741.8,744.8,734.8,172.9,170.3,173.8,174.8,3.92,78.0,1.773,12.9,1.187,1,injector_clog,1,0.27,40.43,145533.2
349.8,descend_land,26.123470522803114,325.25027808676305,26.685205784204673,2751.8,802.3,739.3,746.1,733.5,172.2,169.8,174.2,174.7,3.91,78.6,1.829,2740.2,802.7,741.7,744.7,734.7,172.9,170.3,173.8,174.8,3.92,78.0,1.773,12.9,1.187,1,injector_clog,1,0.27,40.4,145432.3
349.9,descend_land,26.112347052280313,322.52502780867644,26.66852057842047,2730.5,801.1,743.7,746.1,733.7,173.6,171.0,174.2,175.5,3.9,78.5,1.739,2740.0,802.7,741.7,744.7,734.7,172.9,170.3,173.8,174.8,3.92,78.0,1.773,12.9,1.188,1,injector_clog,1,0.27,40.37,145331.4
350.0,descend_land,26.10122358175751,319.79977753058984,26.651835372636263,2745.3,802.4,741.7,743.8,736.4,173.6,170.3,173.6,174.4,3.94,77.9,1.816,2739.8,802.7,741.7,744.7,734.7,172.9,170.3,173.8,174.8,3.92,78.0,1.773,12.9,1.188,1,injector_clog,1,0.27,40.34,145230.5
350.1,descend_land,26.090100111234705,317.0745272525028,26.635150166852057,2738.6,801.7,741.2,747.1,736.7,173.3,170.3,173.7,174.3,3.93,77.7,1.746,2739.6,802.7,741.7,744.7,734.7,172.9,170.3,173.8,174.8,3.92,78.0,1.773,12.9,1.188,1,injector_clog,1,0.27,40.31,145129.6
350.2,descend_land,26.0789766407119,314.34927697441617,26.618464961067854,2737.4,802.1,739.7,743.5,733.6,173.0,170.3,173.5,174.6,3.95,78.7,1.811,2739.3,802.6,741.6,744.6,734.6,172.9,170.3,173.8,174.8,3.92,78.0,1.772,13.0,1.188,1,injector_clog,1,0.27,40.29,145028.7
350.3,descend_land,26.067853170189096,311.62402669632957,26.60177975528365,2733.5,801.9,740.6,743.7,734.0,172.7,170.4,173.4,175.0,3.92,78.2,1.786,2739.1,802.6,741.6,744.6,734.6,172.9,170.3,173.8,174.8,3.92,78.0,1.772,13.0,1.189,1,injector_clog,1,0.27,40.26,144927.8
350.4,descend_land,26.056729699666295,308.8987764182425,26.585094549499445,2745.8,804.2,740.9,746.5,733.3,173.2,170.0,174.3,174.8,3.86,77.0,1.815,2738.9,802.6,741.6,744.6,734.6,172.9,170.3,173.8,174.8,3.92,78.0,1.772,13.0,1.189,1,injector_clog,1,0.27,40.23,144826.9
350.5,descend_land,26.045606229143495,306.1735261401559,26.56840934371524,2743.4,802.2,740.6,746.0,734.2,172.9,170.1,173.9,175.2,3.93,78.3,1.841,2738.7,802.5,741.5,744.5,734.5,172.8,170.3,173.8,174.8,3.92,78.0,1.772,13.0,1.189,1,injector_clog,1,0.27,40.2,144726.0
350.6,descend_land,26.03448275862069,303.4482758620693,26.551724137931036,2736.4,802.9,742.2,742.8,733.0,173.0,169.5,173.3,173.8,3.91,77.9,1.787,2738.4,802.5,741.5,744.5,734.5,172.8,170.3,173.8,174.8,3.92,78.0,1.772,13.0,1.19,1,injector_clog,1,0.27,40.17,144625.1
350.7,descend_land,26.023359288097886,300.72302558398223,26.535038932146833,2735.7,803.3,740.9,745.4,732.4,174.8,170.0,174.8,174.5,3.91,78.2,1.766,2738.2,802.5,741.5,744.5,734.5,172.8,170.3,173.8,174.8,3.92,78.0,1.771,13.0,1.19,1,injector_clog,1,0.27,40.15,144524.2
350.8,descend_land,26.012235817575082,297.99777530589563,26.518353726362626,2728.9,803.2,745.5,741.1,736.1,172.8,170.2,175.7,175.1,3.96,78.6,1.765,2738.0,802.4,741.4,744.4,734.4,172.8,170.3,173.8,174.8,3.92,78.0,1.771,13.1,1.19,1,injector_clog,1,0.27,40.12,144423.3
350.9,descend_land,26.001112347052278,295.272525027809,26.50166852057842,2734.9,803.2,742.9,748.0,737.4,173.1,169.8,173.3,174.4,3.93,77.4,1.775,2737.7,802.4,741.4,744.4,734.4,172.8,170.3,173.8,174.8,3.92,78.0,1.771,13.1,1.191,1,injector_clog,1,0.27,40.09,144322.4
351.0,descend_land,25.989988876529477,292.54727474972196,26.484983314794214,2744.4,803.1,743.4,743.8,736.4,172.1,170.3,173.5,175.6,3.95,78.7,1.737,2737.5,802.4,741.4,744.4,734.4,172.8,170.3,173.8,174.8,3.92,78.0,1.771,13.1,1.191,1,injector_clog,1,0.27,40.06,144221.5
351.1,descend_land,25.978865406006676,289.82202447163536,26.46829810901001,2731.4,803.1,740.5,743.5,735.7,172.6,170.1,174.5,176.0,3.92,77.8,1.783,2737.3,802.3,741.3,744.3,734.3,172.8,170.3,173.8,174.8,3.92,78.0,1.771,13.1,1.191,1,injector_clog,1,0.27,40.03,144120.6
351.2,descend_land,25.967741935483872,287.0967741935483,26.451612903225808,2737.6,802.1,742.8,743.4,735.1,172.5,168.7,173.5,174.5,3.93,78.6,1.775,2737.1,802.3,741.3,744.3,734.3,172.8,170.3,173.8,174.8,3.92,78.0,1.77,13.1,1.192,1,injector_clog,1,0.27,40.01,144019.7
351.3,descend_land,25.956618464961068,284.3715239154617,26.4349276974416,2741.1,802.2,741.1,744.1,732.4,173.0,169.1,172.3,174.2,3.89,77.8,1.816,2736.8,802.3,741.3,744.3,734.3,172.8,170.2,173.7,174.7,3.92,78.0,1.77,13.2,1.192,1,injector_clog,1,0.27,39.98,143918.8
351.4,descend_land,25.945494994438263,281.6462736373751,26.418242491657395,2737.5,800.7,739.7,745.3,733.9,172.4,170.3,174.3,174.6,3.89,77.9,1.727,2736.6,802.3,741.3,744.3,734.3,172.8,170.2,173.7,174.7,3.92,78.0,1.77,13.2,1.192,1,injector_clog,1,0.27,39.95,143817.9
351.5,descend_land,25.93437152391546,278.92102335928803,26.401557285873192,2741.2,803.4,741.5,746.6,733.9,172.0,170.6,174.7,174.7,3.94,78.0,1.718,2736.4,802.2,741.2,744.2,734.2,172.8,170.2,173.7,174.7,3.92,78.0,1.77,13.2,1.193,1,injector_clog,1,0.27,39.92,143717.0
351.6,descend_land,25.92324805339266,276.1957730812014,26.38487208008899,2738.8,804.2,740.2,743.7,734.8,172.9,170.5,173.1,173.7,3.9,77.3,1.783,2736.1,802.2,741.2,744.2,734.2,172.8,170.2,173.7,174.7,3.92,78.0,1.77,13.2,1.193,1,injector_clog,1,0.27,39.89,143616.1
351.7,descend_land,25.912124582869858,273.4705228031148,26.368186874304783,2729.4,801.6,740.9,743.5,735.0,174.0,170.6,174.4,175.8,3.89,78.0,1.784,2735.9,802.2,741.2,744.2,734.2,172.8,170.2,173.7,174.7,3.92,78.0,1.769,13.2,1.193,1,injector_clog,1,0.27,39.87,143515.2
351.8,descend_land,25.901001112347053,270.74527252502776,26.351501668520577,2732.6,801.6,740.3,743.8,735.2,173.3,170.6,172.7,175.2,3.9,78.1,1.796,2735.7,802.1,741.1,744.1,734.1,172.8,170.2,173.7,174.7,3.92,78.0,1.769,13.2,1.193,1,injector_clog,1,0.27,39.84,143414.3
351.9,descend_land,25.88987764182425,268.02002224694115,26.334816462736374,2731.0,802.5,741.4,743.1,733.2,172.7,170.3,173.7,174.4,3.93,77.5,1.77,2735.4,802.1,741.1,744.1,734.1,172.8,170.2,173.7,174.7,3.92,78.0,1.769,13.3,1.194,1,injector_clog,1,0.27,39.81,143313.4
352.0,descend_land,25.878754171301445,265.29477196885455,26.31813125695217,2734.2,799.6,740.8,744.6,733.5,172.8,170.7,174.1,175.1,3.87,78.5,1.735,2735.2,802.1,741.1,744.1,734.1,172.8,170.2,173.7,174.7,3.92,78.0,1.769,13.3,1.194,1,injector_clog,1,0.27,39.78,143212.5
352.1,descend_land,25.86763070077864,262.5695216907675,26.301446051167964,2733.1,803.1,741.6,745.5,735.2,173.0,170.7,174.0,174.9,3.93,78.4,1.769,2735.0,802.0,741.0,744.0,734.0,172.8,170.2,173.7,174.7,3.92,78.0,1.769,13.3,1.194,1,injector_clog,1,0.27,39.75,143111.6
352.2,descend_land,25.85650723025584,259.8442714126809,26.284760845383758,2735.5,801.8,740.2,744.5,734.7,172.5,169.9,174.3,174.4,3.89,77.6,1.771,2734.8,802.0,741.0,744.0,734.0,172.7,170.2,173.7,174.7,3.92,78.0,1.768,13.3,1.195,1,injector_clog,1,0.27,39.73,143010.7
352.3,descend_land,25.845383759733036,257.1190211345943,26.268075639599555,2736.1,804.6,740.8,748.1,733.3,172.6,169.6,173.9,175.7,3.89,77.5,1.724,2734.5,802.0,741.0,744.0,734.0,172.7,170.2,173.7,174.7,3.92,78.0,1.768,13.3,1.195,1,injector_clog,1,0.27,39.7,142909.8
352.4,descend_land,25.834260289210235,254.39377085650722,26.251390433815352,2735.5,805.6,738.6,745.1,734.5,173.4,170.8,173.8,175.2,3.91,78.1,1.793,2734.3,802.0,741.0,744.0,734.0,172.7,170.2,173.7,174.7,3.92,78.0,1.768,13.3,1.195,1,injector_clog,1,0.27,39.67,142808.9
352.5,descend_land,25.82313681868743,251.6685205784206,26.234705228031146,2734.9,802.3,741.5,744.0,731.7,172.8,170.7,173.4,174.2,3.92,77.7,1.741,2734.1,801.9,740.9,743.9,733.9,172.7,170.2,173.7,174.7,3.92,78.0,1.768,13.4,1.196,1,injector_clog,1,0.27,39.64,142708.0
352.6,descend_land,25.812013348164626,248.943270300334,26.21802002224694,2732.9,802.5,739.6,742.9,734.0,172.6,170.2,174.5,174.5,3.91,78.4,1.804,2733.8,801.9,740.9,743.9,733.9,172.7,170.2,173.7,174.7,3.92,78.0,1.767,13.4,1.196,1,injector_clog,1,0.27,39.61,142607.1
352.7,descend_land,25.800889877641822,246.21802002224695,26.201334816462737,2736.7,801.2,740.4,744.0,734.5,172.4,170.6,173.8,174.4,3.9,78.0,1.765,2733.6,801.9,740.9,743.9,733.9,172.7,170.2,173.7,174.7,3.92,78.0,1.767,13.4,1.196,1,injector_clog,1,0.27,39.59,142506.2
352.8,descend_land,25.78976640711902,243.49276974416034,26.184649610678534,2742.6,802.5,739.5,744.0,732.0,171.8,170.4,173.7,174.6,3.91,78.7,1.761,2733.4,801.8,740.8,743.8,733.8,172.7,170.2,173.7,174.7,3.92,78.0,1.767,13.4,1.197,1,injector_clog,1,0.27,39.56,142405.3
352.9,descend_land,25.778642936596217,240.76751946607374,26.167964404894327,2733.6,801.8,743.3,744.0,736.4,173.5,169.2,173.9,174.5,3.94,78.0,1.751,2733.1,801.8,740.8,743.8,733.8,172.7,170.2,173.7,174.7,3.92,78.0,1.767,13.4,1.197,1,injector_clog,1,0.27,39.53,142304.4
353.0,descend_land,25.767519466073416,238.04226918798668,26.15127919911012,2736.9,801.1,738.7,742.2,733.8,172.6,171.1,174.1,174.7,3.93,78.4,1.751,2732.9,801.8,740.8,743.8,733.8,172.7,170.2,173.7,174.7,3.92,78.0,1.767,13.5,1.197,1,injector_clog,1,0.27,39.5,142203.5
353.1,descend_land,25.756395995550612,235.31701890990007,26.134593993325918,2733.7,800.8,738.1,741.8,732.4,172.6,170.5,174.0,174.8,3.89,78.5,1.799,2732.7,801.7,740.7,743.7,733.7,172.7,170.1,173.6,174.6,3.92,78.0,1.766,13.5,1.198,1,injector_clog,1,0.27,39.47,142102.6
353.2,descend_land,25.745272525027808,232.59176863181347,26.117908787541715,2732.1,798.6,741.5,741.7,734.1,172.7,169.8,173.5,174.5,3.98,77.8,1.765,2732.4,801.7,740.7,743.7,733.7,172.7,170.1,173.6,174.6,3.92,78.0,1.766,13.5,1.198,1,injector_clog,1,0.27,39.44,142001.7
353.3,descend_land,25.734149054505004,229.8665183537264,26.10122358175751,2736.0,803.0,739.7,745.1,731.5,172.1,169.7,173.4,176.0,3.94,78.3,1.813,2732.2,801.7,740.7,743.7,733.7,172.7,170.1,173.6,174.6,3.92,78.0,1.766,13.5,1.198,1,injector_clog,1,0.27,39.42,141900.8
353.4,descend_land,25.723025583982203,227.1412680756398,26.084538375973302,2731.9,801.8,740.9,744.5,733.0,173.0,171.2,172.1,174.7,3.94,78.2,1.764,2732.0,801.7,740.7,743.7,733.7,172.7,170.1,173.6,174.6,3.92,78.0,1.766,13.5,1.199,1,injector_clog,1,0.27,39.39,141799.9
353.5,descend_land,25.7119021134594,224.4160177975532,26.0678531701891,2728.9,799.8,738.7,746.2,732.0,171.7,169.2,174.1,173.9,3.92,78.1,1.785,2731.7,801.6,740.6,743.6,733.6,172.7,170.1,173.6,174.6,3.92,78.0,1.766,13.5,1.199,1,injector_clog,1,0.27,39.36,141699.0
353.6,descend_land,25.700778642936598,221.69076751946614,26.051167964404897,2727.5,799.4,738.2,743.7,736.3,172.4,170.3,173.9,176.0,3.92,78.4,1.772,2731.5,801.6,740.6,743.6,733.6,172.7,170.1,173.6,174.6,3.92,78.0,1.765,13.6,1.199,1,injector_clog,1,0.27,39.33,141598.1
353.7,descend_land,25.689655172413794,218.96551724137953,26.03448275862069,2737.5,802.0,742.3,745.5,733.9,173.0,170.4,172.8,174.7,3.92,77.4,1.772,2731.3,801.6,740.6,743.6,733.6,172.7,170.1,173.6,174.6,3.92,78.0,1.765,13.6,1.199,1,injector_clog,1,0.27,39.3,141497.2
353.8,descend_land,25.67853170189099,216.24026696329247,26.017797552836484,2719.9,800.7,741.2,743.7,732.8,172.9,169.8,173.7,174.8,3.89,77.8,1.763,2731.0,801.5,740.5,743.5,733.5,172.7,170.1,173.6,174.6,3.92,78.0,1.765,13.6,1.2,1,injector_clog,1,0.27,39.28,141396.3
353.9,descend_land,25.667408231368185,213.51501668520586,26.00111234705228,2721.2,801.8,741.2,744.5,732.8,172.8,169.8,173.8,174.5,3.93,77.7,1.768,2730.8,801.5,740.5,743.5,733.5,172.7,170.1,173.6,174.6,3.92,78.0,1.765,13.6,1.2,1,injector_clog,1,0.27,39.25,141295.4
354.0,descend_land,25.656284760845384,210.78976640711926,25.98442714126808,2726.0,801.6,739.8,743.5,734.5,172.3,170.8,173.6,175.1,3.94,78.3,1.749,2730.6,801.5,740.5,743.5,733.5,172.6,170.1,173.6,174.6,3.92,78.0,1.765,13.6,1.2,1,injector_clog,1,0.27,39.22,141194.5
354.1,descend_land,25.64516129032258,208.0645161290322,25.967741935483872,2726.0,803.6,738.5,744.8,733.5,172.3,169.3,173.7,174.9,3.91,78.5,1.795,2730.3,801.4,740.4,743.4,733.4,172.6,170.1,173.6,174.6,3.92,78.0,1.764,13.6,1.201,1,injector_clog,1,0.27,39.19,141093.6
354.2,descend_land,25.63403781979978,205.3392658509456,25.951056729699665,2724.5,799.7,738.5,744.7,734.8,172.1,170.7,172.1,175.1,3.89,78.0,1.757,2730.1,801.4,740.4,743.4,733.4,172.6,170.1,173.6,174.6,3.92,78.0,1.764,13.7,1.201,1,injector_clog,1,0.27,39.16,140992.7
354.3,descend_land,25.622914349276975,202.614015572859,25.934371523915463,2734.6,802.0,739.0,743.1,733.2,173.4,170.3,174.4,174.2,3.93,78.3,1.731,2729.9,801.4,740.4,743.4,733.4,172.6,170.1,173.6,174.6,3.92,78.0,1.764,13.7,1.201,1,injector_clog,1,0.27,39.14,140891.8
354.4,descend_land,25.61179087875417,199.88876529477193,25.91768631813126,2737.5,799.1,740.6,743.0,734.9,172.1,169.7,174.6,173.9,3.93,78.6,1.8,2729.6,801.4,740.4,743.4,733.4,172.6,170.1,173.6,174.6,3.91,78.0,1.764,13.7,1.202,1,injector_clog,1,0.27,39.11,140790.9
354.5,descend_land,25.600667408231367,197.16351501668532,25.901001112347053,2723.5,801.7,740.5,744.6,736.0,174.0,170.7,173.8,174.6,3.92,78.5,1.748,2729.4,801.3,740.3,743.3,733.3,172.6,170.1,173.6,174.6,3.91,78.0,1.764,13.7,1.202,1,injector_clog,1,0.27,39.08,140690.0
354.6,descend_land,25.589543937708562,194.43826473859872,25.884315906562847,2737.2,803.0,738.8,744.5,733.5,172.8,170.2,173.6,175.1,3.88,77.6,1.753,2729.2,801.3,740.3,743.3,733.3,172.6,170.1,173.6,174.6,3.91,78.0,1.763,13.7,1.202,1,injector_clog,1,0.27,39.05,140589.1
354.7,descend_land,25.57842046718576,191.71301446051166,25.86763070077864,2728.8,800.1,739.1,742.4,732.5,173.0,170.7,172.9,173.8,3.93,77.8,1.713,2728.9,801.3,740.3,743.3,733.3,172.6,170.1,173.6,174.6,3.91,78.0,1.763,13.8,1.203,1,injector_clog,1,0.27,39.02,140488.2
354.8,descend_land,25.56729699666296,188.98776418242505,25.850945494994438,2730.5,798.7,743.0,744.5,734.3,171.3,168.3,173.9,175.0,3.9,77.7,1.816,2728.7,801.2,740.2,743.2,733.2,172.6,170.0,173.5,174.5,3.91,78.0,1.763,13.8,1.203,1,injector_clog,1,0.27,39.0,140387.3
354.9,descend_land,25.556173526140157,186.26251390433845,25.834260289210235,2721.4,802.7,741.7,744.9,731.5,173.1,169.7,174.0,174.0,3.91,78.6,1.757,2728.5,801.2,740.2,743.2,733.2,172.6,170.0,173.5,174.5,3.91,78.0,1.763,13.8,1.203,1,injector_clog,1,0.27,38.97,140286.4
355.0,descend_land,25.545050055617352,183.5372636262514,25.81757508342603,2723.4,801.6,742.0,744.0,732.1,172.3,170.3,173.4,175.8,3.97,78.7,1.775,2728.2,801.2,740.2,743.2,733.2,172.6,170.0,173.5,174.5,3.91,78.0,1.763,13.8,1.204,1,injector_clog,1,0.27,38.94,140185.5
355.1,descend_land,25.533926585094548,180.81201334816478,25.800889877641822,2732.0,801.4,739.1,747.2,731.2,172.6,170.5,172.5,175.4,3.94,78.5,1.79,2728.0,801.1,740.1,743.1,733.1,172.6,170.0,173.5,174.5,3.91,78.0,1.762,13.8,1.204,1,injector_clog,1,0.27,38.91,140084.6
355.2,descend_land,25.522803114571744,178.08676307007818,25.78420467185762,2734.9,803.6,741.8,743.0,733.0,173.5,169.6,172.4,174.3,3.91,77.4,1.75,2727.8,801.1,740.1,743.1,733.1,172.6,170.0,173.5,174.5,3.91,78.0,1.762,13.8,1.204,1,injector_clog,1,0.27,38.88,139983.7
355.3,descend_land,25.511679644048943,175.36151279199112,25.767519466073416,2731.8,800.3,739.7,746.2,733.8,172.5,170.3,173.8,174.8,3.87,78.4,1.782,2727.5,801.1,740.1,743.1,733.1,172.6,170.0,173.5,174.5,3.91,78.0,1.762,13.9,1.205,1,injector_clog,1,0.27,38.86,139882.8
355.4,descend_land,25.500556173526142,172.6362625139045,25.75083426028921,2722.3,800.5,741.5,742.6,735.3,172.0,169.5,173.6,174.5,3.88,78.5,1.778,2727.3,801.0,740.0,743.0,733.0,172.6,170.0,173.5,174.5,3.91,78.0,1.762,13.9,1.205,1,injector_clog,1,0.27,38.83,139781.9
355.5,descend_land,25.489432703003338,169.9110122358179,25.734149054505004,2733.2,801.7,739.0,743.9,733.9,173.0,170.6,173.3,175.2,3.89,78.3,1.778,2727.0,801.0,740.0,743.0,733.0,172.6,170.0,173.5,174.5,3.91,78.0,1.761,13.9,1.205,1,injector_clog,1,0.27,38.8,139681.0
355.6,descend_land,25.478309232480534,167.18576195773085,25.7174638487208,2732.5,801.5,743.3,744.6,732.2,172.8,170.1,173.7,174.8,3.9,78.2,1.767,2726.8,801.0,740.0,743.0,733.0,172.6,170.0,173.5,174.5,3.91,78.0,1.761,13.9,1.205,1,injector_clog,1,0.27,38.77,139580.1
355.7,descend_land,25.46718576195773,164.46051167964424,25.700778642936598,2728.0,802.5,740.7,740.8,731.7,173.1,170.5,173.8,174.6,3.91,77.8,1.763,2726.6,801.0,740.0,743.0,733.0,172.5,170.0,173.5,174.5,3.91,78.0,1.761,13.9,1.206,1,injector_clog,1,0.27,38.74,139479.2
355.8,descend_land,25.456062291434925,161.73526140155764,25.68409343715239,2730.7,801.7,738.1,743.2,730.9,173.1,170.2,174.7,173.8,3.89,77.8,1.776,2726.3,800.9,739.9,742.9,732.9,172.5,170.0,173.5,174.5,3.91,78.0,1.761,13.9,1.206,1,injector_clog,1,0.27,38.72,139378.3
355.9,descend_land,25.444938820912125,159.01001112347058,25.667408231368185,2724.2,801.7,738.1,742.4,733.4,171.4,169.9,174.1,173.9,3.94,77.8,1.732,2726.1,800.9,739.9,742.9,732.9,172.5,170.0,173.5,174.5,3.91,78.0,1.761,14.0,1.206,1,injector_clog,1,0.27,38.69,139277.4
356.0,descend_land,25.43381535038932,156.28476084538397,25.650723025583982,2720.3,802.5,736.8,741.9,735.3,172.7,169.5,173.4,174.2,3.96,77.9,1.758,2725.9,800.9,739.9,742.9,732.9,172.5,170.0,173.5,174.5,3.91,78.0,1.76,14.0,1.207,1,injector_clog,1,0.27,38.66,139176.5
356.1,descend_land,25.42269187986652,153.55951056729737,25.63403781979978,2726.8,798.7,740.3,742.5,732.6,173.4,169.7,173.1,174.5,3.91,78.8,1.855,2725.6,800.8,739.8,742.8,732.8,172.5,170.0,173.5,174.5,3.91,78.0,1.76,14.0,1.207,1,injector_clog,1,0.27,38.63,139075.6
356.2,descend_land,25.411568409343715,150.8342602892103,25.617352614015573,2725.5,799.7,739.8,743.8,732.3,172.1,170.3,173.9,174.3,3.93,78.2,1.75,2725.4,800.8,739.8,742.8,732.8,172.5,170.0,173.5,174.5,3.91,78.0,1.76,14.0,1.207,1,injector_clog,1,0.27,38.6,138974.7
356.3,descend_land,25.40044493882091,148.1090100111237,25.600667408231367,2722.7,799.5,740.3,739.6,733.4,172.2,170.0,174.0,174.8,3.89,78.1,1.736,2725.1,800.8,739.8,742.8,732.8,172.5,170.0,173.5,174.5,3.91,78.0,1.76,14.0,1.208,1,injector_clog,1,0.27,38.58,138873.8
356.4,descend_land,25.389321468298107,145.38375973303664,25.583982202447164,2728.5,800.8,738.3,743.3,731.7,173.2,170.5,172.9,174.7,3.89,77.7,1.758,2724.9,800.7,739.7,742.7,732.7,172.5,170.0,173.5,174.5,3.91,78.0,1.76,14.1,1.208,1,injector_clog,1,0.27,38.55,138772.9
356.5,descend_land,25.378197997775306,142.65850945495004,25.56729699666296,2722.9,798.1,738.0,743.5,732.3,172.1,169.9,173.3,175.1,3.93,77.4,1.772,2724.7,800.7,739.7,742.7,732.7,172.5,170.0,173.5,174.5,3.91,78.0,1.759,14.1,1.208,1,injector_clog,1,0.27,38.52,138672.0
356.6,descend_land,25.367074527252502,139.93325917686343,25.550611790878754,2733.9,805.2,742.5,747.1,730.5,171.9,170.9,175.1,174.9,3.97,77.7,1.726,2724.4,800.7,739.7,742.7,732.7,172.5,169.9,173.4,174.4,3.91,78.0,1.759,14.1,1.209,1,injector_clog,1,0.27,38.49,138571.1
356.7,descend_land,25.3559510567297,137.20800889877637,25.533926585094548,2722.7,800.9,738.9,742.0,733.8,172.7,169.7,173.4,174.0,3.92,78.3,1.748,2724.2,800.7,739.7,742.7,732.7,172.5,169.9,173.4,174.4,3.91,78.0,1.759,14.1,1.209,1,injector_clog,1,0.27,38.46,138470.2
356.8,descend_land,25.344827586206897,134.48275862068976,25.517241379310345,2717.9,800.7,738.1,744.4,732.2,173.6,169.4,172.9,174.6,3.92,77.8,1.729,2724.0,800.6,739.6,742.6,732.6,172.5,169.9,173.4,174.4,3.91,78.0,1.759,14.1,1.209,1,injector_clog,1,0.27,38.44,138369.3
356.9,descend_land,25.333704115684093,131.75750834260316,25.500556173526142,2720.3,799.0,737.4,743.6,732.6,172.2,169.0,173.6,174.2,3.89,78.0,1.767,2723.7,800.6,739.6,742.6,732.6,172.5,169.9,173.4,174.4,3.91,78.0,1.758,14.1,1.21,1,injector_clog,1,0.27,38.41,138268.4
357.0,descend_land,25.32258064516129,129.0322580645161,25.483870967741936,2721.7,801.7,738.2,741.9,731.1,171.1,170.9,173.4,174.1,3.9,78.5,1.775,2723.5,800.6,739.6,742.6,732.6,172.5,169.9,173.4,174.4,3.91,78.0,1.758,14.2,1.21,1,injector_clog,1,0.27,38.38,138167.5
357.1,descend_land,25.311457174638488,126.3070077864295,25.46718576195773,2709.9,801.3,739.2,742.7,731.1,173.3,170.2,173.8,174.1,3.92,78.3,1.742,2723.2,800.5,739.5,742.5,732.5,172.5,169.9,173.4,174.4,3.91,78.0,1.758,14.2,1.21,1,injector_clog,1,0.27,38.35,138066.6
357.2,descend_land,25.300333704115683,123.58175750834289,25.450500556173527,2721.3,801.4,741.4,742.7,729.3,172.0,169.8,173.1,174.1,3.93,78.0,1.781,2723.0,800.5,739.5,742.5,732.5,172.5,169.9,173.4,174.4,3.91,78.0,1.758,14.2,1.211,1,injector_clog,1,0.27,38.32,137965.7
357.3,descend_land,25.289210233592883,120.85650723025583,25.433815350389324,2712.7,799.5,739.0,743.5,731.0,172.3,170.0,173.3,175.7,3.89,77.3,1.79,2722.8,800.5,739.5,742.5,732.5,172.5,169.9,173.4,174.4,3.91,78.0,1.758,14.2,1.211,1,injector_clog,1,0.27,38.3,137864.8
357.4,descend_land,25.27808676307008,118.13125695216922,25.417130144605117,2721.5,800.3,736.9,741.3,732.4,172.6,168.9,172.6,174.5,3.95,78.3,1.729,2722.5,800.4,739.4,742.4,732.4,172.5,169.9,173.4,174.4,3.91,78.0,1.757,14.2,1.211,1,injector_clog,1,0.27,38.27,137763.9
357.5,descend_land,25.266963292547274,115.40600667408262,25.40044493882091,2727.5,799.6,742.7,741.3,730.9,171.7,169.8,173.2,175.1,3.91,78.0,1.788,2722.3,800.4,739.4,742.4,732.4,172.4,169.9,173.4,174.4,3.91,78.0,1.757,14.2,1.211,1,injector_clog,1,0.27,38.24,137663.0
357.6,descend_land,25.25583982202447,112.68075639599556,25.383759733036708,2719.5,801.6,737.3,743.3,732.4,171.3,170.0,172.7,173.4,3.96,77.8,1.744,2722.0,800.4,739.4,742.4,732.4,172.4,169.9,173.4,174.4,3.91,78.0,1.757,14.3,1.212,1,injector_clog,1,0.27,38.21,137562.1
357.7,descend_land,25.24471635150167,109.95550611790895,25.367074527252505,2726.9,799.9,737.1,741.6,732.6,172.9,170.4,174.5,174.7,3.87,77.4,1.716,2721.8,800.3,739.3,742.3,732.3,172.4,169.9,173.4,174.4,3.91,78.0,1.757,14.3,1.212,1,injector_clog,1,0.27,38.18,137461.2
357.8,descend_land,25.233592880978865,107.23025583982235,25.3503893214683,2717.9,801.4,739.2,743.4,733.8,173.1,169.4,173.2,174.5,3.91,78.4,1.702,2721.6,800.3,739.3,742.3,732.3,172.4,169.9,173.4,174.4,3.91,78.0,1.757,14.3,1.212,1,injector_clog,1,0.27,38.16,137360.3
357.9,descend_land,25.222469410456064,104.50500556173529,25.333704115684093,2726.1,799.6,739.0,741.5,733.0,173.6,170.2,173.3,172.9,3.89,77.9,1.721,2721.3,800.3,739.3,742.3,732.3,172.4,169.9,173.4,174.4,3.91,78.0,1.756,14.3,1.213,1,injector_clog,1,0.27,38.13,137259.4
358.0,descend_land,25.21134593993326,101.77975528364868,25.31701890989989,2730.3,798.5,740.7,743.4,733.6,171.9,170.4,173.0,174.0,3.89,77.6,1.757,2721.1,800.3,739.3,742.3,732.3,172.4,169.9,173.4,174.4,3.91,78.0,1.756,14.3,1.213,1,injector_clog,1,0.27,38.1,137158.5
358.1,descend_land,25.200222469410456,99.05450500556208,25.300333704115687,2724.2,801.8,738.6,745.0,733.0,172.5,170.7,173.7,174.2,3.92,78.2,1.717,2720.8,800.2,739.2,742.2,732.2,172.4,169.9,173.4,174.4,3.91,78.0,1.756,14.4,1.213,1,injector_clog,1,0.27,38.07,137057.6
358.2,descend_land,25.18909899888765,96.32925472747502,25.28364849833148,2712.8,803.4,737.5,741.8,730.9,172.6,169.6,173.4,175.6,3.89,77.3,1.76,2720.6,800.2,739.2,742.2,732.2,172.4,169.9,173.4,174.4,3.91,78.0,1.756,14.4,1.214,1,injector_clog,1,0.27,38.04,136956.7
358.3,descend_land,25.177975528364847,93.60400444938841,25.266963292547274,2721.0,799.3,738.2,743.2,734.1,172.6,170.0,174.1,174.5,3.93,78.3,1.715,2720.4,800.2,739.2,742.2,732.2,172.4,169.9,173.4,174.4,3.91,78.0,1.755,14.4,1.214,1,injector_clog,1,0.27,38.02,136855.8
358.4,descend_land,25.166852057842046,90.87875417130181,25.25027808676307,2726.3,800.7,739.8,741.3,733.9,171.8,170.6,173.4,174.8,3.88,77.4,1.773,2720.1,800.1,739.1,742.1,732.1,172.4,169.8,173.3,174.3,3.91,78.0,1.755,14.4,1.214,1,injector_clog,1,0.27,37.99,136754.9
358.5,descend_land,25.155728587319246,88.15350389321475,25.23359288097887,2721.3,798.4,737.8,745.4,733.7,172.8,169.9,172.8,173.6,3.9,77.7,1.745,2719.9,800.1,739.1,742.1,732.1,172.4,169.8,173.3,174.3,3.91,78.0,1.755,14.4,1.215,1,injector_clog,1,0.27,37.96,136654.0
358.6,descend_land,25.14460511679644,85.42825361512814,25.216907675194662,2727.1,799.4,736.2,740.9,729.7,171.9,169.6,172.7,175.8,3.93,79.0,1.719,2719.6,800.1,739.1,742.1,732.1,172.4,169.8,173.3,174.3,3.91,78.0,1.755,14.4,1.215,1,injector_clog,1,0.27,37.93,136553.1
358.7,descend_land,25.133481646273637,82.70300333704108,25.200222469410456,2718.8,801.6,739.9,742.1,733.8,173.1,169.3,174.4,174.8,3.92,76.9,1.756,2719.4,800.0,739.0,742.0,732.0,172.4,169.8,173.3,174.3,3.91,78.0,1.755,14.5,1.215,1,injector_clog,1,0.27,37.9,136452.2
358.8,descend_land,25.122358175750833,79.97775305895448,25.18353726362625,2718.6,799.8,740.1,739.6,733.8,172.1,170.0,173.4,174.6,3.87,78.3,1.709,2719.2,800.0,739.0,742.0,732.0,172.4,169.8,173.3,174.3,3.91,78.0,1.754,14.5,1.216,1,injector_clog,1,0.27,37.88,136351.3
358.9,descend_land,25.11123470522803,77.25250278086787,25.166852057842046,2721.7,799.4,741.4,741.7,732.1,171.3,169.8,173.8,174.8,3.88,78.4,1.81,2718.9,800.0,739.0,742.0,732.0,172.4,169.8,173.3,174.3,3.91,78.1,1.754,14.5,1.216,1,injector_clog,1,0.27,37.85,136250.4
359.0,descend_land,25.100111234705228,74.52725250278081,25.150166852057843,2721.0,801.5,740.4,742.6,731.8,171.8,169.6,172.9,174.2,3.91,78.2,1.775,2718.7,800.0,739.0,742.0,732.0,172.4,169.8,173.3,174.3,3.91,78.1,1.754,14.5,1.216,1,injector_clog,1,0.27,37.82,136149.5
359.1,descend_land,25.088987764182427,71.8020022246942,25.133481646273637,2713.9,800.8,738.2,742.8,730.8,171.7,170.4,173.2,173.7,3.93,77.9,1.775,2718.4,799.9,738.9,741.9,731.9,172.4,169.8,173.3,174.3,3.91,78.1,1.754,14.5,1.217,1,injector_clog,1,0.27,37.79,136048.6
359.2,descend_land,25.077864293659623,69.0767519466076,25.11679644048943,2714.4,799.6,738.5,741.4,731.2,171.8,169.8,173.3,175.5,3.87,78.1,1.689,2718.2,799.9,738.9,741.9,731.9,172.4,169.8,173.3,174.3,3.91,78.1,1.754,14.6,1.217,1,injector_clog,1,0.27,37.76,135947.7
359.3,descend_land,25.06674082313682,66.35150166852054,25.100111234705228,2722.2,799.4,740.4,739.0,730.9,172.9,168.9,174.0,175.9,3.91,78.4,1.843,2717.9,799.9,738.9,741.9,731.9,172.3,169.8,173.3,174.3,3.91,78.1,1.753,14.6,1.217,1,injector_clog,1,0.27,37.74,135846.8
359.4,descend_land,25.055617352614014,63.626251390433936,25.083426028921025,2712.3,800.2,739.3,740.6,730.2,172.3,169.7,172.4,174.4,3.91,78.4,1.742,2717.7,799.8,738.8,741.8,731.8,172.3,169.8,173.3,174.3,3.91,78.1,1.753,14.6,1.218,1,injector_clog,1,0.27,37.71,135745.9
359.5,descend_land,25.04449388209121,60.90100111234733,25.06674082313682,2719.1,799.2,739.7,740.9,733.7,172.8,169.6,173.5,173.8,3.9,78.2,1.727,2717.5,799.8,738.8,741.8,731.8,172.3,169.8,173.3,174.3,3.91,78.1,1.753,14.6,1.218,1,injector_clog,1,0.27,37.68,135645.0
359.6,descend_land,25.03337041156841,58.17575083426027,25.050055617352612,2708.1,801.6,739.0,741.5,730.9,171.8,169.9,172.4,173.9,3.88,77.8,1.76,2717.2,799.8,738.8,741.8,731.8,172.3,169.8,173.3,174.3,3.91,78.1,1.753,14.6,1.218,1,injector_clog,1,0.27,37.65,135544.1
359.7,descend_land,25.02224694104561,55.450500556173665,25.03337041156841,2715.1,799.7,739.8,741.5,732.4,173.8,169.1,172.9,173.8,3.9,78.4,1.724,2717.0,799.7,738.7,741.7,731.7,172.3,169.8,173.3,174.3,3.91,78.1,1.752,14.6,1.219,1,injector_clog,1,0.27,37.62,135443.2
359.8,descend_land,25.011123470522804,52.72525027808706,25.016685205784206,2715.5,798.1,737.0,742.1,732.8,172.4,171.2,173.5,174.6,3.91,78.1,1.754,2716.7,799.7,738.7,741.7,731.7,172.3,169.8,173.3,174.3,3.91,78.1,1.752,14.7,1.219,1,injector_clog,1,0.27,37.6,135342.3
359.9,descend_land,25.0,50.0,25.0,2723.9,801.2,741.3,739.6,731.1,172.6,168.8,173.3,173.8,3.91,77.6,1.741,2716.5,799.7,738.7,741.7,731.7,172.3,169.8,173.3,174.3,3.91,78.1,1.752,14.7,1.219,1,injector_clog,1,0.27,37.57,135241.4
