timestamp_sec,flight_phase,throttle_pct,altitude_m,airspeed_mps,rpm,egt1,egt2,egt3,egt4,cht1,cht2,cht3,cht4,oil_press_bar,oil_temp_c,fuel_flow_gps,rpm_true,egt1_true,egt2_true,egt3_true,egt4_true,cht1_true,cht2_true,cht3_true,cht4_true,oil_press_bar_true,oil_temp_c_true,fuel_flow_gps_true,ambient_temp_c,air_density_kg_m3,is_faulty,fault_type,fault_cylinder,fault_severity,rul_remaining_hours,rul_remaining_sec
0.0,takeoff_climb,98.0,0.0,28.0,2347.1,691.6,695.5,699.8,692.7,160.8,161.4,163.0,164.7,2.77,78.1,5.52,2350.2,690.1,695.3,698.3,692.0,160.3,161.4,163.4,164.4,2.71,78.0,5.496,15.0,1.225,0,nominal,0,0.0,195.0,702000.0
0.1,takeoff_climb,97.99110122358175,3.5595105672969964,28.015572858731925,2969.5,701.5,704.3,710.3,701.9,159.6,160.9,162.7,166.0,3.04,78.1,5.501,2963.7,699.6,704.9,707.9,701.5,160.7,161.7,163.7,164.7,3.05,78.0,5.494,15.0,1.225,0,nominal,0,0.0,195.0,701999.9
0.2,takeoff_climb,97.98220244716352,7.119021134593993,28.031145717463847,3471.2,709.6,715.7,718.0,710.4,161.6,161.6,164.4,165.4,3.38,78.4,5.51,3465.5,708.6,714.1,717.1,710.5,161.0,162.1,164.1,165.1,3.36,78.0,5.492,15.0,1.224,0,nominal,0,0.0,195.0,701999.8
0.3,takeoff_climb,97.97330367074527,10.67853170189099,28.046718576195772,3872.4,715.8,722.9,723.8,720.8,161.2,162.4,164.1,164.7,3.6,78.1,5.49,3875.8,717.1,722.7,725.7,718.9,161.4,162.4,164.4,165.4,3.64,78.1,5.49,14.9,1.224,0,nominal,0,0.0,195.0,701999.7
0.4,takeoff_climb,97.96440489432703,14.238042269187986,28.062291434927698,4213.0,727.5,732.5,735.1,725.7,162.6,162.8,164.7,166.7,3.89,77.2,5.516,4211.2,725.2,730.9,733.9,726.9,161.7,162.7,164.8,165.8,3.87,78.1,5.487,14.9,1.223,0,nominal,0,0.0,195.0,701999.6
0.5,takeoff_climb,97.95550611790878,17.797552836484982,28.077864293659623,4493.5,733.2,738.1,741.6,733.1,163.1,163.8,165.3,166.1,4.05,78.6,5.461,4485.5,732.7,738.6,741.6,734.5,162.0,163.1,165.1,166.1,4.06,78.1,5.485,14.9,1.223,0,nominal,0,0.0,195.0,701999.5
0.6,takeoff_climb,97.94660734149055,21.35706340378198,28.093437152391544,4702.0,739.1,744.6,746.9,741.3,161.9,163.3,165.9,166.8,4.24,77.5,5.459,4709.6,739.9,745.9,748.9,741.6,162.4,163.4,165.5,166.5,4.22,78.1,5.483,14.9,1.223,0,nominal,0,0.0,195.0,701999.4
0.7,takeoff_climb,97.9377085650723,24.916573971078975,28.10901001112347,4896.6,748.4,750.1,754.7,749.6,162.3,162.9,165.5,166.5,4.38,78.0,5.558,4892.7,746.7,752.8,755.8,748.3,162.7,163.7,165.8,166.8,4.34,78.1,5.481,14.8,1.222,0,nominal,0,0.0,195.0,701999.3
0.8,takeoff_climb,97.92880978865406,28.47608453837597,28.124582869855395,5036.7,750.3,760.9,763.4,754.8,161.8,164.7,166.4,166.2,4.42,77.8,5.444,5042.3,753.1,759.3,762.3,754.7,163.0,164.1,166.2,167.2,4.44,78.2,5.479,14.8,1.222,0,nominal,0,0.0,195.0,701999.2
0.9,takeoff_climb,97.91991101223581,32.03559510567297,28.14015572858732,5163.6,758.1,765.0,768.7,761.9,163.4,164.1,166.6,167.4,4.49,79.0,5.437,5164.5,759.1,765.4,768.4,760.7,163.4,164.4,166.5,167.5,4.52,78.2,5.477,14.8,1.221,0,nominal,0,0.0,195.0,701999.1
1.0,takeoff_climb,97.91101223581758,35.595105672969964,28.155728587319242,5271.2,763.9,768.8,773.9,765.3,164.3,165.2,167.9,166.8,4.56,78.8,5.459,5264.2,764.8,771.2,774.2,766.3,163.7,164.7,166.9,167.9,4.59,78.2,5.475,14.8,1.221,0,nominal,0,0.0,195.0,701999.0
1.1,takeoff_climb,97.90211345939933,39.15461624026696,28.171301446051167,5346.8,768.4,777.6,781.1,768.9,163.7,166.1,166.8,167.9,4.58,78.4,5.467,5345.5,770.2,776.7,779.7,771.7,164.0,165.0,167.2,168.2,4.64,78.3,5.473,14.7,1.22,0,nominal,0,0.0,195.0,701998.9
1.2,takeoff_climb,97.8932146829811,42.71412680756396,28.186874304783093,5408.3,774.4,779.1,784.9,776.0,165.0,165.1,168.1,169.3,4.68,78.3,5.438,5411.8,775.2,781.8,784.8,776.7,164.3,165.4,167.5,168.5,4.68,78.3,5.471,14.7,1.22,0,nominal,0,0.0,195.0,701998.8
1.3,takeoff_climb,97.88431590656285,46.273637374860954,28.202447163515018,5471.4,779.3,786.5,790.7,780.5,165.0,166.0,167.7,168.7,4.73,78.6,5.496,5465.9,780.0,786.7,789.7,781.5,164.6,165.7,167.8,168.8,4.71,78.3,5.469,14.7,1.22,0,nominal,0,0.0,195.0,701998.7
1.4,takeoff_climb,97.87541713014461,49.83314794215795,28.21802002224694,5504.0,782.3,789.5,793.1,785.3,164.9,166.5,168.7,167.5,4.77,78.2,5.487,5509.8,784.6,791.3,794.3,786.0,164.9,166.0,168.2,169.2,4.73,78.4,5.467,14.7,1.219,0,nominal,0,0.0,195.0,701998.6
1.5,takeoff_climb,97.86651835372636,53.39265850945495,28.233592880978865,5540.3,789.3,795.8,798.7,791.1,165.2,166.5,168.8,169.5,4.8,78.4,5.497,5545.5,788.9,795.7,798.7,790.3,165.2,166.3,168.5,169.5,4.75,78.4,5.465,14.7,1.219,0,nominal,0,0.0,195.0,701998.5
1.6,takeoff_climb,97.85761957730811,56.95216907675194,28.24916573971079,5573.8,793.9,799.3,805.1,793.2,165.4,167.1,169.3,169.7,4.8,79.0,5.473,5574.5,792.9,799.8,802.8,794.3,165.5,166.6,168.8,169.8,4.77,78.4,5.463,14.6,1.218,0,nominal,0,0.0,195.0,701998.4
1.7,takeoff_climb,97.84872080088988,60.51167964404894,28.264738598442715,5590.0,797.1,801.1,807.7,799.7,166.2,167.5,168.9,169.5,4.77,78.1,5.453,5598.0,796.7,803.6,806.6,798.1,165.8,166.9,169.1,170.1,4.78,78.5,5.461,14.6,1.218,0,nominal,0,0.0,195.0,701998.3
1.8,takeoff_climb,97.83982202447163,64.07119021134594,28.280311457174637,5622.9,800.9,808.2,808.3,801.4,166.4,166.1,168.9,169.8,4.79,78.6,5.454,5617.0,800.3,807.3,810.3,801.7,166.1,167.2,169.4,170.4,4.79,78.5,5.459,14.6,1.217,0,nominal,0,0.0,195.0,701998.2
1.9,takeoff_climb,97.8309232480534,67.63070077864293,28.295884315906562,5630.2,805.1,811.0,813.8,806.4,166.3,166.7,168.9,171.4,4.8,79.1,5.494,5632.3,803.7,810.8,813.8,805.0,166.4,167.5,169.8,170.8,4.8,78.6,5.457,14.6,1.217,0,nominal,0,0.0,195.0,701998.1
2.0,takeoff_climb,97.82202447163515,71.19021134593993,28.311457174638488,5640.1,808.5,811.4,817.9,807.8,167.3,167.5,169.7,170.9,4.78,78.4,5.453,5644.5,806.9,814.0,817.0,808.2,166.7,167.8,170.1,171.1,4.81,78.6,5.455,14.5,1.217,0,nominal,0,0.0,195.0,701998.0
2.1,takeoff_climb,97.81312569521691,74.74972191323693,28.327030033370413,5650.9,809.3,817.8,819.6,810.8,167.6,168.2,170.0,170.8,4.83,78.3,5.457,5654.3,810.0,817.1,820.1,811.3,167.0,168.1,170.4,171.4,4.81,78.6,5.453,14.5,1.216,0,nominal,0,0.0,195.0,701997.9
2.2,takeoff_climb,97.80422691879866,78.30923248053392,28.342602892102335,5659.1,810.6,821.6,823.2,813.6,167.6,168.6,169.5,171.3,4.78,78.1,5.45,5662.1,812.8,820.0,823.0,814.1,167.3,168.4,170.7,171.7,4.81,78.7,5.451,14.5,1.216,0,nominal,0,0.0,195.0,701997.8
2.3,takeoff_climb,97.79532814238043,81.86874304783092,28.35817575083426,5657.4,814.8,824.3,823.6,817.0,167.1,168.8,170.4,171.7,4.82,79.3,5.432,5668.2,815.5,822.8,825.8,816.8,167.6,168.7,171.0,172.0,4.82,78.7,5.449,14.5,1.215,0,nominal,0,0.0,195.0,701997.7
2.4,takeoff_climb,97.78642936596218,85.42825361512791,28.373748609566185,5679.8,818.0,824.6,826.7,819.6,167.3,168.6,170.9,172.5,4.84,78.6,5.42,5673.0,818.1,825.4,828.4,819.3,167.9,169.0,171.3,172.3,4.82,78.7,5.447,14.4,1.215,0,nominal,0,0.0,195.0,701997.6
2.5,takeoff_climb,97.77753058954394,88.98776418242491,28.38932146829811,5682.5,818.9,828.9,830.1,823.4,168.4,168.6,171.7,172.2,4.85,78.7,5.418,5676.7,820.5,827.8,830.8,821.7,168.2,169.3,171.6,172.6,4.82,78.8,5.445,14.4,1.215,0,nominal,0,0.0,195.0,701997.5
2.6,takeoff_climb,97.7686318131257,92.54727474972191,28.404894327030032,5672.6,822.6,829.6,831.2,824.4,168.6,168.4,172.0,173.1,4.83,78.9,5.411,5679.5,822.8,830.2,833.2,824.0,168.5,169.6,171.9,172.9,4.82,78.8,5.443,14.4,1.214,0,nominal,0,0.0,195.0,701997.4
2.7,takeoff_climb,97.75973303670746,96.1067853170189,28.420467185761957,5687.4,823.1,832.5,834.9,826.8,168.4,170.5,172.1,174.1,4.78,78.8,5.415,5681.5,825.0,832.3,835.3,826.2,168.7,169.8,172.2,173.2,4.82,78.8,5.441,14.4,1.214,0,nominal,0,0.0,195.0,701997.3
2.8,takeoff_climb,97.75083426028921,99.6662958843159,28.436040044493883,5676.5,826.8,835.0,835.7,829.7,168.4,171.9,172.3,173.2,4.83,78.9,5.456,5682.9,827.0,834.4,837.4,828.2,169.0,170.1,172.4,173.4,4.83,78.9,5.438,14.4,1.213,0,nominal,0,0.0,195.0,701997.2
2.9,takeoff_climb,97.74193548387096,103.2258064516129,28.451612903225808,5683.8,828.8,838.2,839.0,830.2,169.6,171.6,173.0,172.7,4.77,78.6,5.412,5683.8,828.9,836.4,839.4,830.1,169.3,170.4,172.7,173.7,4.83,78.9,5.436,14.3,1.213,0,nominal,0,0.0,195.0,701997.1
3.0,takeoff_climb,97.73303670745273,106.7853170189099,28.46718576195773,5685.6,829.8,839.0,840.9,831.7,169.1,171.1,172.8,173.8,4.82,79.2,5.4,5684.3,830.7,838.2,841.2,831.9,169.6,170.7,173.0,174.0,4.83,78.9,5.434,14.3,1.213,0,nominal,0,0.0,195.0,701997.0
3.1,takeoff_climb,97.72413793103448,110.34482758620689,28.482758620689655,5684.9,835.5,838.6,843.7,833.1,170.1,170.9,173.4,173.7,4.85,79.3,5.404,5684.5,832.4,839.9,842.9,833.6,169.8,170.9,173.3,174.3,4.83,79.0,5.432,14.3,1.212,0,nominal,0,0.0,195.0,701996.9
3.2,takeoff_climb,97.71523915461624,113.90433815350389,28.49833147942158,5690.6,833.3,841.6,846.9,835.3,169.0,171.5,172.4,174.7,4.81,79.5,5.435,5684.4,834.0,841.6,844.6,835.2,170.1,171.2,173.6,174.6,4.83,79.0,5.43,14.3,1.212,0,nominal,0,0.0,195.0,701996.8
3.3,takeoff_climb,97.70634037819799,117.46384872080088,28.513904338153505,5679.3,833.8,843.3,846.1,836.5,169.5,171.2,173.2,174.9,4.84,78.9,5.415,5684.1,835.6,843.1,846.1,836.7,170.4,171.5,173.8,174.8,4.83,79.0,5.428,14.2,1.211,0,nominal,0,0.0,195.0,701996.7
3.4,takeoff_climb,97.69744160177976,121.02335928809788,28.529477196885427,5684.2,838.1,845.7,848.8,840.0,169.6,171.8,173.9,174.8,4.82,78.8,5.422,5683.6,837.0,844.6,847.6,838.2,170.6,171.7,174.1,175.1,4.83,79.1,5.426,14.2,1.211,0,nominal,0,0.0,195.0,701996.6
3.5,takeoff_climb,97.68854282536151,124.58286985539488,28.545050055617352,5689.7,839.8,846.3,850.0,838.6,170.8,170.2,174.6,175.5,4.84,78.8,5.438,5683.0,838.4,846.0,849.0,839.5,170.9,172.0,174.4,175.4,4.83,79.1,5.424,14.2,1.21,0,nominal,0,0.0,195.0,701996.5
3.6,takeoff_climb,97.67964404894327,128.14238042269187,28.560622914349278,5683.5,838.8,845.1,849.2,840.5,171.1,171.9,174.9,175.1,4.85,79.5,5.426,5682.2,839.7,847.3,850.3,840.8,171.1,172.3,174.7,175.7,4.83,79.1,5.422,14.2,1.21,0,nominal,0,0.0,195.0,701996.4
3.7,takeoff_climb,97.67074527252502,131.70189098998887,28.576195773081203,5685.2,839.5,847.4,850.5,842.7,170.4,172.2,174.9,176.1,4.9,79.1,5.467,5681.4,840.9,848.5,851.5,842.0,171.4,172.5,174.9,175.9,4.83,79.2,5.42,14.1,1.21,0,nominal,0,0.0,195.0,701996.3
3.8,takeoff_climb,97.66184649610679,135.26140155728586,28.591768631813125,5683.2,841.8,849.2,851.5,840.4,171.9,173.4,175.2,176.3,4.85,79.4,5.426,5680.4,842.0,849.7,852.7,843.1,171.6,172.8,175.2,176.2,4.83,79.2,5.418,14.1,1.209,0,nominal,0,0.0,195.0,701996.2
3.9,takeoff_climb,97.65294771968854,138.82091212458286,28.60734149054505,5689.8,844.0,849.4,853.3,844.6,171.8,172.3,176.8,176.8,4.82,79.4,5.402,5679.4,843.1,850.8,853.8,844.2,171.9,173.0,175.5,176.5,4.83,79.2,5.416,14.1,1.209,0,nominal,0,0.0,195.0,701996.1
4.0,takeoff_climb,97.6440489432703,142.38042269187986,28.622914349276975,5681.5,844.0,851.6,856.0,846.5,171.6,173.7,175.7,177.1,4.81,79.2,5.376,5678.4,844.1,851.8,854.8,845.2,172.1,173.3,175.7,176.7,4.83,79.3,5.414,14.1,1.208,0,nominal,0,0.0,195.0,701996.0
4.1,takeoff_climb,97.63515016685206,145.93993325917685,28.6384872080089,5678.2,844.1,854.6,854.0,845.1,172.4,173.0,176.4,177.5,4.77,79.4,5.411,5677.3,845.1,852.8,855.8,846.2,172.4,173.5,176.0,177.0,4.83,79.3,5.412,14.1,1.208,0,nominal,0,0.0,195.0,701995.9
4.2,takeoff_climb,97.62625139043382,149.49944382647385,28.654060066740822,5679.6,846.2,853.9,855.7,846.6,172.1,174.2,175.9,177.2,4.81,79.8,5.355,5676.1,846.0,853.7,856.7,847.1,172.6,173.8,176.2,177.2,4.83,79.3,5.41,14.0,1.208,0,nominal,0,0.0,195.0,701995.8
4.3,takeoff_climb,97.61735261401557,153.05895439377085,28.669632925472747,5676.6,848.8,854.4,856.0,848.0,172.1,174.1,175.8,178.4,4.82,79.4,5.426,5675.0,846.9,854.6,857.6,847.9,172.9,174.0,176.5,177.5,4.83,79.4,5.408,14.0,1.207,0,nominal,0,0.0,195.0,701995.7
4.4,takeoff_climb,97.60845383759732,156.61846496106784,28.685205784204673,5675.5,847.6,853.7,858.8,847.7,172.4,175.0,178.0,177.1,4.81,78.9,5.397,5673.8,847.7,855.4,858.4,848.8,173.1,174.3,176.7,177.7,4.83,79.4,5.406,14.0,1.207,0,nominal,0,0.0,195.0,701995.6
4.5,takeoff_climb,97.59955506117909,160.17797552836484,28.700778642936598,5664.5,848.3,857.7,859.9,847.0,174.1,173.5,177.8,177.5,4.81,78.5,5.454,5672.6,848.4,856.2,859.2,849.5,173.3,174.5,177.0,178.0,4.83,79.4,5.404,14.0,1.206,0,nominal,0,0.0,195.0,701995.5
4.6,takeoff_climb,97.59065628476084,163.73748609566184,28.71635150166852,5669.4,849.7,855.6,859.1,851.6,174.6,175.2,177.1,178.6,4.82,79.8,5.421,5671.3,849.2,857.0,860.0,850.2,173.6,174.7,177.2,178.2,4.83,79.5,5.402,13.9,1.206,0,nominal,0,0.0,195.0,701995.4
4.7,takeoff_climb,97.5817575083426,167.29699666295883,28.731924360400445,5680.6,850.6,857.9,858.1,851.7,174.1,175.1,177.6,178.5,4.81,79.2,5.374,5670.1,849.8,857.7,860.7,850.9,173.8,175.0,177.5,178.5,4.83,79.5,5.4,13.9,1.205,0,nominal,0,0.0,195.0,701995.3
4.8,takeoff_climb,97.57285873192436,170.85650723025583,28.74749721913237,5663.9,851.3,859.1,863.3,851.2,173.2,174.9,177.1,178.6,4.83,79.1,5.345,5668.8,850.5,858.3,861.3,851.6,174.1,175.2,177.7,178.7,4.83,79.5,5.398,13.9,1.205,0,nominal,0,0.0,195.0,701995.2
4.9,takeoff_climb,97.56395995550612,174.41601779755283,28.763070077864292,5670.7,851.4,859.6,863.4,854.7,174.2,175.1,177.5,178.7,4.83,80.3,5.377,5667.6,851.1,858.9,861.9,852.2,174.3,175.5,178.0,179.0,4.83,79.5,5.396,13.9,1.205,0,nominal,0,0.0,195.0,701995.1
5.0,takeoff_climb,97.55506117908787,177.97552836484982,28.778642936596217,5662.9,854.1,857.8,861.7,854.7,173.8,176.5,177.8,178.9,4.86,79.6,5.382,5666.3,851.7,859.5,862.5,852.7,174.5,175.7,178.2,179.2,4.83,79.6,5.394,13.8,1.204,0,nominal,0,0.0,195.0,701995.0
5.1,takeoff_climb,97.54616240266964,181.53503893214682,28.794215795328142,5664.6,850.1,861.2,863.4,852.7,175.3,175.5,178.6,179.3,4.78,79.9,5.413,5665.0,852.2,860.1,863.1,853.3,174.7,175.9,178.4,179.4,4.83,79.6,5.392,13.8,1.204,0,nominal,0,0.0,195.0,701994.9
5.2,takeoff_climb,97.53726362625139,185.09454949944381,28.809788654060068,5662.8,853.8,859.6,863.3,855.2,175.6,176.4,179.7,179.4,4.79,79.7,5.401,5663.7,852.7,860.6,863.6,853.8,175.0,176.1,178.7,179.7,4.83,79.6,5.39,13.8,1.203,0,nominal,0,0.0,195.0,701994.8
5.3,takeoff_climb,97.52836484983315,188.6540600667408,28.825361512791993,5654.3,855.9,861.5,867.7,853.7,175.6,175.5,178.3,179.8,4.8,79.1,5.378,5662.5,853.2,861.1,864.1,854.3,175.2,176.4,178.9,179.9,4.83,79.7,5.388,13.8,1.203,0,nominal,0,0.0,195.0,701994.7
5.4,takeoff_climb,97.5194660734149,192.2135706340378,28.840934371523915,5660.2,854.7,862.4,863.5,854.7,175.9,174.8,179.2,180.2,4.84,80.0,5.417,5661.2,853.7,861.5,864.5,854.7,175.4,176.6,179.1,180.1,4.83,79.7,5.386,13.8,1.203,0,nominal,0,0.0,195.0,701994.6
5.5,takeoff_climb,97.51056729699667,195.7730812013348,28.85650723025584,5673.6,855.0,863.6,864.7,854.9,175.9,176.3,179.1,180.9,4.82,79.3,5.365,5659.9,854.1,862.0,865.0,855.1,175.6,176.8,179.4,180.4,4.83,79.7,5.384,13.7,1.202,0,nominal,0,0.0,195.0,701994.5
5.6,takeoff_climb,97.50166852057842,199.3325917686318,28.872080088987765,5646.6,852.4,862.5,866.4,855.0,175.1,177.4,180.3,180.0,4.87,79.7,5.464,5658.6,854.5,862.4,865.4,855.5,175.8,177.0,179.6,180.6,4.83,79.8,5.382,13.7,1.202,0,nominal,0,0.0,195.0,701994.4
5.7,takeoff_climb,97.49276974416017,202.8921023359288,28.887652947719687,5656.7,854.5,865.0,866.5,854.1,175.9,177.1,180.2,181.3,4.79,80.0,5.386,5657.3,854.9,862.8,865.8,855.9,176.1,177.2,179.8,180.8,4.83,79.8,5.38,13.7,1.201,0,nominal,0,0.0,195.0,701994.3
5.8,takeoff_climb,97.48387096774194,206.4516129032258,28.903225806451612,5662.9,856.7,864.5,865.0,855.7,176.0,176.8,180.2,180.1,4.79,79.8,5.392,5656.0,855.3,863.2,866.2,856.3,176.3,177.5,180.0,181.0,4.83,79.8,5.378,13.7,1.201,0,nominal,0,0.0,195.0,701994.2
5.9,takeoff_climb,97.47497219132369,210.0111234705228,28.918798665183537,5657.0,857.7,862.8,866.0,854.9,175.6,177.5,180.4,182.2,4.85,79.8,5.366,5654.7,855.6,863.5,866.5,856.6,176.5,177.7,180.3,181.3,4.83,79.8,5.376,13.6,1.201,0,nominal,0,0.0,195.0,701994.1
6.0,takeoff_climb,97.46607341490545,213.5706340378198,28.934371523915463,5645.1,854.2,863.8,866.5,857.2,176.2,177.0,179.7,181.2,4.84,79.7,5.347,5653.4,855.9,863.8,866.8,856.9,176.7,177.9,180.5,181.5,4.83,79.9,5.374,13.6,1.2,0,nominal,0,0.0,195.0,701994.0
6.1,takeoff_climb,97.4571746384872,217.13014460511678,28.949944382647384,5650.7,853.8,864.3,865.6,856.4,177.9,178.5,181.4,182.2,4.84,79.6,5.349,5652.1,856.2,864.1,867.1,857.3,176.9,178.1,180.7,181.7,4.83,79.9,5.372,13.6,1.2,0,nominal,0,0.0,195.0,701993.9
6.2,takeoff_climb,97.44827586206897,220.68965517241378,28.96551724137931,5653.5,856.7,866.7,869.2,856.7,176.7,178.6,181.7,182.5,4.86,80.4,5.307,5650.8,856.5,864.4,867.4,857.5,177.1,178.3,180.9,181.9,4.83,79.9,5.37,13.6,1.199,0,nominal,0,0.0,195.0,701993.8
6.3,takeoff_climb,97.43937708565072,224.24916573971078,28.981090100111235,5653.7,857.1,864.3,867.1,857.4,177.2,178.0,181.2,181.3,4.82,79.7,5.326,5649.5,856.8,864.7,867.7,857.8,177.3,178.5,181.1,182.1,4.83,80.0,5.368,13.5,1.199,0,nominal,0,0.0,195.0,701993.7
6.4,takeoff_climb,97.43047830923248,227.80867630700777,28.99666295884316,5644.4,858.2,866.1,868.0,857.4,176.9,179.3,181.8,181.8,4.84,79.8,5.402,5648.2,857.0,865.0,868.0,858.1,177.5,178.7,181.4,182.4,4.83,80.0,5.366,13.5,1.198,0,nominal,0,0.0,195.0,701993.6
6.5,takeoff_climb,97.42157953281423,231.36818687430477,29.012235817575082,5636.4,858.3,863.1,866.2,860.3,177.2,178.7,181.9,183.0,4.81,80.1,5.339,5646.9,857.3,865.2,868.2,858.3,177.7,178.9,181.6,182.6,4.83,80.0,5.364,13.5,1.198,0,nominal,0,0.0,195.0,701993.5
6.6,takeoff_climb,97.412680756396,234.92769744160177,29.027808676307007,5639.4,857.0,864.6,866.4,857.9,177.7,179.4,182.0,182.2,4.84,78.7,5.384,5645.6,857.5,865.4,868.4,858.5,177.9,179.1,181.8,182.8,4.82,80.0,5.362,13.5,1.198,0,nominal,0,0.0,195.0,701993.4
6.7,takeoff_climb,97.40378197997775,238.48720800889876,29.043381535038932,5642.1,857.3,862.8,870.0,857.5,178.3,179.7,181.5,183.6,4.81,79.9,5.342,5644.3,857.7,865.7,868.7,858.7,178.1,179.3,182.0,183.0,4.82,80.1,5.36,13.4,1.197,0,nominal,0,0.0,195.0,701993.3
6.8,takeoff_climb,97.39488320355952,242.04671857619576,29.058954393770858,5639.4,859.7,865.9,867.8,857.5,178.9,180.9,183.6,184.1,4.84,79.2,5.292,5643.0,857.9,865.9,868.9,858.9,178.3,179.5,182.2,183.2,4.82,80.1,5.358,13.4,1.197,0,nominal,0,0.0,195.0,701993.2
6.9,takeoff_climb,97.38598442714127,245.60622914349275,29.07452725250278,5643.2,856.5,864.9,870.7,862.6,177.7,181.1,182.4,183.5,4.84,79.8,5.352,5641.7,858.1,866.1,869.1,859.1,178.5,179.7,182.4,183.4,4.82,80.1,5.356,13.4,1.196,0,nominal,0,0.0,195.0,701993.1
7.0,takeoff_climb,97.37708565072303,249.16573971078975,29.090100111234705,5639.0,860.0,866.0,870.6,859.9,178.4,180.0,183.0,184.1,4.82,80.3,5.359,5640.4,858.3,866.2,869.2,859.3,178.7,179.9,182.6,183.6,4.82,80.1,5.354,13.4,1.196,0,nominal,0,0.0,195.0,701993.0
7.1,takeoff_climb,97.36818687430478,252.72525027808675,29.10567296996663,5638.5,858.5,865.9,867.4,859.4,177.5,179.3,182.7,183.6,4.84,80.5,5.34,5639.2,858.5,866.4,869.4,859.5,178.9,180.1,182.8,183.8,4.82,80.2,5.352,13.4,1.196,0,nominal,0,0.0,195.0,701992.9
7.2,takeoff_climb,97.35928809788653,256.28476084538374,29.121245828698555,5637.5,857.9,865.1,868.3,862.4,177.2,179.8,182.8,183.9,4.79,80.8,5.347,5637.9,858.6,866.6,869.6,859.6,179.1,180.3,183.0,184.0,4.82,80.2,5.35,13.3,1.195,0,nominal,0,0.0,195.0,701992.8
7.3,takeoff_climb,97.3503893214683,259.84427141268077,29.136818687430477,5633.3,859.5,865.8,868.0,858.6,179.6,181.6,184.0,184.1,4.8,80.3,5.365,5636.6,858.8,866.7,869.7,859.8,179.3,180.5,183.2,184.2,4.82,80.2,5.348,13.3,1.195,0,nominal,0,0.0,195.0,701992.7
7.4,takeoff_climb,97.34149054505005,263.40378197997774,29.152391546162402,5628.2,860.2,867.7,869.5,859.5,180.3,182.0,181.9,185.3,4.8,80.4,5.332,5635.3,858.9,866.9,869.9,859.9,179.4,180.7,183.4,184.4,4.82,80.3,5.346,13.3,1.194,0,nominal,0,0.0,195.0,701992.6
7.5,takeoff_climb,97.33259176863181,266.9632925472747,29.167964404894327,5627.5,858.5,865.5,868.3,861.2,178.9,181.4,182.5,184.7,4.77,80.3,5.376,5634.0,859.1,867.0,870.0,860.1,179.6,180.9,183.6,184.6,4.82,80.3,5.344,13.3,1.194,0,nominal,0,0.0,195.0,701992.5
7.6,takeoff_climb,97.32369299221357,270.52280311457173,29.183537263626253,5628.0,857.6,868.4,870.0,858.2,179.8,180.4,184.3,186.2,4.83,80.0,5.3,5632.7,859.2,867.1,870.1,860.2,179.8,181.1,183.8,184.8,4.82,80.3,5.342,13.2,1.194,0,nominal,0,0.0,195.0,701992.4
7.7,takeoff_climb,97.31479421579533,274.08231368186875,29.199110122358174,5630.4,858.2,867.6,870.9,859.3,179.3,181.6,183.5,185.2,4.82,80.2,5.257,5631.4,859.3,867.3,870.3,860.3,180.0,181.2,184.0,185.0,4.82,80.3,5.34,13.2,1.193,0,nominal,0,0.0,195.0,701992.3
7.8,takeoff_climb,97.30589543937708,277.6418242491657,29.2146829810901,5623.9,861.2,867.9,871.4,861.2,179.6,181.9,183.7,185.5,4.8,79.7,5.322,5630.1,859.4,867.4,870.4,860.4,180.2,181.4,184.1,185.1,4.82,80.4,5.338,13.2,1.193,0,nominal,0,0.0,195.0,701992.2
7.9,takeoff_climb,97.29699666295885,281.2013348164627,29.230255839822025,5619.0,860.7,868.9,869.2,863.0,179.5,180.8,183.7,186.0,4.84,79.8,5.39,5628.8,859.5,867.5,870.5,860.5,180.4,181.6,184.3,185.3,4.82,80.4,5.336,13.2,1.192,0,nominal,0,0.0,195.0,701992.1
8.0,takeoff_climb,97.2880978865406,284.7608453837597,29.24582869855395,5632.1,861.4,865.3,870.3,862.1,181.5,182.0,183.8,185.3,4.82,80.5,5.372,5627.5,859.6,867.6,870.6,860.6,180.5,181.8,184.5,185.5,4.82,80.4,5.334,13.1,1.192,0,nominal,0,0.0,195.0,701992.0
8.1,takeoff_climb,97.27919911012236,288.32035595105674,29.261401557285872,5622.8,860.8,869.3,871.4,863.2,180.9,181.9,185.1,185.8,4.79,80.2,5.29,5626.2,859.7,867.7,870.7,860.7,180.7,182.0,184.7,185.7,4.82,80.4,5.332,13.1,1.191,0,nominal,0,0.0,195.0,701991.9
8.2,takeoff_climb,97.27030033370411,291.8798665183537,29.276974416017797,5632.2,861.7,870.1,870.5,861.3,181.6,181.2,185.2,185.2,4.84,80.3,5.366,5624.9,859.8,867.8,870.8,860.8,180.9,182.1,184.9,185.9,4.82,80.5,5.33,13.1,1.191,0,nominal,0,0.0,195.0,701991.8
8.3,takeoff_climb,97.26140155728588,295.4393770856507,29.292547274749722,5638.0,857.1,867.0,871.8,860.7,180.6,182.4,186.0,186.7,4.79,81.0,5.334,5623.6,859.9,867.9,870.9,860.9,181.1,182.3,185.1,186.1,4.82,80.5,5.328,13.1,1.191,0,nominal,0,0.0,195.0,701991.7
8.4,takeoff_climb,97.25250278086763,298.9988876529477,29.308120133481648,5612.6,860.5,869.6,871.5,861.5,181.6,184.1,184.9,186.4,4.81,80.8,5.28,5622.3,860.0,867.9,870.9,861.0,181.2,182.5,185.2,186.2,4.82,80.5,5.326,13.1,1.19,0,nominal,0,0.0,195.0,701991.6
8.5,takeoff_climb,97.2436040044494,302.5583982202447,29.32369299221357,5613.3,858.4,866.7,871.9,863.7,180.6,183.5,186.1,185.9,4.81,80.2,5.297,5621.0,860.0,868.0,871.0,861.0,181.4,182.6,185.4,186.4,4.81,80.5,5.324,13.0,1.19,0,nominal,0,0.0,195.0,701991.5
8.6,takeoff_climb,97.23470522803115,306.1179087875417,29.339265850945495,5612.3,863.0,868.5,872.2,859.1,181.0,184.0,185.3,186.2,4.83,80.3,5.31,5619.7,860.1,868.1,871.1,861.1,181.6,182.8,185.6,186.6,4.81,80.6,5.322,13.0,1.189,0,nominal,0,0.0,195.0,701991.4
8.7,takeoff_climb,97.2258064516129,309.67741935483866,29.35483870967742,5616.8,858.8,866.6,873.1,864.1,182.5,183.5,185.8,186.9,4.75,81.4,5.248,5618.5,860.2,868.1,871.1,861.2,181.7,183.0,185.8,186.8,4.81,80.6,5.32,13.0,1.189,0,nominal,0,0.0,195.0,701991.3
8.8,takeoff_climb,97.21690767519466,313.2369299221357,29.370411568409345,5613.3,860.4,868.5,870.6,858.8,182.0,183.2,186.2,186.0,4.85,80.1,5.331,5617.2,860.2,868.2,871.2,861.2,181.9,183.2,185.9,186.9,4.81,80.6,5.318,13.0,1.189,0,nominal,0,0.0,195.0,701991.2
8.9,takeoff_climb,97.20800889877641,316.7964404894327,29.385984427141267,5614.9,860.7,867.3,871.4,861.1,181.3,183.9,185.8,187.0,4.8,80.6,5.303,5615.9,860.3,868.3,871.3,861.3,182.1,183.3,186.1,187.1,4.81,80.6,5.316,12.9,1.188,0,nominal,0,0.0,195.0,701991.1
9.0,takeoff_climb,97.19911012235818,320.3559510567297,29.401557285873192,5613.3,859.1,865.8,870.8,860.7,182.1,183.5,186.8,187.2,4.8,81.0,5.322,5614.6,860.3,868.3,871.3,861.3,182.2,183.5,186.3,187.3,4.81,80.6,5.314,12.9,1.188,0,nominal,0,0.0,195.0,701991.0
9.1,takeoff_climb,97.19021134593993,323.91546162402665,29.417130144605117,5612.8,858.9,868.8,872.9,859.8,181.8,183.2,186.6,187.4,4.8,80.4,5.34,5613.3,860.4,868.4,871.4,861.4,182.4,183.6,186.5,187.5,4.81,80.7,5.312,12.9,1.187,0,nominal,0,0.0,195.0,701990.9
9.2,takeoff_climb,97.1813125695217,327.4749721913237,29.432703003337043,5609.3,862.0,869.7,870.1,861.7,182.3,184.4,186.3,187.4,4.81,80.7,5.279,5612.0,860.4,868.4,871.4,861.4,182.5,183.8,186.6,187.6,4.81,80.7,5.31,12.9,1.187,0,nominal,0,0.0,195.0,701990.8
9.3,takeoff_climb,97.17241379310344,331.0344827586207,29.448275862068964,5616.9,860.9,867.8,870.4,862.3,182.5,184.1,187.0,187.0,4.86,81.0,5.316,5610.7,860.5,868.5,871.5,861.5,182.7,184.0,186.8,187.8,4.81,80.7,5.308,12.8,1.187,0,nominal,0,0.0,195.0,701990.7
9.4,takeoff_climb,97.16351501668521,334.59399332591767,29.46384872080089,5606.3,861.1,869.0,872.3,860.3,183.8,184.1,186.3,187.6,4.82,80.7,5.318,5609.4,860.5,868.5,871.5,861.5,182.9,184.1,187.0,188.0,4.81,80.7,5.306,12.8,1.186,0,nominal,0,0.0,195.0,701990.6
9.5,takeoff_climb,97.15461624026696,338.15350389321463,29.479421579532815,5608.7,861.0,868.2,870.8,863.2,183.8,183.2,187.4,188.1,4.8,81.2,5.325,5608.1,860.6,868.6,871.6,861.6,183.0,184.3,187.1,188.1,4.81,80.8,5.304,12.8,1.186,0,nominal,0,0.0,195.0,701990.5
9.6,takeoff_climb,97.14571746384873,341.71301446051166,29.49499443826474,5614.0,860.6,866.8,872.1,861.3,183.0,184.0,186.8,188.3,4.76,80.6,5.286,5606.8,860.6,868.6,871.6,861.6,183.2,184.4,187.3,188.3,4.81,80.8,5.302,12.8,1.185,0,nominal,0,0.0,195.0,701990.4
9.7,takeoff_climb,97.13681868743048,345.2725250278087,29.510567296996662,5611.9,859.8,867.4,872.2,861.5,182.5,184.8,187.2,188.4,4.81,80.6,5.282,5605.6,860.6,868.6,871.6,861.6,183.3,184.6,187.4,188.4,4.81,80.8,5.3,12.8,1.185,0,nominal,0,0.0,195.0,701990.3
9.8,takeoff_climb,97.12791991101224,348.83203559510565,29.526140155728587,5619.5,861.0,868.7,871.8,860.7,183.7,185.6,188.6,187.9,4.82,81.5,5.31,5604.3,860.7,868.7,871.7,861.7,183.5,184.8,187.6,188.6,4.81,80.8,5.298,12.7,1.185,0,nominal,0,0.0,195.0,701990.2
9.9,takeoff_climb,97.11902113459399,352.3915461624026,29.541713014460512,5601.5,857.2,867.2,872.4,861.8,183.2,185.1,187.2,189.4,4.8,80.8,5.269,5603.0,860.7,868.7,871.7,861.7,183.6,184.9,187.8,188.8,4.81,80.9,5.296,12.7,1.184,0,nominal,0,0.0,195.0,701990.1
10.0,takeoff_climb,97.11012235817574,355.95105672969964,29.557285873192434,5594.9,859.2,870.3,870.4,864.1,184.4,185.1,187.7,189.1,4.79,81.1,5.317,5601.7,860.7,868.7,871.7,861.7,183.8,185.1,187.9,188.9,4.81,80.9,5.294,12.7,1.184,0,nominal,0,0.0,195.0,701990.0
10.1,takeoff_climb,97.10122358175751,359.51056729699667,29.57285873192436,5607.0,858.5,869.7,870.8,861.1,184.2,185.7,188.8,188.6,4.78,80.9,5.28,5600.4,860.8,868.7,871.7,861.8,183.9,185.2,188.1,189.1,4.81,80.9,5.292,12.7,1.183,0,nominal,0,0.0,195.0,701989.9
10.2,takeoff_climb,97.09232480533926,363.07007786429364,29.588431590656285,5598.5,859.8,868.4,872.1,861.8,184.7,185.7,187.7,188.6,4.83,80.9,5.276,5599.1,860.8,868.8,871.8,861.8,184.1,185.4,188.2,189.2,4.81,80.9,5.29,12.6,1.183,0,nominal,0,0.0,195.0,701989.8
10.3,takeoff_climb,97.08342602892102,366.6295884315906,29.60400444938821,5605.8,858.2,869.4,871.9,862.5,183.2,185.4,188.4,188.9,4.79,80.8,5.263,5597.8,860.8,868.8,871.8,861.8,184.2,185.5,188.4,189.4,4.81,80.9,5.288,12.6,1.182,0,nominal,0,0.0,195.0,701989.7
10.4,takeoff_climb,97.07452725250278,370.18909899888763,29.619577308120135,5595.3,860.0,870.1,873.6,865.2,184.6,186.2,188.7,190.3,4.8,80.9,5.34,5596.6,860.8,868.8,871.8,861.8,184.4,185.6,188.5,189.5,4.81,81.0,5.286,12.6,1.182,0,nominal,0,0.0,195.0,701989.6
10.5,takeoff_climb,97.06562847608454,373.74860956618465,29.635150166852057,5595.4,862.3,866.9,870.1,862.7,185.0,185.6,188.7,190.1,4.79,81.5,5.368,5595.3,860.8,868.8,871.8,861.8,184.5,185.8,188.7,189.7,4.8,81.0,5.284,12.6,1.182,0,nominal,0,0.0,195.0,701989.5
10.6,takeoff_climb,97.05672969966629,377.3081201334816,29.650723025583982,5583.3,860.0,867.6,874.1,859.9,183.4,186.7,188.3,190.1,4.78,80.5,5.257,5594.0,860.9,868.9,871.9,861.9,184.6,185.9,188.8,189.8,4.8,81.0,5.282,12.5,1.181,0,nominal,0,0.0,195.0,701989.4
10.7,takeoff_climb,97.04783092324806,380.8676307007786,29.666295884315907,5593.2,860.3,866.9,872.6,861.5,185.7,186.0,189.1,189.0,4.84,81.2,5.284,5592.7,860.9,868.9,871.9,861.9,184.8,186.1,189.0,190.0,4.8,81.0,5.28,12.5,1.181,0,nominal,0,0.0,195.0,701989.3
10.8,takeoff_climb,97.03893214682981,384.4271412680756,29.68186874304783,5582.9,860.1,867.8,871.8,860.9,184.6,186.5,189.5,189.8,4.8,81.1,5.283,5591.4,860.9,868.9,871.9,861.9,184.9,186.2,189.1,190.1,4.8,81.0,5.278,12.5,1.18,0,nominal,0,0.0,195.0,701989.2
10.9,takeoff_climb,97.03003337041157,387.98665183537264,29.697441601779754,5594.0,861.1,870.4,871.9,859.2,186.0,186.5,189.6,189.8,4.82,81.6,5.253,5590.1,860.9,868.9,871.9,861.9,185.1,186.4,189.3,190.3,4.8,81.1,5.276,12.5,1.18,0,nominal,0,0.0,195.0,701989.1
11.0,takeoff_climb,97.02113459399332,391.5461624026696,29.71301446051168,5583.2,860.4,867.2,871.9,865.0,184.5,186.7,188.8,190.4,4.81,81.6,5.258,5588.8,860.9,868.9,871.9,861.9,185.2,186.5,189.4,190.4,4.8,81.1,5.274,12.5,1.18,0,nominal,0,0.0,195.0,701989.0
11.1,takeoff_climb,97.01223581757509,395.1056729699666,29.728587319243605,5597.1,860.8,870.7,873.8,861.7,185.5,186.3,190.3,190.1,4.8,80.7,5.284,5587.6,860.9,868.9,871.9,861.9,185.3,186.6,189.5,190.5,4.8,81.1,5.272,12.4,1.179,0,nominal,0,0.0,195.0,701988.9
11.2,takeoff_climb,97.00333704115684,398.6651835372636,29.744160177975527,5582.6,859.2,868.9,870.6,861.3,185.2,187.6,188.7,190.3,4.78,80.6,5.333,5586.3,861.0,868.9,871.9,862.0,185.5,186.8,189.7,190.7,4.8,81.1,5.27,12.4,1.179,0,nominal,0,0.0,195.0,701988.8
11.3,takeoff_climb,96.9944382647386,402.2246941045606,29.759733036707452,5587.8,860.7,867.5,871.8,859.2,185.8,187.8,190.1,191.0,4.83,81.6,5.312,5585.0,861.0,869.0,872.0,862.0,185.6,186.9,189.8,190.8,4.8,81.1,5.268,12.4,1.178,0,nominal,0,0.0,195.0,701988.7
11.4,takeoff_climb,96.98553948832036,405.7842046718576,29.775305895439377,5589.8,861.9,867.8,870.8,862.4,184.7,187.5,190.2,190.4,4.84,80.7,5.261,5583.7,861.0,869.0,872.0,862.0,185.7,187.0,190.0,191.0,4.8,81.2,5.267,12.4,1.178,0,nominal,0,0.0,195.0,701988.6
11.5,takeoff_climb,96.9766407119021,409.34371523915456,29.790878754171302,5588.9,861.0,870.2,873.8,860.5,186.9,187.6,189.1,190.9,4.76,81.7,5.322,5582.4,861.0,869.0,872.0,862.0,185.9,187.2,190.1,191.1,4.8,81.2,5.265,12.3,1.178,0,nominal,0,0.0,195.0,701988.5
11.6,takeoff_climb,96.96774193548387,412.9032258064516,29.806451612903224,5575.8,860.8,871.2,871.9,860.7,186.7,186.8,190.4,191.2,4.82,80.9,5.224,5581.1,861.0,869.0,872.0,862.0,186.0,187.3,190.2,191.2,4.8,81.2,5.263,12.3,1.177,0,nominal,0,0.0,195.0,701988.4
11.7,takeoff_climb,96.95884315906562,416.4627363737486,29.82202447163515,5572.9,859.2,871.4,871.4,862.0,185.8,188.8,190.6,192.0,4.77,81.6,5.256,5579.9,861.0,869.0,872.0,862.0,186.1,187.4,190.4,191.4,4.8,81.2,5.261,12.3,1.177,0,nominal,0,0.0,195.0,701988.3
11.8,takeoff_climb,96.94994438264739,420.0222469410456,29.837597330367075,5580.3,858.9,868.3,871.7,862.0,186.9,187.2,190.1,191.0,4.83,80.6,5.267,5578.6,861.0,869.0,872.0,862.0,186.2,187.6,190.5,191.5,4.8,81.2,5.259,12.3,1.176,0,nominal,0,0.0,195.0,701988.2
11.9,takeoff_climb,96.94104560622914,423.58175750834255,29.853170189099,5576.4,860.1,867.8,871.8,862.0,185.9,187.7,190.8,192.1,4.79,81.7,5.269,5577.3,861.0,869.0,872.0,862.0,186.4,187.7,190.6,191.6,4.8,81.3,5.257,12.2,1.176,0,nominal,0,0.0,195.0,701988.1
12.0,takeoff_climb,96.9321468298109,427.1412680756396,29.86874304783092,5573.8,862.0,869.8,872.1,860.0,186.5,187.1,190.8,192.2,4.82,81.3,5.203,5576.0,861.0,869.0,872.0,862.0,186.5,187.8,190.8,191.8,4.8,81.3,5.255,12.2,1.176,0,nominal,0,0.0,195.0,701988.0
12.1,takeoff_climb,96.92324805339265,430.7007786429366,29.884315906562847,5571.0,861.9,871.3,872.1,861.7,187.1,188.6,191.1,191.4,4.82,81.9,5.29,5574.7,861.0,869.0,872.0,862.0,186.6,187.9,190.9,191.9,4.8,81.3,5.253,12.2,1.175,0,nominal,0,0.0,195.0,701987.9
12.2,takeoff_climb,96.91434927697442,434.26028921023357,29.899888765294772,5581.7,861.1,868.6,871.8,862.4,184.6,187.6,191.1,191.9,4.76,81.3,5.254,5573.5,861.0,869.0,872.0,862.0,186.7,188.1,191.0,192.0,4.8,81.3,5.251,12.2,1.175,0,nominal,0,0.0,195.0,701987.8
12.3,takeoff_climb,96.90545050055617,437.81979977753053,29.915461624026698,5574.0,859.5,871.0,870.0,861.6,186.6,187.8,191.4,191.8,4.81,81.3,5.248,5572.2,861.0,869.0,872.0,862.0,186.9,188.2,191.2,192.2,4.8,81.3,5.249,12.2,1.174,0,nominal,0,0.0,195.0,701987.7
12.4,takeoff_climb,96.89655172413794,441.37931034482756,29.93103448275862,5564.5,862.0,866.7,874.7,861.4,187.6,188.0,191.7,192.2,4.8,81.2,5.28,5570.9,861.0,869.0,872.0,862.0,187.0,188.3,191.3,192.3,4.8,81.4,5.247,12.1,1.174,0,nominal,0,0.0,195.0,701987.6
12.5,takeoff_climb,96.88765294771969,444.9388209121246,29.946607341490544,5571.4,861.9,867.2,870.2,862.2,187.1,189.4,191.4,193.0,4.77,80.6,5.241,5569.6,861.0,869.0,872.0,862.0,187.1,188.4,191.4,192.4,4.8,81.4,5.245,12.1,1.174,0,nominal,0,0.0,195.0,701987.5
12.6,takeoff_climb,96.87875417130145,448.49833147942155,29.96218020022247,5561.9,859.0,868.2,873.4,862.1,187.4,189.1,191.3,191.9,4.79,82.0,5.268,5568.3,861.0,869.0,872.0,862.0,187.2,188.6,191.5,192.5,4.79,81.4,5.243,12.1,1.173,0,nominal,0,0.0,195.0,701987.4
12.7,takeoff_climb,96.8698553948832,452.0578420467185,29.977753058954395,5571.0,861.1,867.8,872.1,862.5,187.9,188.5,190.6,192.8,4.76,82.3,5.294,5567.1,861.0,869.0,872.0,862.0,187.3,188.7,191.7,192.7,4.79,81.4,5.241,12.1,1.173,0,nominal,0,0.0,195.0,701987.3
12.8,takeoff_climb,96.86095661846497,455.61735261401554,29.993325917686317,5564.2,859.7,870.0,871.7,862.7,187.1,188.5,191.4,192.5,4.77,81.9,5.241,5565.8,861.0,869.0,872.0,862.0,187.5,188.8,191.8,192.8,4.79,81.4,5.239,12.0,1.172,0,nominal,0,0.0,195.0,701987.2
12.9,takeoff_climb,96.85205784204672,459.17686318131257,30.008898776418242,5561.2,858.8,867.6,873.1,864.8,187.3,188.9,193.2,193.5,4.77,81.0,5.23,5564.5,861.0,869.0,872.0,862.0,187.6,188.9,191.9,192.9,4.79,81.5,5.237,12.0,1.172,0,nominal,0,0.0,195.0,701987.1
13.0,takeoff_climb,96.84315906562847,462.73637374860954,30.024471635150167,5563.8,862.1,869.1,873.4,863.7,187.6,189.2,191.5,191.8,4.79,81.6,5.259,5563.2,861.0,869.0,872.0,862.0,187.7,189.0,192.0,193.0,4.79,81.5,5.235,12.0,1.172,0,nominal,0,0.0,195.0,701987.0
13.1,takeoff_climb,96.83426028921023,466.2958843159065,30.040044493882093,5566.7,860.6,868.0,870.4,860.0,187.9,188.2,191.9,194.3,4.8,82.1,5.188,5561.9,861.0,869.0,872.0,862.0,187.8,189.1,192.1,193.1,4.79,81.5,5.233,12.0,1.171,0,nominal,0,0.0,195.0,701986.9
13.2,takeoff_climb,96.82536151279199,469.85539488320353,30.055617352614014,5560.8,860.2,867.7,870.4,864.8,187.3,188.8,192.9,191.8,4.82,81.4,5.234,5560.7,861.0,869.0,872.0,862.0,187.9,189.3,192.3,193.3,4.79,81.5,5.231,11.9,1.171,0,nominal,0,0.0,195.0,701986.8
13.3,takeoff_climb,96.81646273637375,473.41490545050056,30.07119021134594,5560.4,860.8,869.1,870.5,861.2,188.2,190.4,191.7,193.8,4.79,82.1,5.255,5559.4,861.0,869.0,872.0,862.0,188.0,189.4,192.4,193.4,4.79,81.5,5.229,11.9,1.17,0,nominal,0,0.0,195.0,701986.7
13.4,takeoff_climb,96.8075639599555,476.9744160177975,30.086763070077865,5564.6,862.8,868.4,870.4,863.2,187.9,189.8,192.1,193.2,4.76,81.6,5.262,5558.1,861.0,869.0,872.0,862.0,188.1,189.5,192.5,193.5,4.79,81.5,5.227,11.9,1.17,0,nominal,0,0.0,195.0,701986.6
13.5,takeoff_climb,96.79866518353727,480.5339265850945,30.10233592880979,5552.5,860.3,868.7,871.5,859.8,188.4,189.7,193.3,193.8,4.75,80.9,5.279,5556.8,861.0,869.0,872.0,862.0,188.3,189.6,192.6,193.6,4.79,81.6,5.225,11.9,1.169,0,nominal,0,0.0,195.0,701986.5
13.6,takeoff_climb,96.78976640711902,484.0934371523915,30.11790878754171,5554.2,858.8,869.5,872.0,862.0,188.2,190.0,192.5,193.1,4.81,81.2,5.223,5555.6,861.0,869.0,872.0,862.0,188.4,189.7,192.7,193.7,4.79,81.6,5.223,11.9,1.169,0,nominal,0,0.0,195.0,701986.4
13.7,takeoff_climb,96.78086763070078,487.65294771968854,30.133481646273637,5539.2,860.5,867.2,872.7,861.5,188.5,189.3,192.6,194.2,4.78,81.6,5.165,5554.3,861.0,869.0,872.0,862.0,188.5,189.8,192.8,193.8,4.79,81.6,5.221,11.8,1.169,0,nominal,0,0.0,195.0,701986.3
13.8,takeoff_climb,96.77196885428253,491.2124582869855,30.149054505005562,5550.9,858.9,866.3,869.3,861.7,188.2,189.9,194.0,194.0,4.83,81.4,5.257,5553.0,861.0,869.0,872.0,862.0,188.6,189.9,193.0,194.0,4.79,81.6,5.219,11.8,1.168,0,nominal,0,0.0,195.0,701986.2
13.9,takeoff_climb,96.7630700778643,494.7719688542825,30.164627363737488,5545.8,862.7,867.2,872.5,861.3,188.9,189.7,192.5,193.6,4.79,81.9,5.188,5551.7,861.0,869.0,872.0,862.0,188.7,190.0,193.1,194.1,4.79,81.6,5.218,11.8,1.168,0,nominal,0,0.0,195.0,701986.1
14.0,takeoff_climb,96.75417130144605,498.3314794215795,30.18020022246941,5550.1,861.2,870.4,872.5,863.1,189.3,189.7,194.2,194.7,4.82,81.2,5.183,5550.5,861.0,869.0,872.0,862.0,188.8,190.1,193.2,194.2,4.79,81.6,5.216,11.8,1.167,0,nominal,0,0.0,195.0,701986.0
14.1,takeoff_climb,96.74527252502781,501.8909899888765,30.195773081201335,5554.9,861.1,868.1,874.0,863.4,188.5,190.3,192.9,194.2,4.83,82.1,5.19,5549.2,861.0,869.0,872.0,862.0,188.9,190.2,193.3,194.3,4.79,81.7,5.214,11.7,1.167,0,nominal,0,0.0,195.0,701985.9
14.2,takeoff_climb,96.73637374860957,505.4505005561735,30.21134593993326,5548.3,859.6,868.9,870.2,862.4,188.5,190.3,193.6,193.7,4.83,81.8,5.182,5547.9,861.0,869.0,872.0,862.0,189.0,190.4,193.4,194.4,4.79,81.7,5.212,11.7,1.167,0,nominal,0,0.0,195.0,701985.8
14.3,takeoff_climb,96.72747497219132,509.01001112347046,30.22691879866518,5552.2,863.7,869.0,871.9,861.6,189.1,190.4,193.4,194.6,4.79,82.1,5.21,5546.6,861.0,869.0,872.0,862.0,189.1,190.5,193.5,194.5,4.79,81.7,5.21,11.7,1.166,0,nominal,0,0.0,195.0,701985.7
14.4,takeoff_climb,96.71857619577308,512.5695216907675,30.242491657397107,5546.1,860.8,867.0,874.2,862.3,189.1,191.2,192.6,195.4,4.75,81.8,5.249,5545.4,861.0,869.0,872.0,862.0,189.2,190.6,193.6,194.6,4.79,81.7,5.208,11.7,1.166,0,nominal,0,0.0,195.0,701985.6
14.5,takeoff_climb,96.70967741935483,516.1290322580645,30.258064516129032,5552.2,859.8,869.3,870.1,863.4,188.5,192.0,193.1,194.6,4.78,82.5,5.251,5544.1,861.0,869.0,872.0,862.0,189.3,190.7,193.7,194.7,4.79,81.7,5.206,11.6,1.165,0,nominal,0,0.0,195.0,701985.5
14.6,takeoff_climb,96.7007786429366,519.6885428253615,30.273637374860957,5539.0,862.7,869.9,870.8,862.2,189.2,190.6,193.8,194.8,4.77,81.9,5.256,5542.8,861.0,869.0,872.0,862.0,189.4,190.8,193.8,194.8,4.79,81.7,5.204,11.6,1.165,0,nominal,0,0.0,195.0,701985.4
14.7,takeoff_climb,96.69187986651835,523.2480533926584,30.289210233592883,5552.0,859.0,870.2,873.1,861.6,190.5,191.0,193.9,194.8,4.82,82.2,5.209,5541.5,861.0,869.0,872.0,862.0,189.5,190.9,193.9,194.9,4.79,81.7,5.202,11.6,1.165,0,nominal,0,0.0,195.0,701985.3
14.8,takeoff_climb,96.68298109010011,526.8075639599555,30.304783092324804,5541.6,862.7,868.9,869.8,865.1,189.6,190.7,193.1,195.0,4.78,81.1,5.268,5540.3,861.0,869.0,872.0,862.0,189.6,191.0,194.0,195.0,4.79,81.8,5.2,11.6,1.164,0,nominal,0,0.0,195.0,701985.2
14.9,takeoff_climb,96.67408231368186,530.3670745272525,30.32035595105673,5531.6,861.3,868.2,872.8,862.6,189.1,191.3,195.3,194.9,4.75,82.1,5.16,5539.0,861.0,869.0,872.0,862.0,189.7,191.1,194.1,195.1,4.79,81.8,5.198,11.6,1.164,0,nominal,0,0.0,195.0,701985.1
15.0,takeoff_climb,96.66518353726363,533.9265850945494,30.335928809788655,5537.7,860.9,868.5,871.5,863.1,189.0,190.9,194.7,194.8,4.77,81.5,5.192,5537.7,861.0,869.0,872.0,862.0,189.8,191.2,194.2,195.2,4.78,81.8,5.196,11.5,1.163,0,nominal,0,0.0,195.0,701985.0
15.1,takeoff_climb,96.65628476084538,537.4860956618464,30.351501668520577,5536.6,862.3,869.4,871.6,861.2,190.6,191.5,194.5,194.9,4.79,82.1,5.24,5536.4,861.0,869.0,872.0,862.0,189.9,191.3,194.3,195.3,4.78,81.8,5.194,11.5,1.163,0,nominal,0,0.0,195.0,701984.9
15.2,takeoff_climb,96.64738598442715,541.0456062291435,30.367074527252502,5528.8,859.5,867.3,870.8,860.3,189.4,191.6,194.9,195.1,4.73,81.7,5.162,5535.2,861.0,869.0,872.0,862.0,190.0,191.4,194.4,195.4,4.78,81.8,5.192,11.5,1.163,0,nominal,0,0.0,195.0,701984.8
15.3,takeoff_climb,96.6384872080089,544.6051167964405,30.382647385984427,5538.2,861.1,868.8,869.8,862.2,190.1,192.4,193.5,195.9,4.8,81.9,5.234,5533.9,861.0,869.0,872.0,862.0,190.1,191.4,194.5,195.5,4.78,81.8,5.19,11.5,1.162,0,nominal,0,0.0,195.0,701984.7
15.4,takeoff_climb,96.62958843159066,548.1646273637375,30.398220244716352,5535.8,861.3,867.8,871.4,861.7,189.9,191.8,194.9,196.2,4.8,82.1,5.251,5532.6,861.0,869.0,872.0,862.0,190.2,191.5,194.6,195.6,4.78,81.8,5.188,11.4,1.162,0,nominal,0,0.0,195.0,701984.6
15.5,takeoff_climb,96.62068965517241,551.7241379310344,30.413793103448278,5526.1,861.5,867.4,870.0,862.0,189.9,191.6,196.0,195.7,4.75,82.4,5.198,5531.4,861.0,869.0,872.0,862.0,190.3,191.6,194.7,195.7,4.78,81.9,5.186,11.4,1.161,0,nominal,0,0.0,195.0,701984.5
15.6,takeoff_climb,96.61179087875418,555.2836484983314,30.4293659621802,5519.7,858.9,868.9,871.7,862.7,191.3,192.7,193.9,196.2,4.83,81.7,5.143,5530.1,861.0,869.0,872.0,862.0,190.4,191.7,194.8,195.8,4.78,81.9,5.184,11.4,1.161,0,nominal,0,0.0,195.0,701984.4
15.7,takeoff_climb,96.60289210233593,558.8431590656285,30.444938820912125,5530.9,861.9,867.2,872.9,861.0,189.8,191.0,195.2,195.8,4.8,81.6,5.207,5528.8,861.0,869.0,872.0,862.0,190.5,191.8,194.9,195.9,4.78,81.9,5.182,11.4,1.161,0,nominal,0,0.0,195.0,701984.3
15.8,takeoff_climb,96.59399332591768,562.4026696329254,30.46051167964405,5526.9,859.6,868.1,872.2,861.9,191.0,192.3,195.4,194.5,4.79,81.9,5.21,5527.6,861.0,869.0,872.0,862.0,190.5,191.9,195.0,196.0,4.78,81.9,5.181,11.3,1.16,0,nominal,0,0.0,195.0,701984.2
15.9,takeoff_climb,96.58509454949944,565.9621802002224,30.47608453837597,5526.1,861.8,872.3,870.3,859.4,190.9,191.7,194.3,195.0,4.8,82.4,5.226,5526.3,861.0,869.0,872.0,862.0,190.6,192.0,195.1,196.1,4.78,81.9,5.179,11.3,1.16,0,nominal,0,0.0,195.0,701984.1
16.0,takeoff_climb,96.5761957730812,569.5216907675194,30.491657397107897,5534.8,857.2,868.2,871.5,862.8,191.5,192.4,195.5,195.9,4.77,81.7,5.208,5525.0,861.0,869.0,872.0,862.0,190.7,192.1,195.2,196.2,4.78,81.9,5.177,11.3,1.159,0,nominal,0,0.0,195.0,701984.0
16.1,takeoff_climb,96.56729699666296,573.0812013348165,30.507230255839822,5534.8,860.3,868.6,871.6,864.2,191.7,193.5,194.9,196.0,4.77,82.4,5.152,5523.7,861.0,869.0,872.0,862.0,190.8,192.2,195.3,196.3,4.78,81.9,5.175,11.3,1.159,0,nominal,0,0.0,195.0,701983.9
16.2,takeoff_climb,96.55839822024471,576.6407119021135,30.522803114571747,5516.3,861.2,870.5,870.6,862.0,189.9,192.0,196.4,196.9,4.78,82.5,5.175,5522.5,861.0,869.0,872.0,862.0,190.9,192.3,195.4,196.4,4.78,82.0,5.173,11.3,1.159,0,nominal,0,0.0,195.0,701983.8
16.3,takeoff_climb,96.54949944382648,580.2002224694104,30.538375973303673,5523.6,859.9,871.6,872.5,862.0,192.1,191.7,195.5,195.8,4.76,82.0,5.169,5521.2,861.0,869.0,872.0,862.0,191.0,192.4,195.5,196.5,4.78,82.0,5.171,11.2,1.158,0,nominal,0,0.0,195.0,701983.7
16.4,takeoff_climb,96.54060066740823,583.7597330367074,30.553948832035594,5512.7,859.7,870.9,872.1,859.0,191.9,191.6,195.0,195.7,4.72,81.3,5.138,5519.9,861.0,869.0,872.0,862.0,191.1,192.4,195.6,196.6,4.78,82.0,5.169,11.2,1.158,0,nominal,0,0.0,195.0,701983.6
16.5,takeoff_climb,96.53170189098999,587.3192436040044,30.56952169076752,5525.2,861.0,868.2,874.3,863.4,191.1,193.1,195.9,196.9,4.77,82.0,5.169,5518.7,861.0,869.0,872.0,862.0,191.2,192.5,195.7,196.7,4.78,82.0,5.167,11.2,1.157,0,nominal,0,0.0,195.0,701983.5
16.6,takeoff_climb,96.52280311457174,590.8787541713014,30.585094549499445,5517.1,861.1,869.4,873.1,861.7,190.9,192.6,194.8,196.7,4.77,82.7,5.168,5517.4,861.0,869.0,872.0,862.0,191.2,192.6,195.7,196.7,4.78,82.0,5.165,11.2,1.157,0,nominal,0,0.0,195.0,701983.4
16.7,takeoff_climb,96.51390433815351,594.4382647385984,30.600667408231367,5522.7,858.3,869.7,872.2,863.2,191.6,192.6,194.0,197.0,4.82,81.7,5.113,5516.1,861.0,869.0,872.0,862.0,191.3,192.7,195.8,196.8,4.78,82.0,5.163,11.1,1.157,0,nominal,0,0.0,195.0,701983.3
16.8,takeoff_climb,96.50500556173526,597.9977753058954,30.616240266963292,5510.0,858.6,868.0,869.3,860.5,191.0,191.9,196.0,197.8,4.77,81.3,5.134,5514.9,860.9,868.9,871.9,861.9,191.4,192.8,195.9,196.9,4.78,82.0,5.161,11.1,1.156,0,nominal,0,0.0,195.0,701983.2
16.9,takeoff_climb,96.49610678531702,601.5572858731924,30.631813125695217,5515.5,862.6,869.8,873.8,864.6,191.8,193.3,197.0,195.5,4.77,82.2,5.155,5513.6,860.9,868.9,871.9,861.9,191.5,192.9,196.0,197.0,4.78,82.0,5.159,11.1,1.156,0,nominal,0,0.0,195.0,701983.1
17.0,takeoff_climb,96.48720800889878,605.1167964404895,30.647385984427142,5514.7,863.9,868.0,874.1,862.3,192.4,194.0,195.4,197.2,4.77,81.2,5.204,5512.3,860.9,868.9,871.9,861.9,191.6,193.0,196.1,197.1,4.78,82.1,5.157,11.1,1.155,0,nominal,0,0.0,195.0,701983.0
17.1,takeoff_climb,96.47830923248054,608.6763070077864,30.662958843159064,5509.0,859.7,870.6,873.0,861.8,192.4,192.1,196.3,197.5,4.79,81.9,5.209,5511.1,860.9,868.9,871.9,861.9,191.7,193.0,196.2,197.2,4.78,82.1,5.155,11.0,1.155,0,nominal,0,0.0,195.0,701982.9
17.2,takeoff_climb,96.46941045606229,612.2358175750834,30.67853170189099,5511.5,859.9,868.0,870.8,860.4,191.2,193.3,196.2,196.4,4.82,82.4,5.133,5509.8,860.9,868.9,871.9,861.9,191.7,193.1,196.3,197.3,4.78,82.1,5.154,11.0,1.155,0,nominal,0,0.0,195.0,701982.8
17.3,takeoff_climb,96.46051167964404,615.7953281423804,30.694104560622915,5504.1,859.0,869.8,874.4,863.8,191.5,193.3,196.4,196.2,4.82,81.8,5.142,5508.5,860.9,868.9,871.9,861.9,191.8,193.2,196.3,197.3,4.78,82.1,5.152,11.0,1.154,0,nominal,0,0.0,195.0,701982.7
17.4,takeoff_climb,96.45161290322581,619.3548387096773,30.70967741935484,5505.0,861.9,867.8,872.7,863.3,191.6,193.0,196.9,196.8,4.76,82.1,5.159,5507.3,860.9,868.9,871.9,861.9,191.9,193.3,196.4,197.4,4.78,82.1,5.15,11.0,1.154,0,nominal,0,0.0,195.0,701982.6
17.5,takeoff_climb,96.44271412680756,622.9143492769743,30.72525027808676,5506.9,864.4,867.7,868.7,862.7,192.5,193.1,196.8,198.3,4.79,82.4,5.205,5506.0,860.9,868.9,871.9,861.9,192.0,193.4,196.5,197.5,4.78,82.1,5.148,11.0,1.153,0,nominal,0,0.0,195.0,701982.5
17.6,takeoff_climb,96.43381535038932,626.4738598442714,30.740823136818687,5505.6,859.1,868.7,870.6,861.1,192.7,193.5,197.0,197.2,4.77,81.6,5.1,5504.8,860.9,868.9,871.9,861.9,192.0,193.4,196.6,197.6,4.78,82.1,5.146,10.9,1.153,0,nominal,0,0.0,195.0,701982.4
17.7,takeoff_climb,96.42491657397107,630.0333704115684,30.756395995550612,5500.5,860.2,870.2,871.6,863.3,192.9,193.2,195.9,198.0,4.77,82.5,5.153,5503.5,860.9,868.9,871.9,861.9,192.1,193.5,196.7,197.7,4.77,82.1,5.144,10.9,1.153,0,nominal,0,0.0,195.0,701982.3
17.8,takeoff_climb,96.41601779755284,633.5928809788654,30.771968854282537,5506.6,861.8,867.7,871.1,863.1,191.5,193.0,195.3,197.3,4.76,82.2,5.145,5502.2,860.9,868.9,871.9,861.9,192.2,193.6,196.8,197.8,4.77,82.2,5.142,10.9,1.152,0,nominal,0,0.0,195.0,701982.2
17.9,takeoff_climb,96.40711902113459,637.1523915461623,30.78754171301446,5507.1,863.0,870.5,872.1,859.1,191.8,193.2,196.1,197.2,4.76,82.0,5.143,5501.0,860.9,868.9,871.9,861.9,192.3,193.7,196.8,197.8,4.77,82.2,5.14,10.9,1.152,0,nominal,0,0.0,195.0,701982.1
18.0,takeoff_climb,96.39822024471636,640.7119021134594,30.803114571746384,5500.0,860.8,868.0,870.3,861.5,192.4,193.6,196.2,197.5,4.79,81.1,5.173,5499.7,860.9,868.9,871.9,861.9,192.3,193.7,196.9,197.9,4.77,82.2,5.138,10.8,1.151,0,nominal,0,0.0,195.0,701982.0
18.1,takeoff_climb,96.3893214682981,644.2714126807564,30.81868743047831,5492.5,863.8,868.4,871.8,863.2,192.2,191.6,196.9,198.0,4.79,82.2,5.105,5498.4,860.9,868.9,871.9,861.9,192.4,193.8,197.0,198.0,4.77,82.2,5.136,10.8,1.151,0,nominal,0,0.0,194.99,701981.9
18.2,takeoff_climb,96.38042269187987,647.8309232480533,30.834260289210235,5495.7,861.3,869.6,872.2,861.5,192.9,193.7,196.4,198.3,4.79,82.0,5.177,5497.2,860.9,868.9,871.9,861.9,192.5,193.9,197.1,198.1,4.77,82.2,5.134,10.8,1.151,0,nominal,0,0.0,194.99,701981.8
18.3,takeoff_climb,96.37152391546162,651.3904338153503,30.849833147942157,5503.8,860.8,867.9,874.6,860.0,193.3,195.3,197.0,198.3,4.77,82.5,5.141,5495.9,860.9,868.9,871.9,861.9,192.6,194.0,197.1,198.1,4.77,82.2,5.132,10.8,1.15,0,nominal,0,0.0,194.99,701981.7
18.4,takeoff_climb,96.36262513904339,654.9499443826473,30.865406006674082,5492.1,859.9,867.7,871.3,863.8,192.6,195.3,197.2,198.3,4.79,82.0,5.091,5494.7,860.9,868.9,871.9,861.9,192.6,194.0,197.2,198.2,4.77,82.2,5.13,10.7,1.15,0,nominal,0,0.0,194.99,701981.6
18.5,takeoff_climb,96.35372636262514,658.5094549499444,30.880978865406007,5493.0,862.6,867.2,872.1,861.3,192.9,193.4,196.9,198.3,4.76,82.7,5.153,5493.4,860.9,868.9,871.9,861.9,192.7,194.1,197.3,198.3,4.77,82.2,5.128,10.7,1.149,0,nominal,0,0.0,194.99,701981.5
18.6,takeoff_climb,96.34482758620689,662.0689655172414,30.896551724137932,5493.1,861.2,868.2,873.5,863.0,191.7,195.0,197.0,198.2,4.82,82.0,5.107,5492.1,860.9,868.9,871.9,861.9,192.8,194.2,197.4,198.4,4.77,82.2,5.127,10.7,1.149,0,nominal,0,0.0,194.99,701981.4
18.7,takeoff_climb,96.33592880978865,665.6284760845383,30.912124582869854,5493.0,861.8,871.1,872.2,859.7,191.1,194.2,197.3,198.2,4.77,82.2,5.144,5490.9,860.9,868.9,871.9,861.9,192.9,194.2,197.4,198.4,4.77,82.3,5.125,10.7,1.149,0,nominal,0,0.0,194.99,701981.3
18.8,takeoff_climb,96.3270300333704,669.1879866518353,30.92769744160178,5493.9,861.6,871.6,872.2,861.8,193.1,195.3,197.7,198.5,4.77,82.7,5.15,5489.6,860.9,868.9,871.9,861.9,192.9,194.3,197.5,198.5,4.77,82.3,5.123,10.7,1.148,0,nominal,0,0.0,194.99,701981.2
18.9,takeoff_climb,96.31813125695217,672.7474972191324,30.943270300333705,5491.5,861.0,866.2,871.4,863.9,194.0,194.0,198.5,197.6,4.8,82.1,5.144,5488.3,860.9,868.9,871.9,861.9,193.0,194.4,197.6,198.6,4.77,82.3,5.121,10.6,1.148,0,nominal,0,0.0,194.99,701981.1
19.0,takeoff_climb,96.30923248053392,676.3070077864293,30.95884315906563,5488.5,860.3,871.6,875.0,861.4,192.6,194.3,198.6,199.8,4.78,82.3,5.104,5487.1,860.8,868.8,871.8,861.8,193.1,194.5,197.7,198.7,4.77,82.3,5.119,10.6,1.147,0,nominal,0,0.0,194.99,701981.0
19.1,takeoff_climb,96.30033370411569,679.8665183537263,30.97441601779755,5483.5,860.5,868.4,871.9,862.8,192.7,194.6,197.9,198.1,4.74,81.8,5.124,5485.8,860.8,868.8,871.8,861.8,193.1,194.5,197.7,198.7,4.77,82.3,5.117,10.6,1.147,0,nominal,0,0.0,194.99,701980.9
19.2,takeoff_climb,96.29143492769744,683.4260289210233,30.989988876529477,5473.7,861.9,867.2,873.1,859.5,193.9,195.4,198.7,199.1,4.78,82.2,5.118,5484.6,860.8,868.8,871.8,861.8,193.2,194.6,197.8,198.8,4.77,82.3,5.115,10.6,1.147,0,nominal,0,0.0,194.99,701980.8
19.3,takeoff_climb,96.2825361512792,686.9855394883203,31.005561735261402,5484.3,863.8,867.9,874.0,862.4,194.2,194.9,198.3,197.9,4.75,82.1,5.131,5483.3,860.8,868.8,871.8,861.8,193.3,194.7,197.9,198.9,4.77,82.3,5.113,10.5,1.146,0,nominal,0,0.0,194.99,701980.7
19.4,takeoff_climb,96.27363737486095,690.5450500556174,31.021134593993324,5491.3,863.3,869.0,871.9,861.5,194.2,195.2,198.7,197.9,4.78,82.6,5.19,5482.1,860.8,868.8,871.8,861.8,193.3,194.7,197.9,198.9,4.77,82.3,5.111,10.5,1.146,0,nominal,0,0.0,194.99,701980.6
19.5,takeoff_climb,96.26473859844272,694.1045606229143,31.03670745272525,5478.4,859.8,872.1,870.8,862.3,193.0,195.1,198.7,198.7,4.79,82.6,5.135,5480.8,860.8,868.8,871.8,861.8,193.4,194.8,198.0,199.0,4.77,82.3,5.109,10.5,1.145,0,nominal,0,0.0,194.99,701980.5
19.6,takeoff_climb,96.25583982202447,697.6640711902113,31.052280311457174,5480.0,857.8,869.6,870.9,860.2,192.9,194.7,197.5,199.3,4.79,83.0,5.133,5479.5,860.8,868.8,871.8,861.8,193.5,194.9,198.1,199.1,4.77,82.3,5.107,10.5,1.145,0,nominal,0,0.0,194.99,701980.4
19.7,takeoff_climb,96.24694104560623,701.2235817575083,31.0678531701891,5474.9,861.9,870.1,869.8,863.3,193.0,194.9,197.5,199.2,4.75,83.0,5.004,5478.3,860.8,868.8,871.8,861.8,193.5,194.9,198.1,199.1,4.77,82.3,5.106,10.4,1.145,0,nominal,0,0.0,194.99,701980.3
19.8,takeoff_climb,96.23804226918799,704.7830923248052,31.083426028921025,5474.8,860.3,872.8,872.3,859.6,193.0,194.3,198.1,198.5,4.77,82.3,5.104,5477.0,860.8,868.8,871.8,861.8,193.6,195.0,198.2,199.2,4.77,82.4,5.104,10.4,1.144,0,nominal,0,0.0,194.99,701980.2
19.9,takeoff_climb,96.22914349276975,708.3426028921023,31.098998887652947,5477.5,862.6,869.4,872.6,860.0,193.4,194.9,197.8,198.5,4.79,82.4,5.143,5475.8,860.8,868.8,871.8,861.8,193.6,195.1,198.3,199.3,4.77,82.4,5.102,10.4,1.144,0,nominal,0,0.0,194.99,701980.1
20.0,takeoff_climb,96.2202447163515,711.9021134593993,31.114571746384872,5477.7,858.7,868.6,873.2,862.0,193.1,195.5,198.3,199.6,4.73,82.8,5.083,5474.5,860.8,868.8,871.8,861.8,193.7,195.1,198.3,199.3,4.77,82.4,5.1,10.4,1.143,0,nominal,0,0.0,194.99,701980.0
20.1,takeoff_climb,96.21134593993325,715.4616240266963,31.130144605116797,5472.6,861.5,867.0,872.0,862.9,192.7,194.1,198.7,199.1,4.73,82.7,5.083,5473.2,860.8,868.8,871.8,861.8,193.8,195.2,198.4,199.4,4.77,82.4,5.098,10.3,1.143,0,nominal,0,0.0,194.99,701979.9
20.2,takeoff_climb,96.20244716351502,719.0211345939933,31.14571746384872,5472.4,861.0,869.1,872.0,860.5,193.3,195.2,197.9,198.5,4.77,82.9,5.083,5472.0,860.8,868.8,871.8,861.8,193.8,195.2,198.5,199.5,4.77,82.4,5.096,10.3,1.143,0,nominal,0,0.0,194.99,701979.8
20.3,takeoff_climb,96.19354838709677,722.5806451612902,31.161290322580644,5464.5,859.4,867.7,871.2,861.5,192.9,195.8,198.9,199.0,4.73,82.4,5.079,5470.7,860.8,868.8,871.8,861.8,193.9,195.3,198.5,199.5,4.77,82.4,5.094,10.3,1.142,0,nominal,0,0.0,194.99,701979.7
20.4,takeoff_climb,96.18464961067853,726.1401557285873,31.17686318131257,5459.7,861.3,869.4,869.7,862.7,194.2,195.3,198.7,199.5,4.77,81.8,5.135,5469.5,860.8,868.8,871.8,861.8,194.0,195.4,198.6,199.6,4.77,82.4,5.092,10.3,1.142,0,nominal,0,0.0,194.99,701979.6
20.5,takeoff_climb,96.17575083426028,729.6996662958843,31.192436040044495,5464.4,859.9,867.9,874.2,862.0,193.5,195.0,198.9,199.7,4.71,81.7,5.065,5468.2,860.8,868.8,871.8,861.8,194.0,195.4,198.7,199.7,4.77,82.4,5.09,10.3,1.141,0,nominal,0,0.0,194.99,701979.5
20.6,takeoff_climb,96.16685205784205,733.2591768631812,31.20800889877642,5467.7,860.4,868.6,874.7,861.2,194.1,196.3,199.3,199.9,4.75,82.4,5.072,5467.0,860.8,868.8,871.8,861.8,194.1,195.5,198.7,199.7,4.77,82.4,5.088,10.2,1.141,0,nominal,0,0.0,194.99,701979.4
20.7,takeoff_climb,96.1579532814238,736.8186874304782,31.22358175750834,5463.7,860.2,870.3,871.8,861.1,194.0,195.6,198.6,199.9,4.78,82.1,5.067,5465.7,860.8,868.8,871.8,861.8,194.1,195.5,198.8,199.8,4.77,82.4,5.086,10.2,1.141,0,nominal,0,0.0,194.99,701979.3
20.8,takeoff_climb,96.14905450500557,740.3781979977753,31.239154616240267,5467.9,864.0,868.0,871.8,860.5,193.9,196.3,198.7,200.1,4.76,83.4,5.084,5464.5,860.8,868.8,871.8,861.8,194.2,195.6,198.8,199.8,4.77,82.4,5.085,10.2,1.14,0,nominal,0,0.0,194.99,701979.2
20.9,takeoff_climb,96.14015572858732,743.9377085650723,31.254727474972192,5462.4,860.7,870.4,874.4,859.7,194.3,196.4,200.1,200.0,4.71,82.8,5.11,5463.2,860.8,868.8,871.8,861.8,194.3,195.7,198.9,199.9,4.77,82.4,5.083,10.2,1.14,0,nominal,0,0.0,194.99,701979.1
21.0,takeoff_climb,96.13125695216908,747.4972191323693,31.270300333704114,5457.2,861.2,868.3,873.5,862.0,193.7,195.9,197.2,199.9,4.76,82.7,5.089,5462.0,860.7,868.7,871.7,861.7,194.3,195.7,199.0,200.0,4.76,82.5,5.081,10.1,1.139,0,nominal,0,0.0,194.99,701979.0
21.1,takeoff_climb,96.12235817575083,751.0567296996662,31.28587319243604,5455.4,860.2,867.1,872.6,861.6,193.6,195.9,198.8,200.1,4.76,82.6,5.073,5460.7,860.7,868.7,871.7,861.7,194.4,195.8,199.0,200.0,4.76,82.5,5.079,10.1,1.139,0,nominal,0,0.0,194.99,701978.9
21.2,takeoff_climb,96.1134593993326,754.6162402669632,31.301446051167964,5457.1,859.6,870.6,872.4,860.5,194.8,196.2,198.7,199.9,4.77,82.1,5.043,5459.4,860.7,868.7,871.7,861.7,194.4,195.8,199.1,200.1,4.76,82.5,5.077,10.1,1.139,0,nominal,0,0.0,194.99,701978.8
21.3,takeoff_climb,96.10456062291435,758.1757508342603,31.31701890989989,5466.5,859.7,869.2,869.7,863.8,193.5,195.5,199.1,199.6,4.76,82.6,5.025,5458.2,860.7,868.7,871.7,861.7,194.5,195.9,199.1,200.1,4.76,82.5,5.075,10.1,1.138,0,nominal,0,0.0,194.99,701978.7
21.4,takeoff_climb,96.09566184649611,761.7352614015572,31.332591768631815,5461.7,859.8,870.4,872.5,862.4,196.3,196.1,199.2,200.6,4.79,82.8,5.047,5456.9,860.7,868.7,871.7,861.7,194.5,196.0,199.2,200.2,4.76,82.5,5.073,10.0,1.138,0,nominal,0,0.0,194.99,701978.6
21.5,takeoff_climb,96.08676307007786,765.2947719688542,31.348164627363737,5452.1,860.0,869.8,869.3,863.5,194.0,196.3,198.9,199.9,4.76,83.4,5.128,5455.7,860.7,868.7,871.7,861.7,194.6,196.0,199.3,200.3,4.76,82.5,5.071,10.0,1.138,0,nominal,0,0.0,194.99,701978.5
21.6,takeoff_climb,96.07786429365962,768.8542825361512,31.363737486095662,5461.5,860.1,868.8,872.5,861.3,194.5,195.9,199.9,200.5,4.74,82.4,5.072,5454.4,860.7,868.7,871.7,861.7,194.6,196.1,199.3,200.3,4.76,82.5,5.069,10.0,1.137,0,nominal,0,0.0,194.99,701978.4
21.7,takeoff_climb,96.06896551724138,772.4137931034483,31.379310344827587,5451.1,860.5,867.5,872.8,866.0,195.5,195.8,199.6,200.8,4.76,81.7,5.09,5453.2,860.7,868.7,871.7,861.7,194.7,196.1,199.4,200.4,4.76,82.5,5.067,10.0,1.137,0,nominal,0,0.0,194.99,701978.3
21.8,takeoff_climb,96.06006674082313,775.9733036707453,31.39488320355951,5447.6,860.2,870.1,873.8,861.6,194.9,195.8,199.6,200.9,4.73,82.5,5.086,5451.9,860.7,868.7,871.7,861.7,194.7,196.2,199.4,200.4,4.76,82.5,5.066,10.0,1.136,0,nominal,0,0.0,194.99,701978.2
21.9,takeoff_climb,96.0511679644049,779.5328142380422,31.410456062291434,5452.3,860.8,868.7,871.0,861.9,194.8,197.5,199.7,202.1,4.75,82.6,5.091,5450.7,860.7,868.7,871.7,861.7,194.8,196.2,199.5,200.5,4.76,82.5,5.064,9.9,1.136,0,nominal,0,0.0,194.99,701978.1
22.0,takeoff_climb,96.04226918798665,783.0923248053392,31.42602892102336,5449.5,863.2,867.3,873.3,861.6,195.1,196.7,198.1,200.6,4.75,83.4,5.034,5449.4,860.7,868.7,871.7,861.7,194.9,196.3,199.5,200.5,4.76,82.5,5.062,9.9,1.136,0,nominal,0,0.0,194.99,701978.0
22.1,takeoff_climb,96.03337041156841,786.6518353726362,31.441601779755285,5454.8,860.2,867.2,870.6,863.8,195.1,197.0,200.2,200.8,4.79,82.3,5.111,5448.2,860.7,868.7,871.7,861.7,194.9,196.3,199.6,200.6,4.76,82.5,5.06,9.9,1.135,0,nominal,0,0.0,194.99,701977.9
22.2,takeoff_climb,96.02447163515016,790.2113459399332,31.457174638487206,5443.2,859.5,868.7,869.5,862.1,195.2,196.5,199.9,201.1,4.75,83.0,5.089,5446.9,860.7,868.7,871.7,861.7,195.0,196.4,199.6,200.6,4.76,82.5,5.058,9.9,1.135,0,nominal,0,0.0,194.99,701977.8
22.3,takeoff_climb,96.01557285873193,793.7708565072302,31.47274749721913,5450.3,860.0,869.6,872.8,859.1,195.9,196.8,199.7,199.8,4.73,82.5,5.062,5445.7,860.7,868.7,871.7,861.7,195.0,196.4,199.7,200.7,4.76,82.5,5.056,9.8,1.134,0,nominal,0,0.0,194.99,701977.7
22.4,takeoff_climb,96.00667408231368,797.3303670745272,31.488320355951057,5444.0,861.6,871.3,872.6,862.9,195.5,195.9,199.0,199.9,4.73,81.6,5.083,5444.4,860.7,868.7,871.7,861.7,195.1,196.5,199.8,200.8,4.76,82.5,5.054,9.8,1.134,0,nominal,0,0.0,194.99,701977.6
22.5,takeoff_climb,95.99777530589544,800.8898776418242,31.503893214682982,5450.5,861.9,869.7,872.8,859.4,194.5,196.3,200.2,201.5,4.78,81.7,5.09,5443.2,860.7,868.7,871.7,861.7,195.1,196.5,199.8,200.8,4.76,82.6,5.052,9.8,1.134,0,nominal,0,0.0,194.99,701977.5
22.6,takeoff_climb,95.9888765294772,804.4493882091213,31.519466073414904,5435.3,858.8,868.7,872.5,860.8,196.1,196.8,199.6,199.9,4.75,82.1,5.002,5441.9,860.7,868.7,871.7,861.7,195.2,196.6,199.9,200.9,4.76,82.6,5.05,9.8,1.133,0,nominal,0,0.0,194.99,701977.4
22.7,takeoff_climb,95.97997775305896,808.0088987764182,31.53503893214683,5442.8,859.1,869.7,872.2,863.8,195.3,196.2,200.1,200.5,4.78,82.3,5.025,5440.7,860.7,868.7,871.7,861.7,195.2,196.6,199.9,200.9,4.76,82.6,5.049,9.7,1.133,0,nominal,0,0.0,194.99,701977.3
22.8,takeoff_climb,95.97107897664071,811.5684093437152,31.550611790878754,5440.4,860.4,868.0,870.5,861.1,196.6,196.8,200.1,200.3,4.77,82.4,5.023,5439.4,860.7,868.7,871.7,861.7,195.3,196.7,200.0,201.0,4.76,82.6,5.047,9.7,1.132,0,nominal,0,0.0,194.99,701977.2
22.9,takeoff_climb,95.96218020022246,815.1279199110122,31.56618464961068,5435.8,860.2,869.3,870.3,860.1,196.1,196.3,200.4,201.7,4.76,82.5,5.045,5438.2,860.7,868.7,871.7,861.7,195.3,196.7,200.0,201.0,4.76,82.6,5.045,9.7,1.132,0,nominal,0,0.0,194.99,701977.1
23.0,takeoff_climb,95.95328142380423,818.6874304783091,31.5817575083426,5443.5,861.2,866.9,871.1,861.0,195.0,195.2,199.9,201.4,4.76,83.4,5.024,5436.9,860.6,868.6,871.6,861.6,195.4,196.8,200.1,201.1,4.76,82.6,5.043,9.7,1.132,0,nominal,0,0.0,194.99,701977.0
23.1,takeoff_climb,95.94438264738598,822.2469410456061,31.597330367074527,5439.7,858.7,868.8,872.8,861.7,195.3,197.0,200.8,200.4,4.72,82.7,5.025,5435.7,860.6,868.6,871.6,861.6,195.4,196.8,200.1,201.1,4.76,82.6,5.041,9.7,1.131,0,nominal,0,0.0,194.99,701976.9
23.2,takeoff_climb,95.93548387096774,825.8064516129032,31.612903225806452,5432.4,859.5,870.3,872.3,860.1,195.3,196.7,199.7,201.2,4.77,82.5,5.055,5434.4,860.6,868.6,871.6,861.6,195.4,196.9,200.2,201.2,4.76,82.6,5.039,9.6,1.131,0,nominal,0,0.0,194.99,701976.8
23.3,takeoff_climb,95.9265850945495,829.3659621802002,31.628476084538377,5434.5,858.2,871.0,872.0,863.0,195.7,196.9,200.8,202.2,4.73,82.1,5.061,5433.2,860.6,868.6,871.6,861.6,195.5,196.9,200.2,201.2,4.76,82.6,5.037,9.6,1.13,0,nominal,0,0.0,194.99,701976.7
23.4,takeoff_climb,95.91768631813126,832.9254727474972,31.6440489432703,5431.9,862.4,868.8,873.5,861.1,195.7,196.7,199.2,201.7,4.75,82.1,5.038,5432.0,860.6,868.6,871.6,861.6,195.5,197.0,200.3,201.3,4.76,82.6,5.035,9.6,1.13,0,nominal,0,0.0,194.99,701976.6
23.5,takeoff_climb,95.90878754171301,836.4849833147941,31.659621802002224,5430.6,858.1,869.0,872.3,862.1,196.0,196.8,200.4,201.1,4.72,82.7,5.017,5430.7,860.6,868.6,871.6,861.6,195.6,197.0,200.3,201.3,4.76,82.6,5.033,9.6,1.13,0,nominal,0,0.0,194.99,701976.5
23.6,takeoff_climb,95.89988876529478,840.0444938820912,31.67519466073415,5421.3,859.9,869.5,873.7,860.4,196.2,197.5,201.4,201.7,4.78,82.5,5.047,5429.5,860.6,868.6,871.6,861.6,195.6,197.1,200.4,201.4,4.76,82.6,5.032,9.5,1.129,0,nominal,0,0.0,194.99,701976.4
23.7,takeoff_climb,95.89098998887653,843.6040044493882,31.690767519466075,5424.2,859.2,868.7,871.0,863.1,196.0,197.3,199.7,201.3,4.77,82.9,4.986,5428.2,860.6,868.6,871.6,861.6,195.7,197.1,200.4,201.4,4.76,82.6,5.03,9.5,1.129,0,nominal,0,0.0,194.99,701976.3
23.8,takeoff_climb,95.88209121245829,847.1635150166851,31.706340378197996,5427.3,860.0,868.6,871.9,860.6,194.9,197.0,201.3,200.7,4.75,82.5,5.034,5427.0,860.6,868.6,871.6,861.6,195.7,197.2,200.5,201.5,4.76,82.6,5.028,9.5,1.128,0,nominal,0,0.0,194.99,701976.2
23.9,takeoff_climb,95.87319243604004,850.7230255839821,31.72191323692992,5423.1,861.1,868.1,872.9,862.5,196.6,196.5,200.5,201.6,4.74,82.8,5.039,5425.7,860.6,868.6,871.6,861.6,195.8,197.2,200.5,201.5,4.76,82.6,5.026,9.5,1.128,0,nominal,0,0.0,194.99,701976.1
24.0,takeoff_climb,95.86429365962181,854.2825361512791,31.737486095661847,5423.3,861.7,868.7,873.5,862.6,195.7,197.6,202.2,201.2,4.7,83.0,5.026,5424.5,860.6,868.6,871.6,861.6,195.8,197.2,200.5,201.5,4.76,82.6,5.024,9.4,1.128,0,nominal,0,0.0,194.99,701976.0
24.1,takeoff_climb,95.85539488320356,857.8420467185762,31.753058954393772,5424.2,861.7,869.3,870.8,862.3,195.1,196.0,201.3,201.4,4.75,82.0,5.028,5423.2,860.6,868.6,871.6,861.6,195.9,197.3,200.6,201.6,4.76,82.6,5.022,9.4,1.127,0,nominal,0,0.0,194.99,701975.9
24.2,takeoff_climb,95.84649610678532,861.4015572858732,31.768631813125694,5438.4,859.7,869.7,871.4,860.9,196.2,196.6,201.4,200.4,4.75,83.6,5.001,5422.0,860.6,868.6,871.6,861.6,195.9,197.3,200.6,201.6,4.76,82.6,5.02,9.4,1.127,0,nominal,0,0.0,194.99,701975.8
24.3,takeoff_climb,95.83759733036707,864.9610678531701,31.78420467185762,5419.3,859.7,866.5,870.3,861.2,196.3,197.2,200.6,202.3,4.79,82.5,5.041,5420.7,860.6,868.6,871.6,861.6,195.9,197.4,200.7,201.7,4.76,82.6,5.018,9.4,1.126,0,nominal,0,0.0,194.99,701975.7
24.4,takeoff_climb,95.82869855394883,868.5205784204671,31.799777530589544,5426.5,861.4,865.7,872.6,863.0,196.7,197.3,200.1,202.5,4.78,83.0,5.025,5419.5,860.6,868.6,871.6,861.6,196.0,197.4,200.7,201.7,4.76,82.6,5.017,9.4,1.126,0,nominal,0,0.0,194.99,701975.6
24.5,takeoff_climb,95.81979977753059,872.0800889877642,31.815350389321466,5417.4,861.1,867.0,870.5,862.7,196.1,197.3,200.0,201.3,4.76,83.2,4.997,5418.3,860.6,868.6,871.6,861.6,196.0,197.5,200.8,201.8,4.76,82.7,5.015,9.3,1.126,0,nominal,0,0.0,194.99,701975.5
24.6,takeoff_climb,95.81090100111234,875.6395995550611,31.83092324805339,5416.6,858.5,868.0,871.6,858.4,196.0,197.9,200.8,200.7,4.78,82.6,4.993,5417.0,860.6,868.6,871.6,861.6,196.1,197.5,200.8,201.8,4.76,82.7,5.013,9.3,1.125,0,nominal,0,0.0,194.99,701975.4
24.7,takeoff_climb,95.8020022246941,879.1991101223581,31.846496106785317,5409.4,859.9,868.6,870.9,862.9,196.1,197.9,200.0,201.3,4.73,82.6,5.046,5415.8,860.6,868.6,871.6,861.6,196.1,197.5,200.9,201.9,4.76,82.7,5.011,9.3,1.125,0,nominal,0,0.0,194.99,701975.3
24.8,takeoff_climb,95.79310344827586,882.7586206896551,31.862068965517242,5411.4,856.8,868.2,873.3,862.2,196.1,198.0,201.4,200.9,4.75,82.4,5.043,5414.5,860.6,868.6,871.6,861.6,196.1,197.6,200.9,201.9,4.76,82.7,5.009,9.3,1.125,0,nominal,0,0.0,194.99,701975.2
24.9,takeoff_climb,95.78420467185762,886.3181312569521,31.877641824249167,5415.0,860.4,867.8,872.7,861.6,197.3,197.6,201.8,201.3,4.75,82.0,5.059,5413.3,860.5,868.5,871.5,861.5,196.2,197.6,200.9,201.9,4.76,82.7,5.007,9.2,1.124,0,nominal,0,0.0,194.99,701975.1
25.0,takeoff_climb,95.77530589543937,889.8776418242492,31.89321468298109,5405.4,859.3,869.1,868.4,859.6,197.5,198.0,200.3,201.5,4.76,83.4,4.979,5412.0,860.5,868.5,871.5,861.5,196.2,197.7,201.0,202.0,4.75,82.7,5.005,9.2,1.124,0,nominal,0,0.0,194.99,701975.0
25.1,takeoff_climb,95.76640711902114,893.4371523915461,31.908787541713014,5408.4,861.9,867.0,873.3,860.5,196.4,197.8,200.2,201.8,4.76,82.7,5.018,5410.8,860.5,868.5,871.5,861.5,196.3,197.7,201.0,202.0,4.75,82.7,5.003,9.2,1.123,0,nominal,0,0.0,194.99,701974.9
25.2,takeoff_climb,95.75750834260289,896.9966629588431,31.92436040044494,5408.7,859.6,868.7,874.2,861.4,196.0,197.8,200.7,201.8,4.77,83.1,5.041,5409.6,860.5,868.5,871.5,861.5,196.3,197.7,201.1,202.1,4.75,82.7,5.002,9.2,1.123,0,nominal,0,0.0,194.99,701974.8
25.3,takeoff_climb,95.74860956618465,900.5561735261401,31.93993325917686,5409.7,861.3,868.4,870.6,860.9,195.1,197.4,200.7,202.2,4.77,82.6,5.007,5408.3,860.5,868.5,871.5,861.5,196.3,197.8,201.1,202.1,4.75,82.7,5.0,9.1,1.123,0,nominal,0,0.0,194.99,701974.7
25.4,takeoff_climb,95.7397107897664,904.115684093437,31.955506117908786,5404.3,861.2,868.0,872.8,859.8,195.3,197.6,201.0,201.9,4.77,82.2,5.028,5407.1,860.5,868.5,871.5,861.5,196.4,197.8,201.1,202.1,4.75,82.7,4.998,9.1,1.122,0,nominal,0,0.0,194.99,701974.6
25.5,takeoff_climb,95.73081201334817,907.6751946607341,31.97107897664071,5413.3,863.5,868.4,873.1,862.7,197.2,198.2,200.9,202.8,4.76,82.6,5.032,5405.8,860.5,868.5,871.5,861.5,196.4,197.9,201.2,202.2,4.75,82.7,4.996,9.1,1.122,0,nominal,0,0.0,194.99,701974.5
25.6,takeoff_climb,95.72191323692992,911.2347052280311,31.986651835372637,5402.4,858.8,867.8,872.4,862.3,196.4,197.0,201.2,201.7,4.73,83.0,5.015,5404.6,860.5,868.5,871.5,861.5,196.5,197.9,201.2,202.2,4.75,82.7,4.994,9.1,1.121,0,nominal,0,0.0,194.99,701974.4
25.7,takeoff_climb,95.71301446051169,914.7942157953281,32.00222469410456,5405.6,862.1,868.9,869.1,861.3,197.3,197.6,200.8,202.5,4.76,82.3,5.022,5403.4,860.5,868.5,871.5,861.5,196.5,197.9,201.3,202.3,4.75,82.7,4.992,9.1,1.121,0,nominal,0,0.0,194.99,701974.3
25.8,takeoff_climb,95.70411568409344,918.3537263626251,32.017797552836484,5396.3,861.4,870.2,873.2,861.6,195.7,199.3,201.5,203.3,4.77,82.7,5.058,5402.1,860.5,868.5,871.5,861.5,196.5,198.0,201.3,202.3,4.75,82.7,4.99,9.0,1.121,0,nominal,0,0.0,194.99,701974.2
25.9,takeoff_climb,95.69521690767519,921.913236929922,32.03337041156841,5395.0,860.9,869.9,872.8,862.8,196.9,198.6,201.8,201.4,4.73,82.5,5.023,5400.9,860.5,868.5,871.5,861.5,196.6,198.0,201.3,202.3,4.75,82.7,4.988,9.0,1.12,0,nominal,0,0.0,194.99,701974.1
26.0,takeoff_climb,95.68631813125695,925.4727474972191,32.048943270300335,5394.5,860.8,870.0,871.7,861.8,197.3,198.8,201.4,202.9,4.74,82.9,4.994,5399.6,860.5,868.5,871.5,861.5,196.6,198.1,201.4,202.4,4.75,82.7,4.987,9.0,1.12,0,nominal,0,0.0,194.99,701974.0
26.1,takeoff_climb,95.6774193548387,929.0322580645161,32.064516129032256,5394.9,861.8,869.3,870.3,860.3,196.9,197.0,200.6,202.8,4.75,83.0,4.97,5398.4,860.5,868.5,871.5,861.5,196.6,198.1,201.4,202.4,4.75,82.7,4.985,9.0,1.119,0,nominal,0,0.0,194.99,701973.9
26.2,takeoff_climb,95.66852057842047,932.591768631813,32.080088987764185,5388.6,858.8,869.5,868.4,860.9,196.4,198.4,201.0,202.2,4.76,83.2,4.966,5397.2,860.5,868.5,871.5,861.5,196.7,198.1,201.5,202.5,4.75,82.7,4.983,8.9,1.119,0,nominal,0,0.0,194.99,701973.8
26.3,takeoff_climb,95.65962180200222,936.15127919911,32.09566184649611,5385.8,862.1,871.2,871.0,866.0,196.9,198.1,201.8,202.0,4.76,83.0,5.0,5395.9,860.5,868.5,871.5,861.5,196.7,198.2,201.5,202.5,4.75,82.7,4.981,8.9,1.119,0,nominal,0,0.0,194.99,701973.7
26.4,takeoff_climb,95.65072302558399,939.7107897664071,32.11123470522803,5392.4,857.6,868.6,872.6,863.4,196.6,197.9,202.4,201.7,4.76,82.5,5.055,5394.7,860.5,868.5,871.5,861.5,196.8,198.2,201.5,202.5,4.75,82.7,4.979,8.9,1.118,0,nominal,0,0.0,194.99,701973.6
26.5,takeoff_climb,95.64182424916574,943.2703003337041,32.12680756395996,5388.4,861.9,869.3,872.3,860.7,196.4,198.7,201.1,202.6,4.79,82.4,4.983,5393.5,860.5,868.5,871.5,861.5,196.8,198.2,201.6,202.6,4.75,82.7,4.977,8.9,1.118,0,nominal,0,0.0,194.99,701973.5
26.6,takeoff_climb,95.6329254727475,946.8298109010011,32.14238042269188,5385.3,861.2,866.4,868.9,861.5,196.4,198.3,201.9,202.3,4.76,82.6,4.96,5392.2,860.5,868.5,871.5,861.5,196.8,198.3,201.6,202.6,4.75,82.7,4.975,8.8,1.117,0,nominal,0,0.0,194.99,701973.4
26.7,takeoff_climb,95.62402669632925,950.389321468298,32.1579532814238,5392.7,861.1,868.3,872.2,862.4,195.6,197.4,201.7,204.4,4.72,82.5,5.018,5391.0,860.5,868.5,871.5,861.5,196.9,198.3,201.6,202.6,4.75,82.7,4.973,8.8,1.117,0,nominal,0,0.0,194.99,701973.3
26.8,takeoff_climb,95.61512791991102,953.948832035595,32.17352614015573,5384.8,859.9,866.0,871.7,862.9,196.5,198.9,202.0,204.1,4.75,83.4,4.95,5389.7,860.4,868.4,871.4,861.4,196.9,198.3,201.7,202.7,4.75,82.7,4.972,8.8,1.117,0,nominal,0,0.0,194.99,701973.2
26.9,takeoff_climb,95.60622914349277,957.5083426028921,32.18909899888765,5383.7,861.2,868.6,872.2,863.6,196.4,197.9,200.8,202.4,4.77,82.0,4.959,5388.5,860.4,868.4,871.4,861.4,196.9,198.4,201.7,202.7,4.75,82.7,4.97,8.8,1.116,0,nominal,0,0.0,194.99,701973.1
27.0,takeoff_climb,95.59733036707453,961.067853170189,32.20467185761958,5387.5,861.3,870.0,870.6,861.7,196.7,199.6,203.0,203.6,4.73,82.3,4.969,5387.3,860.4,868.4,871.4,861.4,197.0,198.4,201.8,202.8,4.75,82.7,4.968,8.8,1.116,0,nominal,0,0.0,194.99,701973.0
27.1,takeoff_climb,95.58843159065628,964.627363737486,32.2202447163515,5375.7,859.8,866.1,870.9,859.0,196.9,198.6,201.9,203.4,4.74,82.9,4.93,5386.0,860.4,868.4,871.4,861.4,197.0,198.4,201.8,202.8,4.75,82.7,4.966,8.7,1.116,0,nominal,0,0.0,194.99,701972.9
27.2,takeoff_climb,95.57953281423804,968.186874304783,32.23581757508342,5382.0,861.9,866.7,871.2,862.1,197.4,198.0,202.5,201.4,4.78,82.4,4.951,5384.8,860.4,868.4,871.4,861.4,197.0,198.5,201.8,202.8,4.75,82.7,4.964,8.7,1.115,0,nominal,0,0.0,194.99,701972.8
27.3,takeoff_climb,95.5706340378198,971.7463848720801,32.25139043381535,5389.0,860.2,868.3,871.8,859.8,197.7,198.6,202.6,204.4,4.74,82.4,5.025,5383.6,860.4,868.4,871.4,861.4,197.1,198.5,201.9,202.9,4.75,82.7,4.962,8.7,1.115,0,nominal,0,0.0,194.99,701972.7
27.4,takeoff_climb,95.56173526140155,975.3058954393771,32.266963292547274,5379.6,860.2,866.3,871.9,859.2,197.5,198.7,202.5,203.0,4.78,83.7,4.936,5382.3,860.4,868.4,871.4,861.4,197.1,198.5,201.9,202.9,4.75,82.7,4.96,8.7,1.114,0,nominal,0,0.0,194.99,701972.6
27.5,takeoff_climb,95.55283648498332,978.865406006674,32.2825361512792,5368.2,861.4,869.0,873.3,862.2,198.0,198.1,201.9,202.4,4.74,82.5,4.977,5381.1,860.4,868.4,871.4,861.4,197.1,198.6,201.9,202.9,4.75,82.7,4.959,8.6,1.114,0,nominal,0,0.0,194.99,701972.5
27.6,takeoff_climb,95.54393770856507,982.424916573971,32.298109010011125,5375.4,858.8,870.9,873.9,862.1,197.6,198.2,202.2,203.6,4.75,83.3,4.943,5379.9,860.4,868.4,871.4,861.4,197.2,198.6,202.0,203.0,4.75,82.7,4.957,8.6,1.114,0,nominal,0,0.0,194.99,701972.4
27.7,takeoff_climb,95.53503893214683,985.984427141268,32.313681868743046,5382.9,861.0,869.7,871.0,861.3,197.4,198.7,201.8,203.4,4.76,82.5,4.923,5378.6,860.4,868.4,871.4,861.4,197.2,198.6,202.0,203.0,4.75,82.7,4.955,8.6,1.113,0,nominal,0,0.0,194.99,701972.3
27.8,takeoff_climb,95.52614015572858,989.543937708565,32.329254727474975,5380.6,861.9,869.9,871.6,861.6,198.0,198.2,202.0,202.7,4.74,82.7,4.977,5377.4,860.4,868.4,871.4,861.4,197.2,198.7,202.0,203.0,4.75,82.7,4.953,8.6,1.113,0,nominal,0,0.0,194.99,701972.2
27.9,takeoff_climb,95.51724137931035,993.103448275862,32.3448275862069,5376.0,860.7,869.4,873.2,862.0,197.3,198.4,201.9,202.6,4.74,82.9,5.002,5376.2,860.4,868.4,871.4,861.4,197.2,198.7,202.1,203.1,4.75,82.7,4.951,8.5,1.112,0,nominal,0,0.0,194.99,701972.1
28.0,takeoff_climb,95.5083426028921,996.662958843159,32.36040044493882,5367.6,859.6,866.6,872.8,861.4,197.5,199.1,202.2,202.6,4.74,81.6,4.945,5374.9,860.4,868.4,871.4,861.4,197.3,198.7,202.1,203.1,4.75,82.7,4.949,8.5,1.112,0,nominal,0,0.0,194.99,701972.0
28.1,takeoff_climb,95.49944382647386,1000.222469410456,32.37597330367075,5377.4,861.7,868.8,874.5,862.3,197.8,199.2,202.4,202.1,4.73,82.5,4.9,5373.7,860.4,868.4,871.4,861.4,197.3,198.8,202.1,203.1,4.75,82.7,4.947,8.5,1.112,0,nominal,0,0.0,194.99,701971.9
28.2,takeoff_climb,95.49054505005562,1003.781979977753,32.39154616240267,5366.5,863.7,867.5,872.1,862.9,196.7,199.2,202.5,202.8,4.72,82.6,4.956,5372.5,860.4,868.4,871.4,861.4,197.3,198.8,202.1,203.1,4.75,82.7,4.946,8.5,1.111,0,nominal,0,0.0,194.99,701971.8
28.3,takeoff_climb,95.48164627363738,1007.34149054505,32.40711902113459,5373.3,859.8,865.6,871.9,863.0,196.8,198.7,202.6,203.0,4.72,82.7,4.97,5371.2,860.4,868.4,871.4,861.4,197.4,198.8,202.2,203.2,4.75,82.7,4.944,8.5,1.111,0,nominal,0,0.0,194.99,701971.7
28.4,takeoff_climb,95.47274749721913,1010.901001112347,32.42269187986652,5376.6,860.6,866.0,869.9,861.0,197.4,198.4,203.1,204.2,4.76,82.2,5.001,5370.0,860.4,868.4,871.4,861.4,197.4,198.8,202.2,203.2,4.75,82.7,4.942,8.4,1.11,0,nominal,0,0.0,194.99,701971.6
28.5,takeoff_climb,95.46384872080088,1014.460511679644,32.43826473859844,5363.6,858.3,868.7,869.7,863.1,197.8,200.0,201.1,202.3,4.74,82.2,5.005,5368.8,860.4,868.4,871.4,861.4,197.4,198.9,202.2,203.2,4.75,82.7,4.94,8.4,1.11,0,nominal,0,0.0,194.99,701971.5
28.6,takeoff_climb,95.45494994438265,1018.0200222469409,32.45383759733036,5380.6,862.3,865.1,873.4,860.2,198.2,199.0,202.1,202.8,4.74,83.5,4.87,5367.5,860.4,868.4,871.4,861.4,197.5,198.9,202.3,203.3,4.75,82.7,4.938,8.4,1.11,0,nominal,0,0.0,194.99,701971.4
28.7,takeoff_climb,95.4460511679644,1021.579532814238,32.46941045606229,5364.0,858.3,869.9,873.1,862.6,198.1,198.2,201.8,203.5,4.74,81.8,4.905,5366.3,860.3,868.3,871.3,861.3,197.5,198.9,202.3,203.3,4.75,82.7,4.936,8.4,1.109,0,nominal,0,0.0,194.99,701971.3
28.8,takeoff_climb,95.43715239154616,1025.139043381535,32.48498331479421,5372.5,861.2,867.2,871.4,858.2,197.1,198.5,202.6,203.3,4.75,83.1,4.942,5365.1,860.3,868.3,871.3,861.3,197.5,199.0,202.3,203.3,4.75,82.7,4.935,8.3,1.109,0,nominal,0,0.0,194.99,701971.2
28.9,takeoff_climb,95.42825361512791,1028.698553948832,32.50055617352614,5357.7,859.8,870.0,871.0,860.9,197.1,198.8,201.3,204.0,4.77,83.2,4.964,5363.8,860.3,868.3,871.3,861.3,197.5,199.0,202.4,203.4,4.75,82.7,4.933,8.3,1.109,0,nominal,0,0.0,194.99,701971.1
29.0,takeoff_climb,95.41935483870968,1032.258064516129,32.516129032258064,5359.0,860.6,869.2,872.0,862.0,198.5,199.0,202.9,203.3,4.76,82.8,4.896,5362.6,860.3,868.3,871.3,861.3,197.6,199.0,202.4,203.4,4.75,82.7,4.931,8.3,1.108,0,nominal,0,0.0,194.99,701971.0
29.1,takeoff_climb,95.41045606229143,1035.817575083426,32.531701890989986,5368.2,862.4,869.4,872.4,858.6,198.8,198.8,203.2,203.7,4.78,82.3,4.981,5361.4,860.3,868.3,871.3,861.3,197.6,199.0,202.4,203.4,4.75,82.7,4.929,8.3,1.108,0,nominal,0,0.0,194.99,701970.9
29.2,takeoff_climb,95.4015572858732,1039.377085650723,32.547274749721915,5358.5,862.1,867.8,871.6,859.9,197.6,197.9,201.5,203.4,4.75,82.6,4.885,5360.2,860.3,868.3,871.3,861.3,197.6,199.1,202.4,203.4,4.75,82.7,4.927,8.2,1.107,0,nominal,0,0.0,194.99,701970.8
29.3,takeoff_climb,95.39265850945495,1042.93659621802,32.562847608453836,5364.0,860.7,868.7,871.3,861.6,196.8,199.6,203.0,203.3,4.78,82.8,4.923,5358.9,860.3,868.3,871.3,861.3,197.6,199.1,202.5,203.5,4.75,82.7,4.925,8.2,1.107,0,nominal,0,0.0,194.99,701970.7
29.4,takeoff_climb,95.38375973303671,1046.496106785317,32.578420467185765,5359.3,861.6,868.5,872.7,862.0,197.7,199.3,202.4,203.6,4.76,83.2,4.928,5357.7,860.3,868.3,871.3,861.3,197.7,199.1,202.5,203.5,4.75,82.7,4.923,8.2,1.107,0,nominal,0,0.0,194.99,701970.6
29.5,takeoff_climb,95.37486095661846,1050.055617352614,32.59399332591769,5345.1,861.1,869.9,875.4,861.0,197.4,200.1,203.1,203.0,4.72,83.2,4.96,5356.5,860.3,868.3,871.3,861.3,197.7,199.2,202.5,203.5,4.75,82.7,4.922,8.2,1.106,0,nominal,0,0.0,194.99,701970.5
29.6,takeoff_climb,95.36596218020023,1053.615127919911,32.60956618464961,5351.4,859.5,868.8,870.2,862.5,198.9,199.3,202.0,204.0,4.75,83.4,4.931,5355.2,860.3,868.3,871.3,861.3,197.7,199.2,202.6,203.6,4.75,82.7,4.92,8.2,1.106,0,nominal,0,0.0,194.99,701970.4
29.7,takeoff_climb,95.35706340378198,1057.1746384872079,32.62513904338154,5357.9,861.4,866.7,870.4,861.6,197.7,200.0,201.8,204.4,4.69,83.2,4.888,5354.0,860.3,868.3,871.3,861.3,197.8,199.2,202.6,203.6,4.75,82.7,4.918,8.1,1.105,0,nominal,0,0.0,194.99,701970.3
29.8,takeoff_climb,95.34816462736374,1060.734149054505,32.64071190211346,5341.0,864.2,867.0,871.9,860.1,197.5,199.4,202.8,203.7,4.75,82.0,4.948,5352.8,860.3,868.3,871.3,861.3,197.8,199.2,202.6,203.6,4.75,82.7,4.916,8.1,1.105,0,nominal,0,0.0,194.99,701970.2
29.9,takeoff_climb,95.3392658509455,1064.293659621802,32.65628476084538,5354.1,862.6,868.4,871.1,861.1,197.5,199.3,201.0,204.4,4.72,82.7,4.923,5351.6,860.3,868.3,871.3,861.3,197.8,199.3,202.6,203.6,4.75,82.7,4.914,8.1,1.105,0,nominal,0,0.0,194.99,701970.1
30.0,takeoff_climb,95.33036707452726,1067.8531701890988,32.67185761957731,5356.1,861.1,868.7,871.1,863.5,197.8,199.3,202.3,202.7,4.78,83.4,4.934,5350.3,860.3,868.3,871.3,861.3,197.8,199.3,202.7,203.7,4.75,82.7,4.912,8.1,1.104,0,nominal,0,0.0,194.99,701970.0
30.1,takeoff_climb,95.32146829810901,1071.412680756396,32.68743047830923,5352.3,861.3,868.5,871.6,859.5,196.8,198.7,203.4,204.0,4.74,82.0,4.91,5349.1,860.3,868.3,871.3,861.3,197.9,199.3,202.7,203.7,4.75,82.7,4.911,8.0,1.104,0,nominal,0,0.0,194.99,701969.9
30.2,takeoff_climb,95.31256952169076,1074.9721913236929,32.70300333704115,5347.2,862.8,868.9,871.6,861.2,198.3,200.0,202.9,204.0,4.74,82.5,4.941,5347.9,860.3,868.3,871.3,861.3,197.9,199.3,202.7,203.7,4.75,82.7,4.909,8.0,1.103,0,nominal,0,0.0,194.99,701969.8
30.3,takeoff_climb,95.30367074527253,1078.53170189099,32.71857619577308,5345.8,862.3,868.3,871.3,858.6,198.3,199.6,202.7,203.6,4.72,83.4,4.923,5346.7,860.3,868.3,871.3,861.3,197.9,199.4,202.7,203.7,4.75,82.7,4.907,8.0,1.103,0,nominal,0,0.0,194.99,701969.7
30.4,takeoff_climb,95.29477196885428,1082.091212458287,32.734149054505004,5338.6,858.3,869.7,873.4,859.8,198.0,198.8,203.1,204.1,4.75,83.2,4.936,5345.4,860.3,868.3,871.3,861.3,197.9,199.4,202.8,203.8,4.75,82.7,4.905,8.0,1.103,0,nominal,0,0.0,194.99,701969.6
30.5,takeoff_climb,95.28587319243604,1085.6507230255838,32.74972191323693,5356.8,859.4,868.5,872.0,859.7,197.7,199.9,203.6,203.7,4.73,82.8,4.903,5344.2,860.3,868.3,871.3,861.3,198.0,199.4,202.8,203.8,4.75,82.7,4.903,7.9,1.102,0,nominal,0,0.0,194.99,701969.5
30.6,takeoff_climb,95.2769744160178,1089.210233592881,32.765294771968854,5342.4,858.7,868.7,872.8,859.1,198.2,200.5,203.4,203.6,4.78,82.4,4.891,5343.0,860.2,868.2,871.2,861.2,198.0,199.4,202.8,203.8,4.75,82.7,4.901,7.9,1.102,0,nominal,0,0.0,194.99,701969.4
30.7,takeoff_climb,95.26807563959956,1092.7697441601779,32.780867630700776,5342.1,858.1,868.6,867.2,862.4,198.7,200.3,203.4,204.1,4.69,82.4,4.937,5341.8,860.2,868.2,871.2,861.2,198.0,199.5,202.8,203.8,4.74,82.7,4.9,7.9,1.102,0,nominal,0,0.0,194.99,701969.3
30.8,takeoff_climb,95.25917686318131,1096.329254727475,32.796440489432705,5337.4,860.5,868.4,871.6,860.2,197.7,198.9,203.4,202.5,4.74,82.6,4.845,5340.5,860.2,868.2,871.2,861.2,198.0,199.5,202.9,203.9,4.74,82.7,4.898,7.9,1.101,0,nominal,0,0.0,194.99,701969.2
30.9,takeoff_climb,95.25027808676307,1099.888765294772,32.812013348164626,5347.1,856.8,872.2,870.7,859.7,198.3,198.5,202.7,204.0,4.79,82.4,4.966,5339.3,860.2,868.2,871.2,861.2,198.0,199.5,202.9,203.9,4.74,82.7,4.896,7.9,1.101,0,nominal,0,0.0,194.99,701969.1
31.0,takeoff_climb,95.24137931034483,1103.4482758620688,32.827586206896555,5332.6,858.4,868.6,871.7,861.6,197.5,199.4,204.7,204.4,4.78,82.7,4.841,5338.1,860.2,868.2,871.2,861.2,198.1,199.5,202.9,203.9,4.74,82.7,4.894,7.8,1.1,0,nominal,0,0.0,194.99,701969.0
31.1,takeoff_climb,95.23248053392659,1107.007786429366,32.84315906562848,5340.8,860.0,868.6,870.9,861.3,197.7,201.1,204.3,204.4,4.78,82.1,4.879,5336.9,860.2,868.2,871.2,861.2,198.1,199.6,202.9,203.9,4.74,82.7,4.892,7.8,1.1,0,nominal,0,0.0,194.99,701968.9
31.2,takeoff_climb,95.22358175750834,1110.567296996663,32.8587319243604,5333.7,860.6,866.9,873.0,861.0,197.8,199.9,203.1,203.5,4.78,83.0,4.844,5335.6,860.2,868.2,871.2,861.2,198.1,199.6,203.0,204.0,4.74,82.7,4.89,7.8,1.1,0,nominal,0,0.0,194.99,701968.8
31.3,takeoff_climb,95.2146829810901,1114.1268075639598,32.87430478309233,5336.4,861.7,868.4,871.6,863.5,197.7,200.9,202.4,201.6,4.74,82.8,4.874,5334.4,860.2,868.2,871.2,861.2,198.1,199.6,203.0,204.0,4.74,82.7,4.889,7.8,1.099,0,nominal,0,0.0,194.99,701968.7
31.4,takeoff_climb,95.20578420467186,1117.686318131257,32.88987764182425,5329.5,860.4,868.9,873.2,860.7,198.5,199.4,202.8,203.9,4.78,82.4,4.898,5333.2,860.2,868.2,871.2,861.2,198.2,199.6,203.0,204.0,4.74,82.7,4.887,7.7,1.099,0,nominal,0,0.0,194.99,701968.6
31.5,takeoff_climb,95.19688542825361,1121.2458286985539,32.90545050055617,5328.8,859.8,866.5,868.7,862.0,196.9,198.3,203.1,204.3,4.72,82.5,4.899,5332.0,860.2,868.2,871.2,861.2,198.2,199.6,203.0,204.0,4.74,82.7,4.885,7.7,1.098,0,nominal,0,0.0,194.99,701968.5
31.6,takeoff_climb,95.18798665183537,1124.8053392658508,32.9210233592881,5320.9,860.6,866.6,869.8,860.1,198.0,199.5,203.6,204.4,4.72,82.3,4.969,5330.7,860.2,868.2,871.2,861.2,198.2,199.7,203.1,204.1,4.74,82.7,4.883,7.7,1.098,0,nominal,0,0.0,194.99,701968.4
31.7,takeoff_climb,95.17908787541712,1128.364849833148,32.93659621802002,5330.9,861.1,868.0,868.6,863.4,198.2,198.8,203.2,204.2,4.76,83.3,4.903,5329.5,860.2,868.2,871.2,861.2,198.2,199.7,203.1,204.1,4.74,82.7,4.881,7.7,1.098,0,nominal,0,0.0,194.99,701968.3
31.8,takeoff_climb,95.17018909899889,1131.9243604004448,32.95216907675194,5327.7,859.6,869.6,871.6,861.8,197.9,199.1,204.0,203.2,4.76,82.6,4.853,5328.3,860.2,868.2,871.2,861.2,198.2,199.7,203.1,204.1,4.74,82.7,4.879,7.6,1.097,0,nominal,0,0.0,194.99,701968.2
31.9,takeoff_climb,95.16129032258064,1135.483870967742,32.96774193548387,5321.5,861.4,868.5,871.3,857.3,198.7,200.1,203.6,204.9,4.75,82.8,4.902,5327.1,860.2,868.2,871.2,861.2,198.3,199.7,203.1,204.1,4.74,82.7,4.878,7.6,1.097,0,nominal,0,0.0,194.99,701968.1
32.0,takeoff_climb,95.1523915461624,1139.0433815350389,32.983314794215794,5327.5,856.7,867.8,872.7,862.4,197.9,200.5,203.4,203.8,4.72,81.6,4.944,5325.9,860.2,868.2,871.2,861.2,198.3,199.8,203.2,204.2,4.74,82.7,4.876,7.6,1.097,0,nominal,0,0.0,194.99,701968.0
32.1,takeoff_climb,95.14349276974416,1142.6028921023358,32.99888765294772,5319.0,861.6,867.5,871.2,861.1,198.8,199.4,202.7,203.7,4.77,82.6,4.878,5324.6,860.2,868.2,871.2,861.2,198.3,199.8,203.2,204.2,4.74,82.7,4.874,7.6,1.096,0,nominal,0,0.0,194.99,701967.9
32.2,takeoff_climb,95.13459399332592,1146.162402669633,33.014460511679644,5323.7,860.4,868.9,872.0,864.9,198.9,201.2,202.9,204.2,4.72,83.5,4.878,5323.4,860.2,868.2,871.2,861.2,198.3,199.8,203.2,204.2,4.74,82.7,4.872,7.5,1.096,0,nominal,0,0.0,194.99,701967.8
32.3,takeoff_climb,95.12569521690767,1149.7219132369298,33.030033370411566,5317.8,860.9,867.4,870.4,860.5,199.7,200.4,204.1,203.9,4.7,82.2,4.881,5322.2,860.2,868.2,871.2,861.2,198.3,199.8,203.2,204.2,4.74,82.7,4.87,7.5,1.095,0,nominal,0,0.0,194.99,701967.7
32.4,takeoff_climb,95.11679644048944,1153.281423804227,33.045606229143495,5313.5,860.6,869.1,869.9,862.1,197.9,199.4,203.0,204.6,4.74,83.0,4.863,5321.0,860.2,868.2,871.2,861.2,198.4,199.8,203.2,204.2,4.74,82.7,4.868,7.5,1.095,0,nominal,0,0.0,194.99,701967.6
32.5,takeoff_climb,95.10789766407119,1156.8409343715239,33.061179087875416,5315.0,861.0,868.4,872.6,859.5,198.7,200.8,203.2,205.3,4.75,81.8,4.95,5319.8,860.1,868.1,871.1,861.1,198.4,199.9,203.3,204.3,4.74,82.7,4.867,7.5,1.095,0,nominal,0,0.0,194.99,701967.5
32.6,takeoff_climb,95.09899888765295,1160.4004449388208,33.076751946607345,5312.0,857.8,869.0,872.7,861.7,198.7,199.1,203.3,205.3,4.71,82.6,4.907,5318.5,860.1,868.1,871.1,861.1,198.4,199.9,203.3,204.3,4.74,82.7,4.865,7.5,1.094,0,nominal,0,0.0,194.99,701967.4
32.7,takeoff_climb,95.0901001112347,1163.959955506118,33.09232480533927,5309.8,858.9,866.7,870.4,860.1,197.4,199.6,203.5,205.1,4.73,82.2,4.838,5317.3,860.1,868.1,871.1,861.1,198.4,199.9,203.3,204.3,4.74,82.7,4.863,7.4,1.094,0,nominal,0,0.0,194.99,701967.3
32.8,takeoff_climb,95.08120133481646,1167.5194660734148,33.10789766407119,5306.0,860.4,869.2,871.1,860.9,198.8,199.9,203.7,203.8,4.75,82.2,4.854,5316.1,860.1,868.1,871.1,861.1,198.4,199.9,203.3,204.3,4.74,82.6,4.861,7.4,1.093,0,nominal,0,0.0,194.99,701967.2
32.9,takeoff_climb,95.07230255839822,1171.0789766407117,33.12347052280312,5321.8,861.5,869.4,871.6,863.2,197.9,199.7,202.4,204.9,4.78,82.8,4.831,5314.9,860.1,868.1,871.1,861.1,198.5,199.9,203.3,204.3,4.74,82.6,4.859,7.4,1.093,0,nominal,0,0.0,194.99,701967.1
33.0,takeoff_climb,95.06340378197997,1174.6384872080089,33.13904338153504,5311.7,861.2,867.4,872.0,861.7,198.3,200.4,203.4,204.8,4.73,82.8,4.86,5313.7,860.1,868.1,871.1,861.1,198.5,200.0,203.4,204.4,4.74,82.6,4.858,7.4,1.093,0,nominal,0,0.0,194.99,701967.0
33.1,takeoff_climb,95.05450500556174,1178.1979977753058,33.15461624026696,5309.3,861.0,868.1,872.6,862.3,198.1,201.3,202.5,204.1,4.7,82.6,4.824,5312.4,860.1,868.1,871.1,861.1,198.5,200.0,203.4,204.4,4.74,82.6,4.856,7.3,1.092,0,nominal,0,0.0,194.99,701966.9
33.2,takeoff_climb,95.04560622914349,1181.7575083426027,33.17018909899889,5309.2,861.5,868.9,870.9,860.3,197.8,200.3,204.6,204.9,4.73,82.5,4.884,5311.2,860.1,868.1,871.1,861.1,198.5,200.0,203.4,204.4,4.74,82.6,4.854,7.3,1.092,0,nominal,0,0.0,194.99,701966.8
33.3,takeoff_climb,95.03670745272525,1185.3170189098998,33.18576195773081,5305.1,859.5,868.7,870.6,861.5,198.1,199.6,203.9,204.5,4.72,81.4,4.869,5310.0,860.1,868.1,871.1,861.1,198.5,200.0,203.4,204.4,4.74,82.6,4.852,7.3,1.092,0,nominal,0,0.0,194.99,701966.7
33.4,takeoff_climb,95.027808676307,1188.8765294771968,33.20133481646273,5312.0,859.1,869.2,869.9,861.5,198.6,200.2,202.6,204.3,4.72,83.2,4.856,5308.8,860.1,868.1,871.1,861.1,198.6,200.0,203.4,204.4,4.74,82.6,4.85,7.3,1.091,0,nominal,0,0.0,194.99,701966.6
33.5,takeoff_climb,95.01890989988877,1192.436040044494,33.21690767519466,5313.5,860.2,866.4,870.9,862.6,198.7,199.4,203.7,204.0,4.78,82.5,4.866,5307.6,860.1,868.1,871.1,861.1,198.6,200.0,203.5,204.5,4.74,82.6,4.848,7.2,1.091,0,nominal,0,0.0,194.99,701966.5
33.6,takeoff_climb,95.01001112347052,1195.9955506117908,33.232480533926584,5310.1,859.5,869.5,872.3,859.5,198.3,200.2,202.9,203.1,4.79,83.3,4.859,5306.4,860.1,868.1,871.1,861.1,198.6,200.1,203.5,204.5,4.74,82.6,4.847,7.2,1.09,0,nominal,0,0.0,194.99,701966.4
33.7,takeoff_climb,95.00111234705228,1199.5550611790877,33.248053392658505,5300.2,859.2,868.0,869.8,860.5,198.4,200.3,202.5,204.7,4.73,82.2,4.818,5305.1,860.1,868.1,871.1,861.1,198.6,200.1,203.5,204.5,4.74,82.6,4.845,7.2,1.09,0,nominal,0,0.0,194.99,701966.3
33.8,takeoff_climb,94.99221357063404,1203.1145717463849,33.263626251390434,5305.8,860.9,866.5,869.9,861.4,198.5,199.7,202.7,204.5,4.75,82.7,4.863,5303.9,860.1,868.1,871.1,861.1,198.6,200.1,203.5,204.5,4.74,82.6,4.843,7.2,1.09,0,nominal,0,0.0,194.99,701966.2
33.9,takeoff_climb,94.9833147942158,1206.6740823136818,33.279199110122356,5301.2,859.1,868.6,868.8,861.7,197.7,200.6,202.7,204.2,4.71,82.5,4.839,5302.7,860.1,868.1,871.1,861.1,198.6,200.1,203.5,204.5,4.74,82.6,4.841,7.2,1.089,0,nominal,0,0.0,194.99,701966.1
34.0,takeoff_climb,94.97441601779755,1210.233592880979,33.294771968854285,5300.6,858.1,868.9,870.9,861.1,199.2,199.4,203.0,205.3,4.72,82.3,4.854,5301.5,860.1,868.1,871.1,861.1,198.7,200.1,203.6,204.6,4.74,82.6,4.839,7.1,1.089,0,nominal,0,0.0,194.99,701966.0
34.1,takeoff_climb,94.96551724137932,1213.7931034482758,33.310344827586206,5303.8,859.0,868.8,872.1,858.6,198.3,200.0,204.0,205.1,4.79,82.9,4.83,5300.3,860.1,868.1,871.1,861.1,198.7,200.2,203.6,204.6,4.74,82.6,4.838,7.1,1.088,0,nominal,0,0.0,194.99,701965.9
34.2,takeoff_climb,94.95661846496107,1217.3526140155727,33.32591768631813,5294.6,860.9,866.9,871.8,860.4,199.6,199.9,202.3,204.6,4.75,82.8,4.794,5299.1,860.1,868.1,871.1,861.1,198.7,200.2,203.6,204.6,4.74,82.6,4.836,7.1,1.088,0,nominal,0,0.0,194.99,701965.8
34.3,takeoff_climb,94.94771968854282,1220.9121245828699,33.34149054505006,5293.1,859.2,868.9,869.1,860.1,200.0,200.7,204.4,204.5,4.69,82.3,4.804,5297.9,860.0,868.0,871.0,861.0,198.7,200.2,203.6,204.6,4.74,82.6,4.834,7.1,1.088,0,nominal,0,0.0,194.99,701965.7
34.4,takeoff_climb,94.93882091212458,1224.4716351501668,33.35706340378198,5298.3,859.1,868.4,871.3,863.1,198.4,200.4,202.7,204.7,4.78,83.4,4.856,5296.6,860.0,868.0,871.0,861.0,198.7,200.2,203.6,204.6,4.74,82.6,4.832,7.0,1.087,0,nominal,0,0.0,194.99,701965.6
34.5,takeoff_climb,94.92992213570633,1228.0311457174637,33.37263626251391,5304.3,861.8,868.7,867.7,862.3,199.1,201.4,203.3,205.2,4.74,82.4,4.812,5295.4,860.0,868.0,871.0,861.0,198.7,200.2,203.6,204.6,4.74,82.6,4.83,7.0,1.087,0,nominal,0,0.0,194.99,701965.5
34.6,takeoff_climb,94.9210233592881,1231.5906562847608,33.38820912124583,5298.7,862.2,869.9,871.0,859.2,198.8,200.2,203.9,205.2,4.75,83.2,4.805,5294.2,860.0,868.0,871.0,861.0,198.8,200.2,203.7,204.7,4.74,82.6,4.829,7.0,1.087,0,nominal,0,0.0,194.99,701965.4
34.7,takeoff_climb,94.91212458286985,1235.1501668520577,33.40378197997775,5296.0,857.9,867.2,872.4,862.0,198.5,200.2,203.9,204.6,4.77,82.4,4.854,5293.0,860.0,868.0,871.0,861.0,198.8,200.3,203.7,204.7,4.74,82.6,4.827,7.0,1.086,0,nominal,0,0.0,194.99,701965.3
34.8,takeoff_climb,94.90322580645162,1238.7096774193546,33.41935483870968,5299.3,860.3,868.2,871.3,859.2,198.5,199.7,204.5,204.1,4.75,82.7,4.819,5291.8,860.0,868.0,871.0,861.0,198.8,200.3,203.7,204.7,4.74,82.6,4.825,6.9,1.086,0,nominal,0,0.0,194.99,701965.2
34.9,takeoff_climb,94.89432703003337,1242.2691879866518,33.4349276974416,5291.9,861.4,868.9,871.3,861.6,199.1,200.4,204.0,203.4,4.77,82.2,4.847,5290.6,860.0,868.0,871.0,861.0,198.8,200.3,203.7,204.7,4.74,82.6,4.823,6.9,1.085,0,nominal,0,0.0,194.99,701965.1
35.0,takeoff_climb,94.88542825361513,1245.8286985539487,33.45050055617352,5285.2,859.2,866.1,872.0,861.7,198.1,200.5,203.5,205.1,4.77,81.7,4.756,5289.4,860.0,868.0,871.0,861.0,198.8,200.3,203.7,204.7,4.74,82.6,4.821,6.9,1.085,0,nominal,0,0.0,194.99,701965.0
35.1,takeoff_climb,94.87652947719688,1249.3882091212458,33.46607341490545,5271.6,860.3,865.8,870.9,859.5,197.9,200.0,204.1,204.4,4.76,83.0,4.799,5288.2,860.0,868.0,871.0,861.0,198.8,200.3,203.7,204.7,4.74,82.5,4.819,6.9,1.085,0,nominal,0,0.0,194.99,701964.9
35.2,takeoff_climb,94.86763070077865,1252.9477196885427,33.481646273637374,5286.3,861.6,868.4,868.6,861.8,198.6,200.7,203.7,204.0,4.73,82.4,4.806,5286.9,860.0,868.0,871.0,861.0,198.9,200.3,203.8,204.8,4.74,82.5,4.818,6.9,1.084,0,nominal,0,0.0,194.99,701964.8
35.3,takeoff_climb,94.8587319243604,1256.5072302558397,33.497219132369295,5276.9,857.2,868.7,872.2,860.9,197.6,200.0,204.5,204.6,4.73,83.3,4.795,5285.7,860.0,868.0,871.0,861.0,198.9,200.3,203.8,204.8,4.74,82.5,4.816,6.8,1.084,0,nominal,0,0.0,194.99,701964.7
35.4,takeoff_climb,94.84983314794216,1260.0667408231368,33.512791991101224,5279.1,859.0,866.8,873.7,861.4,199.1,200.6,203.6,204.6,4.74,82.6,4.828,5284.5,860.0,868.0,871.0,861.0,198.9,200.4,203.8,204.8,4.74,82.5,4.814,6.8,1.084,0,nominal,0,0.0,194.99,701964.6
35.5,takeoff_climb,94.84093437152391,1263.6262513904337,33.528364849833146,5284.6,858.7,869.7,870.9,862.6,198.9,200.6,204.3,204.3,4.74,82.8,4.809,5283.3,860.0,868.0,871.0,861.0,198.9,200.4,203.8,204.8,4.74,82.5,4.812,6.8,1.083,0,nominal,0,0.0,194.99,701964.5
35.6,takeoff_climb,94.83203559510568,1267.1857619577308,33.543937708565075,5294.7,859.7,868.8,869.8,859.9,198.5,200.2,203.9,204.8,4.73,83.9,4.769,5282.1,860.0,868.0,871.0,861.0,198.9,200.4,203.8,204.8,4.74,82.5,4.81,6.8,1.083,0,nominal,0,0.0,194.99,701964.4
35.7,takeoff_climb,94.82313681868743,1270.7452725250278,33.559510567296996,5281.3,859.5,867.9,870.4,860.9,200.3,199.7,203.9,204.0,4.72,83.4,4.795,5280.9,860.0,868.0,871.0,861.0,198.9,200.4,203.8,204.8,4.74,82.5,4.809,6.7,1.082,0,nominal,0,0.0,194.99,701964.3
35.8,takeoff_climb,94.81423804226918,1274.3047830923247,33.57508342602892,5283.5,859.8,867.8,870.7,862.0,199.3,200.0,204.4,204.5,4.76,82.3,4.787,5279.7,860.0,868.0,871.0,861.0,198.9,200.4,203.8,204.8,4.74,82.5,4.807,6.7,1.082,0,nominal,0,0.0,194.99,701964.2
35.9,takeoff_climb,94.80533926585095,1277.8642936596218,33.59065628476085,5273.6,861.0,869.8,870.4,861.6,197.7,200.2,204.4,203.3,4.67,83.1,4.791,5278.5,860.0,868.0,871.0,861.0,199.0,200.4,203.9,204.9,4.74,82.5,4.805,6.7,1.082,0,nominal,0,0.0,194.99,701964.1
36.0,takeoff_climb,94.7964404894327,1281.4238042269187,33.60622914349277,5279.9,861.6,867.5,869.9,859.9,199.5,200.5,204.2,204.5,4.74,82.0,4.799,5277.3,860.0,868.0,871.0,861.0,199.0,200.5,203.9,204.9,4.74,82.5,4.803,6.7,1.081,0,nominal,0,0.0,194.99,701964.0
36.1,takeoff_climb,94.78754171301446,1284.9833147942156,33.6218020022247,5283.2,861.0,865.9,870.8,860.2,200.1,199.9,204.3,204.4,4.72,82.5,4.76,5276.0,859.9,867.9,870.9,860.9,199.0,200.5,203.9,204.9,4.74,82.5,4.801,6.6,1.081,0,nominal,0,0.0,194.99,701963.9
36.2,takeoff_climb,94.77864293659621,1288.5428253615128,33.63737486095662,5279.3,861.8,868.0,870.8,859.3,198.5,200.5,204.0,205.3,4.75,82.6,4.76,5274.8,859.9,867.9,870.9,860.9,199.0,200.5,203.9,204.9,4.74,82.5,4.8,6.6,1.08,0,nominal,0,0.0,194.99,701963.8
36.3,takeoff_climb,94.76974416017798,1292.1023359288097,33.65294771968854,5267.7,859.7,867.3,871.0,862.8,198.7,200.0,203.4,204.0,4.76,82.2,4.824,5273.6,859.9,867.9,870.9,860.9,199.0,200.5,203.9,204.9,4.74,82.5,4.798,6.6,1.08,0,nominal,0,0.0,194.99,701963.7
36.4,takeoff_climb,94.76084538375973,1295.6618464961066,33.66852057842047,5271.9,859.2,869.8,874.0,861.8,199.4,201.0,203.6,205.2,4.74,81.7,4.811,5272.4,859.9,867.9,870.9,860.9,199.0,200.5,203.9,204.9,4.74,82.5,4.796,6.6,1.08,0,nominal,0,0.0,194.99,701963.6
36.5,takeoff_climb,94.7519466073415,1299.2213570634037,33.68409343715239,5266.4,860.7,866.2,873.2,861.6,197.9,200.1,203.5,205.4,4.76,82.4,4.813,5271.2,859.9,867.9,870.9,860.9,199.0,200.5,203.9,204.9,4.74,82.5,4.794,6.6,1.079,0,nominal,0,0.0,194.99,701963.5
36.6,takeoff_climb,94.74304783092325,1302.7808676307006,33.69966629588431,5278.3,860.8,865.5,873.9,862.5,198.4,199.7,204.2,205.6,4.74,82.6,4.8,5270.0,859.9,867.9,870.9,860.9,199.1,200.5,204.0,205.0,4.74,82.5,4.792,6.5,1.079,0,nominal,0,0.0,194.99,701963.4
36.7,takeoff_climb,94.73414905450501,1306.3403781979978,33.71523915461624,5272.5,860.1,868.8,870.3,862.8,199.3,200.2,204.2,204.7,4.72,82.8,4.75,5268.8,859.9,867.9,870.9,860.9,199.1,200.5,204.0,205.0,4.74,82.5,4.791,6.5,1.079,0,nominal,0,0.0,194.99,701963.3
36.8,takeoff_climb,94.72525027808676,1309.8998887652947,33.730812013348164,5269.0,857.8,866.1,870.6,861.1,199.2,200.8,203.3,204.5,4.73,82.4,4.759,5267.6,859.9,867.9,870.9,860.9,199.1,200.6,204.0,205.0,4.74,82.4,4.789,6.5,1.078,0,nominal,0,0.0,194.99,701963.2
36.9,takeoff_climb,94.71635150166853,1313.4593993325916,33.746384872080085,5259.2,862.3,867.3,869.0,861.3,198.5,201.1,203.9,205.1,4.8,82.4,4.769,5266.4,859.9,867.9,870.9,860.9,199.1,200.6,204.0,205.0,4.74,82.4,4.787,6.5,1.078,0,nominal,0,0.0,194.99,701963.1
37.0,takeoff_climb,94.70745272525028,1317.0189098998887,33.761957730812014,5262.9,860.7,869.7,872.2,861.6,198.3,200.6,203.7,205.1,4.69,81.8,4.769,5265.2,859.9,867.9,870.9,860.9,199.1,200.6,204.0,205.0,4.74,82.4,4.785,6.4,1.077,0,nominal,0,0.0,194.99,701963.0
37.1,takeoff_climb,94.69855394883203,1320.5784204671857,33.777530589543936,5268.5,861.4,867.2,872.8,860.5,198.8,200.0,204.5,206.0,4.72,82.3,4.798,5264.0,859.9,867.9,870.9,860.9,199.1,200.6,204.0,205.0,4.74,82.4,4.783,6.4,1.077,0,nominal,0,0.0,194.99,701962.9
37.2,takeoff_climb,94.6896551724138,1324.1379310344828,33.793103448275865,5261.5,859.5,867.1,871.0,860.6,199.0,200.5,204.6,205.5,4.75,81.9,4.747,5262.8,859.9,867.9,870.9,860.9,199.1,200.6,204.0,205.0,4.74,82.4,4.782,6.4,1.077,0,nominal,0,0.0,194.99,701962.8
37.3,takeoff_climb,94.68075639599554,1327.6974416017797,33.80867630700779,5261.4,859.7,868.4,873.7,860.0,199.5,199.4,204.4,203.8,4.72,82.5,4.78,5261.6,859.9,867.9,870.9,860.9,199.1,200.6,204.1,205.1,4.74,82.4,4.78,6.4,1.076,0,nominal,0,0.0,194.99,701962.7
37.4,takeoff_climb,94.67185761957731,1331.2569521690766,33.82424916573971,5258.9,859.7,868.8,867.6,860.9,198.5,200.3,204.8,205.6,4.7,82.4,4.783,5260.4,859.9,867.9,870.9,860.9,199.2,200.6,204.1,205.1,4.74,82.4,4.778,6.3,1.076,0,nominal,0,0.0,194.99,701962.6
37.5,takeoff_climb,94.66295884315906,1334.8164627363738,33.83982202447164,5256.9,860.3,869.1,871.8,863.1,199.6,201.7,203.4,204.6,4.71,82.4,4.796,5259.2,859.9,867.9,870.9,860.9,199.2,200.6,204.1,205.1,4.74,82.4,4.776,6.3,1.076,0,nominal,0,0.0,194.99,701962.5
37.6,takeoff_climb,94.65406006674083,1338.3759733036707,33.85539488320356,5258.0,860.1,868.2,871.5,861.7,198.8,201.3,203.4,205.5,4.71,81.6,4.748,5258.0,859.9,867.9,870.9,860.9,199.2,200.7,204.1,205.1,4.74,82.4,4.775,6.3,1.075,0,nominal,0,0.0,194.99,701962.4
37.7,takeoff_climb,94.64516129032258,1341.9354838709676,33.87096774193549,5256.4,860.8,869.3,871.7,857.8,199.8,200.2,205.2,205.3,4.75,82.4,4.771,5256.7,859.9,867.9,870.9,860.9,199.2,200.7,204.1,205.1,4.74,82.4,4.773,6.3,1.075,0,nominal,0,0.0,194.99,701962.3
37.8,takeoff_climb,94.63626251390434,1345.4949944382647,33.88654060066741,5255.6,859.2,868.2,870.4,861.7,199.1,200.6,204.5,205.1,4.72,81.4,4.734,5255.5,859.9,867.9,870.9,860.9,199.2,200.7,204.1,205.1,4.74,82.4,4.771,6.3,1.074,0,nominal,0,0.0,194.99,701962.2
37.9,takeoff_climb,94.62736373748609,1349.0545050055616,33.90211345939933,5253.2,861.9,868.3,871.0,862.4,199.6,200.7,204.6,205.7,4.73,81.9,4.795,5254.3,859.8,867.8,870.8,860.8,199.2,200.7,204.1,205.1,4.74,82.4,4.769,6.2,1.074,0,nominal,0,0.0,194.99,701962.1
38.0,takeoff_climb,94.61846496106786,1352.6140155728585,33.91768631813126,5254.9,857.9,867.4,869.0,861.4,199.5,200.0,204.8,206.5,4.71,82.8,4.772,5253.1,859.8,867.8,870.8,860.8,199.2,200.7,204.1,205.1,4.74,82.4,4.767,6.2,1.074,0,nominal,0,0.0,194.99,701962.0
38.1,takeoff_climb,94.60956618464961,1356.1735261401557,33.93325917686318,5254.9,860.7,868.2,870.4,862.5,199.6,201.1,204.1,205.6,4.72,81.6,4.772,5251.9,859.8,867.8,870.8,860.8,199.2,200.7,204.2,205.2,4.74,82.4,4.766,6.2,1.073,0,nominal,0,0.0,194.99,701961.9
38.2,takeoff_climb,94.60066740823137,1359.7330367074526,33.9488320355951,5248.8,860.3,866.0,869.4,858.5,199.6,199.4,204.5,204.7,4.71,82.1,4.763,5250.7,859.8,867.8,870.8,860.8,199.3,200.7,204.2,205.2,4.74,82.4,4.764,6.2,1.073,0,nominal,0,0.0,194.99,701961.8
38.3,takeoff_climb,94.59176863181312,1363.2925472747497,33.96440489432703,5246.3,861.1,866.1,868.9,862.3,199.9,198.9,203.0,206.0,4.74,82.7,4.748,5249.5,859.8,867.8,870.8,860.8,199.3,200.7,204.2,205.2,4.74,82.3,4.762,6.1,1.073,0,nominal,0,0.0,194.99,701961.7
38.4,takeoff_climb,94.58286985539489,1366.8520578420466,33.979977753058954,5244.4,858.3,869.6,870.0,861.7,199.0,201.7,204.2,205.2,4.71,82.3,4.718,5248.3,859.8,867.8,870.8,860.8,199.3,200.8,204.2,205.2,4.74,82.3,4.76,6.1,1.072,0,nominal,0,0.0,194.99,701961.6
38.5,takeoff_climb,94.57397107897664,1370.4115684093435,33.995550611790875,5241.9,856.8,868.9,869.7,860.1,199.9,200.5,204.1,205.0,4.74,82.4,4.771,5247.1,859.8,867.8,870.8,860.8,199.3,200.8,204.2,205.2,4.74,82.3,4.758,6.1,1.072,0,nominal,0,0.0,194.99,701961.5
38.6,takeoff_climb,94.56507230255839,1373.9710789766407,34.011123470522804,5243.4,859.7,867.5,873.3,859.0,199.0,200.9,204.5,204.6,4.75,82.5,4.77,5245.9,859.8,867.8,870.8,860.8,199.3,200.8,204.2,205.2,4.74,82.3,4.757,6.1,1.071,0,nominal,0,0.0,194.99,701961.4
38.7,takeoff_climb,94.55617352614016,1377.5305895439376,34.026696329254726,5250.5,860.4,867.3,871.2,859.6,199.6,200.6,204.3,205.8,4.77,81.8,4.769,5244.7,859.8,867.8,870.8,860.8,199.3,200.8,204.2,205.2,4.74,82.3,4.755,6.0,1.071,0,nominal,0,0.0,194.99,701961.3
38.8,takeoff_climb,94.54727474972191,1381.0901001112347,34.04226918798665,5240.0,861.1,869.2,869.5,861.7,200.1,200.4,203.7,204.1,4.73,82.5,4.711,5243.5,859.8,867.8,870.8,860.8,199.3,200.8,204.2,205.2,4.74,82.3,4.753,6.0,1.071,0,nominal,0,0.0,194.99,701961.2
38.9,takeoff_climb,94.53837597330367,1384.6496106785316,34.05784204671858,5243.8,858.9,867.8,870.9,858.8,200.3,201.0,204.9,204.7,4.76,81.9,4.768,5242.3,859.8,867.8,870.8,860.8,199.3,200.8,204.2,205.2,4.74,82.3,4.751,6.0,1.07,0,nominal,0,0.0,194.99,701961.1
39.0,takeoff_climb,94.52947719688542,1388.2091212458286,34.0734149054505,5241.3,861.4,866.0,871.5,859.8,198.4,200.7,203.9,205.0,4.78,82.7,4.723,5241.1,859.8,867.8,870.8,860.8,199.3,200.8,204.3,205.3,4.74,82.3,4.75,6.0,1.07,0,nominal,0,0.0,194.99,701961.0
39.1,takeoff_climb,94.52057842046719,1391.7686318131257,34.08898776418243,5245.2,860.6,866.9,870.9,861.9,199.6,199.8,203.9,204.7,4.79,82.9,4.76,5239.9,859.8,867.8,870.8,860.8,199.3,200.8,204.3,205.3,4.74,82.3,4.748,6.0,1.07,0,nominal,0,0.0,194.99,701960.9
39.2,takeoff_climb,94.51167964404894,1395.3281423804226,34.10456062291435,5232.4,858.6,868.4,871.7,863.6,199.3,199.9,204.6,206.4,4.76,82.7,4.733,5238.7,859.8,867.8,870.8,860.8,199.4,200.8,204.3,205.3,4.74,82.3,4.746,5.9,1.069,0,nominal,0,0.0,194.99,701960.8
39.3,takeoff_climb,94.5027808676307,1398.8876529477195,34.12013348164627,5234.8,860.8,866.6,870.3,857.6,198.7,201.1,203.5,206.0,4.75,83.1,4.735,5237.5,859.8,867.8,870.8,860.8,199.4,200.8,204.3,205.3,4.74,82.3,4.744,5.9,1.069,0,nominal,0,0.0,194.99,701960.7
39.4,takeoff_climb,94.49388209121246,1402.4471635150167,34.1357063403782,5236.5,860.8,867.7,872.1,861.8,198.4,200.0,203.1,206.1,4.72,82.9,4.723,5236.3,859.8,867.8,870.8,860.8,199.4,200.9,204.3,205.3,4.74,82.3,4.742,5.9,1.068,0,nominal,0,0.0,194.99,701960.6
39.5,takeoff_climb,94.48498331479422,1406.0066740823136,34.15127919911012,5235.7,858.1,870.0,869.9,863.9,198.5,201.1,204.5,205.1,4.68,82.7,4.742,5235.1,859.8,867.8,870.8,860.8,199.4,200.9,204.3,205.3,4.74,82.2,4.741,5.9,1.068,0,nominal,0,0.0,194.99,701960.5
39.6,takeoff_climb,94.47608453837597,1409.5661846496105,34.16685205784205,5232.6,859.5,869.3,869.5,860.6,199.7,200.3,204.6,205.5,4.72,82.4,4.775,5233.9,859.8,867.8,870.8,860.8,199.4,200.9,204.3,205.3,4.74,82.2,4.739,5.8,1.068,0,nominal,0,0.0,194.99,701960.4
39.7,takeoff_climb,94.46718576195774,1413.1256952169076,34.18242491657397,5248.8,858.9,868.3,869.6,859.4,198.5,201.6,205.3,204.2,4.74,82.3,4.768,5232.7,859.7,867.7,870.7,860.7,199.4,200.9,204.3,205.3,4.74,82.2,4.737,5.8,1.067,0,nominal,0,0.0,194.99,701960.3
39.8,takeoff_climb,94.45828698553949,1416.6852057842045,34.19799777530589,5226.6,858.1,867.9,868.7,860.8,199.4,200.8,205.6,206.0,4.77,82.8,4.756,5231.5,859.7,867.7,870.7,860.7,199.4,200.9,204.3,205.3,4.74,82.2,4.735,5.8,1.067,0,nominal,0,0.0,194.99,701960.2
39.9,takeoff_climb,94.44938820912125,1420.2447163515017,34.21357063403782,5229.8,860.7,869.0,871.5,859.9,199.0,201.2,203.7,205.3,4.75,81.9,4.708,5230.3,859.7,867.7,870.7,860.7,199.4,200.9,204.4,205.4,4.74,82.2,4.734,5.8,1.066,0,nominal,0,0.0,194.99,701960.1
40.0,takeoff_climb,94.440489432703,1423.8042269187986,34.229143492769744,5223.8,860.6,869.9,871.9,858.3,199.4,200.6,204.3,204.3,4.73,82.0,4.751,5229.1,859.7,867.7,870.7,860.7,199.4,200.9,204.4,205.4,4.74,82.2,4.732,5.7,1.066,0,nominal,0,0.0,194.99,701960.0
40.1,takeoff_climb,94.43159065628475,1427.3637374860955,34.244716351501665,5223.1,857.9,868.7,870.8,861.4,199.4,200.6,204.7,204.4,4.76,81.9,4.733,5227.9,859.7,867.7,870.7,860.7,199.4,200.9,204.4,205.4,4.74,82.2,4.73,5.7,1.066,0,nominal,0,0.0,194.99,701959.9
40.2,takeoff_climb,94.42269187986652,1430.9232480533926,34.260289210233594,5220.9,861.6,865.7,871.5,860.8,199.4,201.4,203.9,205.3,4.72,82.3,4.795,5226.7,859.7,867.7,870.7,860.7,199.4,200.9,204.4,205.4,4.74,82.2,4.728,5.7,1.065,0,nominal,0,0.0,194.99,701959.8
40.3,takeoff_climb,94.41379310344827,1434.4827586206895,34.275862068965516,5225.8,859.1,868.6,870.3,861.3,199.7,200.2,203.9,204.2,4.73,81.2,4.702,5225.5,859.7,867.7,870.7,860.7,199.5,200.9,204.4,205.4,4.74,82.2,4.726,5.7,1.065,0,nominal,0,0.0,194.99,701959.7
40.4,takeoff_climb,94.40489432703004,1438.0422691879867,34.29143492769744,5224.1,860.2,868.1,871.5,861.6,199.1,201.1,205.1,205.9,4.75,82.7,4.683,5224.3,859.7,867.7,870.7,860.7,199.5,201.0,204.4,205.4,4.74,82.2,4.725,5.7,1.065,0,nominal,0,0.0,194.99,701959.6
40.5,takeoff_climb,94.39599555061179,1441.6017797552836,34.30700778642937,5226.8,861.2,868.6,870.5,860.9,198.4,200.6,204.4,205.8,4.72,82.2,4.704,5223.1,859.7,867.7,870.7,860.7,199.5,201.0,204.4,205.4,4.74,82.2,4.723,5.6,1.064,0,nominal,0,0.0,194.99,701959.5
40.6,takeoff_climb,94.38709677419355,1445.1612903225805,34.32258064516129,5228.4,857.6,868.0,871.3,859.5,199.1,199.4,205.4,204.1,4.76,82.1,4.723,5222.0,859.7,867.7,870.7,860.7,199.5,201.0,204.4,205.4,4.74,82.2,4.721,5.6,1.064,0,nominal,0,0.0,194.99,701959.4
40.7,takeoff_climb,94.3781979977753,1448.7208008898776,34.33815350389322,5216.0,860.1,869.5,872.7,859.8,198.7,201.1,204.4,204.5,4.76,81.9,4.684,5220.8,859.7,867.7,870.7,860.7,199.5,201.0,204.4,205.4,4.74,82.1,4.719,5.6,1.063,0,nominal,0,0.0,194.99,701959.3
40.8,takeoff_climb,94.36929922135707,1452.2803114571745,34.35372636262514,5216.9,857.6,869.2,872.3,860.3,200.1,201.0,204.2,205.6,4.74,81.9,4.715,5219.6,859.7,867.7,870.7,860.7,199.5,201.0,204.4,205.4,4.74,82.1,4.718,5.6,1.063,0,nominal,0,0.0,194.99,701959.2
40.9,takeoff_climb,94.36040044493882,1455.8398220244715,34.36929922135706,5221.4,857.7,866.6,869.9,858.7,199.1,201.7,204.8,205.0,4.68,82.5,4.708,5218.4,859.7,867.7,870.7,860.7,199.5,201.0,204.4,205.4,4.74,82.1,4.716,5.5,1.063,0,nominal,0,0.0,194.99,701959.1
41.0,takeoff_climb,94.35150166852058,1459.3993325917686,34.38487208008899,5225.8,856.2,868.0,871.0,858.8,200.0,199.8,205.1,206.5,4.75,81.4,4.74,5217.2,859.7,867.7,870.7,860.7,199.5,201.0,204.5,205.5,4.74,82.1,4.714,5.5,1.062,0,nominal,0,0.0,194.99,701959.0
41.1,takeoff_climb,94.34260289210233,1462.9588431590655,34.40044493882091,5206.9,861.8,867.1,869.9,858.1,199.0,201.3,204.8,205.8,4.73,81.8,4.686,5216.0,859.7,867.7,870.7,860.7,199.5,201.0,204.5,205.5,4.74,82.1,4.712,5.5,1.062,0,nominal,0,0.0,194.99,701958.9
41.2,takeoff_climb,94.3337041156841,1466.5183537263624,34.41601779755284,5217.0,860.9,869.1,872.5,859.2,200.1,201.2,205.7,204.8,4.73,81.9,4.755,5214.8,859.7,867.7,870.7,860.7,199.5,201.0,204.5,205.5,4.74,82.1,4.711,5.5,1.062,0,nominal,0,0.0,194.99,701958.8
41.3,takeoff_climb,94.32480533926585,1470.0778642936596,34.43159065628476,5212.6,858.5,866.3,868.8,860.2,200.4,200.6,204.6,205.0,4.74,81.6,4.72,5213.6,859.7,867.7,870.7,860.7,199.5,201.0,204.5,205.5,4.74,82.1,4.709,5.4,1.061,0,nominal,0,0.0,194.99,701958.7
41.4,takeoff_climb,94.3159065628476,1473.6373748609565,34.44716351501668,5213.2,859.8,869.0,869.5,860.6,199.8,201.3,204.4,205.8,4.72,82.2,4.644,5212.4,859.7,867.7,870.7,860.7,199.5,201.0,204.5,205.5,4.74,82.1,4.707,5.4,1.061,0,nominal,0,0.0,194.99,701958.6
41.5,takeoff_climb,94.30700778642937,1477.1968854282536,34.46273637374861,5208.4,859.3,867.8,870.3,862.1,199.1,201.5,205.3,205.4,4.73,81.9,4.685,5211.2,859.6,867.6,870.6,860.6,199.6,201.0,204.5,205.5,4.74,82.1,4.705,5.4,1.06,0,nominal,0,0.0,194.99,701958.5
41.6,takeoff_climb,94.29810901001112,1480.7563959955505,34.478309232480534,5203.4,858.7,870.5,871.8,859.7,199.8,201.3,205.1,204.5,4.75,82.0,4.7,5210.0,859.6,867.6,870.6,860.6,199.6,201.1,204.5,205.5,4.74,82.1,4.704,5.4,1.06,0,nominal,0,0.0,194.99,701958.4
41.7,takeoff_climb,94.28921023359288,1484.3159065628474,34.493882091212456,5203.4,860.7,865.4,870.5,859.1,199.8,201.3,205.1,205.7,4.75,82.7,4.711,5208.8,859.6,867.6,870.6,860.6,199.6,201.1,204.5,205.5,4.74,82.1,4.702,5.4,1.06,0,nominal,0,0.0,194.99,701958.3
41.8,takeoff_climb,94.28031145717463,1487.8754171301446,34.509454949944384,5202.8,858.2,870.4,872.6,860.4,200.3,201.0,203.9,205.7,4.75,81.7,4.73,5207.6,859.6,867.6,870.6,860.6,199.6,201.1,204.5,205.5,4.74,82.0,4.7,5.3,1.059,0,nominal,0,0.0,194.99,701958.2
41.9,takeoff_climb,94.2714126807564,1491.4349276974415,34.525027808676306,5205.9,858.3,867.1,869.5,860.5,198.7,201.8,204.1,205.5,4.73,82.0,4.696,5206.4,859.6,867.6,870.6,860.6,199.6,201.1,204.5,205.5,4.74,82.0,4.698,5.3,1.059,0,nominal,0,0.0,194.99,701958.1
42.0,takeoff_climb,94.26251390433815,1494.9944382647386,34.54060066740823,5205.4,861.0,865.1,874.8,860.7,198.9,200.5,203.9,204.5,4.7,82.3,4.681,5205.2,859.6,867.6,870.6,860.6,199.6,201.1,204.5,205.5,4.74,82.0,4.696,5.3,1.059,0,nominal,0,0.0,194.99,701958.0
42.1,takeoff_climb,94.25361512791991,1498.5539488320355,34.55617352614016,5212.2,860.8,864.7,869.7,859.4,200.5,201.3,204.6,205.8,4.76,81.9,4.686,5204.1,859.6,867.6,870.6,860.6,199.6,201.1,204.5,205.5,4.74,82.0,4.695,5.3,1.058,0,nominal,0,0.0,194.99,701957.9
42.2,takeoff_climb,94.24471635150167,1502.1134593993324,34.57174638487208,5199.5,858.7,869.3,868.3,860.4,199.9,199.7,204.6,204.0,4.73,82.5,4.726,5202.9,859.6,867.6,870.6,860.6,199.6,201.1,204.6,205.6,4.74,82.0,4.693,5.2,1.058,0,nominal,0,0.0,194.99,701957.8
42.3,takeoff_climb,94.23581757508343,1505.6729699666296,34.58731924360401,5201.1,860.9,866.1,870.2,859.9,199.9,201.4,204.1,206.0,4.72,82.3,4.67,5201.7,859.6,867.6,870.6,860.6,199.6,201.1,204.6,205.6,4.74,82.0,4.691,5.2,1.057,0,nominal,0,0.0,194.99,701957.7
42.4,takeoff_climb,94.22691879866518,1509.2324805339265,34.60289210233593,5188.4,860.7,868.1,869.6,860.5,199.1,200.8,204.8,205.5,4.71,81.8,4.645,5200.5,859.6,867.6,870.6,860.6,199.6,201.1,204.6,205.6,4.74,82.0,4.689,5.2,1.057,0,nominal,0,0.0,194.99,701957.6
42.5,takeoff_climb,94.21802002224695,1512.7919911012234,34.61846496106785,5190.4,859.9,865.8,870.2,860.7,199.4,200.8,205.2,205.7,4.77,81.8,4.7,5199.3,859.6,867.6,870.6,860.6,199.6,201.1,204.6,205.6,4.74,82.0,4.688,5.2,1.057,0,nominal,0,0.0,194.99,701957.5
42.6,takeoff_climb,94.2091212458287,1516.3515016685205,34.63403781979978,5199.5,859.8,867.7,869.3,861.8,199.5,201.0,205.0,205.0,4.77,81.9,4.695,5198.1,859.6,867.6,870.6,860.6,199.6,201.1,204.6,205.6,4.74,82.0,4.686,5.1,1.056,0,nominal,0,0.0,194.99,701957.4
42.7,takeoff_climb,94.20022246941046,1519.9110122358175,34.6496106785317,5192.6,858.2,868.8,870.3,862.6,199.3,201.2,204.1,205.9,4.73,81.8,4.694,5196.9,859.6,867.6,870.6,860.6,199.6,201.1,204.6,205.6,4.74,82.0,4.684,5.1,1.056,0,nominal,0,0.0,194.99,701957.3
42.8,takeoff_climb,94.19132369299221,1523.4705228031144,34.66518353726363,5193.9,860.4,867.0,870.6,861.3,199.2,201.1,204.7,206.1,4.76,80.7,4.693,5195.7,859.6,867.6,870.6,860.6,199.7,201.1,204.6,205.6,4.74,81.9,4.682,5.1,1.056,0,nominal,0,0.0,194.99,701957.2
42.9,takeoff_climb,94.18242491657396,1527.0300333704115,34.68075639599555,5191.0,859.1,865.8,872.9,858.9,200.8,202.6,203.9,205.5,4.76,81.5,4.653,5194.5,859.6,867.6,870.6,860.6,199.7,201.1,204.6,205.6,4.74,81.9,4.681,5.1,1.055,0,nominal,0,0.0,194.99,701957.1
43.0,takeoff_climb,94.17352614015573,1530.5895439377084,34.69632925472747,5181.5,860.0,866.4,870.1,860.6,200.2,202.4,205.2,205.8,4.73,82.7,4.72,5193.3,859.6,867.6,870.6,860.6,199.7,201.1,204.6,205.6,4.74,81.9,4.679,5.1,1.055,0,nominal,0,0.0,194.99,701957.0
43.1,takeoff_climb,94.16462736373748,1534.1490545050056,34.7119021134594,5193.5,859.4,867.0,871.2,861.5,200.9,201.2,203.9,205.2,4.71,82.5,4.718,5192.2,859.6,867.6,870.6,860.6,199.7,201.2,204.6,205.6,4.74,81.9,4.677,5.0,1.054,0,nominal,0,0.0,194.99,701956.9
43.2,takeoff_climb,94.15572858731925,1537.7085650723025,34.727474972191324,5188.7,860.8,866.5,870.2,859.6,199.5,200.7,203.8,204.9,4.74,82.0,4.666,5191.0,859.6,867.6,870.6,860.6,199.7,201.2,204.6,205.6,4.74,81.9,4.675,5.0,1.054,0,nominal,0,0.0,194.99,701956.8
43.3,takeoff_climb,94.146829810901,1541.2680756395994,34.743047830923246,5188.8,860.1,866.0,870.3,860.0,199.5,200.8,204.2,205.6,4.73,81.4,4.699,5189.8,859.5,867.5,870.5,860.5,199.7,201.2,204.6,205.6,4.74,81.9,4.674,5.0,1.054,0,nominal,0,0.0,194.99,701956.7
43.4,takeoff_climb,94.13793103448276,1544.8275862068965,34.758620689655174,5175.0,860.7,868.0,869.2,860.8,199.5,200.7,205.1,205.2,4.71,82.0,4.725,5188.6,859.5,867.5,870.5,860.5,199.7,201.2,204.6,205.6,4.74,81.9,4.672,5.0,1.053,0,nominal,0,0.0,194.99,701956.6
43.5,takeoff_climb,94.12903225806451,1548.3870967741934,34.774193548387096,5178.0,860.3,868.2,868.5,860.7,200.2,200.7,204.7,207.5,4.74,82.3,4.675,5187.4,859.5,867.5,870.5,860.5,199.7,201.2,204.6,205.6,4.74,81.9,4.67,4.9,1.053,0,nominal,0,0.0,194.99,701956.5
43.6,takeoff_climb,94.12013348164628,1551.9466073414906,34.78976640711902,5182.1,859.5,865.7,871.7,859.4,201.3,201.6,205.0,205.5,4.73,81.7,4.658,5186.2,859.5,867.5,870.5,860.5,199.7,201.2,204.6,205.6,4.74,81.9,4.668,4.9,1.053,0,nominal,0,0.0,194.99,701956.4
43.7,takeoff_climb,94.11123470522803,1555.5061179087875,34.80533926585095,5183.0,859.6,867.9,871.6,858.8,200.6,201.2,204.1,205.5,4.74,82.1,4.666,5185.0,859.5,867.5,870.5,860.5,199.7,201.2,204.7,205.7,4.74,81.8,4.667,4.9,1.052,0,nominal,0,0.0,194.99,701956.3
43.8,takeoff_climb,94.1023359288098,1559.0656284760844,34.82091212458287,5186.7,859.8,867.1,870.8,860.9,200.4,202.0,204.4,205.5,4.74,82.4,4.618,5183.8,859.5,867.5,870.5,860.5,199.7,201.2,204.7,205.7,4.74,81.8,4.665,4.9,1.052,0,nominal,0,0.0,194.99,701956.2
43.9,takeoff_climb,94.09343715239154,1562.6251390433815,34.83648498331479,5193.4,857.2,864.3,870.9,859.6,199.8,201.9,204.8,206.6,4.69,81.4,4.69,5182.7,859.5,867.5,870.5,860.5,199.7,201.2,204.7,205.7,4.74,81.8,4.663,4.8,1.052,0,nominal,0,0.0,194.99,701956.1
44.0,takeoff_climb,94.08453837597331,1566.1846496106784,34.85205784204672,5180.4,860.9,868.6,869.7,859.7,200.4,200.1,204.8,205.2,4.72,81.6,4.655,5181.5,859.5,867.5,870.5,860.5,199.7,201.2,204.7,205.7,4.74,81.8,4.661,4.8,1.051,0,nominal,0,0.0,194.99,701956.0
44.1,takeoff_climb,94.07563959955506,1569.7441601779753,34.86763070077864,5186.1,858.0,869.2,871.0,858.3,200.5,200.4,205.6,205.7,4.75,82.5,4.663,5180.3,859.5,867.5,870.5,860.5,199.7,201.2,204.7,205.7,4.74,81.8,4.66,4.8,1.051,0,nominal,0,0.0,194.99,701955.9
44.2,takeoff_climb,94.06674082313683,1573.3036707452725,34.88320355951057,5181.5,860.7,867.9,870.7,859.2,198.9,202.1,204.0,205.6,4.72,81.9,4.654,5179.1,859.5,867.5,870.5,860.5,199.7,201.2,204.7,205.7,4.74,81.8,4.658,4.8,1.05,0,nominal,0,0.0,194.99,701955.8
44.3,takeoff_climb,94.05784204671858,1576.8631813125694,34.89877641824249,5178.7,858.6,869.0,869.7,860.5,198.4,202.3,204.4,206.0,4.74,81.3,4.616,5177.9,859.5,867.5,870.5,860.5,199.7,201.2,204.7,205.7,4.74,81.8,4.656,4.8,1.05,0,nominal,0,0.0,194.99,701955.7
44.4,takeoff_climb,94.04894327030033,1580.4226918798663,34.91434927697441,5180.1,859.7,865.5,872.1,859.7,199.2,202.1,203.9,205.7,4.72,81.8,4.612,5176.7,859.5,867.5,870.5,860.5,199.7,201.2,204.7,205.7,4.74,81.8,4.654,4.7,1.05,0,nominal,0,0.0,194.99,701955.6
44.5,takeoff_climb,94.04004449388209,1583.9822024471634,34.92992213570634,5164.7,858.8,869.4,871.2,863.0,199.3,200.8,203.0,205.5,4.71,82.8,4.637,5175.5,859.5,867.5,870.5,860.5,199.8,201.2,204.7,205.7,4.74,81.8,4.653,4.7,1.049,0,nominal,0,0.0,194.99,701955.5
44.6,takeoff_climb,94.03114571746384,1587.5417130144604,34.94549499443826,5179.0,860.6,867.2,871.7,858.5,199.6,201.4,204.5,206.1,4.79,81.8,4.697,5174.4,859.5,867.5,870.5,860.5,199.8,201.2,204.7,205.7,4.74,81.8,4.651,4.7,1.049,0,nominal,0,0.0,194.99,701955.4
44.7,takeoff_climb,94.02224694104561,1591.1012235817575,34.96106785317019,5175.1,859.7,866.0,868.7,862.3,200.5,200.5,203.9,205.8,4.74,82.4,4.623,5173.2,859.5,867.5,870.5,860.5,199.8,201.2,204.7,205.7,4.74,81.7,4.649,4.7,1.049,0,nominal,0,0.0,194.99,701955.3
44.8,takeoff_climb,94.01334816462736,1594.6607341490544,34.976640711902114,5175.9,858.9,865.3,871.3,860.8,199.5,201.4,204.9,204.9,4.73,82.0,4.65,5172.0,859.5,867.5,870.5,860.5,199.8,201.3,204.7,205.7,4.74,81.7,4.647,4.6,1.048,0,nominal,0,0.0,194.99,701955.2
44.9,takeoff_climb,94.00444938820912,1598.2202447163513,34.992213570634036,5176.5,860.4,866.7,869.1,860.2,199.3,200.3,204.9,205.9,4.73,80.7,4.641,5170.8,859.5,867.5,870.5,860.5,199.8,201.3,204.7,205.7,4.74,81.7,4.646,4.6,1.048,0,nominal,0,0.0,194.99,701955.1
45.0,takeoff_climb,93.99555061179088,1601.7797552836485,35.007786429365964,5174.9,858.3,870.0,872.8,860.9,199.7,201.0,204.7,206.0,4.77,82.1,4.613,5169.6,859.4,867.4,870.4,860.4,199.8,201.3,204.7,205.7,4.74,81.7,4.644,4.6,1.047,0,nominal,0,0.0,194.99,701955.0
45.1,takeoff_climb,93.98665183537264,1605.3392658509454,35.023359288097886,5160.0,859.6,866.7,869.6,861.6,199.5,200.9,203.8,205.0,4.77,81.8,4.631,5168.4,859.4,867.4,870.4,860.4,199.8,201.3,204.7,205.7,4.74,81.7,4.642,4.6,1.047,0,nominal,0,0.0,194.99,701954.9
45.2,takeoff_climb,93.97775305895439,1608.8987764182425,35.03893214682981,5164.2,859.8,864.6,871.5,858.6,200.9,201.0,203.8,204.9,4.73,81.8,4.639,5167.3,859.4,867.4,870.4,860.4,199.8,201.3,204.7,205.7,4.74,81.7,4.64,4.5,1.047,0,nominal,0,0.0,194.99,701954.8
45.3,takeoff_climb,93.96885428253616,1612.4582869855394,35.05450500556174,5172.9,860.4,869.2,870.1,861.0,199.4,201.3,204.6,206.0,4.74,82.2,4.662,5166.1,859.4,867.4,870.4,860.4,199.8,201.3,204.7,205.7,4.74,81.7,4.639,4.5,1.046,0,nominal,0,0.0,194.99,701954.7
45.4,takeoff_climb,93.95995550611791,1616.0177975528363,35.07007786429366,5168.1,858.7,867.2,870.5,860.4,200.5,200.9,203.5,205.5,4.74,82.3,4.629,5164.9,859.4,867.4,870.4,860.4,199.8,201.3,204.8,205.8,4.74,81.7,4.637,4.5,1.046,0,nominal,0,0.0,194.99,701954.6
45.5,takeoff_climb,93.95105672969967,1619.5773081201335,35.08565072302558,5158.9,861.3,866.5,870.8,861.4,199.5,201.0,205.3,206.6,4.7,81.6,4.638,5163.7,859.4,867.4,870.4,860.4,199.8,201.3,204.8,205.8,4.74,81.6,4.635,4.5,1.046,0,nominal,0,0.0,194.99,701954.5
45.6,takeoff_climb,93.94215795328142,1623.1368186874304,35.10122358175751,5166.2,859.9,864.2,873.3,859.3,200.7,200.9,205.5,205.3,4.75,81.6,4.596,5162.5,859.4,867.4,870.4,860.4,199.8,201.3,204.8,205.8,4.74,81.6,4.634,4.4,1.045,0,nominal,0,0.0,194.99,701954.4
45.7,takeoff_climb,93.93325917686317,1626.6963292547273,35.11679644048943,5148.8,858.9,866.8,871.6,858.1,200.9,201.5,205.4,205.1,4.72,81.2,4.626,5161.4,859.4,867.4,870.4,860.4,199.8,201.3,204.8,205.8,4.74,81.6,4.632,4.4,1.045,0,nominal,0,0.0,194.99,701954.3
45.8,takeoff_climb,93.92436040044494,1630.2558398220244,35.13236929922136,5164.8,857.0,866.3,870.6,861.0,198.8,202.2,205.4,205.0,4.76,81.4,4.7,5160.2,859.4,867.4,870.4,860.4,199.8,201.3,204.8,205.8,4.74,81.6,4.63,4.4,1.044,0,nominal,0,0.0,194.99,701954.2
45.9,takeoff_climb,93.91546162402669,1633.8153503893213,35.14794215795328,5154.2,859.3,866.6,872.6,863.5,200.2,201.7,205.0,206.2,4.76,82.0,4.656,5159.0,859.4,867.4,870.4,860.4,199.8,201.3,204.8,205.8,4.74,81.6,4.628,4.4,1.044,0,nominal,0,0.0,194.99,701954.1
46.0,takeoff_climb,93.90656284760846,1637.3748609566182,35.1635150166852,5165.6,862.3,867.5,871.5,858.6,199.7,201.8,204.1,205.8,4.78,81.9,4.625,5157.8,859.4,867.4,870.4,860.4,199.8,201.3,204.8,205.8,4.74,81.6,4.627,4.4,1.044,0,nominal,0,0.0,194.99,701954.0
46.1,takeoff_climb,93.8976640711902,1640.9343715239154,35.17908787541713,5154.4,858.9,867.0,869.4,859.9,199.9,200.5,204.9,206.6,4.71,81.4,4.599,5156.6,859.4,867.4,870.4,860.4,199.8,201.3,204.8,205.8,4.74,81.6,4.625,4.3,1.043,0,nominal,0,0.0,194.99,701953.9
46.2,takeoff_climb,93.88876529477197,1644.4938820912123,35.19466073414905,5156.5,858.4,865.7,871.3,861.9,199.9,199.8,204.5,206.6,4.71,81.8,4.626,5155.5,859.4,867.4,870.4,860.4,199.8,201.3,204.8,205.8,4.74,81.6,4.623,4.3,1.043,0,nominal,0,0.0,194.99,701953.8
46.3,takeoff_climb,93.87986651835372,1648.0533926585094,35.21023359288098,5142.2,859.5,867.2,873.1,860.4,198.9,201.8,204.4,206.6,4.76,82.0,4.561,5154.3,859.4,867.4,870.4,860.4,199.8,201.3,204.8,205.8,4.74,81.6,4.621,4.3,1.043,0,nominal,0,0.0,194.99,701953.7
46.4,takeoff_climb,93.87096774193549,1651.6129032258063,35.225806451612904,5141.3,858.4,868.8,870.4,859.9,200.1,202.4,204.4,205.6,4.73,81.5,4.626,5153.1,859.4,867.4,870.4,860.4,199.8,201.3,204.8,205.8,4.74,81.5,4.62,4.3,1.042,0,nominal,0,0.0,194.99,701953.6
46.5,takeoff_climb,93.86206896551724,1655.1724137931033,35.241379310344826,5157.2,860.6,867.1,871.0,860.6,200.5,201.5,205.5,205.8,4.72,81.9,4.63,5151.9,859.4,867.4,870.4,860.4,199.8,201.3,204.8,205.8,4.74,81.5,4.618,4.2,1.042,0,nominal,0,0.0,194.99,701953.5
46.6,takeoff_climb,93.853170189099,1658.7319243604004,35.256952169076754,5157.6,860.1,866.7,870.8,858.4,201.1,201.6,203.7,205.8,4.75,81.8,4.615,5150.7,859.4,867.4,870.4,860.4,199.8,201.3,204.8,205.8,4.74,81.5,4.616,4.2,1.041,0,nominal,0,0.0,194.99,701953.4
46.7,takeoff_climb,93.84427141268075,1662.2914349276973,35.272525027808676,5156.1,861.8,868.7,868.4,860.1,199.2,201.0,204.5,205.7,4.72,80.9,4.602,5149.6,859.4,867.4,870.4,860.4,199.9,201.3,204.8,205.8,4.74,81.5,4.614,4.2,1.041,0,nominal,0,0.0,194.99,701953.3
46.8,takeoff_climb,93.83537263626252,1665.8509454949944,35.2880978865406,5159.8,855.9,866.8,869.6,857.7,198.4,201.6,204.4,207.2,4.71,81.5,4.577,5148.4,859.3,867.3,870.3,860.3,199.9,201.3,204.8,205.8,4.74,81.5,4.613,4.2,1.041,0,nominal,0,0.0,194.99,701953.2
46.9,takeoff_climb,93.82647385984427,1669.4104560622914,35.30367074527253,5132.4,859.5,868.1,868.4,856.8,200.0,201.6,204.4,206.0,4.76,81.0,4.64,5147.2,859.3,867.3,870.3,860.3,199.9,201.4,204.8,205.8,4.74,81.5,4.611,4.1,1.04,0,nominal,0,0.0,194.99,701953.1
47.0,takeoff_climb,93.81757508342604,1672.9699666295883,35.31924360400445,5147.8,859.2,868.5,872.4,859.0,199.9,201.0,205.3,205.2,4.7,81.2,4.602,5146.0,859.3,867.3,870.3,860.3,199.9,201.4,204.8,205.8,4.74,81.5,4.609,4.1,1.04,0,nominal,0,0.0,194.99,701953.0
47.1,takeoff_climb,93.80867630700779,1676.5294771968854,35.33481646273637,5146.2,859.3,867.3,871.6,857.8,199.6,201.6,204.0,204.8,4.77,81.3,4.617,5144.9,859.3,867.3,870.3,860.3,199.9,201.4,204.8,205.8,4.74,81.5,4.608,4.1,1.04,0,nominal,0,0.0,194.99,701952.9
47.2,takeoff_climb,93.79977753058954,1680.0889877641823,35.3503893214683,5141.6,861.4,867.7,868.8,858.2,199.7,201.3,204.3,206.7,4.75,81.9,4.601,5143.7,859.3,867.3,870.3,860.3,199.9,201.4,204.8,205.8,4.74,81.4,4.606,4.1,1.039,0,nominal,0,0.0,194.99,701952.8
47.3,takeoff_climb,93.7908787541713,1683.6484983314792,35.36596218020022,5146.6,859.5,866.1,870.2,861.8,199.3,200.9,204.1,204.7,4.75,81.7,4.663,5142.5,859.3,867.3,870.3,860.3,199.9,201.4,204.8,205.8,4.74,81.4,4.604,4.1,1.039,0,nominal,0,0.0,194.99,701952.7
47.4,takeoff_climb,93.78197997775305,1687.2080088987764,35.38153503893215,5129.7,858.2,867.5,869.3,862.2,200.3,201.0,205.9,205.5,4.71,81.9,4.605,5141.3,859.3,867.3,870.3,860.3,199.9,201.4,204.8,205.8,4.74,81.4,4.602,4.0,1.039,0,nominal,0,0.0,194.99,701952.6
47.5,takeoff_climb,93.77308120133482,1690.7675194660733,35.39710789766407,5139.5,859.1,867.5,870.3,859.4,199.8,201.4,204.9,205.6,4.76,82.1,4.616,5140.2,859.3,867.3,870.3,860.3,199.9,201.4,204.8,205.8,4.74,81.4,4.601,4.0,1.038,0,nominal,0,0.0,194.99,701952.5
47.6,takeoff_climb,93.76418242491657,1694.3270300333702,35.41268075639599,5144.2,860.5,865.4,870.9,857.8,199.5,202.1,205.3,206.2,4.73,81.9,4.604,5139.0,859.3,867.3,870.3,860.3,199.9,201.4,204.8,205.8,4.74,81.4,4.599,4.0,1.038,0,nominal,0,0.0,194.99,701952.4
47.7,takeoff_climb,93.75528364849833,1697.8865406006673,35.42825361512792,5135.8,861.4,867.9,869.5,859.6,199.6,201.9,205.8,205.4,4.71,81.6,4.616,5137.8,859.3,867.3,870.3,860.3,199.9,201.4,204.9,205.9,4.74,81.4,4.597,4.0,1.037,0,nominal,0,0.0,194.99,701952.3
47.8,takeoff_climb,93.74638487208009,1701.4460511679642,35.44382647385984,5139.9,858.4,868.5,868.8,860.9,200.1,202.0,204.1,205.3,4.7,81.2,4.622,5136.6,859.3,867.3,870.3,860.3,199.9,201.4,204.9,205.9,4.74,81.4,4.596,3.9,1.037,0,nominal,0,0.0,194.99,701952.2
47.9,takeoff_climb,93.73748609566185,1705.0055617352614,35.45939933259177,5132.4,856.8,867.5,868.8,856.8,200.5,201.7,203.5,205.3,4.76,81.6,4.612,5135.5,859.3,867.3,870.3,860.3,199.9,201.4,204.9,205.9,4.74,81.4,4.594,3.9,1.037,0,nominal,0,0.0,194.99,701952.1
48.0,takeoff_climb,93.7285873192436,1708.5650723025583,35.474972191323694,5140.0,859.3,866.9,871.0,859.6,201.0,200.4,205.7,205.6,4.7,81.9,4.632,5134.3,859.3,867.3,870.3,860.3,199.9,201.4,204.9,205.9,4.74,81.3,4.592,3.9,1.036,0,nominal,0,0.0,194.99,701952.0
48.1,takeoff_climb,93.71968854282537,1712.1245828698552,35.490545050055616,5126.5,857.4,864.5,870.2,861.3,198.9,200.7,204.9,204.4,4.76,81.1,4.621,5133.1,859.3,867.3,870.3,860.3,199.9,201.4,204.9,205.9,4.74,81.3,4.59,3.9,1.036,0,nominal,0,0.0,194.99,701951.9
48.2,takeoff_climb,93.71078976640712,1715.6840934371523,35.506117908787544,5133.8,859.4,867.6,869.5,861.1,198.3,200.5,204.7,206.0,4.73,81.3,4.613,5131.9,859.3,867.3,870.3,860.3,199.9,201.4,204.9,205.9,4.74,81.3,4.589,3.8,1.036,0,nominal,0,0.0,194.99,701951.8
48.3,takeoff_climb,93.70189098998888,1719.2436040044493,35.521690767519466,5123.3,858.6,867.7,869.9,860.3,200.0,201.6,204.5,204.5,4.73,81.3,4.589,5130.8,859.3,867.3,870.3,860.3,199.9,201.4,204.9,205.9,4.74,81.3,4.587,3.8,1.035,0,nominal,0,0.0,194.99,701951.7
48.4,takeoff_climb,93.69299221357063,1722.8031145717464,35.53726362625139,5128.8,858.5,868.1,869.8,862.7,199.7,201.8,204.2,206.4,4.75,80.6,4.567,5129.6,859.3,867.3,870.3,860.3,199.9,201.4,204.9,205.9,4.74,81.3,4.585,3.8,1.035,0,nominal,0,0.0,194.99,701951.6
48.5,takeoff_climb,93.6840934371524,1726.3626251390433,35.55283648498332,5136.0,859.5,867.3,870.3,859.6,200.2,200.0,204.2,205.1,4.74,80.7,4.641,5128.4,859.2,867.2,870.2,860.2,199.9,201.4,204.9,205.9,4.74,81.3,4.583,3.8,1.034,0,nominal,0,0.0,194.99,701951.5
48.6,takeoff_climb,93.67519466073415,1729.9221357063402,35.56840934371524,5122.8,861.2,868.4,872.1,856.9,201.1,201.9,205.5,205.4,4.77,81.1,4.613,5127.2,859.2,867.2,870.2,860.2,199.9,201.4,204.9,205.9,4.74,81.3,4.582,3.8,1.034,0,nominal,0,0.0,194.99,701951.4
48.7,takeoff_climb,93.6662958843159,1733.4816462736374,35.58398220244716,5110.7,859.2,868.8,869.4,860.5,199.7,200.8,205.2,205.6,4.75,80.7,4.55,5126.1,859.2,867.2,870.2,860.2,199.9,201.4,204.9,205.9,4.74,81.2,4.58,3.7,1.034,0,nominal,0,0.0,194.99,701951.3
48.8,takeoff_climb,93.65739710789767,1737.0411568409343,35.59955506117909,5116.4,859.1,867.1,872.9,860.3,201.3,201.6,204.9,206.7,4.72,81.2,4.578,5124.9,859.2,867.2,870.2,860.2,199.9,201.4,204.9,205.9,4.74,81.2,4.578,3.7,1.033,0,nominal,0,0.0,194.99,701951.2
48.9,takeoff_climb,93.64849833147942,1740.6006674082312,35.61512791991101,5126.9,862.2,867.7,868.0,859.3,200.5,202.3,205.1,206.1,4.69,81.1,4.56,5123.7,859.2,867.2,870.2,860.2,199.9,201.4,204.9,205.9,4.74,81.2,4.577,3.7,1.033,0,nominal,0,0.0,194.99,701951.1
49.0,takeoff_climb,93.63959955506118,1744.1601779755283,35.63070077864293,5129.1,860.9,866.2,870.2,860.7,200.1,201.7,203.2,205.3,4.73,80.9,4.584,5122.6,859.2,867.2,870.2,860.2,199.9,201.4,204.9,205.9,4.74,81.2,4.575,3.7,1.033,0,nominal,0,0.0,194.99,701951.0
49.1,takeoff_climb,93.63070077864293,1747.7196885428252,35.64627363737486,5116.5,860.0,865.1,869.6,859.1,201.3,201.7,205.4,205.2,4.74,80.9,4.575,5121.4,859.2,867.2,870.2,860.2,199.9,201.4,204.9,205.9,4.74,81.2,4.573,3.6,1.032,0,nominal,0,0.0,194.99,701950.9
49.2,takeoff_climb,93.6218020022247,1751.2791991101221,35.66184649610678,5109.0,860.5,868.8,870.6,861.8,200.9,201.4,204.3,205.5,4.75,81.1,4.572,5120.2,859.2,867.2,870.2,860.2,199.9,201.4,204.9,205.9,4.74,81.2,4.571,3.6,1.032,0,nominal,0,0.0,194.99,701950.8
49.3,takeoff_climb,93.61290322580645,1754.8387096774193,35.67741935483871,5126.7,858.0,867.7,870.5,860.0,199.5,201.8,203.8,206.9,4.73,81.7,4.586,5119.0,859.2,867.2,870.2,860.2,199.9,201.4,204.9,205.9,4.74,81.2,4.57,3.6,1.032,0,nominal,0,0.0,194.99,701950.7
49.4,takeoff_climb,93.60400444938821,1758.3982202447162,35.69299221357063,5110.9,858.1,866.7,868.3,860.3,199.5,201.6,205.6,206.3,4.72,81.3,4.566,5117.9,859.2,867.2,870.2,860.2,199.9,201.4,204.9,205.9,4.74,81.2,4.568,3.6,1.031,0,nominal,0,0.0,194.99,701950.6
49.5,takeoff_climb,93.59510567296996,1761.9577308120133,35.708565072302555,5114.2,859.5,866.8,869.2,859.7,200.1,200.7,205.0,206.5,4.72,81.6,4.541,5116.7,859.2,867.2,870.2,860.2,199.9,201.4,204.9,205.9,4.74,81.1,4.566,3.5,1.031,0,nominal,0,0.0,194.99,701950.5
49.6,takeoff_climb,93.58620689655173,1765.5172413793102,35.724137931034484,5110.9,856.4,869.3,871.6,861.5,200.5,201.0,205.1,205.7,4.74,81.3,4.548,5115.5,859.2,867.2,870.2,860.2,199.9,201.4,204.9,205.9,4.74,81.1,4.565,3.5,1.03,0,nominal,0,0.0,194.99,701950.4
49.7,takeoff_climb,93.57730812013348,1769.0767519466071,35.739710789766406,5113.9,857.4,864.8,869.9,861.7,199.5,201.2,203.5,206.5,4.71,81.4,4.577,5114.4,859.2,867.2,870.2,860.2,199.9,201.4,204.9,205.9,4.74,81.1,4.563,3.5,1.03,0,nominal,0,0.0,194.99,701950.3
49.8,takeoff_climb,93.56840934371525,1772.6362625139043,35.755283648498335,5110.8,858.3,866.2,871.7,861.9,201.1,201.1,205.2,205.8,4.78,81.3,4.563,5113.2,859.2,867.2,870.2,860.2,199.9,201.4,204.9,205.9,4.74,81.1,4.561,3.5,1.03,0,nominal,0,0.0,194.99,701950.2
49.9,takeoff_climb,93.559510567297,1776.1957730812012,35.770856507230256,5122.9,858.4,867.0,870.6,860.4,199.0,200.9,204.9,205.5,4.74,80.8,4.584,5112.0,859.2,867.2,870.2,860.2,200.0,201.4,204.9,205.9,4.74,81.1,4.559,3.5,1.029,0,nominal,0,0.0,194.99,701950.1
50.0,takeoff_climb,93.55061179087875,1779.7552836484983,35.78642936596218,5105.3,859.6,867.7,866.6,860.5,200.2,202.0,205.2,206.4,4.77,81.3,4.539,5110.9,859.2,867.2,870.2,860.2,200.0,201.4,204.9,205.9,4.74,81.1,4.558,3.4,1.029,0,nominal,0,0.0,194.99,701950.0
50.1,takeoff_climb,93.54171301446051,1783.3147942157952,35.80200222469411,5111.8,859.0,866.2,868.0,860.6,200.0,201.4,204.8,206.1,4.7,81.3,4.572,5109.7,859.2,867.2,870.2,860.2,200.0,201.4,204.9,205.9,4.74,81.1,4.556,3.4,1.029,0,nominal,0,0.0,194.99,701949.9
50.2,takeoff_climb,93.53281423804226,1786.8743047830922,35.81757508342603,5114.6,856.4,868.1,868.6,857.3,201.0,200.7,204.7,206.2,4.75,80.6,4.507,5108.5,859.1,867.1,870.1,860.1,200.0,201.4,204.9,205.9,4.74,81.0,4.554,3.4,1.028,0,nominal,0,0.0,194.99,701949.8
50.3,takeoff_climb,93.52391546162403,1790.4338153503893,35.83314794215795,5104.9,860.2,868.1,869.7,859.6,200.3,202.1,203.9,206.8,4.77,80.4,4.577,5107.3,859.1,867.1,870.1,860.1,200.0,201.5,204.9,205.9,4.74,81.0,4.553,3.4,1.028,0,nominal,0,0.0,194.99,701949.7
50.4,takeoff_climb,93.51501668520578,1793.9933259176862,35.84872080088988,5109.2,858.1,868.7,869.3,861.2,200.5,200.7,204.6,206.8,4.75,80.1,4.543,5106.2,859.1,867.1,870.1,860.1,200.0,201.5,204.9,205.9,4.74,81.0,4.551,3.3,1.028,0,nominal,0,0.0,194.99,701949.6
50.5,takeoff_climb,93.50611790878754,1797.5528364849831,35.8642936596218,5110.3,858.4,865.4,869.3,862.9,199.9,202.3,204.1,205.7,4.7,81.4,4.567,5105.0,859.1,867.1,870.1,860.1,200.0,201.5,204.9,205.9,4.74,81.0,4.549,3.3,1.027,0,nominal,0,0.0,194.99,701949.5
50.6,takeoff_climb,93.4972191323693,1801.1123470522803,35.87986651835372,5103.4,856.0,868.8,868.5,860.9,201.0,201.2,205.3,205.3,4.73,81.4,4.526,5103.8,859.1,867.1,870.1,860.1,200.0,201.5,204.9,205.9,4.74,81.0,4.548,3.3,1.027,0,nominal,0,0.0,194.99,701949.4
50.7,takeoff_climb,93.48832035595106,1804.6718576195772,35.89543937708565,5096.7,856.8,866.8,868.5,861.0,200.0,200.2,205.0,205.9,4.75,81.3,4.535,5102.7,859.1,867.1,870.1,860.1,200.0,201.5,204.9,205.9,4.74,81.0,4.546,3.3,1.026,0,nominal,0,0.0,194.99,701949.3
50.8,takeoff_climb,93.47942157953281,1808.231368186874,35.91101223581757,5100.8,858.9,866.8,869.5,859.8,199.0,200.9,205.5,205.8,4.74,80.4,4.527,5101.5,859.1,867.1,870.1,860.1,200.0,201.5,204.9,205.9,4.74,81.0,4.544,3.2,1.026,0,nominal,0,0.0,194.99,701949.2
50.9,takeoff_climb,93.47052280311458,1811.7908787541712,35.9265850945495,5095.4,859.6,866.1,869.5,858.9,199.7,201.9,203.9,206.1,4.76,81.3,4.509,5100.4,859.1,867.1,870.1,860.1,200.0,201.5,204.9,205.9,4.74,80.9,4.542,3.2,1.026,0,nominal,0,0.0,194.99,701949.1
51.0,takeoff_climb,93.46162402669633,1815.3503893214681,35.94215795328142,5094.9,859.1,869.8,867.8,860.9,200.0,201.9,204.9,205.6,4.72,80.7,4.45,5099.2,859.1,867.1,870.1,860.1,200.0,201.5,204.9,205.9,4.74,80.9,4.541,3.2,1.025,0,nominal,0,0.0,194.99,701949.0
51.1,takeoff_climb,93.45272525027809,1818.9098998887653,35.957730812013345,5093.8,860.4,865.1,870.6,856.6,200.2,200.8,204.9,205.7,4.73,81.2,4.564,5098.0,859.1,867.1,870.1,860.1,200.0,201.5,204.9,205.9,4.74,80.9,4.539,3.2,1.025,0,nominal,0,0.0,194.99,701948.9
51.2,takeoff_climb,93.44382647385984,1822.4694104560622,35.973303670745274,5105.9,860.9,867.5,870.9,860.6,200.5,201.4,204.3,206.3,4.75,80.9,4.546,5096.9,859.1,867.1,870.1,860.1,200.0,201.5,204.9,205.9,4.74,80.9,4.537,3.2,1.025,0,nominal,0,0.0,194.99,701948.8
51.3,takeoff_climb,93.4349276974416,1826.028921023359,35.988876529477196,5089.8,857.7,863.8,868.0,861.3,199.9,201.7,204.5,205.2,4.76,80.8,4.546,5095.7,859.1,867.1,870.1,860.1,200.0,201.5,205.0,206.0,4.74,80.9,4.536,3.1,1.024,0,nominal,0,0.0,194.99,701948.7
51.4,takeoff_climb,93.42602892102336,1829.5884315906562,36.004449388209125,5092.8,860.8,868.3,870.0,860.9,201.3,201.3,206.2,207.0,4.73,80.7,4.583,5094.5,859.1,867.1,870.1,860.1,200.0,201.5,205.0,206.0,4.74,80.9,4.534,3.1,1.024,0,nominal,0,0.0,194.99,701948.6
51.5,takeoff_climb,93.41713014460511,1833.1479421579531,36.020022246941046,5095.4,856.5,868.3,870.9,858.8,200.6,201.4,205.0,206.8,4.75,81.1,4.516,5093.4,859.1,867.1,870.1,860.1,200.0,201.5,205.0,206.0,4.74,80.9,4.532,3.1,1.023,0,nominal,0,0.0,194.99,701948.5
51.6,takeoff_climb,93.40823136818688,1836.7074527252503,36.03559510567297,5090.4,861.5,867.5,870.3,860.1,200.7,201.0,205.3,205.9,4.76,80.7,4.528,5092.2,859.1,867.1,870.1,860.1,200.0,201.5,205.0,206.0,4.74,80.8,4.531,3.1,1.023,0,nominal,0,0.0,194.99,701948.4
51.7,takeoff_climb,93.39933259176863,1840.2669632925472,36.0511679644049,5096.2,861.2,865.5,871.3,861.1,200.2,201.3,205.3,206.8,4.72,80.2,4.47,5091.0,859.1,867.1,870.1,860.1,200.0,201.5,205.0,206.0,4.74,80.8,4.529,3.0,1.023,0,nominal,0,0.0,194.99,701948.3
51.8,takeoff_climb,93.39043381535039,1843.826473859844,36.06674082313682,5081.8,858.1,868.8,869.3,858.0,199.6,202.0,205.3,205.2,4.74,81.4,4.572,5089.9,859.1,867.1,870.1,860.1,200.0,201.5,205.0,206.0,4.74,80.8,4.527,3.0,1.022,0,nominal,0,0.0,194.99,701948.2
51.9,takeoff_climb,93.38153503893214,1847.3859844271412,36.08231368186874,5087.2,858.9,866.7,869.8,859.5,200.1,202.5,205.1,207.0,4.74,80.5,4.532,5088.7,859.0,867.0,870.0,860.0,200.0,201.5,205.0,206.0,4.74,80.8,4.525,3.0,1.022,0,nominal,0,0.0,194.99,701948.1
52.0,takeoff_climb,93.37263626251391,1850.9454949944381,36.09788654060067,5079.2,860.1,868.2,870.7,859.7,200.2,201.8,205.0,205.7,4.75,80.9,4.494,5087.5,859.0,867.0,870.0,860.0,200.0,201.5,205.0,206.0,4.74,80.8,4.524,3.0,1.022,0,nominal,0,0.0,194.99,701948.0
52.1,takeoff_climb,93.36373748609566,1854.505005561735,36.11345939933259,5072.0,859.9,868.2,869.7,861.0,199.0,201.6,204.7,207.5,4.75,81.0,4.517,5086.4,859.0,867.0,870.0,860.0,200.0,201.5,205.0,206.0,4.74,80.8,4.522,2.9,1.021,0,nominal,0,0.0,194.99,701947.9
52.2,takeoff_climb,93.35483870967742,1858.0645161290322,36.12903225806451,5087.5,861.0,867.2,869.0,859.7,199.7,202.2,204.0,205.6,4.73,81.5,4.455,5085.2,859.0,867.0,870.0,860.0,200.0,201.5,205.0,206.0,4.74,80.8,4.52,2.9,1.021,0,nominal,0,0.0,194.99,701947.8
52.3,takeoff_climb,93.34593993325917,1861.624026696329,36.14460511679644,5097.0,861.0,866.9,868.8,856.6,199.9,201.1,204.6,204.6,4.73,80.3,4.57,5084.1,859.0,867.0,870.0,860.0,200.0,201.5,205.0,206.0,4.74,80.7,4.519,2.9,1.021,0,nominal,0,0.0,194.99,701947.7
52.4,takeoff_climb,93.33704115684094,1865.183537263626,36.16017797552836,5082.0,858.8,866.6,871.8,858.7,199.8,201.4,204.4,205.8,4.69,80.8,4.53,5082.9,859.0,867.0,870.0,860.0,200.0,201.5,205.0,206.0,4.74,80.7,4.517,2.9,1.02,0,nominal,0,0.0,194.99,701947.6
52.5,takeoff_climb,93.32814238042269,1868.7430478309232,36.175750834260285,5079.1,858.7,869.8,870.9,861.5,200.4,201.1,205.4,205.6,4.74,80.4,4.503,5081.7,859.0,867.0,870.0,860.0,200.0,201.5,205.0,206.0,4.74,80.7,4.515,2.9,1.02,0,nominal,0,0.0,194.99,701947.5
52.6,takeoff_climb,93.31924360400446,1872.30255839822,36.19132369299221,5077.6,860.9,864.8,871.3,859.1,201.0,201.7,204.5,206.4,4.75,80.6,4.551,5080.6,859.0,867.0,870.0,860.0,200.0,201.5,205.0,206.0,4.74,80.7,4.514,2.8,1.019,0,nominal,0,0.0,194.99,701947.4
52.7,takeoff_climb,93.3103448275862,1875.8620689655172,36.206896551724135,5074.9,859.2,864.8,870.0,860.2,199.7,202.9,205.5,206.9,4.72,80.7,4.488,5079.4,859.0,867.0,870.0,860.0,200.0,201.5,205.0,206.0,4.74,80.7,4.512,2.8,1.019,0,nominal,0,0.0,194.99,701947.3
52.8,takeoff_climb,93.30144605116797,1879.4215795328141,36.222469410456064,5076.7,856.0,868.1,869.6,861.5,200.7,201.0,205.2,206.1,4.77,81.1,4.57,5078.3,859.0,867.0,870.0,860.0,200.0,201.5,205.0,206.0,4.74,80.7,4.51,2.8,1.019,0,nominal,0,0.0,194.99,701947.2
52.9,takeoff_climb,93.29254727474972,1882.981090100111,36.238042269187986,5080.8,857.6,868.7,871.0,860.0,200.1,201.3,204.7,206.1,4.79,80.3,4.507,5077.1,859.0,867.0,870.0,860.0,200.0,201.5,205.0,206.0,4.74,80.6,4.509,2.8,1.018,0,nominal,0,0.0,194.99,701947.1
53.0,takeoff_climb,93.28364849833147,1886.5406006674082,36.253615127919915,5079.3,857.1,864.8,869.3,860.2,200.6,202.1,205.1,206.6,4.73,81.1,4.572,5075.9,859.0,867.0,870.0,860.0,200.0,201.5,205.0,206.0,4.74,80.6,4.507,2.7,1.018,0,nominal,0,0.0,194.99,701947.0
53.1,takeoff_climb,93.27474972191324,1890.100111234705,36.269187986651836,5072.7,860.5,866.5,868.8,859.8,200.7,201.0,204.6,206.4,4.72,80.1,4.544,5074.8,859.0,867.0,870.0,860.0,200.0,201.5,205.0,206.0,4.74,80.6,4.505,2.7,1.018,0,nominal,0,0.0,194.99,701946.9
53.2,takeoff_climb,93.26585094549499,1893.6596218020022,36.28476084538376,5072.1,860.5,865.9,871.2,857.7,200.9,201.4,206.2,207.5,4.75,80.6,4.536,5073.6,859.0,867.0,870.0,860.0,200.0,201.5,205.0,206.0,4.74,80.6,4.503,2.7,1.017,0,nominal,0,0.0,194.99,701946.8
53.3,takeoff_climb,93.25695216907675,1897.2191323692991,36.30033370411569,5063.9,859.0,864.6,870.0,860.5,199.3,200.9,205.1,206.1,4.72,80.1,4.518,5072.5,859.0,867.0,870.0,860.0,200.0,201.5,205.0,206.0,4.74,80.6,4.502,2.7,1.017,0,nominal,0,0.0,194.99,701946.7
53.4,takeoff_climb,93.2480533926585,1900.778642936596,36.31590656284761,5070.5,858.9,868.0,870.9,861.3,199.9,201.4,205.4,206.2,4.74,80.6,4.46,5071.3,859.0,867.0,870.0,860.0,200.0,201.5,205.0,206.0,4.74,80.6,4.5,2.6,1.017,0,nominal,0,0.0,194.99,701946.6
53.5,takeoff_climb,93.23915461624027,1904.3381535038932,36.33147942157953,5070.7,856.2,869.7,868.6,864.0,199.1,201.2,205.1,206.2,4.72,80.1,4.46,5070.1,859.0,867.0,870.0,860.0,200.0,201.5,205.0,206.0,4.74,80.6,4.498,2.6,1.016,0,nominal,0,0.0,194.99,701946.5
53.6,takeoff_climb,93.23025583982202,1907.89766407119,36.34705228031146,5075.7,858.8,868.3,870.7,858.5,199.9,201.4,203.7,207.1,4.74,80.2,4.488,5069.0,858.9,866.9,869.9,859.9,200.0,201.5,205.0,206.0,4.74,80.5,4.497,2.6,1.016,0,nominal,0,0.0,194.99,701946.4
53.7,takeoff_climb,93.22135706340379,1911.457174638487,36.36262513904338,5065.7,859.6,867.6,872.0,860.6,199.2,202.6,205.2,206.2,4.74,80.3,4.466,5067.8,858.9,866.9,869.9,859.9,200.0,201.5,205.0,206.0,4.74,80.5,4.495,2.6,1.015,0,nominal,0,0.0,194.99,701946.3
53.8,takeoff_climb,93.21245828698554,1915.0166852057841,36.3781979977753,5069.4,861.1,869.0,869.1,860.9,199.2,201.5,204.5,206.1,4.7,80.4,4.527,5066.7,858.9,866.9,869.9,859.9,200.0,201.5,205.0,206.0,4.74,80.5,4.493,2.6,1.015,0,nominal,0,0.0,194.99,701946.2
53.9,takeoff_climb,93.2035595105673,1918.576195773081,36.39377085650723,5053.3,859.1,865.0,868.2,858.2,199.5,201.1,204.3,205.5,4.76,81.0,4.495,5065.5,858.9,866.9,869.9,859.9,200.0,201.5,205.0,206.0,4.74,80.5,4.492,2.5,1.015,0,nominal,0,0.0,194.99,701946.1
54.0,takeoff_climb,93.19466073414905,1922.135706340378,36.40934371523915,5063.7,859.7,867.7,870.9,861.7,200.7,201.2,204.7,204.7,4.75,80.4,4.491,5064.4,858.9,866.9,869.9,859.9,200.0,201.5,205.0,206.0,4.74,80.5,4.49,2.5,1.014,0,nominal,0,0.0,194.99,701946.0
54.1,takeoff_climb,93.18576195773082,1925.695216907675,36.424916573971075,5049.4,856.7,868.4,871.3,860.5,199.3,201.8,204.4,205.6,4.75,80.7,4.509,5063.2,858.9,866.9,869.9,859.9,200.0,201.5,205.0,206.0,4.74,80.5,4.488,2.5,1.014,0,nominal,0,0.0,194.98,701945.9
54.2,takeoff_climb,93.17686318131257,1929.254727474972,36.440489432703004,5075.5,859.2,867.1,868.4,860.1,199.8,201.0,204.8,206.1,4.73,81.0,4.501,5062.0,858.9,866.9,869.9,859.9,200.0,201.5,205.0,206.0,4.74,80.4,4.487,2.5,1.014,0,nominal,0,0.0,194.98,701945.8
54.3,takeoff_climb,93.16796440489432,1932.8142380422692,36.456062291434925,5066.4,857.8,866.2,871.6,861.3,200.5,201.3,204.4,205.9,4.71,80.7,4.472,5060.9,858.9,866.9,869.9,859.9,200.0,201.5,205.0,206.0,4.74,80.4,4.485,2.4,1.013,0,nominal,0,0.0,194.98,701945.7
54.4,takeoff_climb,93.15906562847609,1936.373748609566,36.471635150166854,5059.5,859.3,867.3,870.0,858.7,199.9,201.8,205.7,206.1,4.74,80.6,4.48,5059.7,858.9,866.9,869.9,859.9,200.0,201.5,205.0,206.0,4.74,80.4,4.483,2.4,1.013,0,nominal,0,0.0,194.98,701945.6
54.5,takeoff_climb,93.15016685205784,1939.933259176863,36.487208008898776,5052.4,859.9,868.0,869.4,857.3,199.8,201.9,205.2,205.1,4.74,80.2,4.494,5058.6,858.9,866.9,869.9,859.9,200.0,201.5,205.0,206.0,4.74,80.4,4.482,2.4,1.013,0,nominal,0,0.0,194.98,701945.5
54.6,takeoff_climb,93.1412680756396,1943.4927697441601,36.502780867630705,5060.2,858.7,866.5,870.2,859.2,200.2,202.2,205.4,205.9,4.76,81.0,4.549,5057.4,858.9,866.9,869.9,859.9,200.0,201.5,205.0,206.0,4.74,80.4,4.48,2.4,1.012,0,nominal,0,0.0,194.98,701945.4
54.7,takeoff_climb,93.13236929922135,1947.052280311457,36.518353726362626,5058.4,861.3,865.4,868.3,860.9,198.9,200.9,204.7,205.8,4.76,80.1,4.436,5056.3,858.9,866.9,869.9,859.9,200.0,201.5,205.0,206.0,4.74,80.4,4.478,2.3,1.012,0,nominal,0,0.0,194.98,701945.3
54.8,takeoff_climb,93.12347052280312,1950.6117908787542,36.53392658509455,5057.0,858.4,867.0,867.8,859.9,200.1,202.6,204.1,205.8,4.74,80.7,4.446,5055.1,858.9,866.9,869.9,859.9,200.0,201.5,205.0,206.0,4.74,80.4,4.477,2.3,1.012,0,nominal,0,0.0,194.98,701945.2
54.9,takeoff_climb,93.11457174638487,1954.171301446051,36.54949944382648,5054.0,858.1,868.0,868.6,859.1,199.5,201.6,205.7,206.0,4.77,80.4,4.524,5054.0,858.9,866.9,869.9,859.9,200.0,201.5,205.0,206.0,4.74,80.3,4.475,2.3,1.011,0,nominal,0,0.0,194.98,701945.1
55.0,takeoff_climb,93.10567296996663,1957.730812013348,36.5650723025584,5067.8,859.1,867.5,870.8,858.0,199.5,200.9,205.1,207.2,4.78,79.9,4.432,5052.8,858.9,866.9,869.9,859.9,200.0,201.5,205.0,206.0,4.74,80.3,4.473,2.3,1.011,0,nominal,0,0.0,194.98,701945.0
55.1,takeoff_climb,93.09677419354838,1961.2903225806451,36.58064516129032,5046.6,857.5,867.4,870.6,859.3,200.4,201.2,204.9,205.8,4.74,80.4,4.5,5051.6,858.9,866.9,869.9,859.9,200.0,201.5,205.0,206.0,4.74,80.3,4.471,2.3,1.01,0,nominal,0,0.0,194.98,701944.9
55.2,takeoff_climb,93.08787541713015,1964.849833147942,36.59621802002225,5056.5,858.2,865.3,870.1,858.6,200.1,202.2,204.7,205.9,4.72,80.6,4.454,5050.5,858.8,866.8,869.8,859.8,200.0,201.5,205.0,206.0,4.74,80.3,4.47,2.2,1.01,0,nominal,0,0.0,194.98,701944.8
55.3,takeoff_climb,93.0789766407119,1968.409343715239,36.61179087875417,5052.7,861.6,865.9,871.9,856.8,200.7,201.9,205.3,205.9,4.77,79.9,4.434,5049.3,858.8,866.8,869.8,859.8,200.0,201.5,205.0,206.0,4.74,80.3,4.468,2.2,1.01,0,nominal,0,0.0,194.98,701944.7
55.4,takeoff_climb,93.07007786429367,1971.968854282536,36.62736373748609,5045.8,858.0,866.9,869.8,856.9,199.8,200.3,205.6,206.2,4.72,80.4,4.454,5048.2,858.8,866.8,869.8,859.8,200.0,201.5,205.0,206.0,4.74,80.3,4.466,2.2,1.009,0,nominal,0,0.0,194.98,701944.6
55.5,takeoff_climb,93.06117908787542,1975.528364849833,36.64293659621802,5048.7,859.0,869.0,872.4,860.2,200.4,202.3,204.8,205.8,4.74,80.0,4.452,5047.0,858.8,866.8,869.8,859.8,200.0,201.5,205.0,206.0,4.74,80.2,4.465,2.2,1.009,0,nominal,0,0.0,194.98,701944.5
55.6,takeoff_climb,93.05228031145717,1979.08787541713,36.65850945494994,5048.2,859.7,865.6,869.0,861.6,200.7,201.4,205.1,206.2,4.73,79.9,4.496,5045.9,858.8,866.8,869.8,859.8,200.0,201.5,205.0,206.0,4.74,80.2,4.463,2.1,1.009,0,nominal,0,0.0,194.98,701944.4
55.7,takeoff_climb,93.04338153503893,1982.647385984427,36.674082313681865,5045.8,859.6,866.9,869.6,861.3,200.6,201.8,203.9,206.8,4.74,80.5,4.445,5044.7,858.8,866.8,869.8,859.8,200.0,201.5,205.0,206.0,4.74,80.2,4.461,2.1,1.008,0,nominal,0,0.0,194.98,701944.3
55.8,takeoff_climb,93.03448275862068,1986.206896551724,36.689655172413794,5039.6,858.5,869.8,868.9,858.1,200.7,201.5,205.1,207.0,4.77,80.6,4.477,5043.6,858.8,866.8,869.8,859.8,200.0,201.5,205.0,206.0,4.74,80.2,4.46,2.1,1.008,0,nominal,0,0.0,194.98,701944.2
55.9,takeoff_climb,93.02558398220245,1989.766407119021,36.705228031145715,5039.3,857.8,866.4,867.7,859.8,200.5,200.9,205.3,205.7,4.74,79.4,4.401,5042.4,858.8,866.8,869.8,859.8,200.0,201.5,205.0,206.0,4.74,80.2,4.458,2.1,1.008,0,nominal,0,0.0,194.98,701944.1
56.0,takeoff_climb,93.0166852057842,1993.325917686318,36.720800889877644,5047.9,859.3,868.2,871.0,861.4,200.7,201.8,206.8,207.3,4.75,80.6,4.407,5041.3,858.8,866.8,869.8,859.8,200.0,201.5,205.0,206.0,4.74,80.2,4.456,2.0,1.007,0,nominal,0,0.0,194.98,701944.0
56.1,takeoff_climb,93.00778642936596,1996.885428253615,36.736373748609566,5034.0,859.9,867.8,869.2,859.3,200.8,201.8,204.6,205.7,4.76,80.0,4.461,5040.1,858.8,866.8,869.8,859.8,200.0,201.5,205.0,206.0,4.74,80.1,4.455,2.0,1.007,0,nominal,0,0.0,194.98,701943.9
56.2,takeoff_climb,92.99888765294772,2000.444938820912,36.751946607341495,5037.9,857.2,868.9,869.4,858.0,199.6,201.0,204.9,205.9,4.76,80.4,4.431,5039.0,858.8,866.8,869.8,859.8,200.0,201.5,205.0,206.0,4.74,80.1,4.453,2.0,1.006,0,nominal,0,0.0,194.98,701943.8
56.3,takeoff_climb,92.98998887652948,2004.004449388209,36.767519466073416,5032.8,859.0,867.8,871.0,859.4,199.5,201.5,205.4,206.4,4.73,79.8,4.501,5037.8,858.8,866.8,869.8,859.8,200.0,201.5,205.0,206.0,4.74,80.1,4.451,2.0,1.006,0,nominal,0,0.0,194.98,701943.7
56.4,takeoff_climb,92.98109010011123,2007.563959955506,36.78309232480534,5036.1,859.2,867.6,870.4,859.4,200.5,200.2,204.1,206.4,4.77,80.7,4.423,5036.7,858.8,866.8,869.8,859.8,200.0,201.5,205.0,206.0,4.74,80.1,4.45,2.0,1.006,0,nominal,0,0.0,194.98,701943.6
56.5,takeoff_climb,92.972191323693,2011.123470522803,36.79866518353727,5038.8,858.8,867.4,873.2,859.8,199.9,202.0,205.3,206.4,4.7,80.1,4.457,5035.5,858.8,866.8,869.8,859.8,200.0,201.5,205.0,206.0,4.74,80.1,4.448,1.9,1.005,0,nominal,0,0.0,194.98,701943.5
56.6,takeoff_climb,92.96329254727475,2014.6829810901,36.81423804226919,5037.0,858.0,866.5,871.3,858.9,200.2,202.3,205.9,206.4,4.73,80.6,4.466,5034.4,858.8,866.8,869.8,859.8,200.0,201.5,205.0,206.0,4.74,80.1,4.446,1.9,1.005,0,nominal,0,0.0,194.98,701943.4
56.7,takeoff_climb,92.95439377085651,2018.242491657397,36.82981090100111,5034.3,856.8,868.5,873.0,860.6,199.3,200.9,204.3,206.1,4.75,79.9,4.435,5033.2,858.8,866.8,869.8,859.8,200.0,201.5,205.0,206.0,4.74,80.0,4.445,1.9,1.005,0,nominal,0,0.0,194.98,701943.3
56.8,takeoff_climb,92.94549499443826,2021.802002224694,36.84538375973304,5023.7,859.4,865.5,870.4,858.7,199.9,201.4,204.9,207.3,4.69,79.7,4.398,5032.1,858.8,866.8,869.8,859.8,200.0,201.5,205.0,206.0,4.74,80.0,4.443,1.9,1.004,0,nominal,0,0.0,194.98,701943.2
56.9,takeoff_climb,92.93659621802003,2025.361512791991,36.86095661846496,5030.6,861.1,864.4,870.2,860.5,199.2,200.6,204.5,206.2,4.75,79.6,4.516,5030.9,858.7,866.7,869.7,859.7,200.0,201.5,205.0,206.0,4.74,80.0,4.441,1.8,1.004,0,nominal,0,0.0,194.98,701943.1
57.0,takeoff_climb,92.92769744160178,2028.921023359288,36.87652947719688,5025.8,858.5,866.6,872.0,859.8,200.0,201.0,204.3,207.0,4.77,79.5,4.488,5029.8,858.7,866.7,869.7,859.7,200.0,201.5,205.0,206.0,4.74,80.0,4.44,1.8,1.004,0,nominal,0,0.0,194.98,701943.0
57.1,takeoff_climb,92.91879866518354,2032.480533926585,36.89210233592881,5018.2,860.0,868.1,871.7,859.1,200.1,201.2,204.4,206.0,4.73,79.5,4.412,5028.6,858.7,866.7,869.7,859.7,200.0,201.5,205.0,206.0,4.74,80.0,4.438,1.8,1.003,0,nominal,0,0.0,194.98,701942.9
57.2,takeoff_climb,92.9098998887653,2036.0400444938819,36.90767519466073,5021.1,860.9,865.9,873.0,858.4,200.3,201.7,204.3,206.4,4.74,79.5,4.411,5027.5,858.7,866.7,869.7,859.7,200.0,201.5,205.0,206.0,4.74,80.0,4.436,1.8,1.003,0,nominal,0,0.0,194.98,701942.8
57.3,takeoff_climb,92.90100111234705,2039.599555061179,36.923248053392655,5026.6,858.6,865.7,870.0,858.7,200.1,201.9,204.6,205.9,4.74,79.5,4.416,5026.3,858.7,866.7,869.7,859.7,200.0,201.5,205.0,206.0,4.74,79.9,4.435,1.7,1.002,0,nominal,0,0.0,194.98,701942.7
57.4,takeoff_climb,92.89210233592881,2043.159065628476,36.938820912124584,5026.1,859.1,869.9,868.6,857.0,199.6,201.8,205.9,207.1,4.72,80.4,4.467,5025.2,858.7,866.7,869.7,859.7,200.0,201.5,205.0,206.0,4.74,79.9,4.433,1.7,1.002,0,nominal,0,0.0,194.98,701942.6
57.5,takeoff_climb,92.88320355951056,2046.718576195773,36.954393770856505,5024.2,858.5,867.5,872.2,858.4,200.4,201.1,204.2,206.0,4.74,79.6,4.437,5024.0,858.7,866.7,869.7,859.7,200.0,201.5,205.0,206.0,4.74,79.9,4.431,1.7,1.002,0,nominal,0,0.0,194.98,701942.5
57.6,takeoff_climb,92.87430478309233,2050.27808676307,36.96996662958843,5032.4,859.1,867.2,866.7,859.0,199.6,200.9,205.5,205.8,4.74,79.7,4.362,5022.9,858.7,866.7,869.7,859.7,200.0,201.5,205.0,206.0,4.74,79.9,4.43,1.7,1.001,0,nominal,0,0.0,194.98,701942.4
57.7,takeoff_climb,92.86540600667408,2053.837597330367,36.985539488320356,5011.5,858.2,867.9,868.4,858.9,199.4,202.0,204.7,206.8,4.71,80.2,4.387,5021.7,858.7,866.7,869.7,859.7,200.0,201.5,205.0,206.0,4.74,79.9,4.428,1.7,1.001,0,nominal,0,0.0,194.98,701942.3
57.8,takeoff_climb,92.85650723025584,2057.397107897664,37.00111234705228,5013.8,860.4,866.6,870.8,859.4,201.0,201.1,205.2,206.5,4.76,80.7,4.423,5020.6,858.7,866.7,869.7,859.7,200.0,201.5,205.0,206.0,4.74,79.9,4.426,1.6,1.001,0,nominal,0,0.0,194.98,701942.2
57.9,takeoff_climb,92.8476084538376,2060.956618464961,37.016685205784206,5022.4,858.0,870.0,869.4,859.9,199.1,200.9,204.8,205.8,4.71,79.5,4.387,5019.5,858.7,866.7,869.7,859.7,200.0,201.5,205.0,206.0,4.74,79.8,4.425,1.6,1.0,0,nominal,0,0.0,194.98,701942.1
58.0,takeoff_climb,92.83870967741936,2064.516129032258,37.03225806451613,5023.1,859.5,867.3,869.5,861.3,200.3,202.3,204.8,205.8,4.79,79.6,4.439,5018.3,858.7,866.7,869.7,859.7,200.0,201.5,205.0,206.0,4.74,79.8,4.423,1.6,1.0,0,nominal,0,0.0,194.98,701942.0
58.1,takeoff_climb,92.82981090100111,2068.075639599555,37.04783092324806,5017.0,856.8,868.2,868.3,858.6,201.1,201.2,204.6,206.5,4.76,80.2,4.417,5017.2,858.7,866.7,869.7,859.7,200.0,201.5,205.0,206.0,4.74,79.8,4.422,1.6,1.0,0,nominal,0,0.0,194.98,701941.9
58.2,takeoff_climb,92.82091212458288,2071.635150166852,37.06340378197998,5016.0,856.9,865.9,867.5,858.9,200.4,200.8,204.3,205.8,4.72,81.0,4.471,5016.0,858.7,866.7,869.7,859.7,200.0,201.5,205.0,206.0,4.74,79.8,4.42,1.5,0.999,0,nominal,0,0.0,194.98,701941.8
58.3,takeoff_climb,92.81201334816463,2075.194660734149,37.0789766407119,5004.6,856.5,865.7,871.7,860.0,200.2,201.1,204.6,206.7,4.7,79.3,4.403,5014.9,858.7,866.7,869.7,859.7,200.0,201.5,205.0,206.0,4.74,79.8,4.418,1.5,0.999,0,nominal,0,0.0,194.98,701941.7
58.4,takeoff_climb,92.80311457174639,2078.754171301446,37.09454949944383,5020.1,859.5,866.7,869.5,858.5,201.6,201.1,206.1,205.5,4.71,79.1,4.41,5013.7,858.7,866.7,869.7,859.7,200.0,201.5,205.0,206.0,4.74,79.8,4.417,1.5,0.999,0,nominal,0,0.0,194.98,701941.6
58.5,takeoff_climb,92.79421579532814,2082.313681868743,37.11012235817575,5008.7,857.1,868.3,872.2,858.3,199.6,200.9,204.5,206.4,4.72,80.0,4.422,5012.6,858.6,866.6,869.6,859.6,200.0,201.5,205.0,206.0,4.74,79.7,4.415,1.5,0.998,0,nominal,0,0.0,194.98,701941.5
58.6,takeoff_climb,92.7853170189099,2085.87319243604,37.12569521690767,5006.5,857.1,867.7,868.2,860.8,200.0,201.4,205.3,207.0,4.7,79.5,4.359,5011.4,858.6,866.6,869.6,859.6,200.0,201.5,205.0,206.0,4.74,79.7,4.413,1.4,0.998,0,nominal,0,0.0,194.98,701941.4
58.7,takeoff_climb,92.77641824249166,2089.432703003337,37.1412680756396,5014.4,860.0,865.9,869.9,859.0,200.4,201.7,205.1,205.2,4.7,79.5,4.429,5010.3,858.6,866.6,869.6,859.6,200.0,201.5,205.0,206.0,4.74,79.7,4.412,1.4,0.997,0,nominal,0,0.0,194.98,701941.3
58.8,takeoff_climb,92.76751946607341,2092.992213570634,37.15684093437152,5016.7,860.9,865.9,869.4,858.5,200.5,201.9,204.8,207.0,4.73,80.6,4.369,5009.2,858.6,866.6,869.6,859.6,200.0,201.5,205.0,206.0,4.74,79.7,4.41,1.4,0.997,0,nominal,0,0.0,194.98,701941.2
58.9,takeoff_climb,92.75862068965517,2096.5517241379307,37.172413793103445,4997.0,858.7,867.2,867.7,860.0,200.6,201.5,205.0,206.3,4.73,79.6,4.44,5008.0,858.6,866.6,869.6,859.6,200.0,201.5,205.0,206.0,4.74,79.7,4.408,1.4,0.997,0,nominal,0,0.0,194.98,701941.1
59.0,takeoff_climb,92.74972191323693,2100.111234705228,37.187986651835374,4996.0,861.7,863.7,870.1,860.6,199.6,202.7,205.8,205.7,4.71,79.7,4.464,5006.9,858.6,866.6,869.6,859.6,200.0,201.5,205.0,206.0,4.74,79.7,4.407,1.3,0.996,0,nominal,0,0.0,194.98,701941.0
59.1,takeoff_climb,92.74082313681869,2103.670745272525,37.203559510567295,5013.5,860.3,867.1,871.1,858.9,199.7,200.6,204.1,207.0,4.75,80.1,4.421,5005.7,858.6,866.6,869.6,859.6,200.0,201.5,205.0,206.0,4.74,79.6,4.405,1.3,0.996,0,nominal,0,0.0,194.98,701940.9
59.2,takeoff_climb,92.73192436040044,2107.230255839822,37.21913236929922,4992.3,857.1,865.5,870.8,858.0,199.3,201.1,206.4,205.7,4.71,79.9,4.391,5004.6,858.6,866.6,869.6,859.6,200.0,201.5,205.0,206.0,4.74,79.6,4.403,1.3,0.996,0,nominal,0,0.0,194.98,701940.8
59.3,takeoff_climb,92.7230255839822,2110.789766407119,37.234705228031146,5000.5,858.6,866.2,868.8,860.9,199.6,201.1,206.2,205.6,4.74,79.9,4.394,5003.4,858.6,866.6,869.6,859.6,200.0,201.5,205.0,206.0,4.74,79.6,4.402,1.3,0.995,0,nominal,0,0.0,194.98,701940.7
59.4,takeoff_climb,92.71412680756396,2114.3492769744157,37.25027808676307,4996.2,859.8,866.8,868.6,859.0,200.2,201.5,205.4,206.2,4.77,79.9,4.414,5002.3,858.6,866.6,869.6,859.6,200.0,201.5,205.0,206.0,4.74,79.6,4.4,1.3,0.995,0,nominal,0,0.0,194.98,701940.6
59.5,takeoff_climb,92.70522803114572,2117.908787541713,37.265850945494996,5000.5,859.2,865.9,868.1,860.5,199.8,202.3,204.5,206.3,4.77,79.7,4.342,5001.2,858.6,866.6,869.6,859.6,200.0,201.5,205.0,206.0,4.74,79.6,4.398,1.2,0.995,0,nominal,0,0.0,194.98,701940.5
59.6,takeoff_climb,92.69632925472747,2121.46829810901,37.28142380422692,5003.5,860.1,867.0,869.5,860.4,200.7,201.6,205.5,207.1,4.73,78.8,4.343,5000.0,858.6,866.6,869.6,859.6,200.0,201.5,205.0,206.0,4.74,79.5,4.397,1.2,0.994,0,nominal,0,0.0,194.98,701940.4
59.7,takeoff_climb,92.68743047830924,2125.027808676307,37.29699666295885,5003.1,857.6,864.6,868.9,860.3,200.3,202.5,205.0,205.8,4.75,79.9,4.379,4998.9,858.6,866.6,869.6,859.6,200.0,201.5,205.0,206.0,4.74,79.5,4.395,1.2,0.994,0,nominal,0,0.0,194.98,701940.3
59.8,takeoff_climb,92.67853170189099,2128.587319243604,37.31256952169077,4993.6,859.3,867.9,868.4,857.4,200.6,201.5,205.3,206.4,4.74,78.9,4.425,4997.7,858.6,866.6,869.6,859.6,200.0,201.5,205.0,206.0,4.74,79.5,4.393,1.2,0.994,0,nominal,0,0.0,194.98,701940.2
59.9,takeoff_climb,92.66963292547274,2132.1468298109007,37.32814238042269,4990.0,859.2,867.3,869.8,860.0,200.0,200.3,204.7,206.1,4.73,79.5,4.434,4996.6,858.6,866.6,869.6,859.6,200.0,201.5,205.0,206.0,4.74,79.5,4.392,1.1,0.993,0,nominal,0,0.0,194.98,701940.1
60.0,takeoff_climb,92.6607341490545,2135.7063403781976,37.34371523915462,4992.6,856.9,865.9,870.2,859.4,201.1,200.6,204.8,205.7,4.75,79.2,4.421,4995.5,858.6,866.6,869.6,859.6,200.0,201.5,205.0,206.0,4.74,79.5,4.39,1.1,0.993,0,nominal,0,0.0,194.98,701940.0
60.1,takeoff_climb,92.65183537263626,2139.265850945495,37.35928809788654,4994.1,858.3,867.5,869.2,862.0,200.5,201.5,204.9,206.2,4.7,79.3,4.371,4994.3,858.6,866.6,869.6,859.6,200.0,201.5,205.0,206.0,4.74,79.5,4.388,1.1,0.992,0,nominal,0,0.0,194.98,701939.9
60.2,takeoff_climb,92.64293659621802,2142.825361512792,37.37486095661846,4991.4,857.9,866.4,869.5,860.0,200.0,202.3,205.0,205.6,4.75,79.2,4.399,4993.2,858.5,866.5,869.5,859.5,200.0,201.5,205.0,206.0,4.74,79.4,4.387,1.1,0.992,0,nominal,0,0.0,194.98,701939.8
60.3,takeoff_climb,92.63403781979977,2146.384872080089,37.39043381535039,4992.1,857.4,866.6,868.6,861.2,200.5,201.6,204.8,206.6,4.75,79.5,4.337,4992.0,858.5,866.5,869.5,859.5,200.0,201.5,205.0,206.0,4.74,79.4,4.385,1.0,0.992,0,nominal,0,0.0,194.98,701939.7
60.4,takeoff_climb,92.62513904338154,2149.9443826473857,37.40600667408231,4990.0,856.6,866.4,872.2,858.9,200.0,201.8,204.8,206.3,4.7,79.0,4.361,4990.9,858.5,866.5,869.5,859.5,200.0,201.5,205.0,206.0,4.74,79.4,4.384,1.0,0.991,0,nominal,0,0.0,194.98,701939.6
60.5,takeoff_climb,92.61624026696329,2153.5038932146826,37.421579532814235,4991.8,858.2,865.7,869.4,860.6,200.0,201.3,204.6,206.3,4.72,79.7,4.422,4989.8,858.5,866.5,869.5,859.5,200.0,201.5,205.0,206.0,4.74,79.4,4.382,1.0,0.991,0,nominal,0,0.0,194.98,701939.5
60.6,takeoff_climb,92.60734149054505,2157.06340378198,37.437152391546164,4993.2,860.9,869.0,869.8,858.7,199.5,200.3,204.6,206.2,4.78,78.8,4.404,4988.6,858.5,866.5,869.5,859.5,200.0,201.5,205.0,206.0,4.74,79.4,4.38,1.0,0.991,0,nominal,0,0.0,194.98,701939.4
60.7,takeoff_climb,92.5984427141268,2160.622914349277,37.452725250278085,4987.4,858.4,866.4,869.9,858.3,198.5,202.1,204.8,205.6,4.69,78.4,4.424,4987.5,858.5,866.5,869.5,859.5,200.0,201.5,205.0,206.0,4.74,79.4,4.379,1.0,0.99,0,nominal,0,0.0,194.98,701939.3
60.8,takeoff_climb,92.58954393770857,2164.182424916574,37.46829810901001,4983.6,861.0,866.4,868.1,860.3,199.3,202.1,205.5,205.2,4.72,79.7,4.368,4986.3,858.5,866.5,869.5,859.5,200.0,201.5,205.0,206.0,4.74,79.3,4.377,0.9,0.99,0,nominal,0,0.0,194.98,701939.2
60.9,takeoff_climb,92.58064516129032,2167.7419354838707,37.483870967741936,4994.2,858.5,864.2,868.6,859.9,199.5,202.0,205.6,205.5,4.74,78.8,4.367,4985.2,858.5,866.5,869.5,859.5,200.0,201.5,205.0,206.0,4.74,79.3,4.375,0.9,0.99,0,nominal,0,0.0,194.98,701939.1
61.0,takeoff_climb,92.57174638487209,2171.3014460511677,37.49944382647386,4992.8,858.0,866.4,869.2,858.0,199.6,202.3,204.8,205.4,4.76,79.6,4.357,4984.1,858.5,866.5,869.5,859.5,200.0,201.5,205.0,206.0,4.74,79.3,4.374,0.9,0.989,0,nominal,0,0.0,194.98,701939.0
61.1,takeoff_climb,92.56284760845384,2174.860956618465,37.51501668520579,4979.9,860.7,863.8,868.2,860.3,200.6,201.2,205.0,205.8,4.8,78.3,4.38,4982.9,858.5,866.5,869.5,859.5,200.0,201.5,205.0,206.0,4.74,79.3,4.372,0.9,0.989,0,nominal,0,0.0,194.98,701938.9
61.2,takeoff_climb,92.5539488320356,2178.420467185762,37.53058954393771,4981.6,858.1,867.6,870.4,856.1,199.7,199.7,205.0,206.8,4.76,79.6,4.369,4981.8,858.5,866.5,869.5,859.5,200.0,201.5,205.0,206.0,4.73,79.3,4.37,0.8,0.989,0,nominal,0,0.0,194.98,701938.8
61.3,takeoff_climb,92.54505005561735,2181.979977753059,37.54616240266964,4980.2,860.9,866.3,868.0,858.9,199.0,200.8,205.2,206.1,4.71,80.0,4.387,4980.7,858.5,866.5,869.5,859.5,200.0,201.5,205.0,206.0,4.73,79.2,4.369,0.8,0.988,0,nominal,0,0.0,194.98,701938.7
61.4,takeoff_climb,92.53615127919912,2185.5394883203558,37.56173526140156,4984.0,854.9,865.4,868.9,857.4,200.6,202.3,204.7,206.7,4.78,78.6,4.293,4979.5,858.5,866.5,869.5,859.5,200.0,201.5,205.0,206.0,4.73,79.2,4.367,0.8,0.988,0,nominal,0,0.0,194.98,701938.6
61.5,takeoff_climb,92.52725250278087,2189.0989988876527,37.57730812013348,4981.8,856.3,865.6,867.7,856.2,200.9,201.0,205.1,206.6,4.71,79.2,4.335,4978.4,858.5,866.5,869.5,859.5,200.0,201.5,205.0,206.0,4.73,79.2,4.366,0.8,0.988,0,nominal,0,0.0,194.98,701938.5
61.6,takeoff_climb,92.51835372636262,2192.65850945495,37.59288097886541,4980.6,857.9,866.3,869.8,857.9,199.0,201.1,204.4,207.0,4.71,78.6,4.344,4977.3,858.5,866.5,869.5,859.5,200.0,201.5,205.0,206.0,4.73,79.2,4.364,0.7,0.987,0,nominal,0,0.0,194.98,701938.4
61.7,takeoff_climb,92.50945494994438,2196.218020022247,37.60845383759733,4978.8,855.9,864.5,871.0,862.4,199.7,201.1,204.5,206.0,4.8,79.4,4.4,4976.1,858.5,866.5,869.5,859.5,200.0,201.5,205.0,206.0,4.73,79.2,4.362,0.7,0.987,0,nominal,0,0.0,194.98,701938.3
61.8,takeoff_climb,92.50055617352614,2199.777530589544,37.62402669632925,4977.9,856.9,865.6,867.6,861.3,200.5,201.6,204.5,205.3,4.75,77.7,4.328,4975.0,858.4,866.4,869.4,859.4,200.0,201.5,205.0,206.0,4.73,79.2,4.361,0.7,0.986,0,nominal,0,0.0,194.98,701938.2
61.9,takeoff_climb,92.4916573971079,2203.3370411568408,37.63959955506118,4976.4,858.7,867.9,869.5,861.2,199.9,203.0,204.6,205.3,4.74,79.5,4.357,4973.8,858.4,866.4,869.4,859.4,200.0,201.5,205.0,206.0,4.73,79.1,4.359,0.7,0.986,0,nominal,0,0.0,194.98,701938.1
62.0,takeoff_climb,92.48275862068965,2206.8965517241377,37.6551724137931,4980.4,858.2,865.2,870.5,862.5,200.6,201.6,205.6,206.9,4.73,79.6,4.37,4972.7,858.4,866.4,869.4,859.4,200.0,201.5,205.0,206.0,4.73,79.1,4.357,0.7,0.986,0,nominal,0,0.0,194.98,701938.0
62.1,takeoff_climb,92.47385984427142,2210.4560622914346,37.670745272525025,4964.4,857.6,864.9,868.6,860.6,199.3,201.2,205.7,206.6,4.69,78.8,4.382,4971.6,858.4,866.4,869.4,859.4,200.0,201.5,205.0,206.0,4.73,79.1,4.356,0.6,0.985,0,nominal,0,0.0,194.98,701937.9
62.2,takeoff_climb,92.46496106785317,2214.015572858732,37.686318131256954,4962.6,859.0,868.8,870.0,860.4,199.7,201.2,205.3,206.8,4.73,79.4,4.342,4970.4,858.4,866.4,869.4,859.4,200.0,201.5,205.0,206.0,4.73,79.1,4.354,0.6,0.985,0,nominal,0,0.0,194.98,701937.8
62.3,takeoff_climb,92.45606229143493,2217.575083426029,37.701890989988875,4978.3,856.3,867.5,868.1,859.4,199.9,201.0,204.9,205.8,4.7,79.0,4.34,4969.3,858.4,866.4,869.4,859.4,200.0,201.5,205.0,206.0,4.73,79.1,4.352,0.6,0.985,0,nominal,0,0.0,194.98,701937.7
62.4,takeoff_climb,92.44716351501668,2221.134593993326,37.7174638487208,4963.1,859.8,868.1,870.2,858.1,200.2,201.9,205.5,206.6,4.74,78.7,4.376,4968.2,858.4,866.4,869.4,859.4,200.0,201.5,205.0,206.0,4.73,79.0,4.351,0.6,0.984,0,nominal,0,0.0,194.98,701937.6
62.5,takeoff_climb,92.43826473859845,2224.6941045606227,37.733036707452726,4949.8,858.7,866.6,869.1,858.9,200.5,201.5,204.7,205.6,4.76,78.8,4.371,4967.0,858.4,866.4,869.4,859.4,200.0,201.5,205.0,206.0,4.73,79.0,4.349,0.5,0.984,0,nominal,0,0.0,194.98,701937.5
62.6,takeoff_climb,92.4293659621802,2228.2536151279196,37.74860956618465,4964.5,858.2,866.5,872.6,860.3,201.6,201.0,204.7,206.2,4.71,78.8,4.315,4965.9,858.4,866.4,869.4,859.4,200.0,201.5,205.0,206.0,4.73,79.0,4.348,0.5,0.984,0,nominal,0,0.0,194.98,701937.4
62.7,takeoff_climb,92.42046718576196,2231.813125695217,37.76418242491657,4964.1,857.0,867.1,868.3,861.4,199.6,201.7,204.8,206.1,4.72,79.1,4.357,4964.8,858.4,866.4,869.4,859.4,200.0,201.5,205.0,206.0,4.73,79.0,4.346,0.5,0.983,0,nominal,0,0.0,194.98,701937.3
62.8,takeoff_climb,92.41156840934372,2235.372636262514,37.7797552836485,4967.1,857.8,866.6,868.6,859.8,199.0,201.4,205.4,205.5,4.75,79.1,4.328,4963.7,858.4,866.4,869.4,859.4,200.0,201.5,205.0,206.0,4.73,79.0,4.344,0.5,0.983,0,nominal,0,0.0,194.98,701937.2
62.9,takeoff_climb,92.40266963292547,2238.932146829811,37.79532814238042,4953.7,860.8,866.7,870.5,860.7,199.9,201.2,205.0,205.9,4.71,79.0,4.291,4962.5,858.4,866.4,869.4,859.4,200.0,201.5,205.0,206.0,4.73,78.9,4.343,0.4,0.983,0,nominal,0,0.0,194.98,701937.1
63.0,takeoff_climb,92.39377085650723,2242.4916573971077,37.81090100111235,4967.3,860.6,865.2,869.5,859.1,200.4,202.1,204.3,206.7,4.72,78.7,4.347,4961.4,858.4,866.4,869.4,859.4,200.0,201.5,205.0,206.0,4.73,78.9,4.341,0.4,0.982,0,nominal,0,0.0,194.98,701937.0
63.1,takeoff_climb,92.38487208008898,2246.0511679644046,37.82647385984427,4968.5,858.2,865.6,867.1,856.2,200.2,202.8,205.3,205.2,4.72,79.2,4.376,4960.3,858.4,866.4,869.4,859.4,200.0,201.5,205.0,206.0,4.73,78.9,4.339,0.4,0.982,0,nominal,0,0.0,194.98,701936.9
63.2,takeoff_climb,92.37597330367075,2249.6106785317015,37.8420467185762,4963.4,858.6,866.5,869.9,860.1,199.9,201.5,205.5,207.1,4.74,78.9,4.344,4959.1,858.4,866.4,869.4,859.4,200.0,201.5,205.0,206.0,4.73,78.9,4.338,0.4,0.981,0,nominal,0,0.0,194.98,701936.8
63.3,takeoff_climb,92.3670745272525,2253.170189098999,37.85761957730812,4953.3,857.2,867.0,866.2,858.2,199.4,202.5,204.8,205.9,4.81,79.3,4.324,4958.0,858.4,866.4,869.4,859.4,200.0,201.5,205.0,206.0,4.73,78.9,4.336,0.4,0.981,0,nominal,0,0.0,194.98,701936.7
63.4,takeoff_climb,92.35817575083426,2256.729699666296,37.87319243604004,4962.1,859.6,866.9,869.8,860.7,199.9,201.8,205.4,205.9,4.74,79.7,4.306,4956.9,858.3,866.3,869.3,859.3,200.0,201.5,205.0,206.0,4.73,78.9,4.335,0.3,0.981,0,nominal,0,0.0,194.98,701936.6
63.5,takeoff_climb,92.34927697441601,2260.2892102335927,37.88876529477197,4956.5,857.3,868.0,870.7,862.7,200.5,201.7,204.4,204.8,4.73,78.7,4.305,4955.7,858.3,866.3,869.3,859.3,200.0,201.5,205.0,206.0,4.73,78.8,4.333,0.3,0.98,0,nominal,0,0.0,194.98,701936.5
63.6,takeoff_climb,92.34037819799778,2263.8487208008896,37.90433815350389,4950.1,857.4,866.6,870.1,860.8,199.3,200.8,205.2,204.3,4.68,79.4,4.328,4954.6,858.3,866.3,869.3,859.3,200.0,201.5,205.0,206.0,4.73,78.8,4.331,0.3,0.98,0,nominal,0,0.0,194.98,701936.4
63.7,takeoff_climb,92.33147942157953,2267.4082313681865,37.919911012235815,4953.5,858.7,866.6,868.5,859.9,199.5,201.7,206.2,205.1,4.74,79.5,4.327,4953.5,858.3,866.3,869.3,859.3,200.0,201.5,205.0,206.0,4.73,78.8,4.33,0.3,0.98,0,nominal,0,0.0,194.98,701936.3
63.8,takeoff_climb,92.3225806451613,2270.967741935484,37.935483870967744,4952.8,860.2,866.1,869.5,859.8,200.2,201.6,205.2,206.6,4.78,78.3,4.361,4952.3,858.3,866.3,869.3,859.3,200.0,201.5,205.0,206.0,4.73,78.8,4.328,0.2,0.979,0,nominal,0,0.0,194.98,701936.2
63.9,takeoff_climb,92.31368186874305,2274.527252502781,37.951056729699665,4952.9,859.4,865.8,871.3,859.8,200.4,201.9,205.7,205.6,4.74,78.8,4.357,4951.2,858.3,866.3,869.3,859.3,200.0,201.5,205.0,206.0,4.73,78.8,4.326,0.2,0.979,0,nominal,0,0.0,194.98,701936.1
64.0,takeoff_climb,92.30478309232481,2278.0867630700777,37.96662958843159,4945.7,859.4,867.0,868.9,857.3,199.5,202.5,205.2,207.0,4.72,78.8,4.361,4950.1,858.3,866.3,869.3,859.3,200.0,201.5,205.0,206.0,4.73,78.7,4.325,0.2,0.979,0,nominal,0,0.0,194.98,701936.0
64.1,takeoff_climb,92.29588431590656,2281.6462736373746,37.982202447163516,4954.4,859.3,865.6,872.2,858.7,199.2,201.0,204.7,205.5,4.73,77.9,4.353,4949.0,858.3,866.3,869.3,859.3,200.0,201.5,205.0,206.0,4.73,78.7,4.323,0.2,0.978,0,nominal,0,0.0,194.98,701935.9
64.2,takeoff_climb,92.28698553948831,2285.2057842046715,37.99777530589544,4943.5,860.2,866.7,872.1,860.3,199.6,201.5,205.2,206.3,4.74,79.1,4.357,4947.8,858.3,866.3,869.3,859.3,200.0,201.5,205.0,206.0,4.73,78.7,4.322,0.1,0.978,0,nominal,0,0.0,194.98,701935.8
64.3,takeoff_climb,92.27808676307008,2288.765294771969,38.01334816462736,4956.1,858.2,866.1,871.5,859.5,200.3,201.1,204.1,205.0,4.7,78.3,4.344,4946.7,858.3,866.3,869.3,859.3,200.0,201.5,205.0,206.0,4.73,78.7,4.32,0.1,0.978,0,nominal,0,0.0,194.98,701935.7
64.4,takeoff_climb,92.26918798665183,2292.324805339266,38.02892102335929,4947.9,856.1,865.9,869.1,860.8,199.3,200.6,205.7,206.7,4.74,78.4,4.319,4945.6,858.3,866.3,869.3,859.3,200.0,201.5,205.0,206.0,4.73,78.7,4.318,0.1,0.977,0,nominal,0,0.0,194.98,701935.6
64.5,takeoff_climb,92.2602892102336,2295.8843159065627,38.04449388209121,4938.3,858.3,865.3,869.5,857.8,200.1,201.6,205.0,206.0,4.7,78.8,4.29,4944.5,858.3,866.3,869.3,859.3,200.0,201.5,205.0,206.0,4.73,78.6,4.317,0.1,0.977,0,nominal,0,0.0,194.98,701935.5
64.6,takeoff_climb,92.25139043381535,2299.4438264738596,38.06006674082314,4936.7,856.5,868.3,870.7,859.6,200.4,202.3,204.8,205.7,4.71,79.5,4.333,4943.3,858.3,866.3,869.3,859.3,200.0,201.5,205.0,206.0,4.73,78.6,4.315,0.1,0.977,0,nominal,0,0.0,194.98,701935.4
64.7,takeoff_climb,92.24249165739711,2303.0033370411566,38.07563959955506,4939.2,858.9,866.3,869.3,860.9,200.5,200.4,204.5,205.7,4.75,79.1,4.304,4942.2,858.3,866.3,869.3,859.3,200.0,201.5,205.0,206.0,4.73,78.6,4.314,0.0,0.976,0,nominal,0,0.0,194.98,701935.3
64.8,takeoff_climb,92.23359288097886,2306.562847608454,38.09121245828699,4948.5,858.6,868.2,870.2,857.6,200.1,200.8,205.5,205.4,4.71,78.0,4.298,4941.1,858.3,866.3,869.3,859.3,200.0,201.5,205.0,206.0,4.73,78.6,4.312,0.0,0.976,0,nominal,0,0.0,194.98,701935.2
64.9,takeoff_climb,92.22469410456063,2310.122358175751,38.10678531701891,4938.4,858.7,866.9,868.8,858.5,199.5,201.8,204.7,205.5,4.73,78.3,4.324,4939.9,858.3,866.3,869.3,859.3,200.0,201.5,205.0,206.0,4.73,78.6,4.31,-0.0,0.975,0,nominal,0,0.0,194.98,701935.1
65.0,takeoff_climb,92.21579532814238,2313.6818687430477,38.12235817575083,4945.4,860.3,865.9,869.0,859.4,199.8,201.6,205.5,205.2,4.72,78.9,4.334,4938.8,858.2,866.2,869.2,859.2,200.0,201.5,205.0,206.0,4.73,78.5,4.309,-0.0,0.975,0,nominal,0,0.0,194.98,701935.0
65.1,takeoff_climb,92.20689655172414,2317.2413793103447,38.13793103448276,4945.7,857.8,867.3,868.0,857.7,200.2,201.8,205.1,206.3,4.77,79.1,4.286,4937.7,858.2,866.2,869.2,859.2,200.0,201.5,205.0,206.0,4.73,78.5,4.307,-0.1,0.975,0,nominal,0,0.0,194.98,701934.9
65.2,takeoff_climb,92.1979977753059,2320.8008898776416,38.15350389321468,4945.4,861.4,866.7,867.8,856.0,199.6,201.4,204.6,206.6,4.72,78.4,4.282,4936.6,858.2,866.2,869.2,859.2,200.0,201.5,204.9,205.9,4.73,78.5,4.305,-0.1,0.974,0,nominal,0,0.0,194.98,701934.8
65.3,takeoff_climb,92.18909899888766,2324.3604004449385,38.169076751946605,4933.6,862.0,866.0,869.2,859.0,200.5,201.1,205.9,205.7,4.75,79.1,4.321,4935.4,858.2,866.2,869.2,859.2,200.0,201.5,204.9,205.9,4.73,78.5,4.304,-0.1,0.974,0,nominal,0,0.0,194.98,701934.7
65.4,takeoff_climb,92.18020022246941,2327.919911012236,38.184649610678534,4927.8,856.6,866.1,869.5,859.0,198.5,200.0,205.5,205.8,4.72,78.4,4.309,4934.3,858.2,866.2,869.2,859.2,200.0,201.5,204.9,205.9,4.73,78.5,4.302,-0.1,0.974,0,nominal,0,0.0,194.98,701934.6
65.5,takeoff_climb,92.17130144605117,2331.4794215795328,38.200222469410456,4930.0,859.6,866.4,870.0,859.9,200.1,201.3,206.0,206.9,4.68,78.0,4.283,4933.2,858.2,866.2,869.2,859.2,200.0,201.5,204.9,205.9,4.73,78.5,4.301,-0.2,0.973,0,nominal,0,0.0,194.98,701934.5
65.6,takeoff_climb,92.16240266963293,2335.0389321468297,38.21579532814238,4927.4,859.7,865.6,872.2,858.1,200.5,200.9,204.8,205.6,4.72,77.6,4.309,4932.1,858.2,866.2,869.2,859.2,200.0,201.5,204.9,205.9,4.73,78.4,4.299,-0.2,0.973,0,nominal,0,0.0,194.98,701934.4
65.7,takeoff_climb,92.15350389321469,2338.5984427141266,38.231368186874306,4926.6,858.9,865.5,869.4,855.9,201.1,201.3,205.3,204.7,4.76,78.0,4.298,4930.9,858.2,866.2,869.2,859.2,200.0,201.4,204.9,205.9,4.73,78.4,4.297,-0.2,0.973,0,nominal,0,0.0,194.98,701934.3
65.8,takeoff_climb,92.14460511679644,2342.1579532814235,38.24694104560623,4932.9,858.6,867.6,866.9,860.4,200.1,201.5,204.7,206.7,4.68,78.1,4.315,4929.8,858.2,866.2,869.2,859.2,199.9,201.4,204.9,205.9,4.73,78.4,4.296,-0.2,0.972,0,nominal,0,0.0,194.98,701934.2
65.9,takeoff_climb,92.13570634037819,2345.717463848721,38.26251390433815,4919.6,858.0,868.9,868.3,858.8,200.0,201.3,204.9,203.9,4.75,78.0,4.315,4928.7,858.2,866.2,869.2,859.2,199.9,201.4,204.9,205.9,4.73,78.4,4.294,-0.2,0.972,0,nominal,0,0.0,194.98,701934.1
66.0,takeoff_climb,92.12680756395996,2349.2769744160178,38.27808676307008,4919.7,858.8,864.0,867.7,859.7,200.0,199.9,205.4,206.1,4.71,78.5,4.288,4927.6,858.2,866.2,869.2,859.2,199.9,201.4,204.9,205.9,4.73,78.4,4.293,-0.3,0.972,0,nominal,0,0.0,194.98,701934.0
66.1,takeoff_climb,92.11790878754171,2352.8364849833147,38.293659621802,4923.6,857.7,866.9,867.7,859.6,199.5,201.9,204.1,205.9,4.7,78.3,4.318,4926.5,858.2,866.2,869.2,859.2,199.9,201.4,204.9,205.9,4.73,78.3,4.291,-0.3,0.971,0,nominal,0,0.0,194.98,701933.9
66.2,takeoff_climb,92.10901001112347,2356.3959955506116,38.30923248053393,4919.4,854.5,864.4,870.2,861.1,199.5,200.7,206.2,204.7,4.69,78.2,4.305,4925.3,858.2,866.2,869.2,859.2,199.9,201.4,204.9,205.9,4.73,78.3,4.289,-0.3,0.971,0,nominal,0,0.0,194.98,701933.8
66.3,takeoff_climb,92.10011123470522,2359.9555061179085,38.32480533926585,4928.3,857.6,867.4,869.9,857.8,199.6,201.6,205.0,205.9,4.77,78.2,4.331,4924.2,858.2,866.2,869.2,859.2,199.9,201.4,204.9,205.9,4.73,78.3,4.288,-0.3,0.971,0,nominal,0,0.0,194.98,701933.7
66.4,takeoff_climb,92.09121245828699,2363.5150166852054,38.34037819799778,4915.1,857.2,865.2,869.1,859.9,200.7,201.0,204.7,205.6,4.73,78.2,4.289,4923.1,858.2,866.2,869.2,859.2,199.9,201.4,204.9,205.9,4.72,78.3,4.286,-0.4,0.97,0,nominal,0,0.0,194.98,701933.6
66.5,takeoff_climb,92.08231368186874,2367.074527252503,38.3559510567297,4927.3,857.8,866.4,867.6,857.0,199.4,200.9,204.7,206.5,4.7,78.5,4.298,4922.0,858.2,866.2,869.2,859.2,199.9,201.4,204.9,205.9,4.72,78.3,4.285,-0.4,0.97,0,nominal,0,0.0,194.98,701933.5
66.6,takeoff_climb,92.0734149054505,2370.6340378197997,38.37152391546162,4914.7,858.3,866.7,866.8,858.7,200.3,200.8,204.6,206.5,4.75,77.7,4.287,4920.8,858.1,866.1,869.1,859.1,199.9,201.4,204.9,205.9,4.72,78.2,4.283,-0.4,0.97,0,nominal,0,0.0,194.98,701933.4
66.7,takeoff_climb,92.06451612903226,2374.1935483870966,38.38709677419355,4918.4,858.5,866.3,868.1,859.8,200.4,200.4,205.0,206.4,4.69,78.4,4.292,4919.7,858.1,866.1,869.1,859.1,199.9,201.4,204.9,205.9,4.72,78.2,4.281,-0.4,0.969,0,nominal,0,0.0,194.98,701933.3
66.8,takeoff_climb,92.05561735261402,2377.7530589543935,38.40266963292547,4908.8,857.1,867.8,866.6,858.9,200.0,202.0,205.4,205.1,4.73,78.0,4.225,4918.6,858.1,866.1,869.1,859.1,199.9,201.4,204.9,205.9,4.72,78.2,4.28,-0.5,0.969,0,nominal,0,0.0,194.98,701933.2
66.9,takeoff_climb,92.04671857619577,2381.3125695216904,38.418242491657395,4920.0,857.8,867.4,867.0,859.1,198.8,200.4,204.6,205.4,4.75,77.4,4.266,4917.5,858.1,866.1,869.1,859.1,199.9,201.4,204.9,205.9,4.72,78.2,4.278,-0.5,0.968,0,nominal,0,0.0,194.98,701933.1
67.0,takeoff_climb,92.03781979977754,2384.872080088988,38.433815350389324,4916.5,857.4,867.3,869.6,858.0,199.4,201.8,204.2,205.6,4.75,77.4,4.291,4916.4,858.1,866.1,869.1,859.1,199.9,201.4,204.9,205.9,4.72,78.2,4.277,-0.5,0.968,0,nominal,0,0.0,194.98,701933.0
67.1,takeoff_climb,92.02892102335929,2388.4315906562847,38.449388209121246,4907.1,857.8,866.1,867.2,856.1,199.3,201.3,205.2,206.1,4.74,77.2,4.27,4915.2,858.1,866.1,869.1,859.1,199.9,201.4,204.9,205.9,4.72,78.1,4.275,-0.5,0.968,0,nominal,0,0.0,194.98,701932.9
67.2,takeoff_climb,92.02002224694104,2391.9911012235816,38.46496106785317,4913.6,856.0,865.3,870.4,859.5,200.4,201.7,205.2,205.5,4.73,78.8,4.314,4914.1,858.1,866.1,869.1,859.1,199.9,201.4,204.9,205.9,4.72,78.1,4.273,-0.5,0.967,0,nominal,0,0.0,194.98,701932.8
67.3,takeoff_climb,92.0111234705228,2395.5506117908785,38.480533926585096,4908.5,858.4,865.6,866.9,858.9,199.3,202.2,204.6,206.4,4.73,78.5,4.229,4913.0,858.1,866.1,869.1,859.1,199.9,201.4,204.9,205.9,4.72,78.1,4.272,-0.6,0.967,0,nominal,0,0.0,194.98,701932.7
67.4,takeoff_climb,92.00222469410456,2399.1101223581754,38.49610678531702,4921.3,856.2,865.8,867.2,856.0,199.7,201.6,205.5,206.3,4.72,77.9,4.246,4911.9,858.1,866.1,869.1,859.1,199.9,201.4,204.9,205.9,4.72,78.1,4.27,-0.6,0.967,0,nominal,0,0.0,194.98,701932.6
67.5,takeoff_climb,91.99332591768632,2402.669632925473,38.51167964404894,4920.9,858.3,866.3,868.6,860.9,200.2,201.8,204.5,206.4,4.72,78.3,4.207,4910.8,858.1,866.1,869.1,859.1,199.9,201.4,204.9,205.9,4.72,78.1,4.269,-0.6,0.966,0,nominal,0,0.0,194.98,701932.5
67.6,takeoff_climb,91.98442714126807,2406.2291434927697,38.52725250278087,4916.1,859.1,864.2,869.6,859.6,199.7,200.8,204.5,206.1,4.74,79.1,4.252,4909.6,858.1,866.1,869.1,859.1,199.9,201.4,204.9,205.9,4.72,78.0,4.267,-0.6,0.966,0,nominal,0,0.0,194.98,701932.4
67.7,takeoff_climb,91.97552836484984,2409.7886540600666,38.54282536151279,4908.1,856.5,865.1,870.0,860.8,200.0,202.3,205.6,206.4,4.75,78.0,4.246,4908.5,858.1,866.1,869.1,859.1,199.9,201.4,204.9,205.9,4.72,78.0,4.265,-0.7,0.966,0,nominal,0,0.0,194.98,701932.3
67.8,takeoff_climb,91.96662958843159,2413.3481646273635,38.55839822024471,4905.9,856.9,864.9,872.0,859.3,199.7,201.9,204.4,205.5,4.72,77.6,4.223,4907.4,858.1,866.1,869.1,859.1,199.9,201.4,204.9,205.9,4.72,78.0,4.264,-0.7,0.965,0,nominal,0,0.0,194.98,701932.2
67.9,takeoff_climb,91.95773081201335,2416.9076751946604,38.57397107897664,4902.4,860.5,864.1,868.8,860.4,200.2,202.3,204.2,205.7,4.74,77.6,4.277,4906.3,858.1,866.1,869.1,859.1,199.9,201.4,204.9,205.9,4.72,78.0,4.262,-0.7,0.965,0,nominal,0,0.0,194.98,701932.1
68.0,takeoff_climb,91.9488320355951,2420.467185761958,38.58954393770856,4901.8,858.1,866.0,868.6,861.4,198.9,201.6,204.6,206.0,4.77,78.5,4.217,4905.2,858.1,866.1,869.1,859.1,199.9,201.4,204.9,205.9,4.72,78.0,4.261,-0.7,0.965,0,nominal,0,0.0,194.98,701932.0
68.1,takeoff_climb,91.93993325917687,2424.0266963292547,38.60511679644049,4901.5,857.7,865.5,870.1,858.8,200.1,201.0,204.4,206.5,4.7,78.3,4.247,4904.1,858.0,866.0,869.0,859.0,199.9,201.4,204.9,205.9,4.72,78.0,4.259,-0.8,0.964,0,nominal,0,0.0,194.98,701931.9
68.2,takeoff_climb,91.93103448275862,2427.5862068965516,38.62068965517241,4906.1,858.9,866.8,869.5,859.6,200.1,202.1,205.5,206.0,4.74,78.6,4.305,4902.9,858.0,866.0,869.0,859.0,199.9,201.4,204.9,205.9,4.72,78.0,4.257,-0.8,0.964,0,nominal,0,0.0,194.98,701931.8
68.3,takeoff_climb,91.92213570634038,2431.1457174638485,38.63626251390434,4907.2,855.1,865.3,870.1,858.0,199.2,201.3,204.7,205.7,4.71,77.5,4.205,4901.8,858.0,866.0,869.0,859.0,199.9,201.4,204.9,205.9,4.72,78.0,4.256,-0.8,0.964,0,nominal,0,0.0,194.98,701931.7
68.4,takeoff_climb,91.91323692992214,2434.7052280311455,38.65183537263626,4904.0,860.6,864.5,869.9,858.5,198.5,201.9,204.0,207.0,4.73,78.4,4.251,4900.7,858.0,866.0,869.0,859.0,199.9,201.4,204.9,205.9,4.72,78.0,4.254,-0.8,0.963,0,nominal,0,0.0,194.98,701931.6
68.5,takeoff_climb,91.90433815350389,2438.2647385984424,38.667408231368185,4912.3,856.8,865.6,866.6,859.1,200.3,202.3,205.3,205.6,4.68,77.7,4.269,4899.6,858.0,866.0,869.0,859.0,199.9,201.4,204.9,205.9,4.72,78.0,4.253,-0.8,0.963,0,nominal,0,0.0,194.98,701931.5
68.6,takeoff_climb,91.89543937708565,2441.8242491657397,38.682981090100114,4893.7,859.4,867.7,872.1,858.6,199.4,201.8,204.7,206.6,4.68,78.2,4.255,4898.5,858.0,866.0,869.0,859.0,199.9,201.4,204.9,205.9,4.72,78.0,4.251,-0.9,0.963,0,nominal,0,0.0,194.98,701931.4
68.7,takeoff_climb,91.8865406006674,2445.3837597330366,38.698553948832036,4895.9,857.3,866.6,869.8,861.0,199.4,201.9,204.2,206.6,4.68,78.3,4.289,4897.4,858.0,866.0,869.0,859.0,199.9,201.4,204.9,205.9,4.72,78.0,4.249,-0.9,0.962,0,nominal,0,0.0,194.98,701931.3
68.8,takeoff_climb,91.87764182424917,2448.9432703003336,38.71412680756396,4906.1,856.7,866.5,871.4,859.7,200.1,201.0,205.2,205.4,4.72,77.9,4.254,4896.2,858.0,866.0,869.0,859.0,199.9,201.4,204.9,205.9,4.72,78.0,4.248,-0.9,0.962,0,nominal,0,0.0,194.98,701931.2
68.9,takeoff_climb,91.86874304783092,2452.5027808676305,38.729699666295886,4899.0,857.8,866.6,867.5,859.1,200.1,201.2,205.2,205.3,4.71,78.8,4.203,4895.1,858.0,866.0,869.0,859.0,199.9,201.4,204.9,205.9,4.72,78.0,4.246,-0.9,0.961,0,nominal,0,0.0,194.98,701931.1
69.0,takeoff_climb,91.85984427141268,2456.0622914349274,38.74527252502781,4892.8,858.0,867.0,870.6,861.7,199.3,201.7,205.4,206.1,4.72,78.2,4.238,4894.0,858.0,866.0,869.0,859.0,199.9,201.4,204.9,205.9,4.72,78.0,4.245,-1.0,0.961,0,nominal,0,0.0,194.98,701931.0
69.1,takeoff_climb,91.85094549499443,2459.6218020022247,38.76084538375973,4887.5,859.4,864.0,869.7,857.8,199.8,201.7,203.9,206.1,4.71,78.0,4.259,4892.9,858.0,866.0,869.0,859.0,199.9,201.4,204.9,205.9,4.72,78.0,4.243,-1.0,0.961,0,nominal,0,0.0,194.98,701930.9
69.2,takeoff_climb,91.8420467185762,2463.1813125695217,38.77641824249166,4898.4,854.6,863.8,868.4,858.0,200.1,201.1,203.9,205.6,4.71,77.6,4.243,4891.8,858.0,866.0,869.0,859.0,199.9,201.4,204.9,205.9,4.72,78.0,4.241,-1.0,0.96,0,nominal,0,0.0,194.98,701930.8
69.3,takeoff_climb,91.83314794215795,2466.7408231368186,38.79199110122358,4888.0,859.6,865.3,870.7,859.9,200.2,201.0,204.2,205.7,4.7,78.5,4.192,4890.7,858.0,866.0,869.0,859.0,199.9,201.4,204.9,205.9,4.72,78.0,4.24,-1.0,0.96,0,nominal,0,0.0,194.98,701930.7
69.4,takeoff_climb,91.82424916573972,2470.3003337041155,38.8075639599555,4888.2,858.0,866.7,871.0,859.4,199.6,201.5,204.6,206.0,4.72,77.6,4.189,4889.6,858.0,866.0,869.0,859.0,199.9,201.4,204.9,205.9,4.72,78.0,4.238,-1.1,0.96,0,nominal,0,0.0,194.98,701930.6
69.5,takeoff_climb,91.81535038932147,2473.8598442714124,38.82313681868743,4885.8,856.8,866.5,871.0,858.8,200.2,202.5,204.1,206.1,4.7,78.5,4.197,4888.4,858.0,866.0,869.0,859.0,199.9,201.4,204.9,205.9,4.72,78.0,4.237,-1.1,0.959,0,nominal,0,0.0,194.98,701930.5
69.6,takeoff_climb,91.80645161290323,2477.4193548387093,38.83870967741935,4890.0,858.8,864.9,867.9,860.0,199.4,201.6,205.6,206.4,4.71,77.8,4.309,4887.3,858.0,866.0,869.0,859.0,199.9,201.4,204.9,205.9,4.72,78.0,4.235,-1.1,0.959,0,nominal,0,0.0,194.98,701930.4
69.7,takeoff_climb,91.79755283648498,2480.9788654060067,38.85428253615128,4891.5,857.2,867.1,868.3,858.3,200.1,201.1,204.6,205.2,4.76,78.1,4.21,4886.2,857.9,865.9,868.9,858.9,199.9,201.4,204.9,205.9,4.72,78.0,4.233,-1.1,0.959,0,nominal,0,0.0,194.98,701930.3
69.8,takeoff_climb,91.78865406006675,2484.5383759733036,38.8698553948832,4891.8,856.8,869.6,870.7,858.5,200.4,201.0,205.2,206.0,4.69,77.0,4.239,4885.1,857.9,865.9,868.9,858.9,199.9,201.4,204.9,205.9,4.72,78.0,4.232,-1.1,0.958,0,nominal,0,0.0,194.98,701930.2
69.9,takeoff_climb,91.7797552836485,2488.0978865406005,38.88542825361513,4877.1,857.6,865.2,867.5,858.5,201.1,201.6,204.6,206.6,4.71,77.6,4.265,4884.0,857.9,865.9,868.9,858.9,199.9,201.4,204.9,205.9,4.72,78.0,4.23,-1.2,0.958,0,nominal,0,0.0,194.98,701930.1
70.0,takeoff_climb,91.77085650723026,2491.6573971078974,38.90100111234705,4882.8,857.1,867.6,870.3,856.6,199.2,201.2,204.1,206.8,4.7,77.7,4.225,4882.9,857.9,865.9,868.9,858.9,199.9,201.4,204.9,205.9,4.72,78.0,4.229,-1.2,0.958,0,nominal,0,0.0,194.98,701930.0
70.1,takeoff_climb,91.76195773081201,2495.2169076751943,38.916573971078975,4885.0,858.1,866.2,869.2,858.1,201.5,201.5,205.5,206.3,4.75,78.3,4.208,4881.8,857.9,865.9,868.9,858.9,199.9,201.4,204.9,205.9,4.72,78.0,4.227,-1.2,0.957,0,nominal,0,0.0,194.98,701929.9
70.2,takeoff_climb,91.75305895439377,2498.7764182424917,38.932146829810904,4875.1,859.0,864.1,868.4,856.0,199.2,200.0,204.7,205.0,4.73,77.6,4.299,4880.7,857.9,865.9,868.9,858.9,199.9,201.4,204.9,205.9,4.72,78.0,4.226,-1.2,0.957,0,nominal,0,0.0,194.98,701929.8
70.3,takeoff_climb,91.74416017797553,2502.3359288097886,38.947719688542826,4881.0,856.5,865.3,867.2,860.4,199.6,200.9,205.4,205.8,4.76,78.6,4.202,4879.6,857.9,865.9,868.9,858.9,199.9,201.4,204.9,205.9,4.72,78.0,4.224,-1.3,0.957,0,nominal,0,0.0,194.98,701929.7
70.4,takeoff_climb,91.73526140155728,2505.8954393770855,38.96329254727475,4878.5,858.8,867.7,867.9,858.3,200.3,201.5,204.3,205.9,4.71,77.7,4.189,4878.4,857.9,865.9,868.9,858.9,199.9,201.4,204.9,205.9,4.72,78.0,4.222,-1.3,0.956,0,nominal,0,0.0,194.98,701929.6
70.5,takeoff_climb,91.72636262513905,2509.4549499443824,38.978865406006676,4875.2,856.0,865.7,871.4,859.2,199.7,200.3,205.7,205.9,4.74,77.5,4.245,4877.3,857.9,865.9,868.9,858.9,199.9,201.4,204.9,205.9,4.72,78.0,4.221,-1.3,0.956,0,nominal,0,0.0,194.98,701929.5
70.6,takeoff_climb,91.7174638487208,2513.0144605116793,38.9944382647386,4880.4,858.3,865.9,868.5,859.8,200.4,201.4,204.8,205.9,4.74,77.5,4.278,4876.2,857.9,865.9,868.9,858.9,199.9,201.4,204.9,205.9,4.72,78.0,4.219,-1.3,0.956,0,nominal,0,0.0,194.98,701929.4
70.7,takeoff_climb,91.70856507230256,2516.5739710789767,39.01001112347052,4881.2,858.3,868.6,869.2,861.7,199.2,200.8,205.7,206.8,4.7,78.3,4.209,4875.1,857.9,865.9,868.9,858.9,199.9,201.4,204.9,205.9,4.72,78.0,4.218,-1.4,0.955,0,nominal,0,0.0,194.98,701929.3
70.8,takeoff_climb,91.69966629588431,2520.1334816462736,39.02558398220245,4875.5,856.7,867.3,867.6,858.9,200.4,201.4,204.6,205.3,4.72,77.7,4.189,4874.0,857.9,865.9,868.9,858.9,199.9,201.4,204.9,205.9,4.72,78.0,4.216,-1.4,0.955,0,nominal,0,0.0,194.98,701929.2
70.9,takeoff_climb,91.69076751946608,2523.6929922135705,39.04115684093437,4870.9,856.7,868.3,867.7,858.6,200.0,201.3,205.1,205.9,4.73,77.9,4.226,4872.9,857.9,865.9,868.9,858.9,199.9,201.4,204.9,205.9,4.72,78.0,4.214,-1.4,0.955,0,nominal,0,0.0,194.98,701929.1
71.0,takeoff_climb,91.68186874304783,2527.2525027808674,39.05672969966629,4865.9,856.5,867.0,868.1,857.8,199.6,201.4,204.4,205.9,4.69,78.7,4.235,4871.8,857.9,865.9,868.9,858.9,199.9,201.4,204.9,205.9,4.72,78.0,4.213,-1.4,0.954,0,nominal,0,0.0,194.98,701929.0
71.1,takeoff_climb,91.6729699666296,2530.8120133481643,39.07230255839822,4869.8,855.5,864.9,869.3,860.6,200.2,200.2,205.1,205.2,4.73,78.7,4.183,4870.7,857.9,865.9,868.9,858.9,199.9,201.4,204.9,205.9,4.72,78.0,4.211,-1.5,0.954,0,nominal,0,0.0,194.98,701928.9
71.2,takeoff_climb,91.66407119021135,2534.3715239154617,39.08787541713014,4868.6,858.2,865.5,869.5,855.7,200.6,202.0,204.4,205.8,4.73,77.8,4.151,4869.6,857.9,865.9,868.9,858.9,199.9,201.4,204.9,205.9,4.72,78.0,4.21,-1.5,0.954,0,nominal,0,0.0,194.98,701928.8
71.3,takeoff_climb,91.65517241379311,2537.9310344827586,39.10344827586207,4867.8,857.1,866.1,868.2,860.9,199.0,201.7,203.4,206.3,4.71,77.9,4.209,4868.5,857.8,865.8,868.8,858.8,199.9,201.4,204.8,205.8,4.72,78.0,4.208,-1.5,0.953,0,nominal,0,0.0,194.98,701928.7
71.4,takeoff_climb,91.64627363737486,2541.4905450500555,39.11902113459399,4872.5,856.1,866.3,871.3,858.0,199.6,201.4,204.4,206.0,4.7,78.2,4.226,4867.4,857.8,865.8,868.8,858.8,199.9,201.4,204.8,205.8,4.72,78.0,4.207,-1.5,0.953,0,nominal,0,0.0,194.98,701928.6
71.5,takeoff_climb,91.63737486095661,2545.0500556173524,39.13459399332592,4858.8,857.8,867.4,865.1,858.4,200.2,200.6,204.7,205.4,4.75,78.4,4.198,4866.2,857.8,865.8,868.8,858.8,199.9,201.3,204.8,205.8,4.72,78.0,4.205,-1.5,0.952,0,nominal,0,0.0,194.98,701928.5
71.6,takeoff_climb,91.62847608453838,2548.6095661846493,39.15016685205784,4864.4,855.4,866.4,868.2,859.6,199.8,201.7,205.8,206.5,4.69,78.3,4.203,4865.1,857.8,865.8,868.8,858.8,199.8,201.3,204.8,205.8,4.71,78.0,4.203,-1.6,0.952,0,nominal,0,0.0,194.98,701928.4
71.7,takeoff_climb,91.61957730812013,2552.1690767519462,39.165739710789765,4860.3,858.0,867.0,870.0,860.7,199.0,201.0,204.9,205.6,4.74,78.2,4.171,4864.0,857.8,865.8,868.8,858.8,199.8,201.3,204.8,205.8,4.71,78.0,4.202,-1.6,0.952,0,nominal,0,0.0,194.98,701928.3
71.8,takeoff_climb,91.6106785317019,2555.7285873192436,39.181312569521694,4864.9,858.4,867.4,866.1,856.7,199.4,202.2,205.1,206.2,4.72,77.3,4.207,4862.9,857.8,865.8,868.8,858.8,199.8,201.3,204.8,205.8,4.71,78.0,4.2,-1.6,0.951,0,nominal,0,0.0,194.98,701928.2
71.9,takeoff_climb,91.60177975528364,2559.2880978865405,39.196885428253616,4862.8,857.8,862.7,869.0,856.4,200.7,200.4,205.0,205.6,4.73,78.0,4.144,4861.8,857.8,865.8,868.8,858.8,199.8,201.3,204.8,205.8,4.71,78.0,4.199,-1.6,0.951,0,nominal,0,0.0,194.98,701928.1
72.0,takeoff_climb,91.59288097886541,2562.8476084538374,39.21245828698554,4857.7,858.6,864.9,867.2,861.2,199.0,201.2,203.9,205.5,4.68,77.7,4.181,4860.7,857.8,865.8,868.8,858.8,199.8,201.3,204.8,205.8,4.71,78.0,4.197,-1.7,0.951,0,nominal,0,0.0,194.98,701928.0
72.1,takeoff_climb,91.58398220244716,2566.4071190211343,39.228031145717466,4860.0,859.1,865.3,868.7,860.3,199.4,201.8,203.6,205.6,4.71,77.4,4.186,4859.6,857.8,865.8,868.8,858.8,199.8,201.3,204.8,205.8,4.71,78.0,4.196,-1.7,0.95,0,nominal,0,0.0,194.98,701927.9
72.2,takeoff_climb,91.57508342602893,2569.9666295884313,39.24360400444939,4859.6,857.8,866.8,864.9,860.1,199.5,201.0,205.3,205.7,4.71,77.6,4.203,4858.5,857.8,865.8,868.8,858.8,199.8,201.3,204.8,205.8,4.71,78.0,4.194,-1.7,0.95,0,nominal,0,0.0,194.98,701927.8
72.3,takeoff_climb,91.56618464961068,2573.5261401557286,39.25917686318131,4858.1,857.5,865.1,867.0,861.5,200.6,200.3,205.4,206.1,4.66,77.4,4.197,4857.4,857.8,865.8,868.8,858.8,199.8,201.3,204.8,205.8,4.71,78.0,4.192,-1.7,0.95,0,nominal,0,0.0,194.98,701927.7
72.4,takeoff_climb,91.55728587319244,2577.0856507230255,39.27474972191324,4855.4,862.3,866.8,868.8,860.2,199.4,202.0,204.9,205.5,4.72,77.9,4.195,4856.3,857.8,865.8,868.8,858.8,199.8,201.3,204.8,205.8,4.71,78.0,4.191,-1.8,0.949,0,nominal,0,0.0,194.98,701927.6
72.5,takeoff_climb,91.54838709677419,2580.6451612903224,39.29032258064516,4852.0,856.9,862.5,868.7,859.9,200.8,200.0,205.0,207.3,4.74,78.8,4.279,4855.2,857.8,865.8,868.8,858.8,199.8,201.3,204.8,205.8,4.71,78.0,4.189,-1.8,0.949,0,nominal,0,0.0,194.98,701927.5
72.6,takeoff_climb,91.53948832035596,2584.2046718576194,39.30589543937708,4852.3,857.9,865.5,867.2,859.5,199.4,201.6,205.2,206.2,4.7,78.5,4.176,4854.1,857.8,865.8,868.8,858.8,199.8,201.3,204.8,205.8,4.71,78.0,4.188,-1.8,0.949,0,nominal,0,0.0,194.98,701927.4
72.7,takeoff_climb,91.53058954393771,2587.7641824249163,39.32146829810901,4849.3,857.6,868.0,870.4,859.3,200.3,201.6,205.8,206.3,4.69,78.2,4.226,4853.0,857.8,865.8,868.8,858.8,199.8,201.3,204.8,205.8,4.71,78.0,4.186,-1.8,0.948,0,nominal,0,0.0,194.98,701927.3
72.8,takeoff_climb,91.52169076751946,2591.323692992213,39.33704115684093,4849.0,857.1,863.1,867.9,861.4,199.2,201.7,204.9,206.1,4.73,77.9,4.154,4851.9,857.7,865.7,868.7,858.7,199.8,201.3,204.8,205.8,4.71,78.0,4.185,-1.8,0.948,0,nominal,0,0.0,194.98,701927.2
72.9,takeoff_climb,91.51279199110122,2594.8832035595105,39.352614015572854,4847.7,856.6,863.1,871.3,861.3,198.7,200.5,204.4,205.7,4.69,78.6,4.21,4850.8,857.7,865.7,868.7,858.7,199.8,201.3,204.8,205.8,4.71,78.0,4.183,-1.9,0.948,0,nominal,0,0.0,194.98,701927.1
73.0,takeoff_climb,91.50389321468298,2598.4427141268075,39.36818687430478,4846.3,859.8,863.7,868.2,858.8,198.9,200.4,204.8,205.9,4.75,78.1,4.165,4849.7,857.7,865.7,868.7,858.7,199.8,201.3,204.8,205.8,4.71,78.0,4.181,-1.9,0.947,0,nominal,0,0.0,194.98,701927.0
73.1,takeoff_climb,91.49499443826474,2602.0022246941044,39.383759733036705,4849.3,857.7,866.4,870.4,859.0,200.3,201.0,204.6,204.3,4.73,77.9,4.157,4848.6,857.7,865.7,868.7,858.7,199.8,201.3,204.8,205.8,4.71,78.0,4.18,-1.9,0.947,0,nominal,0,0.0,194.98,701926.9
73.2,takeoff_climb,91.48609566184649,2605.5617352614013,39.39933259176863,4848.3,861.0,865.4,870.0,856.4,198.8,201.0,204.0,206.6,4.72,79.1,4.178,4847.5,857.7,865.7,868.7,858.7,199.8,201.3,204.8,205.8,4.71,78.0,4.178,-1.9,0.947,0,nominal,0,0.0,194.98,701926.8
73.3,takeoff_climb,91.47719688542826,2609.121245828698,39.414905450500555,4836.3,857.2,865.3,866.8,858.0,200.6,202.0,204.5,206.5,4.71,77.3,4.186,4846.4,857.7,865.7,868.7,858.7,199.8,201.3,204.8,205.8,4.71,78.0,4.177,-2.0,0.946,0,nominal,0,0.0,194.98,701926.7
73.4,takeoff_climb,91.46829810901001,2612.6807563959956,39.430478309232484,4838.6,856.7,867.1,870.3,857.1,199.2,202.0,204.5,206.2,4.68,78.2,4.179,4845.3,857.7,865.7,868.7,858.7,199.8,201.3,204.8,205.8,4.71,78.0,4.175,-2.0,0.946,0,nominal,0,0.0,194.98,701926.6
73.5,takeoff_climb,91.45939933259177,2616.2402669632925,39.446051167964406,4844.7,856.0,865.3,870.5,857.5,199.8,201.0,204.9,205.5,4.74,78.0,4.191,4844.1,857.7,865.7,868.7,858.7,199.8,201.3,204.8,205.8,4.71,78.0,4.174,-2.0,0.946,0,nominal,0,0.0,194.98,701926.5
73.6,takeoff_climb,91.45050055617352,2619.7997775305894,39.46162402669633,4842.0,857.4,864.7,868.7,858.3,200.0,202.0,204.1,205.2,4.73,78.3,4.163,4843.0,857.7,865.7,868.7,858.7,199.8,201.3,204.8,205.8,4.71,78.0,4.172,-2.0,0.945,0,nominal,0,0.0,194.98,701926.4
73.7,takeoff_climb,91.44160177975529,2623.3592880978863,39.477196885428256,4839.0,858.2,864.1,869.5,859.6,200.7,201.3,204.7,204.5,4.7,78.4,4.227,4841.9,857.7,865.7,868.7,858.7,199.8,201.3,204.8,205.8,4.71,78.0,4.171,-2.1,0.945,0,nominal,0,0.0,194.98,701926.3
73.8,takeoff_climb,91.43270300333704,2626.918798665183,39.49276974416018,4838.8,857.7,866.8,868.1,859.0,199.5,201.6,203.9,205.8,4.73,77.7,4.191,4840.8,857.7,865.7,868.7,858.7,199.8,201.3,204.8,205.8,4.71,78.0,4.169,-2.1,0.945,0,nominal,0,0.0,194.98,701926.2
73.9,takeoff_climb,91.4238042269188,2630.4783092324806,39.5083426028921,4841.5,857.3,865.5,869.5,859.5,199.1,201.6,204.9,203.6,4.72,78.7,4.159,4839.7,857.7,865.7,868.7,858.7,199.8,201.3,204.8,205.8,4.71,78.0,4.167,-2.1,0.944,0,nominal,0,0.0,194.98,701926.1
74.0,takeoff_climb,91.41490545050056,2634.0378197997775,39.52391546162403,4842.6,855.9,863.7,870.3,862.7,199.9,201.1,205.5,205.3,4.75,78.0,4.204,4838.6,857.7,865.7,868.7,858.7,199.8,201.3,204.8,205.8,4.71,78.0,4.166,-2.1,0.944,0,nominal,0,0.0,194.98,701926.0
74.1,takeoff_climb,91.40600667408232,2637.5973303670744,39.53948832035595,4841.6,858.1,863.0,867.9,859.2,198.9,200.7,205.0,205.5,4.68,78.2,4.15,4837.5,857.7,865.7,868.7,858.7,199.8,201.3,204.8,205.8,4.71,78.0,4.164,-2.1,0.944,0,nominal,0,0.0,194.98,701925.9
74.2,takeoff_climb,91.39710789766407,2641.1568409343713,39.55506117908787,4834.3,857.1,865.5,867.7,859.3,200.0,201.4,204.8,206.0,4.71,77.8,4.18,4836.4,857.7,865.7,868.7,858.7,199.8,201.3,204.8,205.8,4.71,78.0,4.163,-2.2,0.943,0,nominal,0,0.0,194.98,701925.8
74.3,takeoff_climb,91.38820912124584,2644.716351501668,39.5706340378198,4835.3,856.0,863.9,868.6,857.7,200.3,202.0,204.5,206.1,4.71,77.8,4.161,4835.3,857.7,865.7,868.7,858.7,199.8,201.3,204.8,205.8,4.71,78.0,4.161,-2.2,0.943,0,nominal,0,0.0,194.98,701925.7
74.4,takeoff_climb,91.37931034482759,2648.2758620689656,39.58620689655172,4828.8,857.4,864.3,868.4,855.4,199.5,200.9,205.0,205.6,4.69,77.8,4.164,4834.2,857.6,865.6,868.6,858.6,199.8,201.3,204.8,205.8,4.71,78.0,4.16,-2.2,0.943,0,nominal,0,0.0,194.98,701925.6
74.5,takeoff_climb,91.37041156840934,2651.8353726362625,39.601779755283644,4837.0,855.8,864.8,866.5,860.4,199.5,200.8,204.9,205.6,4.69,79.3,4.126,4833.1,857.6,865.6,868.6,858.6,199.8,201.3,204.8,205.8,4.71,78.0,4.158,-2.2,0.942,0,nominal,0,0.0,194.98,701925.5
74.6,takeoff_climb,91.3615127919911,2655.3948832035594,39.61735261401557,4828.1,857.6,866.0,868.2,858.3,200.5,202.3,204.7,205.9,4.7,78.1,4.176,4832.0,857.6,865.6,868.6,858.6,199.8,201.3,204.8,205.8,4.71,78.0,4.157,-2.3,0.942,0,nominal,0,0.0,194.98,701925.4
74.7,takeoff_climb,91.35261401557285,2658.9543937708563,39.632925472747495,4834.4,858.1,865.5,866.9,859.7,199.3,201.1,205.0,206.8,4.73,77.2,4.171,4830.9,857.6,865.6,868.6,858.6,199.8,201.3,204.8,205.8,4.71,78.0,4.155,-2.3,0.941,0,nominal,0,0.0,194.98,701925.3
74.8,takeoff_climb,91.34371523915462,2662.513904338153,39.64849833147942,4824.6,859.3,866.4,868.1,860.7,198.4,200.2,205.6,205.2,4.7,77.3,4.099,4829.8,857.6,865.6,868.6,858.6,199.8,201.3,204.8,205.8,4.71,78.0,4.153,-2.3,0.941,0,nominal,0,0.0,194.98,701925.2
74.9,takeoff_climb,91.33481646273637,2666.07341490545,39.664071190211345,4830.6,857.1,867.2,868.0,857.4,200.1,200.7,204.8,206.0,4.73,77.8,4.148,4828.7,857.6,865.6,868.6,858.6,199.8,201.3,204.8,205.8,4.71,78.0,4.152,-2.3,0.941,0,nominal,0,0.0,194.98,701925.1
75.0,takeoff_climb,91.32591768631814,2669.6329254727475,39.679644048943274,4827.7,855.9,866.6,868.6,861.0,199.9,200.8,204.9,204.6,4.73,78.1,4.18,4827.7,857.6,865.6,868.6,858.6,199.8,201.3,204.8,205.8,4.71,78.0,4.15,-2.4,0.94,0,nominal,0,0.0,194.98,701925.0
75.1,takeoff_climb,91.31701890989989,2673.1924360400444,39.695216907675196,4824.6,857.8,865.8,869.8,857.3,199.2,200.7,205.7,204.5,4.7,78.2,4.173,4826.6,857.6,865.6,868.6,858.6,199.8,201.3,204.8,205.8,4.71,78.0,4.149,-2.4,0.94,0,nominal,0,0.0,194.98,701924.9
75.2,takeoff_climb,91.30812013348165,2676.7519466073413,39.71078976640712,4832.2,855.7,865.7,867.8,859.0,200.1,201.0,205.2,205.8,4.66,77.0,4.111,4825.5,857.6,865.6,868.6,858.6,199.8,201.3,204.8,205.8,4.71,78.0,4.147,-2.4,0.94,0,nominal,0,0.0,194.98,701924.8
75.3,takeoff_climb,91.2992213570634,2680.3114571746382,39.726362625139046,4828.0,856.1,864.9,868.2,858.9,199.7,201.5,204.4,205.9,4.69,78.7,4.182,4824.4,857.6,865.6,868.6,858.6,199.8,201.3,204.8,205.8,4.71,78.0,4.146,-2.4,0.939,0,nominal,0,0.0,194.98,701924.7
75.4,takeoff_climb,91.29032258064517,2683.870967741935,39.74193548387097,4816.4,860.7,866.3,867.0,859.0,200.6,201.3,205.3,205.3,4.68,78.3,4.123,4823.3,857.6,865.6,868.6,858.6,199.8,201.3,204.8,205.8,4.71,78.0,4.144,-2.4,0.939,0,nominal,0,0.0,194.98,701924.6
75.5,takeoff_climb,91.28142380422692,2687.4304783092325,39.75750834260289,4822.5,858.1,863.6,870.0,858.2,199.8,201.4,204.8,204.8,4.7,78.0,4.207,4822.2,857.6,865.6,868.6,858.6,199.8,201.3,204.8,205.8,4.71,78.0,4.143,-2.5,0.939,0,nominal,0,0.0,194.98,701924.5
75.6,takeoff_climb,91.27252502780868,2690.9899888765294,39.77308120133482,4821.6,858.0,865.4,869.1,858.4,200.1,201.4,205.2,206.4,4.71,77.1,4.13,4821.1,857.6,865.6,868.6,858.6,199.8,201.3,204.8,205.8,4.71,78.0,4.141,-2.5,0.938,0,nominal,0,0.0,194.98,701924.4
75.7,takeoff_climb,91.26362625139043,2694.5494994438263,39.78865406006674,4821.3,859.6,865.7,866.8,856.5,199.4,200.9,205.1,205.6,4.72,78.4,4.129,4820.0,857.6,865.6,868.6,858.6,199.8,201.3,204.8,205.8,4.71,78.0,4.139,-2.5,0.938,0,nominal,0,0.0,194.98,701924.3
75.8,takeoff_climb,91.25472747497219,2698.1090100111232,39.80422691879866,4825.0,859.0,863.7,869.5,860.9,199.6,202.1,204.2,205.9,4.72,78.5,4.192,4818.9,857.6,865.6,868.6,858.6,199.8,201.3,204.8,205.8,4.71,78.0,4.138,-2.5,0.938,0,nominal,0,0.0,194.98,701924.2
75.9,takeoff_climb,91.24582869855395,2701.66852057842,39.81979977753059,4817.1,858.0,864.6,867.4,861.3,200.0,201.8,205.4,205.4,4.72,77.5,4.085,4817.8,857.5,865.5,868.5,858.5,199.8,201.3,204.8,205.8,4.71,78.0,4.136,-2.6,0.937,0,nominal,0,0.0,194.98,701924.1
76.0,takeoff_climb,91.2369299221357,2705.228031145717,39.83537263626251,4814.5,856.2,865.4,865.7,855.1,199.1,199.9,205.2,206.3,4.76,77.9,4.155,4816.7,857.5,865.5,868.5,858.5,199.8,201.3,204.8,205.8,4.71,78.0,4.135,-2.6,0.937,0,nominal,0,0.0,194.98,701924.0
76.1,takeoff_climb,91.22803114571747,2708.7875417130144,39.850945494994434,4813.6,854.7,868.9,865.8,856.3,199.2,202.0,204.1,205.3,4.7,77.9,4.069,4815.6,857.5,865.5,868.5,858.5,199.8,201.3,204.8,205.8,4.71,78.0,4.133,-2.6,0.937,0,nominal,0,0.0,194.98,701923.9
76.2,takeoff_climb,91.21913236929922,2712.3470522803113,39.86651835372636,4814.2,856.0,865.0,867.0,860.5,199.3,201.4,204.7,206.4,4.71,78.6,4.146,4814.5,857.5,865.5,868.5,858.5,199.8,201.3,204.7,205.7,4.71,78.0,4.132,-2.6,0.936,0,nominal,0,0.0,194.98,701923.8
76.3,takeoff_climb,91.21023359288098,2715.9065628476083,39.882091212458285,4820.5,857.1,868.0,868.5,858.2,199.6,201.1,204.0,205.0,4.71,77.8,4.146,4813.4,857.5,865.5,868.5,858.5,199.8,201.3,204.7,205.7,4.71,78.0,4.13,-2.7,0.936,0,nominal,0,0.0,194.98,701923.7
76.4,takeoff_climb,91.20133481646273,2719.466073414905,39.89766407119021,4812.0,858.5,865.7,867.6,856.1,200.4,201.4,204.9,206.8,4.7,77.9,4.105,4812.3,857.5,865.5,868.5,858.5,199.7,201.2,204.7,205.7,4.71,78.0,4.129,-2.7,0.936,0,nominal,0,0.0,194.98,701923.6
76.5,takeoff_climb,91.1924360400445,2723.025583982202,39.913236929922135,4803.7,860.0,866.2,867.8,858.1,199.0,200.7,205.0,205.9,4.71,78.3,4.092,4811.2,857.5,865.5,868.5,858.5,199.7,201.2,204.7,205.7,4.71,78.0,4.127,-2.7,0.935,0,nominal,0,0.0,194.98,701923.5
76.6,takeoff_climb,91.18353726362625,2726.5850945494994,39.928809788654064,4813.0,855.5,862.0,869.8,856.2,199.6,201.0,204.6,206.4,4.68,77.6,4.176,4810.1,857.5,865.5,868.5,858.5,199.7,201.2,204.7,205.7,4.7,78.0,4.125,-2.7,0.935,0,nominal,0,0.0,194.98,701923.4
76.7,takeoff_climb,91.17463848720801,2730.1446051167964,39.944382647385986,4815.9,856.1,866.6,867.1,857.4,199.4,200.9,204.0,204.2,4.71,77.8,4.139,4809.0,857.5,865.5,868.5,858.5,199.7,201.2,204.7,205.7,4.7,78.0,4.124,-2.7,0.935,0,nominal,0,0.0,194.98,701923.3
76.8,takeoff_climb,91.16573971078977,2733.7041156840933,39.95995550611791,4808.3,857.6,864.7,869.1,859.0,198.1,201.8,204.2,205.9,4.73,77.8,4.096,4807.9,857.5,865.5,868.5,858.5,199.7,201.2,204.7,205.7,4.7,78.0,4.122,-2.8,0.934,0,nominal,0,0.0,194.98,701923.2
76.9,takeoff_climb,91.15684093437153,2737.26362625139,39.975528364849836,4811.7,857.8,866.5,866.9,857.3,199.6,201.0,204.9,206.3,4.7,77.9,4.078,4806.8,857.5,865.5,868.5,858.5,199.7,201.2,204.7,205.7,4.7,78.0,4.121,-2.8,0.934,0,nominal,0,0.0,194.98,701923.1
77.0,takeoff_climb,91.14794215795328,2740.823136818687,39.99110122358176,4810.1,858.1,866.6,869.4,859.4,200.1,200.6,204.3,207.5,4.69,78.3,4.15,4805.8,857.5,865.5,868.5,858.5,199.7,201.2,204.7,205.7,4.7,78.0,4.119,-2.8,0.934,0,nominal,0,0.0,194.98,701923.0
77.1,takeoff_climb,91.13904338153503,2744.3826473859845,40.00667408231368,4803.3,856.8,863.9,868.0,858.4,199.7,202.3,204.5,205.7,4.69,78.2,4.159,4804.7,857.5,865.5,868.5,858.5,199.7,201.2,204.7,205.7,4.7,78.0,4.118,-2.8,0.933,0,nominal,0,0.0,194.98,701922.9
77.2,takeoff_climb,91.1301446051168,2747.9421579532814,40.02224694104561,4806.8,856.9,864.8,866.4,857.7,198.6,201.9,204.7,206.1,4.73,78.2,4.056,4803.6,857.5,865.5,868.5,858.5,199.7,201.2,204.7,205.7,4.7,78.0,4.116,-2.9,0.933,0,nominal,0,0.0,194.98,701922.8
77.3,takeoff_climb,91.12124582869855,2751.5016685205783,40.03781979977753,4795.0,857.0,865.5,872.5,857.1,199.1,201.9,204.2,206.6,4.71,78.0,4.107,4802.5,857.5,865.5,868.5,858.5,199.7,201.2,204.7,205.7,4.7,78.0,4.115,-2.9,0.933,0,nominal,0,0.0,194.98,701922.7
77.4,takeoff_climb,91.11234705228031,2755.061179087875,40.05339265850945,4804.5,856.9,868.0,867.6,857.8,199.6,201.7,203.8,207.7,4.66,77.5,4.103,4801.4,857.4,865.4,868.4,858.4,199.7,201.2,204.7,205.7,4.7,78.0,4.113,-2.9,0.932,0,nominal,0,0.0,194.98,701922.6
77.5,takeoff_climb,91.10344827586206,2758.620689655172,40.06896551724138,4807.5,855.6,866.4,868.9,858.8,200.5,200.2,204.2,206.8,4.71,77.5,4.127,4800.3,857.4,865.4,868.4,858.4,199.7,201.2,204.7,205.7,4.7,78.0,4.112,-2.9,0.932,0,nominal,0,0.0,194.98,701922.5
77.6,takeoff_climb,91.09454949944383,2762.1802002224695,40.0845383759733,4803.0,859.5,867.2,868.3,859.8,199.9,200.9,204.5,206.4,4.71,77.6,4.073,4799.2,857.4,865.4,868.4,858.4,199.7,201.2,204.7,205.7,4.7,78.0,4.11,-3.0,0.932,0,nominal,0,0.0,194.98,701922.4
77.7,takeoff_climb,91.08565072302558,2765.7397107897664,40.100111234705224,4800.5,856.1,864.6,867.5,856.1,200.6,201.9,203.7,205.8,4.7,78.4,4.07,4798.1,857.4,865.4,868.4,858.4,199.7,201.2,204.7,205.7,4.7,78.0,4.109,-3.0,0.931,0,nominal,0,0.0,194.98,701922.3
77.8,takeoff_climb,91.07675194660735,2769.2992213570633,40.11568409343715,4797.5,854.5,865.7,868.3,856.7,199.7,200.4,204.0,205.8,4.67,78.6,4.07,4797.0,857.4,865.4,868.4,858.4,199.7,201.2,204.7,205.7,4.7,78.0,4.107,-3.0,0.931,0,nominal,0,0.0,194.98,701922.2
77.9,takeoff_climb,91.0678531701891,2772.85873192436,40.131256952169075,4803.6,856.4,866.6,868.5,855.7,199.4,201.2,204.5,205.8,4.71,77.6,4.086,4795.9,857.4,865.4,868.4,858.4,199.7,201.2,204.7,205.7,4.7,78.0,4.105,-3.0,0.931,0,nominal,0,0.0,194.98,701922.1
78.0,takeoff_climb,91.05895439377086,2776.418242491657,40.146829810901,4799.1,857.1,865.9,871.4,860.3,199.6,201.5,204.2,206.1,4.68,77.7,4.062,4794.8,857.4,865.4,868.4,858.4,199.7,201.2,204.7,205.7,4.7,78.0,4.104,-3.0,0.93,0,nominal,0,0.0,194.98,701922.0
78.1,takeoff_climb,91.05005561735261,2779.977753058954,40.162402669632925,4792.5,857.7,864.2,867.3,858.4,201.0,202.2,203.8,206.8,4.71,78.1,4.094,4793.8,857.4,865.4,868.4,858.4,199.7,201.2,204.7,205.7,4.7,78.0,4.102,-3.1,0.93,0,nominal,0,0.0,194.98,701921.9
78.2,takeoff_climb,91.04115684093438,2783.5372636262514,40.17797552836485,4788.8,858.2,864.4,866.7,855.6,198.9,200.5,203.9,205.0,4.7,77.9,4.081,4792.7,857.4,865.4,868.4,858.4,199.7,201.2,204.7,205.7,4.7,78.0,4.101,-3.1,0.93,0,nominal,0,0.0,194.98,701921.8
78.3,takeoff_climb,91.03225806451613,2787.0967741935483,40.193548387096776,4787.7,856.1,866.3,870.0,860.3,198.9,202.4,205.9,205.5,4.66,78.5,4.059,4791.6,857.4,865.4,868.4,858.4,199.7,201.2,204.7,205.7,4.7,78.0,4.099,-3.1,0.929,0,nominal,0,0.0,194.98,701921.7
78.4,takeoff_climb,91.0233592880979,2790.656284760845,40.2091212458287,4787.0,858.6,861.8,868.2,857.7,198.8,200.5,204.1,206.1,4.68,77.9,4.133,4790.5,857.4,865.4,868.4,858.4,199.7,201.2,204.7,205.7,4.7,78.0,4.098,-3.1,0.929,0,nominal,0,0.0,194.98,701921.6
78.5,takeoff_climb,91.01446051167964,2794.215795328142,40.224694104560626,4800.4,859.5,865.1,867.3,856.5,200.7,201.9,205.4,206.1,4.73,78.3,4.11,4789.4,857.4,865.4,868.4,858.4,199.7,201.2,204.7,205.7,4.7,78.0,4.096,-3.2,0.929,0,nominal,0,0.0,194.98,701921.5
78.6,takeoff_climb,91.0055617352614,2797.775305895439,40.24026696329255,4788.5,859.7,863.9,866.7,858.7,200.2,201.4,205.1,205.9,4.72,77.6,4.062,4788.3,857.4,865.4,868.4,858.4,199.7,201.2,204.7,205.7,4.7,78.0,4.095,-3.2,0.928,0,nominal,0,0.0,194.98,701921.4
78.7,takeoff_climb,90.99666295884316,2801.3348164627364,40.25583982202447,4793.8,854.9,867.8,866.6,857.8,198.8,200.5,204.8,205.1,4.75,78.0,4.104,4787.2,857.4,865.4,868.4,858.4,199.7,201.2,204.7,205.7,4.7,78.0,4.093,-3.2,0.928,0,nominal,0,0.0,194.98,701921.3
78.8,takeoff_climb,90.98776418242491,2804.8943270300333,40.2714126807564,4782.6,857.7,866.6,867.2,858.8,200.4,200.8,204.9,205.0,4.68,77.8,4.096,4786.1,857.4,865.4,868.4,858.4,199.7,201.2,204.7,205.7,4.7,78.0,4.092,-3.2,0.928,0,nominal,0,0.0,194.98,701921.2
78.9,takeoff_climb,90.97886540600668,2808.45383759733,40.28698553948832,4780.9,858.0,865.1,867.3,857.1,200.2,200.7,204.3,206.4,4.71,78.8,4.142,4785.0,857.3,865.3,868.3,858.3,199.7,201.2,204.7,205.7,4.7,78.0,4.09,-3.3,0.927,0,nominal,0,0.0,194.98,701921.1
79.0,takeoff_climb,90.96996662958843,2812.013348164627,40.30255839822024,4776.6,858.6,862.3,870.6,857.0,199.4,200.6,205.8,205.8,4.68,78.6,4.092,4784.0,857.3,865.3,868.3,858.3,199.7,201.2,204.7,205.7,4.7,78.0,4.089,-3.3,0.927,0,nominal,0,0.0,194.98,701921.0
79.1,takeoff_climb,90.96106785317019,2815.572858731924,40.31813125695217,4783.0,854.5,866.4,868.8,857.1,200.2,200.8,204.4,205.7,4.72,78.2,4.118,4782.9,857.3,865.3,868.3,858.3,199.7,201.2,204.7,205.7,4.7,78.0,4.087,-3.3,0.927,0,nominal,0,0.0,194.98,701920.9
79.2,takeoff_climb,90.95216907675194,2819.132369299221,40.33370411568409,4780.6,858.4,867.1,865.8,857.3,199.5,201.0,204.0,205.5,4.67,78.4,4.059,4781.8,857.3,865.3,868.3,858.3,199.7,201.2,204.7,205.7,4.7,78.0,4.086,-3.3,0.926,0,nominal,0,0.0,194.98,701920.8
79.3,takeoff_climb,90.94327030033371,2822.6918798665183,40.349276974416014,4774.2,860.3,865.0,869.5,858.1,198.8,200.6,204.1,206.0,4.7,77.9,4.1,4780.7,857.3,865.3,868.3,858.3,199.7,201.2,204.7,205.7,4.7,78.0,4.084,-3.3,0.926,0,nominal,0,0.0,194.98,701920.7
79.4,takeoff_climb,90.93437152391546,2826.2513904338152,40.36484983314794,4774.0,855.3,864.3,866.7,858.3,200.6,200.7,205.4,204.9,4.74,78.1,4.118,4779.6,857.3,865.3,868.3,858.3,199.7,201.2,204.7,205.7,4.7,78.0,4.082,-3.4,0.926,0,nominal,0,0.0,194.98,701920.6
79.5,takeoff_climb,90.92547274749722,2829.810901001112,40.380422691879865,4784.9,857.6,865.8,865.9,860.3,198.3,200.8,205.5,205.5,4.68,77.7,4.095,4778.5,857.3,865.3,868.3,858.3,199.7,201.2,204.7,205.7,4.7,78.0,4.081,-3.4,0.925,0,nominal,0,0.0,194.98,701920.5
79.6,takeoff_climb,90.91657397107898,2833.370411568409,40.39599555061179,4772.4,858.8,863.8,868.5,857.5,200.5,201.3,204.3,205.3,4.7,78.0,4.075,4777.4,857.3,865.3,868.3,858.3,199.7,201.2,204.7,205.7,4.7,78.0,4.079,-3.4,0.925,0,nominal,0,0.0,194.98,701920.4
79.7,takeoff_climb,90.90767519466074,2836.929922135706,40.411568409343715,4781.3,858.8,863.9,869.9,859.8,199.8,201.6,204.8,204.9,4.7,77.8,4.051,4776.4,857.3,865.3,868.3,858.3,199.7,201.2,204.7,205.7,4.7,78.0,4.078,-3.4,0.924,0,nominal,0,0.0,194.98,701920.3
79.8,takeoff_climb,90.89877641824249,2840.4894327030033,40.42714126807564,4773.5,856.0,864.3,869.4,858.9,198.7,200.9,204.8,205.3,4.69,78.9,4.063,4775.3,857.3,865.3,868.3,858.3,199.7,201.2,204.7,205.7,4.7,78.0,4.076,-3.5,0.924,0,nominal,0,0.0,194.98,701920.2
79.9,takeoff_climb,90.88987764182426,2844.0489432703002,40.442714126807566,4774.4,857.1,864.8,870.1,860.9,200.1,201.3,204.1,205.6,4.74,77.2,4.063,4774.2,857.3,865.3,868.3,858.3,199.7,201.2,204.7,205.7,4.7,78.0,4.075,-3.5,0.924,0,nominal,0,0.0,194.98,701920.1
80.0,takeoff_climb,90.88097886540601,2847.608453837597,40.45828698553949,4768.3,856.3,865.1,867.5,858.1,199.4,200.7,204.8,206.1,4.69,78.2,4.051,4773.1,857.3,865.3,868.3,858.3,199.7,201.2,204.7,205.7,4.7,78.0,4.073,-3.5,0.923,0,nominal,0,0.0,194.98,701920.0
80.1,takeoff_climb,90.87208008898776,2851.167964404894,40.473859844271416,4775.0,858.7,864.7,867.9,858.1,200.8,200.2,204.4,205.2,4.72,79.0,4.057,4772.0,857.3,865.3,868.3,858.3,199.7,201.2,204.7,205.7,4.7,78.0,4.072,-3.5,0.923,0,nominal,0,0.0,194.98,701919.9
80.2,takeoff_climb,90.86318131256952,2854.727474972191,40.48943270300334,4774.7,859.7,866.3,870.9,858.6,198.7,201.4,204.3,205.5,4.69,77.5,4.103,4770.9,857.3,865.3,868.3,858.3,199.7,201.2,204.7,205.7,4.7,78.0,4.07,-3.6,0.923,0,nominal,0,0.0,194.98,701919.8
80.3,takeoff_climb,90.85428253615127,2858.2869855394883,40.50500556173526,4769.3,857.5,865.1,869.9,859.4,199.1,202.3,204.8,206.0,4.71,77.8,4.067,4769.9,857.3,865.3,868.3,858.3,199.7,201.2,204.7,205.7,4.7,78.0,4.069,-3.6,0.922,0,nominal,0,0.0,194.98,701919.7
80.4,takeoff_climb,90.84538375973304,2861.8464961067853,40.52057842046719,4772.8,856.7,864.4,866.8,859.6,200.1,201.1,205.4,205.1,4.71,78.7,4.098,4768.8,857.2,865.2,868.2,858.2,199.7,201.2,204.7,205.7,4.7,78.0,4.067,-3.6,0.922,0,nominal,0,0.0,194.98,701919.6
80.5,takeoff_climb,90.83648498331479,2865.406006674082,40.53615127919911,4766.8,859.7,865.0,867.3,858.7,200.5,200.4,204.0,205.7,4.69,78.0,4.076,4767.7,857.2,865.2,868.2,858.2,199.7,201.2,204.7,205.7,4.7,78.0,4.066,-3.6,0.922,0,nominal,0,0.0,194.98,701919.5
80.6,takeoff_climb,90.82758620689656,2868.965517241379,40.55172413793103,4767.4,855.9,865.7,869.0,858.5,200.2,201.6,204.7,204.9,4.69,78.3,4.082,4766.6,857.2,865.2,868.2,858.2,199.7,201.2,204.7,205.7,4.7,78.0,4.064,-3.6,0.921,0,nominal,0,0.0,194.98,701919.4
80.7,takeoff_climb,90.8186874304783,2872.525027808676,40.56729699666296,4757.4,856.7,867.8,867.5,857.1,200.2,199.6,205.2,205.5,4.73,77.7,4.014,4765.5,857.2,865.2,868.2,858.2,199.7,201.2,204.6,205.6,4.7,78.0,4.063,-3.7,0.921,0,nominal,0,0.0,194.98,701919.3
80.8,takeoff_climb,90.80978865406007,2876.0845383759734,40.58286985539488,4764.4,855.4,862.8,867.7,857.8,199.1,201.2,204.3,204.8,4.69,77.8,4.061,4764.4,857.2,865.2,868.2,858.2,199.6,201.1,204.6,205.6,4.7,78.0,4.061,-3.7,0.921,0,nominal,0,0.0,194.98,701919.2
80.9,takeoff_climb,90.80088987764182,2879.6440489432703,40.598442714126804,4762.6,859.4,867.9,867.1,859.0,199.5,200.7,205.1,205.0,4.74,78.1,4.068,4763.4,857.2,865.2,868.2,858.2,199.6,201.1,204.6,205.6,4.7,78.0,4.06,-3.7,0.92,0,nominal,0,0.0,194.98,701919.1
81.0,takeoff_climb,90.79199110122359,2883.203559510567,40.61401557285873,4762.2,857.4,864.3,867.7,858.3,199.8,201.6,204.8,206.5,4.7,78.0,4.096,4762.3,857.2,865.2,868.2,858.2,199.6,201.1,204.6,205.6,4.7,78.0,4.058,-3.7,0.92,0,nominal,0,0.0,194.98,701919.0
81.1,takeoff_climb,90.78309232480534,2886.763070077864,40.629588431590655,4766.1,856.6,866.5,864.5,857.0,199.3,201.1,205.1,205.8,4.69,78.3,4.052,4761.2,857.2,865.2,868.2,858.2,199.6,201.1,204.6,205.6,4.7,78.0,4.057,-3.8,0.92,0,nominal,0,0.0,194.98,701918.9
81.2,takeoff_climb,90.7741935483871,2890.322580645161,40.64516129032258,4766.0,856.6,867.5,866.0,854.6,200.0,201.7,204.5,206.5,4.67,77.8,4.043,4760.1,857.2,865.2,868.2,858.2,199.6,201.1,204.6,205.6,4.7,78.0,4.055,-3.8,0.919,0,nominal,0,0.0,194.98,701918.8
81.3,takeoff_climb,90.76529477196885,2893.882091212458,40.660734149054505,4755.3,856.2,865.6,867.8,858.3,199.1,201.2,205.0,205.6,4.72,77.9,4.068,4759.0,857.2,865.2,868.2,858.2,199.6,201.1,204.6,205.6,4.7,78.0,4.054,-3.8,0.919,0,nominal,0,0.0,194.98,701918.7
81.4,takeoff_climb,90.7563959955506,2897.4416017797553,40.67630700778643,4753.6,857.9,865.6,869.4,860.6,198.8,202.4,204.6,206.6,4.67,77.5,4.033,4758.0,857.2,865.2,868.2,858.2,199.6,201.1,204.6,205.6,4.7,78.0,4.052,-3.8,0.919,0,nominal,0,0.0,194.98,701918.6
81.5,takeoff_climb,90.74749721913237,2901.001112347052,40.691879866518356,4761.8,857.3,863.6,868.9,857.7,200.1,201.2,204.1,204.5,4.66,78.5,4.056,4756.9,857.2,865.2,868.2,858.2,199.6,201.1,204.6,205.6,4.69,78.0,4.051,-3.9,0.918,0,nominal,0,0.0,194.98,701918.5
81.6,takeoff_climb,90.73859844271412,2904.560622914349,40.70745272525028,4752.6,857.9,867.2,866.4,857.7,199.4,202.0,204.4,204.4,4.69,78.2,4.101,4755.8,857.2,865.2,868.2,858.2,199.6,201.1,204.6,205.6,4.69,78.0,4.049,-3.9,0.918,0,nominal,0,0.0,194.98,701918.4
81.7,takeoff_climb,90.72969966629589,2908.120133481646,40.723025583982206,4747.6,857.2,864.2,870.6,858.1,199.1,200.1,205.4,205.9,4.72,78.1,4.041,4754.7,857.2,865.2,868.2,858.2,199.6,201.1,204.6,205.6,4.69,78.0,4.048,-3.9,0.918,0,nominal,0,0.0,194.98,701918.3
81.8,takeoff_climb,90.72080088987764,2911.679644048943,40.73859844271413,4749.5,857.8,866.4,870.6,859.7,200.2,201.0,203.6,206.4,4.69,78.2,4.074,4753.6,857.2,865.2,868.2,858.2,199.6,201.1,204.6,205.6,4.69,78.0,4.046,-3.9,0.917,0,nominal,0,0.0,194.98,701918.2
81.9,takeoff_climb,90.7119021134594,2915.2391546162403,40.75417130144605,4762.1,857.9,864.1,867.8,857.4,199.8,200.9,204.9,206.2,4.69,78.1,4.026,4752.6,857.1,865.1,868.1,858.1,199.6,201.1,204.6,205.6,4.69,78.0,4.044,-3.9,0.917,0,nominal,0,0.0,194.98,701918.1
82.0,takeoff_climb,90.70300333704115,2918.798665183537,40.76974416017798,4745.9,860.6,865.1,868.9,856.8,200.1,201.3,205.2,205.1,4.71,78.0,4.118,4751.5,857.1,865.1,868.1,858.1,199.6,201.1,204.6,205.6,4.69,78.0,4.043,-4.0,0.917,0,nominal,0,0.0,194.98,701918.0
82.1,takeoff_climb,90.69410456062292,2922.358175750834,40.7853170189099,4746.1,855.3,864.4,867.8,859.2,200.9,200.7,205.9,204.9,4.69,79.0,4.046,4750.4,857.1,865.1,868.1,858.1,199.6,201.1,204.6,205.6,4.69,78.0,4.041,-4.0,0.916,0,nominal,0,0.0,194.98,701917.9
82.2,takeoff_climb,90.68520578420467,2925.917686318131,40.80088987764182,4755.3,857.3,865.5,868.9,859.3,199.8,200.6,204.3,206.2,4.72,78.2,4.037,4749.3,857.1,865.1,868.1,858.1,199.6,201.1,204.6,205.6,4.69,78.0,4.04,-4.0,0.916,0,nominal,0,0.0,194.98,701917.8
82.3,takeoff_climb,90.67630700778643,2929.477196885428,40.81646273637375,4739.1,859.0,864.6,867.6,856.8,199.1,201.7,203.8,205.6,4.67,78.5,4.058,4748.2,857.1,865.1,868.1,858.1,199.6,201.1,204.6,205.6,4.69,78.0,4.038,-4.0,0.916,0,nominal,0,0.0,194.98,701917.7
82.4,takeoff_climb,90.66740823136819,2933.036707452725,40.83203559510567,4746.0,857.2,862.8,868.4,857.7,199.8,201.4,205.2,205.6,4.68,78.6,4.021,4747.2,857.1,865.1,868.1,858.1,199.6,201.1,204.6,205.6,4.69,78.0,4.037,-4.1,0.915,0,nominal,0,0.0,194.98,701917.6
82.5,takeoff_climb,90.65850945494995,2936.596218020022,40.847608453837594,4742.5,856.1,867.2,868.3,858.9,198.5,200.6,204.2,205.7,4.69,77.5,3.976,4746.1,857.1,865.1,868.1,858.1,199.6,201.1,204.6,205.6,4.69,78.0,4.035,-4.1,0.915,0,nominal,0,0.0,194.98,701917.5
82.6,takeoff_climb,90.6496106785317,2940.155728587319,40.86318131256952,4742.8,856.5,864.1,866.9,858.7,199.2,200.1,204.1,205.2,4.74,78.3,4.037,4745.0,857.1,865.1,868.1,858.1,199.6,201.1,204.6,205.6,4.69,78.0,4.034,-4.1,0.915,0,nominal,0,0.0,194.98,701917.4
82.7,takeoff_climb,90.64071190211345,2943.715239154616,40.878754171301445,4730.4,857.8,863.2,869.0,859.8,199.4,200.5,204.8,206.1,4.68,78.6,4.024,4743.9,857.1,865.1,868.1,858.1,199.6,201.1,204.6,205.6,4.69,78.0,4.032,-4.1,0.914,0,nominal,0,0.0,194.98,701917.3
82.8,takeoff_climb,90.63181312569522,2947.274749721913,40.89432703003337,4740.1,855.4,863.8,868.1,856.6,199.1,202.0,205.3,206.9,4.66,77.6,4.036,4742.9,857.1,865.1,868.1,858.1,199.6,201.1,204.6,205.6,4.69,78.0,4.031,-4.2,0.914,0,nominal,0,0.0,194.98,701917.2
82.9,takeoff_climb,90.62291434927697,2950.83426028921,40.909899888765295,4737.9,857.3,865.4,870.6,859.8,201.1,200.1,204.5,205.7,4.71,78.1,4.048,4741.8,857.1,865.1,868.1,858.1,199.6,201.1,204.6,205.6,4.69,78.0,4.029,-4.2,0.914,0,nominal,0,0.0,194.98,701917.1
83.0,takeoff_climb,90.61401557285873,2954.393770856507,40.92547274749722,4739.1,857.5,863.7,867.3,857.4,200.1,200.3,205.2,205.5,4.71,78.0,4.017,4740.7,857.1,865.1,868.1,858.1,199.6,201.1,204.6,205.6,4.69,78.0,4.028,-4.2,0.913,0,nominal,0,0.0,194.98,701917.0
83.1,takeoff_climb,90.60511679644048,2957.953281423804,40.94104560622914,4734.2,856.1,865.1,869.0,858.7,199.9,200.9,204.3,206.3,4.7,77.2,3.987,4739.6,857.1,865.1,868.1,858.1,199.6,201.1,204.6,205.6,4.69,78.0,4.026,-4.2,0.913,0,nominal,0,0.0,194.98,701916.9
83.2,takeoff_climb,90.59621802002225,2961.512791991101,40.95661846496107,4740.5,857.6,866.0,867.5,858.0,199.7,201.9,204.0,206.1,4.72,77.6,4.055,4738.6,857.1,865.1,868.1,858.1,199.6,201.1,204.6,205.6,4.69,78.0,4.025,-4.2,0.913,0,nominal,0,0.0,194.98,701916.8
83.3,takeoff_climb,90.587319243604,2965.072302558398,40.97219132369299,4734.9,857.6,866.3,866.4,857.6,200.4,199.8,204.8,205.4,4.7,78.2,4.022,4737.5,857.1,865.1,868.1,858.1,199.6,201.1,204.6,205.6,4.69,78.0,4.023,-4.3,0.912,0,nominal,0,0.0,194.98,701916.7
83.4,takeoff_climb,90.57842046718577,2968.631813125695,40.98776418242492,4729.8,857.0,867.0,869.5,858.1,200.2,200.7,204.8,205.8,4.7,77.9,4.025,4736.4,857.0,865.0,868.0,858.0,199.6,201.1,204.6,205.6,4.69,78.0,4.022,-4.3,0.912,0,nominal,0,0.0,194.98,701916.6
83.5,takeoff_climb,90.56952169076752,2972.1913236929922,41.00333704115684,4743.8,857.4,864.1,868.9,857.6,198.8,201.4,204.8,205.7,4.7,78.4,4.018,4735.3,857.0,865.0,868.0,858.0,199.6,201.1,204.6,205.6,4.69,78.0,4.02,-4.3,0.912,0,nominal,0,0.0,194.98,701916.5
83.6,takeoff_climb,90.56062291434928,2975.750834260289,41.01890989988877,4736.6,856.9,864.1,868.1,859.9,199.6,200.4,204.6,204.0,4.72,78.4,4.034,4734.3,857.0,865.0,868.0,858.0,199.6,201.1,204.6,205.6,4.69,78.0,4.019,-4.3,0.911,0,nominal,0,0.0,194.98,701916.4
83.7,takeoff_climb,90.55172413793103,2979.310344827586,41.03448275862069,4733.8,858.6,864.2,868.0,857.3,200.2,200.1,204.1,205.2,4.7,78.1,4.054,4733.2,857.0,865.0,868.0,858.0,199.6,201.1,204.6,205.6,4.69,78.0,4.017,-4.4,0.911,0,nominal,0,0.0,194.98,701916.3
83.8,takeoff_climb,90.5428253615128,2982.869855394883,41.05005561735261,4731.1,855.9,864.0,868.2,858.1,200.3,201.7,204.3,204.7,4.66,77.4,4.005,4732.1,857.0,865.0,868.0,858.0,199.6,201.1,204.6,205.6,4.69,78.0,4.016,-4.4,0.911,0,nominal,0,0.0,194.98,701916.2
83.9,takeoff_climb,90.53392658509455,2986.42936596218,41.06562847608454,4731.3,857.1,865.6,869.5,857.3,199.4,200.9,204.2,204.7,4.7,78.5,3.914,4731.0,857.0,865.0,868.0,858.0,199.6,201.1,204.6,205.6,4.69,78.0,4.014,-4.4,0.91,0,nominal,0,0.0,194.98,701916.1
84.0,takeoff_climb,90.52502780867631,2989.9888765294772,41.08120133481646,4721.8,856.7,862.3,867.9,857.6,199.4,200.0,204.2,206.7,4.66,78.3,3.975,4730.0,857.0,865.0,868.0,858.0,199.6,201.1,204.6,205.6,4.69,78.0,4.013,-4.4,0.91,0,nominal,0,0.0,194.98,701916.0
84.1,takeoff_climb,90.51612903225806,2993.548387096774,41.096774193548384,4732.9,853.4,866.6,868.9,855.9,200.2,201.5,204.7,205.9,4.71,77.6,4.018,4728.9,857.0,865.0,868.0,858.0,199.6,201.1,204.6,205.6,4.69,78.0,4.011,-4.5,0.91,0,nominal,0,0.0,194.98,701915.9
84.2,takeoff_climb,90.50723025583983,2997.107897664071,41.11234705228031,4731.7,859.1,865.5,871.7,857.7,199.9,201.2,202.8,206.4,4.69,77.4,3.998,4727.8,857.0,865.0,868.0,858.0,199.6,201.1,204.6,205.6,4.69,78.0,4.01,-4.5,0.909,0,nominal,0,0.0,194.98,701915.8
84.3,takeoff_climb,90.49833147942158,3000.667408231368,41.127919911012235,4728.6,858.3,865.6,869.2,858.0,199.7,201.3,205.3,206.4,4.64,78.3,4.022,4726.7,857.0,865.0,868.0,858.0,199.6,201.1,204.6,205.6,4.69,78.0,4.008,-4.5,0.909,0,nominal,0,0.0,194.98,701915.7
84.4,takeoff_climb,90.48943270300333,3004.226918798665,41.14349276974416,4726.9,856.5,865.3,868.3,859.6,200.0,201.4,204.3,205.1,4.64,77.6,3.95,4725.7,857.0,865.0,868.0,858.0,199.6,201.1,204.6,205.6,4.69,78.0,4.007,-4.5,0.909,0,nominal,0,0.0,194.98,701915.6
84.5,takeoff_climb,90.4805339265851,3007.786429365962,41.159065628476085,4731.8,858.2,864.3,866.4,857.3,199.9,202.0,205.5,204.7,4.65,77.9,4.01,4724.6,857.0,865.0,868.0,858.0,199.6,201.1,204.6,205.6,4.69,78.0,4.005,-4.6,0.908,0,nominal,0,0.0,194.98,701915.5
84.6,takeoff_climb,90.47163515016685,3011.345939933259,41.17463848720801,4727.6,856.6,866.8,870.0,856.5,199.8,202.3,205.3,204.7,4.69,78.0,4.058,4723.5,857.0,865.0,868.0,858.0,199.6,201.1,204.6,205.6,4.69,78.0,4.004,-4.6,0.908,0,nominal,0,0.0,194.98,701915.4
84.7,takeoff_climb,90.46273637374861,3014.905450500556,41.19021134593993,4722.2,857.8,865.0,869.4,859.5,199.9,200.1,205.1,205.5,4.71,77.9,3.987,4722.5,857.0,865.0,868.0,858.0,199.6,201.1,204.6,205.6,4.69,78.0,4.002,-4.6,0.908,0,nominal,0,0.0,194.98,701915.3
84.8,takeoff_climb,90.45383759733036,3018.464961067853,41.20578420467186,4720.4,857.1,862.9,868.7,860.5,198.7,200.3,203.8,205.5,4.67,78.0,4.0,4721.4,857.0,865.0,868.0,858.0,199.6,201.1,204.6,205.6,4.69,78.0,4.001,-4.6,0.907,0,nominal,0,0.0,194.98,701915.2
84.9,takeoff_climb,90.44493882091213,3022.02447163515,41.22135706340378,4719.4,856.8,863.2,867.9,857.6,199.5,199.8,204.5,205.8,4.7,77.8,4.021,4720.3,856.9,864.9,867.9,857.9,199.6,201.1,204.6,205.6,4.69,78.0,3.999,-4.6,0.907,0,nominal,0,0.0,194.98,701915.1
85.0,takeoff_climb,90.43604004449388,3025.583982202447,41.23692992213571,4718.1,855.8,866.4,868.3,858.5,199.8,201.2,204.4,205.9,4.71,78.2,4.014,4719.2,856.9,864.9,867.9,857.9,199.5,201.0,204.5,205.5,4.69,78.0,3.998,-4.7,0.907,0,nominal,0,0.0,194.98,701915.0
85.1,takeoff_climb,90.42714126807564,3029.143492769744,41.25250278086763,4715.3,856.1,863.9,870.2,857.1,199.2,202.0,204.7,205.4,4.72,78.3,3.985,4718.2,856.9,864.9,867.9,857.9,199.5,201.0,204.5,205.5,4.69,78.0,3.996,-4.7,0.906,0,nominal,0,0.0,194.98,701914.9
85.2,takeoff_climb,90.4182424916574,3032.703003337041,41.26807563959956,4717.7,853.2,865.6,867.9,857.1,200.1,201.7,205.1,204.8,4.67,78.2,3.974,4717.1,856.9,864.9,867.9,857.9,199.5,201.0,204.5,205.5,4.69,78.0,3.995,-4.7,0.906,0,nominal,0,0.0,194.98,701914.8
85.3,takeoff_climb,90.40934371523916,3036.262513904338,41.28364849833148,4708.7,856.8,867.2,867.6,861.8,199.3,199.6,204.0,205.5,4.68,78.3,4.029,4716.0,856.9,864.9,867.9,857.9,199.5,201.0,204.5,205.5,4.69,78.0,3.993,-4.7,0.906,0,nominal,0,0.0,194.98,701914.7
85.4,takeoff_climb,90.40044493882091,3039.822024471635,41.2992213570634,4716.4,856.1,864.8,867.3,857.1,199.4,199.5,204.0,204.9,4.67,78.6,3.945,4715.0,856.9,864.9,867.9,857.9,199.5,201.0,204.5,205.5,4.69,78.0,3.992,-4.8,0.905,0,nominal,0,0.0,194.98,701914.6
85.5,takeoff_climb,90.39154616240268,3043.381535038932,41.31479421579533,4715.6,854.9,865.8,870.3,856.5,199.6,200.1,204.3,205.1,4.66,78.0,4.017,4713.9,856.9,864.9,867.9,857.9,199.5,201.0,204.5,205.5,4.69,78.0,3.99,-4.8,0.905,0,nominal,0,0.0,194.98,701914.5
85.6,takeoff_climb,90.38264738598443,3046.9410456062287,41.33036707452725,4717.5,857.2,865.5,868.3,858.4,198.8,200.5,204.5,206.0,4.7,78.2,3.975,4712.8,856.9,864.9,867.9,857.9,199.5,201.0,204.5,205.5,4.69,78.0,3.989,-4.8,0.905,0,nominal,0,0.0,194.98,701914.4
85.7,takeoff_climb,90.37374860956618,3050.500556173526,41.345939933259174,4708.2,856.3,863.7,868.2,856.7,200.8,201.0,206.0,205.6,4.65,78.6,3.996,4711.8,856.9,864.9,867.9,857.9,199.5,201.0,204.5,205.5,4.69,78.0,3.987,-4.8,0.904,0,nominal,0,0.0,194.98,701914.3
85.8,takeoff_climb,90.36484983314794,3054.060066740823,41.3615127919911,4704.8,858.2,863.2,867.7,856.1,199.9,201.4,204.5,206.1,4.65,77.4,3.948,4710.7,856.9,864.9,867.9,857.9,199.5,201.0,204.5,205.5,4.69,78.0,3.986,-4.9,0.904,0,nominal,0,0.0,194.98,701914.2
85.9,takeoff_climb,90.3559510567297,3057.61957730812,41.377085650723025,4711.5,859.1,867.4,868.0,858.2,198.4,201.0,205.3,204.4,4.67,77.9,4.023,4709.6,856.9,864.9,867.9,857.9,199.5,201.0,204.5,205.5,4.69,78.0,3.984,-4.9,0.904,0,nominal,0,0.0,194.98,701914.1
86.0,takeoff_climb,90.34705228031146,3061.179087875417,41.39265850945495,4719.9,857.5,865.2,868.1,857.2,199.9,201.5,204.3,205.6,4.66,77.6,4.005,4708.6,856.9,864.9,867.9,857.9,199.5,201.0,204.5,205.5,4.69,78.0,3.983,-4.9,0.903,0,nominal,0,0.0,194.98,701914.0
86.1,takeoff_climb,90.33815350389321,3064.7385984427137,41.408231368186875,4711.1,856.5,863.1,867.6,858.7,199.7,201.7,204.4,205.4,4.67,77.7,4.012,4707.5,856.9,864.9,867.9,857.9,199.5,201.0,204.5,205.5,4.69,78.0,3.981,-4.9,0.903,0,nominal,0,0.0,194.98,701913.9
86.2,takeoff_climb,90.32925472747498,3068.298109010011,41.4238042269188,4700.6,857.9,864.7,866.3,856.5,199.9,200.6,204.7,206.2,4.69,77.8,3.989,4706.4,856.9,864.9,867.9,857.9,199.5,201.0,204.5,205.5,4.69,78.0,3.98,-4.9,0.903,0,nominal,0,0.0,194.98,701913.8
86.3,takeoff_climb,90.32035595105673,3071.857619577308,41.43937708565072,4714.0,857.3,867.7,867.3,859.4,200.0,200.7,203.5,204.9,4.66,77.3,3.988,4705.4,856.9,864.9,867.9,857.9,199.5,201.0,204.5,205.5,4.68,78.0,3.978,-5.0,0.902,0,nominal,0,0.0,194.98,701913.7
86.4,takeoff_climb,90.31145717463849,3075.417130144605,41.45494994438265,4708.8,855.3,865.5,867.1,859.3,199.6,201.5,205.3,205.2,4.67,78.1,4.013,4704.3,856.8,864.8,867.8,857.8,199.5,201.0,204.5,205.5,4.68,78.0,3.977,-5.0,0.902,0,nominal,0,0.0,194.98,701913.6
86.5,takeoff_climb,90.30255839822024,3078.976640711902,41.47052280311457,4707.1,857.4,865.2,868.5,857.4,200.1,200.9,204.6,205.6,4.72,78.6,4.013,4703.2,856.8,864.8,867.8,857.8,199.5,201.0,204.5,205.5,4.68,78.0,3.975,-5.0,0.902,0,nominal,0,0.0,194.98,701913.5
86.6,takeoff_climb,90.29365962180201,3082.5361512791987,41.4860956618465,4706.4,856.8,864.7,868.2,857.9,200.5,201.7,204.4,205.3,4.7,77.8,3.975,4702.2,856.8,864.8,867.8,857.8,199.5,201.0,204.5,205.5,4.68,78.0,3.974,-5.0,0.901,0,nominal,0,0.0,194.98,701913.4
86.7,takeoff_climb,90.28476084538376,3086.095661846496,41.50166852057842,4692.8,857.1,864.9,866.4,857.6,200.0,200.9,203.7,204.6,4.68,77.6,3.951,4701.1,856.8,864.8,867.8,857.8,199.5,201.0,204.5,205.5,4.68,78.0,3.973,-5.1,0.901,0,nominal,0,0.0,194.98,701913.3
86.8,takeoff_climb,90.27586206896552,3089.655172413793,41.51724137931035,4694.3,855.8,866.1,866.4,856.8,200.7,201.0,204.3,205.7,4.66,77.7,3.963,4700.0,856.8,864.8,867.8,857.8,199.5,201.0,204.5,205.5,4.68,78.0,3.971,-5.1,0.901,0,nominal,0,0.0,194.98,701913.2
86.9,takeoff_climb,90.26696329254727,3093.21468298109,41.53281423804227,4706.1,854.9,865.2,870.5,857.6,198.8,200.5,205.0,205.3,4.66,77.1,4.003,4699.0,856.8,864.8,867.8,857.8,199.5,201.0,204.5,205.5,4.68,78.0,3.97,-5.1,0.9,0,nominal,0,0.0,194.98,701913.1
87.0,takeoff_climb,90.25806451612902,3096.774193548387,41.54838709677419,4694.8,856.5,865.1,868.7,857.0,199.8,201.3,205.2,204.7,4.66,79.2,3.932,4697.9,856.8,864.8,867.8,857.8,199.5,201.0,204.5,205.5,4.68,78.0,3.968,-5.1,0.9,0,nominal,0,0.0,194.98,701913.0
87.1,takeoff_climb,90.24916573971079,3100.3337041156838,41.56395995550612,4687.0,856.2,865.6,866.3,856.4,200.1,201.1,205.2,206.7,4.69,78.0,3.964,4696.8,856.8,864.8,867.8,857.8,199.5,201.0,204.5,205.5,4.68,78.0,3.967,-5.2,0.9,0,nominal,0,0.0,194.98,701912.9
87.2,takeoff_climb,90.24026696329254,3103.893214682981,41.57953281423804,4696.5,854.0,866.4,868.0,857.8,199.4,201.3,205.0,205.5,4.69,78.0,3.935,4695.8,856.8,864.8,867.8,857.8,199.5,201.0,204.5,205.5,4.68,78.0,3.965,-5.2,0.899,0,nominal,0,0.0,194.98,701912.8
87.3,takeoff_climb,90.2313681868743,3107.452725250278,41.595105672969964,4677.3,855.1,864.9,865.2,857.8,201.0,201.0,204.5,205.5,4.69,78.5,3.926,4694.7,856.8,864.8,867.8,857.8,199.5,201.0,204.5,205.5,4.68,78.0,3.964,-5.2,0.899,0,nominal,0,0.0,194.98,701912.7
87.4,takeoff_climb,90.22246941045606,3111.012235817575,41.61067853170189,4692.1,856.7,865.7,868.7,857.3,199.3,200.9,204.0,206.0,4.7,77.7,3.954,4693.6,856.8,864.8,867.8,857.8,199.5,201.0,204.5,205.5,4.68,78.0,3.962,-5.2,0.899,0,nominal,0,0.0,194.98,701912.6
87.5,takeoff_climb,90.21357063403782,3114.571746384872,41.626251390433815,4694.7,855.3,865.9,868.3,856.0,198.7,200.9,204.4,206.5,4.64,77.6,3.956,4692.6,856.8,864.8,867.8,857.8,199.5,201.0,204.5,205.5,4.68,78.0,3.961,-5.2,0.898,0,nominal,0,0.0,194.98,701912.5
87.6,takeoff_climb,90.20467185761957,3118.1312569521688,41.64182424916574,4701.5,857.4,863.1,869.1,857.8,198.8,200.2,204.2,206.7,4.62,78.0,3.941,4691.5,856.8,864.8,867.8,857.8,199.5,201.0,204.5,205.5,4.68,78.0,3.959,-5.3,0.898,0,nominal,0,0.0,194.98,701912.4
87.7,takeoff_climb,90.19577308120134,3121.6907675194657,41.657397107897665,4692.3,856.9,867.1,869.4,860.7,199.5,200.5,203.1,205.7,4.63,76.9,3.983,4690.4,856.8,864.8,867.8,857.8,199.5,201.0,204.5,205.5,4.68,78.0,3.958,-5.3,0.898,0,nominal,0,0.0,194.98,701912.3
87.8,takeoff_climb,90.18687430478309,3125.250278086763,41.67296996662959,4702.0,855.7,864.5,867.0,857.9,199.4,201.9,204.5,204.8,4.66,77.4,3.95,4689.4,856.7,864.7,867.7,857.7,199.5,201.0,204.5,205.5,4.68,78.0,3.956,-5.3,0.897,0,nominal,0,0.0,194.98,701912.2
87.9,takeoff_climb,90.17797552836485,3128.80978865406,41.68854282536151,4687.5,859.1,867.3,868.3,858.3,199.2,201.1,205.0,205.9,4.7,78.5,3.95,4688.3,856.7,864.7,867.7,857.7,199.5,201.0,204.5,205.5,4.68,78.0,3.955,-5.3,0.897,0,nominal,0,0.0,194.98,701912.1
88.0,takeoff_climb,90.1690767519466,3132.369299221357,41.70411568409344,4685.2,857.4,864.1,867.2,855.5,199.7,199.9,204.2,205.2,4.66,78.6,3.947,4687.3,856.7,864.7,867.7,857.7,199.5,201.0,204.5,205.5,4.68,78.0,3.953,-5.4,0.897,0,nominal,0,0.0,194.98,701912.0
88.1,takeoff_climb,90.16017797552837,3135.928809788654,41.71968854282536,4688.7,856.2,865.2,867.9,859.6,198.7,200.3,203.6,205.9,4.7,78.0,3.959,4686.2,856.7,864.7,867.7,857.7,199.5,201.0,204.5,205.5,4.68,78.0,3.952,-5.4,0.896,0,nominal,0,0.0,194.98,701911.9
88.2,takeoff_climb,90.15127919911012,3139.4883203559507,41.73526140155728,4680.6,856.3,864.3,868.3,857.5,199.5,200.5,205.4,206.2,4.7,78.4,3.984,4685.1,856.7,864.7,867.7,857.7,199.5,201.0,204.5,205.5,4.68,78.0,3.95,-5.4,0.896,0,nominal,0,0.0,194.98,701911.8
88.3,takeoff_climb,90.14238042269189,3143.047830923248,41.75083426028921,4690.3,858.7,864.3,867.6,857.6,200.0,201.2,205.2,206.8,4.71,78.6,3.938,4684.1,856.7,864.7,867.7,857.7,199.5,201.0,204.5,205.5,4.68,78.0,3.949,-5.4,0.896,0,nominal,0,0.0,194.98,701911.7
88.4,takeoff_climb,90.13348164627364,3146.607341490545,41.76640711902113,4689.2,856.5,863.6,868.0,857.6,198.3,201.7,204.1,205.6,4.71,77.5,3.926,4683.0,856.7,864.7,867.7,857.7,199.5,201.0,204.5,205.5,4.68,78.0,3.947,-5.5,0.895,0,nominal,0,0.0,194.98,701911.6
88.5,takeoff_climb,90.1245828698554,3150.166852057842,41.78197997775306,4688.2,853.8,866.1,869.1,858.5,199.6,201.7,204.8,205.5,4.7,77.7,3.913,4682.0,856.7,864.7,867.7,857.7,199.5,201.0,204.5,205.5,4.68,78.0,3.946,-5.5,0.895,0,nominal,0,0.0,194.98,701911.5
88.6,takeoff_climb,90.11568409343715,3153.726362625139,41.79755283648498,4690.8,854.2,864.9,865.8,858.1,198.4,201.0,204.5,204.9,4.68,78.1,3.955,4680.9,856.7,864.7,867.7,857.7,199.5,201.0,204.5,205.5,4.68,78.0,3.944,-5.5,0.895,0,nominal,0,0.0,194.98,701911.4
88.7,takeoff_climb,90.1067853170189,3157.2858731924357,41.81312569521691,4677.1,858.3,865.1,867.3,857.7,199.9,201.0,204.5,205.1,4.71,78.5,3.968,4679.8,856.7,864.7,867.7,857.7,199.5,201.0,204.5,205.5,4.68,78.0,3.943,-5.5,0.894,0,nominal,0,0.0,194.98,701911.3
88.8,takeoff_climb,90.09788654060067,3160.8453837597326,41.82869855394883,4682.9,856.6,862.2,870.0,856.1,200.6,201.7,204.5,205.1,4.65,78.3,3.923,4678.8,856.7,864.7,867.7,857.7,199.5,201.0,204.5,205.5,4.68,78.0,3.941,-5.5,0.894,0,nominal,0,0.0,194.98,701911.2
88.9,takeoff_climb,90.08898776418242,3164.40489432703,41.844271412680754,4682.0,854.4,865.6,867.7,856.9,199.9,200.3,205.5,206.7,4.63,77.6,3.952,4677.7,856.7,864.7,867.7,857.7,199.5,201.0,204.5,205.5,4.68,78.0,3.94,-5.6,0.894,0,nominal,0,0.0,194.98,701911.1
89.0,takeoff_climb,90.08008898776419,3167.964404894327,41.85984427141268,4678.4,857.5,862.3,866.6,856.1,200.3,201.8,204.9,205.6,4.68,77.9,3.889,4676.7,856.7,864.7,867.7,857.7,199.5,201.0,204.5,205.5,4.68,78.0,3.938,-5.6,0.894,0,nominal,0,0.0,194.98,701911.0
89.1,takeoff_climb,90.07119021134594,3171.523915461624,41.875417130144605,4672.3,858.9,864.6,870.0,857.2,198.2,200.7,205.0,205.8,4.69,77.6,3.951,4675.6,856.7,864.7,867.7,857.7,199.4,200.9,204.4,205.4,4.68,78.0,3.937,-5.6,0.893,0,nominal,0,0.0,194.98,701910.9
89.2,takeoff_climb,90.0622914349277,3175.0834260289207,41.89098998887653,4671.4,858.1,863.6,867.1,860.0,198.5,201.5,205.4,204.9,4.66,77.8,3.934,4674.5,856.7,864.7,867.7,857.7,199.4,200.9,204.4,205.4,4.68,78.0,3.936,-5.6,0.893,0,nominal,0,0.0,194.98,701910.8
89.3,takeoff_climb,90.05339265850945,3178.6429365962176,41.906562847608456,4673.9,852.5,863.1,868.1,857.1,199.5,200.5,204.2,205.8,4.67,77.7,3.942,4673.5,856.6,864.6,867.6,857.6,199.4,200.9,204.4,205.4,4.68,78.0,3.934,-5.7,0.893,0,nominal,0,0.0,194.98,701910.7
89.4,takeoff_climb,90.04449388209122,3182.202447163515,41.92213570634038,4675.7,857.2,866.4,867.6,860.0,200.6,200.9,204.0,205.6,4.68,77.9,3.969,4672.4,856.6,864.6,867.6,857.6,199.4,200.9,204.4,205.4,4.68,78.0,3.933,-5.7,0.892,0,nominal,0,0.0,194.98,701910.6
89.5,takeoff_climb,90.03559510567297,3185.761957730812,41.9377085650723,4671.7,856.9,863.2,868.6,859.4,198.9,201.4,204.9,205.9,4.68,78.6,3.929,4671.4,856.6,864.6,867.6,857.6,199.4,200.9,204.4,205.4,4.68,78.0,3.931,-5.7,0.892,0,nominal,0,0.0,194.98,701910.5
89.6,takeoff_climb,90.02669632925473,3189.321468298109,41.95328142380423,4676.9,855.0,863.7,868.0,857.7,198.5,201.7,203.3,206.0,4.69,77.9,3.894,4670.3,856.6,864.6,867.6,857.6,199.4,200.9,204.4,205.4,4.68,78.0,3.93,-5.7,0.892,0,nominal,0,0.0,194.98,701910.4
89.7,takeoff_climb,90.01779755283648,3192.8809788654057,41.96885428253615,4669.8,856.6,864.0,868.9,859.2,199.3,202.1,204.3,205.2,4.64,78.4,3.88,4669.2,856.6,864.6,867.6,857.6,199.4,200.9,204.4,205.4,4.68,78.0,3.928,-5.8,0.891,0,nominal,0,0.0,194.98,701910.3
89.8,takeoff_climb,90.00889877641825,3196.4404894327026,41.98442714126807,4669.8,858.9,863.2,867.4,859.0,199.5,201.6,203.9,205.0,4.66,78.1,3.942,4668.2,856.6,864.6,867.6,857.6,199.4,200.9,204.4,205.4,4.68,78.0,3.927,-5.8,0.891,0,nominal,0,0.0,194.98,701910.2
89.9,takeoff_climb,90.0,3200.0,42.0,4666.9,855.0,865.2,867.6,857.4,199.9,201.3,204.2,204.7,4.71,77.9,3.972,4667.1,856.6,864.6,867.6,857.6,199.4,200.9,204.4,205.4,4.68,78.0,3.925,-5.8,0.891,0,nominal,0,0.0,194.98,701910.1
90.0,mission_cruise,74.0,3200.0,43.0,4575.4,854.0,861.9,864.4,857.2,200.1,201.3,204.4,205.7,4.69,77.8,3.331,4578.2,855.1,863.1,866.1,856.1,199.4,200.9,204.4,205.4,4.67,78.0,3.33,-5.8,0.891,0,nominal,0,0.0,194.97,701910.0
90.1,mission_cruise,73.9988882712618,3200.0,43.0005558643691,4498.8,853.3,861.5,865.4,855.9,198.9,200.9,204.2,205.9,4.63,78.2,3.36,4505.5,853.6,861.6,864.6,854.6,199.3,200.8,204.3,205.3,4.66,78.0,3.33,-5.8,0.891,0,nominal,0,0.0,194.97,701909.9
90.2,mission_cruise,73.99777654252362,3200.0,43.00111172873819,4437.5,854.0,858.3,862.3,853.1,198.7,201.1,203.6,206.5,4.65,77.8,3.362,4446.0,852.3,860.3,863.3,853.3,199.2,200.7,204.2,205.2,4.66,78.0,3.329,-5.8,0.891,0,nominal,0,0.0,194.97,701909.8
90.3,mission_cruise,73.99666481378543,3200.0,43.001667593107285,4393.3,850.0,857.0,863.7,854.2,198.7,201.5,204.9,205.8,4.62,77.8,3.325,4397.2,851.0,859.0,862.0,852.0,199.2,200.7,204.2,205.2,4.65,78.0,3.329,-5.8,0.891,0,nominal,0,0.0,194.97,701909.7
90.4,mission_cruise,73.99555308504725,3200.0,43.002223457476376,4363.2,850.1,858.3,860.3,849.0,199.1,201.7,204.1,205.3,4.65,77.8,3.347,4357.4,849.8,857.8,860.8,850.8,199.1,200.6,204.1,205.1,4.64,78.0,3.329,-5.8,0.891,0,nominal,0,0.0,194.97,701909.6
90.5,mission_cruise,73.99444135630905,3200.0,43.00277932184547,4320.0,850.6,855.1,860.3,848.7,199.0,201.2,203.5,204.8,4.67,78.6,3.387,4324.8,848.6,856.6,859.6,849.6,199.0,200.5,204.0,205.0,4.63,78.0,3.329,-5.8,0.891,0,nominal,0,0.0,194.97,701909.5
90.6,mission_cruise,73.99332962757087,3200.0,43.003335186214564,4294.1,845.3,854.5,859.5,848.4,198.7,201.0,204.7,205.2,4.59,78.2,3.329,4298.1,847.6,855.6,858.6,848.6,199.0,200.5,204.0,205.0,4.62,78.0,3.329,-5.8,0.891,0,nominal,0,0.0,194.97,701909.4
90.7,mission_cruise,73.99221789883268,3200.0,43.00389105058366,4276.5,844.8,856.3,857.2,846.7,199.0,200.4,203.7,206.5,4.58,78.2,3.369,4276.2,846.5,854.5,857.5,847.5,198.9,200.4,203.9,204.9,4.61,78.0,3.329,-5.8,0.891,0,nominal,0,0.0,194.97,701909.3
90.8,mission_cruise,73.9911061700945,3200.0,43.00444691495275,4252.7,843.1,853.4,854.9,848.0,199.2,200.1,203.7,203.4,4.59,77.5,3.37,4258.3,845.6,853.6,856.6,846.6,198.9,200.4,203.9,204.9,4.6,78.0,3.329,-5.8,0.891,0,nominal,0,0.0,194.97,701909.2
90.9,mission_cruise,73.9899944413563,3200.0,43.00500277932185,4243.5,845.6,853.7,856.2,845.7,197.7,200.2,203.0,206.4,4.62,78.1,3.336,4243.7,844.7,852.7,855.7,845.7,198.8,200.3,203.8,204.8,4.6,78.0,3.329,-5.8,0.891,0,nominal,0,0.0,194.97,701909.1
91.0,mission_cruise,73.98888271261812,3200.0,43.00555864369094,4219.2,843.3,854.2,856.5,846.1,198.9,200.9,203.4,204.4,4.6,77.9,3.317,4231.7,843.8,851.8,854.8,844.8,198.7,200.2,203.7,204.7,4.59,77.9,3.329,-5.8,0.891,0,nominal,0,0.0,194.97,701909.0
91.1,mission_cruise,73.98777098387993,3200.0,43.00611450806004,4217.5,841.3,852.5,851.6,844.0,199.5,200.2,204.1,204.9,4.64,78.2,3.283,4221.9,843.0,851.0,854.0,844.0,198.7,200.2,203.7,204.7,4.59,77.9,3.329,-5.8,0.891,0,nominal,0,0.0,194.97,701908.9
91.2,mission_cruise,73.98665925514175,3200.0,43.00667037242913,4227.2,837.8,852.3,852.0,842.1,198.2,200.3,203.2,204.3,4.59,78.1,3.354,4213.9,842.2,850.2,853.2,843.2,198.6,200.1,203.6,204.6,4.58,77.9,3.329,-5.8,0.891,0,nominal,0,0.0,194.97,701908.8
91.3,mission_cruise,73.98554752640355,3200.0,43.007226236798225,4204.6,843.9,849.5,853.4,841.5,198.4,200.8,202.8,203.9,4.58,78.1,3.312,4207.3,841.5,849.5,852.5,842.5,198.6,200.1,203.6,204.6,4.58,77.9,3.329,-5.8,0.891,0,nominal,0,0.0,194.97,701908.7
91.4,mission_cruise,73.98443579766537,3200.0,43.007782101167315,4211.1,841.7,849.0,851.9,842.1,198.8,199.1,204.0,203.6,4.59,78.4,3.328,4201.9,840.8,848.8,851.8,841.8,198.5,200.0,203.5,204.5,4.58,77.9,3.329,-5.8,0.891,0,nominal,0,0.0,194.97,701908.6
91.5,mission_cruise,73.98332406892717,3200.0,43.00833796553641,4202.3,840.5,846.4,852.2,843.6,197.8,200.1,203.9,204.1,4.56,77.0,3.338,4197.5,840.1,848.1,851.1,841.1,198.5,200.0,203.5,204.5,4.57,77.9,3.329,-5.8,0.891,0,nominal,0,0.0,194.97,701908.5
91.6,mission_cruise,73.982212340189,3200.0,43.0088938299055,4189.7,838.9,848.3,847.5,838.7,199.8,200.2,203.1,203.9,4.53,77.5,3.302,4193.9,839.5,847.5,850.5,840.5,198.4,199.9,203.4,204.4,4.57,77.9,3.329,-5.8,0.891,0,nominal,0,0.0,194.97,701908.4
91.7,mission_cruise,73.9811006114508,3200.0,43.0094496942746,4188.2,839.7,849.1,848.7,841.4,197.6,199.2,203.6,205.1,4.55,78.2,3.318,4190.9,839.0,847.0,850.0,840.0,198.3,199.8,203.3,204.3,4.57,77.9,3.329,-5.8,0.891,0,nominal,0,0.0,194.97,701908.3
91.8,mission_cruise,73.97998888271262,3200.0,43.01000555864369,4193.8,839.4,847.1,848.5,840.0,197.2,200.0,203.3,205.2,4.57,78.2,3.361,4188.5,838.4,846.4,849.4,839.4,198.3,199.8,203.3,204.3,4.57,77.9,3.329,-5.8,0.891,0,nominal,0,0.0,194.97,701908.2
91.9,mission_cruise,73.97887715397442,3200.0,43.01056142301279,4190.0,838.0,846.1,848.9,837.5,197.7,198.8,202.9,204.1,4.55,77.5,3.306,4186.5,837.9,845.9,848.9,838.9,198.2,199.7,203.2,204.2,4.57,77.9,3.329,-5.8,0.891,0,nominal,0,0.0,194.97,701908.1
92.0,mission_cruise,73.97776542523624,3200.0,43.01111728738188,4194.3,837.9,846.7,847.0,838.9,198.2,201.3,202.8,203.7,4.58,78.2,3.36,4184.9,837.4,845.4,848.4,838.4,198.2,199.7,203.2,204.2,4.57,77.9,3.329,-5.8,0.891,0,nominal,0,0.0,194.97,701908.0
92.1,mission_cruise,73.97665369649805,3200.0,43.011673151750976,4180.9,836.6,843.3,847.4,836.6,197.2,199.7,204.3,204.7,4.55,77.9,3.277,4183.5,836.9,844.9,847.9,837.9,198.1,199.6,203.1,204.1,4.57,77.9,3.329,-5.8,0.891,0,nominal,0,0.0,194.97,701907.9
92.2,mission_cruise,73.97554196775987,3200.0,43.01222901612007,4174.5,839.2,845.4,848.0,838.1,197.8,200.1,203.0,204.3,4.57,77.6,3.289,4182.4,836.5,844.5,847.5,837.5,198.1,199.6,203.1,204.1,4.56,77.9,3.329,-5.8,0.891,0,nominal,0,0.0,194.97,701907.8
92.3,mission_cruise,73.97443023902167,3200.0,43.012784880489164,4174.4,836.4,843.8,848.6,839.0,197.9,200.3,204.2,203.6,4.58,77.5,3.347,4181.5,836.1,844.1,847.1,837.1,198.0,199.5,203.0,204.0,4.56,77.9,3.329,-5.8,0.891,0,nominal,0,0.0,194.97,701907.7
92.4,mission_cruise,73.97331851028349,3200.0,43.013340744858255,4184.7,834.5,842.5,847.8,839.2,198.1,197.8,202.9,203.9,4.62,78.3,3.362,4180.7,835.7,843.7,846.7,836.7,198.0,199.5,203.0,204.0,4.56,77.9,3.329,-5.8,0.891,0,nominal,0,0.0,194.97,701907.6
92.5,mission_cruise,73.9722067815453,3200.0,43.01389660922735,4176.2,836.2,842.7,848.2,835.4,199.1,199.3,203.4,203.0,4.52,78.3,3.32,4180.1,835.3,843.3,846.3,836.3,197.9,199.4,202.9,203.9,4.56,77.9,3.329,-5.8,0.891,0,nominal,0,0.0,194.97,701907.5
92.6,mission_cruise,73.97109505280712,3200.0,43.01445247359644,4182.4,837.9,843.2,845.1,837.1,197.5,199.5,202.7,204.0,4.59,77.6,3.384,4179.6,835.0,843.0,846.0,836.0,197.9,199.4,202.9,203.9,4.56,77.9,3.328,-5.8,0.891,0,nominal,0,0.0,194.97,701907.4
92.7,mission_cruise,73.96998332406892,3200.0,43.01500833796554,4178.0,833.8,841.3,843.6,835.4,197.7,199.6,202.1,204.5,4.58,77.3,3.382,4179.2,834.7,842.7,845.7,835.7,197.8,199.3,202.8,203.8,4.56,77.8,3.328,-5.8,0.891,0,nominal,0,0.0,194.97,701907.3
92.8,mission_cruise,73.96887159533074,3200.0,43.01556420233463,4183.5,834.0,842.9,847.9,834.5,197.5,199.8,203.0,202.5,4.57,77.3,3.309,4178.8,834.4,842.4,845.4,835.4,197.8,199.3,202.8,203.8,4.56,77.8,3.328,-5.8,0.891,0,nominal,0,0.0,194.97,701907.2
92.9,mission_cruise,73.96775986659254,3200.0,43.01612006670373,4177.6,834.2,840.6,845.2,834.2,198.2,199.7,203.5,203.1,4.53,78.8,3.326,4178.5,834.1,842.1,845.1,835.1,197.7,199.2,202.7,203.7,4.56,77.8,3.328,-5.8,0.891,0,nominal,0,0.0,194.97,701907.1
93.0,mission_cruise,73.96664813785436,3200.0,43.01667593107282,4184.9,835.2,841.3,847.0,838.1,197.7,198.8,202.0,203.5,4.61,78.4,3.331,4178.3,833.8,841.8,844.8,834.8,197.7,199.2,202.7,203.7,4.56,77.8,3.328,-5.8,0.891,0,nominal,0,0.0,194.97,701907.0
93.1,mission_cruise,73.96553640911617,3200.0,43.017231795441916,4176.2,830.6,842.2,843.9,832.8,195.9,199.1,203.5,202.8,4.61,76.6,3.319,4178.1,833.5,841.5,844.5,834.5,197.6,199.1,202.6,203.6,4.56,77.8,3.328,-5.8,0.891,0,nominal,0,0.0,194.97,701906.9
93.2,mission_cruise,73.96442468037799,3200.0,43.017787659811006,4172.7,834.3,839.6,843.1,836.1,197.4,198.1,203.0,202.6,4.54,77.3,3.376,4177.9,833.3,841.3,844.3,834.3,197.6,199.1,202.6,203.6,4.56,77.8,3.328,-5.8,0.891,0,nominal,0,0.0,194.97,701906.8
93.3,mission_cruise,73.9633129516398,3200.0,43.0183435241801,4178.4,831.7,841.4,842.9,833.2,197.9,199.0,203.0,204.1,4.56,77.6,3.374,4177.7,833.1,841.1,844.1,834.1,197.5,199.0,202.5,203.5,4.56,77.8,3.328,-5.8,0.891,0,nominal,0,0.0,194.97,701906.7
93.4,mission_cruise,73.96220122290161,3200.0,43.018899388549194,4179.3,835.2,839.7,843.7,833.1,197.6,199.3,202.9,203.3,4.59,77.9,3.277,4177.6,832.8,840.8,843.8,833.8,197.5,199.0,202.5,203.5,4.56,77.8,3.328,-5.8,0.891,0,nominal,0,0.0,194.97,701906.6
93.5,mission_cruise,73.96108949416342,3200.0,43.01945525291829,4176.6,832.4,842.0,844.7,834.4,196.1,198.0,203.3,203.4,4.62,78.1,3.321,4177.5,832.6,840.6,843.6,833.6,197.4,198.9,202.4,203.4,4.56,77.8,3.328,-5.8,0.891,0,nominal,0,0.0,194.97,701906.5
93.6,mission_cruise,73.95997776542524,3200.0,43.02001111728738,4173.4,834.1,840.1,842.7,832.5,197.9,199.9,203.1,203.3,4.61,77.5,3.346,4177.4,832.4,840.4,843.4,833.4,197.4,198.9,202.4,203.4,4.56,77.8,3.328,-5.8,0.891,0,nominal,0,0.0,194.97,701906.4
93.7,mission_cruise,73.95886603668704,3200.0,43.02056698165648,4174.7,832.1,841.2,843.8,832.1,198.3,200.0,203.1,203.4,4.55,77.9,3.321,4177.3,832.2,840.2,843.2,833.2,197.3,198.8,202.3,203.3,4.56,77.8,3.328,-5.8,0.891,0,nominal,0,0.0,194.97,701906.3
93.8,mission_cruise,73.95775430794886,3200.0,43.02112284602557,4170.0,834.3,841.2,843.2,834.1,199.0,198.7,202.4,203.4,4.56,78.3,3.295,4177.2,832.1,840.1,843.1,833.1,197.3,198.8,202.3,203.3,4.56,77.8,3.328,-5.8,0.891,0,nominal,0,0.0,194.97,701906.2
93.9,mission_cruise,73.95664257921067,3200.0,43.02167871039467,4176.2,831.0,841.9,842.8,835.8,197.5,199.7,201.9,203.1,4.58,77.6,3.368,4177.1,831.9,839.9,842.9,832.9,197.2,198.7,202.2,203.2,4.56,77.8,3.328,-5.8,0.891,0,nominal,0,0.0,194.97,701906.1
94.0,mission_cruise,73.95553085047248,3200.0,43.02223457476376,4183.2,831.8,840.1,842.0,831.0,198.0,198.9,202.2,203.3,4.58,77.9,3.354,4177.1,831.7,839.7,842.7,832.7,197.2,198.7,202.2,203.2,4.56,77.8,3.328,-5.8,0.891,0,nominal,0,0.0,194.97,701906.0
94.1,mission_cruise,73.95441912173429,3200.0,43.022790439132855,4175.9,832.7,840.8,842.4,832.9,196.1,198.6,202.4,203.4,4.56,78.1,3.253,4177.0,831.6,839.6,842.6,832.6,197.1,198.6,202.1,203.1,4.56,77.8,3.328,-5.8,0.891,0,nominal,0,0.0,194.97,701905.9
94.2,mission_cruise,73.95330739299611,3200.0,43.023346303501945,4166.4,831.6,840.3,842.1,833.6,197.6,198.7,201.1,202.8,4.55,77.9,3.3,4177.0,831.5,839.5,842.5,832.5,197.1,198.6,202.1,203.1,4.56,77.8,3.328,-5.8,0.891,0,nominal,0,0.0,194.97,701905.8
94.3,mission_cruise,73.95219566425791,3200.0,43.02390216787104,4173.1,829.8,838.2,844.2,830.7,197.5,199.8,200.8,202.7,4.52,77.9,3.296,4176.9,831.3,839.3,842.3,832.3,197.0,198.5,202.0,203.0,4.56,77.8,3.328,-5.8,0.891,0,nominal,0,0.0,194.97,701905.7
94.4,mission_cruise,73.95108393551973,3200.0,43.02445803224013,4169.5,833.0,839.3,841.8,832.9,197.0,199.5,201.9,201.9,4.58,77.6,3.308,4176.9,831.2,839.2,842.2,832.2,197.0,198.5,202.0,203.0,4.56,77.8,3.328,-5.8,0.891,0,nominal,0,0.0,194.97,701905.6
94.5,mission_cruise,73.94997220678154,3200.0,43.02501389660923,4179.1,832.2,839.3,842.5,830.5,196.7,197.6,201.1,202.5,4.58,77.8,3.326,4176.8,831.1,839.1,842.1,832.1,196.9,198.4,201.9,202.9,4.56,77.7,3.328,-5.8,0.891,0,nominal,0,0.0,194.97,701905.5
94.6,mission_cruise,73.94886047804336,3200.0,43.02556976097832,4178.0,830.9,839.2,842.7,831.1,196.8,197.7,201.4,202.4,4.59,77.7,3.36,4176.8,831.0,839.0,842.0,832.0,196.9,198.4,201.9,202.9,4.56,77.7,3.328,-5.8,0.891,0,nominal,0,0.0,194.97,701905.4
94.7,mission_cruise,73.94774874930516,3200.0,43.02612562534742,4191.6,830.8,838.2,841.7,832.3,196.9,197.0,201.9,202.4,4.57,77.4,3.36,4176.7,830.9,838.9,841.9,831.9,196.9,198.4,201.9,202.9,4.56,77.7,3.328,-5.8,0.891,0,nominal,0,0.0,194.97,701905.3
94.8,mission_cruise,73.94663702056698,3200.0,43.02668148971651,4180.7,832.0,838.3,841.3,831.9,196.9,198.7,202.7,203.0,4.55,77.6,3.381,4176.7,830.8,838.8,841.8,831.8,196.8,198.3,201.8,202.8,4.56,77.7,3.328,-5.8,0.891,0,nominal,0,0.0,194.97,701905.2
94.9,mission_cruise,73.94552529182879,3200.0,43.02723735408561,4178.4,830.1,840.1,842.3,831.6,196.2,197.0,201.4,203.2,4.56,77.5,3.327,4176.7,830.7,838.7,841.7,831.7,196.8,198.3,201.8,202.8,4.56,77.7,3.328,-5.8,0.891,0,nominal,0,0.0,194.97,701905.1
95.0,mission_cruise,73.9444135630906,3200.0,43.0277932184547,4181.9,829.1,837.5,841.1,829.5,195.9,198.4,201.1,202.1,4.55,77.5,3.322,4176.6,830.6,838.6,841.6,831.6,196.7,198.2,201.7,202.7,4.56,77.7,3.327,-5.8,0.891,0,nominal,0,0.0,194.97,701905.0
95.1,mission_cruise,73.94330183435241,3200.0,43.028349082823794,4180.1,830.8,839.2,842.5,830.7,196.2,198.9,201.3,202.6,4.56,78.0,3.278,4176.6,830.5,838.5,841.5,831.5,196.7,198.2,201.7,202.7,4.56,77.7,3.327,-5.8,0.891,0,nominal,0,0.0,194.97,701904.9
95.2,mission_cruise,73.94219010561423,3200.0,43.028904947192885,4171.6,828.9,838.2,838.8,830.3,195.7,198.0,200.9,201.2,4.55,78.1,3.319,4176.6,830.4,838.4,841.4,831.4,196.6,198.1,201.6,202.6,4.56,77.7,3.327,-5.8,0.891,0,nominal,0,0.0,194.97,701904.8
95.3,mission_cruise,73.94107837687604,3200.0,43.02946081156198,4183.2,830.7,838.9,841.8,831.2,196.1,198.1,201.7,202.0,4.58,78.2,3.402,4176.5,830.3,838.3,841.3,831.3,196.6,198.1,201.6,202.6,4.56,77.7,3.327,-5.8,0.891,0,nominal,0,0.0,194.97,701904.7
95.4,mission_cruise,73.93996664813785,3200.0,43.03001667593107,4173.5,829.5,836.8,842.1,833.2,195.6,197.4,201.3,202.5,4.54,77.5,3.283,4176.5,830.3,838.3,841.3,831.3,196.6,198.1,201.6,202.6,4.56,77.7,3.327,-5.8,0.891,0,nominal,0,0.0,194.97,701904.6
95.5,mission_cruise,73.93885491939966,3200.0,43.03057254030017,4167.6,828.5,838.5,841.7,833.0,196.9,197.6,201.4,202.0,4.58,77.4,3.326,4176.4,830.2,838.2,841.2,831.2,196.5,198.0,201.5,202.5,4.56,77.7,3.327,-5.8,0.891,0,nominal,0,0.0,194.97,701904.5
95.6,mission_cruise,73.93774319066148,3200.0,43.03112840466926,4177.1,830.4,837.7,844.2,830.1,196.6,197.8,202.3,202.9,4.61,78.1,3.301,4176.4,830.1,838.1,841.1,831.1,196.5,198.0,201.5,202.5,4.56,77.7,3.327,-5.8,0.891,0,nominal,0,0.0,194.97,701904.4
95.7,mission_cruise,73.93663146192328,3200.0,43.03168426903836,4171.1,830.3,839.1,842.0,829.1,196.4,197.5,201.9,202.6,4.53,78.1,3.339,4176.4,830.1,838.1,841.1,831.1,196.4,197.9,201.4,202.4,4.56,77.7,3.327,-5.8,0.891,0,nominal,0,0.0,194.97,701904.3
95.8,mission_cruise,73.9355197331851,3200.0,43.03224013340745,4184.5,829.0,836.9,840.8,830.8,197.2,198.1,203.4,203.2,4.53,77.3,3.326,4176.3,830.0,838.0,841.0,831.0,196.4,197.9,201.4,202.4,4.56,77.7,3.327,-5.8,0.891,0,nominal,0,0.0,194.97,701904.2
95.9,mission_cruise,73.93440800444691,3200.0,43.032795997776546,4171.5,826.8,836.8,842.7,831.1,196.3,197.0,201.9,202.4,4.6,77.3,3.361,4176.3,830.0,838.0,841.0,831.0,196.4,197.9,201.4,202.4,4.56,77.7,3.327,-5.8,0.891,0,nominal,0,0.0,194.97,701904.1
96.0,mission_cruise,73.93329627570873,3200.0,43.033351862145636,4176.0,828.7,837.5,840.9,830.6,195.9,197.6,201.3,202.1,4.55,77.4,3.325,4176.3,829.9,837.9,840.9,830.9,196.3,197.8,201.3,202.3,4.56,77.7,3.327,-5.8,0.891,0,nominal,0,0.0,194.97,701904.0
96.1,mission_cruise,73.93218454697053,3200.0,43.033907726514734,4174.1,828.9,840.9,840.2,830.8,197.9,198.4,201.1,201.5,4.58,77.6,3.328,4176.2,829.9,837.9,840.9,830.9,196.3,197.8,201.3,202.3,4.56,77.7,3.327,-5.8,0.891,0,nominal,0,0.0,194.97,701903.9
96.2,mission_cruise,73.93107281823235,3200.0,43.034463590883824,4176.2,827.4,837.3,840.4,828.4,196.0,198.0,201.2,201.2,4.55,77.7,3.317,4176.2,829.8,837.8,840.8,830.8,196.2,197.7,201.2,202.2,4.56,77.7,3.327,-5.8,0.891,0,nominal,0,0.0,194.97,701903.8
96.3,mission_cruise,73.92996108949416,3200.0,43.03501945525292,4175.6,829.0,837.0,838.9,831.5,196.6,197.5,201.4,201.1,4.55,78.1,3.325,4176.2,829.8,837.8,840.8,830.8,196.2,197.7,201.2,202.2,4.56,77.6,3.327,-5.8,0.891,0,nominal,0,0.0,194.97,701903.7
96.4,mission_cruise,73.92884936075598,3200.0,43.03557531962201,4175.9,827.9,836.3,840.1,829.5,196.3,197.9,200.5,201.9,4.54,78.3,3.329,4176.1,829.7,837.7,840.7,830.7,196.2,197.7,201.2,202.2,4.56,77.6,3.327,-5.8,0.891,0,nominal,0,0.0,194.97,701903.6
96.5,mission_cruise,73.92773763201778,3200.0,43.03613118399111,4178.7,829.0,837.5,839.6,832.3,196.5,197.5,201.3,201.7,4.58,78.1,3.313,4176.1,829.7,837.7,840.7,830.7,196.1,197.6,201.1,202.1,4.56,77.6,3.327,-5.8,0.891,0,nominal,0,0.0,194.97,701903.5
96.6,mission_cruise,73.9266259032796,3200.0,43.0366870483602,4176.4,831.2,836.6,839.4,829.5,196.9,198.0,200.4,202.7,4.56,77.5,3.356,4176.1,829.7,837.7,840.7,830.7,196.1,197.6,201.1,202.1,4.56,77.6,3.327,-5.8,0.891,0,nominal,0,0.0,194.97,701903.4
96.7,mission_cruise,73.9255141745414,3200.0,43.0372429127293,4169.3,829.1,840.7,841.7,828.1,195.8,198.4,200.4,201.9,4.53,77.6,3.31,4176.0,829.6,837.6,840.6,830.6,196.0,197.5,201.0,202.0,4.56,77.6,3.327,-5.8,0.891,0,nominal,0,0.0,194.97,701903.3
96.8,mission_cruise,73.92440244580322,3200.0,43.03779877709839,4171.1,830.3,838.1,840.7,831.4,195.6,197.6,201.4,203.9,4.56,77.5,3.314,4176.0,829.6,837.6,840.6,830.6,196.0,197.5,201.0,202.0,4.56,77.6,3.327,-5.8,0.891,0,nominal,0,0.0,194.97,701903.2
96.9,mission_cruise,73.92329071706503,3200.0,43.038354641467485,4178.0,829.9,838.0,842.8,830.0,197.1,196.9,201.7,202.4,4.55,77.6,3.355,4176.0,829.6,837.6,840.6,830.6,196.0,197.5,201.0,202.0,4.56,77.6,3.327,-5.8,0.891,0,nominal,0,0.0,194.97,701903.1
97.0,mission_cruise,73.92217898832685,3200.0,43.038910505836576,4177.8,831.7,837.5,841.5,830.0,194.7,198.6,200.6,202.5,4.6,77.6,3.329,4175.9,829.5,837.5,840.5,830.5,195.9,197.4,200.9,201.9,4.56,77.6,3.327,-5.8,0.891,0,nominal,0,0.0,194.97,701903.0
97.1,mission_cruise,73.92106725958865,3200.0,43.03946637020567,4173.1,830.3,838.6,839.7,829.5,196.1,197.4,200.9,202.2,4.58,77.1,3.326,4175.9,829.5,837.5,840.5,830.5,195.9,197.4,200.9,201.9,4.56,77.6,3.327,-5.8,0.891,0,nominal,0,0.0,194.97,701902.9
97.2,mission_cruise,73.91995553085047,3200.0,43.040022234574764,4168.6,828.8,837.4,840.8,830.0,196.1,196.8,201.1,202.1,4.56,77.4,3.336,4175.9,829.5,837.5,840.5,830.5,195.9,197.4,200.9,201.9,4.56,77.6,3.327,-5.8,0.891,0,nominal,0,0.0,194.97,701902.8
97.3,mission_cruise,73.91884380211228,3200.0,43.04057809894386,4184.6,829.6,836.2,842.0,830.8,197.0,198.0,200.7,201.5,4.52,77.3,3.349,4175.8,829.4,837.4,840.4,830.4,195.8,197.3,200.8,201.8,4.56,77.6,3.327,-5.8,0.891,0,nominal,0,0.0,194.97,701902.7
97.4,mission_cruise,73.9177320733741,3200.0,43.04113396331295,4175.5,831.4,837.4,840.9,831.4,196.8,196.0,200.4,201.9,4.57,77.6,3.297,4175.8,829.4,837.4,840.4,830.4,195.8,197.3,200.8,201.8,4.56,77.6,3.327,-5.8,0.891,0,nominal,0,0.0,194.97,701902.6
97.5,mission_cruise,73.9166203446359,3200.0,43.04168982768205,4188.8,826.6,834.4,841.3,829.0,196.6,196.5,200.8,203.4,4.55,77.4,3.379,4175.8,829.4,837.4,840.4,830.4,195.8,197.3,200.8,201.8,4.56,77.6,3.326,-5.8,0.891,0,nominal,0,0.0,194.97,701902.5
97.6,mission_cruise,73.91550861589772,3200.0,43.04224569205114,4179.1,829.8,836.5,839.8,833.9,195.1,197.1,200.4,200.2,4.57,77.8,3.334,4175.7,829.4,837.4,840.4,830.4,195.7,197.2,200.7,201.7,4.56,77.6,3.326,-5.8,0.891,0,nominal,0,0.0,194.97,701902.4
97.7,mission_cruise,73.91439688715953,3200.0,43.04280155642024,4173.2,827.3,835.2,838.5,827.6,195.7,197.0,200.9,201.8,4.58,77.5,3.31,4175.7,829.4,837.4,840.4,830.4,195.7,197.2,200.7,201.7,4.56,77.6,3.326,-5.8,0.891,0,nominal,0,0.0,194.97,701902.3
97.8,mission_cruise,73.91328515842135,3200.0,43.04335742078933,4176.8,826.0,836.3,841.4,829.7,195.6,196.7,200.4,201.6,4.56,77.3,3.346,4175.7,829.3,837.3,840.3,830.3,195.7,197.2,200.7,201.7,4.56,77.6,3.326,-5.8,0.891,0,nominal,0,0.0,194.97,701902.2
97.9,mission_cruise,73.91217342968315,3200.0,43.043913285158425,4178.0,830.5,837.2,839.5,830.9,195.7,197.2,200.9,201.5,4.52,77.9,3.365,4175.6,829.3,837.3,840.3,830.3,195.6,197.1,200.6,201.6,4.56,77.6,3.326,-5.8,0.891,0,nominal,0,0.0,194.97,701902.1
98.0,mission_cruise,73.91106170094497,3200.0,43.044469149527515,4184.4,828.0,838.1,842.0,831.9,196.0,197.2,200.4,202.5,4.51,76.9,3.341,4175.6,829.3,837.3,840.3,830.3,195.6,197.1,200.6,201.6,4.56,77.6,3.326,-5.8,0.891,0,nominal,0,0.0,194.97,701902.0
98.1,mission_cruise,73.90994997220677,3200.0,43.04502501389661,4175.4,829.4,837.8,839.8,828.3,195.3,196.7,199.8,201.5,4.57,77.7,3.255,4175.6,829.3,837.3,840.3,830.3,195.6,197.1,200.6,201.6,4.56,77.6,3.326,-5.8,0.891,0,nominal,0,0.0,194.97,701901.9
98.2,mission_cruise,73.9088382434686,3200.0,43.0455808782657,4179.9,830.8,837.2,842.3,832.5,196.2,197.8,199.8,200.6,4.61,77.7,3.298,4175.5,829.3,837.3,840.3,830.3,195.5,197.0,200.5,201.5,4.56,77.6,3.326,-5.8,0.891,0,nominal,0,0.0,194.97,701901.8
98.3,mission_cruise,73.9077265147304,3200.0,43.0461367426348,4173.1,830.8,836.2,840.8,831.2,194.8,196.8,199.9,200.9,4.54,77.0,3.339,4175.5,829.3,837.3,840.3,830.3,195.5,197.0,200.5,201.5,4.56,77.5,3.326,-5.8,0.891,0,nominal,0,0.0,194.97,701901.7
98.4,mission_cruise,73.90661478599222,3200.0,43.04669260700389,4169.1,829.8,836.2,839.8,831.8,195.2,196.3,200.2,201.2,4.59,77.9,3.267,4175.5,829.2,837.2,840.2,830.2,195.5,197.0,200.5,201.5,4.56,77.5,3.326,-5.8,0.891,0,nominal,0,0.0,194.97,701901.6
98.5,mission_cruise,73.90550305725402,3200.0,43.04724847137299,4170.7,827.4,837.1,840.7,830.5,194.0,196.8,200.5,201.6,4.57,77.5,3.326,4175.4,829.2,837.2,840.2,830.2,195.4,196.9,200.4,201.4,4.56,77.5,3.326,-5.8,0.891,0,nominal,0,0.0,194.97,701901.5
98.6,mission_cruise,73.90439132851584,3200.0,43.04780433574208,4178.8,831.0,836.5,842.9,829.3,196.2,197.2,200.3,201.5,4.54,77.8,3.311,4175.4,829.2,837.2,840.2,830.2,195.4,196.9,200.4,201.4,4.56,77.5,3.326,-5.8,0.891,0,nominal,0,0.0,194.97,701901.4
98.7,mission_cruise,73.90327959977765,3200.0,43.048360200111176,4176.6,828.7,837.0,841.9,828.6,195.9,197.2,200.8,201.6,4.57,77.8,3.317,4175.3,829.2,837.2,840.2,830.2,195.4,196.9,200.4,201.4,4.56,77.5,3.326,-5.8,0.891,0,nominal,0,0.0,194.97,701901.3
98.8,mission_cruise,73.90216787103947,3200.0,43.04891606448027,4181.1,830.5,838.5,841.2,828.7,194.7,197.6,200.2,202.1,4.58,77.0,3.324,4175.3,829.2,837.2,840.2,830.2,195.3,196.8,200.3,201.3,4.56,77.5,3.326,-5.8,0.891,0,nominal,0,0.0,194.97,701901.2
98.9,mission_cruise,73.90105614230127,3200.0,43.049471928849364,4179.7,828.5,837.3,837.6,829.6,197.4,197.0,199.9,201.3,4.51,78.6,3.342,4175.3,829.2,837.2,840.2,830.2,195.3,196.8,200.3,201.3,4.56,77.5,3.326,-5.8,0.891,0,nominal,0,0.0,194.97,701901.1
99.0,mission_cruise,73.89994441356309,3200.0,43.050027793218455,4181.4,829.2,836.6,838.4,832.6,195.2,195.8,200.1,199.8,4.58,78.0,3.34,4175.2,829.2,837.2,840.2,830.2,195.3,196.8,200.3,201.3,4.56,77.5,3.326,-5.8,0.891,0,nominal,0,0.0,194.97,701901.0
99.1,mission_cruise,73.8988326848249,3200.0,43.05058365758755,4176.1,829.7,836.0,839.2,830.2,195.1,196.8,199.7,202.2,4.57,77.6,3.327,4175.2,829.2,837.2,840.2,830.2,195.2,196.7,200.2,201.2,4.56,77.5,3.326,-5.8,0.891,0,nominal,0,0.0,194.97,701900.9
99.2,mission_cruise,73.89772095608672,3200.0,43.05113952195664,4176.4,826.5,835.9,839.3,828.4,193.9,197.0,200.0,202.8,4.54,76.8,3.29,4175.2,829.1,837.1,840.1,830.1,195.2,196.7,200.2,201.2,4.56,77.5,3.326,-5.8,0.891,0,nominal,0,0.0,194.97,701900.8
99.3,mission_cruise,73.89660922734852,3200.0,43.05169538632574,4177.2,828.6,838.3,839.9,828.6,195.5,195.6,200.2,201.1,4.58,77.2,3.315,4175.1,829.1,837.1,840.1,830.1,195.2,196.7,200.2,201.2,4.56,77.5,3.326,-5.8,0.891,0,nominal,0,0.0,194.97,701900.7
99.4,mission_cruise,73.89549749861034,3200.0,43.05225125069483,4182.3,830.4,840.8,841.5,833.4,194.3,195.2,201.4,201.2,4.55,77.9,3.326,4175.1,829.1,837.1,840.1,830.1,195.1,196.6,200.1,201.1,4.56,77.5,3.326,-5.8,0.891,0,nominal,0,0.0,194.97,701900.6
99.5,mission_cruise,73.89438576987214,3200.0,43.05280711506393,4175.8,827.6,836.7,841.1,828.8,195.4,196.8,200.1,199.7,4.58,78.2,3.365,4175.1,829.1,837.1,840.1,830.1,195.1,196.6,200.1,201.1,4.56,77.5,3.326,-5.8,0.891,0,nominal,0,0.0,194.97,701900.5
99.6,mission_cruise,73.89327404113396,3200.0,43.05336297943302,4166.2,825.5,838.5,838.8,829.0,195.2,196.8,200.4,201.4,4.54,77.5,3.325,4175.0,829.1,837.1,840.1,830.1,195.1,196.6,200.1,201.1,4.56,77.5,3.326,-5.8,0.891,0,nominal,0,0.0,194.97,701900.4
99.7,mission_cruise,73.89216231239577,3200.0,43.053918843802116,4164.6,832.2,836.3,839.3,830.7,194.6,197.1,200.0,201.0,4.54,77.1,3.29,4175.0,829.1,837.1,840.1,830.1,195.1,196.6,200.1,201.1,4.56,77.5,3.326,-5.8,0.891,0,nominal,0,0.0,194.97,701900.3
99.8,mission_cruise,73.89105058365759,3200.0,43.054474708171206,4171.5,830.8,838.2,839.1,830.7,194.8,196.9,200.0,200.8,4.53,77.0,3.343,4175.0,829.1,837.1,840.1,830.1,195.0,196.5,200.0,201.0,4.56,77.5,3.326,-5.8,0.891,0,nominal,0,0.0,194.97,701900.2
99.9,mission_cruise,73.8899388549194,3200.0,43.0550305725403,4176.2,827.3,839.7,841.7,831.1,194.4,197.7,200.4,201.2,4.6,78.0,3.298,4174.9,829.1,837.1,840.1,830.1,195.0,196.5,200.0,201.0,4.56,77.5,3.325,-5.8,0.891,0,nominal,0,0.0,194.97,701900.1
100.0,mission_cruise,73.88882712618121,3200.0,43.055586436909394,4177.4,829.6,838.1,837.0,830.4,195.4,197.5,199.8,200.4,4.56,77.6,3.351,4174.9,829.1,837.1,840.1,830.1,195.0,196.5,200.0,201.0,4.56,77.5,3.325,-5.8,0.891,0,nominal,0,0.0,194.97,701900.0
100.1,mission_cruise,73.88771539744302,3200.0,43.05614230127849,4181.3,828.9,839.6,839.7,828.2,194.8,196.6,199.4,200.9,4.55,76.7,3.34,4174.9,829.1,837.1,840.1,830.1,194.9,196.4,199.9,200.9,4.56,77.5,3.325,-5.8,0.891,0,nominal,0,0.0,194.97,701899.9
100.2,mission_cruise,73.88660366870484,3200.0,43.05669816564758,4178.8,828.2,837.1,842.0,829.8,194.5,196.5,199.7,201.5,4.57,77.9,3.355,4174.8,829.1,837.1,840.1,830.1,194.9,196.4,199.9,200.9,4.56,77.5,3.325,-5.8,0.891,0,nominal,0,0.0,194.97,701899.8
100.3,mission_cruise,73.88549193996664,3200.0,43.05725403001668,4174.3,828.9,836.9,840.4,831.0,193.7,197.2,200.3,200.9,4.56,78.2,3.336,4174.8,829.1,837.1,840.1,830.1,194.9,196.4,199.9,200.9,4.56,77.4,3.325,-5.8,0.891,0,nominal,0,0.0,194.97,701899.7
100.4,mission_cruise,73.88438021122846,3200.0,43.05780989438577,4176.3,827.9,837.8,839.8,830.0,195.2,195.5,200.5,200.9,4.57,78.2,3.335,4174.8,829.1,837.1,840.1,830.1,194.9,196.4,199.9,200.9,4.56,77.4,3.325,-5.8,0.891,0,nominal,0,0.0,194.97,701899.6
100.5,mission_cruise,73.88326848249027,3200.0,43.05836575875487,4172.1,829.8,836.8,840.7,829.0,195.1,196.6,199.1,200.6,4.57,77.9,3.345,4174.7,829.1,837.1,840.1,830.1,194.8,196.3,199.8,200.8,4.56,77.4,3.325,-5.8,0.891,0,nominal,0,0.0,194.97,701899.5
100.6,mission_cruise,73.88215675375208,3200.0,43.05892162312396,4175.0,829.6,836.8,840.6,830.2,195.6,196.1,200.5,201.2,4.59,78.0,3.333,4174.7,829.0,837.0,840.0,830.0,194.8,196.3,199.8,200.8,4.56,77.4,3.325,-5.8,0.891,0,nominal,0,0.0,194.97,701899.4
100.7,mission_cruise,73.88104502501389,3200.0,43.059477487493055,4172.5,827.4,838.0,840.0,828.6,193.2,196.7,201.1,200.2,4.52,78.1,3.311,4174.7,829.0,837.0,840.0,830.0,194.8,196.3,199.8,200.8,4.56,77.4,3.325,-5.8,0.891,0,nominal,0,0.0,194.97,701899.3
100.8,mission_cruise,73.87993329627571,3200.0,43.060033351862145,4169.1,830.6,835.9,839.4,831.6,194.4,196.3,199.4,201.5,4.56,76.7,3.353,4174.6,829.0,837.0,840.0,830.0,194.8,196.3,199.8,200.8,4.56,77.4,3.325,-5.8,0.891,0,nominal,0,0.0,194.97,701899.2
100.9,mission_cruise,73.87882156753751,3200.0,43.06058921623124,4175.4,828.8,839.0,838.3,830.0,194.4,196.7,199.6,200.2,4.54,76.6,3.27,4174.6,829.0,837.0,840.0,830.0,194.7,196.2,199.7,200.7,4.56,77.4,3.325,-5.8,0.891,0,nominal,0,0.0,194.97,701899.1
101.0,mission_cruise,73.87770983879933,3200.0,43.06114508060033,4167.7,829.8,839.2,839.7,829.4,195.2,196.5,199.6,200.4,4.57,77.6,3.337,4174.6,829.0,837.0,840.0,830.0,194.7,196.2,199.7,200.7,4.56,77.4,3.325,-5.8,0.891,0,nominal,0,0.0,194.97,701899.0
101.1,mission_cruise,73.87659811006114,3200.0,43.06170094496943,4184.1,830.2,838.8,839.1,831.3,193.3,196.4,199.3,201.9,4.55,77.5,3.339,4174.5,829.0,837.0,840.0,830.0,194.7,196.2,199.7,200.7,4.56,77.4,3.325,-5.8,0.891,0,nominal,0,0.0,194.97,701898.9
101.2,mission_cruise,73.87548638132296,3200.0,43.06225680933852,4171.6,827.7,837.5,840.3,830.3,194.7,195.9,199.4,199.7,4.58,77.0,3.317,4174.5,829.0,837.0,840.0,830.0,194.7,196.2,199.7,200.7,4.56,77.4,3.325,-5.8,0.891,0,nominal,0,0.0,194.97,701898.8
101.3,mission_cruise,73.87437465258476,3200.0,43.06281267370762,4175.5,830.1,837.1,838.7,829.8,193.9,195.5,200.6,200.2,4.58,77.3,3.318,4174.5,829.0,837.0,840.0,830.0,194.6,196.1,199.6,200.6,4.56,77.4,3.325,-5.8,0.891,0,nominal,0,0.0,194.97,701898.7
101.4,mission_cruise,73.87326292384658,3200.0,43.06336853807671,4167.2,828.0,835.1,839.5,832.1,193.6,195.2,199.6,200.6,4.59,77.1,3.3,4174.4,829.0,837.0,840.0,830.0,194.6,196.1,199.6,200.6,4.56,77.4,3.325,-5.8,0.891,0,nominal,0,0.0,194.97,701898.6
101.5,mission_cruise,73.87215119510839,3200.0,43.06392440244581,4172.0,827.1,834.1,840.2,832.5,194.7,196.1,199.2,200.2,4.55,77.7,3.312,4174.4,829.0,837.0,840.0,830.0,194.6,196.1,199.6,200.6,4.56,77.4,3.325,-5.8,0.891,0,nominal,0,0.0,194.97,701898.5
101.6,mission_cruise,73.8710394663702,3200.0,43.0644802668149,4173.4,828.7,835.9,842.1,829.5,194.6,195.6,198.6,200.2,4.56,77.4,3.3,4174.4,829.0,837.0,840.0,830.0,194.6,196.1,199.6,200.6,4.56,77.4,3.325,-5.8,0.891,0,nominal,0,0.0,194.97,701898.4
101.7,mission_cruise,73.86992773763201,3200.0,43.065036131183994,4169.6,828.3,837.1,839.7,831.9,194.2,195.4,198.3,200.3,4.52,76.2,3.315,4174.3,829.0,837.0,840.0,830.0,194.5,196.0,199.5,200.5,4.56,77.4,3.325,-5.8,0.891,0,nominal,0,0.0,194.97,701898.3
101.8,mission_cruise,73.86881600889383,3200.0,43.065591995553085,4170.0,831.7,837.1,841.6,829.8,194.4,197.0,199.2,200.2,4.57,77.8,3.351,4174.3,829.0,837.0,840.0,830.0,194.5,196.0,199.5,200.5,4.56,77.4,3.325,-5.8,0.891,0,nominal,0,0.0,194.97,701898.2
101.9,mission_cruise,73.86770428015564,3200.0,43.06614785992218,4169.3,828.3,836.1,838.3,827.7,195.7,196.3,198.8,201.3,4.61,77.8,3.343,4174.3,829.0,837.0,840.0,830.0,194.5,196.0,199.5,200.5,4.56,77.4,3.325,-5.8,0.891,0,nominal,0,0.0,194.97,701898.1
102.0,mission_cruise,73.86659255141745,3200.0,43.06670372429127,4159.0,829.2,837.2,838.7,830.0,194.6,195.7,199.1,200.5,4.56,77.9,3.327,4174.2,829.0,837.0,840.0,830.0,194.5,196.0,199.5,200.5,4.56,77.4,3.325,-5.8,0.891,0,nominal,0,0.0,194.97,701898.0
102.1,mission_cruise,73.86548082267926,3200.0,43.06725958866037,4169.5,830.5,835.0,840.4,831.5,195.4,195.7,199.4,200.7,4.56,77.5,3.298,4174.2,829.0,837.0,840.0,830.0,194.4,195.9,199.4,200.4,4.56,77.4,3.325,-5.8,0.891,0,nominal,0,0.0,194.97,701897.9
102.2,mission_cruise,73.86436909394108,3200.0,43.06781545302946,4174.4,829.6,835.4,843.1,831.2,194.0,195.4,200.5,200.4,4.59,77.8,3.308,4174.2,829.0,837.0,840.0,830.0,194.4,195.9,199.4,200.4,4.56,77.4,3.325,-5.8,0.891,0,nominal,0,0.0,194.97,701897.8
102.3,mission_cruise,73.86325736520288,3200.0,43.06837131739856,4165.8,827.6,838.1,840.2,827.8,194.0,195.3,199.8,199.5,4.56,77.5,3.312,4174.1,829.0,837.0,840.0,830.0,194.4,195.9,199.4,200.4,4.56,77.4,3.325,-5.8,0.891,0,nominal,0,0.0,194.97,701897.7
102.4,mission_cruise,73.8621456364647,3200.0,43.06892718176765,4169.4,829.6,835.8,841.0,830.6,194.0,195.7,199.3,199.9,4.58,77.6,3.289,4174.1,829.0,837.0,840.0,830.0,194.4,195.9,199.4,200.4,4.56,77.4,3.324,-5.8,0.891,0,nominal,0,0.0,194.97,701897.6
102.5,mission_cruise,73.86103390772651,3200.0,43.069483046136746,4182.8,827.0,835.8,838.7,828.9,194.4,196.2,201.0,200.3,4.56,77.0,3.308,4174.1,829.0,837.0,840.0,830.0,194.3,195.8,199.3,200.3,4.56,77.3,3.324,-5.8,0.891,0,nominal,0,0.0,194.97,701897.5
102.6,mission_cruise,73.85992217898833,3200.0,43.070038910505836,4163.6,828.4,837.2,837.9,832.1,194.2,196.1,198.8,200.7,4.57,77.4,3.357,4174.0,829.0,837.0,840.0,830.0,194.3,195.8,199.3,200.3,4.56,77.3,3.324,-5.8,0.891,0,nominal,0,0.0,194.97,701897.4
102.7,mission_cruise,73.85881045025013,3200.0,43.070594774874934,4175.2,828.2,839.4,840.1,831.3,193.8,196.5,199.6,200.3,4.54,78.2,3.296,4174.0,829.0,837.0,840.0,830.0,194.3,195.8,199.3,200.3,4.56,77.3,3.324,-5.8,0.891,0,nominal,0,0.0,194.97,701897.3
102.8,mission_cruise,73.85769872151195,3200.0,43.071150639244024,4181.4,830.9,834.0,835.8,829.0,195.2,194.9,198.5,200.2,4.54,77.4,3.297,4174.0,829.0,837.0,840.0,830.0,194.3,195.8,199.3,200.3,4.56,77.3,3.324,-5.8,0.891,0,nominal,0,0.0,194.97,701897.2
102.9,mission_cruise,73.85658699277376,3200.0,43.07170650361312,4176.5,829.0,838.1,838.5,829.6,194.0,196.5,198.6,199.4,4.59,76.6,3.306,4173.9,829.0,837.0,840.0,830.0,194.2,195.7,199.2,200.2,4.56,77.3,3.324,-5.8,0.891,0,nominal,0,0.0,194.97,701897.1
103.0,mission_cruise,73.85547526403558,3200.0,43.07226236798221,4175.7,829.7,838.2,841.0,829.8,194.2,195.9,199.8,199.4,4.59,77.5,3.288,4173.9,829.0,837.0,840.0,830.0,194.2,195.7,199.2,200.2,4.56,77.3,3.324,-5.8,0.891,0,nominal,0,0.0,194.97,701897.0
103.1,mission_cruise,73.85436353529738,3200.0,43.07281823235131,4177.7,830.4,837.6,839.3,827.8,194.6,195.5,199.4,200.3,4.59,77.3,3.293,4173.9,829.0,837.0,840.0,830.0,194.2,195.7,199.2,200.2,4.56,77.3,3.324,-5.8,0.891,0,nominal,0,0.0,194.97,701896.9
103.2,mission_cruise,73.8532518065592,3200.0,43.0733740967204,4166.0,831.4,838.2,841.8,830.6,194.0,195.9,199.3,200.5,4.53,76.5,3.336,4173.8,828.9,836.9,839.9,829.9,194.2,195.7,199.2,200.2,4.56,77.3,3.324,-5.8,0.891,0,nominal,0,0.0,194.97,701896.8
103.3,mission_cruise,73.852140077821,3200.0,43.0739299610895,4167.4,825.7,835.6,840.4,829.8,193.6,196.5,199.4,200.7,4.58,77.6,3.309,4173.8,828.9,836.9,839.9,829.9,194.2,195.7,199.2,200.2,4.56,77.3,3.324,-5.8,0.891,0,nominal,0,0.0,194.97,701896.7
103.4,mission_cruise,73.85102834908282,3200.0,43.07448582545859,4173.4,830.1,837.2,839.0,831.1,194.5,194.9,197.2,200.9,4.58,77.2,3.347,4173.7,828.9,836.9,839.9,829.9,194.1,195.6,199.1,200.1,4.56,77.3,3.324,-5.8,0.891,0,nominal,0,0.0,194.97,701896.6
103.5,mission_cruise,73.84991662034463,3200.0,43.075041689827685,4167.9,830.7,837.0,838.8,829.4,195.3,195.8,198.3,200.1,4.54,78.1,3.365,4173.7,828.9,836.9,839.9,829.9,194.1,195.6,199.1,200.1,4.56,77.3,3.324,-5.8,0.891,0,nominal,0,0.0,194.97,701896.5
103.6,mission_cruise,73.84880489160645,3200.0,43.075597554196776,4173.8,829.0,837.3,840.5,830.5,194.9,197.0,199.5,201.5,4.53,78.2,3.367,4173.7,828.9,836.9,839.9,829.9,194.1,195.6,199.1,200.1,4.56,77.3,3.324,-5.8,0.891,0,nominal,0,0.0,194.97,701896.4
103.7,mission_cruise,73.84769316286825,3200.0,43.07615341856587,4172.8,828.9,834.9,841.4,831.4,194.0,195.8,200.0,199.9,4.55,77.9,3.372,4173.6,828.9,836.9,839.9,829.9,194.1,195.6,199.1,200.1,4.56,77.3,3.324,-5.8,0.891,0,nominal,0,0.0,194.97,701896.3
103.8,mission_cruise,73.84658143413007,3200.0,43.076709282934964,4174.7,831.6,836.6,836.6,831.3,195.0,196.1,199.5,199.8,4.59,77.1,3.352,4173.6,828.9,836.9,839.9,829.9,194.1,195.6,199.1,200.1,4.56,77.3,3.324,-5.8,0.891,0,nominal,0,0.0,194.97,701896.2
103.9,mission_cruise,73.84546970539188,3200.0,43.07726514730406,4176.1,831.0,834.3,840.3,828.4,194.2,196.6,198.6,198.4,4.58,77.5,3.291,4173.6,828.9,836.9,839.9,829.9,194.0,195.5,199.0,200.0,4.56,77.3,3.324,-5.8,0.891,0,nominal,0,0.0,194.97,701896.1
104.0,mission_cruise,73.8443579766537,3200.0,43.07782101167315,4188.7,828.5,837.6,839.4,829.8,194.5,194.7,199.1,200.9,4.52,76.9,3.34,4173.5,828.9,836.9,839.9,829.9,194.0,195.5,199.0,200.0,4.56,77.3,3.324,-5.8,0.891,0,nominal,0,0.0,194.97,701896.0
104.1,mission_cruise,73.8432462479155,3200.0,43.07837687604225,4167.4,830.9,838.6,841.2,829.6,193.7,195.9,199.5,200.4,4.53,77.4,3.295,4173.5,828.9,836.9,839.9,829.9,194.0,195.5,199.0,200.0,4.56,77.3,3.324,-5.8,0.891,0,nominal,0,0.0,194.97,701895.9
104.2,mission_cruise,73.84213451917732,3200.0,43.07893274041134,4175.0,830.3,838.6,837.6,829.5,194.0,195.0,199.3,200.3,4.57,76.4,3.326,4173.5,828.9,836.9,839.9,829.9,194.0,195.5,199.0,200.0,4.56,77.3,3.324,-5.8,0.891,0,nominal,0,0.0,194.97,701895.8
104.3,mission_cruise,73.84102279043913,3200.0,43.07948860478044,4171.7,829.0,839.3,839.0,827.9,195.0,195.6,197.4,199.6,4.51,77.2,3.316,4173.4,828.9,836.9,839.9,829.9,194.0,195.4,198.9,199.9,4.56,77.3,3.324,-5.8,0.891,0,nominal,0,0.0,194.97,701895.7
104.4,mission_cruise,73.83991106170095,3200.0,43.08004446914953,4183.3,828.9,837.4,842.4,830.3,194.3,195.8,198.9,200.0,4.56,77.6,3.282,4173.4,828.9,836.9,839.9,829.9,193.9,195.4,198.9,199.9,4.56,77.3,3.324,-5.8,0.891,0,nominal,0,0.0,194.97,701895.6
104.5,mission_cruise,73.83879933296275,3200.0,43.080600333518625,4173.3,827.7,837.2,839.2,830.6,193.5,195.0,199.2,199.8,4.56,76.7,3.349,4173.4,828.9,836.9,839.9,829.9,193.9,195.4,198.9,199.9,4.56,77.3,3.324,-5.8,0.891,0,nominal,0,0.0,194.97,701895.5
104.6,mission_cruise,73.83768760422457,3200.0,43.081156197887715,4171.1,831.1,835.3,841.6,830.5,194.4,195.3,198.7,199.8,4.61,77.4,3.332,4173.3,828.9,836.9,839.9,829.9,193.9,195.4,198.9,199.9,4.56,77.3,3.324,-5.8,0.891,0,nominal,0,0.0,194.97,701895.4
104.7,mission_cruise,73.83657587548637,3200.0,43.08171206225681,4172.8,829.1,837.4,843.1,829.6,192.8,196.1,199.1,199.9,4.55,77.2,3.332,4173.3,828.9,836.9,839.9,829.9,193.9,195.4,198.9,199.9,4.56,77.3,3.324,-5.8,0.891,0,nominal,0,0.0,194.97,701895.3
104.8,mission_cruise,73.8354641467482,3200.0,43.0822679266259,4177.5,828.1,836.3,842.1,830.4,193.2,195.5,198.9,200.5,4.58,77.0,3.283,4173.3,828.9,836.9,839.9,829.9,193.9,195.4,198.9,199.9,4.56,77.2,3.323,-5.8,0.891,0,nominal,0,0.0,194.97,701895.2
104.9,mission_cruise,73.83435241801,3200.0,43.082823790995,4181.9,826.1,835.2,839.7,831.4,194.8,196.0,198.9,200.4,4.56,77.5,3.34,4173.2,828.9,836.9,839.9,829.9,193.8,195.3,198.8,199.8,4.56,77.2,3.323,-5.8,0.891,0,nominal,0,0.0,194.97,701895.1
105.0,mission_cruise,73.83324068927182,3200.0,43.08337965536409,4177.6,829.6,836.0,840.0,829.2,193.5,195.7,199.2,199.9,4.56,77.4,3.276,4173.2,828.9,836.9,839.9,829.9,193.8,195.3,198.8,199.8,4.56,77.2,3.323,-5.8,0.891,0,nominal,0,0.0,194.97,701895.0
105.1,mission_cruise,73.83212896053362,3200.0,43.08393551973319,4176.4,827.1,839.5,840.3,831.9,194.0,196.2,198.7,198.8,4.59,77.2,3.368,4173.2,828.9,836.9,839.9,829.9,193.8,195.3,198.8,199.8,4.56,77.2,3.323,-5.8,0.891,0,nominal,0,0.0,194.97,701894.9
105.2,mission_cruise,73.83101723179544,3200.0,43.08449138410228,4163.9,827.9,837.2,839.2,831.5,194.1,196.0,198.4,200.1,4.56,77.8,3.342,4173.1,828.9,836.9,839.9,829.9,193.8,195.3,198.8,199.8,4.56,77.2,3.323,-5.8,0.891,0,nominal,0,0.0,194.97,701894.8
105.3,mission_cruise,73.82990550305725,3200.0,43.085047248471376,4179.8,827.8,835.3,839.7,829.6,193.8,195.7,199.1,200.1,4.59,77.2,3.312,4173.1,828.9,836.9,839.9,829.9,193.8,195.3,198.8,199.8,4.56,77.2,3.323,-5.8,0.891,0,nominal,0,0.0,194.97,701894.7
105.4,mission_cruise,73.82879377431907,3200.0,43.08560311284047,4168.5,829.0,837.2,840.2,830.4,193.1,194.6,198.3,199.6,4.56,76.7,3.323,4173.1,828.9,836.9,839.9,829.9,193.7,195.2,198.7,199.7,4.56,77.2,3.323,-5.8,0.891,0,nominal,0,0.0,194.97,701894.6
105.5,mission_cruise,73.82768204558087,3200.0,43.086158977209564,4175.7,827.1,835.8,839.6,828.1,194.3,194.1,199.7,199.6,4.55,77.6,3.361,4173.0,828.9,836.9,839.9,829.9,193.7,195.2,198.7,199.7,4.56,77.2,3.323,-5.8,0.891,0,nominal,0,0.0,194.97,701894.5
105.6,mission_cruise,73.82657031684269,3200.0,43.086714841578655,4174.8,828.6,837.1,840.6,829.3,193.7,196.2,198.6,199.5,4.59,76.8,3.317,4173.0,828.9,836.9,839.9,829.9,193.7,195.2,198.7,199.7,4.56,77.2,3.323,-5.8,0.891,0,nominal,0,0.0,194.97,701894.4
105.7,mission_cruise,73.8254585881045,3200.0,43.08727070594775,4171.3,828.7,836.2,838.2,829.2,194.1,194.7,198.9,200.2,4.56,77.7,3.307,4173.0,828.9,836.9,839.9,829.9,193.7,195.2,198.7,199.7,4.56,77.2,3.323,-5.8,0.891,0,nominal,0,0.0,194.97,701894.3
105.8,mission_cruise,73.82434685936632,3200.0,43.08782657031684,4181.6,827.3,838.0,841.1,830.0,193.5,197.2,197.9,199.8,4.57,76.2,3.379,4172.9,828.9,836.9,839.9,829.9,193.7,195.2,198.7,199.7,4.56,77.2,3.323,-5.8,0.891,0,nominal,0,0.0,194.97,701894.2
105.9,mission_cruise,73.82323513062812,3200.0,43.08838243468594,4166.8,830.8,835.2,842.2,830.2,193.8,195.9,198.4,199.8,4.6,76.9,3.299,4172.9,828.9,836.9,839.9,829.9,193.7,195.2,198.7,199.7,4.56,77.2,3.323,-5.8,0.891,0,nominal,0,0.0,194.97,701894.1
106.0,mission_cruise,73.82212340188994,3200.0,43.08893829905503,4174.5,828.4,835.3,839.9,827.8,193.2,194.5,198.9,198.6,4.5,77.7,3.27,4172.9,828.9,836.9,839.9,829.9,193.6,195.1,198.6,199.6,4.56,77.2,3.323,-5.8,0.891,0,nominal,0,0.0,194.97,701894.0
106.1,mission_cruise,73.82101167315174,3200.0,43.08949416342413,4175.5,828.2,840.3,841.0,831.9,193.3,194.8,197.9,198.5,4.57,77.4,3.3,4172.8,828.9,836.9,839.9,829.9,193.6,195.1,198.6,199.6,4.56,77.2,3.323,-5.8,0.891,0,nominal,0,0.0,194.97,701893.9
106.2,mission_cruise,73.81989994441356,3200.0,43.09005002779322,4172.2,828.7,838.9,840.2,829.8,193.8,194.8,197.7,199.2,4.58,76.9,3.32,4172.8,828.9,836.9,839.9,829.9,193.6,195.1,198.6,199.6,4.56,77.2,3.323,-5.8,0.891,0,nominal,0,0.0,194.97,701893.8
106.3,mission_cruise,73.81878821567537,3200.0,43.090605892162316,4163.0,830.9,839.5,841.8,828.1,192.7,196.0,198.2,200.1,4.53,77.2,3.341,4172.8,828.9,836.9,839.9,829.9,193.6,195.1,198.6,199.6,4.56,77.2,3.323,-5.8,0.891,0,nominal,0,0.0,194.97,701893.7
106.4,mission_cruise,73.81767648693719,3200.0,43.091161756531406,4174.6,830.9,839.3,840.9,830.5,193.4,195.6,198.5,199.0,4.59,76.4,3.357,4172.7,828.9,836.9,839.9,829.9,193.6,195.1,198.6,199.6,4.56,77.2,3.323,-5.8,0.891,0,nominal,0,0.0,194.97,701893.6
106.5,mission_cruise,73.816564758199,3200.0,43.0917176209005,4173.9,829.1,838.4,839.9,832.6,194.1,194.4,199.1,199.5,4.57,77.0,3.323,4172.7,828.9,836.9,839.9,829.9,193.5,195.0,198.5,199.5,4.56,77.2,3.323,-5.8,0.891,0,nominal,0,0.0,194.97,701893.5
106.6,mission_cruise,73.81545302946081,3200.0,43.092273485269594,4165.8,829.0,839.2,839.5,829.8,194.1,194.2,199.0,198.3,4.59,77.2,3.303,4172.7,828.9,836.9,839.9,829.9,193.5,195.0,198.5,199.5,4.56,77.2,3.323,-5.8,0.891,0,nominal,0,0.0,194.97,701893.4
106.7,mission_cruise,73.81434130072262,3200.0,43.09282934963869,4173.5,829.0,835.6,839.7,829.2,193.6,195.7,198.4,199.6,4.55,77.6,3.322,4172.6,828.9,836.9,839.9,829.9,193.5,195.0,198.5,199.5,4.56,77.2,3.323,-5.8,0.891,0,nominal,0,0.0,194.97,701893.3
106.8,mission_cruise,73.81322957198444,3200.0,43.09338521400778,4185.2,831.9,836.4,841.3,829.9,193.3,195.4,199.5,200.1,4.56,76.9,3.329,4172.6,828.9,836.9,839.9,829.9,193.5,195.0,198.5,199.5,4.56,77.2,3.323,-5.8,0.891,0,nominal,0,0.0,194.97,701893.2
106.9,mission_cruise,73.81211784324624,3200.0,43.09394107837688,4169.9,825.1,838.2,837.4,828.6,192.7,195.2,199.5,199.5,4.54,76.6,3.312,4172.6,828.9,836.9,839.9,829.9,193.5,195.0,198.5,199.5,4.56,77.2,3.323,-5.8,0.891,0,nominal,0,0.0,194.97,701893.1
107.0,mission_cruise,73.81100611450806,3200.0,43.09449694274597,4181.0,828.8,836.8,841.0,827.6,194.5,194.0,198.5,199.5,4.57,77.8,3.31,4172.5,828.9,836.9,839.9,829.9,193.5,195.0,198.5,199.5,4.56,77.2,3.323,-5.8,0.891,0,nominal,0,0.0,194.97,701893.0
107.1,mission_cruise,73.80989438576987,3200.0,43.09505280711507,4161.0,829.1,837.4,840.8,827.5,192.6,194.7,198.2,198.8,4.58,76.2,3.293,4172.5,828.9,836.9,839.9,829.9,193.5,195.0,198.5,199.5,4.56,77.2,3.323,-5.8,0.891,0,nominal,0,0.0,194.97,701892.9
107.2,mission_cruise,73.80878265703168,3200.0,43.09560867148416,4170.4,829.8,833.5,839.5,829.0,193.2,194.3,198.0,199.8,4.57,77.3,3.339,4172.5,828.9,836.9,839.9,829.9,193.4,194.9,198.4,199.4,4.56,77.2,3.322,-5.8,0.891,0,nominal,0,0.0,194.97,701892.8
107.3,mission_cruise,73.80767092829349,3200.0,43.096164535853255,4169.1,827.9,836.6,840.8,829.0,194.4,194.4,198.1,200.0,4.57,77.6,3.294,4172.4,828.9,836.9,839.9,829.9,193.4,194.9,198.4,199.4,4.56,77.1,3.322,-5.8,0.891,0,nominal,0,0.0,194.97,701892.7
107.4,mission_cruise,73.80655919955531,3200.0,43.096720400222345,4176.4,828.1,836.9,840.0,829.4,194.0,195.1,197.9,199.4,4.5,77.0,3.316,4172.4,828.9,836.9,839.9,829.9,193.4,194.9,198.4,199.4,4.56,77.1,3.322,-5.8,0.891,0,nominal,0,0.0,194.97,701892.6
107.5,mission_cruise,73.80544747081711,3200.0,43.09727626459144,4173.5,828.3,835.0,841.9,829.8,192.3,196.4,199.4,198.9,4.57,77.4,3.305,4172.4,828.9,836.9,839.9,829.9,193.4,194.9,198.4,199.4,4.56,77.1,3.322,-5.8,0.891,0,nominal,0,0.0,194.97,701892.5
107.6,mission_cruise,73.80433574207893,3200.0,43.09783212896053,4164.3,828.0,838.1,838.5,830.2,193.3,196.0,198.1,198.4,4.55,77.3,3.372,4172.3,828.9,836.9,839.9,829.9,193.4,194.9,198.4,199.4,4.56,77.1,3.322,-5.8,0.891,0,nominal,0,0.0,194.97,701892.4
107.7,mission_cruise,73.80322401334074,3200.0,43.09838799332963,4178.4,830.4,835.7,840.7,829.5,193.2,193.9,198.6,200.7,4.55,76.5,3.316,4172.3,828.8,836.8,839.8,829.8,193.4,194.9,198.4,199.4,4.56,77.1,3.322,-5.8,0.891,0,nominal,0,0.0,194.97,701892.3
107.8,mission_cruise,73.80211228460256,3200.0,43.09894385769872,4171.0,828.1,839.7,838.6,829.7,193.2,196.1,199.2,199.9,4.53,77.4,3.307,4172.3,828.8,836.8,839.8,829.8,193.3,194.8,198.3,199.3,4.56,77.1,3.322,-5.8,0.891,0,nominal,0,0.0,194.97,701892.2
107.9,mission_cruise,73.80100055586436,3200.0,43.09949972206782,4171.1,829.8,833.3,838.0,829.5,194.2,195.4,198.2,200.8,4.56,76.4,3.265,4172.2,828.8,836.8,839.8,829.8,193.3,194.8,198.3,199.3,4.56,77.1,3.322,-5.8,0.891,0,nominal,0,0.0,194.97,701892.1
108.0,mission_cruise,73.79988882712618,3200.0,43.10005558643691,4179.7,829.4,842.0,837.5,829.0,194.6,194.0,198.2,199.3,4.53,77.0,3.274,4172.2,828.8,836.8,839.8,829.8,193.3,194.8,198.3,199.3,4.56,77.1,3.322,-5.8,0.891,0,nominal,0,0.0,194.97,701892.0
108.1,mission_cruise,73.79877709838799,3200.0,43.10061145080601,4170.3,830.5,836.3,838.5,832.9,193.4,194.9,197.7,199.6,4.56,77.0,3.338,4172.1,828.8,836.8,839.8,829.8,193.3,194.8,198.3,199.3,4.56,77.1,3.322,-5.8,0.891,0,nominal,0,0.0,194.97,701891.9
108.2,mission_cruise,73.7976653696498,3200.0,43.1011673151751,4170.8,831.6,836.1,839.0,829.6,194.6,195.0,198.3,198.4,4.59,77.4,3.268,4172.1,828.8,836.8,839.8,829.8,193.3,194.8,198.3,199.3,4.56,77.1,3.322,-5.8,0.891,0,nominal,0,0.0,194.97,701891.8
108.3,mission_cruise,73.79655364091161,3200.0,43.101723179544194,4168.8,829.6,837.6,840.7,827.1,192.5,194.9,198.5,198.6,4.57,76.5,3.271,4172.1,828.8,836.8,839.8,829.8,193.3,194.8,198.3,199.3,4.56,77.1,3.322,-5.8,0.891,0,nominal,0,0.0,194.97,701891.7
108.4,mission_cruise,73.79544191217343,3200.0,43.102279043913285,4172.9,828.8,833.7,839.7,829.6,192.3,195.2,197.8,198.8,4.6,76.9,3.313,4172.0,828.8,836.8,839.8,829.8,193.3,194.8,198.3,199.3,4.56,77.1,3.322,-5.8,0.891,0,nominal,0,0.0,194.97,701891.6
108.5,mission_cruise,73.79433018343524,3200.0,43.10283490828238,4173.6,827.2,836.7,837.6,830.5,192.6,194.0,199.5,200.3,4.52,77.7,3.335,4172.0,828.8,836.8,839.8,829.8,193.2,194.7,198.2,199.2,4.56,77.1,3.322,-5.8,0.891,0,nominal,0,0.0,194.97,701891.5
108.6,mission_cruise,73.79321845469705,3200.0,43.10339077265147,4167.5,830.0,836.5,840.1,828.7,193.0,194.2,197.8,199.6,4.56,77.0,3.32,4172.0,828.8,836.8,839.8,829.8,193.2,194.7,198.2,199.2,4.56,77.1,3.322,-5.8,0.891,0,nominal,0,0.0,194.97,701891.4
108.7,mission_cruise,73.79210672595886,3200.0,43.10394663702057,4169.6,827.7,836.0,842.3,830.4,193.3,194.8,197.3,199.6,4.58,77.3,3.361,4171.9,828.8,836.8,839.8,829.8,193.2,194.7,198.2,199.2,4.56,77.1,3.322,-5.8,0.891,0,nominal,0,0.0,194.97,701891.3
108.8,mission_cruise,73.79099499722068,3200.0,43.10450250138966,4169.2,830.7,838.7,838.4,828.1,192.7,194.5,195.3,199.5,4.55,78.0,3.302,4171.9,828.8,836.8,839.8,829.8,193.2,194.7,198.2,199.2,4.56,77.1,3.322,-5.8,0.891,0,nominal,0,0.0,194.97,701891.2
108.9,mission_cruise,73.78988326848248,3200.0,43.10505836575876,4172.2,830.0,836.2,841.3,828.4,193.4,194.4,199.0,199.7,4.61,76.7,3.303,4171.9,828.8,836.8,839.8,829.8,193.2,194.7,198.2,199.2,4.56,77.1,3.322,-5.8,0.891,0,nominal,0,0.0,194.97,701891.1
109.0,mission_cruise,73.7887715397443,3200.0,43.10561423012785,4173.2,829.4,836.7,838.1,828.9,193.4,194.8,197.4,198.7,4.54,76.8,3.333,4171.8,828.8,836.8,839.8,829.8,193.2,194.7,198.2,199.2,4.56,77.1,3.322,-5.8,0.891,0,nominal,0,0.0,194.97,701891.0
109.1,mission_cruise,73.78765981100611,3200.0,43.106170094496946,4164.8,827.9,835.4,840.0,830.6,193.7,195.0,198.7,197.2,4.56,76.5,3.33,4171.8,828.8,836.8,839.8,829.8,193.2,194.7,198.2,199.2,4.56,77.1,3.322,-5.8,0.891,0,nominal,0,0.0,194.97,701890.9
109.2,mission_cruise,73.78654808226793,3200.0,43.106725958866036,4169.0,827.9,836.6,840.6,829.9,193.7,195.0,199.1,198.9,4.53,76.6,3.336,4171.8,828.8,836.8,839.8,829.8,193.1,194.6,198.1,199.1,4.56,77.1,3.322,-5.8,0.891,0,nominal,0,0.0,194.97,701890.8
109.3,mission_cruise,73.78543635352973,3200.0,43.107281823235134,4171.5,828.5,838.7,840.5,827.8,192.5,195.6,198.3,199.9,4.55,77.2,3.339,4171.7,828.8,836.8,839.8,829.8,193.1,194.6,198.1,199.1,4.56,77.1,3.322,-5.8,0.891,0,nominal,0,0.0,194.97,701890.7
109.4,mission_cruise,73.78432462479155,3200.0,43.107837687604224,4174.3,829.4,838.0,840.0,830.9,193.5,195.0,197.1,200.3,4.57,76.6,3.338,4171.7,828.8,836.8,839.8,829.8,193.1,194.6,198.1,199.1,4.56,77.1,3.322,-5.8,0.891,0,nominal,0,0.0,194.97,701890.6
109.5,mission_cruise,73.78321289605336,3200.0,43.10839355197332,4167.0,832.8,835.7,842.2,830.2,192.7,195.1,198.3,199.4,4.59,77.5,3.279,4171.7,828.8,836.8,839.8,829.8,193.1,194.6,198.1,199.1,4.56,77.1,3.322,-5.8,0.891,0,nominal,0,0.0,194.97,701890.5
109.6,mission_cruise,73.78210116731518,3200.0,43.10894941634241,4167.3,830.6,836.8,840.1,831.6,193.9,194.8,198.6,198.6,4.53,77.3,3.368,4171.6,828.8,836.8,839.8,829.8,193.1,194.6,198.1,199.1,4.56,77.1,3.322,-5.8,0.891,0,nominal,0,0.0,194.97,701890.4
109.7,mission_cruise,73.78098943857698,3200.0,43.10950528071151,4174.8,827.9,836.5,839.0,829.8,193.5,195.8,197.8,198.8,4.57,77.1,3.365,4171.6,828.8,836.8,839.8,829.8,193.1,194.6,198.1,199.1,4.56,77.1,3.321,-5.8,0.891,0,nominal,0,0.0,194.97,701890.3
109.8,mission_cruise,73.7798777098388,3200.0,43.1100611450806,4164.4,829.1,835.7,840.4,829.4,193.3,194.9,199.0,199.1,4.57,77.1,3.32,4171.6,828.8,836.8,839.8,829.8,193.1,194.6,198.1,199.1,4.56,77.1,3.321,-5.8,0.891,0,nominal,0,0.0,194.97,701890.2
109.9,mission_cruise,73.7787659811006,3200.0,43.1106170094497,4173.8,829.7,834.9,839.9,829.6,193.9,194.9,197.9,199.3,4.54,77.1,3.311,4171.5,828.8,836.8,839.8,829.8,193.1,194.6,198.1,199.1,4.56,77.0,3.321,-5.8,0.891,0,nominal,0,0.0,194.97,701890.1
110.0,mission_cruise,73.77765425236242,3200.0,43.11117287381879,4166.4,829.5,837.2,839.9,829.7,194.1,193.8,198.1,197.9,4.59,77.2,3.283,4171.5,828.8,836.8,839.8,829.8,193.0,194.5,198.0,199.0,4.56,77.0,3.321,-5.8,0.891,0,nominal,0,0.0,194.97,701890.0
110.1,mission_cruise,73.77654252362423,3200.0,43.111728738187885,4177.2,830.0,839.3,839.0,827.9,193.0,195.4,199.2,198.5,4.57,77.1,3.311,4171.5,828.8,836.8,839.8,829.8,193.0,194.5,198.0,199.0,4.56,77.0,3.321,-5.8,0.891,0,nominal,0,0.0,194.97,701889.9
110.2,mission_cruise,73.77543079488605,3200.0,43.112284602556976,4165.8,830.5,838.2,838.7,830.8,193.8,193.7,198.0,199.4,4.53,77.3,3.322,4171.4,828.8,836.8,839.8,829.8,193.0,194.5,198.0,199.0,4.56,77.0,3.321,-5.8,0.891,0,nominal,0,0.0,194.97,701889.8
110.3,mission_cruise,73.77431906614785,3200.0,43.11284046692607,4165.4,829.7,836.1,839.7,827.8,192.5,195.4,197.8,199.2,4.57,76.7,3.402,4171.4,828.8,836.8,839.8,829.8,193.0,194.5,198.0,199.0,4.56,77.0,3.321,-5.8,0.891,0,nominal,0,0.0,194.97,701889.7
110.4,mission_cruise,73.77320733740967,3200.0,43.113396331295164,4170.2,829.9,836.5,839.3,828.0,192.7,193.8,197.5,197.8,4.54,76.8,3.271,4171.4,828.8,836.8,839.8,829.8,193.0,194.5,198.0,199.0,4.56,77.0,3.321,-5.8,0.891,0,nominal,0,0.0,194.97,701889.6
110.5,mission_cruise,73.77209560867148,3200.0,43.11395219566426,4181.9,829.1,837.8,838.1,831.0,192.9,195.0,199.5,198.8,4.52,76.0,3.333,4171.3,828.8,836.8,839.8,829.8,193.0,194.5,198.0,199.0,4.56,77.0,3.321,-5.8,0.891,0,nominal,0,0.0,194.97,701889.5
110.6,mission_cruise,73.7709838799333,3200.0,43.11450806003335,4165.8,828.4,836.4,839.2,828.5,192.9,195.1,198.3,198.0,4.52,76.9,3.304,4171.3,828.8,836.8,839.8,829.8,193.0,194.5,198.0,199.0,4.56,77.0,3.321,-5.8,0.891,0,nominal,0,0.0,194.97,701889.4
110.7,mission_cruise,73.7698721511951,3200.0,43.11506392440245,4173.7,830.2,833.9,840.4,830.0,193.4,194.7,198.0,199.9,4.51,76.1,3.313,4171.3,828.8,836.8,839.8,829.8,193.0,194.5,198.0,199.0,4.56,77.0,3.321,-5.8,0.891,0,nominal,0,0.0,194.97,701889.3
110.8,mission_cruise,73.76876042245692,3200.0,43.11561978877154,4167.8,829.2,835.4,841.1,830.1,192.5,194.1,197.4,199.6,4.55,77.0,3.271,4171.2,828.8,836.8,839.8,829.8,192.9,194.4,197.9,198.9,4.56,77.0,3.321,-5.8,0.891,0,nominal,0,0.0,194.97,701889.2
110.9,mission_cruise,73.76764869371873,3200.0,43.11617565314064,4172.0,829.6,837.2,838.5,828.5,193.4,194.4,197.8,197.8,4.57,76.4,3.341,4171.2,828.8,836.8,839.8,829.8,192.9,194.4,197.9,198.9,4.56,77.0,3.321,-5.8,0.891,0,nominal,0,0.0,194.97,701889.1
111.0,mission_cruise,73.76653696498055,3200.0,43.11673151750973,4168.5,828.2,839.1,841.4,830.3,192.6,194.9,199.1,198.5,4.58,77.3,3.358,4171.2,828.8,836.8,839.8,829.8,192.9,194.4,197.9,198.9,4.56,77.0,3.321,-5.8,0.891,0,nominal,0,0.0,194.97,701889.0
111.1,mission_cruise,73.76542523624235,3200.0,43.117287381878825,4164.3,830.3,836.7,839.8,830.3,192.9,194.8,197.7,199.1,4.57,77.3,3.336,4171.1,828.8,836.8,839.8,829.8,192.9,194.4,197.9,198.9,4.56,77.0,3.321,-5.8,0.891,0,nominal,0,0.0,194.97,701888.9
111.2,mission_cruise,73.76431350750417,3200.0,43.117843246247915,4169.7,829.2,835.9,838.6,830.2,193.4,194.1,198.3,198.6,4.55,77.2,3.329,4171.1,828.8,836.8,839.8,829.8,192.9,194.4,197.9,198.9,4.56,77.0,3.321,-5.8,0.891,0,nominal,0,0.0,194.97,701888.8
111.3,mission_cruise,73.76320177876597,3200.0,43.11839911061701,4174.1,829.3,838.3,841.4,830.0,193.0,194.3,198.0,199.2,4.54,77.5,3.343,4171.1,828.8,836.8,839.8,829.8,192.9,194.4,197.9,198.9,4.56,77.0,3.321,-5.8,0.891,0,nominal,0,0.0,194.97,701888.7
111.4,mission_cruise,73.7620900500278,3200.0,43.1189549749861,4177.6,829.3,835.5,839.8,828.0,192.9,195.8,199.1,199.4,4.53,77.6,3.329,4171.0,828.8,836.8,839.8,829.8,192.9,194.4,197.9,198.9,4.56,77.0,3.321,-5.8,0.891,0,nominal,0,0.0,194.97,701888.6
111.5,mission_cruise,73.7609783212896,3200.0,43.1195108393552,4158.6,828.7,837.1,840.8,830.8,193.5,194.0,199.0,200.2,4.54,78.0,3.316,4171.0,828.8,836.8,839.8,829.8,192.9,194.4,197.9,198.9,4.56,77.0,3.321,-5.8,0.891,0,nominal,0,0.0,194.97,701888.5
111.6,mission_cruise,73.75986659255142,3200.0,43.12006670372429,4171.2,827.5,838.6,842.1,828.2,192.5,195.7,198.6,198.9,4.6,76.7,3.328,4171.0,828.8,836.8,839.8,829.8,192.9,194.4,197.9,198.9,4.56,77.0,3.321,-5.8,0.891,0,nominal,0,0.0,194.97,701888.4
111.7,mission_cruise,73.75875486381322,3200.0,43.12062256809339,4165.0,830.5,840.3,839.4,829.9,192.9,193.7,197.5,199.2,4.57,77.8,3.289,4170.9,828.8,836.8,839.8,829.8,192.8,194.3,197.8,198.8,4.56,77.0,3.321,-5.8,0.891,0,nominal,0,0.0,194.97,701888.3
111.8,mission_cruise,73.75764313507504,3200.0,43.12117843246248,4168.9,829.4,836.4,839.2,828.3,192.5,194.5,197.5,198.2,4.63,77.4,3.332,4170.9,828.8,836.8,839.8,829.8,192.8,194.3,197.8,198.8,4.56,77.0,3.321,-5.8,0.891,0,nominal,0,0.0,194.97,701888.2
111.9,mission_cruise,73.75653140633685,3200.0,43.121734296831576,4175.0,827.8,836.1,840.5,829.2,192.8,194.3,198.1,199.1,4.56,77.4,3.307,4170.9,828.8,836.8,839.8,829.8,192.8,194.3,197.8,198.8,4.56,77.0,3.321,-5.8,0.891,0,nominal,0,0.0,194.97,701888.1
112.0,mission_cruise,73.75541967759867,3200.0,43.12229016120067,4168.8,830.4,838.9,839.9,828.4,192.8,193.6,197.5,198.3,4.55,77.0,3.266,4170.8,828.8,836.8,839.8,829.8,192.8,194.3,197.8,198.8,4.56,77.0,3.321,-5.8,0.891,0,nominal,0,0.0,194.97,701888.0
112.1,mission_cruise,73.75430794886047,3200.0,43.122846025569764,4164.9,827.2,836.5,839.6,830.4,193.4,194.5,197.9,198.4,4.54,77.0,3.31,4170.8,828.8,836.8,839.8,829.8,192.8,194.3,197.8,198.8,4.56,77.0,3.32,-5.8,0.891,0,nominal,0,0.0,194.97,701887.9
112.2,mission_cruise,73.75319622012229,3200.0,43.123401889938854,4173.3,826.5,837.2,841.1,829.0,193.3,193.8,197.8,198.4,4.57,76.7,3.341,4170.8,828.8,836.8,839.8,829.8,192.8,194.3,197.8,198.8,4.56,77.0,3.32,-5.8,0.891,0,nominal,0,0.0,194.97,701887.8
112.3,mission_cruise,73.7520844913841,3200.0,43.12395775430795,4167.2,829.8,837.3,839.0,827.2,192.5,194.1,196.9,198.6,4.56,76.6,3.376,4170.7,828.8,836.8,839.8,829.8,192.8,194.3,197.8,198.8,4.56,77.0,3.32,-5.8,0.891,0,nominal,0,0.0,194.97,701887.7
112.4,mission_cruise,73.75097276264592,3200.0,43.12451361867704,4170.5,829.4,838.0,840.3,827.7,193.1,193.2,197.6,197.9,4.57,76.9,3.327,4170.7,828.8,836.8,839.8,829.8,192.8,194.3,197.8,198.8,4.56,77.0,3.32,-5.8,0.891,0,nominal,0,0.0,194.97,701887.6
112.5,mission_cruise,73.74986103390772,3200.0,43.12506948304614,4173.0,827.3,836.6,839.9,829.6,194.1,195.0,199.4,199.1,4.57,77.0,3.305,4170.6,828.8,836.8,839.8,829.8,192.8,194.3,197.8,198.8,4.56,77.0,3.32,-5.8,0.891,0,nominal,0,0.0,194.97,701887.5
112.6,mission_cruise,73.74874930516954,3200.0,43.12562534741523,4173.0,827.3,839.6,839.0,826.1,193.0,193.7,197.4,198.3,4.57,77.3,3.351,4170.6,828.8,836.8,839.8,829.8,192.7,194.2,197.7,198.7,4.56,77.0,3.32,-5.8,0.891,0,nominal,0,0.0,194.97,701887.4
112.7,mission_cruise,73.74763757643134,3200.0,43.12618121178433,4175.2,828.8,835.4,837.8,830.1,193.1,193.9,197.5,199.3,4.53,77.5,3.291,4170.6,828.8,836.8,839.8,829.8,192.7,194.2,197.7,198.7,4.56,77.0,3.32,-5.8,0.891,0,nominal,0,0.0,194.97,701887.3
112.8,mission_cruise,73.74652584769316,3200.0,43.12673707615342,4174.3,830.5,839.1,840.3,829.1,192.7,194.2,197.9,198.7,4.55,77.1,3.374,4170.5,828.8,836.8,839.8,829.8,192.7,194.2,197.7,198.7,4.56,76.9,3.32,-5.8,0.891,0,nominal,0,0.0,194.97,701887.2
112.9,mission_cruise,73.74541411895497,3200.0,43.127292940522516,4161.9,830.3,835.9,838.3,829.6,192.2,194.8,196.9,198.0,4.54,76.7,3.33,4170.5,828.7,836.7,839.7,829.7,192.7,194.2,197.7,198.7,4.56,76.9,3.32,-5.8,0.891,0,nominal,0,0.0,194.97,701887.1
113.0,mission_cruise,73.74430239021679,3200.0,43.127848804891606,4180.5,827.1,835.2,840.1,831.4,191.5,194.8,198.3,198.5,4.58,77.4,3.302,4170.5,828.7,836.7,839.7,829.7,192.7,194.2,197.7,198.7,4.56,76.9,3.32,-5.8,0.891,0,nominal,0,0.0,194.97,701887.0
113.1,mission_cruise,73.7431906614786,3200.0,43.1284046692607,4169.5,827.5,835.8,839.5,828.9,192.7,195.7,197.4,199.3,4.62,76.7,3.296,4170.4,828.7,836.7,839.7,829.7,192.7,194.2,197.7,198.7,4.56,76.9,3.32,-5.8,0.891,0,nominal,0,0.0,194.97,701886.9
113.2,mission_cruise,73.74207893274041,3200.0,43.128960533629794,4168.1,831.1,835.8,839.9,828.4,192.8,194.2,198.4,198.3,4.56,76.5,3.311,4170.4,828.7,836.7,839.7,829.7,192.7,194.2,197.7,198.7,4.56,76.9,3.32,-5.8,0.891,0,nominal,0,0.0,194.97,701886.8
113.3,mission_cruise,73.74096720400222,3200.0,43.12951639799889,4170.9,828.2,835.2,841.5,831.4,192.2,193.9,197.9,199.0,4.55,76.9,3.302,4170.4,828.7,836.7,839.7,829.7,192.7,194.2,197.7,198.7,4.56,76.9,3.32,-5.8,0.891,0,nominal,0,0.0,194.97,701886.7
113.4,mission_cruise,73.73985547526404,3200.0,43.13007226236798,4165.6,828.5,835.8,841.2,830.4,193.4,193.6,199.0,197.9,4.55,77.2,3.347,4170.3,828.7,836.7,839.7,829.7,192.7,194.2,197.7,198.7,4.56,76.9,3.32,-5.8,0.891,0,nominal,0,0.0,194.97,701886.6
113.5,mission_cruise,73.73874374652584,3200.0,43.13062812673708,4170.4,829.2,838.9,837.3,832.2,192.7,193.5,197.8,198.3,4.55,77.0,3.335,4170.3,828.7,836.7,839.7,829.7,192.7,194.2,197.7,198.7,4.56,76.9,3.32,-5.8,0.891,0,nominal,0,0.0,194.97,701886.5
113.6,mission_cruise,73.73763201778766,3200.0,43.13118399110617,4175.9,827.6,837.9,841.9,829.7,193.0,194.7,197.4,197.9,4.57,76.9,3.295,4170.3,828.7,836.7,839.7,829.7,192.6,194.1,197.6,198.6,4.56,76.9,3.32,-5.8,0.891,0,nominal,0,0.0,194.97,701886.4
113.7,mission_cruise,73.73652028904947,3200.0,43.13173985547527,4166.4,829.9,835.6,839.7,828.2,192.5,194.1,197.7,198.2,4.56,77.3,3.293,4170.2,828.7,836.7,839.7,829.7,192.6,194.1,197.6,198.6,4.56,76.9,3.32,-5.8,0.891,0,nominal,0,0.0,194.97,701886.3
113.8,mission_cruise,73.73540856031128,3200.0,43.13229571984436,4159.8,829.6,834.6,838.3,830.6,192.0,194.7,196.8,199.3,4.56,76.5,3.347,4170.2,828.7,836.7,839.7,829.7,192.6,194.1,197.6,198.6,4.56,76.9,3.32,-5.8,0.891,0,nominal,0,0.0,194.97,701886.2
113.9,mission_cruise,73.73429683157309,3200.0,43.132851584213455,4175.0,828.0,837.5,839.1,828.5,192.9,194.2,197.9,198.9,4.53,76.9,3.337,4170.2,828.7,836.7,839.7,829.7,192.6,194.1,197.6,198.6,4.56,76.9,3.32,-5.8,0.891,0,nominal,0,0.0,194.97,701886.1
114.0,mission_cruise,73.73318510283491,3200.0,43.133407448582545,4165.3,828.8,835.5,838.3,831.8,193.1,193.7,198.8,199.3,4.58,76.8,3.315,4170.1,828.7,836.7,839.7,829.7,192.6,194.1,197.6,198.6,4.56,76.9,3.32,-5.8,0.891,0,nominal,0,0.0,194.97,701886.0
114.1,mission_cruise,73.73207337409671,3200.0,43.13396331295164,4165.3,830.4,834.2,840.5,829.4,193.6,195.6,197.3,199.3,4.57,77.0,3.26,4170.1,828.7,836.7,839.7,829.7,192.6,194.1,197.6,198.6,4.56,76.9,3.32,-5.8,0.891,0,nominal,0,0.0,194.97,701885.9
114.2,mission_cruise,73.73096164535853,3200.0,43.13451917732073,4172.4,831.2,837.5,839.8,830.3,192.2,194.6,197.3,197.2,4.53,77.2,3.321,4170.1,828.7,836.7,839.7,829.7,192.6,194.1,197.6,198.6,4.56,76.9,3.32,-5.8,0.891,0,nominal,0,0.0,194.97,701885.8
114.3,mission_cruise,73.72984991662034,3200.0,43.13507504168983,4162.5,828.7,834.2,839.9,828.2,192.8,195.1,197.6,199.9,4.54,76.7,3.312,4170.0,828.7,836.7,839.7,829.7,192.6,194.1,197.6,198.6,4.56,76.9,3.32,-5.8,0.891,0,nominal,0,0.0,194.97,701885.7
114.4,mission_cruise,73.72873818788216,3200.0,43.13563090605892,4177.9,828.1,837.4,840.3,828.2,193.0,194.6,197.4,197.9,4.55,76.7,3.352,4170.0,828.7,836.7,839.7,829.7,192.6,194.1,197.6,198.6,4.56,76.9,3.32,-5.8,0.891,0,nominal,0,0.0,194.97,701885.6
114.5,mission_cruise,73.72762645914396,3200.0,43.13618677042802,4171.1,827.3,837.5,839.4,828.3,192.7,194.4,197.5,198.4,4.59,77.1,3.287,4170.0,828.7,836.7,839.7,829.7,192.6,194.1,197.6,198.6,4.56,76.9,3.32,-5.8,0.891,0,nominal,0,0.0,194.97,701885.5
114.6,mission_cruise,73.72651473040578,3200.0,43.13674263479711,4175.2,829.6,838.1,839.1,831.1,192.5,193.7,196.9,197.3,4.54,77.4,3.278,4169.9,828.7,836.7,839.7,829.7,192.6,194.1,197.6,198.6,4.56,76.9,3.319,-5.8,0.891,0,nominal,0,0.0,194.97,701885.4
114.7,mission_cruise,73.72540300166759,3200.0,43.13729849916621,4164.8,829.4,836.9,840.2,828.1,192.8,194.7,196.8,199.5,4.52,76.3,3.305,4169.9,828.7,836.7,839.7,829.7,192.5,194.0,197.5,198.5,4.56,76.9,3.319,-5.8,0.891,0,nominal,0,0.0,194.97,701885.3
114.8,mission_cruise,73.7242912729294,3200.0,43.1378543635353,4174.6,829.1,837.8,842.2,828.5,191.6,193.3,196.7,197.9,4.57,76.6,3.336,4169.9,828.7,836.7,839.7,829.7,192.5,194.0,197.5,198.5,4.56,76.9,3.319,-5.8,0.891,0,nominal,0,0.0,194.97,701885.2
114.9,mission_cruise,73.72317954419121,3200.0,43.138410227904394,4180.4,830.5,835.4,840.3,830.8,193.0,193.3,199.0,198.7,4.59,77.2,3.34,4169.8,828.7,836.7,839.7,829.7,192.5,194.0,197.5,198.5,4.56,76.9,3.319,-5.8,0.891,0,nominal,0,0.0,194.97,701885.1
115.0,mission_cruise,73.72206781545303,3200.0,43.138966092273485,4167.6,830.3,835.9,839.2,833.5,191.7,194.0,197.5,197.6,4.55,77.3,3.28,4169.8,828.7,836.7,839.7,829.7,192.5,194.0,197.5,198.5,4.56,76.9,3.319,-5.8,0.891,0,nominal,0,0.0,194.97,701885.0
115.1,mission_cruise,73.72095608671484,3200.0,43.13952195664258,4167.2,831.9,836.3,838.1,829.1,193.2,193.1,196.9,198.7,4.59,76.3,3.342,4169.8,828.7,836.7,839.7,829.7,192.5,194.0,197.5,198.5,4.56,76.9,3.319,-5.8,0.891,0,nominal,0,0.0,194.97,701884.9
115.2,mission_cruise,73.71984435797665,3200.0,43.14007782101167,4168.6,826.5,838.6,838.5,831.8,193.9,195.2,197.8,198.7,4.57,76.3,3.284,4169.7,828.7,836.7,839.7,829.7,192.5,194.0,197.5,198.5,4.56,76.9,3.319,-5.8,0.891,0,nominal,0,0.0,194.97,701884.8
115.3,mission_cruise,73.71873262923846,3200.0,43.14063368538077,4167.2,828.3,836.6,837.3,829.1,191.7,192.9,196.5,198.9,4.57,77.6,3.282,4169.7,828.7,836.7,839.7,829.7,192.5,194.0,197.5,198.5,4.56,76.9,3.319,-5.8,0.891,0,nominal,0,0.0,194.97,701884.7
115.4,mission_cruise,73.71762090050028,3200.0,43.14118954974986,4171.6,828.0,839.2,840.3,829.5,191.9,193.7,198.4,198.6,4.59,76.7,3.316,4169.7,828.7,836.7,839.7,829.7,192.5,194.0,197.5,198.5,4.56,76.9,3.319,-5.8,0.891,0,nominal,0,0.0,194.97,701884.6
115.5,mission_cruise,73.71650917176208,3200.0,43.14174541411896,4184.4,829.7,835.7,841.5,830.6,192.5,193.6,197.8,198.3,4.63,77.1,3.309,4169.6,828.7,836.7,839.7,829.7,192.5,194.0,197.5,198.5,4.56,76.9,3.319,-5.8,0.891,0,nominal,0,0.0,194.97,701884.5
115.6,mission_cruise,73.7153974430239,3200.0,43.14230127848805,4169.1,828.9,836.8,839.8,829.4,192.0,194.5,198.3,198.4,4.55,77.3,3.338,4169.6,828.7,836.7,839.7,829.7,192.5,194.0,197.5,198.5,4.56,76.9,3.319,-5.8,0.891,0,nominal,0,0.0,194.97,701884.4
115.7,mission_cruise,73.71428571428571,3200.0,43.142857142857146,4166.5,828.8,836.5,839.4,831.4,192.1,195.5,196.9,199.3,4.59,77.4,3.307,4169.6,828.7,836.7,839.7,829.7,192.5,194.0,197.5,198.5,4.56,76.9,3.319,-5.8,0.891,0,nominal,0,0.0,194.97,701884.3
115.8,mission_cruise,73.71317398554753,3200.0,43.143413007226236,4166.0,829.1,836.2,838.9,828.8,192.6,193.9,197.3,197.7,4.58,76.9,3.301,4169.5,828.7,836.7,839.7,829.7,192.5,194.0,197.5,198.5,4.56,76.8,3.319,-5.8,0.891,0,nominal,0,0.0,194.97,701884.2
115.9,mission_cruise,73.71206225680933,3200.0,43.143968871595334,4168.4,828.4,837.8,840.3,829.5,193.0,194.3,197.5,198.2,4.55,76.9,3.254,4169.5,828.7,836.7,839.7,829.7,192.4,193.9,197.4,198.4,4.56,76.8,3.319,-5.8,0.891,0,nominal,0,0.0,194.97,701884.1
116.0,mission_cruise,73.71095052807115,3200.0,43.144524735964424,4162.6,829.4,837.6,838.5,829.7,192.2,193.8,197.7,198.7,4.59,76.6,3.373,4169.5,828.7,836.7,839.7,829.7,192.4,193.9,197.4,198.4,4.56,76.8,3.319,-5.8,0.891,0,nominal,0,0.0,194.97,701884.0
116.1,mission_cruise,73.70983879933296,3200.0,43.14508060033352,4173.1,827.1,835.0,839.8,830.5,192.2,194.4,197.7,199.6,4.53,77.1,3.306,4169.4,828.7,836.7,839.7,829.7,192.4,193.9,197.4,198.4,4.56,76.8,3.319,-5.8,0.891,0,nominal,0,0.0,194.97,701883.9
116.2,mission_cruise,73.70872707059478,3200.0,43.14563646470261,4167.7,829.9,837.7,838.7,831.2,191.4,194.2,197.0,199.2,4.56,76.8,3.313,4169.4,828.7,836.7,839.7,829.7,192.4,193.9,197.4,198.4,4.56,76.8,3.319,-5.8,0.891,0,nominal,0,0.0,194.97,701883.8
116.3,mission_cruise,73.70761534185658,3200.0,43.14619232907171,4175.0,827.0,834.5,840.0,827.4,192.6,193.5,197.5,198.1,4.54,76.3,3.333,4169.4,828.7,836.7,839.7,829.7,192.4,193.9,197.4,198.4,4.56,76.8,3.319,-5.8,0.891,0,nominal,0,0.0,194.97,701883.7
116.4,mission_cruise,73.7065036131184,3200.0,43.1467481934408,4157.8,831.0,836.0,839.0,829.9,192.4,193.9,198.0,199.1,4.57,77.2,3.292,4169.3,828.7,836.7,839.7,829.7,192.4,193.9,197.4,198.4,4.56,76.8,3.319,-5.8,0.891,0,nominal,0,0.0,194.97,701883.6
116.5,mission_cruise,73.7053918843802,3200.0,43.1473040578099,4168.3,826.9,835.9,841.6,830.3,191.4,194.1,198.4,198.1,4.6,76.7,3.267,4169.3,828.7,836.7,839.7,829.7,192.4,193.9,197.4,198.4,4.56,76.8,3.319,-5.8,0.891,0,nominal,0,0.0,194.97,701883.5
116.6,mission_cruise,73.70428015564202,3200.0,43.14785992217899,4173.0,829.8,834.7,838.3,828.5,192.8,195.1,197.6,198.4,4.55,76.5,3.36,4169.3,828.7,836.7,839.7,829.7,192.4,193.9,197.4,198.4,4.56,76.8,3.319,-5.8,0.891,0,nominal,0,0.0,194.97,701883.4
116.7,mission_cruise,73.70316842690383,3200.0,43.148415786548085,4174.8,831.0,835.7,838.6,827.3,192.4,194.0,198.2,198.5,4.52,77.1,3.278,4169.2,828.7,836.7,839.7,829.7,192.4,193.9,197.4,198.4,4.56,76.8,3.319,-5.8,0.891,0,nominal,0,0.0,194.97,701883.3
116.8,mission_cruise,73.70205669816565,3200.0,43.148971650917176,4172.8,826.2,837.1,839.0,829.0,192.2,193.2,197.6,198.3,4.56,77.0,3.276,4169.2,828.7,836.7,839.7,829.7,192.4,193.9,197.4,198.4,4.56,76.8,3.319,-5.8,0.891,0,nominal,0,0.0,194.97,701883.2
116.9,mission_cruise,73.70094496942745,3200.0,43.14952751528627,4176.0,828.7,839.3,838.8,828.0,192.2,193.5,196.4,198.2,4.61,77.3,3.351,4169.2,828.7,836.7,839.7,829.7,192.4,193.9,197.4,198.4,4.56,76.8,3.319,-5.8,0.891,0,nominal,0,0.0,194.97,701883.1
117.0,mission_cruise,73.69983324068927,3200.0,43.150083379655364,4173.2,828.6,839.2,840.8,830.9,192.3,193.7,196.7,198.7,4.55,77.3,3.355,4169.1,828.7,836.7,839.7,829.7,192.4,193.9,197.4,198.4,4.56,76.8,3.318,-5.8,0.891,0,nominal,0,0.0,194.97,701883.0
117.1,mission_cruise,73.69872151195108,3200.0,43.15063924402446,4172.0,828.0,837.2,837.8,831.6,192.4,193.6,197.4,198.5,4.56,77.4,3.313,4169.1,828.7,836.7,839.7,829.7,192.4,193.9,197.4,198.4,4.56,76.8,3.318,-5.8,0.891,0,nominal,0,0.0,194.97,701882.9
117.2,mission_cruise,73.6976097832129,3200.0,43.15119510839355,4162.3,827.9,835.8,836.5,829.8,194.1,193.6,196.7,199.7,4.6,77.2,3.322,4169.0,828.7,836.7,839.7,829.7,192.3,193.8,197.3,198.3,4.56,76.8,3.318,-5.8,0.891,0,nominal,0,0.0,194.97,701882.8
117.3,mission_cruise,73.6964980544747,3200.0,43.15175097276265,4172.0,829.0,837.1,841.4,828.4,192.3,194.0,196.7,198.1,4.54,76.6,3.317,4169.0,828.7,836.7,839.7,829.7,192.3,193.8,197.3,198.3,4.56,76.8,3.318,-5.8,0.891,0,nominal,0,0.0,194.97,701882.7
117.4,mission_cruise,73.69538632573652,3200.0,43.15230683713174,4170.4,827.9,836.5,839.5,830.6,193.0,194.2,197.8,198.2,4.52,77.3,3.321,4169.0,828.7,836.7,839.7,829.7,192.3,193.8,197.3,198.3,4.56,76.8,3.318,-5.8,0.891,0,nominal,0,0.0,194.97,701882.6
117.5,mission_cruise,73.69427459699833,3200.0,43.15286270150084,4176.8,828.1,835.9,838.8,829.4,192.6,192.4,195.5,198.2,4.54,76.7,3.3,4168.9,828.7,836.7,839.7,829.7,192.3,193.8,197.3,198.3,4.56,76.8,3.318,-5.8,0.891,0,nominal,0,0.0,194.97,701882.5
117.6,mission_cruise,73.69316286826015,3200.0,43.15341856586993,4173.4,828.0,835.7,840.8,828.4,192.6,194.1,196.1,197.1,4.56,76.5,3.292,4168.9,828.7,836.7,839.7,829.7,192.3,193.8,197.3,198.3,4.56,76.8,3.318,-5.8,0.891,0,nominal,0,0.0,194.97,701882.4
117.7,mission_cruise,73.69205113952195,3200.0,43.153974430239025,4175.3,827.8,835.7,839.6,834.0,193.2,193.7,197.3,199.0,4.6,76.8,3.307,4168.9,828.7,836.7,839.7,829.7,192.3,193.8,197.3,198.3,4.56,76.8,3.318,-5.8,0.891,0,nominal,0,0.0,194.97,701882.3
117.8,mission_cruise,73.69093941078377,3200.0,43.154530294608115,4168.6,829.6,838.9,837.1,828.7,192.1,195.2,198.1,197.0,4.57,76.7,3.281,4168.8,828.7,836.7,839.7,829.7,192.3,193.8,197.3,198.3,4.56,76.8,3.318,-5.8,0.891,0,nominal,0,0.0,194.97,701882.2
117.9,mission_cruise,73.68982768204557,3200.0,43.15508615897721,4166.5,831.3,834.7,840.6,832.9,193.4,194.4,197.3,197.9,4.5,76.8,3.323,4168.8,828.7,836.7,839.7,829.7,192.3,193.8,197.3,198.3,4.56,76.8,3.318,-5.8,0.891,0,nominal,0,0.0,194.97,701882.1
118.0,mission_cruise,73.6887159533074,3200.0,43.1556420233463,4166.3,829.4,833.7,840.5,829.3,192.1,193.6,196.8,199.0,4.55,76.9,3.337,4168.8,828.7,836.7,839.7,829.7,192.3,193.8,197.3,198.3,4.56,76.8,3.318,-5.8,0.891,0,nominal,0,0.0,194.97,701882.0
118.1,mission_cruise,73.6876042245692,3200.0,43.1561978877154,4172.2,829.8,836.9,840.0,829.5,192.0,193.9,197.0,198.7,4.57,77.7,3.278,4168.7,828.6,836.6,839.6,829.6,192.3,193.8,197.3,198.3,4.56,76.8,3.318,-5.8,0.891,0,nominal,0,0.0,194.97,701881.9
118.2,mission_cruise,73.68649249583102,3200.0,43.15675375208449,4170.2,827.4,836.8,840.1,829.8,193.1,193.1,197.1,199.2,4.59,76.7,3.355,4168.7,828.6,836.6,839.6,829.6,192.3,193.8,197.3,198.3,4.56,76.8,3.318,-5.8,0.891,0,nominal,0,0.0,194.97,701881.8
118.3,mission_cruise,73.68538076709282,3200.0,43.15730961645359,4171.8,828.2,837.5,841.1,830.3,192.1,193.5,197.6,197.7,4.57,77.4,3.338,4168.7,828.6,836.6,839.6,829.6,192.3,193.8,197.3,198.3,4.56,76.8,3.318,-5.8,0.891,0,nominal,0,0.0,194.97,701881.7
118.4,mission_cruise,73.68426903835464,3200.0,43.15786548082268,4173.1,828.5,836.0,838.4,828.9,191.6,193.6,197.0,197.8,4.54,76.3,3.318,4168.6,828.6,836.6,839.6,829.6,192.3,193.8,197.3,198.3,4.56,76.8,3.318,-5.8,0.891,0,nominal,0,0.0,194.97,701881.6
118.5,mission_cruise,73.68315730961645,3200.0,43.158421345191776,4167.2,826.0,836.0,839.7,828.3,193.3,193.4,197.9,199.1,4.55,76.6,3.302,4168.6,828.6,836.6,839.6,829.6,192.3,193.8,197.3,198.3,4.56,76.8,3.318,-5.8,0.891,0,nominal,0,0.0,194.97,701881.5
118.6,mission_cruise,73.68204558087827,3200.0,43.15897720956087,4172.6,830.1,837.6,839.4,830.0,192.4,193.8,198.2,199.4,4.61,76.8,3.368,4168.6,828.6,836.6,839.6,829.6,192.3,193.8,197.3,198.3,4.56,76.8,3.318,-5.8,0.891,0,nominal,0,0.0,194.97,701881.4
118.7,mission_cruise,73.68093385214007,3200.0,43.159533073929964,4166.1,826.7,837.4,838.5,830.1,192.6,193.7,197.8,198.8,4.53,76.2,3.344,4168.5,828.6,836.6,839.6,829.6,192.2,193.7,197.2,198.2,4.56,76.8,3.318,-5.8,0.891,0,nominal,0,0.0,194.97,701881.3
118.8,mission_cruise,73.67982212340189,3200.0,43.160088938299054,4175.6,829.6,838.6,840.5,831.5,192.7,194.5,196.4,197.0,4.55,77.5,3.354,4168.5,828.6,836.6,839.6,829.6,192.2,193.7,197.2,198.2,4.56,76.8,3.318,-5.8,0.891,0,nominal,0,0.0,194.97,701881.2
118.9,mission_cruise,73.6787103946637,3200.0,43.16064480266815,4177.2,829.5,835.1,840.7,830.3,192.1,192.3,196.6,198.0,4.56,76.5,3.305,4168.5,828.6,836.6,839.6,829.6,192.2,193.7,197.2,198.2,4.56,76.8,3.318,-5.8,0.891,0,nominal,0,0.0,194.97,701881.1
119.0,mission_cruise,73.67759866592552,3200.0,43.16120066703724,4163.8,828.3,835.6,836.5,830.7,193.2,194.2,197.2,198.5,4.54,77.2,3.34,4168.4,828.6,836.6,839.6,829.6,192.2,193.7,197.2,198.2,4.56,76.8,3.318,-5.8,0.891,0,nominal,0,0.0,194.97,701881.0
119.1,mission_cruise,73.67648693718732,3200.0,43.16175653140634,4174.5,828.2,834.1,839.1,830.8,192.8,194.2,197.5,197.2,4.57,77.5,3.284,4168.4,828.6,836.6,839.6,829.6,192.2,193.7,197.2,198.2,4.56,76.8,3.318,-5.8,0.891,0,nominal,0,0.0,194.97,701880.9
119.2,mission_cruise,73.67537520844914,3200.0,43.16231239577543,4167.2,827.8,836.2,839.0,828.8,191.4,193.1,195.3,198.5,4.59,76.0,3.301,4168.4,828.6,836.6,839.6,829.6,192.2,193.7,197.2,198.2,4.56,76.7,3.318,-5.8,0.891,0,nominal,0,0.0,194.97,701880.8
119.3,mission_cruise,73.67426347971094,3200.0,43.16286826014453,4159.0,828.2,835.1,842.4,829.9,192.0,194.1,196.9,198.5,4.58,75.8,3.327,4168.3,828.6,836.6,839.6,829.6,192.2,193.7,197.2,198.2,4.56,76.7,3.318,-5.8,0.891,0,nominal,0,0.0,194.97,701880.7
119.4,mission_cruise,73.67315175097276,3200.0,43.16342412451362,4171.0,827.5,835.6,841.6,831.1,191.5,193.1,197.2,198.2,4.56,76.8,3.346,4168.3,828.6,836.6,839.6,829.6,192.2,193.7,197.2,198.2,4.56,76.7,3.317,-5.8,0.891,0,nominal,0,0.0,194.97,701880.6
119.5,mission_cruise,73.67204002223457,3200.0,43.163979988882716,4182.5,829.7,837.1,839.6,830.6,192.8,193.1,197.0,198.2,4.54,77.1,3.325,4168.3,828.6,836.6,839.6,829.6,192.2,193.7,197.2,198.2,4.56,76.7,3.317,-5.8,0.891,0,nominal,0,0.0,194.97,701880.5
119.6,mission_cruise,73.67092829349639,3200.0,43.164535853251806,4160.6,830.3,835.1,837.7,830.1,192.1,194.1,197.7,198.0,4.54,77.2,3.285,4168.2,828.6,836.6,839.6,829.6,192.2,193.7,197.2,198.2,4.56,76.7,3.317,-5.8,0.891,0,nominal,0,0.0,194.97,701880.4
119.7,mission_cruise,73.6698165647582,3200.0,43.1650917176209,4159.6,829.3,840.2,840.1,829.8,191.5,193.5,197.1,197.5,4.55,76.9,3.326,4168.2,828.6,836.6,839.6,829.6,192.2,193.7,197.2,198.2,4.56,76.7,3.317,-5.8,0.891,0,nominal,0,0.0,194.97,701880.3
119.8,mission_cruise,73.66870483602001,3200.0,43.165647581989994,4167.8,829.3,835.9,838.9,830.5,191.1,193.0,197.6,198.1,4.53,77.3,3.336,4168.2,828.6,836.6,839.6,829.6,192.2,193.7,197.2,198.2,4.56,76.7,3.317,-5.8,0.891,0,nominal,0,0.0,194.97,701880.2
119.9,mission_cruise,73.66759310728182,3200.0,43.16620344635909,4157.7,829.5,838.1,839.6,827.3,192.4,193.7,197.2,197.6,4.55,77.4,3.318,4168.1,828.6,836.6,839.6,829.6,192.2,193.7,197.2,198.2,4.56,76.7,3.317,-5.8,0.891,0,nominal,0,0.0,194.97,701880.1
120.0,mission_cruise,73.66648137854364,3200.0,43.16675931072818,4166.6,827.6,834.4,839.8,827.8,191.9,193.5,196.7,197.5,4.55,78.0,3.33,4168.1,828.6,836.6,839.6,829.6,192.2,193.7,197.2,198.2,4.56,76.7,3.317,-5.8,0.891,0,nominal,0,0.0,194.97,701880.0
120.1,mission_cruise,73.66536964980544,3200.0,43.16731517509728,4165.8,829.8,836.4,839.8,829.6,192.1,193.1,197.0,197.2,4.52,76.5,3.287,4168.1,828.6,836.6,839.6,829.6,192.2,193.7,197.2,198.2,4.56,76.7,3.317,-5.8,0.891,0,nominal,0,0.0,194.97,701879.9
120.2,mission_cruise,73.66425792106726,3200.0,43.16787103946637,4169.2,827.2,835.9,840.2,827.3,191.3,192.6,197.2,197.9,4.53,77.3,3.357,4168.0,828.6,836.6,839.6,829.6,192.2,193.7,197.2,198.2,4.56,76.7,3.317,-5.8,0.891,0,nominal,0,0.0,194.97,701879.8
120.3,mission_cruise,73.66314619232907,3200.0,43.16842690383547,4167.9,826.7,834.4,837.8,827.2,192.1,193.5,198.4,197.5,4.59,76.5,3.293,4168.0,828.6,836.6,839.6,829.6,192.1,193.6,197.1,198.1,4.56,76.7,3.317,-5.8,0.891,0,nominal,0,0.0,194.97,701879.7
120.4,mission_cruise,73.66203446359089,3200.0,43.16898276820456,4177.1,829.9,836.3,840.5,829.0,192.2,193.9,197.2,198.2,4.5,77.2,3.358,4168.0,828.6,836.6,839.6,829.6,192.1,193.6,197.1,198.1,4.56,76.7,3.317,-5.8,0.891,0,nominal,0,0.0,194.97,701879.6
120.5,mission_cruise,73.66092273485269,3200.0,43.169538632573655,4170.7,829.1,836.5,837.2,829.2,192.0,194.0,198.5,197.2,4.59,77.1,3.32,4167.9,828.6,836.6,839.6,829.6,192.1,193.6,197.1,198.1,4.56,76.7,3.317,-5.8,0.891,0,nominal,0,0.0,194.97,701879.5
120.6,mission_cruise,73.65981100611451,3200.0,43.170094496942745,4174.9,829.9,835.3,838.7,829.5,192.2,193.7,196.4,198.5,4.56,75.7,3.3,4167.9,828.6,836.6,839.6,829.6,192.1,193.6,197.1,198.1,4.56,76.7,3.317,-5.8,0.891,0,nominal,0,0.0,194.97,701879.4
120.7,mission_cruise,73.65869927737631,3200.0,43.17065036131184,4172.0,828.0,839.6,841.5,831.6,191.8,193.7,196.9,197.8,4.53,76.4,3.311,4167.9,828.6,836.6,839.6,829.6,192.1,193.6,197.1,198.1,4.56,76.7,3.317,-5.8,0.891,0,nominal,0,0.0,194.97,701879.3
120.8,mission_cruise,73.65758754863813,3200.0,43.17120622568093,4164.0,828.9,837.0,841.0,828.8,192.1,193.7,196.1,198.9,4.55,77.3,3.308,4167.8,828.6,836.6,839.6,829.6,192.1,193.6,197.1,198.1,4.56,76.7,3.317,-5.8,0.891,0,nominal,0,0.0,194.97,701879.2
120.9,mission_cruise,73.65647581989994,3200.0,43.17176209005003,4154.2,829.7,836.5,839.1,827.7,192.3,194.2,197.2,197.6,4.55,76.7,3.298,4167.8,828.6,836.6,839.6,829.6,192.1,193.6,197.1,198.1,4.56,76.7,3.317,-5.8,0.891,0,nominal,0,0.0,194.97,701879.1
121.0,mission_cruise,73.65536409116176,3200.0,43.17231795441912,4171.3,826.2,837.2,840.1,829.7,191.7,192.7,196.9,198.1,4.58,76.9,3.305,4167.8,828.6,836.6,839.6,829.6,192.1,193.6,197.1,198.1,4.56,76.7,3.317,-5.8,0.891,0,nominal,0,0.0,194.97,701879.0
121.1,mission_cruise,73.65425236242356,3200.0,43.17287381878822,4169.2,826.8,837.9,838.9,828.3,191.3,194.2,197.1,198.9,4.56,77.5,3.275,4167.7,828.6,836.6,839.6,829.6,192.1,193.6,197.1,198.1,4.56,76.7,3.317,-5.8,0.891,0,nominal,0,0.0,194.97,701878.9
121.2,mission_cruise,73.65314063368538,3200.0,43.17342968315731,4171.2,828.7,836.3,837.5,832.2,192.6,193.0,197.5,198.6,4.56,76.6,3.308,4167.7,828.6,836.6,839.6,829.6,192.1,193.6,197.1,198.1,4.56,76.7,3.317,-5.8,0.891,0,nominal,0,0.0,194.97,701878.8
121.3,mission_cruise,73.65202890494719,3200.0,43.17398554752641,4173.2,829.9,836.4,840.1,829.4,192.0,194.2,197.5,199.4,4.53,75.4,3.304,4167.7,828.6,836.6,839.6,829.6,192.1,193.6,197.1,198.1,4.56,76.7,3.317,-5.8,0.891,0,nominal,0,0.0,194.97,701878.7
121.4,mission_cruise,73.650917176209,3200.0,43.1745414118955,4163.0,828.8,837.1,838.6,829.0,192.6,194.2,196.5,197.5,4.56,77.1,3.339,4167.6,828.6,836.6,839.6,829.6,192.1,193.6,197.1,198.1,4.56,76.7,3.317,-5.8,0.891,0,nominal,0,0.0,194.97,701878.6
121.5,mission_cruise,73.64980544747081,3200.0,43.175097276264594,4176.8,828.5,838.3,837.8,828.7,192.1,193.0,197.7,197.4,4.55,76.6,3.337,4167.6,828.6,836.6,839.6,829.6,192.1,193.6,197.1,198.1,4.56,76.7,3.317,-5.8,0.891,0,nominal,0,0.0,194.97,701878.5
121.6,mission_cruise,73.64869371873263,3200.0,43.175653140633685,4171.1,831.0,835.8,839.5,829.3,192.7,193.8,196.6,197.6,4.54,76.8,3.399,4167.6,828.6,836.6,839.6,829.6,192.1,193.6,197.1,198.1,4.56,76.7,3.317,-5.8,0.891,0,nominal,0,0.0,194.97,701878.4
121.7,mission_cruise,73.64758198999444,3200.0,43.17620900500278,4171.5,827.5,838.5,839.4,830.4,192.4,193.9,197.9,197.1,4.54,77.0,3.336,4167.5,828.6,836.6,839.6,829.6,192.1,193.6,197.1,198.1,4.56,76.7,3.317,-5.8,0.891,0,nominal,0,0.0,194.97,701878.3
121.8,mission_cruise,73.64647026125625,3200.0,43.17676486937187,4167.1,826.8,835.8,837.9,829.2,192.9,194.3,196.4,196.8,4.57,76.4,3.295,4167.5,828.6,836.6,839.6,829.6,192.1,193.6,197.1,198.1,4.56,76.7,3.317,-5.8,0.891,0,nominal,0,0.0,194.97,701878.2
121.9,mission_cruise,73.64535853251806,3200.0,43.17732073374097,4159.9,828.0,837.3,835.6,826.8,193.2,192.7,196.6,198.8,4.56,76.6,3.252,4167.4,828.6,836.6,839.6,829.6,192.1,193.6,197.1,198.1,4.56,76.7,3.316,-5.8,0.891,0,nominal,0,0.0,194.97,701878.1
122.0,mission_cruise,73.64424680377988,3200.0,43.17787659811006,4175.8,827.8,836.0,840.4,828.9,191.1,193.3,196.9,199.4,4.54,76.9,3.29,4167.4,828.6,836.6,839.6,829.6,192.1,193.6,197.1,198.1,4.56,76.7,3.316,-5.8,0.891,0,nominal,0,0.0,194.97,701878.0
122.1,mission_cruise,73.64313507504168,3200.0,43.17843246247916,4165.1,827.7,836.0,838.6,828.4,192.8,193.1,196.4,197.5,4.49,76.8,3.287,4167.4,828.6,836.6,839.6,829.6,192.1,193.6,197.1,198.1,4.56,76.7,3.316,-5.8,0.891,0,nominal,0,0.0,194.97,701877.9
122.2,mission_cruise,73.6420233463035,3200.0,43.17898832684825,4168.6,829.3,837.5,843.0,829.0,191.7,193.8,197.7,198.1,4.56,76.3,3.278,4167.3,828.6,836.6,839.6,829.6,192.0,193.5,197.0,198.0,4.56,76.7,3.316,-5.8,0.891,0,nominal,0,0.0,194.97,701877.8
122.3,mission_cruise,73.64091161756531,3200.0,43.179544191217346,4167.2,830.8,837.1,840.6,830.4,191.8,193.6,197.6,198.7,4.58,76.2,3.362,4167.3,828.6,836.6,839.6,829.6,192.0,193.5,197.0,198.0,4.56,76.7,3.316,-5.8,0.891,0,nominal,0,0.0,194.97,701877.7
122.4,mission_cruise,73.63979988882713,3200.0,43.180100055586436,4170.3,827.3,836.3,840.7,828.6,192.0,192.9,196.3,199.0,4.58,76.0,3.279,4167.3,828.6,836.6,839.6,829.6,192.0,193.5,197.0,198.0,4.56,76.7,3.316,-5.8,0.891,0,nominal,0,0.0,194.97,701877.6
122.5,mission_cruise,73.63868816008893,3200.0,43.180655919955534,4169.8,828.7,837.1,840.6,828.6,192.2,193.6,197.6,197.7,4.54,76.9,3.325,4167.2,828.6,836.6,839.6,829.6,192.0,193.5,197.0,198.0,4.56,76.7,3.316,-5.8,0.891,0,nominal,0,0.0,194.97,701877.5
122.6,mission_cruise,73.63757643135075,3200.0,43.181211784324624,4159.2,826.2,836.1,841.7,829.1,190.9,193.1,196.8,196.2,4.54,76.0,3.36,4167.2,828.6,836.6,839.6,829.6,192.0,193.5,197.0,198.0,4.56,76.7,3.316,-5.8,0.891,0,nominal,0,0.0,194.97,701877.4
122.7,mission_cruise,73.63646470261256,3200.0,43.18176764869372,4173.2,829.3,835.9,839.7,829.6,193.0,193.7,196.1,198.0,4.56,77.0,3.298,4167.2,828.6,836.6,839.6,829.6,192.0,193.5,197.0,198.0,4.56,76.7,3.316,-5.8,0.891,0,nominal,0,0.0,194.97,701877.3
122.8,mission_cruise,73.63535297387438,3200.0,43.18232351306281,4164.3,829.7,838.1,840.5,828.0,192.6,194.7,196.5,197.0,4.58,77.0,3.345,4167.1,828.6,836.6,839.6,829.6,192.0,193.5,197.0,198.0,4.56,76.7,3.316,-5.8,0.891,0,nominal,0,0.0,194.97,701877.2
122.9,mission_cruise,73.63424124513618,3200.0,43.18287937743191,4168.6,830.4,835.7,839.5,829.4,193.6,193.5,197.0,197.6,4.57,76.8,3.26,4167.1,828.6,836.6,839.6,829.6,192.0,193.5,197.0,198.0,4.56,76.6,3.316,-5.8,0.891,0,nominal,0,0.0,194.97,701877.1
123.0,mission_cruise,73.633129516398,3200.0,43.183435241801,4155.7,828.0,835.6,840.8,825.9,191.3,193.2,196.9,198.6,4.57,76.7,3.338,4167.1,828.6,836.6,839.6,829.6,192.0,193.5,197.0,198.0,4.56,76.6,3.316,-5.8,0.891,0,nominal,0,0.0,194.97,701877.0
123.1,mission_cruise,73.6320177876598,3200.0,43.1839911061701,4179.5,828.6,837.5,836.3,828.7,190.2,193.2,197.5,198.3,4.55,77.3,3.281,4167.0,828.6,836.6,839.6,829.6,192.0,193.5,197.0,198.0,4.56,76.6,3.316,-5.8,0.891,0,nominal,0,0.0,194.97,701876.9
123.2,mission_cruise,73.63090605892162,3200.0,43.18454697053919,4168.8,830.1,835.4,840.2,828.8,193.2,194.3,197.1,198.5,4.54,76.9,3.256,4167.0,828.5,836.5,839.5,829.5,192.0,193.5,197.0,198.0,4.56,76.6,3.316,-5.8,0.891,0,nominal,0,0.0,194.97,701876.8
123.3,mission_cruise,73.62979433018343,3200.0,43.185102834908285,4172.0,828.7,835.4,836.5,828.7,191.8,193.8,196.7,197.4,4.52,77.4,3.276,4167.0,828.5,836.5,839.5,829.5,192.0,193.5,197.0,198.0,4.56,76.6,3.316,-5.8,0.891,0,nominal,0,0.0,194.97,701876.7
123.4,mission_cruise,73.62868260144525,3200.0,43.185658699277376,4174.4,831.0,836.3,840.2,826.8,192.4,193.5,197.9,197.6,4.56,76.6,3.299,4166.9,828.5,836.5,839.5,829.5,192.0,193.5,197.0,198.0,4.56,76.6,3.316,-5.8,0.891,0,nominal,0,0.0,194.97,701876.6
123.5,mission_cruise,73.62757087270705,3200.0,43.18621456364647,4161.1,828.8,835.8,842.3,830.6,191.1,193.7,198.0,198.5,4.56,77.4,3.318,4166.9,828.5,836.5,839.5,829.5,192.0,193.5,197.0,198.0,4.56,76.6,3.316,-5.8,0.891,0,nominal,0,0.0,194.97,701876.5
123.6,mission_cruise,73.62645914396887,3200.0,43.18677042801556,4162.0,830.8,836.0,838.4,830.4,192.6,195.3,196.2,198.4,4.58,76.4,3.345,4166.9,828.5,836.5,839.5,829.5,192.0,193.5,197.0,198.0,4.56,76.6,3.316,-5.8,0.891,0,nominal,0,0.0,194.97,701876.4
123.7,mission_cruise,73.62534741523068,3200.0,43.18732629238466,4167.1,829.0,836.2,837.8,831.8,191.0,194.1,195.9,197.8,4.55,75.7,3.319,4166.8,828.5,836.5,839.5,829.5,192.0,193.5,197.0,198.0,4.56,76.6,3.316,-5.8,0.891,0,nominal,0,0.0,194.97,701876.3
123.8,mission_cruise,73.6242356864925,3200.0,43.18788215675375,4161.3,829.5,839.2,837.2,830.3,192.6,194.1,198.1,197.9,4.55,76.3,3.336,4166.8,828.5,836.5,839.5,829.5,192.0,193.5,197.0,198.0,4.56,76.6,3.316,-5.8,0.891,0,nominal,0,0.0,194.97,701876.2
123.9,mission_cruise,73.6231239577543,3200.0,43.18843802112285,4169.6,826.8,835.6,839.4,830.6,192.4,195.3,197.6,199.6,4.51,76.8,3.274,4166.8,828.5,836.5,839.5,829.5,192.0,193.5,197.0,198.0,4.56,76.6,3.316,-5.8,0.891,0,nominal,0,0.0,194.97,701876.1
124.0,mission_cruise,73.62201222901612,3200.0,43.18899388549194,4154.4,827.9,834.1,841.0,830.2,191.9,193.2,196.7,197.3,4.55,76.4,3.313,4166.7,828.5,836.5,839.5,829.5,192.0,193.5,197.0,198.0,4.56,76.6,3.316,-5.8,0.891,0,nominal,0,0.0,194.97,701876.0
124.1,mission_cruise,73.62090050027793,3200.0,43.18954974986104,4167.5,827.5,836.0,839.9,829.4,192.8,194.2,197.6,197.7,4.53,77.0,3.289,4166.7,828.5,836.5,839.5,829.5,192.0,193.5,197.0,198.0,4.56,76.6,3.316,-5.8,0.891,0,nominal,0,0.0,194.97,701875.9
124.2,mission_cruise,73.61978877153975,3200.0,43.19010561423013,4173.2,824.1,838.0,838.2,829.1,190.8,193.9,197.0,198.1,4.57,75.5,3.315,4166.7,828.5,836.5,839.5,829.5,192.0,193.5,197.0,198.0,4.56,76.6,3.316,-5.8,0.891,0,nominal,0,0.0,194.97,701875.8
124.3,mission_cruise,73.61867704280155,3200.0,43.190661478599225,4164.1,830.3,837.6,840.1,830.2,192.4,193.6,197.2,197.8,4.52,75.8,3.349,4166.6,828.5,836.5,839.5,829.5,192.0,193.5,197.0,198.0,4.56,76.6,3.315,-5.8,0.891,0,nominal,0,0.0,194.97,701875.7
124.4,mission_cruise,73.61756531406337,3200.0,43.191217342968315,4160.2,827.9,833.0,839.3,829.1,191.7,193.2,196.1,198.1,4.56,77.2,3.336,4166.6,828.5,836.5,839.5,829.5,191.9,193.4,196.9,197.9,4.56,76.6,3.315,-5.8,0.891,0,nominal,0,0.0,194.97,701875.6
124.5,mission_cruise,73.61645358532517,3200.0,43.19177320733741,4170.3,831.1,839.4,841.0,830.7,192.7,193.6,197.3,198.2,4.59,76.9,3.298,4166.6,828.5,836.5,839.5,829.5,191.9,193.4,196.9,197.9,4.56,76.6,3.315,-5.8,0.891,0,nominal,0,0.0,194.97,701875.5
124.6,mission_cruise,73.615341856587,3200.0,43.1923290717065,4167.2,828.7,836.3,838.4,832.3,192.1,193.7,196.4,198.5,4.52,77.0,3.32,4166.5,828.5,836.5,839.5,829.5,191.9,193.4,196.9,197.9,4.56,76.6,3.315,-5.8,0.891,0,nominal,0,0.0,194.97,701875.4
124.7,mission_cruise,73.6142301278488,3200.0,43.1928849360756,4162.6,830.0,834.8,838.1,830.7,192.2,193.3,197.4,197.7,4.52,76.7,3.302,4166.5,828.5,836.5,839.5,829.5,191.9,193.4,196.9,197.9,4.56,76.6,3.315,-5.8,0.891,0,nominal,0,0.0,194.97,701875.3
124.8,mission_cruise,73.61311839911062,3200.0,43.19344080044469,4172.7,829.3,837.2,839.9,828.6,191.4,193.7,197.4,197.9,4.58,76.0,3.382,4166.5,828.5,836.5,839.5,829.5,191.9,193.4,196.9,197.9,4.56,76.6,3.315,-5.8,0.891,0,nominal,0,0.0,194.97,701875.2
124.9,mission_cruise,73.61200667037242,3200.0,43.19399666481379,4177.9,828.1,836.0,840.0,831.0,191.7,193.4,197.8,197.3,4.55,76.9,3.324,4166.4,828.5,836.5,839.5,829.5,191.9,193.4,196.9,197.9,4.56,76.6,3.315,-5.8,0.891,0,nominal,0,0.0,194.97,701875.1
125.0,mission_cruise,73.61089494163424,3200.0,43.19455252918288,4161.1,832.4,836.4,839.9,827.1,191.7,192.8,196.8,198.3,4.58,76.3,3.296,4166.4,828.5,836.5,839.5,829.5,191.9,193.4,196.9,197.9,4.56,76.6,3.315,-5.8,0.891,0,nominal,0,0.0,194.97,701875.0
125.1,mission_cruise,73.60978321289605,3200.0,43.195108393551976,4159.1,828.6,836.3,837.3,830.0,192.5,192.4,198.3,197.2,4.56,76.3,3.327,4166.4,828.5,836.5,839.5,829.5,191.9,193.4,196.9,197.9,4.56,76.6,3.315,-5.8,0.891,0,nominal,0,0.0,194.97,701874.9
125.2,mission_cruise,73.60867148415787,3200.0,43.19566425792107,4178.3,827.3,834.7,839.7,828.4,192.3,193.3,197.3,198.2,4.61,76.6,3.342,4166.3,828.5,836.5,839.5,829.5,191.9,193.4,196.9,197.9,4.56,76.6,3.315,-5.8,0.891,0,nominal,0,0.0,194.97,701874.8
125.3,mission_cruise,73.60755975541967,3200.0,43.196220122290164,4155.6,828.4,835.8,839.9,830.3,191.8,194.4,195.9,197.6,4.53,75.8,3.283,4166.3,828.5,836.5,839.5,829.5,191.9,193.4,196.9,197.9,4.56,76.6,3.315,-5.8,0.891,0,nominal,0,0.0,194.97,701874.7
125.4,mission_cruise,73.60644802668149,3200.0,43.196775986659254,4173.2,828.5,838.1,840.2,828.7,191.2,192.5,196.8,198.2,4.59,76.1,3.273,4166.3,828.5,836.5,839.5,829.5,191.9,193.4,196.9,197.9,4.56,76.6,3.315,-5.8,0.891,0,nominal,0,0.0,194.97,701874.6
125.5,mission_cruise,73.6053362979433,3200.0,43.19733185102835,4159.2,830.3,836.0,840.7,828.2,192.6,192.9,197.1,197.7,4.58,76.8,3.324,4166.2,828.5,836.5,839.5,829.5,191.9,193.4,196.9,197.9,4.56,76.6,3.315,-5.8,0.891,0,nominal,0,0.0,194.97,701874.5
125.6,mission_cruise,73.60422456920512,3200.0,43.19788771539744,4168.1,828.1,836.7,836.5,831.8,191.7,192.5,197.0,198.7,4.61,75.7,3.273,4166.2,828.5,836.5,839.5,829.5,191.9,193.4,196.9,197.9,4.56,76.6,3.315,-5.8,0.891,0,nominal,0,0.0,194.97,701874.4
125.7,mission_cruise,73.60311284046692,3200.0,43.19844357976654,4163.4,827.2,835.9,840.4,829.4,191.3,193.6,197.4,197.5,4.52,77.1,3.284,4166.2,828.5,836.5,839.5,829.5,191.9,193.4,196.9,197.9,4.56,76.6,3.315,-5.8,0.891,0,nominal,0,0.0,194.97,701874.3
125.8,mission_cruise,73.60200111172874,3200.0,43.19899944413563,4169.2,827.6,833.4,838.6,829.5,192.0,193.6,196.7,197.8,4.58,76.3,3.358,4166.1,828.5,836.5,839.5,829.5,191.9,193.4,196.9,197.9,4.56,76.6,3.315,-5.8,0.891,0,nominal,0,0.0,194.97,701874.2
125.9,mission_cruise,73.60088938299054,3200.0,43.19955530850473,4171.5,826.9,836.4,840.4,830.3,192.5,193.0,197.6,197.4,4.52,77.3,3.329,4166.1,828.5,836.5,839.5,829.5,191.9,193.4,196.9,197.9,4.56,76.6,3.315,-5.8,0.891,0,nominal,0,0.0,194.97,701874.1
126.0,mission_cruise,73.59977765425236,3200.0,43.20011117287382,4167.1,828.1,833.3,839.6,828.9,191.7,193.6,196.8,198.3,4.55,76.1,3.337,4166.1,828.5,836.5,839.5,829.5,191.9,193.4,196.9,197.9,4.56,76.6,3.315,-5.8,0.891,0,nominal,0,0.0,194.97,701874.0
126.1,mission_cruise,73.59866592551417,3200.0,43.200667037242916,4166.4,827.4,835.2,840.9,827.8,191.8,194.0,196.5,198.2,4.54,76.9,3.333,4166.0,828.5,836.5,839.5,829.5,191.9,193.4,196.9,197.9,4.56,76.6,3.315,-5.8,0.891,0,nominal,0,0.0,194.96,701873.9
126.2,mission_cruise,73.59755419677599,3200.0,43.201222901612006,4166.8,826.1,837.3,840.2,830.5,192.8,193.7,196.6,199.0,4.59,75.9,3.355,4166.0,828.5,836.5,839.5,829.5,191.9,193.4,196.9,197.9,4.56,76.6,3.315,-5.8,0.891,0,nominal,0,0.0,194.96,701873.8
126.3,mission_cruise,73.5964424680378,3200.0,43.2017787659811,4174.7,830.8,836.3,839.9,831.7,192.2,194.0,197.4,197.1,4.55,76.0,3.338,4165.9,828.5,836.5,839.5,829.5,191.9,193.4,196.9,197.9,4.56,76.6,3.315,-5.8,0.891,0,nominal,0,0.0,194.96,701873.7
126.4,mission_cruise,73.59533073929961,3200.0,43.202334630350194,4158.9,824.9,834.9,838.6,829.8,191.8,193.6,197.0,197.3,4.57,77.3,3.322,4165.9,828.5,836.5,839.5,829.5,191.9,193.4,196.9,197.9,4.56,76.6,3.315,-5.8,0.891,0,nominal,0,0.0,194.96,701873.6
126.5,mission_cruise,73.59421901056142,3200.0,43.20289049471929,4169.1,828.4,838.1,840.1,828.6,192.1,192.7,196.4,198.3,4.56,76.8,3.338,4165.9,828.5,836.5,839.5,829.5,191.9,193.4,196.9,197.9,4.56,76.6,3.315,-5.8,0.891,0,nominal,0,0.0,194.96,701873.5
126.6,mission_cruise,73.59310728182324,3200.0,43.20344635908838,4176.9,827.6,835.6,838.1,828.9,192.8,193.4,196.0,198.0,4.59,76.0,3.285,4165.8,828.5,836.5,839.5,829.5,191.9,193.4,196.9,197.9,4.56,76.6,3.315,-5.8,0.891,0,nominal,0,0.0,194.96,701873.4
126.7,mission_cruise,73.59199555308504,3200.0,43.20400222345748,4164.8,827.7,835.3,844.4,828.9,191.1,193.4,195.7,198.0,4.54,76.7,3.267,4165.8,828.5,836.5,839.5,829.5,191.9,193.4,196.9,197.9,4.56,76.6,3.315,-5.8,0.891,0,nominal,0,0.0,194.96,701873.3
126.8,mission_cruise,73.59088382434686,3200.0,43.20455808782657,4167.8,829.6,837.5,837.9,830.5,192.2,193.4,196.1,197.6,4.53,76.0,3.352,4165.8,828.5,836.5,839.5,829.5,191.9,193.4,196.9,197.9,4.56,76.6,3.314,-5.8,0.891,0,nominal,0,0.0,194.96,701873.2
126.9,mission_cruise,73.58977209560867,3200.0,43.20511395219567,4173.2,828.6,836.4,841.0,829.2,191.1,193.3,198.0,198.8,4.56,76.3,3.3,4165.7,828.5,836.5,839.5,829.5,191.9,193.4,196.9,197.9,4.56,76.6,3.314,-5.8,0.891,0,nominal,0,0.0,194.96,701873.1
127.0,mission_cruise,73.58866036687049,3200.0,43.20566981656476,4160.4,829.4,838.3,840.8,828.1,191.5,193.0,196.1,198.5,4.58,76.7,3.292,4165.7,828.5,836.5,839.5,829.5,191.8,193.3,196.8,197.8,4.56,76.6,3.314,-5.8,0.891,0,nominal,0,0.0,194.96,701873.0
127.1,mission_cruise,73.58754863813229,3200.0,43.206225680933855,4165.2,827.1,837.0,839.0,830.9,191.9,193.8,196.4,198.5,4.56,76.6,3.303,4165.7,828.5,836.5,839.5,829.5,191.8,193.3,196.8,197.8,4.56,76.5,3.314,-5.8,0.891,0,nominal,0,0.0,194.96,701872.9
127.2,mission_cruise,73.58643690939411,3200.0,43.206781545302945,4160.8,828.8,838.2,840.7,831.8,193.0,194.3,197.7,196.8,4.52,76.6,3.374,4165.6,828.5,836.5,839.5,829.5,191.8,193.3,196.8,197.8,4.56,76.5,3.314,-5.8,0.891,0,nominal,0,0.0,194.96,701872.8
127.3,mission_cruise,73.58532518065591,3200.0,43.20733740967204,4168.4,824.6,836.1,841.6,830.5,190.9,193.2,196.7,198.3,4.6,77.3,3.274,4165.6,828.5,836.5,839.5,829.5,191.8,193.3,196.8,197.8,4.56,76.5,3.314,-5.8,0.891,0,nominal,0,0.0,194.96,701872.7
127.4,mission_cruise,73.58421345191773,3200.0,43.20789327404113,4172.9,828.4,836.8,838.8,827.9,192.2,193.6,196.8,198.2,4.57,76.3,3.308,4165.6,828.5,836.5,839.5,829.5,191.8,193.3,196.8,197.8,4.56,76.5,3.314,-5.8,0.891,0,nominal,0,0.0,194.96,701872.6
127.5,mission_cruise,73.58310172317954,3200.0,43.20844913841023,4164.3,826.0,835.4,837.3,830.4,193.0,193.6,198.2,197.6,4.53,77.0,3.26,4165.5,828.5,836.5,839.5,829.5,191.8,193.3,196.8,197.8,4.56,76.5,3.314,-5.8,0.891,0,nominal,0,0.0,194.96,701872.5
127.6,mission_cruise,73.58198999444136,3200.0,43.20900500277932,4162.4,827.9,834.8,838.0,828.3,191.8,194.3,197.0,198.8,4.53,76.8,3.302,4165.5,828.5,836.5,839.5,829.5,191.8,193.3,196.8,197.8,4.56,76.5,3.314,-5.8,0.891,0,nominal,0,0.0,194.96,701872.4
127.7,mission_cruise,73.58087826570316,3200.0,43.20956086714842,4165.5,829.2,835.8,842.3,828.2,190.9,193.9,196.5,197.3,4.58,76.5,3.385,4165.5,828.5,836.5,839.5,829.5,191.8,193.3,196.8,197.8,4.56,76.5,3.314,-5.8,0.891,0,nominal,0,0.0,194.96,701872.3
127.8,mission_cruise,73.57976653696498,3200.0,43.21011673151751,4167.0,826.7,836.9,838.0,829.4,190.9,193.1,197.1,196.8,4.59,76.3,3.294,4165.4,828.5,836.5,839.5,829.5,191.8,193.3,196.8,197.8,4.56,76.5,3.314,-5.8,0.891,0,nominal,0,0.0,194.96,701872.2
127.9,mission_cruise,73.57865480822679,3200.0,43.21067259588661,4173.5,827.9,835.7,837.4,830.4,191.2,192.2,197.5,197.1,4.59,76.6,3.309,4165.4,828.5,836.5,839.5,829.5,191.8,193.3,196.8,197.8,4.56,76.5,3.314,-5.8,0.891,0,nominal,0,0.0,194.96,701872.1
128.0,mission_cruise,73.5775430794886,3200.0,43.2112284602557,4159.6,828.4,837.2,839.0,829.1,192.6,193.9,196.5,197.5,4.51,76.3,3.302,4165.4,828.5,836.5,839.5,829.5,191.8,193.3,196.8,197.8,4.56,76.5,3.314,-5.8,0.891,0,nominal,0,0.0,194.96,701872.0
128.1,mission_cruise,73.57643135075041,3200.0,43.211784324624794,4157.4,829.6,839.2,839.9,827.3,192.9,193.7,196.3,198.0,4.58,76.2,3.281,4165.3,828.5,836.5,839.5,829.5,191.8,193.3,196.8,197.8,4.56,76.5,3.314,-5.8,0.891,0,nominal,0,0.0,194.96,701871.9
128.2,mission_cruise,73.57531962201223,3200.0,43.212340188993885,4172.6,827.3,836.8,839.2,831.3,191.6,194.4,197.0,198.6,4.57,76.7,3.319,4165.3,828.5,836.5,839.5,829.5,191.8,193.3,196.8,197.8,4.56,76.5,3.314,-5.8,0.891,0,nominal,0,0.0,194.96,701871.8
128.3,mission_cruise,73.57420789327404,3200.0,43.21289605336298,4160.3,828.1,833.3,838.3,828.7,192.1,193.5,197.4,198.3,4.55,77.2,3.309,4165.3,828.5,836.5,839.5,829.5,191.8,193.3,196.8,197.8,4.56,76.5,3.314,-5.8,0.891,0,nominal,0,0.0,194.96,701871.7
128.4,mission_cruise,73.57309616453585,3200.0,43.21345191773207,4157.4,828.2,837.8,838.6,825.9,191.2,192.9,195.9,198.9,4.53,76.0,3.346,4165.2,828.4,836.4,839.4,829.4,191.8,193.3,196.8,197.8,4.56,76.5,3.314,-5.8,0.891,0,nominal,0,0.0,194.96,701871.6
128.5,mission_cruise,73.57198443579766,3200.0,43.21400778210117,4161.6,828.6,837.9,840.4,830.1,192.2,193.8,196.7,198.1,4.55,76.6,3.301,4165.2,828.4,836.4,839.4,829.4,191.8,193.3,196.8,197.8,4.56,76.5,3.314,-5.8,0.891,0,nominal,0,0.0,194.96,701871.5
128.6,mission_cruise,73.57087270705948,3200.0,43.21456364647026,4160.7,826.9,837.1,838.9,828.2,192.1,193.6,196.4,198.2,4.57,77.3,3.341,4165.2,828.4,836.4,839.4,829.4,191.8,193.3,196.8,197.8,4.56,76.5,3.314,-5.8,0.891,0,nominal,0,0.0,194.96,701871.4
128.7,mission_cruise,73.56976097832128,3200.0,43.21511951083936,4166.7,827.3,836.0,839.5,828.6,191.4,193.1,196.8,197.2,4.58,77.4,3.334,4165.1,828.4,836.4,839.4,829.4,191.8,193.3,196.8,197.8,4.56,76.5,3.314,-5.8,0.891,0,nominal,0,0.0,194.96,701871.3
128.8,mission_cruise,73.5686492495831,3200.0,43.21567537520845,4155.1,826.4,836.4,839.7,831.5,192.3,193.0,197.4,197.2,4.51,76.3,3.299,4165.1,828.4,836.4,839.4,829.4,191.8,193.3,196.8,197.8,4.56,76.5,3.314,-5.8,0.891,0,nominal,0,0.0,194.96,701871.2
128.9,mission_cruise,73.56753752084491,3200.0,43.216231239577546,4165.4,830.1,837.2,842.0,832.6,192.2,194.1,198.5,197.9,4.55,76.7,3.33,4165.1,828.4,836.4,839.4,829.4,191.8,193.3,196.8,197.8,4.56,76.5,3.314,-5.8,0.891,0,nominal,0,0.0,194.96,701871.1
129.0,mission_cruise,73.56642579210673,3200.0,43.216787103946636,4163.9,828.9,837.0,840.3,828.2,191.6,193.3,195.4,199.8,4.53,76.2,3.325,4165.0,828.4,836.4,839.4,829.4,191.8,193.3,196.8,197.8,4.56,76.5,3.314,-5.8,0.891,0,nominal,0,0.0,194.96,701871.0
129.1,mission_cruise,73.56531406336853,3200.0,43.217342968315734,4162.4,828.6,835.1,838.5,829.5,192.2,193.8,196.6,197.6,4.57,77.1,3.278,4165.0,828.4,836.4,839.4,829.4,191.8,193.3,196.8,197.8,4.56,76.5,3.314,-5.8,0.891,0,nominal,0,0.0,194.96,701870.9
129.2,mission_cruise,73.56420233463035,3200.0,43.217898832684824,4156.0,827.5,835.2,838.7,830.1,191.6,193.6,197.4,197.6,4.54,76.6,3.297,4165.0,828.4,836.4,839.4,829.4,191.8,193.3,196.8,197.8,4.56,76.5,3.313,-5.8,0.891,0,nominal,0,0.0,194.96,701870.8
129.3,mission_cruise,73.56309060589216,3200.0,43.21845469705392,4163.7,828.6,834.4,838.8,831.5,190.7,192.8,196.3,198.0,4.6,76.3,3.369,4164.9,828.4,836.4,839.4,829.4,191.8,193.3,196.8,197.8,4.56,76.5,3.313,-5.8,0.891,0,nominal,0,0.0,194.96,701870.7
129.4,mission_cruise,73.56197887715398,3200.0,43.21901056142301,4171.3,826.8,836.2,840.7,829.2,191.3,193.9,196.2,197.5,4.55,76.6,3.311,4164.9,828.4,836.4,839.4,829.4,191.8,193.3,196.8,197.8,4.56,76.5,3.313,-5.8,0.891,0,nominal,0,0.0,194.96,701870.6
129.5,mission_cruise,73.56086714841578,3200.0,43.21956642579211,4173.2,831.1,838.2,842.4,827.8,192.3,192.7,196.7,196.6,4.57,77.0,3.287,4164.9,828.4,836.4,839.4,829.4,191.8,193.3,196.8,197.8,4.56,76.5,3.313,-5.8,0.891,0,nominal,0,0.0,194.96,701870.5
129.6,mission_cruise,73.5597554196776,3200.0,43.2201222901612,4165.8,828.7,837.6,842.0,828.0,191.5,194.0,196.9,197.6,4.53,76.9,3.355,4164.8,828.4,836.4,839.4,829.4,191.8,193.3,196.8,197.8,4.56,76.5,3.313,-5.8,0.891,0,nominal,0,0.0,194.96,701870.4
129.7,mission_cruise,73.5586436909394,3200.0,43.2206781545303,4161.9,827.3,835.4,839.0,829.8,191.8,191.8,197.1,198.6,4.57,76.8,3.315,4164.8,828.4,836.4,839.4,829.4,191.8,193.3,196.8,197.8,4.56,76.5,3.313,-5.8,0.891,0,nominal,0,0.0,194.96,701870.3
129.8,mission_cruise,73.55753196220122,3200.0,43.22123401889939,4167.0,830.2,834.7,839.2,833.8,191.8,193.0,196.7,198.8,4.53,76.7,3.301,4164.8,828.4,836.4,839.4,829.4,191.8,193.3,196.8,197.8,4.56,76.5,3.313,-5.8,0.891,0,nominal,0,0.0,194.96,701870.2
129.9,mission_cruise,73.55642023346303,3200.0,43.221789883268485,4168.0,828.2,836.9,841.3,829.3,192.1,194.1,196.4,196.6,4.5,76.9,3.342,4164.7,828.4,836.4,839.4,829.4,191.8,193.3,196.8,197.8,4.56,76.5,3.313,-5.8,0.891,0,nominal,0,0.0,194.96,701870.1
130.0,mission_cruise,73.55530850472485,3200.0,43.222345747637576,4173.5,828.3,838.8,836.3,831.6,191.1,192.9,196.3,198.5,4.54,76.3,3.26,4164.7,828.4,836.4,839.4,829.4,191.8,193.3,196.8,197.8,4.56,76.5,3.313,-5.8,0.891,0,nominal,0,0.0,194.96,701870.0
130.1,mission_cruise,73.55419677598665,3200.0,43.22290161200667,4165.0,828.8,835.4,839.2,830.0,191.5,193.4,196.7,197.4,4.53,76.0,3.265,4164.7,828.4,836.4,839.4,829.4,191.8,193.3,196.8,197.8,4.56,76.5,3.313,-5.8,0.891,0,nominal,0,0.0,194.96,701869.9
130.2,mission_cruise,73.55308504724847,3200.0,43.22345747637576,4163.1,827.5,837.0,838.0,832.2,191.2,193.8,196.7,195.5,4.54,77.0,3.352,4164.6,828.4,836.4,839.4,829.4,191.7,193.2,196.7,197.7,4.56,76.5,3.313,-5.8,0.891,0,nominal,0,0.0,194.96,701869.8
130.3,mission_cruise,73.55197331851028,3200.0,43.22401334074486,4164.2,829.2,835.9,840.7,830.0,192.4,193.1,195.7,198.3,4.55,76.3,3.271,4164.6,828.4,836.4,839.4,829.4,191.7,193.2,196.7,197.7,4.56,76.5,3.313,-5.8,0.891,0,nominal,0,0.0,194.96,701869.7
130.4,mission_cruise,73.5508615897721,3200.0,43.22456920511395,4162.4,829.1,836.6,839.8,826.7,192.3,192.3,196.9,198.1,4.59,76.5,3.295,4164.6,828.4,836.4,839.4,829.4,191.7,193.2,196.7,197.7,4.56,76.5,3.313,-5.8,0.891,0,nominal,0,0.0,194.96,701869.6
130.5,mission_cruise,73.5497498610339,3200.0,43.22512506948305,4151.0,828.6,834.2,840.5,830.7,191.3,193.3,196.8,197.2,4.55,75.8,3.256,4164.5,828.4,836.4,839.4,829.4,191.7,193.2,196.7,197.7,4.56,76.5,3.313,-5.8,0.891,0,nominal,0,0.0,194.96,701869.5
130.6,mission_cruise,73.54863813229572,3200.0,43.22568093385214,4166.4,830.1,839.6,839.1,829.7,191.1,193.1,196.3,198.1,4.58,77.0,3.347,4164.5,828.4,836.4,839.4,829.4,191.7,193.2,196.7,197.7,4.56,76.5,3.313,-5.8,0.891,0,nominal,0,0.0,194.96,701869.4
130.7,mission_cruise,73.54752640355753,3200.0,43.22623679822124,4164.6,827.6,836.0,841.4,828.4,192.2,194.4,196.3,198.4,4.59,76.5,3.285,4164.5,828.4,836.4,839.4,829.4,191.7,193.2,196.7,197.7,4.56,76.5,3.313,-5.8,0.891,0,nominal,0,0.0,194.96,701869.3
130.8,mission_cruise,73.54641467481935,3200.0,43.22679266259033,4165.6,826.6,835.8,839.5,828.2,191.5,193.1,195.9,197.8,4.58,75.7,3.35,4164.4,828.4,836.4,839.4,829.4,191.7,193.2,196.7,197.7,4.56,76.5,3.313,-5.8,0.891,0,nominal,0,0.0,194.96,701869.2
130.9,mission_cruise,73.54530294608115,3200.0,43.227348526959425,4164.5,830.0,836.4,838.9,829.4,191.1,193.8,197.0,197.9,4.55,75.7,3.365,4164.4,828.4,836.4,839.4,829.4,191.7,193.2,196.7,197.7,4.56,76.5,3.313,-5.8,0.891,0,nominal,0,0.0,194.96,701869.1
131.0,mission_cruise,73.54419121734297,3200.0,43.227904391328515,4163.8,830.2,836.9,840.1,829.7,192.0,193.3,196.7,197.3,4.53,76.4,3.283,4164.3,828.4,836.4,839.4,829.4,191.7,193.2,196.7,197.7,4.56,76.5,3.313,-5.8,0.891,0,nominal,0,0.0,194.96,701869.0
131.1,mission_cruise,73.54307948860477,3200.0,43.22846025569761,4167.8,827.1,837.7,840.0,829.2,191.9,192.4,197.2,197.8,4.56,76.8,3.281,4164.3,828.4,836.4,839.4,829.4,191.7,193.2,196.7,197.7,4.56,76.5,3.313,-5.8,0.891,0,nominal,0,0.0,194.96,701868.9
131.2,mission_cruise,73.5419677598666,3200.0,43.2290161200667,4170.2,827.9,838.1,841.5,829.9,191.2,194.4,197.2,198.2,4.56,76.8,3.292,4164.3,828.4,836.4,839.4,829.4,191.7,193.2,196.7,197.7,4.56,76.5,3.313,-5.8,0.891,0,nominal,0,0.0,194.96,701868.8
131.3,mission_cruise,73.5408560311284,3200.0,43.2295719844358,4165.0,827.9,837.2,839.6,829.2,191.7,193.8,197.1,198.2,4.53,77.4,3.338,4164.2,828.4,836.4,839.4,829.4,191.7,193.2,196.7,197.7,4.56,76.5,3.313,-5.8,0.891,0,nominal,0,0.0,194.96,701868.7
131.4,mission_cruise,73.53974430239022,3200.0,43.23012784880489,4167.7,827.7,835.2,839.2,829.0,191.6,193.6,195.8,197.5,4.57,76.1,3.256,4164.2,828.4,836.4,839.4,829.4,191.7,193.2,196.7,197.7,4.56,76.5,3.313,-5.8,0.891,0,nominal,0,0.0,194.96,701868.6
131.5,mission_cruise,73.53863257365202,3200.0,43.23068371317399,4168.4,828.2,834.5,840.3,828.6,192.6,193.8,197.3,198.2,4.6,76.5,3.313,4164.2,828.4,836.4,839.4,829.4,191.7,193.2,196.7,197.7,4.56,76.5,3.313,-5.8,0.891,0,nominal,0,0.0,194.96,701868.5
131.6,mission_cruise,73.53752084491384,3200.0,43.23123957754308,4173.8,826.5,836.8,837.8,828.0,192.3,192.3,197.3,197.5,4.58,76.0,3.284,4164.1,828.4,836.4,839.4,829.4,191.7,193.2,196.7,197.7,4.56,76.5,3.313,-5.8,0.891,0,nominal,0,0.0,194.96,701868.4
131.7,mission_cruise,73.53640911617565,3200.0,43.231795441912176,4164.6,828.8,838.4,839.5,830.6,191.8,193.2,196.6,197.4,4.6,75.6,3.306,4164.1,828.4,836.4,839.4,829.4,191.7,193.2,196.7,197.7,4.56,76.4,3.312,-5.8,0.891,0,nominal,0,0.0,194.96,701868.3
131.8,mission_cruise,73.53529738743747,3200.0,43.23235130628127,4162.5,827.8,839.5,839.2,827.3,190.9,193.3,197.0,198.0,4.54,76.9,3.342,4164.1,828.4,836.4,839.4,829.4,191.7,193.2,196.7,197.7,4.56,76.4,3.312,-5.8,0.891,0,nominal,0,0.0,194.96,701868.2
131.9,mission_cruise,73.53418565869927,3200.0,43.232907170650364,4157.0,828.8,837.9,838.2,830.1,191.1,193.7,196.8,197.1,4.53,76.6,3.347,4164.0,828.4,836.4,839.4,829.4,191.7,193.2,196.7,197.7,4.56,76.4,3.312,-5.8,0.891,0,nominal,0,0.0,194.96,701868.1
132.0,mission_cruise,73.53307392996109,3200.0,43.233463035019454,4166.1,829.5,835.0,838.9,829.8,192.1,193.7,196.6,197.7,4.54,76.8,3.324,4164.0,828.4,836.4,839.4,829.4,191.7,193.2,196.7,197.7,4.56,76.4,3.312,-5.8,0.891,0,nominal,0,0.0,194.96,701868.0
132.1,mission_cruise,73.5319622012229,3200.0,43.23401889938855,4169.7,828.8,837.9,839.2,831.2,192.7,193.8,197.0,197.3,4.55,75.4,3.295,4164.0,828.4,836.4,839.4,829.4,191.7,193.2,196.7,197.7,4.56,76.4,3.312,-5.8,0.891,0,nominal,0,0.0,194.96,701867.9
132.2,mission_cruise,73.53085047248472,3200.0,43.23457476375764,4166.6,829.1,835.5,839.5,829.6,192.1,193.0,195.4,197.7,4.52,76.6,3.327,4163.9,828.4,836.4,839.4,829.4,191.7,193.2,196.7,197.7,4.56,76.4,3.312,-5.8,0.891,0,nominal,0,0.0,194.96,701867.8
132.3,mission_cruise,73.52973874374652,3200.0,43.23513062812674,4160.2,827.7,839.2,839.3,829.6,191.8,193.1,197.4,198.0,4.59,75.9,3.324,4163.9,828.4,836.4,839.4,829.4,191.7,193.2,196.7,197.7,4.56,76.4,3.312,-5.8,0.891,0,nominal,0,0.0,194.96,701867.7
132.4,mission_cruise,73.52862701500834,3200.0,43.23568649249583,4158.9,828.2,837.3,839.1,829.4,192.6,194.6,196.2,197.8,4.53,76.6,3.312,4163.9,828.4,836.4,839.4,829.4,191.7,193.2,196.7,197.7,4.56,76.4,3.312,-5.8,0.891,0,nominal,0,0.0,194.96,701867.6
132.5,mission_cruise,73.52751528627014,3200.0,43.23624235686493,4173.7,830.2,835.8,839.6,829.5,192.0,193.2,197.5,196.9,4.54,76.9,3.314,4163.8,828.4,836.4,839.4,829.4,191.7,193.2,196.7,197.7,4.56,76.4,3.312,-5.8,0.891,0,nominal,0,0.0,194.96,701867.5
132.6,mission_cruise,73.52640355753196,3200.0,43.23679822123402,4154.3,826.1,836.0,839.4,826.6,192.4,193.5,196.2,196.5,4.55,76.2,3.297,4163.8,828.4,836.4,839.4,829.4,191.7,193.2,196.7,197.7,4.56,76.4,3.312,-5.8,0.891,0,nominal,0,0.0,194.96,701867.4
132.7,mission_cruise,73.52529182879377,3200.0,43.237354085603116,4158.5,829.7,839.0,838.1,828.2,192.3,192.4,196.5,198.3,4.57,76.8,3.268,4163.8,828.4,836.4,839.4,829.4,191.7,193.2,196.7,197.7,4.56,76.4,3.312,-5.8,0.891,0,nominal,0,0.0,194.96,701867.3
132.8,mission_cruise,73.52418010005559,3200.0,43.237909949972206,4167.2,828.6,835.0,839.7,829.0,191.4,193.4,197.7,197.6,4.6,76.8,3.353,4163.7,828.4,836.4,839.4,829.4,191.7,193.2,196.7,197.7,4.56,76.4,3.312,-5.8,0.891,0,nominal,0,0.0,194.96,701867.2
132.9,mission_cruise,73.5230683713174,3200.0,43.2384658143413,4155.6,826.9,837.6,837.0,831.7,192.3,193.4,197.2,198.2,4.55,76.4,3.307,4163.7,828.4,836.4,839.4,829.4,191.7,193.2,196.7,197.7,4.56,76.4,3.312,-5.8,0.891,0,nominal,0,0.0,194.96,701867.1
133.0,mission_cruise,73.52195664257921,3200.0,43.239021678710394,4155.5,827.8,836.3,838.3,830.8,191.8,193.2,196.8,196.8,4.6,76.2,3.288,4163.7,828.4,836.4,839.4,829.4,191.7,193.2,196.7,197.7,4.56,76.4,3.312,-5.8,0.891,0,nominal,0,0.0,194.96,701867.0
133.1,mission_cruise,73.52084491384102,3200.0,43.23957754307949,4166.1,828.6,838.8,841.1,829.9,191.7,192.1,196.4,198.5,4.59,76.4,3.339,4163.6,828.4,836.4,839.4,829.4,191.7,193.2,196.7,197.7,4.56,76.4,3.312,-5.8,0.891,0,nominal,0,0.0,194.96,701866.9
133.2,mission_cruise,73.51973318510284,3200.0,43.24013340744858,4167.7,828.8,838.5,842.2,829.8,192.5,192.4,196.4,198.6,4.53,76.8,3.31,4163.6,828.4,836.4,839.4,829.4,191.7,193.2,196.7,197.7,4.56,76.4,3.312,-5.8,0.891,0,nominal,0,0.0,194.96,701866.8
133.3,mission_cruise,73.51862145636464,3200.0,43.24068927181768,4167.8,828.4,835.2,841.3,828.3,191.6,192.2,196.5,197.9,4.6,76.2,3.281,4163.6,828.4,836.4,839.4,829.4,191.7,193.2,196.7,197.7,4.56,76.4,3.312,-5.8,0.891,0,nominal,0,0.0,194.96,701866.7
133.4,mission_cruise,73.51750972762646,3200.0,43.24124513618677,4151.9,827.5,835.9,838.9,829.4,191.8,193.6,197.7,198.4,4.54,75.6,3.332,4163.5,828.4,836.4,839.4,829.4,191.7,193.2,196.7,197.7,4.56,76.4,3.312,-5.8,0.891,0,nominal,0,0.0,194.96,701866.6
133.5,mission_cruise,73.51639799888827,3200.0,43.24180100055587,4168.7,830.0,835.1,839.9,829.2,192.1,192.7,197.1,198.0,4.53,76.7,3.25,4163.5,828.4,836.4,839.4,829.4,191.7,193.2,196.7,197.7,4.56,76.4,3.312,-5.8,0.891,0,nominal,0,0.0,194.96,701866.5
133.6,mission_cruise,73.51528627015009,3200.0,43.24235686492496,4163.2,828.5,838.0,841.2,827.1,191.2,193.0,197.6,198.2,4.58,76.7,3.31,4163.5,828.3,836.3,839.3,829.3,191.7,193.2,196.7,197.7,4.56,76.4,3.312,-5.8,0.891,0,nominal,0,0.0,194.96,701866.4
133.7,mission_cruise,73.51417454141189,3200.0,43.242912729294055,4164.9,828.7,838.6,838.8,829.3,192.2,193.1,196.8,197.4,4.56,76.7,3.27,4163.4,828.3,836.3,839.3,829.3,191.7,193.2,196.7,197.7,4.56,76.4,3.312,-5.8,0.891,0,nominal,0,0.0,194.96,701866.3
133.8,mission_cruise,73.51306281267371,3200.0,43.243468593663145,4163.8,827.3,838.6,838.1,830.0,191.3,193.2,196.5,199.0,4.6,76.2,3.351,4163.4,828.3,836.3,839.3,829.3,191.7,193.2,196.7,197.7,4.56,76.4,3.312,-5.8,0.891,0,nominal,0,0.0,194.96,701866.2
133.9,mission_cruise,73.51195108393551,3200.0,43.24402445803224,4156.1,828.7,838.5,841.3,831.6,191.1,193.0,196.5,197.6,4.54,75.6,3.299,4163.4,828.3,836.3,839.3,829.3,191.7,193.2,196.7,197.7,4.56,76.4,3.312,-5.8,0.891,0,nominal,0,0.0,194.96,701866.1
134.0,mission_cruise,73.51083935519733,3200.0,43.24458032240133,4162.0,829.3,836.1,841.0,829.2,190.9,193.2,196.7,197.8,4.56,76.3,3.362,4163.3,828.3,836.3,839.3,829.3,191.7,193.2,196.7,197.7,4.56,76.4,3.312,-5.8,0.891,0,nominal,0,0.0,194.96,701866.0
134.1,mission_cruise,73.50972762645914,3200.0,43.24513618677043,4168.1,828.1,836.2,838.4,830.5,191.6,193.7,196.9,197.3,4.59,77.0,3.284,4163.3,828.3,836.3,839.3,829.3,191.7,193.2,196.7,197.7,4.56,76.4,3.311,-5.8,0.891,0,nominal,0,0.0,194.96,701865.9
134.2,mission_cruise,73.50861589772096,3200.0,43.24569205113952,4160.5,828.2,836.7,838.5,829.1,192.2,193.7,196.3,197.7,4.57,76.1,3.308,4163.3,828.3,836.3,839.3,829.3,191.6,193.1,196.6,197.6,4.56,76.4,3.311,-5.8,0.891,0,nominal,0,0.0,194.96,701865.8
134.3,mission_cruise,73.50750416898276,3200.0,43.24624791550862,4160.9,829.5,835.3,839.3,829.1,191.6,193.0,196.8,198.6,4.53,75.9,3.27,4163.2,828.3,836.3,839.3,829.3,191.6,193.1,196.6,197.6,4.56,76.4,3.311,-5.8,0.891,0,nominal,0,0.0,194.96,701865.7
134.4,mission_cruise,73.50639244024458,3200.0,43.24680377987771,4166.3,829.2,835.5,839.1,826.0,191.8,194.1,197.4,196.8,4.53,75.8,3.316,4163.2,828.3,836.3,839.3,829.3,191.6,193.1,196.6,197.6,4.56,76.4,3.311,-5.8,0.891,0,nominal,0,0.0,194.96,701865.6
134.5,mission_cruise,73.50528071150639,3200.0,43.24735964424681,4164.2,832.6,838.0,839.1,829.4,191.5,193.7,196.5,197.5,4.54,77.7,3.293,4163.2,828.3,836.3,839.3,829.3,191.6,193.1,196.6,197.6,4.56,76.4,3.311,-5.8,0.891,0,nominal,0,0.0,194.96,701865.5
134.6,mission_cruise,73.5041689827682,3200.0,43.2479155086159,4155.7,827.9,836.4,837.0,828.0,191.1,193.1,195.7,197.8,4.53,76.8,3.313,4163.1,828.3,836.3,839.3,829.3,191.6,193.1,196.6,197.6,4.56,76.4,3.311,-5.8,0.891,0,nominal,0,0.0,194.96,701865.4
134.7,mission_cruise,73.50305725403001,3200.0,43.248471372984994,4164.4,828.4,836.2,837.1,830.3,192.8,191.9,196.3,196.7,4.56,75.9,3.313,4163.1,828.3,836.3,839.3,829.3,191.6,193.1,196.6,197.6,4.56,76.4,3.311,-5.8,0.891,0,nominal,0,0.0,194.96,701865.3
134.8,mission_cruise,73.50194552529183,3200.0,43.249027237354085,4158.7,826.2,833.8,839.3,830.0,191.8,192.9,197.4,198.1,4.54,76.2,3.352,4163.1,828.3,836.3,839.3,829.3,191.6,193.1,196.6,197.6,4.56,76.4,3.311,-5.8,0.891,0,nominal,0,0.0,194.96,701865.2
134.9,mission_cruise,73.50083379655364,3200.0,43.24958310172318,4162.4,827.7,834.8,838.5,830.2,191.2,193.3,196.2,195.9,4.56,76.1,3.37,4163.0,828.3,836.3,839.3,829.3,191.6,193.1,196.6,197.6,4.56,76.4,3.311,-5.8,0.891,0,nominal,0,0.0,194.96,701865.1
135.0,mission_cruise,73.49972206781545,3200.0,43.25013896609227,4161.1,827.6,835.5,838.5,830.3,192.3,192.9,196.1,197.5,4.54,76.7,3.299,4163.0,828.3,836.3,839.3,829.3,191.6,193.1,196.6,197.6,4.56,76.4,3.311,-5.8,0.891,0,nominal,0,0.0,194.96,701865.0
135.1,mission_cruise,73.49861033907726,3200.0,43.25069483046137,4160.7,828.4,834.6,839.6,831.8,192.1,193.1,197.0,198.1,4.54,75.8,3.311,4163.0,828.3,836.3,839.3,829.3,191.6,193.1,196.6,197.6,4.56,76.4,3.311,-5.8,0.891,0,nominal,0,0.0,194.96,701864.9
135.2,mission_cruise,73.49749861033908,3200.0,43.25125069483046,4163.4,829.8,837.4,839.4,830.1,192.6,193.3,197.6,198.8,4.56,76.6,3.348,4162.9,828.3,836.3,839.3,829.3,191.6,193.1,196.6,197.6,4.56,76.4,3.311,-5.8,0.891,0,nominal,0,0.0,194.96,701864.8
135.3,mission_cruise,73.49638688160088,3200.0,43.25180655919956,4165.0,827.7,837.7,839.5,829.7,191.4,193.0,196.8,197.7,4.57,76.7,3.269,4162.9,828.3,836.3,839.3,829.3,191.6,193.1,196.6,197.6,4.56,76.4,3.311,-5.8,0.891,0,nominal,0,0.0,194.96,701864.7
135.4,mission_cruise,73.4952751528627,3200.0,43.25236242356865,4157.5,826.1,835.3,839.9,831.6,190.0,193.5,196.2,198.2,4.54,77.2,3.311,4162.8,828.3,836.3,839.3,829.3,191.6,193.1,196.6,197.6,4.56,76.4,3.311,-5.8,0.891,0,nominal,0,0.0,194.96,701864.6
135.5,mission_cruise,73.49416342412451,3200.0,43.252918287937746,4157.2,827.2,837.2,837.6,829.2,190.9,191.3,197.1,198.6,4.55,76.3,3.273,4162.8,828.3,836.3,839.3,829.3,191.6,193.1,196.6,197.6,4.56,76.4,3.311,-5.8,0.891,0,nominal,0,0.0,194.96,701864.5
135.6,mission_cruise,73.49305169538633,3200.0,43.253474152306836,4169.3,827.0,836.0,838.5,829.0,191.3,193.1,196.4,198.2,4.56,76.3,3.305,4162.8,828.3,836.3,839.3,829.3,191.6,193.1,196.6,197.6,4.56,76.4,3.311,-5.8,0.891,0,nominal,0,0.0,194.96,701864.4
135.7,mission_cruise,73.49193996664813,3200.0,43.254030016675934,4162.6,826.0,835.9,840.4,829.2,192.5,191.7,197.4,197.8,4.55,76.8,3.309,4162.7,828.3,836.3,839.3,829.3,191.6,193.1,196.6,197.6,4.56,76.4,3.311,-5.8,0.891,0,nominal,0,0.0,194.96,701864.3
135.8,mission_cruise,73.49082823790995,3200.0,43.254585881045024,4165.6,828.2,835.2,835.8,829.0,191.2,193.1,196.5,197.3,4.53,76.6,3.276,4162.7,828.3,836.3,839.3,829.3,191.6,193.1,196.6,197.6,4.56,76.4,3.311,-5.8,0.891,0,nominal,0,0.0,194.96,701864.2
135.9,mission_cruise,73.48971650917176,3200.0,43.25514174541412,4159.3,828.2,834.3,840.5,827.5,192.4,193.9,197.0,197.6,4.56,76.8,3.315,4162.7,828.3,836.3,839.3,829.3,191.6,193.1,196.6,197.6,4.56,76.4,3.311,-5.8,0.891,0,nominal,0,0.0,194.96,701864.1
136.0,mission_cruise,73.48860478043358,3200.0,43.25569760978321,4156.8,827.0,836.0,840.0,827.7,191.1,192.6,196.9,197.0,4.54,76.6,3.328,4162.6,828.3,836.3,839.3,829.3,191.6,193.1,196.6,197.6,4.56,76.4,3.311,-5.8,0.891,0,nominal,0,0.0,194.96,701864.0
136.1,mission_cruise,73.48749305169538,3200.0,43.25625347415231,4163.2,824.9,837.9,840.2,831.7,191.8,192.6,196.7,196.8,4.51,76.2,3.279,4162.6,828.3,836.3,839.3,829.3,191.6,193.1,196.6,197.6,4.56,76.4,3.311,-5.8,0.891,0,nominal,0,0.0,194.96,701863.9
136.2,mission_cruise,73.4863813229572,3200.0,43.2568093385214,4158.5,827.7,835.6,840.0,827.6,190.6,194.7,196.6,197.5,4.55,76.3,3.307,4162.6,828.3,836.3,839.3,829.3,191.6,193.1,196.6,197.6,4.56,76.4,3.311,-5.8,0.891,0,nominal,0,0.0,194.96,701863.8
136.3,mission_cruise,73.485269594219,3200.0,43.2573652028905,4161.6,828.1,835.7,842.3,830.3,191.6,192.7,196.9,197.5,4.55,76.3,3.313,4162.5,828.3,836.3,839.3,829.3,191.6,193.1,196.6,197.6,4.56,76.4,3.311,-5.8,0.891,0,nominal,0,0.0,194.96,701863.7
136.4,mission_cruise,73.48415786548082,3200.0,43.25792106725959,4160.8,828.3,834.1,840.3,830.3,191.9,192.8,196.7,198.1,4.54,76.4,3.329,4162.5,828.3,836.3,839.3,829.3,191.6,193.1,196.6,197.6,4.56,76.4,3.311,-5.8,0.891,0,nominal,0,0.0,194.96,701863.6
136.5,mission_cruise,73.48304613674263,3200.0,43.258476931628685,4156.5,828.3,833.5,842.2,830.0,190.9,192.4,195.7,197.4,4.53,76.0,3.348,4162.5,828.3,836.3,839.3,829.3,191.6,193.1,196.6,197.6,4.56,76.4,3.31,-5.8,0.891,0,nominal,0,0.0,194.96,701863.5
136.6,mission_cruise,73.48193440800445,3200.0,43.259032795997776,4150.0,827.5,839.4,839.3,830.7,191.5,193.7,196.7,196.3,4.56,75.8,3.29,4162.4,828.3,836.3,839.3,829.3,191.6,193.1,196.6,197.6,4.56,76.4,3.31,-5.8,0.891,0,nominal,0,0.0,194.96,701863.4
136.7,mission_cruise,73.48082267926625,3200.0,43.25958866036687,4161.6,828.1,837.7,838.5,831.0,192.0,192.7,197.6,198.4,4.57,76.5,3.256,4162.4,828.3,836.3,839.3,829.3,191.6,193.1,196.6,197.6,4.56,76.4,3.31,-5.8,0.891,0,nominal,0,0.0,194.96,701863.3
136.8,mission_cruise,73.47971095052807,3200.0,43.26014452473596,4166.4,828.8,833.2,839.2,828.6,192.5,193.6,197.3,197.0,4.57,76.8,3.34,4162.4,828.3,836.3,839.3,829.3,191.6,193.1,196.6,197.6,4.56,76.4,3.31,-5.8,0.891,0,nominal,0,0.0,194.96,701863.2
136.9,mission_cruise,73.47859922178988,3200.0,43.26070038910506,4168.2,827.7,836.2,837.4,830.7,192.0,192.2,195.6,197.0,4.57,75.8,3.284,4162.3,828.3,836.3,839.3,829.3,191.6,193.1,196.6,197.6,4.56,76.3,3.31,-5.8,0.891,0,nominal,0,0.0,194.96,701863.1
137.0,mission_cruise,73.4774874930517,3200.0,43.26125625347415,4158.2,828.1,833.1,840.2,828.5,191.5,193.6,196.4,198.0,4.55,76.9,3.295,4162.3,828.3,836.3,839.3,829.3,191.6,193.1,196.6,197.6,4.56,76.3,3.31,-5.8,0.891,0,nominal,0,0.0,194.96,701863.0
137.1,mission_cruise,73.4763757643135,3200.0,43.26181211784325,4167.7,826.6,836.5,837.8,830.5,191.9,193.8,195.8,197.7,4.59,75.7,3.329,4162.3,828.3,836.3,839.3,829.3,191.6,193.1,196.6,197.6,4.56,76.3,3.31,-5.8,0.891,0,nominal,0,0.0,194.96,701862.9
137.2,mission_cruise,73.47526403557532,3200.0,43.26236798221234,4160.0,827.1,838.4,838.3,831.6,190.7,192.6,196.7,198.2,4.53,76.3,3.299,4162.2,828.3,836.3,839.3,829.3,191.6,193.1,196.6,197.6,4.56,76.3,3.31,-5.8,0.891,0,nominal,0,0.0,194.96,701862.8
137.3,mission_cruise,73.47415230683713,3200.0,43.26292384658144,4158.9,829.3,837.6,842.5,827.1,192.0,193.2,196.7,198.0,4.51,76.9,3.297,4162.2,828.3,836.3,839.3,829.3,191.6,193.1,196.6,197.6,4.56,76.3,3.31,-5.8,0.891,0,nominal,0,0.0,194.96,701862.7
137.4,mission_cruise,73.47304057809895,3200.0,43.26347971095053,4177.6,828.8,834.4,841.1,828.7,192.4,193.3,196.7,198.0,4.61,76.6,3.311,4162.2,828.3,836.3,839.3,829.3,191.6,193.1,196.6,197.6,4.56,76.3,3.31,-5.8,0.891,0,nominal,0,0.0,194.96,701862.6
137.5,mission_cruise,73.47192884936075,3200.0,43.264035575319625,4164.7,828.6,835.5,838.4,828.9,191.7,191.6,197.9,198.1,4.57,76.0,3.327,4162.1,828.3,836.3,839.3,829.3,191.6,193.1,196.6,197.6,4.56,76.3,3.31,-5.8,0.891,0,nominal,0,0.0,194.96,701862.5
137.6,mission_cruise,73.47081712062257,3200.0,43.264591439688715,4163.7,826.7,836.4,839.6,830.4,191.0,193.6,196.5,198.0,4.53,76.3,3.294,4162.1,828.3,836.3,839.3,829.3,191.6,193.1,196.6,197.6,4.56,76.3,3.31,-5.8,0.891,0,nominal,0,0.0,194.96,701862.4
137.7,mission_cruise,73.46970539188437,3200.0,43.26514730405781,4160.4,829.7,835.6,839.5,827.9,191.5,192.9,196.0,196.3,4.58,76.6,3.328,4162.1,828.3,836.3,839.3,829.3,191.6,193.1,196.6,197.6,4.56,76.3,3.31,-5.8,0.891,0,nominal,0,0.0,194.96,701862.3
137.8,mission_cruise,73.4685936631462,3200.0,43.2657031684269,4163.5,830.7,837.5,840.0,827.9,191.9,192.9,196.4,198.4,4.54,75.7,3.302,4162.0,828.3,836.3,839.3,829.3,191.6,193.1,196.6,197.6,4.56,76.3,3.31,-5.8,0.891,0,nominal,0,0.0,194.96,701862.2
137.9,mission_cruise,73.467481934408,3200.0,43.266259032796,4165.0,828.8,837.1,841.1,827.5,190.9,191.5,196.6,197.5,4.61,76.5,3.283,4162.0,828.3,836.3,839.3,829.3,191.6,193.1,196.6,197.6,4.56,76.3,3.31,-5.8,0.891,0,nominal,0,0.0,194.96,701862.1
138.0,mission_cruise,73.46637020566982,3200.0,43.26681489716509,4162.3,829.1,835.9,838.9,828.3,192.1,192.0,196.6,197.3,4.58,76.6,3.328,4162.0,828.3,836.3,839.3,829.3,191.6,193.1,196.6,197.6,4.56,76.3,3.31,-5.8,0.891,0,nominal,0,0.0,194.96,701862.0
138.1,mission_cruise,73.46525847693162,3200.0,43.26737076153419,4167.5,827.8,837.2,839.6,830.5,190.4,193.6,196.4,197.6,4.51,75.9,3.302,4161.9,828.3,836.3,839.3,829.3,191.6,193.1,196.6,197.6,4.56,76.3,3.31,-5.8,0.891,0,nominal,0,0.0,194.96,701861.9
138.2,mission_cruise,73.46414674819344,3200.0,43.26792662590328,4161.4,827.7,837.2,839.8,829.3,191.4,193.3,196.4,197.6,4.6,76.6,3.338,4161.9,828.3,836.3,839.3,829.3,191.6,193.1,196.6,197.6,4.56,76.3,3.31,-5.8,0.891,0,nominal,0,0.0,194.96,701861.8
138.3,mission_cruise,73.46303501945525,3200.0,43.268482490272376,4162.7,830.5,836.9,838.9,830.4,190.3,191.4,197.3,197.4,4.58,76.5,3.311,4161.9,828.3,836.3,839.3,829.3,191.6,193.1,196.6,197.6,4.56,76.3,3.31,-5.8,0.891,0,nominal,0,0.0,194.96,701861.7
138.4,mission_cruise,73.46192329071707,3200.0,43.26903835464147,4176.1,828.3,837.0,839.4,831.9,192.4,192.7,196.8,196.8,4.56,76.8,3.311,4161.8,828.3,836.3,839.3,829.3,191.6,193.1,196.6,197.6,4.56,76.3,3.31,-5.8,0.891,0,nominal,0,0.0,194.96,701861.6
138.5,mission_cruise,73.46081156197887,3200.0,43.269594219010564,4166.5,825.3,836.0,839.7,832.2,190.9,193.8,196.5,197.6,4.55,77.0,3.274,4161.8,828.3,836.3,839.3,829.3,191.6,193.1,196.6,197.6,4.56,76.3,3.31,-5.8,0.891,0,nominal,0,0.0,194.96,701861.5
138.6,mission_cruise,73.45969983324069,3200.0,43.270150083379654,4165.2,829.2,834.9,836.7,830.8,192.0,192.9,195.5,198.6,4.55,76.2,3.262,4161.8,828.3,836.3,839.3,829.3,191.6,193.1,196.6,197.6,4.56,76.3,3.31,-5.8,0.891,0,nominal,0,0.0,194.96,701861.4
138.7,mission_cruise,73.4585881045025,3200.0,43.27070594774875,4167.2,830.2,835.6,837.3,831.9,191.3,192.7,197.9,198.2,4.57,76.6,3.319,4161.7,828.3,836.3,839.3,829.3,191.6,193.1,196.6,197.6,4.56,76.3,3.31,-5.8,0.891,0,nominal,0,0.0,194.96,701861.3
138.8,mission_cruise,73.45747637576432,3200.0,43.27126181211784,4163.6,829.7,837.6,836.3,832.3,192.2,193.8,196.3,197.3,4.5,77.2,3.315,4161.7,828.2,836.2,839.2,829.2,191.6,193.1,196.6,197.6,4.56,76.3,3.31,-5.8,0.891,0,nominal,0,0.0,194.96,701861.2
138.9,mission_cruise,73.45636464702612,3200.0,43.27181767648694,4159.7,828.3,836.6,838.8,829.3,191.6,192.7,196.5,197.6,4.54,76.4,3.319,4161.7,828.2,836.2,839.2,829.2,191.6,193.1,196.6,197.6,4.56,76.3,3.31,-5.8,0.891,0,nominal,0,0.0,194.96,701861.1
139.0,mission_cruise,73.45525291828794,3200.0,43.27237354085603,4164.4,827.1,836.3,840.5,828.2,190.8,192.8,197.4,197.3,4.54,75.6,3.305,4161.6,828.2,836.2,839.2,829.2,191.6,193.1,196.6,197.6,4.56,76.3,3.309,-5.8,0.891,0,nominal,0,0.0,194.96,701861.0
139.1,mission_cruise,73.45414118954974,3200.0,43.27292940522513,4159.3,828.5,834.9,840.8,828.4,190.8,192.0,197.3,197.3,4.54,76.9,3.307,4161.6,828.2,836.2,839.2,829.2,191.6,193.1,196.6,197.6,4.56,76.3,3.309,-5.8,0.891,0,nominal,0,0.0,194.96,701860.9
139.2,mission_cruise,73.45302946081156,3200.0,43.27348526959422,4153.4,827.4,836.1,839.2,829.7,192.0,193.0,196.4,198.4,4.57,76.4,3.319,4161.6,828.2,836.2,839.2,829.2,191.6,193.1,196.6,197.6,4.56,76.3,3.309,-5.8,0.891,0,nominal,0,0.0,194.96,701860.8
139.3,mission_cruise,73.45191773207337,3200.0,43.274041133963316,4164.8,828.5,834.8,840.1,827.6,191.4,192.8,196.9,197.1,4.58,76.8,3.311,4161.5,828.2,836.2,839.2,829.2,191.6,193.1,196.6,197.6,4.56,76.3,3.309,-5.8,0.891,0,nominal,0,0.0,194.96,701860.7
139.4,mission_cruise,73.45080600333519,3200.0,43.274596998332406,4164.0,828.0,835.5,839.2,830.4,192.0,194.3,196.5,197.0,4.54,75.8,3.309,4161.5,828.2,836.2,839.2,829.2,191.6,193.1,196.6,197.6,4.56,76.3,3.309,-5.8,0.891,0,nominal,0,0.0,194.96,701860.6
139.5,mission_cruise,73.449694274597,3200.0,43.2751528627015,4157.7,825.1,837.0,842.2,827.6,190.9,193.4,195.5,197.4,4.57,76.0,3.296,4161.5,828.2,836.2,839.2,829.2,191.5,193.0,196.5,197.5,4.56,76.3,3.309,-5.8,0.891,0,nominal,0,0.0,194.96,701860.5
139.6,mission_cruise,73.44858254585881,3200.0,43.275708727070594,4157.1,827.6,837.8,839.0,830.0,191.1,193.4,197.2,197.8,4.55,75.9,3.363,4161.4,828.2,836.2,839.2,829.2,191.5,193.0,196.5,197.5,4.56,76.3,3.309,-5.8,0.891,0,nominal,0,0.0,194.96,701860.4
139.7,mission_cruise,73.44747081712062,3200.0,43.27626459143969,4164.8,828.9,835.7,839.6,828.2,191.1,193.5,197.5,197.6,4.54,76.0,3.251,4161.4,828.2,836.2,839.2,829.2,191.5,193.0,196.5,197.5,4.56,76.3,3.309,-5.8,0.891,0,nominal,0,0.0,194.96,701860.3
139.8,mission_cruise,73.44635908838244,3200.0,43.27682045580878,4163.8,828.3,837.7,840.7,828.2,191.8,193.3,195.4,197.7,4.53,77.0,3.334,4161.4,828.2,836.2,839.2,829.2,191.5,193.0,196.5,197.5,4.56,76.3,3.309,-5.8,0.891,0,nominal,0,0.0,194.96,701860.2
139.9,mission_cruise,73.44524735964424,3200.0,43.27737632017788,4167.9,826.1,834.1,840.7,828.3,192.0,192.6,196.5,197.7,4.56,76.4,3.319,4161.3,828.2,836.2,839.2,829.2,191.5,193.0,196.5,197.5,4.56,76.3,3.309,-5.8,0.891,0,nominal,0,0.0,194.96,701860.1
140.0,mission_cruise,73.44413563090606,3200.0,43.27793218454697,4167.9,827.6,835.7,840.9,828.7,191.4,192.1,197.4,198.5,4.54,76.1,3.256,4161.3,828.2,836.2,839.2,829.2,191.5,193.0,196.5,197.5,4.56,76.3,3.309,-5.8,0.891,0,nominal,0,0.0,194.96,701860.0
140.1,mission_cruise,73.44302390216787,3200.0,43.27848804891607,4160.3,828.1,835.7,840.4,828.5,192.4,193.5,195.9,197.5,4.57,76.5,3.276,4161.2,828.2,836.2,839.2,829.2,191.5,193.0,196.5,197.5,4.56,76.3,3.309,-5.8,0.891,0,nominal,0,0.0,194.96,701859.9
140.2,mission_cruise,73.44191217342969,3200.0,43.27904391328516,4156.8,828.9,838.3,842.7,828.7,192.0,193.4,197.2,198.3,4.55,75.9,3.308,4161.2,828.2,836.2,839.2,829.2,191.5,193.0,196.5,197.5,4.56,76.3,3.309,-5.8,0.891,0,nominal,0,0.0,194.96,701859.8
140.3,mission_cruise,73.44080044469149,3200.0,43.279599777654255,4160.0,827.6,837.2,837.2,829.4,191.2,193.9,195.6,197.8,4.6,76.3,3.313,4161.2,828.2,836.2,839.2,829.2,191.5,193.0,196.5,197.5,4.56,76.3,3.309,-5.8,0.891,0,nominal,0,0.0,194.96,701859.7
140.4,mission_cruise,73.43968871595331,3200.0,43.280155642023345,4164.4,828.4,837.1,840.7,827.6,190.9,193.7,197.6,198.7,4.55,77.0,3.344,4161.1,828.2,836.2,839.2,829.2,191.5,193.0,196.5,197.5,4.56,76.3,3.309,-5.8,0.891,0,nominal,0,0.0,194.96,701859.6
140.5,mission_cruise,73.43857698721511,3200.0,43.28071150639244,4164.4,830.2,837.1,837.6,829.3,191.7,192.9,195.7,196.6,4.6,76.6,3.354,4161.1,828.2,836.2,839.2,829.2,191.5,193.0,196.5,197.5,4.56,76.3,3.309,-5.8,0.891,0,nominal,0,0.0,194.96,701859.5
140.6,mission_cruise,73.43746525847693,3200.0,43.28126737076153,4155.5,828.6,834.5,837.0,829.4,191.9,193.9,196.2,196.8,4.55,77.1,3.332,4161.1,828.2,836.2,839.2,829.2,191.5,193.0,196.5,197.5,4.56,76.3,3.309,-5.8,0.891,0,nominal,0,0.0,194.96,701859.4
140.7,mission_cruise,73.43635352973874,3200.0,43.28182323513063,4158.9,829.7,837.6,837.6,828.9,192.0,194.0,195.9,197.3,4.54,76.8,3.307,4161.0,828.2,836.2,839.2,829.2,191.5,193.0,196.5,197.5,4.56,76.3,3.309,-5.8,0.891,0,nominal,0,0.0,194.96,701859.3
140.8,mission_cruise,73.43524180100056,3200.0,43.28237909949972,4170.3,827.0,837.7,838.8,828.7,190.5,192.3,196.8,196.5,4.52,75.9,3.284,4161.0,828.2,836.2,839.2,829.2,191.5,193.0,196.5,197.5,4.56,76.3,3.309,-5.8,0.891,0,nominal,0,0.0,194.96,701859.2
140.9,mission_cruise,73.43413007226236,3200.0,43.28293496386882,4154.3,827.3,837.4,839.1,826.2,190.7,193.0,196.3,197.1,4.55,75.8,3.258,4161.0,828.2,836.2,839.2,829.2,191.5,193.0,196.5,197.5,4.56,76.3,3.309,-5.8,0.891,0,nominal,0,0.0,194.96,701859.1
141.0,mission_cruise,73.43301834352418,3200.0,43.28349082823791,4160.1,830.0,837.0,840.6,830.4,192.1,192.7,196.9,198.2,4.58,76.5,3.284,4160.9,828.2,836.2,839.2,829.2,191.5,193.0,196.5,197.5,4.56,76.3,3.309,-5.8,0.891,0,nominal,0,0.0,194.96,701859.0
141.1,mission_cruise,73.43190661478599,3200.0,43.284046692607006,4163.3,828.2,836.8,839.7,829.8,190.0,193.0,195.7,198.1,4.54,76.0,3.258,4160.9,828.2,836.2,839.2,829.2,191.5,193.0,196.5,197.5,4.56,76.3,3.309,-5.8,0.891,0,nominal,0,0.0,194.96,701858.9
141.2,mission_cruise,73.4307948860478,3200.0,43.2846025569761,4156.0,827.3,835.7,840.9,829.7,191.2,193.0,196.5,197.8,4.59,76.1,3.271,4160.9,828.2,836.2,839.2,829.2,191.5,193.0,196.5,197.5,4.56,76.3,3.309,-5.8,0.891,0,nominal,0,0.0,194.96,701858.8
141.3,mission_cruise,73.42968315730961,3200.0,43.285158421345194,4166.6,828.2,835.3,835.5,829.3,190.9,193.3,197.5,197.6,4.55,76.6,3.275,4160.8,828.2,836.2,839.2,829.2,191.5,193.0,196.5,197.5,4.56,76.3,3.309,-5.8,0.891,0,nominal,0,0.0,194.96,701858.7
141.4,mission_cruise,73.42857142857143,3200.0,43.285714285714285,4169.2,831.1,833.9,841.4,827.2,190.9,192.9,196.2,196.8,4.56,77.1,3.296,4160.8,828.2,836.2,839.2,829.2,191.5,193.0,196.5,197.5,4.56,76.3,3.308,-5.8,0.891,0,nominal,0,0.0,194.96,701858.6
141.5,mission_cruise,73.42745969983324,3200.0,43.28627015008338,4157.5,826.8,838.9,840.0,829.5,192.0,193.1,196.6,197.8,4.59,75.6,3.312,4160.8,828.2,836.2,839.2,829.2,191.5,193.0,196.5,197.5,4.56,76.3,3.308,-5.8,0.891,0,nominal,0,0.0,194.96,701858.5
141.6,mission_cruise,73.42634797109505,3200.0,43.28682601445247,4151.0,827.5,836.6,837.8,830.9,191.2,193.0,196.0,196.9,4.54,77.1,3.246,4160.7,828.2,836.2,839.2,829.2,191.5,193.0,196.5,197.5,4.56,76.3,3.308,-5.8,0.891,0,nominal,0,0.0,194.96,701858.4
141.7,mission_cruise,73.42523624235686,3200.0,43.28738187882157,4158.8,825.5,837.7,840.0,828.7,190.7,193.8,196.8,197.2,4.59,76.5,3.319,4160.7,828.2,836.2,839.2,829.2,191.5,193.0,196.5,197.5,4.56,76.3,3.308,-5.8,0.891,0,nominal,0,0.0,194.96,701858.3
141.8,mission_cruise,73.42412451361868,3200.0,43.28793774319066,4157.4,829.7,835.0,839.1,827.5,192.3,192.7,196.3,198.0,4.56,76.2,3.281,4160.7,828.2,836.2,839.2,829.2,191.5,193.0,196.5,197.5,4.56,76.3,3.308,-5.8,0.891,0,nominal,0,0.0,194.96,701858.2
141.9,mission_cruise,73.42301278488048,3200.0,43.28849360755976,4156.0,827.4,837.3,840.3,828.4,192.7,193.3,196.9,196.3,4.56,76.5,3.255,4160.6,828.2,836.2,839.2,829.2,191.5,193.0,196.5,197.5,4.56,76.3,3.308,-5.8,0.891,0,nominal,0,0.0,194.96,701858.1
142.0,mission_cruise,73.4219010561423,3200.0,43.28904947192885,4154.3,827.8,836.8,842.1,830.2,191.5,193.2,196.1,197.7,4.53,76.0,3.284,4160.6,828.2,836.2,839.2,829.2,191.5,193.0,196.5,197.5,4.56,76.3,3.308,-5.8,0.891,0,nominal,0,0.0,194.96,701858.0
142.1,mission_cruise,73.42078932740411,3200.0,43.289605336297946,4167.3,826.9,834.6,840.3,828.1,190.7,192.9,197.4,198.6,4.54,75.4,3.284,4160.6,828.2,836.2,839.2,829.2,191.5,193.0,196.5,197.5,4.56,76.3,3.308,-5.8,0.891,0,nominal,0,0.0,194.96,701857.9
142.2,mission_cruise,73.41967759866593,3200.0,43.290161200667036,4153.3,828.9,835.9,837.9,828.0,192.7,193.4,196.1,196.9,4.55,76.2,3.281,4160.5,828.2,836.2,839.2,829.2,191.5,193.0,196.5,197.5,4.56,76.3,3.308,-5.8,0.891,0,nominal,0,0.0,194.96,701857.8
142.3,mission_cruise,73.41856586992773,3200.0,43.290717065036134,4152.6,828.3,836.6,839.2,830.2,192.1,193.8,196.2,196.5,4.57,76.1,3.369,4160.5,828.2,836.2,839.2,829.2,191.5,193.0,196.5,197.5,4.56,76.3,3.308,-5.8,0.891,0,nominal,0,0.0,194.96,701857.7
142.4,mission_cruise,73.41745414118955,3200.0,43.291272929405224,4166.6,828.3,837.9,838.8,826.4,190.8,192.6,196.3,197.2,4.58,76.4,3.309,4160.5,828.2,836.2,839.2,829.2,191.5,193.0,196.5,197.5,4.56,76.3,3.308,-5.8,0.891,0,nominal,0,0.0,194.96,701857.6
142.5,mission_cruise,73.41634241245136,3200.0,43.29182879377432,4168.8,827.1,835.7,840.1,829.2,192.5,194.2,196.4,198.0,4.55,77.1,3.313,4160.4,828.2,836.2,839.2,829.2,191.5,193.0,196.5,197.5,4.56,76.3,3.308,-5.8,0.891,0,nominal,0,0.0,194.96,701857.5
142.6,mission_cruise,73.41523068371318,3200.0,43.29238465814341,4169.2,829.1,837.6,838.7,828.3,191.3,194.2,195.8,197.0,4.55,76.5,3.299,4160.4,828.2,836.2,839.2,829.2,191.5,193.0,196.5,197.5,4.56,76.3,3.308,-5.8,0.891,0,nominal,0,0.0,194.96,701857.4
142.7,mission_cruise,73.41411895497498,3200.0,43.29294052251251,4160.4,827.1,838.2,838.7,828.4,191.9,192.8,195.9,197.7,4.56,76.3,3.295,4160.4,828.2,836.2,839.2,829.2,191.5,193.0,196.5,197.5,4.56,76.3,3.308,-5.8,0.891,0,nominal,0,0.0,194.96,701857.3
142.8,mission_cruise,73.4130072262368,3200.0,43.2934963868816,4155.4,827.7,836.1,838.4,830.2,191.6,193.5,197.0,198.6,4.53,75.9,3.27,4160.3,828.2,836.2,839.2,829.2,191.5,193.0,196.5,197.5,4.56,76.3,3.308,-5.8,0.891,0,nominal,0,0.0,194.96,701857.2
142.9,mission_cruise,73.4118954974986,3200.0,43.2940522512507,4160.7,828.6,841.7,839.0,829.6,189.5,192.1,196.2,195.6,4.58,76.5,3.279,4160.3,828.2,836.2,839.2,829.2,191.5,193.0,196.5,197.5,4.56,76.3,3.308,-5.8,0.891,0,nominal,0,0.0,194.96,701857.1
143.0,mission_cruise,73.41078376876042,3200.0,43.29460811561979,4170.5,825.8,834.9,839.3,828.7,191.4,191.9,196.5,198.4,4.55,76.2,3.332,4160.3,828.2,836.2,839.2,829.2,191.5,193.0,196.5,197.5,4.56,76.2,3.308,-5.8,0.891,0,nominal,0,0.0,194.96,701857.0
143.1,mission_cruise,73.40967204002223,3200.0,43.295163979988885,4165.1,828.3,835.1,840.2,827.2,191.8,192.5,196.1,197.8,4.55,76.5,3.345,4160.2,828.2,836.2,839.2,829.2,191.5,193.0,196.5,197.5,4.56,76.2,3.308,-5.8,0.891,0,nominal,0,0.0,194.96,701856.9
143.2,mission_cruise,73.40856031128405,3200.0,43.295719844357976,4164.8,826.6,835.7,838.5,831.0,190.7,192.7,195.0,197.3,4.56,76.1,3.295,4160.2,828.2,836.2,839.2,829.2,191.5,193.0,196.5,197.5,4.56,76.2,3.308,-5.8,0.891,0,nominal,0,0.0,194.96,701856.8
143.3,mission_cruise,73.40744858254585,3200.0,43.29627570872707,4161.9,827.8,837.0,836.0,830.9,191.4,193.7,196.5,197.7,4.56,76.5,3.313,4160.2,828.2,836.2,839.2,829.2,191.5,193.0,196.5,197.5,4.56,76.2,3.308,-5.8,0.891,0,nominal,0,0.0,194.96,701856.7
143.4,mission_cruise,73.40633685380767,3200.0,43.29683157309616,4161.6,826.3,836.6,839.8,831.2,191.3,193.9,197.4,197.6,4.56,76.5,3.305,4160.1,828.2,836.2,839.2,829.2,191.5,193.0,196.5,197.5,4.56,76.2,3.308,-5.8,0.891,0,nominal,0,0.0,194.96,701856.6
143.5,mission_cruise,73.40522512506948,3200.0,43.29738743746526,4158.4,827.3,835.8,839.3,830.1,190.0,193.2,196.4,198.9,4.59,76.3,3.296,4160.1,828.2,836.2,839.2,829.2,191.5,193.0,196.5,197.5,4.56,76.2,3.308,-5.8,0.891,0,nominal,0,0.0,194.96,701856.5
143.6,mission_cruise,73.4041133963313,3200.0,43.29794330183435,4155.7,828.8,836.5,839.7,826.6,191.6,193.5,195.8,197.3,4.56,75.5,3.258,4160.1,828.2,836.2,839.2,829.2,191.5,193.0,196.5,197.5,4.56,76.2,3.308,-5.8,0.891,0,nominal,0,0.0,194.96,701856.4
143.7,mission_cruise,73.4030016675931,3200.0,43.29849916620345,4161.8,827.6,835.4,839.3,829.9,192.4,192.5,196.5,197.3,4.54,76.6,3.296,4160.0,828.2,836.2,839.2,829.2,191.5,193.0,196.5,197.5,4.56,76.2,3.308,-5.8,0.891,0,nominal,0,0.0,194.96,701856.3
143.8,mission_cruise,73.40188993885492,3200.0,43.29905503057254,4165.5,826.1,835.5,841.2,831.9,191.7,191.7,196.3,198.3,4.56,77.0,3.284,4160.0,828.2,836.2,839.2,829.2,191.5,193.0,196.5,197.5,4.56,76.2,3.308,-5.8,0.891,0,nominal,0,0.0,194.96,701856.2
143.9,mission_cruise,73.40077821011673,3200.0,43.29961089494164,4166.8,827.8,837.4,838.3,827.0,191.3,193.2,195.2,197.2,4.58,76.6,3.319,4160.0,828.2,836.2,839.2,829.2,191.5,193.0,196.5,197.5,4.56,76.2,3.307,-5.8,0.891,0,nominal,0,0.0,194.96,701856.1
144.0,mission_cruise,73.39966648137855,3200.0,43.30016675931073,4164.4,829.4,837.3,841.7,827.7,191.0,193.0,195.9,197.3,4.5,76.3,3.296,4159.9,828.1,836.1,839.1,829.1,191.5,193.0,196.5,197.5,4.56,76.2,3.307,-5.8,0.891,0,nominal,0,0.0,194.96,701856.0
144.1,mission_cruise,73.39855475264035,3200.0,43.300722623679825,4159.8,831.8,833.3,839.1,831.9,191.1,194.2,196.0,196.2,4.57,75.8,3.354,4159.9,828.1,836.1,839.1,829.1,191.5,193.0,196.5,197.5,4.56,76.2,3.307,-5.8,0.891,0,nominal,0,0.0,194.96,701855.9
144.2,mission_cruise,73.39744302390217,3200.0,43.301278488048915,4158.5,829.2,836.6,839.1,831.1,190.6,192.5,196.7,197.8,4.58,76.3,3.316,4159.9,828.1,836.1,839.1,829.1,191.5,193.0,196.5,197.5,4.56,76.2,3.307,-5.8,0.891,0,nominal,0,0.0,194.96,701855.8
144.3,mission_cruise,73.39633129516398,3200.0,43.30183435241801,4157.2,827.6,836.7,839.1,828.7,191.2,192.2,197.3,198.1,4.58,75.8,3.276,4159.8,828.1,836.1,839.1,829.1,191.5,193.0,196.5,197.5,4.56,76.2,3.307,-5.8,0.891,0,nominal,0,0.0,194.96,701855.7
144.4,mission_cruise,73.3952195664258,3200.0,43.3023902167871,4149.1,831.5,838.2,838.0,828.4,191.8,193.1,195.9,198.7,4.5,75.7,3.269,4159.8,828.1,836.1,839.1,829.1,191.5,193.0,196.5,197.5,4.56,76.2,3.307,-5.8,0.891,0,nominal,0,0.0,194.96,701855.6
144.5,mission_cruise,73.3941078376876,3200.0,43.3029460811562,4163.8,827.7,835.1,839.1,829.9,191.8,192.2,197.1,198.1,4.57,76.6,3.269,4159.7,828.1,836.1,839.1,829.1,191.5,193.0,196.5,197.5,4.56,76.2,3.307,-5.8,0.891,0,nominal,0,0.0,194.96,701855.5
144.6,mission_cruise,73.39299610894942,3200.0,43.30350194552529,4169.9,824.2,835.6,838.9,829.4,191.9,193.2,197.1,196.1,4.53,76.6,3.288,4159.7,828.1,836.1,839.1,829.1,191.5,193.0,196.5,197.5,4.56,76.2,3.307,-5.8,0.891,0,nominal,0,0.0,194.96,701855.4
144.7,mission_cruise,73.39188438021122,3200.0,43.30405780989439,4166.2,833.5,834.3,840.5,828.4,191.7,193.3,197.2,197.5,4.57,75.8,3.297,4159.7,828.1,836.1,839.1,829.1,191.5,193.0,196.5,197.5,4.56,76.2,3.307,-5.8,0.891,0,nominal,0,0.0,194.96,701855.3
144.8,mission_cruise,73.39077265147304,3200.0,43.30461367426348,4163.1,826.4,836.2,840.1,828.2,191.6,193.5,197.0,197.3,4.56,76.3,3.295,4159.6,828.1,836.1,839.1,829.1,191.5,193.0,196.5,197.5,4.56,76.2,3.307,-5.8,0.891,0,nominal,0,0.0,194.96,701855.2
144.9,mission_cruise,73.38966092273485,3200.0,43.305169538632576,4154.4,827.6,835.9,840.5,828.6,192.1,193.2,195.9,197.0,4.58,76.2,3.31,4159.6,828.1,836.1,839.1,829.1,191.5,193.0,196.5,197.5,4.56,76.2,3.307,-5.8,0.891,0,nominal,0,0.0,194.96,701855.1
145.0,mission_cruise,73.38854919399667,3200.0,43.30572540300167,4155.9,829.0,835.5,839.5,827.4,190.9,192.4,196.9,196.7,4.59,76.5,3.329,4159.6,828.1,836.1,839.1,829.1,191.5,193.0,196.5,197.5,4.56,76.2,3.307,-5.8,0.891,0,nominal,0,0.0,194.96,701855.0
145.1,mission_cruise,73.38743746525847,3200.0,43.306281267370764,4165.0,828.1,837.7,839.7,833.0,191.6,192.9,196.2,198.2,4.53,76.0,3.265,4159.5,828.1,836.1,839.1,829.1,191.5,193.0,196.5,197.5,4.56,76.2,3.307,-5.8,0.891,0,nominal,0,0.0,194.96,701854.9
145.2,mission_cruise,73.38632573652029,3200.0,43.306837131739854,4158.7,827.6,837.4,837.8,831.2,191.3,193.9,196.2,197.3,4.52,76.1,3.296,4159.5,828.1,836.1,839.1,829.1,191.5,193.0,196.5,197.5,4.56,76.2,3.307,-5.8,0.891,0,nominal,0,0.0,194.96,701854.8
145.3,mission_cruise,73.3852140077821,3200.0,43.30739299610895,4153.0,827.9,836.9,840.6,828.3,191.2,194.0,198.1,198.5,4.56,75.5,3.287,4159.5,828.1,836.1,839.1,829.1,191.5,193.0,196.5,197.5,4.56,76.2,3.307,-5.8,0.891,0,nominal,0,0.0,194.96,701854.7
145.4,mission_cruise,73.38410227904392,3200.0,43.30794886047804,4150.6,828.6,837.0,840.9,831.4,191.0,191.7,196.9,198.3,4.56,75.5,3.3,4159.4,828.1,836.1,839.1,829.1,191.5,193.0,196.5,197.5,4.56,76.2,3.307,-5.8,0.891,0,nominal,0,0.0,194.96,701854.6
145.5,mission_cruise,73.38299055030572,3200.0,43.30850472484714,4160.8,829.2,836.1,836.9,829.7,192.4,192.3,196.3,197.3,4.59,76.4,3.269,4159.4,828.1,836.1,839.1,829.1,191.5,193.0,196.5,197.5,4.56,76.2,3.307,-5.8,0.891,0,nominal,0,0.0,194.96,701854.5
145.6,mission_cruise,73.38187882156754,3200.0,43.30906058921623,4154.8,829.3,833.3,836.0,828.3,190.8,192.7,196.1,197.4,4.6,76.4,3.336,4159.4,828.1,836.1,839.1,829.1,191.5,193.0,196.5,197.5,4.56,76.2,3.307,-5.8,0.891,0,nominal,0,0.0,194.96,701854.4
145.7,mission_cruise,73.38076709282934,3200.0,43.30961645358533,4163.4,824.5,838.5,836.8,833.0,191.6,193.1,196.8,197.3,4.59,75.7,3.278,4159.3,828.1,836.1,839.1,829.1,191.5,193.0,196.5,197.5,4.56,76.2,3.307,-5.8,0.891,0,nominal,0,0.0,194.96,701854.3
145.8,mission_cruise,73.37965536409116,3200.0,43.31017231795442,4156.9,829.7,834.4,838.7,830.3,191.7,193.7,196.5,196.7,4.54,76.3,3.309,4159.3,828.1,836.1,839.1,829.1,191.5,193.0,196.5,197.5,4.56,76.2,3.307,-5.8,0.891,0,nominal,0,0.0,194.96,701854.2
145.9,mission_cruise,73.37854363535297,3200.0,43.310728182323516,4163.8,826.9,836.8,840.3,830.4,191.5,192.8,196.3,196.6,4.54,76.1,3.285,4159.3,828.1,836.1,839.1,829.1,191.5,193.0,196.5,197.5,4.56,76.2,3.307,-5.8,0.891,0,nominal,0,0.0,194.96,701854.1
146.0,mission_cruise,73.37743190661479,3200.0,43.311284046692606,4167.4,825.3,837.3,840.6,831.5,191.7,193.5,197.2,196.4,4.55,76.0,3.323,4159.2,828.1,836.1,839.1,829.1,191.5,193.0,196.5,197.5,4.56,76.2,3.307,-5.8,0.891,0,nominal,0,0.0,194.96,701854.0
146.1,mission_cruise,73.3763201778766,3200.0,43.3118399110617,4156.1,826.5,836.7,842.2,829.4,192.5,192.6,196.1,196.8,4.56,76.2,3.296,4159.2,828.1,836.1,839.1,829.1,191.5,193.0,196.5,197.5,4.56,76.2,3.307,-5.8,0.891,0,nominal,0,0.0,194.96,701853.9
146.2,mission_cruise,73.37520844913841,3200.0,43.312395775430794,4150.4,826.6,834.8,840.3,828.7,191.1,192.3,196.2,197.4,4.5,76.3,3.324,4159.2,828.1,836.1,839.1,829.1,191.5,193.0,196.5,197.5,4.56,76.2,3.307,-5.8,0.891,0,nominal,0,0.0,194.96,701853.8
146.3,mission_cruise,73.37409672040022,3200.0,43.31295163979989,4158.3,830.5,836.5,836.5,829.9,190.9,193.1,196.8,198.2,4.58,75.3,3.319,4159.1,828.1,836.1,839.1,829.1,191.5,193.0,196.5,197.5,4.56,76.2,3.306,-5.8,0.891,0,nominal,0,0.0,194.96,701853.7
146.4,mission_cruise,73.37298499166204,3200.0,43.31350750416898,4166.2,828.7,837.0,840.0,830.1,190.9,193.2,195.5,197.4,4.57,75.8,3.296,4159.1,828.1,836.1,839.1,829.1,191.5,193.0,196.5,197.5,4.56,76.2,3.306,-5.8,0.891,0,nominal,0,0.0,194.96,701853.6
146.5,mission_cruise,73.37187326292384,3200.0,43.31406336853808,4147.4,829.7,837.5,837.0,828.2,191.3,192.7,196.7,196.5,4.57,75.6,3.257,4159.1,828.1,836.1,839.1,829.1,191.5,193.0,196.5,197.5,4.56,76.2,3.306,-5.8,0.891,0,nominal,0,0.0,194.96,701853.5
146.6,mission_cruise,73.37076153418566,3200.0,43.31461923290717,4158.4,828.3,836.9,838.2,828.2,190.8,192.9,195.5,197.7,4.57,76.0,3.337,4159.0,828.1,836.1,839.1,829.1,191.5,193.0,196.5,197.5,4.56,76.2,3.306,-5.8,0.891,0,nominal,0,0.0,194.96,701853.4
146.7,mission_cruise,73.36964980544747,3200.0,43.31517509727627,4142.7,826.4,837.7,838.5,830.8,191.3,193.6,196.5,197.0,4.58,76.9,3.297,4159.0,828.1,836.1,839.1,829.1,191.5,193.0,196.5,197.5,4.56,76.2,3.306,-5.8,0.891,0,nominal,0,0.0,194.96,701853.3
146.8,mission_cruise,73.36853807670929,3200.0,43.31573096164536,4168.7,828.0,836.2,841.7,826.9,192.1,194.5,196.6,197.2,4.56,76.3,3.317,4159.0,828.1,836.1,839.1,829.1,191.4,192.9,196.4,197.4,4.56,76.2,3.306,-5.8,0.891,0,nominal,0,0.0,194.96,701853.2
146.9,mission_cruise,73.36742634797109,3200.0,43.316286826014455,4162.6,827.6,836.3,840.2,828.7,191.2,193.3,196.6,197.1,4.55,76.9,3.332,4158.9,828.1,836.1,839.1,829.1,191.4,192.9,196.4,197.4,4.56,76.2,3.306,-5.8,0.891,0,nominal,0,0.0,194.96,701853.1
147.0,mission_cruise,73.36631461923291,3200.0,43.316842690383545,4156.7,829.1,837.2,838.5,830.8,192.3,192.9,196.3,196.5,4.56,76.5,3.337,4158.9,828.1,836.1,839.1,829.1,191.4,192.9,196.4,197.4,4.56,76.2,3.306,-5.8,0.891,0,nominal,0,0.0,194.96,701853.0
147.1,mission_cruise,73.36520289049471,3200.0,43.31739855475264,4156.7,827.9,836.0,841.8,827.7,191.9,193.6,197.1,196.3,4.56,76.0,3.363,4158.9,828.1,836.1,839.1,829.1,191.4,192.9,196.4,197.4,4.56,76.2,3.306,-5.8,0.891,0,nominal,0,0.0,194.96,701852.9
147.2,mission_cruise,73.36409116175653,3200.0,43.31795441912173,4164.2,828.3,836.0,839.7,828.4,190.9,192.8,196.8,197.4,4.55,76.4,3.34,4158.8,828.1,836.1,839.1,829.1,191.4,192.9,196.4,197.4,4.56,76.2,3.306,-5.8,0.891,0,nominal,0,0.0,194.96,701852.8
147.3,mission_cruise,73.36297943301834,3200.0,43.31851028349083,4167.6,829.4,836.7,839.3,829.5,192.0,192.4,196.1,198.0,4.59,77.0,3.278,4158.8,828.1,836.1,839.1,829.1,191.4,192.9,196.4,197.4,4.56,76.2,3.306,-5.8,0.891,0,nominal,0,0.0,194.96,701852.7
147.4,mission_cruise,73.36186770428016,3200.0,43.31906614785992,4163.2,824.2,837.1,840.7,828.3,192.0,191.9,196.8,197.3,4.56,76.3,3.299,4158.8,828.1,836.1,839.1,829.1,191.4,192.9,196.4,197.4,4.56,76.2,3.306,-5.8,0.891,0,nominal,0,0.0,194.96,701852.6
147.5,mission_cruise,73.36075597554196,3200.0,43.31962201222902,4160.9,827.9,835.4,837.9,831.8,191.5,192.6,197.0,197.1,4.54,76.3,3.298,4158.7,828.1,836.1,839.1,829.1,191.4,192.9,196.4,197.4,4.56,76.2,3.306,-5.8,0.891,0,nominal,0,0.0,194.96,701852.5
147.6,mission_cruise,73.35964424680378,3200.0,43.32017787659811,4147.3,828.6,835.8,839.1,829.5,191.9,192.6,195.6,197.3,4.58,76.4,3.247,4158.7,828.1,836.1,839.1,829.1,191.4,192.9,196.4,197.4,4.56,76.2,3.306,-5.8,0.891,0,nominal,0,0.0,194.96,701852.4
147.7,mission_cruise,73.35853251806559,3200.0,43.320733740967206,4155.7,827.8,834.5,838.4,829.9,191.0,193.0,196.7,196.4,4.55,75.7,3.289,4158.7,828.1,836.1,839.1,829.1,191.4,192.9,196.4,197.4,4.56,76.2,3.306,-5.8,0.891,0,nominal,0,0.0,194.96,701852.3
147.8,mission_cruise,73.3574207893274,3200.0,43.3212896053363,4161.4,827.8,835.6,841.2,830.1,192.2,193.2,195.9,197.5,4.59,76.0,3.284,4158.6,828.1,836.1,839.1,829.1,191.4,192.9,196.4,197.4,4.56,76.2,3.306,-5.8,0.891,0,nominal,0,0.0,194.96,701852.2
147.9,mission_cruise,73.35630906058921,3200.0,43.321845469705394,4162.5,826.4,838.5,838.0,829.0,191.7,192.5,197.3,197.1,4.55,76.7,3.306,4158.6,828.1,836.1,839.1,829.1,191.4,192.9,196.4,197.4,4.56,76.2,3.306,-5.8,0.891,0,nominal,0,0.0,194.96,701852.1
148.0,mission_cruise,73.35519733185103,3200.0,43.322401334074485,4170.1,826.4,836.0,840.4,829.7,191.0,193.2,196.6,197.9,4.57,76.6,3.239,4158.6,828.1,836.1,839.1,829.1,191.4,192.9,196.4,197.4,4.56,76.2,3.306,-5.8,0.891,0,nominal,0,0.0,194.96,701852.0
148.1,mission_cruise,73.35408560311284,3200.0,43.32295719844358,4158.4,827.2,836.7,839.2,828.1,191.3,192.5,196.4,198.0,4.56,76.4,3.289,4158.5,828.1,836.1,839.1,829.1,191.4,192.9,196.4,197.4,4.56,76.2,3.306,-5.8,0.891,0,nominal,0,0.0,194.96,701851.9
148.2,mission_cruise,73.35297387437465,3200.0,43.32351306281267,4153.4,828.7,836.5,839.1,830.1,191.5,193.5,196.3,197.2,4.54,76.3,3.334,4158.5,828.1,836.1,839.1,829.1,191.4,192.9,196.4,197.4,4.56,76.2,3.306,-5.8,0.891,0,nominal,0,0.0,194.96,701851.8
148.3,mission_cruise,73.35186214563646,3200.0,43.32406892718177,4154.8,828.5,836.4,839.4,829.1,192.2,192.0,196.1,197.3,4.55,75.7,3.285,4158.5,828.1,836.1,839.1,829.1,191.4,192.9,196.4,197.4,4.56,76.2,3.306,-5.8,0.891,0,nominal,0,0.0,194.96,701851.7
148.4,mission_cruise,73.35075041689828,3200.0,43.32462479155086,4160.2,827.8,834.1,843.1,830.4,190.9,194.4,197.0,197.7,4.57,76.9,3.308,4158.4,828.1,836.1,839.1,829.1,191.4,192.9,196.4,197.4,4.56,76.2,3.306,-5.8,0.891,0,nominal,0,0.0,194.96,701851.6
148.5,mission_cruise,73.34963868816008,3200.0,43.32518065591996,4168.7,827.5,836.2,837.9,829.4,191.3,193.6,195.8,197.5,4.54,76.0,3.283,4158.4,828.1,836.1,839.1,829.1,191.4,192.9,196.4,197.4,4.56,76.2,3.306,-5.8,0.891,0,nominal,0,0.0,194.96,701851.5
148.6,mission_cruise,73.3485269594219,3200.0,43.32573652028905,4161.3,828.6,834.9,838.6,827.8,191.3,193.7,196.4,197.4,4.55,75.6,3.285,4158.4,828.1,836.1,839.1,829.1,191.4,192.9,196.4,197.4,4.56,76.2,3.306,-5.8,0.891,0,nominal,0,0.0,194.96,701851.4
148.7,mission_cruise,73.34741523068371,3200.0,43.326292384658146,4153.6,828.0,834.4,840.0,829.8,191.0,192.6,196.1,197.5,4.56,76.4,3.319,4158.3,828.1,836.1,839.1,829.1,191.4,192.9,196.4,197.4,4.56,76.2,3.305,-5.8,0.891,0,nominal,0,0.0,194.96,701851.3
148.8,mission_cruise,73.34630350194553,3200.0,43.326848249027236,4158.4,831.5,835.7,839.7,828.2,191.6,192.5,196.4,197.6,4.55,76.3,3.344,4158.3,828.1,836.1,839.1,829.1,191.4,192.9,196.4,197.4,4.56,76.2,3.305,-5.8,0.891,0,nominal,0,0.0,194.96,701851.2
148.9,mission_cruise,73.34519177320733,3200.0,43.327404113396334,4163.5,827.2,837.6,838.7,829.5,192.9,193.0,196.9,197.9,4.56,77.1,3.271,4158.2,828.1,836.1,839.1,829.1,191.4,192.9,196.4,197.4,4.56,76.2,3.305,-5.8,0.891,0,nominal,0,0.0,194.96,701851.1
149.0,mission_cruise,73.34408004446915,3200.0,43.327959977765424,4156.8,832.5,837.1,837.4,829.4,191.8,192.0,196.2,198.5,4.61,76.1,3.3,4158.2,828.1,836.1,839.1,829.1,191.4,192.9,196.4,197.4,4.56,76.2,3.305,-5.8,0.891,0,nominal,0,0.0,194.96,701851.0
149.1,mission_cruise,73.34296831573096,3200.0,43.32851584213452,4150.9,827.9,838.4,837.9,829.8,192.0,194.2,195.6,198.0,4.55,76.4,3.338,4158.2,828.1,836.1,839.1,829.1,191.4,192.9,196.4,197.4,4.56,76.2,3.305,-5.8,0.891,0,nominal,0,0.0,194.96,701850.9
149.2,mission_cruise,73.34185658699278,3200.0,43.32907170650361,4156.9,826.9,837.5,839.4,830.6,192.1,192.2,196.8,197.5,4.53,76.1,3.31,4158.1,828.0,836.0,839.0,829.0,191.4,192.9,196.4,197.4,4.56,76.2,3.305,-5.8,0.891,0,nominal,0,0.0,194.96,701850.8
149.3,mission_cruise,73.34074485825458,3200.0,43.32962757087271,4161.6,827.7,837.0,840.1,829.9,191.0,191.9,196.3,197.5,4.59,76.4,3.22,4158.1,828.0,836.0,839.0,829.0,191.4,192.9,196.4,197.4,4.56,76.2,3.305,-5.8,0.891,0,nominal,0,0.0,194.96,701850.7
149.4,mission_cruise,73.3396331295164,3200.0,43.3301834352418,4159.9,826.4,833.5,841.4,828.0,191.9,194.1,196.8,196.7,4.54,75.7,3.322,4158.1,828.0,836.0,839.0,829.0,191.4,192.9,196.4,197.4,4.56,76.2,3.305,-5.8,0.891,0,nominal,0,0.0,194.96,701850.6
149.5,mission_cruise,73.3385214007782,3200.0,43.3307392996109,4160.8,831.1,837.0,838.2,828.9,191.0,192.8,196.1,198.8,4.55,76.2,3.324,4158.0,828.0,836.0,839.0,829.0,191.4,192.9,196.4,197.4,4.56,76.2,3.305,-5.8,0.891,0,nominal,0,0.0,194.96,701850.5
149.6,mission_cruise,73.33740967204002,3200.0,43.33129516397999,4153.2,829.9,838.1,840.7,831.3,191.0,192.7,196.7,197.7,4.6,75.7,3.275,4158.0,828.0,836.0,839.0,829.0,191.4,192.9,196.4,197.4,4.56,76.2,3.305,-5.8,0.891,0,nominal,0,0.0,194.96,701850.4
149.7,mission_cruise,73.33629794330183,3200.0,43.331851028349085,4159.3,827.6,836.0,838.7,826.4,191.1,192.7,196.3,196.9,4.57,76.1,3.364,4158.0,828.0,836.0,839.0,829.0,191.4,192.9,196.4,197.4,4.56,76.2,3.305,-5.8,0.891,0,nominal,0,0.0,194.96,701850.3
149.8,mission_cruise,73.33518621456365,3200.0,43.332406892718176,4162.4,828.0,836.7,838.3,832.7,191.2,192.3,196.5,197.1,4.55,76.7,3.286,4157.9,828.0,836.0,839.0,829.0,191.4,192.9,196.4,197.4,4.56,76.2,3.305,-5.8,0.891,0,nominal,0,0.0,194.96,701850.2
149.9,mission_cruise,73.33407448582545,3200.0,43.33296275708727,4157.6,825.9,835.6,839.6,828.7,191.1,193.0,196.4,196.6,4.52,76.3,3.266,4157.9,828.0,836.0,839.0,829.0,191.4,192.9,196.4,197.4,4.56,76.2,3.305,-5.8,0.891,0,nominal,0,0.0,194.96,701850.1
150.0,mission_cruise,73.33296275708727,3200.0,43.33351862145636,4163.1,826.0,837.2,836.0,830.9,191.2,193.2,196.6,197.7,4.56,76.6,3.33,4157.9,828.0,836.0,839.0,829.0,191.4,192.9,196.4,197.4,4.56,76.2,3.305,-5.8,0.891,0,nominal,0,0.0,194.96,701850.0
150.1,mission_cruise,73.33185102834908,3200.0,43.33407448582546,4155.3,828.1,835.7,839.7,828.1,191.6,191.4,196.0,197.9,4.55,76.5,3.322,4157.8,828.0,836.0,839.0,829.0,191.4,192.9,196.4,197.4,4.56,76.2,3.305,-5.8,0.891,0,nominal,0,0.0,194.96,701849.9
150.2,mission_cruise,73.3307392996109,3200.0,43.33463035019455,4150.6,827.6,835.6,840.1,826.6,191.3,192.5,196.5,198.2,4.54,75.4,3.301,4157.8,828.0,836.0,839.0,829.0,191.4,192.9,196.4,197.4,4.56,76.1,3.305,-5.8,0.891,0,nominal,0,0.0,194.96,701849.8
150.3,mission_cruise,73.3296275708727,3200.0,43.33518621456365,4158.8,832.3,836.9,838.8,829.3,191.0,192.3,196.6,197.8,4.57,76.0,3.274,4157.8,828.0,836.0,839.0,829.0,191.4,192.9,196.4,197.4,4.56,76.1,3.305,-5.8,0.891,0,nominal,0,0.0,194.96,701849.7
150.4,mission_cruise,73.32851584213452,3200.0,43.33574207893274,4166.1,827.6,835.5,839.8,829.8,191.3,193.0,196.4,197.2,4.56,76.7,3.318,4157.7,828.0,836.0,839.0,829.0,191.4,192.9,196.4,197.4,4.56,76.1,3.305,-5.8,0.891,0,nominal,0,0.0,194.96,701849.6
150.5,mission_cruise,73.32740411339633,3200.0,43.33629794330184,4159.2,826.5,836.5,838.6,829.0,191.0,193.1,196.0,197.7,4.58,76.3,3.339,4157.7,828.0,836.0,839.0,829.0,191.4,192.9,196.4,197.4,4.56,76.1,3.305,-5.8,0.891,0,nominal,0,0.0,194.96,701849.5
150.6,mission_cruise,73.32629238465815,3200.0,43.33685380767093,4164.1,828.6,837.4,839.9,828.5,191.7,192.3,196.2,197.9,4.55,76.1,3.267,4157.7,828.0,836.0,839.0,829.0,191.4,192.9,196.4,197.4,4.56,76.1,3.305,-5.8,0.891,0,nominal,0,0.0,194.96,701849.4
150.7,mission_cruise,73.32518065591995,3200.0,43.337409672040025,4158.9,829.0,836.7,838.0,828.4,191.5,192.9,196.3,197.3,4.55,76.2,3.331,4157.6,828.0,836.0,839.0,829.0,191.4,192.9,196.4,197.4,4.56,76.1,3.305,-5.8,0.891,0,nominal,0,0.0,194.96,701849.3
150.8,mission_cruise,73.32406892718177,3200.0,43.337965536409115,4155.1,830.4,836.7,839.6,829.8,191.6,192.5,196.6,196.6,4.56,76.5,3.277,4157.6,828.0,836.0,839.0,829.0,191.4,192.9,196.4,197.4,4.56,76.1,3.305,-5.8,0.891,0,nominal,0,0.0,194.96,701849.2
150.9,mission_cruise,73.32295719844358,3200.0,43.33852140077821,4157.7,827.3,835.9,841.1,830.3,191.1,194.6,195.9,197.6,4.54,75.8,3.321,4157.6,828.0,836.0,839.0,829.0,191.4,192.9,196.4,197.4,4.56,76.1,3.305,-5.8,0.891,0,nominal,0,0.0,194.96,701849.1
151.0,mission_cruise,73.3218454697054,3200.0,43.3390772651473,4155.3,825.9,834.7,840.6,829.3,191.8,192.9,196.8,197.1,4.59,77.4,3.246,4157.5,828.0,836.0,839.0,829.0,191.4,192.9,196.4,197.4,4.56,76.1,3.305,-5.8,0.891,0,nominal,0,0.0,194.96,701849.0
151.1,mission_cruise,73.3207337409672,3200.0,43.3396331295164,4159.3,826.9,836.9,840.5,829.0,191.4,193.3,196.3,199.1,4.56,76.0,3.359,4157.5,828.0,836.0,839.0,829.0,191.4,192.9,196.4,197.4,4.56,76.1,3.305,-5.8,0.891,0,nominal,0,0.0,194.96,701848.9
151.2,mission_cruise,73.31962201222902,3200.0,43.34018899388549,4159.7,830.1,834.4,837.7,827.1,189.9,192.5,195.4,198.2,4.55,76.3,3.338,4157.5,828.0,836.0,839.0,829.0,191.4,192.9,196.4,197.4,4.56,76.1,3.304,-5.8,0.891,0,nominal,0,0.0,194.96,701848.8
151.3,mission_cruise,73.31851028349082,3200.0,43.34074485825459,4150.9,827.6,838.6,839.4,827.2,190.4,193.0,196.5,197.2,4.54,75.3,3.31,4157.4,828.0,836.0,839.0,829.0,191.4,192.9,196.4,197.4,4.56,76.1,3.304,-5.8,0.891,0,nominal,0,0.0,194.96,701848.7
151.4,mission_cruise,73.31739855475264,3200.0,43.34130072262368,4162.9,827.7,835.1,838.5,830.8,191.9,192.1,196.9,196.8,4.55,76.4,3.282,4157.4,828.0,836.0,839.0,829.0,191.4,192.9,196.4,197.4,4.56,76.1,3.304,-5.8,0.891,0,nominal,0,0.0,194.96,701848.6
151.5,mission_cruise,73.31628682601445,3200.0,43.341856586992776,4162.0,825.2,837.4,839.0,827.8,191.3,192.9,195.8,197.5,4.56,75.7,3.293,4157.4,828.0,836.0,839.0,829.0,191.4,192.9,196.4,197.4,4.56,76.1,3.304,-5.8,0.891,0,nominal,0,0.0,194.96,701848.5
151.6,mission_cruise,73.31517509727627,3200.0,43.34241245136187,4156.3,827.3,834.2,838.0,828.0,192.0,192.8,196.1,197.9,4.56,76.7,3.302,4157.3,828.0,836.0,839.0,829.0,191.4,192.9,196.4,197.4,4.56,76.1,3.304,-5.8,0.891,0,nominal,0,0.0,194.96,701848.4
151.7,mission_cruise,73.31406336853807,3200.0,43.342968315730964,4152.6,826.4,837.4,841.3,829.5,191.6,193.2,196.1,197.8,4.55,76.1,3.309,4157.3,828.0,836.0,839.0,829.0,191.4,192.9,196.4,197.4,4.56,76.1,3.304,-5.8,0.891,0,nominal,0,0.0,194.96,701848.3
151.8,mission_cruise,73.31295163979989,3200.0,43.343524180100054,4156.1,828.2,834.4,843.1,831.7,190.5,193.4,196.4,197.2,4.57,75.5,3.255,4157.3,828.0,836.0,839.0,829.0,191.4,192.9,196.4,197.4,4.56,76.1,3.304,-5.8,0.891,0,nominal,0,0.0,194.96,701848.2
151.9,mission_cruise,73.3118399110617,3200.0,43.34408004446915,4162.9,827.7,835.7,842.6,829.5,190.5,193.6,196.6,196.9,4.59,76.1,3.321,4157.2,828.0,836.0,839.0,829.0,191.4,192.9,196.4,197.4,4.56,76.1,3.304,-5.8,0.891,0,nominal,0,0.0,194.96,701848.1
152.0,mission_cruise,73.31072818232352,3200.0,43.34463590883824,4163.4,828.1,836.3,840.2,827.5,191.6,191.6,195.4,197.9,4.57,75.8,3.366,4157.2,828.0,836.0,839.0,829.0,191.4,192.9,196.4,197.4,4.56,76.1,3.304,-5.8,0.891,0,nominal,0,0.0,194.96,701848.0
152.1,mission_cruise,73.30961645358532,3200.0,43.34519177320734,4157.7,825.8,836.6,840.0,828.3,191.0,192.9,196.5,197.2,4.54,76.1,3.34,4157.2,828.0,836.0,839.0,829.0,191.4,192.9,196.4,197.4,4.56,76.1,3.304,-5.8,0.891,0,nominal,0,0.0,194.96,701847.9
152.2,mission_cruise,73.30850472484714,3200.0,43.34574763757643,4153.5,828.6,835.1,840.0,828.7,191.2,192.8,196.8,197.3,4.54,75.4,3.324,4157.1,828.0,836.0,839.0,829.0,191.4,192.9,196.4,197.4,4.56,76.1,3.304,-5.8,0.891,0,nominal,0,0.0,194.96,701847.8
152.3,mission_cruise,73.30739299610894,3200.0,43.34630350194553,4163.5,828.0,836.0,838.0,828.5,193.1,192.9,196.1,196.6,4.56,76.5,3.283,4157.1,828.0,836.0,839.0,829.0,191.4,192.9,196.4,197.4,4.56,76.1,3.304,-5.8,0.891,0,nominal,0,0.0,194.96,701847.7
152.4,mission_cruise,73.30628126737076,3200.0,43.34685936631462,4159.3,830.0,834.5,839.9,829.1,191.0,193.5,195.5,197.5,4.6,76.8,3.341,4157.1,828.0,836.0,839.0,829.0,191.4,192.9,196.4,197.4,4.56,76.1,3.304,-5.8,0.891,0,nominal,0,0.0,194.96,701847.6
152.5,mission_cruise,73.30516953863257,3200.0,43.347415230683715,4148.8,828.6,836.4,839.6,829.7,191.3,192.9,196.8,198.4,4.56,76.3,3.41,4157.0,828.0,836.0,839.0,829.0,191.4,192.9,196.4,197.4,4.56,76.1,3.304,-5.8,0.891,0,nominal,0,0.0,194.96,701847.5
152.6,mission_cruise,73.30405780989439,3200.0,43.347971095052806,4167.2,826.3,836.6,839.3,827.0,192.1,192.7,197.1,196.8,4.59,76.2,3.313,4157.0,828.0,836.0,839.0,829.0,191.4,192.9,196.4,197.4,4.56,76.1,3.304,-5.8,0.891,0,nominal,0,0.0,194.96,701847.4
152.7,mission_cruise,73.3029460811562,3200.0,43.3485269594219,4151.1,827.8,834.0,839.4,828.7,191.9,192.7,196.5,198.9,4.59,75.9,3.316,4157.0,828.0,836.0,839.0,829.0,191.4,192.9,196.4,197.4,4.56,76.1,3.304,-5.8,0.891,0,nominal,0,0.0,194.96,701847.3
152.8,mission_cruise,73.30183435241801,3200.0,43.349082823790994,4145.7,827.0,836.9,836.7,828.3,190.7,192.2,196.1,197.0,4.54,76.2,3.264,4156.9,828.0,836.0,839.0,829.0,191.4,192.9,196.4,197.4,4.56,76.1,3.304,-5.8,0.891,0,nominal,0,0.0,194.96,701847.2
152.9,mission_cruise,73.30072262367982,3200.0,43.34963868816009,4163.2,827.5,839.4,835.5,826.5,191.7,192.2,196.2,197.9,4.59,76.1,3.282,4156.9,828.0,836.0,839.0,829.0,191.4,192.9,196.4,197.4,4.56,76.1,3.304,-5.8,0.891,0,nominal,0,0.0,194.96,701847.1
153.0,mission_cruise,73.29961089494164,3200.0,43.35019455252918,4145.5,830.8,837.2,838.9,826.6,191.2,192.3,197.1,197.4,4.56,76.1,3.306,4156.9,828.0,836.0,839.0,829.0,191.4,192.9,196.4,197.4,4.56,76.1,3.304,-5.8,0.891,0,nominal,0,0.0,194.96,701847.0
153.1,mission_cruise,73.29849916620344,3200.0,43.35075041689828,4167.7,826.8,835.9,837.4,828.8,191.6,192.0,195.4,196.5,4.56,76.5,3.253,4156.8,828.0,836.0,839.0,829.0,191.4,192.9,196.4,197.4,4.56,76.1,3.304,-5.8,0.891,0,nominal,0,0.0,194.96,701846.9
153.2,mission_cruise,73.29738743746526,3200.0,43.35130628126737,4159.8,828.4,837.2,841.5,827.5,191.8,192.9,196.9,197.5,4.58,76.5,3.317,4156.8,828.0,836.0,839.0,829.0,191.4,192.9,196.4,197.4,4.56,76.1,3.304,-5.8,0.891,0,nominal,0,0.0,194.96,701846.8
153.3,mission_cruise,73.29627570872707,3200.0,43.35186214563647,4150.9,827.4,835.4,839.4,827.2,191.5,192.5,197.1,197.7,4.57,76.1,3.287,4156.7,828.0,836.0,839.0,829.0,191.4,192.9,196.4,197.4,4.56,76.1,3.304,-5.8,0.891,0,nominal,0,0.0,194.96,701846.7
153.4,mission_cruise,73.29516397998889,3200.0,43.35241801000556,4161.4,829.6,837.2,839.7,829.5,191.1,192.5,196.9,198.1,4.56,75.9,3.339,4156.7,828.0,836.0,839.0,829.0,191.4,192.9,196.4,197.4,4.56,76.1,3.304,-5.8,0.891,0,nominal,0,0.0,194.96,701846.6
153.5,mission_cruise,73.29405225125069,3200.0,43.352973874374655,4146.0,828.4,835.9,839.3,828.6,189.9,192.9,196.7,197.4,4.55,75.1,3.314,4156.7,828.0,836.0,839.0,829.0,191.4,192.9,196.4,197.4,4.56,76.1,3.304,-5.8,0.891,0,nominal,0,0.0,194.96,701846.5
153.6,mission_cruise,73.29294052251251,3200.0,43.353529738743745,4163.9,828.7,832.1,838.9,829.2,191.1,192.9,195.5,197.4,4.56,75.9,3.271,4156.6,828.0,836.0,839.0,829.0,191.4,192.9,196.4,197.4,4.56,76.1,3.303,-5.8,0.891,0,nominal,0,0.0,194.96,701846.4
153.7,mission_cruise,73.29182879377431,3200.0,43.35408560311284,4167.1,828.5,839.4,838.1,827.7,191.2,192.5,196.2,196.1,4.54,75.8,3.301,4156.6,828.0,836.0,839.0,829.0,191.4,192.9,196.4,197.4,4.56,76.1,3.303,-5.8,0.891,0,nominal,0,0.0,194.96,701846.3
153.8,mission_cruise,73.29071706503613,3200.0,43.35464146748193,4157.7,826.9,838.1,841.2,830.8,191.2,193.6,197.2,196.5,4.54,76.7,3.29,4156.6,828.0,836.0,839.0,829.0,191.4,192.9,196.4,197.4,4.56,76.1,3.303,-5.8,0.891,0,nominal,0,0.0,194.96,701846.2
153.9,mission_cruise,73.28960533629794,3200.0,43.35519733185103,4157.9,827.0,835.7,840.7,830.6,191.7,192.6,196.3,197.5,4.58,77.0,3.335,4156.5,828.0,836.0,839.0,829.0,191.4,192.9,196.4,197.4,4.56,76.1,3.303,-5.8,0.891,0,nominal,0,0.0,194.96,701846.1
154.0,mission_cruise,73.28849360755976,3200.0,43.35575319622012,4159.0,829.0,833.6,839.5,829.0,191.3,193.2,196.4,197.0,4.55,77.1,3.238,4156.5,828.0,836.0,839.0,829.0,191.4,192.9,196.4,197.4,4.56,76.1,3.303,-5.8,0.891,0,nominal,0,0.0,194.96,701846.0
154.1,mission_cruise,73.28738187882156,3200.0,43.35630906058922,4157.5,830.2,837.6,837.6,829.7,191.6,193.0,196.6,197.8,4.6,76.8,3.329,4156.5,828.0,836.0,839.0,829.0,191.4,192.9,196.4,197.4,4.56,76.1,3.303,-5.8,0.891,0,nominal,0,0.0,194.96,701845.9
154.2,mission_cruise,73.28627015008338,3200.0,43.35686492495831,4159.9,827.3,834.3,839.8,829.1,192.6,192.7,195.2,197.9,4.57,75.7,3.275,4156.4,828.0,836.0,839.0,829.0,191.4,192.9,196.4,197.4,4.56,76.1,3.303,-5.8,0.891,0,nominal,0,0.0,194.96,701845.8
154.3,mission_cruise,73.28515842134519,3200.0,43.357420789327406,4167.8,827.8,838.1,839.2,827.2,189.7,192.4,196.7,197.5,4.6,75.9,3.261,4156.4,827.9,835.9,838.9,828.9,191.4,192.9,196.4,197.4,4.55,76.1,3.303,-5.8,0.891,0,nominal,0,0.0,194.96,701845.7
154.4,mission_cruise,73.284046692607,3200.0,43.3579766536965,4158.7,826.9,833.3,839.5,829.9,191.7,193.3,196.3,197.2,4.56,76.1,3.337,4156.4,827.9,835.9,838.9,828.9,191.4,192.9,196.4,197.4,4.55,76.1,3.303,-5.8,0.891,0,nominal,0,0.0,194.96,701845.6
154.5,mission_cruise,73.28293496386881,3200.0,43.358532518065594,4159.4,828.0,836.2,838.3,830.7,190.8,193.3,196.7,197.7,4.59,76.3,3.327,4156.3,827.9,835.9,838.9,828.9,191.4,192.9,196.4,197.4,4.55,76.1,3.303,-5.8,0.891,0,nominal,0,0.0,194.96,701845.5
154.6,mission_cruise,73.28182323513063,3200.0,43.359088382434685,4151.8,830.2,835.0,839.1,829.7,190.9,193.2,196.9,197.4,4.56,76.4,3.309,4156.3,827.9,835.9,838.9,828.9,191.4,192.9,196.4,197.4,4.55,76.1,3.303,-5.8,0.891,0,nominal,0,0.0,194.96,701845.4
154.7,mission_cruise,73.28071150639244,3200.0,43.35964424680378,4163.2,825.6,834.6,839.4,828.9,191.6,192.3,197.1,197.0,4.57,75.4,3.227,4156.3,827.9,835.9,838.9,828.9,191.4,192.9,196.4,197.4,4.55,76.1,3.303,-5.8,0.891,0,nominal,0,0.0,194.96,701845.3
154.8,mission_cruise,73.27959977765425,3200.0,43.36020011117287,4156.9,827.5,836.2,836.6,829.6,191.6,193.1,195.5,196.0,4.55,76.2,3.308,4156.2,827.9,835.9,838.9,828.9,191.4,192.9,196.4,197.4,4.55,76.1,3.303,-5.8,0.891,0,nominal,0,0.0,194.96,701845.2
154.9,mission_cruise,73.27848804891606,3200.0,43.36075597554197,4160.4,828.3,829.8,838.8,828.5,190.6,192.9,196.3,196.6,4.53,76.1,3.279,4156.2,827.9,835.9,838.9,828.9,191.4,192.9,196.4,197.4,4.55,76.1,3.303,-5.8,0.891,0,nominal,0,0.0,194.96,701845.1
155.0,mission_cruise,73.27737632017788,3200.0,43.36131183991106,4152.1,827.3,836.5,836.6,827.1,192.0,192.6,196.3,198.6,4.54,76.4,3.295,4156.2,827.9,835.9,838.9,828.9,191.4,192.9,196.4,197.4,4.55,76.1,3.303,-5.8,0.891,0,nominal,0,0.0,194.96,701845.0
155.1,mission_cruise,73.27626459143968,3200.0,43.36186770428016,4145.5,827.3,836.5,839.1,829.3,191.7,192.3,196.9,197.8,4.56,75.7,3.328,4156.1,827.9,835.9,838.9,828.9,191.4,192.9,196.4,197.4,4.55,76.1,3.303,-5.8,0.891,0,nominal,0,0.0,194.96,701844.9
155.2,mission_cruise,73.2751528627015,3200.0,43.36242356864925,4156.2,828.1,835.9,836.9,828.5,191.6,192.8,196.5,197.9,4.56,75.8,3.294,4156.1,827.9,835.9,838.9,828.9,191.4,192.9,196.4,197.4,4.55,76.1,3.303,-5.8,0.891,0,nominal,0,0.0,194.96,701844.8
155.3,mission_cruise,73.27404113396331,3200.0,43.362979433018346,4164.2,828.6,836.0,839.4,829.7,191.9,192.4,195.3,198.1,4.54,76.9,3.297,4156.1,827.9,835.9,838.9,828.9,191.4,192.9,196.4,197.4,4.55,76.1,3.303,-5.8,0.891,0,nominal,0,0.0,194.96,701844.7
155.4,mission_cruise,73.27292940522513,3200.0,43.363535297387436,4155.0,827.7,835.9,841.8,829.1,191.6,193.1,196.7,196.9,4.57,76.7,3.223,4156.0,827.9,835.9,838.9,828.9,191.4,192.9,196.4,197.4,4.55,76.1,3.303,-5.8,0.891,0,nominal,0,0.0,194.96,701844.6
155.5,mission_cruise,73.27181767648693,3200.0,43.364091161756534,4160.7,827.5,836.3,839.6,828.5,191.5,193.2,196.0,196.8,4.54,75.7,3.293,4156.0,827.9,835.9,838.9,828.9,191.4,192.9,196.4,197.4,4.55,76.1,3.303,-5.8,0.891,0,nominal,0,0.0,194.96,701844.5
155.6,mission_cruise,73.27070594774875,3200.0,43.364647026125624,4153.3,826.5,835.4,838.3,829.3,191.4,192.7,195.5,197.0,4.54,75.2,3.271,4156.0,827.9,835.9,838.9,828.9,191.4,192.9,196.4,197.4,4.55,76.1,3.303,-5.8,0.891,0,nominal,0,0.0,194.96,701844.4
155.7,mission_cruise,73.26959421901056,3200.0,43.36520289049472,4156.1,827.3,833.8,842.4,831.7,192.1,193.1,196.3,199.1,4.56,76.2,3.311,4155.9,827.9,835.9,838.9,828.9,191.4,192.9,196.4,197.4,4.55,76.1,3.303,-5.8,0.891,0,nominal,0,0.0,194.96,701844.3
155.8,mission_cruise,73.26848249027238,3200.0,43.36575875486381,4169.0,828.9,834.3,838.5,827.9,190.4,194.0,196.9,198.2,4.56,76.7,3.318,4155.9,827.9,835.9,838.9,828.9,191.4,192.9,196.4,197.4,4.55,76.1,3.303,-5.8,0.891,0,nominal,0,0.0,194.96,701844.2
155.9,mission_cruise,73.26737076153418,3200.0,43.36631461923291,4157.7,827.3,834.5,840.6,829.2,191.0,193.0,196.6,197.4,4.53,76.6,3.322,4155.9,827.9,835.9,838.9,828.9,191.4,192.9,196.4,197.4,4.55,76.1,3.303,-5.8,0.891,0,nominal,0,0.0,194.96,701844.1
156.0,mission_cruise,73.266259032796,3200.0,43.366870483602,4149.2,828.8,837.1,839.1,829.1,190.9,191.7,195.9,197.2,4.58,75.5,3.257,4155.8,827.9,835.9,838.9,828.9,191.4,192.9,196.4,197.4,4.55,76.1,3.303,-5.8,0.891,0,nominal,0,0.0,194.96,701844.0
156.1,mission_cruise,73.2651473040578,3200.0,43.3674263479711,4162.8,830.3,835.4,841.0,826.9,191.2,193.3,196.9,197.1,4.51,76.1,3.262,4155.8,827.9,835.9,838.9,828.9,191.4,192.9,196.4,197.4,4.55,76.1,3.302,-5.8,0.891,0,nominal,0,0.0,194.96,701843.9
156.2,mission_cruise,73.26403557531962,3200.0,43.36798221234019,4156.3,824.8,835.8,837.4,826.3,192.1,193.3,197.1,197.5,4.59,75.7,3.291,4155.8,827.9,835.9,838.9,828.9,191.4,192.9,196.4,197.4,4.55,76.1,3.302,-5.8,0.891,0,nominal,0,0.0,194.96,701843.8
156.3,mission_cruise,73.26292384658143,3200.0,43.368538076709285,4158.6,827.3,837.1,838.1,826.5,190.6,192.9,195.5,198.0,4.54,75.8,3.336,4155.7,827.9,835.9,838.9,828.9,191.4,192.9,196.4,197.4,4.55,76.1,3.302,-5.8,0.891,0,nominal,0,0.0,194.96,701843.7
156.4,mission_cruise,73.26181211784325,3200.0,43.369093941078376,4166.7,826.6,835.0,839.6,830.5,191.5,193.1,196.2,196.6,4.59,76.1,3.268,4155.7,827.9,835.9,838.9,828.9,191.4,192.9,196.4,197.4,4.55,76.1,3.302,-5.8,0.891,0,nominal,0,0.0,194.96,701843.6
156.5,mission_cruise,73.26070038910505,3200.0,43.36964980544747,4152.7,828.9,833.7,839.5,828.0,191.9,193.6,197.2,196.9,4.54,75.7,3.285,4155.7,827.9,835.9,838.9,828.9,191.4,192.9,196.4,197.4,4.55,76.1,3.302,-5.8,0.891,0,nominal,0,0.0,194.96,701843.5
156.6,mission_cruise,73.25958866036687,3200.0,43.37020566981656,4153.4,827.0,837.9,837.4,828.1,190.4,192.4,196.3,196.5,4.52,75.7,3.284,4155.6,827.9,835.9,838.9,828.9,191.4,192.9,196.4,197.4,4.55,76.1,3.302,-5.8,0.891,0,nominal,0,0.0,194.96,701843.4
156.7,mission_cruise,73.25847693162868,3200.0,43.37076153418566,4153.6,827.0,834.0,837.4,827.7,191.9,192.9,196.3,197.6,4.51,75.9,3.298,4155.6,827.9,835.9,838.9,828.9,191.4,192.9,196.4,197.4,4.55,76.1,3.302,-5.8,0.891,0,nominal,0,0.0,194.96,701843.3
156.8,mission_cruise,73.2573652028905,3200.0,43.37131739855475,4162.2,826.0,839.2,841.3,828.7,191.9,193.3,195.5,197.4,4.56,76.7,3.282,4155.6,827.9,835.9,838.9,828.9,191.4,192.9,196.4,197.4,4.55,76.1,3.302,-5.8,0.891,0,nominal,0,0.0,194.96,701843.2
156.9,mission_cruise,73.2562534741523,3200.0,43.37187326292385,4157.1,830.3,835.7,840.1,828.5,190.7,193.3,196.0,197.3,4.53,75.1,3.307,4155.5,827.9,835.9,838.9,828.9,191.3,192.8,196.3,197.3,4.55,76.1,3.302,-5.8,0.891,0,nominal,0,0.0,194.96,701843.1
157.0,mission_cruise,73.25514174541412,3200.0,43.37242912729294,4159.2,828.4,838.1,837.8,829.8,191.4,192.3,196.5,197.3,4.55,75.3,3.3,4155.5,827.9,835.9,838.9,828.9,191.3,192.8,196.3,197.3,4.55,76.1,3.302,-5.8,0.891,0,nominal,0,0.0,194.96,701843.0
157.1,mission_cruise,73.25403001667593,3200.0,43.37298499166204,4157.2,828.7,838.2,838.2,828.1,190.0,193.4,196.4,197.8,4.58,75.6,3.275,4155.5,827.9,835.9,838.9,828.9,191.3,192.8,196.3,197.3,4.55,76.1,3.302,-5.8,0.891,0,nominal,0,0.0,194.96,701842.9
157.2,mission_cruise,73.25291828793775,3200.0,43.37354085603113,4156.7,830.0,833.6,840.9,828.1,190.4,192.4,197.5,196.8,4.58,75.9,3.318,4155.4,827.9,835.9,838.9,828.9,191.3,192.8,196.3,197.3,4.55,76.1,3.302,-5.8,0.891,0,nominal,0,0.0,194.96,701842.8
157.3,mission_cruise,73.25180655919955,3200.0,43.374096720400225,4152.1,826.6,837.8,839.7,831.2,191.0,192.8,196.7,197.0,4.58,76.3,3.272,4155.4,827.9,835.9,838.9,828.9,191.3,192.8,196.3,197.3,4.55,76.1,3.302,-5.8,0.891,0,nominal,0,0.0,194.96,701842.7
157.4,mission_cruise,73.25069483046137,3200.0,43.374652584769315,4172.6,827.3,835.9,836.9,831.0,191.2,192.5,195.2,198.0,4.6,75.5,3.329,4155.4,827.9,835.9,838.9,828.9,191.3,192.8,196.3,197.3,4.55,76.1,3.302,-5.8,0.891,0,nominal,0,0.0,194.96,701842.6
157.5,mission_cruise,73.24958310172318,3200.0,43.37520844913841,4157.6,827.7,833.4,837.5,828.2,191.0,194.0,196.1,198.0,4.57,75.4,3.333,4155.3,827.9,835.9,838.9,828.9,191.3,192.8,196.3,197.3,4.55,76.1,3.302,-5.8,0.891,0,nominal,0,0.0,194.96,701842.5
157.6,mission_cruise,73.248471372985,3200.0,43.3757643135075,4163.3,828.6,833.5,835.8,830.3,191.4,192.3,196.8,197.0,4.56,75.5,3.271,4155.3,827.9,835.9,838.9,828.9,191.3,192.8,196.3,197.3,4.55,76.1,3.302,-5.8,0.891,0,nominal,0,0.0,194.96,701842.4
157.7,mission_cruise,73.2473596442468,3200.0,43.3763201778766,4151.0,828.5,837.2,837.8,828.0,191.7,192.6,196.4,198.2,4.58,75.9,3.283,4155.3,827.9,835.9,838.9,828.9,191.3,192.8,196.3,197.3,4.55,76.1,3.302,-5.8,0.891,0,nominal,0,0.0,194.96,701842.3
157.8,mission_cruise,73.24624791550862,3200.0,43.37687604224569,4149.5,829.0,837.7,839.1,830.4,192.2,192.9,196.9,196.6,4.56,75.8,3.356,4155.2,827.9,835.9,838.9,828.9,191.3,192.8,196.3,197.3,4.55,76.1,3.302,-5.8,0.891,0,nominal,0,0.0,194.96,701842.2
157.9,mission_cruise,73.24513618677042,3200.0,43.37743190661479,4155.6,823.9,835.5,839.0,830.6,191.5,192.5,196.1,197.2,4.56,75.9,3.28,4155.2,827.9,835.9,838.9,828.9,191.3,192.8,196.3,197.3,4.55,76.1,3.302,-5.8,0.891,0,nominal,0,0.0,194.96,701842.1
158.0,mission_cruise,73.24402445803224,3200.0,43.37798777098388,4155.7,826.7,836.9,838.6,831.5,190.3,191.7,195.2,197.3,4.56,75.3,3.333,4155.1,827.9,835.9,838.9,828.9,191.3,192.8,196.3,197.3,4.55,76.1,3.302,-5.8,0.891,0,nominal,0,0.0,194.96,701842.0
158.1,mission_cruise,73.24291272929405,3200.0,43.378543635352976,4155.5,824.5,835.8,838.6,826.3,191.2,193.3,196.0,196.6,4.56,75.8,3.329,4155.1,827.9,835.9,838.9,828.9,191.3,192.8,196.3,197.3,4.55,76.1,3.302,-5.8,0.891,0,nominal,0,0.0,194.96,701841.9
158.2,mission_cruise,73.24180100055587,3200.0,43.37909949972207,4153.5,826.4,837.4,837.1,831.5,191.8,191.9,195.9,197.5,4.57,76.2,3.341,4155.1,827.9,835.9,838.9,828.9,191.3,192.8,196.3,197.3,4.55,76.1,3.302,-5.8,0.891,0,nominal,0,0.0,194.96,701841.8
158.3,mission_cruise,73.24068927181767,3200.0,43.379655364091164,4163.4,829.1,835.6,838.7,826.9,190.8,192.5,197.1,197.0,4.57,76.0,3.347,4155.0,827.9,835.9,838.9,828.9,191.3,192.8,196.3,197.3,4.55,76.1,3.302,-5.8,0.891,0,nominal,0,0.0,194.96,701841.7
158.4,mission_cruise,73.23957754307949,3200.0,43.380211228460254,4141.5,827.2,836.0,841.2,828.5,190.7,192.7,195.3,196.7,4.56,75.4,3.282,4155.0,827.9,835.9,838.9,828.9,191.3,192.8,196.3,197.3,4.55,76.1,3.302,-5.8,0.891,0,nominal,0,0.0,194.96,701841.6
158.5,mission_cruise,73.2384658143413,3200.0,43.38076709282935,4164.0,829.9,835.4,837.8,828.7,190.3,192.6,196.9,197.7,4.54,76.8,3.264,4155.0,827.9,835.9,838.9,828.9,191.3,192.8,196.3,197.3,4.55,76.1,3.301,-5.8,0.891,0,nominal,0,0.0,194.96,701841.5
158.6,mission_cruise,73.23735408560312,3200.0,43.38132295719844,4156.1,828.8,835.5,838.5,828.2,192.8,192.9,196.0,197.4,4.52,75.8,3.289,4154.9,827.9,835.9,838.9,828.9,191.3,192.8,196.3,197.3,4.55,76.1,3.301,-5.8,0.891,0,nominal,0,0.0,194.96,701841.4
158.7,mission_cruise,73.23624235686492,3200.0,43.38187882156754,4155.0,828.9,836.5,838.5,828.9,191.5,193.3,196.3,197.8,4.53,76.5,3.289,4154.9,827.9,835.9,838.9,828.9,191.3,192.8,196.3,197.3,4.55,76.1,3.301,-5.8,0.891,0,nominal,0,0.0,194.96,701841.3
158.8,mission_cruise,73.23513062812674,3200.0,43.38243468593663,4155.3,827.2,835.5,838.9,828.7,190.8,192.9,196.1,196.3,4.56,76.3,3.292,4154.9,827.9,835.9,838.9,828.9,191.3,192.8,196.3,197.3,4.55,76.1,3.301,-5.8,0.891,0,nominal,0,0.0,194.96,701841.2
158.9,mission_cruise,73.23401889938854,3200.0,43.38299055030573,4154.2,826.9,838.3,841.2,830.0,191.9,192.0,195.8,196.4,4.59,76.1,3.304,4154.8,827.9,835.9,838.9,828.9,191.3,192.8,196.3,197.3,4.55,76.0,3.301,-5.8,0.891,0,nominal,0,0.0,194.96,701841.1
159.0,mission_cruise,73.23290717065036,3200.0,43.38354641467482,4154.7,828.5,836.2,836.9,829.1,191.7,193.3,195.5,197.1,4.6,75.4,3.267,4154.8,827.9,835.9,838.9,828.9,191.3,192.8,196.3,197.3,4.55,76.0,3.301,-5.8,0.891,0,nominal,0,0.0,194.96,701841.0
159.1,mission_cruise,73.23179544191217,3200.0,43.384102279043915,4150.4,832.8,831.5,836.4,827.4,191.7,193.2,195.5,197.7,4.55,75.9,3.249,4154.8,827.9,835.9,838.9,828.9,191.3,192.8,196.3,197.3,4.55,76.0,3.301,-5.8,0.891,0,nominal,0,0.0,194.96,701840.9
159.2,mission_cruise,73.23068371317399,3200.0,43.384658143413006,4164.3,828.1,836.0,840.3,830.5,191.5,193.0,196.6,197.0,4.52,76.4,3.294,4154.7,827.9,835.9,838.9,828.9,191.3,192.8,196.3,197.3,4.55,76.0,3.301,-5.8,0.891,0,nominal,0,0.0,194.96,701840.8
159.3,mission_cruise,73.2295719844358,3200.0,43.3852140077821,4160.3,827.3,834.8,841.0,830.4,191.2,191.6,197.7,197.2,4.58,76.6,3.332,4154.7,827.9,835.9,838.9,828.9,191.3,192.8,196.3,197.3,4.55,76.0,3.301,-5.8,0.891,0,nominal,0,0.0,194.96,701840.7
159.4,mission_cruise,73.22846025569761,3200.0,43.385769872151194,4157.9,826.1,836.4,836.1,828.2,190.7,193.9,196.5,196.6,4.57,75.4,3.262,4154.7,827.9,835.9,838.9,828.9,191.3,192.8,196.3,197.3,4.55,76.0,3.301,-5.8,0.891,0,nominal,0,0.0,194.96,701840.6
159.5,mission_cruise,73.22734852695942,3200.0,43.38632573652029,4150.8,828.6,837.3,837.2,830.0,191.0,191.8,196.4,196.7,4.55,76.4,3.328,4154.6,827.8,835.8,838.8,828.8,191.3,192.8,196.3,197.3,4.55,76.0,3.301,-5.8,0.891,0,nominal,0,0.0,194.96,701840.5
159.6,mission_cruise,73.22623679822124,3200.0,43.38688160088938,4152.8,828.4,838.3,837.1,826.5,191.8,192.2,196.1,197.5,4.56,76.1,3.267,4154.6,827.8,835.8,838.8,828.8,191.3,192.8,196.3,197.3,4.55,76.0,3.301,-5.8,0.891,0,nominal,0,0.0,194.96,701840.4
159.7,mission_cruise,73.22512506948304,3200.0,43.38743746525848,4151.0,825.6,835.0,840.8,827.4,191.4,193.0,195.9,197.5,4.57,76.6,3.341,4154.6,827.8,835.8,838.8,828.8,191.3,192.8,196.3,197.3,4.55,76.0,3.301,-5.8,0.891,0,nominal,0,0.0,194.96,701840.3
159.8,mission_cruise,73.22401334074486,3200.0,43.38799332962757,4149.5,827.4,833.3,837.5,827.8,190.8,192.6,196.5,197.6,4.54,76.4,3.261,4154.5,827.8,835.8,838.8,828.8,191.3,192.8,196.3,197.3,4.55,76.0,3.301,-5.8,0.891,0,nominal,0,0.0,194.96,701840.2
159.9,mission_cruise,73.22290161200667,3200.0,43.38854919399667,4161.6,826.5,836.1,840.2,827.3,191.1,192.9,195.1,197.3,4.54,75.2,3.291,4154.5,827.8,835.8,838.8,828.8,191.3,192.8,196.3,197.3,4.55,76.0,3.301,-5.8,0.891,0,nominal,0,0.0,194.96,701840.1
160.0,mission_cruise,73.22178988326849,3200.0,43.38910505836576,4156.9,828.0,832.8,838.6,826.4,191.7,192.4,196.9,197.8,4.54,76.5,3.267,4154.5,827.8,835.8,838.8,828.8,191.3,192.8,196.3,197.3,4.55,76.0,3.301,-5.8,0.891,0,nominal,0,0.0,194.96,701840.0
160.1,mission_cruise,73.22067815453029,3200.0,43.389660922734855,4145.8,830.9,836.0,837.5,829.2,191.6,192.7,197.0,197.4,4.56,76.0,3.233,4154.4,827.8,835.8,838.8,828.8,191.3,192.8,196.3,197.3,4.55,76.0,3.301,-5.8,0.891,0,nominal,0,0.0,194.96,701839.9
160.2,mission_cruise,73.21956642579211,3200.0,43.390216787103945,4165.6,827.1,834.0,838.5,828.2,190.5,192.7,195.4,197.4,4.6,76.5,3.26,4154.4,827.8,835.8,838.8,828.8,191.3,192.8,196.3,197.3,4.55,76.0,3.301,-5.8,0.891,0,nominal,0,0.0,194.96,701839.8
160.3,mission_cruise,73.21845469705391,3200.0,43.39077265147304,4149.9,828.4,836.7,838.7,828.8,191.0,192.3,196.0,198.3,4.56,76.3,3.307,4154.4,827.8,835.8,838.8,828.8,191.3,192.8,196.3,197.3,4.55,76.0,3.301,-5.8,0.891,0,nominal,0,0.0,194.96,701839.7
160.4,mission_cruise,73.21734296831573,3200.0,43.39132851584213,4157.1,827.1,834.6,837.2,829.4,190.9,192.6,196.5,197.4,4.51,75.9,3.264,4154.3,827.8,835.8,838.8,828.8,191.3,192.8,196.3,197.3,4.55,76.0,3.301,-5.8,0.891,0,nominal,0,0.0,194.96,701839.6
160.5,mission_cruise,73.21623123957754,3200.0,43.39188438021123,4147.9,828.6,834.3,838.5,826.6,190.7,192.5,195.7,196.8,4.55,76.3,3.295,4154.3,827.8,835.8,838.8,828.8,191.3,192.8,196.3,197.3,4.55,76.0,3.301,-5.8,0.891,0,nominal,0,0.0,194.96,701839.5
160.6,mission_cruise,73.21511951083936,3200.0,43.39244024458032,4151.3,828.1,834.9,840.0,828.0,190.7,192.1,195.9,197.2,4.57,75.5,3.261,4154.3,827.8,835.8,838.8,828.8,191.3,192.8,196.3,197.3,4.55,76.0,3.301,-5.8,0.891,0,nominal,0,0.0,194.96,701839.4
160.7,mission_cruise,73.21400778210116,3200.0,43.39299610894942,4157.8,827.6,834.7,840.3,827.6,190.6,193.4,195.7,198.2,4.54,75.8,3.281,4154.2,827.8,835.8,838.8,828.8,191.3,192.8,196.3,197.3,4.55,76.0,3.301,-5.8,0.891,0,nominal,0,0.0,194.96,701839.3
160.8,mission_cruise,73.21289605336298,3200.0,43.39355197331851,4156.2,829.6,835.9,838.9,828.0,191.9,193.7,196.2,196.3,4.58,75.6,3.264,4154.2,827.8,835.8,838.8,828.8,191.3,192.8,196.3,197.3,4.55,76.0,3.301,-5.8,0.891,0,nominal,0,0.0,194.96,701839.2
160.9,mission_cruise,73.21178432462479,3200.0,43.394107837687606,4161.5,826.8,835.9,838.8,830.6,190.9,193.3,196.2,198.3,4.54,76.2,3.331,4154.2,827.8,835.8,838.8,828.8,191.3,192.8,196.3,197.3,4.55,76.0,3.301,-5.8,0.891,0,nominal,0,0.0,194.96,701839.1
161.0,mission_cruise,73.2106725958866,3200.0,43.3946637020567,4151.3,830.3,834.6,839.6,829.5,190.1,192.6,197.5,197.8,4.58,76.4,3.328,4154.1,827.8,835.8,838.8,828.8,191.3,192.8,196.3,197.3,4.55,76.0,3.3,-5.8,0.891,0,nominal,0,0.0,194.96,701839.0
161.1,mission_cruise,73.20956086714841,3200.0,43.395219566425794,4158.4,827.7,834.6,837.5,831.6,190.1,193.3,196.2,197.9,4.52,76.2,3.271,4154.1,827.8,835.8,838.8,828.8,191.3,192.8,196.3,197.3,4.55,76.0,3.3,-5.8,0.891,0,nominal,0,0.0,194.96,701838.9
161.2,mission_cruise,73.20844913841023,3200.0,43.395775430794885,4165.5,828.7,835.3,838.8,826.3,191.2,192.4,195.6,197.0,4.58,75.8,3.35,4154.1,827.8,835.8,838.8,828.8,191.3,192.8,196.3,197.3,4.55,76.0,3.3,-5.8,0.891,0,nominal,0,0.0,194.96,701838.8
161.3,mission_cruise,73.20733740967204,3200.0,43.39633129516398,4154.4,828.6,834.6,840.6,830.0,191.5,192.8,195.3,198.1,4.54,76.0,3.281,4154.0,827.8,835.8,838.8,828.8,191.3,192.8,196.3,197.3,4.55,76.0,3.3,-5.8,0.891,0,nominal,0,0.0,194.96,701838.7
161.4,mission_cruise,73.20622568093385,3200.0,43.39688715953307,4151.3,828.2,834.8,840.7,828.6,191.4,192.8,195.5,198.0,4.52,76.1,3.275,4154.0,827.8,835.8,838.8,828.8,191.3,192.8,196.3,197.3,4.55,76.0,3.3,-5.8,0.891,0,nominal,0,0.0,194.96,701838.6
161.5,mission_cruise,73.20511395219566,3200.0,43.39744302390217,4157.4,828.7,836.6,836.8,828.5,192.0,192.8,196.3,196.8,4.58,75.7,3.266,4154.0,827.8,835.8,838.8,828.8,191.3,192.8,196.3,197.3,4.55,76.0,3.3,-5.8,0.891,0,nominal,0,0.0,194.96,701838.5
161.6,mission_cruise,73.20400222345748,3200.0,43.39799888827126,4152.1,829.6,836.2,838.6,827.9,190.2,192.3,196.0,197.3,4.52,76.0,3.34,4153.9,827.8,835.8,838.8,828.8,191.3,192.8,196.3,197.3,4.55,76.0,3.3,-5.8,0.891,0,nominal,0,0.0,194.96,701838.4
161.7,mission_cruise,73.20289049471928,3200.0,43.39855475264036,4151.2,827.9,833.9,838.1,828.5,190.3,192.8,195.7,197.3,4.5,76.9,3.311,4153.9,827.8,835.8,838.8,828.8,191.3,192.8,196.3,197.3,4.55,76.0,3.3,-5.8,0.891,0,nominal,0,0.0,194.96,701838.3
161.8,mission_cruise,73.2017787659811,3200.0,43.39911061700945,4161.0,830.4,833.9,839.2,830.3,191.5,194.0,197.1,197.7,4.58,76.3,3.304,4153.9,827.8,835.8,838.8,828.8,191.3,192.8,196.3,197.3,4.55,76.0,3.3,-5.8,0.891,0,nominal,0,0.0,194.96,701838.2
161.9,mission_cruise,73.20066703724291,3200.0,43.399666481378546,4152.6,827.1,836.9,836.4,826.3,190.4,192.4,195.9,197.7,4.55,76.1,3.275,4153.8,827.8,835.8,838.8,828.8,191.3,192.8,196.3,197.3,4.55,76.0,3.3,-5.8,0.891,0,nominal,0,0.0,194.96,701838.1
162.0,mission_cruise,73.19955530850473,3200.0,43.400222345747636,4157.4,827.1,836.2,837.6,829.1,190.2,193.3,196.2,196.5,4.55,76.5,3.327,4153.8,827.8,835.8,838.8,828.8,191.3,192.8,196.3,197.3,4.55,76.0,3.3,-5.8,0.891,0,nominal,0,0.0,194.96,701838.0
162.1,mission_cruise,73.19844357976653,3200.0,43.400778210116734,4155.1,827.3,838.5,837.0,829.9,190.9,192.7,196.1,197.5,4.56,75.6,3.27,4153.8,827.8,835.8,838.8,828.8,191.3,192.8,196.3,197.3,4.55,76.0,3.3,-5.8,0.891,0,nominal,0,0.0,194.95,701837.9
162.2,mission_cruise,73.19733185102835,3200.0,43.401334074485824,4160.4,826.8,836.2,838.3,830.4,191.1,194.0,195.5,197.8,4.53,76.0,3.305,4153.7,827.8,835.8,838.8,828.8,191.3,192.8,196.3,197.3,4.55,76.0,3.3,-5.8,0.891,0,nominal,0,0.0,194.95,701837.8
162.3,mission_cruise,73.19622012229016,3200.0,43.40188993885492,4157.2,828.7,835.5,839.0,828.2,191.3,193.1,196.2,197.3,4.57,75.3,3.301,4153.7,827.8,835.8,838.8,828.8,191.3,192.8,196.3,197.3,4.55,76.0,3.3,-5.8,0.891,0,nominal,0,0.0,194.95,701837.7
162.4,mission_cruise,73.19510839355198,3200.0,43.40244580322401,4153.1,826.4,835.7,838.7,829.0,190.7,194.1,195.4,197.9,4.57,76.4,3.324,4153.6,827.8,835.8,838.8,828.8,191.3,192.8,196.3,197.3,4.55,76.0,3.3,-5.8,0.891,0,nominal,0,0.0,194.95,701837.6
162.5,mission_cruise,73.19399666481378,3200.0,43.40300166759311,4163.5,828.6,836.4,837.8,826.8,191.3,192.9,196.7,197.8,4.52,75.6,3.271,4153.6,827.8,835.8,838.8,828.8,191.3,192.8,196.3,197.3,4.55,76.0,3.3,-5.8,0.891,0,nominal,0,0.0,194.95,701837.5
162.6,mission_cruise,73.1928849360756,3200.0,43.4035575319622,4146.4,828.5,835.6,838.0,829.3,192.0,193.7,196.0,198.4,4.55,75.5,3.256,4153.6,827.8,835.8,838.8,828.8,191.3,192.8,196.3,197.3,4.55,76.0,3.3,-5.8,0.891,0,nominal,0,0.0,194.95,701837.4
162.7,mission_cruise,73.1917732073374,3200.0,43.4041133963313,4156.6,829.3,836.4,837.3,830.2,191.1,192.8,195.1,197.8,4.53,76.0,3.323,4153.5,827.8,835.8,838.8,828.8,191.3,192.8,196.3,197.3,4.55,76.0,3.3,-5.8,0.891,0,nominal,0,0.0,194.95,701837.3
162.8,mission_cruise,73.19066147859922,3200.0,43.40466926070039,4155.9,826.8,834.6,837.4,827.9,190.7,192.7,197.5,196.7,4.55,76.7,3.326,4153.5,827.8,835.8,838.8,828.8,191.3,192.8,196.3,197.3,4.55,76.0,3.3,-5.8,0.891,0,nominal,0,0.0,194.95,701837.2
162.9,mission_cruise,73.18954974986103,3200.0,43.405225125069485,4151.9,828.4,835.8,837.8,828.2,191.1,192.6,196.4,197.2,4.56,76.3,3.271,4153.5,827.8,835.8,838.8,828.8,191.3,192.8,196.3,197.3,4.55,76.0,3.3,-5.8,0.891,0,nominal,0,0.0,194.95,701837.1
163.0,mission_cruise,73.18843802112285,3200.0,43.405780989438576,4155.5,827.7,836.1,838.8,827.7,190.8,192.3,195.7,198.1,4.53,75.9,3.304,4153.4,827.8,835.8,838.8,828.8,191.3,192.8,196.3,197.3,4.55,76.0,3.3,-5.8,0.891,0,nominal,0,0.0,194.95,701837.0
163.1,mission_cruise,73.18732629238465,3200.0,43.40633685380767,4157.4,827.1,835.7,836.7,831.1,191.8,192.6,196.3,197.3,4.57,76.0,3.281,4153.4,827.8,835.8,838.8,828.8,191.3,192.8,196.3,197.3,4.55,76.0,3.3,-5.8,0.891,0,nominal,0,0.0,194.95,701836.9
163.2,mission_cruise,73.18621456364647,3200.0,43.40689271817676,4154.1,825.7,834.4,838.8,827.2,191.5,193.6,196.2,197.6,4.6,75.6,3.25,4153.4,827.8,835.8,838.8,828.8,191.3,192.8,196.3,197.3,4.55,76.0,3.3,-5.8,0.891,0,nominal,0,0.0,194.95,701836.8
163.3,mission_cruise,73.18510283490828,3200.0,43.40744858254586,4149.6,827.0,835.8,840.6,827.7,191.7,192.7,197.6,197.7,4.57,75.6,3.242,4153.3,827.8,835.8,838.8,828.8,191.3,192.8,196.3,197.3,4.55,76.0,3.3,-5.8,0.891,0,nominal,0,0.0,194.95,701836.7
163.4,mission_cruise,73.1839911061701,3200.0,43.40800444691495,4146.8,828.3,834.1,836.7,829.3,191.3,191.8,196.8,197.4,4.56,76.1,3.305,4153.3,827.8,835.8,838.8,828.8,191.3,192.8,196.3,197.3,4.55,76.0,3.299,-5.8,0.891,0,nominal,0,0.0,194.95,701836.6
163.5,mission_cruise,73.1828793774319,3200.0,43.40856031128405,4150.9,828.1,835.7,836.8,830.9,191.1,192.5,196.9,197.9,4.54,76.1,3.341,4153.3,827.8,835.8,838.8,828.8,191.3,192.8,196.3,197.3,4.55,76.0,3.299,-5.8,0.891,0,nominal,0,0.0,194.95,701836.5
163.6,mission_cruise,73.18176764869372,3200.0,43.40911617565314,4154.6,827.8,835.4,839.2,828.0,192.2,193.5,196.7,197.4,4.55,75.7,3.301,4153.2,827.8,835.8,838.8,828.8,191.3,192.8,196.3,197.3,4.55,76.0,3.299,-5.8,0.891,0,nominal,0,0.0,194.95,701836.4
163.7,mission_cruise,73.18065591995553,3200.0,43.40967204002224,4157.3,826.9,835.8,838.8,829.4,191.8,194.0,196.3,197.0,4.54,76.2,3.295,4153.2,827.8,835.8,838.8,828.8,191.3,192.8,196.3,197.3,4.55,76.0,3.299,-5.8,0.891,0,nominal,0,0.0,194.95,701836.3
163.8,mission_cruise,73.17954419121735,3200.0,43.41022790439133,4142.7,825.8,835.6,838.7,828.6,191.0,192.9,196.1,197.5,4.56,76.5,3.275,4153.2,827.8,835.8,838.8,828.8,191.3,192.8,196.3,197.3,4.55,76.0,3.299,-5.8,0.891,0,nominal,0,0.0,194.95,701836.2
163.9,mission_cruise,73.17843246247915,3200.0,43.410783768760425,4153.0,828.3,836.7,839.5,827.3,191.0,192.6,196.2,198.0,4.58,75.6,3.296,4153.1,827.8,835.8,838.8,828.8,191.3,192.8,196.3,197.3,4.55,76.0,3.299,-5.8,0.891,0,nominal,0,0.0,194.95,701836.1
164.0,mission_cruise,73.17732073374097,3200.0,43.411339633129515,4160.0,827.6,838.2,839.2,825.8,191.5,193.1,196.3,196.5,4.59,76.1,3.311,4153.1,827.8,835.8,838.8,828.8,191.3,192.8,196.3,197.3,4.55,76.0,3.299,-5.8,0.891,0,nominal,0,0.0,194.95,701836.0
164.1,mission_cruise,73.17620900500278,3200.0,43.41189549749861,4156.8,829.9,834.9,837.4,829.6,191.9,192.9,195.9,197.0,4.55,75.7,3.308,4153.1,827.8,835.8,838.8,828.8,191.3,192.8,196.3,197.3,4.55,76.0,3.299,-5.8,0.891,0,nominal,0,0.0,194.95,701835.9
164.2,mission_cruise,73.1750972762646,3200.0,43.4124513618677,4153.6,826.8,834.9,838.3,829.1,191.4,192.9,196.1,197.2,4.59,75.7,3.306,4153.0,827.8,835.8,838.8,828.8,191.3,192.8,196.3,197.3,4.55,76.0,3.299,-5.8,0.891,0,nominal,0,0.0,194.95,701835.8
164.3,mission_cruise,73.1739855475264,3200.0,43.4130072262368,4147.7,830.0,833.9,840.9,829.8,191.0,191.5,195.8,196.3,4.57,75.4,3.282,4153.0,827.8,835.8,838.8,828.8,191.3,192.8,196.3,197.3,4.55,76.0,3.299,-5.8,0.891,0,nominal,0,0.0,194.95,701835.7
164.4,mission_cruise,73.17287381878822,3200.0,43.41356309060589,4157.8,826.5,836.3,838.6,829.2,190.0,193.6,195.0,198.9,4.53,76.4,3.327,4153.0,827.8,835.8,838.8,828.8,191.3,192.8,196.3,197.3,4.55,76.0,3.299,-5.8,0.891,0,nominal,0,0.0,194.95,701835.6
164.5,mission_cruise,73.17176209005002,3200.0,43.41411895497499,4147.5,828.4,835.7,836.4,828.8,192.2,192.3,196.2,196.9,4.55,75.5,3.3,4152.9,827.8,835.8,838.8,828.8,191.3,192.8,196.3,197.3,4.55,76.0,3.299,-5.8,0.891,0,nominal,0,0.0,194.95,701835.5
164.6,mission_cruise,73.17065036131184,3200.0,43.41467481934408,4154.2,827.2,833.7,837.0,828.9,190.2,192.8,196.3,196.4,4.55,75.2,3.312,4152.9,827.8,835.8,838.8,828.8,191.3,192.8,196.3,197.3,4.55,76.0,3.299,-5.8,0.891,0,nominal,0,0.0,194.95,701835.4
164.7,mission_cruise,73.16953863257365,3200.0,43.415230683713176,4153.0,827.2,836.6,836.7,828.3,190.7,192.8,196.6,197.3,4.53,74.7,3.336,4152.9,827.7,835.7,838.7,828.7,191.3,192.8,196.3,197.3,4.55,76.0,3.299,-5.8,0.891,0,nominal,0,0.0,194.95,701835.3
164.8,mission_cruise,73.16842690383547,3200.0,43.41578654808227,4155.9,828.4,837.9,840.3,829.3,191.3,193.2,196.7,197.1,4.56,75.8,3.376,4152.8,827.7,835.7,838.7,828.7,191.3,192.8,196.3,197.3,4.55,76.0,3.299,-5.8,0.891,0,nominal,0,0.0,194.95,701835.2
164.9,mission_cruise,73.16731517509727,3200.0,43.416342412451364,4141.8,826.6,838.1,838.8,827.5,190.6,193.1,195.4,196.9,4.54,77.0,3.265,4152.8,827.7,835.7,838.7,828.7,191.3,192.8,196.3,197.3,4.55,76.0,3.299,-5.8,0.891,0,nominal,0,0.0,194.95,701835.1
165.0,mission_cruise,73.16620344635909,3200.0,43.416898276820454,4147.2,826.2,835.9,838.8,829.0,191.1,192.6,196.7,197.5,4.53,75.6,3.304,4152.8,827.7,835.7,838.7,828.7,191.3,192.8,196.3,197.3,4.55,76.0,3.299,-5.8,0.891,0,nominal,0,0.0,194.95,701835.0
165.1,mission_cruise,73.1650917176209,3200.0,43.41745414118955,4151.2,829.0,836.7,838.2,829.0,191.5,192.6,196.5,196.7,4.59,76.0,3.306,4152.7,827.7,835.7,838.7,828.7,191.3,192.8,196.3,197.3,4.55,76.0,3.299,-5.8,0.891,0,nominal,0,0.0,194.95,701834.9
165.2,mission_cruise,73.16397998888272,3200.0,43.41801000555864,4144.5,829.0,835.3,840.6,831.3,191.4,193.8,196.7,197.6,4.53,75.9,3.273,4152.7,827.7,835.7,838.7,828.7,191.3,192.8,196.3,197.3,4.55,76.0,3.299,-5.8,0.891,0,nominal,0,0.0,194.95,701834.8
165.3,mission_cruise,73.16286826014452,3200.0,43.41856586992774,4147.9,828.6,835.4,838.6,828.3,190.6,193.2,196.7,197.5,4.53,75.5,3.292,4152.7,827.7,835.7,838.7,828.7,191.3,192.8,196.3,197.3,4.55,76.0,3.299,-5.8,0.891,0,nominal,0,0.0,194.95,701834.7
165.4,mission_cruise,73.16175653140634,3200.0,43.41912173429683,4146.7,829.3,835.5,837.8,826.2,191.4,191.8,196.2,198.1,4.54,75.2,3.279,4152.6,827.7,835.7,838.7,828.7,191.3,192.8,196.3,197.3,4.55,76.0,3.299,-5.8,0.891,0,nominal,0,0.0,194.95,701834.6
165.5,mission_cruise,73.16064480266814,3200.0,43.41967759866593,4158.6,829.2,835.3,838.0,828.0,190.4,192.7,197.2,196.7,4.57,76.1,3.279,4152.6,827.7,835.7,838.7,828.7,191.3,192.8,196.3,197.3,4.55,76.0,3.299,-5.8,0.891,0,nominal,0,0.0,194.95,701834.5
165.6,mission_cruise,73.15953307392996,3200.0,43.42023346303502,4153.6,829.1,835.2,840.3,827.7,190.2,193.7,195.8,197.4,4.54,76.0,3.296,4152.6,827.7,835.7,838.7,828.7,191.3,192.8,196.3,197.3,4.55,76.0,3.299,-5.8,0.891,0,nominal,0,0.0,194.95,701834.4
165.7,mission_cruise,73.15842134519177,3200.0,43.420789327404115,4147.2,828.5,837.2,839.0,829.4,190.9,192.8,196.0,197.9,4.57,76.2,3.303,4152.5,827.7,835.7,838.7,828.7,191.3,192.8,196.3,197.3,4.55,76.0,3.299,-5.8,0.891,0,nominal,0,0.0,194.95,701834.3
165.8,mission_cruise,73.15730961645359,3200.0,43.421345191773206,4142.8,828.0,834.8,835.3,828.1,192.0,192.6,196.5,198.1,4.58,76.2,3.334,4152.5,827.7,835.7,838.7,828.7,191.3,192.8,196.3,197.3,4.55,76.0,3.298,-5.8,0.891,0,nominal,0,0.0,194.95,701834.2
165.9,mission_cruise,73.1561978877154,3200.0,43.4219010561423,4157.4,828.5,835.9,840.3,830.0,191.6,193.1,195.9,196.3,4.56,75.6,3.262,4152.5,827.7,835.7,838.7,828.7,191.3,192.8,196.3,197.3,4.55,76.0,3.298,-5.8,0.891,0,nominal,0,0.0,194.95,701834.1
166.0,mission_cruise,73.15508615897721,3200.0,43.422456920511394,4152.9,827.8,833.4,837.3,828.5,191.3,192.5,196.6,197.3,4.54,76.1,3.237,4152.4,827.7,835.7,838.7,828.7,191.3,192.8,196.3,197.3,4.55,76.0,3.298,-5.8,0.891,0,nominal,0,0.0,194.95,701834.0
166.1,mission_cruise,73.15397443023902,3200.0,43.42301278488049,4146.7,829.5,836.6,839.1,826.1,191.0,192.9,196.4,197.6,4.57,76.1,3.344,4152.4,827.7,835.7,838.7,828.7,191.3,192.8,196.3,197.3,4.55,76.0,3.298,-5.8,0.891,0,nominal,0,0.0,194.95,701833.9
166.2,mission_cruise,73.15286270150084,3200.0,43.42356864924958,4151.7,829.5,836.6,837.2,827.7,191.8,192.3,195.1,196.7,4.53,75.4,3.32,4152.4,827.7,835.7,838.7,828.7,191.3,192.8,196.3,197.3,4.55,76.0,3.298,-5.8,0.891,0,nominal,0,0.0,194.95,701833.8
166.3,mission_cruise,73.15175097276264,3200.0,43.42412451361868,4156.6,828.5,835.5,837.1,828.2,191.5,191.8,196.3,197.0,4.55,75.9,3.286,4152.3,827.7,835.7,838.7,828.7,191.3,192.8,196.3,197.3,4.55,76.0,3.298,-5.8,0.891,0,nominal,0,0.0,194.95,701833.7
166.4,mission_cruise,73.15063924402446,3200.0,43.42468037798777,4147.4,826.6,836.0,838.6,828.9,190.2,192.2,196.1,196.5,4.57,75.9,3.248,4152.3,827.7,835.7,838.7,828.7,191.3,192.8,196.3,197.3,4.55,76.0,3.298,-5.8,0.891,0,nominal,0,0.0,194.95,701833.6
166.5,mission_cruise,73.14952751528627,3200.0,43.42523624235687,4146.3,827.9,836.3,837.0,829.2,190.2,192.1,196.2,197.6,4.51,76.4,3.312,4152.3,827.7,835.7,838.7,828.7,191.3,192.8,196.3,197.3,4.55,76.0,3.298,-5.8,0.891,0,nominal,0,0.0,194.95,701833.5
166.6,mission_cruise,73.14841578654809,3200.0,43.42579210672596,4155.0,826.0,836.5,837.7,826.9,191.0,192.8,195.4,197.6,4.57,76.2,3.301,4152.2,827.7,835.7,838.7,828.7,191.3,192.8,196.3,197.3,4.55,76.0,3.298,-5.8,0.891,0,nominal,0,0.0,194.95,701833.4
166.7,mission_cruise,73.14730405780989,3200.0,43.426347971095055,4153.5,831.3,837.5,840.6,830.1,191.1,192.7,196.1,197.2,4.56,76.2,3.301,4152.2,827.7,835.7,838.7,828.7,191.3,192.8,196.3,197.3,4.55,76.0,3.298,-5.8,0.891,0,nominal,0,0.0,194.95,701833.3
166.8,mission_cruise,73.14619232907171,3200.0,43.426903835464145,4155.7,824.7,836.1,842.7,827.4,191.1,192.7,196.3,197.2,4.54,76.4,3.325,4152.1,827.7,835.7,838.7,828.7,191.3,192.8,196.3,197.3,4.55,76.0,3.298,-5.8,0.891,0,nominal,0,0.0,194.95,701833.2
166.9,mission_cruise,73.14508060033351,3200.0,43.42745969983324,4151.5,828.0,834.3,839.3,830.3,190.9,192.6,196.9,197.4,4.52,76.7,3.303,4152.1,827.7,835.7,838.7,828.7,191.3,192.8,196.3,197.3,4.55,76.0,3.298,-5.8,0.891,0,nominal,0,0.0,194.95,701833.1
167.0,mission_cruise,73.14396887159533,3200.0,43.42801556420233,4149.6,827.3,836.5,840.2,826.6,191.4,193.1,196.1,197.0,4.57,75.7,3.33,4152.1,827.7,835.7,838.7,828.7,191.3,192.8,196.3,197.3,4.55,76.0,3.298,-5.8,0.891,0,nominal,0,0.0,194.95,701833.0
167.1,mission_cruise,73.14285714285714,3200.0,43.42857142857143,4144.4,827.8,836.7,839.7,830.3,192.1,192.4,196.9,197.1,4.52,76.4,3.279,4152.0,827.7,835.7,838.7,828.7,191.3,192.8,196.3,197.3,4.55,76.0,3.298,-5.8,0.891,0,nominal,0,0.0,194.95,701832.9
167.2,mission_cruise,73.14174541411896,3200.0,43.42912729294052,4148.7,828.5,834.5,837.0,829.2,191.6,192.8,196.2,196.5,4.55,76.3,3.343,4152.0,827.7,835.7,838.7,828.7,191.3,192.8,196.3,197.3,4.55,76.0,3.298,-5.8,0.891,0,nominal,0,0.0,194.95,701832.8
167.3,mission_cruise,73.14063368538076,3200.0,43.42968315730962,4149.4,828.1,835.6,840.1,828.5,190.9,192.0,196.9,197.1,4.62,76.2,3.32,4152.0,827.7,835.7,838.7,828.7,191.3,192.8,196.3,197.3,4.55,76.0,3.298,-5.8,0.891,0,nominal,0,0.0,194.95,701832.7
167.4,mission_cruise,73.13952195664258,3200.0,43.43023902167871,4157.4,828.4,835.0,839.2,831.8,190.6,192.1,197.1,197.3,4.59,74.8,3.331,4151.9,827.7,835.7,838.7,828.7,191.3,192.8,196.3,197.3,4.55,76.0,3.298,-5.8,0.891,0,nominal,0,0.0,194.95,701832.6
167.5,mission_cruise,73.13841022790439,3200.0,43.430794886047806,4135.9,829.6,835.1,837.4,830.1,191.3,192.3,197.1,196.3,4.58,75.9,3.29,4151.9,827.7,835.7,838.7,828.7,191.3,192.8,196.3,197.3,4.55,76.0,3.298,-5.8,0.891,0,nominal,0,0.0,194.95,701832.5
167.6,mission_cruise,73.1372984991662,3200.0,43.4313507504169,4162.0,828.2,835.8,838.6,824.9,191.0,192.5,195.3,197.0,4.58,76.0,3.272,4151.9,827.7,835.7,838.7,828.7,191.3,192.8,196.3,197.3,4.55,76.0,3.298,-5.8,0.891,0,nominal,0,0.0,194.95,701832.4
167.7,mission_cruise,73.13618677042801,3200.0,43.431906614785994,4146.5,825.0,837.7,837.9,829.5,192.2,193.0,196.7,197.6,4.64,75.7,3.262,4151.8,827.7,835.7,838.7,828.7,191.3,192.8,196.3,197.3,4.55,76.0,3.298,-5.8,0.891,0,nominal,0,0.0,194.95,701832.3
167.8,mission_cruise,73.13507504168983,3200.0,43.432462479155085,4149.0,826.6,834.8,840.5,829.2,190.9,193.7,195.2,196.9,4.58,75.6,3.273,4151.8,827.7,835.7,838.7,828.7,191.3,192.8,196.3,197.3,4.55,76.0,3.298,-5.8,0.891,0,nominal,0,0.0,194.95,701832.2
167.9,mission_cruise,73.13396331295164,3200.0,43.43301834352418,4149.0,828.6,835.2,838.5,825.9,190.9,192.7,196.6,196.6,4.55,75.8,3.381,4151.8,827.7,835.7,838.7,828.7,191.3,192.8,196.3,197.3,4.55,76.0,3.298,-5.8,0.891,0,nominal,0,0.0,194.95,701832.1
168.0,mission_cruise,73.13285158421345,3200.0,43.43357420789327,4152.9,827.1,836.6,839.7,828.5,192.4,193.0,196.5,198.0,4.55,75.3,3.246,4151.7,827.7,835.7,838.7,828.7,191.3,192.8,196.3,197.3,4.55,76.0,3.298,-5.8,0.891,0,nominal,0,0.0,194.95,701832.0
168.1,mission_cruise,73.13173985547526,3200.0,43.43413007226237,4155.0,827.8,838.2,837.4,827.9,191.4,192.4,196.8,196.4,4.55,76.0,3.353,4151.7,827.7,835.7,838.7,828.7,191.3,192.8,196.3,197.3,4.55,76.0,3.298,-5.8,0.891,0,nominal,0,0.0,194.95,701831.9
168.2,mission_cruise,73.13062812673708,3200.0,43.43468593663146,4154.4,827.0,836.9,840.7,827.4,191.0,192.7,195.3,197.2,4.56,76.3,3.309,4151.7,827.7,835.7,838.7,828.7,191.3,192.8,196.3,197.3,4.55,76.0,3.298,-5.8,0.891,0,nominal,0,0.0,194.95,701831.8
168.3,mission_cruise,73.12951639799888,3200.0,43.43524180100056,4145.4,828.5,835.3,838.7,829.3,191.7,192.7,196.6,197.7,4.57,74.7,3.271,4151.6,827.7,835.7,838.7,828.7,191.3,192.8,196.3,197.3,4.55,76.0,3.297,-5.8,0.891,0,nominal,0,0.0,194.95,701831.7
168.4,mission_cruise,73.1284046692607,3200.0,43.43579766536965,4152.7,825.3,834.3,838.4,827.2,192.0,192.9,196.5,198.2,4.55,75.7,3.297,4151.6,827.7,835.7,838.7,828.7,191.3,192.8,196.3,197.3,4.55,76.0,3.297,-5.8,0.891,0,nominal,0,0.0,194.95,701831.6
168.5,mission_cruise,73.12729294052251,3200.0,43.436353529738746,4143.9,830.7,835.7,843.6,828.8,191.3,192.7,196.3,196.9,4.56,76.4,3.299,4151.6,827.7,835.7,838.7,828.7,191.3,192.8,196.3,197.3,4.55,76.0,3.297,-5.8,0.891,0,nominal,0,0.0,194.95,701831.5
168.6,mission_cruise,73.12618121178433,3200.0,43.436909394107836,4145.4,827.1,836.7,839.1,824.8,191.2,194.0,195.2,197.2,4.52,75.8,3.268,4151.5,827.7,835.7,838.7,828.7,191.3,192.8,196.3,197.3,4.55,76.0,3.297,-5.8,0.891,0,nominal,0,0.0,194.95,701831.4
168.7,mission_cruise,73.12506948304613,3200.0,43.437465258476934,4152.2,827.7,833.9,839.8,828.4,192.2,192.6,197.0,197.8,4.51,76.2,3.355,4151.5,827.7,835.7,838.7,828.7,191.3,192.8,196.3,197.3,4.55,76.0,3.297,-5.8,0.891,0,nominal,0,0.0,194.95,701831.3
168.8,mission_cruise,73.12395775430795,3200.0,43.438021122846024,4153.9,827.2,837.7,840.7,829.6,192.4,192.3,196.6,196.4,4.54,75.2,3.321,4151.5,827.7,835.7,838.7,828.7,191.3,192.8,196.3,197.3,4.55,76.0,3.297,-5.8,0.891,0,nominal,0,0.0,194.95,701831.2
168.9,mission_cruise,73.12284602556976,3200.0,43.43857698721512,4158.5,827.3,835.0,838.6,830.9,191.2,193.3,196.7,197.5,4.54,75.8,3.282,4151.4,827.7,835.7,838.7,828.7,191.3,192.8,196.3,197.3,4.55,76.0,3.297,-5.8,0.891,0,nominal,0,0.0,194.95,701831.1
169.0,mission_cruise,73.12173429683158,3200.0,43.43913285158421,4149.0,827.5,834.5,837.6,828.0,191.4,192.0,196.9,196.5,4.6,76.2,3.285,4151.4,827.7,835.7,838.7,828.7,191.3,192.8,196.3,197.3,4.55,76.0,3.297,-5.8,0.891,0,nominal,0,0.0,194.95,701831.0
169.1,mission_cruise,73.12062256809338,3200.0,43.43968871595331,4154.8,828.4,834.3,839.2,826.3,190.0,192.7,197.2,197.9,4.54,75.2,3.305,4151.4,827.7,835.7,838.7,828.7,191.3,192.8,196.3,197.3,4.55,76.0,3.297,-5.8,0.891,0,nominal,0,0.0,194.95,701830.9
169.2,mission_cruise,73.1195108393552,3200.0,43.4402445803224,4147.4,829.0,836.6,839.3,829.6,191.6,193.8,196.1,197.0,4.57,75.3,3.252,4151.3,827.7,835.7,838.7,828.7,191.3,192.8,196.3,197.3,4.55,76.0,3.297,-5.8,0.891,0,nominal,0,0.0,194.95,701830.8
169.3,mission_cruise,73.118399110617,3200.0,43.4408004446915,4147.9,827.1,835.0,838.7,828.5,191.3,192.6,195.6,196.8,4.52,75.3,3.267,4151.3,827.7,835.7,838.7,828.7,191.3,192.8,196.3,197.3,4.55,76.0,3.297,-5.8,0.891,0,nominal,0,0.0,194.95,701830.7
169.4,mission_cruise,73.11728738187882,3200.0,43.44135630906059,4153.0,828.6,836.9,837.9,830.0,191.5,193.2,196.7,197.1,4.57,76.3,3.286,4151.3,827.7,835.7,838.7,828.7,191.3,192.8,196.3,197.3,4.55,76.0,3.297,-5.8,0.891,0,nominal,0,0.0,194.95,701830.6
169.5,mission_cruise,73.11617565314063,3200.0,43.441912173429685,4147.2,828.9,835.0,838.7,830.5,190.5,193.4,196.1,197.2,4.54,76.4,3.28,4151.2,827.7,835.7,838.7,828.7,191.3,192.8,196.3,197.3,4.55,76.0,3.297,-5.8,0.891,0,nominal,0,0.0,194.95,701830.5
169.6,mission_cruise,73.11506392440245,3200.0,43.442468037798776,4141.0,829.7,835.0,840.1,829.7,192.0,192.1,196.1,197.9,4.55,76.1,3.287,4151.2,827.7,835.7,838.7,828.7,191.3,192.8,196.3,197.3,4.55,76.0,3.297,-5.8,0.891,0,nominal,0,0.0,194.95,701830.4
169.7,mission_cruise,73.11395219566425,3200.0,43.44302390216787,4143.1,828.4,835.2,840.0,826.5,191.6,192.9,195.4,197.9,4.52,76.0,3.322,4151.2,827.7,835.7,838.7,828.7,191.3,192.8,196.3,197.3,4.55,76.0,3.297,-5.8,0.891,0,nominal,0,0.0,194.95,701830.3
169.8,mission_cruise,73.11284046692607,3200.0,43.44357976653696,4148.3,826.0,837.2,838.5,827.9,191.3,193.1,196.2,196.8,4.56,76.4,3.273,4151.1,827.7,835.7,838.7,828.7,191.3,192.8,196.3,197.3,4.55,76.0,3.297,-5.8,0.891,0,nominal,0,0.0,194.95,701830.2
169.9,mission_cruise,73.11172873818788,3200.0,43.44413563090606,4156.7,829.3,834.1,836.7,827.5,192.2,193.1,195.3,197.4,4.54,75.9,3.291,4151.1,827.6,835.6,838.6,828.6,191.3,192.8,196.3,197.3,4.55,76.0,3.297,-5.8,0.891,0,nominal,0,0.0,194.95,701830.1
170.0,mission_cruise,73.1106170094497,3200.0,43.44469149527515,4146.5,828.4,835.0,839.0,824.8,191.1,191.5,195.5,197.0,4.57,75.8,3.287,4151.1,827.6,835.6,838.6,828.6,191.3,192.8,196.3,197.3,4.55,75.9,3.297,-5.8,0.891,0,nominal,0,0.0,194.95,701830.0
170.1,mission_cruise,73.1095052807115,3200.0,43.44524735964425,4146.3,826.8,835.2,837.7,828.4,191.2,192.0,196.0,196.3,4.52,75.8,3.294,4151.0,827.6,835.6,838.6,828.6,191.3,192.8,196.3,197.3,4.55,75.9,3.297,-5.8,0.891,0,nominal,0,0.0,194.95,701829.9
170.2,mission_cruise,73.10839355197332,3200.0,43.44580322401334,4157.0,827.5,837.5,840.2,829.6,191.0,192.0,197.6,196.9,4.55,74.6,3.228,4151.0,827.6,835.6,838.6,828.6,191.2,192.7,196.2,197.2,4.55,75.9,3.297,-5.8,0.891,0,nominal,0,0.0,194.95,701829.8
170.3,mission_cruise,73.10728182323513,3200.0,43.44635908838244,4146.7,826.5,836.0,838.7,829.0,191.6,193.0,195.8,197.6,4.57,76.9,3.253,4151.0,827.6,835.6,838.6,828.6,191.2,192.7,196.2,197.2,4.55,75.9,3.297,-5.8,0.891,0,nominal,0,0.0,194.95,701829.7
170.4,mission_cruise,73.10617009449695,3200.0,43.44691495275153,4153.9,825.6,836.8,840.0,827.5,190.7,191.9,196.7,197.0,4.54,74.9,3.314,4150.9,827.6,835.6,838.6,828.6,191.2,192.7,196.2,197.2,4.55,75.9,3.297,-5.8,0.891,0,nominal,0,0.0,194.95,701829.6
170.5,mission_cruise,73.10505836575875,3200.0,43.447470817120625,4157.7,827.0,834.9,837.1,828.1,191.1,193.2,196.6,197.9,4.56,76.3,3.24,4150.9,827.6,835.6,838.6,828.6,191.2,192.7,196.2,197.2,4.55,75.9,3.297,-5.8,0.891,0,nominal,0,0.0,194.95,701829.5
170.6,mission_cruise,73.10394663702057,3200.0,43.448026681489715,4154.5,827.3,835.6,838.7,827.8,191.3,193.2,195.6,197.1,4.56,76.2,3.247,4150.9,827.6,835.6,838.6,828.6,191.2,192.7,196.2,197.2,4.55,75.9,3.297,-5.8,0.891,0,nominal,0,0.0,194.95,701829.4
170.7,mission_cruise,73.10283490828238,3200.0,43.44858254585881,4149.8,827.5,835.6,837.9,828.0,192.2,192.6,194.9,197.4,4.57,76.5,3.262,4150.8,827.6,835.6,838.6,828.6,191.2,192.7,196.2,197.2,4.55,75.9,3.296,-5.8,0.891,0,nominal,0,0.0,194.95,701829.3
170.8,mission_cruise,73.1017231795442,3200.0,43.4491384102279,4155.3,825.2,837.5,838.3,828.8,191.0,193.2,195.0,196.0,4.56,76.6,3.29,4150.8,827.6,835.6,838.6,828.6,191.2,192.7,196.2,197.2,4.55,75.9,3.296,-5.8,0.891,0,nominal,0,0.0,194.95,701829.2
170.9,mission_cruise,73.100611450806,3200.0,43.449694274597,4142.4,825.6,835.2,837.0,831.2,191.0,191.7,196.4,197.9,4.58,76.2,3.231,4150.8,827.6,835.6,838.6,828.6,191.2,192.7,196.2,197.2,4.55,75.9,3.296,-5.8,0.891,0,nominal,0,0.0,194.95,701829.1
171.0,mission_cruise,73.09949972206782,3200.0,43.45025013896609,4147.9,825.7,836.7,841.5,829.0,191.7,193.1,196.7,196.4,4.55,76.0,3.292,4150.7,827.6,835.6,838.6,828.6,191.2,192.7,196.2,197.2,4.55,75.9,3.296,-5.8,0.891,0,nominal,0,0.0,194.95,701829.0
171.1,mission_cruise,73.09838799332962,3200.0,43.45080600333519,4155.5,827.1,835.7,840.2,830.2,191.2,193.5,196.7,198.3,4.56,76.4,3.28,4150.7,827.6,835.6,838.6,828.6,191.2,192.7,196.2,197.2,4.55,75.9,3.296,-5.8,0.891,0,nominal,0,0.0,194.95,701828.9
171.2,mission_cruise,73.09727626459144,3200.0,43.45136186770428,4149.6,825.9,838.1,839.2,829.3,191.2,191.8,196.1,197.3,4.55,76.5,3.319,4150.6,827.6,835.6,838.6,828.6,191.2,192.7,196.2,197.2,4.55,75.9,3.296,-5.8,0.891,0,nominal,0,0.0,194.95,701828.8
171.3,mission_cruise,73.09616453585325,3200.0,43.451917732073376,4150.0,826.7,836.4,837.6,830.8,190.6,193.5,197.2,197.6,4.56,75.5,3.345,4150.6,827.6,835.6,838.6,828.6,191.2,192.7,196.2,197.2,4.55,75.9,3.296,-5.8,0.891,0,nominal,0,0.0,194.95,701828.7
171.4,mission_cruise,73.09505280711507,3200.0,43.452473596442466,4147.9,826.1,835.5,838.0,830.8,190.2,192.1,195.1,197.6,4.56,75.6,3.304,4150.6,827.6,835.6,838.6,828.6,191.2,192.7,196.2,197.2,4.55,75.9,3.296,-5.8,0.891,0,nominal,0,0.0,194.95,701828.6
171.5,mission_cruise,73.09394107837687,3200.0,43.453029460811564,4152.0,826.9,835.7,837.5,829.1,190.7,193.3,196.5,195.7,4.57,76.3,3.333,4150.5,827.6,835.6,838.6,828.6,191.2,192.7,196.2,197.2,4.55,75.9,3.296,-5.8,0.891,0,nominal,0,0.0,194.95,701828.5
171.6,mission_cruise,73.09282934963869,3200.0,43.453585325180654,4150.0,827.6,836.2,839.3,830.5,191.3,193.1,196.1,198.0,4.54,76.2,3.311,4150.5,827.6,835.6,838.6,828.6,191.2,192.7,196.2,197.2,4.55,75.9,3.296,-5.8,0.891,0,nominal,0,0.0,194.95,701828.4
171.7,mission_cruise,73.0917176209005,3200.0,43.45414118954975,4152.6,828.9,835.9,837.2,828.7,192.0,193.4,196.6,198.2,4.55,75.4,3.315,4150.5,827.6,835.6,838.6,828.6,191.2,192.7,196.2,197.2,4.55,75.9,3.296,-5.8,0.891,0,nominal,0,0.0,194.95,701828.3
171.8,mission_cruise,73.09060589216232,3200.0,43.45469705391884,4152.5,826.6,837.8,838.1,827.9,191.9,192.4,195.3,196.4,4.57,76.2,3.325,4150.4,827.6,835.6,838.6,828.6,191.2,192.7,196.2,197.2,4.55,75.9,3.296,-5.8,0.891,0,nominal,0,0.0,194.95,701828.2
171.9,mission_cruise,73.08949416342412,3200.0,43.45525291828794,4144.4,825.5,838.2,839.3,826.2,189.5,192.0,195.9,197.1,4.59,75.2,3.291,4150.4,827.6,835.6,838.6,828.6,191.2,192.7,196.2,197.2,4.55,75.9,3.296,-5.8,0.891,0,nominal,0,0.0,194.95,701828.1
172.0,mission_cruise,73.08838243468594,3200.0,43.45580878265703,4138.0,826.1,835.8,839.2,829.2,191.8,194.0,196.2,197.5,4.57,75.3,3.238,4150.4,827.6,835.6,838.6,828.6,191.2,192.7,196.2,197.2,4.55,75.9,3.296,-5.8,0.891,0,nominal,0,0.0,194.95,701828.0
172.1,mission_cruise,73.08727070594774,3200.0,43.45636464702613,4137.7,826.7,837.2,837.5,829.4,190.4,192.9,195.4,196.5,4.57,76.0,3.308,4150.3,827.6,835.6,838.6,828.6,191.2,192.7,196.2,197.2,4.55,75.9,3.296,-5.8,0.891,0,nominal,0,0.0,194.95,701827.9
172.2,mission_cruise,73.08615897720956,3200.0,43.45692051139522,4146.2,827.7,835.4,837.8,828.6,190.3,193.0,195.8,198.2,4.54,75.9,3.299,4150.3,827.6,835.6,838.6,828.6,191.2,192.7,196.2,197.2,4.55,75.9,3.296,-5.8,0.891,0,nominal,0,0.0,194.95,701827.8
172.3,mission_cruise,73.08504724847137,3200.0,43.457476375764315,4146.8,826.6,836.5,836.6,829.2,191.1,192.5,195.2,196.2,4.5,76.4,3.305,4150.3,827.6,835.6,838.6,828.6,191.2,192.7,196.2,197.2,4.55,75.9,3.296,-5.8,0.891,0,nominal,0,0.0,194.95,701827.7
172.4,mission_cruise,73.08393551973319,3200.0,43.458032240133406,4151.7,827.3,832.5,842.0,828.6,191.0,192.6,196.2,196.6,4.56,75.9,3.327,4150.2,827.6,835.6,838.6,828.6,191.2,192.7,196.2,197.2,4.55,75.9,3.296,-5.8,0.891,0,nominal,0,0.0,194.95,701827.6
172.5,mission_cruise,73.082823790995,3200.0,43.4585881045025,4147.2,827.9,836.0,837.6,829.2,191.1,192.3,197.3,198.2,4.54,74.7,3.311,4150.2,827.6,835.6,838.6,828.6,191.2,192.7,196.2,197.2,4.55,75.9,3.296,-5.8,0.891,0,nominal,0,0.0,194.95,701827.5
172.6,mission_cruise,73.08171206225681,3200.0,43.459143968871594,4145.1,827.8,838.3,838.9,828.3,190.5,192.5,196.3,196.7,4.53,75.6,3.325,4150.2,827.6,835.6,838.6,828.6,191.2,192.7,196.2,197.2,4.55,75.9,3.296,-5.8,0.891,0,nominal,0,0.0,194.95,701827.4
172.7,mission_cruise,73.08060033351862,3200.0,43.45969983324069,4153.2,828.5,836.6,840.6,829.3,191.4,192.0,195.9,197.7,4.57,77.2,3.265,4150.1,827.6,835.6,838.6,828.6,191.2,192.7,196.2,197.2,4.55,75.9,3.296,-5.8,0.891,0,nominal,0,0.0,194.95,701827.3
172.8,mission_cruise,73.07948860478044,3200.0,43.46025569760978,4145.8,828.7,835.9,837.6,828.2,191.7,191.8,195.9,197.5,4.52,75.9,3.29,4150.1,827.6,835.6,838.6,828.6,191.2,192.7,196.2,197.2,4.55,75.9,3.296,-5.8,0.891,0,nominal,0,0.0,194.95,701827.2
172.9,mission_cruise,73.07837687604224,3200.0,43.46081156197888,4155.2,826.3,834.8,836.9,830.1,189.6,193.5,197.4,197.1,4.55,76.0,3.263,4150.1,827.6,835.6,838.6,828.6,191.2,192.7,196.2,197.2,4.55,75.9,3.296,-5.8,0.891,0,nominal,0,0.0,194.95,701827.1
173.0,mission_cruise,73.07726514730406,3200.0,43.46136742634797,4145.5,825.9,833.9,836.8,829.0,191.4,194.1,195.5,197.2,4.54,76.2,3.366,4150.0,827.6,835.6,838.6,828.6,191.2,192.7,196.2,197.2,4.55,75.9,3.296,-5.8,0.891,0,nominal,0,0.0,194.95,701827.0
173.1,mission_cruise,73.07615341856587,3200.0,43.46192329071707,4153.0,828.1,833.5,836.4,828.4,190.4,193.2,195.9,196.6,4.56,75.9,3.249,4150.0,827.6,835.6,838.6,828.6,191.2,192.7,196.2,197.2,4.55,75.9,3.296,-5.8,0.891,0,nominal,0,0.0,194.95,701826.9
173.2,mission_cruise,73.07504168982769,3200.0,43.46247915508616,4151.3,827.0,835.7,838.3,829.2,191.1,192.9,197.5,197.9,4.57,76.0,3.304,4150.0,827.6,835.6,838.6,828.6,191.2,192.7,196.2,197.2,4.55,75.9,3.295,-5.8,0.891,0,nominal,0,0.0,194.95,701826.8
173.3,mission_cruise,73.07392996108949,3200.0,43.463035019455255,4150.7,828.3,835.1,838.5,830.2,191.3,192.7,196.9,197.6,4.58,75.4,3.273,4149.9,827.6,835.6,838.6,828.6,191.2,192.7,196.2,197.2,4.55,75.9,3.295,-5.8,0.891,0,nominal,0,0.0,194.95,701826.7
173.4,mission_cruise,73.07281823235131,3200.0,43.463590883824345,4159.9,828.3,833.6,839.5,827.6,190.6,192.4,196.5,196.1,4.56,76.1,3.356,4149.9,827.6,835.6,838.6,828.6,191.2,192.7,196.2,197.2,4.55,75.9,3.295,-5.8,0.891,0,nominal,0,0.0,194.95,701826.6
173.5,mission_cruise,73.07170650361311,3200.0,43.46414674819344,4144.9,826.3,834.7,839.5,829.3,190.7,193.1,196.5,196.5,4.54,75.9,3.318,4149.9,827.6,835.6,838.6,828.6,191.2,192.7,196.2,197.2,4.55,75.9,3.295,-5.8,0.891,0,nominal,0,0.0,194.95,701826.5
173.6,mission_cruise,73.07059477487493,3200.0,43.46470261256253,4145.5,827.8,835.1,836.9,829.5,191.0,192.1,196.0,197.8,4.59,75.9,3.311,4149.8,827.6,835.6,838.6,828.6,191.2,192.7,196.2,197.2,4.55,75.9,3.295,-5.8,0.891,0,nominal,0,0.0,194.95,701826.4
173.7,mission_cruise,73.06948304613674,3200.0,43.46525847693163,4147.3,827.9,836.6,840.4,829.2,190.7,193.4,196.2,196.5,4.56,75.5,3.295,4149.8,827.6,835.6,838.6,828.6,191.2,192.7,196.2,197.2,4.55,75.9,3.295,-5.8,0.891,0,nominal,0,0.0,194.95,701826.3
173.8,mission_cruise,73.06837131739856,3200.0,43.46581434130072,4144.7,827.8,834.5,839.3,828.7,191.3,192.8,194.1,196.8,4.6,75.2,3.305,4149.8,827.6,835.6,838.6,828.6,191.2,192.7,196.2,197.2,4.55,75.9,3.295,-5.8,0.891,0,nominal,0,0.0,194.95,701826.2
173.9,mission_cruise,73.06725958866036,3200.0,43.46637020566982,4156.7,828.9,834.6,838.2,825.9,191.8,193.1,195.4,196.6,4.51,76.0,3.3,4149.7,827.6,835.6,838.6,828.6,191.2,192.7,196.2,197.2,4.55,75.9,3.295,-5.8,0.891,0,nominal,0,0.0,194.95,701826.1
174.0,mission_cruise,73.06614785992218,3200.0,43.46692607003891,4144.8,826.6,835.5,838.0,829.1,191.2,192.6,196.1,197.9,4.55,75.6,3.337,4149.7,827.6,835.6,838.6,828.6,191.2,192.7,196.2,197.2,4.55,75.9,3.295,-5.8,0.891,0,nominal,0,0.0,194.95,701826.0
174.1,mission_cruise,73.06503613118399,3200.0,43.467481934408006,4154.0,829.4,835.4,838.6,827.1,191.4,192.1,196.1,197.6,4.55,75.0,3.27,4149.7,827.6,835.6,838.6,828.6,191.2,192.7,196.2,197.2,4.55,75.9,3.295,-5.8,0.891,0,nominal,0,0.0,194.95,701825.9
174.2,mission_cruise,73.0639244024458,3200.0,43.4680377987771,4148.2,828.7,834.6,839.0,829.6,191.7,193.1,195.6,196.9,4.56,76.0,3.29,4149.6,827.6,835.6,838.6,828.6,191.2,192.7,196.2,197.2,4.55,75.9,3.295,-5.8,0.891,0,nominal,0,0.0,194.95,701825.8
174.3,mission_cruise,73.06281267370761,3200.0,43.468593663146194,4155.5,827.6,838.6,839.9,828.0,190.8,192.9,196.6,196.2,4.54,76.1,3.345,4149.6,827.6,835.6,838.6,828.6,191.2,192.7,196.2,197.2,4.55,75.9,3.295,-5.8,0.891,0,nominal,0,0.0,194.95,701825.7
174.4,mission_cruise,73.06170094496943,3200.0,43.469149527515285,4144.2,826.3,834.9,839.0,829.0,191.2,193.2,196.1,196.3,4.54,76.4,3.292,4149.6,827.6,835.6,838.6,828.6,191.2,192.7,196.2,197.2,4.55,75.9,3.295,-5.8,0.891,0,nominal,0,0.0,194.95,701825.6
174.5,mission_cruise,73.06058921623124,3200.0,43.46970539188438,4155.8,828.7,836.3,838.5,828.8,190.5,191.4,196.3,196.3,4.57,76.9,3.3,4149.5,827.6,835.6,838.6,828.6,191.2,192.7,196.2,197.2,4.55,75.9,3.295,-5.8,0.891,0,nominal,0,0.0,194.95,701825.5
174.6,mission_cruise,73.05947748749306,3200.0,43.47026125625347,4151.7,827.1,835.4,840.4,828.8,190.5,192.0,195.9,197.4,4.53,75.9,3.25,4149.5,827.6,835.6,838.6,828.6,191.2,192.7,196.2,197.2,4.55,75.9,3.295,-5.8,0.891,0,nominal,0,0.0,194.95,701825.4
174.7,mission_cruise,73.05836575875486,3200.0,43.47081712062257,4154.3,827.2,835.8,839.2,826.6,192.2,193.7,195.9,197.5,4.54,76.5,3.294,4149.5,827.6,835.6,838.6,828.6,191.2,192.7,196.2,197.2,4.55,75.9,3.295,-5.8,0.891,0,nominal,0,0.0,194.95,701825.3
174.8,mission_cruise,73.05725403001668,3200.0,43.47137298499166,4150.0,830.0,836.4,838.6,829.0,191.4,191.6,196.3,196.9,4.57,75.4,3.273,4149.4,827.6,835.6,838.6,828.6,191.2,192.7,196.2,197.2,4.55,75.9,3.295,-5.8,0.891,0,nominal,0,0.0,194.95,701825.2
174.9,mission_cruise,73.05614230127848,3200.0,43.47192884936076,4142.2,826.5,834.8,840.1,827.9,191.2,192.4,195.9,196.8,4.56,75.3,3.298,4149.4,827.6,835.6,838.6,828.6,191.2,192.7,196.2,197.2,4.55,75.9,3.295,-5.8,0.891,0,nominal,0,0.0,194.95,701825.1
175.0,mission_cruise,73.0550305725403,3200.0,43.47248471372985,4151.0,828.2,835.0,838.5,830.7,191.8,192.6,197.0,195.9,4.54,76.2,3.338,4149.4,827.6,835.6,838.6,828.6,191.2,192.7,196.2,197.2,4.55,75.9,3.295,-5.8,0.891,0,nominal,0,0.0,194.95,701825.0
175.1,mission_cruise,73.05391884380211,3200.0,43.473040578098946,4150.0,827.4,835.8,837.7,830.5,191.2,193.1,196.4,198.0,4.52,76.2,3.288,4149.3,827.5,835.5,838.5,828.5,191.2,192.7,196.2,197.2,4.55,75.9,3.295,-5.8,0.891,0,nominal,0,0.0,194.95,701824.9
175.2,mission_cruise,73.05280711506393,3200.0,43.473596442468036,4152.3,827.8,834.6,836.3,829.0,192.4,193.4,195.5,196.9,4.57,76.6,3.333,4149.3,827.5,835.5,838.5,828.5,191.2,192.7,196.2,197.2,4.55,75.9,3.295,-5.8,0.891,0,nominal,0,0.0,194.95,701824.8
175.3,mission_cruise,73.05169538632573,3200.0,43.474152306837134,4147.9,827.2,833.0,835.9,828.6,191.8,192.5,196.8,197.4,4.54,75.6,3.285,4149.3,827.5,835.5,838.5,828.5,191.2,192.7,196.2,197.2,4.55,75.9,3.295,-5.8,0.891,0,nominal,0,0.0,194.95,701824.7
175.4,mission_cruise,73.05058365758755,3200.0,43.474708171206224,4144.3,825.8,835.0,840.5,827.5,190.9,193.8,195.3,196.1,4.55,77.0,3.298,4149.2,827.5,835.5,838.5,828.5,191.2,192.7,196.2,197.2,4.55,75.9,3.295,-5.8,0.891,0,nominal,0,0.0,194.95,701824.6
175.5,mission_cruise,73.04947192884936,3200.0,43.47526403557532,4154.7,824.9,834.3,835.8,829.5,190.7,194.3,196.8,197.3,4.51,75.7,3.355,4149.2,827.5,835.5,838.5,828.5,191.2,192.7,196.2,197.2,4.55,75.9,3.295,-5.8,0.891,0,nominal,0,0.0,194.95,701824.5
175.6,mission_cruise,73.04836020011118,3200.0,43.47581989994441,4150.5,828.0,836.1,840.0,829.4,190.7,192.8,195.8,197.6,4.55,77.2,3.357,4149.1,827.5,835.5,838.5,828.5,191.2,192.7,196.2,197.2,4.55,75.9,3.294,-5.8,0.891,0,nominal,0,0.0,194.95,701824.4
175.7,mission_cruise,73.04724847137298,3200.0,43.47637576431351,4153.5,827.9,834.8,839.2,827.6,191.4,192.5,196.1,198.1,4.48,75.6,3.295,4149.1,827.5,835.5,838.5,828.5,191.2,192.7,196.2,197.2,4.55,75.9,3.294,-5.8,0.891,0,nominal,0,0.0,194.95,701824.3
175.8,mission_cruise,73.0461367426348,3200.0,43.4769316286826,4150.2,826.8,833.1,841.4,828.7,189.6,192.7,196.1,197.3,4.56,75.9,3.292,4149.1,827.5,835.5,838.5,828.5,191.2,192.7,196.2,197.2,4.55,75.9,3.294,-5.8,0.891,0,nominal,0,0.0,194.95,701824.2
175.9,mission_cruise,73.0450250138966,3200.0,43.4774874930517,4142.7,828.8,836.3,835.1,828.3,191.6,192.2,196.9,197.2,4.57,74.8,3.291,4149.0,827.5,835.5,838.5,828.5,191.2,192.7,196.2,197.2,4.55,75.9,3.294,-5.8,0.891,0,nominal,0,0.0,194.95,701824.1
176.0,mission_cruise,73.04391328515842,3200.0,43.47804335742079,4148.5,826.7,835.2,840.0,829.3,191.6,192.4,197.0,197.0,4.54,75.5,3.342,4149.0,827.5,835.5,838.5,828.5,191.2,192.7,196.2,197.2,4.55,75.9,3.294,-5.8,0.891,0,nominal,0,0.0,194.95,701824.0
176.1,mission_cruise,73.04280155642023,3200.0,43.478599221789885,4149.2,826.3,838.9,839.4,830.0,190.7,192.2,196.5,197.6,4.55,76.2,3.304,4149.0,827.5,835.5,838.5,828.5,191.2,192.7,196.2,197.2,4.55,75.9,3.294,-5.8,0.891,0,nominal,0,0.0,194.95,701823.9
176.2,mission_cruise,73.04168982768205,3200.0,43.479155086158976,4151.2,829.8,834.1,838.5,828.6,190.6,192.5,196.1,197.7,4.59,75.1,3.356,4148.9,827.5,835.5,838.5,828.5,191.2,192.7,196.2,197.2,4.55,75.9,3.294,-5.8,0.891,0,nominal,0,0.0,194.95,701823.8
176.3,mission_cruise,73.04057809894385,3200.0,43.47971095052807,4147.8,827.1,838.2,838.8,829.4,191.2,193.0,196.3,197.2,4.55,75.9,3.336,4148.9,827.5,835.5,838.5,828.5,191.2,192.7,196.2,197.2,4.55,75.9,3.294,-5.8,0.891,0,nominal,0,0.0,194.95,701823.7
176.4,mission_cruise,73.03946637020567,3200.0,43.48026681489716,4144.6,826.9,838.2,838.2,827.1,191.1,192.5,195.1,197.4,4.55,75.9,3.275,4148.9,827.5,835.5,838.5,828.5,191.2,192.7,196.2,197.2,4.55,75.9,3.294,-5.8,0.891,0,nominal,0,0.0,194.95,701823.6
176.5,mission_cruise,73.03835464146748,3200.0,43.48082267926626,4140.4,829.0,833.8,839.5,830.4,191.3,193.5,195.9,197.1,4.57,76.3,3.242,4148.8,827.5,835.5,838.5,828.5,191.2,192.7,196.2,197.2,4.55,75.9,3.294,-5.8,0.891,0,nominal,0,0.0,194.95,701823.5
176.6,mission_cruise,73.0372429127293,3200.0,43.48137854363535,4162.7,828.3,833.9,838.9,826.7,190.7,192.1,196.2,197.7,4.57,76.2,3.313,4148.8,827.5,835.5,838.5,828.5,191.2,192.7,196.2,197.2,4.55,75.9,3.294,-5.8,0.891,0,nominal,0,0.0,194.95,701823.4
176.7,mission_cruise,73.0361311839911,3200.0,43.48193440800445,4149.2,826.5,835.6,838.6,831.1,191.2,193.2,197.1,197.2,4.55,76.1,3.284,4148.8,827.5,835.5,838.5,828.5,191.2,192.7,196.2,197.2,4.55,75.9,3.294,-5.8,0.891,0,nominal,0,0.0,194.95,701823.3
176.8,mission_cruise,73.03501945525292,3200.0,43.48249027237354,4150.1,826.4,835.5,837.7,829.6,190.8,192.7,196.3,196.6,4.48,76.8,3.283,4148.7,827.5,835.5,838.5,828.5,191.2,192.7,196.2,197.2,4.55,75.9,3.294,-5.8,0.891,0,nominal,0,0.0,194.95,701823.2
176.9,mission_cruise,73.03390772651473,3200.0,43.48304613674264,4149.3,826.0,837.0,839.0,828.9,191.1,193.8,195.7,197.4,4.53,76.1,3.279,4148.7,827.5,835.5,838.5,828.5,191.2,192.7,196.2,197.2,4.55,75.9,3.294,-5.8,0.891,0,nominal,0,0.0,194.95,701823.1
177.0,mission_cruise,73.03279599777655,3200.0,43.48360200111173,4149.9,828.3,834.3,840.6,829.8,191.5,191.9,197.6,197.4,4.51,75.5,3.304,4148.7,827.5,835.5,838.5,828.5,191.2,192.7,196.2,197.2,4.55,75.9,3.294,-5.8,0.891,0,nominal,0,0.0,194.95,701823.0
177.1,mission_cruise,73.03168426903835,3200.0,43.484157865480825,4154.0,826.7,832.0,839.5,827.1,191.2,191.7,195.9,197.7,4.56,76.5,3.27,4148.6,827.5,835.5,838.5,828.5,191.2,192.7,196.2,197.2,4.55,75.9,3.294,-5.8,0.891,0,nominal,0,0.0,194.95,701822.9
177.2,mission_cruise,73.03057254030017,3200.0,43.484713729849915,4132.0,827.8,838.4,838.3,827.0,191.1,191.5,196.1,196.8,4.56,75.9,3.297,4148.6,827.5,835.5,838.5,828.5,191.2,192.7,196.2,197.2,4.55,75.9,3.294,-5.8,0.891,0,nominal,0,0.0,194.95,701822.8
177.3,mission_cruise,73.02946081156198,3200.0,43.48526959421901,4156.4,825.3,836.1,837.9,830.3,191.1,192.7,195.9,197.6,4.59,75.8,3.225,4148.6,827.5,835.5,838.5,828.5,191.2,192.7,196.2,197.2,4.55,75.9,3.294,-5.8,0.891,0,nominal,0,0.0,194.95,701822.7
177.4,mission_cruise,73.0283490828238,3200.0,43.4858254585881,4153.4,828.7,834.9,840.6,827.2,191.3,193.0,195.6,197.7,4.61,75.9,3.335,4148.5,827.5,835.5,838.5,828.5,191.2,192.7,196.2,197.2,4.55,75.9,3.294,-5.8,0.891,0,nominal,0,0.0,194.95,701822.6
177.5,mission_cruise,73.0272373540856,3200.0,43.4863813229572,4149.1,827.3,834.5,841.1,827.3,191.3,193.4,196.5,197.7,4.52,76.2,3.318,4148.5,827.5,835.5,838.5,828.5,191.2,192.7,196.2,197.2,4.55,75.9,3.294,-5.8,0.891,0,nominal,0,0.0,194.95,701822.5
177.6,mission_cruise,73.02612562534742,3200.0,43.48693718732629,4147.4,828.2,834.7,837.9,828.2,192.1,194.0,196.2,197.9,4.58,75.5,3.269,4148.5,827.5,835.5,838.5,828.5,191.2,192.7,196.2,197.2,4.55,75.9,3.294,-5.8,0.891,0,nominal,0,0.0,194.95,701822.4
177.7,mission_cruise,73.02501389660922,3200.0,43.48749305169539,4154.7,827.7,836.2,838.8,826.0,191.5,192.2,196.2,197.7,4.54,76.3,3.274,4148.4,827.5,835.5,838.5,828.5,191.2,192.7,196.2,197.2,4.55,75.9,3.294,-5.8,0.891,0,nominal,0,0.0,194.95,701822.3
177.8,mission_cruise,73.02390216787104,3200.0,43.48804891606448,4153.5,827.9,836.4,837.2,826.7,190.7,192.6,195.0,196.9,4.58,76.7,3.357,4148.4,827.5,835.5,838.5,828.5,191.2,192.7,196.2,197.2,4.55,75.9,3.294,-5.8,0.891,0,nominal,0,0.0,194.95,701822.2
177.9,mission_cruise,73.02279043913285,3200.0,43.488604780433576,4145.7,828.4,832.7,839.3,827.5,190.7,193.1,196.3,198.6,4.55,75.8,3.297,4148.4,827.5,835.5,838.5,828.5,191.2,192.7,196.2,197.2,4.55,75.9,3.294,-5.8,0.891,0,nominal,0,0.0,194.95,701822.1
178.0,mission_cruise,73.02167871039467,3200.0,43.489160644802666,4153.0,828.5,836.4,840.7,828.5,191.1,192.7,196.7,197.3,4.52,75.2,3.311,4148.3,827.5,835.5,838.5,828.5,191.2,192.7,196.2,197.2,4.55,75.9,3.294,-5.8,0.891,0,nominal,0,0.0,194.95,701822.0
178.1,mission_cruise,73.02056698165647,3200.0,43.489716509171764,4159.5,827.5,835.9,836.4,828.1,191.0,192.7,196.2,198.2,4.55,75.7,3.281,4148.3,827.5,835.5,838.5,828.5,191.2,192.7,196.2,197.2,4.55,75.9,3.293,-5.8,0.891,0,nominal,0,0.0,194.95,701821.9
178.2,mission_cruise,73.01945525291829,3200.0,43.490272373540854,4140.4,827.2,836.2,839.0,827.1,191.5,192.6,196.4,198.0,4.49,75.7,3.325,4148.3,827.5,835.5,838.5,828.5,191.2,192.7,196.2,197.2,4.55,75.9,3.293,-5.8,0.891,0,nominal,0,0.0,194.95,701821.8
178.3,mission_cruise,73.0183435241801,3200.0,43.49082823790995,4152.8,825.4,836.4,835.0,831.7,190.9,193.1,196.6,197.5,4.53,76.0,3.259,4148.2,827.5,835.5,838.5,828.5,191.2,192.7,196.2,197.2,4.55,75.9,3.293,-5.8,0.891,0,nominal,0,0.0,194.95,701821.7
178.4,mission_cruise,73.01723179544192,3200.0,43.49138410227904,4145.7,826.4,834.1,839.5,828.8,191.9,191.5,195.8,196.1,4.53,76.3,3.34,4148.2,827.5,835.5,838.5,828.5,191.2,192.7,196.2,197.2,4.55,75.9,3.293,-5.8,0.891,0,nominal,0,0.0,194.95,701821.6
178.5,mission_cruise,73.01612006670372,3200.0,43.49193996664814,4147.5,827.9,837.4,840.7,826.9,191.6,192.9,195.8,196.7,4.55,76.2,3.312,4148.2,827.5,835.5,838.5,828.5,191.2,192.7,196.2,197.2,4.55,75.9,3.293,-5.8,0.891,0,nominal,0,0.0,194.95,701821.5
178.6,mission_cruise,73.01500833796554,3200.0,43.49249583101723,4140.4,825.2,835.2,838.1,830.1,191.9,193.4,195.8,197.7,4.55,75.8,3.321,4148.1,827.5,835.5,838.5,828.5,191.2,192.7,196.2,197.2,4.55,75.9,3.293,-5.8,0.891,0,nominal,0,0.0,194.95,701821.4
178.7,mission_cruise,73.01389660922734,3200.0,43.49305169538633,4148.5,828.3,834.5,839.9,829.8,190.8,192.5,196.6,197.2,4.53,75.7,3.321,4148.1,827.5,835.5,838.5,828.5,191.2,192.7,196.2,197.2,4.55,75.9,3.293,-5.8,0.891,0,nominal,0,0.0,194.95,701821.3
178.8,mission_cruise,73.01278488048916,3200.0,43.49360755975542,4151.5,824.3,836.4,838.8,827.7,191.8,192.4,197.0,197.1,4.56,75.9,3.258,4148.1,827.5,835.5,838.5,828.5,191.2,192.7,196.2,197.2,4.55,75.9,3.293,-5.8,0.891,0,nominal,0,0.0,194.95,701821.2
178.9,mission_cruise,73.01167315175097,3200.0,43.494163424124515,4155.5,827.6,835.5,838.4,829.8,191.3,192.8,196.2,196.4,4.57,74.5,3.311,4148.0,827.5,835.5,838.5,828.5,191.2,192.7,196.2,197.2,4.55,75.9,3.293,-5.8,0.891,0,nominal,0,0.0,194.95,701821.1
179.0,mission_cruise,73.01056142301279,3200.0,43.494719288493606,4154.5,826.9,835.3,837.3,829.4,192.3,192.8,195.5,197.5,4.56,76.0,3.345,4148.0,827.5,835.5,838.5,828.5,191.2,192.7,196.2,197.2,4.55,75.9,3.293,-5.8,0.891,0,nominal,0,0.0,194.95,701821.0
179.1,mission_cruise,73.0094496942746,3200.0,43.4952751528627,4152.4,826.8,838.6,840.0,828.7,191.8,192.5,196.3,197.0,4.61,76.6,3.3,4148.0,827.5,835.5,838.5,828.5,191.2,192.7,196.2,197.2,4.55,75.9,3.293,-5.8,0.891,0,nominal,0,0.0,194.95,701820.9
179.2,mission_cruise,73.00833796553641,3200.0,43.495831017231794,4151.5,827.3,837.1,836.5,827.7,190.6,193.2,196.4,196.8,4.53,75.7,3.36,4147.9,827.5,835.5,838.5,828.5,191.2,192.7,196.2,197.2,4.55,75.9,3.293,-5.8,0.891,0,nominal,0,0.0,194.95,701820.8
179.3,mission_cruise,73.00722623679822,3200.0,43.49638688160089,4150.9,825.9,833.7,841.8,829.4,191.6,192.5,196.0,197.8,4.54,76.7,3.28,4147.9,827.5,835.5,838.5,828.5,191.2,192.7,196.2,197.2,4.55,75.9,3.293,-5.8,0.891,0,nominal,0,0.0,194.95,701820.7
179.4,mission_cruise,73.00611450806004,3200.0,43.49694274596998,4140.9,827.9,836.9,836.8,830.0,191.2,193.1,196.3,197.6,4.54,75.6,3.3,4147.9,827.5,835.5,838.5,828.5,191.2,192.7,196.2,197.2,4.55,75.9,3.293,-5.8,0.891,0,nominal,0,0.0,194.95,701820.6
179.5,mission_cruise,73.00500277932184,3200.0,43.49749861033908,4150.2,826.2,837.1,837.8,830.5,191.4,193.8,197.0,197.0,4.51,75.4,3.273,4147.8,827.5,835.5,838.5,828.5,191.2,192.7,196.2,197.2,4.55,75.9,3.293,-5.8,0.891,0,nominal,0,0.0,194.95,701820.5
179.6,mission_cruise,73.00389105058366,3200.0,43.49805447470817,4147.1,827.8,835.5,838.0,827.5,192.3,193.0,195.5,197.1,4.52,75.4,3.201,4147.8,827.5,835.5,838.5,828.5,191.2,192.7,196.2,197.2,4.55,75.9,3.293,-5.8,0.891,0,nominal,0,0.0,194.95,701820.4
179.7,mission_cruise,73.00277932184547,3200.0,43.49861033907727,4145.1,828.0,837.2,838.2,828.2,190.0,192.8,196.5,197.2,4.6,75.8,3.246,4147.8,827.5,835.5,838.5,828.5,191.2,192.7,196.2,197.2,4.55,75.9,3.293,-5.8,0.891,0,nominal,0,0.0,194.95,701820.3
179.8,mission_cruise,73.00166759310729,3200.0,43.49916620344636,4139.8,827.0,838.7,839.2,828.2,190.3,192.0,196.3,196.5,4.51,75.5,3.278,4147.7,827.5,835.5,838.5,828.5,191.2,192.7,196.2,197.2,4.55,75.9,3.293,-5.8,0.891,0,nominal,0,0.0,194.95,701820.2
179.9,mission_cruise,73.00055586436909,3200.0,43.499722067815455,4151.1,828.1,835.4,837.2,829.6,191.4,192.6,195.9,197.6,4.55,75.4,3.319,4147.7,827.5,835.5,838.5,828.5,191.2,192.7,196.2,197.2,4.55,75.9,3.293,-5.8,0.891,0,nominal,0,0.0,194.95,701820.1
180.0,mission_cruise,72.99944413563091,3200.0,43.500277932184545,4152.8,827.6,836.1,836.5,827.7,190.8,193.2,195.4,197.1,4.53,75.5,3.295,4147.6,827.5,835.5,838.5,828.5,191.2,192.7,196.2,197.2,4.55,75.9,3.293,-5.8,0.891,0,nominal,0,0.0,194.95,701820.0
180.1,mission_cruise,72.99833240689271,3200.0,43.50083379655364,4139.8,828.2,835.4,837.3,828.5,190.8,192.5,197.0,195.8,4.53,76.2,3.283,4147.6,827.5,835.5,838.5,828.5,191.2,192.7,196.2,197.2,4.55,75.9,3.293,-5.8,0.891,0,nominal,0,0.0,194.95,701819.9
180.2,mission_cruise,72.99722067815453,3200.0,43.50138966092273,4154.8,827.2,835.0,837.9,831.9,191.8,193.0,196.8,196.5,4.55,76.1,3.296,4147.6,827.4,835.4,838.4,828.4,191.2,192.7,196.2,197.2,4.55,75.9,3.293,-5.8,0.891,0,nominal,0,0.0,194.95,701819.8
180.3,mission_cruise,72.99610894941634,3200.0,43.50194552529183,4144.6,828.1,834.0,841.1,828.1,192.1,193.3,195.9,197.1,4.53,75.9,3.286,4147.5,827.4,835.4,838.4,828.4,191.2,192.7,196.2,197.2,4.55,75.9,3.293,-5.8,0.891,0,nominal,0,0.0,194.95,701819.7
180.4,mission_cruise,72.99499722067816,3200.0,43.50250138966092,4149.5,826.8,836.5,841.2,830.2,191.2,193.3,196.3,196.3,4.55,75.9,3.318,4147.5,827.4,835.4,838.4,828.4,191.2,192.7,196.2,197.2,4.55,75.9,3.293,-5.8,0.891,0,nominal,0,0.0,194.95,701819.6
180.5,mission_cruise,72.99388549193996,3200.0,43.50305725403002,4157.6,826.6,836.3,837.6,830.1,191.2,193.3,196.3,197.0,4.59,75.4,3.204,4147.5,827.4,835.4,838.4,828.4,191.2,192.7,196.2,197.2,4.55,75.9,3.292,-5.8,0.891,0,nominal,0,0.0,194.95,701819.5
180.6,mission_cruise,72.99277376320178,3200.0,43.50361311839911,4148.5,828.6,835.0,839.4,826.3,191.4,192.1,196.4,197.5,4.54,75.8,3.288,4147.4,827.4,835.4,838.4,828.4,191.2,192.7,196.2,197.2,4.55,75.9,3.292,-5.8,0.891,0,nominal,0,0.0,194.95,701819.4
180.7,mission_cruise,72.99166203446359,3200.0,43.504168982768206,4141.9,827.3,833.1,840.0,829.1,191.0,192.1,196.1,197.2,4.51,76.0,3.275,4147.4,827.4,835.4,838.4,828.4,191.2,192.7,196.2,197.2,4.55,75.9,3.292,-5.8,0.891,0,nominal,0,0.0,194.95,701819.3
180.8,mission_cruise,72.9905503057254,3200.0,43.5047248471373,4157.8,828.6,835.3,839.7,824.9,191.1,192.3,196.0,196.8,4.53,75.6,3.241,4147.4,827.4,835.4,838.4,828.4,191.2,192.7,196.2,197.2,4.55,75.9,3.292,-5.8,0.891,0,nominal,0,0.0,194.95,701819.2
180.9,mission_cruise,72.98943857698721,3200.0,43.505280711506394,4156.5,828.0,834.3,836.9,831.1,192.4,192.8,197.1,196.9,4.55,76.7,3.263,4147.3,827.4,835.4,838.4,828.4,191.2,192.7,196.2,197.2,4.55,75.9,3.292,-5.8,0.891,0,nominal,0,0.0,194.95,701819.1
181.0,mission_cruise,72.98832684824903,3200.0,43.505836575875485,4149.1,829.2,835.3,839.4,829.0,191.2,192.2,195.9,197.0,4.55,76.6,3.307,4147.3,827.4,835.4,838.4,828.4,191.2,192.7,196.2,197.2,4.55,75.9,3.292,-5.8,0.891,0,nominal,0,0.0,194.95,701819.0
181.1,mission_cruise,72.98721511951084,3200.0,43.50639244024458,4152.6,825.7,837.6,837.7,825.7,191.9,193.5,195.5,197.1,4.59,76.0,3.339,4147.3,827.4,835.4,838.4,828.4,191.2,192.7,196.2,197.2,4.55,75.9,3.292,-5.8,0.891,0,nominal,0,0.0,194.95,701818.9
181.2,mission_cruise,72.98610339077266,3200.0,43.50694830461367,4146.9,827.5,835.3,837.4,827.0,190.9,193.6,196.2,196.3,4.57,76.4,3.259,4147.2,827.4,835.4,838.4,828.4,191.2,192.7,196.2,197.2,4.55,75.9,3.292,-5.8,0.891,0,nominal,0,0.0,194.95,701818.8
181.3,mission_cruise,72.98499166203446,3200.0,43.50750416898277,4154.8,826.1,836.1,840.1,827.8,190.5,193.1,196.0,198.1,4.52,75.5,3.3,4147.2,827.4,835.4,838.4,828.4,191.2,192.7,196.2,197.2,4.55,75.9,3.292,-5.8,0.891,0,nominal,0,0.0,194.95,701818.7
181.4,mission_cruise,72.98387993329628,3200.0,43.50806003335186,4145.7,824.5,837.3,836.7,827.1,191.0,193.4,195.7,198.0,4.53,75.5,3.258,4147.2,827.4,835.4,838.4,828.4,191.2,192.7,196.2,197.2,4.55,75.9,3.292,-5.8,0.891,0,nominal,0,0.0,194.95,701818.6
181.5,mission_cruise,72.98276820455808,3200.0,43.50861589772096,4148.3,826.2,835.6,839.2,829.9,191.6,193.0,196.1,197.8,4.6,75.8,3.363,4147.1,827.4,835.4,838.4,828.4,191.2,192.7,196.2,197.2,4.55,75.9,3.292,-5.8,0.891,0,nominal,0,0.0,194.95,701818.5
181.6,mission_cruise,72.9816564758199,3200.0,43.50917176209005,4154.4,828.1,833.6,838.1,827.2,191.4,192.3,196.2,197.6,4.55,76.1,3.274,4147.1,827.4,835.4,838.4,828.4,191.2,192.7,196.2,197.2,4.55,75.9,3.292,-5.8,0.891,0,nominal,0,0.0,194.95,701818.4
181.7,mission_cruise,72.98054474708171,3200.0,43.509727626459146,4149.2,828.3,837.1,840.9,829.1,192.0,193.3,195.4,197.4,4.55,76.6,3.329,4147.1,827.4,835.4,838.4,828.4,191.2,192.7,196.2,197.2,4.55,75.9,3.292,-5.8,0.891,0,nominal,0,0.0,194.95,701818.3
181.8,mission_cruise,72.97943301834353,3200.0,43.510283490828236,4143.7,825.7,835.1,839.4,828.7,191.5,193.0,196.6,198.3,4.56,76.1,3.324,4147.0,827.4,835.4,838.4,828.4,191.2,192.7,196.2,197.2,4.55,75.9,3.292,-5.8,0.891,0,nominal,0,0.0,194.95,701818.2
181.9,mission_cruise,72.97832128960533,3200.0,43.510839355197334,4146.1,825.3,837.3,841.9,827.3,191.7,192.9,196.9,195.8,4.56,76.2,3.314,4147.0,827.4,835.4,838.4,828.4,191.2,192.7,196.2,197.2,4.55,75.9,3.292,-5.8,0.891,0,nominal,0,0.0,194.95,701818.1
182.0,mission_cruise,72.97720956086715,3200.0,43.511395219566424,4147.9,830.4,835.7,838.1,828.1,191.3,192.7,196.2,196.7,4.54,76.8,3.282,4147.0,827.4,835.4,838.4,828.4,191.2,192.7,196.2,197.2,4.55,75.9,3.292,-5.8,0.891,0,nominal,0,0.0,194.95,701818.0
182.1,mission_cruise,72.97609783212896,3200.0,43.51195108393552,4142.3,829.6,835.1,836.8,826.6,189.8,192.3,196.0,196.6,4.58,76.2,3.307,4146.9,827.4,835.4,838.4,828.4,191.2,192.7,196.2,197.2,4.55,75.9,3.292,-5.8,0.891,0,nominal,0,0.0,194.95,701817.9
182.2,mission_cruise,72.97498610339078,3200.0,43.51250694830461,4146.1,828.7,837.6,837.0,829.9,191.1,191.4,195.8,196.6,4.53,75.2,3.303,4146.9,827.4,835.4,838.4,828.4,191.2,192.7,196.2,197.2,4.55,75.9,3.292,-5.8,0.891,0,nominal,0,0.0,194.95,701817.8
182.3,mission_cruise,72.97387437465258,3200.0,43.51306281267371,4146.0,824.8,835.9,838.9,828.3,191.1,193.3,196.4,197.4,4.57,75.9,3.307,4146.9,827.4,835.4,838.4,828.4,191.2,192.7,196.2,197.2,4.55,75.9,3.292,-5.8,0.891,0,nominal,0,0.0,194.95,701817.7
182.4,mission_cruise,72.9727626459144,3200.0,43.5136186770428,4152.8,824.2,835.1,837.2,828.5,191.3,193.4,196.8,198.5,4.5,75.5,3.287,4146.8,827.4,835.4,838.4,828.4,191.2,192.7,196.2,197.2,4.55,75.9,3.292,-5.8,0.891,0,nominal,0,0.0,194.95,701817.6
182.5,mission_cruise,72.9716509171762,3200.0,43.5141745414119,4141.4,825.6,834.6,838.3,828.8,190.9,192.0,196.6,197.1,4.54,75.8,3.281,4146.8,827.4,835.4,838.4,828.4,191.2,192.7,196.2,197.2,4.55,75.9,3.292,-5.8,0.891,0,nominal,0,0.0,194.95,701817.5
182.6,mission_cruise,72.97053918843802,3200.0,43.51473040578099,4142.7,827.6,835.2,839.2,827.3,190.9,192.0,195.5,197.3,4.58,75.9,3.254,4146.8,827.4,835.4,838.4,828.4,191.2,192.7,196.2,197.2,4.55,75.9,3.292,-5.8,0.891,0,nominal,0,0.0,194.95,701817.4
182.7,mission_cruise,72.96942745969983,3200.0,43.515286270150085,4151.8,829.8,834.9,839.3,826.5,191.7,192.4,194.8,197.3,4.57,76.4,3.269,4146.7,827.4,835.4,838.4,828.4,191.2,192.7,196.2,197.2,4.55,75.9,3.292,-5.8,0.891,0,nominal,0,0.0,194.95,701817.3
182.8,mission_cruise,72.96831573096165,3200.0,43.515842134519175,4148.5,826.3,833.3,839.4,829.1,191.4,192.3,196.2,196.6,4.49,75.1,3.266,4146.7,827.4,835.4,838.4,828.4,191.2,192.7,196.2,197.2,4.55,75.9,3.292,-5.8,0.891,0,nominal,0,0.0,194.95,701817.2
182.9,mission_cruise,72.96720400222345,3200.0,43.51639799888827,4145.7,828.3,836.2,838.9,828.0,192.2,192.9,195.3,197.6,4.59,76.0,3.296,4146.7,827.4,835.4,838.4,828.4,191.2,192.7,196.2,197.2,4.55,75.9,3.292,-5.8,0.891,0,nominal,0,0.0,194.95,701817.1
183.0,mission_cruise,72.96609227348527,3200.0,43.51695386325736,4150.8,828.0,836.1,838.6,829.0,189.9,192.6,195.8,197.9,4.58,76.0,3.279,4146.6,827.4,835.4,838.4,828.4,191.2,192.7,196.2,197.2,4.55,75.9,3.291,-5.8,0.891,0,nominal,0,0.0,194.95,701817.0
183.1,mission_cruise,72.96498054474708,3200.0,43.51750972762646,4156.0,827.7,834.5,840.1,829.7,190.7,192.6,195.9,197.1,4.54,75.7,3.306,4146.6,827.4,835.4,838.4,828.4,191.2,192.7,196.2,197.2,4.55,75.9,3.291,-5.8,0.891,0,nominal,0,0.0,194.95,701816.9
183.2,mission_cruise,72.9638688160089,3200.0,43.51806559199555,4144.7,830.0,834.6,838.1,829.2,191.8,192.2,196.3,197.5,4.54,75.3,3.252,4146.6,827.4,835.4,838.4,828.4,191.2,192.7,196.2,197.2,4.55,75.9,3.291,-5.8,0.891,0,nominal,0,0.0,194.95,701816.8
183.3,mission_cruise,72.9627570872707,3200.0,43.51862145636465,4148.4,828.3,833.0,838.7,826.4,191.3,193.3,196.5,197.4,4.57,76.3,3.332,4146.5,827.4,835.4,838.4,828.4,191.2,192.7,196.2,197.2,4.55,75.9,3.291,-5.8,0.891,0,nominal,0,0.0,194.95,701816.7
183.4,mission_cruise,72.96164535853252,3200.0,43.51917732073374,4146.2,828.0,836.2,838.7,826.8,190.9,192.0,196.0,197.8,4.54,75.8,3.286,4146.5,827.4,835.4,838.4,828.4,191.2,192.7,196.2,197.2,4.55,75.9,3.291,-5.8,0.891,0,nominal,0,0.0,194.95,701816.6
183.5,mission_cruise,72.96053362979433,3200.0,43.51973318510284,4148.4,828.2,836.9,837.5,827.8,190.7,192.8,196.5,197.9,4.56,75.4,3.321,4146.5,827.4,835.4,838.4,828.4,191.2,192.7,196.2,197.2,4.55,75.9,3.291,-5.8,0.891,0,nominal,0,0.0,194.95,701816.5
183.6,mission_cruise,72.95942190105615,3200.0,43.52028904947193,4151.1,828.9,834.1,839.0,824.9,191.8,192.3,195.7,196.4,4.54,75.8,3.262,4146.4,827.4,835.4,838.4,828.4,191.2,192.7,196.2,197.2,4.55,75.9,3.291,-5.8,0.891,0,nominal,0,0.0,194.95,701816.4
183.7,mission_cruise,72.95831017231795,3200.0,43.520844913841024,4141.0,827.9,835.7,838.1,831.5,190.5,193.1,196.7,197.4,4.52,75.9,3.291,4146.4,827.4,835.4,838.4,828.4,191.2,192.7,196.2,197.2,4.55,75.9,3.291,-5.8,0.891,0,nominal,0,0.0,194.95,701816.3
183.8,mission_cruise,72.95719844357977,3200.0,43.521400778210115,4141.1,826.5,835.3,838.8,827.3,191.0,193.2,195.5,197.3,4.57,76.6,3.287,4146.4,827.4,835.4,838.4,828.4,191.2,192.7,196.2,197.2,4.55,75.9,3.291,-5.8,0.891,0,nominal,0,0.0,194.95,701816.2
183.9,mission_cruise,72.95608671484158,3200.0,43.52195664257921,4147.2,827.5,834.4,837.5,830.0,190.8,192.9,195.6,198.8,4.56,75.2,3.286,4146.3,827.4,835.4,838.4,828.4,191.2,192.7,196.2,197.2,4.55,75.9,3.291,-5.8,0.891,0,nominal,0,0.0,194.95,701816.1
184.0,mission_cruise,72.9549749861034,3200.0,43.5225125069483,4152.4,825.8,835.0,838.6,826.6,190.7,192.5,196.5,195.9,4.56,75.7,3.311,4146.3,827.4,835.4,838.4,828.4,191.2,192.7,196.2,197.2,4.55,75.9,3.291,-5.8,0.891,0,nominal,0,0.0,194.95,701816.0
184.1,mission_cruise,72.9538632573652,3200.0,43.5230683713174,4149.3,826.7,833.3,838.9,826.4,190.4,192.6,195.7,197.4,4.56,76.4,3.282,4146.3,827.4,835.4,838.4,828.4,191.2,192.7,196.2,197.2,4.55,75.9,3.291,-5.8,0.891,0,nominal,0,0.0,194.95,701815.9
184.2,mission_cruise,72.95275152862702,3200.0,43.52362423568649,4150.8,828.0,837.6,836.8,829.7,191.5,192.2,195.6,196.8,4.55,75.5,3.239,4146.2,827.4,835.4,838.4,828.4,191.2,192.7,196.2,197.2,4.55,75.9,3.291,-5.8,0.891,0,nominal,0,0.0,194.95,701815.8
184.3,mission_cruise,72.95163979988882,3200.0,43.52418010005559,4144.4,825.8,834.1,838.6,830.2,191.5,192.5,196.6,197.4,4.59,75.1,3.262,4146.2,827.4,835.4,838.4,828.4,191.2,192.7,196.2,197.2,4.55,75.9,3.291,-5.8,0.891,0,nominal,0,0.0,194.95,701815.7
184.4,mission_cruise,72.95052807115064,3200.0,43.52473596442468,4143.5,825.9,837.2,839.6,827.9,191.1,192.7,196.8,197.5,4.52,75.2,3.332,4146.1,827.4,835.4,838.4,828.4,191.2,192.7,196.2,197.2,4.55,75.9,3.291,-5.8,0.891,0,nominal,0,0.0,194.95,701815.6
184.5,mission_cruise,72.94941634241245,3200.0,43.525291828793776,4152.6,827.9,835.1,838.7,828.0,190.2,192.7,195.0,197.5,4.56,75.3,3.289,4146.1,827.4,835.4,838.4,828.4,191.2,192.7,196.2,197.2,4.55,75.9,3.291,-5.8,0.891,0,nominal,0,0.0,194.95,701815.5
184.6,mission_cruise,72.94830461367427,3200.0,43.525847693162866,4141.5,827.1,836.5,836.9,830.0,191.8,192.6,196.4,196.2,4.56,76.4,3.235,4146.1,827.4,835.4,838.4,828.4,191.2,192.7,196.2,197.2,4.55,75.8,3.291,-5.8,0.891,0,nominal,0,0.0,194.95,701815.4
184.7,mission_cruise,72.94719288493607,3200.0,43.526403557531964,4135.8,827.6,836.6,838.0,828.5,190.5,194.1,195.6,196.4,4.56,76.0,3.283,4146.0,827.4,835.4,838.4,828.4,191.2,192.7,196.2,197.2,4.55,75.8,3.291,-5.8,0.891,0,nominal,0,0.0,194.95,701815.3
184.8,mission_cruise,72.94608115619789,3200.0,43.526959421901054,4143.9,830.0,835.8,838.9,828.9,191.1,192.0,197.1,197.3,4.56,76.0,3.311,4146.0,827.4,835.4,838.4,828.4,191.2,192.7,196.2,197.2,4.55,75.8,3.291,-5.8,0.891,0,nominal,0,0.0,194.95,701815.2
184.9,mission_cruise,72.9449694274597,3200.0,43.52751528627015,4137.6,827.2,833.4,836.1,827.2,191.1,192.0,196.2,196.5,4.52,75.8,3.289,4146.0,827.4,835.4,838.4,828.4,191.2,192.7,196.2,197.2,4.55,75.8,3.291,-5.8,0.891,0,nominal,0,0.0,194.95,701815.1
185.0,mission_cruise,72.94385769872152,3200.0,43.52807115063924,4150.3,825.7,835.7,840.3,829.7,190.6,193.4,196.5,197.8,4.55,76.1,3.341,4145.9,827.4,835.4,838.4,828.4,191.2,192.7,196.2,197.2,4.55,75.8,3.291,-5.8,0.891,0,nominal,0,0.0,194.95,701815.0
185.1,mission_cruise,72.94274596998332,3200.0,43.52862701500834,4141.2,826.5,836.5,839.6,826.9,191.3,192.3,196.9,197.5,4.6,77.2,3.348,4145.9,827.4,835.4,838.4,828.4,191.2,192.7,196.2,197.2,4.55,75.8,3.291,-5.8,0.891,0,nominal,0,0.0,194.95,701814.9
185.2,mission_cruise,72.94163424124514,3200.0,43.52918287937743,4144.9,828.9,837.3,837.9,828.3,190.9,192.8,195.5,196.6,4.52,75.6,3.267,4145.9,827.4,835.4,838.4,828.4,191.2,192.7,196.2,197.2,4.55,75.8,3.291,-5.8,0.891,0,nominal,0,0.0,194.95,701814.8
185.3,mission_cruise,72.94052251250694,3200.0,43.52973874374653,4151.0,823.9,834.8,838.5,825.6,190.7,191.8,195.3,197.2,4.59,75.8,3.316,4145.8,827.4,835.4,838.4,828.4,191.2,192.7,196.2,197.2,4.55,75.8,3.291,-5.8,0.891,0,nominal,0,0.0,194.95,701814.7
185.4,mission_cruise,72.93941078376876,3200.0,43.53029460811562,4143.9,825.2,836.6,839.6,829.5,191.1,192.8,195.7,197.9,4.57,76.1,3.256,4145.8,827.3,835.3,838.3,828.3,191.2,192.7,196.2,197.2,4.55,75.8,3.29,-5.8,0.891,0,nominal,0,0.0,194.95,701814.6
185.5,mission_cruise,72.93829905503057,3200.0,43.530850472484715,4149.3,828.4,833.8,837.8,828.5,190.8,192.3,196.3,198.0,4.55,74.9,3.323,4145.8,827.3,835.3,838.3,828.3,191.1,192.6,196.1,197.1,4.55,75.8,3.29,-5.8,0.891,0,nominal,0,0.0,194.95,701814.5
185.6,mission_cruise,72.93718732629239,3200.0,43.531406336853806,4145.3,825.5,835.7,837.6,827.7,190.4,193.3,196.6,197.9,4.55,75.8,3.282,4145.7,827.3,835.3,838.3,828.3,191.1,192.6,196.1,197.1,4.55,75.8,3.29,-5.8,0.891,0,nominal,0,0.0,194.95,701814.4
185.7,mission_cruise,72.9360755975542,3200.0,43.5319622012229,4139.3,824.7,836.6,839.1,829.5,191.6,193.2,195.9,196.4,4.58,76.3,3.217,4145.7,827.3,835.3,838.3,828.3,191.1,192.6,196.1,197.1,4.55,75.8,3.29,-5.8,0.891,0,nominal,0,0.0,194.95,701814.3
185.8,mission_cruise,72.93496386881601,3200.0,43.532518065591994,4145.5,828.5,835.0,836.6,828.1,191.0,192.9,196.8,197.9,4.51,75.5,3.28,4145.7,827.3,835.3,838.3,828.3,191.1,192.6,196.1,197.1,4.55,75.8,3.29,-5.8,0.891,0,nominal,0,0.0,194.95,701814.2
185.9,mission_cruise,72.93385214007782,3200.0,43.53307392996109,4144.3,825.3,837.2,838.9,827.8,190.1,193.7,196.8,197.4,4.53,76.0,3.292,4145.6,827.3,835.3,838.3,828.3,191.1,192.6,196.1,197.1,4.55,75.8,3.29,-5.8,0.891,0,nominal,0,0.0,194.95,701814.1
186.0,mission_cruise,72.93274041133964,3200.0,43.53362979433018,4144.4,825.5,835.2,837.6,826.9,191.4,193.1,196.1,197.2,4.56,75.7,3.281,4145.6,827.3,835.3,838.3,828.3,191.1,192.6,196.1,197.1,4.55,75.8,3.29,-5.8,0.891,0,nominal,0,0.0,194.95,701814.0
186.1,mission_cruise,72.93162868260144,3200.0,43.53418565869928,4129.3,826.3,832.6,838.6,828.4,189.8,192.6,195.7,197.1,4.56,76.4,3.249,4145.6,827.3,835.3,838.3,828.3,191.1,192.6,196.1,197.1,4.55,75.8,3.29,-5.8,0.891,0,nominal,0,0.0,194.95,701813.9
186.2,mission_cruise,72.93051695386326,3200.0,43.53474152306837,4140.6,827.4,833.6,841.0,826.2,190.0,193.1,196.3,197.3,4.56,76.0,3.268,4145.5,827.3,835.3,838.3,828.3,191.1,192.6,196.1,197.1,4.55,75.8,3.29,-5.8,0.891,0,nominal,0,0.0,194.95,701813.8
186.3,mission_cruise,72.92940522512507,3200.0,43.53529738743747,4143.9,828.3,837.1,836.2,829.5,191.7,193.2,196.5,197.0,4.57,75.3,3.335,4145.5,827.3,835.3,838.3,828.3,191.1,192.6,196.1,197.1,4.55,75.8,3.29,-5.8,0.891,0,nominal,0,0.0,194.95,701813.7
186.4,mission_cruise,72.92829349638689,3200.0,43.53585325180656,4147.5,828.3,837.3,837.9,828.5,191.3,192.5,195.9,197.0,4.58,76.0,3.295,4145.5,827.3,835.3,838.3,828.3,191.1,192.6,196.1,197.1,4.55,75.8,3.29,-5.8,0.891,0,nominal,0,0.0,194.95,701813.6
186.5,mission_cruise,72.92718176764869,3200.0,43.536409116175655,4142.5,826.5,837.7,838.5,830.1,190.6,192.7,196.7,196.8,4.56,75.6,3.273,4145.4,827.3,835.3,838.3,828.3,191.1,192.6,196.1,197.1,4.55,75.8,3.29,-5.8,0.891,0,nominal,0,0.0,194.95,701813.5
186.6,mission_cruise,72.92607003891051,3200.0,43.536964980544745,4147.8,828.5,836.9,837.8,827.5,191.1,191.9,196.0,197.3,4.54,75.3,3.315,4145.4,827.3,835.3,838.3,828.3,191.1,192.6,196.1,197.1,4.55,75.8,3.29,-5.8,0.891,0,nominal,0,0.0,194.95,701813.4
186.7,mission_cruise,72.92495831017231,3200.0,43.53752084491384,4141.9,827.2,831.8,837.5,828.3,190.3,192.5,196.7,196.9,4.61,75.7,3.288,4145.4,827.3,835.3,838.3,828.3,191.1,192.6,196.1,197.1,4.55,75.8,3.29,-5.8,0.891,0,nominal,0,0.0,194.95,701813.3
186.8,mission_cruise,72.92384658143413,3200.0,43.53807670928293,4139.2,826.1,831.7,840.5,830.1,190.5,193.2,196.8,196.6,4.56,76.2,3.288,4145.3,827.3,835.3,838.3,828.3,191.1,192.6,196.1,197.1,4.55,75.8,3.29,-5.8,0.891,0,nominal,0,0.0,194.95,701813.2
186.9,mission_cruise,72.92273485269594,3200.0,43.53863257365203,4138.1,828.3,836.6,839.7,828.6,191.2,192.7,195.7,197.5,4.54,75.6,3.302,4145.3,827.3,835.3,838.3,828.3,191.1,192.6,196.1,197.1,4.55,75.8,3.29,-5.8,0.891,0,nominal,0,0.0,194.95,701813.1
187.0,mission_cruise,72.92162312395776,3200.0,43.53918843802112,4141.1,827.0,833.7,837.5,828.1,191.3,193.6,197.1,196.8,4.59,76.4,3.354,4145.3,827.3,835.3,838.3,828.3,191.1,192.6,196.1,197.1,4.55,75.8,3.29,-5.8,0.891,0,nominal,0,0.0,194.95,701813.0
187.1,mission_cruise,72.92051139521956,3200.0,43.53974430239022,4142.2,826.5,837.4,840.5,826.9,190.5,192.4,196.6,197.6,4.58,75.9,3.293,4145.2,827.3,835.3,838.3,828.3,191.1,192.6,196.1,197.1,4.55,75.8,3.29,-5.8,0.891,0,nominal,0,0.0,194.95,701812.9
187.2,mission_cruise,72.91939966648138,3200.0,43.54030016675931,4149.2,826.3,837.2,840.7,827.5,191.6,192.8,196.7,197.0,4.55,75.9,3.283,4145.2,827.3,835.3,838.3,828.3,191.1,192.6,196.1,197.1,4.55,75.8,3.29,-5.8,0.891,0,nominal,0,0.0,194.95,701812.8
187.3,mission_cruise,72.91828793774319,3200.0,43.540856031128406,4141.9,825.5,837.9,834.1,828.3,190.8,191.8,195.9,197.8,4.55,76.7,3.315,4145.2,827.3,835.3,838.3,828.3,191.1,192.6,196.1,197.1,4.55,75.8,3.29,-5.8,0.891,0,nominal,0,0.0,194.95,701812.7
187.4,mission_cruise,72.917176209005,3200.0,43.5414118954975,4133.7,826.7,837.6,838.6,828.1,190.0,192.7,196.2,197.2,4.55,75.7,3.322,4145.1,827.3,835.3,838.3,828.3,191.1,192.6,196.1,197.1,4.55,75.8,3.29,-5.8,0.891,0,nominal,0,0.0,194.95,701812.6
187.5,mission_cruise,72.91606448026681,3200.0,43.541967759866594,4157.6,827.6,836.0,839.9,830.2,191.7,193.0,195.4,196.5,4.56,76.3,3.255,4145.1,827.3,835.3,838.3,828.3,191.1,192.6,196.1,197.1,4.55,75.8,3.29,-5.8,0.891,0,nominal,0,0.0,194.95,701812.5
187.6,mission_cruise,72.91495275152863,3200.0,43.542523624235685,4144.3,828.0,832.5,837.2,827.6,191.3,192.6,196.4,196.9,4.56,75.8,3.3,4145.1,827.3,835.3,838.3,828.3,191.1,192.6,196.1,197.1,4.55,75.8,3.29,-5.8,0.891,0,nominal,0,0.0,194.95,701812.4
187.7,mission_cruise,72.91384102279044,3200.0,43.54307948860478,4141.3,826.3,834.8,841.5,826.1,189.8,192.2,195.3,196.5,4.57,76.0,3.331,4145.0,827.3,835.3,838.3,828.3,191.1,192.6,196.1,197.1,4.55,75.8,3.29,-5.8,0.891,0,nominal,0,0.0,194.95,701812.3
187.8,mission_cruise,72.91272929405226,3200.0,43.54363535297387,4149.8,825.2,835.8,837.0,828.1,191.9,193.4,196.0,197.0,4.55,75.6,3.248,4145.0,827.3,835.3,838.3,828.3,191.1,192.6,196.1,197.1,4.55,75.8,3.289,-5.8,0.891,0,nominal,0,0.0,194.95,701812.2
187.9,mission_cruise,72.91161756531406,3200.0,43.54419121734297,4138.6,824.1,837.4,840.6,825.6,189.9,192.7,195.7,196.9,4.55,75.6,3.286,4145.0,827.3,835.3,838.3,828.3,191.1,192.6,196.1,197.1,4.55,75.8,3.289,-5.8,0.891,0,nominal,0,0.0,194.95,701812.1
188.0,mission_cruise,72.91050583657588,3200.0,43.54474708171206,4143.1,827.8,834.4,838.9,828.7,192.1,191.9,195.4,196.7,4.5,75.6,3.255,4144.9,827.3,835.3,838.3,828.3,191.1,192.6,196.1,197.1,4.55,75.8,3.289,-5.8,0.891,0,nominal,0,0.0,194.95,701812.0
188.1,mission_cruise,72.90939410783768,3200.0,43.54530294608116,4153.9,827.7,835.4,837.8,829.5,191.2,192.1,196.5,197.8,4.55,76.0,3.271,4144.9,827.3,835.3,838.3,828.3,191.1,192.6,196.1,197.1,4.55,75.8,3.289,-5.8,0.891,0,nominal,0,0.0,194.95,701811.9
188.2,mission_cruise,72.9082823790995,3200.0,43.54585881045025,4152.3,826.3,835.0,837.2,829.8,191.7,192.9,196.0,197.2,4.51,76.1,3.34,4144.9,827.3,835.3,838.3,828.3,191.1,192.6,196.1,197.1,4.55,75.8,3.289,-5.8,0.891,0,nominal,0,0.0,194.95,701811.8
188.3,mission_cruise,72.90717065036131,3200.0,43.546414674819346,4139.8,827.4,833.2,838.2,827.6,192.9,192.5,196.2,196.4,4.53,75.6,3.347,4144.8,827.3,835.3,838.3,828.3,191.1,192.6,196.1,197.1,4.55,75.8,3.289,-5.8,0.891,0,nominal,0,0.0,194.95,701811.7
188.4,mission_cruise,72.90605892162313,3200.0,43.546970539188436,4132.9,826.7,834.0,836.2,828.5,190.8,192.9,196.1,197.8,4.53,76.7,3.294,4144.8,827.3,835.3,838.3,828.3,191.1,192.6,196.1,197.1,4.55,75.8,3.289,-5.8,0.891,0,nominal,0,0.0,194.95,701811.6
188.5,mission_cruise,72.90494719288493,3200.0,43.547526403557534,4152.3,826.9,835.6,838.8,827.8,191.8,192.9,196.1,196.0,4.54,75.3,3.338,4144.7,827.3,835.3,838.3,828.3,191.1,192.6,196.1,197.1,4.55,75.8,3.289,-5.8,0.891,0,nominal,0,0.0,194.95,701811.5
188.6,mission_cruise,72.90383546414675,3200.0,43.548082267926624,4141.5,827.1,834.1,837.1,829.0,190.7,193.0,195.7,196.2,4.57,76.0,3.299,4144.7,827.3,835.3,838.3,828.3,191.1,192.6,196.1,197.1,4.55,75.8,3.289,-5.8,0.891,0,nominal,0,0.0,194.95,701811.4
188.7,mission_cruise,72.90272373540856,3200.0,43.54863813229572,4146.6,825.6,835.5,835.9,828.8,190.5,193.8,196.6,196.6,4.51,76.0,3.299,4144.7,827.3,835.3,838.3,828.3,191.1,192.6,196.1,197.1,4.55,75.8,3.289,-5.8,0.891,0,nominal,0,0.0,194.95,701811.3
188.8,mission_cruise,72.90161200667038,3200.0,43.54919399666481,4143.0,825.2,835.3,839.3,829.2,191.1,191.7,195.2,196.0,4.54,76.3,3.292,4144.6,827.3,835.3,838.3,828.3,191.1,192.6,196.1,197.1,4.55,75.8,3.289,-5.8,0.891,0,nominal,0,0.0,194.95,701811.2
188.9,mission_cruise,72.90050027793218,3200.0,43.54974986103391,4146.5,827.7,835.8,836.2,827.3,191.7,192.0,195.6,196.1,4.56,75.6,3.297,4144.6,827.3,835.3,838.3,828.3,191.1,192.6,196.1,197.1,4.55,75.8,3.289,-5.8,0.891,0,nominal,0,0.0,194.95,701811.1
189.0,mission_cruise,72.899388549194,3200.0,43.550305725403,4138.5,828.1,832.1,837.3,827.9,192.1,192.6,197.4,196.6,4.57,76.7,3.323,4144.6,827.3,835.3,838.3,828.3,191.1,192.6,196.1,197.1,4.55,75.8,3.289,-5.8,0.891,0,nominal,0,0.0,194.95,701811.0
189.1,mission_cruise,72.8982768204558,3200.0,43.5508615897721,4134.1,827.0,838.6,836.7,827.3,191.3,192.1,196.0,197.6,4.57,75.8,3.291,4144.5,827.3,835.3,838.3,828.3,191.1,192.6,196.1,197.1,4.55,75.8,3.289,-5.8,0.891,0,nominal,0,0.0,194.95,701810.9
189.2,mission_cruise,72.89716509171762,3200.0,43.55141745414119,4139.7,828.1,837.4,837.6,829.4,190.8,193.1,195.9,197.6,4.53,76.3,3.287,4144.5,827.3,835.3,838.3,828.3,191.1,192.6,196.1,197.1,4.55,75.8,3.289,-5.8,0.891,0,nominal,0,0.0,194.95,701810.8
189.3,mission_cruise,72.89605336297943,3200.0,43.551973318510285,4133.9,827.7,835.2,837.6,828.3,191.5,192.4,194.3,196.7,4.53,75.4,3.319,4144.5,827.3,835.3,838.3,828.3,191.1,192.6,196.1,197.1,4.55,75.8,3.289,-5.8,0.891,0,nominal,0,0.0,194.95,701810.7
189.4,mission_cruise,72.89494163424125,3200.0,43.552529182879375,4143.5,828.8,832.4,837.5,828.1,190.2,192.5,196.5,197.7,4.54,75.0,3.252,4144.4,827.3,835.3,838.3,828.3,191.1,192.6,196.1,197.1,4.55,75.8,3.289,-5.8,0.891,0,nominal,0,0.0,194.95,701810.6
189.5,mission_cruise,72.89382990550305,3200.0,43.55308504724847,4143.7,829.6,834.1,839.4,828.6,191.7,192.9,196.7,197.5,4.5,75.1,3.269,4144.4,827.3,835.3,838.3,828.3,191.1,192.6,196.1,197.1,4.55,75.8,3.289,-5.8,0.891,0,nominal,0,0.0,194.95,701810.5
189.6,mission_cruise,72.89271817676487,3200.0,43.55364091161756,4155.8,827.7,833.8,839.6,829.2,191.2,193.1,195.9,197.2,4.57,75.7,3.257,4144.4,827.3,835.3,838.3,828.3,191.1,192.6,196.1,197.1,4.55,75.8,3.289,-5.8,0.891,0,nominal,0,0.0,194.95,701810.4
189.7,mission_cruise,72.89160644802668,3200.0,43.55419677598666,4147.5,827.0,832.2,837.6,829.5,191.5,192.7,196.7,197.5,4.58,75.3,3.349,4144.3,827.3,835.3,838.3,828.3,191.1,192.6,196.1,197.1,4.55,75.8,3.289,-5.8,0.891,0,nominal,0,0.0,194.95,701810.3
189.8,mission_cruise,72.8904947192885,3200.0,43.55475264035575,4147.8,827.0,834.0,836.4,828.1,190.6,193.4,195.3,196.7,4.57,75.2,3.308,4144.3,827.3,835.3,838.3,828.3,191.1,192.6,196.1,197.1,4.55,75.8,3.289,-5.8,0.891,0,nominal,0,0.0,194.95,701810.2
189.9,mission_cruise,72.8893829905503,3200.0,43.55530850472485,4141.4,828.1,834.5,838.6,828.7,191.0,193.7,195.3,197.3,4.54,76.1,3.261,4144.3,827.3,835.3,838.3,828.3,191.1,192.6,196.1,197.1,4.55,75.8,3.289,-5.8,0.891,0,nominal,0,0.0,194.95,701810.1
190.0,mission_cruise,72.88827126181212,3200.0,43.55586436909394,4142.8,825.8,832.2,837.4,827.7,191.5,192.1,196.1,196.7,4.57,75.9,3.328,4144.2,827.3,835.3,838.3,828.3,191.1,192.6,196.1,197.1,4.55,75.8,3.289,-5.8,0.891,0,nominal,0,0.0,194.95,701810.0
190.1,mission_cruise,72.88715953307393,3200.0,43.55642023346304,4142.1,830.0,834.9,839.9,827.4,190.7,192.3,198.0,197.1,4.56,75.7,3.307,4144.2,827.3,835.3,838.3,828.3,191.1,192.6,196.1,197.1,4.55,75.8,3.289,-5.8,0.891,0,nominal,0,0.0,194.95,701809.9
190.2,mission_cruise,72.88604780433575,3200.0,43.55697609783213,4142.1,830.0,834.8,837.7,826.5,191.2,192.8,195.9,196.7,4.56,76.0,3.306,4144.2,827.3,835.3,838.3,828.3,191.1,192.6,196.1,197.1,4.55,75.8,3.289,-5.8,0.891,0,nominal,0,0.0,194.95,701809.8
190.3,mission_cruise,72.88493607559755,3200.0,43.557531962201224,4145.5,826.5,833.0,838.1,830.9,191.1,192.3,195.8,196.9,4.57,76.9,3.309,4144.1,827.3,835.3,838.3,828.3,191.1,192.6,196.1,197.1,4.55,75.8,3.288,-5.8,0.891,0,nominal,0,0.0,194.95,701809.7
190.4,mission_cruise,72.88382434685937,3200.0,43.558087826570315,4134.5,824.5,835.9,838.2,830.9,191.9,193.3,196.6,196.9,4.56,75.9,3.265,4144.1,827.3,835.3,838.3,828.3,191.1,192.6,196.1,197.1,4.55,75.8,3.288,-5.8,0.891,0,nominal,0,0.0,194.95,701809.6
190.5,mission_cruise,72.88271261812118,3200.0,43.55864369093941,4146.8,827.9,829.8,835.9,827.9,191.0,192.4,196.0,197.3,4.54,75.6,3.302,4144.1,827.3,835.3,838.3,828.3,191.1,192.6,196.1,197.1,4.55,75.8,3.288,-5.8,0.891,0,nominal,0,0.0,194.95,701809.5
190.6,mission_cruise,72.881600889383,3200.0,43.5591995553085,4139.0,826.0,834.4,840.2,828.4,192.1,191.5,195.8,197.7,4.52,76.1,3.285,4144.0,827.2,835.2,838.2,828.2,191.1,192.6,196.1,197.1,4.55,75.8,3.288,-5.8,0.891,0,nominal,0,0.0,194.95,701809.4
190.7,mission_cruise,72.8804891606448,3200.0,43.5597554196776,4133.5,825.6,834.9,837.0,829.0,191.3,192.6,196.0,197.7,4.54,75.2,3.274,4144.0,827.2,835.2,838.2,828.2,191.1,192.6,196.1,197.1,4.55,75.8,3.288,-5.8,0.891,0,nominal,0,0.0,194.95,701809.3
190.8,mission_cruise,72.87937743190662,3200.0,43.56031128404669,4148.7,825.9,833.8,838.6,827.9,190.8,192.0,195.4,197.5,4.56,76.4,3.304,4144.0,827.2,835.2,838.2,828.2,191.1,192.6,196.1,197.1,4.55,75.8,3.288,-5.8,0.891,0,nominal,0,0.0,194.95,701809.2
190.9,mission_cruise,72.87826570316842,3200.0,43.56086714841579,4140.1,826.9,835.5,839.0,829.7,191.6,192.5,195.3,197.5,4.59,75.4,3.312,4143.9,827.2,835.2,838.2,828.2,191.1,192.6,196.1,197.1,4.55,75.8,3.288,-5.8,0.891,0,nominal,0,0.0,194.95,701809.1
191.0,mission_cruise,72.87715397443024,3200.0,43.56142301278488,4149.7,825.5,837.5,838.4,826.9,191.8,192.5,195.6,198.0,4.55,76.4,3.242,4143.9,827.2,835.2,838.2,828.2,191.1,192.6,196.1,197.1,4.55,75.8,3.288,-5.8,0.891,0,nominal,0,0.0,194.95,701809.0
191.1,mission_cruise,72.87604224569205,3200.0,43.561978877153976,4148.8,827.6,835.3,838.5,826.0,190.4,192.7,196.1,196.2,4.54,76.1,3.293,4143.9,827.2,835.2,838.2,828.2,191.1,192.6,196.1,197.1,4.55,75.8,3.288,-5.8,0.891,0,nominal,0,0.0,194.95,701808.9
191.2,mission_cruise,72.87493051695387,3200.0,43.562534741523066,4143.1,827.5,834.4,838.6,828.7,190.6,193.2,195.8,197.8,4.59,75.9,3.23,4143.8,827.2,835.2,838.2,828.2,191.1,192.6,196.1,197.1,4.55,75.8,3.288,-5.8,0.891,0,nominal,0,0.0,194.95,701808.8
191.3,mission_cruise,72.87381878821567,3200.0,43.563090605892164,4144.4,828.0,836.7,837.7,825.8,191.8,192.4,197.1,195.6,4.56,76.5,3.242,4143.8,827.2,835.2,838.2,828.2,191.1,192.6,196.1,197.1,4.55,75.8,3.288,-5.8,0.891,0,nominal,0,0.0,194.95,701808.7
191.4,mission_cruise,72.87270705947749,3200.0,43.563646470261254,4143.5,827.7,834.0,838.6,829.8,191.7,192.3,195.6,196.4,4.53,75.1,3.302,4143.8,827.2,835.2,838.2,828.2,191.1,192.6,196.1,197.1,4.55,75.8,3.288,-5.8,0.891,0,nominal,0,0.0,194.95,701808.6
191.5,mission_cruise,72.8715953307393,3200.0,43.56420233463035,4144.8,825.8,834.9,840.4,827.1,190.4,193.2,196.6,196.4,4.53,76.1,3.27,4143.7,827.2,835.2,838.2,828.2,191.1,192.6,196.1,197.1,4.55,75.8,3.288,-5.8,0.891,0,nominal,0,0.0,194.95,701808.5
191.6,mission_cruise,72.87048360200112,3200.0,43.56475819899944,4141.1,830.0,837.4,840.1,828.4,190.9,192.4,196.4,197.7,4.55,76.3,3.301,4143.7,827.2,835.2,838.2,828.2,191.1,192.6,196.1,197.1,4.55,75.8,3.288,-5.8,0.891,0,nominal,0,0.0,194.95,701808.4
191.7,mission_cruise,72.86937187326292,3200.0,43.56531406336854,4131.2,829.0,833.3,840.3,829.2,191.2,192.8,195.8,196.8,4.56,75.4,3.273,4143.7,827.2,835.2,838.2,828.2,191.1,192.6,196.1,197.1,4.55,75.8,3.288,-5.8,0.891,0,nominal,0,0.0,194.95,701808.3
191.8,mission_cruise,72.86826014452474,3200.0,43.56586992773763,4140.7,823.4,833.8,838.5,826.2,190.0,192.8,196.1,196.4,4.53,75.8,3.275,4143.6,827.2,835.2,838.2,828.2,191.1,192.6,196.1,197.1,4.55,75.8,3.288,-5.8,0.891,0,nominal,0,0.0,194.95,701808.2
191.9,mission_cruise,72.86714841578655,3200.0,43.56642579210673,4144.8,825.2,833.9,838.1,827.8,191.1,192.2,195.5,197.6,4.57,76.0,3.295,4143.6,827.2,835.2,838.2,828.2,191.1,192.6,196.1,197.1,4.55,75.8,3.288,-5.8,0.891,0,nominal,0,0.0,194.95,701808.1
192.0,mission_cruise,72.86603668704836,3200.0,43.56698165647582,4141.3,827.1,837.1,839.2,828.4,190.4,193.4,196.8,197.6,4.56,75.9,3.264,4143.6,827.2,835.2,838.2,828.2,191.1,192.6,196.1,197.1,4.55,75.8,3.288,-5.8,0.891,0,nominal,0,0.0,194.95,701808.0
192.1,mission_cruise,72.86492495831017,3200.0,43.567537520844915,4147.1,825.4,836.2,837.0,828.6,191.8,192.4,196.7,197.4,4.56,75.6,3.274,4143.5,827.2,835.2,838.2,828.2,191.1,192.6,196.1,197.1,4.55,75.8,3.288,-5.8,0.891,0,nominal,0,0.0,194.95,701807.9
192.2,mission_cruise,72.86381322957199,3200.0,43.568093385214006,4143.1,826.8,834.8,836.1,828.3,191.2,192.7,196.2,195.9,4.54,76.0,3.269,4143.5,827.2,835.2,838.2,828.2,191.1,192.6,196.1,197.1,4.55,75.8,3.288,-5.8,0.891,0,nominal,0,0.0,194.95,701807.8
192.3,mission_cruise,72.8627015008338,3200.0,43.5686492495831,4142.6,826.9,833.9,834.2,825.7,191.8,191.8,195.9,196.7,4.55,75.7,3.273,4143.5,827.2,835.2,838.2,828.2,191.1,192.6,196.1,197.1,4.55,75.8,3.288,-5.8,0.891,0,nominal,0,0.0,194.95,701807.7
192.4,mission_cruise,72.86158977209561,3200.0,43.569205113952194,4150.3,825.4,835.9,841.0,826.4,191.4,193.0,196.3,197.6,4.53,76.8,3.266,4143.4,827.2,835.2,838.2,828.2,191.1,192.6,196.1,197.1,4.55,75.8,3.288,-5.8,0.891,0,nominal,0,0.0,194.95,701807.6
192.5,mission_cruise,72.86047804335742,3200.0,43.56976097832129,4140.6,823.8,835.9,838.5,828.9,192.7,192.8,196.0,197.8,4.57,76.4,3.318,4143.4,827.2,835.2,838.2,828.2,191.1,192.6,196.1,197.1,4.55,75.8,3.288,-5.8,0.891,0,nominal,0,0.0,194.95,701807.5
192.6,mission_cruise,72.85936631461924,3200.0,43.57031684269038,4150.3,828.5,834.5,835.9,827.7,191.2,192.1,195.9,196.4,4.52,75.6,3.242,4143.4,827.2,835.2,838.2,828.2,191.1,192.6,196.1,197.1,4.55,75.8,3.288,-5.8,0.891,0,nominal,0,0.0,194.95,701807.4
192.7,mission_cruise,72.85825458588104,3200.0,43.57087270705948,4145.3,827.0,836.3,837.5,829.0,190.0,192.9,196.1,197.6,4.53,75.9,3.315,4143.3,827.2,835.2,838.2,828.2,191.1,192.6,196.1,197.1,4.55,75.8,3.287,-5.8,0.891,0,nominal,0,0.0,194.95,701807.3
192.8,mission_cruise,72.85714285714286,3200.0,43.57142857142857,4147.0,826.7,837.2,839.7,826.0,191.7,192.6,196.3,197.8,4.56,75.6,3.319,4143.3,827.2,835.2,838.2,828.2,191.1,192.6,196.1,197.1,4.55,75.8,3.287,-5.8,0.891,0,nominal,0,0.0,194.95,701807.2
192.9,mission_cruise,72.85603112840467,3200.0,43.57198443579767,4144.8,825.7,836.2,839.5,827.9,190.7,192.3,196.0,197.1,4.53,75.8,3.27,4143.2,827.2,835.2,838.2,828.2,191.1,192.6,196.1,197.1,4.55,75.8,3.287,-5.8,0.891,0,nominal,0,0.0,194.95,701807.1
193.0,mission_cruise,72.85491939966649,3200.0,43.57254030016676,4143.6,828.1,837.0,834.7,826.2,190.3,192.1,195.6,197.5,4.54,76.2,3.277,4143.2,827.2,835.2,838.2,828.2,191.1,192.6,196.1,197.1,4.55,75.8,3.287,-5.8,0.891,0,nominal,0,0.0,194.95,701807.0
193.1,mission_cruise,72.85380767092829,3200.0,43.573096164535855,4150.2,827.1,834.9,839.6,829.3,190.6,192.6,196.4,197.2,4.53,75.7,3.251,4143.2,827.2,835.2,838.2,828.2,191.1,192.6,196.1,197.1,4.55,75.8,3.287,-5.8,0.891,0,nominal,0,0.0,194.95,701806.9
193.2,mission_cruise,72.85269594219011,3200.0,43.573652028904945,4145.2,824.2,835.6,840.3,829.3,191.4,192.5,196.7,197.3,4.59,75.5,3.288,4143.1,827.2,835.2,838.2,828.2,191.1,192.6,196.1,197.1,4.55,75.8,3.287,-5.8,0.891,0,nominal,0,0.0,194.95,701806.8
193.3,mission_cruise,72.85158421345191,3200.0,43.57420789327404,4138.8,826.7,835.5,839.0,827.6,190.6,192.6,196.5,197.3,4.56,75.8,3.259,4143.1,827.2,835.2,838.2,828.2,191.1,192.6,196.1,197.1,4.55,75.8,3.287,-5.8,0.891,0,nominal,0,0.0,194.95,701806.7
193.4,mission_cruise,72.85047248471373,3200.0,43.57476375764313,4155.8,828.1,836.0,838.0,826.2,191.1,192.8,197.2,197.4,4.58,75.3,3.303,4143.1,827.2,835.2,838.2,828.2,191.1,192.6,196.1,197.1,4.55,75.8,3.287,-5.8,0.891,0,nominal,0,0.0,194.95,701806.6
193.5,mission_cruise,72.84936075597554,3200.0,43.57531962201223,4137.1,829.3,837.2,835.1,829.4,191.6,192.8,195.3,197.4,4.58,75.7,3.254,4143.0,827.2,835.2,838.2,828.2,191.1,192.6,196.1,197.1,4.55,75.8,3.287,-5.8,0.891,0,nominal,0,0.0,194.95,701806.5
193.6,mission_cruise,72.84824902723736,3200.0,43.57587548638132,4131.8,826.4,835.9,839.2,830.0,190.5,192.9,196.7,196.7,4.56,75.3,3.264,4143.0,827.2,835.2,838.2,828.2,191.1,192.6,196.1,197.1,4.55,75.8,3.287,-5.8,0.891,0,nominal,0,0.0,194.95,701806.4
193.7,mission_cruise,72.84713729849916,3200.0,43.57643135075042,4139.4,826.2,834.8,836.7,828.4,189.8,192.3,194.7,196.4,4.56,74.6,3.278,4143.0,827.2,835.2,838.2,828.2,191.1,192.6,196.1,197.1,4.55,75.8,3.287,-5.8,0.891,0,nominal,0,0.0,194.95,701806.3
193.8,mission_cruise,72.84602556976098,3200.0,43.57698721511951,4139.3,825.8,835.3,837.9,825.9,190.6,193.8,196.3,197.5,4.55,75.0,3.295,4142.9,827.2,835.2,838.2,828.2,191.1,192.6,196.1,197.1,4.55,75.8,3.287,-5.8,0.891,0,nominal,0,0.0,194.95,701806.2
193.9,mission_cruise,72.84491384102279,3200.0,43.577543079488606,4150.7,827.5,837.4,836.4,829.1,191.4,192.5,195.9,196.5,4.55,75.9,3.308,4142.9,827.2,835.2,838.2,828.2,191.1,192.6,196.1,197.1,4.55,75.8,3.287,-5.8,0.891,0,nominal,0,0.0,194.95,701806.1
194.0,mission_cruise,72.8438021122846,3200.0,43.5780989438577,4140.1,826.3,833.1,837.3,827.7,191.4,193.3,196.4,198.7,4.57,75.8,3.29,4142.9,827.2,835.2,838.2,828.2,191.1,192.6,196.1,197.1,4.55,75.8,3.287,-5.8,0.891,0,nominal,0,0.0,194.95,701806.0
194.1,mission_cruise,72.84269038354641,3200.0,43.578654808226794,4136.0,826.6,832.0,838.4,830.0,190.6,192.5,195.9,195.9,4.57,75.8,3.265,4142.8,827.2,835.2,838.2,828.2,191.1,192.6,196.1,197.1,4.55,75.8,3.287,-5.8,0.891,0,nominal,0,0.0,194.95,701805.9
194.2,mission_cruise,72.84157865480823,3200.0,43.579210672595885,4133.8,827.2,834.4,835.6,828.8,190.5,192.9,196.6,197.8,4.56,75.3,3.275,4142.8,827.2,835.2,838.2,828.2,191.1,192.6,196.1,197.1,4.55,75.8,3.287,-5.8,0.891,0,nominal,0,0.0,194.95,701805.8
194.3,mission_cruise,72.84046692607004,3200.0,43.57976653696498,4140.6,825.6,835.3,838.6,826.9,191.6,192.3,196.8,197.4,4.49,75.7,3.281,4142.8,827.2,835.2,838.2,828.2,191.1,192.6,196.1,197.1,4.55,75.8,3.287,-5.8,0.891,0,nominal,0,0.0,194.95,701805.7
194.4,mission_cruise,72.83935519733186,3200.0,43.58032240133407,4140.4,826.5,834.3,835.9,830.0,190.7,192.5,195.0,197.1,4.55,75.9,3.274,4142.7,827.2,835.2,838.2,828.2,191.1,192.6,196.1,197.1,4.55,75.8,3.287,-5.8,0.891,0,nominal,0,0.0,194.95,701805.6
194.5,mission_cruise,72.83824346859366,3200.0,43.58087826570317,4145.9,824.7,835.8,837.9,828.2,191.4,193.8,195.8,197.7,4.52,76.4,3.293,4142.7,827.2,835.2,838.2,828.2,191.1,192.6,196.1,197.1,4.55,75.8,3.287,-5.8,0.891,0,nominal,0,0.0,194.95,701805.5
194.6,mission_cruise,72.83713173985548,3200.0,43.58143413007226,4145.3,827.2,836.7,837.5,827.2,191.9,193.3,196.4,197.3,4.55,75.8,3.348,4142.7,827.2,835.2,838.2,828.2,191.1,192.6,196.1,197.1,4.55,75.8,3.287,-5.8,0.891,0,nominal,0,0.0,194.95,701805.4
194.7,mission_cruise,72.83602001111728,3200.0,43.58198999444136,4146.0,830.8,836.1,836.3,830.0,191.5,191.3,196.2,197.4,4.54,75.8,3.278,4142.6,827.2,835.2,838.2,828.2,191.1,192.6,196.1,197.1,4.55,75.8,3.287,-5.8,0.891,0,nominal,0,0.0,194.95,701805.3
194.8,mission_cruise,72.8349082823791,3200.0,43.58254585881045,4137.2,828.5,833.5,834.5,828.2,191.8,194.1,195.6,198.2,4.6,76.0,3.264,4142.6,827.2,835.2,838.2,828.2,191.1,192.6,196.1,197.1,4.55,75.8,3.287,-5.8,0.891,0,nominal,0,0.0,194.95,701805.2
194.9,mission_cruise,72.83379655364091,3200.0,43.583101723179546,4146.6,826.3,838.1,836.0,830.3,189.9,192.1,195.8,196.6,4.56,76.1,3.306,4142.6,827.2,835.2,838.2,828.2,191.1,192.6,196.1,197.1,4.55,75.8,3.287,-5.8,0.891,0,nominal,0,0.0,194.95,701805.1
195.0,mission_cruise,72.83268482490273,3200.0,43.583657587548636,4132.9,827.1,833.5,837.1,828.2,190.1,192.8,196.2,196.8,4.59,76.5,3.286,4142.5,827.2,835.2,838.2,828.2,191.1,192.6,196.1,197.1,4.55,75.8,3.287,-5.8,0.891,0,nominal,0,0.0,194.95,701805.0
195.1,mission_cruise,72.83157309616453,3200.0,43.58421345191773,4148.1,828.1,837.2,838.2,829.6,192.0,192.9,195.0,198.3,4.61,75.2,3.271,4142.5,827.2,835.2,838.2,828.2,191.1,192.6,196.1,197.1,4.55,75.8,3.287,-5.8,0.891,0,nominal,0,0.0,194.95,701804.9
195.2,mission_cruise,72.83046136742635,3200.0,43.584769316286824,4139.0,830.7,834.7,840.1,827.7,190.0,192.3,196.1,196.9,4.58,76.8,3.323,4142.5,827.2,835.2,838.2,828.2,191.1,192.6,196.1,197.1,4.55,75.8,3.286,-5.8,0.891,0,nominal,0,0.0,194.95,701804.8
195.3,mission_cruise,72.82934963868816,3200.0,43.58532518065592,4151.2,826.8,834.8,839.6,829.3,190.4,191.5,196.7,197.4,4.55,75.3,3.29,4142.4,827.2,835.2,838.2,828.2,191.1,192.6,196.1,197.1,4.55,75.8,3.286,-5.8,0.891,0,nominal,0,0.0,194.95,701804.7
195.4,mission_cruise,72.82823790994998,3200.0,43.58588104502501,4149.2,826.8,834.9,839.1,831.7,191.3,193.5,196.1,197.3,4.58,75.8,3.292,4142.4,827.2,835.2,838.2,828.2,191.1,192.6,196.1,197.1,4.55,75.8,3.286,-5.8,0.891,0,nominal,0,0.0,194.95,701804.6
195.5,mission_cruise,72.82712618121178,3200.0,43.58643690939411,4140.6,829.0,836.3,839.7,826.0,190.8,192.2,197.2,195.6,4.55,75.6,3.283,4142.4,827.2,835.2,838.2,828.2,191.1,192.6,196.1,197.1,4.55,75.8,3.286,-5.8,0.891,0,nominal,0,0.0,194.95,701804.5
195.6,mission_cruise,72.8260144524736,3200.0,43.5869927737632,4149.9,828.2,834.0,838.4,828.8,191.9,192.8,195.3,196.7,4.55,75.9,3.271,4142.3,827.2,835.2,838.2,828.2,191.1,192.6,196.1,197.1,4.55,75.8,3.286,-5.8,0.891,0,nominal,0,0.0,194.95,701804.4
195.7,mission_cruise,72.8249027237354,3200.0,43.5875486381323,4145.4,826.2,834.2,840.6,826.9,190.3,192.9,196.5,196.3,4.58,76.2,3.249,4142.3,827.2,835.2,838.2,828.2,191.1,192.6,196.1,197.1,4.55,75.8,3.286,-5.8,0.891,0,nominal,0,0.0,194.95,701804.3
195.8,mission_cruise,72.82379099499722,3200.0,43.58810450250139,4156.6,826.8,834.9,838.3,825.8,192.2,192.5,196.4,196.1,4.55,76.2,3.302,4142.3,827.1,835.1,838.1,828.1,191.1,192.6,196.1,197.1,4.55,75.8,3.286,-5.8,0.891,0,nominal,0,0.0,194.95,701804.2
195.9,mission_cruise,72.82267926625903,3200.0,43.588660366870485,4144.7,824.8,833.9,840.4,828.0,191.7,193.2,196.2,196.6,4.55,75.9,3.275,4142.2,827.1,835.1,838.1,828.1,191.1,192.6,196.1,197.1,4.55,75.8,3.286,-5.8,0.891,0,nominal,0,0.0,194.95,701804.1
196.0,mission_cruise,72.82156753752085,3200.0,43.589216231239575,4146.2,828.6,834.3,836.8,828.3,191.4,191.9,197.1,196.8,4.6,75.4,3.304,4142.2,827.1,835.1,838.1,828.1,191.1,192.6,196.1,197.1,4.55,75.8,3.286,-5.8,0.891,0,nominal,0,0.0,194.95,701804.0
196.1,mission_cruise,72.82045580878265,3200.0,43.58977209560867,4139.0,826.4,835.3,838.1,828.8,191.1,192.0,195.7,196.8,4.54,76.2,3.279,4142.2,827.1,835.1,838.1,828.1,191.1,192.6,196.1,197.1,4.55,75.8,3.286,-5.8,0.891,0,nominal,0,0.0,194.95,701803.9
196.2,mission_cruise,72.81934408004447,3200.0,43.59032795997776,4141.2,826.6,837.2,838.5,827.8,191.5,193.2,196.8,197.8,4.59,76.1,3.282,4142.1,827.1,835.1,838.1,828.1,191.1,192.6,196.1,197.1,4.55,75.8,3.286,-5.8,0.891,0,nominal,0,0.0,194.95,701803.8
196.3,mission_cruise,72.81823235130628,3200.0,43.59088382434686,4143.6,827.9,835.1,837.2,828.9,191.0,193.1,196.1,196.6,4.52,75.0,3.265,4142.1,827.1,835.1,838.1,828.1,191.1,192.6,196.1,197.1,4.55,75.8,3.286,-5.8,0.891,0,nominal,0,0.0,194.95,701803.7
196.4,mission_cruise,72.8171206225681,3200.0,43.59143968871595,4145.8,826.4,834.6,838.2,827.2,190.8,193.1,196.4,197.9,4.54,76.0,3.328,4142.1,827.1,835.1,838.1,828.1,191.1,192.6,196.1,197.1,4.55,75.8,3.286,-5.8,0.891,0,nominal,0,0.0,194.95,701803.6
196.5,mission_cruise,72.8160088938299,3200.0,43.59199555308505,4146.5,825.9,834.5,837.9,828.9,191.7,191.2,196.9,198.4,4.59,75.9,3.308,4142.0,827.1,835.1,838.1,828.1,191.1,192.6,196.1,197.1,4.55,75.8,3.286,-5.8,0.891,0,nominal,0,0.0,194.95,701803.5
196.6,mission_cruise,72.81489716509172,3200.0,43.59255141745414,4131.4,828.8,833.5,838.5,829.8,191.2,193.3,196.4,197.9,4.57,75.6,3.253,4142.0,827.1,835.1,838.1,828.1,191.1,192.6,196.1,197.1,4.55,75.8,3.286,-5.8,0.891,0,nominal,0,0.0,194.95,701803.4
196.7,mission_cruise,72.81378543635353,3200.0,43.59310728182324,4144.3,825.9,835.9,837.1,830.0,190.6,191.9,196.0,197.1,4.56,76.0,3.295,4142.0,827.1,835.1,838.1,828.1,191.1,192.6,196.1,197.1,4.55,75.8,3.286,-5.8,0.891,0,nominal,0,0.0,194.95,701803.3
196.8,mission_cruise,72.81267370761535,3200.0,43.59366314619233,4134.3,828.0,837.3,837.0,827.6,190.7,191.9,195.0,197.5,4.6,76.3,3.319,4141.9,827.1,835.1,838.1,828.1,191.1,192.6,196.1,197.1,4.55,75.8,3.286,-5.8,0.891,0,nominal,0,0.0,194.95,701803.2
196.9,mission_cruise,72.81156197887715,3200.0,43.594219010561424,4145.7,824.4,833.2,838.1,827.0,191.7,192.9,196.7,197.5,4.58,76.7,3.253,4141.9,827.1,835.1,838.1,828.1,191.1,192.6,196.1,197.1,4.55,75.8,3.286,-5.8,0.891,0,nominal,0,0.0,194.95,701803.1
197.0,mission_cruise,72.81045025013897,3200.0,43.594774874930515,4151.6,825.6,833.8,838.7,826.6,191.6,192.6,196.1,197.4,4.56,75.7,3.295,4141.9,827.1,835.1,838.1,828.1,191.1,192.6,196.1,197.1,4.55,75.8,3.286,-5.8,0.891,0,nominal,0,0.0,194.95,701803.0
197.1,mission_cruise,72.80933852140078,3200.0,43.59533073929961,4134.4,825.6,833.3,839.7,830.4,191.2,193.5,195.5,197.1,4.57,75.5,3.295,4141.8,827.1,835.1,838.1,828.1,191.1,192.6,196.1,197.1,4.55,75.8,3.286,-5.8,0.891,0,nominal,0,0.0,194.95,701802.9
197.2,mission_cruise,72.8082267926626,3200.0,43.5958866036687,4148.4,825.5,837.6,837.4,829.6,191.4,192.4,196.0,197.5,4.54,75.6,3.323,4141.8,827.1,835.1,838.1,828.1,191.1,192.6,196.1,197.1,4.55,75.8,3.286,-5.8,0.891,0,nominal,0,0.0,194.95,701802.8
197.3,mission_cruise,72.8071150639244,3200.0,43.5964424680378,4144.0,828.0,839.1,840.0,827.4,191.0,192.4,196.1,196.9,4.52,75.5,3.263,4141.7,827.1,835.1,838.1,828.1,191.1,192.6,196.1,197.1,4.55,75.8,3.286,-5.8,0.891,0,nominal,0,0.0,194.95,701802.7
197.4,mission_cruise,72.80600333518622,3200.0,43.59699833240689,4138.3,825.4,833.0,835.4,830.1,191.4,193.1,196.3,197.5,4.59,75.2,3.31,4141.7,827.1,835.1,838.1,828.1,191.1,192.6,196.1,197.1,4.55,75.8,3.286,-5.8,0.891,0,nominal,0,0.0,194.95,701802.6
197.5,mission_cruise,72.80489160644802,3200.0,43.59755419677599,4138.1,828.0,832.8,836.8,829.6,190.2,191.7,196.2,197.7,4.54,75.5,3.266,4141.7,827.1,835.1,838.1,828.1,191.1,192.6,196.1,197.1,4.55,75.8,3.286,-5.8,0.891,0,nominal,0,0.0,194.95,701802.5
197.6,mission_cruise,72.80377987770984,3200.0,43.59811006114508,4143.3,829.0,838.7,838.3,825.3,191.2,193.1,197.0,196.0,4.54,76.2,3.293,4141.6,827.1,835.1,838.1,828.1,191.1,192.6,196.1,197.1,4.55,75.8,3.285,-5.8,0.891,0,nominal,0,0.0,194.95,701802.4
197.7,mission_cruise,72.80266814897165,3200.0,43.598665925514176,4152.5,827.8,836.4,836.9,829.1,190.7,192.8,196.0,196.6,4.53,75.5,3.326,4141.6,827.1,835.1,838.1,828.1,191.1,192.6,196.1,197.1,4.55,75.8,3.285,-5.8,0.891,0,nominal,0,0.0,194.95,701802.3
197.8,mission_cruise,72.80155642023347,3200.0,43.599221789883266,4142.2,825.7,836.7,838.8,827.2,190.6,192.5,196.3,196.5,4.5,76.2,3.26,4141.6,827.1,835.1,838.1,828.1,191.1,192.6,196.1,197.1,4.55,75.8,3.285,-5.8,0.891,0,nominal,0,0.0,194.95,701802.2
197.9,mission_cruise,72.80044469149527,3200.0,43.599777654252364,4132.4,826.8,834.5,839.9,829.0,190.3,191.6,195.9,196.7,4.54,75.5,3.289,4141.5,827.1,835.1,838.1,828.1,191.1,192.6,196.1,197.1,4.55,75.8,3.285,-5.8,0.891,0,nominal,0,0.0,194.95,701802.1
198.0,mission_cruise,72.79933296275709,3200.0,43.600333518621454,4143.4,825.0,833.8,838.6,827.8,192.3,192.4,195.6,197.0,4.51,75.9,3.328,4141.5,827.1,835.1,838.1,828.1,191.1,192.6,196.1,197.1,4.55,75.8,3.285,-5.8,0.891,0,nominal,0,0.0,194.94,701802.0
198.1,mission_cruise,72.7982212340189,3200.0,43.60088938299055,4144.6,828.5,836.2,838.6,829.3,191.1,192.9,196.6,196.6,4.58,76.3,3.271,4141.5,827.1,835.1,838.1,828.1,191.1,192.6,196.1,197.1,4.55,75.8,3.285,-5.8,0.891,0,nominal,0,0.0,194.94,701801.9
198.2,mission_cruise,72.79710950528072,3200.0,43.60144524735964,4142.4,828.1,834.4,837.5,827.3,191.6,193.8,197.2,198.1,4.58,75.5,3.33,4141.4,827.1,835.1,838.1,828.1,191.1,192.6,196.1,197.1,4.55,75.8,3.285,-5.8,0.891,0,nominal,0,0.0,194.94,701801.8
198.3,mission_cruise,72.79599777654252,3200.0,43.60200111172874,4139.6,826.3,836.5,839.3,827.5,190.8,193.1,195.3,196.8,4.6,76.1,3.241,4141.4,827.1,835.1,838.1,828.1,191.1,192.6,196.1,197.1,4.55,75.8,3.285,-5.8,0.891,0,nominal,0,0.0,194.94,701801.7
198.4,mission_cruise,72.79488604780434,3200.0,43.60255697609783,4133.4,825.0,839.2,838.3,829.4,192.2,192.1,196.6,197.3,4.53,76.1,3.269,4141.4,827.1,835.1,838.1,828.1,191.1,192.6,196.1,197.1,4.55,75.8,3.285,-5.8,0.891,0,nominal,0,0.0,194.94,701801.6
198.5,mission_cruise,72.79377431906615,3200.0,43.60311284046693,4137.5,828.8,833.4,838.7,826.4,190.0,192.7,196.6,198.2,4.52,75.4,3.223,4141.3,827.1,835.1,838.1,828.1,191.1,192.6,196.1,197.1,4.55,75.8,3.285,-5.8,0.891,0,nominal,0,0.0,194.94,701801.5
198.6,mission_cruise,72.79266259032796,3200.0,43.60366870483602,4145.1,827.7,834.7,835.6,827.9,191.1,193.7,195.9,197.6,4.5,75.9,3.295,4141.3,827.1,835.1,838.1,828.1,191.1,192.6,196.1,197.1,4.55,75.8,3.285,-5.8,0.891,0,nominal,0,0.0,194.94,701801.4
198.7,mission_cruise,72.79155086158977,3200.0,43.604224569205115,4129.9,825.7,834.2,839.2,827.4,190.7,193.3,196.0,196.9,4.54,76.9,3.335,4141.3,827.1,835.1,838.1,828.1,191.1,192.6,196.1,197.1,4.55,75.8,3.285,-5.8,0.891,0,nominal,0,0.0,194.94,701801.3
198.8,mission_cruise,72.79043913285159,3200.0,43.604780433574206,4138.7,830.1,831.0,838.5,826.5,191.0,192.2,196.4,196.8,4.55,75.6,3.222,4141.2,827.1,835.1,838.1,828.1,191.1,192.6,196.1,197.1,4.55,75.8,3.285,-5.8,0.891,0,nominal,0,0.0,194.94,701801.2
198.9,mission_cruise,72.7893274041134,3200.0,43.6053362979433,4144.6,829.3,835.3,839.5,827.3,191.2,192.4,196.3,197.8,4.55,75.7,3.317,4141.2,827.1,835.1,838.1,828.1,191.1,192.6,196.1,197.1,4.55,75.8,3.285,-5.8,0.891,0,nominal,0,0.0,194.94,701801.1
199.0,mission_cruise,72.78821567537521,3200.0,43.605892162312394,4139.3,828.3,837.0,835.9,824.7,191.1,191.9,196.2,196.7,4.59,75.3,3.275,4141.2,827.1,835.1,838.1,828.1,191.1,192.6,196.1,197.1,4.55,75.8,3.285,-5.8,0.891,0,nominal,0,0.0,194.94,701801.0
199.1,mission_cruise,72.78710394663702,3200.0,43.60644802668149,4150.8,826.4,835.5,840.0,829.1,191.4,193.0,196.0,196.7,4.53,76.1,3.328,4141.1,827.1,835.1,838.1,828.1,191.1,192.6,196.1,197.1,4.55,75.8,3.285,-5.8,0.891,0,nominal,0,0.0,194.94,701800.9
199.2,mission_cruise,72.78599221789884,3200.0,43.60700389105058,4138.6,827.0,836.4,839.6,829.9,192.1,191.7,197.1,196.4,4.53,75.8,3.232,4141.1,827.1,835.1,838.1,828.1,191.1,192.6,196.1,197.1,4.55,75.8,3.285,-5.8,0.891,0,nominal,0,0.0,194.94,701800.8
199.3,mission_cruise,72.78488048916064,3200.0,43.60755975541968,4140.0,826.9,836.5,837.2,826.2,190.6,191.9,195.5,196.8,4.56,75.7,3.285,4141.1,827.1,835.1,838.1,828.1,191.1,192.6,196.1,197.1,4.55,75.8,3.285,-5.8,0.891,0,nominal,0,0.0,194.94,701800.7
199.4,mission_cruise,72.78376876042246,3200.0,43.60811561978877,4152.3,828.5,833.6,835.2,828.7,191.7,192.5,196.3,196.6,4.53,75.0,3.298,4141.0,827.1,835.1,838.1,828.1,191.1,192.6,196.1,197.1,4.55,75.8,3.285,-5.8,0.891,0,nominal,0,0.0,194.94,701800.6
199.5,mission_cruise,72.78265703168427,3200.0,43.60867148415787,4141.0,827.2,832.7,838.5,827.9,191.7,192.2,196.0,197.1,4.52,75.7,3.29,4141.0,827.1,835.1,838.1,828.1,191.1,192.6,196.1,197.1,4.55,75.8,3.285,-5.8,0.891,0,nominal,0,0.0,194.94,701800.5
199.6,mission_cruise,72.78154530294609,3200.0,43.60922734852696,4136.6,827.2,835.3,837.9,828.3,191.3,192.4,196.4,197.4,4.56,75.6,3.274,4141.0,827.1,835.1,838.1,828.1,191.1,192.6,196.1,197.1,4.55,75.8,3.285,-5.8,0.891,0,nominal,0,0.0,194.94,701800.4
199.7,mission_cruise,72.78043357420789,3200.0,43.609783212896055,4138.7,829.6,834.8,839.9,826.5,190.2,191.8,194.9,197.6,4.55,75.1,3.253,4140.9,827.1,835.1,838.1,828.1,191.1,192.6,196.1,197.1,4.55,75.8,3.285,-5.8,0.891,0,nominal,0,0.0,194.94,701800.3
199.8,mission_cruise,72.77932184546971,3200.0,43.610339077265145,4145.4,827.6,837.2,837.2,828.9,191.5,192.0,197.0,196.9,4.52,76.1,3.306,4140.9,827.1,835.1,838.1,828.1,191.1,192.6,196.1,197.1,4.55,75.8,3.285,-5.8,0.891,0,nominal,0,0.0,194.94,701800.2
199.9,mission_cruise,72.77821011673151,3200.0,43.61089494163424,4154.7,826.4,835.0,840.3,827.7,190.8,193.3,196.5,197.6,4.52,75.6,3.296,4140.9,827.1,835.1,838.1,828.1,191.1,192.6,196.1,197.1,4.55,75.8,3.285,-5.8,0.891,0,nominal,0,0.0,194.94,701800.1
200.0,mission_cruise,72.77709838799333,3200.0,43.61145080600333,4153.3,826.6,833.6,836.0,829.1,191.8,193.4,196.4,197.2,4.55,76.1,3.335,4140.8,827.1,835.1,838.1,828.1,191.1,192.6,196.1,197.1,4.55,75.8,3.285,-5.8,0.891,0,nominal,0,0.0,194.94,701800.0
200.1,mission_cruise,72.77598665925514,3200.0,43.61200667037243,4133.9,826.8,835.0,837.5,828.6,190.6,191.8,195.2,197.3,4.55,76.1,3.271,4140.8,827.1,835.1,838.1,828.1,191.1,192.6,196.1,197.1,4.55,75.8,3.284,-5.8,0.891,0,nominal,0,0.0,194.94,701799.9
200.2,mission_cruise,72.77487493051696,3200.0,43.61256253474152,4150.3,827.6,836.1,836.6,827.9,190.7,191.9,196.2,198.1,4.55,76.4,3.269,4140.8,827.1,835.1,838.1,828.1,191.1,192.6,196.1,197.1,4.55,75.8,3.284,-5.8,0.891,0,nominal,0,0.0,194.94,701799.8
200.3,mission_cruise,72.77376320177876,3200.0,43.61311839911062,4136.8,828.9,836.6,836.4,830.4,191.5,191.7,196.1,196.7,4.5,75.7,3.271,4140.7,827.1,835.1,838.1,828.1,191.1,192.6,196.1,197.1,4.55,75.8,3.284,-5.8,0.891,0,nominal,0,0.0,194.94,701799.7
200.4,mission_cruise,72.77265147304058,3200.0,43.61367426347971,4134.5,828.4,834.1,838.8,828.7,191.2,191.9,196.0,196.3,4.54,76.5,3.272,4140.7,827.1,835.1,838.1,828.1,191.1,192.6,196.1,197.1,4.55,75.8,3.284,-5.8,0.891,0,nominal,0,0.0,194.94,701799.6
200.5,mission_cruise,72.77153974430239,3200.0,43.614230127848806,4142.6,828.5,836.2,838.7,829.2,191.1,193.3,196.7,196.4,4.57,75.9,3.28,4140.7,827.1,835.1,838.1,828.1,191.1,192.6,196.1,197.1,4.55,75.8,3.284,-5.8,0.891,0,nominal,0,0.0,194.94,701799.5
200.6,mission_cruise,72.7704280155642,3200.0,43.6147859922179,4139.5,828.4,835.0,838.2,826.8,191.6,193.3,196.4,196.7,4.59,75.3,3.304,4140.6,827.1,835.1,838.1,828.1,191.1,192.6,196.1,197.1,4.55,75.8,3.284,-5.8,0.891,0,nominal,0,0.0,194.94,701799.4
200.7,mission_cruise,72.76931628682601,3200.0,43.615341856586994,4150.3,824.9,837.8,836.5,828.6,190.6,192.5,195.0,197.1,4.5,76.5,3.272,4140.6,827.1,835.1,838.1,828.1,191.1,192.6,196.1,197.1,4.55,75.8,3.284,-5.8,0.891,0,nominal,0,0.0,194.94,701799.3
200.8,mission_cruise,72.76820455808783,3200.0,43.615897720956085,4143.1,829.8,832.5,837.8,826.0,191.0,192.6,196.7,197.1,4.56,76.1,3.343,4140.6,827.1,835.1,838.1,828.1,191.1,192.6,196.1,197.1,4.55,75.8,3.284,-5.8,0.891,0,nominal,0,0.0,194.94,701799.2
200.9,mission_cruise,72.76709282934964,3200.0,43.61645358532518,4137.1,825.4,833.0,839.6,828.5,191.2,192.7,195.1,196.2,4.55,75.6,3.286,4140.5,827.0,835.0,838.0,828.0,191.1,192.6,196.1,197.1,4.55,75.8,3.284,-5.8,0.891,0,nominal,0,0.0,194.94,701799.1
201.0,mission_cruise,72.76598110061146,3200.0,43.61700944969427,4146.8,828.2,835.4,836.8,827.9,191.8,193.2,196.9,197.6,4.57,75.6,3.301,4140.5,827.0,835.0,838.0,828.0,191.1,192.6,196.1,197.1,4.55,75.8,3.284,-5.8,0.891,0,nominal,0,0.0,194.94,701799.0
201.1,mission_cruise,72.76486937187326,3200.0,43.61756531406337,4137.7,823.2,836.6,840.2,825.5,191.0,192.7,195.6,196.4,4.58,75.9,3.318,4140.5,827.0,835.0,838.0,828.0,191.1,192.6,196.1,197.1,4.55,75.8,3.284,-5.8,0.891,0,nominal,0,0.0,194.94,701798.9
201.2,mission_cruise,72.76375764313508,3200.0,43.61812117843246,4138.7,826.4,834.8,840.3,828.6,190.5,191.4,195.1,197.3,4.5,75.6,3.246,4140.4,827.0,835.0,838.0,828.0,191.1,192.6,196.1,197.1,4.55,75.8,3.284,-5.8,0.891,0,nominal,0,0.0,194.94,701798.8
201.3,mission_cruise,72.76264591439688,3200.0,43.61867704280156,4145.2,828.6,836.9,837.3,828.9,191.2,192.9,196.3,196.8,4.56,75.9,3.301,4140.4,827.0,835.0,838.0,828.0,191.1,192.6,196.1,197.1,4.55,75.8,3.284,-5.8,0.891,0,nominal,0,0.0,194.94,701798.7
201.4,mission_cruise,72.7615341856587,3200.0,43.61923290717065,4130.9,827.8,833.8,837.3,828.8,191.7,193.1,195.1,197.5,4.52,75.8,3.318,4140.3,827.0,835.0,838.0,828.0,191.1,192.6,196.1,197.1,4.55,75.8,3.284,-5.8,0.891,0,nominal,0,0.0,194.94,701798.6
201.5,mission_cruise,72.76042245692051,3200.0,43.619788771539746,4128.9,825.5,834.9,839.0,829.4,190.5,192.6,196.7,197.7,4.54,75.5,3.281,4140.3,827.0,835.0,838.0,828.0,191.1,192.6,196.1,197.1,4.55,75.8,3.284,-5.8,0.891,0,nominal,0,0.0,194.94,701798.5
201.6,mission_cruise,72.75931072818233,3200.0,43.620344635908836,4137.5,827.2,835.6,837.8,826.3,190.9,193.1,195.8,196.8,4.54,75.0,3.302,4140.3,827.0,835.0,838.0,828.0,191.0,192.5,196.0,197.0,4.55,75.8,3.284,-5.8,0.891,0,nominal,0,0.0,194.94,701798.4
201.7,mission_cruise,72.75819899944413,3200.0,43.62090050027793,4140.1,828.6,834.2,837.8,826.3,191.4,192.5,196.2,197.5,4.52,76.2,3.257,4140.2,827.0,835.0,838.0,828.0,191.0,192.5,196.0,197.0,4.55,75.8,3.284,-5.8,0.891,0,nominal,0,0.0,194.94,701798.3
201.8,mission_cruise,72.75708727070595,3200.0,43.621456364647024,4139.8,828.6,830.7,838.8,827.3,189.4,192.5,195.7,195.5,4.53,75.6,3.303,4140.2,827.0,835.0,838.0,828.0,191.0,192.5,196.0,197.0,4.55,75.8,3.284,-5.8,0.891,0,nominal,0,0.0,194.94,701798.2
201.9,mission_cruise,72.75597554196776,3200.0,43.62201222901612,4137.7,823.6,836.4,836.6,831.2,190.2,192.4,195.4,196.7,4.51,75.3,3.265,4140.2,827.0,835.0,838.0,828.0,191.0,192.5,196.0,197.0,4.55,75.8,3.284,-5.8,0.891,0,nominal,0,0.0,194.94,701798.1
202.0,mission_cruise,72.75486381322958,3200.0,43.62256809338521,4148.3,824.9,836.8,838.6,830.7,191.1,192.4,196.9,196.3,4.6,75.5,3.256,4140.1,827.0,835.0,838.0,828.0,191.0,192.5,196.0,197.0,4.55,75.8,3.284,-5.8,0.891,0,nominal,0,0.0,194.94,701798.0
202.1,mission_cruise,72.75375208449138,3200.0,43.62312395775431,4143.1,826.9,835.6,838.3,828.2,189.9,192.7,196.4,197.1,4.57,75.5,3.288,4140.1,827.0,835.0,838.0,828.0,191.0,192.5,196.0,197.0,4.55,75.8,3.284,-5.8,0.891,0,nominal,0,0.0,194.94,701797.9
202.2,mission_cruise,72.7526403557532,3200.0,43.6236798221234,4135.9,826.9,835.5,838.7,828.3,191.3,192.6,195.6,196.2,4.58,75.8,3.247,4140.1,827.0,835.0,838.0,828.0,191.0,192.5,196.0,197.0,4.55,75.8,3.284,-5.8,0.891,0,nominal,0,0.0,194.94,701797.8
202.3,mission_cruise,72.751528627015,3200.0,43.6242356864925,4138.0,826.7,835.4,836.1,828.1,190.3,191.8,195.8,197.4,4.55,75.7,3.289,4140.0,827.0,835.0,838.0,828.0,191.0,192.5,196.0,197.0,4.55,75.8,3.284,-5.8,0.891,0,nominal,0,0.0,194.94,701797.7
202.4,mission_cruise,72.75041689827682,3200.0,43.62479155086159,4127.5,828.5,834.0,838.6,829.1,192.0,192.6,196.1,196.4,4.59,76.6,3.302,4140.0,827.0,835.0,838.0,828.0,191.0,192.5,196.0,197.0,4.55,75.8,3.284,-5.8,0.891,0,nominal,0,0.0,194.94,701797.6
202.5,mission_cruise,72.74930516953863,3200.0,43.625347415230685,4132.8,825.5,833.8,839.0,827.9,190.8,192.5,195.0,197.9,4.53,75.3,3.267,4140.0,827.0,835.0,838.0,828.0,191.0,192.5,196.0,197.0,4.55,75.8,3.283,-5.8,0.891,0,nominal,0,0.0,194.94,701797.5
202.6,mission_cruise,72.74819344080045,3200.0,43.625903279599775,4126.8,827.3,835.3,838.0,827.6,192.4,192.0,196.6,197.7,4.59,76.2,3.347,4139.9,827.0,835.0,838.0,828.0,191.0,192.5,196.0,197.0,4.55,75.8,3.283,-5.8,0.891,0,nominal,0,0.0,194.94,701797.4
202.7,mission_cruise,72.74708171206225,3200.0,43.62645914396887,4132.9,828.0,833.7,841.0,828.3,190.9,192.8,196.6,197.2,4.54,75.9,3.305,4139.9,827.0,835.0,838.0,828.0,191.0,192.5,196.0,197.0,4.55,75.8,3.283,-5.8,0.891,0,nominal,0,0.0,194.94,701797.3
202.8,mission_cruise,72.74596998332407,3200.0,43.62701500833796,4142.3,830.8,835.1,837.1,830.2,190.9,192.2,197.1,197.8,4.53,75.2,3.277,4139.9,827.0,835.0,838.0,828.0,191.0,192.5,196.0,197.0,4.55,75.8,3.283,-5.8,0.891,0,nominal,0,0.0,194.94,701797.2
202.9,mission_cruise,72.74485825458588,3200.0,43.62757087270706,4140.1,826.1,833.6,836.5,826.2,191.1,191.6,196.0,196.5,4.54,75.5,3.271,4139.8,827.0,835.0,838.0,828.0,191.0,192.5,196.0,197.0,4.55,75.8,3.283,-5.8,0.891,0,nominal,0,0.0,194.94,701797.1
203.0,mission_cruise,72.7437465258477,3200.0,43.62812673707615,4135.6,827.3,834.2,838.9,826.4,191.0,192.9,196.6,197.0,4.59,75.7,3.256,4139.8,827.0,835.0,838.0,828.0,191.0,192.5,196.0,197.0,4.55,75.8,3.283,-5.8,0.891,0,nominal,0,0.0,194.94,701797.0
203.1,mission_cruise,72.7426347971095,3200.0,43.62868260144525,4142.8,828.4,834.1,837.4,828.4,190.8,192.6,195.3,197.0,4.57,75.6,3.312,4139.8,827.0,835.0,838.0,828.0,191.0,192.5,196.0,197.0,4.55,75.8,3.283,-5.8,0.891,0,nominal,0,0.0,194.94,701796.9
203.2,mission_cruise,72.74152306837132,3200.0,43.62923846581434,4143.3,827.5,835.3,837.3,829.0,190.6,191.9,196.0,197.7,4.55,75.3,3.299,4139.7,827.0,835.0,838.0,828.0,191.0,192.5,196.0,197.0,4.55,75.8,3.283,-5.8,0.891,0,nominal,0,0.0,194.94,701796.8
203.3,mission_cruise,72.74041133963313,3200.0,43.62979433018344,4148.6,825.0,836.2,835.8,827.8,190.1,192.6,196.6,197.3,4.53,76.0,3.282,4139.7,827.0,835.0,838.0,828.0,191.0,192.5,196.0,197.0,4.55,75.8,3.283,-5.8,0.891,0,nominal,0,0.0,194.94,701796.7
203.4,mission_cruise,72.73929961089495,3200.0,43.63035019455253,4147.6,827.5,836.6,839.3,827.2,190.3,192.5,196.3,196.6,4.54,75.0,3.291,4139.7,827.0,835.0,838.0,828.0,191.0,192.5,196.0,197.0,4.55,75.8,3.283,-5.8,0.891,0,nominal,0,0.0,194.94,701796.6
203.5,mission_cruise,72.73818788215675,3200.0,43.630906058921624,4144.4,826.1,835.6,836.9,826.7,191.2,192.4,196.2,197.3,4.53,76.2,3.31,4139.6,827.0,835.0,838.0,828.0,191.0,192.5,196.0,197.0,4.55,75.8,3.283,-5.8,0.891,0,nominal,0,0.0,194.94,701796.5
203.6,mission_cruise,72.73707615341857,3200.0,43.631461923290715,4132.0,828.2,834.5,839.2,826.3,190.8,192.9,196.8,196.1,4.6,75.5,3.266,4139.6,827.0,835.0,838.0,828.0,191.0,192.5,196.0,197.0,4.55,75.8,3.283,-5.8,0.891,0,nominal,0,0.0,194.94,701796.4
203.7,mission_cruise,72.73596442468038,3200.0,43.63201778765981,4140.4,827.2,831.9,837.9,826.7,190.5,192.6,195.6,197.4,4.56,76.0,3.247,4139.6,827.0,835.0,838.0,828.0,191.0,192.5,196.0,197.0,4.55,75.8,3.283,-5.8,0.891,0,nominal,0,0.0,194.94,701796.3
203.8,mission_cruise,72.7348526959422,3200.0,43.6325736520289,4145.8,828.5,833.9,839.2,826.8,190.3,191.5,195.6,196.6,4.53,75.7,3.252,4139.5,827.0,835.0,838.0,828.0,191.0,192.5,196.0,197.0,4.55,75.8,3.283,-5.8,0.891,0,nominal,0,0.0,194.94,701796.2
203.9,mission_cruise,72.733740967204,3200.0,43.633129516398,4137.5,825.5,836.9,838.2,829.4,190.6,193.3,196.8,196.3,4.54,75.9,3.213,4139.5,827.0,835.0,838.0,828.0,191.0,192.5,196.0,197.0,4.55,75.8,3.283,-5.8,0.891,0,nominal,0,0.0,194.94,701796.1
204.0,mission_cruise,72.73262923846582,3200.0,43.63368538076709,4148.9,826.8,833.8,838.6,828.6,191.1,192.3,195.5,196.6,4.53,75.8,3.277,4139.5,827.0,835.0,838.0,828.0,191.0,192.5,196.0,197.0,4.55,75.8,3.283,-5.8,0.891,0,nominal,0,0.0,194.94,701796.0
204.1,mission_cruise,72.73151750972762,3200.0,43.63424124513619,4134.8,827.3,836.1,838.3,829.1,192.3,193.1,196.3,198.1,4.56,75.4,3.295,4139.4,827.0,835.0,838.0,828.0,191.0,192.5,196.0,197.0,4.55,75.8,3.283,-5.8,0.891,0,nominal,0,0.0,194.94,701795.9
204.2,mission_cruise,72.73040578098944,3200.0,43.63479710950528,4135.8,825.1,835.6,838.1,830.0,189.8,192.9,195.2,197.0,4.55,75.3,3.222,4139.4,827.0,835.0,838.0,828.0,191.0,192.5,196.0,197.0,4.55,75.8,3.283,-5.8,0.891,0,nominal,0,0.0,194.94,701795.8
204.3,mission_cruise,72.72929405225125,3200.0,43.635352973874376,4135.4,824.7,836.8,836.7,826.5,191.3,192.9,196.2,197.0,4.5,76.1,3.312,4139.4,827.0,835.0,838.0,828.0,191.0,192.5,196.0,197.0,4.55,75.8,3.283,-5.8,0.891,0,nominal,0,0.0,194.94,701795.7
204.4,mission_cruise,72.72818232351307,3200.0,43.635908838243466,4133.9,826.8,834.2,839.0,829.6,191.6,191.7,195.9,197.3,4.56,75.4,3.294,4139.3,827.0,835.0,838.0,828.0,191.0,192.5,196.0,197.0,4.55,75.8,3.283,-5.8,0.891,0,nominal,0,0.0,194.94,701795.6
204.5,mission_cruise,72.72707059477487,3200.0,43.636464702612564,4143.8,828.5,835.1,838.6,829.7,190.5,192.4,196.6,196.7,4.61,76.0,3.299,4139.3,827.0,835.0,838.0,828.0,191.0,192.5,196.0,197.0,4.55,75.8,3.283,-5.8,0.891,0,nominal,0,0.0,194.94,701795.5
204.6,mission_cruise,72.72595886603669,3200.0,43.637020566981654,4145.9,827.1,835.7,833.3,829.6,190.9,192.8,195.8,196.6,4.56,75.8,3.313,4139.3,827.0,835.0,838.0,828.0,191.0,192.5,196.0,197.0,4.55,75.8,3.283,-5.8,0.891,0,nominal,0,0.0,194.94,701795.4
204.7,mission_cruise,72.7248471372985,3200.0,43.63757643135075,4131.1,827.5,837.2,838.4,828.6,190.8,192.1,196.1,197.4,4.55,75.1,3.291,4139.2,827.0,835.0,838.0,828.0,191.0,192.5,196.0,197.0,4.55,75.8,3.283,-5.8,0.891,0,nominal,0,0.0,194.94,701795.3
204.8,mission_cruise,72.72373540856032,3200.0,43.63813229571984,4135.9,825.7,834.0,841.2,828.8,191.0,191.4,194.8,197.6,4.55,75.7,3.32,4139.2,827.0,835.0,838.0,828.0,191.0,192.5,196.0,197.0,4.55,75.8,3.283,-5.8,0.891,0,nominal,0,0.0,194.94,701795.2
204.9,mission_cruise,72.72262367982212,3200.0,43.63868816008894,4137.0,822.5,834.7,837.1,827.9,190.6,191.7,195.5,196.9,4.55,75.9,3.303,4139.2,827.0,835.0,838.0,828.0,191.0,192.5,196.0,197.0,4.55,75.8,3.283,-5.8,0.891,0,nominal,0,0.0,194.94,701795.1
205.0,mission_cruise,72.72151195108394,3200.0,43.63924402445803,4140.7,825.1,832.8,838.4,831.9,191.2,193.2,196.5,198.1,4.57,75.2,3.25,4139.1,827.0,835.0,838.0,828.0,191.0,192.5,196.0,197.0,4.55,75.8,3.282,-5.8,0.891,0,nominal,0,0.0,194.94,701795.0
205.1,mission_cruise,72.72040022234575,3200.0,43.63979988882713,4134.7,827.3,834.9,839.7,826.6,190.3,191.9,195.7,196.4,4.53,76.0,3.289,4139.1,827.0,835.0,838.0,828.0,191.0,192.5,196.0,197.0,4.55,75.8,3.282,-5.8,0.891,0,nominal,0,0.0,194.94,701794.9
205.2,mission_cruise,72.71928849360756,3200.0,43.64035575319622,4126.0,824.9,837.0,838.6,829.6,191.2,192.6,195.3,197.5,4.56,75.9,3.306,4139.1,827.0,835.0,838.0,828.0,191.0,192.5,196.0,197.0,4.55,75.7,3.282,-5.8,0.891,0,nominal,0,0.0,194.94,701794.8
205.3,mission_cruise,72.71817676486937,3200.0,43.640911617565315,4138.0,827.5,835.4,838.7,829.4,192.0,192.9,195.5,198.1,4.54,76.0,3.318,4139.0,827.0,835.0,838.0,828.0,191.0,192.5,196.0,197.0,4.55,75.7,3.282,-5.8,0.891,0,nominal,0,0.0,194.94,701794.7
205.4,mission_cruise,72.71706503613119,3200.0,43.641467481934406,4136.6,827.5,835.6,839.3,829.4,191.1,192.9,196.4,196.8,4.55,75.7,3.245,4139.0,827.0,835.0,838.0,828.0,191.0,192.5,196.0,197.0,4.55,75.7,3.282,-5.8,0.891,0,nominal,0,0.0,194.94,701794.6
205.5,mission_cruise,72.715953307393,3200.0,43.6420233463035,4144.8,829.0,837.1,839.4,827.0,191.2,191.9,195.6,197.3,4.53,76.1,3.311,4139.0,827.0,835.0,838.0,828.0,191.0,192.5,196.0,197.0,4.55,75.7,3.282,-5.8,0.891,0,nominal,0,0.0,194.94,701794.5
205.6,mission_cruise,72.71484157865481,3200.0,43.642579210672594,4137.7,828.2,835.7,838.5,827.0,191.3,193.0,196.8,197.9,4.54,75.5,3.245,4138.9,827.0,835.0,838.0,828.0,191.0,192.5,196.0,197.0,4.55,75.7,3.282,-5.8,0.891,0,nominal,0,0.0,194.94,701794.4
205.7,mission_cruise,72.71372984991662,3200.0,43.64313507504169,4149.9,825.2,834.8,838.5,829.0,192.3,192.6,196.1,197.3,4.57,76.5,3.294,4138.9,827.0,835.0,838.0,828.0,191.0,192.5,196.0,197.0,4.55,75.7,3.282,-5.8,0.891,0,nominal,0,0.0,194.94,701794.3
205.8,mission_cruise,72.71261812117844,3200.0,43.64369093941078,4142.4,828.8,836.0,837.3,829.7,190.2,192.4,195.7,197.0,4.54,75.2,3.3,4138.8,827.0,835.0,838.0,828.0,191.0,192.5,196.0,197.0,4.55,75.7,3.282,-5.8,0.891,0,nominal,0,0.0,194.94,701794.2
205.9,mission_cruise,72.71150639244024,3200.0,43.64424680377988,4144.8,823.4,836.6,835.1,828.3,191.2,191.8,194.9,197.3,4.55,75.2,3.28,4138.8,827.0,835.0,838.0,828.0,191.0,192.5,196.0,197.0,4.55,75.7,3.282,-5.8,0.891,0,nominal,0,0.0,194.94,701794.1
206.0,mission_cruise,72.71039466370206,3200.0,43.64480266814897,4150.4,827.8,835.1,835.8,829.4,191.2,192.1,195.3,196.7,4.51,74.9,3.284,4138.8,827.0,835.0,838.0,828.0,191.0,192.5,196.0,197.0,4.55,75.7,3.282,-5.8,0.891,0,nominal,0,0.0,194.94,701794.0
206.1,mission_cruise,72.70928293496387,3200.0,43.64535853251807,4126.0,827.6,835.5,838.4,828.0,192.0,192.0,195.6,197.3,4.54,76.5,3.285,4138.7,826.9,834.9,837.9,827.9,191.0,192.5,196.0,197.0,4.55,75.7,3.282,-5.8,0.891,0,nominal,0,0.0,194.94,701793.9
206.2,mission_cruise,72.70817120622569,3200.0,43.64591439688716,4148.3,824.6,834.8,837.8,827.2,190.2,193.2,196.0,197.4,4.53,75.7,3.284,4138.7,826.9,834.9,837.9,827.9,191.0,192.5,196.0,197.0,4.55,75.7,3.282,-5.8,0.891,0,nominal,0,0.0,194.94,701793.8
206.3,mission_cruise,72.70705947748749,3200.0,43.646470261256255,4135.6,829.6,833.6,839.6,827.1,190.7,193.0,194.3,196.5,4.61,75.8,3.243,4138.7,826.9,834.9,837.9,827.9,191.0,192.5,196.0,197.0,4.55,75.7,3.282,-5.8,0.891,0,nominal,0,0.0,194.94,701793.7
206.4,mission_cruise,72.70594774874931,3200.0,43.647026125625345,4147.4,826.5,836.3,839.0,827.5,190.8,193.1,195.5,197.7,4.59,75.5,3.292,4138.6,826.9,834.9,837.9,827.9,191.0,192.5,196.0,197.0,4.55,75.7,3.282,-5.8,0.891,0,nominal,0,0.0,194.94,701793.6
206.5,mission_cruise,72.70483602001111,3200.0,43.64758198999444,4131.5,826.1,833.4,838.0,829.3,190.9,192.4,196.8,197.2,4.57,76.4,3.256,4138.6,826.9,834.9,837.9,827.9,191.0,192.5,196.0,197.0,4.55,75.7,3.282,-5.8,0.891,0,nominal,0,0.0,194.94,701793.5
206.6,mission_cruise,72.70372429127293,3200.0,43.64813785436353,4145.2,824.4,838.3,838.5,826.2,191.4,192.7,195.8,197.1,4.55,75.9,3.286,4138.6,826.9,834.9,837.9,827.9,191.0,192.5,196.0,197.0,4.55,75.7,3.282,-5.8,0.891,0,nominal,0,0.0,194.94,701793.4
206.7,mission_cruise,72.70261256253474,3200.0,43.64869371873263,4132.6,825.3,834.8,839.6,828.6,191.4,192.0,195.5,195.6,4.55,75.4,3.262,4138.5,826.9,834.9,837.9,827.9,191.0,192.5,196.0,197.0,4.55,75.7,3.282,-5.8,0.891,0,nominal,0,0.0,194.94,701793.3
206.8,mission_cruise,72.70150083379656,3200.0,43.64924958310172,4135.9,830.5,835.3,838.7,827.9,190.1,192.8,196.2,196.1,4.54,75.4,3.215,4138.5,826.9,834.9,837.9,827.9,191.0,192.5,196.0,197.0,4.55,75.7,3.282,-5.8,0.891,0,nominal,0,0.0,194.94,701793.2
206.9,mission_cruise,72.70038910505836,3200.0,43.64980544747082,4139.6,828.5,837.9,838.6,828.9,190.2,193.7,196.4,197.1,4.55,75.8,3.298,4138.5,826.9,834.9,837.9,827.9,191.0,192.5,196.0,197.0,4.55,75.7,3.282,-5.8,0.891,0,nominal,0,0.0,194.94,701793.1
207.0,mission_cruise,72.69927737632018,3200.0,43.65036131183991,4140.5,826.5,834.4,838.2,830.0,190.9,193.0,195.1,196.5,4.54,75.6,3.3,4138.4,826.9,834.9,837.9,827.9,191.0,192.5,196.0,197.0,4.55,75.7,3.282,-5.8,0.891,0,nominal,0,0.0,194.94,701793.0
207.1,mission_cruise,72.69816564758199,3200.0,43.650917176209006,4141.9,824.8,836.3,837.6,827.2,190.2,191.7,195.8,196.8,4.55,75.3,3.272,4138.4,826.9,834.9,837.9,827.9,191.0,192.5,196.0,197.0,4.55,75.7,3.282,-5.8,0.891,0,nominal,0,0.0,194.94,701792.9
207.2,mission_cruise,72.6970539188438,3200.0,43.6514730405781,4134.6,828.9,835.3,838.5,829.5,190.8,192.9,196.3,197.2,4.57,75.3,3.273,4138.4,826.9,834.9,837.9,827.9,191.0,192.5,196.0,197.0,4.55,75.7,3.282,-5.8,0.891,0,nominal,0,0.0,194.94,701792.8
207.3,mission_cruise,72.69594219010561,3200.0,43.652028904947194,4136.6,824.2,834.9,838.5,825.6,191.2,193.0,196.8,196.6,4.56,75.7,3.291,4138.3,826.9,834.9,837.9,827.9,191.0,192.5,196.0,197.0,4.55,75.7,3.282,-5.8,0.891,0,nominal,0,0.0,194.94,701792.7
207.4,mission_cruise,72.69483046136743,3200.0,43.652584769316285,4147.3,827.1,837.4,837.3,828.7,191.2,191.3,196.4,197.4,4.54,75.3,3.219,4138.3,826.9,834.9,837.9,827.9,191.0,192.5,196.0,197.0,4.55,75.7,3.281,-5.8,0.891,0,nominal,0,0.0,194.94,701792.6
207.5,mission_cruise,72.69371873262924,3200.0,43.65314063368538,4140.8,829.2,836.2,840.5,827.8,190.0,191.8,195.9,197.2,4.52,75.1,3.27,4138.3,826.9,834.9,837.9,827.9,191.0,192.5,196.0,197.0,4.55,75.7,3.281,-5.8,0.891,0,nominal,0,0.0,194.94,701792.5
207.6,mission_cruise,72.69260700389106,3200.0,43.65369649805447,4137.4,828.0,835.0,837.0,827.7,191.5,194.7,196.5,197.3,4.49,75.6,3.31,4138.2,826.9,834.9,837.9,827.9,191.0,192.5,196.0,197.0,4.55,75.7,3.281,-5.8,0.891,0,nominal,0,0.0,194.94,701792.4
207.7,mission_cruise,72.69149527515286,3200.0,43.65425236242357,4139.8,824.4,834.3,840.0,827.8,190.7,192.6,196.1,196.2,4.57,75.5,3.309,4138.2,826.9,834.9,837.9,827.9,191.0,192.5,196.0,197.0,4.55,75.7,3.281,-5.8,0.891,0,nominal,0,0.0,194.94,701792.3
207.8,mission_cruise,72.69038354641468,3200.0,43.65480822679266,4138.0,828.9,835.9,839.6,829.4,191.1,193.2,195.6,195.8,4.56,76.0,3.323,4138.2,826.9,834.9,837.9,827.9,191.0,192.5,196.0,197.0,4.55,75.7,3.281,-5.8,0.891,0,nominal,0,0.0,194.94,701792.2
207.9,mission_cruise,72.68927181767648,3200.0,43.65536409116176,4150.4,827.9,833.6,838.4,826.5,191.9,192.9,195.5,196.3,4.52,75.1,3.226,4138.1,826.9,834.9,837.9,827.9,191.0,192.5,196.0,197.0,4.55,75.7,3.281,-5.8,0.891,0,nominal,0,0.0,194.94,701792.1
208.0,mission_cruise,72.6881600889383,3200.0,43.65591995553085,4137.7,827.3,836.9,837.9,826.3,191.7,192.1,196.4,197.4,4.52,75.4,3.265,4138.1,826.9,834.9,837.9,827.9,191.0,192.5,196.0,197.0,4.55,75.7,3.281,-5.8,0.891,0,nominal,0,0.0,194.94,701792.0
208.1,mission_cruise,72.68704836020011,3200.0,43.656475819899946,4135.0,827.2,835.7,838.4,826.4,191.6,190.9,195.6,196.4,4.58,75.5,3.24,4138.1,826.9,834.9,837.9,827.9,191.0,192.5,196.0,197.0,4.55,75.7,3.281,-5.8,0.891,0,nominal,0,0.0,194.94,701791.9
208.2,mission_cruise,72.68593663146193,3200.0,43.657031684269036,4141.1,827.9,838.2,837.1,826.6,190.7,192.8,194.7,197.2,4.51,75.7,3.315,4138.0,826.9,834.9,837.9,827.9,191.0,192.5,196.0,197.0,4.55,75.7,3.281,-5.8,0.891,0,nominal,0,0.0,194.94,701791.8
208.3,mission_cruise,72.68482490272373,3200.0,43.65758754863813,4138.8,824.0,834.5,839.3,828.0,191.3,192.5,196.3,197.7,4.61,75.2,3.243,4138.0,826.9,834.9,837.9,827.9,191.0,192.5,196.0,197.0,4.55,75.7,3.281,-5.8,0.891,0,nominal,0,0.0,194.94,701791.7
208.4,mission_cruise,72.68371317398555,3200.0,43.658143413007224,4136.1,827.6,833.7,837.3,828.2,190.8,192.1,196.6,197.2,4.57,75.2,3.265,4138.0,826.9,834.9,837.9,827.9,191.0,192.5,196.0,197.0,4.55,75.7,3.281,-5.8,0.891,0,nominal,0,0.0,194.94,701791.6
208.5,mission_cruise,72.68260144524736,3200.0,43.65869927737632,4142.5,828.5,834.3,836.4,827.6,190.7,192.8,196.1,197.4,4.53,75.4,3.299,4137.9,826.9,834.9,837.9,827.9,191.0,192.5,196.0,197.0,4.55,75.7,3.281,-5.8,0.891,0,nominal,0,0.0,194.94,701791.5
208.6,mission_cruise,72.68148971650918,3200.0,43.65925514174541,4130.6,829.2,835.8,838.5,826.6,191.9,191.7,196.4,196.7,4.55,75.3,3.274,4137.9,826.9,834.9,837.9,827.9,191.0,192.5,196.0,197.0,4.55,75.7,3.281,-5.8,0.891,0,nominal,0,0.0,194.94,701791.4
208.7,mission_cruise,72.68037798777098,3200.0,43.65981100611451,4148.1,823.8,835.2,838.7,827.8,190.8,192.5,195.9,197.8,4.53,75.5,3.324,4137.9,826.9,834.9,837.9,827.9,191.0,192.5,196.0,197.0,4.55,75.7,3.281,-5.8,0.891,0,nominal,0,0.0,194.94,701791.3
208.8,mission_cruise,72.6792662590328,3200.0,43.6603668704836,4131.9,826.1,835.9,838.7,826.6,191.4,192.7,194.9,196.4,4.65,76.1,3.297,4137.8,826.9,834.9,837.9,827.9,191.0,192.5,196.0,197.0,4.55,75.7,3.281,-5.8,0.891,0,nominal,0,0.0,194.94,701791.2
208.9,mission_cruise,72.6781545302946,3200.0,43.6609227348527,4133.7,825.3,834.4,838.1,826.8,190.5,192.4,196.0,197.5,4.53,76.0,3.207,4137.8,826.9,834.9,837.9,827.9,191.0,192.5,196.0,197.0,4.55,75.7,3.281,-5.8,0.891,0,nominal,0,0.0,194.94,701791.1
209.0,mission_cruise,72.67704280155642,3200.0,43.66147859922179,4137.2,828.7,837.0,836.0,826.3,191.3,191.7,196.1,197.4,4.54,76.2,3.283,4137.8,826.9,834.9,837.9,827.9,191.0,192.5,196.0,197.0,4.55,75.7,3.281,-5.8,0.891,0,nominal,0,0.0,194.94,701791.0
209.1,mission_cruise,72.67593107281823,3200.0,43.662034463590885,4139.0,828.0,834.2,836.6,826.7,190.0,192.7,195.9,196.1,4.52,75.1,3.292,4137.7,826.9,834.9,837.9,827.9,191.0,192.5,196.0,197.0,4.55,75.7,3.281,-5.8,0.891,0,nominal,0,0.0,194.94,701790.9
209.2,mission_cruise,72.67481934408005,3200.0,43.662590327959975,4131.4,825.2,834.3,837.1,827.7,191.6,192.0,195.7,196.3,4.56,75.7,3.292,4137.7,826.9,834.9,837.9,827.9,191.0,192.5,196.0,197.0,4.55,75.7,3.281,-5.8,0.891,0,nominal,0,0.0,194.94,701790.8
209.3,mission_cruise,72.67370761534185,3200.0,43.66314619232907,4135.7,826.1,834.9,837.2,828.4,189.7,191.9,197.4,197.4,4.55,75.6,3.273,4137.7,826.9,834.9,837.9,827.9,191.0,192.5,196.0,197.0,4.55,75.7,3.281,-5.8,0.891,0,nominal,0,0.0,194.94,701790.7
209.4,mission_cruise,72.67259588660367,3200.0,43.66370205669816,4143.5,824.8,836.2,833.7,832.8,191.4,191.5,196.4,196.8,4.55,76.1,3.302,4137.6,826.9,834.9,837.9,827.9,191.0,192.5,196.0,197.0,4.55,75.7,3.281,-5.8,0.891,0,nominal,0,0.0,194.94,701790.6
209.5,mission_cruise,72.67148415786548,3200.0,43.66425792106726,4147.8,827.4,834.8,837.8,829.2,191.9,193.1,196.1,197.2,4.52,75.9,3.237,4137.6,826.9,834.9,837.9,827.9,191.0,192.5,196.0,197.0,4.55,75.7,3.281,-5.8,0.891,0,nominal,0,0.0,194.94,701790.5
209.6,mission_cruise,72.6703724291273,3200.0,43.66481378543635,4149.4,826.9,833.9,839.3,827.4,191.4,191.3,195.8,196.9,4.54,76.6,3.234,4137.6,826.9,834.9,837.9,827.9,191.0,192.5,196.0,197.0,4.55,75.7,3.281,-5.8,0.891,0,nominal,0,0.0,194.94,701790.4
209.7,mission_cruise,72.6692607003891,3200.0,43.66536964980545,4144.4,827.7,835.5,836.9,826.9,190.6,193.3,196.2,197.2,4.56,75.2,3.284,4137.5,826.9,834.9,837.9,827.9,191.0,192.5,196.0,197.0,4.55,75.7,3.281,-5.8,0.891,0,nominal,0,0.0,194.94,701790.3
209.8,mission_cruise,72.66814897165092,3200.0,43.66592551417454,4136.6,825.3,834.1,837.1,828.3,191.3,193.3,196.7,197.5,4.54,76.4,3.283,4137.5,826.9,834.9,837.9,827.9,191.0,192.5,196.0,197.0,4.55,75.7,3.28,-5.8,0.891,0,nominal,0,0.0,194.94,701790.2
209.9,mission_cruise,72.66703724291273,3200.0,43.66648137854364,4138.2,827.1,836.5,837.6,826.0,191.3,192.6,195.5,197.7,4.59,75.3,3.28,4137.5,826.9,834.9,837.9,827.9,191.0,192.5,196.0,197.0,4.55,75.7,3.28,-5.8,0.891,0,nominal,0,0.0,194.94,701790.1
210.0,mission_cruise,72.66592551417455,3200.0,43.66703724291273,4145.7,827.3,834.0,842.0,827.6,190.3,193.2,197.6,197.0,4.5,76.0,3.303,4137.4,826.9,834.9,837.9,827.9,191.0,192.5,196.0,197.0,4.55,75.7,3.28,-5.8,0.891,0,nominal,0,0.0,194.94,701790.0
210.1,mission_cruise,72.66481378543635,3200.0,43.667593107281824,4137.2,825.6,835.9,838.3,828.1,191.4,192.2,196.7,197.1,4.57,75.6,3.317,4137.4,826.9,834.9,837.9,827.9,191.0,192.5,196.0,197.0,4.55,75.7,3.28,-5.8,0.891,0,nominal,0,0.0,194.94,701789.9
210.2,mission_cruise,72.66370205669817,3200.0,43.668148971650915,4130.8,826.5,834.8,839.6,827.6,190.2,192.6,195.4,196.0,4.56,76.0,3.267,4137.3,826.9,834.9,837.9,827.9,191.0,192.5,196.0,197.0,4.55,75.7,3.28,-5.8,0.891,0,nominal,0,0.0,194.94,701789.8
210.3,mission_cruise,72.66259032795998,3200.0,43.66870483602001,4136.9,827.8,833.1,836.7,828.5,190.5,192.2,195.5,197.2,4.51,75.7,3.298,4137.3,826.9,834.9,837.9,827.9,191.0,192.5,196.0,197.0,4.55,75.7,3.28,-5.8,0.891,0,nominal,0,0.0,194.94,701789.7
210.4,mission_cruise,72.6614785992218,3200.0,43.6692607003891,4132.3,827.7,836.4,838.6,827.9,190.2,193.3,196.4,196.7,4.56,75.6,3.274,4137.3,826.9,834.9,837.9,827.9,191.0,192.5,196.0,197.0,4.55,75.7,3.28,-5.8,0.891,0,nominal,0,0.0,194.94,701789.6
210.5,mission_cruise,72.6603668704836,3200.0,43.6698165647582,4140.1,826.4,837.3,835.5,824.6,191.1,191.8,194.3,197.2,4.48,75.4,3.314,4137.2,826.9,834.9,837.9,827.9,191.0,192.5,196.0,197.0,4.55,75.7,3.28,-5.8,0.891,0,nominal,0,0.0,194.94,701789.5
210.6,mission_cruise,72.65925514174542,3200.0,43.67037242912729,4141.2,826.3,833.3,838.0,827.5,189.7,193.6,195.1,195.8,4.57,75.9,3.318,4137.2,826.9,834.9,837.9,827.9,191.0,192.5,196.0,197.0,4.55,75.7,3.28,-5.8,0.891,0,nominal,0,0.0,194.94,701789.4
210.7,mission_cruise,72.65814341300722,3200.0,43.67092829349639,4147.9,828.4,833.7,837.5,827.2,190.9,192.6,196.1,196.5,4.6,75.3,3.289,4137.2,826.9,834.9,837.9,827.9,191.0,192.5,196.0,197.0,4.55,75.7,3.28,-5.8,0.891,0,nominal,0,0.0,194.94,701789.3
210.8,mission_cruise,72.65703168426904,3200.0,43.67148415786548,4127.8,825.4,834.2,838.1,828.8,191.1,192.7,196.5,197.6,4.57,75.4,3.316,4137.1,826.9,834.9,837.9,827.9,191.0,192.5,196.0,197.0,4.55,75.7,3.28,-5.8,0.891,0,nominal,0,0.0,194.94,701789.2
210.9,mission_cruise,72.65591995553085,3200.0,43.672040022234576,4140.9,826.6,836.0,837.8,828.0,191.2,192.0,194.9,197.1,4.55,76.4,3.26,4137.1,826.9,834.9,837.9,827.9,191.0,192.5,196.0,197.0,4.55,75.7,3.28,-5.8,0.891,0,nominal,0,0.0,194.94,701789.1
211.0,mission_cruise,72.65480822679267,3200.0,43.672595886603666,4138.7,826.9,835.1,838.6,825.5,191.0,191.9,196.0,195.7,4.53,75.4,3.285,4137.1,826.9,834.9,837.9,827.9,191.0,192.5,196.0,197.0,4.55,75.7,3.28,-5.8,0.891,0,nominal,0,0.0,194.94,701789.0
211.1,mission_cruise,72.65369649805447,3200.0,43.673151750972764,4145.6,824.1,835.6,840.5,829.3,191.6,192.6,195.6,197.3,4.57,75.6,3.322,4137.0,826.9,834.9,837.9,827.9,191.0,192.5,196.0,197.0,4.55,75.7,3.28,-5.8,0.891,0,nominal,0,0.0,194.94,701788.9
211.2,mission_cruise,72.65258476931629,3200.0,43.673707615341854,4140.2,826.4,835.3,837.2,827.0,191.4,193.7,196.6,197.2,4.59,74.9,3.281,4137.0,826.9,834.9,837.9,827.9,191.0,192.5,196.0,197.0,4.55,75.7,3.28,-5.8,0.891,0,nominal,0,0.0,194.94,701788.8
211.3,mission_cruise,72.6514730405781,3200.0,43.67426347971095,4142.8,827.3,831.7,837.4,829.2,190.6,193.6,196.3,197.7,4.49,75.2,3.237,4137.0,826.8,834.8,837.8,827.8,191.0,192.5,196.0,197.0,4.55,75.7,3.28,-5.8,0.891,0,nominal,0,0.0,194.94,701788.7
211.4,mission_cruise,72.65036131183992,3200.0,43.67481934408004,4137.0,826.1,836.0,838.0,828.7,191.2,193.4,195.3,197.7,4.53,75.5,3.297,4136.9,826.8,834.8,837.8,827.8,191.0,192.5,196.0,197.0,4.55,75.7,3.28,-5.8,0.891,0,nominal,0,0.0,194.94,701788.6
211.5,mission_cruise,72.64924958310172,3200.0,43.67537520844914,4135.4,827.2,834.9,838.9,829.4,191.1,193.7,195.5,197.0,4.61,76.1,3.282,4136.9,826.8,834.8,837.8,827.8,191.0,192.5,196.0,197.0,4.55,75.7,3.28,-5.8,0.891,0,nominal,0,0.0,194.94,701788.5
211.6,mission_cruise,72.64813785436354,3200.0,43.67593107281823,4132.0,826.5,834.4,837.9,827.3,189.8,192.0,196.1,195.9,4.53,75.5,3.257,4136.9,826.8,834.8,837.8,827.8,191.0,192.5,196.0,197.0,4.55,75.7,3.28,-5.8,0.891,0,nominal,0,0.0,194.94,701788.4
211.7,mission_cruise,72.64702612562535,3200.0,43.67648693718733,4142.5,830.3,836.1,836.8,829.3,191.2,192.6,196.5,197.4,4.56,76.0,3.239,4136.8,826.8,834.8,837.8,827.8,191.0,192.5,196.0,197.0,4.55,75.7,3.28,-5.8,0.891,0,nominal,0,0.0,194.94,701788.3
211.8,mission_cruise,72.64591439688716,3200.0,43.67704280155642,4134.1,827.9,834.0,835.7,828.0,190.6,192.8,196.0,197.4,4.57,75.8,3.29,4136.8,826.8,834.8,837.8,827.8,191.0,192.5,196.0,197.0,4.55,75.7,3.28,-5.8,0.891,0,nominal,0,0.0,194.94,701788.2
211.9,mission_cruise,72.64480266814897,3200.0,43.677598665925515,4145.4,827.0,834.4,837.8,823.0,189.8,191.9,195.3,196.4,4.53,75.4,3.342,4136.8,826.8,834.8,837.8,827.8,191.0,192.5,196.0,197.0,4.55,75.7,3.28,-5.8,0.891,0,nominal,0,0.0,194.94,701788.1
212.0,mission_cruise,72.64369093941079,3200.0,43.678154530294606,4146.4,827.3,834.3,839.0,827.3,190.5,192.5,197.0,197.8,4.53,76.1,3.248,4136.7,826.8,834.8,837.8,827.8,191.0,192.5,196.0,197.0,4.55,75.7,3.28,-5.8,0.891,0,nominal,0,0.0,194.94,701788.0
212.1,mission_cruise,72.6425792106726,3200.0,43.6787103946637,4138.8,827.5,837.3,838.7,829.5,191.2,191.7,195.7,197.3,4.6,76.0,3.232,4136.7,826.8,834.8,837.8,827.8,191.0,192.5,196.0,197.0,4.55,75.7,3.28,-5.8,0.891,0,nominal,0,0.0,194.94,701787.9
212.2,mission_cruise,72.64146748193441,3200.0,43.679266259032794,4137.1,825.8,834.3,839.7,826.4,191.2,192.1,196.2,197.1,4.55,75.9,3.261,4136.7,826.8,834.8,837.8,827.8,191.0,192.5,196.0,197.0,4.55,75.7,3.28,-5.8,0.891,0,nominal,0,0.0,194.94,701787.8
212.3,mission_cruise,72.64035575319622,3200.0,43.67982212340189,4125.7,827.5,835.7,839.1,826.4,190.9,192.8,194.9,198.8,4.56,76.0,3.246,4136.6,826.8,834.8,837.8,827.8,191.0,192.5,196.0,197.0,4.55,75.7,3.279,-5.8,0.891,0,nominal,0,0.0,194.94,701787.7
212.4,mission_cruise,72.63924402445804,3200.0,43.68037798777098,4141.6,825.8,835.7,837.7,831.2,190.4,191.5,195.8,196.8,4.56,75.7,3.285,4136.6,826.8,834.8,837.8,827.8,191.0,192.5,196.0,197.0,4.55,75.7,3.279,-5.8,0.891,0,nominal,0,0.0,194.94,701787.6
212.5,mission_cruise,72.63813229571984,3200.0,43.68093385214008,4132.9,826.6,834.9,836.8,826.7,190.3,192.1,196.1,196.9,4.56,74.7,3.268,4136.6,826.8,834.8,837.8,827.8,191.0,192.5,196.0,197.0,4.55,75.7,3.279,-5.8,0.891,0,nominal,0,0.0,194.94,701787.5
212.6,mission_cruise,72.63702056698166,3200.0,43.68148971650917,4130.8,828.2,836.2,839.3,826.5,190.7,192.4,197.1,196.8,4.55,75.6,3.25,4136.5,826.8,834.8,837.8,827.8,191.0,192.5,196.0,197.0,4.55,75.7,3.279,-5.8,0.891,0,nominal,0,0.0,194.94,701787.4
212.7,mission_cruise,72.63590883824347,3200.0,43.68204558087827,4133.3,829.3,835.8,838.1,828.8,191.0,192.0,195.7,197.8,4.52,76.2,3.316,4136.5,826.8,834.8,837.8,827.8,191.0,192.5,196.0,197.0,4.55,75.7,3.279,-5.8,0.891,0,nominal,0,0.0,194.94,701787.3
212.8,mission_cruise,72.63479710950529,3200.0,43.68260144524736,4136.3,824.9,835.0,836.8,826.7,191.6,193.4,196.0,197.4,4.54,75.8,3.278,4136.5,826.8,834.8,837.8,827.8,191.0,192.5,196.0,197.0,4.55,75.7,3.279,-5.8,0.891,0,nominal,0,0.0,194.94,701787.2
212.9,mission_cruise,72.63368538076709,3200.0,43.683157309616455,4129.9,827.7,834.6,835.3,825.9,190.2,191.8,196.1,197.2,4.58,75.9,3.335,4136.4,826.8,834.8,837.8,827.8,191.0,192.5,196.0,197.0,4.55,75.7,3.279,-5.8,0.891,0,nominal,0,0.0,194.94,701787.1
213.0,mission_cruise,72.63257365202891,3200.0,43.683713173985545,4130.9,828.0,833.6,838.4,828.4,190.8,192.8,195.9,197.7,4.58,75.3,3.3,4136.4,826.8,834.8,837.8,827.8,191.0,192.5,196.0,197.0,4.55,75.7,3.279,-5.8,0.891,0,nominal,0,0.0,194.94,701787.0
213.1,mission_cruise,72.63146192329071,3200.0,43.68426903835464,4141.1,826.1,836.7,837.5,827.9,191.2,191.5,195.6,197.8,4.54,75.3,3.273,4136.4,826.8,834.8,837.8,827.8,191.0,192.5,196.0,197.0,4.55,75.7,3.279,-5.8,0.891,0,nominal,0,0.0,194.94,701786.9
213.2,mission_cruise,72.63035019455253,3200.0,43.68482490272373,4131.5,823.1,835.8,841.0,827.9,192.5,192.9,196.9,197.7,4.53,75.5,3.27,4136.3,826.8,834.8,837.8,827.8,191.0,192.5,196.0,197.0,4.55,75.7,3.279,-5.8,0.891,0,nominal,0,0.0,194.94,701786.8
213.3,mission_cruise,72.62923846581434,3200.0,43.68538076709283,4147.0,825.0,836.3,837.9,828.7,191.1,192.7,195.7,196.8,4.53,75.4,3.316,4136.3,826.8,834.8,837.8,827.8,191.0,192.5,196.0,197.0,4.55,75.7,3.279,-5.8,0.891,0,nominal,0,0.0,194.94,701786.7
213.4,mission_cruise,72.62812673707616,3200.0,43.68593663146192,4139.3,829.0,836.4,838.6,824.3,191.0,192.8,196.0,196.8,4.57,75.1,3.293,4136.3,826.8,834.8,837.8,827.8,191.0,192.5,196.0,197.0,4.55,75.7,3.279,-5.8,0.891,0,nominal,0,0.0,194.94,701786.6
213.5,mission_cruise,72.62701500833796,3200.0,43.68649249583102,4135.1,823.6,834.7,838.3,829.2,191.1,192.6,196.2,197.1,4.57,75.9,3.35,4136.2,826.8,834.8,837.8,827.8,191.0,192.5,196.0,197.0,4.55,75.7,3.279,-5.8,0.891,0,nominal,0,0.0,194.94,701786.5
213.6,mission_cruise,72.62590327959978,3200.0,43.68704836020011,4126.3,826.9,833.9,836.0,826.9,191.3,192.5,196.5,197.0,4.56,75.5,3.203,4136.2,826.8,834.8,837.8,827.8,191.0,192.5,196.0,197.0,4.55,75.7,3.279,-5.8,0.891,0,nominal,0,0.0,194.94,701786.4
213.7,mission_cruise,72.62479155086159,3200.0,43.687604224569206,4139.1,825.5,835.5,837.7,827.3,191.4,193.0,195.5,197.0,4.57,75.3,3.309,4136.2,826.8,834.8,837.8,827.8,191.0,192.5,196.0,197.0,4.55,75.7,3.279,-5.8,0.891,0,nominal,0,0.0,194.94,701786.3
213.8,mission_cruise,72.6236798221234,3200.0,43.6881600889383,4140.0,827.7,832.7,839.5,831.3,190.6,192.0,195.2,197.0,4.53,75.7,3.297,4136.1,826.8,834.8,837.8,827.8,191.0,192.5,196.0,197.0,4.55,75.7,3.279,-5.8,0.891,0,nominal,0,0.0,194.94,701786.2
213.9,mission_cruise,72.62256809338521,3200.0,43.688715953307394,4138.6,827.3,835.9,837.5,829.2,190.9,192.5,195.5,196.8,4.57,75.8,3.284,4136.1,826.8,834.8,837.8,827.8,191.0,192.5,196.0,197.0,4.55,75.7,3.279,-5.8,0.891,0,nominal,0,0.0,194.94,701786.1
214.0,mission_cruise,72.62145636464703,3200.0,43.689271817676484,4139.2,826.0,836.6,837.6,829.3,191.0,192.3,195.3,197.6,4.57,75.8,3.284,4136.1,826.8,834.8,837.8,827.8,191.0,192.5,196.0,197.0,4.55,75.7,3.279,-5.8,0.891,0,nominal,0,0.0,194.94,701786.0
214.1,mission_cruise,72.62034463590884,3200.0,43.68982768204558,4115.2,825.7,834.6,840.3,828.2,191.4,192.8,195.6,197.5,4.54,76.4,3.269,4136.0,826.8,834.8,837.8,827.8,191.0,192.5,196.0,197.0,4.55,75.7,3.279,-5.8,0.891,0,nominal,0,0.0,194.94,701785.9
214.2,mission_cruise,72.61923290717066,3200.0,43.69038354641467,4133.5,828.0,837.0,834.7,827.7,191.2,193.4,195.4,196.9,4.53,76.0,3.225,4136.0,826.8,834.8,837.8,827.8,191.0,192.5,196.0,197.0,4.55,75.7,3.279,-5.8,0.891,0,nominal,0,0.0,194.94,701785.8
214.3,mission_cruise,72.61812117843246,3200.0,43.69093941078377,4123.5,826.3,835.4,837.1,826.1,190.8,193.3,195.9,197.8,4.53,75.9,3.246,4135.9,826.8,834.8,837.8,827.8,191.0,192.5,196.0,197.0,4.55,75.7,3.279,-5.8,0.891,0,nominal,0,0.0,194.94,701785.7
214.4,mission_cruise,72.61700944969428,3200.0,43.69149527515286,4132.9,825.3,833.7,836.6,826.7,191.0,192.3,195.5,196.4,4.55,75.5,3.331,4135.9,826.8,834.8,837.8,827.8,191.0,192.5,196.0,197.0,4.55,75.7,3.279,-5.8,0.891,0,nominal,0,0.0,194.94,701785.6
214.5,mission_cruise,72.61589772095608,3200.0,43.69205113952196,4135.3,826.5,834.3,837.4,829.1,191.2,192.8,196.5,197.0,4.53,75.7,3.272,4135.9,826.8,834.8,837.8,827.8,191.0,192.5,196.0,197.0,4.55,75.7,3.279,-5.8,0.891,0,nominal,0,0.0,194.94,701785.5
214.6,mission_cruise,72.6147859922179,3200.0,43.69260700389105,4135.7,828.2,835.1,840.3,828.8,190.5,192.8,196.1,196.9,4.57,75.4,3.246,4135.8,826.8,834.8,837.8,827.8,191.0,192.5,196.0,197.0,4.55,75.7,3.279,-5.8,0.891,0,nominal,0,0.0,194.94,701785.4
214.7,mission_cruise,72.61367426347971,3200.0,43.693162868260146,4140.9,825.6,836.1,838.7,826.4,191.0,191.8,195.9,197.1,4.57,76.4,3.255,4135.8,826.8,834.8,837.8,827.8,191.0,192.5,196.0,197.0,4.55,75.7,3.278,-5.8,0.891,0,nominal,0,0.0,194.94,701785.3
214.8,mission_cruise,72.61256253474153,3200.0,43.693718732629236,4137.5,825.7,835.8,838.1,829.4,190.9,191.7,195.9,196.2,4.52,76.5,3.277,4135.8,826.8,834.8,837.8,827.8,191.0,192.5,196.0,197.0,4.55,75.7,3.278,-5.8,0.891,0,nominal,0,0.0,194.94,701785.2
214.9,mission_cruise,72.61145080600333,3200.0,43.69427459699833,4124.3,826.2,834.6,836.5,829.2,190.7,191.9,195.8,196.8,4.53,75.8,3.299,4135.7,826.8,834.8,837.8,827.8,191.0,192.5,196.0,197.0,4.55,75.7,3.278,-5.8,0.891,0,nominal,0,0.0,194.94,701785.1
215.0,mission_cruise,72.61033907726515,3200.0,43.694830461367424,4136.8,825.9,835.8,836.2,826.1,191.7,192.4,195.0,196.6,4.55,75.1,3.258,4135.7,826.8,834.8,837.8,827.8,191.0,192.5,196.0,197.0,4.55,75.7,3.278,-5.8,0.891,0,nominal,0,0.0,194.94,701785.0
215.1,mission_cruise,72.60922734852696,3200.0,43.69538632573652,4127.3,825.1,836.0,835.9,828.3,190.6,192.1,196.0,198.0,4.55,76.0,3.264,4135.7,826.8,834.8,837.8,827.8,191.0,192.5,196.0,197.0,4.55,75.7,3.278,-5.8,0.891,0,nominal,0,0.0,194.94,701784.9
215.2,mission_cruise,72.60811561978878,3200.0,43.69594219010561,4138.6,826.5,835.9,837.8,827.8,192.3,191.7,195.1,197.3,4.54,76.1,3.253,4135.6,826.8,834.8,837.8,827.8,191.0,192.5,196.0,197.0,4.55,75.7,3.278,-5.8,0.891,0,nominal,0,0.0,194.94,701784.8
215.3,mission_cruise,72.60700389105058,3200.0,43.69649805447471,4124.6,827.9,836.1,836.9,827.8,191.1,192.6,195.0,197.5,4.53,75.4,3.248,4135.6,826.8,834.8,837.8,827.8,191.0,192.5,196.0,197.0,4.55,75.7,3.278,-5.8,0.891,0,nominal,0,0.0,194.94,701784.7
215.4,mission_cruise,72.6058921623124,3200.0,43.6970539188438,4136.9,828.3,834.0,836.9,828.8,190.4,192.3,195.1,197.3,4.51,75.3,3.286,4135.6,826.8,834.8,837.8,827.8,191.0,192.5,196.0,197.0,4.55,75.7,3.278,-5.8,0.891,0,nominal,0,0.0,194.94,701784.6
215.5,mission_cruise,72.6047804335742,3200.0,43.6976097832129,4137.9,827.7,834.6,841.5,829.6,189.9,191.9,196.4,197.4,4.53,75.5,3.298,4135.5,826.8,834.8,837.8,827.8,191.0,192.5,196.0,197.0,4.55,75.7,3.278,-5.8,0.891,0,nominal,0,0.0,194.94,701784.5
215.6,mission_cruise,72.60366870483602,3200.0,43.69816564758199,4125.4,828.4,835.0,837.3,827.2,191.4,192.3,195.4,196.7,4.58,76.5,3.265,4135.5,826.8,834.8,837.8,827.8,191.0,192.5,196.0,197.0,4.55,75.7,3.278,-5.8,0.891,0,nominal,0,0.0,194.94,701784.4
215.7,mission_cruise,72.60255697609783,3200.0,43.698721511951085,4135.4,828.6,835.5,839.2,829.9,189.5,192.7,196.3,196.9,4.58,75.7,3.311,4135.5,826.8,834.8,837.8,827.8,191.0,192.5,196.0,197.0,4.55,75.7,3.278,-5.8,0.891,0,nominal,0,0.0,194.94,701784.3
215.8,mission_cruise,72.60144524735965,3200.0,43.699277376320175,4138.9,826.8,836.5,837.9,826.5,191.2,193.2,196.3,197.6,4.55,75.4,3.265,4135.4,826.8,834.8,837.8,827.8,191.0,192.5,196.0,197.0,4.55,75.7,3.278,-5.8,0.891,0,nominal,0,0.0,194.94,701784.2
215.9,mission_cruise,72.60033351862145,3200.0,43.69983324068927,4138.2,825.1,834.9,835.9,826.3,191.4,192.5,196.2,196.0,4.55,76.1,3.341,4135.4,826.8,834.8,837.8,827.8,191.0,192.5,196.0,197.0,4.55,75.7,3.278,-5.8,0.891,0,nominal,0,0.0,194.94,701784.1
216.0,mission_cruise,72.59922178988327,3200.0,43.70038910505836,4129.4,826.4,836.2,839.1,828.2,189.4,192.0,196.7,196.2,4.55,76.1,3.293,4135.4,826.8,834.8,837.8,827.8,191.0,192.5,196.0,197.0,4.55,75.7,3.278,-5.8,0.891,0,nominal,0,0.0,194.94,701784.0
216.1,mission_cruise,72.59811006114508,3200.0,43.70094496942746,4136.7,825.9,835.9,834.9,827.4,190.4,193.1,196.6,196.7,4.54,75.3,3.287,4135.3,826.8,834.8,837.8,827.8,191.0,192.5,196.0,197.0,4.55,75.7,3.278,-5.8,0.891,0,nominal,0,0.0,194.94,701783.9
216.2,mission_cruise,72.5969983324069,3200.0,43.70150083379655,4142.3,824.2,835.3,842.0,827.2,190.9,194.0,195.7,197.1,4.51,75.2,3.248,4135.3,826.8,834.8,837.8,827.8,191.0,192.5,196.0,197.0,4.55,75.7,3.278,-5.8,0.891,0,nominal,0,0.0,194.94,701783.8
216.3,mission_cruise,72.5958866036687,3200.0,43.70205669816565,4130.1,826.7,835.5,837.2,828.0,191.0,191.9,195.8,197.3,4.58,75.7,3.251,4135.3,826.8,834.8,837.8,827.8,191.0,192.5,196.0,197.0,4.55,75.7,3.278,-5.8,0.891,0,nominal,0,0.0,194.94,701783.7
216.4,mission_cruise,72.59477487493052,3200.0,43.70261256253474,4137.4,826.7,837.2,837.7,826.1,190.7,192.1,196.3,197.2,4.58,75.8,3.29,4135.2,826.8,834.8,837.8,827.8,191.0,192.5,196.0,197.0,4.55,75.7,3.278,-5.8,0.891,0,nominal,0,0.0,194.94,701783.6
216.5,mission_cruise,72.59366314619233,3200.0,43.70316842690384,4129.7,828.9,835.0,839.0,825.7,190.3,193.0,195.8,197.2,4.57,75.2,3.236,4135.2,826.7,834.7,837.7,827.7,191.0,192.5,196.0,197.0,4.55,75.7,3.278,-5.8,0.891,0,nominal,0,0.0,194.94,701783.5
216.6,mission_cruise,72.59255141745415,3200.0,43.70372429127293,4134.5,827.3,835.4,838.8,829.4,191.7,193.0,195.7,196.9,4.55,76.2,3.306,4135.2,826.7,834.7,837.7,827.7,191.0,192.5,196.0,197.0,4.55,75.7,3.278,-5.8,0.891,0,nominal,0,0.0,194.94,701783.4
216.7,mission_cruise,72.59143968871595,3200.0,43.704280155642024,4133.6,827.0,833.0,837.1,828.3,190.2,192.9,196.3,196.6,4.53,75.5,3.295,4135.1,826.7,834.7,837.7,827.7,191.0,192.5,196.0,197.0,4.55,75.7,3.278,-5.8,0.891,0,nominal,0,0.0,194.94,701783.3
216.8,mission_cruise,72.59032795997777,3200.0,43.704836020011115,4133.8,826.0,834.6,836.8,826.2,190.8,192.1,195.4,195.7,4.54,75.3,3.254,4135.1,826.7,834.7,837.7,827.7,191.0,192.5,196.0,197.0,4.55,75.7,3.278,-5.8,0.891,0,nominal,0,0.0,194.94,701783.2
216.9,mission_cruise,72.58921623123958,3200.0,43.70539188438021,4140.7,826.4,834.1,838.5,826.1,191.5,191.7,196.2,197.5,4.53,75.4,3.32,4135.1,826.7,834.7,837.7,827.7,191.0,192.5,196.0,197.0,4.55,75.7,3.278,-5.8,0.891,0,nominal,0,0.0,194.94,701783.1
217.0,mission_cruise,72.5881045025014,3200.0,43.7059477487493,4138.5,826.2,834.8,836.5,829.0,190.7,193.2,195.8,196.8,4.61,75.8,3.296,4135.0,826.7,834.7,837.7,827.7,191.0,192.5,196.0,197.0,4.55,75.7,3.278,-5.8,0.891,0,nominal,0,0.0,194.94,701783.0
217.1,mission_cruise,72.5869927737632,3200.0,43.7065036131184,4130.4,825.4,835.9,836.8,826.4,191.7,192.0,194.7,196.1,4.56,76.2,3.27,4135.0,826.7,834.7,837.7,827.7,191.0,192.5,196.0,197.0,4.55,75.7,3.278,-5.8,0.891,0,nominal,0,0.0,194.94,701782.9
217.2,mission_cruise,72.58588104502502,3200.0,43.70705947748749,4129.0,824.9,833.4,837.4,825.6,190.3,192.5,195.9,197.1,4.52,75.1,3.229,4135.0,826.7,834.7,837.7,827.7,191.0,192.5,196.0,197.0,4.55,75.7,3.277,-5.8,0.891,0,nominal,0,0.0,194.94,701782.8
217.3,mission_cruise,72.58476931628682,3200.0,43.70761534185659,4127.1,826.1,835.6,836.6,828.7,191.0,191.6,196.3,197.6,4.59,75.7,3.278,4134.9,826.7,834.7,837.7,827.7,191.0,192.5,196.0,197.0,4.55,75.7,3.277,-5.8,0.891,0,nominal,0,0.0,194.94,701782.7
217.4,mission_cruise,72.58365758754864,3200.0,43.70817120622568,4133.6,827.7,834.3,835.2,826.2,190.3,194.0,195.3,196.7,4.6,76.4,3.264,4134.9,826.7,834.7,837.7,827.7,191.0,192.5,196.0,197.0,4.55,75.7,3.277,-5.8,0.891,0,nominal,0,0.0,194.94,701782.6
217.5,mission_cruise,72.58254585881045,3200.0,43.708727070594776,4133.0,826.0,833.9,838.5,826.5,191.1,193.5,196.5,195.8,4.52,75.7,3.285,4134.9,826.7,834.7,837.7,827.7,191.0,192.5,196.0,197.0,4.55,75.7,3.277,-5.8,0.891,0,nominal,0,0.0,194.94,701782.5
217.6,mission_cruise,72.58143413007227,3200.0,43.709282934963866,4118.0,825.7,834.3,837.9,829.3,192.1,191.8,195.5,196.9,4.53,76.1,3.324,4134.8,826.7,834.7,837.7,827.7,191.0,192.5,196.0,197.0,4.55,75.7,3.277,-5.8,0.891,0,nominal,0,0.0,194.94,701782.4
217.7,mission_cruise,72.58032240133407,3200.0,43.709838799332964,4122.6,827.0,836.0,838.5,828.9,190.3,192.6,195.4,197.0,4.57,75.9,3.303,4134.8,826.7,834.7,837.7,827.7,191.0,192.5,196.0,197.0,4.55,75.7,3.277,-5.8,0.891,0,nominal,0,0.0,194.94,701782.3
217.8,mission_cruise,72.57921067259589,3200.0,43.710394663702054,4136.0,828.0,835.7,838.2,828.6,191.2,192.4,195.7,197.8,4.57,76.1,3.298,4134.8,826.7,834.7,837.7,827.7,191.0,192.5,196.0,197.0,4.55,75.7,3.277,-5.8,0.891,0,nominal,0,0.0,194.94,701782.2
217.9,mission_cruise,72.5780989438577,3200.0,43.71095052807115,4129.6,827.6,834.7,837.2,829.5,191.5,192.6,196.8,197.1,4.55,75.7,3.322,4134.7,826.7,834.7,837.7,827.7,190.9,192.4,195.9,196.9,4.55,75.7,3.277,-5.8,0.891,0,nominal,0,0.0,194.94,701782.1
218.0,mission_cruise,72.57698721511952,3200.0,43.71150639244024,4133.6,826.8,832.7,839.0,830.1,190.1,191.8,195.8,196.6,4.55,75.6,3.255,4134.7,826.7,834.7,837.7,827.7,190.9,192.4,195.9,196.9,4.55,75.7,3.277,-5.8,0.891,0,nominal,0,0.0,194.94,701782.0
218.1,mission_cruise,72.57587548638132,3200.0,43.71206225680934,4132.2,828.3,835.3,836.2,827.6,191.5,193.2,195.7,196.8,4.55,76.7,3.29,4134.7,826.7,834.7,837.7,827.7,190.9,192.4,195.9,196.9,4.55,75.7,3.277,-5.8,0.891,0,nominal,0,0.0,194.94,701781.9
218.2,mission_cruise,72.57476375764314,3200.0,43.71261812117843,4128.4,829.4,834.5,836.6,826.3,190.2,192.3,195.2,197.5,4.52,75.1,3.295,4134.6,826.7,834.7,837.7,827.7,190.9,192.4,195.9,196.9,4.55,75.7,3.277,-5.8,0.891,0,nominal,0,0.0,194.94,701781.8
218.3,mission_cruise,72.57365202890495,3200.0,43.71317398554753,4133.2,828.8,834.5,837.3,830.7,190.4,192.5,196.5,197.5,4.55,74.8,3.235,4134.6,826.7,834.7,837.7,827.7,190.9,192.4,195.9,196.9,4.55,75.7,3.277,-5.8,0.891,0,nominal,0,0.0,194.94,701781.7
218.4,mission_cruise,72.57254030016676,3200.0,43.71372984991662,4127.9,827.8,834.7,838.0,828.2,191.3,193.1,195.3,196.6,4.56,76.3,3.325,4134.6,826.7,834.7,837.7,827.7,190.9,192.4,195.9,196.9,4.55,75.7,3.277,-5.8,0.891,0,nominal,0,0.0,194.94,701781.6
218.5,mission_cruise,72.57142857142857,3200.0,43.714285714285715,4137.3,829.3,833.4,838.3,826.6,191.8,191.3,196.0,195.8,4.55,75.4,3.323,4134.5,826.7,834.7,837.7,827.7,190.9,192.4,195.9,196.9,4.55,75.7,3.277,-5.8,0.891,0,nominal,0,0.0,194.94,701781.5
218.6,mission_cruise,72.57031684269039,3200.0,43.714841578654806,4139.2,826.9,835.6,838.0,830.7,191.1,193.1,196.5,196.8,4.57,75.4,3.268,4134.5,826.7,834.7,837.7,827.7,190.9,192.4,195.9,196.9,4.55,75.7,3.277,-5.8,0.891,0,nominal,0,0.0,194.94,701781.4
218.7,mission_cruise,72.5692051139522,3200.0,43.7153974430239,4136.7,827.6,833.7,839.2,829.9,191.1,191.4,196.0,196.7,4.6,76.5,3.268,4134.4,826.7,834.7,837.7,827.7,190.9,192.4,195.9,196.9,4.55,75.7,3.277,-5.8,0.891,0,nominal,0,0.0,194.94,701781.3
218.8,mission_cruise,72.56809338521401,3200.0,43.715953307392994,4132.4,826.4,833.2,837.5,829.4,190.8,192.2,195.1,196.4,4.57,75.6,3.292,4134.4,826.7,834.7,837.7,827.7,190.9,192.4,195.9,196.9,4.55,75.7,3.277,-5.8,0.891,0,nominal,0,0.0,194.94,701781.2
218.9,mission_cruise,72.56698165647582,3200.0,43.71650917176209,4129.6,825.3,835.9,838.3,828.2,191.0,192.6,195.8,196.0,4.6,76.1,3.259,4134.4,826.7,834.7,837.7,827.7,190.9,192.4,195.9,196.9,4.55,75.7,3.277,-5.8,0.891,0,nominal,0,0.0,194.94,701781.1
219.0,mission_cruise,72.56586992773764,3200.0,43.71706503613118,4133.4,826.9,833.6,837.3,829.5,190.0,192.6,195.5,197.6,4.53,75.4,3.293,4134.3,826.7,834.7,837.7,827.7,190.9,192.4,195.9,196.9,4.55,75.7,3.277,-5.8,0.891,0,nominal,0,0.0,194.94,701781.0
219.1,mission_cruise,72.56475819899944,3200.0,43.71762090050028,4132.0,828.4,834.9,835.0,828.2,191.3,192.3,196.6,197.0,4.54,76.0,3.262,4134.3,826.7,834.7,837.7,827.7,190.9,192.4,195.9,196.9,4.55,75.7,3.277,-5.8,0.891,0,nominal,0,0.0,194.94,701780.9
219.2,mission_cruise,72.56364647026126,3200.0,43.71817676486937,4134.5,828.3,834.6,836.7,828.9,190.1,191.9,195.8,196.9,4.55,74.8,3.286,4134.3,826.7,834.7,837.7,827.7,190.9,192.4,195.9,196.9,4.55,75.7,3.277,-5.8,0.891,0,nominal,0,0.0,194.94,701780.8
219.3,mission_cruise,72.56253474152307,3200.0,43.71873262923847,4128.0,827.1,833.3,837.0,829.1,191.4,192.5,195.7,197.0,4.53,74.8,3.233,4134.2,826.7,834.7,837.7,827.7,190.9,192.4,195.9,196.9,4.55,75.7,3.277,-5.8,0.891,0,nominal,0,0.0,194.94,701780.7
219.4,mission_cruise,72.56142301278489,3200.0,43.71928849360756,4138.5,827.3,834.5,839.0,827.4,190.9,191.4,196.3,197.2,4.59,76.0,3.32,4134.2,826.7,834.7,837.7,827.7,190.9,192.4,195.9,196.9,4.55,75.7,3.277,-5.8,0.891,0,nominal,0,0.0,194.94,701780.6
219.5,mission_cruise,72.56031128404669,3200.0,43.719844357976655,4122.8,826.1,835.4,838.7,828.3,190.7,192.9,195.7,197.2,4.59,75.9,3.251,4134.2,826.7,834.7,837.7,827.7,190.9,192.4,195.9,196.9,4.55,75.7,3.277,-5.8,0.891,0,nominal,0,0.0,194.94,701780.5
219.6,mission_cruise,72.55919955530851,3200.0,43.720400222345745,4136.1,826.0,834.9,838.1,824.1,190.7,192.0,196.0,197.9,4.6,76.4,3.254,4134.1,826.7,834.7,837.7,827.7,190.9,192.4,195.9,196.9,4.55,75.7,3.276,-5.8,0.891,0,nominal,0,0.0,194.94,701780.4
219.7,mission_cruise,72.55808782657031,3200.0,43.72095608671484,4126.6,827.5,835.2,835.2,825.4,191.3,191.2,195.8,196.6,4.59,75.5,3.312,4134.1,826.7,834.7,837.7,827.7,190.9,192.4,195.9,196.9,4.55,75.7,3.276,-5.8,0.891,0,nominal,0,0.0,194.94,701780.3
219.8,mission_cruise,72.55697609783213,3200.0,43.72151195108393,4131.4,828.7,834.3,837.2,827.3,190.9,192.3,196.8,197.0,4.53,75.2,3.281,4134.1,826.7,834.7,837.7,827.7,190.9,192.4,195.9,196.9,4.55,75.7,3.276,-5.8,0.891,0,nominal,0,0.0,194.94,701780.2
219.9,mission_cruise,72.55586436909394,3200.0,43.72206781545303,4136.6,828.1,836.8,838.1,829.1,191.5,191.9,195.8,196.7,4.52,75.9,3.299,4134.0,826.7,834.7,837.7,827.7,190.9,192.4,195.9,196.9,4.55,75.7,3.276,-5.8,0.891,0,nominal,0,0.0,194.94,701780.1
220.0,mission_cruise,72.55475264035576,3200.0,43.72262367982212,4123.0,826.5,834.8,836.0,826.3,190.9,192.2,196.0,197.3,4.53,74.9,3.298,4134.0,826.7,834.7,837.7,827.7,190.9,192.4,195.9,196.9,4.55,75.7,3.276,-5.8,0.891,0,nominal,0,0.0,194.94,701780.0
220.1,mission_cruise,72.55364091161756,3200.0,43.72317954419122,4136.2,827.2,834.8,839.1,827.0,191.2,192.6,194.6,197.9,4.6,75.0,3.226,4134.0,826.7,834.7,837.7,827.7,190.9,192.4,195.9,196.9,4.55,75.7,3.276,-5.8,0.891,0,nominal,0,0.0,194.94,701779.9
220.2,mission_cruise,72.55252918287938,3200.0,43.72373540856031,4130.9,826.3,833.6,840.3,828.0,190.4,191.7,195.2,196.5,4.54,76.1,3.21,4133.9,826.7,834.7,837.7,827.7,190.9,192.4,195.9,196.9,4.55,75.7,3.276,-5.8,0.891,0,nominal,0,0.0,194.94,701779.8
220.3,mission_cruise,72.55141745414119,3200.0,43.724291272929406,4119.9,825.3,836.0,838.0,828.9,191.1,193.7,195.6,196.7,4.55,75.6,3.242,4133.9,826.7,834.7,837.7,827.7,190.9,192.4,195.9,196.9,4.55,75.7,3.276,-5.8,0.891,0,nominal,0,0.0,194.94,701779.7
220.4,mission_cruise,72.550305725403,3200.0,43.7248471372985,4131.5,826.9,834.5,837.5,826.1,190.1,192.5,195.8,197.5,4.62,75.7,3.279,4133.9,826.7,834.7,837.7,827.7,190.9,192.4,195.9,196.9,4.55,75.7,3.276,-5.8,0.891,0,nominal,0,0.0,194.94,701779.6
220.5,mission_cruise,72.54919399666481,3200.0,43.725403001667594,4122.3,824.4,835.6,839.9,828.6,190.8,192.2,196.6,198.1,4.55,75.3,3.307,4133.8,826.7,834.7,837.7,827.7,190.9,192.4,195.9,196.9,4.55,75.7,3.276,-5.8,0.891,0,nominal,0,0.0,194.94,701779.5
220.6,mission_cruise,72.54808226792663,3200.0,43.725958866036684,4140.9,825.9,833.8,837.5,826.2,191.2,192.2,196.1,197.3,4.57,76.0,3.302,4133.8,826.7,834.7,837.7,827.7,190.9,192.4,195.9,196.9,4.55,75.7,3.276,-5.8,0.891,0,nominal,0,0.0,194.94,701779.4
220.7,mission_cruise,72.54697053918844,3200.0,43.72651473040578,4130.4,826.2,834.9,840.5,827.2,191.3,192.2,195.4,197.7,4.55,75.8,3.276,4133.8,826.7,834.7,837.7,827.7,190.9,192.4,195.9,196.9,4.55,75.7,3.276,-5.8,0.891,0,nominal,0,0.0,194.94,701779.3
220.8,mission_cruise,72.54585881045026,3200.0,43.72707059477487,4131.6,826.4,835.4,835.7,830.1,191.8,192.4,195.7,195.7,4.57,75.6,3.258,4133.7,826.7,834.7,837.7,827.7,190.9,192.4,195.9,196.9,4.55,75.7,3.276,-5.8,0.891,0,nominal,0,0.0,194.94,701779.2
220.9,mission_cruise,72.54474708171206,3200.0,43.72762645914397,4134.1,828.5,832.9,836.2,827.6,190.8,192.6,196.7,198.0,4.55,75.7,3.28,4133.7,826.7,834.7,837.7,827.7,190.9,192.4,195.9,196.9,4.55,75.7,3.276,-5.8,0.891,0,nominal,0,0.0,194.94,701779.1
221.0,mission_cruise,72.54363535297388,3200.0,43.72818232351306,4120.7,825.1,833.1,838.2,827.7,189.9,191.9,196.1,197.2,4.53,75.3,3.289,4133.7,826.7,834.7,837.7,827.7,190.9,192.4,195.9,196.9,4.55,75.7,3.276,-5.8,0.891,0,nominal,0,0.0,194.94,701779.0
221.1,mission_cruise,72.54252362423568,3200.0,43.72873818788216,4139.4,826.2,836.3,839.6,830.1,190.6,192.5,195.5,197.7,4.58,74.6,3.249,4133.6,826.7,834.7,837.7,827.7,190.9,192.4,195.9,196.9,4.55,75.7,3.276,-5.8,0.891,0,nominal,0,0.0,194.94,701778.9
221.2,mission_cruise,72.5414118954975,3200.0,43.72929405225125,4139.3,826.5,834.5,839.2,826.5,191.4,191.2,196.6,196.5,4.57,76.0,3.328,4133.6,826.7,834.7,837.7,827.7,190.9,192.4,195.9,196.9,4.55,75.7,3.276,-5.8,0.891,0,nominal,0,0.0,194.94,701778.8
221.3,mission_cruise,72.54030016675931,3200.0,43.729849916620346,4139.5,826.7,834.1,836.3,826.9,189.2,191.5,195.9,196.3,4.54,75.6,3.271,4133.6,826.7,834.7,837.7,827.7,190.9,192.4,195.9,196.9,4.55,75.7,3.276,-5.8,0.891,0,nominal,0,0.0,194.94,701778.7
221.4,mission_cruise,72.53918843802113,3200.0,43.730405780989436,4126.3,827.2,836.3,838.7,828.9,191.5,192.2,195.2,196.6,4.55,76.0,3.233,4133.5,826.7,834.7,837.7,827.7,190.9,192.4,195.9,196.9,4.55,75.7,3.276,-5.8,0.891,0,nominal,0,0.0,194.94,701778.6
221.5,mission_cruise,72.53807670928293,3200.0,43.73096164535853,4126.3,826.8,835.4,838.3,825.9,190.2,192.0,195.2,197.5,4.58,75.2,3.294,4133.5,826.7,834.7,837.7,827.7,190.9,192.4,195.9,196.9,4.55,75.7,3.276,-5.8,0.891,0,nominal,0,0.0,194.94,701778.5
221.6,mission_cruise,72.53696498054475,3200.0,43.731517509727624,4143.3,825.3,834.1,838.9,826.6,190.9,192.2,196.4,196.6,4.52,75.8,3.266,4133.5,826.6,834.6,837.6,827.6,190.9,192.4,195.9,196.9,4.55,75.7,3.276,-5.8,0.891,0,nominal,0,0.0,194.94,701778.4
221.7,mission_cruise,72.53585325180656,3200.0,43.73207337409672,4145.7,824.0,832.6,835.8,830.7,192.0,192.3,195.6,196.6,4.56,75.8,3.312,4133.4,826.6,834.6,837.6,827.6,190.9,192.4,195.9,196.9,4.55,75.7,3.276,-5.8,0.891,0,nominal,0,0.0,194.94,701778.3
221.8,mission_cruise,72.53474152306838,3200.0,43.73262923846581,4126.8,826.3,835.5,836.5,829.8,191.2,191.9,196.7,196.8,4.55,75.6,3.261,4133.4,826.6,834.6,837.6,827.6,190.9,192.4,195.9,196.9,4.55,75.7,3.276,-5.8,0.891,0,nominal,0,0.0,194.94,701778.2
221.9,mission_cruise,72.53362979433018,3200.0,43.73318510283491,4129.0,828.0,835.7,838.5,827.2,190.0,192.9,195.3,197.9,4.54,75.8,3.305,4133.4,826.6,834.6,837.6,827.6,190.9,192.4,195.9,196.9,4.55,75.7,3.276,-5.8,0.891,0,nominal,0,0.0,194.94,701778.1
222.0,mission_cruise,72.532518065592,3200.0,43.733740967204,4129.2,825.3,837.4,836.9,828.4,190.7,191.5,194.7,196.2,4.54,75.8,3.326,4133.3,826.6,834.6,837.6,827.6,190.9,192.4,195.9,196.9,4.55,75.7,3.276,-5.8,0.891,0,nominal,0,0.0,194.94,701778.0
222.1,mission_cruise,72.5314063368538,3200.0,43.7342968315731,4127.0,826.3,835.0,839.6,830.5,190.8,193.3,197.0,197.3,4.59,76.2,3.348,4133.3,826.6,834.6,837.6,827.6,190.9,192.4,195.9,196.9,4.55,75.7,3.275,-5.8,0.891,0,nominal,0,0.0,194.94,701777.9
222.2,mission_cruise,72.53029460811563,3200.0,43.73485269594219,4125.4,824.6,835.2,840.9,827.0,190.8,191.4,196.2,197.0,4.51,76.0,3.244,4133.3,826.6,834.6,837.6,827.6,190.9,192.4,195.9,196.9,4.55,75.7,3.275,-5.8,0.891,0,nominal,0,0.0,194.94,701777.8
222.3,mission_cruise,72.52918287937743,3200.0,43.735408560311285,4149.1,826.7,835.7,839.2,828.9,189.9,191.8,195.6,196.8,4.53,75.0,3.28,4133.2,826.6,834.6,837.6,827.6,190.9,192.4,195.9,196.9,4.55,75.7,3.275,-5.8,0.891,0,nominal,0,0.0,194.94,701777.7
222.4,mission_cruise,72.52807115063925,3200.0,43.735964424680375,4132.5,827.3,834.8,839.8,827.8,191.4,192.3,194.6,197.1,4.55,75.0,3.286,4133.2,826.6,834.6,837.6,827.6,190.9,192.4,195.9,196.9,4.55,75.7,3.275,-5.8,0.891,0,nominal,0,0.0,194.94,701777.6
222.5,mission_cruise,72.52695942190105,3200.0,43.73652028904947,4132.3,828.0,835.0,837.9,831.7,191.0,192.5,195.0,197.0,4.56,75.2,3.285,4133.2,826.6,834.6,837.6,827.6,190.9,192.4,195.9,196.9,4.55,75.7,3.275,-5.8,0.891,0,nominal,0,0.0,194.94,701777.5
222.6,mission_cruise,72.52584769316287,3200.0,43.73707615341856,4132.7,828.1,835.3,837.3,826.0,191.4,192.0,196.6,196.8,4.58,76.1,3.247,4133.1,826.6,834.6,837.6,827.6,190.9,192.4,195.9,196.9,4.55,75.7,3.275,-5.8,0.891,0,nominal,0,0.0,194.94,701777.4
222.7,mission_cruise,72.52473596442468,3200.0,43.73763201778766,4125.3,829.7,836.4,837.7,828.3,191.2,192.5,195.8,196.0,4.57,75.9,3.337,4133.1,826.6,834.6,837.6,827.6,190.9,192.4,195.9,196.9,4.55,75.7,3.275,-5.8,0.891,0,nominal,0,0.0,194.94,701777.3
222.8,mission_cruise,72.5236242356865,3200.0,43.73818788215675,4123.5,824.1,834.6,840.1,829.0,190.5,192.0,195.7,196.4,4.55,75.5,3.315,4133.0,826.6,834.6,837.6,827.6,190.9,192.4,195.9,196.9,4.55,75.7,3.275,-5.8,0.891,0,nominal,0,0.0,194.94,701777.2
222.9,mission_cruise,72.5225125069483,3200.0,43.73874374652585,4138.5,825.8,834.4,836.6,826.6,190.9,191.6,196.5,197.0,4.56,75.3,3.266,4133.0,826.6,834.6,837.6,827.6,190.9,192.4,195.9,196.9,4.55,75.7,3.275,-5.8,0.891,0,nominal,0,0.0,194.94,701777.1
223.0,mission_cruise,72.52140077821012,3200.0,43.73929961089494,4133.3,824.6,832.7,837.4,827.7,190.9,192.5,195.4,197.1,4.52,75.5,3.3,4133.0,826.6,834.6,837.6,827.6,190.9,192.4,195.9,196.9,4.55,75.7,3.275,-5.8,0.891,0,nominal,0,0.0,194.94,701777.0
223.1,mission_cruise,72.52028904947193,3200.0,43.73985547526404,4138.8,827.6,833.4,838.1,828.4,190.7,193.0,196.2,197.4,4.54,76.7,3.357,4132.9,826.6,834.6,837.6,827.6,190.9,192.4,195.9,196.9,4.55,75.7,3.275,-5.8,0.891,0,nominal,0,0.0,194.94,701776.9
223.2,mission_cruise,72.51917732073375,3200.0,43.74041133963313,4135.6,825.1,834.5,838.0,826.6,189.5,191.5,197.6,197.6,4.58,75.9,3.22,4132.9,826.6,834.6,837.6,827.6,190.9,192.4,195.9,196.9,4.55,75.7,3.275,-5.8,0.891,0,nominal,0,0.0,194.94,701776.8
223.3,mission_cruise,72.51806559199555,3200.0,43.740967204002224,4130.0,826.8,832.0,839.0,827.9,190.7,193.8,195.4,197.4,4.54,75.8,3.31,4132.9,826.6,834.6,837.6,827.6,190.9,192.4,195.9,196.9,4.55,75.7,3.275,-5.8,0.891,0,nominal,0,0.0,194.94,701776.7
223.4,mission_cruise,72.51695386325737,3200.0,43.741523068371315,4137.1,827.8,837.2,839.3,827.2,191.4,192.1,196.7,196.8,4.58,75.1,3.236,4132.8,826.6,834.6,837.6,827.6,190.9,192.4,195.9,196.9,4.55,75.7,3.275,-5.8,0.891,0,nominal,0,0.0,194.94,701776.6
223.5,mission_cruise,72.51584213451918,3200.0,43.74207893274041,4132.2,829.0,835.7,836.2,828.6,191.6,191.9,195.6,196.6,4.56,75.6,3.259,4132.8,826.6,834.6,837.6,827.6,190.9,192.4,195.9,196.9,4.55,75.7,3.275,-5.8,0.891,0,nominal,0,0.0,194.94,701776.5
223.6,mission_cruise,72.514730405781,3200.0,43.7426347971095,4136.3,827.7,835.3,837.5,828.5,191.2,192.7,196.2,197.2,4.59,76.4,3.299,4132.8,826.6,834.6,837.6,827.6,190.9,192.4,195.9,196.9,4.55,75.7,3.275,-5.8,0.891,0,nominal,0,0.0,194.94,701776.4
223.7,mission_cruise,72.5136186770428,3200.0,43.7431906614786,4139.2,826.4,832.4,837.6,827.0,191.1,192.9,195.6,196.8,4.55,75.0,3.311,4132.7,826.6,834.6,837.6,827.6,190.9,192.4,195.9,196.9,4.55,75.7,3.275,-5.8,0.891,0,nominal,0,0.0,194.94,701776.3
223.8,mission_cruise,72.51250694830462,3200.0,43.74374652584769,4134.1,825.8,834.0,838.2,828.2,189.9,192.6,196.2,196.6,4.54,75.6,3.24,4132.7,826.6,834.6,837.6,827.6,190.9,192.4,195.9,196.9,4.55,75.7,3.275,-5.8,0.891,0,nominal,0,0.0,194.94,701776.2
223.9,mission_cruise,72.51139521956642,3200.0,43.74430239021679,4122.2,826.8,834.7,836.3,827.5,190.5,193.0,196.6,196.6,4.52,75.9,3.27,4132.7,826.6,834.6,837.6,827.6,190.9,192.4,195.9,196.9,4.55,75.7,3.275,-5.8,0.891,0,nominal,0,0.0,194.94,701776.1
224.0,mission_cruise,72.51028349082824,3200.0,43.74485825458588,4128.0,827.9,833.9,834.8,828.3,190.1,192.8,195.6,196.3,4.58,75.5,3.245,4132.6,826.6,834.6,837.6,827.6,190.9,192.4,195.9,196.9,4.55,75.7,3.275,-5.8,0.891,0,nominal,0,0.0,194.94,701776.0
224.1,mission_cruise,72.50917176209005,3200.0,43.745414118954976,4138.5,827.8,836.0,839.9,826.0,191.2,191.7,196.6,197.6,4.6,75.5,3.328,4132.6,826.6,834.6,837.6,827.6,190.9,192.4,195.9,196.9,4.55,75.7,3.275,-5.8,0.891,0,nominal,0,0.0,194.94,701775.9
224.2,mission_cruise,72.50806003335187,3200.0,43.745969983324066,4124.1,827.0,833.4,835.4,826.9,191.2,192.9,195.7,197.6,4.52,75.5,3.231,4132.6,826.6,834.6,837.6,827.6,190.9,192.4,195.9,196.9,4.55,75.7,3.275,-5.8,0.891,0,nominal,0,0.0,194.94,701775.8
224.3,mission_cruise,72.50694830461367,3200.0,43.746525847693164,4123.7,827.5,834.4,839.1,829.0,190.6,192.4,195.7,197.1,4.58,75.5,3.299,4132.5,826.6,834.6,837.6,827.6,190.9,192.4,195.9,196.9,4.55,75.7,3.275,-5.8,0.891,0,nominal,0,0.0,194.94,701775.7
224.4,mission_cruise,72.50583657587549,3200.0,43.747081712062254,4132.9,825.8,834.1,836.5,827.4,192.2,192.7,197.0,197.1,4.56,75.7,3.247,4132.5,826.6,834.6,837.6,827.6,190.9,192.4,195.9,196.9,4.55,75.7,3.275,-5.8,0.891,0,nominal,0,0.0,194.94,701775.6
224.5,mission_cruise,72.5047248471373,3200.0,43.74763757643135,4127.6,827.0,833.9,835.7,828.9,190.5,191.6,195.6,197.4,4.59,75.6,3.268,4132.5,826.6,834.6,837.6,827.6,190.9,192.4,195.9,196.9,4.55,75.7,3.274,-5.8,0.891,0,nominal,0,0.0,194.94,701775.5
224.6,mission_cruise,72.50361311839912,3200.0,43.74819344080044,4137.1,826.9,835.6,837.0,826.2,190.6,192.7,195.6,197.5,4.55,75.4,3.281,4132.4,826.6,834.6,837.6,827.6,190.9,192.4,195.9,196.9,4.55,75.7,3.274,-5.8,0.891,0,nominal,0,0.0,194.94,701775.4
224.7,mission_cruise,72.50250138966092,3200.0,43.74874930516954,4119.6,827.1,835.4,838.8,829.9,190.2,191.8,195.5,196.3,4.51,74.6,3.301,4132.4,826.6,834.6,837.6,827.6,190.9,192.4,195.9,196.9,4.55,75.7,3.274,-5.8,0.891,0,nominal,0,0.0,194.94,701775.3
224.8,mission_cruise,72.50138966092274,3200.0,43.74930516953863,4126.0,829.5,835.2,837.2,828.6,191.1,192.1,196.7,196.5,4.56,75.8,3.248,4132.4,826.6,834.6,837.6,827.6,190.9,192.4,195.9,196.9,4.55,75.7,3.274,-5.8,0.891,0,nominal,0,0.0,194.94,701775.2
224.9,mission_cruise,72.50027793218455,3200.0,43.74986103390773,4135.0,827.8,834.3,836.0,827.2,190.6,192.3,195.9,196.7,4.54,75.7,3.303,4132.3,826.6,834.6,837.6,827.6,190.9,192.4,195.9,196.9,4.55,75.7,3.274,-5.8,0.891,0,nominal,0,0.0,194.94,701775.1
225.0,mission_cruise,72.49916620344636,3200.0,43.75041689827682,4124.8,827.9,831.8,837.7,825.2,191.8,192.3,196.6,197.4,4.54,76.2,3.257,4132.3,826.6,834.6,837.6,827.6,190.9,192.4,195.9,196.9,4.55,75.7,3.274,-5.8,0.891,0,nominal,0,0.0,194.94,701775.0
225.1,mission_cruise,72.49805447470817,3200.0,43.750972762645915,4129.8,827.4,833.7,838.6,826.0,190.9,192.2,195.8,196.9,4.49,76.1,3.304,4132.3,826.6,834.6,837.6,827.6,190.9,192.4,195.9,196.9,4.55,75.7,3.274,-5.8,0.891,0,nominal,0,0.0,194.94,701774.9
225.2,mission_cruise,72.49694274596999,3200.0,43.751528627015006,4134.3,828.6,833.1,838.4,828.4,190.6,192.5,196.0,198.3,4.56,75.7,3.263,4132.2,826.6,834.6,837.6,827.6,190.9,192.4,195.9,196.9,4.55,75.7,3.274,-5.8,0.891,0,nominal,0,0.0,194.94,701774.8
225.3,mission_cruise,72.4958310172318,3200.0,43.7520844913841,4132.4,826.0,834.0,837.5,827.6,190.1,192.9,196.3,195.5,4.49,76.8,3.283,4132.2,826.6,834.6,837.6,827.6,190.9,192.4,195.9,196.9,4.55,75.7,3.274,-5.8,0.891,0,nominal,0,0.0,194.94,701774.7
225.4,mission_cruise,72.49471928849361,3200.0,43.75264035575319,4130.7,824.2,833.8,838.6,827.2,191.7,192.7,196.6,196.3,4.56,75.1,3.22,4132.2,826.6,834.6,837.6,827.6,190.9,192.4,195.9,196.9,4.55,75.7,3.274,-5.8,0.891,0,nominal,0,0.0,194.94,701774.6
225.5,mission_cruise,72.49360755975542,3200.0,43.75319622012229,4130.6,825.1,835.4,837.5,828.5,190.4,192.4,196.7,196.6,4.58,75.6,3.26,4132.1,826.6,834.6,837.6,827.6,190.9,192.4,195.9,196.9,4.55,75.7,3.274,-5.8,0.891,0,nominal,0,0.0,194.94,701774.5
225.6,mission_cruise,72.49249583101724,3200.0,43.75375208449138,4124.5,826.8,834.1,836.7,826.6,190.4,193.3,195.6,197.7,4.6,76.0,3.308,4132.1,826.6,834.6,837.6,827.6,190.9,192.4,195.9,196.9,4.55,75.7,3.274,-5.8,0.891,0,nominal,0,0.0,194.94,701774.4
225.7,mission_cruise,72.49138410227904,3200.0,43.75430794886048,4115.0,827.0,834.5,839.1,828.0,191.3,193.2,195.4,197.1,4.55,76.0,3.278,4132.1,826.6,834.6,837.6,827.6,190.9,192.4,195.9,196.9,4.55,75.7,3.274,-5.8,0.891,0,nominal,0,0.0,194.94,701774.3
225.8,mission_cruise,72.49027237354086,3200.0,43.75486381322957,4128.7,824.2,832.5,836.7,825.5,191.2,193.2,196.9,196.3,4.53,75.8,3.267,4132.0,826.6,834.6,837.6,827.6,190.9,192.4,195.9,196.9,4.55,75.7,3.274,-5.8,0.891,0,nominal,0,0.0,194.94,701774.2
225.9,mission_cruise,72.48916064480267,3200.0,43.75541967759867,4129.4,826.9,835.8,835.4,828.6,191.7,193.0,195.9,197.1,4.58,74.9,3.26,4132.0,826.6,834.6,837.6,827.6,190.9,192.4,195.9,196.9,4.55,75.7,3.274,-5.8,0.891,0,nominal,0,0.0,194.94,701774.1
226.0,mission_cruise,72.48804891606449,3200.0,43.75597554196776,4143.6,828.2,834.0,836.8,827.6,191.1,192.0,196.2,196.8,4.52,75.5,3.314,4132.0,826.6,834.6,837.6,827.6,190.9,192.4,195.9,196.9,4.55,75.7,3.274,-5.8,0.891,0,nominal,0,0.0,194.94,701774.0
226.1,mission_cruise,72.48693718732629,3200.0,43.756531406336855,4133.7,824.2,832.8,835.7,826.6,190.5,191.4,196.2,197.1,4.57,75.6,3.234,4131.9,826.6,834.6,837.6,827.6,190.9,192.4,195.9,196.9,4.55,75.7,3.274,-5.8,0.891,0,nominal,0,0.0,194.94,701773.9
226.2,mission_cruise,72.48582545858811,3200.0,43.757087270705945,4138.6,828.1,837.4,834.7,829.4,191.4,191.4,195.9,196.6,4.52,76.1,3.284,4131.9,826.6,834.6,837.6,827.6,190.9,192.4,195.9,196.9,4.55,75.7,3.274,-5.8,0.891,0,nominal,0,0.0,194.94,701773.8
226.3,mission_cruise,72.48471372984991,3200.0,43.75764313507504,4122.2,824.8,835.3,836.1,828.0,191.0,192.7,196.8,196.6,4.54,76.0,3.272,4131.9,826.6,834.6,837.6,827.6,190.9,192.4,195.9,196.9,4.55,75.7,3.274,-5.8,0.891,0,nominal,0,0.0,194.94,701773.7
226.4,mission_cruise,72.48360200111173,3200.0,43.75819899944413,4129.2,827.3,835.5,839.2,828.3,190.6,191.5,195.4,197.6,4.54,75.9,3.218,4131.8,826.6,834.6,837.6,827.6,190.9,192.4,195.9,196.9,4.55,75.7,3.274,-5.8,0.891,0,nominal,0,0.0,194.94,701773.6
226.5,mission_cruise,72.48249027237354,3200.0,43.75875486381323,4133.4,826.3,832.7,836.5,826.6,190.9,193.3,196.2,196.9,4.57,75.8,3.272,4131.8,826.6,834.6,837.6,827.6,190.9,192.4,195.9,196.9,4.55,75.7,3.274,-5.8,0.891,0,nominal,0,0.0,194.94,701773.5
226.6,mission_cruise,72.48137854363536,3200.0,43.75931072818232,4134.3,825.9,833.7,837.7,827.9,191.7,192.2,196.2,196.8,4.54,75.2,3.331,4131.8,826.6,834.6,837.6,827.6,190.9,192.4,195.9,196.9,4.55,75.7,3.274,-5.8,0.891,0,nominal,0,0.0,194.94,701773.4
226.7,mission_cruise,72.48026681489716,3200.0,43.75986659255142,4133.7,826.3,835.5,838.5,826.2,191.1,192.9,197.2,197.1,4.54,75.7,3.293,4131.7,826.6,834.6,837.6,827.6,190.9,192.4,195.9,196.9,4.55,75.7,3.274,-5.8,0.891,0,nominal,0,0.0,194.94,701773.3
226.8,mission_cruise,72.47915508615898,3200.0,43.76042245692051,4119.1,826.4,834.7,837.7,830.8,191.1,191.8,195.7,197.0,4.56,75.1,3.282,4131.7,826.5,834.5,837.5,827.5,190.9,192.4,195.9,196.9,4.55,75.7,3.274,-5.8,0.891,0,nominal,0,0.0,194.94,701773.2
226.9,mission_cruise,72.47804335742079,3200.0,43.760978321289606,4130.6,826.9,832.8,837.9,828.6,191.5,191.9,195.9,196.6,4.52,76.3,3.24,4131.6,826.5,834.5,837.5,827.5,190.9,192.4,195.9,196.9,4.55,75.7,3.274,-5.8,0.891,0,nominal,0,0.0,194.94,701773.1
227.0,mission_cruise,72.4769316286826,3200.0,43.7615341856587,4129.2,827.0,834.7,837.3,826.4,190.5,192.9,195.5,197.8,4.57,75.0,3.3,4131.6,826.5,834.5,837.5,827.5,190.9,192.4,195.9,196.9,4.55,75.7,3.273,-5.8,0.891,0,nominal,0,0.0,194.94,701773.0
227.1,mission_cruise,72.47581989994441,3200.0,43.762090050027794,4135.4,827.1,835.6,835.0,826.0,190.5,191.9,196.0,197.2,4.52,75.5,3.26,4131.6,826.5,834.5,837.5,827.5,190.9,192.4,195.9,196.9,4.55,75.7,3.273,-5.8,0.891,0,nominal,0,0.0,194.94,701772.9
227.2,mission_cruise,72.47470817120623,3200.0,43.762645914396884,4134.5,825.2,834.8,837.5,826.6,192.9,192.3,195.8,197.4,4.58,75.3,3.224,4131.5,826.5,834.5,837.5,827.5,190.9,192.4,195.9,196.9,4.55,75.7,3.273,-5.8,0.891,0,nominal,0,0.0,194.94,701772.8
227.3,mission_cruise,72.47359644246804,3200.0,43.76320177876598,4135.0,824.1,833.9,837.9,825.9,189.8,191.3,194.7,196.1,4.56,75.1,3.272,4131.5,826.5,834.5,837.5,827.5,190.9,192.4,195.9,196.9,4.55,75.7,3.273,-5.8,0.891,0,nominal,0,0.0,194.94,701772.7
227.4,mission_cruise,72.47248471372986,3200.0,43.76375764313507,4136.3,826.2,832.1,836.1,827.9,190.0,194.7,195.8,195.5,4.56,75.0,3.25,4131.5,826.5,834.5,837.5,827.5,190.9,192.4,195.9,196.9,4.55,75.7,3.273,-5.8,0.891,0,nominal,0,0.0,194.94,701772.6
227.5,mission_cruise,72.47137298499166,3200.0,43.76431350750417,4135.2,827.0,835.2,836.9,828.8,189.8,192.1,195.8,197.6,4.52,75.5,3.222,4131.4,826.5,834.5,837.5,827.5,190.9,192.4,195.9,196.9,4.55,75.7,3.273,-5.8,0.891,0,nominal,0,0.0,194.94,701772.5
227.6,mission_cruise,72.47026125625348,3200.0,43.76486937187326,4139.6,824.3,832.1,837.0,829.7,191.4,192.9,195.0,196.1,4.54,75.0,3.292,4131.4,826.5,834.5,837.5,827.5,190.9,192.4,195.9,196.9,4.55,75.7,3.273,-5.8,0.891,0,nominal,0,0.0,194.94,701772.4
227.7,mission_cruise,72.46914952751528,3200.0,43.76542523624236,4134.0,825.6,834.0,838.1,828.2,190.8,191.8,195.8,196.9,4.55,74.9,3.282,4131.4,826.5,834.5,837.5,827.5,190.9,192.4,195.9,196.9,4.55,75.7,3.273,-5.8,0.891,0,nominal,0,0.0,194.94,701772.3
227.8,mission_cruise,72.4680377987771,3200.0,43.76598110061145,4141.0,825.3,833.2,838.0,829.0,190.6,192.8,195.5,197.5,4.56,75.5,3.311,4131.3,826.5,834.5,837.5,827.5,190.9,192.4,195.9,196.9,4.55,75.7,3.273,-5.8,0.891,0,nominal,0,0.0,194.94,701772.2
227.9,mission_cruise,72.46692607003891,3200.0,43.766536964980546,4141.5,825.9,835.6,839.0,825.3,189.8,192.8,196.6,196.2,4.55,75.9,3.276,4131.3,826.5,834.5,837.5,827.5,190.9,192.4,195.9,196.9,4.55,75.7,3.273,-5.8,0.891,0,nominal,0,0.0,194.94,701772.1
228.0,mission_cruise,72.46581434130073,3200.0,43.767092829349636,4128.8,828.5,833.3,837.0,827.8,190.3,192.9,196.3,196.8,4.61,75.5,3.27,4131.3,826.5,834.5,837.5,827.5,190.9,192.4,195.9,196.9,4.55,75.7,3.273,-5.8,0.891,0,nominal,0,0.0,194.94,701772.0
228.1,mission_cruise,72.46470261256253,3200.0,43.76764869371873,4123.4,824.1,835.8,837.9,827.8,190.8,192.2,195.8,197.6,4.57,75.8,3.331,4131.2,826.5,834.5,837.5,827.5,190.9,192.4,195.9,196.9,4.55,75.7,3.273,-5.8,0.891,0,nominal,0,0.0,194.94,701771.9
228.2,mission_cruise,72.46359088382435,3200.0,43.768204558087824,4123.4,826.2,835.3,835.5,826.9,190.4,191.8,196.3,197.0,4.51,76.1,3.273,4131.2,826.5,834.5,837.5,827.5,190.9,192.4,195.9,196.9,4.55,75.7,3.273,-5.8,0.891,0,nominal,0,0.0,194.94,701771.8
228.3,mission_cruise,72.46247915508616,3200.0,43.76876042245692,4126.2,825.0,835.8,835.9,828.3,191.0,192.6,196.3,197.4,4.54,76.2,3.292,4131.2,826.5,834.5,837.5,827.5,190.9,192.4,195.9,196.9,4.55,75.7,3.273,-5.8,0.891,0,nominal,0,0.0,194.94,701771.7
228.4,mission_cruise,72.46136742634798,3200.0,43.76931628682601,4133.0,824.7,834.1,837.9,828.1,190.2,192.3,196.2,196.9,4.54,76.2,3.256,4131.1,826.5,834.5,837.5,827.5,190.9,192.4,195.9,196.9,4.55,75.7,3.273,-5.8,0.891,0,nominal,0,0.0,194.94,701771.6
228.5,mission_cruise,72.46025569760978,3200.0,43.76987215119511,4129.4,827.6,835.7,833.3,826.7,191.1,192.0,195.5,197.8,4.57,75.4,3.251,4131.1,826.5,834.5,837.5,827.5,190.9,192.4,195.9,196.9,4.55,75.7,3.273,-5.8,0.891,0,nominal,0,0.0,194.94,701771.5
228.6,mission_cruise,72.4591439688716,3200.0,43.7704280155642,4134.6,827.6,835.5,840.4,829.0,190.3,191.7,195.1,197.6,4.51,75.4,3.248,4131.1,826.5,834.5,837.5,827.5,190.9,192.4,195.9,196.9,4.55,75.7,3.273,-5.8,0.891,0,nominal,0,0.0,194.94,701771.4
228.7,mission_cruise,72.4580322401334,3200.0,43.7709838799333,4132.0,826.0,833.7,836.6,828.7,191.2,192.2,196.6,197.0,4.53,75.1,3.283,4131.0,826.5,834.5,837.5,827.5,190.9,192.4,195.9,196.9,4.55,75.7,3.273,-5.8,0.891,0,nominal,0,0.0,194.94,701771.3
228.8,mission_cruise,72.45692051139523,3200.0,43.77153974430239,4136.3,827.5,833.7,839.0,828.1,190.9,191.2,196.5,196.6,4.56,75.7,3.301,4131.0,826.5,834.5,837.5,827.5,190.9,192.4,195.9,196.9,4.55,75.7,3.273,-5.8,0.891,0,nominal,0,0.0,194.94,701771.2
228.9,mission_cruise,72.45580878265703,3200.0,43.772095608671485,4135.7,824.9,835.3,836.6,826.0,191.2,192.4,196.8,197.2,4.53,75.4,3.306,4131.0,826.5,834.5,837.5,827.5,190.9,192.4,195.9,196.9,4.55,75.7,3.273,-5.8,0.891,0,nominal,0,0.0,194.94,701771.1
229.0,mission_cruise,72.45469705391885,3200.0,43.772651473040575,4140.0,827.3,833.0,836.4,827.0,192.2,192.1,195.7,196.8,4.56,75.6,3.344,4130.9,826.5,834.5,837.5,827.5,190.9,192.4,195.9,196.9,4.55,75.7,3.273,-5.8,0.891,0,nominal,0,0.0,194.94,701771.0
229.1,mission_cruise,72.45358532518065,3200.0,43.77320733740967,4137.8,825.8,836.5,839.2,829.1,190.2,192.0,194.8,197.7,4.53,74.8,3.277,4130.9,826.5,834.5,837.5,827.5,190.9,192.4,195.9,196.9,4.55,75.7,3.273,-5.8,0.891,0,nominal,0,0.0,194.94,701770.9
229.2,mission_cruise,72.45247359644247,3200.0,43.77376320177876,4134.6,826.6,835.0,835.1,826.8,190.9,193.2,195.1,197.2,4.53,75.5,3.277,4130.9,826.5,834.5,837.5,827.5,190.9,192.4,195.9,196.9,4.55,75.7,3.273,-5.8,0.891,0,nominal,0,0.0,194.94,701770.8
229.3,mission_cruise,72.45136186770428,3200.0,43.77431906614786,4125.6,825.3,834.1,837.8,827.1,190.3,192.4,195.5,196.3,4.55,75.0,3.289,4130.8,826.5,834.5,837.5,827.5,190.9,192.4,195.9,196.9,4.55,75.7,3.273,-5.8,0.891,0,nominal,0,0.0,194.94,701770.7
229.4,mission_cruise,72.4502501389661,3200.0,43.77487493051695,4125.0,827.0,835.2,836.7,824.6,191.8,192.1,195.4,196.8,4.57,75.6,3.267,4130.8,826.5,834.5,837.5,827.5,190.9,192.4,195.9,196.9,4.55,75.7,3.272,-5.8,0.891,0,nominal,0,0.0,194.94,701770.6
229.5,mission_cruise,72.4491384102279,3200.0,43.77543079488605,4136.2,826.8,835.9,838.0,829.5,190.7,191.6,195.6,197.5,4.55,75.4,3.277,4130.8,826.5,834.5,837.5,827.5,190.9,192.4,195.9,196.9,4.55,75.7,3.272,-5.8,0.891,0,nominal,0,0.0,194.94,701770.5
229.6,mission_cruise,72.44802668148972,3200.0,43.77598665925514,4138.3,826.3,833.6,836.1,827.1,191.2,192.8,195.6,197.4,4.56,76.3,3.281,4130.7,826.5,834.5,837.5,827.5,190.9,192.4,195.9,196.9,4.55,75.7,3.272,-5.8,0.891,0,nominal,0,0.0,194.94,701770.4
229.7,mission_cruise,72.44691495275153,3200.0,43.77654252362424,4131.4,826.6,835.0,839.0,828.3,190.6,191.7,196.5,196.4,4.57,75.4,3.239,4130.7,826.5,834.5,837.5,827.5,190.9,192.4,195.9,196.9,4.55,75.7,3.272,-5.8,0.891,0,nominal,0,0.0,194.94,701770.3
229.8,mission_cruise,72.44580322401335,3200.0,43.77709838799333,4130.7,825.6,832.7,837.0,827.1,190.1,191.6,196.0,196.6,4.5,75.6,3.285,4130.7,826.5,834.5,837.5,827.5,190.9,192.4,195.9,196.9,4.55,75.7,3.272,-5.8,0.891,0,nominal,0,0.0,194.94,701770.2
229.9,mission_cruise,72.44469149527515,3200.0,43.777654252362424,4132.2,825.2,834.8,837.3,830.4,190.4,193.0,196.4,197.0,4.52,75.6,3.307,4130.6,826.5,834.5,837.5,827.5,190.9,192.4,195.9,196.9,4.55,75.7,3.272,-5.8,0.891,0,nominal,0,0.0,194.94,701770.1
230.0,mission_cruise,72.44357976653697,3200.0,43.778210116731515,4130.3,827.2,834.1,838.5,828.8,189.7,192.5,196.5,196.2,4.57,75.1,3.256,4130.6,826.5,834.5,837.5,827.5,190.9,192.4,195.9,196.9,4.55,75.7,3.272,-5.8,0.891,0,nominal,0,0.0,194.94,701770.0
230.1,mission_cruise,72.44246803779878,3200.0,43.77876598110061,4133.8,825.6,833.6,837.1,828.1,191.5,192.7,196.1,196.6,4.56,75.1,3.304,4130.6,826.5,834.5,837.5,827.5,190.9,192.4,195.9,196.9,4.55,75.7,3.272,-5.8,0.891,0,nominal,0,0.0,194.94,701769.9
230.2,mission_cruise,72.4413563090606,3200.0,43.7793218454697,4133.0,826.1,832.8,839.6,828.1,191.9,191.4,196.0,196.5,4.55,75.8,3.253,4130.5,826.5,834.5,837.5,827.5,190.9,192.4,195.9,196.9,4.55,75.7,3.272,-5.8,0.891,0,nominal,0,0.0,194.94,701769.8
230.3,mission_cruise,72.4402445803224,3200.0,43.7798777098388,4132.4,828.5,833.7,835.7,829.7,191.6,192.2,195.8,196.5,4.56,75.7,3.264,4130.5,826.5,834.5,837.5,827.5,190.9,192.4,195.9,196.9,4.55,75.7,3.272,-5.8,0.891,0,nominal,0,0.0,194.94,701769.7
230.4,mission_cruise,72.43913285158422,3200.0,43.78043357420789,4134.5,826.9,833.1,836.8,826.7,190.4,192.2,195.6,197.5,4.54,75.7,3.26,4130.5,826.5,834.5,837.5,827.5,190.9,192.4,195.9,196.9,4.55,75.7,3.272,-5.8,0.891,0,nominal,0,0.0,194.94,701769.6
230.5,mission_cruise,72.43802112284602,3200.0,43.78098943857699,4136.6,827.7,833.2,838.9,827.1,191.4,192.8,196.0,196.4,4.56,74.7,3.258,4130.4,826.5,834.5,837.5,827.5,190.9,192.4,195.9,196.9,4.55,75.7,3.272,-5.8,0.891,0,nominal,0,0.0,194.94,701769.5
230.6,mission_cruise,72.43690939410784,3200.0,43.78154530294608,4128.1,826.2,832.1,840.3,826.0,191.7,192.8,196.1,196.3,4.56,76.1,3.269,4130.4,826.5,834.5,837.5,827.5,190.9,192.4,195.9,196.9,4.55,75.7,3.272,-5.8,0.891,0,nominal,0,0.0,194.94,701769.4
230.7,mission_cruise,72.43579766536965,3200.0,43.782101167315176,4133.9,822.7,831.4,837.2,826.1,189.6,192.8,196.7,196.7,4.54,75.0,3.261,4130.4,826.5,834.5,837.5,827.5,190.9,192.4,195.9,196.9,4.55,75.7,3.272,-5.8,0.891,0,nominal,0,0.0,194.94,701769.3
230.8,mission_cruise,72.43468593663147,3200.0,43.782657031684266,4131.0,828.1,834.1,838.5,828.3,190.8,193.1,196.0,196.7,4.56,75.0,3.324,4130.3,826.5,834.5,837.5,827.5,190.9,192.4,195.9,196.9,4.55,75.7,3.272,-5.8,0.891,0,nominal,0,0.0,194.94,701769.2
230.9,mission_cruise,72.43357420789327,3200.0,43.783212896053364,4139.8,826.4,834.5,836.2,830.2,190.7,193.2,195.6,197.4,4.54,75.2,3.251,4130.3,826.5,834.5,837.5,827.5,190.9,192.4,195.9,196.9,4.55,75.7,3.272,-5.8,0.891,0,nominal,0,0.0,194.94,701769.1
231.0,mission_cruise,72.43246247915509,3200.0,43.783768760422454,4134.6,827.6,833.9,837.5,827.1,191.0,192.8,195.2,197.5,4.55,75.7,3.259,4130.3,826.5,834.5,837.5,827.5,190.9,192.4,195.9,196.9,4.55,75.7,3.272,-5.8,0.891,0,nominal,0,0.0,194.94,701769.0
231.1,mission_cruise,72.4313507504169,3200.0,43.78432462479155,4133.8,828.5,833.3,837.5,827.1,190.0,192.2,195.7,197.1,4.6,75.6,3.251,4130.2,826.5,834.5,837.5,827.5,190.9,192.4,195.9,196.9,4.55,75.7,3.272,-5.8,0.891,0,nominal,0,0.0,194.94,701768.9
231.2,mission_cruise,72.43023902167872,3200.0,43.78488048916064,4118.7,829.5,834.8,839.2,827.2,191.4,191.9,194.8,196.8,4.53,75.6,3.239,4130.2,826.5,834.5,837.5,827.5,190.9,192.4,195.9,196.9,4.55,75.7,3.272,-5.8,0.891,0,nominal,0,0.0,194.94,701768.8
231.3,mission_cruise,72.42912729294052,3200.0,43.78543635352974,4120.7,826.6,833.9,837.2,828.1,192.1,192.4,195.3,196.9,4.57,75.3,3.258,4130.1,826.5,834.5,837.5,827.5,190.9,192.4,195.9,196.9,4.55,75.7,3.272,-5.8,0.891,0,nominal,0,0.0,194.94,701768.7
231.4,mission_cruise,72.42801556420234,3200.0,43.78599221789883,4132.5,824.9,833.0,837.3,828.4,191.0,190.7,196.2,197.1,4.57,76.3,3.28,4130.1,826.5,834.5,837.5,827.5,190.9,192.4,195.9,196.9,4.55,75.7,3.272,-5.8,0.891,0,nominal,0,0.0,194.94,701768.6
231.5,mission_cruise,72.42690383546415,3200.0,43.78654808226793,4121.5,825.0,835.6,836.8,829.1,189.7,192.6,196.7,195.4,4.56,75.6,3.284,4130.1,826.5,834.5,837.5,827.5,190.9,192.4,195.9,196.9,4.55,75.7,3.272,-5.8,0.891,0,nominal,0,0.0,194.94,701768.5
231.6,mission_cruise,72.42579210672596,3200.0,43.78710394663702,4129.6,826.1,836.9,837.6,827.9,190.7,192.5,196.2,197.2,4.56,74.8,3.311,4130.0,826.5,834.5,837.5,827.5,190.9,192.4,195.9,196.9,4.55,75.7,3.272,-5.8,0.891,0,nominal,0,0.0,194.94,701768.4
231.7,mission_cruise,72.42468037798777,3200.0,43.787659811006115,4136.2,824.8,833.1,839.0,825.8,191.0,191.7,196.2,195.8,4.54,76.1,3.283,4130.0,826.5,834.5,837.5,827.5,190.9,192.4,195.9,196.9,4.55,75.7,3.272,-5.8,0.891,0,nominal,0,0.0,194.94,701768.3
231.8,mission_cruise,72.42356864924959,3200.0,43.788215675375206,4126.6,825.8,836.4,837.2,825.2,190.4,192.9,196.0,197.1,4.56,75.7,3.328,4130.0,826.5,834.5,837.5,827.5,190.9,192.4,195.9,196.9,4.55,75.7,3.272,-5.8,0.891,0,nominal,0,0.0,194.94,701768.2
231.9,mission_cruise,72.4224569205114,3200.0,43.7887715397443,4131.4,825.9,835.1,839.5,827.2,191.1,192.7,195.4,197.3,4.51,75.9,3.218,4129.9,826.5,834.5,837.5,827.5,190.9,192.4,195.9,196.9,4.55,75.7,3.271,-5.8,0.891,0,nominal,0,0.0,194.94,701768.1
232.0,mission_cruise,72.42134519177321,3200.0,43.78932740411339,4122.8,827.1,835.4,836.2,827.4,190.1,191.8,195.8,197.4,4.55,75.9,3.268,4129.9,826.4,834.4,837.4,827.4,190.9,192.4,195.9,196.9,4.55,75.7,3.271,-5.8,0.891,0,nominal,0,0.0,194.94,701768.0
232.1,mission_cruise,72.42023346303502,3200.0,43.78988326848249,4133.7,828.2,833.6,836.5,830.5,190.9,192.9,196.1,196.8,4.53,74.9,3.267,4129.9,826.4,834.4,837.4,827.4,190.9,192.4,195.9,196.9,4.55,75.7,3.271,-5.8,0.891,0,nominal,0,0.0,194.94,701767.9
232.2,mission_cruise,72.41912173429684,3200.0,43.79043913285158,4128.7,827.1,836.0,836.2,829.6,189.8,191.4,196.3,196.6,4.54,75.7,3.285,4129.8,826.4,834.4,837.4,827.4,190.9,192.4,195.9,196.9,4.55,75.7,3.271,-5.8,0.891,0,nominal,0,0.0,194.94,701767.8
232.3,mission_cruise,72.41801000555864,3200.0,43.79099499722068,4128.4,824.2,833.5,835.7,827.8,191.0,192.4,196.1,195.2,4.52,75.5,3.244,4129.8,826.4,834.4,837.4,827.4,190.9,192.4,195.9,196.9,4.55,75.7,3.271,-5.8,0.891,0,nominal,0,0.0,194.94,701767.7
232.4,mission_cruise,72.41689827682046,3200.0,43.79155086158977,4124.7,827.7,831.9,838.6,828.5,190.3,192.3,196.3,196.8,4.53,76.3,3.269,4129.8,826.4,834.4,837.4,827.4,190.9,192.4,195.9,196.9,4.55,75.7,3.271,-5.8,0.891,0,nominal,0,0.0,194.94,701767.6
232.5,mission_cruise,72.41578654808227,3200.0,43.79210672595887,4127.2,824.4,833.0,837.0,823.9,190.6,192.1,195.7,196.6,4.56,75.6,3.281,4129.7,826.4,834.4,837.4,827.4,190.9,192.4,195.9,196.9,4.55,75.7,3.271,-5.8,0.891,0,nominal,0,0.0,194.94,701767.5
232.6,mission_cruise,72.41467481934409,3200.0,43.79266259032796,4123.4,828.9,834.0,839.0,830.9,191.2,192.6,195.4,197.4,4.54,76.2,3.248,4129.7,826.4,834.4,837.4,827.4,190.9,192.4,195.9,196.9,4.55,75.7,3.271,-5.8,0.891,0,nominal,0,0.0,194.94,701767.4
232.7,mission_cruise,72.41356309060589,3200.0,43.793218454697055,4128.7,827.9,833.3,837.2,830.4,191.6,192.0,194.7,197.2,4.48,76.2,3.22,4129.7,826.4,834.4,837.4,827.4,190.9,192.4,195.9,196.9,4.55,75.7,3.271,-5.8,0.891,0,nominal,0,0.0,194.94,701767.3
232.8,mission_cruise,72.41245136186771,3200.0,43.793774319066145,4130.1,827.0,835.1,837.2,825.2,190.9,192.6,197.0,196.5,4.55,75.6,3.276,4129.6,826.4,834.4,837.4,827.4,190.9,192.4,195.9,196.9,4.55,75.7,3.271,-5.8,0.891,0,nominal,0,0.0,194.94,701767.2
232.9,mission_cruise,72.41133963312951,3200.0,43.79433018343524,4123.0,827.5,831.8,838.2,828.4,190.8,192.0,196.9,196.9,4.55,75.7,3.272,4129.6,826.4,834.4,837.4,827.4,190.9,192.4,195.9,196.9,4.55,75.7,3.271,-5.8,0.891,0,nominal,0,0.0,194.94,701767.1
233.0,mission_cruise,72.41022790439133,3200.0,43.79488604780433,4125.1,825.0,835.6,838.8,828.0,189.6,191.6,195.1,196.5,4.56,75.8,3.271,4129.6,826.4,834.4,837.4,827.4,190.9,192.4,195.9,196.9,4.55,75.7,3.271,-5.8,0.891,0,nominal,0,0.0,194.94,701767.0
233.1,mission_cruise,72.40911617565314,3200.0,43.79544191217343,4118.9,825.8,831.3,838.2,826.8,192.1,193.1,195.5,196.8,4.51,75.7,3.314,4129.5,826.4,834.4,837.4,827.4,190.9,192.4,195.9,196.9,4.55,75.7,3.271,-5.8,0.891,0,nominal,0,0.0,194.94,701766.9
233.2,mission_cruise,72.40800444691496,3200.0,43.79599777654252,4121.5,826.7,832.6,836.7,825.6,190.8,192.5,195.0,197.4,4.58,76.0,3.245,4129.5,826.4,834.4,837.4,827.4,190.9,192.4,195.9,196.9,4.55,75.7,3.271,-5.8,0.891,0,nominal,0,0.0,194.94,701766.8
233.3,mission_cruise,72.40689271817676,3200.0,43.79655364091162,4124.7,827.4,834.2,836.0,827.4,191.1,191.3,195.5,196.3,4.5,75.8,3.271,4129.5,826.4,834.4,837.4,827.4,190.9,192.4,195.9,196.9,4.55,75.7,3.271,-5.8,0.891,0,nominal,0,0.0,194.94,701766.7
233.4,mission_cruise,72.40578098943858,3200.0,43.79710950528071,4140.8,828.7,834.1,837.5,829.4,191.0,192.6,195.7,195.7,4.55,76.5,3.238,4129.4,826.4,834.4,837.4,827.4,190.9,192.4,195.9,196.9,4.55,75.7,3.271,-5.8,0.891,0,nominal,0,0.0,194.94,701766.6
233.5,mission_cruise,72.40466926070039,3200.0,43.797665369649806,4128.5,827.2,833.0,835.8,826.9,190.4,192.2,195.6,196.3,4.54,76.0,3.22,4129.4,826.4,834.4,837.4,827.4,190.9,192.4,195.9,196.9,4.55,75.7,3.271,-5.8,0.891,0,nominal,0,0.0,194.94,701766.5
233.6,mission_cruise,72.4035575319622,3200.0,43.7982212340189,4121.6,827.4,835.5,835.3,828.3,191.2,192.3,195.4,196.3,4.53,75.6,3.274,4129.4,826.4,834.4,837.4,827.4,190.9,192.4,195.9,196.9,4.55,75.7,3.271,-5.8,0.891,0,nominal,0,0.0,194.94,701766.4
233.7,mission_cruise,72.40244580322401,3200.0,43.798777098387994,4129.1,828.5,835.2,835.9,828.6,191.4,191.5,195.9,197.6,4.52,75.7,3.298,4129.3,826.4,834.4,837.4,827.4,190.9,192.4,195.9,196.9,4.55,75.7,3.271,-5.8,0.891,0,nominal,0,0.0,194.94,701766.3
233.8,mission_cruise,72.40133407448583,3200.0,43.799332962757084,4126.8,827.7,834.4,837.3,827.5,190.8,191.4,195.8,196.8,4.54,75.0,3.276,4129.3,826.4,834.4,837.4,827.4,190.9,192.4,195.9,196.9,4.55,75.7,3.271,-5.8,0.891,0,nominal,0,0.0,194.94,701766.2
233.9,mission_cruise,72.40022234574764,3200.0,43.79988882712618,4131.7,825.8,834.1,839.2,828.1,190.4,192.3,196.6,197.0,4.56,75.6,3.21,4129.3,826.4,834.4,837.4,827.4,190.9,192.4,195.9,196.9,4.55,75.7,3.271,-5.8,0.891,0,nominal,0,0.0,194.94,701766.1
234.0,mission_cruise,72.39911061700946,3200.0,43.80044469149527,4126.7,826.6,835.4,836.2,828.2,190.7,191.8,195.9,196.9,4.56,74.7,3.313,4129.2,826.4,834.4,837.4,827.4,190.9,192.4,195.9,196.9,4.55,75.7,3.271,-5.8,0.891,0,nominal,0,0.0,194.94,701766.0
234.1,mission_cruise,72.39799888827126,3200.0,43.80100055586437,4138.2,825.0,835.5,838.3,829.0,191.1,192.7,196.8,196.8,4.54,75.8,3.304,4129.2,826.4,834.4,837.4,827.4,190.9,192.4,195.9,196.9,4.55,75.7,3.271,-5.8,0.891,0,nominal,0,0.0,194.93,701765.9
234.2,mission_cruise,72.39688715953308,3200.0,43.80155642023346,4131.5,827.4,837.6,837.6,828.3,190.5,193.2,196.0,197.1,4.54,75.7,3.329,4129.2,826.4,834.4,837.4,827.4,190.9,192.4,195.9,196.9,4.55,75.7,3.271,-5.8,0.891,0,nominal,0,0.0,194.93,701765.8
234.3,mission_cruise,72.39577543079488,3200.0,43.80211228460256,4129.5,827.9,834.5,838.3,828.8,190.5,192.7,195.2,197.2,4.55,76.0,3.268,4129.1,826.4,834.4,837.4,827.4,190.8,192.3,195.8,196.8,4.55,75.7,3.27,-5.8,0.891,0,nominal,0,0.0,194.93,701765.7
234.4,mission_cruise,72.3946637020567,3200.0,43.80266814897165,4124.1,826.9,835.5,837.6,826.7,190.5,192.0,196.8,195.4,4.56,76.0,3.221,4129.1,826.4,834.4,837.4,827.4,190.8,192.3,195.8,196.8,4.55,75.7,3.27,-5.8,0.891,0,nominal,0,0.0,194.93,701765.6
234.5,mission_cruise,72.39355197331851,3200.0,43.803224013340746,4125.3,825.5,832.8,838.2,825.7,191.0,192.6,195.3,197.5,4.55,75.6,3.296,4129.1,826.4,834.4,837.4,827.4,190.8,192.3,195.8,196.8,4.55,75.7,3.27,-5.8,0.891,0,nominal,0,0.0,194.93,701765.5
234.6,mission_cruise,72.39244024458033,3200.0,43.803779877709836,4130.6,825.7,837.0,839.9,828.6,191.9,191.3,195.4,197.0,4.58,75.7,3.248,4129.0,826.4,834.4,837.4,827.4,190.8,192.3,195.8,196.8,4.55,75.7,3.27,-5.8,0.891,0,nominal,0,0.0,194.93,701765.4
234.7,mission_cruise,72.39132851584213,3200.0,43.80433574207893,4124.1,826.4,836.4,835.1,827.8,191.5,193.6,194.7,196.0,4.59,75.3,3.275,4129.0,826.4,834.4,837.4,827.4,190.8,192.3,195.8,196.8,4.55,75.7,3.27,-5.8,0.891,0,nominal,0,0.0,194.93,701765.3
234.8,mission_cruise,72.39021678710395,3200.0,43.804891606448024,4131.4,826.9,833.3,836.0,825.9,191.5,192.7,195.5,196.6,4.54,76.0,3.246,4129.0,826.4,834.4,837.4,827.4,190.8,192.3,195.8,196.8,4.55,75.7,3.27,-5.8,0.891,0,nominal,0,0.0,194.93,701765.2
234.9,mission_cruise,72.38910505836576,3200.0,43.80544747081712,4130.5,825.5,833.8,836.7,828.2,191.6,191.4,195.5,197.5,4.57,75.5,3.278,4128.9,826.4,834.4,837.4,827.4,190.8,192.3,195.8,196.8,4.55,75.7,3.27,-5.8,0.891,0,nominal,0,0.0,194.93,701765.1
235.0,mission_cruise,72.38799332962758,3200.0,43.80600333518621,4132.1,825.5,836.6,836.9,825.3,190.3,192.7,195.4,196.7,4.54,75.6,3.276,4128.9,826.4,834.4,837.4,827.4,190.8,192.3,195.8,196.8,4.55,75.7,3.27,-5.8,0.891,0,nominal,0,0.0,194.93,701765.0
235.1,mission_cruise,72.38688160088938,3200.0,43.80655919955531,4130.1,823.2,835.6,835.6,829.0,190.6,192.1,196.7,196.7,4.54,75.1,3.248,4128.9,826.4,834.4,837.4,827.4,190.8,192.3,195.8,196.8,4.55,75.7,3.27,-5.8,0.891,0,nominal,0,0.0,194.93,701764.9
235.2,mission_cruise,72.3857698721512,3200.0,43.8071150639244,4135.7,825.6,835.0,838.2,826.2,190.3,192.8,196.4,196.3,4.55,75.9,3.238,4128.8,826.4,834.4,837.4,827.4,190.8,192.3,195.8,196.8,4.55,75.7,3.27,-5.8,0.891,0,nominal,0,0.0,194.93,701764.8
235.3,mission_cruise,72.384658143413,3200.0,43.8076709282935,4128.1,825.7,833.1,836.8,827.5,190.3,191.6,196.0,196.7,4.55,75.2,3.29,4128.8,826.4,834.4,837.4,827.4,190.8,192.3,195.8,196.8,4.55,75.7,3.27,-5.8,0.891,0,nominal,0,0.0,194.93,701764.7
235.4,mission_cruise,72.38354641467483,3200.0,43.80822679266259,4124.6,825.4,835.9,836.7,824.8,191.3,192.5,195.4,197.2,4.58,75.9,3.31,4128.7,826.4,834.4,837.4,827.4,190.8,192.3,195.8,196.8,4.55,75.7,3.27,-5.8,0.891,0,nominal,0,0.0,194.93,701764.6
235.5,mission_cruise,72.38243468593663,3200.0,43.808782657031685,4134.7,826.6,833.1,838.0,825.4,191.4,193.0,196.3,196.7,4.55,75.8,3.267,4128.7,826.4,834.4,837.4,827.4,190.8,192.3,195.8,196.8,4.55,75.7,3.27,-5.8,0.891,0,nominal,0,0.0,194.93,701764.5
235.6,mission_cruise,72.38132295719845,3200.0,43.809338521400775,4132.4,825.3,835.9,835.7,826.1,191.2,192.6,195.5,196.7,4.53,75.2,3.269,4128.7,826.4,834.4,837.4,827.4,190.8,192.3,195.8,196.8,4.55,75.6,3.27,-5.8,0.891,0,nominal,0,0.0,194.93,701764.4
235.7,mission_cruise,72.38021122846025,3200.0,43.80989438576987,4131.4,825.5,836.5,836.0,829.9,191.4,192.2,195.8,197.7,4.56,75.9,3.319,4128.6,826.4,834.4,837.4,827.4,190.8,192.3,195.8,196.8,4.55,75.6,3.27,-5.8,0.891,0,nominal,0,0.0,194.93,701764.3
235.8,mission_cruise,72.37909949972207,3200.0,43.81045025013896,4133.2,825.1,835.0,836.1,828.4,190.9,191.7,196.0,198.3,4.53,76.1,3.263,4128.6,826.4,834.4,837.4,827.4,190.8,192.3,195.8,196.8,4.55,75.6,3.27,-5.8,0.891,0,nominal,0,0.0,194.93,701764.2
235.9,mission_cruise,72.37798777098388,3200.0,43.81100611450806,4117.6,825.6,833.2,837.8,826.2,192.0,192.4,195.6,197.2,4.56,75.9,3.267,4128.6,826.4,834.4,837.4,827.4,190.8,192.3,195.8,196.8,4.55,75.6,3.27,-5.8,0.891,0,nominal,0,0.0,194.93,701764.1
236.0,mission_cruise,72.3768760422457,3200.0,43.81156197887715,4128.8,824.9,833.6,835.3,829.0,190.8,191.4,196.3,195.9,4.56,75.2,3.227,4128.5,826.4,834.4,837.4,827.4,190.8,192.3,195.8,196.8,4.55,75.6,3.27,-5.8,0.891,0,nominal,0,0.0,194.93,701764.0
236.1,mission_cruise,72.3757643135075,3200.0,43.81211784324625,4124.0,827.6,834.7,839.7,827.5,190.7,191.6,195.0,196.3,4.51,75.7,3.28,4128.5,826.4,834.4,837.4,827.4,190.8,192.3,195.8,196.8,4.55,75.6,3.27,-5.8,0.891,0,nominal,0,0.0,194.93,701763.9
236.2,mission_cruise,72.37465258476932,3200.0,43.81267370761534,4120.9,826.8,831.3,839.4,828.2,191.5,192.3,196.2,197.0,4.57,75.3,3.295,4128.5,826.4,834.4,837.4,827.4,190.8,192.3,195.8,196.8,4.55,75.6,3.27,-5.8,0.891,0,nominal,0,0.0,194.93,701763.8
236.3,mission_cruise,72.37354085603113,3200.0,43.81322957198444,4134.4,827.7,834.5,835.2,827.7,190.6,191.9,195.7,195.3,4.5,76.2,3.233,4128.4,826.4,834.4,837.4,827.4,190.8,192.3,195.8,196.8,4.55,75.6,3.27,-5.8,0.891,0,nominal,0,0.0,194.93,701763.7
236.4,mission_cruise,72.37242912729295,3200.0,43.81378543635353,4133.7,826.0,834.4,835.5,825.2,190.9,191.9,195.6,197.1,4.54,75.5,3.268,4128.4,826.4,834.4,837.4,827.4,190.8,192.3,195.8,196.8,4.55,75.6,3.27,-5.8,0.891,0,nominal,0,0.0,194.93,701763.6
236.5,mission_cruise,72.37131739855475,3200.0,43.814341300722624,4139.6,829.8,836.4,837.8,827.1,191.1,193.2,194.9,196.3,4.53,75.7,3.27,4128.4,826.4,834.4,837.4,827.4,190.8,192.3,195.8,196.8,4.55,75.6,3.27,-5.8,0.891,0,nominal,0,0.0,194.93,701763.5
236.6,mission_cruise,72.37020566981657,3200.0,43.814897165091715,4138.3,827.4,833.6,837.5,826.0,191.4,192.6,196.3,196.5,4.47,75.8,3.27,4128.3,826.4,834.4,837.4,827.4,190.8,192.3,195.8,196.8,4.55,75.6,3.27,-5.8,0.891,0,nominal,0,0.0,194.93,701763.4
236.7,mission_cruise,72.36909394107838,3200.0,43.81545302946081,4139.8,823.7,833.1,836.3,826.1,191.1,192.1,195.9,197.3,4.52,76.2,3.294,4128.3,826.4,834.4,837.4,827.4,190.8,192.3,195.8,196.8,4.55,75.6,3.269,-5.8,0.891,0,nominal,0,0.0,194.93,701763.3
236.8,mission_cruise,72.3679822123402,3200.0,43.8160088938299,4120.8,823.8,833.4,839.9,823.3,190.3,192.9,195.6,196.6,4.54,76.0,3.282,4128.3,826.4,834.4,837.4,827.4,190.8,192.3,195.8,196.8,4.55,75.6,3.269,-5.8,0.891,0,nominal,0,0.0,194.93,701763.2
236.9,mission_cruise,72.366870483602,3200.0,43.816564758199,4139.9,828.7,836.0,835.4,828.8,189.9,191.6,196.1,197.2,4.56,75.9,3.242,4128.2,826.4,834.4,837.4,827.4,190.8,192.3,195.8,196.8,4.55,75.6,3.269,-5.8,0.891,0,nominal,0,0.0,194.93,701763.1
237.0,mission_cruise,72.36575875486382,3200.0,43.81712062256809,4126.9,827.0,832.4,837.8,826.2,191.1,191.9,195.5,197.1,4.56,75.1,3.27,4128.2,826.4,834.4,837.4,827.4,190.8,192.3,195.8,196.8,4.55,75.6,3.269,-5.8,0.891,0,nominal,0,0.0,194.93,701763.0
237.1,mission_cruise,72.36464702612562,3200.0,43.81767648693719,4129.9,831.0,832.4,839.3,827.9,191.1,192.4,197.1,197.3,4.56,76.2,3.241,4128.2,826.3,834.3,837.3,827.3,190.8,192.3,195.8,196.8,4.55,75.6,3.269,-5.8,0.891,0,nominal,0,0.0,194.93,701762.9
237.2,mission_cruise,72.36353529738744,3200.0,43.81823235130628,4135.6,826.2,834.5,834.6,827.2,189.8,193.2,196.6,197.1,4.54,75.1,3.286,4128.1,826.3,834.3,837.3,827.3,190.8,192.3,195.8,196.8,4.55,75.6,3.269,-5.8,0.891,0,nominal,0,0.0,194.93,701762.8
237.3,mission_cruise,72.36242356864925,3200.0,43.818788215675376,4121.9,827.1,833.8,836.3,828.2,191.6,192.7,195.8,196.1,4.52,75.5,3.272,4128.1,826.3,834.3,837.3,827.3,190.8,192.3,195.8,196.8,4.55,75.6,3.269,-5.8,0.891,0,nominal,0,0.0,194.93,701762.7
237.4,mission_cruise,72.36131183991107,3200.0,43.819344080044466,4129.4,827.6,833.1,837.4,825.8,191.1,193.0,195.0,196.1,4.56,75.1,3.249,4128.1,826.3,834.3,837.3,827.3,190.8,192.3,195.8,196.8,4.55,75.6,3.269,-5.8,0.891,0,nominal,0,0.0,194.93,701762.6
237.5,mission_cruise,72.36020011117287,3200.0,43.819899944413564,4133.9,826.5,837.2,837.6,826.7,190.9,191.6,195.4,197.2,4.55,75.5,3.274,4128.0,826.3,834.3,837.3,827.3,190.8,192.3,195.8,196.8,4.55,75.6,3.269,-5.8,0.891,0,nominal,0,0.0,194.93,701762.5
237.6,mission_cruise,72.35908838243469,3200.0,43.820455808782654,4131.7,824.9,833.9,837.0,825.0,191.5,193.8,195.5,197.6,4.53,76.2,3.294,4128.0,826.3,834.3,837.3,827.3,190.8,192.3,195.8,196.8,4.55,75.6,3.269,-5.8,0.891,0,nominal,0,0.0,194.93,701762.4
237.7,mission_cruise,72.3579766536965,3200.0,43.82101167315175,4125.3,826.6,833.9,835.1,828.7,190.9,192.3,195.3,196.8,4.53,75.4,3.232,4128.0,826.3,834.3,837.3,827.3,190.8,192.3,195.8,196.8,4.55,75.6,3.269,-5.8,0.891,0,nominal,0,0.0,194.93,701762.3
237.8,mission_cruise,72.35686492495832,3200.0,43.82156753752084,4126.4,827.5,834.6,838.6,825.4,190.6,191.9,196.3,197.3,4.52,75.9,3.257,4127.9,826.3,834.3,837.3,827.3,190.8,192.3,195.8,196.8,4.55,75.6,3.269,-5.8,0.891,0,nominal,0,0.0,194.93,701762.2
237.9,mission_cruise,72.35575319622012,3200.0,43.82212340188994,4132.4,826.0,834.5,837.8,828.4,191.2,191.2,195.0,195.5,4.54,75.7,3.285,4127.9,826.3,834.3,837.3,827.3,190.8,192.3,195.8,196.8,4.55,75.6,3.269,-5.8,0.891,0,nominal,0,0.0,194.93,701762.1
238.0,mission_cruise,72.35464146748194,3200.0,43.82267926625903,4129.4,824.8,834.0,837.5,828.3,189.7,192.1,195.5,196.9,4.56,75.4,3.263,4127.9,826.3,834.3,837.3,827.3,190.8,192.3,195.8,196.8,4.55,75.6,3.269,-5.8,0.891,0,nominal,0,0.0,194.93,701762.0
238.1,mission_cruise,72.35352973874375,3200.0,43.82323513062813,4134.9,823.7,833.4,837.7,829.1,190.8,191.3,195.1,196.6,4.59,75.9,3.256,4127.8,826.3,834.3,837.3,827.3,190.8,192.3,195.8,196.8,4.55,75.6,3.269,-5.8,0.891,0,nominal,0,0.0,194.93,701761.9
238.2,mission_cruise,72.35241801000556,3200.0,43.82379099499722,4127.7,825.4,834.6,838.8,826.0,189.6,193.1,197.0,197.0,4.57,76.5,3.289,4127.8,826.3,834.3,837.3,827.3,190.8,192.3,195.8,196.8,4.55,75.6,3.269,-5.8,0.891,0,nominal,0,0.0,194.93,701761.8
238.3,mission_cruise,72.35130628126737,3200.0,43.824346859366315,4122.8,827.1,834.4,835.2,825.3,190.9,192.3,195.9,197.3,4.53,75.2,3.27,4127.8,826.3,834.3,837.3,827.3,190.8,192.3,195.8,196.8,4.55,75.6,3.269,-5.8,0.891,0,nominal,0,0.0,194.93,701761.7
238.4,mission_cruise,72.35019455252919,3200.0,43.824902723735406,4133.9,826.4,835.7,836.7,826.2,191.2,193.6,194.9,196.8,4.55,75.7,3.274,4127.7,826.3,834.3,837.3,827.3,190.8,192.3,195.8,196.8,4.55,75.6,3.269,-5.8,0.891,0,nominal,0,0.0,194.93,701761.6
238.5,mission_cruise,72.349082823791,3200.0,43.8254585881045,4126.6,826.5,835.1,838.5,828.8,190.6,193.1,197.2,197.9,4.56,75.9,3.237,4127.7,826.3,834.3,837.3,827.3,190.8,192.3,195.8,196.8,4.55,75.6,3.269,-5.8,0.891,0,nominal,0,0.0,194.93,701761.5
238.6,mission_cruise,72.34797109505281,3200.0,43.82601445247359,4120.5,829.4,834.9,836.2,830.0,190.1,192.2,196.5,196.0,4.56,75.5,3.33,4127.7,826.3,834.3,837.3,827.3,190.8,192.3,195.8,196.8,4.55,75.6,3.269,-5.8,0.891,0,nominal,0,0.0,194.93,701761.4
238.7,mission_cruise,72.34685936631462,3200.0,43.82657031684269,4118.9,827.3,834.1,841.2,828.5,191.4,193.0,197.0,197.9,4.58,75.7,3.32,4127.6,826.3,834.3,837.3,827.3,190.8,192.3,195.8,196.8,4.55,75.6,3.269,-5.8,0.891,0,nominal,0,0.0,194.93,701761.3
238.8,mission_cruise,72.34574763757644,3200.0,43.82712618121178,4127.9,829.3,834.6,835.7,828.0,190.4,191.6,195.8,197.3,4.57,75.8,3.272,4127.6,826.3,834.3,837.3,827.3,190.8,192.3,195.8,196.8,4.55,75.6,3.269,-5.8,0.891,0,nominal,0,0.0,194.93,701761.2
238.9,mission_cruise,72.34463590883824,3200.0,43.82768204558088,4123.2,826.1,837.1,838.5,827.6,190.3,192.4,195.3,195.9,4.58,76.2,3.289,4127.6,826.3,834.3,837.3,827.3,190.8,192.3,195.8,196.8,4.55,75.6,3.269,-5.8,0.891,0,nominal,0,0.0,194.93,701761.1
239.0,mission_cruise,72.34352418010006,3200.0,43.82823790994997,4125.1,826.5,834.6,837.5,826.9,189.9,192.5,195.2,196.7,4.49,75.7,3.302,4127.5,826.3,834.3,837.3,827.3,190.8,192.3,195.8,196.8,4.55,75.6,3.269,-5.8,0.891,0,nominal,0,0.0,194.93,701761.0
239.1,mission_cruise,72.34241245136187,3200.0,43.82879377431907,4129.2,825.5,833.7,837.0,830.2,191.0,193.4,196.4,196.1,4.58,76.4,3.303,4127.5,826.3,834.3,837.3,827.3,190.8,192.3,195.8,196.8,4.55,75.6,3.269,-5.8,0.891,0,nominal,0,0.0,194.93,701760.9
239.2,mission_cruise,72.34130072262369,3200.0,43.82934963868816,4126.6,827.5,834.4,833.8,828.2,190.8,191.3,196.3,197.0,4.57,76.0,3.277,4127.5,826.3,834.3,837.3,827.3,190.8,192.3,195.8,196.8,4.55,75.6,3.268,-5.8,0.891,0,nominal,0,0.0,194.93,701760.8
239.3,mission_cruise,72.34018899388549,3200.0,43.829905503057255,4131.4,826.2,832.5,837.1,827.7,190.5,191.9,195.7,196.1,4.57,74.9,3.251,4127.4,826.3,834.3,837.3,827.3,190.8,192.3,195.8,196.8,4.55,75.6,3.268,-5.8,0.891,0,nominal,0,0.0,194.93,701760.7
239.4,mission_cruise,72.33907726514731,3200.0,43.830461367426345,4125.2,823.4,830.9,837.1,825.4,191.1,192.7,195.4,196.8,4.53,74.9,3.296,4127.4,826.3,834.3,837.3,827.3,190.8,192.3,195.8,196.8,4.55,75.6,3.268,-5.8,0.891,0,nominal,0,0.0,194.93,701760.6
239.5,mission_cruise,72.33796553640911,3200.0,43.83101723179544,4125.9,826.1,834.6,837.9,829.0,190.5,192.2,196.9,196.1,4.56,76.0,3.263,4127.3,826.3,834.3,837.3,827.3,190.8,192.3,195.8,196.8,4.55,75.6,3.268,-5.8,0.891,0,nominal,0,0.0,194.93,701760.5
239.6,mission_cruise,72.33685380767093,3200.0,43.83157309616453,4124.7,827.0,835.2,839.8,825.5,192.4,191.6,194.8,196.7,4.57,75.0,3.231,4127.3,826.3,834.3,837.3,827.3,190.8,192.3,195.8,196.8,4.55,75.6,3.268,-5.8,0.891,0,nominal,0,0.0,194.93,701760.4
239.7,mission_cruise,72.33574207893274,3200.0,43.83212896053363,4135.1,824.8,833.3,836.2,828.8,190.6,191.9,196.6,196.7,4.54,75.4,3.318,4127.3,826.3,834.3,837.3,827.3,190.8,192.3,195.8,196.8,4.55,75.6,3.268,-5.8,0.891,0,nominal,0,0.0,194.93,701760.3
239.8,mission_cruise,72.33463035019456,3200.0,43.83268482490272,4127.9,825.6,833.1,838.7,827.0,191.4,192.5,196.6,195.4,4.51,75.2,3.254,4127.2,826.3,834.3,837.3,827.3,190.8,192.3,195.8,196.8,4.55,75.6,3.268,-5.8,0.891,0,nominal,0,0.0,194.93,701760.2
239.9,mission_cruise,72.33351862145636,3200.0,43.83324068927182,4132.2,825.5,835.5,837.6,827.1,191.0,192.7,196.3,196.7,4.51,75.6,3.289,4127.2,826.3,834.3,837.3,827.3,190.8,192.3,195.8,196.8,4.55,75.6,3.268,-5.8,0.891,0,nominal,0,0.0,194.93,701760.1
240.0,mission_cruise,72.33240689271818,3200.0,43.83379655364091,4134.5,826.5,834.4,839.6,827.9,190.7,191.8,196.7,196.5,4.54,76.0,3.275,4127.2,826.3,834.3,837.3,827.3,190.8,192.3,195.8,196.8,4.55,75.6,3.268,-5.8,0.891,0,nominal,0,0.0,194.93,701760.0
240.1,mission_cruise,72.33129516397999,3200.0,43.834352418010006,4118.5,823.5,831.2,838.9,829.0,190.6,193.2,196.4,195.7,4.54,75.0,3.274,4127.1,826.3,834.3,837.3,827.3,190.8,192.3,195.8,196.8,4.55,75.6,3.268,-5.8,0.891,0,nominal,0,0.0,194.93,701759.9
240.2,mission_cruise,72.3301834352418,3200.0,43.8349082823791,4123.7,827.2,834.2,838.9,829.4,190.7,192.4,196.0,197.9,4.58,75.7,3.226,4127.1,826.3,834.3,837.3,827.3,190.8,192.3,195.8,196.8,4.55,75.6,3.268,-5.8,0.891,0,nominal,0,0.0,194.93,701759.8
240.3,mission_cruise,72.32907170650361,3200.0,43.835464146748194,4125.1,825.4,834.8,834.4,826.7,190.6,192.0,195.2,196.1,4.54,75.8,3.228,4127.1,826.3,834.3,837.3,827.3,190.8,192.3,195.8,196.8,4.55,75.6,3.268,-5.8,0.891,0,nominal,0,0.0,194.93,701759.7
240.4,mission_cruise,72.32795997776543,3200.0,43.836020011117284,4131.3,826.5,834.6,837.7,826.3,190.4,192.6,196.9,197.7,4.56,75.4,3.226,4127.0,826.3,834.3,837.3,827.3,190.8,192.3,195.8,196.8,4.55,75.6,3.268,-5.8,0.891,0,nominal,0,0.0,194.93,701759.6
240.5,mission_cruise,72.32684824902724,3200.0,43.83657587548638,4130.5,827.3,833.3,838.1,825.0,190.1,192.4,195.8,196.2,4.54,75.6,3.218,4127.0,826.3,834.3,837.3,827.3,190.8,192.3,195.8,196.8,4.55,75.6,3.268,-5.8,0.891,0,nominal,0,0.0,194.93,701759.5
240.6,mission_cruise,72.32573652028906,3200.0,43.83713173985547,4124.3,826.0,835.7,839.2,825.6,190.6,193.5,196.3,197.1,4.5,75.7,3.251,4127.0,826.3,834.3,837.3,827.3,190.8,192.3,195.8,196.8,4.55,75.6,3.268,-5.8,0.891,0,nominal,0,0.0,194.93,701759.4
240.7,mission_cruise,72.32462479155086,3200.0,43.83768760422457,4127.2,826.3,833.8,834.0,825.8,191.7,191.7,195.7,197.2,4.55,75.9,3.301,4126.9,826.3,834.3,837.3,827.3,190.8,192.3,195.8,196.8,4.55,75.6,3.268,-5.8,0.891,0,nominal,0,0.0,194.93,701759.3
240.8,mission_cruise,72.32351306281268,3200.0,43.83824346859366,4117.7,825.0,833.1,837.3,823.7,190.8,192.4,196.1,197.2,4.55,76.5,3.279,4126.9,826.3,834.3,837.3,827.3,190.8,192.3,195.8,196.8,4.55,75.6,3.268,-5.8,0.891,0,nominal,0,0.0,194.93,701759.2
240.9,mission_cruise,72.32240133407448,3200.0,43.83879933296276,4124.8,824.8,834.0,837.5,828.2,190.3,191.1,196.0,197.3,4.55,75.1,3.259,4126.9,826.3,834.3,837.3,827.3,190.8,192.3,195.8,196.8,4.55,75.6,3.268,-5.8,0.891,0,nominal,0,0.0,194.93,701759.1
241.0,mission_cruise,72.3212896053363,3200.0,43.83935519733185,4129.6,828.9,833.9,837.1,827.4,190.4,192.2,195.7,195.3,4.56,76.2,3.225,4126.8,826.3,834.3,837.3,827.3,190.8,192.3,195.8,196.8,4.55,75.6,3.268,-5.8,0.891,0,nominal,0,0.0,194.93,701759.0
241.1,mission_cruise,72.32017787659811,3200.0,43.839911061700946,4125.1,827.3,835.3,839.4,827.7,191.4,192.4,196.7,196.8,4.5,75.2,3.244,4126.8,826.3,834.3,837.3,827.3,190.8,192.3,195.8,196.8,4.55,75.6,3.268,-5.8,0.891,0,nominal,0,0.0,194.93,701758.9
241.2,mission_cruise,72.31906614785993,3200.0,43.840466926070036,4127.5,827.8,833.1,835.0,827.2,190.8,192.2,196.0,196.3,4.57,75.5,3.311,4126.8,826.3,834.3,837.3,827.3,190.8,192.3,195.8,196.8,4.55,75.6,3.268,-5.8,0.891,0,nominal,0,0.0,194.93,701758.8
241.3,mission_cruise,72.31795441912173,3200.0,43.84102279043913,4126.3,824.5,833.9,836.4,826.2,190.6,192.3,195.4,197.2,4.59,76.0,3.289,4126.7,826.3,834.3,837.3,827.3,190.8,192.3,195.8,196.8,4.55,75.6,3.268,-5.8,0.891,0,nominal,0,0.0,194.93,701758.7
241.4,mission_cruise,72.31684269038355,3200.0,43.841578654808224,4129.8,825.5,836.1,836.7,825.9,190.4,192.5,195.6,196.8,4.57,75.3,3.226,4126.7,826.3,834.3,837.3,827.3,190.8,192.3,195.8,196.8,4.55,75.6,3.268,-5.8,0.891,0,nominal,0,0.0,194.93,701758.6
241.5,mission_cruise,72.31573096164536,3200.0,43.84213451917732,4119.0,825.8,837.7,837.7,827.3,191.2,192.8,195.7,196.6,4.59,75.3,3.265,4126.7,826.3,834.3,837.3,827.3,190.8,192.3,195.8,196.8,4.55,75.6,3.268,-5.8,0.891,0,nominal,0,0.0,194.93,701758.5
241.6,mission_cruise,72.31461923290718,3200.0,43.84269038354641,4125.7,827.3,832.5,836.1,826.9,190.8,191.8,195.8,196.8,4.55,76.4,3.238,4126.6,826.3,834.3,837.3,827.3,190.8,192.3,195.8,196.8,4.55,75.6,3.267,-5.8,0.891,0,nominal,0,0.0,194.93,701758.4
241.7,mission_cruise,72.31350750416898,3200.0,43.84324624791551,4138.9,827.4,833.6,839.3,826.7,190.0,192.6,195.1,196.4,4.54,75.8,3.243,4126.6,826.3,834.3,837.3,827.3,190.8,192.3,195.8,196.8,4.55,75.6,3.267,-5.8,0.891,0,nominal,0,0.0,194.93,701758.3
241.8,mission_cruise,72.3123957754308,3200.0,43.8438021122846,4121.3,825.4,834.7,837.7,826.2,192.1,191.6,195.5,196.0,4.56,76.1,3.299,4126.6,826.3,834.3,837.3,827.3,190.8,192.3,195.8,196.8,4.55,75.6,3.267,-5.8,0.891,0,nominal,0,0.0,194.93,701758.2
241.9,mission_cruise,72.3112840466926,3200.0,43.8443579766537,4118.8,825.9,832.7,836.9,827.1,190.7,191.8,196.4,196.6,4.54,75.0,3.27,4126.5,826.3,834.3,837.3,827.3,190.8,192.3,195.8,196.8,4.55,75.6,3.267,-5.8,0.891,0,nominal,0,0.0,194.93,701758.1
242.0,mission_cruise,72.31017231795443,3200.0,43.84491384102279,4128.3,825.7,833.9,839.3,825.3,191.1,191.8,196.3,197.5,4.52,75.9,3.294,4126.5,826.3,834.3,837.3,827.3,190.8,192.3,195.8,196.8,4.55,75.6,3.267,-5.8,0.891,0,nominal,0,0.0,194.93,701758.0
242.1,mission_cruise,72.30906058921623,3200.0,43.845469705391885,4124.5,828.1,832.5,834.1,828.3,191.6,192.4,195.3,196.9,4.56,75.8,3.237,4126.5,826.3,834.3,837.3,827.3,190.8,192.3,195.8,196.8,4.55,75.6,3.267,-5.8,0.891,0,nominal,0,0.0,194.93,701757.9
242.2,mission_cruise,72.30794886047805,3200.0,43.846025569760975,4127.0,825.4,834.0,837.8,826.8,190.0,191.9,195.9,195.9,4.51,75.2,3.216,4126.4,826.3,834.3,837.3,827.3,190.8,192.3,195.8,196.8,4.55,75.6,3.267,-5.8,0.891,0,nominal,0,0.0,194.93,701757.8
242.3,mission_cruise,72.30683713173985,3200.0,43.84658143413007,4125.0,824.1,834.1,836.3,827.8,191.2,192.8,195.5,197.0,4.5,75.6,3.309,4126.4,826.2,834.2,837.2,827.2,190.8,192.3,195.8,196.8,4.55,75.6,3.267,-5.8,0.891,0,nominal,0,0.0,194.93,701757.7
242.4,mission_cruise,72.30572540300167,3200.0,43.84713729849916,4130.2,824.6,835.4,837.0,827.4,191.5,192.2,196.7,197.1,4.53,75.9,3.237,4126.4,826.2,834.2,837.2,827.2,190.8,192.3,195.8,196.8,4.55,75.6,3.267,-5.8,0.891,0,nominal,0,0.0,194.93,701757.6
242.5,mission_cruise,72.30461367426348,3200.0,43.84769316286826,4126.1,826.9,836.2,836.3,826.6,190.9,191.9,195.4,196.9,4.57,75.5,3.243,4126.3,826.2,834.2,837.2,827.2,190.8,192.3,195.8,196.8,4.55,75.6,3.267,-5.8,0.891,0,nominal,0,0.0,194.93,701757.5
242.6,mission_cruise,72.3035019455253,3200.0,43.84824902723735,4125.4,824.6,834.4,836.7,828.0,190.0,193.1,195.4,196.8,4.54,76.0,3.282,4126.3,826.2,834.2,837.2,827.2,190.8,192.3,195.8,196.8,4.55,75.6,3.267,-5.8,0.891,0,nominal,0,0.0,194.93,701757.4
242.7,mission_cruise,72.3023902167871,3200.0,43.84880489160645,4123.5,826.8,833.7,837.1,827.4,191.0,191.4,196.1,196.3,4.57,75.6,3.265,4126.3,826.2,834.2,837.2,827.2,190.8,192.3,195.8,196.8,4.55,75.6,3.267,-5.8,0.891,0,nominal,0,0.0,194.93,701757.3
242.8,mission_cruise,72.30127848804892,3200.0,43.84936075597554,4117.2,828.4,835.9,837.0,825.4,190.7,191.9,195.2,195.9,4.53,75.9,3.221,4126.2,826.2,834.2,837.2,827.2,190.8,192.3,195.8,196.8,4.55,75.6,3.267,-5.8,0.891,0,nominal,0,0.0,194.93,701757.2
242.9,mission_cruise,72.30016675931073,3200.0,43.849916620344636,4123.0,826.9,834.9,838.4,826.1,190.7,191.9,194.8,196.1,4.54,75.0,3.317,4126.2,826.2,834.2,837.2,827.2,190.8,192.3,195.8,196.8,4.55,75.6,3.267,-5.8,0.891,0,nominal,0,0.0,194.93,701757.1
243.0,mission_cruise,72.29905503057255,3200.0,43.85047248471373,4137.1,828.1,834.3,837.8,827.0,192.1,192.1,196.1,196.5,4.58,76.3,3.256,4126.2,826.2,834.2,837.2,827.2,190.8,192.3,195.8,196.8,4.55,75.6,3.267,-5.8,0.891,0,nominal,0,0.0,194.93,701757.0
243.1,mission_cruise,72.29794330183435,3200.0,43.851028349082824,4130.9,824.1,833.8,836.0,826.8,189.4,192.2,196.9,197.4,4.52,75.9,3.24,4126.1,826.2,834.2,837.2,827.2,190.8,192.3,195.8,196.8,4.55,75.6,3.267,-5.8,0.891,0,nominal,0,0.0,194.93,701756.9
243.2,mission_cruise,72.29683157309617,3200.0,43.851584213451915,4131.7,824.3,834.3,838.1,826.3,190.7,191.9,195.7,196.5,4.56,75.6,3.187,4126.1,826.2,834.2,837.2,827.2,190.8,192.3,195.8,196.8,4.55,75.6,3.267,-5.8,0.891,0,nominal,0,0.0,194.93,701756.8
243.3,mission_cruise,72.29571984435798,3200.0,43.85214007782101,4109.5,826.0,837.1,837.5,828.0,191.4,192.0,196.2,196.5,4.54,76.3,3.25,4126.1,826.2,834.2,837.2,827.2,190.8,192.3,195.8,196.8,4.55,75.6,3.267,-5.8,0.891,0,nominal,0,0.0,194.93,701756.7
243.4,mission_cruise,72.2946081156198,3200.0,43.8526959421901,4124.9,825.4,834.9,838.3,829.4,190.3,191.2,196.0,196.3,4.54,75.9,3.255,4126.0,826.2,834.2,837.2,827.2,190.8,192.3,195.8,196.8,4.55,75.6,3.267,-5.8,0.891,0,nominal,0,0.0,194.93,701756.6
243.5,mission_cruise,72.2934963868816,3200.0,43.8532518065592,4127.5,824.1,833.3,838.4,824.5,190.9,192.6,195.5,196.7,4.53,75.9,3.275,4126.0,826.2,834.2,837.2,827.2,190.8,192.3,195.8,196.8,4.55,75.6,3.267,-5.8,0.891,0,nominal,0,0.0,194.93,701756.5
243.6,mission_cruise,72.29238465814342,3200.0,43.85380767092829,4128.4,825.6,835.2,838.9,826.2,191.2,192.3,195.6,197.7,4.53,76.3,3.261,4125.9,826.2,834.2,837.2,827.2,190.8,192.3,195.8,196.8,4.55,75.6,3.267,-5.8,0.891,0,nominal,0,0.0,194.93,701756.4
243.7,mission_cruise,72.29127292940522,3200.0,43.85436353529739,4120.9,828.9,835.0,837.3,828.3,190.9,192.3,196.5,197.2,4.53,76.0,3.312,4125.9,826.2,834.2,837.2,827.2,190.8,192.3,195.8,196.8,4.55,75.6,3.267,-5.8,0.891,0,nominal,0,0.0,194.93,701756.3
243.8,mission_cruise,72.29016120066704,3200.0,43.85491939966648,4130.4,829.6,835.2,836.3,826.8,190.7,191.8,195.1,196.9,4.56,75.8,3.288,4125.9,826.2,834.2,837.2,827.2,190.8,192.3,195.8,196.8,4.55,75.6,3.267,-5.8,0.891,0,nominal,0,0.0,194.93,701756.2
243.9,mission_cruise,72.28904947192885,3200.0,43.855475264035576,4131.6,828.1,834.5,835.9,829.1,191.1,191.5,196.1,197.0,4.51,76.2,3.234,4125.8,826.2,834.2,837.2,827.2,190.8,192.3,195.8,196.8,4.55,75.6,3.267,-5.8,0.891,0,nominal,0,0.0,194.93,701756.1
244.0,mission_cruise,72.28793774319067,3200.0,43.856031128404666,4125.1,826.1,834.6,836.0,829.1,190.3,193.5,195.5,197.2,4.57,76.1,3.262,4125.8,826.2,834.2,837.2,827.2,190.8,192.3,195.8,196.8,4.55,75.6,3.267,-5.8,0.891,0,nominal,0,0.0,194.93,701756.0
244.1,mission_cruise,72.28682601445247,3200.0,43.856586992773764,4127.3,828.5,834.6,837.5,825.3,190.4,192.4,196.9,196.4,4.56,75.7,3.225,4125.8,826.2,834.2,837.2,827.2,190.8,192.3,195.8,196.8,4.55,75.6,3.266,-5.8,0.891,0,nominal,0,0.0,194.93,701755.9
244.2,mission_cruise,72.28571428571429,3200.0,43.857142857142854,4129.4,825.6,834.4,838.2,825.7,190.5,191.7,196.5,196.7,4.54,75.7,3.298,4125.7,826.2,834.2,837.2,827.2,190.8,192.3,195.8,196.8,4.55,75.6,3.266,-5.8,0.891,0,nominal,0,0.0,194.93,701755.8
244.3,mission_cruise,72.2846025569761,3200.0,43.85769872151195,4134.1,828.7,835.3,839.0,823.9,191.1,192.7,195.1,196.9,4.57,75.1,3.292,4125.7,826.2,834.2,837.2,827.2,190.8,192.3,195.8,196.8,4.55,75.6,3.266,-5.8,0.891,0,nominal,0,0.0,194.93,701755.7
244.4,mission_cruise,72.28349082823792,3200.0,43.85825458588104,4126.5,826.0,836.3,837.1,823.2,190.3,191.9,195.7,197.1,4.54,75.5,3.244,4125.7,826.2,834.2,837.2,827.2,190.8,192.3,195.8,196.8,4.55,75.6,3.266,-5.8,0.891,0,nominal,0,0.0,194.93,701755.6
244.5,mission_cruise,72.28237909949972,3200.0,43.85881045025014,4122.7,828.3,834.1,837.0,828.6,190.4,191.9,196.4,196.4,4.57,75.5,3.323,4125.6,826.2,834.2,837.2,827.2,190.8,192.3,195.8,196.8,4.55,75.6,3.266,-5.8,0.891,0,nominal,0,0.0,194.93,701755.5
244.6,mission_cruise,72.28126737076154,3200.0,43.85936631461923,4132.3,824.6,834.4,839.4,828.6,190.3,191.7,196.1,196.7,4.58,75.6,3.272,4125.6,826.2,834.2,837.2,827.2,190.8,192.3,195.8,196.8,4.55,75.6,3.266,-5.8,0.891,0,nominal,0,0.0,194.93,701755.4
244.7,mission_cruise,72.28015564202335,3200.0,43.85992217898833,4119.1,826.6,834.4,837.5,828.9,191.6,192.1,196.3,197.8,4.56,76.0,3.295,4125.6,826.2,834.2,837.2,827.2,190.8,192.3,195.8,196.8,4.55,75.6,3.266,-5.8,0.891,0,nominal,0,0.0,194.93,701755.3
244.8,mission_cruise,72.27904391328516,3200.0,43.86047804335742,4126.4,827.4,832.0,836.3,828.9,190.2,192.4,195.0,197.8,4.55,75.6,3.314,4125.5,826.2,834.2,837.2,827.2,190.8,192.3,195.8,196.8,4.55,75.6,3.266,-5.8,0.891,0,nominal,0,0.0,194.93,701755.2
244.9,mission_cruise,72.27793218454697,3200.0,43.861033907726515,4132.3,825.1,833.4,835.6,827.1,191.5,192.5,196.0,197.2,4.53,75.1,3.301,4125.5,826.2,834.2,837.2,827.2,190.8,192.3,195.8,196.8,4.55,75.6,3.266,-5.8,0.891,0,nominal,0,0.0,194.93,701755.1
245.0,mission_cruise,72.27682045580879,3200.0,43.861589772095606,4119.9,824.2,835.5,838.8,829.3,190.4,193.0,195.5,196.5,4.51,75.4,3.259,4125.5,826.2,834.2,837.2,827.2,190.8,192.3,195.8,196.8,4.55,75.6,3.266,-5.8,0.891,0,nominal,0,0.0,194.93,701755.0
245.1,mission_cruise,72.2757087270706,3200.0,43.8621456364647,4128.5,825.8,834.0,838.2,828.5,191.1,191.9,195.8,195.9,4.52,74.9,3.242,4125.4,826.2,834.2,837.2,827.2,190.8,192.3,195.8,196.8,4.55,75.6,3.266,-5.8,0.891,0,nominal,0,0.0,194.93,701754.9
245.2,mission_cruise,72.27459699833241,3200.0,43.86270150083379,4115.8,827.2,831.4,836.2,826.5,189.8,192.1,195.8,197.9,4.53,76.6,3.291,4125.4,826.2,834.2,837.2,827.2,190.8,192.3,195.8,196.8,4.55,75.6,3.266,-5.8,0.891,0,nominal,0,0.0,194.93,701754.8
245.3,mission_cruise,72.27348526959422,3200.0,43.86325736520289,4129.0,826.1,834.5,835.4,829.0,190.1,192.9,196.2,196.2,4.55,75.3,3.247,4125.4,826.2,834.2,837.2,827.2,190.8,192.3,195.8,196.8,4.55,75.6,3.266,-5.8,0.891,0,nominal,0,0.0,194.93,701754.7
245.4,mission_cruise,72.27237354085604,3200.0,43.86381322957198,4127.9,826.7,835.4,836.6,827.2,190.4,192.1,195.2,197.3,4.56,75.7,3.289,4125.3,826.2,834.2,837.2,827.2,190.8,192.3,195.8,196.8,4.55,75.6,3.266,-5.8,0.891,0,nominal,0,0.0,194.93,701754.6
245.5,mission_cruise,72.27126181211784,3200.0,43.86436909394108,4127.6,825.2,833.4,835.5,829.2,190.7,191.8,195.3,196.2,4.55,75.7,3.291,4125.3,826.2,834.2,837.2,827.2,190.8,192.3,195.8,196.8,4.55,75.6,3.266,-5.8,0.891,0,nominal,0,0.0,194.93,701754.5
245.6,mission_cruise,72.27015008337966,3200.0,43.86492495831017,4123.1,825.4,836.2,837.3,825.5,190.9,193.8,195.8,197.2,4.5,75.8,3.229,4125.3,826.2,834.2,837.2,827.2,190.8,192.3,195.8,196.8,4.55,75.6,3.266,-5.8,0.891,0,nominal,0,0.0,194.93,701754.4
245.7,mission_cruise,72.26903835464147,3200.0,43.86548082267927,4122.8,826.8,835.4,836.4,827.2,191.3,193.0,196.1,196.7,4.57,75.6,3.317,4125.2,826.2,834.2,837.2,827.2,190.8,192.3,195.8,196.8,4.55,75.6,3.266,-5.8,0.891,0,nominal,0,0.0,194.93,701754.3
245.8,mission_cruise,72.26792662590329,3200.0,43.86603668704836,4121.5,826.3,836.8,836.2,827.5,191.0,193.0,195.7,197.1,4.53,75.3,3.274,4125.2,826.2,834.2,837.2,827.2,190.8,192.3,195.8,196.8,4.55,75.6,3.266,-5.8,0.891,0,nominal,0,0.0,194.93,701754.2
245.9,mission_cruise,72.26681489716509,3200.0,43.866592551417455,4121.6,826.8,834.4,836.4,827.0,191.8,192.4,195.6,197.8,4.6,75.7,3.296,4125.2,826.2,834.2,837.2,827.2,190.8,192.3,195.8,196.8,4.55,75.6,3.266,-5.8,0.891,0,nominal,0,0.0,194.93,701754.1
246.0,mission_cruise,72.26570316842691,3200.0,43.867148415786545,4128.2,825.6,836.3,837.0,826.1,190.9,193.2,196.3,197.3,4.55,75.5,3.268,4125.1,826.2,834.2,837.2,827.2,190.8,192.3,195.8,196.8,4.55,75.6,3.266,-5.8,0.891,0,nominal,0,0.0,194.93,701754.0
246.1,mission_cruise,72.26459143968872,3200.0,43.86770428015564,4137.3,825.5,836.2,838.5,825.8,191.1,192.7,197.0,197.0,4.53,75.2,3.256,4125.1,826.2,834.2,837.2,827.2,190.8,192.3,195.8,196.8,4.55,75.6,3.266,-5.8,0.891,0,nominal,0,0.0,194.93,701753.9
246.2,mission_cruise,72.26347971095053,3200.0,43.86826014452473,4121.5,825.3,833.1,837.8,827.0,192.0,191.7,195.3,197.1,4.56,75.5,3.221,4125.1,826.2,834.2,837.2,827.2,190.8,192.3,195.8,196.8,4.55,75.6,3.266,-5.8,0.891,0,nominal,0,0.0,194.93,701753.8
246.3,mission_cruise,72.26236798221234,3200.0,43.86881600889383,4126.8,825.3,833.9,834.7,824.8,190.8,192.4,196.0,197.4,4.55,75.2,3.336,4125.0,826.2,834.2,837.2,827.2,190.8,192.3,195.8,196.8,4.55,75.6,3.266,-5.8,0.891,0,nominal,0,0.0,194.93,701753.7
246.4,mission_cruise,72.26125625347416,3200.0,43.86937187326292,4119.6,826.9,836.1,837.4,827.5,189.9,192.2,196.0,195.9,4.52,75.3,3.299,4125.0,826.2,834.2,837.2,827.2,190.8,192.3,195.8,196.8,4.55,75.6,3.266,-5.8,0.891,0,nominal,0,0.0,194.93,701753.6
246.5,mission_cruise,72.26014452473596,3200.0,43.86992773763202,4116.3,827.7,833.2,837.0,827.3,190.8,191.7,195.3,196.3,4.55,75.1,3.235,4125.0,826.2,834.2,837.2,827.2,190.8,192.3,195.8,196.8,4.55,75.6,3.265,-5.8,0.891,0,nominal,0,0.0,194.93,701753.5
246.6,mission_cruise,72.25903279599778,3200.0,43.87048360200111,4124.8,827.2,833.4,840.0,828.4,191.3,191.6,196.1,198.3,4.54,75.6,3.278,4124.9,826.2,834.2,837.2,827.2,190.8,192.3,195.8,196.8,4.55,75.6,3.265,-5.8,0.891,0,nominal,0,0.0,194.93,701753.4
246.7,mission_cruise,72.25792106725959,3200.0,43.871039466370206,4127.2,827.9,832.7,835.6,829.7,191.5,192.7,194.7,196.0,4.56,75.4,3.248,4124.9,826.2,834.2,837.2,827.2,190.8,192.3,195.8,196.8,4.55,75.6,3.265,-5.8,0.891,0,nominal,0,0.0,194.93,701753.3
246.8,mission_cruise,72.2568093385214,3200.0,43.8715953307393,4134.4,828.7,835.3,836.4,827.6,191.4,191.2,195.1,197.0,4.55,75.4,3.245,4124.9,826.2,834.2,837.2,827.2,190.8,192.3,195.8,196.8,4.55,75.6,3.265,-5.8,0.891,0,nominal,0,0.0,194.93,701753.2
246.9,mission_cruise,72.25569760978321,3200.0,43.872151195108394,4132.3,826.4,832.8,838.1,825.9,191.1,193.3,195.3,197.5,4.53,75.3,3.285,4124.8,826.2,834.2,837.2,827.2,190.8,192.3,195.8,196.8,4.55,75.6,3.265,-5.8,0.891,0,nominal,0,0.0,194.93,701753.1
247.0,mission_cruise,72.25458588104503,3200.0,43.872707059477484,4125.8,825.4,835.8,837.3,826.6,190.1,191.9,195.1,196.6,4.52,75.6,3.226,4124.8,826.2,834.2,837.2,827.2,190.8,192.3,195.8,196.8,4.55,75.6,3.265,-5.8,0.891,0,nominal,0,0.0,194.93,701753.0
247.1,mission_cruise,72.25347415230684,3200.0,43.87326292384658,4122.8,825.0,834.2,836.7,827.9,190.4,192.2,195.7,197.1,4.54,75.1,3.281,4124.8,826.2,834.2,837.2,827.2,190.8,192.3,195.8,196.8,4.55,75.6,3.265,-5.8,0.891,0,nominal,0,0.0,194.93,701752.9
247.2,mission_cruise,72.25236242356866,3200.0,43.87381878821567,4127.8,823.9,834.0,840.0,828.0,191.5,192.6,195.7,197.7,4.51,75.5,3.33,4124.7,826.2,834.2,837.2,827.2,190.8,192.3,195.8,196.8,4.55,75.6,3.265,-5.8,0.891,0,nominal,0,0.0,194.93,701752.8
247.3,mission_cruise,72.25125069483046,3200.0,43.87437465258477,4119.5,823.8,832.8,836.6,828.6,190.4,192.8,195.7,196.0,4.54,75.3,3.213,4124.7,826.2,834.2,837.2,827.2,190.8,192.3,195.8,196.8,4.55,75.6,3.265,-5.8,0.891,0,nominal,0,0.0,194.93,701752.7
247.4,mission_cruise,72.25013896609228,3200.0,43.87493051695386,4126.0,823.8,832.3,834.4,825.1,190.4,190.9,196.3,195.7,4.58,75.0,3.295,4124.7,826.2,834.2,837.2,827.2,190.8,192.3,195.8,196.8,4.55,75.6,3.265,-5.8,0.891,0,nominal,0,0.0,194.93,701752.6
247.5,mission_cruise,72.24902723735408,3200.0,43.87548638132296,4130.9,826.6,836.9,836.7,825.7,191.0,192.2,195.5,197.0,4.6,75.7,3.245,4124.6,826.1,834.1,837.1,827.1,190.8,192.3,195.8,196.8,4.55,75.6,3.265,-5.8,0.891,0,nominal,0,0.0,194.93,701752.5
247.6,mission_cruise,72.2479155086159,3200.0,43.87604224569205,4119.1,826.6,833.6,838.4,827.8,190.4,191.1,196.3,196.3,4.55,75.0,3.309,4124.6,826.1,834.1,837.1,827.1,190.8,192.3,195.8,196.8,4.55,75.6,3.265,-5.8,0.891,0,nominal,0,0.0,194.93,701752.4
247.7,mission_cruise,72.24680377987771,3200.0,43.876598110061146,4132.0,826.1,834.8,838.1,829.6,190.5,191.6,195.5,196.6,4.57,75.7,3.303,4124.6,826.1,834.1,837.1,827.1,190.8,192.3,195.8,196.8,4.55,75.6,3.265,-5.8,0.891,0,nominal,0,0.0,194.93,701752.3
247.8,mission_cruise,72.24569205113953,3200.0,43.877153974430236,4128.1,824.3,833.2,838.8,829.0,191.6,190.6,196.3,196.8,4.57,75.5,3.293,4124.5,826.1,834.1,837.1,827.1,190.8,192.3,195.8,196.8,4.55,75.6,3.265,-5.8,0.891,0,nominal,0,0.0,194.93,701752.2
247.9,mission_cruise,72.24458032240133,3200.0,43.87770983879933,4124.6,828.4,832.8,837.1,825.3,190.9,192.9,196.1,196.3,4.54,75.3,3.248,4124.5,826.1,834.1,837.1,827.1,190.8,192.3,195.8,196.8,4.55,75.6,3.265,-5.8,0.891,0,nominal,0,0.0,194.93,701752.1
248.0,mission_cruise,72.24346859366315,3200.0,43.878265703168424,4124.8,824.9,833.2,838.3,828.0,190.5,193.1,196.1,196.5,4.52,76.0,3.307,4124.4,826.1,834.1,837.1,827.1,190.8,192.3,195.8,196.8,4.55,75.6,3.265,-5.8,0.891,0,nominal,0,0.0,194.93,701752.0
248.1,mission_cruise,72.24235686492496,3200.0,43.87882156753752,4119.5,825.7,831.5,837.3,827.4,190.7,191.6,196.8,196.5,4.54,76.1,3.181,4124.4,826.1,834.1,837.1,827.1,190.8,192.3,195.8,196.8,4.55,75.6,3.265,-5.8,0.891,0,nominal,0,0.0,194.93,701751.9
248.2,mission_cruise,72.24124513618678,3200.0,43.87937743190661,4126.8,827.6,836.4,835.3,828.3,190.4,191.9,195.0,196.1,4.56,75.6,3.231,4124.4,826.1,834.1,837.1,827.1,190.8,192.3,195.8,196.8,4.55,75.6,3.265,-5.8,0.891,0,nominal,0,0.0,194.93,701751.8
248.3,mission_cruise,72.24013340744858,3200.0,43.87993329627571,4131.8,825.8,832.1,835.1,826.5,191.8,192.3,196.4,197.2,4.52,75.7,3.279,4124.3,826.1,834.1,837.1,827.1,190.8,192.3,195.8,196.8,4.55,75.6,3.265,-5.8,0.891,0,nominal,0,0.0,194.93,701751.7
248.4,mission_cruise,72.2390216787104,3200.0,43.8804891606448,4116.6,825.5,833.8,837.7,826.5,189.8,191.8,195.2,197.6,4.54,76.1,3.261,4124.3,826.1,834.1,837.1,827.1,190.8,192.3,195.8,196.8,4.55,75.6,3.265,-5.8,0.891,0,nominal,0,0.0,194.93,701751.6
248.5,mission_cruise,72.2379099499722,3200.0,43.8810450250139,4119.6,826.4,833.5,837.7,827.4,190.7,192.6,195.2,196.1,4.55,76.1,3.286,4124.3,826.1,834.1,837.1,827.1,190.8,192.3,195.8,196.8,4.55,75.6,3.265,-5.8,0.891,0,nominal,0,0.0,194.93,701751.5
248.6,mission_cruise,72.23679822123403,3200.0,43.88160088938299,4129.0,824.6,834.2,836.1,827.9,190.7,192.3,195.2,197.4,4.5,75.5,3.255,4124.2,826.1,834.1,837.1,827.1,190.8,192.3,195.8,196.8,4.55,75.6,3.265,-5.8,0.891,0,nominal,0,0.0,194.93,701751.4
248.7,mission_cruise,72.23568649249583,3200.0,43.882156753752085,4125.7,824.8,834.6,837.2,824.6,190.4,192.2,195.9,198.1,4.52,75.6,3.276,4124.2,826.1,834.1,837.1,827.1,190.8,192.3,195.8,196.8,4.55,75.6,3.265,-5.8,0.891,0,nominal,0,0.0,194.93,701751.3
248.8,mission_cruise,72.23457476375765,3200.0,43.882712618121175,4122.2,825.2,833.8,839.1,826.1,189.6,192.6,196.3,197.0,4.5,75.9,3.253,4124.2,826.1,834.1,837.1,827.1,190.8,192.3,195.8,196.8,4.55,75.6,3.265,-5.8,0.891,0,nominal,0,0.0,194.93,701751.2
248.9,mission_cruise,72.23346303501945,3200.0,43.88326848249027,4120.7,825.9,834.5,836.9,826.1,190.7,192.1,194.8,197.0,4.57,75.4,3.252,4124.1,826.1,834.1,837.1,827.1,190.8,192.3,195.8,196.8,4.55,75.6,3.265,-5.8,0.891,0,nominal,0,0.0,194.93,701751.1
249.0,mission_cruise,72.23235130628127,3200.0,43.88382434685936,4123.6,824.7,832.3,837.3,826.4,190.4,192.5,195.9,196.6,4.59,75.3,3.256,4124.1,826.1,834.1,837.1,827.1,190.8,192.3,195.8,196.8,4.55,75.6,3.264,-5.8,0.891,0,nominal,0,0.0,194.93,701751.0
249.1,mission_cruise,72.23123957754308,3200.0,43.88438021122846,4114.4,826.4,835.0,835.3,824.4,190.6,191.9,195.4,196.6,4.54,76.1,3.302,4124.1,826.1,834.1,837.1,827.1,190.8,192.3,195.8,196.8,4.55,75.6,3.264,-5.8,0.891,0,nominal,0,0.0,194.93,701750.9
249.2,mission_cruise,72.2301278488049,3200.0,43.88493607559755,4135.3,827.8,833.6,836.8,826.5,189.9,192.1,195.6,196.8,4.58,75.8,3.268,4124.0,826.1,834.1,837.1,827.1,190.8,192.3,195.8,196.8,4.55,75.6,3.264,-5.8,0.891,0,nominal,0,0.0,194.93,701750.8
249.3,mission_cruise,72.2290161200667,3200.0,43.88549193996665,4125.8,825.2,835.3,836.6,825.2,190.8,193.0,195.9,196.7,4.53,75.6,3.283,4124.0,826.1,834.1,837.1,827.1,190.8,192.3,195.8,196.8,4.55,75.6,3.264,-5.8,0.891,0,nominal,0,0.0,194.93,701750.7
249.4,mission_cruise,72.22790439132852,3200.0,43.88604780433574,4130.6,827.0,832.5,837.2,826.3,191.1,192.9,195.2,195.8,4.56,75.7,3.194,4124.0,826.1,834.1,837.1,827.1,190.8,192.3,195.8,196.8,4.55,75.6,3.264,-5.8,0.891,0,nominal,0,0.0,194.93,701750.6
249.5,mission_cruise,72.22679266259033,3200.0,43.886603668704836,4131.7,822.8,836.2,837.8,828.4,190.2,192.4,195.8,196.7,4.55,76.2,3.277,4123.9,826.1,834.1,837.1,827.1,190.8,192.3,195.8,196.8,4.55,75.6,3.264,-5.8,0.891,0,nominal,0,0.0,194.93,701750.5
249.6,mission_cruise,72.22568093385215,3200.0,43.88715953307393,4122.3,825.1,835.1,837.5,827.7,189.8,193.0,194.9,196.4,4.54,75.0,3.286,4123.9,826.1,834.1,837.1,827.1,190.8,192.3,195.8,196.8,4.55,75.6,3.264,-5.8,0.891,0,nominal,0,0.0,194.93,701750.4
249.7,mission_cruise,72.22456920511395,3200.0,43.887715397443024,4120.6,827.1,834.7,840.7,826.7,190.9,192.7,195.8,196.3,4.51,74.9,3.313,4123.9,826.1,834.1,837.1,827.1,190.8,192.3,195.8,196.8,4.55,75.6,3.264,-5.8,0.891,0,nominal,0,0.0,194.93,701750.3
249.8,mission_cruise,72.22345747637577,3200.0,43.888271261812115,4120.6,825.3,831.0,837.2,826.0,190.4,191.9,195.4,196.1,4.5,75.9,3.291,4123.8,826.1,834.1,837.1,827.1,190.8,192.3,195.8,196.8,4.55,75.6,3.264,-5.8,0.891,0,nominal,0,0.0,194.93,701750.2
249.9,mission_cruise,72.22234574763758,3200.0,43.88882712618121,4119.3,827.0,833.0,833.8,828.5,190.6,191.6,195.3,197.1,4.61,75.6,3.324,4123.8,826.1,834.1,837.1,827.1,190.8,192.3,195.8,196.8,4.55,75.6,3.264,-5.8,0.891,0,nominal,0,0.0,194.93,701750.1
250.0,mission_cruise,72.2212340188994,3200.0,43.8893829905503,4124.8,826.3,835.9,834.9,827.6,190.9,193.3,195.7,198.0,4.55,75.6,3.234,4123.8,826.1,834.1,837.1,827.1,190.8,192.3,195.8,196.8,4.55,75.6,3.264,-5.8,0.891,0,nominal,0,0.0,194.93,701750.0
250.1,mission_cruise,72.2201222901612,3200.0,43.8899388549194,4115.5,827.3,834.2,836.4,826.1,190.2,191.6,195.8,195.7,4.51,75.4,3.299,4123.7,826.1,834.1,837.1,827.1,190.8,192.3,195.8,196.8,4.55,75.6,3.264,-5.8,0.891,0,nominal,0,0.0,194.93,701749.9
250.2,mission_cruise,72.21901056142302,3200.0,43.89049471928849,4118.1,826.5,834.4,834.1,828.7,190.6,191.2,195.6,196.4,4.56,75.2,3.277,4123.7,826.1,834.1,837.1,827.1,190.8,192.3,195.8,196.8,4.55,75.6,3.264,-5.8,0.891,0,nominal,0,0.0,194.93,701749.8
250.3,mission_cruise,72.21789883268482,3200.0,43.89105058365759,4127.9,825.7,834.7,834.9,827.0,190.9,191.6,196.0,196.6,4.55,75.8,3.271,4123.7,826.1,834.1,837.1,827.1,190.8,192.3,195.8,196.8,4.55,75.6,3.264,-5.8,0.891,0,nominal,0,0.0,194.93,701749.7
250.4,mission_cruise,72.21678710394664,3200.0,43.89160644802668,4121.9,825.3,834.2,837.4,826.7,191.1,192.4,195.0,198.0,4.55,76.1,3.239,4123.6,826.1,834.1,837.1,827.1,190.8,192.3,195.8,196.8,4.55,75.6,3.264,-5.8,0.891,0,nominal,0,0.0,194.93,701749.6
250.5,mission_cruise,72.21567537520845,3200.0,43.892162312395776,4135.7,827.1,833.6,838.6,827.3,191.3,191.9,195.4,195.4,4.54,75.4,3.284,4123.6,826.1,834.1,837.1,827.1,190.8,192.3,195.8,196.8,4.55,75.6,3.264,-5.8,0.891,0,nominal,0,0.0,194.93,701749.5
250.6,mission_cruise,72.21456364647027,3200.0,43.892718176764866,4130.0,826.0,831.3,838.0,826.8,191.0,192.7,194.6,197.6,4.57,74.7,3.228,4123.6,826.1,834.1,837.1,827.1,190.8,192.3,195.8,196.8,4.55,75.6,3.264,-5.8,0.891,0,nominal,0,0.0,194.93,701749.4
250.7,mission_cruise,72.21345191773207,3200.0,43.893274041133964,4124.9,828.0,833.0,837.1,827.2,191.4,192.5,196.0,196.8,4.54,75.8,3.27,4123.5,826.1,834.1,837.1,827.1,190.7,192.2,195.7,196.7,4.55,75.6,3.264,-5.8,0.891,0,nominal,0,0.0,194.93,701749.3
250.8,mission_cruise,72.21234018899389,3200.0,43.893829905503054,4122.8,826.6,834.7,836.3,828.1,190.2,191.3,195.3,197.4,4.56,76.2,3.258,4123.5,826.1,834.1,837.1,827.1,190.7,192.2,195.7,196.7,4.55,75.6,3.264,-5.8,0.891,0,nominal,0,0.0,194.93,701749.2
250.9,mission_cruise,72.2112284602557,3200.0,43.89438576987215,4121.5,825.0,835.5,835.7,825.7,189.6,192.7,196.4,196.5,4.53,75.8,3.293,4123.5,826.1,834.1,837.1,827.1,190.7,192.2,195.7,196.7,4.55,75.6,3.264,-5.8,0.891,0,nominal,0,0.0,194.93,701749.1
251.0,mission_cruise,72.21011673151752,3200.0,43.89494163424124,4118.7,825.3,831.5,835.3,827.4,190.3,191.7,195.8,196.6,4.54,75.9,3.262,4123.4,826.1,834.1,837.1,827.1,190.7,192.2,195.7,196.7,4.55,75.6,3.264,-5.8,0.891,0,nominal,0,0.0,194.93,701749.0
251.1,mission_cruise,72.20900500277932,3200.0,43.89549749861034,4116.6,823.8,832.7,838.5,827.3,190.5,192.1,195.5,197.5,4.54,75.0,3.222,4123.4,826.1,834.1,837.1,827.1,190.7,192.2,195.7,196.7,4.55,75.6,3.264,-5.8,0.891,0,nominal,0,0.0,194.93,701748.9
251.2,mission_cruise,72.20789327404114,3200.0,43.89605336297943,4125.6,825.7,832.3,838.6,826.8,190.5,192.0,195.8,196.5,4.51,76.3,3.28,4123.4,826.1,834.1,837.1,827.1,190.7,192.2,195.7,196.7,4.55,75.6,3.264,-5.8,0.891,0,nominal,0,0.0,194.93,701748.8
251.3,mission_cruise,72.20678154530295,3200.0,43.89660922734853,4120.3,823.8,833.4,836.6,826.8,191.6,191.1,196.3,196.6,4.52,76.0,3.246,4123.3,826.1,834.1,837.1,827.1,190.7,192.2,195.7,196.7,4.55,75.6,3.264,-5.8,0.891,0,nominal,0,0.0,194.93,701748.7
251.4,mission_cruise,72.20566981656476,3200.0,43.89716509171762,4124.6,827.4,831.4,835.3,826.8,191.2,192.7,196.1,196.5,4.55,75.4,3.272,4123.3,826.1,834.1,837.1,827.1,190.7,192.2,195.7,196.7,4.55,75.6,3.263,-5.8,0.891,0,nominal,0,0.0,194.93,701748.6
251.5,mission_cruise,72.20455808782657,3200.0,43.897720956086715,4123.1,827.1,835.4,837.6,829.2,190.1,192.5,194.8,197.6,4.5,75.9,3.262,4123.3,826.1,834.1,837.1,827.1,190.7,192.2,195.7,196.7,4.55,75.6,3.263,-5.8,0.891,0,nominal,0,0.0,194.93,701748.5
251.6,mission_cruise,72.20344635908839,3200.0,43.898276820455806,4128.5,825.5,832.9,835.8,827.0,191.0,192.9,195.5,196.9,4.53,76.2,3.228,4123.2,826.1,834.1,837.1,827.1,190.7,192.2,195.7,196.7,4.55,75.6,3.263,-5.8,0.891,0,nominal,0,0.0,194.93,701748.4
251.7,mission_cruise,72.2023346303502,3200.0,43.8988326848249,4111.1,826.4,831.0,839.4,826.4,191.4,192.5,195.4,197.2,4.56,75.9,3.252,4123.2,826.1,834.1,837.1,827.1,190.7,192.2,195.7,196.7,4.55,75.6,3.263,-5.8,0.891,0,nominal,0,0.0,194.93,701748.3
251.8,mission_cruise,72.20122290161201,3200.0,43.89938854919399,4120.3,828.0,831.6,835.2,828.4,191.4,192.3,197.1,195.5,4.55,75.4,3.251,4123.2,826.1,834.1,837.1,827.1,190.7,192.2,195.7,196.7,4.55,75.6,3.263,-5.8,0.891,0,nominal,0,0.0,194.93,701748.2
251.9,mission_cruise,72.20011117287382,3200.0,43.89994441356309,4122.6,823.4,833.4,838.8,829.1,190.4,192.3,195.6,197.5,4.53,76.6,3.283,4123.1,826.1,834.1,837.1,827.1,190.7,192.2,195.7,196.7,4.55,75.6,3.263,-5.8,0.891,0,nominal,0,0.0,194.93,701748.1
252.0,mission_cruise,72.19899944413564,3200.0,43.90050027793218,4129.4,828.4,833.4,836.6,827.9,190.4,192.2,196.1,197.0,4.52,75.2,3.256,4123.1,826.1,834.1,837.1,827.1,190.7,192.2,195.7,196.7,4.55,75.6,3.263,-5.8,0.891,0,nominal,0,0.0,194.93,701748.0
252.1,mission_cruise,72.19788771539744,3200.0,43.90105614230128,4123.5,827.9,835.8,836.5,826.6,190.5,192.4,194.9,196.4,4.53,75.5,3.294,4123.0,826.1,834.1,837.1,827.1,190.7,192.2,195.7,196.7,4.55,75.6,3.263,-5.8,0.891,0,nominal,0,0.0,194.93,701747.9
252.2,mission_cruise,72.19677598665926,3200.0,43.90161200667037,4116.6,826.6,835.2,837.5,825.1,190.5,191.4,196.4,197.0,4.57,75.1,3.277,4123.0,826.1,834.1,837.1,827.1,190.7,192.2,195.7,196.7,4.55,75.6,3.263,-5.8,0.891,0,nominal,0,0.0,194.93,701747.8
252.3,mission_cruise,72.19566425792107,3200.0,43.90216787103947,4120.5,825.4,834.8,837.4,827.3,190.6,191.9,195.5,196.7,4.52,75.9,3.226,4123.0,826.1,834.1,837.1,827.1,190.7,192.2,195.7,196.7,4.55,75.6,3.263,-5.8,0.891,0,nominal,0,0.0,194.93,701747.7
252.4,mission_cruise,72.19455252918289,3200.0,43.90272373540856,4126.3,826.7,832.6,839.0,829.0,190.5,192.5,195.1,196.0,4.59,76.0,3.231,4122.9,826.1,834.1,837.1,827.1,190.7,192.2,195.7,196.7,4.55,75.6,3.263,-5.8,0.891,0,nominal,0,0.0,194.93,701747.6
252.5,mission_cruise,72.19344080044469,3200.0,43.903279599777655,4128.2,824.7,834.3,839.6,825.5,191.6,192.9,195.1,196.6,4.51,75.6,3.233,4122.9,826.1,834.1,837.1,827.1,190.7,192.2,195.7,196.7,4.55,75.6,3.263,-5.8,0.891,0,nominal,0,0.0,194.93,701747.5
252.6,mission_cruise,72.19232907170651,3200.0,43.903835464146745,4121.7,825.4,833.9,836.7,824.9,189.8,191.6,195.6,196.5,4.54,75.1,3.311,4122.9,826.0,834.0,837.0,827.0,190.7,192.2,195.7,196.7,4.55,75.6,3.263,-5.8,0.891,0,nominal,0,0.0,194.93,701747.4
252.7,mission_cruise,72.19121734296832,3200.0,43.90439132851584,4121.9,822.6,833.0,836.4,828.0,190.8,192.4,196.5,196.2,4.59,76.3,3.246,4122.8,826.0,834.0,837.0,827.0,190.7,192.2,195.7,196.7,4.55,75.6,3.263,-5.8,0.891,0,nominal,0,0.0,194.93,701747.3
252.8,mission_cruise,72.19010561423013,3200.0,43.90494719288493,4112.4,825.8,835.8,836.4,826.7,190.7,192.7,194.9,197.3,4.53,75.2,3.235,4122.8,826.0,834.0,837.0,827.0,190.7,192.2,195.7,196.7,4.55,75.6,3.263,-5.8,0.891,0,nominal,0,0.0,194.93,701747.2
252.9,mission_cruise,72.18899388549194,3200.0,43.90550305725403,4125.4,827.8,834.7,836.8,826.9,190.8,191.0,196.1,197.1,4.54,75.6,3.26,4122.8,826.0,834.0,837.0,827.0,190.7,192.2,195.7,196.7,4.55,75.6,3.263,-5.8,0.891,0,nominal,0,0.0,194.93,701747.1
253.0,mission_cruise,72.18788215675376,3200.0,43.90605892162312,4122.4,827.9,835.4,836.2,826.8,191.4,191.6,195.4,197.1,4.5,76.2,3.271,4122.7,826.0,834.0,837.0,827.0,190.7,192.2,195.7,196.7,4.55,75.6,3.263,-5.8,0.891,0,nominal,0,0.0,194.93,701747.0
253.1,mission_cruise,72.18677042801556,3200.0,43.90661478599222,4131.0,828.9,834.3,836.6,822.9,191.3,190.4,195.7,197.6,4.49,75.9,3.251,4122.7,826.0,834.0,837.0,827.0,190.7,192.2,195.7,196.7,4.55,75.6,3.263,-5.8,0.891,0,nominal,0,0.0,194.93,701746.9
253.2,mission_cruise,72.18565869927738,3200.0,43.90717065036131,4123.9,825.6,836.5,837.8,823.6,190.6,191.0,195.6,198.0,4.58,76.0,3.284,4122.7,826.0,834.0,837.0,827.0,190.7,192.2,195.7,196.7,4.55,75.6,3.263,-5.8,0.891,0,nominal,0,0.0,194.93,701746.8
253.3,mission_cruise,72.18454697053919,3200.0,43.907726514730406,4122.7,825.3,833.8,836.4,827.1,191.3,192.0,195.5,195.8,4.57,75.9,3.267,4122.6,826.0,834.0,837.0,827.0,190.7,192.2,195.7,196.7,4.55,75.6,3.263,-5.8,0.891,0,nominal,0,0.0,194.93,701746.7
253.4,mission_cruise,72.183435241801,3200.0,43.9082823790995,4115.7,825.4,833.9,837.8,825.1,191.9,191.9,195.5,196.9,4.58,75.4,3.27,4122.6,826.0,834.0,837.0,827.0,190.7,192.2,195.7,196.7,4.55,75.6,3.263,-5.8,0.891,0,nominal,0,0.0,194.93,701746.6
253.5,mission_cruise,72.18232351306281,3200.0,43.908838243468594,4124.9,825.0,832.8,838.6,825.9,190.7,191.1,195.8,197.2,4.55,76.1,3.295,4122.6,826.0,834.0,837.0,827.0,190.7,192.2,195.7,196.7,4.55,75.6,3.263,-5.8,0.891,0,nominal,0,0.0,194.93,701746.5
253.6,mission_cruise,72.18121178432463,3200.0,43.909394107837684,4122.8,826.5,835.5,835.2,829.6,190.8,190.8,195.3,196.2,4.53,75.3,3.294,4122.5,826.0,834.0,837.0,827.0,190.7,192.2,195.7,196.7,4.55,75.6,3.263,-5.8,0.891,0,nominal,0,0.0,194.93,701746.4
253.7,mission_cruise,72.18010005558644,3200.0,43.90994997220678,4120.8,825.8,833.3,835.2,827.0,190.9,191.1,195.8,196.2,4.57,75.6,3.218,4122.5,826.0,834.0,837.0,827.0,190.7,192.2,195.7,196.7,4.55,75.6,3.263,-5.8,0.891,0,nominal,0,0.0,194.93,701746.3
253.8,mission_cruise,72.17898832684826,3200.0,43.91050583657587,4121.6,825.0,835.8,838.0,828.3,190.7,191.9,196.1,196.6,4.54,75.4,3.212,4122.5,826.0,834.0,837.0,827.0,190.7,192.2,195.7,196.7,4.55,75.6,3.263,-5.8,0.891,0,nominal,0,0.0,194.93,701746.2
253.9,mission_cruise,72.17787659811006,3200.0,43.91106170094497,4124.6,825.3,833.7,834.3,827.8,190.4,192.1,194.9,196.5,4.58,76.0,3.239,4122.4,826.0,834.0,837.0,827.0,190.7,192.2,195.7,196.7,4.55,75.6,3.262,-5.8,0.891,0,nominal,0,0.0,194.93,701746.1
254.0,mission_cruise,72.17676486937188,3200.0,43.91161756531406,4128.5,829.0,832.9,835.9,828.2,190.6,191.5,195.8,196.9,4.5,76.0,3.278,4122.4,826.0,834.0,837.0,827.0,190.7,192.2,195.7,196.7,4.55,75.6,3.262,-5.8,0.891,0,nominal,0,0.0,194.93,701746.0
254.1,mission_cruise,72.17565314063368,3200.0,43.91217342968316,4120.5,824.7,835.9,835.5,826.0,190.4,192.6,195.4,196.6,4.54,75.6,3.245,4122.4,826.0,834.0,837.0,827.0,190.7,192.2,195.7,196.7,4.55,75.6,3.262,-5.8,0.891,0,nominal,0,0.0,194.93,701745.9
254.2,mission_cruise,72.1745414118955,3200.0,43.91272929405225,4123.0,826.6,834.7,837.1,825.9,190.7,192.5,196.0,197.0,4.57,75.1,3.272,4122.3,826.0,834.0,837.0,827.0,190.7,192.2,195.7,196.7,4.55,75.6,3.262,-5.8,0.891,0,nominal,0,0.0,194.93,701745.8
254.3,mission_cruise,72.17342968315731,3200.0,43.913285158421345,4110.0,828.9,833.8,840.0,827.5,190.9,192.1,196.1,197.2,4.59,75.6,3.265,4122.3,826.0,834.0,837.0,827.0,190.7,192.2,195.7,196.7,4.55,75.6,3.262,-5.8,0.891,0,nominal,0,0.0,194.93,701745.7
254.4,mission_cruise,72.17231795441913,3200.0,43.913841022790436,4118.0,825.3,830.4,839.6,825.8,190.8,192.8,194.8,197.6,4.57,76.0,3.231,4122.3,826.0,834.0,837.0,827.0,190.7,192.2,195.7,196.7,4.55,75.6,3.262,-5.8,0.891,0,nominal,0,0.0,194.93,701745.6
254.5,mission_cruise,72.17120622568093,3200.0,43.91439688715953,4122.8,825.5,835.1,836.6,828.6,191.4,191.4,195.9,196.4,4.54,75.4,3.251,4122.2,826.0,834.0,837.0,827.0,190.7,192.2,195.7,196.7,4.55,75.6,3.262,-5.8,0.891,0,nominal,0,0.0,194.93,701745.5
254.6,mission_cruise,72.17009449694275,3200.0,43.914952751528624,4116.5,825.0,831.6,838.4,827.0,191.1,192.2,194.9,196.0,4.56,76.0,3.262,4122.2,826.0,834.0,837.0,827.0,190.7,192.2,195.7,196.7,4.55,75.6,3.262,-5.8,0.891,0,nominal,0,0.0,194.93,701745.4
254.7,mission_cruise,72.16898276820456,3200.0,43.91550861589772,4115.8,823.8,835.7,836.9,827.5,190.5,192.3,195.4,198.0,4.58,75.5,3.234,4122.2,826.0,834.0,837.0,827.0,190.7,192.2,195.7,196.7,4.55,75.6,3.262,-5.8,0.891,0,nominal,0,0.0,194.93,701745.3
254.8,mission_cruise,72.16787103946638,3200.0,43.91606448026681,4125.0,825.5,834.0,838.2,827.3,190.7,192.5,196.3,196.8,4.58,75.3,3.252,4122.1,826.0,834.0,837.0,827.0,190.7,192.2,195.7,196.7,4.55,75.6,3.262,-5.8,0.891,0,nominal,0,0.0,194.93,701745.2
254.9,mission_cruise,72.16675931072818,3200.0,43.91662034463591,4123.4,825.4,836.0,837.7,827.7,191.0,192.7,198.0,195.5,4.57,74.7,3.255,4122.1,826.0,834.0,837.0,827.0,190.7,192.2,195.7,196.7,4.55,75.6,3.262,-5.8,0.891,0,nominal,0,0.0,194.93,701745.1
255.0,mission_cruise,72.16564758199,3200.0,43.917176209005,4121.2,826.4,834.4,836.5,830.2,190.9,192.0,196.9,196.3,4.57,74.9,3.24,4122.1,826.0,834.0,837.0,827.0,190.7,192.2,195.7,196.7,4.55,75.6,3.262,-5.8,0.891,0,nominal,0,0.0,194.93,701745.0
255.1,mission_cruise,72.1645358532518,3200.0,43.9177320733741,4118.2,824.1,836.7,836.8,828.3,191.5,192.4,195.4,197.0,4.56,74.6,3.274,4122.0,826.0,834.0,837.0,827.0,190.7,192.2,195.7,196.7,4.55,75.6,3.262,-5.8,0.891,0,nominal,0,0.0,194.93,701744.9
255.2,mission_cruise,72.16342412451363,3200.0,43.91828793774319,4119.6,826.4,835.0,838.4,830.5,189.6,192.3,194.6,196.8,4.56,75.2,3.208,4122.0,826.0,834.0,837.0,827.0,190.7,192.2,195.7,196.7,4.55,75.6,3.262,-5.8,0.891,0,nominal,0,0.0,194.93,701744.8
255.3,mission_cruise,72.16231239577543,3200.0,43.918843802112285,4127.6,825.2,835.2,836.6,826.5,191.6,192.3,196.4,197.1,4.53,75.4,3.254,4122.0,826.0,834.0,837.0,827.0,190.7,192.2,195.7,196.7,4.55,75.6,3.262,-5.8,0.891,0,nominal,0,0.0,194.93,701744.7
255.4,mission_cruise,72.16120066703725,3200.0,43.919399666481375,4125.3,828.2,837.7,838.1,828.1,191.2,191.7,196.6,195.8,4.53,76.0,3.307,4121.9,826.0,834.0,837.0,827.0,190.7,192.2,195.7,196.7,4.55,75.6,3.262,-5.8,0.891,0,nominal,0,0.0,194.93,701744.6
255.5,mission_cruise,72.16008893829905,3200.0,43.91995553085047,4125.7,827.9,832.3,839.1,829.6,190.1,191.8,195.1,197.0,4.53,75.6,3.234,4121.9,826.0,834.0,837.0,827.0,190.7,192.2,195.7,196.7,4.55,75.6,3.262,-5.8,0.891,0,nominal,0,0.0,194.93,701744.5
255.6,mission_cruise,72.15897720956087,3200.0,43.92051139521956,4127.0,826.1,833.2,836.3,828.5,190.4,192.8,196.3,197.1,4.55,76.1,3.282,4121.9,826.0,834.0,837.0,827.0,190.7,192.2,195.7,196.7,4.55,75.6,3.262,-5.8,0.891,0,nominal,0,0.0,194.93,701744.4
255.7,mission_cruise,72.15786548082268,3200.0,43.92106725958866,4125.0,826.8,835.0,836.7,827.4,190.6,193.1,195.0,196.9,4.54,75.9,3.323,4121.8,826.0,834.0,837.0,827.0,190.7,192.2,195.7,196.7,4.55,75.6,3.262,-5.8,0.891,0,nominal,0,0.0,194.93,701744.3
255.8,mission_cruise,72.1567537520845,3200.0,43.92162312395775,4115.9,825.3,833.4,837.5,827.5,190.5,192.2,196.2,197.2,4.54,75.7,3.265,4121.8,826.0,834.0,837.0,827.0,190.7,192.2,195.7,196.7,4.55,75.6,3.262,-5.8,0.891,0,nominal,0,0.0,194.93,701744.2
255.9,mission_cruise,72.1556420233463,3200.0,43.92217898832685,4115.0,827.1,834.8,836.9,827.8,191.0,191.8,196.4,196.5,4.54,76.0,3.292,4121.8,826.0,834.0,837.0,827.0,190.7,192.2,195.7,196.7,4.55,75.6,3.262,-5.8,0.891,0,nominal,0,0.0,194.93,701744.1
256.0,mission_cruise,72.15453029460812,3200.0,43.92273485269594,4123.7,826.6,834.0,837.9,828.1,191.0,192.4,197.1,197.4,4.55,75.6,3.252,4121.7,826.0,834.0,837.0,827.0,190.7,192.2,195.7,196.7,4.55,75.6,3.262,-5.8,0.891,0,nominal,0,0.0,194.93,701744.0
256.1,mission_cruise,72.15341856586993,3200.0,43.923290717065036,4117.1,827.9,833.9,836.5,828.1,189.9,192.4,195.8,196.5,4.52,76.7,3.234,4121.7,826.0,834.0,837.0,827.0,190.7,192.2,195.7,196.7,4.55,75.6,3.262,-5.8,0.891,0,nominal,0,0.0,194.93,701743.9
256.2,mission_cruise,72.15230683713175,3200.0,43.92384658143413,4117.0,826.8,833.9,835.1,826.7,191.1,192.1,194.7,195.5,4.55,75.5,3.269,4121.6,826.0,834.0,837.0,827.0,190.7,192.2,195.7,196.7,4.55,75.6,3.262,-5.8,0.891,0,nominal,0,0.0,194.93,701743.8
256.3,mission_cruise,72.15119510839355,3200.0,43.924402445803224,4123.7,826.4,834.5,835.8,827.3,190.8,192.9,194.8,195.5,4.57,74.9,3.222,4121.6,826.0,834.0,837.0,827.0,190.7,192.2,195.7,196.7,4.55,75.6,3.261,-5.8,0.891,0,nominal,0,0.0,194.93,701743.7
256.4,mission_cruise,72.15008337965537,3200.0,43.924958310172315,4120.7,826.4,835.8,837.9,826.8,190.5,191.7,196.6,196.5,4.54,75.7,3.241,4121.6,826.0,834.0,837.0,827.0,190.7,192.2,195.7,196.7,4.55,75.6,3.261,-5.8,0.891,0,nominal,0,0.0,194.93,701743.6
256.5,mission_cruise,72.14897165091718,3200.0,43.92551417454141,4126.2,825.9,832.5,837.1,827.4,191.2,192.6,195.6,197.4,4.5,76.1,3.254,4121.5,826.0,834.0,837.0,827.0,190.7,192.2,195.7,196.7,4.55,75.6,3.261,-5.8,0.891,0,nominal,0,0.0,194.93,701743.5
256.6,mission_cruise,72.147859922179,3200.0,43.9260700389105,4118.5,827.1,833.5,836.0,828.5,191.1,193.4,194.6,196.8,4.57,75.4,3.242,4121.5,826.0,834.0,837.0,827.0,190.7,192.2,195.7,196.7,4.55,75.6,3.261,-5.8,0.891,0,nominal,0,0.0,194.93,701743.4
256.7,mission_cruise,72.1467481934408,3200.0,43.9266259032796,4114.8,826.9,833.4,836.5,828.5,191.0,192.2,196.3,195.8,4.51,75.5,3.244,4121.5,826.0,834.0,837.0,827.0,190.7,192.2,195.7,196.7,4.55,75.6,3.261,-5.8,0.891,0,nominal,0,0.0,194.93,701743.3
256.8,mission_cruise,72.14563646470262,3200.0,43.92718176764869,4114.5,824.8,835.3,836.9,826.6,190.7,191.9,195.3,195.7,4.52,75.1,3.291,4121.4,826.0,834.0,837.0,827.0,190.7,192.2,195.7,196.7,4.55,75.6,3.261,-5.8,0.891,0,nominal,0,0.0,194.93,701743.2
256.9,mission_cruise,72.14452473596442,3200.0,43.92773763201779,4113.1,825.4,832.7,838.6,826.8,190.3,191.5,194.9,196.9,4.55,76.4,3.244,4121.4,826.0,834.0,837.0,827.0,190.7,192.2,195.7,196.7,4.55,75.6,3.261,-5.8,0.891,0,nominal,0,0.0,194.93,701743.1
257.0,mission_cruise,72.14341300722624,3200.0,43.92829349638688,4117.6,824.9,833.5,837.5,826.5,190.4,193.1,195.8,196.6,4.54,76.2,3.226,4121.4,826.0,834.0,837.0,827.0,190.7,192.2,195.7,196.7,4.55,75.6,3.261,-5.8,0.891,0,nominal,0,0.0,194.93,701743.0
257.1,mission_cruise,72.14230127848805,3200.0,43.928849360755976,4121.4,824.5,834.0,839.0,828.1,190.4,191.8,196.2,197.8,4.57,75.3,3.292,4121.3,826.0,834.0,837.0,827.0,190.7,192.2,195.7,196.7,4.55,75.6,3.261,-5.8,0.891,0,nominal,0,0.0,194.93,701742.9
257.2,mission_cruise,72.14118954974987,3200.0,43.929405225125066,4126.7,824.9,831.3,837.2,827.8,190.3,192.1,196.7,197.2,4.55,75.7,3.33,4121.3,826.0,834.0,837.0,827.0,190.7,192.2,195.7,196.7,4.55,75.6,3.261,-5.8,0.891,0,nominal,0,0.0,194.93,701742.8
257.3,mission_cruise,72.14007782101167,3200.0,43.929961089494164,4119.3,826.9,834.1,838.5,826.8,191.4,192.7,196.0,195.8,4.52,75.3,3.326,4121.3,826.0,834.0,837.0,827.0,190.7,192.2,195.7,196.7,4.55,75.6,3.261,-5.8,0.891,0,nominal,0,0.0,194.93,701742.7
257.4,mission_cruise,72.13896609227349,3200.0,43.930516953863254,4122.0,826.1,833.0,838.1,826.2,191.9,191.7,195.2,196.4,4.56,75.0,3.237,4121.2,826.0,834.0,837.0,827.0,190.7,192.2,195.7,196.7,4.55,75.6,3.261,-5.8,0.891,0,nominal,0,0.0,194.93,701742.6
257.5,mission_cruise,72.1378543635353,3200.0,43.93107281823235,4121.5,828.4,836.7,835.4,829.7,190.5,193.0,195.8,196.4,4.56,75.7,3.256,4121.2,826.0,834.0,837.0,827.0,190.7,192.2,195.7,196.7,4.55,75.6,3.261,-5.8,0.891,0,nominal,0,0.0,194.93,701742.5
257.6,mission_cruise,72.13674263479712,3200.0,43.93162868260144,4128.3,825.0,836.7,838.2,828.5,190.7,192.0,196.1,195.9,4.56,76.3,3.277,4121.2,826.0,834.0,837.0,827.0,190.7,192.2,195.7,196.7,4.55,75.6,3.261,-5.8,0.891,0,nominal,0,0.0,194.93,701742.4
257.7,mission_cruise,72.13563090605892,3200.0,43.93218454697054,4125.6,825.0,833.9,836.1,829.4,189.6,192.4,196.3,197.4,4.55,75.3,3.221,4121.1,826.0,834.0,837.0,827.0,190.7,192.2,195.7,196.7,4.55,75.6,3.261,-5.8,0.891,0,nominal,0,0.0,194.93,701742.3
257.8,mission_cruise,72.13451917732074,3200.0,43.93274041133963,4123.1,822.6,832.5,837.7,828.6,191.0,193.2,195.5,196.7,4.51,75.5,3.278,4121.1,825.9,833.9,836.9,826.9,190.7,192.2,195.7,196.7,4.55,75.6,3.261,-5.8,0.891,0,nominal,0,0.0,194.93,701742.2
257.9,mission_cruise,72.13340744858255,3200.0,43.93329627570873,4122.4,827.3,831.4,836.5,827.7,190.3,191.7,196.7,197.0,4.55,76.5,3.259,4121.1,825.9,833.9,836.9,826.9,190.7,192.2,195.7,196.7,4.55,75.6,3.261,-5.8,0.891,0,nominal,0,0.0,194.93,701742.1
258.0,mission_cruise,72.13229571984436,3200.0,43.93385214007782,4115.7,826.3,832.4,837.7,827.2,190.7,192.8,196.1,196.0,4.54,75.7,3.241,4121.0,825.9,833.9,836.9,826.9,190.7,192.2,195.7,196.7,4.55,75.6,3.261,-5.8,0.891,0,nominal,0,0.0,194.93,701742.0
258.1,mission_cruise,72.13118399110617,3200.0,43.934408004446915,4117.0,825.4,832.8,837.9,825.5,190.4,191.8,195.6,197.3,4.53,75.2,3.298,4121.0,825.9,833.9,836.9,826.9,190.7,192.2,195.7,196.7,4.55,75.6,3.261,-5.8,0.891,0,nominal,0,0.0,194.93,701741.9
258.2,mission_cruise,72.13007226236799,3200.0,43.934963868816006,4124.6,826.8,834.4,833.7,828.6,191.2,192.4,196.3,197.6,4.48,75.1,3.293,4121.0,825.9,833.9,836.9,826.9,190.7,192.2,195.7,196.7,4.55,75.6,3.261,-5.8,0.891,0,nominal,0,0.0,194.93,701741.8
258.3,mission_cruise,72.1289605336298,3200.0,43.9355197331851,4120.9,826.5,834.9,836.6,826.5,190.9,192.3,195.0,197.2,4.53,76.3,3.238,4120.9,825.9,833.9,836.9,826.9,190.7,192.2,195.7,196.7,4.55,75.6,3.261,-5.8,0.891,0,nominal,0,0.0,194.93,701741.7
258.4,mission_cruise,72.12784880489161,3200.0,43.93607559755419,4118.8,824.6,833.9,836.5,826.6,190.0,192.5,195.8,198.4,4.54,75.8,3.265,4120.9,825.9,833.9,836.9,826.9,190.7,192.2,195.7,196.7,4.55,75.6,3.261,-5.8,0.891,0,nominal,0,0.0,194.93,701741.6
258.5,mission_cruise,72.12673707615342,3200.0,43.93663146192329,4120.9,826.9,832.8,837.9,828.1,190.6,191.8,196.6,198.0,4.59,75.4,3.245,4120.9,825.9,833.9,836.9,826.9,190.7,192.2,195.7,196.7,4.54,75.6,3.261,-5.8,0.891,0,nominal,0,0.0,194.93,701741.5
258.6,mission_cruise,72.12562534741524,3200.0,43.93718732629238,4125.9,825.4,836.4,835.4,824.9,191.4,192.8,196.8,196.6,4.51,75.6,3.24,4120.8,825.9,833.9,836.9,826.9,190.7,192.2,195.7,196.7,4.54,75.6,3.261,-5.8,0.891,0,nominal,0,0.0,194.93,701741.4
258.7,mission_cruise,72.12451361867704,3200.0,43.93774319066148,4119.7,824.3,834.6,838.8,826.7,190.6,192.5,195.7,196.6,4.56,75.7,3.265,4120.8,825.9,833.9,836.9,826.9,190.7,192.2,195.7,196.7,4.54,75.6,3.261,-5.8,0.891,0,nominal,0,0.0,194.93,701741.3
258.8,mission_cruise,72.12340188993886,3200.0,43.93829905503057,4118.0,823.3,836.6,836.5,828.4,190.8,192.5,196.0,195.6,4.5,75.4,3.26,4120.8,825.9,833.9,836.9,826.9,190.7,192.2,195.7,196.7,4.54,75.6,3.26,-5.8,0.891,0,nominal,0,0.0,194.93,701741.2
258.9,mission_cruise,72.12229016120067,3200.0,43.93885491939967,4125.2,828.4,833.6,838.3,827.4,191.1,192.1,194.8,196.8,4.57,75.3,3.232,4120.7,825.9,833.9,836.9,826.9,190.7,192.2,195.7,196.7,4.54,75.6,3.26,-5.8,0.891,0,nominal,0,0.0,194.93,701741.1
259.0,mission_cruise,72.12117843246249,3200.0,43.93941078376876,4121.4,823.6,833.5,836.1,830.9,190.5,191.7,195.0,195.7,4.57,75.6,3.216,4120.7,825.9,833.9,836.9,826.9,190.7,192.2,195.7,196.7,4.54,75.6,3.26,-5.8,0.891,0,nominal,0,0.0,194.93,701741.0
259.1,mission_cruise,72.12006670372429,3200.0,43.939966648137855,4115.7,824.2,836.0,837.3,826.6,190.9,191.6,194.7,196.3,4.55,75.2,3.233,4120.7,825.9,833.9,836.9,826.9,190.7,192.2,195.7,196.7,4.54,75.6,3.26,-5.8,0.891,0,nominal,0,0.0,194.93,701740.9
259.2,mission_cruise,72.11895497498611,3200.0,43.940522512506945,4116.0,826.1,834.6,834.4,824.2,191.6,192.4,195.7,196.0,4.54,75.6,3.241,4120.6,825.9,833.9,836.9,826.9,190.7,192.2,195.7,196.7,4.54,75.6,3.26,-5.8,0.891,0,nominal,0,0.0,194.93,701740.8
259.3,mission_cruise,72.11784324624792,3200.0,43.94107837687604,4120.9,825.1,835.4,838.1,826.5,190.3,192.0,195.5,196.5,4.5,76.3,3.236,4120.6,825.9,833.9,836.9,826.9,190.7,192.2,195.7,196.7,4.54,75.6,3.26,-5.8,0.891,0,nominal,0,0.0,194.93,701740.7
259.4,mission_cruise,72.11673151750973,3200.0,43.94163424124513,4121.7,827.0,834.9,836.9,827.1,190.9,191.6,195.6,197.0,4.53,75.5,3.273,4120.6,825.9,833.9,836.9,826.9,190.7,192.2,195.7,196.7,4.54,75.6,3.26,-5.8,0.891,0,nominal,0,0.0,194.93,701740.6
259.5,mission_cruise,72.11561978877154,3200.0,43.94219010561423,4126.1,825.5,833.3,837.4,829.0,190.5,192.4,195.6,196.8,4.53,75.0,3.296,4120.5,825.9,833.9,836.9,826.9,190.7,192.2,195.7,196.7,4.54,75.6,3.26,-5.8,0.891,0,nominal,0,0.0,194.93,701740.5
259.6,mission_cruise,72.11450806003336,3200.0,43.94274596998332,4126.7,826.2,834.0,838.2,827.4,189.7,193.0,195.5,197.3,4.55,74.9,3.296,4120.5,825.9,833.9,836.9,826.9,190.7,192.2,195.7,196.7,4.54,75.6,3.26,-5.8,0.891,0,nominal,0,0.0,194.93,701740.4
259.7,mission_cruise,72.11339633129516,3200.0,43.94330183435242,4114.0,825.9,836.3,836.6,826.5,189.3,191.3,195.4,196.8,4.53,75.4,3.19,4120.5,825.9,833.9,836.9,826.9,190.7,192.2,195.7,196.7,4.54,75.6,3.26,-5.8,0.891,0,nominal,0,0.0,194.93,701740.3
259.8,mission_cruise,72.11228460255698,3200.0,43.94385769872151,4111.9,827.5,833.3,837.1,827.2,190.5,192.4,196.1,195.8,4.53,75.3,3.305,4120.4,825.9,833.9,836.9,826.9,190.7,192.2,195.7,196.7,4.54,75.6,3.26,-5.8,0.891,0,nominal,0,0.0,194.93,701740.2
259.9,mission_cruise,72.11117287381879,3200.0,43.944413563090606,4123.4,825.1,832.0,838.2,826.4,189.5,191.9,194.8,196.0,4.51,75.2,3.216,4120.4,825.9,833.9,836.9,826.9,190.7,192.2,195.7,196.7,4.54,75.6,3.26,-5.8,0.891,0,nominal,0,0.0,194.93,701740.1
260.0,mission_cruise,72.1100611450806,3200.0,43.9449694274597,4124.3,826.4,837.4,833.1,826.5,190.8,192.0,195.8,196.6,4.53,75.3,3.316,4120.4,825.9,833.9,836.9,826.9,190.7,192.2,195.7,196.7,4.54,75.6,3.26,-5.8,0.891,0,nominal,0,0.0,194.93,701740.0
260.1,mission_cruise,72.10894941634241,3200.0,43.945525291828794,4115.7,826.0,833.8,835.2,826.4,190.4,192.3,195.0,195.6,4.57,75.0,3.225,4120.3,825.9,833.9,836.9,826.9,190.7,192.2,195.7,196.7,4.54,75.6,3.26,-5.8,0.891,0,nominal,0,0.0,194.93,701739.9
260.2,mission_cruise,72.10783768760423,3200.0,43.946081156197884,4125.2,828.9,832.5,839.6,827.1,190.9,193.6,196.6,196.6,4.57,75.5,3.251,4120.3,825.9,833.9,836.9,826.9,190.7,192.2,195.7,196.7,4.54,75.6,3.26,-5.8,0.891,0,nominal,0,0.0,194.93,701739.8
260.3,mission_cruise,72.10672595886604,3200.0,43.94663702056698,4124.0,823.7,831.5,835.7,824.9,190.9,191.8,195.8,195.6,4.56,75.7,3.237,4120.2,825.9,833.9,836.9,826.9,190.7,192.2,195.7,196.7,4.54,75.6,3.26,-5.8,0.891,0,nominal,0,0.0,194.93,701739.7
260.4,mission_cruise,72.10561423012786,3200.0,43.94719288493607,4115.3,826.2,834.1,837.9,827.0,190.8,192.6,195.4,197.1,4.55,75.3,3.241,4120.2,825.9,833.9,836.9,826.9,190.7,192.2,195.7,196.7,4.54,75.6,3.26,-5.8,0.891,0,nominal,0,0.0,194.93,701739.6
260.5,mission_cruise,72.10450250138966,3200.0,43.94774874930517,4115.5,824.7,832.9,837.5,827.5,191.0,192.9,194.6,196.8,4.58,76.0,3.195,4120.2,825.9,833.9,836.9,826.9,190.7,192.2,195.7,196.7,4.54,75.6,3.26,-5.8,0.891,0,nominal,0,0.0,194.93,701739.5
260.6,mission_cruise,72.10339077265148,3200.0,43.94830461367426,4105.7,827.3,834.9,840.2,827.2,190.7,192.3,194.5,196.8,4.57,75.8,3.249,4120.1,825.9,833.9,836.9,826.9,190.7,192.2,195.7,196.7,4.54,75.6,3.26,-5.8,0.891,0,nominal,0,0.0,194.93,701739.4
260.7,mission_cruise,72.10227904391328,3200.0,43.94886047804336,4120.7,824.3,833.7,836.8,827.7,190.4,192.5,196.2,196.8,4.57,75.8,3.271,4120.1,825.9,833.9,836.9,826.9,190.7,192.2,195.7,196.7,4.54,75.6,3.26,-5.8,0.891,0,nominal,0,0.0,194.93,701739.3
260.8,mission_cruise,72.1011673151751,3200.0,43.94941634241245,4116.4,826.0,835.7,836.5,824.3,191.2,191.8,195.2,196.4,4.52,75.4,3.268,4120.1,825.9,833.9,836.9,826.9,190.7,192.2,195.7,196.7,4.54,75.6,3.26,-5.8,0.891,0,nominal,0,0.0,194.93,701739.2
260.9,mission_cruise,72.10005558643691,3200.0,43.949972206781545,4109.2,825.2,832.7,836.1,826.6,190.4,192.6,195.5,196.6,4.54,76.6,3.267,4120.0,825.9,833.9,836.9,826.9,190.7,192.2,195.7,196.7,4.54,75.6,3.26,-5.8,0.891,0,nominal,0,0.0,194.93,701739.1
261.0,mission_cruise,72.09894385769873,3200.0,43.950528071150636,4118.4,826.2,833.6,835.6,825.6,190.1,192.9,196.2,196.4,4.52,76.1,3.258,4120.0,825.9,833.9,836.9,826.9,190.7,192.2,195.7,196.7,4.54,75.6,3.26,-5.8,0.891,0,nominal,0,0.0,194.93,701739.0
261.1,mission_cruise,72.09783212896053,3200.0,43.95108393551973,4121.3,825.8,833.0,836.0,824.8,191.2,192.1,196.0,196.6,4.57,75.4,3.284,4120.0,825.9,833.9,836.9,826.9,190.7,192.2,195.7,196.7,4.54,75.6,3.26,-5.8,0.891,0,nominal,0,0.0,194.93,701738.9
261.2,mission_cruise,72.09672040022235,3200.0,43.951639799888824,4121.7,823.5,835.9,835.2,826.9,190.5,192.4,196.6,197.3,4.51,75.2,3.274,4119.9,825.9,833.9,836.9,826.9,190.7,192.2,195.7,196.7,4.54,75.6,3.259,-5.8,0.891,0,nominal,0,0.0,194.93,701738.8
261.3,mission_cruise,72.09560867148416,3200.0,43.95219566425792,4124.4,828.3,831.6,837.1,825.5,190.4,192.6,196.3,196.6,4.57,75.6,3.233,4119.9,825.9,833.9,836.9,826.9,190.7,192.2,195.7,196.7,4.54,75.6,3.259,-5.8,0.891,0,nominal,0,0.0,194.93,701738.7
261.4,mission_cruise,72.09449694274598,3200.0,43.95275152862701,4119.4,826.7,832.6,838.4,826.2,191.5,191.4,196.0,197.5,4.55,75.4,3.259,4119.9,825.9,833.9,836.9,826.9,190.7,192.2,195.7,196.7,4.54,75.6,3.259,-5.8,0.891,0,nominal,0,0.0,194.93,701738.6
261.5,mission_cruise,72.09338521400778,3200.0,43.95330739299611,4114.9,827.8,833.7,836.5,826.1,191.3,192.4,195.0,197.1,4.54,75.8,3.241,4119.8,825.9,833.9,836.9,826.9,190.7,192.2,195.7,196.7,4.54,75.6,3.259,-5.8,0.891,0,nominal,0,0.0,194.93,701738.5
261.6,mission_cruise,72.0922734852696,3200.0,43.9538632573652,4121.3,825.4,833.8,836.8,828.8,191.8,191.1,194.8,197.1,4.55,75.7,3.234,4119.8,825.9,833.9,836.9,826.9,190.7,192.2,195.7,196.7,4.54,75.6,3.259,-5.8,0.891,0,nominal,0,0.0,194.93,701738.4
261.7,mission_cruise,72.0911617565314,3200.0,43.9544191217343,4118.6,826.4,833.4,836.9,828.5,190.1,192.4,195.9,197.3,4.56,76.7,3.257,4119.8,825.9,833.9,836.9,826.9,190.7,192.2,195.7,196.7,4.54,75.6,3.259,-5.8,0.891,0,nominal,0,0.0,194.93,701738.3
261.8,mission_cruise,72.09005002779323,3200.0,43.95497498610339,4115.3,826.0,833.9,835.9,825.5,190.5,191.3,195.5,196.7,4.55,76.0,3.214,4119.7,825.9,833.9,836.9,826.9,190.7,192.2,195.7,196.7,4.54,75.6,3.259,-5.8,0.891,0,nominal,0,0.0,194.93,701738.2
261.9,mission_cruise,72.08893829905503,3200.0,43.955530850472485,4116.0,827.3,833.2,836.2,827.9,191.0,192.6,194.4,196.4,4.5,75.4,3.318,4119.7,825.9,833.9,836.9,826.9,190.7,192.2,195.7,196.7,4.54,75.6,3.259,-5.8,0.891,0,nominal,0,0.0,194.93,701738.1
262.0,mission_cruise,72.08782657031685,3200.0,43.956086714841575,4113.3,824.6,836.0,838.2,827.7,190.8,191.5,195.6,197.2,4.54,75.5,3.225,4119.7,825.9,833.9,836.9,826.9,190.7,192.2,195.7,196.7,4.54,75.6,3.259,-5.8,0.891,0,nominal,0,0.0,194.93,701738.0
262.1,mission_cruise,72.08671484157865,3200.0,43.95664257921067,4118.6,826.8,833.4,838.5,826.0,190.6,192.2,195.3,196.9,4.55,75.8,3.269,4119.6,825.9,833.9,836.9,826.9,190.7,192.2,195.7,196.7,4.54,75.6,3.259,-5.8,0.891,0,nominal,0,0.0,194.93,701737.9
262.2,mission_cruise,72.08560311284047,3200.0,43.95719844357976,4121.0,826.3,833.5,837.1,826.0,190.2,191.2,195.6,197.2,4.54,75.4,3.293,4119.6,825.9,833.9,836.9,826.9,190.7,192.2,195.7,196.7,4.54,75.6,3.259,-5.8,0.891,0,nominal,0,0.0,194.93,701737.8
262.3,mission_cruise,72.08449138410228,3200.0,43.95775430794886,4112.7,825.3,835.0,838.1,826.1,191.9,193.1,195.3,196.9,4.55,75.9,3.294,4119.6,825.9,833.9,836.9,826.9,190.7,192.2,195.7,196.7,4.54,75.6,3.259,-5.8,0.891,0,nominal,0,0.0,194.93,701737.7
262.4,mission_cruise,72.0833796553641,3200.0,43.95831017231795,4122.8,825.8,833.6,838.9,829.7,190.5,192.1,196.6,196.6,4.54,76.3,3.241,4119.5,825.9,833.9,836.9,826.9,190.7,192.2,195.7,196.7,4.54,75.6,3.259,-5.8,0.891,0,nominal,0,0.0,194.93,701737.6
262.5,mission_cruise,72.0822679266259,3200.0,43.95886603668705,4111.3,826.1,832.9,837.4,829.3,190.5,191.6,196.0,196.9,4.53,75.9,3.287,4119.5,825.9,833.9,836.9,826.9,190.7,192.2,195.7,196.7,4.54,75.6,3.259,-5.8,0.891,0,nominal,0,0.0,194.93,701737.5
262.6,mission_cruise,72.08115619788772,3200.0,43.95942190105614,4127.3,825.1,836.7,836.6,827.2,192.2,193.3,196.0,196.0,4.58,75.0,3.267,4119.5,825.9,833.9,836.9,826.9,190.7,192.2,195.7,196.7,4.54,75.6,3.259,-5.8,0.891,0,nominal,0,0.0,194.93,701737.4
262.7,mission_cruise,72.08004446914953,3200.0,43.959977765425236,4116.2,828.5,835.2,838.5,826.7,190.2,191.8,194.6,196.4,4.48,76.0,3.244,4119.4,825.9,833.9,836.9,826.9,190.7,192.2,195.7,196.7,4.54,75.6,3.259,-5.8,0.891,0,nominal,0,0.0,194.93,701737.3
262.8,mission_cruise,72.07893274041135,3200.0,43.96053362979433,4124.0,826.8,833.9,835.6,826.7,191.6,192.7,195.3,196.7,4.55,75.1,3.262,4119.4,825.9,833.9,836.9,826.9,190.7,192.2,195.7,196.7,4.54,75.6,3.259,-5.8,0.891,0,nominal,0,0.0,194.93,701737.2
262.9,mission_cruise,72.07782101167315,3200.0,43.961089494163424,4120.5,826.4,833.7,834.8,825.0,191.3,192.0,195.4,196.7,4.57,76.4,3.33,4119.4,825.9,833.9,836.9,826.9,190.7,192.2,195.7,196.7,4.54,75.6,3.259,-5.8,0.891,0,nominal,0,0.0,194.93,701737.1
263.0,mission_cruise,72.07670928293497,3200.0,43.961645358532515,4117.1,826.0,834.1,836.8,827.5,192.3,192.2,196.7,197.1,4.55,74.7,3.257,4119.3,825.8,833.8,836.8,826.8,190.7,192.2,195.7,196.7,4.54,75.6,3.259,-5.8,0.891,0,nominal,0,0.0,194.93,701737.0
263.1,mission_cruise,72.07559755419678,3200.0,43.96220122290161,4119.2,825.6,832.9,840.4,826.5,189.9,192.5,195.6,196.4,4.53,75.6,3.214,4119.3,825.8,833.8,836.8,826.8,190.7,192.2,195.7,196.7,4.54,75.6,3.259,-5.8,0.891,0,nominal,0,0.0,194.93,701736.9
263.2,mission_cruise,72.0744858254586,3200.0,43.9627570872707,4119.5,825.8,833.3,838.5,826.0,190.8,191.9,195.5,196.8,4.56,75.9,3.296,4119.3,825.8,833.8,836.8,826.8,190.7,192.2,195.7,196.7,4.54,75.6,3.259,-5.8,0.891,0,nominal,0,0.0,194.93,701736.8
263.3,mission_cruise,72.0733740967204,3200.0,43.9633129516398,4125.4,828.5,836.5,835.7,827.0,191.1,193.0,195.6,196.4,4.53,75.2,3.282,4119.2,825.8,833.8,836.8,826.8,190.7,192.2,195.7,196.7,4.54,75.6,3.259,-5.8,0.891,0,nominal,0,0.0,194.93,701736.7
263.4,mission_cruise,72.07226236798222,3200.0,43.96386881600889,4114.3,828.9,833.3,835.8,828.3,190.8,192.3,196.0,196.3,4.55,74.8,3.248,4119.2,825.8,833.8,836.8,826.8,190.7,192.2,195.7,196.7,4.54,75.6,3.259,-5.8,0.891,0,nominal,0,0.0,194.93,701736.6
263.5,mission_cruise,72.07115063924402,3200.0,43.96442468037799,4115.9,823.4,832.2,838.2,825.9,191.3,192.2,195.1,197.0,4.56,75.6,3.235,4119.2,825.8,833.8,836.8,826.8,190.7,192.2,195.7,196.7,4.54,75.6,3.259,-5.8,0.891,0,nominal,0,0.0,194.93,701736.5
263.6,mission_cruise,72.07003891050584,3200.0,43.96498054474708,4124.3,826.0,835.3,836.0,827.4,190.1,192.6,195.5,196.9,4.55,75.2,3.264,4119.1,825.8,833.8,836.8,826.8,190.7,192.2,195.7,196.7,4.54,75.6,3.259,-5.8,0.891,0,nominal,0,0.0,194.93,701736.4
263.7,mission_cruise,72.06892718176765,3200.0,43.965536409116176,4117.8,827.5,835.4,835.0,829.6,191.5,192.0,196.2,197.0,4.57,75.3,3.234,4119.1,825.8,833.8,836.8,826.8,190.7,192.2,195.7,196.7,4.54,75.6,3.258,-5.8,0.891,0,nominal,0,0.0,194.93,701736.3
263.8,mission_cruise,72.06781545302947,3200.0,43.966092273485266,4120.2,827.3,834.1,835.3,826.4,190.6,191.8,196.2,196.9,4.55,74.5,3.205,4119.1,825.8,833.8,836.8,826.8,190.7,192.2,195.7,196.7,4.54,75.6,3.258,-5.8,0.891,0,nominal,0,0.0,194.93,701736.2
263.9,mission_cruise,72.06670372429127,3200.0,43.966648137854364,4116.7,826.2,832.4,838.2,827.4,190.8,191.8,195.6,197.8,4.54,75.6,3.238,4119.0,825.8,833.8,836.8,826.8,190.7,192.2,195.7,196.7,4.54,75.6,3.258,-5.8,0.891,0,nominal,0,0.0,194.93,701736.1
264.0,mission_cruise,72.06559199555309,3200.0,43.967204002223454,4111.0,827.9,832.8,838.6,828.4,191.0,191.7,194.3,195.9,4.54,75.4,3.283,4119.0,825.8,833.8,836.8,826.8,190.7,192.2,195.7,196.7,4.54,75.6,3.258,-5.8,0.891,0,nominal,0,0.0,194.93,701736.0
264.1,mission_cruise,72.0644802668149,3200.0,43.96775986659255,4116.3,825.8,832.3,836.2,828.5,190.8,190.4,196.6,196.2,4.51,75.2,3.239,4119.0,825.8,833.8,836.8,826.8,190.7,192.2,195.7,196.7,4.54,75.6,3.258,-5.8,0.891,0,nominal,0,0.0,194.93,701735.9
264.2,mission_cruise,72.06336853807672,3200.0,43.96831573096164,4119.5,828.3,833.5,834.9,825.7,190.4,192.1,196.7,196.5,4.58,75.0,3.219,4118.9,825.8,833.8,836.8,826.8,190.7,192.2,195.7,196.7,4.54,75.6,3.258,-5.8,0.891,0,nominal,0,0.0,194.93,701735.8
264.3,mission_cruise,72.06225680933852,3200.0,43.96887159533074,4112.1,825.1,832.6,836.3,825.8,189.8,191.6,196.1,196.2,4.54,75.7,3.255,4118.9,825.8,833.8,836.8,826.8,190.7,192.2,195.7,196.7,4.54,75.6,3.258,-5.8,0.891,0,nominal,0,0.0,194.93,701735.7
264.4,mission_cruise,72.06114508060034,3200.0,43.96942745969983,4126.9,824.2,831.3,835.2,826.1,190.8,192.0,195.7,196.9,4.54,75.8,3.255,4118.8,825.8,833.8,836.8,826.8,190.7,192.2,195.7,196.7,4.54,75.6,3.258,-5.8,0.891,0,nominal,0,0.0,194.93,701735.6
264.5,mission_cruise,72.06003335186215,3200.0,43.96998332406893,4115.7,827.0,832.3,836.6,826.3,190.4,191.3,196.0,196.2,4.57,74.5,3.281,4118.8,825.8,833.8,836.8,826.8,190.7,192.2,195.7,196.7,4.54,75.6,3.258,-5.8,0.891,0,nominal,0,0.0,194.93,701735.5
264.6,mission_cruise,72.05892162312396,3200.0,43.97053918843802,4116.4,826.4,834.6,836.3,827.7,191.2,192.5,195.3,196.5,4.57,76.1,3.254,4118.8,825.8,833.8,836.8,826.8,190.7,192.2,195.7,196.7,4.54,75.6,3.258,-5.8,0.891,0,nominal,0,0.0,194.93,701735.4
264.7,mission_cruise,72.05780989438577,3200.0,43.971095052807115,4121.0,825.3,836.4,839.9,826.1,190.6,192.1,196.1,196.5,4.56,75.7,3.217,4118.7,825.8,833.8,836.8,826.8,190.7,192.2,195.7,196.7,4.54,75.6,3.258,-5.8,0.891,0,nominal,0,0.0,194.93,701735.3
264.8,mission_cruise,72.05669816564759,3200.0,43.971650917176206,4116.2,825.6,830.8,836.2,824.5,190.6,192.7,194.9,195.7,4.51,75.3,3.211,4118.7,825.8,833.8,836.8,826.8,190.7,192.2,195.7,196.7,4.54,75.6,3.258,-5.8,0.891,0,nominal,0,0.0,194.93,701735.2
264.9,mission_cruise,72.0555864369094,3200.0,43.9722067815453,4114.4,823.5,833.2,835.9,828.3,190.8,190.7,196.6,196.2,4.59,75.5,3.248,4118.7,825.8,833.8,836.8,826.8,190.7,192.2,195.7,196.7,4.54,75.6,3.258,-5.8,0.891,0,nominal,0,0.0,194.93,701735.1
265.0,mission_cruise,72.05447470817121,3200.0,43.97276264591439,4119.3,828.6,834.5,834.1,824.2,189.3,192.0,196.8,196.6,4.55,75.4,3.288,4118.6,825.8,833.8,836.8,826.8,190.7,192.2,195.7,196.7,4.54,75.6,3.258,-5.8,0.891,0,nominal,0,0.0,194.93,701735.0
265.1,mission_cruise,72.05336297943302,3200.0,43.97331851028349,4115.8,824.8,833.7,836.5,827.1,190.0,191.1,195.6,197.4,4.53,75.2,3.209,4118.6,825.8,833.8,836.8,826.8,190.7,192.2,195.7,196.7,4.54,75.6,3.258,-5.8,0.891,0,nominal,0,0.0,194.93,701734.9
265.2,mission_cruise,72.05225125069484,3200.0,43.97387437465258,4123.8,825.7,832.7,835.8,825.4,190.2,191.9,195.4,197.1,4.52,75.0,3.264,4118.6,825.8,833.8,836.8,826.8,190.7,192.2,195.7,196.7,4.54,75.6,3.258,-5.8,0.891,0,nominal,0,0.0,194.93,701734.8
265.3,mission_cruise,72.05113952195664,3200.0,43.97443023902168,4115.3,824.2,836.4,835.5,830.0,190.9,191.2,196.7,196.7,4.55,75.6,3.297,4118.5,825.8,833.8,836.8,826.8,190.7,192.2,195.7,196.7,4.54,75.6,3.258,-5.8,0.891,0,nominal,0,0.0,194.93,701734.7
265.4,mission_cruise,72.05002779321846,3200.0,43.97498610339077,4110.3,826.3,831.9,834.6,824.2,190.3,191.2,194.8,197.3,4.52,75.3,3.244,4118.5,825.8,833.8,836.8,826.8,190.7,192.2,195.7,196.7,4.54,75.6,3.258,-5.8,0.891,0,nominal,0,0.0,194.93,701734.6
265.5,mission_cruise,72.04891606448027,3200.0,43.97554196775987,4117.4,828.2,831.5,835.7,828.1,190.5,192.6,194.9,196.0,4.56,76.0,3.241,4118.5,825.8,833.8,836.8,826.8,190.7,192.2,195.7,196.7,4.54,75.6,3.258,-5.8,0.891,0,nominal,0,0.0,194.93,701734.5
265.6,mission_cruise,72.04780433574209,3200.0,43.97609783212896,4122.9,827.8,835.3,837.7,827.6,190.5,192.0,195.3,195.6,4.58,75.5,3.266,4118.4,825.8,833.8,836.8,826.8,190.7,192.2,195.7,196.7,4.54,75.6,3.258,-5.8,0.891,0,nominal,0,0.0,194.93,701734.4
265.7,mission_cruise,72.04669260700389,3200.0,43.976653696498055,4113.9,825.5,833.4,835.7,826.3,190.8,192.8,195.7,196.4,4.54,75.9,3.241,4118.4,825.8,833.8,836.8,826.8,190.7,192.2,195.7,196.7,4.54,75.6,3.258,-5.8,0.891,0,nominal,0,0.0,194.93,701734.3
265.8,mission_cruise,72.04558087826571,3200.0,43.977209560867145,4119.4,825.7,831.6,835.3,828.2,190.8,193.0,194.8,196.0,4.52,76.0,3.301,4118.4,825.8,833.8,836.8,826.8,190.7,192.2,195.7,196.7,4.54,75.6,3.258,-5.8,0.891,0,nominal,0,0.0,194.93,701734.2
265.9,mission_cruise,72.04446914952752,3200.0,43.97776542523624,4124.3,826.0,834.3,839.8,829.7,189.6,192.8,196.0,197.3,4.55,75.6,3.254,4118.3,825.8,833.8,836.8,826.8,190.7,192.2,195.7,196.7,4.54,75.6,3.258,-5.8,0.891,0,nominal,0,0.0,194.93,701734.1
266.0,mission_cruise,72.04335742078933,3200.0,43.97832128960533,4119.0,826.3,831.3,836.8,829.5,190.6,192.0,195.8,196.1,4.55,75.6,3.287,4118.3,825.8,833.8,836.8,826.8,190.7,192.2,195.7,196.7,4.54,75.6,3.258,-5.8,0.891,0,nominal,0,0.0,194.93,701734.0
266.1,mission_cruise,72.04224569205114,3200.0,43.97887715397443,4126.2,824.3,835.5,836.1,827.0,190.7,192.4,195.1,198.0,4.55,76.1,3.272,4118.3,825.8,833.8,836.8,826.8,190.7,192.2,195.7,196.7,4.54,75.6,3.257,-5.8,0.891,0,nominal,0,0.0,194.93,701733.9
266.2,mission_cruise,72.04113396331296,3200.0,43.97943301834352,4115.1,828.7,834.2,836.0,826.7,190.9,191.8,195.0,197.2,4.55,75.7,3.28,4118.2,825.8,833.8,836.8,826.8,190.7,192.2,195.7,196.7,4.54,75.6,3.257,-5.8,0.891,0,nominal,0,0.0,194.93,701733.8
266.3,mission_cruise,72.04002223457476,3200.0,43.97998888271262,4123.2,826.6,832.0,837.0,825.3,190.5,192.0,195.4,196.6,4.54,74.8,3.248,4118.2,825.8,833.8,836.8,826.8,190.7,192.2,195.7,196.7,4.54,75.6,3.257,-5.8,0.891,0,nominal,0,0.0,194.93,701733.7
266.4,mission_cruise,72.03891050583658,3200.0,43.98054474708171,4124.4,825.1,834.3,836.0,826.7,190.9,192.3,195.5,196.5,4.54,75.7,3.257,4118.2,825.8,833.8,836.8,826.8,190.7,192.2,195.7,196.7,4.54,75.6,3.257,-5.8,0.891,0,nominal,0,0.0,194.93,701733.6
266.5,mission_cruise,72.03779877709839,3200.0,43.981100611450806,4126.1,827.1,833.5,835.6,827.7,191.0,192.1,195.8,196.9,4.55,76.2,3.247,4118.1,825.8,833.8,836.8,826.8,190.7,192.2,195.7,196.7,4.54,75.6,3.257,-5.8,0.891,0,nominal,0,0.0,194.93,701733.5
266.6,mission_cruise,72.0366870483602,3200.0,43.9816564758199,4117.7,827.6,835.9,838.5,825.5,191.4,191.7,196.2,196.3,4.53,75.6,3.216,4118.1,825.8,833.8,836.8,826.8,190.7,192.2,195.7,196.7,4.54,75.6,3.257,-5.8,0.891,0,nominal,0,0.0,194.93,701733.4
266.7,mission_cruise,72.03557531962201,3200.0,43.982212340188994,4122.5,826.2,833.6,838.6,825.2,190.2,192.5,196.4,195.8,4.57,75.9,3.295,4118.1,825.8,833.8,836.8,826.8,190.7,192.2,195.7,196.7,4.54,75.6,3.257,-5.8,0.891,0,nominal,0,0.0,194.93,701733.3
266.8,mission_cruise,72.03446359088383,3200.0,43.982768204558084,4106.1,824.0,834.9,835.4,825.5,190.0,192.9,195.3,197.1,4.59,75.5,3.296,4118.0,825.8,833.8,836.8,826.8,190.7,192.2,195.7,196.7,4.54,75.6,3.257,-5.8,0.891,0,nominal,0,0.0,194.93,701733.2
266.9,mission_cruise,72.03335186214564,3200.0,43.98332406892718,4114.9,825.2,833.0,839.6,827.5,190.1,193.0,196.9,196.9,4.49,75.2,3.261,4118.0,825.8,833.8,836.8,826.8,190.7,192.2,195.7,196.7,4.54,75.6,3.257,-5.8,0.891,0,nominal,0,0.0,194.93,701733.1
267.0,mission_cruise,72.03224013340746,3200.0,43.98387993329627,4119.0,826.4,835.6,834.8,826.0,190.6,191.9,195.8,196.1,4.53,75.5,3.23,4118.0,825.8,833.8,836.8,826.8,190.7,192.2,195.7,196.7,4.54,75.6,3.257,-5.8,0.891,0,nominal,0,0.0,194.93,701733.0
267.1,mission_cruise,72.03112840466926,3200.0,43.98443579766537,4118.7,824.5,834.5,838.3,826.9,190.1,191.5,195.0,197.4,4.53,74.9,3.256,4117.9,825.8,833.8,836.8,826.8,190.6,192.1,195.6,196.6,4.54,75.6,3.257,-5.8,0.891,0,nominal,0,0.0,194.93,701732.9
267.2,mission_cruise,72.03001667593108,3200.0,43.98499166203446,4126.0,827.1,831.0,835.2,824.8,191.4,191.2,195.2,197.9,4.56,75.9,3.26,4117.9,825.8,833.8,836.8,826.8,190.6,192.1,195.6,196.6,4.54,75.6,3.257,-5.8,0.891,0,nominal,0,0.0,194.93,701732.8
267.3,mission_cruise,72.02890494719288,3200.0,43.98554752640356,4118.9,825.3,835.3,837.5,823.9,190.6,191.9,195.3,196.5,4.53,76.5,3.197,4117.9,825.8,833.8,836.8,826.8,190.6,192.1,195.6,196.6,4.54,75.6,3.257,-5.8,0.891,0,nominal,0,0.0,194.93,701732.7
267.4,mission_cruise,72.0277932184547,3200.0,43.98610339077265,4120.5,823.1,834.3,838.3,827.4,191.0,192.7,196.5,196.6,4.56,75.9,3.287,4117.8,825.8,833.8,836.8,826.8,190.6,192.1,195.6,196.6,4.54,75.6,3.257,-5.8,0.891,0,nominal,0,0.0,194.93,701732.6
267.5,mission_cruise,72.02668148971651,3200.0,43.986659255141745,4122.9,825.6,836.1,838.8,826.9,190.0,192.5,195.7,196.9,4.52,75.5,3.262,4117.8,825.8,833.8,836.8,826.8,190.6,192.1,195.6,196.6,4.54,75.6,3.257,-5.8,0.891,0,nominal,0,0.0,194.93,701732.5
267.6,mission_cruise,72.02556976097833,3200.0,43.987215119510836,4115.6,825.5,832.8,836.4,825.5,191.0,191.5,196.2,196.6,4.54,75.2,3.209,4117.8,825.8,833.8,836.8,826.8,190.6,192.1,195.6,196.6,4.54,75.6,3.257,-5.8,0.891,0,nominal,0,0.0,194.93,701732.4
267.7,mission_cruise,72.02445803224013,3200.0,43.98777098387993,4114.6,827.7,833.3,837.8,828.0,190.3,192.4,196.1,196.8,4.55,75.4,3.266,4117.7,825.8,833.8,836.8,826.8,190.6,192.1,195.6,196.6,4.54,75.6,3.257,-5.8,0.891,0,nominal,0,0.0,194.93,701732.3
267.8,mission_cruise,72.02334630350195,3200.0,43.988326848249024,4126.2,822.0,833.3,835.8,828.4,190.2,192.8,196.2,197.4,4.55,75.4,3.263,4117.7,825.8,833.8,836.8,826.8,190.6,192.1,195.6,196.6,4.54,75.6,3.257,-5.8,0.891,0,nominal,0,0.0,194.93,701732.2
267.9,mission_cruise,72.02223457476376,3200.0,43.98888271261812,4125.4,828.3,832.9,838.6,828.2,190.2,192.1,195.6,196.4,4.61,75.6,3.199,4117.7,825.8,833.8,836.8,826.8,190.6,192.1,195.6,196.6,4.54,75.6,3.257,-5.8,0.891,0,nominal,0,0.0,194.93,701732.1
268.0,mission_cruise,72.02112284602558,3200.0,43.98943857698721,4112.9,824.0,832.1,835.4,827.3,190.2,191.5,196.0,196.6,4.59,76.0,3.298,4117.6,825.8,833.8,836.8,826.8,190.6,192.1,195.6,196.6,4.54,75.6,3.257,-5.8,0.891,0,nominal,0,0.0,194.93,701732.0
268.1,mission_cruise,72.02001111728738,3200.0,43.98999444135631,4119.5,826.8,831.1,835.6,823.4,191.3,192.0,195.4,196.7,4.57,76.3,3.214,4117.6,825.7,833.7,836.7,826.7,190.6,192.1,195.6,196.6,4.54,75.6,3.257,-5.8,0.891,0,nominal,0,0.0,194.93,701731.9
268.2,mission_cruise,72.0188993885492,3200.0,43.9905503057254,4113.9,825.3,833.6,838.0,825.1,190.1,191.6,195.1,196.1,4.54,75.4,3.298,4117.6,825.7,833.7,836.7,826.7,190.6,192.1,195.6,196.6,4.54,75.6,3.257,-5.8,0.891,0,nominal,0,0.0,194.93,701731.8
268.3,mission_cruise,72.017787659811,3200.0,43.9911061700945,4114.9,824.5,831.7,837.9,826.4,189.9,191.3,195.1,196.9,4.55,75.8,3.276,4117.5,825.7,833.7,836.7,826.7,190.6,192.1,195.6,196.6,4.54,75.6,3.257,-5.8,0.891,0,nominal,0,0.0,194.93,701731.7
268.4,mission_cruise,72.01667593107283,3200.0,43.99166203446359,4109.3,826.7,833.0,835.9,825.2,191.2,193.0,194.1,196.5,4.6,75.6,3.324,4117.5,825.7,833.7,836.7,826.7,190.6,192.1,195.6,196.6,4.54,75.6,3.257,-5.8,0.891,0,nominal,0,0.0,194.93,701731.6
268.5,mission_cruise,72.01556420233463,3200.0,43.992217898832685,4116.7,825.7,832.2,834.9,824.8,190.6,192.7,196.0,196.4,4.53,75.9,3.22,4117.4,825.7,833.7,836.7,826.7,190.6,192.1,195.6,196.6,4.54,75.6,3.256,-5.8,0.891,0,nominal,0,0.0,194.93,701731.5
268.6,mission_cruise,72.01445247359645,3200.0,43.992773763201775,4109.1,825.7,834.0,837.6,827.2,191.8,192.9,196.3,196.1,4.57,76.7,3.188,4117.4,825.7,833.7,836.7,826.7,190.6,192.1,195.6,196.6,4.54,75.6,3.256,-5.8,0.891,0,nominal,0,0.0,194.93,701731.4
268.7,mission_cruise,72.01334074485825,3200.0,43.99332962757087,4113.0,827.0,836.0,837.7,824.2,190.2,192.0,195.5,196.4,4.52,75.5,3.292,4117.4,825.7,833.7,836.7,826.7,190.6,192.1,195.6,196.6,4.54,75.6,3.256,-5.8,0.891,0,nominal,0,0.0,194.93,701731.3
268.8,mission_cruise,72.01222901612007,3200.0,43.99388549193996,4111.8,825.5,833.2,834.6,827.8,189.5,192.9,195.8,196.7,4.57,75.8,3.291,4117.3,825.7,833.7,836.7,826.7,190.6,192.1,195.6,196.6,4.54,75.6,3.256,-5.8,0.891,0,nominal,0,0.0,194.93,701731.2
268.9,mission_cruise,72.01111728738188,3200.0,43.99444135630906,4118.0,827.2,835.7,837.6,825.9,191.1,192.2,194.8,195.7,4.56,75.7,3.238,4117.3,825.7,833.7,836.7,826.7,190.6,192.1,195.6,196.6,4.54,75.6,3.256,-5.8,0.891,0,nominal,0,0.0,194.93,701731.1
269.0,mission_cruise,72.0100055586437,3200.0,43.99499722067815,4116.1,824.6,833.2,837.6,827.3,191.2,192.0,195.4,196.3,4.53,76.2,3.239,4117.3,825.7,833.7,836.7,826.7,190.6,192.1,195.6,196.6,4.54,75.6,3.256,-5.8,0.891,0,nominal,0,0.0,194.93,701731.0
269.1,mission_cruise,72.0088938299055,3200.0,43.99555308504725,4126.5,823.8,829.8,835.8,828.3,190.2,192.8,195.9,196.2,4.54,75.8,3.297,4117.2,825.7,833.7,836.7,826.7,190.6,192.1,195.6,196.6,4.54,75.6,3.256,-5.8,0.891,0,nominal,0,0.0,194.93,701730.9
269.2,mission_cruise,72.00778210116732,3200.0,43.99610894941634,4118.4,824.0,833.6,838.3,828.3,190.2,191.5,196.1,195.8,4.51,76.0,3.304,4117.2,825.7,833.7,836.7,826.7,190.6,192.1,195.6,196.6,4.54,75.6,3.256,-5.8,0.891,0,nominal,0,0.0,194.93,701730.8
269.3,mission_cruise,72.00667037242913,3200.0,43.996664813785436,4107.6,827.1,833.9,835.5,826.6,191.5,191.9,195.8,197.9,4.53,75.5,3.2,4117.2,825.7,833.7,836.7,826.7,190.6,192.1,195.6,196.6,4.54,75.6,3.256,-5.8,0.891,0,nominal,0,0.0,194.93,701730.7
269.4,mission_cruise,72.00555864369093,3200.0,43.997220678154534,4121.5,827.6,835.3,836.8,828.4,190.2,192.9,194.9,196.9,4.55,75.9,3.215,4117.1,825.7,833.7,836.7,826.7,190.6,192.1,195.6,196.6,4.54,75.6,3.256,-5.8,0.891,0,nominal,0,0.0,194.93,701730.6
269.5,mission_cruise,72.00444691495275,3200.0,43.997776542523624,4115.2,823.2,833.9,836.4,827.3,190.8,192.7,195.5,196.6,4.56,74.9,3.228,4117.1,825.7,833.7,836.7,826.7,190.6,192.1,195.6,196.6,4.54,75.6,3.256,-5.8,0.891,0,nominal,0,0.0,194.93,701730.5
269.6,mission_cruise,72.00333518621457,3200.0,43.998332406892715,4112.0,825.3,833.1,839.0,826.4,190.3,191.2,195.3,196.1,4.54,76.0,3.234,4117.1,825.7,833.7,836.7,826.7,190.6,192.1,195.6,196.6,4.54,75.6,3.256,-5.8,0.891,0,nominal,0,0.0,194.93,701730.4
269.7,mission_cruise,72.00222345747638,3200.0,43.99888827126181,4119.4,821.5,834.3,838.0,826.3,189.9,191.9,195.6,196.4,4.54,76.1,3.305,4117.0,825.7,833.7,836.7,826.7,190.6,192.1,195.6,196.6,4.54,75.6,3.256,-5.8,0.891,0,nominal,0,0.0,194.93,701730.3
269.8,mission_cruise,72.00111172873818,3200.0,43.99944413563091,4113.9,823.4,833.4,837.3,825.9,190.4,191.1,195.6,195.7,4.55,74.8,3.25,4117.0,825.7,833.7,836.7,826.7,190.6,192.1,195.6,196.6,4.54,75.6,3.256,-5.8,0.891,0,nominal,0,0.0,194.93,701730.2
269.9,mission_cruise,72.0,3200.0,44.0,4107.7,825.4,831.7,837.3,827.6,190.2,192.2,195.5,195.1,4.53,76.1,3.245,4117.0,825.7,833.7,836.7,826.7,190.6,192.1,195.6,196.6,4.54,75.6,3.256,-5.8,0.891,0,nominal,0,0.0,194.93,701730.1
270.0,descend_land,35.0,3200.0,40.0,3904.0,820.3,830.8,831.0,823.8,190.0,191.3,194.9,196.7,4.55,75.7,1.899,3902.3,822.0,830.0,833.0,823.0,190.5,192.0,195.5,196.5,4.53,75.6,1.938,-5.8,0.891,0,nominal,0,0.0,194.93,701730.0
270.1,descend_land,34.988876529477196,3196.496106785317,39.983314794215794,3735.4,818.6,825.7,830.6,820.1,190.4,191.5,195.3,196.2,4.48,75.0,1.934,3726.7,818.4,826.4,829.4,819.4,190.3,191.8,195.3,196.3,4.5,75.6,1.938,-5.8,0.891,0,nominal,0,0.0,194.92,701729.9
270.2,descend_land,34.97775305895439,3192.9922135706342,39.96662958843159,3575.5,816.2,827.3,825.0,817.3,189.8,192.4,194.3,195.4,4.48,75.8,1.963,3583.0,815.1,823.1,826.1,816.1,190.2,191.7,195.2,196.2,4.47,75.6,1.938,-5.8,0.891,0,nominal,0,0.0,194.92,701729.8
270.3,descend_land,34.96662958843159,3189.488320355951,39.94994438264739,3463.2,812.8,817.4,821.0,812.2,190.7,192.8,194.6,197.4,4.41,75.8,1.974,3465.4,811.9,819.9,822.9,812.9,190.1,191.6,195.1,196.1,4.43,75.6,1.938,-5.7,0.892,0,nominal,0,0.0,194.92,701729.7
270.4,descend_land,34.95550611790879,3185.984427141268,39.93325917686318,3367.3,810.1,817.8,819.6,810.9,190.1,192.3,195.0,195.8,4.38,75.6,2.001,3369.2,808.9,816.9,819.9,809.9,189.9,191.4,194.9,195.9,4.39,75.5,1.938,-5.7,0.892,0,nominal,0,0.0,194.92,701729.6
270.5,descend_land,34.944382647385986,3182.480533926585,39.916573971078975,3286.6,807.7,812.3,815.8,804.0,189.5,190.7,195.1,195.4,4.37,75.6,2.016,3290.5,806.1,814.1,817.1,807.1,189.8,191.3,194.8,195.8,4.35,75.5,1.938,-5.7,0.892,0,nominal,0,0.0,194.92,701729.5
270.6,descend_land,34.93325917686318,3178.9766407119023,39.89988876529477,3238.4,804.0,811.6,815.3,803.5,190.1,191.0,195.0,196.1,4.3,75.1,1.927,3226.1,803.4,811.4,814.4,804.4,189.6,191.1,194.6,195.6,4.31,75.5,1.938,-5.7,0.892,0,nominal,0,0.0,194.92,701729.4
270.7,descend_land,34.92213570634038,3175.472747497219,39.88320355951057,3168.8,798.2,810.5,813.5,800.4,188.9,189.3,193.6,195.0,4.27,75.5,1.964,3173.3,800.9,808.9,811.9,801.9,189.5,191.0,194.5,195.5,4.28,75.5,1.938,-5.6,0.893,0,nominal,0,0.0,194.92,701729.3
270.8,descend_land,34.91101223581757,3171.968854282536,39.86651835372636,3126.2,800.2,807.8,808.5,799.0,188.8,189.7,195.3,195.8,4.27,76.2,1.949,3130.2,798.5,806.5,809.5,799.5,189.4,190.9,194.4,195.4,4.25,75.5,1.938,-5.6,0.893,0,nominal,0,0.0,194.92,701729.2
270.9,descend_land,34.89988876529477,3168.464961067853,39.84983314794216,3096.8,798.5,804.4,807.0,799.0,189.6,190.7,194.4,195.6,4.2,75.4,1.962,3094.9,796.2,804.2,807.2,797.2,189.2,190.7,194.2,195.2,4.22,75.5,1.938,-5.6,0.893,0,nominal,0,0.0,194.92,701729.1
271.0,descend_land,34.88876529477197,3164.9610678531703,39.83314794215795,3075.7,794.2,800.4,804.7,796.3,189.1,190.0,194.8,194.7,4.2,75.2,1.914,3066.0,794.1,802.1,805.1,795.1,189.1,190.6,194.1,195.1,4.2,75.5,1.938,-5.6,0.894,0,nominal,0,0.0,194.92,701729.0
271.1,descend_land,34.87764182424917,3161.4571746384872,39.81646273637375,3054.5,793.1,799.0,802.7,791.5,188.1,191.5,193.6,195.1,4.18,75.4,1.894,3042.4,792.1,800.1,803.1,793.1,188.9,190.4,193.9,194.9,4.17,75.5,1.938,-5.5,0.894,0,nominal,0,0.0,194.92,701728.9
271.2,descend_land,34.86651835372636,3157.953281423804,39.799777530589544,3018.2,788.8,799.6,802.4,792.9,188.3,190.9,194.2,194.5,4.15,76.2,1.96,3023.0,790.1,798.1,801.1,791.1,188.8,190.3,193.8,194.8,4.15,75.5,1.938,-5.5,0.894,0,nominal,0,0.0,194.92,701728.8
271.3,descend_land,34.85539488320356,3154.449388209121,39.78309232480534,3015.1,787.1,797.7,799.9,787.9,188.1,190.9,194.3,194.8,4.21,76.1,1.965,3007.2,788.3,796.3,799.3,789.3,188.7,190.2,193.7,194.7,4.14,75.5,1.938,-5.5,0.895,0,nominal,0,0.0,194.92,701728.7
271.4,descend_land,34.844271412680754,3150.9454949944384,39.76640711902113,2994.8,785.4,795.2,797.3,789.4,188.9,189.7,193.7,193.4,4.14,75.1,1.954,2994.2,786.6,794.6,797.6,787.6,188.6,190.1,193.6,194.6,4.12,75.5,1.938,-5.5,0.895,0,nominal,0,0.0,194.92,701728.6
271.5,descend_land,34.83314794215795,3147.4416017797553,39.74972191323693,2996.0,782.9,795.6,797.7,785.9,188.0,190.3,194.0,194.4,4.11,75.0,1.95,2983.6,785.0,793.0,796.0,786.0,188.4,189.9,193.4,194.4,4.11,75.5,1.938,-5.5,0.895,0,nominal,0,0.0,194.92,701728.5
271.6,descend_land,34.82202447163515,3143.937708565072,39.733036707452726,2978.4,784.0,790.9,795.3,785.7,187.6,190.0,192.6,194.3,4.1,76.2,1.967,2974.9,783.5,791.5,794.5,784.5,188.3,189.8,193.3,194.3,4.1,75.5,1.938,-5.4,0.896,0,nominal,0,0.0,194.92,701728.4
271.7,descend_land,34.81090100111235,3140.4338153503895,39.71635150166852,2977.8,781.8,791.0,791.6,785.0,187.7,190.7,193.2,194.2,4.12,75.0,1.919,2967.8,782.1,790.1,793.1,783.1,188.2,189.7,193.2,194.2,4.09,75.5,1.938,-5.4,0.896,0,nominal,0,0.0,194.92,701728.3
271.8,descend_land,34.799777530589544,3136.9299221357064,39.69966629588431,2965.6,779.9,787.8,790.6,782.9,188.6,189.5,192.3,194.4,4.08,75.9,1.912,2962.0,780.7,788.7,791.7,781.7,188.0,189.5,193.0,194.0,4.08,75.5,1.938,-5.4,0.896,0,nominal,0,0.0,194.92,701728.2
271.9,descend_land,34.78865406006674,3133.4260289210233,39.682981090100114,2962.3,780.9,784.8,791.5,776.3,188.5,189.4,191.9,194.1,4.07,75.3,1.926,2957.2,779.4,787.4,790.4,780.4,187.9,189.4,192.9,193.9,4.08,75.5,1.938,-5.4,0.897,0,nominal,0,0.0,194.92,701728.1
272.0,descend_land,34.777530589543936,3129.92213570634,39.66629588431591,2958.4,777.2,785.3,791.3,780.8,187.1,189.4,193.1,193.1,4.07,75.8,1.924,2953.3,778.2,786.2,789.2,779.2,187.8,189.3,192.8,193.8,4.07,75.5,1.938,-5.3,0.897,0,nominal,0,0.0,194.92,701728.0
272.1,descend_land,34.76640711902113,3126.4182424916576,39.6496106785317,2952.3,778.2,786.1,788.0,778.6,187.3,189.2,192.5,192.9,4.07,75.9,1.972,2950.1,777.0,785.0,788.0,778.0,187.7,189.2,192.7,193.7,4.07,75.5,1.938,-5.3,0.897,0,nominal,0,0.0,194.92,701727.9
272.2,descend_land,34.755283648498335,3122.9143492769745,39.632925472747495,2940.4,778.2,784.4,786.3,778.3,188.1,188.0,192.6,193.7,4.11,75.5,1.969,2947.5,776.0,784.0,787.0,777.0,187.5,189.0,192.5,193.5,4.06,75.5,1.938,-5.3,0.898,0,nominal,0,0.0,194.92,701727.8
272.3,descend_land,34.74416017797553,3119.4104560622914,39.616240266963295,2942.7,774.9,783.0,782.6,775.6,186.1,189.5,192.5,193.4,4.06,75.8,1.922,2945.3,774.9,782.9,785.9,775.9,187.4,188.9,192.4,193.4,4.06,75.5,1.938,-5.3,0.898,0,nominal,0,0.0,194.92,701727.7
272.4,descend_land,34.733036707452726,3115.9065628476083,39.59955506117909,2953.3,776.3,780.5,784.2,775.9,188.2,188.6,192.5,193.2,4.05,75.8,1.916,2943.5,773.9,781.9,784.9,774.9,187.3,188.8,192.3,193.3,4.06,75.5,1.938,-5.3,0.898,0,nominal,0,0.0,194.92,701727.6
272.5,descend_land,34.72191323692992,3112.4026696329256,39.58286985539488,2942.2,772.9,783.1,785.6,774.2,187.1,189.1,192.3,193.3,4.08,76.1,1.942,2942.1,773.0,781.0,784.0,774.0,187.2,188.7,192.2,193.2,4.06,75.5,1.938,-5.2,0.899,0,nominal,0,0.0,194.92,701727.5
272.6,descend_land,34.71078976640712,3108.8987764182425,39.566184649610676,2934.9,773.5,780.6,782.6,773.1,187.8,187.9,191.4,192.6,4.05,75.0,1.955,2940.9,772.2,780.2,783.2,773.2,187.1,188.6,192.1,193.1,4.05,75.5,1.938,-5.2,0.899,0,nominal,0,0.0,194.92,701727.4
272.7,descend_land,34.69966629588431,3105.3948832035594,39.54949944382648,2936.2,768.6,779.0,784.7,769.8,187.3,188.6,191.2,192.9,4.05,75.9,1.936,2939.9,771.3,779.3,782.3,772.3,186.9,188.4,191.9,192.9,4.05,75.4,1.938,-5.2,0.899,0,nominal,0,0.0,194.92,701727.3
272.8,descend_land,34.688542825361516,3101.8909899888768,39.53281423804227,2935.4,772.3,778.9,780.6,770.7,187.3,188.6,192.9,192.6,4.01,76.0,1.948,2939.1,770.5,778.5,781.5,771.5,186.8,188.3,191.8,192.8,4.05,75.4,1.938,-5.2,0.9,0,nominal,0,0.0,194.92,701727.2
272.9,descend_land,34.67741935483871,3098.3870967741937,39.516129032258064,2942.9,769.3,775.4,777.7,770.2,186.0,188.2,191.9,192.6,4.03,75.3,1.948,2938.4,769.8,777.8,780.8,770.8,186.7,188.2,191.7,192.7,4.05,75.4,1.939,-5.1,0.9,0,nominal,0,0.0,194.92,701727.1
273.0,descend_land,34.66629588431591,3094.8832035595105,39.49944382647386,2941.3,768.9,779.1,780.6,768.6,186.4,189.0,192.4,192.9,4.04,75.0,1.961,2937.8,769.1,777.1,780.1,770.1,186.6,188.1,191.6,192.6,4.05,75.4,1.939,-5.1,0.9,0,nominal,0,0.0,194.92,701727.0
273.1,descend_land,34.6551724137931,3091.3793103448274,39.48275862068966,2941.7,770.0,777.1,778.9,770.4,187.0,188.0,191.9,192.6,4.05,76.0,1.947,2937.4,768.4,776.4,779.4,769.4,186.5,188.0,191.5,192.5,4.05,75.4,1.939,-5.1,0.901,0,nominal,0,0.0,194.92,701726.9
273.2,descend_land,34.6440489432703,3087.875417130145,39.46607341490545,2934.0,767.7,776.4,777.1,770.7,186.1,187.5,191.4,192.2,4.09,75.4,1.93,2937.0,767.8,775.8,778.8,768.8,186.4,187.9,191.4,192.4,4.05,75.4,1.939,-5.1,0.901,0,nominal,0,0.0,194.92,701726.8
273.3,descend_land,34.632925472747495,3084.3715239154617,39.449388209121246,2936.8,765.3,775.6,778.4,767.4,187.4,188.2,191.6,192.6,4.09,75.7,1.884,2936.7,767.2,775.2,778.2,768.2,186.2,187.7,191.2,192.2,4.05,75.4,1.939,-5.0,0.901,0,nominal,0,0.0,194.92,701726.7
273.4,descend_land,34.6218020022247,3080.8676307007786,39.43270300333704,2944.0,764.5,773.3,778.4,768.7,187.1,187.6,191.1,192.8,3.97,75.5,1.965,2936.4,766.7,774.7,777.7,767.7,186.1,187.6,191.1,192.1,4.05,75.4,1.939,-5.0,0.902,0,nominal,0,0.0,194.92,701726.6
273.5,descend_land,34.61067853170189,3077.3637374860955,39.41601779755284,2929.5,769.0,773.1,778.4,769.5,185.7,187.2,190.9,192.8,4.01,76.0,1.894,2936.2,766.1,774.1,777.1,767.1,186.0,187.5,191.0,192.0,4.05,75.4,1.939,-5.0,0.902,0,nominal,0,0.0,194.92,701726.5
273.6,descend_land,34.59955506117909,3073.859844271413,39.39933259176863,2937.0,766.0,774.2,777.9,767.6,186.7,187.9,189.8,193.2,4.06,75.1,1.964,2936.0,765.6,773.6,776.6,766.6,185.9,187.4,190.9,191.9,4.05,75.4,1.939,-5.0,0.902,0,nominal,0,0.0,194.92,701726.4
273.7,descend_land,34.588431590656285,3070.3559510567297,39.38264738598443,2936.4,765.1,772.2,775.0,764.6,186.5,186.8,191.4,191.8,4.04,75.0,1.937,2935.8,765.1,773.1,776.1,766.1,185.8,187.3,190.8,191.8,4.05,75.4,1.939,-5.0,0.903,0,nominal,0,0.0,194.92,701726.3
273.8,descend_land,34.57730812013348,3066.8520578420466,39.36596218020022,2940.7,765.0,771.8,773.4,765.9,185.7,188.4,190.5,191.0,4.01,75.5,1.886,2935.7,764.7,772.7,775.7,765.7,185.7,187.2,190.7,191.7,4.05,75.4,1.939,-4.9,0.903,0,nominal,0,0.0,194.92,701726.2
273.9,descend_land,34.566184649610676,3063.348164627364,39.349276974416014,2939.3,763.2,772.3,776.6,764.4,186.2,187.2,191.0,192.1,4.05,75.0,1.919,2935.5,764.3,772.3,775.3,765.3,185.6,187.1,190.6,191.6,4.05,75.4,1.939,-4.9,0.903,0,nominal,0,0.0,194.92,701726.1
274.0,descend_land,34.55506117908787,3059.844271412681,39.332591768631815,2938.1,763.2,772.0,773.4,763.9,185.8,187.2,190.2,191.8,4.07,75.2,1.955,2935.4,763.8,771.8,774.8,764.8,185.5,187.0,190.5,191.5,4.05,75.4,1.939,-4.9,0.904,0,nominal,0,0.0,194.92,701726.0
274.1,descend_land,34.543937708565075,3056.340378197998,39.31590656284761,2944.0,764.2,772.2,773.7,765.0,185.9,187.9,189.0,191.7,4.02,75.6,1.967,2935.3,763.5,771.5,774.5,764.5,185.4,186.9,190.4,191.4,4.05,75.4,1.939,-4.9,0.904,0,nominal,0,0.0,194.92,701725.9
274.2,descend_land,34.53281423804227,3052.8364849833147,39.2992213570634,2935.9,761.8,771.9,777.6,766.2,185.0,185.9,190.8,192.0,3.98,75.1,1.933,2935.2,763.1,771.1,774.1,764.1,185.3,186.8,190.3,191.3,4.05,75.4,1.939,-4.8,0.904,0,nominal,0,0.0,194.92,701725.8
274.3,descend_land,34.521690767519466,3049.332591768632,39.282536151279196,2931.8,763.9,769.9,773.5,763.4,186.0,185.8,190.4,190.4,4.06,74.9,1.982,2935.2,762.7,770.7,773.7,763.7,185.2,186.7,190.2,191.2,4.05,75.4,1.939,-4.8,0.905,0,nominal,0,0.0,194.92,701725.7
274.4,descend_land,34.51056729699666,3045.828698553949,39.265850945494996,2924.3,762.9,769.6,772.4,763.2,185.6,185.4,190.5,191.7,4.03,75.2,1.984,2935.1,762.4,770.4,773.4,763.4,185.1,186.6,190.1,191.1,4.05,75.4,1.939,-4.8,0.905,0,nominal,0,0.0,194.92,701725.6
274.5,descend_land,34.49944382647386,3042.324805339266,39.24916573971079,2929.4,761.1,770.9,772.2,762.1,185.4,187.1,190.0,191.3,4.06,75.2,1.983,2935.0,762.1,770.1,773.1,763.1,185.0,186.5,190.0,191.0,4.05,75.4,1.939,-4.8,0.905,0,nominal,0,0.0,194.92,701725.5
274.6,descend_land,34.48832035595105,3038.8209121245827,39.232480533926584,2939.8,761.9,769.8,773.4,763.5,185.3,187.4,189.4,190.3,4.04,75.3,1.928,2935.0,761.8,769.8,772.8,762.8,184.9,186.4,189.9,190.9,4.05,75.4,1.939,-4.8,0.905,0,nominal,0,0.0,194.92,701725.4
274.7,descend_land,34.477196885428256,3035.3170189099,39.21579532814238,2936.5,762.8,770.0,768.9,761.9,184.8,186.6,190.7,190.6,4.05,74.0,1.958,2934.9,761.5,769.5,772.5,762.5,184.8,186.3,189.8,190.8,4.05,75.4,1.939,-4.7,0.906,0,nominal,0,0.0,194.92,701725.3
274.8,descend_land,34.46607341490545,3031.813125695217,39.19911012235818,2931.5,760.5,767.9,773.7,760.8,183.2,185.6,190.3,191.0,4.05,75.5,1.941,2934.9,761.2,769.2,772.2,762.2,184.7,186.2,189.7,190.7,4.05,75.4,1.939,-4.7,0.906,0,nominal,0,0.0,194.92,701725.2
274.9,descend_land,34.45494994438265,3028.309232480534,39.18242491657397,2941.1,762.6,767.3,773.9,764.0,185.0,185.7,189.6,190.1,4.04,75.8,1.966,2934.8,761.0,769.0,772.0,762.0,184.6,186.1,189.6,190.6,4.05,75.4,1.939,-4.7,0.906,0,nominal,0,0.0,194.92,701725.1
275.0,descend_land,34.44382647385984,3024.8053392658508,39.165739710789765,2928.2,758.8,769.8,774.4,763.8,184.2,186.6,189.4,190.8,4.03,75.5,1.975,2934.8,760.7,768.7,771.7,761.7,184.5,186.0,189.5,190.5,4.05,75.4,1.939,-4.7,0.907,0,nominal,0,0.0,194.92,701725.0
275.1,descend_land,34.43270300333704,3021.301446051168,39.14905450500556,2928.2,761.2,769.7,771.1,760.8,184.2,185.8,189.8,190.2,4.04,74.8,1.953,2934.7,760.5,768.5,771.5,761.5,184.4,185.9,189.4,190.4,4.05,75.4,1.939,-4.6,0.907,0,nominal,0,0.0,194.92,701724.9
275.2,descend_land,34.421579532814235,3017.797552836485,39.13236929922136,2925.8,760.3,766.6,769.8,759.6,184.1,186.0,189.0,190.0,4.04,74.8,1.886,2934.7,760.3,768.3,771.3,761.3,184.3,185.8,189.3,190.3,4.05,75.3,1.939,-4.6,0.907,0,nominal,0,0.0,194.92,701724.8
275.3,descend_land,34.41045606229144,3014.293659621802,39.11568409343715,2931.4,761.7,766.1,770.6,760.0,184.2,187.0,189.4,189.7,4.05,76.0,1.902,2934.6,760.1,768.1,771.1,761.1,184.2,185.7,189.2,190.2,4.05,75.3,1.939,-4.6,0.908,0,nominal,0,0.0,194.92,701724.7
275.4,descend_land,34.39933259176863,3010.789766407119,39.09899888765295,2937.8,756.3,767.9,770.6,760.9,184.4,185.9,190.1,189.4,4.05,75.0,1.94,2934.6,759.9,767.9,770.9,760.9,184.1,185.6,189.1,190.1,4.05,75.3,1.939,-4.6,0.908,0,nominal,0,0.0,194.92,701724.6
275.5,descend_land,34.38820912124583,3007.285873192436,39.08231368186874,2938.3,759.6,768.9,773.9,762.2,183.1,185.5,189.5,190.3,4.01,75.2,1.902,2934.5,759.7,767.7,770.7,760.7,184.0,185.5,189.0,190.0,4.04,75.3,1.939,-4.5,0.908,0,nominal,0,0.0,194.92,701724.5
275.6,descend_land,34.377085650723025,3003.781979977753,39.06562847608454,2925.1,760.8,766.1,771.1,759.2,182.8,185.9,189.9,188.7,4.03,76.0,1.94,2934.5,759.5,767.5,770.5,760.5,183.9,185.4,188.9,189.9,4.04,75.3,1.939,-4.5,0.909,0,nominal,0,0.0,194.92,701724.4
275.7,descend_land,34.36596218020022,3000.27808676307,39.048943270300335,2936.6,759.4,769.1,769.2,759.8,184.6,186.0,189.4,189.9,4.05,74.6,1.975,2934.4,759.3,767.3,770.3,760.3,183.8,185.3,188.8,189.8,4.04,75.3,1.939,-4.5,0.909,0,nominal,0,0.0,194.92,701724.3
275.8,descend_land,34.354838709677416,2996.7741935483873,39.03225806451613,2927.6,758.8,766.4,769.9,757.9,183.9,185.2,188.9,189.5,4.02,75.7,1.917,2934.4,759.2,767.2,770.2,760.2,183.7,185.2,188.7,189.7,4.04,75.3,1.939,-4.5,0.909,0,nominal,0,0.0,194.92,701724.2
275.9,descend_land,34.34371523915462,2993.270300333704,39.01557285873192,2947.1,759.4,768.1,771.9,757.1,183.8,185.3,188.4,188.9,4.08,75.9,1.983,2934.4,759.0,767.0,770.0,760.0,183.6,185.1,188.6,189.6,4.04,75.3,1.939,-4.5,0.91,0,nominal,0,0.0,194.92,701724.1
276.0,descend_land,34.332591768631815,2989.766407119021,38.99888765294772,2935.2,760.3,767.3,771.2,758.6,184.3,184.6,188.3,189.5,4.05,75.0,1.836,2934.3,758.9,766.9,769.9,759.9,183.5,185.0,188.5,189.5,4.04,75.3,1.939,-4.4,0.91,0,nominal,0,0.0,194.92,701724.0
276.1,descend_land,34.32146829810901,2986.262513904338,38.982202447163516,2932.3,757.2,767.5,772.6,760.7,184.0,185.5,187.4,189.0,4.04,74.5,1.943,2934.3,758.7,766.7,769.7,759.7,183.4,184.9,188.4,189.4,4.04,75.3,1.939,-4.4,0.91,0,nominal,0,0.0,194.92,701723.9
276.2,descend_land,34.310344827586206,2982.7586206896553,38.96551724137931,2930.9,756.0,767.0,769.6,760.9,182.7,185.7,188.1,189.6,4.05,75.8,1.962,2934.2,758.6,766.6,769.6,759.6,183.3,184.8,188.3,189.3,4.04,75.3,1.939,-4.4,0.911,0,nominal,0,0.0,194.92,701723.8
276.3,descend_land,34.2992213570634,2979.2547274749722,38.9488320355951,2932.0,758.3,764.4,770.7,760.8,184.2,184.5,187.3,190.2,4.02,75.1,1.962,2934.2,758.5,766.5,769.5,759.5,183.2,184.7,188.2,189.2,4.04,75.3,1.939,-4.4,0.911,0,nominal,0,0.0,194.92,701723.7
276.4,descend_land,34.2880978865406,2975.750834260289,38.932146829810904,2940.5,758.5,763.0,768.4,761.4,183.6,185.5,188.9,189.4,4.03,75.1,1.993,2934.2,758.3,766.3,769.3,759.3,183.2,184.7,188.2,189.2,4.04,75.3,1.939,-4.3,0.911,0,nominal,0,0.0,194.92,701723.6
276.5,descend_land,34.2769744160178,2972.246941045606,38.9154616240267,2930.0,756.9,765.0,768.7,758.4,183.0,186.6,188.5,189.7,4.03,75.1,1.916,2934.1,758.2,766.2,769.2,759.2,183.1,184.6,188.1,189.1,4.04,75.3,1.939,-4.3,0.912,0,nominal,0,0.0,194.92,701723.5
276.6,descend_land,34.265850945494996,2968.7430478309234,38.89877641824249,2941.0,759.7,766.2,770.2,757.3,183.0,184.7,187.9,189.4,4.07,75.1,1.918,2934.1,758.1,766.1,769.1,759.1,183.0,184.5,188.0,189.0,4.04,75.3,1.939,-4.3,0.912,0,nominal,0,0.0,194.92,701723.4
276.7,descend_land,34.25472747497219,2965.2391546162403,38.882091212458285,2934.8,755.9,766.8,768.5,759.4,183.1,184.9,186.9,188.5,4.04,75.6,1.935,2934.0,758.0,766.0,769.0,759.0,182.9,184.4,187.9,188.9,4.04,75.3,1.939,-4.3,0.912,0,nominal,0,0.0,194.92,701723.3
276.8,descend_land,34.24360400444939,2961.735261401557,38.865406006674085,2931.9,757.8,765.5,766.7,757.4,182.7,184.9,188.0,189.0,4.05,75.2,1.936,2934.0,757.9,765.9,768.9,758.9,182.8,184.3,187.8,188.8,4.04,75.3,1.939,-4.3,0.913,0,nominal,0,0.0,194.92,701723.2
276.9,descend_land,34.232480533926584,2958.2313681868745,38.84872080088988,2941.3,755.4,765.9,770.9,756.5,183.4,184.4,187.5,188.4,4.01,75.7,1.884,2933.9,757.8,765.8,768.8,758.8,182.7,184.2,187.7,188.7,4.04,75.3,1.939,-4.2,0.913,0,nominal,0,0.0,194.92,701723.1
277.0,descend_land,34.22135706340378,2954.7274749721914,38.83203559510567,2933.5,757.8,765.2,766.8,757.4,181.8,184.6,187.8,187.6,4.06,75.1,1.955,2933.9,757.7,765.7,768.7,758.7,182.6,184.1,187.6,188.6,4.04,75.3,1.939,-4.2,0.913,0,nominal,0,0.0,194.92,701723.0
277.1,descend_land,34.21023359288098,2951.2235817575083,38.815350389321466,2934.9,757.8,764.6,767.3,756.1,182.9,184.4,186.4,187.9,4.05,75.5,1.921,2933.9,757.6,765.6,768.6,758.6,182.6,184.1,187.6,188.6,4.04,75.3,1.939,-4.2,0.914,0,nominal,0,0.0,194.92,701722.9
277.2,descend_land,34.19911012235818,2947.719688542825,38.79866518353727,2938.9,755.7,764.1,768.9,758.4,181.8,184.4,187.1,189.0,4.04,75.1,1.973,2933.8,757.5,765.5,768.5,758.5,182.5,184.0,187.5,188.5,4.04,75.3,1.939,-4.2,0.914,0,nominal,0,0.0,194.92,701722.8
277.3,descend_land,34.187986651835374,2944.2157953281426,38.78197997775306,2932.0,757.2,764.8,764.4,757.7,182.6,184.0,186.6,187.9,4.05,74.9,1.89,2933.8,757.4,765.4,768.4,758.4,182.4,183.9,187.4,188.4,4.04,75.3,1.939,-4.1,0.914,0,nominal,0,0.0,194.92,701722.7
277.4,descend_land,34.17686318131257,2940.7119021134595,38.765294771968854,2935.9,759.0,762.5,767.7,756.3,181.9,183.7,187.9,187.4,4.06,76.0,1.939,2933.7,757.3,765.3,768.3,758.3,182.3,183.8,187.3,188.3,4.04,75.3,1.939,-4.1,0.915,0,nominal,0,0.0,194.92,701722.6
277.5,descend_land,34.165739710789765,2937.2080088987764,38.74860956618465,2927.5,756.3,762.8,769.1,756.9,182.0,183.0,187.1,188.8,4.03,76.1,1.95,2933.7,757.2,765.2,768.2,758.2,182.2,183.7,187.2,188.2,4.04,75.3,1.939,-4.1,0.915,0,nominal,0,0.0,194.92,701722.5
277.6,descend_land,34.15461624026696,2933.7041156840933,38.73192436040045,2928.1,756.6,764.2,770.7,758.5,182.5,184.4,188.0,187.5,4.04,75.6,1.937,2933.6,757.2,765.2,768.2,758.2,182.1,183.6,187.1,188.1,4.04,75.3,1.939,-4.1,0.915,0,nominal,0,0.0,194.92,701722.4
277.7,descend_land,34.14349276974416,2930.2002224694106,38.71523915461624,2945.6,756.3,768.4,768.4,758.9,181.8,183.9,186.6,188.2,4.01,75.3,1.939,2933.6,757.1,765.1,768.1,758.1,182.1,183.6,187.1,188.1,4.04,75.3,1.939,-4.0,0.916,0,nominal,0,0.0,194.92,701722.3
277.8,descend_land,34.13236929922136,2926.6963292547275,38.698553948832036,2942.5,757.0,766.9,766.8,759.8,182.3,183.8,187.2,187.1,4.05,75.1,1.966,2933.5,757.0,765.0,768.0,758.0,182.0,183.5,187.0,188.0,4.04,75.3,1.939,-4.0,0.916,0,nominal,0,0.0,194.92,701722.2
277.9,descend_land,34.121245828698555,2923.1924360400444,38.68186874304783,2943.3,756.6,764.2,767.5,757.9,181.3,182.7,186.4,188.4,4.0,74.9,1.966,2933.5,756.9,764.9,767.9,757.9,181.9,183.4,186.9,187.9,4.04,75.2,1.939,-4.0,0.916,0,nominal,0,0.0,194.92,701722.1
278.0,descend_land,34.11012235817575,2919.6885428253618,38.66518353726363,2930.9,757.0,763.2,767.2,756.1,182.0,182.4,185.9,188.3,4.05,75.5,1.949,2933.5,756.9,764.9,767.9,757.9,181.8,183.3,186.8,187.8,4.04,75.2,1.939,-4.0,0.917,0,nominal,0,0.0,194.92,701722.0
278.1,descend_land,34.09899888765295,2916.1846496106787,38.64849833147942,2936.5,756.0,764.4,769.0,757.4,182.1,183.2,186.2,189.4,4.07,75.6,1.961,2933.4,756.8,764.8,767.8,757.8,181.8,183.3,186.8,187.8,4.04,75.2,1.939,-4.0,0.917,0,nominal,0,0.0,194.92,701721.9
278.2,descend_land,34.08787541713014,2912.6807563959956,38.63181312569522,2933.3,758.1,764.4,766.9,758.6,181.6,183.9,186.4,187.5,4.05,75.5,1.966,2933.4,756.7,764.7,767.7,757.7,181.7,183.2,186.7,187.7,4.04,75.2,1.939,-3.9,0.917,0,nominal,0,0.0,194.92,701721.8
278.3,descend_land,34.07675194660734,2909.1768631813125,38.61512791991101,2934.7,755.6,762.0,768.3,757.9,181.5,182.7,186.9,188.4,4.04,75.2,1.948,2933.3,756.7,764.7,767.7,757.7,181.6,183.1,186.6,187.6,4.04,75.2,1.939,-3.9,0.918,0,nominal,0,0.0,194.92,701721.7
278.4,descend_land,34.06562847608454,2905.6729699666294,38.598442714126804,2932.3,757.3,764.3,768.4,758.5,181.8,182.9,187.4,187.4,4.06,74.5,1.927,2933.3,756.6,764.6,767.6,757.6,181.5,183.0,186.5,187.5,4.04,75.2,1.939,-3.9,0.918,0,nominal,0,0.0,194.92,701721.6
278.5,descend_land,34.05450500556174,2902.1690767519467,38.581757508342605,2932.5,754.5,763.6,768.5,757.7,181.8,182.9,186.0,187.2,4.01,74.8,1.934,2933.2,756.6,764.6,767.6,757.6,181.5,183.0,186.5,187.5,4.04,75.2,1.939,-3.9,0.918,0,nominal,0,0.0,194.92,701721.5
278.6,descend_land,34.04338153503893,2898.6651835372636,38.5650723025584,2935.4,755.0,763.1,768.8,758.1,182.0,181.8,186.4,187.1,4.01,74.1,1.922,2933.2,756.5,764.5,767.5,757.5,181.4,182.9,186.4,187.4,4.04,75.2,1.939,-3.8,0.919,0,nominal,0,0.0,194.92,701721.4
278.7,descend_land,34.03225806451613,2895.1612903225805,38.54838709677419,2930.4,756.2,763.9,771.0,757.0,181.0,182.6,186.9,187.3,4.05,75.9,1.929,2933.1,756.4,764.4,767.4,757.4,181.3,182.8,186.3,187.3,4.04,75.2,1.939,-3.8,0.919,0,nominal,0,0.0,194.92,701721.3
278.8,descend_land,34.021134593993324,2891.657397107898,38.531701890989986,2939.7,758.8,765.7,771.3,757.7,181.3,183.3,186.0,185.7,4.08,75.1,1.917,2933.1,756.4,764.4,767.4,757.4,181.2,182.7,186.2,187.2,4.04,75.2,1.939,-3.8,0.919,0,nominal,0,0.0,194.92,701721.2
278.9,descend_land,34.01001112347052,2888.1535038932147,38.51501668520579,2925.6,756.5,764.8,767.2,756.3,181.4,182.7,187.0,188.1,4.06,74.9,1.954,2933.1,756.3,764.3,767.3,757.3,181.2,182.7,186.2,187.2,4.04,75.2,1.939,-3.8,0.92,0,nominal,0,0.0,194.92,701721.1
279.0,descend_land,33.99888765294772,2884.6496106785316,38.49833147942158,2943.8,755.7,765.3,767.8,757.2,180.5,182.4,184.3,188.1,4.04,75.3,1.923,2933.0,756.3,764.3,767.3,757.3,181.1,182.6,186.1,187.1,4.04,75.2,1.939,-3.8,0.92,0,nominal,0,0.0,194.92,701721.0
279.1,descend_land,33.98776418242492,2881.145717463849,38.481646273637374,2930.7,759.0,763.6,766.8,757.1,180.8,181.8,186.5,187.6,4.05,75.2,1.954,2933.0,756.2,764.2,767.2,757.2,181.0,182.5,186.0,187.0,4.04,75.2,1.939,-3.7,0.92,0,nominal,0,0.0,194.92,701720.9
279.2,descend_land,33.976640711902114,2877.641824249166,38.46496106785317,2933.0,756.4,764.1,768.1,757.2,180.2,183.0,185.2,187.3,4.06,75.2,1.939,2932.9,756.2,764.2,767.2,757.2,180.9,182.4,185.9,186.9,4.04,75.2,1.939,-3.7,0.921,0,nominal,0,0.0,194.92,701720.8
279.3,descend_land,33.96551724137931,2874.137931034483,38.44827586206897,2934.3,756.3,764.2,766.6,758.9,181.1,182.3,185.3,187.5,4.06,74.8,2.024,2932.9,756.1,764.1,767.1,757.1,180.9,182.4,185.9,186.9,4.04,75.2,1.939,-3.7,0.921,0,nominal,0,0.0,194.92,701720.7
279.4,descend_land,33.954393770856505,2870.6340378197997,38.43159065628476,2929.6,755.3,762.3,765.7,757.2,180.3,182.6,185.4,187.3,4.04,74.5,1.945,2932.8,756.1,764.1,767.1,757.1,180.8,182.3,185.8,186.8,4.04,75.2,1.939,-3.7,0.921,0,nominal,0,0.0,194.92,701720.6
279.5,descend_land,33.9432703003337,2867.1301446051166,38.414905450500555,2943.0,758.7,764.7,768.8,754.7,180.6,183.2,185.7,186.4,4.04,74.4,1.918,2932.8,756.0,764.0,767.0,757.0,180.7,182.2,185.7,186.7,4.04,75.2,1.939,-3.6,0.922,0,nominal,0,0.0,194.92,701720.5
279.6,descend_land,33.932146829810904,2863.626251390434,38.39822024471635,2930.2,755.6,767.6,764.4,757.0,180.4,182.5,186.4,186.8,4.01,75.9,1.931,2932.7,756.0,764.0,767.0,757.0,180.7,182.2,185.7,186.7,4.04,75.2,1.939,-3.6,0.922,0,nominal,0,0.0,194.92,701720.4
279.7,descend_land,33.9210233592881,2860.122358175751,38.38153503893215,2933.2,758.2,763.4,766.9,756.8,180.9,181.7,184.6,187.1,4.05,75.0,1.924,2932.7,756.0,764.0,767.0,757.0,180.6,182.1,185.6,186.6,4.04,75.2,1.939,-3.6,0.922,0,nominal,0,0.0,194.92,701720.3
279.8,descend_land,33.909899888765295,2856.6184649610677,38.36484983314794,2935.1,756.7,763.3,766.7,758.1,181.7,182.3,186.2,186.4,4.08,75.1,1.918,2932.6,755.9,763.9,766.9,756.9,180.5,182.0,185.5,186.5,4.04,75.2,1.939,-3.6,0.923,0,nominal,0,0.0,194.92,701720.2
279.9,descend_land,33.89877641824249,2853.114571746385,38.34816462736374,2937.4,754.2,762.6,766.9,754.9,180.7,182.0,185.5,187.5,4.01,75.6,1.909,2932.6,755.9,763.9,766.9,756.9,180.5,182.0,185.5,186.5,4.04,75.2,1.939,-3.5,0.923,0,nominal,0,0.0,194.92,701720.1
280.0,descend_land,33.88765294771969,2849.610678531702,38.33147942157953,2938.9,754.3,763.7,766.8,757.7,180.5,181.1,185.9,186.3,4.06,75.8,1.915,2932.5,755.8,763.8,766.8,756.8,180.4,181.9,185.4,186.4,4.04,75.2,1.939,-3.5,0.923,0,nominal,0,0.0,194.92,701720.0
280.1,descend_land,33.87652947719688,2846.106785317019,38.31479421579533,2930.6,755.8,767.0,766.2,756.3,180.9,181.8,184.9,184.4,4.02,75.7,1.878,2932.5,755.8,763.8,766.8,756.8,180.3,181.8,185.3,186.3,4.04,75.2,1.939,-3.5,0.924,0,nominal,0,0.0,194.92,701719.9
280.2,descend_land,33.865406006674085,2842.6028921023358,38.298109010011125,2933.8,757.0,762.8,765.2,759.0,180.4,182.0,184.3,185.1,4.05,74.6,1.92,2932.5,755.7,763.7,766.7,756.7,180.3,181.8,185.3,186.3,4.04,75.2,1.939,-3.5,0.924,0,nominal,0,0.0,194.92,701719.8
280.3,descend_land,33.85428253615128,2839.098998887653,38.28142380422692,2933.2,755.5,762.5,766.1,753.9,180.5,181.3,185.7,186.6,4.07,75.0,1.914,2932.4,755.7,763.7,766.7,756.7,180.2,181.7,185.2,186.2,4.04,75.2,1.939,-3.5,0.924,0,nominal,0,0.0,194.92,701719.7
280.4,descend_land,33.84315906562848,2835.59510567297,38.26473859844271,2940.2,756.5,766.1,767.5,758.7,180.3,181.1,184.7,186.7,4.01,75.0,1.922,2932.4,755.7,763.7,766.7,756.7,180.1,181.6,185.1,186.1,4.04,75.2,1.939,-3.4,0.925,0,nominal,0,0.0,194.92,701719.6
280.5,descend_land,33.83203559510567,2832.091212458287,38.24805339265851,2933.6,755.0,764.2,768.6,755.2,180.9,180.8,185.6,186.2,4.04,74.7,1.946,2932.3,755.6,763.6,766.6,756.6,180.1,181.6,185.1,186.1,4.04,75.2,1.939,-3.4,0.925,0,nominal,0,0.0,194.92,701719.5
280.6,descend_land,33.82091212458287,2828.587319243604,38.231368186874306,2940.5,755.5,766.1,766.8,759.0,179.9,181.2,184.6,185.8,4.03,74.8,1.908,2932.3,755.6,763.6,766.6,756.6,180.0,181.5,185.0,186.0,4.04,75.2,1.939,-3.4,0.925,0,nominal,0,0.0,194.92,701719.4
280.7,descend_land,33.809788654060064,2825.083426028921,38.2146829810901,2923.1,754.6,763.0,763.5,756.4,180.1,181.4,184.8,185.5,4.04,75.4,1.947,2932.2,755.6,763.6,766.6,756.6,179.9,181.4,184.9,185.9,4.04,75.2,1.939,-3.4,0.926,0,nominal,0,0.0,194.92,701719.3
280.8,descend_land,33.79866518353727,2821.579532814238,38.19799777530589,2937.7,755.4,763.2,762.9,754.0,179.4,181.0,185.5,186.3,4.07,75.8,1.954,2932.2,755.5,763.5,766.5,756.5,179.9,181.4,184.9,185.9,4.04,75.1,1.939,-3.3,0.926,0,nominal,0,0.0,194.92,701719.2
280.9,descend_land,33.78754171301446,2818.075639599555,38.181312569521694,2930.8,754.8,765.5,766.4,758.4,178.6,181.4,185.4,185.5,4.0,75.8,1.918,2932.1,755.5,763.5,766.5,756.5,179.8,181.3,184.8,185.8,4.04,75.1,1.939,-3.3,0.926,0,nominal,0,0.0,194.92,701719.1
281.0,descend_land,33.77641824249166,2814.5717463848723,38.16462736373749,2936.6,753.8,762.2,765.3,758.0,180.5,180.8,184.6,186.1,4.02,74.8,1.878,2932.1,755.4,763.4,766.4,756.4,179.7,181.2,184.7,185.7,4.04,75.1,1.939,-3.3,0.927,0,nominal,0,0.0,194.92,701719.0
281.1,descend_land,33.765294771968854,2811.067853170189,38.14794215795328,2932.9,756.7,762.4,764.7,757.0,179.6,180.9,184.6,185.6,4.03,75.9,1.876,2932.0,755.4,763.4,766.4,756.4,179.7,181.2,184.7,185.7,4.04,75.1,1.939,-3.3,0.927,0,nominal,0,0.0,194.92,701718.9
281.2,descend_land,33.75417130144605,2807.563959955506,38.131256952169075,2928.4,752.6,761.8,767.0,757.4,180.2,181.1,183.8,184.9,4.07,76.1,1.915,2932.0,755.4,763.4,766.4,756.4,179.6,181.1,184.6,185.6,4.04,75.1,1.939,-3.2,0.927,0,nominal,0,0.0,194.92,701718.8
281.3,descend_land,33.743047830923246,2804.060066740823,38.114571746384875,2932.4,754.8,764.4,765.3,756.7,179.4,180.8,183.7,184.7,4.03,74.4,1.901,2931.9,755.3,763.3,766.3,756.3,179.6,181.1,184.6,185.6,4.04,75.1,1.939,-3.2,0.928,0,nominal,0,0.0,194.92,701718.7
281.4,descend_land,33.73192436040044,2800.5561735261404,38.09788654060067,2932.5,753.9,765.4,765.8,755.9,179.4,181.2,184.5,185.9,4.04,74.8,1.952,2931.9,755.3,763.3,766.3,756.3,179.5,181.0,184.5,185.5,4.04,75.1,1.939,-3.2,0.928,0,nominal,0,0.0,194.92,701718.6
281.5,descend_land,33.720800889877644,2797.0522803114573,38.08120133481646,2936.7,753.9,763.4,766.2,756.0,179.7,181.5,185.6,185.7,4.04,74.9,1.962,2931.8,755.3,763.3,766.3,756.3,179.4,180.9,184.4,185.4,4.04,75.1,1.939,-3.2,0.928,0,nominal,0,0.0,194.92,701718.5
281.6,descend_land,33.70967741935484,2793.548387096774,38.064516129032256,2934.6,755.4,763.6,768.1,756.0,178.1,180.2,183.9,184.8,4.09,74.7,1.926,2931.8,755.2,763.2,766.2,756.2,179.4,180.9,184.4,185.4,4.04,75.1,1.939,-3.2,0.929,0,nominal,0,0.0,194.92,701718.4
281.7,descend_land,33.698553948832036,2790.044493882091,38.04783092324806,2927.7,754.9,762.8,767.4,758.0,179.4,180.7,183.9,185.9,4.02,74.6,1.971,2931.7,755.2,763.2,766.2,756.2,179.3,180.8,184.3,185.3,4.04,75.1,1.939,-3.1,0.929,0,nominal,0,0.0,194.92,701718.3
281.8,descend_land,33.68743047830923,2786.5406006674084,38.03114571746385,2925.5,752.6,762.8,765.4,753.2,178.5,180.9,184.5,185.7,4.07,73.8,1.962,2931.7,755.2,763.2,766.2,756.2,179.3,180.8,184.3,185.3,4.04,75.1,1.939,-3.1,0.929,0,nominal,0,0.0,194.92,701718.2
281.9,descend_land,33.67630700778643,2783.0367074527253,38.014460511679644,2935.1,754.5,761.2,766.4,756.5,178.3,180.3,184.2,186.0,4.02,74.7,1.925,2931.6,755.1,763.1,766.1,756.1,179.2,180.7,184.2,185.2,4.04,75.1,1.939,-3.1,0.93,0,nominal,0,0.0,194.92,701718.1
282.0,descend_land,33.66518353726362,2779.532814238042,37.99777530589544,2927.8,755.0,761.5,764.0,756.1,179.7,181.2,183.0,186.2,4.06,76.1,2.024,2931.6,755.1,763.1,766.1,756.1,179.2,180.7,184.2,185.2,4.04,75.1,1.939,-3.1,0.93,0,nominal,0,0.0,194.92,701718.0
282.1,descend_land,33.654060066740826,2776.0289210233595,37.98109010011123,2926.2,756.9,762.0,767.2,758.0,180.3,179.3,183.0,185.6,4.06,74.8,1.928,2931.5,755.1,763.1,766.1,756.1,179.1,180.6,184.1,185.1,4.04,75.1,1.939,-3.0,0.93,0,nominal,0,0.0,194.92,701717.9
282.2,descend_land,33.64293659621802,2772.5250278086764,37.96440489432703,2923.9,753.7,762.5,766.0,756.7,179.7,179.4,182.9,185.6,4.06,75.3,1.999,2931.5,755.0,763.0,766.0,756.0,179.0,180.5,184.0,185.0,4.04,75.1,1.939,-3.0,0.931,0,nominal,0,0.0,194.92,701717.8
282.3,descend_land,33.63181312569522,2769.0211345939933,37.947719688542826,2935.6,754.0,762.4,767.7,756.2,179.0,180.2,183.0,184.1,4.09,74.7,1.952,2931.4,755.0,763.0,766.0,756.0,179.0,180.5,184.0,185.0,4.04,75.1,1.939,-3.0,0.931,0,nominal,0,0.0,194.92,701717.7
282.4,descend_land,33.62068965517241,2765.5172413793102,37.93103448275862,2933.3,753.4,759.4,765.1,754.8,179.3,180.8,184.7,184.4,4.07,75.3,1.939,2931.4,755.0,763.0,766.0,756.0,178.9,180.4,183.9,184.9,4.04,75.1,1.939,-3.0,0.931,0,nominal,0,0.0,194.92,701717.6
282.5,descend_land,33.60956618464961,2762.0133481646276,37.91434927697441,2933.9,754.3,765.2,766.9,756.4,179.2,180.5,183.7,185.0,4.04,75.9,1.954,2931.3,754.9,762.9,765.9,755.9,178.9,180.4,183.9,184.9,4.04,75.1,1.939,-3.0,0.932,0,nominal,0,0.0,194.92,701717.5
282.6,descend_land,33.598442714126804,2758.5094549499445,37.89766407119021,2931.8,752.7,762.0,765.4,756.3,179.1,181.4,184.5,184.9,4.05,74.9,1.941,2931.3,754.9,762.9,765.9,755.9,178.8,180.3,183.8,184.8,4.04,75.1,1.939,-2.9,0.932,0,nominal,0,0.0,194.92,701717.4
282.7,descend_land,33.58731924360401,2755.0055617352614,37.88097886540601,2920.7,755.0,762.1,763.7,754.8,178.8,181.2,184.2,184.9,4.05,74.3,1.915,2931.2,754.9,762.9,765.9,755.9,178.8,180.3,183.8,184.8,4.04,75.1,1.939,-2.9,0.932,0,nominal,0,0.0,194.92,701717.3
282.8,descend_land,33.5761957730812,2751.5016685205783,37.8642936596218,2931.4,756.0,761.6,769.0,759.3,179.1,180.8,183.7,185.2,4.04,75.2,1.974,2931.2,754.8,762.8,765.8,755.8,178.7,180.2,183.7,184.7,4.04,75.1,1.939,-2.9,0.933,0,nominal,0,0.0,194.92,701717.2
282.9,descend_land,33.5650723025584,2747.9977753058956,37.847608453837594,2934.4,754.1,761.0,765.1,751.9,179.6,179.6,183.6,184.6,4.03,75.8,1.958,2931.1,754.8,762.8,765.8,755.8,178.7,180.2,183.7,184.7,4.04,75.1,1.939,-2.9,0.933,0,nominal,0,0.0,194.92,701717.1
283.0,descend_land,33.553948832035594,2744.4938820912125,37.830923248053395,2926.7,754.4,762.6,765.1,756.4,178.1,180.3,183.4,184.9,4.07,74.7,1.957,2931.1,754.8,762.8,765.8,755.8,178.6,180.1,183.6,184.6,4.04,75.1,1.939,-2.8,0.933,0,nominal,0,0.0,194.92,701717.0
283.1,descend_land,33.54282536151279,2740.9899888765294,37.81423804226919,2935.6,754.6,761.4,766.8,755.1,178.5,179.9,184.1,184.8,4.02,74.5,1.971,2931.0,754.7,762.7,765.7,755.7,178.5,180.0,183.5,184.5,4.04,75.1,1.939,-2.8,0.934,0,nominal,0,0.0,194.92,701716.9
283.2,descend_land,33.531701890989986,2737.486095661847,37.79755283648498,2932.9,755.0,764.1,766.9,755.1,178.2,179.6,183.2,184.5,4.04,75.3,1.944,2931.0,754.7,762.7,765.7,755.7,178.5,180.0,183.5,184.5,4.04,75.1,1.939,-2.8,0.934,0,nominal,0,0.0,194.92,701716.8
283.3,descend_land,33.52057842046719,2733.9822024471637,37.780867630700776,2934.4,756.5,765.5,764.4,754.5,178.3,180.9,182.9,184.1,4.04,76.2,1.922,2930.9,754.7,762.7,765.7,755.7,178.4,179.9,183.4,184.4,4.04,75.1,1.939,-2.8,0.934,0,nominal,0,0.0,194.92,701716.7
283.4,descend_land,33.509454949944384,2730.4783092324806,37.76418242491658,2922.0,757.0,761.8,767.1,756.2,179.0,179.9,184.6,185.1,4.06,74.7,1.95,2930.9,754.6,762.6,765.6,755.6,178.4,179.9,183.4,184.4,4.04,75.1,1.939,-2.7,0.935,0,nominal,0,0.0,194.92,701716.6
283.5,descend_land,33.49833147942158,2726.9744160177975,37.74749721913237,2935.5,756.0,764.3,766.5,759.2,178.7,180.6,183.1,184.6,4.05,75.6,1.927,2930.8,754.6,762.6,765.6,755.6,178.3,179.8,183.3,184.3,4.04,75.1,1.939,-2.7,0.935,0,nominal,0,0.0,194.92,701716.5
283.6,descend_land,33.487208008898776,2723.4705228031144,37.730812013348164,2929.7,754.3,761.5,764.8,756.7,178.6,179.1,183.1,185.1,4.03,75.4,1.962,2930.7,754.6,762.6,765.6,755.6,178.3,179.8,183.3,184.3,4.04,75.1,1.939,-2.7,0.935,0,nominal,0,0.0,194.92,701716.4
283.7,descend_land,33.47608453837597,2719.9666295884317,37.71412680756396,2940.0,753.7,764.0,764.2,756.8,178.6,179.1,182.9,185.0,4.02,75.1,1.959,2930.7,754.5,762.5,765.5,755.5,178.2,179.7,183.2,184.2,4.04,75.1,1.939,-2.7,0.936,0,nominal,0,0.0,194.92,701716.3
283.8,descend_land,33.46496106785317,2716.4627363737486,37.69744160177976,2917.7,753.5,762.6,765.7,756.6,177.5,180.4,183.6,184.9,4.02,75.0,1.884,2930.6,754.5,762.5,765.5,755.5,178.2,179.7,183.2,184.2,4.04,75.1,1.939,-2.7,0.936,0,nominal,0,0.0,194.92,701716.2
283.9,descend_land,33.45383759733037,2712.9588431590655,37.68075639599555,2930.1,755.0,759.6,763.8,754.1,178.2,178.8,182.8,184.1,4.08,74.6,1.934,2930.6,754.5,762.5,765.5,755.5,178.1,179.6,183.1,184.1,4.04,75.1,1.939,-2.6,0.936,0,nominal,0,0.0,194.92,701716.1
284.0,descend_land,33.442714126807566,2709.454949944383,37.664071190211345,2919.4,753.2,762.8,764.7,754.9,177.5,179.2,182.6,183.3,4.03,74.7,1.94,2930.5,754.4,762.4,765.4,755.4,178.1,179.6,183.1,184.1,4.04,75.0,1.939,-2.6,0.937,0,nominal,0,0.0,194.92,701716.0
284.1,descend_land,33.43159065628476,2705.9510567296998,37.64738598442714,2934.2,753.5,762.7,762.7,756.3,177.6,180.1,182.2,184.5,4.09,75.2,1.99,2930.5,754.4,762.4,765.4,755.4,178.0,179.5,183.0,184.0,4.04,75.0,1.939,-2.6,0.937,0,nominal,0,0.0,194.92,701715.9
284.2,descend_land,33.42046718576196,2702.4471635150167,37.63070077864294,2940.2,753.1,762.3,764.3,753.6,178.3,178.2,183.1,183.7,3.97,74.7,1.91,2930.4,754.4,762.4,765.4,755.4,178.0,179.5,183.0,184.0,4.04,75.0,1.939,-2.6,0.937,0,nominal,0,0.0,194.92,701715.8
284.3,descend_land,33.40934371523915,2698.9432703003336,37.61401557285873,2929.2,754.8,764.3,764.7,753.9,177.6,179.9,182.9,183.9,4.08,75.4,1.951,2930.4,754.4,762.4,765.4,755.4,177.9,179.4,182.9,183.9,4.04,75.0,1.939,-2.5,0.938,0,nominal,0,0.0,194.92,701715.7
284.4,descend_land,33.39822024471635,2695.439377085651,37.59733036707453,2919.9,756.1,761.6,763.7,755.8,178.4,179.3,182.1,182.9,4.03,75.5,1.939,2930.3,754.3,762.3,765.3,755.3,177.9,179.4,182.9,183.9,4.04,75.0,1.939,-2.5,0.938,0,nominal,0,0.0,194.92,701715.6
284.5,descend_land,33.38709677419355,2691.935483870968,37.58064516129032,2927.5,751.7,762.0,763.8,754.7,178.1,179.7,184.0,183.5,4.01,75.7,1.916,2930.3,754.3,762.3,765.3,755.3,177.8,179.3,182.8,183.8,4.04,75.0,1.939,-2.5,0.938,0,nominal,0,0.0,194.92,701715.5
284.6,descend_land,33.37597330367075,2688.4315906562847,37.56395995550612,2931.7,753.7,762.1,766.8,755.9,178.5,179.4,182.4,183.4,4.03,74.7,1.947,2930.2,754.3,762.3,765.3,755.3,177.8,179.3,182.8,183.8,4.04,75.0,1.939,-2.5,0.939,0,nominal,0,0.0,194.92,701715.4
284.7,descend_land,33.36484983314794,2684.9276974416016,37.547274749721915,2937.8,754.2,763.7,764.6,755.8,177.7,178.4,182.4,184.3,4.05,75.6,1.943,2930.2,754.2,762.2,765.2,755.2,177.7,179.2,182.7,183.7,4.04,75.0,1.939,-2.5,0.939,0,nominal,0,0.0,194.92,701715.3
284.8,descend_land,33.35372636262514,2681.423804226919,37.53058954393771,2936.6,756.4,761.4,767.2,753.9,177.3,179.2,182.3,183.7,4.08,74.5,1.962,2930.1,754.2,762.2,765.2,755.2,177.7,179.2,182.7,183.7,4.04,75.0,1.939,-2.4,0.939,0,nominal,0,0.0,194.92,701715.2
284.9,descend_land,33.342602892102335,2677.919911012236,37.5139043381535,2920.1,754.3,762.6,763.1,756.7,178.1,179.8,182.6,183.6,4.05,74.6,1.941,2930.0,754.2,762.2,765.2,755.2,177.7,179.2,182.7,183.7,4.04,75.0,1.939,-2.4,0.94,0,nominal,0,0.0,194.92,701715.1
285.0,descend_land,33.33147942157953,2674.4160177975527,37.4972191323693,2929.9,753.0,760.5,765.5,755.3,177.4,178.5,182.4,184.4,4.05,74.6,1.953,2930.0,754.1,762.1,765.1,755.1,177.6,179.1,182.6,183.6,4.04,75.0,1.938,-2.4,0.94,0,nominal,0,0.0,194.92,701715.0
285.1,descend_land,33.320355951056726,2670.91212458287,37.480533926585096,2928.1,754.0,763.9,764.6,753.7,177.0,179.4,182.2,183.8,4.03,75.4,1.914,2929.9,754.1,762.1,765.1,755.1,177.6,179.1,182.6,183.6,4.04,75.0,1.938,-2.4,0.94,0,nominal,0,0.0,194.92,701714.9
285.2,descend_land,33.30923248053393,2667.408231368187,37.46384872080089,2930.9,751.4,764.7,768.5,754.5,177.5,178.5,182.0,184.4,4.01,75.4,1.901,2929.9,754.1,762.1,765.1,755.1,177.5,179.0,182.5,183.5,4.04,75.0,1.938,-2.3,0.941,0,nominal,0,0.0,194.92,701714.8
285.3,descend_land,33.298109010011125,2663.904338153504,37.44716351501668,2922.9,754.8,762.1,766.7,753.6,176.2,180.1,182.2,183.7,4.02,74.6,1.969,2929.8,754.0,762.0,765.0,755.0,177.5,179.0,182.5,183.5,4.04,75.0,1.938,-2.3,0.941,0,nominal,0,0.0,194.92,701714.7
285.4,descend_land,33.28698553948832,2660.400444938821,37.430478309232484,2931.7,754.0,763.7,766.6,754.6,177.1,178.0,181.1,183.7,4.07,75.5,1.873,2929.8,754.0,762.0,765.0,755.0,177.4,178.9,182.4,183.4,4.04,75.0,1.938,-2.3,0.941,0,nominal,0,0.0,194.92,701714.6
285.5,descend_land,33.275862068965516,2656.896551724138,37.41379310344828,2934.2,755.3,760.5,766.0,755.5,177.9,178.8,181.9,184.0,3.99,75.2,1.873,2929.7,754.0,762.0,765.0,755.0,177.4,178.9,182.4,183.4,4.04,75.0,1.938,-2.3,0.942,0,nominal,0,0.0,194.92,701714.5
285.6,descend_land,33.26473859844271,2653.392658509455,37.39710789766407,2931.0,752.6,763.5,765.3,755.4,177.4,179.4,182.2,183.7,4.02,74.9,1.944,2929.7,754.0,762.0,765.0,755.0,177.3,178.8,182.3,183.3,4.04,75.0,1.938,-2.2,0.942,0,nominal,0,0.0,194.92,701714.4
285.7,descend_land,33.253615127919915,2649.888765294772,37.380422691879865,2928.2,751.1,761.5,764.9,753.6,176.9,178.6,182.5,182.2,4.04,75.6,1.946,2929.6,753.9,761.9,764.9,754.9,177.3,178.8,182.3,183.3,4.04,75.0,1.938,-2.2,0.942,0,nominal,0,0.0,194.92,701714.3
285.8,descend_land,33.24249165739711,2646.384872080089,37.36373748609566,2933.6,751.2,761.1,764.6,757.5,178.1,179.3,182.7,182.8,4.05,75.1,1.922,2929.5,753.9,761.9,764.9,754.9,177.2,178.7,182.2,183.2,4.04,75.0,1.938,-2.2,0.943,0,nominal,0,0.0,194.92,701714.2
285.9,descend_land,33.231368186874306,2642.880978865406,37.34705228031146,2933.2,751.3,765.4,765.4,756.6,176.8,178.3,181.8,183.0,4.07,74.6,1.905,2929.5,753.9,761.9,764.9,754.9,177.2,178.7,182.2,183.2,4.04,75.0,1.938,-2.2,0.943,0,nominal,0,0.0,194.92,701714.1
286.0,descend_land,33.2202447163515,2639.377085650723,37.33036707452725,2942.3,752.9,762.0,765.9,756.9,176.1,178.4,182.3,183.8,4.03,75.1,1.94,2929.4,753.8,761.8,764.8,754.8,177.2,178.7,182.2,183.2,4.04,75.0,1.938,-2.2,0.943,0,nominal,0,0.0,194.92,701714.0
286.1,descend_land,33.2091212458287,2635.87319243604,37.313681868743046,2930.7,755.9,760.6,766.1,753.5,177.0,178.9,182.2,182.6,4.04,74.4,1.937,2929.4,753.8,761.8,764.8,754.8,177.1,178.6,182.1,183.1,4.04,75.0,1.938,-2.1,0.944,0,nominal,0,0.0,194.92,701713.9
286.2,descend_land,33.19799777530589,2632.3692992213573,37.29699666295885,2921.7,755.2,761.6,764.5,753.5,178.1,178.8,182.4,182.6,4.0,75.0,1.925,2929.3,753.8,761.8,764.8,754.8,177.1,178.6,182.1,183.1,4.04,75.0,1.938,-2.1,0.944,0,nominal,0,0.0,194.92,701713.8
286.3,descend_land,33.18687430478309,2628.865406006674,37.28031145717464,2935.4,754.1,760.8,766.2,753.9,175.8,178.1,183.1,183.3,4.02,75.0,1.905,2929.3,753.7,761.7,764.7,754.7,177.0,178.5,182.0,183.0,4.04,75.0,1.938,-2.1,0.944,0,nominal,0,0.0,194.92,701713.7
286.4,descend_land,33.17575083426029,2625.361512791991,37.263626251390434,2926.3,755.5,760.0,763.7,755.3,177.0,178.6,181.7,183.3,4.06,74.8,1.95,2929.2,753.7,761.7,764.7,754.7,177.0,178.5,182.0,183.0,4.04,75.0,1.938,-2.1,0.945,0,nominal,0,0.0,194.92,701713.6
286.5,descend_land,33.16462736373749,2621.857619577308,37.24694104560623,2934.2,753.7,760.5,764.7,755.1,176.5,178.1,181.9,182.9,4.05,75.4,1.937,2929.2,753.7,761.7,764.7,754.7,176.9,178.4,181.9,182.9,4.04,75.0,1.938,-2.0,0.945,0,nominal,0,0.0,194.92,701713.5
286.6,descend_land,33.15350389321468,2618.353726362625,37.23025583982202,2928.5,752.4,763.6,766.6,754.8,177.2,177.7,181.8,182.9,4.0,74.9,1.978,2929.1,753.7,761.7,764.7,754.7,176.9,178.4,181.9,182.9,4.04,75.0,1.938,-2.0,0.945,0,nominal,0,0.0,194.92,701713.4
286.7,descend_land,33.14238042269188,2614.8498331479423,37.21357063403782,2929.0,753.6,762.8,766.0,755.5,177.2,178.5,183.1,182.6,3.99,74.5,1.91,2929.0,753.6,761.6,764.6,754.6,176.9,178.4,181.9,182.9,4.04,75.0,1.938,-2.0,0.946,0,nominal,0,0.0,194.92,701713.3
286.8,descend_land,33.131256952169075,2611.345939933259,37.196885428253616,2940.4,755.3,761.0,764.7,753.6,176.3,177.5,181.8,182.5,4.03,74.6,1.903,2929.0,753.6,761.6,764.6,754.6,176.8,178.3,181.8,182.8,4.04,75.0,1.938,-2.0,0.946,0,nominal,0,0.0,194.92,701713.2
286.9,descend_land,33.12013348164627,2607.842046718576,37.18020022246941,2926.9,753.6,762.0,765.9,751.8,176.8,177.3,181.3,182.7,4.04,75.3,1.937,2928.9,753.6,761.6,764.6,754.6,176.8,178.3,181.8,182.8,4.04,75.0,1.938,-2.0,0.946,0,nominal,0,0.0,194.92,701713.1
287.0,descend_land,33.10901001112347,2604.3381535038934,37.1635150166852,2916.1,754.2,761.0,764.9,755.6,176.0,177.5,182.3,182.8,4.03,75.3,1.902,2928.9,753.5,761.5,764.5,754.5,176.7,178.2,181.7,182.7,4.04,75.0,1.938,-1.9,0.947,0,nominal,0,0.0,194.92,701713.0
287.1,descend_land,33.09788654060067,2600.8342602892103,37.146829810901004,2925.7,750.6,762.4,763.1,754.4,176.3,178.3,181.7,183.0,4.06,74.9,1.971,2928.8,753.5,761.5,764.5,754.5,176.7,178.2,181.7,182.7,4.04,75.0,1.938,-1.9,0.947,0,nominal,0,0.0,194.92,701712.9
287.2,descend_land,33.086763070077865,2597.330367074527,37.1301446051168,2933.4,751.4,760.3,763.2,755.7,177.0,177.5,181.9,182.4,4.03,74.7,1.937,2928.7,753.5,761.5,764.5,754.5,176.7,178.2,181.7,182.7,4.04,75.0,1.938,-1.9,0.947,0,nominal,0,0.0,194.92,701712.8
287.3,descend_land,33.07563959955506,2593.8264738598446,37.11345939933259,2924.3,751.1,761.9,765.2,753.3,177.1,176.9,180.7,181.7,4.03,74.1,1.938,2928.7,753.4,761.4,764.4,754.4,176.6,178.1,181.6,182.6,4.04,75.0,1.938,-1.9,0.948,0,nominal,0,0.0,194.92,701712.7
287.4,descend_land,33.064516129032256,2590.3225806451615,37.096774193548384,2930.4,754.1,761.7,763.0,752.6,176.5,177.4,181.9,182.3,4.03,75.3,1.902,2928.6,753.4,761.4,764.4,754.4,176.6,178.1,181.6,182.6,4.04,75.0,1.938,-1.8,0.948,0,nominal,0,0.0,194.92,701712.6
287.5,descend_land,33.05339265850945,2586.8186874304783,37.080088987764185,2929.9,754.9,762.5,765.7,753.3,176.0,178.8,181.1,182.9,4.05,74.7,1.941,2928.6,753.4,761.4,764.4,754.4,176.6,178.1,181.6,182.6,4.04,74.9,1.938,-1.8,0.948,0,nominal,0,0.0,194.92,701712.5
287.6,descend_land,33.042269187986655,2583.3147942157952,37.06340378197998,2921.7,751.5,762.1,764.7,755.1,176.5,177.5,181.1,182.5,4.07,74.4,1.928,2928.5,753.4,761.4,764.4,754.4,176.5,178.0,181.5,182.5,4.04,74.9,1.938,-1.8,0.949,0,nominal,0,0.0,194.92,701712.4
287.7,descend_land,33.03114571746385,2579.810901001112,37.04671857619577,2936.4,752.9,762.2,764.1,755.5,176.6,177.5,181.4,182.7,4.04,75.3,1.975,2928.5,753.3,761.3,764.3,754.3,176.5,178.0,181.5,182.5,4.04,74.9,1.938,-1.8,0.949,0,nominal,0,0.0,194.92,701712.3
287.8,descend_land,33.020022246941046,2576.3070077864295,37.030033370411566,2935.2,753.4,760.2,765.7,751.4,176.2,178.1,180.8,182.4,4.01,75.3,1.995,2928.4,753.3,761.3,764.3,754.3,176.4,177.9,181.4,182.4,4.04,74.9,1.938,-1.7,0.949,0,nominal,0,0.0,194.92,701712.2
287.9,descend_land,33.00889877641824,2572.8031145717464,37.01334816462737,2930.9,753.9,761.7,761.5,753.6,176.7,178.0,181.1,181.0,4.02,75.3,1.971,2928.3,753.3,761.3,764.3,754.3,176.4,177.9,181.4,182.4,4.04,74.9,1.938,-1.7,0.95,0,nominal,0,0.0,194.92,701712.1
288.0,descend_land,32.99777530589544,2569.2992213570633,36.99666295884316,2921.1,754.4,760.4,767.5,753.8,175.8,178.0,180.4,182.3,4.01,75.0,1.964,2928.3,753.2,761.2,764.2,754.2,176.4,177.9,181.4,182.4,4.04,74.9,1.938,-1.7,0.95,0,nominal,0,0.0,194.92,701712.0
288.1,descend_land,32.98665183537263,2565.7953281423806,36.979977753058954,2910.6,752.7,761.5,763.4,752.8,177.0,177.5,180.6,182.2,4.06,74.3,1.915,2928.2,753.2,761.2,764.2,754.2,176.3,177.8,181.3,182.3,4.04,74.9,1.938,-1.7,0.95,0,nominal,0,0.0,194.92,701711.9
288.2,descend_land,32.975528364849836,2562.2914349276975,36.96329254727475,2925.5,751.6,759.1,763.8,754.9,177.1,178.1,181.3,182.5,4.01,75.4,1.93,2928.2,753.2,761.2,764.2,754.2,176.3,177.8,181.3,182.3,4.04,74.9,1.938,-1.7,0.951,0,nominal,0,0.0,194.92,701711.8
288.3,descend_land,32.96440489432703,2558.7875417130144,36.94660734149055,2919.4,755.3,761.2,765.3,755.3,175.4,177.9,182.2,183.0,4.06,74.6,1.859,2928.1,753.1,761.1,764.1,754.1,176.3,177.8,181.3,182.3,4.04,74.9,1.938,-1.6,0.951,0,nominal,0,0.0,194.92,701711.7
288.4,descend_land,32.95328142380423,2555.283648498332,36.92992213570634,2924.9,753.8,763.0,762.5,752.8,176.1,178.4,180.3,181.5,4.07,74.5,1.935,2928.0,753.1,761.1,764.1,754.1,176.2,177.7,181.2,182.2,4.04,74.9,1.938,-1.6,0.951,0,nominal,0,0.0,194.92,701711.6
288.5,descend_land,32.94215795328142,2551.7797552836487,36.913236929922135,2922.0,751.1,761.3,761.8,751.1,176.0,178.9,181.5,182.2,4.02,75.0,1.923,2928.0,753.1,761.1,764.1,754.1,176.2,177.7,181.2,182.2,4.04,74.9,1.938,-1.6,0.952,0,nominal,0,0.0,194.92,701711.5
288.6,descend_land,32.93103448275862,2548.2758620689656,36.89655172413793,2934.4,754.5,761.6,766.4,754.2,175.3,177.7,181.4,182.2,4.02,74.7,1.922,2927.9,753.1,761.1,764.1,754.1,176.1,177.6,181.1,182.1,4.04,74.9,1.938,-1.6,0.952,0,nominal,0,0.0,194.92,701711.4
288.7,descend_land,32.919911012235815,2544.7719688542825,36.87986651835373,2924.4,754.5,760.0,765.8,752.3,175.5,177.9,181.8,181.7,4.02,75.5,1.892,2927.9,753.0,761.0,764.0,754.0,176.1,177.6,181.1,182.1,4.04,74.9,1.938,-1.5,0.953,0,nominal,0,0.0,194.92,701711.3
288.8,descend_land,32.90878754171301,2541.2680756395994,36.86318131256952,2932.5,751.6,760.9,762.3,752.7,175.6,178.0,181.4,182.3,4.05,74.9,1.898,2927.8,753.0,761.0,764.0,754.0,176.1,177.6,181.1,182.1,4.04,74.9,1.938,-1.5,0.953,0,nominal,0,0.0,194.92,701711.2
288.9,descend_land,32.89766407119021,2537.7641824249167,36.84649610678532,2933.9,751.0,763.3,762.8,753.2,175.5,178.0,180.8,181.8,4.05,76.0,1.935,2927.7,753.0,761.0,764.0,754.0,176.0,177.5,181.0,182.0,4.04,74.9,1.938,-1.5,0.953,0,nominal,0,0.0,194.92,701711.1
289.0,descend_land,32.88654060066741,2534.2602892102336,36.82981090100111,2931.5,752.9,759.1,764.4,753.8,175.7,178.6,182.0,182.2,4.04,74.7,1.955,2927.7,752.9,760.9,763.9,753.9,176.0,177.5,181.0,182.0,4.04,74.9,1.938,-1.5,0.954,0,nominal,0,0.0,194.92,701711.0
289.1,descend_land,32.875417130144605,2530.7563959955505,36.81312569521691,2930.1,753.0,759.2,764.4,754.1,176.3,178.1,180.0,181.5,3.99,75.3,2.001,2927.6,752.9,760.9,763.9,753.9,176.0,177.5,181.0,182.0,4.04,74.9,1.938,-1.4,0.954,0,nominal,0,0.0,194.92,701710.9
289.2,descend_land,32.8642936596218,2527.252502780868,36.796440489432705,2914.6,753.2,759.7,762.8,755.1,175.4,176.5,181.8,181.3,4.03,74.4,1.97,2927.5,752.9,760.9,763.9,753.9,175.9,177.4,180.9,181.9,4.04,74.9,1.938,-1.4,0.954,0,nominal,0,0.0,194.92,701710.8
289.3,descend_land,32.853170189098996,2523.7486095661848,36.7797552836485,2929.2,753.5,761.5,764.1,755.6,175.9,177.2,181.4,181.0,4.04,74.8,1.866,2927.5,752.8,760.8,763.8,753.8,175.9,177.4,180.9,181.9,4.04,74.9,1.938,-1.4,0.955,0,nominal,0,0.0,194.92,701710.7
289.4,descend_land,32.8420467185762,2520.2447163515017,36.76307007786429,2928.8,754.1,758.0,766.9,753.3,176.9,178.4,180.7,181.3,4.07,74.9,1.982,2927.4,752.8,760.8,763.8,753.8,175.9,177.4,180.9,181.9,4.04,74.9,1.938,-1.4,0.955,0,nominal,0,0.0,194.92,701710.6
289.5,descend_land,32.830923248053395,2516.7408231368186,36.746384872080085,2931.4,750.8,761.4,765.3,754.0,175.1,177.2,180.8,182.0,4.02,74.3,1.94,2927.4,752.8,760.8,763.8,753.8,175.8,177.3,180.8,181.8,4.04,74.9,1.938,-1.4,0.955,0,nominal,0,0.0,194.92,701710.5
289.6,descend_land,32.81979977753059,2513.236929922136,36.729699666295886,2926.7,756.9,761.7,763.0,755.0,175.9,176.1,181.0,181.2,4.05,75.0,1.956,2927.3,752.8,760.8,763.8,753.8,175.8,177.3,180.8,181.8,4.04,74.9,1.938,-1.3,0.956,0,nominal,0,0.0,194.92,701710.4
289.7,descend_land,32.80867630700779,2509.733036707453,36.71301446051168,2926.4,752.2,760.2,763.0,754.9,175.0,176.6,181.3,181.8,4.05,74.6,1.96,2927.2,752.7,760.7,763.7,753.7,175.8,177.3,180.8,181.8,4.04,74.9,1.938,-1.3,0.956,0,nominal,0,0.0,194.92,701710.3
289.8,descend_land,32.79755283648498,2506.2291434927697,36.69632925472747,2925.6,754.4,758.2,763.6,753.6,175.2,177.5,179.9,181.3,4.09,75.5,1.944,2927.2,752.7,760.7,763.7,753.7,175.7,177.2,180.7,181.7,4.04,74.9,1.938,-1.3,0.956,0,nominal,0,0.0,194.92,701710.2
289.9,descend_land,32.78642936596218,2502.7252502780866,36.679644048943274,2931.2,753.1,761.1,763.8,752.7,174.6,177.4,180.9,181.1,4.01,74.5,1.953,2927.1,752.7,760.7,763.7,753.7,175.7,177.2,180.7,181.7,4.04,74.9,1.938,-1.3,0.957,0,nominal,0,0.0,194.92,701710.1
290.0,descend_land,32.775305895439374,2499.221357063404,36.66295884315907,2928.2,752.0,758.6,763.8,750.0,175.6,176.9,181.6,182.9,4.02,74.6,1.905,2927.1,752.6,760.6,763.6,753.6,175.7,177.2,180.7,181.7,4.04,74.9,1.938,-1.2,0.957,0,nominal,0,0.0,194.92,701710.0
290.1,descend_land,32.76418242491658,2495.717463848721,36.64627363737486,2933.6,752.4,758.7,764.6,752.1,176.1,177.5,180.3,181.8,4.05,75.0,1.969,2927.0,752.6,760.6,763.6,753.6,175.6,177.1,180.6,181.6,4.04,74.9,1.938,-1.2,0.957,0,nominal,0,0.0,194.92,701709.9
290.2,descend_land,32.75305895439377,2492.2135706340378,36.629588431590655,2927.0,751.1,760.9,763.6,753.2,175.8,177.2,180.8,182.3,3.99,75.0,1.953,2926.9,752.6,760.6,763.6,753.6,175.6,177.1,180.6,181.6,4.04,74.9,1.938,-1.2,0.958,0,nominal,0,0.0,194.92,701709.8
290.3,descend_land,32.74193548387097,2488.709677419355,36.61290322580645,2927.9,751.8,760.6,763.4,753.0,175.8,176.9,180.3,181.8,4.01,75.1,1.946,2926.9,752.5,760.5,763.5,753.5,175.6,177.1,180.6,181.6,4.04,74.9,1.938,-1.2,0.958,0,nominal,0,0.0,194.92,701709.7
290.4,descend_land,32.730812013348164,2485.205784204672,36.59621802002225,2932.3,755.6,758.6,760.7,752.1,175.0,177.4,179.8,180.9,4.08,74.2,1.895,2926.8,752.5,760.5,763.5,753.5,175.5,177.0,180.5,181.5,4.04,74.9,1.938,-1.2,0.958,0,nominal,0,0.0,194.92,701709.6
290.5,descend_land,32.71968854282536,2481.701890989989,36.57953281423804,2919.1,752.2,763.5,762.6,750.1,176.2,177.6,180.5,180.9,4.08,74.7,1.979,2926.7,752.5,760.5,763.5,753.5,175.5,177.0,180.5,181.5,4.04,74.9,1.938,-1.1,0.959,0,nominal,0,0.0,194.92,701709.5
290.6,descend_land,32.708565072302555,2478.197997775306,36.562847608453836,2932.1,752.6,757.7,763.8,754.5,175.4,176.9,180.3,180.8,4.08,74.8,1.897,2926.7,752.4,760.4,763.4,753.4,175.5,177.0,180.5,181.5,4.04,74.9,1.938,-1.1,0.959,0,nominal,0,0.0,194.92,701709.4
290.7,descend_land,32.69744160177976,2474.6941045606227,36.54616240266963,2930.1,753.4,760.4,762.2,753.3,176.1,177.8,180.5,180.6,4.04,74.2,1.949,2926.6,752.4,760.4,763.4,753.4,175.4,176.9,180.4,181.4,4.04,74.9,1.938,-1.1,0.959,0,nominal,0,0.0,194.92,701709.3
290.8,descend_land,32.686318131256954,2471.19021134594,36.52947719688543,2931.1,752.3,762.2,764.1,754.5,176.0,177.8,181.1,181.9,4.03,75.0,1.981,2926.5,752.4,760.4,763.4,753.4,175.4,176.9,180.4,181.4,4.04,74.9,1.938,-1.1,0.96,0,nominal,0,0.0,194.92,701709.2
290.9,descend_land,32.67519466073415,2467.686318131257,36.512791991101224,2935.2,751.4,759.5,761.1,755.6,175.0,176.0,179.8,180.6,3.99,75.5,1.892,2926.5,752.4,760.4,763.4,753.4,175.4,176.9,180.4,181.4,4.04,74.9,1.938,-1.0,0.96,0,nominal,0,0.0,194.92,701709.1
291.0,descend_land,32.664071190211345,2464.182424916574,36.49610678531702,2927.9,751.7,760.6,762.1,753.1,174.8,176.5,180.6,180.7,4.0,75.1,1.905,2926.4,752.3,760.3,763.3,753.3,175.4,176.9,180.4,181.4,4.04,74.9,1.938,-1.0,0.96,0,nominal,0,0.0,194.92,701709.0
291.1,descend_land,32.65294771968854,2460.678531701891,36.47942157953281,2940.5,751.5,760.3,765.1,756.0,176.2,176.8,179.8,180.9,4.06,75.5,1.893,2926.4,752.3,760.3,763.3,753.3,175.3,176.8,180.3,181.3,4.04,74.9,1.938,-1.0,0.961,0,nominal,0,0.0,194.92,701708.9
291.2,descend_land,32.64182424916574,2457.174638487208,36.46273637374861,2935.4,751.5,760.6,763.3,755.3,174.3,176.6,180.5,180.9,4.09,73.7,1.921,2926.3,752.3,760.3,763.3,753.3,175.3,176.8,180.3,181.3,4.04,74.9,1.938,-1.0,0.961,0,nominal,0,0.0,194.92,701708.8
291.3,descend_land,32.63070077864294,2453.670745272525,36.446051167964406,2927.3,751.9,759.7,762.9,752.2,174.5,177.7,180.2,181.0,4.08,75.2,1.942,2926.2,752.2,760.2,763.2,753.2,175.3,176.8,180.3,181.3,4.04,74.9,1.938,-0.9,0.961,0,nominal,0,0.0,194.92,701708.7
291.4,descend_land,32.619577308120135,2450.1668520578423,36.4293659621802,2927.4,752.5,759.3,761.6,756.5,175.5,176.9,180.9,181.0,4.08,75.5,1.91,2926.2,752.2,760.2,763.2,753.2,175.2,176.7,180.2,181.2,4.04,74.9,1.938,-0.9,0.962,0,nominal,0,0.0,194.92,701708.6
291.5,descend_land,32.60845383759733,2446.6629588431592,36.41268075639599,2935.5,752.2,759.1,763.3,750.8,174.7,175.8,179.8,181.3,4.02,74.6,1.924,2926.1,752.2,760.2,763.2,753.2,175.2,176.7,180.2,181.2,4.04,74.8,1.937,-0.9,0.962,0,nominal,0,0.0,194.92,701708.5
291.6,descend_land,32.59733036707453,2443.159065628476,36.395995550611794,2929.8,750.5,761.6,763.6,752.5,175.9,176.6,180.3,182.1,4.05,74.3,1.957,2926.0,752.1,760.1,763.1,753.1,175.2,176.7,180.2,181.2,4.04,74.8,1.937,-0.9,0.962,0,nominal,0,0.0,194.92,701708.4
291.7,descend_land,32.58620689655172,2439.655172413793,36.37931034482759,2922.2,751.2,760.0,763.6,755.8,174.3,176.3,181.2,180.2,4.04,74.6,1.96,2926.0,752.1,760.1,763.1,753.1,175.1,176.6,180.1,181.1,4.04,74.8,1.937,-0.9,0.963,0,nominal,0,0.0,194.92,701708.3
291.8,descend_land,32.57508342602892,2436.15127919911,36.36262513904338,2924.6,751.7,762.9,762.9,753.7,175.7,176.9,180.8,180.3,4.07,74.4,1.9,2925.9,752.1,760.1,763.1,753.1,175.1,176.6,180.1,181.1,4.04,74.8,1.937,-0.8,0.963,0,nominal,0,0.0,194.92,701708.2
291.9,descend_land,32.56395995550612,2432.6473859844273,36.345939933259174,2924.1,751.1,761.0,764.1,752.1,176.1,177.6,180.4,181.4,4.02,74.6,1.925,2925.8,752.1,760.1,763.1,753.1,175.1,176.6,180.1,181.1,4.04,74.8,1.937,-0.8,0.963,0,nominal,0,0.0,194.92,701708.1
292.0,descend_land,32.55283648498332,2429.143492769744,36.329254727474975,2920.1,753.2,761.6,762.2,753.1,175.3,176.0,179.8,181.1,4.04,74.8,1.89,2925.8,752.0,760.0,763.0,753.0,175.1,176.6,180.1,181.1,4.04,74.8,1.937,-0.8,0.964,0,nominal,0,0.0,194.92,701708.0
292.1,descend_land,32.54171301446051,2425.639599555061,36.31256952169077,2925.1,752.2,759.7,763.8,753.1,174.9,176.5,179.9,181.0,4.06,74.9,1.945,2925.7,752.0,760.0,763.0,753.0,175.0,176.5,180.0,181.0,4.04,74.8,1.937,-0.8,0.964,0,nominal,0,0.0,194.92,701707.9
292.2,descend_land,32.53058954393771,2422.1357063403784,36.29588431590656,2910.3,752.1,758.0,762.8,752.6,174.8,176.6,179.8,181.4,4.03,74.2,1.951,2925.6,752.0,760.0,763.0,753.0,175.0,176.5,180.0,181.0,4.04,74.8,1.937,-0.7,0.964,0,nominal,0,0.0,194.92,701707.8
292.3,descend_land,32.519466073414904,2418.6318131256953,36.279199110122356,2926.3,752.3,761.0,764.2,753.9,176.5,177.1,179.8,181.1,4.05,74.9,1.959,2925.6,751.9,759.9,762.9,752.9,175.0,176.5,180.0,181.0,4.04,74.8,1.937,-0.7,0.965,0,nominal,0,0.0,194.92,701707.7
292.4,descend_land,32.5083426028921,2415.127919911012,36.26251390433816,2925.4,750.1,759.1,760.9,750.5,174.5,176.5,180.4,180.4,4.0,74.7,1.902,2925.5,751.9,759.9,762.9,752.9,174.9,176.4,179.9,180.9,4.04,74.8,1.937,-0.7,0.965,0,nominal,0,0.0,194.92,701707.6
292.5,descend_land,32.497219132369295,2411.6240266963296,36.24582869855395,2925.8,751.6,760.5,762.1,752.6,175.1,176.8,179.5,181.8,4.04,75.2,1.968,2925.4,751.9,759.9,762.9,752.9,174.9,176.4,179.9,180.9,4.04,74.8,1.937,-0.7,0.965,0,nominal,0,0.0,194.92,701707.5
292.6,descend_land,32.4860956618465,2408.1201334816465,36.229143492769744,2933.7,751.6,759.4,760.9,752.5,174.4,177.1,180.3,181.0,4.02,74.9,1.985,2925.4,751.8,759.8,762.8,752.8,174.9,176.4,179.9,180.9,4.04,74.8,1.937,-0.7,0.966,0,nominal,0,0.0,194.92,701707.4
292.7,descend_land,32.474972191323694,2404.6162402669634,36.21245828698554,2933.2,752.8,758.3,765.7,752.4,174.9,175.6,180.1,180.9,4.02,75.7,1.924,2925.3,751.8,759.8,762.8,752.8,174.9,176.4,179.9,180.9,4.04,74.8,1.937,-0.6,0.966,0,nominal,0,0.0,194.92,701707.3
292.8,descend_land,32.46384872080089,2401.1123470522803,36.19577308120134,2929.6,752.2,762.4,767.4,752.0,173.6,175.4,178.7,180.4,4.03,73.8,1.943,2925.2,751.8,759.8,762.8,752.8,174.8,176.3,179.8,180.8,4.04,74.8,1.937,-0.6,0.967,0,nominal,0,0.0,194.92,701707.2
292.9,descend_land,32.452725250278085,2397.608453837597,36.17908787541713,2919.2,751.3,761.3,763.0,751.3,174.1,176.5,179.7,180.4,4.05,74.2,1.925,2925.2,751.8,759.8,762.8,752.8,174.8,176.3,179.8,180.8,4.04,74.8,1.937,-0.6,0.967,0,nominal,0,0.0,194.92,701707.1
293.0,descend_land,32.44160177975528,2394.1045606229145,36.162402669632925,2914.2,754.1,758.2,763.0,752.0,174.7,175.6,179.4,181.7,4.03,75.5,1.957,2925.1,751.7,759.7,762.7,752.7,174.8,176.3,179.8,180.8,4.04,74.8,1.937,-0.6,0.967,0,nominal,0,0.0,194.92,701707.0
293.1,descend_land,32.430478309232484,2390.6006674082314,36.14571746384872,2923.2,751.8,761.2,759.8,753.5,175.0,177.1,180.3,181.1,4.06,75.0,1.97,2925.0,751.7,759.7,762.7,752.7,174.8,176.3,179.8,180.8,4.04,74.8,1.937,-0.5,0.968,0,nominal,0,0.0,194.92,701706.9
293.2,descend_land,32.41935483870968,2387.0967741935483,36.12903225806451,2923.7,751.1,759.2,761.7,753.0,175.3,177.1,180.5,179.1,4.02,75.0,1.939,2925.0,751.7,759.7,762.7,752.7,174.7,176.2,179.7,180.7,4.04,74.8,1.937,-0.5,0.968,0,nominal,0,0.0,194.92,701706.8
293.3,descend_land,32.408231368186875,2383.5928809788657,36.11234705228031,2925.8,751.7,757.7,762.2,752.1,174.6,176.7,178.5,181.2,4.03,74.2,1.952,2924.9,751.6,759.6,762.6,752.6,174.7,176.2,179.7,180.7,4.04,74.8,1.937,-0.5,0.968,0,nominal,0,0.0,194.92,701706.7
293.4,descend_land,32.39710789766407,2380.0889877641825,36.09566184649611,2924.3,749.3,759.0,762.1,752.1,175.1,176.7,178.6,181.0,4.08,74.4,1.928,2924.8,751.6,759.6,762.6,752.6,174.7,176.2,179.7,180.7,4.04,74.8,1.937,-0.5,0.969,0,nominal,0,0.0,194.92,701706.6
293.5,descend_land,32.38598442714127,2376.5850945494994,36.0789766407119,2928.7,751.4,760.0,762.1,753.4,174.2,176.3,180.0,181.6,4.03,74.5,1.948,2924.8,751.6,759.6,762.6,752.6,174.7,176.2,179.7,180.7,4.04,74.8,1.937,-0.4,0.969,0,nominal,0,0.0,194.92,701706.5
293.6,descend_land,32.37486095661846,2373.081201334817,36.0622914349277,2922.9,751.5,758.8,762.4,751.0,174.6,176.7,180.4,181.8,4.06,74.4,1.932,2924.7,751.5,759.5,762.5,752.5,174.6,176.1,179.6,180.6,4.04,74.8,1.937,-0.4,0.969,0,nominal,0,0.0,194.92,701706.4
293.7,descend_land,32.36373748609566,2369.5773081201337,36.045606229143495,2929.7,750.7,758.2,761.3,753.6,174.5,175.9,180.3,179.9,4.04,74.6,1.886,2924.6,751.5,759.5,762.5,752.5,174.6,176.1,179.6,180.6,4.04,74.8,1.937,-0.4,0.97,0,nominal,0,0.0,194.92,701706.3
293.8,descend_land,32.35261401557286,2366.0734149054506,36.02892102335929,2929.0,750.1,757.9,763.3,751.6,175.4,176.4,180.0,180.7,4.04,74.6,1.949,2924.6,751.5,759.5,762.5,752.5,174.6,176.1,179.6,180.6,4.04,74.8,1.937,-0.4,0.97,0,nominal,0,0.0,194.92,701706.2
293.9,descend_land,32.34149054505006,2362.5695216907675,36.01223581757508,2920.3,751.2,758.6,765.1,753.2,174.3,175.5,179.3,181.6,4.03,75.7,1.941,2924.5,751.5,759.5,762.5,752.5,174.6,176.1,179.6,180.6,4.04,74.8,1.937,-0.4,0.97,0,nominal,0,0.0,194.92,701706.1
294.0,descend_land,32.33036707452725,2359.0656284760844,35.995550611790875,2918.5,751.1,759.6,761.1,751.5,174.0,175.3,179.6,180.4,4.02,74.7,1.881,2924.4,751.4,759.4,762.4,752.4,174.5,176.0,179.5,180.5,4.04,74.8,1.937,-0.3,0.971,0,nominal,0,0.0,194.92,701706.0
294.1,descend_land,32.31924360400445,2355.5617352614017,35.978865406006676,2932.6,752.1,759.6,760.6,753.3,173.8,176.3,180.2,180.4,4.03,74.4,1.971,2924.3,751.4,759.4,762.4,752.4,174.5,176.0,179.5,180.5,4.04,74.8,1.937,-0.3,0.971,0,nominal,0,0.0,194.92,701705.9
294.2,descend_land,32.308120133481644,2352.0578420467186,35.96218020022247,2918.9,752.7,760.5,763.8,754.1,173.6,175.8,179.9,180.4,4.06,75.1,1.879,2924.3,751.4,759.4,762.4,752.4,174.5,176.0,179.5,180.5,4.04,74.8,1.937,-0.3,0.971,0,nominal,0,0.0,194.92,701705.8
294.3,descend_land,32.29699666295884,2348.5539488320355,35.94549499443826,2930.7,753.2,758.2,760.7,751.7,173.3,176.8,179.1,179.9,4.05,74.6,1.937,2924.2,751.3,759.3,762.3,752.3,174.5,176.0,179.5,180.5,4.04,74.8,1.937,-0.3,0.972,0,nominal,0,0.0,194.92,701705.7
294.4,descend_land,32.28587319243604,2345.050055617353,35.928809788654064,2925.0,752.4,761.5,761.8,749.6,174.1,176.0,178.7,180.7,4.06,75.1,1.91,2924.1,751.3,759.3,762.3,752.3,174.4,175.9,179.4,180.4,4.04,74.8,1.937,-0.2,0.972,0,nominal,0,0.0,194.92,701705.6
294.5,descend_land,32.27474972191324,2341.54616240267,35.91212458286986,2929.1,750.7,757.8,763.5,752.8,175.2,176.2,179.7,181.1,4.03,74.7,1.901,2924.1,751.3,759.3,762.3,752.3,174.4,175.9,179.4,180.4,4.04,74.8,1.937,-0.2,0.972,0,nominal,0,0.0,194.92,701705.5
294.6,descend_land,32.263626251390434,2338.0422691879867,35.89543937708565,2927.4,750.8,759.8,762.8,750.7,173.4,175.6,179.1,181.4,4.07,74.7,1.953,2924.0,751.2,759.2,762.2,752.2,174.4,175.9,179.4,180.4,4.04,74.8,1.937,-0.2,0.973,0,nominal,0,0.0,194.92,701705.4
294.7,descend_land,32.25250278086763,2334.5383759733036,35.878754171301445,2927.2,751.1,759.9,759.9,751.4,174.6,175.1,178.9,180.3,4.08,74.2,1.935,2923.9,751.2,759.2,762.2,752.2,174.4,175.9,179.4,180.4,4.04,74.8,1.937,-0.2,0.973,0,nominal,0,0.0,194.92,701705.3
294.8,descend_land,32.241379310344826,2331.0344827586205,35.86206896551724,2932.2,751.5,760.2,761.1,749.4,174.3,174.9,179.8,179.4,4.01,74.3,1.867,2923.9,751.2,759.2,762.2,752.2,174.3,175.8,179.3,180.3,4.04,74.8,1.937,-0.2,0.973,0,nominal,0,0.0,194.92,701705.2
294.9,descend_land,32.23025583982202,2327.530589543938,35.84538375973304,2915.2,751.3,759.5,762.6,751.6,175.0,175.8,179.0,180.2,4.03,74.7,1.94,2923.8,751.2,759.2,762.2,752.2,174.3,175.8,179.3,180.3,4.04,74.8,1.937,-0.1,0.974,0,nominal,0,0.0,194.92,701705.1
295.0,descend_land,32.219132369299224,2324.0266963292547,35.82869855394883,2933.7,749.5,759.6,764.8,749.7,173.4,176.6,179.2,180.1,4.08,74.7,1.928,2923.7,751.1,759.1,762.1,752.1,174.3,175.8,179.3,180.3,4.04,74.8,1.937,-0.1,0.974,0,nominal,0,0.0,194.92,701705.0
295.1,descend_land,32.20800889877642,2320.5228031145716,35.812013348164626,2923.7,752.2,760.7,762.0,751.6,173.8,177.4,179.8,180.9,4.0,75.2,1.943,2923.6,751.1,759.1,762.1,752.1,174.3,175.8,179.3,180.3,4.04,74.8,1.937,-0.1,0.974,0,nominal,0,0.0,194.92,701704.9
295.2,descend_land,32.196885428253616,2317.018909899889,35.79532814238042,2925.5,750.5,759.6,760.2,753.1,174.6,175.3,180.3,180.3,4.05,75.4,1.946,2923.6,751.1,759.1,762.1,752.1,174.2,175.7,179.2,180.2,4.04,74.8,1.937,-0.1,0.975,0,nominal,0,0.0,194.92,701704.8
295.3,descend_land,32.18576195773081,2313.515016685206,35.77864293659622,2928.6,750.4,761.2,764.3,752.0,174.9,175.6,180.5,180.3,4.0,75.4,1.938,2923.5,751.0,759.0,762.0,752.0,174.2,175.7,179.2,180.2,4.04,74.8,1.937,-0.0,0.975,0,nominal,0,0.0,194.92,701704.7
295.4,descend_land,32.17463848720801,2310.0111234705228,35.761957730812014,2936.5,751.4,759.3,760.2,750.7,175.1,176.3,179.8,180.3,4.04,75.4,1.948,2923.4,751.0,759.0,762.0,752.0,174.2,175.7,179.2,180.2,4.04,74.8,1.937,-0.0,0.975,0,nominal,0,0.0,194.92,701704.6
295.5,descend_land,32.1635150166852,2306.50723025584,35.74527252502781,2927.3,751.9,761.3,762.6,754.0,174.1,175.9,179.2,180.2,4.02,74.9,1.957,2923.4,751.0,759.0,762.0,752.0,174.2,175.7,179.2,180.2,4.04,74.8,1.937,0.0,0.976,0,nominal,0,0.0,194.92,701704.5
295.6,descend_land,32.152391546162406,2303.003337041157,35.7285873192436,2919.9,750.1,757.5,762.4,751.1,173.2,175.1,179.2,180.5,3.99,75.5,1.999,2923.3,750.9,758.9,761.9,751.9,174.1,175.6,179.1,180.1,4.04,74.8,1.936,0.0,0.976,0,nominal,0,0.0,194.92,701704.4
295.7,descend_land,32.1412680756396,2299.499443826474,35.7119021134594,2923.4,750.0,759.7,760.7,752.3,174.2,176.3,178.3,180.2,4.03,75.4,1.886,2923.2,750.9,758.9,761.9,751.9,174.1,175.6,179.1,180.1,4.04,74.8,1.936,0.1,0.977,0,nominal,0,0.0,194.92,701704.3
295.8,descend_land,32.1301446051168,2295.995550611791,35.695216907675196,2925.2,751.9,757.2,759.9,752.5,174.4,175.1,178.5,180.4,4.02,74.5,1.902,2923.1,750.9,758.9,761.9,751.9,174.1,175.6,179.1,180.1,4.04,74.8,1.936,0.1,0.977,0,nominal,0,0.0,194.92,701704.2
295.9,descend_land,32.11902113459399,2292.4916573971077,35.67853170189099,2919.3,751.2,758.1,762.8,749.6,172.9,176.7,179.1,181.2,3.99,74.9,1.964,2923.1,750.8,758.8,761.8,751.8,174.1,175.6,179.1,180.1,4.04,74.8,1.936,0.1,0.977,0,nominal,0,0.0,194.92,701704.1
296.0,descend_land,32.10789766407119,2288.987764182425,35.66184649610678,2922.9,748.1,757.5,761.1,752.4,173.9,175.5,179.3,180.3,4.05,75.3,1.936,2923.0,750.8,758.8,761.8,751.8,174.1,175.6,179.1,180.1,4.04,74.8,1.936,0.1,0.978,0,nominal,0,0.0,194.92,701704.0
296.1,descend_land,32.096774193548384,2285.483870967742,35.645161290322584,2922.3,750.8,756.3,760.9,750.4,174.0,175.9,177.9,179.1,3.98,75.2,1.938,2922.9,750.8,758.8,761.8,751.8,174.0,175.5,179.0,180.0,4.04,74.8,1.936,0.1,0.978,0,nominal,0,0.0,194.92,701703.9
296.2,descend_land,32.08565072302559,2281.979977753059,35.62847608453838,2934.6,752.0,758.4,761.6,751.5,173.3,177.1,178.7,180.5,4.07,75.5,1.967,2922.9,750.8,758.8,761.8,751.8,174.0,175.5,179.0,180.0,4.04,74.8,1.936,0.2,0.978,0,nominal,0,0.0,194.92,701703.8
296.3,descend_land,32.07452725250278,2278.476084538376,35.61179087875417,2929.2,752.6,757.8,762.3,751.3,174.3,175.2,179.8,180.8,4.04,75.2,1.979,2922.8,750.7,758.7,761.7,751.7,174.0,175.5,179.0,180.0,4.04,74.8,1.936,0.2,0.979,0,nominal,0,0.0,194.92,701703.7
296.4,descend_land,32.06340378197998,2274.972191323693,35.595105672969964,2922.1,750.8,758.1,764.7,750.4,174.9,174.7,179.6,179.5,4.03,74.5,1.922,2922.7,750.7,758.7,761.7,751.7,174.0,175.5,179.0,180.0,4.04,74.8,1.936,0.2,0.979,0,nominal,0,0.0,194.92,701703.6
296.5,descend_land,32.052280311457174,2271.46829810901,35.578420467185765,2924.6,747.5,756.0,762.5,750.5,174.1,175.6,180.1,180.3,4.04,74.0,1.934,2922.6,750.7,758.7,761.7,751.7,173.9,175.4,178.9,179.9,4.04,74.8,1.936,0.2,0.979,0,nominal,0,0.0,194.92,701703.5
296.6,descend_land,32.04115684093437,2267.9644048943273,35.56173526140156,2929.9,750.0,760.5,761.3,751.1,174.3,175.3,179.7,179.3,4.01,74.9,1.943,2922.6,750.6,758.6,761.6,751.6,173.9,175.4,178.9,179.9,4.04,74.8,1.936,0.3,0.98,0,nominal,0,0.0,194.92,701703.4
296.7,descend_land,32.030033370411566,2264.4605116796442,35.54505005561735,2923.0,748.7,758.1,764.8,752.4,174.5,175.3,178.8,179.2,4.09,74.9,1.904,2922.5,750.6,758.6,761.6,751.6,173.9,175.4,178.9,179.9,4.04,74.8,1.936,0.3,0.98,0,nominal,0,0.0,194.92,701703.3
296.8,descend_land,32.01890989988877,2260.956618464961,35.528364849833146,2919.4,750.4,759.4,762.0,753.8,174.5,175.9,178.5,180.2,4.06,74.2,1.939,2922.4,750.6,758.6,761.6,751.6,173.9,175.4,178.9,179.9,4.04,74.9,1.936,0.3,0.98,0,nominal,0,0.0,194.92,701703.2
296.9,descend_land,32.007786429365964,2257.452725250278,35.51167964404894,2918.2,751.5,759.8,762.1,753.1,173.5,175.6,179.1,179.9,4.05,74.2,1.937,2922.3,750.5,758.5,761.5,751.5,173.9,175.4,178.9,179.9,4.04,74.9,1.936,0.3,0.981,0,nominal,0,0.0,194.92,701703.1
297.0,descend_land,31.99666295884316,2253.948832035595,35.49499443826474,2915.8,749.8,757.8,763.2,750.3,174.5,174.9,179.1,180.1,4.02,75.1,1.9,2922.3,750.5,758.5,761.5,751.5,173.8,175.3,178.8,179.8,4.04,74.9,1.936,0.3,0.981,0,nominal,0,0.0,194.92,701703.0
297.1,descend_land,31.985539488320356,2250.4449388209123,35.478309232480534,2918.9,749.8,759.5,760.8,751.8,174.2,175.4,178.5,179.9,4.07,73.8,1.969,2922.2,750.5,758.5,761.5,751.5,173.8,175.3,178.8,179.8,4.04,74.9,1.936,0.4,0.981,0,nominal,0,0.0,194.92,701702.9
297.2,descend_land,31.97441601779755,2246.941045606229,35.46162402669633,2918.5,748.7,760.1,761.1,752.4,174.3,175.8,177.5,180.5,4.08,74.7,1.99,2922.1,750.5,758.5,761.5,751.5,173.8,175.3,178.8,179.8,4.04,74.9,1.936,0.4,0.982,0,nominal,0,0.0,194.92,701702.8
297.3,descend_land,31.96329254727475,2243.437152391546,35.44493882091213,2919.6,750.8,760.1,761.6,750.9,174.0,175.4,179.9,179.9,4.05,74.6,1.901,2922.0,750.4,758.4,761.4,751.4,173.8,175.3,178.8,179.8,4.04,74.9,1.936,0.4,0.982,0,nominal,0,0.0,194.92,701702.7
297.4,descend_land,31.952169076751947,2239.9332591768634,35.42825361512792,2923.7,749.7,760.7,760.1,751.0,173.2,175.5,177.9,180.0,4.07,75.4,1.936,2922.0,750.4,758.4,761.4,751.4,173.8,175.3,178.8,179.8,4.04,74.9,1.936,0.4,0.982,0,nominal,0,0.0,194.92,701702.6
297.5,descend_land,31.941045606229142,2236.4293659621803,35.411568409343715,2921.7,750.2,760.0,760.8,752.2,173.7,175.8,178.5,179.7,4.05,75.3,1.943,2921.9,750.4,758.4,761.4,751.4,173.7,175.2,178.7,179.7,4.04,74.9,1.936,0.5,0.983,0,nominal,0,0.0,194.92,701702.5
297.6,descend_land,31.92992213570634,2232.925472747497,35.39488320355951,2915.8,750.2,758.6,763.1,750.9,174.4,175.2,178.6,180.9,4.07,74.9,1.922,2921.8,750.3,758.3,761.3,751.3,173.7,175.2,178.7,179.7,4.04,74.9,1.936,0.5,0.983,0,nominal,0,0.0,194.92,701702.4
297.7,descend_land,31.918798665183537,2229.4215795328146,35.3781979977753,2921.7,750.1,758.9,762.1,752.9,174.3,175.1,178.7,180.0,4.02,74.7,1.9,2921.7,750.3,758.3,761.3,751.3,173.7,175.2,178.7,179.7,4.04,74.9,1.936,0.5,0.983,0,nominal,0,0.0,194.92,701702.3
297.8,descend_land,31.907675194660733,2225.9176863181315,35.3615127919911,2919.3,748.8,756.1,760.8,750.6,173.9,175.4,177.5,180.4,4.05,75.3,1.912,2921.7,750.3,758.3,761.3,751.3,173.7,175.2,178.7,179.7,4.04,74.9,1.936,0.5,0.984,0,nominal,0,0.0,194.92,701702.2
297.9,descend_land,31.896551724137932,2222.4137931034484,35.3448275862069,2917.6,750.9,757.5,762.1,752.7,173.8,175.7,179.2,179.1,4.02,74.3,1.992,2921.6,750.2,758.2,761.2,751.2,173.7,175.2,178.7,179.7,4.04,74.9,1.936,0.6,0.984,0,nominal,0,0.0,194.92,701702.1
298.0,descend_land,31.885428253615128,2218.9098998887653,35.32814238042269,2930.3,748.2,757.1,762.7,750.8,173.3,175.3,178.5,178.8,4.01,75.3,1.969,2921.5,750.2,758.2,761.2,751.2,173.6,175.1,178.6,179.6,4.04,74.9,1.936,0.6,0.985,0,nominal,0,0.0,194.92,701702.0
298.1,descend_land,31.874304783092324,2215.406006674082,35.31145717463849,2913.4,752.8,756.7,760.5,751.5,173.3,175.1,178.7,179.7,4.04,74.6,1.892,2921.4,750.2,758.2,761.2,751.2,173.6,175.1,178.6,179.6,4.04,74.9,1.936,0.6,0.985,0,nominal,0,0.0,194.92,701701.9
298.2,descend_land,31.863181312569523,2211.9021134593995,35.294771968854285,2916.9,749.6,755.7,761.4,751.4,174.1,175.4,178.7,180.4,4.03,75.4,1.947,2921.4,750.1,758.1,761.1,751.1,173.6,175.1,178.6,179.6,4.04,74.9,1.936,0.6,0.985,0,nominal,0,0.0,194.92,701701.8
298.3,descend_land,31.85205784204672,2208.3982202447164,35.27808676307008,2915.2,748.2,757.1,760.9,752.7,173.7,175.7,179.0,179.7,4.01,75.0,1.91,2921.3,750.1,758.1,761.1,751.1,173.6,175.1,178.6,179.6,4.04,74.9,1.936,0.6,0.986,0,nominal,0,0.0,194.92,701701.7
298.4,descend_land,31.840934371523915,2204.8943270300333,35.26140155728587,2919.1,750.9,757.6,761.5,748.7,173.8,176.7,179.5,179.8,4.06,74.4,1.918,2921.2,750.1,758.1,761.1,751.1,173.6,175.1,178.6,179.6,4.04,74.9,1.936,0.7,0.986,0,nominal,0,0.0,194.92,701701.6
298.5,descend_land,31.82981090100111,2201.3904338153507,35.244716351501665,2921.7,749.8,757.6,761.3,751.2,174.2,174.9,179.1,179.8,4.02,74.4,1.999,2921.1,750.1,758.1,761.1,751.1,173.5,175.0,178.5,179.5,4.04,74.9,1.936,0.7,0.986,0,nominal,0,0.0,194.92,701701.5
298.6,descend_land,31.81868743047831,2197.8865406006676,35.228031145717466,2919.2,750.6,758.6,757.5,750.2,173.8,174.4,177.9,179.2,4.07,74.6,1.934,2921.1,750.0,758.0,761.0,751.0,173.5,175.0,178.5,179.5,4.04,74.9,1.936,0.7,0.987,0,nominal,0,0.0,194.92,701701.4
298.7,descend_land,31.807563959955505,2194.3826473859845,35.21134593993326,2912.4,750.1,758.4,759.8,750.6,173.3,174.1,178.7,178.8,4.03,75.1,1.94,2921.0,750.0,758.0,761.0,751.0,173.5,175.0,178.5,179.5,4.04,74.9,1.936,0.7,0.987,0,nominal,0,0.0,194.92,701701.3
298.8,descend_land,31.796440489432705,2190.8787541713014,35.19466073414905,2917.4,749.4,758.1,761.9,749.9,173.1,176.1,178.9,181.3,4.03,74.7,1.928,2920.9,750.0,758.0,761.0,751.0,173.5,175.0,178.5,179.5,4.04,74.9,1.936,0.8,0.987,0,nominal,0,0.0,194.92,701701.2
298.9,descend_land,31.7853170189099,2187.3748609566182,35.17797552836485,2921.3,746.9,760.0,760.2,752.5,173.4,176.3,179.2,179.9,4.06,74.6,1.949,2920.8,749.9,757.9,760.9,750.9,173.5,175.0,178.5,179.5,4.04,74.9,1.935,0.8,0.988,0,nominal,0,0.0,194.92,701701.1
299.0,descend_land,31.774193548387096,2183.8709677419356,35.16129032258065,2927.7,748.9,757.2,761.9,749.4,173.0,175.5,179.0,178.8,4.04,74.8,1.898,2920.8,749.9,757.9,760.9,750.9,173.5,175.0,178.5,179.5,4.04,74.9,1.935,0.8,0.988,0,nominal,0,0.0,194.92,701701.0
299.1,descend_land,31.763070077864292,2180.3670745272525,35.14460511679644,2911.6,749.1,759.2,760.9,749.5,172.1,174.9,178.2,179.8,4.05,74.8,1.929,2920.7,749.9,757.9,760.9,750.9,173.4,174.9,178.4,179.4,4.04,74.9,1.935,0.8,0.988,0,nominal,0,0.0,194.92,701700.9
299.2,descend_land,31.75194660734149,2176.8631813125694,35.127919911012235,2917.9,750.5,757.2,761.0,751.1,173.2,174.3,177.5,179.3,4.02,74.4,1.942,2920.6,749.8,757.8,760.8,750.8,173.4,174.9,178.4,179.4,4.04,74.9,1.935,0.9,0.989,0,nominal,0,0.0,194.92,701700.8
299.3,descend_land,31.740823136818687,2173.3592880978867,35.11123470522803,2924.7,750.5,758.0,762.6,750.4,174.1,174.7,178.2,180.0,4.05,74.6,1.943,2920.5,749.8,757.8,760.8,750.8,173.4,174.9,178.4,179.4,4.04,74.9,1.935,0.9,0.989,0,nominal,0,0.0,194.92,701700.7
299.4,descend_land,31.729699666295886,2169.8553948832036,35.09454949944383,2926.3,749.8,755.7,760.5,752.8,173.3,175.3,179.0,179.2,4.04,75.0,1.926,2920.4,749.8,757.8,760.8,750.8,173.4,174.9,178.4,179.4,4.04,74.9,1.935,0.9,0.989,0,nominal,0,0.0,194.92,701700.6
299.5,descend_land,31.718576195773082,2166.3515016685205,35.07786429365962,2930.3,749.2,757.7,758.7,751.7,172.9,174.5,177.8,179.3,4.07,74.9,2.008,2920.4,749.8,757.8,760.8,750.8,173.4,174.9,178.4,179.4,4.04,74.9,1.935,0.9,0.99,0,nominal,0,0.0,194.92,701700.5
299.6,descend_land,31.707452725250278,2162.847608453838,35.061179087875416,2916.3,750.8,757.6,760.6,751.3,173.0,174.2,178.4,179.0,4.08,74.9,1.93,2920.3,749.7,757.7,760.7,750.7,173.3,174.8,178.3,179.3,4.04,74.9,1.935,0.9,0.99,0,nominal,0,0.0,194.92,701700.4
299.7,descend_land,31.696329254727473,2159.343715239155,35.04449388209121,2914.4,750.3,757.4,759.2,751.2,173.4,175.1,178.2,180.1,4.03,74.9,1.969,2920.2,749.7,757.7,760.7,750.7,173.3,174.8,178.3,179.3,4.04,74.9,1.935,1.0,0.99,0,nominal,0,0.0,194.92,701700.3
299.8,descend_land,31.685205784204673,2155.8398220244717,35.02780867630701,2920.1,749.6,759.0,760.6,751.2,173.5,176.4,178.4,177.8,4.02,74.8,1.92,2920.1,749.7,757.7,760.7,750.7,173.3,174.8,178.3,179.3,4.04,74.9,1.935,1.0,0.991,0,nominal,0,0.0,194.92,701700.2
299.9,descend_land,31.67408231368187,2152.335928809789,35.011123470522804,2920.8,750.0,757.6,759.2,752.3,173.8,175.3,178.9,178.8,4.0,74.9,1.937,2920.1,749.6,757.6,760.6,750.6,173.3,174.8,178.3,179.3,4.04,74.9,1.935,1.0,0.991,0,nominal,0,0.0,194.92,701700.1
300.0,descend_land,31.662958843159064,2148.8320355951055,34.9944382647386,2921.4,750.0,756.7,762.2,750.2,173.7,174.1,178.3,180.0,4.03,75.7,1.965,2920.0,749.6,757.6,760.6,750.6,173.3,174.8,178.3,179.3,4.04,74.9,1.935,1.0,0.992,0,nominal,0,0.0,194.92,701700.0
300.1,descend_land,31.651835372636263,2145.328142380423,34.97775305895439,2928.7,750.8,758.2,759.9,749.8,172.6,174.7,178.1,179.5,4.05,75.4,1.961,2919.9,749.6,757.6,760.6,750.6,173.3,174.8,178.3,179.3,4.04,74.9,1.935,1.1,0.992,0,nominal,0,0.0,194.92,701699.9
300.2,descend_land,31.64071190211346,2141.8242491657397,34.96106785317019,2916.8,749.0,758.0,761.0,749.0,172.6,174.7,177.7,179.2,4.05,75.3,1.94,2919.8,749.5,757.5,760.5,750.5,173.2,174.7,178.2,179.2,4.04,74.9,1.935,1.1,0.992,0,nominal,0,0.0,194.92,701699.8
300.3,descend_land,31.629588431590655,2138.3203559510566,34.944382647385986,2919.1,747.2,756.9,760.5,751.7,172.6,174.3,178.6,179.2,4.03,74.7,1.928,2919.7,749.5,757.5,760.5,750.5,173.2,174.7,178.2,179.2,4.04,74.9,1.935,1.1,0.993,0,nominal,0,0.0,194.92,701699.7
300.4,descend_land,31.618464961067854,2134.816462736374,34.92769744160178,2916.7,747.8,759.4,762.3,751.1,173.1,174.2,177.7,179.3,4.07,75.0,1.906,2919.7,749.5,757.5,760.5,750.5,173.2,174.7,178.2,179.2,4.04,74.9,1.935,1.1,0.993,0,nominal,0,0.0,194.92,701699.6
300.5,descend_land,31.60734149054505,2131.312569521691,34.91101223581757,2908.6,749.8,757.8,763.4,749.3,172.9,174.3,178.2,178.8,4.05,75.4,1.916,2919.6,749.5,757.5,760.5,750.5,173.2,174.7,178.2,179.2,4.04,75.0,1.935,1.1,0.993,0,nominal,0,0.0,194.92,701699.5
300.6,descend_land,31.596218020022246,2127.8086763070078,34.89432703003337,2923.0,746.3,758.9,760.9,748.7,173.4,174.2,177.4,179.0,4.04,75.0,1.921,2919.5,749.4,757.4,760.4,750.4,173.2,174.7,178.2,179.2,4.04,75.0,1.935,1.2,0.994,0,nominal,0,0.0,194.92,701699.4
300.7,descend_land,31.585094549499445,2124.304783092325,34.87764182424917,2914.6,748.7,757.4,761.6,752.3,172.5,175.0,179.2,179.1,4.03,74.4,1.946,2919.4,749.4,757.4,760.4,750.4,173.2,174.7,178.2,179.2,4.04,75.0,1.935,1.2,0.994,0,nominal,0,0.0,194.92,701699.3
300.8,descend_land,31.57397107897664,2120.8008898776416,34.86095661846496,2928.0,749.9,757.6,758.9,750.7,172.0,175.6,177.3,179.1,4.08,74.8,1.903,2919.3,749.4,757.4,760.4,750.4,173.1,174.6,178.1,179.1,4.04,75.0,1.935,1.2,0.994,0,nominal,0,0.0,194.92,701699.2
300.9,descend_land,31.562847608453836,2117.296996662959,34.844271412680754,2917.3,748.7,758.2,762.6,752.3,173.5,175.2,178.2,179.6,4.04,74.5,1.93,2919.3,749.3,757.3,760.3,750.3,173.1,174.6,178.1,179.1,4.04,75.0,1.935,1.2,0.995,0,nominal,0,0.0,194.92,701699.1
301.0,descend_land,31.551724137931036,2113.7931034482763,34.827586206896555,2911.6,749.0,756.4,762.3,748.8,173.4,174.7,178.3,178.9,4.0,75.5,1.925,2919.2,749.3,757.3,760.3,750.3,173.1,174.6,178.1,179.1,4.04,75.0,1.935,1.3,0.995,0,nominal,0,0.0,194.92,701699.0
301.1,descend_land,31.54060066740823,2110.2892102335927,34.81090100111235,2918.1,747.3,758.1,760.2,747.8,173.0,174.0,177.5,179.2,4.04,74.4,1.953,2919.1,749.3,757.3,760.3,750.3,173.1,174.6,178.1,179.1,4.04,75.0,1.935,1.3,0.995,0,nominal,0,0.0,194.92,701698.9
301.2,descend_land,31.529477196885427,2106.78531701891,34.79421579532814,2917.0,749.3,755.9,761.9,751.5,173.2,174.6,178.8,179.1,4.03,74.9,1.915,2919.0,749.2,757.2,760.2,750.2,173.1,174.6,178.1,179.1,4.04,75.0,1.935,1.3,0.996,0,nominal,0,0.0,194.92,701698.8
301.3,descend_land,31.518353726362626,2103.281423804227,34.777530589543936,2927.7,748.0,758.2,759.5,750.0,173.3,174.7,177.1,178.8,4.04,74.7,1.89,2918.9,749.2,757.2,760.2,750.2,173.1,174.6,178.1,179.1,4.04,75.0,1.935,1.3,0.996,0,nominal,0,0.0,194.92,701698.7
301.4,descend_land,31.507230255839822,2099.777530589544,34.76084538375973,2916.9,749.3,758.3,757.7,750.0,172.9,174.9,177.4,179.8,4.02,74.1,1.922,2918.9,749.2,757.2,760.2,750.2,173.0,174.5,178.0,179.0,4.04,75.0,1.935,1.4,0.996,0,nominal,0,0.0,194.92,701698.6
301.5,descend_land,31.496106785317018,2096.273637374861,34.74416017797553,2921.1,749.3,758.2,760.2,749.0,172.7,174.4,178.4,180.0,4.02,74.4,1.935,2918.8,749.1,757.1,760.1,750.1,173.0,174.5,178.0,179.0,4.04,75.0,1.935,1.4,0.997,0,nominal,0,0.0,194.92,701698.5
301.6,descend_land,31.484983314794217,2092.769744160178,34.727474972191324,2914.3,747.6,757.6,761.9,749.6,173.0,173.3,178.7,180.0,4.05,74.3,1.925,2918.7,749.1,757.1,760.1,750.1,173.0,174.5,178.0,179.0,4.04,75.0,1.934,1.4,0.997,0,nominal,0,0.0,194.92,701698.4
301.7,descend_land,31.473859844271413,2089.265850945495,34.71078976640712,2917.8,750.5,756.8,759.4,751.6,172.6,175.7,178.5,178.2,4.07,74.0,1.957,2918.6,749.1,757.1,760.1,750.1,173.0,174.5,178.0,179.0,4.04,75.0,1.934,1.4,0.997,0,nominal,0,0.0,194.92,701698.3
301.8,descend_land,31.46273637374861,2085.7619577308124,34.69410456062292,2920.2,747.7,755.9,757.5,749.0,173.3,173.4,177.5,178.8,3.99,74.9,1.949,2918.5,749.1,757.1,760.1,750.1,173.0,174.5,178.0,179.0,4.04,75.0,1.934,1.4,0.998,0,nominal,0,0.0,194.92,701698.2
301.9,descend_land,31.451612903225808,2082.258064516129,34.67741935483871,2919.2,750.7,758.4,760.2,749.1,172.9,175.1,178.5,179.9,4.06,75.0,1.896,2918.4,749.0,757.0,760.0,750.0,173.0,174.5,178.0,179.0,4.04,75.0,1.934,1.5,0.998,0,nominal,0,0.0,194.92,701698.1
302.0,descend_land,31.440489432703004,2078.754171301446,34.660734149054505,2919.2,750.2,757.7,759.9,750.0,171.8,174.1,177.1,179.5,4.06,75.6,1.942,2918.4,749.0,757.0,760.0,750.0,172.9,174.4,177.9,178.9,4.04,75.0,1.934,1.5,0.999,0,nominal,0,0.0,194.92,701698.0
302.1,descend_land,31.4293659621802,2075.250278086763,34.6440489432703,2926.1,748.5,756.0,761.5,751.3,173.0,174.4,178.5,179.5,4.04,74.3,1.951,2918.3,749.0,757.0,760.0,750.0,172.9,174.4,177.9,178.9,4.04,75.0,1.934,1.5,0.999,0,nominal,0,0.0,194.92,701697.9
302.2,descend_land,31.418242491657395,2071.74638487208,34.62736373748609,2910.7,748.1,756.1,757.7,750.8,173.0,175.4,178.8,179.2,4.05,74.7,1.924,2918.2,748.9,756.9,759.9,749.9,172.9,174.4,177.9,178.9,4.04,75.0,1.934,1.5,0.999,0,nominal,0,0.0,194.92,701697.8
302.3,descend_land,31.407119021134594,2068.2424916573973,34.61067853170189,2923.2,747.9,755.8,759.8,750.6,172.2,173.9,178.6,178.9,4.04,75.8,1.95,2918.1,748.9,756.9,759.9,749.9,172.9,174.4,177.9,178.9,4.04,75.0,1.934,1.6,1.0,0,nominal,0,0.0,194.92,701697.7
302.4,descend_land,31.39599555061179,2064.738598442714,34.59399332591769,2904.6,749.2,755.2,757.2,750.4,173.3,174.5,178.1,178.2,4.07,76.0,1.955,2918.0,748.9,756.9,759.9,749.9,172.9,174.4,177.9,178.9,4.04,75.0,1.934,1.6,1.0,0,nominal,0,0.0,194.92,701697.6
302.5,descend_land,31.38487208008899,2061.234705228031,34.57730812013348,2917.2,747.2,757.8,761.0,750.8,173.5,175.2,177.5,179.7,4.03,75.3,1.93,2918.0,748.8,756.8,759.8,749.8,172.9,174.4,177.9,178.9,4.04,75.0,1.934,1.6,1.0,0,nominal,0,0.0,194.92,701697.5
302.6,descend_land,31.373748609566185,2057.7308120133484,34.560622914349274,2929.7,749.5,757.7,760.8,750.7,173.6,174.2,176.8,179.3,3.99,74.5,1.973,2917.9,748.8,756.8,759.8,749.8,172.8,174.3,177.8,178.8,4.04,75.0,1.934,1.6,1.001,0,nominal,0,0.0,194.92,701697.4
302.7,descend_land,31.36262513904338,2054.2269187986653,34.543937708565075,2908.9,749.3,755.8,759.5,750.8,171.8,174.9,177.1,179.9,4.05,74.8,1.912,2917.8,748.8,756.8,759.8,749.8,172.8,174.3,177.8,178.8,4.03,75.0,1.934,1.6,1.001,0,nominal,0,0.0,194.92,701697.3
302.8,descend_land,31.351501668520577,2050.7230255839822,34.52725250278087,2909.4,748.0,756.6,759.3,750.1,173.3,173.2,178.1,178.5,4.02,74.1,1.856,2917.7,748.7,756.7,759.7,749.7,172.8,174.3,177.8,178.8,4.03,75.1,1.934,1.7,1.001,0,nominal,0,0.0,194.92,701697.2
302.9,descend_land,31.340378197997776,2047.2191323692994,34.51056729699666,2917.8,746.7,756.9,760.5,748.8,172.6,174.0,177.5,179.0,4.03,74.9,1.916,2917.6,748.7,756.7,759.7,749.7,172.8,174.3,177.8,178.8,4.03,75.1,1.934,1.7,1.002,0,nominal,0,0.0,194.92,701697.1
303.0,descend_land,31.32925472747497,2043.7152391546163,34.493882091212456,2915.2,749.0,757.7,760.9,749.0,172.8,174.4,177.8,178.1,4.07,75.5,1.959,2917.5,748.7,756.7,759.7,749.7,172.8,174.3,177.8,178.8,4.03,75.1,1.934,1.7,1.002,0,nominal,0,0.0,194.92,701697.0
303.1,descend_land,31.31813125695217,2040.2113459399334,34.477196885428256,2929.5,748.0,757.8,759.9,749.4,172.4,173.1,177.2,177.7,4.05,75.1,1.906,2917.5,748.7,756.7,759.7,749.7,172.8,174.3,177.8,178.8,4.03,75.1,1.934,1.7,1.002,0,nominal,0,0.0,194.92,701696.9
303.2,descend_land,31.307007786429367,2036.7074527252503,34.46051167964405,2914.4,747.0,757.4,759.1,749.0,173.7,174.1,178.3,179.4,4.03,75.3,1.916,2917.4,748.6,756.6,759.6,749.6,172.8,174.3,177.8,178.8,4.03,75.1,1.934,1.8,1.003,0,nominal,0,0.0,194.92,701696.8
303.3,descend_land,31.295884315906562,2033.2035595105674,34.44382647385984,2914.5,750.2,756.5,763.3,750.7,173.8,174.1,176.8,178.7,4.0,74.5,1.977,2917.3,748.6,756.6,759.6,749.6,172.7,174.2,177.7,178.7,4.03,75.1,1.934,1.8,1.003,0,nominal,0,0.0,194.92,701696.7
303.4,descend_land,31.284760845383758,2029.6996662958843,34.42714126807564,2921.4,748.9,756.4,761.6,749.4,172.3,174.3,176.2,178.5,4.01,74.9,1.975,2917.2,748.6,756.6,759.6,749.6,172.7,174.2,177.7,178.7,4.03,75.1,1.934,1.8,1.003,0,nominal,0,0.0,194.92,701696.6
303.5,descend_land,31.273637374860957,2026.1957730812014,34.41045606229144,2912.8,747.5,756.0,758.1,749.6,171.7,174.3,177.8,178.2,3.99,74.7,1.905,2917.1,748.5,756.5,759.5,749.5,172.7,174.2,177.7,178.7,4.03,75.1,1.934,1.8,1.004,0,nominal,0,0.0,194.92,701696.5
303.6,descend_land,31.262513904338153,2022.6918798665183,34.39377085650723,2917.0,749.1,755.4,758.6,749.8,172.6,174.0,176.5,178.9,4.03,75.9,1.929,2917.0,748.5,756.5,759.5,749.5,172.7,174.2,177.7,178.7,4.03,75.1,1.934,1.9,1.004,0,nominal,0,0.0,194.92,701696.4
303.7,descend_land,31.25139043381535,2019.1879866518354,34.377085650723025,2919.6,750.2,756.3,756.4,750.9,172.7,173.7,177.8,177.9,4.0,75.0,1.98,2916.9,748.5,756.5,759.5,749.5,172.7,174.2,177.7,178.7,4.03,75.1,1.934,1.9,1.005,0,nominal,0,0.0,194.92,701696.3
303.8,descend_land,31.240266963292548,2015.6840934371526,34.36040044493882,2919.2,748.9,757.3,758.5,748.2,171.6,173.2,177.7,178.5,4.02,75.6,1.943,2916.9,748.4,756.4,759.4,749.4,172.7,174.2,177.7,178.7,4.03,75.1,1.934,1.9,1.005,0,nominal,0,0.0,194.92,701696.2
303.9,descend_land,31.229143492769744,2012.1802002224695,34.34371523915462,2912.1,747.1,754.5,757.1,746.6,172.8,174.1,177.7,179.5,4.02,75.7,1.96,2916.8,748.4,756.4,759.4,749.4,172.7,174.2,177.7,178.7,4.03,75.1,1.934,1.9,1.005,0,nominal,0,0.0,194.92,701696.1
304.0,descend_land,31.21802002224694,2008.6763070077866,34.32703003337041,2908.7,749.2,755.7,757.3,749.3,172.7,174.5,177.5,179.0,4.03,75.4,1.92,2916.7,748.4,756.4,759.4,749.4,172.6,174.1,177.6,178.6,4.03,75.1,1.934,1.9,1.006,0,nominal,0,0.0,194.92,701696.0
304.1,descend_land,31.20689655172414,2005.1724137931035,34.310344827586206,2920.8,749.1,756.8,759.3,749.4,173.0,173.1,178.0,178.6,4.05,74.9,1.915,2916.6,748.4,756.4,759.4,749.4,172.6,174.1,177.6,178.6,4.03,75.1,1.933,2.0,1.006,0,nominal,0,0.0,194.92,701695.9
304.2,descend_land,31.195773081201335,2001.6685205784206,34.293659621802,2910.0,749.4,756.2,759.2,748.6,172.8,173.9,176.8,179.0,4.04,74.9,1.939,2916.5,748.3,756.3,759.3,749.3,172.6,174.1,177.6,178.6,4.03,75.1,1.933,2.0,1.006,0,nominal,0,0.0,194.92,701695.8
304.3,descend_land,31.18464961067853,1998.1646273637375,34.2769744160178,2921.2,748.2,755.6,758.1,748.4,172.9,173.3,177.1,179.5,4.01,74.7,1.948,2916.4,748.3,756.3,759.3,749.3,172.6,174.1,177.6,178.6,4.03,75.1,1.933,2.0,1.007,0,nominal,0,0.0,194.92,701695.7
304.4,descend_land,31.17352614015573,1994.6607341490546,34.260289210233594,2919.1,748.3,758.3,761.6,750.5,174.0,175.2,178.2,177.1,4.03,75.5,1.974,2916.3,748.3,756.3,759.3,749.3,172.6,174.1,177.6,178.6,4.03,75.1,1.933,2.0,1.007,0,nominal,0,0.0,194.92,701695.6
304.5,descend_land,31.162402669632925,1991.1568409343715,34.24360400444939,2920.0,746.3,757.5,760.4,749.8,173.3,173.3,177.9,178.5,4.02,74.7,1.952,2916.3,748.2,756.2,759.2,749.2,172.6,174.1,177.6,178.6,4.03,75.1,1.933,2.1,1.007,0,nominal,0,0.0,194.92,701695.5
304.6,descend_land,31.15127919911012,1987.6529477196887,34.22691879866518,2919.7,749.6,757.0,759.3,750.1,172.9,172.9,177.4,178.6,4.05,75.3,1.899,2916.2,748.2,756.2,759.2,749.2,172.6,174.1,177.6,178.6,4.03,75.1,1.933,2.1,1.008,0,nominal,0,0.0,194.92,701695.4
304.7,descend_land,31.14015572858732,1984.1490545050056,34.21023359288098,2922.7,745.5,755.4,760.2,747.1,172.6,175.3,177.8,178.6,4.04,75.2,1.952,2916.1,748.2,756.2,759.2,749.2,172.5,174.0,177.5,178.5,4.03,75.2,1.933,2.1,1.008,0,nominal,0,0.0,194.92,701695.3
304.8,descend_land,31.129032258064516,1980.6451612903227,34.193548387096776,2916.1,749.6,757.1,755.9,748.9,171.6,174.2,177.2,179.2,3.99,75.5,1.977,2916.0,748.1,756.1,759.1,749.1,172.5,174.0,177.5,178.5,4.03,75.2,1.933,2.1,1.008,0,nominal,0,0.0,194.92,701695.2
304.9,descend_land,31.11790878754171,1977.1412680756396,34.17686318131257,2917.9,747.9,756.1,760.4,747.4,171.5,173.9,177.8,179.0,4.04,75.0,1.947,2915.9,748.1,756.1,759.1,749.1,172.5,174.0,177.5,178.5,4.03,75.2,1.933,2.1,1.009,0,nominal,0,0.0,194.92,701695.1
305.0,descend_land,31.10678531701891,1973.6373748609567,34.16017797552836,2917.1,748.6,756.8,759.1,748.1,172.3,173.7,177.4,179.7,3.96,75.6,1.948,2915.8,748.1,756.1,759.1,749.1,172.5,174.0,177.5,178.5,4.03,75.2,1.933,2.2,1.009,0,nominal,0,0.0,194.92,701695.0
305.1,descend_land,31.095661846496107,1970.1334816462738,34.14349276974416,2912.2,748.2,754.3,760.3,748.6,173.5,174.8,177.5,177.9,4.0,75.3,1.968,2915.7,748.0,756.0,759.0,749.0,172.5,174.0,177.5,178.5,4.03,75.2,1.933,2.2,1.01,0,nominal,0,0.0,194.92,701694.9
305.2,descend_land,31.084538375973302,1966.6295884315907,34.12680756395996,2921.9,748.1,755.1,757.0,748.9,172.3,175.2,176.8,180.0,4.04,74.4,1.932,2915.7,748.0,756.0,759.0,749.0,172.5,174.0,177.5,178.5,4.03,75.2,1.933,2.2,1.01,0,nominal,0,0.0,194.92,701694.8
305.3,descend_land,31.073414905450502,1963.1256952169078,34.11012235817575,2914.4,745.5,755.0,759.2,752.5,172.2,175.4,177.3,178.9,4.03,74.3,1.93,2915.6,748.0,756.0,759.0,749.0,172.5,174.0,177.5,178.5,4.03,75.2,1.933,2.2,1.01,0,nominal,0,0.0,194.92,701694.7
305.4,descend_land,31.062291434927698,1959.6218020022247,34.093437152391544,2913.9,747.5,755.3,757.2,748.1,173.0,174.1,179.0,178.1,4.01,75.6,1.895,2915.5,748.0,756.0,759.0,749.0,172.4,173.9,177.4,178.4,4.03,75.2,1.933,2.3,1.011,0,nominal,0,0.0,194.92,701694.6
305.5,descend_land,31.051167964404893,1956.1179087875419,34.076751946607345,2921.0,746.2,754.2,757.8,748.1,172.4,174.3,177.7,178.0,4.02,75.5,1.975,2915.4,747.9,755.9,758.9,748.9,172.4,173.9,177.4,178.4,4.03,75.2,1.933,2.3,1.011,0,nominal,0,0.0,194.92,701694.5
305.6,descend_land,31.040044493882093,1952.6140155728588,34.06006674082314,2911.6,749.3,754.6,760.0,750.9,172.0,174.4,178.0,178.0,4.03,75.8,1.951,2915.3,747.9,755.9,758.9,748.9,172.4,173.9,177.4,178.4,4.03,75.2,1.933,2.3,1.011,0,nominal,0,0.0,194.92,701694.4
305.7,descend_land,31.02892102335929,1949.1101223581759,34.04338153503893,2918.3,747.8,752.0,759.2,747.8,172.7,174.4,178.0,178.1,4.02,74.8,1.974,2915.2,747.9,755.9,758.9,748.9,172.4,173.9,177.4,178.4,4.03,75.2,1.933,2.3,1.012,0,nominal,0,0.0,194.92,701694.3
305.8,descend_land,31.017797552836484,1945.6062291434928,34.026696329254726,2912.9,748.8,755.9,758.2,749.7,172.3,173.0,177.5,179.1,4.05,75.1,1.896,2915.1,747.8,755.8,758.8,748.8,172.4,173.9,177.4,178.4,4.03,75.2,1.933,2.4,1.012,0,nominal,0,0.0,194.92,701694.2
305.9,descend_land,31.006674082313683,1942.10233592881,34.01001112347052,2898.5,748.3,756.2,759.7,749.7,173.3,174.1,176.8,177.8,4.06,75.3,1.908,2915.0,747.8,755.8,758.8,748.8,172.4,173.9,177.4,178.4,4.03,75.2,1.933,2.4,1.012,0,nominal,0,0.0,194.92,701694.1
306.0,descend_land,30.99555061179088,1938.5984427141268,33.99332591768632,2920.2,748.2,755.8,761.1,746.5,172.0,173.7,178.1,177.7,4.01,75.3,1.899,2914.9,747.8,755.8,758.8,748.8,172.4,173.9,177.4,178.4,4.03,75.2,1.933,2.4,1.013,0,nominal,0,0.0,194.91,701694.0
306.1,descend_land,30.984427141268075,1935.094549499444,33.976640711902114,2916.4,747.5,754.1,758.3,750.0,172.9,174.3,178.2,178.4,4.03,75.2,1.909,2914.9,747.7,755.7,758.7,748.7,172.4,173.9,177.4,178.4,4.03,75.2,1.933,2.4,1.013,0,nominal,0,0.0,194.91,701693.9
306.2,descend_land,30.973303670745274,1931.5906562847608,33.95995550611791,2914.3,746.3,756.3,756.8,750.1,171.6,173.7,178.3,176.5,4.04,75.1,1.986,2914.8,747.7,755.7,758.7,748.7,172.3,173.8,177.3,178.3,4.03,75.2,1.933,2.4,1.013,0,nominal,0,0.0,194.91,701693.8
306.3,descend_land,30.96218020022247,1928.086763070078,33.94327030033371,2915.8,747.6,755.3,759.1,750.8,172.6,174.2,177.3,177.4,4.06,74.6,1.926,2914.7,747.7,755.7,758.7,748.7,172.3,173.8,177.3,178.3,4.03,75.3,1.932,2.5,1.014,0,nominal,0,0.0,194.91,701693.7
306.4,descend_land,30.951056729699665,1924.582869855395,33.9265850945495,2909.6,746.3,755.1,758.4,749.2,171.3,173.4,177.0,178.5,4.03,75.8,1.877,2914.6,747.6,755.6,758.6,748.6,172.3,173.8,177.3,178.3,4.03,75.3,1.932,2.5,1.014,0,nominal,0,0.0,194.91,701693.6
306.5,descend_land,30.93993325917686,1921.078976640712,33.909899888765295,2904.7,748.8,757.1,758.5,747.5,172.2,173.8,176.5,178.6,4.03,75.3,1.97,2914.5,747.6,755.6,758.6,748.6,172.3,173.8,177.3,178.3,4.03,75.3,1.932,2.5,1.015,0,nominal,0,0.0,194.91,701693.5
306.6,descend_land,30.92880978865406,1917.575083426029,33.89321468298109,2911.7,745.2,753.0,759.2,749.9,172.2,174.3,178.1,179.0,4.04,76.0,1.935,2914.4,747.6,755.6,758.6,748.6,172.3,173.8,177.3,178.3,4.03,75.3,1.932,2.5,1.015,0,nominal,0,0.0,194.91,701693.4
306.7,descend_land,30.917686318131256,1914.071190211346,33.87652947719688,2918.8,748.8,755.5,756.6,750.4,173.1,173.9,177.9,178.1,4.0,75.1,1.981,2914.3,747.6,755.6,758.6,748.6,172.3,173.8,177.3,178.3,4.03,75.3,1.932,2.6,1.015,0,nominal,0,0.0,194.91,701693.3
306.8,descend_land,30.906562847608456,1910.5672969966631,33.85984427141268,2912.2,746.3,753.2,759.9,748.6,172.8,173.4,177.6,178.0,4.02,75.1,1.959,2914.2,747.5,755.5,758.5,748.5,172.3,173.8,177.3,178.3,4.03,75.3,1.932,2.6,1.016,0,nominal,0,0.0,194.91,701693.2
306.9,descend_land,30.89543937708565,1907.06340378198,33.84315906562848,2914.5,747.6,758.4,757.0,748.8,172.0,173.8,177.6,178.4,4.03,75.8,1.928,2914.1,747.5,755.5,758.5,748.5,172.3,173.8,177.3,178.3,4.03,75.3,1.932,2.6,1.016,0,nominal,0,0.0,194.91,701693.1
307.0,descend_land,30.884315906562847,1903.5595105672971,33.82647385984427,2907.8,747.6,754.8,756.9,749.0,172.8,173.9,176.5,177.6,4.06,75.2,1.977,2914.1,747.5,755.5,758.5,748.5,172.2,173.7,177.2,178.2,4.03,75.3,1.932,2.6,1.016,0,nominal,0,0.0,194.91,701693.0
307.1,descend_land,30.873192436040043,1900.055617352614,33.809788654060064,2919.4,748.2,755.0,759.2,748.3,172.1,173.9,176.5,177.7,4.01,75.1,1.937,2914.0,747.4,755.4,758.4,748.4,172.2,173.7,177.2,178.2,4.03,75.3,1.932,2.6,1.017,0,nominal,0,0.0,194.91,701692.9
307.2,descend_land,30.862068965517242,1896.5517241379312,33.793103448275865,2907.7,745.7,756.7,757.4,750.7,171.9,174.7,177.7,178.4,4.03,75.1,1.968,2913.9,747.4,755.4,758.4,748.4,172.2,173.7,177.2,178.2,4.03,75.3,1.932,2.7,1.017,0,nominal,0,0.0,194.91,701692.8
307.3,descend_land,30.850945494994438,1893.047830923248,33.77641824249166,2917.5,747.3,756.0,758.9,749.1,172.7,173.8,177.6,178.3,4.06,76.1,1.938,2913.8,747.4,755.4,758.4,748.4,172.2,173.7,177.2,178.2,4.03,75.3,1.932,2.7,1.017,0,nominal,0,0.0,194.91,701692.7
307.4,descend_land,30.839822024471637,1889.5439377085652,33.75973303670745,2925.1,748.8,753.9,757.8,748.6,171.8,173.4,177.2,178.2,4.02,74.9,1.931,2913.7,747.3,755.3,758.3,748.3,172.2,173.7,177.2,178.2,4.03,75.3,1.932,2.7,1.018,0,nominal,0,0.0,194.91,701692.6
307.5,descend_land,30.828698553948833,1886.040044493882,33.743047830923246,2912.1,747.8,754.4,759.7,747.6,171.6,174.0,177.8,178.2,4.05,74.6,1.984,2913.6,747.3,755.3,758.3,748.3,172.2,173.7,177.2,178.2,4.03,75.3,1.932,2.7,1.018,0,nominal,0,0.0,194.91,701692.5
307.6,descend_land,30.81757508342603,1882.5361512791992,33.726362625139046,2912.6,748.8,752.9,760.6,746.9,172.4,173.5,176.9,177.4,4.02,75.4,1.886,2913.5,747.3,755.3,758.3,748.3,172.2,173.7,177.2,178.2,4.03,75.3,1.932,2.8,1.018,0,nominal,0,0.0,194.91,701692.4
307.7,descend_land,30.806451612903224,1879.032258064516,33.70967741935484,2923.1,744.3,754.2,757.5,749.0,171.7,173.1,177.3,177.2,4.04,75.2,1.935,2913.4,747.2,755.2,758.2,748.2,172.2,173.7,177.2,178.2,4.03,75.3,1.932,2.8,1.019,0,nominal,0,0.0,194.91,701692.3
307.8,descend_land,30.795328142380423,1875.5283648498332,33.69299221357063,2907.0,747.5,755.8,757.9,748.5,173.6,174.1,178.3,178.7,4.0,75.1,1.899,2913.3,747.2,755.2,758.2,748.2,172.1,173.6,177.1,178.1,4.03,75.4,1.932,2.8,1.019,0,nominal,0,0.0,194.91,701692.2
307.9,descend_land,30.78420467185762,1872.0244716351503,33.67630700778643,2911.5,746.0,755.8,757.5,749.3,171.8,173.7,176.1,177.3,4.02,75.1,1.966,2913.2,747.2,755.2,758.2,748.2,172.1,173.6,177.1,178.1,4.03,75.4,1.932,2.8,1.02,0,nominal,0,0.0,194.91,701692.1
308.0,descend_land,30.77308120133482,1868.5205784204672,33.65962180200223,2917.9,747.1,755.1,759.2,746.1,172.6,172.9,176.7,177.5,4.06,75.2,1.934,2913.1,747.2,755.2,758.2,748.2,172.1,173.6,177.1,178.1,4.03,75.4,1.932,2.9,1.02,0,nominal,0,0.0,194.91,701692.0
308.1,descend_land,30.761957730812014,1865.0166852057844,33.64293659621802,2909.1,747.4,753.1,759.4,747.1,172.7,173.3,176.1,177.2,4.02,75.2,1.93,2913.0,747.1,755.1,758.1,748.1,172.1,173.6,177.1,178.1,4.03,75.4,1.932,2.9,1.02,0,nominal,0,0.0,194.91,701691.9
308.2,descend_land,30.75083426028921,1861.5127919911013,33.626251390433815,2912.5,749.3,757.0,757.6,748.6,172.5,172.9,176.9,178.1,4.05,75.5,1.939,2913.0,747.1,755.1,758.1,748.1,172.1,173.6,177.1,178.1,4.03,75.4,1.932,2.9,1.021,0,nominal,0,0.0,194.91,701691.8
308.3,descend_land,30.739710789766406,1858.0088987764184,33.60956618464961,2911.1,746.5,754.5,760.1,749.1,171.4,174.5,175.8,178.2,4.06,76.0,1.914,2912.9,747.1,755.1,758.1,748.1,172.1,173.6,177.1,178.1,4.03,75.4,1.932,2.9,1.021,0,nominal,0,0.0,194.91,701691.7
308.4,descend_land,30.728587319243605,1854.5050055617353,33.59288097886541,2915.7,747.5,754.6,756.9,748.9,171.4,174.0,176.7,178.1,4.02,75.3,1.918,2912.8,747.0,755.0,758.0,748.0,172.1,173.6,177.1,178.1,4.03,75.4,1.931,2.9,1.021,0,nominal,0,0.0,194.91,701691.6
308.5,descend_land,30.7174638487208,1851.0011123470524,33.5761957730812,2905.7,744.1,753.1,760.1,749.1,171.9,173.2,176.9,177.8,4.04,75.2,1.932,2912.7,747.0,755.0,758.0,748.0,172.1,173.6,177.1,178.1,4.03,75.4,1.931,3.0,1.022,0,nominal,0,0.0,194.91,701691.5
308.6,descend_land,30.706340378197996,1847.4972191323693,33.559510567296996,2909.0,747.8,755.3,756.6,748.1,172.6,173.0,175.7,176.8,4.06,75.3,1.925,2912.6,747.0,755.0,758.0,748.0,172.0,173.5,177.0,178.0,4.03,75.4,1.931,3.0,1.022,0,nominal,0,0.0,194.91,701691.4
308.7,descend_land,30.695216907675196,1843.9933259176864,33.54282536151279,2921.8,745.5,755.9,758.7,745.8,172.3,174.6,176.3,177.5,4.03,75.1,1.912,2912.5,746.9,754.9,757.9,747.9,172.0,173.5,177.0,178.0,4.03,75.4,1.931,3.0,1.022,0,nominal,0,0.0,194.91,701691.3
308.8,descend_land,30.68409343715239,1840.4894327030033,33.526140155728584,2910.9,743.2,754.2,758.0,745.7,172.7,172.8,177.7,177.2,4.07,75.0,1.995,2912.4,746.9,754.9,757.9,747.9,172.0,173.5,177.0,178.0,4.03,75.4,1.931,3.0,1.023,0,nominal,0,0.0,194.91,701691.2
308.9,descend_land,30.672969966629587,1836.9855394883205,33.509454949944384,2914.5,747.2,754.9,760.3,747.9,172.7,174.0,176.8,178.0,4.04,74.8,1.885,2912.3,746.9,754.9,757.9,747.9,172.0,173.5,177.0,178.0,4.03,75.4,1.931,3.1,1.023,0,nominal,0,0.0,194.91,701691.1
309.0,descend_land,30.661846496106786,1833.4816462736374,33.49276974416018,2910.0,745.3,755.8,757.8,749.3,173.4,173.4,178.0,177.8,3.97,75.9,1.97,2912.2,746.8,754.8,757.8,747.8,172.0,173.5,177.0,178.0,4.03,75.4,1.931,3.1,1.023,0,nominal,0,0.0,194.91,701691.0
309.1,descend_land,30.650723025583982,1829.9777530589545,33.47608453837597,2913.4,743.3,756.2,755.8,747.1,171.8,173.0,177.2,179.3,4.01,75.5,1.916,2912.1,746.8,754.8,757.8,747.8,172.0,173.5,177.0,178.0,4.03,75.5,1.931,3.1,1.024,0,nominal,0,0.0,194.91,701690.9
309.2,descend_land,30.639599555061178,1826.4738598442716,33.45939933259177,2909.3,746.1,755.1,760.2,748.3,171.8,173.2,177.5,178.2,4.04,74.9,1.969,2912.0,746.8,754.8,757.8,747.8,172.0,173.5,177.0,178.0,4.03,75.5,1.931,3.1,1.024,0,nominal,0,0.0,194.91,701690.8
309.3,descend_land,30.628476084538377,1822.9699666295885,33.442714126807566,2907.1,746.7,753.5,759.5,746.6,172.4,172.9,177.2,178.6,3.98,76.4,1.969,2911.9,746.8,754.8,757.8,747.8,172.0,173.5,177.0,178.0,4.03,75.5,1.931,3.2,1.025,0,nominal,0,0.0,194.91,701690.7
309.4,descend_land,30.617352614015573,1819.4660734149056,33.42602892102336,2905.0,749.2,755.1,758.8,747.2,171.8,173.0,177.6,177.8,4.04,75.4,1.883,2911.8,746.7,754.7,757.7,747.7,172.0,173.5,177.0,178.0,4.03,75.5,1.931,3.2,1.025,0,nominal,0,0.0,194.91,701690.6
309.5,descend_land,30.60622914349277,1815.9621802002225,33.40934371523915,2912.3,747.7,756.0,757.0,749.2,172.1,173.8,177.5,178.9,4.03,75.1,1.948,2911.7,746.7,754.7,757.7,747.7,171.9,173.4,176.9,177.9,4.03,75.5,1.931,3.2,1.025,0,nominal,0,0.0,194.91,701690.5
309.6,descend_land,30.595105672969964,1812.4582869855396,33.39265850945495,2915.4,746.8,752.2,755.9,746.7,172.6,173.8,176.7,177.2,4.03,75.3,1.93,2911.6,746.7,754.7,757.7,747.7,171.9,173.4,176.9,177.9,4.03,75.5,1.931,3.2,1.026,0,nominal,0,0.0,194.91,701690.4
309.7,descend_land,30.583982202447164,1808.9543937708565,33.37597330367075,2913.7,747.3,750.6,759.0,745.9,173.0,173.0,176.7,178.6,4.0,75.8,1.944,2911.5,746.6,754.6,757.6,747.6,171.9,173.4,176.9,177.9,4.03,75.5,1.931,3.2,1.026,0,nominal,0,0.0,194.91,701690.3
309.8,descend_land,30.57285873192436,1805.4505005561737,33.35928809788654,2913.4,748.3,755.2,759.9,747.2,170.4,173.5,175.9,177.8,4.02,75.9,1.943,2911.5,746.6,754.6,757.6,747.6,171.9,173.4,176.9,177.9,4.03,75.5,1.931,3.3,1.026,0,nominal,0,0.0,194.91,701690.2
309.9,descend_land,30.56173526140156,1801.9466073414906,33.342602892102335,2921.3,745.3,755.8,759.4,749.6,172.1,173.1,176.9,177.5,4.0,75.7,1.925,2911.4,746.6,754.6,757.6,747.6,171.9,173.4,176.9,177.9,4.03,75.5,1.931,3.3,1.027,0,nominal,0,0.0,194.91,701690.1
310.0,descend_land,30.550611790878754,1798.4427141268077,33.325917686318135,2909.4,742.4,755.4,760.1,746.4,172.3,173.1,177.5,178.0,4.01,75.3,1.974,2911.3,746.5,754.5,757.5,747.5,171.9,173.4,176.9,177.9,4.03,75.5,1.931,3.3,1.027,0,nominal,0,0.0,194.91,701690.0
310.1,descend_land,30.53948832035595,1794.9388209121246,33.30923248053393,2915.7,746.8,755.2,755.3,748.2,172.4,172.4,178.6,178.6,3.98,76.2,1.974,2911.2,746.5,754.5,757.5,747.5,171.9,173.4,176.9,177.9,4.03,75.5,1.931,3.3,1.027,0,nominal,0,0.0,194.91,701689.9
310.2,descend_land,30.528364849833146,1791.4349276974417,33.29254727474972,2910.1,745.5,755.2,758.0,748.4,171.6,172.6,177.1,176.8,4.01,75.7,1.95,2911.1,746.5,754.5,757.5,747.5,171.9,173.4,176.9,177.9,4.03,75.5,1.931,3.4,1.028,0,nominal,0,0.0,194.91,701689.8
310.3,descend_land,30.517241379310345,1787.9310344827586,33.275862068965516,2907.4,746.8,755.1,757.8,748.4,171.1,172.8,176.4,177.6,4.02,75.4,1.947,2911.0,746.4,754.4,757.4,747.4,171.9,173.4,176.9,177.9,4.03,75.6,1.93,3.4,1.028,0,nominal,0,0.0,194.91,701689.7
310.4,descend_land,30.50611790878754,1784.4271412680757,33.25917686318131,2909.5,747.3,753.0,759.2,747.0,171.3,174.1,177.1,177.8,4.05,75.1,1.92,2910.9,746.4,754.4,757.4,747.4,171.8,173.3,176.8,177.8,4.03,75.6,1.93,3.4,1.028,0,nominal,0,0.0,194.91,701689.6
310.5,descend_land,30.49499443826474,1780.9232480533929,33.24249165739711,2918.2,748.4,753.9,758.3,751.1,171.5,172.3,177.6,177.5,4.01,76.3,1.938,2910.8,746.4,754.4,757.4,747.4,171.8,173.3,176.8,177.8,4.03,75.6,1.93,3.4,1.029,0,nominal,0,0.0,194.91,701689.5
310.6,descend_land,30.483870967741936,1777.4193548387098,33.225806451612904,2908.5,745.4,753.0,758.6,745.6,171.9,173.3,175.5,177.5,4.04,75.1,1.98,2910.7,746.4,754.4,757.4,747.4,171.8,173.3,176.8,177.8,4.03,75.6,1.93,3.4,1.029,0,nominal,0,0.0,194.91,701689.4
310.7,descend_land,30.47274749721913,1773.9154616240269,33.2091212458287,2909.1,745.6,755.6,754.7,746.7,171.8,173.7,177.0,177.5,4.06,76.0,1.92,2910.6,746.3,754.3,757.3,747.3,171.8,173.3,176.8,177.8,4.03,75.6,1.93,3.5,1.03,0,nominal,0,0.0,194.91,701689.3
310.8,descend_land,30.461624026696327,1770.4115684093438,33.19243604004449,2914.1,746.1,753.9,755.9,745.4,172.7,173.5,177.3,178.0,4.02,74.8,1.924,2910.5,746.3,754.3,757.3,747.3,171.8,173.3,176.8,177.8,4.03,75.6,1.93,3.5,1.03,0,nominal,0,0.0,194.91,701689.2
310.9,descend_land,30.450500556173527,1766.907675194661,33.17575083426029,2913.8,745.2,753.3,755.7,747.9,171.4,172.6,177.6,178.3,4.0,75.1,1.914,2910.4,746.3,754.3,757.3,747.3,171.8,173.3,176.8,177.8,4.03,75.6,1.93,3.5,1.03,0,nominal,0,0.0,194.91,701689.1
311.0,descend_land,30.439377085650722,1763.4037819799778,33.159065628476085,2908.7,743.6,755.3,756.3,745.9,171.8,173.6,178.0,177.2,4.05,75.4,1.92,2910.3,746.2,754.2,757.2,747.2,171.8,173.3,176.8,177.8,4.03,75.6,1.93,3.5,1.031,0,nominal,0,0.0,194.91,701689.0
311.1,descend_land,30.42825361512792,1759.899888765295,33.14238042269188,2910.0,747.7,755.4,755.6,748.7,171.0,174.1,176.4,178.6,4.04,75.3,1.942,2910.2,746.2,754.2,757.2,747.2,171.8,173.3,176.8,177.8,4.03,75.6,1.93,3.6,1.031,0,nominal,0,0.0,194.91,701688.9
311.2,descend_land,30.417130144605117,1756.3959955506118,33.12569521690767,2918.1,747.3,755.6,755.6,748.6,171.6,173.7,176.8,177.2,4.06,75.7,1.904,2910.1,746.2,754.2,757.2,747.2,171.8,173.3,176.8,177.8,4.03,75.6,1.93,3.6,1.031,0,nominal,0,0.0,194.91,701688.8
311.3,descend_land,30.406006674082313,1752.892102335929,33.10901001112347,2913.7,748.0,753.4,757.8,749.5,171.9,171.9,176.3,178.0,4.03,75.7,1.912,2910.0,746.1,754.1,757.1,747.1,171.7,173.2,176.7,177.7,4.03,75.6,1.93,3.6,1.032,0,nominal,0,0.0,194.91,701688.7
311.4,descend_land,30.39488320355951,1749.3882091212458,33.09232480533927,2905.5,745.9,753.3,757.4,748.3,172.4,173.3,177.2,179.5,4.01,75.5,1.922,2909.9,746.1,754.1,757.1,747.1,171.7,173.2,176.7,177.7,4.03,75.6,1.93,3.6,1.032,0,nominal,0,0.0,194.91,701688.6
311.5,descend_land,30.383759733036708,1745.884315906563,33.07563959955506,2897.7,745.1,752.9,755.2,747.6,171.6,172.6,176.3,176.9,4.0,76.2,1.963,2909.8,746.1,754.1,757.1,747.1,171.7,173.2,176.7,177.7,4.03,75.7,1.93,3.7,1.032,0,nominal,0,0.0,194.91,701688.5
311.6,descend_land,30.372636262513904,1742.3804226918799,33.058954393770854,2909.9,745.3,753.1,757.7,748.8,172.5,172.7,177.1,177.3,4.0,74.9,1.962,2909.7,746.0,754.0,757.0,747.0,171.7,173.2,176.7,177.7,4.03,75.7,1.93,3.7,1.033,0,nominal,0,0.0,194.91,701688.4
311.7,descend_land,30.361512791991103,1738.876529477197,33.042269187986655,2902.6,748.1,752.7,757.5,746.5,171.4,172.1,176.6,177.6,3.99,75.6,1.94,2909.6,746.0,754.0,757.0,747.0,171.7,173.2,176.7,177.7,4.03,75.7,1.93,3.7,1.033,0,nominal,0,0.0,194.91,701688.3
311.8,descend_land,30.3503893214683,1735.372636262514,33.02558398220245,2912.8,745.6,753.6,755.8,747.6,172.0,172.0,176.8,177.9,4.06,75.5,1.965,2909.5,746.0,754.0,757.0,747.0,171.7,173.2,176.7,177.7,4.03,75.7,1.93,3.7,1.034,0,nominal,0,0.0,194.91,701688.2
311.9,descend_land,30.339265850945495,1731.868743047831,33.00889877641824,2924.9,745.4,753.9,754.5,748.8,171.2,174.3,176.8,177.6,4.03,75.5,1.956,2909.4,746.0,754.0,757.0,747.0,171.7,173.2,176.7,177.7,4.03,75.7,1.93,3.7,1.034,0,nominal,0,0.0,194.91,701688.1
312.0,descend_land,30.32814238042269,1728.3648498331481,32.992213570634036,2915.3,744.0,752.1,757.8,746.6,172.1,173.3,175.9,178.4,4.06,75.8,1.874,2909.3,745.9,753.9,756.9,746.9,171.7,173.2,176.7,177.7,4.03,75.7,1.93,3.8,1.034,0,nominal,0,0.0,194.91,701688.0
312.1,descend_land,30.31701890989989,1724.860956618465,32.975528364849836,2910.7,746.9,755.6,755.0,747.8,172.7,172.5,176.5,177.2,4.03,75.6,1.935,2909.2,745.9,753.9,756.9,746.9,171.7,173.2,176.7,177.7,4.03,75.7,1.929,3.8,1.035,0,nominal,0,0.0,194.91,701687.9
312.2,descend_land,30.305895439377085,1721.3570634037821,32.95884315906563,2904.5,745.8,753.6,756.3,747.8,171.8,172.1,176.4,177.4,4.02,76.2,1.844,2909.1,745.9,753.9,756.9,746.9,171.7,173.2,176.7,177.7,4.03,75.7,1.929,3.8,1.035,0,nominal,0,0.0,194.91,701687.8
312.3,descend_land,30.29477196885428,1717.853170189099,32.94215795328142,2917.8,745.9,753.0,756.7,748.9,170.9,174.2,177.1,176.6,4.03,75.2,1.874,2909.0,745.8,753.8,756.8,746.8,171.6,173.1,176.6,177.6,4.03,75.7,1.929,3.8,1.035,0,nominal,0,0.0,194.91,701687.7
312.4,descend_land,30.28364849833148,1714.3492769744162,32.92547274749722,2905.6,745.8,751.5,756.8,744.9,171.6,173.8,176.0,177.7,4.02,75.8,1.935,2908.9,745.8,753.8,756.8,746.8,171.6,173.1,176.6,177.6,4.03,75.7,1.929,3.9,1.036,0,nominal,0,0.0,194.91,701687.6
312.5,descend_land,30.272525027808676,1710.845383759733,32.90878754171301,2909.3,746.3,754.7,756.9,745.5,172.0,173.2,176.7,177.6,4.0,75.0,1.934,2908.8,745.8,753.8,756.8,746.8,171.6,173.1,176.6,177.6,4.03,75.7,1.929,3.9,1.036,0,nominal,0,0.0,194.91,701687.5
312.6,descend_land,30.261401557285872,1707.3414905450502,32.89210233592881,2911.8,744.6,753.8,757.7,746.6,171.9,173.1,177.5,177.6,4.02,75.8,1.947,2908.7,745.7,753.7,756.7,746.7,171.6,173.1,176.6,177.6,4.03,75.8,1.929,3.9,1.036,0,nominal,0,0.0,194.91,701687.4
312.7,descend_land,30.25027808676307,1703.837597330367,32.875417130144605,2915.1,746.4,753.4,757.1,746.3,171.6,173.6,176.6,178.0,4.05,75.7,1.971,2908.6,745.7,753.7,756.7,746.7,171.6,173.1,176.6,177.6,4.03,75.8,1.929,3.9,1.037,0,nominal,0,0.0,194.91,701687.3
312.8,descend_land,30.239154616240267,1700.3337041156842,32.8587319243604,2908.5,749.0,753.3,755.8,745.7,172.0,172.5,176.9,178.0,4.0,75.3,1.893,2908.5,745.7,753.7,756.7,746.7,171.6,173.1,176.6,177.6,4.03,75.8,1.929,3.9,1.037,0,nominal,0,0.0,194.91,701687.2
312.9,descend_land,30.228031145717463,1696.829810901001,32.8420467185762,2910.3,747.7,756.0,756.9,747.7,172.1,172.7,176.7,177.8,4.02,74.7,1.938,2908.4,745.6,753.6,756.6,746.6,171.6,173.1,176.6,177.6,4.03,75.8,1.929,4.0,1.038,0,nominal,0,0.0,194.91,701687.1
313.0,descend_land,30.216907675194662,1693.3259176863182,32.82536151279199,2902.4,747.2,752.3,756.5,746.4,170.5,172.8,175.7,177.7,4.03,75.6,1.947,2908.3,745.6,753.6,756.6,746.6,171.6,173.1,176.6,177.6,4.03,75.8,1.929,4.0,1.038,0,nominal,0,0.0,194.91,701687.0
313.1,descend_land,30.205784204671858,1689.8220244716351,32.80867630700779,2916.1,746.2,753.2,756.7,748.5,171.8,174.0,176.2,177.5,4.0,74.9,1.921,2908.2,745.6,753.6,756.6,746.6,171.6,173.1,176.6,177.6,4.03,75.8,1.929,4.0,1.038,0,nominal,0,0.0,194.91,701686.9
313.2,descend_land,30.194660734149053,1686.3181312569523,32.79199110122358,2908.9,744.1,752.9,756.4,746.8,172.9,172.2,176.5,177.8,4.03,76.4,1.99,2908.1,745.6,753.6,756.6,746.6,171.6,173.1,176.6,177.6,4.03,75.8,1.929,4.0,1.039,0,nominal,0,0.0,194.91,701686.8
313.3,descend_land,30.18353726362625,1682.8142380422694,32.775305895439374,2898.4,745.3,752.5,755.5,747.9,172.1,173.0,177.4,176.7,4.01,75.7,1.936,2908.0,745.5,753.5,756.5,746.5,171.5,173.0,176.5,177.5,4.03,75.8,1.929,4.1,1.039,0,nominal,0,0.0,194.91,701686.7
313.4,descend_land,30.17241379310345,1679.3103448275863,32.758620689655174,2910.9,744.0,750.7,755.5,745.1,172.4,172.9,176.4,178.1,4.03,75.7,1.953,2907.9,745.5,753.5,756.5,746.5,171.5,173.0,176.5,177.5,4.03,75.8,1.929,4.1,1.039,0,nominal,0,0.0,194.91,701686.6
313.5,descend_land,30.161290322580644,1675.8064516129034,32.74193548387097,2912.6,744.7,753.0,758.2,746.9,172.3,173.8,176.4,177.8,4.05,76.1,1.973,2907.8,745.5,753.5,756.5,746.5,171.5,173.0,176.5,177.5,4.03,75.8,1.929,4.1,1.04,0,nominal,0,0.0,194.91,701686.5
313.6,descend_land,30.150166852057843,1672.3025583982203,32.72525027808676,2899.2,745.1,754.7,758.5,745.8,170.9,173.1,177.7,177.2,4.0,74.9,1.928,2907.7,745.4,753.4,756.4,746.4,171.5,173.0,176.5,177.5,4.03,75.8,1.929,4.1,1.04,0,nominal,0,0.0,194.91,701686.4
313.7,descend_land,30.13904338153504,1668.7986651835374,32.70856507230256,2904.9,744.9,753.4,756.2,746.4,171.9,172.7,176.7,177.3,4.02,76.1,2.001,2907.6,745.4,753.4,756.4,746.4,171.5,173.0,176.5,177.5,4.03,75.9,1.928,4.2,1.04,0,nominal,0,0.0,194.91,701686.3
313.8,descend_land,30.127919911012235,1665.2947719688543,32.691879866518356,2906.3,747.3,752.8,755.5,745.8,171.2,172.0,176.7,177.8,4.03,75.6,1.924,2907.5,745.4,753.4,756.4,746.4,171.5,173.0,176.5,177.5,4.03,75.9,1.928,4.2,1.041,0,nominal,0,0.0,194.91,701686.2
313.9,descend_land,30.11679644048943,1661.7908787541714,32.67519466073415,2905.9,746.1,754.3,754.2,743.9,172.0,172.9,177.2,177.3,4.02,75.9,1.895,2907.4,745.3,753.3,756.3,746.3,171.5,173.0,176.5,177.5,4.03,75.9,1.928,4.2,1.041,0,nominal,0,0.0,194.91,701686.1
314.0,descend_land,30.10567296996663,1658.2869855394883,32.65850945494994,2909.8,743.7,752.2,755.8,744.8,171.2,174.5,176.1,176.8,4.04,76.9,1.942,2907.3,745.3,753.3,756.3,746.3,171.5,173.0,176.5,177.5,4.03,75.9,1.928,4.2,1.042,0,nominal,0,0.0,194.91,701686.0
314.1,descend_land,30.094549499443826,1654.7830923248055,32.64182424916574,2914.2,745.2,754.7,757.3,747.1,171.9,173.4,175.7,178.6,4.02,76.0,1.947,2907.2,745.3,753.3,756.3,746.3,171.5,173.0,176.5,177.5,4.03,75.9,1.928,4.2,1.042,0,nominal,0,0.0,194.91,701685.9
314.2,descend_land,30.083426028921025,1651.2791991101224,32.62513904338154,2899.4,745.7,752.3,755.9,744.3,171.6,172.7,176.5,178.5,4.04,75.6,1.946,2907.1,745.2,753.2,756.2,746.2,171.5,173.0,176.5,177.5,4.03,75.9,1.928,4.3,1.042,0,nominal,0,0.0,194.91,701685.8
314.3,descend_land,30.07230255839822,1647.7753058954395,32.60845383759733,2909.7,744.9,754.4,755.7,750.3,171.2,174.1,176.8,177.9,4.05,75.6,1.969,2907.0,745.2,753.2,756.2,746.2,171.4,172.9,176.4,177.4,4.03,75.9,1.928,4.3,1.043,0,nominal,0,0.0,194.91,701685.7
314.4,descend_land,30.061179087875416,1644.2714126807564,32.591768631813125,2909.3,746.5,752.6,756.1,743.6,171.2,172.4,175.8,178.4,4.06,77.3,1.906,2906.9,745.2,753.2,756.2,746.2,171.4,172.9,176.4,177.4,4.03,75.9,1.928,4.3,1.043,0,nominal,0,0.0,194.91,701685.6
314.5,descend_land,30.050055617352612,1640.7675194660735,32.57508342602892,2900.9,744.9,755.2,754.9,745.7,170.0,173.7,177.6,177.5,3.99,75.3,1.969,2906.8,745.2,753.2,756.2,746.2,171.4,172.9,176.4,177.4,4.03,75.9,1.928,4.3,1.043,0,nominal,0,0.0,194.91,701685.5
314.6,descend_land,30.03893214682981,1637.2636262513906,32.55839822024472,2913.7,744.1,753.2,754.9,746.1,171.1,173.8,176.0,177.0,4.04,75.5,1.943,2906.7,745.1,753.1,756.1,746.1,171.4,172.9,176.4,177.4,4.03,75.9,1.928,4.4,1.044,0,nominal,0,0.0,194.91,701685.4
314.7,descend_land,30.027808676307007,1633.7597330367075,32.54171301446051,2900.3,744.7,751.0,755.8,747.0,170.8,173.7,176.0,177.7,3.99,76.1,1.911,2906.6,745.1,753.1,756.1,746.1,171.4,172.9,176.4,177.4,4.03,76.0,1.928,4.4,1.044,0,nominal,0,0.0,194.91,701685.3
314.8,descend_land,30.016685205784206,1630.2558398220247,32.525027808676306,2903.7,744.3,753.8,757.3,745.5,170.7,173.4,176.5,176.9,4.0,75.7,1.879,2906.5,745.1,753.1,756.1,746.1,171.4,172.9,176.4,177.4,4.03,76.0,1.928,4.4,1.044,0,nominal,0,0.0,194.91,701685.2
314.9,descend_land,30.005561735261402,1626.7519466073416,32.5083426028921,2916.6,743.5,749.6,757.3,746.7,170.6,172.9,176.1,177.5,4.08,76.5,1.935,2906.4,745.0,753.0,756.0,746.0,171.4,172.9,176.4,177.4,4.03,76.0,1.928,4.4,1.045,0,nominal,0,0.0,194.91,701685.1
315.0,descend_land,29.994438264738598,1623.2480533926587,32.4916573971079,2896.5,745.5,752.4,753.4,743.8,170.6,173.0,175.9,177.0,4.03,76.2,1.93,2906.3,745.0,753.0,756.0,746.0,171.4,172.9,176.4,177.4,4.03,76.0,1.928,4.4,1.045,0,nominal,0,0.0,194.91,701685.0
315.1,descend_land,29.983314794215794,1619.7441601779756,32.474972191323694,2904.7,744.6,752.6,757.5,745.9,171.4,172.8,176.3,177.7,4.0,76.9,1.996,2906.2,745.0,753.0,756.0,746.0,171.4,172.9,176.4,177.4,4.03,76.0,1.928,4.5,1.046,0,nominal,0,0.0,194.91,701684.9
315.2,descend_land,29.972191323692993,1616.2402669632927,32.45828698553949,2907.6,743.9,753.0,753.2,744.6,171.1,173.9,175.6,178.1,4.01,75.9,1.848,2906.1,744.9,752.9,755.9,745.9,171.4,172.9,176.4,177.4,4.03,76.0,1.928,4.5,1.046,0,nominal,0,0.0,194.91,701684.8
315.3,descend_land,29.96106785317019,1612.7363737486096,32.44160177975528,2898.9,746.3,751.7,757.7,745.5,172.2,173.7,177.1,178.2,4.05,76.0,1.96,2906.0,744.9,752.9,755.9,745.9,171.4,172.9,176.4,177.4,4.03,76.0,1.927,4.5,1.046,0,nominal,0,0.0,194.91,701684.7
315.4,descend_land,29.949944382647388,1609.2324805339267,32.42491657397108,2904.5,743.1,752.9,757.1,745.6,171.4,174.4,176.5,177.5,4.02,76.0,1.951,2905.8,744.9,752.9,755.9,745.9,171.3,172.8,176.3,177.3,4.03,76.0,1.927,4.5,1.047,0,nominal,0,0.0,194.91,701684.6
315.5,descend_land,29.938820912124584,1605.7285873192436,32.408231368186875,2902.3,744.5,754.1,756.6,749.4,172.2,172.6,176.9,178.2,4.07,75.5,1.924,2905.7,744.8,752.8,755.8,745.8,171.3,172.8,176.3,177.3,4.03,76.0,1.927,4.6,1.047,0,nominal,0,0.0,194.91,701684.5
315.6,descend_land,29.92769744160178,1602.2246941045607,32.39154616240267,2900.7,745.5,753.7,754.7,749.7,171.1,172.4,175.8,177.8,4.03,76.8,1.91,2905.6,744.8,752.8,755.8,745.8,171.3,172.8,176.3,177.3,4.03,76.0,1.927,4.6,1.047,0,nominal,0,0.0,194.91,701684.4
315.7,descend_land,29.916573971078975,1598.7208008898776,32.37486095661846,2893.9,744.1,750.4,755.8,743.4,170.9,173.0,176.6,177.0,4.04,76.4,1.957,2905.5,744.8,752.8,755.8,745.8,171.3,172.8,176.3,177.3,4.03,76.1,1.927,4.6,1.048,0,nominal,0,0.0,194.91,701684.3
315.8,descend_land,29.905450500556174,1595.2169076751948,32.35817575083426,2900.8,745.4,751.5,755.8,748.1,171.6,172.6,177.4,177.9,4.08,75.5,1.88,2905.4,744.8,752.8,755.8,745.8,171.3,172.8,176.3,177.3,4.03,76.1,1.927,4.6,1.048,0,nominal,0,0.0,194.91,701684.2
315.9,descend_land,29.89432703003337,1591.7130144605119,32.34149054505006,2904.2,744.9,753.1,755.5,745.8,170.7,173.5,176.4,176.7,4.04,74.9,1.925,2905.3,744.7,752.7,755.7,745.7,171.3,172.8,176.3,177.3,4.03,76.1,1.927,4.7,1.048,0,nominal,0,0.0,194.91,701684.1
316.0,descend_land,29.883203559510566,1588.2091212458288,32.32480533926585,2901.0,743.3,756.2,755.9,746.4,171.1,173.5,175.8,178.1,4.03,75.7,1.92,2905.2,744.7,752.7,755.7,745.7,171.3,172.8,176.3,177.3,4.03,76.1,1.927,4.7,1.049,0,nominal,0,0.0,194.91,701684.0
316.1,descend_land,29.872080088987765,1584.705228031146,32.308120133481644,2900.5,742.1,750.8,756.6,744.0,172.3,173.2,176.2,177.5,4.04,75.8,1.957,2905.1,744.7,752.7,755.7,745.7,171.3,172.8,176.3,177.3,4.03,76.1,1.927,4.7,1.049,0,nominal,0,0.0,194.91,701683.9
316.2,descend_land,29.86095661846496,1581.2013348164628,32.291434927697445,2906.3,745.3,753.7,754.2,744.3,172.5,172.8,175.7,176.8,4.0,76.4,1.879,2905.0,744.6,752.6,755.6,745.6,171.3,172.8,176.3,177.3,4.03,76.1,1.927,4.7,1.05,0,nominal,0,0.0,194.91,701683.8
316.3,descend_land,29.849833147942157,1577.69744160178,32.27474972191324,2898.7,745.9,752.8,754.2,745.5,171.3,173.2,175.3,177.7,4.03,75.5,1.947,2904.9,744.6,752.6,755.6,745.6,171.3,172.8,176.3,177.3,4.03,76.1,1.927,4.7,1.05,0,nominal,0,0.0,194.91,701683.7
316.4,descend_land,29.838709677419356,1574.1935483870968,32.25806451612903,2911.5,745.4,753.1,754.3,745.1,171.6,173.1,176.0,177.3,4.04,75.9,1.969,2904.8,744.6,752.6,755.6,745.6,171.3,172.8,176.3,177.3,4.03,76.1,1.927,4.8,1.05,0,nominal,0,0.0,194.91,701683.6
316.5,descend_land,29.82758620689655,1570.689655172414,32.241379310344826,2909.1,745.5,751.6,757.0,743.9,170.6,172.9,176.4,177.0,4.04,77.0,1.907,2904.7,744.5,752.5,755.5,745.5,171.2,172.7,176.2,177.2,4.03,76.1,1.927,4.8,1.051,0,nominal,0,0.0,194.91,701683.5
316.6,descend_land,29.816462736373747,1567.1857619577308,32.224694104560626,2901.4,742.8,753.2,756.1,743.1,170.7,173.4,176.4,177.3,4.04,76.0,1.952,2904.6,744.5,752.5,755.5,745.5,171.2,172.7,176.2,177.2,4.03,76.1,1.927,4.8,1.051,0,nominal,0,0.0,194.91,701683.4
316.7,descend_land,29.805339265850947,1563.681868743048,32.20800889877642,2901.2,743.3,753.5,757.0,744.6,170.1,173.3,176.2,176.6,4.04,75.3,1.919,2904.5,744.5,752.5,755.5,745.5,171.2,172.7,176.2,177.2,4.03,76.2,1.927,4.8,1.051,0,nominal,0,0.0,194.91,701683.3
316.8,descend_land,29.794215795328142,1560.1779755283649,32.19132369299221,2905.8,744.7,753.9,754.6,744.1,172.2,172.9,177.4,177.6,4.04,76.0,1.931,2904.4,744.4,752.4,755.4,745.4,171.2,172.7,176.2,177.2,4.03,76.2,1.927,4.9,1.052,0,nominal,0,0.0,194.91,701683.2
316.9,descend_land,29.783092324805338,1556.674082313682,32.17463848720801,2901.7,746.0,751.7,753.5,744.3,171.4,172.7,175.7,176.2,4.0,76.1,1.915,2904.3,744.4,752.4,755.4,745.4,171.2,172.7,176.2,177.2,4.03,76.2,1.926,4.9,1.052,0,nominal,0,0.0,194.91,701683.1
317.0,descend_land,29.771968854282534,1553.170189098999,32.1579532814238,2908.7,741.0,751.1,755.1,748.9,171.4,173.2,175.1,177.7,4.03,76.2,1.883,2904.1,744.4,752.4,755.4,745.4,171.2,172.7,176.2,177.2,4.03,76.2,1.926,4.9,1.052,0,nominal,0,0.0,194.91,701683.0
317.1,descend_land,29.760845383759733,1549.666295884316,32.1412680756396,2903.2,743.3,753.9,755.9,747.0,170.7,173.5,175.4,177.0,3.99,76.3,1.961,2904.0,744.3,752.3,755.3,745.3,171.2,172.7,176.2,177.2,4.03,76.2,1.926,4.9,1.053,0,nominal,0,0.0,194.91,701682.9
317.2,descend_land,29.74972191323693,1546.1624026696331,32.124582869855395,2901.0,744.2,752.3,755.4,743.9,170.9,172.6,177.3,176.4,4.0,75.6,1.935,2903.9,744.3,752.3,755.3,745.3,171.2,172.7,176.2,177.2,4.03,76.2,1.926,4.9,1.053,0,nominal,0,0.0,194.91,701682.8
317.3,descend_land,29.738598442714128,1542.65850945495,32.10789766407119,2905.9,743.3,750.6,755.1,747.1,170.3,172.6,176.0,177.2,4.02,76.3,1.915,2903.8,744.3,752.3,755.3,745.3,171.2,172.7,176.2,177.2,4.03,76.2,1.926,5.0,1.054,0,nominal,0,0.0,194.91,701682.7
317.4,descend_land,29.727474972191324,1539.1546162402672,32.09121245828699,2907.7,743.5,750.4,753.9,746.3,171.3,172.6,176.0,177.6,4.03,76.3,1.972,2903.7,744.3,752.3,755.3,745.3,171.2,172.7,176.2,177.2,4.03,76.2,1.926,5.0,1.054,0,nominal,0,0.0,194.91,701682.6
317.5,descend_land,29.71635150166852,1535.650723025584,32.07452725250278,2902.0,745.4,751.0,756.2,746.0,171.5,173.0,176.4,178.1,4.07,76.0,1.968,2903.6,744.2,752.2,755.2,745.2,171.2,172.7,176.2,177.2,4.03,76.2,1.926,5.0,1.054,0,nominal,0,0.0,194.91,701682.5
317.6,descend_land,29.705228031145715,1532.1468298109012,32.05784204671858,2906.8,746.0,752.0,755.5,743.4,171.0,173.3,176.7,177.4,4.04,75.6,1.954,2903.5,744.2,752.2,755.2,745.2,171.1,172.6,176.1,177.1,4.03,76.3,1.926,5.0,1.055,0,nominal,0,0.0,194.91,701682.4
317.7,descend_land,29.694104560622915,1528.642936596218,32.04115684093437,2905.1,744.2,752.3,753.4,746.8,170.1,172.7,174.8,176.2,4.05,76.1,1.932,2903.4,744.2,752.2,755.2,745.2,171.1,172.6,176.1,177.1,4.03,76.3,1.926,5.1,1.055,0,nominal,0,0.0,194.91,701682.3
317.8,descend_land,29.68298109010011,1525.1390433815352,32.024471635150164,2914.5,745.7,753.5,753.4,744.7,172.1,173.2,176.0,176.1,4.0,76.8,1.913,2903.3,744.1,752.1,755.1,745.1,171.1,172.6,176.1,177.1,4.03,76.3,1.926,5.1,1.055,0,nominal,0,0.0,194.91,701682.2
317.9,descend_land,29.67185761957731,1521.635150166852,32.007786429365964,2903.2,743.8,750.7,754.8,743.7,171.3,173.5,176.0,176.6,4.01,76.1,1.898,2903.2,744.1,752.1,755.1,745.1,171.1,172.6,176.1,177.1,4.03,76.3,1.926,5.1,1.056,0,nominal,0,0.0,194.91,701682.1
318.0,descend_land,29.660734149054505,1518.1312569521692,31.991101223581758,2900.1,744.6,750.9,756.2,745.5,169.7,173.2,176.9,177.0,4.0,76.4,1.933,2903.1,744.1,752.1,755.1,745.1,171.1,172.6,176.1,177.1,4.03,76.3,1.926,5.1,1.056,0,nominal,0,0.0,194.91,701682.0
318.1,descend_land,29.6496106785317,1514.6273637374861,31.97441601779755,2903.7,743.4,753.8,753.1,745.4,170.5,172.8,176.7,178.5,4.05,76.2,1.983,2903.0,744.0,752.0,755.0,745.0,171.1,172.6,176.1,177.1,4.03,76.3,1.926,5.2,1.057,0,nominal,0,0.0,194.91,701681.9
318.2,descend_land,29.638487208008897,1511.1234705228032,31.95773081201335,2904.3,743.8,751.6,755.6,743.7,171.2,172.3,175.8,176.6,4.03,76.1,1.895,2902.8,744.0,752.0,755.0,745.0,171.1,172.6,176.1,177.1,4.03,76.3,1.926,5.2,1.057,0,nominal,0,0.0,194.91,701681.8
318.3,descend_land,29.627363737486096,1507.6195773081201,31.941045606229146,2900.7,744.3,750.5,754.3,745.6,170.5,173.4,175.9,177.2,4.04,76.1,1.937,2902.7,744.0,752.0,755.0,745.0,171.1,172.6,176.1,177.1,4.03,76.3,1.925,5.2,1.057,0,nominal,0,0.0,194.91,701681.7
318.4,descend_land,29.616240266963292,1504.1156840934373,31.92436040044494,2900.1,743.1,751.2,753.1,743.8,171.8,173.1,175.6,177.0,4.02,76.5,1.979,2902.6,743.9,751.9,754.9,744.9,171.1,172.6,176.1,177.1,4.03,76.3,1.925,5.2,1.058,0,nominal,0,0.0,194.91,701681.6
318.5,descend_land,29.60511679644049,1500.6117908787542,31.907675194660733,2900.4,744.7,752.7,753.1,747.4,171.0,173.2,175.5,177.5,4.03,77.0,1.895,2902.5,743.9,751.9,754.9,744.9,171.1,172.6,176.1,177.1,4.03,76.4,1.925,5.2,1.058,0,nominal,0,0.0,194.91,701681.5
318.6,descend_land,29.593993325917687,1497.1078976640713,31.89098998887653,2895.6,743.2,755.6,756.0,742.2,169.9,172.3,176.5,178.4,4.06,75.7,1.9,2902.4,743.9,751.9,754.9,744.9,171.1,172.6,176.1,177.1,4.03,76.4,1.925,5.3,1.058,0,nominal,0,0.0,194.91,701681.4
318.7,descend_land,29.582869855394883,1493.6040044493884,31.874304783092327,2901.6,744.2,750.9,753.8,744.4,170.8,172.9,176.4,177.1,4.05,76.1,1.976,2902.3,743.8,751.8,754.8,744.8,171.1,172.6,176.1,177.1,4.03,76.4,1.925,5.3,1.059,0,nominal,0,0.0,194.91,701681.3
318.8,descend_land,29.57174638487208,1490.1001112347053,31.85761957730812,2903.8,743.7,751.5,756.2,744.8,171.1,172.4,175.9,177.6,4.01,76.2,1.939,2902.2,743.8,751.8,754.8,744.8,171.0,172.5,176.0,177.0,4.03,76.4,1.925,5.3,1.059,0,nominal,0,0.0,194.91,701681.2
318.9,descend_land,29.560622914349278,1486.5962180200224,31.840934371523915,2898.4,743.9,751.1,755.1,745.3,171.6,172.3,175.7,176.0,3.99,76.0,1.942,2902.1,743.8,751.8,754.8,744.8,171.0,172.5,176.0,177.0,4.03,76.4,1.925,5.3,1.059,0,nominal,0,0.0,194.91,701681.1
319.0,descend_land,29.549499443826473,1483.0923248053393,31.82424916573971,2897.0,742.6,751.5,753.9,743.1,170.5,172.8,176.6,176.8,4.0,77.2,1.935,2902.0,743.8,751.8,754.8,744.8,171.0,172.5,176.0,177.0,4.03,76.4,1.925,5.4,1.06,0,nominal,0,0.0,194.91,701681.0
319.1,descend_land,29.538375973303673,1479.5884315906565,31.80756395995551,2900.7,742.8,748.6,753.9,746.5,171.1,172.2,176.6,175.6,4.0,76.2,1.942,2901.8,743.7,751.7,754.7,744.7,171.0,172.5,176.0,177.0,4.03,76.4,1.925,5.4,1.06,0,nominal,0,0.0,194.91,701680.9
319.2,descend_land,29.52725250278087,1476.0845383759734,31.790878754171302,2905.9,741.2,751.5,754.4,743.2,171.0,172.2,175.1,176.2,4.01,76.5,1.904,2901.7,743.7,751.7,754.7,744.7,171.0,172.5,176.0,177.0,4.03,76.4,1.925,5.4,1.061,0,nominal,0,0.0,194.91,701680.8
319.3,descend_land,29.516129032258064,1472.5806451612905,31.774193548387096,2902.2,742.7,752.8,754.5,745.6,170.5,172.9,175.4,177.4,4.0,76.6,1.914,2901.6,743.7,751.7,754.7,744.7,171.0,172.5,176.0,177.0,4.03,76.4,1.925,5.4,1.061,0,nominal,0,0.0,194.91,701680.7
319.4,descend_land,29.50500556173526,1469.0767519466074,31.75750834260289,2899.1,743.9,752.6,756.6,741.1,171.3,173.2,176.0,177.7,4.0,76.9,1.917,2901.5,743.6,751.6,754.6,744.6,171.0,172.5,176.0,177.0,4.03,76.5,1.925,5.5,1.061,0,nominal,0,0.0,194.91,701680.6
319.5,descend_land,29.49388209121246,1465.5728587319245,31.740823136818687,2909.7,745.7,751.4,755.3,746.9,170.9,172.1,175.7,177.7,3.99,76.2,1.941,2901.4,743.6,751.6,754.6,744.6,171.0,172.5,176.0,177.0,4.03,76.5,1.925,5.5,1.062,0,nominal,0,0.0,194.91,701680.5
319.6,descend_land,29.482758620689655,1462.0689655172414,31.724137931034484,2900.6,741.1,750.5,754.5,743.4,171.7,172.6,176.5,175.9,4.07,75.9,1.911,2901.3,743.6,751.6,754.6,744.6,171.0,172.5,176.0,177.0,4.03,76.5,1.925,5.5,1.062,0,nominal,0,0.0,194.91,701680.4
319.7,descend_land,29.471635150166854,1458.5650723025585,31.707452725250278,2899.5,743.5,751.8,756.0,745.7,171.0,171.5,175.4,176.8,4.01,76.5,1.909,2901.2,743.5,751.5,754.5,744.5,171.0,172.5,176.0,177.0,4.02,76.5,1.924,5.5,1.062,0,nominal,0,0.0,194.91,701680.3
319.8,descend_land,29.46051167964405,1455.0611790878754,31.69076751946607,2898.9,743.2,752.3,754.3,744.1,172.2,173.1,177.3,177.2,4.01,76.9,1.887,2901.1,743.5,751.5,754.5,744.5,171.0,172.5,176.0,177.0,4.02,76.5,1.924,5.5,1.063,0,nominal,0,0.0,194.91,701680.2
319.9,descend_land,29.449388209121246,1451.5572858731925,31.67408231368187,2890.0,745.1,752.9,754.2,744.0,171.2,172.5,177.1,175.9,4.01,76.7,1.904,2900.9,743.5,751.5,754.5,744.5,171.0,172.5,176.0,177.0,4.02,76.5,1.924,5.6,1.063,0,nominal,0,0.0,194.91,701680.1
320.0,descend_land,29.43826473859844,1448.0533926585097,31.657397107897665,2903.6,744.5,752.2,754.5,743.9,171.0,173.0,177.6,175.7,4.04,76.2,1.964,2900.8,743.4,751.4,754.4,744.4,170.9,172.4,175.9,176.9,4.02,76.5,1.924,5.6,1.064,0,nominal,0,0.0,194.91,701680.0
320.1,descend_land,29.42714126807564,1444.5494994438266,31.64071190211346,2908.5,743.0,752.5,755.5,746.1,170.6,172.3,175.9,176.3,4.03,76.1,1.968,2900.7,743.4,751.4,754.4,744.4,170.9,172.4,175.9,176.9,4.02,76.5,1.924,5.6,1.064,0,nominal,0,0.0,194.91,701679.9
320.2,descend_land,29.416017797552836,1441.0456062291437,31.624026696329253,2908.0,742.2,750.4,753.9,744.9,171.4,172.6,175.2,175.9,4.07,76.4,1.934,2900.6,743.4,751.4,754.4,744.4,170.9,172.4,175.9,176.9,4.02,76.5,1.924,5.6,1.064,0,nominal,0,0.0,194.91,701679.8
320.3,descend_land,29.404894327030032,1437.5417130144606,31.60734149054505,2897.4,742.6,752.9,753.7,745.3,171.7,172.4,175.6,177.6,3.99,77.4,1.927,2900.5,743.4,751.4,754.4,744.4,170.9,172.4,175.9,176.9,4.02,76.6,1.924,5.7,1.065,0,nominal,0,0.0,194.91,701679.7
320.4,descend_land,29.39377085650723,1434.0378197997777,31.590656284760847,2902.9,745.4,751.4,754.1,743.4,170.1,172.2,177.1,177.5,4.04,76.5,1.91,2900.4,743.3,751.3,754.3,744.3,170.9,172.4,175.9,176.9,4.02,76.6,1.924,5.7,1.065,0,nominal,0,0.0,194.91,701679.6
320.5,descend_land,29.382647385984427,1430.5339265850946,31.57397107897664,2900.1,745.1,749.8,755.4,742.8,171.5,172.4,175.2,176.5,4.01,76.7,1.932,2900.3,743.3,751.3,754.3,744.3,170.9,172.4,175.9,176.9,4.02,76.6,1.924,5.7,1.065,0,nominal,0,0.0,194.91,701679.5
320.6,descend_land,29.371523915461623,1427.0300333704117,31.557285873192434,2892.9,745.2,748.5,756.2,745.1,170.9,173.2,178.1,176.3,4.04,76.6,1.946,2900.2,743.3,751.3,754.3,744.3,170.9,172.4,175.9,176.9,4.02,76.6,1.924,5.7,1.066,0,nominal,0,0.0,194.91,701679.4
320.7,descend_land,29.360400444938822,1423.5261401557286,31.54060066740823,2901.8,742.9,751.0,753.1,744.1,170.7,172.8,175.2,176.2,4.05,76.4,1.906,2900.0,743.2,751.2,754.2,744.2,170.9,172.4,175.9,176.9,4.02,76.6,1.924,5.7,1.066,0,nominal,0,0.0,194.91,701679.3
320.8,descend_land,29.349276974416018,1420.0222469410458,31.52391546162403,2907.6,742.2,752.5,755.0,744.9,170.2,172.1,176.1,177.5,4.04,76.3,1.935,2899.9,743.2,751.2,754.2,744.2,170.9,172.4,175.9,176.9,4.02,76.6,1.924,5.8,1.067,0,nominal,0,0.0,194.91,701679.2
320.9,descend_land,29.338153503893214,1416.5183537263626,31.507230255839822,2902.6,744.5,749.6,753.0,745.5,170.9,172.4,175.6,177.0,4.06,76.9,1.921,2899.8,743.2,751.2,754.2,744.2,170.9,172.4,175.9,176.9,4.02,76.6,1.924,5.8,1.067,0,nominal,0,0.0,194.91,701679.1
321.0,descend_land,29.327030033370413,1413.0144605116798,31.490545050055616,2900.9,743.5,751.9,755.1,745.3,171.0,171.4,175.2,175.7,4.04,76.6,1.899,2899.7,743.1,751.1,754.1,744.1,170.9,172.4,175.9,176.9,4.02,76.6,1.924,5.8,1.067,0,nominal,0,0.0,194.91,701679.0
321.1,descend_land,29.31590656284761,1409.5105672969967,31.473859844271413,2908.5,742.6,750.2,754.6,742.2,171.3,171.8,175.2,176.3,4.04,77.3,1.973,2899.6,743.1,751.1,754.1,744.1,170.9,172.4,175.9,176.9,4.02,76.7,1.923,5.8,1.068,0,nominal,0,0.0,194.91,701678.9
321.2,descend_land,29.304783092324804,1406.0066740823138,31.45717463848721,2904.6,746.6,752.8,753.5,746.6,171.1,173.1,176.9,177.0,4.03,77.4,1.878,2899.5,743.1,751.1,754.1,744.1,170.8,172.3,175.8,176.8,4.02,76.7,1.923,5.9,1.068,0,nominal,0,0.0,194.91,701678.8
321.3,descend_land,29.293659621802,1402.502780867631,31.440489432703004,2904.2,742.4,752.4,754.3,745.3,171.2,171.8,175.4,176.1,4.06,77.3,1.923,2899.4,743.0,751.0,754.0,744.0,170.8,172.3,175.8,176.8,4.02,76.7,1.923,5.9,1.068,0,nominal,0,0.0,194.91,701678.7
321.4,descend_land,29.2825361512792,1398.9988876529478,31.423804226918797,2898.3,742.5,749.7,754.9,743.2,171.5,172.6,175.7,177.1,4.04,77.1,1.862,2899.2,743.0,751.0,754.0,744.0,170.8,172.3,175.8,176.8,4.02,76.7,1.923,5.9,1.069,0,nominal,0,0.0,194.91,701678.6
321.5,descend_land,29.271412680756395,1395.494994438265,31.407119021134594,2908.7,742.8,750.9,754.6,743.8,170.0,172.7,176.3,175.7,4.03,77.1,1.947,2899.1,743.0,751.0,754.0,744.0,170.8,172.3,175.8,176.8,4.02,76.7,1.923,5.9,1.069,0,nominal,0,0.0,194.91,701678.5
321.6,descend_land,29.260289210233594,1391.9911012235818,31.39043381535039,2896.4,742.6,750.9,752.6,745.5,171.0,171.4,176.1,176.3,4.01,76.2,1.842,2899.0,742.9,750.9,753.9,743.9,170.8,172.3,175.8,176.8,4.02,76.7,1.923,6.0,1.069,0,nominal,0,0.0,194.91,701678.4
321.7,descend_land,29.24916573971079,1388.487208008899,31.373748609566185,2892.3,743.3,751.6,751.9,744.1,170.9,171.5,176.4,176.1,4.02,77.2,1.934,2898.9,742.9,750.9,753.9,743.9,170.8,172.3,175.8,176.8,4.02,76.7,1.923,6.0,1.07,0,nominal,0,0.0,194.91,701678.3
321.8,descend_land,29.238042269187986,1384.9833147942159,31.35706340378198,2903.7,743.1,750.9,754.0,744.3,171.0,171.7,175.2,176.7,4.01,75.9,1.884,2898.8,742.9,750.9,753.9,743.9,170.8,172.3,175.8,176.8,4.02,76.7,1.923,6.0,1.07,0,nominal,0,0.0,194.91,701678.2
321.9,descend_land,29.22691879866518,1381.479421579533,31.340378197997776,2898.1,743.2,747.4,756.4,742.2,171.0,172.3,176.4,177.4,4.04,76.4,1.927,2898.7,742.9,750.9,753.9,743.9,170.8,172.3,175.8,176.8,4.02,76.8,1.923,6.0,1.071,0,nominal,0,0.0,194.91,701678.1
322.0,descend_land,29.21579532814238,1377.9755283648499,31.323692992213573,2892.6,744.5,751.4,755.6,743.6,171.6,172.3,176.4,176.9,4.02,76.2,1.892,2898.5,742.8,750.8,753.8,743.8,170.8,172.3,175.8,176.8,4.02,76.8,1.923,6.0,1.071,0,nominal,0,0.0,194.91,701678.0
322.1,descend_land,29.204671857619577,1374.471635150167,31.307007786429367,2901.3,742.8,748.2,755.3,744.2,171.1,172.2,176.5,177.0,3.98,76.9,1.891,2898.4,742.8,750.8,753.8,743.8,170.8,172.3,175.8,176.8,4.02,76.8,1.923,6.1,1.071,0,nominal,0,0.0,194.91,701677.9
322.2,descend_land,29.193548387096776,1370.967741935484,31.29032258064516,2893.7,741.0,749.1,756.3,743.0,171.8,172.3,176.3,177.1,4.02,76.3,1.923,2898.3,742.8,750.8,753.8,743.8,170.8,172.3,175.8,176.8,4.02,76.8,1.923,6.1,1.072,0,nominal,0,0.0,194.91,701677.8
322.3,descend_land,29.18242491657397,1367.463848720801,31.273637374860957,2907.7,742.9,751.3,754.9,747.9,170.6,171.4,174.9,177.2,4.03,75.7,1.93,2898.2,742.7,750.7,753.7,743.7,170.8,172.3,175.8,176.8,4.02,76.8,1.923,6.1,1.072,0,nominal,0,0.0,194.91,701677.7
322.4,descend_land,29.171301446051167,1363.959955506118,31.256952169076754,2891.2,741.8,748.0,754.1,743.9,170.6,171.8,176.0,175.8,4.0,77.3,1.93,2898.1,742.7,750.7,753.7,743.7,170.8,172.3,175.8,176.8,4.02,76.8,1.922,6.1,1.072,0,nominal,0,0.0,194.91,701677.6
322.5,descend_land,29.160177975528363,1360.456062291435,31.240266963292548,2907.4,743.3,751.0,754.0,742.4,170.7,172.3,175.2,176.5,4.0,76.2,1.862,2898.0,742.7,750.7,753.7,743.7,170.7,172.2,175.7,176.7,4.02,76.8,1.922,6.2,1.073,0,nominal,0,0.0,194.91,701677.5
322.6,descend_land,29.149054505005562,1356.9521690767522,31.22358175750834,2897.2,745.1,749.3,752.7,745.2,170.3,172.9,175.7,177.4,4.01,76.3,1.911,2897.8,742.6,750.6,753.6,743.6,170.7,172.2,175.7,176.7,4.02,76.8,1.922,6.2,1.073,0,nominal,0,0.0,194.91,701677.4
322.7,descend_land,29.137931034482758,1353.448275862069,31.20689655172414,2896.6,741.4,749.1,753.3,744.4,170.2,171.0,176.1,177.9,4.03,76.4,1.989,2897.7,742.6,750.6,753.6,743.6,170.7,172.2,175.7,176.7,4.02,76.9,1.922,6.2,1.074,0,nominal,0,0.0,194.91,701677.3
322.8,descend_land,29.126807563959957,1349.9443826473862,31.190211345939936,2902.9,743.0,753.4,752.7,744.0,170.2,172.2,175.8,176.7,4.02,76.9,1.94,2897.6,742.6,750.6,753.6,743.6,170.7,172.2,175.7,176.7,4.02,76.9,1.922,6.2,1.074,0,nominal,0,0.0,194.91,701677.2
322.9,descend_land,29.115684093437153,1346.440489432703,31.17352614015573,2892.5,740.1,750.8,754.4,742.3,170.9,172.5,176.3,177.1,4.03,76.7,1.954,2897.5,742.5,750.5,753.5,743.5,170.7,172.2,175.7,176.7,4.02,76.9,1.922,6.2,1.074,0,nominal,0,0.0,194.91,701677.1
323.0,descend_land,29.10456062291435,1342.9365962180202,31.156840934371523,2899.5,744.0,750.8,754.2,743.5,171.3,171.9,175.3,177.0,4.04,77.1,1.91,2897.4,742.5,750.5,753.5,743.5,170.7,172.2,175.7,176.7,4.02,76.9,1.922,6.3,1.075,0,nominal,0,0.0,194.91,701677.0
323.1,descend_land,29.093437152391544,1339.432703003337,31.14015572858732,2908.6,744.0,750.5,754.7,741.0,170.3,172.0,175.2,176.9,4.02,76.7,1.873,2897.2,742.5,750.5,753.5,743.5,170.7,172.2,175.7,176.7,4.02,76.9,1.922,6.3,1.075,0,nominal,0,0.0,194.91,701676.9
323.2,descend_land,29.082313681868744,1335.9288097886542,31.123470522803114,2886.2,739.0,748.8,756.5,745.1,170.0,171.6,175.8,176.1,4.02,76.9,1.883,2897.1,742.4,750.4,753.4,743.4,170.7,172.2,175.7,176.7,4.02,76.9,1.922,6.3,1.075,0,nominal,0,0.0,194.91,701676.8
323.3,descend_land,29.07119021134594,1332.4249165739711,31.10678531701891,2880.0,743.1,751.8,754.2,742.8,170.5,172.1,174.9,176.3,4.05,77.0,1.955,2897.0,742.4,750.4,753.4,743.4,170.7,172.2,175.7,176.7,4.02,76.9,1.922,6.3,1.076,0,nominal,0,0.0,194.91,701676.7
323.4,descend_land,29.06006674082314,1328.9210233592883,31.090100111234705,2897.3,739.6,749.6,754.0,744.7,171.3,172.5,174.8,176.9,4.01,76.5,1.957,2896.9,742.4,750.4,753.4,743.4,170.7,172.2,175.7,176.7,4.02,76.9,1.922,6.4,1.076,0,nominal,0,0.0,194.91,701676.6
323.5,descend_land,29.048943270300335,1325.4171301446052,31.0734149054505,2887.6,740.6,751.6,753.8,744.4,170.8,171.6,175.6,177.0,4.07,77.5,1.913,2896.8,742.4,750.4,753.4,743.4,170.7,172.2,175.7,176.7,4.02,77.0,1.922,6.4,1.077,0,nominal,0,0.0,194.91,701676.5
323.6,descend_land,29.03781979977753,1321.9132369299223,31.056729699666295,2894.2,743.6,749.1,751.3,743.0,170.1,170.9,176.3,176.3,4.02,76.8,1.905,2896.7,742.3,750.3,753.3,743.3,170.7,172.2,175.7,176.7,4.02,77.0,1.922,6.4,1.077,0,nominal,0,0.0,194.91,701676.4
323.7,descend_land,29.026696329254726,1318.4093437152392,31.040044493882093,2898.6,743.1,750.2,755.6,744.3,169.8,171.9,176.0,176.6,4.03,76.7,1.921,2896.5,742.3,750.3,753.3,743.3,170.7,172.2,175.7,176.7,4.02,77.0,1.921,6.4,1.077,0,nominal,0,0.0,194.91,701676.3
323.8,descend_land,29.015572858731925,1314.9054505005563,31.023359288097886,2898.1,740.0,750.2,753.3,743.9,171.2,171.5,175.6,177.0,4.0,77.3,1.948,2896.4,742.3,750.3,753.3,743.3,170.6,172.1,175.6,176.6,4.02,77.0,1.921,6.5,1.078,0,nominal,0,0.0,194.91,701676.2
323.9,descend_land,29.00444938820912,1311.4015572858734,31.00667408231368,2901.7,741.4,750.1,751.3,742.7,170.8,172.0,176.4,177.1,4.01,75.8,1.869,2896.3,742.2,750.2,753.2,743.2,170.6,172.1,175.6,176.6,4.02,77.0,1.921,6.5,1.078,0,nominal,0,0.0,194.91,701676.1
324.0,descend_land,28.993325917686317,1307.8976640711903,30.989988876529477,2887.6,739.8,749.2,754.2,743.5,169.6,172.7,174.6,176.7,3.98,77.2,1.933,2896.2,742.2,750.2,753.2,743.2,170.6,172.1,175.6,176.6,4.02,77.0,1.921,6.5,1.078,0,nominal,0,0.0,194.91,701676.0
324.1,descend_land,28.982202447163516,1304.3937708565074,30.973303670745274,2901.1,741.3,750.5,752.0,741.6,169.6,172.2,176.4,176.1,4.0,77.9,1.957,2896.1,742.2,750.2,753.2,743.2,170.6,172.1,175.6,176.6,4.02,77.0,1.921,6.5,1.079,0,nominal,0,0.0,194.91,701675.9
324.2,descend_land,28.97107897664071,1300.8898776418243,30.956618464961068,2894.3,740.9,750.2,755.2,743.0,170.1,172.8,177.1,176.6,4.02,77.1,1.905,2895.9,742.1,750.1,753.1,743.1,170.6,172.1,175.6,176.6,4.02,77.0,1.921,6.5,1.079,0,nominal,0,0.0,194.91,701675.8
324.3,descend_land,28.959955506117907,1297.3859844271415,30.93993325917686,2900.8,741.1,752.4,753.1,741.9,170.3,172.8,175.9,175.8,4.04,77.2,1.957,2895.8,742.1,750.1,753.1,743.1,170.6,172.1,175.6,176.6,4.02,77.1,1.921,6.6,1.08,0,nominal,0,0.0,194.91,701675.7
324.4,descend_land,28.948832035595107,1293.8820912124584,30.92324805339266,2903.3,740.6,750.8,754.5,744.2,171.4,171.8,175.4,175.9,4.02,76.9,1.977,2895.7,742.1,750.1,753.1,743.1,170.6,172.1,175.6,176.6,4.02,77.1,1.921,6.6,1.08,0,nominal,0,0.0,194.91,701675.6
324.5,descend_land,28.937708565072302,1290.3781979977755,30.906562847608456,2898.1,740.6,749.3,752.7,741.7,169.8,171.1,174.3,177.2,4.03,77.2,1.908,2895.6,742.0,750.0,753.0,743.0,170.6,172.1,175.6,176.6,4.02,77.1,1.921,6.6,1.08,0,nominal,0,0.0,194.91,701675.5
324.6,descend_land,28.926585094549498,1286.8743047830924,30.88987764182425,2893.7,742.0,752.3,753.4,746.1,170.7,172.7,174.7,176.4,4.0,77.0,1.935,2895.4,742.0,750.0,753.0,743.0,170.6,172.1,175.6,176.6,4.02,77.1,1.921,6.6,1.081,0,nominal,0,0.0,194.91,701675.4
324.7,descend_land,28.915461624026698,1283.3704115684095,30.873192436040043,2900.8,742.3,749.5,754.9,743.4,170.6,172.2,175.4,177.3,4.04,77.3,1.935,2895.3,742.0,750.0,753.0,743.0,170.6,172.1,175.6,176.6,4.02,77.1,1.921,6.7,1.081,0,nominal,0,0.0,194.91,701675.3
324.8,descend_land,28.904338153503893,1279.8665183537264,30.85650723025584,2899.4,742.5,751.1,756.0,742.3,171.7,172.3,176.3,176.4,4.02,76.9,1.921,2895.2,741.9,749.9,752.9,742.9,170.6,172.1,175.6,176.6,4.02,77.1,1.921,6.7,1.081,0,nominal,0,0.0,194.91,701675.2
324.9,descend_land,28.89321468298109,1276.3626251390435,30.839822024471637,2900.3,741.3,750.3,751.0,743.4,171.5,170.8,176.0,175.2,3.98,77.6,1.899,2895.1,741.9,749.9,752.9,742.9,170.6,172.1,175.6,176.6,4.02,77.1,1.92,6.7,1.082,0,nominal,0,0.0,194.91,701675.1
325.0,descend_land,28.882091212458285,1272.8587319243604,30.82313681868743,2896.6,741.3,751.0,752.4,742.7,170.7,172.2,175.3,175.5,3.96,77.4,1.91,2895.0,741.9,749.9,752.9,742.9,170.6,172.1,175.6,176.6,4.02,77.1,1.92,6.7,1.082,0,nominal,0,0.0,194.91,701675.0
325.1,descend_land,28.870967741935484,1269.3548387096776,30.806451612903224,2887.1,742.9,751.3,755.4,745.3,171.3,171.6,175.3,176.4,4.01,77.4,1.909,2894.8,741.9,749.9,752.9,742.9,170.5,172.0,175.5,176.5,4.02,77.2,1.92,6.7,1.083,0,nominal,0,0.0,194.91,701674.9
325.2,descend_land,28.85984427141268,1265.8509454949944,30.78976640711902,2895.7,741.5,748.3,755.6,742.5,170.4,171.5,174.6,177.1,3.99,77.5,1.954,2894.7,741.8,749.8,752.8,742.8,170.5,172.0,175.5,176.5,4.02,77.2,1.92,6.8,1.083,0,nominal,0,0.0,194.91,701674.8
325.3,descend_land,28.84872080088988,1262.3470522803116,30.77308120133482,2889.8,741.5,748.0,753.3,743.8,170.7,171.2,174.8,176.1,4.02,76.7,1.925,2894.6,741.8,749.8,752.8,742.8,170.5,172.0,175.5,176.5,4.02,77.2,1.92,6.8,1.083,0,nominal,0,0.0,194.91,701674.7
325.4,descend_land,28.837597330367075,1258.8431590656287,30.756395995550612,2895.7,743.2,749.6,755.0,742.4,170.2,171.3,174.2,178.0,3.97,77.4,1.952,2894.5,741.8,749.8,752.8,742.8,170.5,172.0,175.5,176.5,4.02,77.2,1.92,6.8,1.084,0,nominal,0,0.0,194.91,701674.6
325.5,descend_land,28.82647385984427,1255.3392658509456,30.739710789766406,2900.1,744.2,747.5,755.1,743.5,170.4,172.4,176.3,176.5,4.02,77.5,1.921,2894.4,741.7,749.7,752.7,742.7,170.5,172.0,175.5,176.5,4.02,77.2,1.92,6.8,1.084,0,nominal,0,0.0,194.91,701674.5
325.6,descend_land,28.815350389321466,1251.8353726362627,30.723025583982203,2890.4,742.0,748.3,751.7,741.3,170.8,172.7,175.2,176.8,3.98,77.3,1.902,2894.2,741.7,749.7,752.7,742.7,170.5,172.0,175.5,176.5,4.02,77.2,1.92,6.9,1.084,0,nominal,0,0.0,194.91,701674.4
325.7,descend_land,28.804226918798665,1248.3314794215796,30.706340378198,2894.6,740.4,749.4,752.8,744.3,171.4,171.8,175.3,175.8,4.02,77.1,1.903,2894.1,741.7,749.7,752.7,742.7,170.5,172.0,175.5,176.5,4.02,77.2,1.92,6.9,1.085,0,nominal,0,0.0,194.91,701674.3
325.8,descend_land,28.79310344827586,1244.8275862068967,30.689655172413794,2895.5,740.5,751.9,751.9,742.5,168.7,171.7,175.1,176.1,3.95,76.5,1.907,2894.0,741.6,749.6,752.6,742.6,170.5,172.0,175.5,176.5,4.02,77.3,1.92,6.9,1.085,0,nominal,0,0.0,194.91,701674.2
325.9,descend_land,28.78197997775306,1241.3236929922136,30.672969966629587,2899.6,740.8,749.9,750.7,743.3,170.1,172.5,175.4,175.7,4.02,76.3,1.928,2893.9,741.6,749.6,752.6,742.6,170.5,172.0,175.5,176.5,4.02,77.3,1.92,6.9,1.086,0,nominal,0,0.0,194.91,701674.1
326.0,descend_land,28.770856507230256,1237.8197997775308,30.656284760845384,2886.7,741.7,748.8,753.7,743.5,170.6,171.1,174.3,176.2,4.03,76.7,1.917,2893.7,741.6,749.6,752.6,742.6,170.5,172.0,175.5,176.5,4.02,77.3,1.92,7.0,1.086,0,nominal,0,0.0,194.91,701674.0
326.1,descend_land,28.759733036707452,1234.3159065628477,30.63959955506118,2889.9,742.6,750.4,753.5,742.9,170.0,172.3,177.2,176.2,4.02,77.5,1.887,2893.6,741.5,749.5,752.5,742.5,170.5,172.0,175.5,176.5,4.02,77.3,1.919,7.0,1.086,0,nominal,0,0.0,194.91,701673.9
326.2,descend_land,28.748609566184648,1230.8120133481648,30.622914349276975,2890.3,740.1,747.1,751.0,744.1,170.1,172.2,174.9,176.6,4.02,77.4,1.982,2893.5,741.5,749.5,752.5,742.5,170.5,172.0,175.5,176.5,4.02,77.3,1.919,7.0,1.087,0,nominal,0,0.0,194.91,701673.8
326.3,descend_land,28.737486095661847,1227.3081201334817,30.60622914349277,2890.7,742.2,749.0,752.9,743.8,169.9,172.1,174.3,176.8,4.01,77.3,1.897,2893.4,741.5,749.5,752.5,742.5,170.5,172.0,175.5,176.5,4.02,77.3,1.919,7.0,1.087,0,nominal,0,0.0,194.91,701673.7
326.4,descend_land,28.726362625139043,1223.8042269187988,30.589543937708566,2897.5,739.9,748.3,751.6,740.9,170.7,172.3,175.8,176.6,4.0,77.1,1.863,2893.2,741.4,749.4,752.4,742.4,170.5,172.0,175.5,176.5,4.02,77.3,1.919,7.0,1.087,0,nominal,0,0.0,194.91,701673.6
326.5,descend_land,28.715239154616242,1220.3003337041157,30.572858731924363,2888.9,742.7,749.0,752.4,744.6,169.7,171.4,175.2,176.8,4.01,77.6,1.887,2893.1,741.4,749.4,752.4,742.4,170.4,171.9,175.4,176.4,4.02,77.3,1.919,7.1,1.088,0,nominal,0,0.0,194.91,701673.5
326.6,descend_land,28.704115684093438,1216.7964404894328,30.556173526140157,2892.3,741.4,750.2,751.5,741.6,171.2,172.2,175.1,175.9,4.04,76.5,1.856,2893.0,741.4,749.4,752.4,742.4,170.4,171.9,175.4,176.4,4.02,77.4,1.919,7.1,1.088,0,nominal,0,0.0,194.91,701673.4
326.7,descend_land,28.692992213570633,1213.29254727475,30.53948832035595,2887.7,740.6,747.5,751.6,740.2,171.2,171.9,174.8,176.0,3.99,77.1,1.89,2892.9,741.4,749.4,752.4,742.4,170.4,171.9,175.4,176.4,4.02,77.4,1.919,7.1,1.089,0,nominal,0,0.0,194.91,701673.3
326.8,descend_land,28.68186874304783,1209.7886540600668,30.522803114571747,2888.6,739.4,748.2,752.3,743.8,168.8,172.5,174.6,176.7,4.01,77.8,1.927,2892.7,741.3,749.3,752.3,742.3,170.4,171.9,175.4,176.4,4.02,77.4,1.919,7.1,1.089,0,nominal,0,0.0,194.91,701673.2
326.9,descend_land,28.67074527252503,1206.284760845384,30.506117908787544,2889.0,741.0,750.6,750.4,743.4,168.9,172.1,176.2,177.3,4.04,77.3,1.86,2892.6,741.3,749.3,752.3,742.3,170.4,171.9,175.4,176.4,4.02,77.4,1.919,7.2,1.089,0,nominal,0,0.0,194.91,701673.1
327.0,descend_land,28.659621802002224,1202.7808676307009,30.489432703003338,2894.0,743.1,746.1,751.8,742.5,169.7,172.2,175.7,176.2,4.0,77.0,1.924,2892.5,741.3,749.3,752.3,742.3,170.4,171.9,175.4,176.4,4.02,77.4,1.919,7.2,1.09,0,nominal,0,0.0,194.91,701673.0
327.1,descend_land,28.648498331479423,1199.276974416018,30.47274749721913,2886.9,741.3,746.7,751.1,745.8,169.8,172.0,176.0,175.7,4.04,77.1,1.92,2892.4,741.2,749.2,752.2,742.2,170.4,171.9,175.4,176.4,4.02,77.4,1.919,7.2,1.09,0,nominal,0,0.0,194.91,701672.9
327.2,descend_land,28.63737486095662,1195.773081201335,30.456062291434925,2888.8,741.1,748.8,751.9,740.0,169.6,171.6,176.4,177.3,4.04,77.0,1.978,2892.2,741.2,749.2,752.2,742.2,170.4,171.9,175.4,176.4,4.02,77.4,1.919,7.2,1.09,0,nominal,0,0.0,194.91,701672.8
327.3,descend_land,28.626251390433815,1192.269187986652,30.439377085650722,2891.4,741.0,747.1,752.4,745.5,171.5,172.0,175.4,176.0,3.98,77.3,1.898,2892.1,741.2,749.2,752.2,742.2,170.4,171.9,175.4,176.4,4.02,77.5,1.918,7.3,1.091,0,nominal,0,0.0,194.91,701672.7
327.4,descend_land,28.61512791991101,1188.765294771969,30.42269187986652,2885.3,742.1,745.6,753.1,742.4,170.4,172.5,174.2,176.1,3.99,77.1,1.958,2892.0,741.1,749.1,752.1,742.1,170.4,171.9,175.4,176.4,4.02,77.5,1.918,7.3,1.091,0,nominal,0,0.0,194.91,701672.6
327.5,descend_land,28.60400444938821,1185.261401557286,30.406006674082313,2895.4,739.9,750.0,754.2,743.0,170.4,171.6,175.5,177.2,4.01,77.3,1.933,2891.9,741.1,749.1,752.1,742.1,170.4,171.9,175.4,176.4,4.02,77.5,1.918,7.3,1.092,0,nominal,0,0.0,194.91,701672.5
327.6,descend_land,28.592880978865406,1181.757508342603,30.389321468298107,2890.0,739.9,748.8,750.3,741.5,169.5,172.3,175.3,176.8,3.98,77.4,1.934,2891.7,741.1,749.1,752.1,742.1,170.4,171.9,175.4,176.4,4.02,77.5,1.918,7.3,1.092,0,nominal,0,0.0,194.91,701672.4
327.7,descend_land,28.5817575083426,1178.25361512792,30.372636262513904,2885.6,741.9,749.2,752.6,741.8,170.7,172.3,176.1,176.2,4.07,77.5,1.893,2891.6,741.0,749.0,752.0,742.0,170.4,171.9,175.4,176.4,4.02,77.5,1.918,7.3,1.092,0,nominal,0,0.0,194.91,701672.3
327.8,descend_land,28.5706340378198,1174.749721913237,30.3559510567297,2885.9,739.4,750.4,749.6,742.0,170.1,171.7,175.0,175.4,4.04,77.0,1.916,2891.5,741.0,749.0,752.0,742.0,170.3,171.8,175.3,176.3,4.02,77.5,1.918,7.4,1.093,0,nominal,0,0.0,194.91,701672.2
327.9,descend_land,28.559510567296996,1171.245828698554,30.339265850945495,2894.6,743.4,747.3,752.2,741.5,171.3,171.3,174.4,176.7,3.99,77.2,1.901,2891.3,741.0,749.0,752.0,742.0,170.3,171.8,175.3,176.3,4.02,77.5,1.918,7.4,1.093,0,nominal,0,0.0,194.91,701672.1
328.0,descend_land,28.548387096774192,1167.7419354838712,30.32258064516129,2901.1,740.0,749.3,752.3,740.9,170.3,172.7,176.8,175.9,4.02,77.6,1.908,2891.2,740.9,748.9,751.9,741.9,170.3,171.8,175.3,176.3,4.02,77.5,1.918,7.4,1.093,0,nominal,0,0.0,194.91,701672.0
328.1,descend_land,28.53726362625139,1164.238042269188,30.305895439377085,2902.2,741.7,749.3,749.4,743.0,170.2,172.3,174.5,176.5,4.02,77.3,1.921,2891.1,740.9,748.9,751.9,741.9,170.3,171.8,175.3,176.3,4.02,77.6,1.918,7.4,1.094,0,nominal,0,0.0,194.91,701671.9
328.2,descend_land,28.526140155728587,1160.7341490545052,30.289210233592883,2887.9,737.1,746.8,750.8,742.2,168.7,170.8,175.6,176.5,4.03,78.2,1.873,2891.0,740.9,748.9,751.9,741.9,170.3,171.8,175.3,176.3,4.02,77.6,1.918,7.5,1.094,0,nominal,0,0.0,194.91,701671.8
328.3,descend_land,28.515016685205783,1157.2302558398221,30.272525027808676,2886.6,740.3,748.2,752.2,742.7,170.9,172.1,175.1,175.4,4.02,77.0,1.905,2890.8,740.8,748.8,751.8,741.8,170.3,171.8,175.3,176.3,4.02,77.6,1.918,7.5,1.095,0,nominal,0,0.0,194.91,701671.7
328.4,descend_land,28.503893214682982,1153.7263626251392,30.25583982202447,2904.4,741.6,749.2,754.3,740.1,170.2,171.2,174.1,176.8,4.01,77.6,1.909,2890.7,740.8,748.8,751.8,741.8,170.3,171.8,175.3,176.3,4.02,77.6,1.917,7.5,1.095,0,nominal,0,0.0,194.91,701671.6
328.5,descend_land,28.492769744160178,1150.2224694104561,30.239154616240267,2892.1,739.4,747.6,750.2,742.3,170.1,171.2,176.3,175.7,3.98,77.8,1.96,2890.6,740.8,748.8,751.8,741.8,170.3,171.8,175.3,176.3,4.02,77.6,1.917,7.5,1.095,0,nominal,0,0.0,194.91,701671.5
328.6,descend_land,28.481646273637374,1146.718576195773,30.222469410456064,2890.8,742.0,749.7,753.4,743.7,170.1,171.8,174.6,176.8,4.04,78.0,1.841,2890.5,740.8,748.8,751.8,741.8,170.3,171.8,175.3,176.3,4.02,77.6,1.917,7.5,1.096,0,nominal,0,0.0,194.91,701671.4
328.7,descend_land,28.47052280311457,1143.2146829810904,30.205784204671858,2891.7,740.8,747.7,751.4,742.3,170.4,171.8,175.1,175.9,3.98,77.3,1.931,2890.3,740.7,748.7,751.7,741.7,170.3,171.8,175.3,176.3,4.02,77.6,1.917,7.6,1.096,0,nominal,0,0.0,194.91,701671.3
328.8,descend_land,28.45939933259177,1139.7107897664073,30.18909899888765,2889.2,739.7,746.9,749.9,738.0,169.9,171.1,174.7,175.5,3.99,76.9,1.913,2890.2,740.7,748.7,751.7,741.7,170.3,171.8,175.3,176.3,4.02,77.7,1.917,7.6,1.096,0,nominal,0,0.0,194.91,701671.2
328.9,descend_land,28.448275862068964,1136.2068965517242,30.17241379310345,2880.9,740.4,746.5,750.7,742.4,171.2,171.8,175.3,176.5,3.99,77.1,1.883,2890.1,740.7,748.7,751.7,741.7,170.3,171.8,175.3,176.3,4.02,77.7,1.917,7.6,1.097,0,nominal,0,0.0,194.91,701671.1
329.0,descend_land,28.437152391546164,1132.703003337041,30.155728587319246,2881.2,740.9,750.5,753.5,741.1,169.4,171.0,175.2,177.0,4.03,77.1,1.887,2889.9,740.6,748.6,751.6,741.6,170.3,171.8,175.3,176.3,4.02,77.7,1.917,7.6,1.097,0,nominal,0,0.0,194.91,701671.0
329.1,descend_land,28.42602892102336,1129.1991101223584,30.13904338153504,2890.4,741.2,748.0,752.6,739.7,170.7,171.7,175.0,177.0,4.04,77.5,1.919,2889.8,740.6,748.6,751.6,741.6,170.3,171.8,175.3,176.3,4.02,77.7,1.917,7.7,1.098,0,nominal,0,0.0,194.91,701670.9
329.2,descend_land,28.414905450500555,1125.6952169076753,30.122358175750833,2903.8,738.8,745.8,751.2,742.0,169.6,172.3,174.9,176.2,4.01,77.8,1.88,2889.7,740.6,748.6,751.6,741.6,170.3,171.8,175.3,176.3,4.02,77.7,1.917,7.7,1.098,0,nominal,0,0.0,194.91,701670.8
329.3,descend_land,28.40378197997775,1122.1913236929922,30.10567296996663,2898.7,740.0,747.4,749.9,739.2,170.3,171.9,175.2,176.3,4.03,77.8,1.918,2889.5,740.5,748.5,751.5,741.5,170.2,171.7,175.2,176.2,4.02,77.7,1.917,7.7,1.098,0,nominal,0,0.0,194.91,701670.7
329.4,descend_land,28.39265850945495,1118.6874304783096,30.088987764182427,2893.2,741.7,748.2,751.8,741.8,170.5,172.4,175.5,175.7,4.02,77.6,1.903,2889.4,740.5,748.5,751.5,741.5,170.2,171.7,175.2,176.2,4.02,77.7,1.917,7.7,1.099,0,nominal,0,0.0,194.91,701670.6
329.5,descend_land,28.381535038932146,1115.1835372636265,30.07230255839822,2887.9,737.6,745.0,751.0,741.5,169.7,171.4,175.5,176.1,3.98,78.6,1.96,2889.3,740.5,748.5,751.5,741.5,170.2,171.7,175.2,176.2,4.02,77.8,1.916,7.8,1.099,0,nominal,0,0.0,194.91,701670.5
329.6,descend_land,28.370411568409345,1111.6796440489434,30.055617352614014,2885.2,740.6,749.1,750.7,741.6,170.5,172.4,175.6,176.4,4.0,77.8,1.914,2889.2,740.4,748.4,751.4,741.4,170.2,171.7,175.2,176.2,4.02,77.8,1.916,7.8,1.1,0,nominal,0,0.0,194.91,701670.4
329.7,descend_land,28.35928809788654,1108.1757508342603,30.03893214682981,2878.5,739.7,747.1,751.9,744.6,170.5,172.2,174.9,176.5,4.02,77.5,1.93,2889.0,740.4,748.4,751.4,741.4,170.2,171.7,175.2,176.2,4.02,77.8,1.916,7.8,1.1,0,nominal,0,0.0,194.91,701670.3
329.8,descend_land,28.348164627363737,1104.6718576195776,30.02224694104561,2894.2,739.5,750.4,752.7,742.3,171.4,172.6,175.5,176.1,4.04,78.1,1.887,2888.9,740.4,748.4,751.4,741.4,170.2,171.7,175.2,176.2,4.02,77.8,1.916,7.8,1.1,0,nominal,0,0.0,194.91,701670.2
329.9,descend_land,28.337041156840932,1101.1679644048945,30.005561735261402,2888.7,739.9,746.2,752.5,740.9,169.1,171.9,175.2,176.0,4.01,77.6,1.934,2888.8,740.3,748.3,751.3,741.3,170.2,171.7,175.2,176.2,4.02,77.8,1.916,7.8,1.101,0,nominal,0,0.0,194.91,701670.1
330.0,descend_land,28.32591768631813,1097.6640711902114,29.988876529477196,2891.1,739.9,748.7,749.6,739.2,170.8,170.8,175.4,175.5,3.96,77.7,1.943,2888.6,740.3,748.3,751.3,741.3,170.2,171.7,175.2,176.2,4.02,77.8,1.916,7.9,1.101,0,nominal,0,0.0,194.91,701670.0
330.1,descend_land,28.314794215795327,1094.1601779755283,29.972191323692993,2889.2,740.5,749.9,750.3,741.0,169.9,170.5,174.7,176.5,4.04,77.7,1.922,2888.5,740.3,748.3,751.3,741.3,170.2,171.7,175.2,176.2,4.02,77.8,1.916,7.9,1.101,0,nominal,0,0.0,194.91,701669.9
330.2,descend_land,28.303670745272527,1090.6562847608457,29.95550611790879,2880.7,738.5,748.0,750.0,741.8,170.4,171.2,174.9,176.6,4.02,77.2,1.94,2888.4,740.2,748.2,751.2,741.2,170.2,171.7,175.2,176.2,4.02,77.9,1.916,7.9,1.102,0,nominal,0,0.0,194.91,701669.8
330.3,descend_land,28.292547274749722,1087.1523915461626,29.938820912124584,2885.8,743.0,746.4,750.8,741.4,170.6,171.3,175.4,175.7,4.04,78.2,1.875,2888.2,740.2,748.2,751.2,741.2,170.2,171.7,175.2,176.2,4.02,77.9,1.916,7.9,1.102,0,nominal,0,0.0,194.91,701669.7
330.4,descend_land,28.281423804226918,1083.6484983314795,29.922135706340377,2890.2,739.4,747.0,751.3,740.1,170.4,171.9,175.5,177.1,4.03,77.7,1.878,2888.1,740.2,748.2,751.2,741.2,170.2,171.7,175.2,176.2,4.02,77.9,1.916,8.0,1.103,0,nominal,0,0.0,194.91,701669.6
330.5,descend_land,28.270300333704114,1080.1446051167964,29.905450500556174,2891.0,738.0,748.5,751.3,742.9,169.8,172.6,177.4,174.9,4.0,78.2,1.981,2888.0,740.2,748.2,751.2,741.2,170.2,171.7,175.2,176.2,4.02,77.9,1.916,8.0,1.103,0,nominal,0,0.0,194.91,701669.5
330.6,descend_land,28.259176863181313,1076.6407119021137,29.88876529477197,2892.3,742.2,749.4,749.5,740.8,169.8,171.7,174.4,177.1,4.03,78.5,1.937,2887.8,740.1,748.1,751.1,741.1,170.2,171.7,175.2,176.2,4.02,77.9,1.915,8.0,1.103,0,nominal,0,0.0,194.91,701669.4
330.7,descend_land,28.24805339265851,1073.1368186874306,29.872080088987765,2883.4,742.4,751.1,750.2,742.5,169.1,171.3,175.2,175.5,4.02,77.9,1.847,2887.7,740.1,748.1,751.1,741.1,170.1,171.6,175.1,176.1,4.02,77.9,1.915,8.0,1.104,0,nominal,0,0.0,194.91,701669.3
330.8,descend_land,28.236929922135708,1069.6329254727475,29.85539488320356,2893.7,742.9,748.7,749.7,740.3,169.5,171.8,175.9,176.1,4.08,78.3,1.904,2887.6,740.1,748.1,751.1,741.1,170.1,171.6,175.1,176.1,4.02,77.9,1.915,8.0,1.104,0,nominal,0,0.0,194.91,701669.2
330.9,descend_land,28.225806451612904,1066.1290322580649,29.838709677419356,2883.3,737.6,747.2,749.2,742.4,169.5,170.9,174.7,176.2,3.98,77.9,1.899,2887.4,740.0,748.0,751.0,741.0,170.1,171.6,175.1,176.1,4.02,78.0,1.915,8.1,1.104,0,nominal,0,0.0,194.91,701669.1
331.0,descend_land,28.2146829810901,1062.6251390433818,29.822024471635153,2895.9,740.6,748.8,751.2,741.3,170.3,171.8,174.4,176.6,4.02,78.2,1.958,2887.3,740.0,748.0,751.0,741.0,170.1,171.6,175.1,176.1,4.02,78.0,1.915,8.1,1.105,0,nominal,0,0.0,194.91,701669.0
331.1,descend_land,28.203559510567295,1059.1212458286986,29.805339265850947,2880.7,741.5,747.1,750.6,741.1,169.6,170.5,174.8,175.7,4.03,76.8,1.928,2887.2,740.0,748.0,751.0,741.0,170.1,171.6,175.1,176.1,4.02,78.0,1.915,8.1,1.105,0,nominal,0,0.0,194.91,701668.9
331.2,descend_land,28.192436040044495,1055.6173526140155,29.78865406006674,2891.0,740.4,750.3,752.4,740.3,169.5,171.5,176.3,176.9,4.01,77.7,1.955,2887.0,739.9,747.9,750.9,740.9,170.1,171.6,175.1,176.1,4.02,78.0,1.915,8.1,1.106,0,nominal,0,0.0,194.91,701668.8
331.3,descend_land,28.18131256952169,1052.113459399333,29.771968854282534,2881.5,740.6,750.8,750.4,742.2,169.4,171.5,175.6,175.2,4.02,78.9,1.918,2886.9,739.9,747.9,750.9,740.9,170.1,171.6,175.1,176.1,4.02,78.0,1.915,8.2,1.106,0,nominal,0,0.0,194.91,701668.7
331.4,descend_land,28.170189098998886,1048.6095661846498,29.75528364849833,2887.9,739.1,748.0,750.6,742.4,170.9,172.8,174.7,176.1,4.03,78.1,1.93,2886.8,739.9,747.9,750.9,740.9,170.1,171.6,175.1,176.1,4.02,78.0,1.915,8.2,1.106,0,nominal,0,0.0,194.91,701668.6
331.5,descend_land,28.159065628476085,1045.1056729699667,29.738598442714128,2879.2,739.8,746.2,749.1,741.2,170.2,172.2,174.4,177.4,4.01,77.8,1.921,2886.6,739.8,747.8,750.8,740.8,170.1,171.6,175.1,176.1,4.02,78.0,1.915,8.2,1.107,0,nominal,0,0.0,194.91,701668.5
331.6,descend_land,28.14794215795328,1041.6017797552836,29.72191323692992,2883.7,737.3,748.0,751.5,741.9,170.3,171.6,174.9,175.5,4.04,78.8,1.956,2886.5,739.8,747.8,750.8,740.8,170.1,171.6,175.1,176.1,4.02,78.0,1.914,8.2,1.107,0,nominal,0,0.0,194.91,701668.4
331.7,descend_land,28.136818687430477,1038.097886540601,29.705228031145715,2883.0,740.8,746.0,751.4,741.1,170.5,171.2,174.7,176.6,4.05,78.4,1.9,2886.4,739.8,747.8,750.8,740.8,170.1,171.6,175.1,176.1,4.02,78.0,1.914,8.3,1.107,0,nominal,0,0.0,194.91,701668.3
331.8,descend_land,28.125695216907676,1034.5939933259178,29.688542825361512,2888.7,739.1,748.7,751.9,739.9,169.6,171.6,175.6,177.3,4.02,78.1,1.95,2886.2,739.7,747.7,750.7,740.7,170.1,171.6,175.1,176.1,4.02,78.0,1.914,8.3,1.108,0,nominal,0,0.0,194.91,701668.2
331.9,descend_land,28.114571746384872,1031.0901001112347,29.67185761957731,2888.6,739.7,752.3,751.8,739.1,170.3,172.2,175.9,174.0,3.99,77.5,1.912,2886.1,739.7,747.7,750.7,740.7,170.1,171.6,175.1,176.1,4.02,78.0,1.914,8.3,1.108,0,nominal,0,0.0,194.91,701668.1
332.0,descend_land,28.103448275862068,1027.586206896552,29.655172413793103,2875.3,738.6,749.5,751.0,739.3,170.3,172.7,174.6,176.5,4.03,77.0,1.955,2886.0,739.7,747.7,750.7,740.7,170.1,171.6,175.1,176.1,4.02,78.0,1.914,8.3,1.109,0,nominal,0,0.0,194.91,701668.0
332.1,descend_land,28.092324805339267,1024.082313681869,29.638487208008897,2882.2,739.7,745.3,750.4,742.3,170.9,171.0,175.1,176.4,4.0,77.2,1.917,2885.8,739.6,747.6,750.6,740.6,170.0,171.5,175.0,176.0,4.02,78.0,1.914,8.3,1.109,0,nominal,0,0.0,194.91,701667.9
332.2,descend_land,28.081201334816463,1020.5784204671859,29.621802002224694,2882.6,741.0,745.8,751.0,740.7,170.0,171.3,175.5,175.9,3.98,78.2,1.942,2885.7,739.6,747.6,750.6,740.6,170.0,171.5,175.0,176.0,4.02,78.0,1.914,8.4,1.109,0,nominal,0,0.0,194.91,701667.8
332.3,descend_land,28.07007786429366,1017.0745272525028,29.60511679644049,2885.2,739.5,747.7,752.4,738.8,169.4,172.6,175.6,175.9,4.0,78.7,1.999,2885.6,739.6,747.6,750.6,740.6,170.0,171.5,175.0,176.0,4.02,78.0,1.914,8.4,1.11,0,nominal,0,0.0,194.91,701667.7
332.4,descend_land,28.058954393770854,1013.5706340378201,29.588431590656285,2889.0,740.2,748.5,750.6,740.5,170.0,171.7,175.8,176.1,3.99,78.5,1.942,2885.4,739.6,747.6,750.6,740.6,170.0,171.5,175.0,176.0,4.02,78.0,1.914,8.4,1.11,0,nominal,0,0.0,194.91,701667.6
332.5,descend_land,28.047830923248053,1010.066740823137,29.57174638487208,2880.9,742.7,747.3,751.5,740.7,171.1,171.7,175.1,175.7,4.03,77.6,1.921,2885.3,739.5,747.5,750.5,740.5,170.0,171.5,175.0,176.0,4.02,78.0,1.914,8.4,1.111,0,nominal,0,0.0,194.91,701667.5
332.6,descend_land,28.03670745272525,1006.5628476084539,29.555061179087875,2891.7,739.4,752.1,749.3,741.0,170.3,171.4,174.5,175.5,4.02,78.5,1.972,2885.2,739.5,747.5,750.5,740.5,170.0,171.5,175.0,176.0,4.02,78.0,1.914,8.5,1.111,0,nominal,0,0.0,194.91,701667.4
332.7,descend_land,28.02558398220245,1003.0589543937708,29.538375973303673,2881.8,739.4,749.1,750.5,742.1,170.3,171.9,176.3,176.2,4.01,78.1,1.917,2885.0,739.5,747.5,750.5,740.5,170.0,171.5,175.0,176.0,4.02,78.0,1.913,8.5,1.111,0,nominal,0,0.0,194.91,701667.3
332.8,descend_land,28.014460511679644,999.5550611790882,29.521690767519466,2890.4,738.5,744.5,751.1,742.2,169.0,172.1,174.0,175.9,4.03,78.2,1.963,2884.9,739.4,747.4,750.4,740.4,170.0,171.5,175.0,176.0,4.02,78.0,1.913,8.5,1.112,0,nominal,0,0.0,194.91,701667.2
332.9,descend_land,28.00333704115684,996.0511679644051,29.50500556173526,2886.3,739.9,747.7,749.5,740.0,169.9,171.0,174.6,176.2,4.01,77.9,1.935,2884.8,739.4,747.4,750.4,740.4,170.0,171.5,175.0,176.0,4.01,78.0,1.913,8.5,1.112,0,nominal,0,0.0,194.91,701667.1
333.0,descend_land,27.992213570634036,992.547274749722,29.488320355951057,2885.2,739.2,748.1,749.0,738.5,169.9,172.2,174.7,175.1,4.0,77.8,1.898,2884.6,739.4,747.4,750.4,740.4,170.0,171.5,175.0,176.0,4.01,78.0,1.913,8.5,1.112,0,nominal,0,0.0,194.91,701667.0
333.1,descend_land,27.981090100111235,989.0433815350389,29.471635150166854,2882.4,739.0,746.4,749.2,743.7,169.4,171.8,175.5,176.4,3.99,78.7,1.893,2884.5,739.3,747.3,750.3,740.3,170.0,171.5,175.0,176.0,4.01,78.0,1.913,8.6,1.113,0,nominal,0,0.0,194.91,701666.9
333.2,descend_land,27.96996662958843,985.5394883203562,29.454949944382648,2885.7,738.4,748.9,750.6,741.3,170.0,172.0,175.4,176.9,3.97,78.6,1.948,2884.3,739.3,747.3,750.3,740.3,170.0,171.5,175.0,176.0,4.01,78.0,1.913,8.6,1.113,0,nominal,0,0.0,194.91,701666.8
333.3,descend_land,27.95884315906563,982.0355951056731,29.43826473859844,2887.8,742.3,746.1,749.3,737.9,169.6,171.3,175.2,176.3,4.03,77.9,1.855,2884.2,739.3,747.3,750.3,740.3,170.0,171.5,175.0,176.0,4.01,78.0,1.913,8.6,1.114,0,nominal,0,0.0,194.91,701666.7
333.4,descend_land,27.947719688542826,978.53170189099,29.42157953281424,2883.7,738.4,748.5,751.2,738.1,169.8,172.7,175.4,176.0,4.0,78.0,1.966,2884.1,739.2,747.2,750.2,740.2,170.0,171.5,175.0,176.0,4.01,78.0,1.913,8.6,1.114,0,nominal,0,0.0,194.91,701666.6
333.5,descend_land,27.93659621802002,975.0278086763074,29.404894327030036,2886.8,737.4,747.1,750.3,737.7,169.8,172.0,174.9,175.6,3.99,78.2,1.948,2883.9,739.2,747.2,750.2,740.2,170.0,171.5,175.0,176.0,4.01,78.0,1.913,8.7,1.114,0,nominal,0,0.0,194.91,701666.5
333.6,descend_land,27.925472747497217,971.5239154616243,29.38820912124583,2898.0,738.9,747.6,750.4,740.0,170.2,171.5,174.9,176.2,4.07,77.6,1.837,2883.8,739.2,747.2,750.2,740.2,169.9,171.4,174.9,175.9,4.01,78.0,1.913,8.7,1.115,0,nominal,0,0.0,194.91,701666.4
333.7,descend_land,27.914349276974416,968.0200222469412,29.371523915461623,2889.6,736.4,745.7,750.1,738.7,170.3,171.8,174.9,176.8,4.02,78.6,1.917,2883.7,739.1,747.1,750.1,740.1,169.9,171.4,174.9,175.9,4.01,78.0,1.912,8.7,1.115,0,nominal,0,0.0,194.91,701666.3
333.8,descend_land,27.903225806451612,964.516129032258,29.35483870967742,2896.3,740.3,746.6,751.1,738.5,170.9,170.0,175.2,176.6,4.02,78.0,1.947,2883.5,739.1,747.1,750.1,740.1,169.9,171.4,174.9,175.9,4.01,78.0,1.912,8.7,1.116,0,nominal,0,0.0,194.91,701666.2
333.9,descend_land,27.89210233592881,961.0122358175754,29.338153503893217,2877.2,738.1,746.2,749.2,738.3,169.6,171.0,174.7,176.2,4.03,78.9,1.943,2883.4,739.1,747.1,750.1,740.1,169.9,171.4,174.9,175.9,4.01,78.0,1.912,8.8,1.116,0,nominal,0,0.0,194.91,701666.1
334.0,descend_land,27.880978865406007,957.5083426028923,29.32146829810901,2885.5,736.8,747.6,749.7,738.6,170.2,170.4,174.9,175.1,4.02,78.2,1.934,2883.2,739.0,747.0,750.0,740.0,169.9,171.4,174.9,175.9,4.01,78.0,1.912,8.8,1.116,0,nominal,0,0.0,194.91,701666.0
334.1,descend_land,27.869855394883203,954.0044493882092,29.304783092324804,2871.4,739.0,746.2,748.2,740.5,169.6,171.3,175.6,175.7,4.04,77.8,1.894,2883.1,739.0,747.0,750.0,740.0,169.9,171.4,174.9,175.9,4.01,78.0,1.912,8.8,1.117,0,nominal,0,0.0,194.91,701665.9
334.2,descend_land,27.8587319243604,950.5005561735261,29.2880978865406,2891.3,738.3,746.4,748.8,740.2,170.4,171.2,173.2,176.0,4.06,77.8,1.931,2883.0,739.0,747.0,750.0,740.0,169.9,171.4,174.9,175.9,4.01,78.0,1.912,8.8,1.117,0,nominal,0,0.0,194.91,701665.8
334.3,descend_land,27.847608453837598,946.9966629588434,29.2714126807564,2885.3,737.5,746.1,749.7,740.1,169.9,171.3,175.8,176.6,4.01,78.4,1.877,2882.8,739.0,747.0,750.0,740.0,169.9,171.4,174.9,175.9,4.01,78.0,1.912,8.8,1.117,0,nominal,0,0.0,194.91,701665.7
334.4,descend_land,27.836484983314794,943.4927697441603,29.254727474972192,2874.5,738.8,748.2,750.5,740.9,170.3,172.7,174.9,176.0,4.02,78.5,1.896,2882.7,738.9,746.9,749.9,739.9,169.9,171.4,174.9,175.9,4.01,78.0,1.912,8.9,1.118,0,nominal,0,0.0,194.91,701665.6
334.5,descend_land,27.825361512791993,939.9888765294772,29.238042269187986,2889.9,739.0,746.6,751.2,739.5,169.3,170.6,175.6,175.6,4.02,77.5,1.989,2882.5,738.9,746.9,749.9,739.9,169.9,171.4,174.9,175.9,4.01,78.0,1.912,8.9,1.118,0,nominal,0,0.0,194.91,701665.5
334.6,descend_land,27.81423804226919,936.4849833147941,29.221357063403783,2880.2,740.8,746.1,749.7,738.3,169.7,171.0,175.5,175.8,4.05,78.1,1.9,2882.4,738.9,746.9,749.9,739.9,169.9,171.4,174.9,175.9,4.01,78.0,1.912,8.9,1.119,0,nominal,0,0.0,194.91,701665.4
334.7,descend_land,27.803114571746384,932.9810901001115,29.20467185761958,2881.6,739.2,747.2,750.7,737.5,170.2,171.0,175.0,176.1,4.02,78.2,1.971,2882.3,738.8,746.8,749.8,739.8,169.9,171.4,174.9,175.9,4.01,78.0,1.911,8.9,1.119,0,nominal,0,0.0,194.91,701665.3
334.8,descend_land,27.79199110122358,929.4771968854284,29.187986651835374,2886.6,740.4,747.4,749.2,738.3,169.1,171.3,175.0,175.7,4.03,78.6,1.848,2882.1,738.8,746.8,749.8,739.8,169.9,171.4,174.9,175.9,4.01,78.0,1.911,9.0,1.119,0,nominal,0,0.0,194.91,701665.2
334.9,descend_land,27.78086763070078,925.9733036707453,29.171301446051167,2879.2,734.9,744.9,750.1,740.2,169.4,171.1,175.9,176.0,4.02,78.1,1.915,2882.0,738.8,746.8,749.8,739.8,169.9,171.4,174.9,175.9,4.01,78.0,1.911,9.0,1.12,0,nominal,0,0.0,194.91,701665.1
335.0,descend_land,27.769744160177975,922.4694104560626,29.15461624026696,2893.4,736.3,744.5,748.8,740.0,168.6,171.2,174.3,176.4,4.0,77.4,1.913,2881.8,738.7,746.7,749.7,739.7,169.9,171.4,174.9,175.9,4.01,78.0,1.911,9.0,1.12,0,nominal,0,0.0,194.91,701665.0
335.1,descend_land,27.758620689655174,918.9655172413795,29.137931034482758,2889.7,739.3,745.9,748.6,738.2,170.1,171.6,175.0,176.5,4.0,78.5,1.918,2881.7,738.7,746.7,749.7,739.7,169.8,171.3,174.8,175.8,4.01,78.0,1.911,9.0,1.121,0,nominal,0,0.0,194.91,701664.9
335.2,descend_land,27.74749721913237,915.4616240266964,29.121245828698555,2879.7,739.3,745.8,749.1,740.5,169.3,170.8,174.9,175.4,4.05,78.0,1.921,2881.6,738.7,746.7,749.7,739.7,169.8,171.3,174.8,175.8,4.01,78.0,1.911,9.0,1.121,0,nominal,0,0.0,194.91,701664.8
335.3,descend_land,27.736373748609566,911.9577308120133,29.10456062291435,2882.1,741.2,746.4,747.0,738.0,170.5,170.9,175.2,175.1,4.01,77.8,1.937,2881.4,738.6,746.6,749.6,739.6,169.8,171.3,174.8,175.8,4.01,78.0,1.911,9.1,1.121,0,nominal,0,0.0,194.91,701664.7
335.4,descend_land,27.72525027808676,908.4538375973307,29.087875417130142,2880.2,740.2,747.6,748.9,741.5,170.7,171.5,175.5,176.4,4.0,78.2,1.905,2881.3,738.6,746.6,749.6,739.6,169.8,171.3,174.8,175.8,4.01,78.0,1.911,9.1,1.122,0,nominal,0,0.0,194.91,701664.6
335.5,descend_land,27.71412680756396,904.9499443826476,29.07119021134594,2877.6,737.1,747.1,749.0,737.8,168.7,171.7,175.8,175.3,4.02,77.9,1.948,2881.1,738.6,746.6,749.6,739.6,169.8,171.3,174.8,175.8,4.01,78.0,1.911,9.1,1.122,0,nominal,0,0.0,194.91,701664.5
335.6,descend_land,27.703003337041157,901.4460511679645,29.054505005561737,2886.8,736.1,748.1,751.1,740.3,170.1,171.2,175.6,175.7,4.0,78.6,1.897,2881.0,738.5,746.5,749.5,739.5,169.8,171.3,174.8,175.8,4.01,78.0,1.91,9.1,1.122,0,nominal,0,0.0,194.91,701664.4
335.7,descend_land,27.691879866518352,897.9421579532814,29.03781979977753,2876.6,738.5,748.7,749.4,741.2,169.9,171.8,175.3,177.0,4.06,78.3,1.93,2880.9,738.5,746.5,749.5,739.5,169.8,171.3,174.8,175.8,4.01,78.0,1.91,9.2,1.123,0,nominal,0,0.0,194.91,701664.3
335.8,descend_land,27.68075639599555,894.4382647385987,29.021134593993324,2890.5,738.0,746.5,749.9,739.0,170.7,171.0,175.0,175.2,3.99,78.0,1.931,2880.7,738.5,746.5,749.5,739.5,169.8,171.3,174.8,175.8,4.01,78.0,1.91,9.2,1.123,0,nominal,0,0.0,194.91,701664.2
335.9,descend_land,27.669632925472747,890.9343715239156,29.00444938820912,2880.3,737.5,747.3,750.5,739.1,169.9,171.7,174.9,175.5,4.04,77.8,1.877,2880.6,738.4,746.4,749.4,739.4,169.8,171.3,174.8,175.8,4.01,78.0,1.91,9.2,1.124,0,nominal,0,0.0,194.91,701664.1
336.0,descend_land,27.658509454949943,887.4304783092325,28.987764182424918,2883.5,738.9,744.1,749.6,741.2,171.2,170.6,174.0,176.3,4.07,77.6,1.905,2880.4,738.4,746.4,749.4,739.4,169.8,171.3,174.8,175.8,4.01,78.0,1.91,9.2,1.124,0,nominal,0,0.0,194.91,701664.0
336.1,descend_land,27.647385984427142,883.9265850945499,28.97107897664071,2881.8,739.3,747.6,750.1,738.3,169.9,171.8,175.2,176.5,4.12,77.6,1.908,2880.3,738.4,746.4,749.4,739.4,169.8,171.3,174.8,175.8,4.01,78.0,1.91,9.3,1.124,0,nominal,0,0.0,194.91,701663.9
336.2,descend_land,27.636262513904338,880.4226918798668,28.954393770856505,2886.5,741.0,745.8,749.3,740.4,170.6,171.9,174.8,176.0,3.95,77.7,1.897,2880.1,738.4,746.4,749.4,739.4,169.8,171.3,174.8,175.8,4.01,78.0,1.91,9.3,1.125,0,nominal,0,0.0,194.91,701663.8
336.3,descend_land,27.625139043381534,876.9187986651837,28.937708565072302,2885.7,740.3,745.8,749.0,740.2,169.5,172.2,175.0,175.5,4.01,77.1,1.902,2880.0,738.3,746.3,749.3,739.3,169.8,171.3,174.8,175.8,4.01,78.0,1.91,9.3,1.125,0,nominal,0,0.0,194.91,701663.7
336.4,descend_land,27.614015572858733,873.4149054505006,28.9210233592881,2877.9,738.8,748.2,749.6,739.2,169.6,171.1,174.8,176.1,4.05,77.7,1.95,2879.9,738.3,746.3,749.3,739.3,169.8,171.3,174.8,175.8,4.01,78.0,1.91,9.3,1.126,0,nominal,0,0.0,194.91,701663.6
336.5,descend_land,27.60289210233593,869.9110122358179,28.904338153503893,2883.6,739.2,745.3,749.6,739.6,170.2,171.1,173.5,175.8,4.02,77.7,1.925,2879.7,738.3,746.3,749.3,739.3,169.8,171.3,174.8,175.8,4.01,78.0,1.91,9.3,1.126,0,nominal,0,0.0,194.91,701663.5
336.6,descend_land,27.591768631813125,866.4071190211348,28.887652947719687,2873.2,738.2,746.5,747.4,739.8,169.5,171.8,174.7,176.8,3.99,78.7,1.893,2879.6,738.2,746.2,749.2,739.2,169.8,171.3,174.8,175.8,4.01,78.0,1.909,9.4,1.126,0,nominal,0,0.0,194.91,701663.4
336.7,descend_land,27.58064516129032,862.9032258064517,28.870967741935484,2882.8,738.4,746.1,748.5,740.9,169.9,170.8,174.7,175.6,3.99,78.1,1.912,2879.4,738.2,746.2,749.2,739.2,169.7,171.2,174.7,175.7,4.01,78.0,1.909,9.4,1.127,0,nominal,0,0.0,194.91,701663.3
336.8,descend_land,27.56952169076752,859.3993325917686,28.85428253615128,2885.0,740.5,745.6,747.4,738.1,170.5,170.4,175.6,175.7,4.03,78.8,1.948,2879.3,738.2,746.2,749.2,739.2,169.7,171.2,174.7,175.7,4.01,78.0,1.909,9.4,1.127,0,nominal,0,0.0,194.91,701663.2
336.9,descend_land,27.558398220244715,855.895439377086,28.837597330367075,2883.1,736.0,744.5,747.9,741.2,170.6,171.3,175.2,176.5,4.02,77.7,1.898,2879.1,738.1,746.1,749.1,739.1,169.7,171.2,174.7,175.7,4.01,78.0,1.909,9.4,1.127,0,nominal,0,0.0,194.91,701663.1
337.0,descend_land,27.547274749721915,852.3915461624028,28.82091212458287,2877.8,737.8,747.1,747.3,740.8,170.2,172.1,175.2,175.8,4.04,78.0,1.888,2879.0,738.1,746.1,749.1,739.1,169.7,171.2,174.7,175.7,4.01,78.0,1.909,9.5,1.128,0,nominal,0,0.0,194.91,701663.0
337.1,descend_land,27.53615127919911,848.8876529477197,28.804226918798665,2880.1,738.7,745.6,747.9,738.7,169.4,171.6,174.9,175.3,4.07,77.4,1.912,2878.9,738.1,746.1,749.1,739.1,169.7,171.2,174.7,175.7,4.01,78.0,1.909,9.5,1.128,0,nominal,0,0.0,194.91,701662.9
337.2,descend_land,27.525027808676306,845.3837597330366,28.787541713014463,2880.1,740.1,747.0,748.1,738.4,169.1,170.7,174.8,176.6,4.03,77.4,1.968,2878.7,738.0,746.0,749.0,739.0,169.7,171.2,174.7,175.7,4.01,78.0,1.909,9.5,1.129,0,nominal,0,0.0,194.91,701662.8
337.3,descend_land,27.513904338153502,841.879866518354,28.770856507230256,2873.6,737.4,747.8,747.9,738.7,169.4,170.1,174.7,175.4,3.99,77.8,1.865,2878.6,738.0,746.0,749.0,739.0,169.7,171.2,174.7,175.7,4.01,78.0,1.909,9.5,1.129,0,nominal,0,0.0,194.91,701662.7
337.4,descend_land,27.5027808676307,838.3759733036709,28.75417130144605,2879.0,739.3,747.2,749.6,737.9,170.3,171.2,174.4,175.6,3.99,77.7,1.977,2878.4,738.0,746.0,749.0,739.0,169.7,171.2,174.7,175.7,4.01,78.0,1.909,9.6,1.129,0,nominal,0,0.0,194.91,701662.6
337.5,descend_land,27.491657397107897,834.8720800889878,28.737486095661847,2876.1,735.7,747.2,747.8,736.7,169.5,171.3,174.1,175.7,4.01,77.8,1.861,2878.3,737.9,745.9,748.9,738.9,169.7,171.2,174.7,175.7,4.01,78.0,1.908,9.6,1.13,0,nominal,0,0.0,194.91,701662.5
337.6,descend_land,27.480533926585096,831.3681868743051,28.720800889877644,2879.7,738.2,746.5,747.9,741.4,169.3,171.0,174.8,176.5,3.99,78.2,1.907,2878.1,737.9,745.9,748.9,738.9,169.7,171.2,174.7,175.7,4.01,78.0,1.908,9.6,1.13,0,nominal,0,0.0,194.91,701662.4
337.7,descend_land,27.469410456062292,827.864293659622,28.704115684093438,2883.7,738.1,745.7,750.7,737.2,170.2,171.3,175.8,175.2,4.01,78.5,1.926,2878.0,737.9,745.9,748.9,738.9,169.7,171.2,174.7,175.7,4.01,78.0,1.908,9.6,1.131,0,nominal,0,0.0,194.91,701662.3
337.8,descend_land,27.458286985539488,824.3604004449389,28.68743047830923,2875.7,739.8,745.7,750.2,739.0,169.4,171.0,174.6,174.5,4.01,77.7,1.863,2877.8,737.8,745.8,748.8,738.8,169.7,171.2,174.7,175.7,4.01,78.0,1.908,9.6,1.131,0,nominal,0,0.0,194.91,701662.2
337.9,descend_land,27.447163515016683,820.8565072302558,28.67074527252503,2872.7,738.0,746.8,750.1,738.8,168.3,170.8,173.6,175.7,3.98,78.7,1.897,2877.7,737.8,745.8,748.8,738.8,169.7,171.2,174.7,175.7,4.01,78.0,1.908,9.7,1.131,0,nominal,0,0.0,194.91,701662.1
338.0,descend_land,27.436040044493883,817.3526140155732,28.654060066740826,2885.6,734.2,744.9,747.3,736.6,168.9,171.2,174.7,175.2,3.99,77.5,1.899,2877.6,737.8,745.8,748.8,738.8,169.7,171.2,174.7,175.7,4.01,78.0,1.908,9.7,1.132,0,nominal,0,0.0,194.91,701662.0
338.1,descend_land,27.42491657397108,813.8487208008901,28.63737486095662,2878.4,735.0,744.3,747.8,737.3,169.0,171.4,174.9,174.6,4.02,77.2,1.916,2877.4,737.7,745.7,748.7,738.7,169.7,171.2,174.7,175.7,4.01,78.0,1.908,9.7,1.132,0,nominal,0,0.0,194.91,701661.9
338.2,descend_land,27.413793103448278,810.344827586207,28.620689655172413,2883.2,736.5,745.6,748.5,738.5,170.0,171.4,175.1,175.6,4.02,78.5,1.946,2877.3,737.7,745.7,748.7,738.7,169.6,171.1,174.6,175.6,4.01,78.0,1.908,9.7,1.133,0,nominal,0,0.0,194.91,701661.8
338.3,descend_land,27.402669632925473,806.8409343715239,28.60400444938821,2889.7,737.5,746.7,747.2,741.1,170.0,171.1,174.6,176.3,3.97,77.8,1.846,2877.1,737.7,745.7,748.7,738.7,169.6,171.1,174.6,175.6,4.01,78.0,1.908,9.8,1.133,0,nominal,0,0.0,194.91,701661.7
338.4,descend_land,27.39154616240267,803.3370411568412,28.587319243604007,2884.4,738.6,744.5,751.0,740.7,169.2,171.7,174.2,175.8,4.01,78.1,1.943,2877.0,737.7,745.7,748.7,738.7,169.6,171.1,174.6,175.6,4.01,78.0,1.907,9.8,1.133,0,nominal,0,0.0,194.91,701661.6
338.5,descend_land,27.380422691879865,799.8331479421581,28.5706340378198,2869.4,739.4,744.8,746.6,736.0,169.1,170.9,174.7,175.3,3.98,77.9,1.91,2876.8,737.6,745.6,748.6,738.6,169.6,171.1,174.6,175.6,4.01,78.0,1.907,9.8,1.134,0,nominal,0,0.0,194.91,701661.5
338.6,descend_land,27.369299221357064,796.329254727475,28.553948832035594,2879.6,736.0,744.5,746.7,738.6,169.7,170.2,174.7,175.4,4.0,78.1,1.947,2876.7,737.6,745.6,748.6,738.6,169.6,171.1,174.6,175.6,4.01,78.0,1.907,9.8,1.134,0,nominal,0,0.0,194.91,701661.4
338.7,descend_land,27.35817575083426,792.8253615127919,28.53726362625139,2879.2,738.5,744.8,749.5,739.7,170.1,171.1,173.6,175.6,4.02,77.8,1.923,2876.5,737.6,745.6,748.6,738.6,169.6,171.1,174.6,175.6,4.01,78.0,1.907,9.8,1.134,0,nominal,0,0.0,194.91,701661.3
338.8,descend_land,27.34705228031146,789.3214682981093,28.52057842046719,2879.7,737.2,744.4,752.1,737.2,171.6,171.7,174.7,175.4,4.0,78.1,1.926,2876.4,737.5,745.5,748.5,738.5,169.6,171.1,174.6,175.6,4.01,78.0,1.907,9.9,1.135,0,nominal,0,0.0,194.91,701661.2
338.9,descend_land,27.335928809788655,785.8175750834262,28.503893214682982,2884.5,738.0,743.6,748.6,736.7,169.6,171.0,174.9,176.5,3.97,78.1,1.895,2876.2,737.5,745.5,748.5,738.5,169.6,171.1,174.6,175.6,4.01,78.0,1.907,9.9,1.135,0,nominal,0,0.0,194.91,701661.1
339.0,descend_land,27.32480533926585,782.3136818687431,28.487208008898776,2869.1,735.6,745.2,748.5,740.1,170.7,171.3,175.5,173.9,4.03,77.9,1.912,2876.1,737.5,745.5,748.5,738.5,169.6,171.1,174.6,175.6,4.01,78.0,1.907,9.9,1.136,0,nominal,0,0.0,194.91,701661.0
339.1,descend_land,27.313681868743046,778.8097886540604,28.47052280311457,2878.4,738.1,744.3,747.7,738.2,169.8,171.0,174.1,174.2,4.02,78.6,1.883,2875.9,737.4,745.4,748.4,738.4,169.6,171.1,174.6,175.6,4.01,78.0,1.907,9.9,1.136,0,nominal,0,0.0,194.91,701660.9
339.2,descend_land,27.302558398220246,775.3058954393773,28.453837597330367,2880.5,736.7,743.6,747.8,739.1,169.3,170.6,175.0,175.5,4.0,77.8,1.896,2875.8,737.4,745.4,748.4,738.4,169.6,171.1,174.6,175.6,4.01,78.0,1.907,10.0,1.136,0,nominal,0,0.0,194.91,701660.8
339.3,descend_land,27.29143492769744,771.8020022246942,28.437152391546164,2864.1,738.5,745.4,748.5,737.6,169.1,171.3,174.5,175.3,4.04,78.1,1.927,2875.6,737.4,745.4,748.4,738.4,169.6,171.1,174.6,175.6,4.01,78.0,1.906,10.0,1.137,0,nominal,0,0.0,194.91,701660.7
339.4,descend_land,27.280311457174637,768.2981090100111,28.420467185761957,2876.6,736.9,743.8,749.5,737.6,169.0,170.3,174.8,175.8,4.01,77.8,1.919,2875.5,737.3,745.3,748.3,738.3,169.6,171.1,174.6,175.6,4.01,78.0,1.906,10.0,1.137,0,nominal,0,0.0,194.91,701660.6
339.5,descend_land,27.269187986651836,764.7942157953285,28.40378197997775,2868.6,736.7,744.7,748.5,737.8,168.6,170.9,174.2,175.3,3.99,78.3,1.874,2875.3,737.3,745.3,748.3,738.3,169.6,171.1,174.6,175.6,4.01,78.0,1.906,10.0,1.138,0,nominal,0,0.0,194.91,701660.5
339.6,descend_land,27.258064516129032,761.2903225806454,28.387096774193548,2874.3,736.9,746.3,745.6,737.1,169.3,171.6,173.8,176.4,4.01,77.4,1.972,2875.2,737.3,745.3,748.3,738.3,169.6,171.1,174.6,175.6,4.01,78.0,1.906,10.1,1.138,0,nominal,0,0.0,194.91,701660.4
339.7,descend_land,27.246941045606228,757.7864293659622,28.370411568409345,2874.4,738.8,744.8,750.4,737.0,170.2,171.5,174.6,175.4,4.03,77.7,1.871,2875.0,737.2,745.2,748.2,738.2,169.5,171.0,174.5,175.5,4.01,78.0,1.906,10.1,1.138,0,nominal,0,0.0,194.91,701660.3
339.8,descend_land,27.235817575083427,754.2825361512791,28.35372636262514,2865.8,738.1,746.8,748.6,740.0,169.7,171.5,175.0,175.5,4.02,78.6,1.867,2874.9,737.2,745.2,748.2,738.2,169.5,171.0,174.5,175.5,4.01,78.0,1.906,10.1,1.139,0,nominal,0,0.0,194.91,701660.2
339.9,descend_land,27.224694104560623,750.7786429365965,28.337041156840932,2878.7,739.4,745.3,747.0,741.7,169.2,171.9,174.9,174.3,4.01,78.2,1.896,2874.7,737.2,745.2,748.2,738.2,169.5,171.0,174.5,175.5,4.01,78.0,1.906,10.1,1.139,0,nominal,0,0.0,194.91,701660.1
340.0,descend_land,27.21357063403782,747.2747497219134,28.32035595105673,2873.8,736.6,746.4,749.7,736.2,169.0,171.2,174.1,175.2,3.98,77.8,1.879,2874.6,737.1,745.1,748.1,738.1,169.5,171.0,174.5,175.5,4.01,78.0,1.906,10.1,1.14,0,nominal,0,0.0,194.91,701660.0
340.1,descend_land,27.202447163515018,743.7708565072303,28.303670745272527,2884.2,737.9,746.3,747.4,738.7,170.0,171.9,173.9,174.8,3.99,78.1,1.926,2874.4,737.1,745.1,748.1,738.1,169.5,171.0,174.5,175.5,4.01,78.0,1.906,10.2,1.14,0,nominal,0,0.0,194.91,701659.9
340.2,descend_land,27.191323692992214,740.2669632925476,28.28698553948832,2868.1,737.3,744.9,750.9,739.0,170.1,171.4,174.8,176.6,4.0,78.7,1.899,2874.3,737.1,745.1,748.1,738.1,169.5,171.0,174.5,175.5,4.01,78.0,1.905,10.2,1.14,0,nominal,0,0.0,194.91,701659.8
340.3,descend_land,27.18020022246941,736.7630700778645,28.270300333704114,2866.2,738.6,744.9,749.8,738.6,169.6,170.8,174.9,174.3,4.03,77.4,1.946,2874.1,737.0,745.0,748.0,738.0,169.5,171.0,174.5,175.5,4.01,78.0,1.905,10.2,1.141,0,nominal,0,0.0,194.91,701659.7
340.4,descend_land,27.169076751946605,733.2591768631814,28.25361512791991,2863.4,734.8,744.6,747.5,739.5,169.5,171.3,175.0,176.3,4.0,77.8,1.958,2874.0,737.0,745.0,748.0,738.0,169.5,171.0,174.5,175.5,4.01,78.0,1.905,10.2,1.141,0,nominal,0,0.0,194.91,701659.6
340.5,descend_land,27.157953281423804,729.7552836484983,28.236929922135708,2879.2,738.6,745.3,749.1,737.5,169.9,170.6,174.7,174.8,4.02,77.4,1.852,2873.8,737.0,745.0,748.0,738.0,169.5,171.0,174.5,175.5,4.01,78.0,1.905,10.3,1.141,0,nominal,0,0.0,194.91,701659.5
340.6,descend_land,27.146829810901,726.2513904338157,28.220244716351502,2876.3,737.6,745.2,750.0,739.7,169.7,170.2,173.9,175.2,3.99,77.9,1.972,2873.7,737.0,745.0,748.0,738.0,169.5,171.0,174.5,175.5,4.01,78.0,1.905,10.3,1.142,0,nominal,0,0.0,194.91,701659.4
340.7,descend_land,27.1357063403782,722.7474972191326,28.203559510567295,2879.1,736.4,743.6,749.7,739.1,169.0,171.4,174.0,174.8,4.01,77.6,1.932,2873.5,736.9,744.9,747.9,737.9,169.5,171.0,174.5,175.5,4.01,78.0,1.905,10.3,1.142,0,nominal,0,0.0,194.91,701659.3
340.8,descend_land,27.124582869855395,719.2436040044495,28.186874304783093,2877.1,736.5,743.0,746.2,737.9,169.8,170.4,174.4,175.7,4.02,77.6,1.918,2873.4,736.9,744.9,747.9,737.9,169.5,171.0,174.5,175.5,4.01,78.0,1.905,10.3,1.143,0,nominal,0,0.0,194.91,701659.2
340.9,descend_land,27.11345939933259,715.7397107897664,28.17018909899889,2867.4,735.3,745.0,749.8,738.6,168.6,170.6,173.7,175.6,4.01,78.4,2.002,2873.2,736.9,744.9,747.9,737.9,169.5,171.0,174.5,175.5,4.01,78.0,1.905,10.3,1.143,0,nominal,0,0.0,194.91,701659.1
341.0,descend_land,27.102335928809786,712.2358175750837,28.153503893214683,2871.1,732.9,744.6,747.2,739.1,169.1,172.5,173.6,174.9,4.04,78.4,1.941,2873.1,736.8,744.8,747.8,737.8,169.5,171.0,174.5,175.5,4.01,78.0,1.905,10.4,1.143,0,nominal,0,0.0,194.91,701659.0
341.1,descend_land,27.091212458286986,708.7319243604006,28.136818687430477,2873.0,735.1,745.5,747.2,737.1,169.7,171.1,174.9,174.9,4.01,77.7,1.921,2872.9,736.8,744.8,747.8,737.8,169.5,171.0,174.5,175.5,4.01,78.0,1.904,10.4,1.144,0,nominal,0,0.0,194.91,701658.9
341.2,descend_land,27.08008898776418,705.2280311457175,28.120133481646274,2879.0,738.3,746.6,744.3,737.2,170.0,172.7,173.4,174.6,3.98,77.6,1.846,2872.8,736.8,744.8,747.8,737.8,169.5,171.0,174.5,175.5,4.01,78.0,1.904,10.4,1.144,0,nominal,0,0.0,194.91,701658.8
341.3,descend_land,27.06896551724138,701.7241379310344,28.10344827586207,2869.9,735.9,744.8,748.6,737.2,169.1,170.8,174.0,175.8,4.05,78.1,1.883,2872.6,736.7,744.7,747.7,737.7,169.4,170.9,174.4,175.4,4.01,78.0,1.904,10.4,1.145,0,nominal,0,0.0,194.91,701658.7
341.4,descend_land,27.057842046718577,698.2202447163518,28.086763070077865,2872.1,736.3,745.8,746.2,739.9,170.3,170.6,174.4,175.3,3.99,76.8,1.91,2872.5,736.7,744.7,747.7,737.7,169.4,170.9,174.4,175.4,4.01,78.0,1.904,10.5,1.145,0,nominal,0,0.0,194.91,701658.6
341.5,descend_land,27.046718576195772,694.7163515016687,28.07007786429366,2872.1,737.7,743.8,746.0,738.6,170.0,171.9,174.8,175.7,3.98,77.8,1.869,2872.3,736.7,744.7,747.7,737.7,169.4,170.9,174.4,175.4,4.01,78.0,1.904,10.5,1.145,0,nominal,0,0.0,194.91,701658.5
341.6,descend_land,27.035595105672968,691.2124582869856,28.053392658509456,2878.3,736.4,745.4,746.5,737.0,170.1,171.5,174.5,175.9,3.99,76.8,1.86,2872.2,736.6,744.6,747.6,737.6,169.4,170.9,174.4,175.4,4.01,78.0,1.904,10.5,1.146,0,nominal,0,0.0,194.91,701658.4
341.7,descend_land,27.024471635150167,687.7085650723029,28.036707452725253,2878.9,740.4,745.2,747.9,739.2,169.0,170.4,175.2,176.0,3.99,77.9,1.89,2872.0,736.6,744.6,747.6,737.6,169.4,170.9,174.4,175.4,4.01,78.0,1.904,10.5,1.146,0,nominal,0,0.0,194.91,701658.3
341.8,descend_land,27.013348164627363,684.2046718576198,28.020022246941046,2885.0,736.6,746.0,748.5,738.6,169.9,171.0,174.4,174.2,3.98,78.1,1.912,2871.9,736.6,744.6,747.6,737.6,169.4,170.9,174.4,175.4,4.01,78.0,1.904,10.6,1.147,0,nominal,0,0.0,194.91,701658.2
341.9,descend_land,27.002224694104562,680.7007786429367,28.00333704115684,2872.9,734.6,743.4,748.1,739.0,170.1,170.7,173.9,176.4,4.01,77.8,1.971,2871.7,736.5,744.5,747.5,737.5,169.4,170.9,174.4,175.4,4.01,78.0,1.904,10.6,1.147,0,nominal,0,0.0,194.91,701658.1
342.0,descend_land,26.991101223581758,677.1968854282536,27.986651835372637,2875.0,734.9,743.5,747.4,738.2,170.6,170.8,174.4,175.3,4.03,78.4,1.941,2871.6,736.5,744.5,747.5,737.5,169.4,170.9,174.4,175.4,4.01,78.0,1.903,10.6,1.147,0,nominal,0,0.0,194.91,701658.0
342.1,descend_land,26.979977753058954,673.692992213571,27.969966629588434,2868.3,734.5,744.8,747.4,738.9,169.2,171.3,174.7,175.1,4.0,78.1,1.872,2871.4,736.5,744.5,747.5,737.5,169.4,170.9,174.4,175.4,4.01,78.0,1.903,10.6,1.148,0,nominal,0,0.0,194.9,701657.9
342.2,descend_land,26.96885428253615,670.1890989988879,27.953281423804228,2875.6,734.8,746.3,747.5,738.0,169.2,171.1,174.9,174.6,3.98,78.3,1.851,2871.2,736.4,744.4,747.4,737.4,169.4,170.9,174.4,175.4,4.01,78.0,1.903,10.6,1.148,0,nominal,0,0.0,194.9,701657.8
342.3,descend_land,26.95773081201335,666.6852057842048,27.93659621802002,2865.1,735.9,743.5,746.4,736.9,169.6,171.5,174.6,176.0,4.0,77.4,1.926,2871.1,736.4,744.4,747.4,737.4,169.4,170.9,174.4,175.4,4.01,78.0,1.903,10.7,1.149,0,nominal,0,0.0,194.9,701657.7
342.4,descend_land,26.946607341490544,663.1813125695217,27.91991101223582,2869.5,735.3,742.9,745.3,737.1,168.8,171.0,174.2,176.3,4.01,78.0,1.907,2870.9,736.4,744.4,747.4,737.4,169.4,170.9,174.4,175.4,4.01,78.0,1.903,10.7,1.149,0,nominal,0,0.0,194.9,701657.6
342.5,descend_land,26.935483870967744,659.677419354839,27.903225806451616,2861.5,736.1,745.3,746.0,736.2,168.6,170.8,173.7,176.5,4.02,78.0,1.902,2870.8,736.3,744.3,747.3,737.3,169.4,170.9,174.4,175.4,4.01,78.0,1.903,10.7,1.149,0,nominal,0,0.0,194.9,701657.5
342.6,descend_land,26.92436040044494,656.1735261401559,27.88654060066741,2869.4,734.8,743.1,744.4,738.8,169.3,171.6,174.9,175.3,4.03,77.8,1.942,2870.6,736.3,744.3,747.3,737.3,169.4,170.9,174.4,175.4,4.01,78.0,1.903,10.7,1.15,0,nominal,0,0.0,194.9,701657.4
342.7,descend_land,26.913236929922135,652.6696329254728,27.869855394883203,2878.5,736.1,745.2,747.2,739.2,169.6,170.4,174.3,176.1,3.98,78.8,1.878,2870.5,736.3,744.3,747.3,737.3,169.4,170.9,174.4,175.4,4.01,78.0,1.903,10.8,1.15,0,nominal,0,0.0,194.9,701657.3
342.8,descend_land,26.90211345939933,649.1657397107901,27.853170189099,2874.0,735.2,745.1,746.6,738.2,169.0,170.0,174.3,176.3,4.0,77.3,1.88,2870.3,736.2,744.2,747.2,737.2,169.4,170.9,174.4,175.4,4.01,78.0,1.902,10.8,1.15,0,nominal,0,0.0,194.9,701657.2
342.9,descend_land,26.890989988876527,645.661846496107,27.836484983314794,2868.2,734.7,742.6,747.1,740.0,170.2,170.6,174.4,175.6,4.01,77.9,1.902,2870.2,736.2,744.2,747.2,737.2,169.3,170.8,174.3,175.3,4.01,78.0,1.902,10.8,1.151,0,nominal,0,0.0,194.9,701657.1
343.0,descend_land,26.879866518353726,642.1579532814239,27.81979977753059,2881.5,733.7,744.5,748.9,735.0,169.8,170.0,174.4,175.4,4.02,78.3,1.904,2870.0,736.2,744.2,747.2,737.2,169.3,170.8,174.3,175.3,4.01,78.0,1.902,10.8,1.151,0,nominal,0,0.0,194.9,701657.0
343.1,descend_land,26.868743047830925,638.6540600667408,27.803114571746384,2871.4,738.2,745.3,746.6,738.2,169.5,170.4,174.4,175.6,4.06,78.6,1.88,2869.8,736.2,744.2,747.2,737.2,169.3,170.8,174.3,175.3,4.01,78.0,1.902,10.8,1.152,0,nominal,0,0.0,194.9,701656.9
343.2,descend_land,26.85761957730812,635.1501668520582,27.786429365962178,2865.2,737.9,744.7,747.1,736.4,169.7,169.8,174.4,176.1,3.98,77.7,1.941,2869.7,736.1,744.1,747.1,737.1,169.3,170.8,174.3,175.3,4.01,78.0,1.902,10.9,1.152,0,nominal,0,0.0,194.9,701656.8
343.3,descend_land,26.846496106785317,631.6462736373751,27.769744160177975,2862.6,735.3,743.7,747.0,738.2,169.7,170.6,173.9,175.3,4.0,77.9,1.957,2869.5,736.1,744.1,747.1,737.1,169.3,170.8,174.3,175.3,4.01,78.0,1.902,10.9,1.152,0,nominal,0,0.0,194.9,701656.7
343.4,descend_land,26.835372636262512,628.142380422692,27.753058954393772,2867.1,734.5,740.5,747.7,736.6,170.0,170.8,173.8,175.4,4.03,78.3,1.865,2869.4,736.1,744.1,747.1,737.1,169.3,170.8,174.3,175.3,4.01,78.0,1.902,10.9,1.153,0,nominal,0,0.0,194.9,701656.6
343.5,descend_land,26.824249165739708,624.6384872080089,27.736373748609566,2866.4,736.4,743.3,747.6,736.4,169.9,169.9,174.7,175.5,4.01,77.3,1.922,2869.2,736.0,744.0,747.0,737.0,169.3,170.8,174.3,175.3,4.01,78.0,1.902,10.9,1.153,0,nominal,0,0.0,194.9,701656.5
343.6,descend_land,26.813125695216907,621.1345939933262,27.71968854282536,2867.0,735.4,743.5,745.4,737.1,168.1,170.6,174.1,174.1,4.01,78.0,1.879,2869.1,736.0,744.0,747.0,737.0,169.3,170.8,174.3,175.3,4.01,78.0,1.901,11.0,1.154,0,nominal,0,0.0,194.9,701656.4
343.7,descend_land,26.802002224694107,617.6307007786431,27.703003337041157,2874.4,735.0,743.4,745.8,739.1,169.7,170.2,174.9,176.1,4.0,77.8,1.927,2868.9,736.0,744.0,747.0,737.0,169.3,170.8,174.3,175.3,4.01,78.0,1.901,11.0,1.154,0,nominal,0,0.0,194.9,701656.3
343.8,descend_land,26.790878754171302,614.12680756396,27.686318131256954,2872.7,733.4,744.5,748.4,737.8,169.3,169.8,173.9,174.8,4.0,78.0,1.854,2868.8,735.9,743.9,746.9,736.9,169.3,170.8,174.3,175.3,4.01,78.0,1.901,11.0,1.154,0,nominal,0,0.0,194.9,701656.2
343.9,descend_land,26.779755283648498,610.6229143492769,27.669632925472747,2866.5,734.0,744.5,745.4,737.3,169.9,170.6,175.0,175.4,3.98,77.2,1.859,2868.6,735.9,743.9,746.9,736.9,169.3,170.8,174.3,175.3,4.01,78.0,1.901,11.0,1.155,0,nominal,0,0.0,194.9,701656.1
344.0,descend_land,26.768631813125694,607.1190211345943,27.65294771968854,2863.7,735.5,742.9,744.5,737.0,169.9,169.8,175.0,174.7,4.01,78.8,1.949,2868.4,735.9,743.9,746.9,736.9,169.3,170.8,174.3,175.3,4.0,78.0,1.901,11.1,1.155,0,nominal,0,0.0,194.9,701656.0
344.1,descend_land,26.75750834260289,603.6151279199112,27.636262513904338,2876.1,736.5,743.8,746.1,736.9,168.5,171.5,174.1,176.1,4.02,78.3,1.899,2868.3,735.8,743.8,746.8,736.8,169.3,170.8,174.3,175.3,4.0,78.0,1.901,11.1,1.156,0,nominal,0,0.0,194.9,701655.9
344.2,descend_land,26.74638487208009,600.1112347052281,27.619577308120135,2864.7,736.4,744.4,746.4,736.4,169.0,170.2,173.1,176.1,4.04,78.0,1.911,2868.1,735.8,743.8,746.8,736.8,169.3,170.8,174.3,175.3,4.0,78.0,1.901,11.1,1.156,0,nominal,0,0.0,194.9,701655.8
344.3,descend_land,26.73526140155729,596.6073414905454,27.60289210233593,2868.1,735.1,743.1,746.2,737.6,169.8,170.7,174.4,174.8,4.04,78.2,1.909,2868.0,735.8,743.8,746.8,736.8,169.3,170.8,174.3,175.3,4.0,78.0,1.901,11.1,1.156,0,nominal,0,0.0,194.9,701655.7
344.4,descend_land,26.724137931034484,593.1034482758623,27.586206896551722,2872.9,736.7,744.2,747.8,735.2,168.9,169.9,174.8,174.9,4.01,77.5,1.916,2867.8,735.7,743.7,746.7,736.7,169.3,170.8,174.3,175.3,4.0,78.0,1.901,11.1,1.157,0,nominal,0,0.0,194.9,701655.6
344.5,descend_land,26.71301446051168,589.5995550611792,27.56952169076752,2868.6,736.2,743.0,746.1,736.8,169.4,171.2,174.0,174.7,4.03,77.7,1.867,2867.6,735.7,743.7,746.7,736.7,169.2,170.7,174.2,175.2,4.0,78.0,1.9,11.2,1.157,0,nominal,0,0.0,194.9,701655.5
344.6,descend_land,26.701890989988875,586.0956618464961,27.552836484983317,2871.9,734.8,743.2,745.8,738.5,169.5,170.0,174.9,175.2,4.0,77.3,1.84,2867.5,735.7,743.7,746.7,736.7,169.2,170.7,174.2,175.2,4.0,78.0,1.9,11.2,1.158,0,nominal,0,0.0,194.9,701655.4
344.7,descend_land,26.69076751946607,582.5917686318135,27.53615127919911,2875.0,734.4,743.4,747.6,736.7,169.7,170.6,174.0,176.5,4.05,78.0,1.902,2867.3,735.6,743.6,746.6,736.6,169.2,170.7,174.2,175.2,4.0,78.0,1.9,11.2,1.158,0,nominal,0,0.0,194.9,701655.3
344.8,descend_land,26.67964404894327,579.0878754171304,27.519466073414904,2866.1,737.3,745.0,745.9,739.1,169.1,170.5,174.2,175.0,4.03,77.6,1.881,2867.2,735.6,743.6,746.6,736.6,169.2,170.7,174.2,175.2,4.0,78.0,1.9,11.2,1.158,0,nominal,0,0.0,194.9,701655.2
344.9,descend_land,26.668520578420466,575.5839822024473,27.5027808676307,2864.7,736.5,742.9,749.2,736.3,169.1,170.0,173.8,176.0,3.98,77.9,1.865,2867.0,735.6,743.6,746.6,736.6,169.2,170.7,174.2,175.2,4.0,78.0,1.9,11.3,1.159,0,nominal,0,0.0,194.9,701655.1
345.0,descend_land,26.657397107897665,572.0800889877642,27.486095661846498,2873.3,735.3,741.6,747.0,736.8,169.4,171.1,174.6,174.9,4.02,77.7,1.911,2866.9,735.5,743.5,746.5,736.5,169.2,170.7,174.2,175.2,4.0,78.0,1.9,11.3,1.159,0,nominal,0,0.0,194.9,701655.0
345.1,descend_land,26.64627363737486,568.5761957730815,27.469410456062292,2859.6,738.5,744.1,747.1,737.0,169.5,170.6,173.9,175.7,3.99,78.6,1.831,2866.7,735.5,743.5,746.5,736.5,169.2,170.7,174.2,175.2,4.0,78.0,1.9,11.3,1.16,0,nominal,0,0.0,194.9,701654.9
345.2,descend_land,26.635150166852057,565.0723025583984,27.452725250278085,2859.9,735.0,741.9,745.5,735.9,168.6,170.8,174.3,174.7,4.02,78.9,1.924,2866.5,735.5,743.5,746.5,736.5,169.2,170.7,174.2,175.2,4.0,78.0,1.9,11.3,1.16,0,nominal,0,0.0,194.9,701654.8
345.3,descend_land,26.624026696329253,561.5684093437153,27.436040044493883,2870.1,736.7,745.9,749.0,737.4,169.1,171.1,173.8,174.9,4.0,78.9,1.892,2866.4,735.4,743.4,746.4,736.4,169.2,170.7,174.2,175.2,4.0,78.0,1.899,11.3,1.16,0,nominal,0,0.0,194.9,701654.7
345.4,descend_land,26.612903225806452,558.0645161290322,27.41935483870968,2866.9,736.5,745.4,747.4,735.6,168.7,170.8,174.6,175.4,3.96,77.3,1.871,2866.2,735.4,743.4,746.4,736.4,169.2,170.7,174.2,175.2,4.0,78.0,1.899,11.4,1.161,0,nominal,0,0.0,194.9,701654.6
345.5,descend_land,26.601779755283648,554.5606229143496,27.402669632925473,2859.5,736.5,743.9,746.2,736.6,169.3,170.5,174.5,175.7,3.97,77.4,1.941,2866.0,735.4,743.4,746.4,736.4,169.2,170.7,174.2,175.2,4.0,78.0,1.899,11.4,1.161,0,nominal,0,0.0,194.9,701654.5
345.6,descend_land,26.590656284760847,551.0567296996664,27.385984427141267,2870.0,735.7,744.9,745.1,736.1,169.0,170.6,173.8,175.1,4.01,78.9,1.907,2865.9,735.3,743.3,746.3,736.3,169.2,170.7,174.2,175.2,4.0,78.0,1.899,11.4,1.162,0,nominal,0,0.0,194.9,701654.4
345.7,descend_land,26.579532814238043,547.5528364849833,27.369299221357064,2868.5,735.7,743.8,747.8,734.6,169.1,170.5,174.7,175.1,4.03,78.4,1.847,2865.7,735.3,743.3,746.3,736.3,169.2,170.7,174.2,175.2,4.0,78.0,1.899,11.4,1.162,0,nominal,0,0.0,194.9,701654.3
345.8,descend_land,26.56840934371524,544.0489432703007,27.35261401557286,2862.6,738.0,742.6,744.2,736.8,169.8,170.1,174.1,174.8,4.01,77.5,1.907,2865.6,735.3,743.3,746.3,736.3,169.2,170.7,174.2,175.2,4.0,78.0,1.899,11.5,1.162,0,nominal,0,0.0,194.9,701654.2
345.9,descend_land,26.557285873192434,540.5450500556176,27.335928809788655,2853.3,736.5,745.5,746.9,736.6,168.4,170.4,173.5,175.1,4.04,78.1,1.918,2865.4,735.3,743.3,746.3,736.3,169.2,170.7,174.2,175.2,4.0,78.0,1.899,11.5,1.163,0,nominal,0,0.0,194.9,701654.1
346.0,descend_land,26.546162402669633,537.0411568409345,27.31924360400445,2872.9,735.8,743.8,744.2,733.5,169.4,170.7,174.1,176.1,3.97,77.6,1.922,2865.2,735.2,743.2,746.2,736.2,169.2,170.7,174.2,175.2,4.0,78.0,1.899,11.5,1.163,0,nominal,0,0.0,194.9,701654.0
346.1,descend_land,26.53503893214683,533.5372636262514,27.302558398220246,2862.3,732.4,740.9,746.6,735.1,168.2,171.1,174.4,174.7,4.04,77.4,1.895,2865.1,735.2,743.2,746.2,736.2,169.1,170.6,174.1,175.1,4.0,78.0,1.898,11.5,1.163,0,nominal,0,0.0,194.9,701653.9
346.2,descend_land,26.52391546162403,530.0333704115687,27.285873192436043,2866.1,735.9,741.7,748.2,734.3,169.2,171.3,174.5,175.5,3.93,78.9,1.87,2864.9,735.2,743.2,746.2,736.2,169.1,170.6,174.1,175.1,4.0,78.0,1.898,11.6,1.164,0,nominal,0,0.0,194.9,701653.8
346.3,descend_land,26.512791991101224,526.5294771968856,27.269187986651836,2861.9,735.9,742.7,746.6,736.9,169.7,170.7,174.9,175.9,4.0,78.1,1.892,2864.8,735.1,743.1,746.1,736.1,169.1,170.6,174.1,175.1,4.0,78.0,1.898,11.6,1.164,0,nominal,0,0.0,194.9,701653.7
346.4,descend_land,26.50166852057842,523.0255839822025,27.25250278086763,2858.6,735.7,743.6,744.9,735.2,169.8,170.4,173.3,174.7,3.97,78.6,1.907,2864.6,735.1,743.1,746.1,736.1,169.1,170.6,174.1,175.1,4.0,78.0,1.898,11.6,1.165,0,nominal,0,0.0,194.9,701653.6
346.5,descend_land,26.490545050055616,519.5216907675194,27.235817575083427,2865.8,736.4,742.0,747.2,735.4,169.5,169.0,173.6,175.4,4.05,77.8,1.924,2864.4,735.1,743.1,746.1,736.1,169.1,170.6,174.1,175.1,4.0,78.0,1.898,11.6,1.165,0,nominal,0,0.0,194.9,701653.5
346.6,descend_land,26.47942157953281,516.0177975528368,27.219132369299224,2860.7,736.8,744.1,747.2,735.3,168.8,170.3,174.5,175.6,4.0,77.4,1.889,2864.3,735.0,743.0,746.0,736.0,169.1,170.6,174.1,175.1,4.0,78.0,1.898,11.6,1.165,0,nominal,0,0.0,194.9,701653.4
346.7,descend_land,26.46829810901001,512.5139043381537,27.202447163515018,2869.9,737.0,744.0,746.0,736.9,167.8,171.2,173.4,175.8,4.04,78.4,1.859,2864.1,735.0,743.0,746.0,736.0,169.1,170.6,174.1,175.1,4.0,78.0,1.898,11.7,1.166,0,nominal,0,0.0,194.9,701653.3
346.8,descend_land,26.45717463848721,509.0100111234706,27.18576195773081,2868.3,733.0,743.8,745.7,735.7,168.8,171.1,173.7,174.9,4.01,77.8,1.894,2863.9,735.0,743.0,746.0,736.0,169.1,170.6,174.1,175.1,4.0,78.0,1.897,11.7,1.166,0,nominal,0,0.0,194.9,701653.2
346.9,descend_land,26.446051167964406,505.5061179087879,27.169076751946605,2860.9,734.3,746.3,744.3,735.8,167.9,170.2,172.9,174.8,3.99,77.8,1.891,2863.8,734.9,742.9,745.9,735.9,169.1,170.6,174.1,175.1,4.0,78.0,1.897,11.7,1.167,0,nominal,0,0.0,194.9,701653.1
347.0,descend_land,26.4349276974416,502.0022246941048,27.152391546162402,2858.5,736.3,743.3,744.7,736.9,168.7,170.9,174.3,175.4,4.0,78.1,1.9,2863.6,734.9,742.9,745.9,735.9,169.1,170.6,174.1,175.1,4.0,78.0,1.897,11.7,1.167,0,nominal,0,0.0,194.9,701653.0
347.1,descend_land,26.423804226918797,498.4983314794217,27.1357063403782,2860.0,736.4,741.6,745.5,735.7,168.5,171.1,175.0,175.8,4.01,78.0,1.951,2863.5,734.9,742.9,745.9,735.9,169.1,170.6,174.1,175.1,4.0,78.0,1.897,11.8,1.167,0,nominal,0,0.0,194.9,701652.9
347.2,descend_land,26.412680756395993,494.9944382647386,27.119021134593993,2870.9,736.0,742.4,745.0,734.7,169.3,170.3,174.3,175.1,4.03,78.3,1.913,2863.3,734.8,742.8,745.8,735.8,169.1,170.6,174.1,175.1,4.0,78.0,1.897,11.8,1.168,0,nominal,0,0.0,194.9,701652.8
347.3,descend_land,26.401557285873192,491.49054505005597,27.102335928809786,2860.1,737.2,742.6,748.0,736.6,169.2,169.6,174.2,175.2,4.06,78.2,1.932,2863.1,734.8,742.8,745.8,735.8,169.1,170.6,174.1,175.1,4.0,78.0,1.897,11.8,1.168,0,nominal,0,0.0,194.9,701652.7
347.4,descend_land,26.39043381535039,487.98665183537287,27.085650723025584,2874.0,735.0,741.2,743.9,736.1,169.3,169.9,174.0,175.1,4.02,77.9,1.897,2863.0,734.8,742.8,745.8,735.8,169.1,170.6,174.1,175.1,4.0,78.0,1.897,11.8,1.169,0,nominal,0,0.0,194.9,701652.6
347.5,descend_land,26.379310344827587,484.48275862068976,27.06896551724138,2856.2,732.9,742.0,747.1,735.3,169.2,170.5,174.6,175.9,4.03,78.2,1.898,2862.8,734.7,742.7,745.7,735.7,169.1,170.6,174.1,175.1,4.0,78.0,1.897,11.9,1.169,0,nominal,0,0.0,194.9,701652.5
347.6,descend_land,26.368186874304783,480.97886540600666,27.052280311457174,2866.5,736.6,743.9,745.7,737.1,169.7,170.8,174.6,174.5,3.99,78.7,1.872,2862.6,734.7,742.7,745.7,735.7,169.1,170.6,174.1,175.1,4.0,78.0,1.896,11.9,1.169,0,nominal,0,0.0,194.9,701652.4
347.7,descend_land,26.35706340378198,477.474972191324,27.035595105672968,2863.7,733.6,744.0,746.2,737.4,168.1,170.1,174.3,175.7,4.01,77.9,1.877,2862.5,734.7,742.7,745.7,735.7,169.0,170.5,174.0,175.0,4.0,78.0,1.896,11.9,1.17,0,nominal,0,0.0,194.9,701652.3
347.8,descend_land,26.345939933259174,473.9710789766409,27.018909899888765,2854.4,732.9,741.4,743.3,736.3,169.4,171.3,174.0,174.2,4.01,78.4,1.818,2862.3,734.6,742.6,745.6,735.6,169.0,170.5,174.0,175.0,4.0,78.0,1.896,11.9,1.17,0,nominal,0,0.0,194.9,701652.2
347.9,descend_land,26.334816462736374,470.4671857619578,27.002224694104562,2859.6,736.9,742.7,743.6,735.6,168.3,169.6,174.8,173.9,3.99,77.5,1.853,2862.1,734.6,742.6,745.6,735.6,169.0,170.5,174.0,175.0,4.0,78.0,1.896,11.9,1.171,0,nominal,0,0.0,194.9,701652.1
348.0,descend_land,26.323692992213573,466.9632925472747,26.985539488320356,2863.8,733.7,740.4,747.2,735.5,169.5,171.2,174.2,175.4,4.03,77.5,1.905,2862.0,734.6,742.6,745.6,735.6,169.0,170.5,174.0,175.0,4.0,78.0,1.896,12.0,1.171,0,nominal,0,0.0,194.9,701652.0
348.1,descend_land,26.31256952169077,463.45939933259206,26.96885428253615,2868.2,733.4,742.4,745.8,733.3,168.7,170.1,173.2,173.8,4.04,77.7,1.83,2861.8,734.5,742.5,745.5,735.5,169.0,170.5,174.0,175.0,4.0,78.0,1.896,12.0,1.171,0,nominal,0,0.0,194.9,701651.9
348.2,descend_land,26.301446051167964,459.95550611790895,26.952169076751947,2864.2,734.8,742.2,743.4,739.7,169.8,170.1,172.8,176.4,3.97,78.1,1.93,2861.6,734.5,742.5,745.5,735.5,169.0,170.5,174.0,175.0,4.0,78.0,1.896,12.0,1.172,0,nominal,0,0.0,194.9,701651.8
348.3,descend_land,26.29032258064516,456.45161290322585,26.935483870967744,2865.3,734.3,742.7,747.7,736.2,168.6,170.3,174.0,173.7,3.97,78.1,1.936,2861.5,734.5,742.5,745.5,735.5,169.0,170.5,174.0,175.0,4.0,78.0,1.896,12.0,1.172,0,nominal,0,0.0,194.9,701651.7
348.4,descend_land,26.279199110122356,452.9477196885432,26.918798665183537,2857.4,734.6,744.2,745.0,737.1,170.1,170.2,174.2,175.8,4.0,78.2,1.83,2861.3,734.4,742.4,745.4,735.4,169.0,170.5,174.0,175.0,4.0,78.0,1.895,12.1,1.173,0,nominal,0,0.0,194.9,701651.6
348.5,descend_land,26.268075639599555,449.4438264738601,26.90211345939933,2863.4,734.4,743.2,747.1,736.5,169.4,169.3,173.8,175.6,4.0,78.1,1.911,2861.1,734.4,742.4,745.4,735.4,169.0,170.5,174.0,175.0,4.0,78.0,1.895,12.1,1.173,0,nominal,0,0.0,194.9,701651.5
348.6,descend_land,26.25695216907675,445.939933259177,26.885428253615128,2846.0,733.1,742.3,746.8,733.0,168.8,169.5,174.3,175.2,4.03,77.9,1.933,2861.0,734.4,742.4,745.4,735.4,169.0,170.5,174.0,175.0,4.0,78.0,1.895,12.1,1.173,0,nominal,0,0.0,194.9,701651.4
348.7,descend_land,26.24582869855395,442.4360400444939,26.868743047830925,2869.6,736.4,740.6,746.2,736.6,170.1,170.1,173.9,175.9,4.0,77.7,1.869,2860.8,734.4,742.4,745.4,735.4,169.0,170.5,174.0,175.0,4.0,78.0,1.895,12.1,1.174,0,nominal,0,0.0,194.9,701651.3
348.8,descend_land,26.234705228031146,438.93214682981124,26.85205784204672,2857.4,734.7,741.9,743.9,733.7,169.1,170.0,173.9,175.1,4.0,78.1,1.896,2860.6,734.3,742.3,745.3,735.3,169.0,170.5,174.0,175.0,4.0,78.0,1.895,12.1,1.174,0,nominal,0,0.0,194.9,701651.2
348.9,descend_land,26.22358175750834,435.42825361512814,26.835372636262512,2855.6,736.1,742.7,744.4,735.7,168.1,169.1,173.1,175.0,4.0,78.8,1.857,2860.5,734.3,742.3,745.3,735.3,169.0,170.5,174.0,175.0,4.0,78.0,1.895,12.2,1.175,0,nominal,0,0.0,194.9,701651.1
349.0,descend_land,26.212458286985537,431.92436040044504,26.81868743047831,2857.1,733.2,744.8,744.3,734.4,169.6,170.0,173.6,175.8,4.02,77.4,1.904,2860.3,734.3,742.3,745.3,735.3,169.0,170.5,174.0,175.0,4.0,78.0,1.895,12.2,1.175,0,nominal,0,0.0,194.9,701651.0
349.1,descend_land,26.201334816462737,428.42046718576194,26.802002224694107,2856.0,734.4,744.7,743.7,734.7,168.8,170.1,173.4,174.6,3.94,77.5,1.911,2860.1,734.2,742.2,745.2,735.2,169.0,170.5,174.0,175.0,4.0,78.0,1.894,12.2,1.175,0,nominal,0,0.0,194.9,701650.9
349.2,descend_land,26.190211345939932,424.9165739710793,26.7853170189099,2855.4,732.8,741.6,745.3,732.8,169.7,172.3,174.4,175.8,3.95,77.6,1.85,2860.0,734.2,742.2,745.2,735.2,169.0,170.5,174.0,175.0,4.0,78.0,1.894,12.2,1.176,0,nominal,0,0.0,194.9,701650.8
349.3,descend_land,26.17908787541713,421.4126807563962,26.768631813125694,2873.9,734.0,740.0,742.1,735.1,168.0,169.4,173.3,174.5,4.01,78.0,1.887,2859.8,734.2,742.2,745.2,735.2,168.9,170.4,173.9,174.9,4.0,78.0,1.894,12.3,1.176,0,nominal,0,0.0,194.9,701650.7
349.4,descend_land,26.167964404894327,417.9087875417131,26.75194660734149,2850.9,733.8,741.8,746.2,734.9,169.0,171.8,175.2,174.0,4.01,77.5,1.865,2859.6,734.1,742.1,745.1,735.1,168.9,170.4,173.9,174.9,4.0,78.0,1.894,12.3,1.177,0,nominal,0,0.0,194.9,701650.6
349.5,descend_land,26.156840934371523,414.40489432703043,26.73526140155729,2862.2,732.6,740.9,743.9,733.9,169.4,170.2,172.8,174.3,4.0,78.2,1.916,2859.5,734.1,742.1,745.1,735.1,168.9,170.4,173.9,174.9,4.0,78.0,1.894,12.3,1.177,0,nominal,0,0.0,194.9,701650.5
349.6,descend_land,26.14571746384872,410.90100111234733,26.718576195773082,2864.0,735.2,738.5,746.5,733.5,169.1,169.9,175.2,174.1,4.06,78.3,1.888,2859.3,734.1,742.1,745.1,735.1,168.9,170.4,173.9,174.9,4.0,78.0,1.894,12.3,1.177,0,nominal,0,0.0,194.9,701650.4
349.7,descend_land,26.134593993325918,407.3971078976642,26.701890989988875,2858.0,735.4,739.7,741.7,735.3,168.8,169.2,173.8,175.7,4.02,78.6,1.885,2859.1,734.0,742.0,745.0,735.0,168.9,170.4,173.9,174.9,4.0,78.0,1.894,12.4,1.178,0,nominal,0,0.0,194.9,701650.3
349.8,descend_land,26.123470522803114,403.8932146829811,26.685205784204673,2860.1,735.0,742.4,743.1,737.1,169.6,170.6,173.8,176.0,4.0,78.3,1.878,2859.0,734.0,742.0,745.0,735.0,168.9,170.4,173.9,174.9,4.0,78.0,1.894,12.4,1.178,0,nominal,0,0.0,194.9,701650.2
349.9,descend_land,26.112347052280313,400.3893214682985,26.66852057842047,2863.8,731.3,741.9,744.0,736.1,169.0,171.0,174.7,174.8,4.02,78.0,1.925,2858.8,734.0,742.0,745.0,735.0,168.9,170.4,173.9,174.9,4.0,78.0,1.893,12.4,1.179,0,nominal,0,0.0,194.9,701650.1
350.0,descend_land,26.10122358175751,396.8854282536154,26.651835372636263,2867.5,734.0,739.4,745.4,735.8,168.5,170.0,174.6,175.1,3.99,78.9,1.927,2858.6,733.9,741.9,744.9,734.9,168.9,170.4,173.9,174.9,4.0,78.0,1.893,12.4,1.179,0,nominal,0,0.0,194.9,701650.0
350.1,descend_land,26.090100111234705,393.38153503893227,26.635150166852057,2863.7,734.8,741.8,745.7,734.2,168.6,170.5,174.5,174.5,3.99,77.4,1.891,2858.5,733.9,741.9,744.9,734.9,168.9,170.4,173.9,174.9,4.0,78.0,1.893,12.4,1.179,0,nominal,0,0.0,194.9,701649.9
350.2,descend_land,26.0789766407119,389.87764182424917,26.618464961067854,2851.1,731.7,738.7,743.3,736.6,167.9,170.0,173.8,174.4,4.05,78.2,1.894,2858.3,733.9,741.9,744.9,734.9,168.9,170.4,173.9,174.9,4.0,78.0,1.893,12.5,1.18,0,nominal,0,0.0,194.9,701649.8
350.3,descend_land,26.067853170189096,386.3737486095665,26.60177975528365,2852.3,734.7,742.0,744.0,735.7,168.1,170.5,174.0,174.3,4.02,77.5,1.892,2858.1,733.8,741.8,744.8,734.8,168.9,170.4,173.9,174.9,4.0,78.0,1.893,12.5,1.18,0,nominal,0,0.0,194.9,701649.7
350.4,descend_land,26.056729699666295,382.8698553948834,26.585094549499445,2858.6,731.7,742.3,746.1,732.3,169.4,170.0,173.8,174.5,3.98,78.0,1.902,2857.9,733.8,741.8,744.8,734.8,168.9,170.4,173.9,174.9,4.0,78.0,1.893,12.5,1.181,0,nominal,0,0.0,194.9,701649.6
350.5,descend_land,26.045606229143495,379.3659621802003,26.56840934371524,2854.8,735.4,744.0,744.2,736.6,168.6,170.6,174.5,175.5,3.99,78.5,1.899,2857.8,733.8,741.8,744.8,734.8,168.9,170.4,173.9,174.9,4.0,78.0,1.893,12.5,1.181,0,nominal,0,0.0,194.9,701649.5
350.6,descend_land,26.03448275862069,375.8620689655172,26.551724137931036,2853.8,732.5,742.0,741.5,735.9,168.9,170.9,172.7,175.7,4.03,77.9,1.937,2857.6,733.7,741.7,744.7,734.7,168.9,170.4,173.9,174.9,4.0,78.0,1.892,12.6,1.181,0,nominal,0,0.0,194.9,701649.4
350.7,descend_land,26.023359288097886,372.35817575083456,26.535038932146833,2849.1,732.6,739.9,745.4,735.7,168.8,169.8,174.1,173.8,3.96,78.5,1.895,2857.4,733.7,741.7,744.7,734.7,168.9,170.4,173.9,174.9,4.0,78.0,1.892,12.6,1.182,0,nominal,0,0.0,194.9,701649.3
350.8,descend_land,26.012235817575082,368.85428253615146,26.518353726362626,2860.4,732.8,743.3,745.1,734.3,168.8,169.6,173.4,175.2,3.97,78.4,1.936,2857.3,733.7,741.7,744.7,734.7,168.9,170.4,173.9,174.9,4.0,78.0,1.892,12.6,1.182,0,nominal,0,0.0,194.9,701649.2
350.9,descend_land,26.001112347052278,365.35038932146836,26.50166852057842,2859.0,734.3,741.0,742.9,734.5,169.6,171.1,173.6,174.9,4.0,77.8,1.895,2857.1,733.6,741.6,744.6,734.6,168.9,170.4,173.9,174.9,4.0,78.0,1.892,12.6,1.183,0,nominal,0,0.0,194.9,701649.1
351.0,descend_land,25.989988876529477,361.8464961067857,26.484983314794214,2856.8,735.3,740.3,743.8,734.1,169.7,170.2,175.2,175.6,3.98,77.8,1.933,2856.9,733.6,741.6,744.6,734.6,168.8,170.3,173.8,174.8,4.0,78.0,1.892,12.6,1.183,0,nominal,0,0.0,194.9,701649.0
351.1,descend_land,25.978865406006676,358.3426028921026,26.46829810901001,2858.0,733.9,740.8,744.2,733.7,168.7,169.7,174.0,175.4,3.97,77.5,1.819,2856.7,733.6,741.6,744.6,734.6,168.8,170.3,173.8,174.8,4.0,78.0,1.892,12.7,1.183,0,nominal,0,0.0,194.9,701648.9
351.2,descend_land,25.967741935483872,354.8387096774195,26.451612903225808,2856.9,734.8,742.1,743.4,734.5,169.7,169.3,174.0,174.8,4.02,78.4,1.944,2856.6,733.5,741.5,744.5,734.5,168.8,170.3,173.8,174.8,4.0,78.0,1.892,12.7,1.184,0,nominal,0,0.0,194.9,701648.8
351.3,descend_land,25.956618464961068,351.3348164627364,26.4349276974416,2860.5,731.2,742.8,741.8,734.2,169.3,170.5,173.9,175.9,3.96,77.7,1.865,2856.4,733.5,741.5,744.5,734.5,168.8,170.3,173.8,174.8,4.0,78.0,1.892,12.7,1.184,0,nominal,0,0.0,194.9,701648.7
351.4,descend_land,25.945494994438263,347.83092324805375,26.418242491657395,2856.0,735.9,741.7,743.7,734.8,167.6,171.0,174.7,175.8,4.04,77.8,1.886,2856.2,733.5,741.5,744.5,734.5,168.8,170.3,173.8,174.8,4.0,78.0,1.891,12.7,1.185,0,nominal,0,0.0,194.9,701648.6
351.5,descend_land,25.93437152391546,344.32703003337065,26.401557285873192,2865.0,734.1,741.0,743.5,734.1,169.8,170.2,174.3,175.2,4.02,78.3,1.96,2856.1,733.4,741.4,744.4,734.4,168.8,170.3,173.8,174.8,4.0,78.0,1.891,12.8,1.185,0,nominal,0,0.0,194.9,701648.5
351.6,descend_land,25.92324805339266,340.82313681868754,26.38487208008899,2860.1,732.8,743.1,743.6,734.7,168.1,169.5,174.5,175.1,4.03,77.5,1.926,2855.9,733.4,741.4,744.4,734.4,168.8,170.3,173.8,174.8,4.0,78.0,1.891,12.8,1.185,0,nominal,0,0.0,194.9,701648.4
351.7,descend_land,25.912124582869858,337.31924360400444,26.368186874304783,2855.4,733.0,741.6,745.0,734.1,169.7,170.6,173.0,174.2,4.02,78.3,1.858,2855.7,733.4,741.4,744.4,734.4,168.8,170.3,173.8,174.8,4.0,78.0,1.891,12.8,1.186,0,nominal,0,0.0,194.9,701648.3
351.8,descend_land,25.901001112347053,333.8153503893218,26.351501668520577,2858.6,735.6,742.7,742.7,732.5,169.7,170.9,173.7,175.3,4.01,77.6,1.89,2855.5,733.4,741.4,744.4,734.4,168.8,170.3,173.8,174.8,4.0,78.0,1.891,12.8,1.186,0,nominal,0,0.0,194.9,701648.2
351.9,descend_land,25.88987764182425,330.3114571746387,26.334816462736374,2851.1,731.7,740.3,746.5,736.7,169.6,171.1,173.4,176.6,3.97,78.7,1.897,2855.4,733.3,741.3,744.3,734.3,168.8,170.3,173.8,174.8,4.0,78.0,1.891,12.9,1.187,0,nominal,0,0.0,194.9,701648.1
352.0,descend_land,25.878754171301445,326.8075639599556,26.31813125695217,2857.8,733.4,741.3,745.9,733.4,169.0,170.7,174.3,175.3,4.01,76.8,1.908,2855.2,733.3,741.3,744.3,734.3,168.8,170.3,173.8,174.8,4.0,78.0,1.891,12.9,1.187,0,nominal,0,0.0,194.9,701648.0
352.1,descend_land,25.86763070077864,323.3036707452725,26.301446051167964,2858.1,733.7,740.0,743.5,735.0,169.1,169.8,173.2,175.5,3.95,78.0,1.87,2855.0,733.3,741.3,744.3,734.3,168.8,170.3,173.8,174.8,4.0,78.0,1.89,12.9,1.187,0,nominal,0,0.0,194.9,701647.9
352.2,descend_land,25.85650723025584,319.79977753058984,26.284760845383758,2857.2,732.6,742.6,744.2,735.9,168.6,170.4,173.2,174.0,3.98,78.2,1.874,2854.8,733.2,741.2,744.2,734.2,168.8,170.3,173.8,174.8,4.0,78.0,1.89,12.9,1.188,0,nominal,0,0.0,194.9,701647.8
352.3,descend_land,25.845383759733036,316.29588431590673,26.268075639599555,2850.7,733.9,742.2,743.3,735.5,168.9,169.6,173.7,174.9,3.97,77.9,1.882,2854.7,733.2,741.2,744.2,734.2,168.8,170.3,173.8,174.8,4.0,78.0,1.89,12.9,1.188,0,nominal,0,0.0,194.9,701647.7
352.4,descend_land,25.834260289210235,312.79199110122363,26.251390433815352,2841.6,734.3,741.9,743.7,733.7,168.9,170.1,173.6,175.2,4.02,77.7,1.864,2854.5,733.2,741.2,744.2,734.2,168.8,170.3,173.8,174.8,4.0,78.0,1.89,13.0,1.189,0,nominal,0,0.0,194.9,701647.6
352.5,descend_land,25.82313681868743,309.288097886541,26.234705228031146,2855.5,733.9,740.2,746.5,735.0,168.9,170.2,173.5,174.5,4.01,78.0,1.84,2854.3,733.1,741.1,744.1,734.1,168.8,170.3,173.8,174.8,4.0,78.0,1.89,13.0,1.189,0,nominal,0,0.0,194.9,701647.5
352.6,descend_land,25.812013348164626,305.7842046718579,26.21802002224694,2856.1,734.1,739.9,743.3,734.4,168.1,170.9,172.6,175.1,3.99,77.5,1.903,2854.1,733.1,741.1,744.1,734.1,168.7,170.2,173.7,174.7,4.0,78.0,1.89,13.0,1.189,0,nominal,0,0.0,194.9,701647.4
352.7,descend_land,25.800889877641822,302.2803114571748,26.201334816462737,2846.6,733.4,739.8,746.2,735.1,169.4,170.0,173.6,174.9,3.99,77.8,1.842,2854.0,733.1,741.1,744.1,734.1,168.7,170.2,173.7,174.7,4.0,78.0,1.89,13.0,1.19,0,nominal,0,0.0,194.9,701647.3
352.8,descend_land,25.78976640711902,298.7764182424917,26.184649610678534,2855.1,733.2,740.6,744.2,733.5,169.5,170.5,173.1,174.3,3.97,78.3,1.925,2853.8,733.0,741.0,744.0,734.0,168.7,170.2,173.7,174.7,4.0,78.0,1.889,13.1,1.19,0,nominal,0,0.0,194.9,701647.2
352.9,descend_land,25.778642936596217,295.272525027809,26.167964404894327,2855.2,730.9,741.1,740.2,735.0,167.7,169.7,173.2,175.7,4.01,78.2,1.849,2853.6,733.0,741.0,744.0,734.0,168.7,170.2,173.7,174.7,4.0,78.0,1.889,13.1,1.191,0,nominal,0,0.0,194.9,701647.1
353.0,descend_land,25.767519466073416,291.7686318131259,26.15127919911012,2853.9,733.0,741.0,744.1,735.0,169.3,170.3,173.7,175.9,4.01,77.4,1.877,2853.4,733.0,741.0,744.0,734.0,168.7,170.2,173.7,174.7,4.0,78.0,1.889,13.1,1.191,0,nominal,0,0.0,194.9,701647.0
353.1,descend_land,25.756395995550612,288.2647385984428,26.134593993325918,2863.9,730.6,743.0,744.2,733.3,168.9,169.4,174.4,174.4,3.98,78.7,1.916,2853.3,732.9,740.9,743.9,733.9,168.7,170.2,173.7,174.7,4.0,78.0,1.889,13.1,1.191,0,nominal,0,0.0,194.9,701646.9
353.2,descend_land,25.745272525027808,284.7608453837597,26.117908787541715,2852.8,732.3,740.5,743.5,733.7,168.0,171.8,173.9,174.8,3.99,77.6,1.854,2853.1,732.9,740.9,743.9,733.9,168.7,170.2,173.7,174.7,4.0,78.0,1.889,13.1,1.192,0,nominal,0,0.0,194.9,701646.8
353.3,descend_land,25.734149054505004,281.25695216907707,26.10122358175751,2855.4,731.7,740.7,746.7,733.9,169.1,171.0,174.3,175.0,4.01,77.0,1.899,2852.9,732.9,740.9,743.9,733.9,168.7,170.2,173.7,174.7,4.0,78.0,1.889,13.2,1.192,0,nominal,0,0.0,194.9,701646.7
353.4,descend_land,25.723025583982203,277.75305895439396,26.084538375973302,2860.0,734.2,742.1,741.9,733.7,168.8,169.4,174.3,174.0,4.0,77.5,1.896,2852.7,732.8,740.8,743.8,733.8,168.7,170.2,173.7,174.7,4.0,78.0,1.889,13.2,1.193,0,nominal,0,0.0,194.9,701646.6
353.5,descend_land,25.7119021134594,274.24916573971086,26.0678531701891,2852.4,732.5,740.8,745.7,733.2,168.8,170.0,174.2,174.3,3.99,77.6,1.871,2852.6,732.8,740.8,743.8,733.8,168.7,170.2,173.7,174.7,4.0,78.0,1.888,13.2,1.193,0,nominal,0,0.0,194.9,701646.5
353.6,descend_land,25.700778642936598,270.7452725250282,26.051167964404897,2846.7,730.9,741.9,743.7,733.9,168.9,170.3,174.1,174.5,3.95,78.1,1.878,2852.4,732.8,740.8,743.8,733.8,168.7,170.2,173.7,174.7,3.99,78.0,1.888,13.2,1.193,0,nominal,0,0.0,194.9,701646.4
353.7,descend_land,25.689655172413794,267.2413793103451,26.03448275862069,2852.3,731.2,739.0,742.6,734.5,169.8,170.5,174.1,174.7,4.01,77.5,1.883,2852.2,732.7,740.7,743.7,733.7,168.7,170.2,173.7,174.7,3.99,78.0,1.888,13.3,1.194,0,nominal,0,0.0,194.9,701646.3
353.8,descend_land,25.67853170189099,263.737486095662,26.017797552836484,2839.8,732.8,741.4,743.6,734.4,168.9,170.3,173.8,174.8,4.02,77.7,1.865,2852.0,732.7,740.7,743.7,733.7,168.7,170.2,173.7,174.7,3.99,78.0,1.888,13.3,1.194,0,nominal,0,0.0,194.9,701646.2
353.9,descend_land,25.667408231368185,260.2335928809789,26.00111234705228,2855.9,734.9,743.1,743.6,733.6,168.4,170.0,173.7,173.7,4.03,78.4,1.9,2851.9,732.7,740.7,743.7,733.7,168.7,170.2,173.7,174.7,3.99,78.0,1.888,13.3,1.195,0,nominal,0,0.0,194.9,701646.1
354.0,descend_land,25.656284760845384,256.72969966629626,25.98442714126808,2856.5,729.8,740.1,743.6,732.9,168.0,168.9,173.8,174.5,3.98,78.5,1.934,2851.7,732.6,740.6,743.6,733.6,168.7,170.2,173.7,174.7,3.99,78.0,1.888,13.3,1.195,0,nominal,0,0.0,194.9,701646.0
354.1,descend_land,25.64516129032258,253.22580645161315,25.967741935483872,2854.0,733.9,742.6,743.4,733.3,169.6,170.4,173.5,175.7,4.0,78.4,1.879,2851.5,732.6,740.6,743.6,733.6,168.7,170.2,173.7,174.7,3.99,78.0,1.888,13.4,1.196,0,nominal,0,0.0,194.9,701645.9
354.2,descend_land,25.63403781979978,249.72191323693005,25.951056729699665,2846.7,732.2,739.4,743.9,733.8,167.9,170.0,173.8,174.5,3.95,77.8,1.866,2851.3,732.6,740.6,743.6,733.6,168.6,170.1,173.6,174.6,3.99,78.0,1.887,13.4,1.196,0,nominal,0,0.0,194.9,701645.8
354.3,descend_land,25.622914349276975,246.21802002224695,25.934371523915463,2855.8,734.3,739.6,743.6,733.6,168.8,169.0,175.0,174.3,4.03,77.7,1.892,2851.1,732.5,740.5,743.5,733.5,168.6,170.1,173.6,174.6,3.99,78.0,1.887,13.4,1.196,0,nominal,0,0.0,194.9,701645.7
354.4,descend_land,25.61179087875417,242.7141268075643,25.91768631813126,2852.4,732.9,741.4,744.5,732.7,168.5,169.6,174.1,175.0,3.96,77.8,1.861,2851.0,732.5,740.5,743.5,733.5,168.6,170.1,173.6,174.6,3.99,78.0,1.887,13.4,1.197,0,nominal,0,0.0,194.9,701645.6
354.5,descend_land,25.600667408231367,239.2102335928812,25.901001112347053,2839.8,729.6,741.4,746.0,731.7,168.7,169.2,173.3,174.3,4.01,78.2,1.883,2850.8,732.5,740.5,743.5,733.5,168.6,170.1,173.6,174.6,3.99,78.0,1.887,13.4,1.197,0,nominal,0,0.0,194.9,701645.5
354.6,descend_land,25.589543937708562,235.7063403781981,25.884315906562847,2851.0,735.9,738.9,744.8,734.3,168.6,169.3,174.2,175.5,3.99,78.0,1.912,2850.6,732.4,740.4,743.4,733.4,168.6,170.1,173.6,174.6,3.99,78.0,1.887,13.5,1.198,0,nominal,0,0.0,194.9,701645.4
354.7,descend_land,25.57842046718576,232.202447163515,25.86763070077864,2855.4,733.2,740.1,744.7,734.2,169.3,170.9,173.2,173.5,3.99,77.6,1.911,2850.4,732.4,740.4,743.4,733.4,168.6,170.1,173.6,174.6,3.99,78.0,1.887,13.5,1.198,0,nominal,0,0.0,194.9,701645.3
354.8,descend_land,25.56729699666296,228.69855394883234,25.850945494994438,2851.4,734.0,739.2,741.9,733.7,168.1,170.8,173.5,174.8,3.98,78.8,1.856,2850.3,732.4,740.4,743.4,733.4,168.6,170.1,173.6,174.6,3.99,78.0,1.887,13.5,1.198,0,nominal,0,0.0,194.9,701645.2
354.9,descend_land,25.556173526140157,225.19466073414924,25.834260289210235,2843.4,731.9,741.2,742.1,734.8,168.7,170.5,173.9,174.0,3.99,76.6,1.888,2850.1,732.3,740.3,743.3,733.3,168.6,170.1,173.6,174.6,3.99,78.0,1.886,13.5,1.199,0,nominal,0,0.0,194.9,701645.1
355.0,descend_land,25.545050055617352,221.69076751946614,25.81757508342603,2854.7,729.6,739.0,743.6,733.7,169.5,169.7,174.5,174.2,3.97,77.6,1.856,2849.9,732.3,740.3,743.3,733.3,168.6,170.1,173.6,174.6,3.99,78.0,1.886,13.6,1.199,0,nominal,0,0.0,194.9,701645.0
355.1,descend_land,25.533926585094548,218.1868743047835,25.800889877641822,2848.1,731.4,740.5,743.7,731.0,169.2,171.1,174.1,173.9,3.97,78.1,1.84,2849.7,732.3,740.3,743.3,733.3,168.6,170.1,173.6,174.6,3.99,78.0,1.886,13.6,1.2,0,nominal,0,0.0,194.9,701644.9
355.2,descend_land,25.522803114571744,214.68298109010038,25.78420467185762,2841.8,732.5,738.1,741.5,732.7,169.4,170.5,173.5,175.3,3.99,78.6,1.897,2849.5,732.2,740.2,743.2,733.2,168.6,170.1,173.6,174.6,3.99,78.0,1.886,13.6,1.2,0,nominal,0,0.0,194.9,701644.8
355.3,descend_land,25.511679644048943,211.17908787541728,25.767519466073416,2857.1,732.2,743.2,744.0,733.8,168.4,169.6,174.6,174.6,4.01,77.8,1.856,2849.4,732.2,740.2,743.2,733.2,168.6,170.1,173.6,174.6,3.99,78.0,1.886,13.6,1.2,0,nominal,0,0.0,194.9,701644.7
355.4,descend_land,25.500556173526142,207.67519466073418,25.75083426028921,2852.1,734.9,740.3,744.1,732.6,169.2,170.1,174.3,173.6,3.98,78.1,1.872,2849.2,732.2,740.2,743.2,733.2,168.6,170.1,173.6,174.6,3.99,78.0,1.886,13.7,1.201,0,nominal,0,0.0,194.9,701644.6
355.5,descend_land,25.489432703003338,204.17130144605153,25.734149054505004,2846.6,732.6,737.5,742.1,733.2,168.5,170.2,173.9,175.2,4.03,78.1,1.855,2849.0,732.2,740.2,743.2,733.2,168.6,170.1,173.6,174.6,3.99,78.0,1.886,13.7,1.201,0,nominal,0,0.0,194.9,701644.5
355.6,descend_land,25.478309232480534,200.66740823136843,25.7174638487208,2847.1,731.9,738.8,743.6,731.3,167.9,170.2,173.4,174.4,4.0,78.0,1.82,2848.8,732.1,740.1,743.1,733.1,168.6,170.1,173.6,174.6,3.99,78.0,1.885,13.7,1.202,0,nominal,0,0.0,194.9,701644.4
355.7,descend_land,25.46718576195773,197.16351501668532,25.700778642936598,2849.4,729.8,739.8,743.2,732.4,168.3,170.6,173.8,174.3,4.0,78.3,1.922,2848.6,732.1,740.1,743.1,733.1,168.6,170.1,173.6,174.6,3.99,78.0,1.885,13.7,1.202,0,nominal,0,0.0,194.9,701644.3
355.8,descend_land,25.456062291434925,193.65962180200222,25.68409343715239,2855.8,731.0,740.4,745.3,734.3,167.4,170.5,173.7,173.6,4.0,77.8,1.867,2848.5,732.1,740.1,743.1,733.1,168.6,170.1,173.6,174.6,3.99,78.0,1.885,13.7,1.202,0,nominal,0,0.0,194.9,701644.2
355.9,descend_land,25.444938820912125,190.15572858731957,25.667408231368185,2857.3,730.6,736.4,743.5,734.5,168.0,170.8,173.2,175.1,3.97,78.7,1.88,2848.3,732.0,740.0,743.0,733.0,168.5,170.0,173.5,174.5,3.99,78.0,1.885,13.8,1.203,0,nominal,0,0.0,194.9,701644.1
356.0,descend_land,25.43381535038932,186.65183537263647,25.650723025583982,2842.4,731.6,741.7,744.2,732.7,167.7,169.8,174.3,174.9,4.02,78.4,1.854,2848.1,732.0,740.0,743.0,733.0,168.5,170.0,173.5,174.5,3.99,78.0,1.885,13.8,1.203,0,nominal,0,0.0,194.9,701644.0
356.1,descend_land,25.42269187986652,183.14794215795337,25.63403781979978,2848.8,732.9,739.4,742.6,732.5,168.8,170.3,173.8,173.5,4.0,77.9,1.872,2847.9,732.0,740.0,743.0,733.0,168.5,170.0,173.5,174.5,3.99,78.0,1.885,13.8,1.204,0,nominal,0,0.0,194.9,701643.9
356.2,descend_land,25.411568409343715,179.64404894327026,25.617352614015573,2845.0,730.4,738.7,741.1,731.3,168.3,170.5,173.6,174.9,3.96,78.0,1.865,2847.7,731.9,739.9,742.9,732.9,168.5,170.0,173.5,174.5,3.99,78.0,1.884,13.8,1.204,0,nominal,0,0.0,194.9,701643.8
356.3,descend_land,25.40044493882091,176.14015572858762,25.600667408231367,2857.1,730.9,739.2,744.4,728.7,168.1,171.0,172.6,174.5,3.94,78.4,1.922,2847.5,731.9,739.9,742.9,732.9,168.5,170.0,173.5,174.5,3.99,78.0,1.884,13.9,1.204,0,nominal,0,0.0,194.9,701643.7
356.4,descend_land,25.389321468298107,172.6362625139045,25.583982202447164,2841.3,732.8,739.3,741.4,733.8,169.4,169.6,173.8,175.0,4.0,78.3,1.887,2847.4,731.9,739.9,742.9,732.9,168.5,170.0,173.5,174.5,3.99,78.0,1.884,13.9,1.205,0,nominal,0,0.0,194.9,701643.6
356.5,descend_land,25.378197997775306,169.1323692992214,25.56729699666296,2855.1,731.8,742.0,742.0,732.7,168.3,170.8,173.5,174.2,3.96,78.1,1.872,2847.2,731.8,739.8,742.8,732.8,168.5,170.0,173.5,174.5,3.99,78.0,1.884,13.9,1.205,0,nominal,0,0.0,194.9,701643.5
356.6,descend_land,25.367074527252502,165.62847608453876,25.550611790878754,2852.1,732.3,738.7,741.8,732.5,168.4,170.6,173.3,175.1,4.02,78.4,1.923,2847.0,731.8,739.8,742.8,732.8,168.5,170.0,173.5,174.5,3.99,78.0,1.884,13.9,1.206,0,nominal,0,0.0,194.9,701643.4
356.7,descend_land,25.3559510567297,162.12458286985566,25.533926585094548,2854.4,732.4,742.2,740.9,731.5,168.7,170.7,173.1,175.1,4.0,78.4,1.914,2846.8,731.8,739.8,742.8,732.8,168.5,170.0,173.5,174.5,3.99,78.0,1.884,13.9,1.206,0,nominal,0,0.0,194.9,701643.3
356.8,descend_land,25.344827586206897,158.62068965517255,25.517241379310345,2844.8,732.8,739.9,744.2,732.5,167.1,169.4,174.9,174.0,3.98,78.2,1.842,2846.6,731.7,739.7,742.7,732.7,168.5,170.0,173.5,174.5,3.99,78.1,1.884,14.0,1.206,0,nominal,0,0.0,194.9,701643.2
356.9,descend_land,25.333704115684093,155.11679644048945,25.500556173526142,2840.4,730.8,738.5,742.4,731.1,169.2,169.8,173.9,174.6,3.97,78.3,1.871,2846.4,731.7,739.7,742.7,732.7,168.5,170.0,173.5,174.5,3.99,78.1,1.883,14.0,1.207,0,nominal,0,0.0,194.9,701643.1
357.0,descend_land,25.32258064516129,151.6129032258068,25.483870967741936,2844.4,729.5,739.9,745.0,730.6,169.0,170.8,173.6,173.7,3.94,77.9,1.914,2846.3,731.7,739.7,742.7,732.7,168.5,170.0,173.5,174.5,3.99,78.1,1.883,14.0,1.207,0,nominal,0,0.0,194.9,701643.0
357.1,descend_land,25.311457174638488,148.1090100111237,25.46718576195773,2845.4,731.7,739.1,742.2,733.6,167.8,170.6,172.9,174.4,3.98,78.6,1.889,2846.1,731.6,739.6,742.6,732.6,168.5,170.0,173.5,174.5,3.99,78.1,1.883,14.0,1.208,0,nominal,0,0.0,194.9,701642.9
357.2,descend_land,25.300333704115683,144.6051167964406,25.450500556173527,2840.9,731.5,740.8,742.1,730.2,168.1,170.2,173.9,174.1,4.0,78.5,1.895,2845.9,731.6,739.6,742.6,732.6,168.5,170.0,173.5,174.5,3.99,78.1,1.883,14.1,1.208,0,nominal,0,0.0,194.9,701642.8
357.3,descend_land,25.289210233592883,141.1012235817575,25.433815350389324,2845.9,732.2,740.3,742.0,732.7,168.4,168.6,174.2,174.3,4.01,78.2,1.882,2845.7,731.6,739.6,742.6,732.6,168.5,170.0,173.5,174.5,3.99,78.1,1.883,14.1,1.209,0,nominal,0,0.0,194.9,701642.7
357.4,descend_land,25.27808676307008,137.59733036707485,25.417130144605117,2851.1,732.5,741.8,742.5,733.4,167.8,170.3,173.2,173.8,4.03,78.3,1.843,2845.5,731.5,739.5,742.5,732.5,168.5,170.0,173.5,174.5,3.99,78.1,1.883,14.1,1.209,0,nominal,0,0.0,194.9,701642.6
357.5,descend_land,25.266963292547274,134.09343715239174,25.40044493882091,2843.8,729.2,737.0,742.9,733.7,167.8,170.8,173.9,175.3,3.99,77.6,1.865,2845.3,731.5,739.5,742.5,732.5,168.5,170.0,173.5,174.5,3.99,78.1,1.883,14.1,1.209,0,nominal,0,0.0,194.9,701642.5
357.6,descend_land,25.25583982202447,130.58954393770864,25.383759733036708,2849.6,731.1,737.3,742.2,729.0,167.5,170.2,172.4,174.0,3.95,78.6,1.85,2845.2,731.5,739.5,742.5,732.5,168.4,169.9,173.4,174.4,3.99,78.1,1.882,14.2,1.21,0,nominal,0,0.0,194.9,701642.4
357.7,descend_land,25.24471635150167,127.08565072302599,25.367074527252505,2841.9,731.1,740.1,743.8,733.7,168.4,169.4,172.8,174.7,3.98,79.1,1.872,2845.0,731.4,739.4,742.4,732.4,168.4,169.9,173.4,174.4,3.99,78.1,1.882,14.2,1.21,0,nominal,0,0.0,194.9,701642.3
357.8,descend_land,25.233592880978865,123.58175750834289,25.3503893214683,2852.6,731.0,737.5,744.1,732.2,169.2,169.8,173.3,174.2,3.99,78.0,1.851,2844.8,731.4,739.4,742.4,732.4,168.4,169.9,173.4,174.4,3.99,78.1,1.882,14.2,1.211,0,nominal,0,0.0,194.9,701642.2
357.9,descend_land,25.222469410456064,120.07786429365979,25.333704115684093,2834.4,731.2,741.1,741.7,732.9,168.3,170.0,172.6,174.5,4.03,77.1,1.902,2844.6,731.4,739.4,742.4,732.4,168.4,169.9,173.4,174.4,3.99,78.1,1.882,14.2,1.211,0,nominal,0,0.0,194.9,701642.1
358.0,descend_land,25.21134593993326,116.57397107897668,25.31701890989989,2834.7,729.9,741.3,742.5,730.5,167.9,170.5,174.1,173.6,4.01,77.6,1.904,2844.4,731.3,739.3,742.3,732.3,168.4,169.9,173.4,174.4,3.99,78.1,1.882,14.2,1.211,0,nominal,0,0.0,194.9,701642.0
358.1,descend_land,25.200222469410456,113.07007786429403,25.300333704115687,2844.5,732.2,738.2,742.9,732.6,168.4,169.0,174.1,174.3,4.01,77.2,1.883,2844.2,731.3,739.3,742.3,732.3,168.4,169.9,173.4,174.4,3.99,78.1,1.882,14.3,1.212,0,nominal,0,0.0,194.9,701641.9
358.2,descend_land,25.18909899888765,109.56618464961093,25.28364849833148,2848.7,730.3,738.9,741.8,731.3,168.0,170.3,172.6,175.3,4.0,78.5,1.921,2844.0,731.3,739.3,742.3,732.3,168.4,169.9,173.4,174.4,3.99,78.1,1.881,14.3,1.212,0,nominal,0,0.0,194.9,701641.8
358.3,descend_land,25.177975528364847,106.06229143492783,25.266963292547274,2853.2,732.1,738.7,741.7,733.5,167.7,169.6,172.2,174.2,4.01,77.8,1.894,2843.9,731.2,739.2,742.2,732.2,168.4,169.9,173.4,174.4,3.99,78.1,1.881,14.3,1.213,0,nominal,0,0.0,194.9,701641.7
358.4,descend_land,25.166852057842046,102.55839822024473,25.25027808676307,2848.2,733.0,739.3,743.3,730.8,168.1,170.0,173.1,174.5,3.95,78.7,1.887,2843.7,731.2,739.2,742.2,732.2,168.4,169.9,173.4,174.4,3.99,78.1,1.881,14.3,1.213,0,nominal,0,0.0,194.9,701641.6
358.5,descend_land,25.155728587319246,99.05450500556208,25.23359288097887,2833.9,732.6,740.1,743.9,732.9,168.4,169.9,172.9,174.0,3.99,77.3,1.867,2843.5,731.2,739.2,742.2,732.2,168.4,169.9,173.4,174.4,3.99,78.1,1.881,14.4,1.213,0,nominal,0,0.0,194.9,701641.5
358.6,descend_land,25.14460511679644,95.55061179087897,25.216907675194662,2841.8,733.7,739.9,739.9,732.4,168.4,170.7,173.2,174.7,3.98,77.8,1.861,2843.3,731.1,739.1,742.1,732.1,168.4,169.9,173.4,174.4,3.99,78.1,1.881,14.4,1.214,0,nominal,0,0.0,194.9,701641.4
358.7,descend_land,25.133481646273637,92.04671857619587,25.200222469410456,2839.6,730.8,738.1,743.4,731.6,167.8,169.8,173.3,174.9,3.98,77.8,1.88,2843.1,731.1,739.1,742.1,732.1,168.4,169.9,173.4,174.4,3.99,78.1,1.881,14.4,1.214,0,nominal,0,0.0,194.9,701641.3
358.8,descend_land,25.122358175750833,88.54282536151277,25.18353726362625,2850.7,732.1,740.3,740.3,731.5,168.4,170.6,173.9,173.9,4.0,77.7,1.87,2842.9,731.1,739.1,742.1,732.1,168.4,169.9,173.4,174.4,3.99,78.1,1.881,14.4,1.215,0,nominal,0,0.0,194.9,701641.2
358.9,descend_land,25.11123470522803,85.03893214683012,25.166852057842046,2840.2,731.1,738.9,745.1,731.7,168.1,169.7,173.9,173.2,3.93,78.1,1.867,2842.7,731.0,739.0,742.0,732.0,168.4,169.9,173.4,174.4,3.99,78.1,1.88,14.4,1.215,0,nominal,0,0.0,194.9,701641.1
359.0,descend_land,25.100111234705228,81.53503893214702,25.150166852057843,2845.0,730.8,738.2,740.1,732.4,169.2,169.3,172.2,175.0,3.95,78.0,1.842,2842.5,731.0,739.0,742.0,732.0,168.4,169.9,173.4,174.4,3.99,78.1,1.88,14.5,1.215,0,nominal,0,0.0,194.9,701641.0
359.1,descend_land,25.088987764182427,78.03114571746391,25.133481646273637,2833.1,731.1,738.2,742.9,732.3,167.6,169.3,172.8,175.5,4.05,78.3,1.9,2842.4,731.0,739.0,742.0,732.0,168.4,169.9,173.4,174.4,3.99,78.1,1.88,14.5,1.216,0,nominal,0,0.0,194.9,701640.9
359.2,descend_land,25.077864293659623,74.52725250278127,25.11679644048943,2832.7,730.8,737.5,743.5,729.1,168.1,169.6,173.8,175.0,3.96,77.8,1.882,2842.2,730.9,738.9,741.9,731.9,168.3,169.8,173.3,174.3,3.99,78.1,1.88,14.5,1.216,0,nominal,0,0.0,194.9,701640.8
359.3,descend_land,25.06674082313682,71.02335928809816,25.100111234705228,2839.1,730.4,737.9,743.6,730.3,168.6,170.1,172.4,174.4,3.95,77.6,1.877,2842.0,730.9,738.9,741.9,731.9,168.3,169.8,173.3,174.3,3.99,78.1,1.88,14.5,1.217,0,nominal,0,0.0,194.9,701640.7
359.4,descend_land,25.055617352614014,67.51946607341506,25.083426028921025,2841.2,732.0,741.0,741.3,731.5,168.8,169.2,172.5,174.6,3.97,78.9,1.877,2841.8,730.9,738.9,741.9,731.9,168.3,169.8,173.3,174.3,3.99,78.1,1.88,14.6,1.217,0,nominal,0,0.0,194.9,701640.6
359.5,descend_land,25.04449388209121,64.01557285873196,25.06674082313682,2833.8,730.6,739.5,742.1,730.3,168.2,169.6,172.9,174.2,4.01,78.3,1.91,2841.6,730.8,738.8,741.8,731.8,168.3,169.8,173.3,174.3,3.99,78.1,1.879,14.6,1.218,0,nominal,0,0.0,194.9,701640.5
359.6,descend_land,25.03337041156841,60.51167964404931,25.050055617352612,2851.8,732.0,739.4,743.8,732.0,167.8,169.4,173.6,174.3,3.99,78.6,1.846,2841.4,730.8,738.8,741.8,731.8,168.3,169.8,173.3,174.3,3.99,78.1,1.879,14.6,1.218,0,nominal,0,0.0,194.9,701640.4
359.7,descend_land,25.02224694104561,57.007786429366206,25.03337041156841,2838.3,733.8,737.6,741.5,730.6,167.2,170.2,173.0,173.1,3.98,77.6,1.843,2841.2,730.8,738.8,741.8,731.8,168.3,169.8,173.3,174.3,3.99,78.1,1.879,14.6,1.218,0,nominal,0,0.0,194.9,701640.3
359.8,descend_land,25.011123470522804,53.5038932146831,25.016685205784206,2843.7,731.1,739.2,744.3,733.6,167.9,169.8,172.9,174.1,3.99,78.6,1.875,2841.0,730.8,738.8,741.8,731.8,168.3,169.8,173.3,174.3,3.99,78.1,1.879,14.7,1.219,0,nominal,0,0.0,194.9,701640.2
359.9,descend_land,25.0,50.0,25.0,2846.6,731.2,738.2,740.8,730.9,169.0,168.3,173.5,174.1,4.01,77.7,1.829,2840.8,730.7,738.7,741.7,731.7,168.3,169.8,173.3,174.3,3.99,78.1,1.879,14.7,1.219,0,nominal,0,0.0,194.9,701640.1
