timestamp_sec,flight_phase,throttle_pct,altitude_m,airspeed_mps,rpm,egt1,egt2,egt3,egt4,cht1,cht2,cht3,cht4,oil_press_bar,oil_temp_c,fuel_flow_gps,rpm_true,egt1_true,egt2_true,egt3_true,egt4_true,cht1_true,cht2_true,cht3_true,cht4_true,oil_press_bar_true,oil_temp_c_true,fuel_flow_gps_true,ambient_temp_c,air_density_kg_m3,is_faulty,fault_type,fault_cylinder,fault_severity,rul_remaining_hours,rul_remaining_sec
0.0,takeoff_climb,98.0,0.0,28.0,2361.4,690.0,694.7,698.6,694.8,160.8,161.7,164.6,163.7,2.69,78.0,5.509,2350.2,690.1,695.3,698.3,692.0,160.3,161.4,163.4,164.4,2.71,78.0,5.496,15.0,1.225,0,nominal,0,0.0,195.0,702000.0
0.1,takeoff_climb,97.99110122358175,3.5595105672969964,28.015572858731925,2953.3,698.3,703.6,708.4,702.1,160.3,162.6,163.0,165.9,3.04,78.0,5.51,2963.7,699.6,704.9,707.9,701.5,160.7,161.7,163.7,164.7,3.05,78.0,5.494,15.0,1.225,0,nominal,0,0.0,195.0,701999.9
0.2,takeoff_climb,97.98220244716352,7.119021134593993,28.031145717463847,3463.6,708.4,715.4,714.6,712.5,160.4,161.8,163.8,164.6,3.38,78.9,5.462,3465.5,708.6,714.1,717.1,710.5,161.0,162.1,164.1,165.1,3.36,78.0,5.492,15.0,1.224,0,nominal,0,0.0,195.0,701999.8
0.3,takeoff_climb,97.97330367074527,10.67853170189099,28.046718576195772,3873.2,718.3,720.7,725.5,717.6,161.9,161.7,164.4,165.4,3.69,78.2,5.54,3875.8,717.1,722.7,725.7,718.9,161.4,162.4,164.4,165.4,3.64,78.1,5.49,14.9,1.224,0,nominal,0,0.0,195.0,701999.7
0.4,takeoff_climb,97.96440489432703,14.238042269187986,28.062291434927698,4209.6,726.0,729.2,734.9,726.8,160.9,163.2,164.8,166.3,3.91,78.2,5.522,4211.2,725.2,730.9,733.9,726.9,161.7,162.7,164.8,165.8,3.87,78.1,5.487,14.9,1.223,0,nominal,0,0.0,195.0,701999.6
0.5,takeoff_climb,97.95550611790878,17.797552836484982,28.077864293659623,4483.4,732.8,741.2,741.4,734.4,162.3,162.3,165.9,166.4,4.05,77.8,5.482,4485.5,732.7,738.6,741.6,734.5,162.0,163.1,165.1,166.1,4.06,78.1,5.485,14.9,1.223,0,nominal,0,0.0,195.0,701999.5
0.6,takeoff_climb,97.94660734149055,21.35706340378198,28.093437152391544,4709.0,740.4,746.7,746.6,744.0,163.6,163.2,165.6,166.8,4.21,78.2,5.47,4709.6,739.9,745.9,748.9,741.6,162.4,163.4,165.5,166.5,4.22,78.1,5.483,14.9,1.223,0,nominal,0,0.0,195.0,701999.4
0.7,takeoff_climb,97.9377085650723,24.916573971078975,28.10901001112347,4897.8,745.9,751.6,755.3,749.1,163.3,164.0,166.6,166.5,4.35,78.7,5.444,4892.7,746.7,752.8,755.8,748.3,162.7,163.7,165.8,166.8,4.34,78.1,5.481,14.8,1.222,0,nominal,0,0.0,195.0,701999.3
0.8,takeoff_climb,97.92880978865406,28.47608453837597,28.124582869855395,5042.5,753.3,758.0,763.3,753.8,163.5,163.7,165.8,167.5,4.43,77.7,5.471,5042.3,753.1,759.3,762.3,754.7,163.0,164.1,166.2,167.2,4.44,78.2,5.479,14.8,1.222,0,nominal,0,0.0,195.0,701999.2
0.9,takeoff_climb,97.91991101223581,32.03559510567297,28.14015572858732,5172.1,760.4,764.4,767.7,761.1,163.4,165.0,166.9,167.5,4.55,78.1,5.428,5164.5,759.1,765.4,768.4,760.7,163.4,164.4,166.5,167.5,4.52,78.2,5.477,14.8,1.221,0,nominal,0,0.0,195.0,701999.1
1.0,takeoff_climb,97.91101223581758,35.595105672969964,28.155728587319242,5270.2,767.2,771.5,774.7,767.0,164.6,165.5,167.3,168.3,4.61,78.8,5.485,5264.2,764.8,771.2,774.2,766.3,163.7,164.7,166.9,167.9,4.59,78.2,5.475,14.8,1.221,0,nominal,0,0.0,195.0,701999.0
1.1,takeoff_climb,97.90211345939933,39.15461624026696,28.171301446051167,5355.8,769.8,775.5,778.0,772.8,164.0,165.0,167.7,167.9,4.65,78.1,5.468,5345.5,770.2,776.7,779.7,771.7,164.0,165.0,167.2,168.2,4.64,78.3,5.473,14.7,1.22,0,nominal,0,0.0,195.0,701998.9
1.2,takeoff_climb,97.8932146829811,42.71412680756396,28.186874304783093,5408.4,776.9,781.0,786.6,775.2,164.5,165.4,168.1,169.2,4.64,78.5,5.454,5411.8,775.2,781.8,784.8,776.7,164.3,165.4,167.5,168.5,4.68,78.3,5.471,14.7,1.22,0,nominal,0,0.0,195.0,701998.8
1.3,takeoff_climb,97.88431590656285,46.273637374860954,28.202447163515018,5461.6,780.7,786.1,787.4,780.3,164.2,165.5,167.5,169.3,4.73,78.2,5.458,5465.9,780.0,786.7,789.7,781.5,164.6,165.7,167.8,168.8,4.71,78.3,5.469,14.7,1.22,0,nominal,0,0.0,195.0,701998.7
1.4,takeoff_climb,97.87541713014461,49.83314794215795,28.21802002224694,5515.3,786.3,791.7,796.5,786.1,164.9,165.5,168.1,168.9,4.72,78.6,5.459,5509.8,784.6,791.3,794.3,786.0,164.9,166.0,168.2,169.2,4.73,78.4,5.467,14.7,1.219,0,nominal,0,0.0,195.0,701998.6
1.5,takeoff_climb,97.86651835372636,53.39265850945495,28.233592880978865,5549.7,788.3,795.4,797.2,785.9,166.5,165.9,168.1,169.5,4.72,78.5,5.416,5545.5,788.9,795.7,798.7,790.3,165.2,166.3,168.5,169.5,4.75,78.4,5.465,14.7,1.219,0,nominal,0,0.0,195.0,701998.5
1.6,takeoff_climb,97.85761957730811,56.95216907675194,28.24916573971079,5570.8,791.6,801.2,803.9,793.2,166.7,166.5,169.1,169.7,4.79,78.2,5.474,5574.5,792.9,799.8,802.8,794.3,165.5,166.6,168.8,169.8,4.77,78.4,5.463,14.6,1.218,0,nominal,0,0.0,195.0,701998.4
1.7,takeoff_climb,97.84872080088988,60.51167964404894,28.264738598442715,5594.9,796.2,803.5,807.1,798.7,165.2,167.1,169.5,170.2,4.77,78.6,5.461,5598.0,796.7,803.6,806.6,798.1,165.8,166.9,169.1,170.1,4.78,78.5,5.461,14.6,1.218,0,nominal,0,0.0,195.0,701998.3
1.8,takeoff_climb,97.83982202447163,64.07119021134594,28.280311457174637,5622.2,799.7,807.6,808.7,803.4,166.2,168.1,169.9,171.6,4.79,78.5,5.445,5617.0,800.3,807.3,810.3,801.7,166.1,167.2,169.4,170.4,4.79,78.5,5.459,14.6,1.217,0,nominal,0,0.0,195.0,701998.2
1.9,takeoff_climb,97.8309232480534,67.63070077864293,28.295884315906562,5632.2,806.8,811.4,815.1,806.1,166.8,167.3,169.2,170.6,4.79,79.3,5.444,5632.3,803.7,810.8,813.8,805.0,166.4,167.5,169.8,170.8,4.8,78.6,5.457,14.6,1.217,0,nominal,0,0.0,195.0,701998.1
2.0,takeoff_climb,97.82202447163515,71.19021134593993,28.311457174638488,5639.5,806.8,811.9,814.8,809.6,167.6,168.2,170.0,171.8,4.8,79.0,5.465,5644.5,806.9,814.0,817.0,808.2,166.7,167.8,170.1,171.1,4.81,78.6,5.455,14.5,1.217,0,nominal,0,0.0,195.0,701998.0
2.1,takeoff_climb,97.81312569521691,74.74972191323693,28.327030033370413,5654.9,810.3,818.0,819.5,810.4,167.0,168.2,170.4,170.6,4.84,78.7,5.476,5654.3,810.0,817.1,820.1,811.3,167.0,168.1,170.4,171.4,4.81,78.6,5.453,14.5,1.216,0,nominal,0,0.0,195.0,701997.9
2.2,takeoff_climb,97.80422691879866,78.30923248053392,28.342602892102335,5656.3,813.2,816.5,822.4,814.6,167.9,168.9,170.3,171.5,4.84,79.1,5.468,5662.1,812.8,820.0,823.0,814.1,167.3,168.4,170.7,171.7,4.81,78.7,5.451,14.5,1.216,0,nominal,0,0.0,195.0,701997.8
2.3,takeoff_climb,97.79532814238043,81.86874304783092,28.35817575083426,5664.4,815.1,822.1,825.6,817.1,168.1,169.5,170.3,172.8,4.81,79.1,5.433,5668.2,815.5,822.8,825.8,816.8,167.6,168.7,171.0,172.0,4.82,78.7,5.449,14.5,1.215,0,nominal,0,0.0,195.0,701997.7
2.4,takeoff_climb,97.78642936596218,85.42825361512791,28.373748609566185,5675.1,818.9,825.9,827.4,818.5,168.8,168.4,172.6,171.4,4.8,77.9,5.508,5673.0,818.1,825.4,828.4,819.3,167.9,169.0,171.3,172.3,4.82,78.7,5.447,14.4,1.215,0,nominal,0,0.0,195.0,701997.6
2.5,takeoff_climb,97.77753058954394,88.98776418242491,28.38932146829811,5673.1,819.8,827.0,831.3,823.1,167.6,169.2,171.4,171.5,4.82,79.1,5.433,5676.7,820.5,827.8,830.8,821.7,168.2,169.3,171.6,172.6,4.82,78.8,5.445,14.4,1.215,0,nominal,0,0.0,195.0,701997.5
2.6,takeoff_climb,97.7686318131257,92.54727474972191,28.404894327030032,5664.2,823.9,830.2,832.9,826.0,168.7,169.2,172.4,172.6,4.76,79.0,5.427,5679.5,822.8,830.2,833.2,824.0,168.5,169.6,171.9,172.9,4.82,78.8,5.443,14.4,1.214,0,nominal,0,0.0,195.0,701997.4
2.7,takeoff_climb,97.75973303670746,96.1067853170189,28.420467185761957,5679.9,824.6,831.9,832.8,822.7,168.7,169.8,171.4,173.0,4.8,78.5,5.478,5681.5,825.0,832.3,835.3,826.2,168.7,169.8,172.2,173.2,4.82,78.8,5.441,14.4,1.214,0,nominal,0,0.0,195.0,701997.3
2.8,takeoff_climb,97.75083426028921,99.6662958843159,28.436040044493883,5690.6,825.0,833.7,838.0,826.7,169.1,170.0,172.4,173.6,4.81,78.8,5.448,5682.9,827.0,834.4,837.4,828.2,169.0,170.1,172.4,173.4,4.83,78.9,5.438,14.4,1.213,0,nominal,0,0.0,195.0,701997.2
2.9,takeoff_climb,97.74193548387096,103.2258064516129,28.451612903225808,5684.5,829.4,835.8,838.7,830.4,169.8,170.0,172.9,174.6,4.77,79.5,5.407,5683.8,828.9,836.4,839.4,830.1,169.3,170.4,172.7,173.7,4.83,78.9,5.436,14.3,1.213,0,nominal,0,0.0,195.0,701997.1
3.0,takeoff_climb,97.73303670745273,106.7853170189099,28.46718576195773,5686.2,831.0,838.1,839.3,833.3,169.6,170.8,173.8,173.2,4.83,78.8,5.41,5684.3,830.7,838.2,841.2,831.9,169.6,170.7,173.0,174.0,4.83,78.9,5.434,14.3,1.213,0,nominal,0,0.0,195.0,701997.0
3.1,takeoff_climb,97.72413793103448,110.34482758620689,28.482758620689655,5690.4,831.9,838.8,843.0,833.1,170.3,171.8,173.6,174.5,4.81,79.0,5.415,5684.5,832.4,839.9,842.9,833.6,169.8,170.9,173.3,174.3,4.83,79.0,5.432,14.3,1.212,0,nominal,0,0.0,195.0,701996.9
3.2,takeoff_climb,97.71523915461624,113.90433815350389,28.49833147942158,5678.0,834.9,840.9,845.8,836.6,169.8,172.0,172.4,174.1,4.85,79.2,5.463,5684.4,834.0,841.6,844.6,835.2,170.1,171.2,173.6,174.6,4.83,79.0,5.43,14.3,1.212,0,nominal,0,0.0,195.0,701996.8
3.3,takeoff_climb,97.70634037819799,117.46384872080088,28.513904338153505,5689.2,833.6,845.5,844.5,838.5,170.3,170.5,173.2,174.5,4.87,79.3,5.471,5684.1,835.6,843.1,846.1,836.7,170.4,171.5,173.8,174.8,4.83,79.0,5.428,14.2,1.211,0,nominal,0,0.0,195.0,701996.7
3.4,takeoff_climb,97.69744160177976,121.02335928809788,28.529477196885427,5692.5,835.4,845.2,846.7,838.1,170.2,172.3,173.0,175.8,4.84,79.2,5.426,5683.6,837.0,844.6,847.6,838.2,170.6,171.7,174.1,175.1,4.83,79.1,5.426,14.2,1.211,0,nominal,0,0.0,195.0,701996.6
3.5,takeoff_climb,97.68854282536151,124.58286985539488,28.545050055617352,5679.2,840.4,847.1,847.8,842.4,171.0,173.2,175.1,175.5,4.83,78.6,5.383,5683.0,838.4,846.0,849.0,839.5,170.9,172.0,174.4,175.4,4.83,79.1,5.424,14.2,1.21,0,nominal,0,0.0,195.0,701996.5
3.6,takeoff_climb,97.67964404894327,128.14238042269187,28.560622914349278,5683.9,839.1,849.1,852.3,841.0,171.4,172.0,174.5,175.9,4.83,79.4,5.489,5682.2,839.7,847.3,850.3,840.8,171.1,172.3,174.7,175.7,4.83,79.1,5.422,14.2,1.21,0,nominal,0,0.0,195.0,701996.4
3.7,takeoff_climb,97.67074527252502,131.70189098998887,28.576195773081203,5676.1,843.0,846.7,851.6,844.7,170.9,172.7,175.5,175.5,4.83,79.2,5.505,5681.4,840.9,848.5,851.5,842.0,171.4,172.5,174.9,175.9,4.83,79.2,5.42,14.1,1.21,0,nominal,0,0.0,195.0,701996.3
3.8,takeoff_climb,97.66184649610679,135.26140155728586,28.591768631813125,5678.1,842.8,850.3,851.1,841.3,171.8,172.2,174.4,176.6,4.83,79.4,5.375,5680.4,842.0,849.7,852.7,843.1,171.6,172.8,175.2,176.2,4.83,79.2,5.418,14.1,1.209,0,nominal,0,0.0,195.0,701996.2
3.9,takeoff_climb,97.65294771968854,138.82091212458286,28.60734149054505,5674.0,843.5,851.2,852.1,844.1,171.7,173.1,175.5,176.5,4.83,79.2,5.394,5679.4,843.1,850.8,853.8,844.2,171.9,173.0,175.5,176.5,4.83,79.2,5.416,14.1,1.209,0,nominal,0,0.0,195.0,701996.1
4.0,takeoff_climb,97.6440489432703,142.38042269187986,28.622914349276975,5681.2,844.4,853.9,857.4,843.5,171.8,173.6,175.8,176.4,4.86,79.2,5.4,5678.4,844.1,851.8,854.8,845.2,172.1,173.3,175.7,176.7,4.83,79.3,5.414,14.1,1.208,0,nominal,0,0.0,195.0,701996.0
4.1,takeoff_climb,97.63515016685206,145.93993325917685,28.6384872080089,5670.2,844.5,854.1,855.9,847.0,172.3,173.1,174.8,176.6,4.82,79.3,5.435,5677.3,845.1,852.8,855.8,846.2,172.4,173.5,176.0,177.0,4.83,79.3,5.412,14.1,1.208,0,nominal,0,0.0,195.0,701995.9
4.2,takeoff_climb,97.62625139043382,149.49944382647385,28.654060066740822,5683.0,846.0,856.2,857.2,848.1,172.4,174.5,176.5,178.3,4.83,79.2,5.404,5676.1,846.0,853.7,856.7,847.1,172.6,173.8,176.2,177.2,4.83,79.3,5.41,14.0,1.208,0,nominal,0,0.0,195.0,701995.8
4.3,takeoff_climb,97.61735261401557,153.05895439377085,28.669632925472747,5671.9,846.5,852.5,857.0,847.8,173.0,173.5,176.3,177.7,4.83,79.6,5.363,5675.0,846.9,854.6,857.6,847.9,172.9,174.0,176.5,177.5,4.83,79.4,5.408,14.0,1.207,0,nominal,0,0.0,195.0,701995.7
4.4,takeoff_climb,97.60845383759732,156.61846496106784,28.685205784204673,5672.6,846.3,855.2,857.5,847.6,173.4,174.9,177.0,177.4,4.82,79.8,5.394,5673.8,847.7,855.4,858.4,848.8,173.1,174.3,176.7,177.7,4.83,79.4,5.406,14.0,1.207,0,nominal,0,0.0,195.0,701995.6
4.5,takeoff_climb,97.59955506117909,160.17797552836484,28.700778642936598,5666.8,849.7,857.5,859.0,850.4,174.1,174.1,176.9,178.7,4.81,79.1,5.427,5672.6,848.4,856.2,859.2,849.5,173.3,174.5,177.0,178.0,4.83,79.4,5.404,14.0,1.206,0,nominal,0,0.0,195.0,701995.5
4.6,takeoff_climb,97.59065628476084,163.73748609566184,28.71635150166852,5665.4,849.9,857.2,857.4,848.8,173.0,176.2,178.0,178.6,4.82,80.0,5.402,5671.3,849.2,857.0,860.0,850.2,173.6,174.7,177.2,178.2,4.83,79.5,5.402,13.9,1.206,0,nominal,0,0.0,195.0,701995.4
4.7,takeoff_climb,97.5817575083426,167.29699666295883,28.731924360400445,5667.8,846.3,855.8,860.2,851.4,173.8,175.1,177.2,179.0,4.77,78.8,5.432,5670.1,849.8,857.7,860.7,850.9,173.8,175.0,177.5,178.5,4.83,79.5,5.4,13.9,1.205,0,nominal,0,0.0,195.0,701995.3
4.8,takeoff_climb,97.57285873192436,170.85650723025583,28.74749721913237,5661.8,847.1,856.1,863.6,850.6,174.2,175.4,177.2,178.8,4.76,79.6,5.367,5668.8,850.5,858.3,861.3,851.6,174.1,175.2,177.7,178.7,4.83,79.5,5.398,13.9,1.205,0,nominal,0,0.0,195.0,701995.2
4.9,takeoff_climb,97.56395995550612,174.41601779755283,28.763070077864292,5665.9,853.6,859.8,862.7,852.8,174.0,175.6,177.8,178.2,4.81,79.9,5.371,5667.6,851.1,858.9,861.9,852.2,174.3,175.5,178.0,179.0,4.83,79.5,5.396,13.9,1.205,0,nominal,0,0.0,195.0,701995.1
5.0,takeoff_climb,97.55506117908787,177.97552836484982,28.778642936596217,5662.5,851.4,858.4,864.9,852.6,176.2,175.9,178.4,179.7,4.83,79.2,5.386,5666.3,851.7,859.5,862.5,852.7,174.5,175.7,178.2,179.2,4.83,79.6,5.394,13.8,1.204,0,nominal,0,0.0,195.0,701995.0
5.1,takeoff_climb,97.54616240266964,181.53503893214682,28.794215795328142,5662.7,852.1,860.9,861.9,856.7,175.5,175.5,177.8,178.8,4.88,79.6,5.428,5665.0,852.2,860.1,863.1,853.3,174.7,175.9,178.4,179.4,4.83,79.6,5.392,13.8,1.204,0,nominal,0,0.0,195.0,701994.9
5.2,takeoff_climb,97.53726362625139,185.09454949944381,28.809788654060068,5668.2,855.1,860.5,865.3,854.2,174.7,176.3,178.5,179.1,4.82,79.3,5.372,5663.7,852.7,860.6,863.6,853.8,175.0,176.1,178.7,179.7,4.83,79.6,5.39,13.8,1.203,0,nominal,0,0.0,195.0,701994.8
5.3,takeoff_climb,97.52836484983315,188.6540600667408,28.825361512791993,5661.1,853.7,860.4,864.6,854.6,174.9,176.3,177.9,179.4,4.85,80.6,5.416,5662.5,853.2,861.1,864.1,854.3,175.2,176.4,178.9,179.9,4.83,79.7,5.388,13.8,1.203,0,nominal,0,0.0,195.0,701994.7
5.4,takeoff_climb,97.5194660734149,192.2135706340378,28.840934371523915,5662.9,853.9,861.7,865.1,852.3,175.2,176.2,179.3,181.0,4.82,80.4,5.401,5661.2,853.7,861.5,864.5,854.7,175.4,176.6,179.1,180.1,4.83,79.7,5.386,13.8,1.203,0,nominal,0,0.0,195.0,701994.6
5.5,takeoff_climb,97.51056729699667,195.7730812013348,28.85650723025584,5649.9,852.5,863.1,863.8,854.7,176.8,177.5,177.7,181.7,4.8,79.8,5.32,5659.9,854.1,862.0,865.0,855.1,175.6,176.8,179.4,180.4,4.83,79.7,5.384,13.7,1.202,0,nominal,0,0.0,195.0,701994.5
5.6,takeoff_climb,97.50166852057842,199.3325917686318,28.872080088987765,5654.9,854.7,865.0,865.0,855.4,177.0,177.0,179.6,181.0,4.81,80.1,5.361,5658.6,854.5,862.4,865.4,855.5,175.8,177.0,179.6,180.6,4.83,79.8,5.382,13.7,1.202,0,nominal,0,0.0,195.0,701994.4
5.7,takeoff_climb,97.49276974416017,202.8921023359288,28.887652947719687,5655.2,858.1,862.5,868.6,855.9,176.5,175.4,180.0,181.4,4.84,79.8,5.342,5657.3,854.9,862.8,865.8,855.9,176.1,177.2,179.8,180.8,4.83,79.8,5.38,13.7,1.201,0,nominal,0,0.0,195.0,701994.3
5.8,takeoff_climb,97.48387096774194,206.4516129032258,28.903225806451612,5652.8,854.8,861.8,867.9,856.6,175.8,177.4,180.1,181.7,4.81,79.7,5.378,5656.0,855.3,863.2,866.2,856.3,176.3,177.5,180.0,181.0,4.83,79.8,5.378,13.7,1.201,0,nominal,0,0.0,195.0,701994.2
5.9,takeoff_climb,97.47497219132369,210.0111234705228,28.918798665183537,5648.1,854.7,864.0,867.3,856.3,176.7,177.9,180.5,182.2,4.84,80.2,5.38,5654.7,855.6,863.5,866.5,856.6,176.5,177.7,180.3,181.3,4.83,79.8,5.376,13.6,1.201,0,nominal,0,0.0,195.0,701994.1
6.0,takeoff_climb,97.46607341490545,213.5706340378198,28.934371523915463,5648.6,855.7,861.6,867.1,856.0,176.7,177.5,180.3,181.5,4.87,79.5,5.322,5653.4,855.9,863.8,866.8,856.9,176.7,177.9,180.5,181.5,4.83,79.9,5.374,13.6,1.2,0,nominal,0,0.0,195.0,701994.0
6.1,takeoff_climb,97.4571746384872,217.13014460511678,28.949944382647384,5648.4,855.9,866.1,869.1,856.3,177.5,178.0,179.6,181.4,4.82,80.1,5.375,5652.1,856.2,864.1,867.1,857.3,176.9,178.1,180.7,181.7,4.83,79.9,5.372,13.6,1.2,0,nominal,0,0.0,195.0,701993.9
6.2,takeoff_climb,97.44827586206897,220.68965517241378,28.96551724137931,5656.3,857.1,865.4,868.7,857.9,177.2,178.1,182.3,181.6,4.82,80.2,5.373,5650.8,856.5,864.4,867.4,857.5,177.1,178.3,180.9,181.9,4.83,79.9,5.37,13.6,1.199,0,nominal,0,0.0,195.0,701993.8
6.3,takeoff_climb,97.43937708565072,224.24916573971078,28.981090100111235,5658.9,859.1,861.7,865.8,858.4,177.3,178.9,180.6,182.4,4.8,80.0,5.381,5649.5,856.8,864.7,867.7,857.8,177.3,178.5,181.1,182.1,4.83,80.0,5.368,13.5,1.199,0,nominal,0,0.0,195.0,701993.7
6.4,takeoff_climb,97.43047830923248,227.80867630700777,28.99666295884316,5648.7,855.8,865.0,865.8,856.3,177.8,178.4,181.0,183.0,4.78,79.1,5.327,5648.2,857.0,865.0,868.0,858.1,177.5,178.7,181.4,182.4,4.83,80.0,5.366,13.5,1.198,0,nominal,0,0.0,195.0,701993.6
6.5,takeoff_climb,97.42157953281423,231.36818687430477,29.012235817575082,5646.4,856.0,865.6,867.2,858.4,178.0,179.1,181.3,183.4,4.86,81.3,5.367,5646.9,857.3,865.2,868.2,858.3,177.7,178.9,181.6,182.6,4.83,80.0,5.364,13.5,1.198,0,nominal,0,0.0,195.0,701993.5
6.6,takeoff_climb,97.412680756396,234.92769744160177,29.027808676307007,5635.0,856.6,866.0,867.4,859.8,177.3,179.5,181.4,183.7,4.84,80.1,5.323,5645.6,857.5,865.4,868.4,858.5,177.9,179.1,181.8,182.8,4.82,80.0,5.362,13.5,1.198,0,nominal,0,0.0,195.0,701993.4
6.7,takeoff_climb,97.40378197997775,238.48720800889876,29.043381535038932,5655.6,855.6,867.8,871.1,857.4,177.2,179.7,181.4,182.7,4.83,80.2,5.373,5644.3,857.7,865.7,868.7,858.7,178.1,179.3,182.0,183.0,4.82,80.1,5.36,13.4,1.197,0,nominal,0,0.0,195.0,701993.3
6.8,takeoff_climb,97.39488320355952,242.04671857619576,29.058954393770858,5648.7,856.6,865.7,867.4,860.7,178.3,180.9,181.8,182.9,4.84,80.1,5.354,5643.0,857.9,865.9,868.9,858.9,178.3,179.5,182.2,183.2,4.82,80.1,5.358,13.4,1.197,0,nominal,0,0.0,195.0,701993.2
6.9,takeoff_climb,97.38598442714127,245.60622914349275,29.07452725250278,5635.1,859.3,865.1,869.4,860.7,179.0,180.5,182.3,182.4,4.83,80.3,5.35,5641.7,858.1,866.1,869.1,859.1,178.5,179.7,182.4,183.4,4.82,80.1,5.356,13.4,1.196,0,nominal,0,0.0,195.0,701993.1
7.0,takeoff_climb,97.37708565072303,249.16573971078975,29.090100111234705,5646.0,858.5,864.9,869.4,858.8,179.0,180.4,182.8,182.7,4.76,80.5,5.339,5640.4,858.3,866.2,869.2,859.3,178.7,179.9,182.6,183.6,4.82,80.1,5.354,13.4,1.196,0,nominal,0,0.0,195.0,701993.0
7.1,takeoff_climb,97.36818687430478,252.72525027808675,29.10567296996663,5629.5,860.5,866.9,866.9,860.4,178.9,179.9,181.5,184.0,4.8,79.7,5.351,5639.2,858.5,866.4,869.4,859.5,178.9,180.1,182.8,183.8,4.82,80.2,5.352,13.4,1.196,0,nominal,0,0.0,195.0,701992.9
7.2,takeoff_climb,97.35928809788653,256.28476084538374,29.121245828698555,5639.7,858.1,866.3,869.1,858.8,178.7,180.0,183.3,183.9,4.81,79.8,5.322,5637.9,858.6,866.6,869.6,859.6,179.1,180.3,183.0,184.0,4.82,80.2,5.35,13.3,1.195,0,nominal,0,0.0,195.0,701992.8
7.3,takeoff_climb,97.3503893214683,259.84427141268077,29.136818687430477,5640.7,860.1,867.0,870.5,860.6,179.3,178.7,183.5,184.2,4.8,80.1,5.373,5636.6,858.8,866.7,869.7,859.8,179.3,180.5,183.2,184.2,4.82,80.2,5.348,13.3,1.195,0,nominal,0,0.0,195.0,701992.7
7.4,takeoff_climb,97.34149054505005,263.40378197997774,29.152391546162402,5634.8,859.5,868.1,868.8,859.6,180.1,179.9,183.6,184.3,4.85,79.6,5.368,5635.3,858.9,866.9,869.9,859.9,179.4,180.7,183.4,184.4,4.82,80.3,5.346,13.3,1.194,0,nominal,0,0.0,195.0,701992.6
7.5,takeoff_climb,97.33259176863181,266.9632925472747,29.167964404894327,5632.3,859.6,864.9,873.2,860.9,180.6,181.1,183.4,184.5,4.8,81.1,5.328,5634.0,859.1,867.0,870.0,860.1,179.6,180.9,183.6,184.6,4.82,80.3,5.344,13.3,1.194,0,nominal,0,0.0,195.0,701992.5
7.6,takeoff_climb,97.32369299221357,270.52280311457173,29.183537263626253,5639.4,859.2,866.9,869.4,860.0,180.3,180.4,183.5,184.0,4.81,80.4,5.327,5632.7,859.2,867.1,870.1,860.2,179.8,181.1,183.8,184.8,4.82,80.3,5.342,13.2,1.194,0,nominal,0,0.0,195.0,701992.4
7.7,takeoff_climb,97.31479421579533,274.08231368186875,29.199110122358174,5632.8,860.6,867.5,869.0,861.0,180.3,181.0,183.4,184.4,4.86,81.0,5.323,5631.4,859.3,867.3,870.3,860.3,180.0,181.2,184.0,185.0,4.82,80.3,5.34,13.2,1.193,0,nominal,0,0.0,195.0,701992.3
7.8,takeoff_climb,97.30589543937708,277.6418242491657,29.2146829810901,5623.7,860.3,869.2,869.5,858.8,179.7,180.2,184.6,186.2,4.84,79.7,5.342,5630.1,859.4,867.4,870.4,860.4,180.2,181.4,184.1,185.1,4.82,80.4,5.338,13.2,1.193,0,nominal,0,0.0,195.0,701992.2
7.9,takeoff_climb,97.29699666295885,281.2013348164627,29.230255839822025,5621.7,859.0,867.1,869.6,860.9,180.6,182.3,184.2,185.2,4.82,80.4,5.37,5628.8,859.5,867.5,870.5,860.5,180.4,181.6,184.3,185.3,4.82,80.4,5.336,13.2,1.192,0,nominal,0,0.0,195.0,701992.1
8.0,takeoff_climb,97.2880978865406,284.7608453837597,29.24582869855395,5629.1,859.2,869.1,870.2,859.8,180.3,181.1,184.0,185.1,4.87,80.8,5.342,5627.5,859.6,867.6,870.6,860.6,180.5,181.8,184.5,185.5,4.82,80.4,5.334,13.1,1.192,0,nominal,0,0.0,195.0,701992.0
8.1,takeoff_climb,97.27919911012236,288.32035595105674,29.261401557285872,5618.8,857.5,869.2,870.4,859.9,180.2,181.7,184.8,185.2,4.81,79.6,5.317,5626.2,859.7,867.7,870.7,860.7,180.7,182.0,184.7,185.7,4.82,80.4,5.332,13.1,1.191,0,nominal,0,0.0,195.0,701991.9
8.2,takeoff_climb,97.27030033370411,291.8798665183537,29.276974416017797,5623.5,859.0,867.7,872.3,863.8,180.5,183.0,184.8,186.8,4.86,80.6,5.353,5624.9,859.8,867.8,870.8,860.8,180.9,182.1,184.9,185.9,4.82,80.5,5.33,13.1,1.191,0,nominal,0,0.0,195.0,701991.8
8.3,takeoff_climb,97.26140155728588,295.4393770856507,29.292547274749722,5624.2,859.5,864.6,870.0,860.0,181.8,181.9,183.6,185.8,4.79,79.8,5.272,5623.6,859.9,867.9,870.9,860.9,181.1,182.3,185.1,186.1,4.82,80.5,5.328,13.1,1.191,0,nominal,0,0.0,195.0,701991.7
8.4,takeoff_climb,97.25250278086763,298.9988876529477,29.308120133481648,5622.4,860.1,866.7,870.8,858.3,181.5,182.6,185.3,187.0,4.82,80.9,5.341,5622.3,860.0,867.9,870.9,861.0,181.2,182.5,185.2,186.2,4.82,80.5,5.326,13.1,1.19,0,nominal,0,0.0,195.0,701991.6
8.5,takeoff_climb,97.2436040044494,302.5583982202447,29.32369299221357,5628.5,858.8,871.7,869.1,862.1,180.3,183.4,184.8,186.8,4.8,80.5,5.284,5621.0,860.0,868.0,871.0,861.0,181.4,182.6,185.4,186.4,4.81,80.5,5.324,13.0,1.19,0,nominal,0,0.0,195.0,701991.5
8.6,takeoff_climb,97.23470522803115,306.1179087875417,29.339265850945495,5619.0,859.7,867.8,871.5,860.8,181.2,181.6,184.9,187.0,4.83,80.7,5.212,5619.7,860.1,868.1,871.1,861.1,181.6,182.8,185.6,186.6,4.81,80.6,5.322,13.0,1.189,0,nominal,0,0.0,195.0,701991.4
8.7,takeoff_climb,97.2258064516129,309.67741935483866,29.35483870967742,5620.1,859.8,867.0,871.3,860.7,181.1,183.5,186.0,187.0,4.79,80.7,5.359,5618.5,860.2,868.1,871.1,861.2,181.7,183.0,185.8,186.8,4.81,80.6,5.32,13.0,1.189,0,nominal,0,0.0,195.0,701991.3
8.8,takeoff_climb,97.21690767519466,313.2369299221357,29.370411568409345,5617.4,858.3,868.2,871.1,863.2,181.0,184.0,185.2,186.3,4.86,80.2,5.289,5617.2,860.2,868.2,871.2,861.2,181.9,183.2,185.9,186.9,4.81,80.6,5.318,13.0,1.189,0,nominal,0,0.0,195.0,701991.2
8.9,takeoff_climb,97.20800889877641,316.7964404894327,29.385984427141267,5613.7,860.2,869.2,871.4,860.7,182.1,183.9,185.3,188.4,4.83,80.4,5.353,5615.9,860.3,868.3,871.3,861.3,182.1,183.3,186.1,187.1,4.81,80.6,5.316,12.9,1.188,0,nominal,0,0.0,195.0,701991.1
9.0,takeoff_climb,97.19911012235818,320.3559510567297,29.401557285873192,5622.0,859.7,867.8,872.6,863.7,181.5,183.8,185.9,187.2,4.81,81.1,5.334,5614.6,860.3,868.3,871.3,861.3,182.2,183.5,186.3,187.3,4.81,80.6,5.314,12.9,1.188,0,nominal,0,0.0,195.0,701991.0
9.1,takeoff_climb,97.19021134593993,323.91546162402665,29.417130144605117,5620.1,861.4,868.4,869.9,860.3,182.8,183.1,186.5,187.4,4.82,79.8,5.284,5613.3,860.4,868.4,871.4,861.4,182.4,183.6,186.5,187.5,4.81,80.7,5.312,12.9,1.187,0,nominal,0,0.0,195.0,701990.9
9.2,takeoff_climb,97.1813125695217,327.4749721913237,29.432703003337043,5623.3,859.6,866.3,872.1,860.0,182.4,184.0,187.9,187.8,4.81,81.2,5.334,5612.0,860.4,868.4,871.4,861.4,182.5,183.8,186.6,187.6,4.81,80.7,5.31,12.9,1.187,0,nominal,0,0.0,195.0,701990.8
9.3,takeoff_climb,97.17241379310344,331.0344827586207,29.448275862068964,5608.7,861.4,868.5,871.9,859.6,182.5,184.2,188.2,187.8,4.85,80.4,5.362,5610.7,860.5,868.5,871.5,861.5,182.7,184.0,186.8,187.8,4.81,80.7,5.308,12.8,1.187,0,nominal,0,0.0,195.0,701990.7
9.4,takeoff_climb,97.16351501668521,334.59399332591767,29.46384872080089,5603.6,863.4,871.5,871.1,861.4,182.9,185.0,187.5,188.5,4.83,79.5,5.281,5609.4,860.5,868.5,871.5,861.5,182.9,184.1,187.0,188.0,4.81,80.7,5.306,12.8,1.186,0,nominal,0,0.0,195.0,701990.6
9.5,takeoff_climb,97.15461624026696,338.15350389321463,29.479421579532815,5603.5,861.4,868.7,869.0,862.4,184.0,184.6,186.9,188.4,4.82,80.8,5.315,5608.1,860.6,868.6,871.6,861.6,183.0,184.3,187.1,188.1,4.81,80.8,5.304,12.8,1.186,0,nominal,0,0.0,195.0,701990.5
9.6,takeoff_climb,97.14571746384873,341.71301446051166,29.49499443826474,5608.0,860.5,867.0,871.9,863.9,182.1,183.7,187.9,188.0,4.78,79.7,5.324,5606.8,860.6,868.6,871.6,861.6,183.2,184.4,187.3,188.3,4.81,80.8,5.302,12.8,1.185,0,nominal,0,0.0,195.0,701990.4
9.7,takeoff_climb,97.13681868743048,345.2725250278087,29.510567296996662,5609.0,863.1,867.6,870.4,861.1,184.5,184.3,186.9,188.3,4.81,80.8,5.339,5605.6,860.6,868.6,871.6,861.6,183.3,184.6,187.4,188.4,4.81,80.8,5.3,12.8,1.185,0,nominal,0,0.0,195.0,701990.3
9.8,takeoff_climb,97.12791991101224,348.83203559510565,29.526140155728587,5602.6,860.7,868.6,870.8,861.7,182.5,183.9,188.0,188.1,4.79,81.0,5.335,5604.3,860.7,868.7,871.7,861.7,183.5,184.8,187.6,188.6,4.81,80.8,5.298,12.7,1.185,0,nominal,0,0.0,195.0,701990.2
9.9,takeoff_climb,97.11902113459399,352.3915461624026,29.541713014460512,5599.7,862.3,868.0,871.3,860.0,183.7,184.6,188.1,188.4,4.87,80.0,5.244,5603.0,860.7,868.7,871.7,861.7,183.6,184.9,187.8,188.8,4.81,80.9,5.296,12.7,1.184,0,nominal,0,0.0,195.0,701990.1
10.0,takeoff_climb,97.11012235817574,355.95105672969964,29.557285873192434,5601.9,860.6,867.4,871.6,861.1,183.3,185.5,187.5,189.0,4.84,81.0,5.307,5601.7,860.7,868.7,871.7,861.7,183.8,185.1,187.9,188.9,4.81,80.9,5.294,12.7,1.184,0,nominal,0,0.0,195.0,701990.0
10.1,takeoff_climb,97.10122358175751,359.51056729699667,29.57285873192436,5604.4,860.4,868.7,870.7,859.4,184.5,186.1,186.6,189.1,4.82,81.2,5.291,5600.4,860.8,868.7,871.7,861.8,183.9,185.2,188.1,189.1,4.81,80.9,5.292,12.7,1.183,0,nominal,0,0.0,195.0,701989.9
10.2,takeoff_climb,97.09232480533926,363.07007786429364,29.588431590656285,5604.7,860.5,866.8,871.2,860.9,184.0,185.6,188.5,189.2,4.79,80.6,5.279,5599.1,860.8,868.8,871.8,861.8,184.1,185.4,188.2,189.2,4.81,80.9,5.29,12.6,1.183,0,nominal,0,0.0,195.0,701989.8
10.3,takeoff_climb,97.08342602892102,366.6295884315906,29.60400444938821,5597.6,860.8,866.8,873.5,861.2,184.8,184.8,188.7,190.0,4.79,81.5,5.223,5597.8,860.8,868.8,871.8,861.8,184.2,185.5,188.4,189.4,4.81,80.9,5.288,12.6,1.182,0,nominal,0,0.0,195.0,701989.7
10.4,takeoff_climb,97.07452725250278,370.18909899888763,29.619577308120135,5594.5,861.2,867.6,871.7,862.0,184.2,185.3,189.2,190.7,4.85,80.7,5.297,5596.6,860.8,868.8,871.8,861.8,184.4,185.6,188.5,189.5,4.81,81.0,5.286,12.6,1.182,0,nominal,0,0.0,195.0,701989.6
10.5,takeoff_climb,97.06562847608454,373.74860956618465,29.635150166852057,5598.1,863.4,869.3,872.4,859.7,185.4,186.4,188.5,189.2,4.76,81.0,5.301,5595.3,860.8,868.8,871.8,861.8,184.5,185.8,188.7,189.7,4.8,81.0,5.284,12.6,1.182,0,nominal,0,0.0,195.0,701989.5
10.6,takeoff_climb,97.05672969966629,377.3081201334816,29.650723025583982,5601.3,860.3,869.6,872.3,863.7,184.6,185.8,189.1,189.5,4.86,80.6,5.217,5594.0,860.9,868.9,871.9,861.9,184.6,185.9,188.8,189.8,4.8,81.0,5.282,12.5,1.181,0,nominal,0,0.0,195.0,701989.4
10.7,takeoff_climb,97.04783092324806,380.8676307007786,29.666295884315907,5592.5,860.4,870.3,872.2,861.1,185.8,186.1,188.8,189.0,4.81,80.6,5.294,5592.7,860.9,868.9,871.9,861.9,184.8,186.1,189.0,190.0,4.8,81.0,5.28,12.5,1.181,0,nominal,0,0.0,195.0,701989.3
10.8,takeoff_climb,97.03893214682981,384.4271412680756,29.68186874304783,5587.9,861.0,868.3,871.9,862.3,185.1,186.9,188.7,190.0,4.78,81.3,5.267,5591.4,860.9,868.9,871.9,861.9,184.9,186.2,189.1,190.1,4.8,81.0,5.278,12.5,1.18,0,nominal,0,0.0,195.0,701989.2
10.9,takeoff_climb,97.03003337041157,387.98665183537264,29.697441601779754,5579.6,860.7,871.3,871.5,862.7,185.1,186.5,190.0,189.9,4.8,80.6,5.254,5590.1,860.9,868.9,871.9,861.9,185.1,186.4,189.3,190.3,4.8,81.1,5.276,12.5,1.18,0,nominal,0,0.0,195.0,701989.1
11.0,takeoff_climb,97.02113459399332,391.5461624026696,29.71301446051168,5582.9,861.5,869.4,871.4,862.5,185.2,186.3,189.1,190.7,4.82,80.5,5.269,5588.8,860.9,868.9,871.9,861.9,185.2,186.5,189.4,190.4,4.8,81.1,5.274,12.5,1.18,0,nominal,0,0.0,195.0,701989.0
11.1,takeoff_climb,97.01223581757509,395.1056729699666,29.728587319243605,5584.8,859.7,868.5,870.7,862.6,185.1,187.2,189.9,190.3,4.78,81.3,5.317,5587.6,860.9,868.9,871.9,861.9,185.3,186.6,189.5,190.5,4.8,81.1,5.272,12.4,1.179,0,nominal,0,0.0,195.0,701988.9
11.2,takeoff_climb,97.00333704115684,398.6651835372636,29.744160177975527,5591.6,862.5,869.8,872.0,861.7,186.4,187.2,190.0,190.1,4.83,81.7,5.181,5586.3,861.0,868.9,871.9,862.0,185.5,186.8,189.7,190.7,4.8,81.1,5.27,12.4,1.179,0,nominal,0,0.0,195.0,701988.8
11.3,takeoff_climb,96.9944382647386,402.2246941045606,29.759733036707452,5586.7,862.0,868.7,873.7,862.9,185.3,186.0,189.6,191.1,4.76,81.4,5.265,5585.0,861.0,869.0,872.0,862.0,185.6,186.9,189.8,190.8,4.8,81.1,5.268,12.4,1.178,0,nominal,0,0.0,195.0,701988.7
11.4,takeoff_climb,96.98553948832036,405.7842046718576,29.775305895439377,5571.7,861.3,867.4,871.3,862.2,184.9,186.5,189.3,190.8,4.82,81.8,5.275,5583.7,861.0,869.0,872.0,862.0,185.7,187.0,190.0,191.0,4.8,81.2,5.267,12.4,1.178,0,nominal,0,0.0,195.0,701988.6
11.5,takeoff_climb,96.9766407119021,409.34371523915456,29.790878754171302,5574.3,862.1,869.1,871.2,860.0,186.5,187.3,188.8,191.8,4.79,81.0,5.218,5582.4,861.0,869.0,872.0,862.0,185.9,187.2,190.1,191.1,4.8,81.2,5.265,12.3,1.178,0,nominal,0,0.0,195.0,701988.5
11.6,takeoff_climb,96.96774193548387,412.9032258064516,29.806451612903224,5585.8,858.9,867.8,871.3,861.4,187.2,187.4,190.2,191.4,4.79,81.5,5.303,5581.1,861.0,869.0,872.0,862.0,186.0,187.3,190.2,191.2,4.8,81.2,5.263,12.3,1.177,0,nominal,0,0.0,195.0,701988.4
11.7,takeoff_climb,96.95884315906562,416.4627363737486,29.82202447163515,5573.0,863.3,868.1,871.8,862.2,186.2,187.9,190.1,191.3,4.77,81.5,5.212,5579.9,861.0,869.0,872.0,862.0,186.1,187.4,190.4,191.4,4.8,81.2,5.261,12.3,1.177,0,nominal,0,0.0,195.0,701988.3
11.8,takeoff_climb,96.94994438264739,420.0222469410456,29.837597330367075,5578.3,859.1,870.6,874.3,861.8,186.4,187.4,191.5,191.4,4.78,81.4,5.306,5578.6,861.0,869.0,872.0,862.0,186.2,187.6,190.5,191.5,4.8,81.2,5.259,12.3,1.176,0,nominal,0,0.0,195.0,701988.2
11.9,takeoff_climb,96.94104560622914,423.58175750834255,29.853170189099,5587.0,859.4,867.7,869.9,860.6,185.8,187.2,191.8,190.6,4.83,80.7,5.274,5577.3,861.0,869.0,872.0,862.0,186.4,187.7,190.6,191.6,4.8,81.3,5.257,12.2,1.176,0,nominal,0,0.0,195.0,701988.1
12.0,takeoff_climb,96.9321468298109,427.1412680756396,29.86874304783092,5585.0,862.1,868.8,870.5,862.4,186.3,187.1,191.2,192.7,4.8,81.7,5.315,5576.0,861.0,869.0,872.0,862.0,186.5,187.8,190.8,191.8,4.8,81.3,5.255,12.2,1.176,0,nominal,0,0.0,195.0,701988.0
12.1,takeoff_climb,96.92324805339265,430.7007786429366,29.884315906562847,5576.9,863.2,868.3,871.8,862.5,186.7,188.1,190.9,191.7,4.79,81.8,5.269,5574.7,861.0,869.0,872.0,862.0,186.6,187.9,190.9,191.9,4.8,81.3,5.253,12.2,1.175,0,nominal,0,0.0,195.0,701987.9
12.2,takeoff_climb,96.91434927697442,434.26028921023357,29.899888765294772,5570.6,861.5,868.7,872.4,861.7,187.3,188.9,190.3,191.8,4.83,81.1,5.269,5573.5,861.0,869.0,872.0,862.0,186.7,188.1,191.0,192.0,4.8,81.3,5.251,12.2,1.175,0,nominal,0,0.0,195.0,701987.8
12.3,takeoff_climb,96.90545050055617,437.81979977753053,29.915461624026698,5570.3,858.5,868.1,871.6,861.2,186.3,188.1,191.1,192.6,4.78,81.0,5.229,5572.2,861.0,869.0,872.0,862.0,186.9,188.2,191.2,192.2,4.8,81.3,5.249,12.2,1.174,0,nominal,0,0.0,195.0,701987.7
12.4,takeoff_climb,96.89655172413794,441.37931034482756,29.93103448275862,5561.9,859.8,868.6,871.3,864.7,186.7,188.9,191.1,192.1,4.82,81.4,5.209,5570.9,861.0,869.0,872.0,862.0,187.0,188.3,191.3,192.3,4.8,81.4,5.247,12.1,1.174,0,nominal,0,0.0,195.0,701987.6
12.5,takeoff_climb,96.88765294771969,444.9388209121246,29.946607341490544,5565.8,860.7,871.1,871.6,861.4,186.8,188.7,191.6,192.8,4.82,81.8,5.22,5569.6,861.0,869.0,872.0,862.0,187.1,188.4,191.4,192.4,4.8,81.4,5.245,12.1,1.174,0,nominal,0,0.0,195.0,701987.5
12.6,takeoff_climb,96.87875417130145,448.49833147942155,29.96218020022247,5563.4,863.8,868.9,874.3,860.6,187.4,187.5,190.9,193.5,4.81,80.9,5.222,5568.3,861.0,869.0,872.0,862.0,187.2,188.6,191.5,192.5,4.79,81.4,5.243,12.1,1.173,0,nominal,0,0.0,195.0,701987.4
12.7,takeoff_climb,96.8698553948832,452.0578420467185,29.977753058954395,5566.0,861.5,870.7,872.2,861.1,187.1,187.8,191.0,193.8,4.77,81.5,5.236,5567.1,861.0,869.0,872.0,862.0,187.3,188.7,191.7,192.7,4.79,81.4,5.241,12.1,1.173,0,nominal,0,0.0,195.0,701987.3
12.8,takeoff_climb,96.86095661846497,455.61735261401554,29.993325917686317,5572.6,860.7,866.6,872.0,862.1,188.2,188.1,191.8,193.8,4.76,81.5,5.224,5565.8,861.0,869.0,872.0,862.0,187.5,188.8,191.8,192.8,4.79,81.4,5.239,12.0,1.172,0,nominal,0,0.0,195.0,701987.2
12.9,takeoff_climb,96.85205784204672,459.17686318131257,30.008898776418242,5567.7,861.1,867.6,871.1,862.0,187.4,189.1,192.3,192.1,4.78,82.1,5.263,5564.5,861.0,869.0,872.0,862.0,187.6,188.9,191.9,192.9,4.79,81.5,5.237,12.0,1.172,0,nominal,0,0.0,195.0,701987.1
13.0,takeoff_climb,96.84315906562847,462.73637374860954,30.024471635150167,5562.0,861.1,867.3,869.8,862.4,187.3,188.5,193.1,192.2,4.79,81.1,5.249,5563.2,861.0,869.0,872.0,862.0,187.7,189.0,192.0,193.0,4.79,81.5,5.235,12.0,1.172,0,nominal,0,0.0,195.0,701987.0
13.1,takeoff_climb,96.83426028921023,466.2958843159065,30.040044493882093,5558.5,858.2,870.6,871.6,863.3,188.7,188.6,192.0,194.0,4.81,81.9,5.23,5561.9,861.0,869.0,872.0,862.0,187.8,189.1,192.1,193.1,4.79,81.5,5.233,12.0,1.171,0,nominal,0,0.0,195.0,701986.9
13.2,takeoff_climb,96.82536151279199,469.85539488320353,30.055617352614014,5560.6,859.8,866.9,872.2,860.8,187.9,188.9,192.6,194.7,4.81,81.1,5.19,5560.7,861.0,869.0,872.0,862.0,187.9,189.3,192.3,193.3,4.79,81.5,5.231,11.9,1.171,0,nominal,0,0.0,195.0,701986.8
13.3,takeoff_climb,96.81646273637375,473.41490545050056,30.07119021134594,5560.9,860.8,867.5,871.4,862.1,187.1,189.1,191.4,194.5,4.8,81.4,5.23,5559.4,861.0,869.0,872.0,862.0,188.0,189.4,192.4,193.4,4.79,81.5,5.229,11.9,1.17,0,nominal,0,0.0,195.0,701986.7
13.4,takeoff_climb,96.8075639599555,476.9744160177975,30.086763070077865,5556.8,858.4,867.7,869.7,862.9,188.2,189.2,191.8,193.8,4.82,81.5,5.219,5558.1,861.0,869.0,872.0,862.0,188.1,189.5,192.5,193.5,4.79,81.5,5.227,11.9,1.17,0,nominal,0,0.0,195.0,701986.6
13.5,takeoff_climb,96.79866518353727,480.5339265850945,30.10233592880979,5557.4,862.0,867.0,871.4,860.1,189.3,189.6,194.1,194.4,4.8,81.0,5.259,5556.8,861.0,869.0,872.0,862.0,188.3,189.6,192.6,193.6,4.79,81.6,5.225,11.9,1.169,0,nominal,0,0.0,195.0,701986.5
13.6,takeoff_climb,96.78976640711902,484.0934371523915,30.11790878754171,5545.1,860.8,870.5,871.4,861.1,189.5,189.4,193.4,193.3,4.78,81.7,5.304,5555.6,861.0,869.0,872.0,862.0,188.4,189.7,192.7,193.7,4.79,81.6,5.223,11.9,1.169,0,nominal,0,0.0,195.0,701986.4
13.7,takeoff_climb,96.78086763070078,487.65294771968854,30.133481646273637,5568.2,860.6,867.6,871.2,861.3,188.4,190.1,192.6,194.2,4.79,81.5,5.184,5554.3,861.0,869.0,872.0,862.0,188.5,189.8,192.8,193.8,4.79,81.6,5.221,11.8,1.169,0,nominal,0,0.0,195.0,701986.3
13.8,takeoff_climb,96.77196885428253,491.2124582869855,30.149054505005562,5541.4,859.8,868.8,875.4,863.7,189.0,190.3,193.2,193.3,4.77,81.3,5.194,5553.0,861.0,869.0,872.0,862.0,188.6,189.9,193.0,194.0,4.79,81.6,5.219,11.8,1.168,0,nominal,0,0.0,195.0,701986.2
13.9,takeoff_climb,96.7630700778643,494.7719688542825,30.164627363737488,5546.7,860.8,867.1,871.8,863.1,188.5,189.8,192.6,194.6,4.77,82.2,5.192,5551.7,861.0,869.0,872.0,862.0,188.7,190.0,193.1,194.1,4.79,81.6,5.218,11.8,1.168,0,nominal,0,0.0,195.0,701986.1
14.0,takeoff_climb,96.75417130144605,498.3314794215795,30.18020022246941,5559.2,859.7,871.6,870.1,860.4,187.9,190.4,192.8,195.4,4.82,81.2,5.218,5550.5,861.0,869.0,872.0,862.0,188.8,190.1,193.2,194.2,4.79,81.6,5.216,11.8,1.167,0,nominal,0,0.0,195.0,701986.0
14.1,takeoff_climb,96.74527252502781,501.8909899888765,30.195773081201335,5548.2,859.7,867.3,870.3,862.8,189.9,190.8,194.1,194.0,4.79,82.2,5.198,5549.2,861.0,869.0,872.0,862.0,188.9,190.2,193.3,194.3,4.79,81.7,5.214,11.7,1.167,0,nominal,0,0.0,195.0,701985.9
14.2,takeoff_climb,96.73637374860957,505.4505005561735,30.21134593993326,5546.5,859.1,867.1,874.0,860.4,190.0,191.5,193.1,194.3,4.83,82.2,5.207,5547.9,861.0,869.0,872.0,862.0,189.0,190.4,193.4,194.4,4.79,81.7,5.212,11.7,1.167,0,nominal,0,0.0,195.0,701985.8
14.3,takeoff_climb,96.72747497219132,509.01001112347046,30.22691879866518,5550.2,860.7,869.5,873.2,861.9,190.0,191.1,193.7,193.7,4.84,81.5,5.205,5546.6,861.0,869.0,872.0,862.0,189.1,190.5,193.5,194.5,4.79,81.7,5.21,11.7,1.166,0,nominal,0,0.0,195.0,701985.7
14.4,takeoff_climb,96.71857619577308,512.5695216907675,30.242491657397107,5541.1,862.2,872.1,871.8,861.3,190.2,191.2,193.5,194.9,4.81,81.9,5.189,5545.4,861.0,869.0,872.0,862.0,189.2,190.6,193.6,194.6,4.79,81.7,5.208,11.7,1.166,0,nominal,0,0.0,195.0,701985.6
14.5,takeoff_climb,96.70967741935483,516.1290322580645,30.258064516129032,5541.2,860.1,868.7,873.9,863.6,189.9,191.2,194.1,195.0,4.77,81.8,5.209,5544.1,861.0,869.0,872.0,862.0,189.3,190.7,193.7,194.7,4.79,81.7,5.206,11.6,1.165,0,nominal,0,0.0,195.0,701985.5
14.6,takeoff_climb,96.7007786429366,519.6885428253615,30.273637374860957,5549.8,860.7,867.7,869.2,862.7,188.2,191.1,194.0,195.4,4.79,81.6,5.193,5542.8,861.0,869.0,872.0,862.0,189.4,190.8,193.8,194.8,4.79,81.7,5.204,11.6,1.165,0,nominal,0,0.0,195.0,701985.4
14.7,takeoff_climb,96.69187986651835,523.2480533926584,30.289210233592883,5540.4,862.4,869.1,872.2,860.1,188.0,190.8,192.5,195.9,4.79,82.1,5.179,5541.5,861.0,869.0,872.0,862.0,189.5,190.9,193.9,194.9,4.79,81.7,5.202,11.6,1.165,0,nominal,0,0.0,195.0,701985.3
14.8,takeoff_climb,96.68298109010011,526.8075639599555,30.304783092324804,5535.4,862.0,870.7,871.9,862.6,189.2,190.8,195.5,195.0,4.79,81.3,5.203,5540.3,861.0,869.0,872.0,862.0,189.6,191.0,194.0,195.0,4.79,81.8,5.2,11.6,1.164,0,nominal,0,0.0,195.0,701985.2
14.9,takeoff_climb,96.67408231368186,530.3670745272525,30.32035595105673,5554.3,863.7,868.1,873.4,862.2,189.6,191.5,193.4,195.2,4.79,81.7,5.178,5539.0,861.0,869.0,872.0,862.0,189.7,191.1,194.1,195.1,4.79,81.8,5.198,11.6,1.164,0,nominal,0,0.0,195.0,701985.1
15.0,takeoff_climb,96.66518353726363,533.9265850945494,30.335928809788655,5547.3,861.9,865.1,874.2,863.7,190.8,190.6,194.4,194.9,4.77,82.4,5.223,5537.7,861.0,869.0,872.0,862.0,189.8,191.2,194.2,195.2,4.78,81.8,5.196,11.5,1.163,0,nominal,0,0.0,195.0,701985.0
15.1,takeoff_climb,96.65628476084538,537.4860956618464,30.351501668520577,5539.1,862.8,868.6,870.1,861.4,190.1,192.5,194.9,194.9,4.77,82.0,5.192,5536.4,861.0,869.0,872.0,862.0,189.9,191.3,194.3,195.3,4.78,81.8,5.194,11.5,1.163,0,nominal,0,0.0,195.0,701984.9
15.2,takeoff_climb,96.64738598442715,541.0456062291435,30.367074527252502,5528.7,859.9,867.4,872.1,859.8,190.8,190.3,194.5,196.4,4.78,82.6,5.172,5535.2,861.0,869.0,872.0,862.0,190.0,191.4,194.4,195.4,4.78,81.8,5.192,11.5,1.163,0,nominal,0,0.0,195.0,701984.8
15.3,takeoff_climb,96.6384872080089,544.6051167964405,30.382647385984427,5541.9,862.3,869.4,873.8,864.3,191.1,192.0,193.7,195.7,4.75,81.4,5.228,5533.9,861.0,869.0,872.0,862.0,190.1,191.4,194.5,195.5,4.78,81.8,5.19,11.5,1.162,0,nominal,0,0.0,195.0,701984.7
15.4,takeoff_climb,96.62958843159066,548.1646273637375,30.398220244716352,5530.1,858.0,868.6,870.4,861.1,189.9,192.2,195.4,195.2,4.73,81.7,5.143,5532.6,861.0,869.0,872.0,862.0,190.2,191.5,194.6,195.6,4.78,81.8,5.188,11.4,1.162,0,nominal,0,0.0,195.0,701984.6
15.5,takeoff_climb,96.62068965517241,551.7241379310344,30.413793103448278,5527.8,861.2,870.4,874.2,861.6,190.5,191.3,195.3,196.1,4.76,82.0,5.205,5531.4,861.0,869.0,872.0,862.0,190.3,191.6,194.7,195.7,4.78,81.9,5.186,11.4,1.161,0,nominal,0,0.0,195.0,701984.5
15.6,takeoff_climb,96.61179087875418,555.2836484983314,30.4293659621802,5537.6,858.5,871.0,871.8,859.2,190.9,191.4,195.1,196.3,4.75,83.0,5.186,5530.1,861.0,869.0,872.0,862.0,190.4,191.7,194.8,195.8,4.78,81.9,5.184,11.4,1.161,0,nominal,0,0.0,195.0,701984.4
15.7,takeoff_climb,96.60289210233593,558.8431590656285,30.444938820912125,5525.6,863.2,869.9,873.4,860.1,191.5,190.7,194.2,196.3,4.81,81.5,5.204,5528.8,861.0,869.0,872.0,862.0,190.5,191.8,194.9,195.9,4.78,81.9,5.182,11.4,1.161,0,nominal,0,0.0,195.0,701984.3
15.8,takeoff_climb,96.59399332591768,562.4026696329254,30.46051167964405,5535.2,859.4,871.4,872.4,862.8,190.3,192.4,194.5,196.9,4.79,82.0,5.247,5527.6,861.0,869.0,872.0,862.0,190.5,191.9,195.0,196.0,4.78,81.9,5.181,11.3,1.16,0,nominal,0,0.0,195.0,701984.2
15.9,takeoff_climb,96.58509454949944,565.9621802002224,30.47608453837597,5533.3,862.6,870.4,872.4,862.2,188.9,191.9,194.5,196.4,4.81,82.8,5.188,5526.3,861.0,869.0,872.0,862.0,190.6,192.0,195.1,196.1,4.78,81.9,5.179,11.3,1.16,0,nominal,0,0.0,195.0,701984.1
16.0,takeoff_climb,96.5761957730812,569.5216907675194,30.491657397107897,5527.9,860.9,869.8,871.8,863.7,190.4,191.4,193.9,197.0,4.76,80.9,5.218,5525.0,861.0,869.0,872.0,862.0,190.7,192.1,195.2,196.2,4.78,81.9,5.177,11.3,1.159,0,nominal,0,0.0,195.0,701984.0
16.1,takeoff_climb,96.56729699666296,573.0812013348165,30.507230255839822,5521.8,861.4,869.8,872.1,863.1,191.1,192.4,193.5,196.1,4.8,81.6,5.203,5523.7,861.0,869.0,872.0,862.0,190.8,192.2,195.3,196.3,4.78,81.9,5.175,11.3,1.159,0,nominal,0,0.0,195.0,701983.9
16.2,takeoff_climb,96.55839822024471,576.6407119021135,30.522803114571747,5521.7,859.2,870.3,871.4,862.4,191.1,192.9,196.4,196.7,4.74,81.5,5.163,5522.5,861.0,869.0,872.0,862.0,190.9,192.3,195.4,196.4,4.78,82.0,5.173,11.3,1.159,0,nominal,0,0.0,195.0,701983.8
16.3,takeoff_climb,96.54949944382648,580.2002224694104,30.538375973303673,5516.4,862.3,868.4,871.5,862.2,192.0,191.4,196.0,196.2,4.79,82.4,5.203,5521.2,861.0,869.0,872.0,862.0,191.0,192.4,195.5,196.5,4.78,82.0,5.171,11.2,1.158,0,nominal,0,0.0,195.0,701983.7
16.4,takeoff_climb,96.54060066740823,583.7597330367074,30.553948832035594,5521.1,861.2,869.9,872.6,864.6,191.2,192.5,196.0,197.1,4.81,81.2,5.098,5519.9,861.0,869.0,872.0,862.0,191.1,192.4,195.6,196.6,4.78,82.0,5.169,11.2,1.158,0,nominal,0,0.0,195.0,701983.6
16.5,takeoff_climb,96.53170189098999,587.3192436040044,30.56952169076752,5509.6,860.0,870.6,872.4,861.3,191.4,193.2,195.2,197.0,4.79,81.9,5.141,5518.7,861.0,869.0,872.0,862.0,191.2,192.5,195.7,196.7,4.78,82.0,5.167,11.2,1.157,0,nominal,0,0.0,195.0,701983.5
16.6,takeoff_climb,96.52280311457174,590.8787541713014,30.585094549499445,5523.5,861.1,868.7,874.3,859.2,191.5,193.6,196.3,197.0,4.77,82.0,5.201,5517.4,861.0,869.0,872.0,862.0,191.2,192.6,195.7,196.7,4.78,82.0,5.165,11.2,1.157,0,nominal,0,0.0,195.0,701983.4
16.7,takeoff_climb,96.51390433815351,594.4382647385984,30.600667408231367,5512.6,861.2,870.1,870.2,860.7,191.6,191.9,194.9,196.6,4.78,81.3,5.163,5516.1,861.0,869.0,872.0,862.0,191.3,192.7,195.8,196.8,4.78,82.0,5.163,11.1,1.157,0,nominal,0,0.0,195.0,701983.3
16.8,takeoff_climb,96.50500556173526,597.9977753058954,30.616240266963292,5519.6,862.8,868.1,870.6,862.3,192.1,192.3,195.7,197.0,4.8,82.4,5.146,5514.9,860.9,868.9,871.9,861.9,191.4,192.8,195.9,196.9,4.78,82.0,5.161,11.1,1.156,0,nominal,0,0.0,195.0,701983.2
16.9,takeoff_climb,96.49610678531702,601.5572858731924,30.631813125695217,5512.5,860.6,869.0,873.0,862.9,192.2,193.2,196.4,197.3,4.81,81.6,5.137,5513.6,860.9,868.9,871.9,861.9,191.5,192.9,196.0,197.0,4.78,82.0,5.159,11.1,1.156,0,nominal,0,0.0,195.0,701983.1
17.0,takeoff_climb,96.48720800889878,605.1167964404895,30.647385984427142,5515.2,856.7,868.7,871.3,861.4,190.4,192.1,196.8,196.7,4.78,82.4,5.189,5512.3,860.9,868.9,871.9,861.9,191.6,193.0,196.1,197.1,4.78,82.1,5.157,11.1,1.155,0,nominal,0,0.0,195.0,701983.0
17.1,takeoff_climb,96.47830923248054,608.6763070077864,30.662958843159064,5514.9,860.4,869.5,871.1,863.4,192.4,194.0,195.8,197.2,4.77,82.0,5.164,5511.1,860.9,868.9,871.9,861.9,191.7,193.0,196.2,197.2,4.78,82.1,5.155,11.0,1.155,0,nominal,0,0.0,195.0,701982.9
17.2,takeoff_climb,96.46941045606229,612.2358175750834,30.67853170189099,5499.0,858.7,867.6,871.2,862.4,192.1,192.8,196.3,197.1,4.77,81.9,5.139,5509.8,860.9,868.9,871.9,861.9,191.7,193.1,196.3,197.3,4.78,82.1,5.154,11.0,1.155,0,nominal,0,0.0,195.0,701982.8
17.3,takeoff_climb,96.46051167964404,615.7953281423804,30.694104560622915,5505.6,860.3,869.2,872.7,861.2,192.2,192.5,197.2,196.9,4.8,82.4,5.143,5508.5,860.9,868.9,871.9,861.9,191.8,193.2,196.3,197.3,4.78,82.1,5.152,11.0,1.154,0,nominal,0,0.0,195.0,701982.7
17.4,takeoff_climb,96.45161290322581,619.3548387096773,30.70967741935484,5516.9,861.0,869.9,869.8,860.7,191.9,194.5,196.2,198.5,4.74,82.7,5.085,5507.3,860.9,868.9,871.9,861.9,191.9,193.3,196.4,197.4,4.78,82.1,5.15,11.0,1.154,0,nominal,0,0.0,195.0,701982.6
17.5,takeoff_climb,96.44271412680756,622.9143492769743,30.72525027808676,5512.9,857.2,868.8,872.4,864.1,190.9,194.4,195.5,197.2,4.77,81.8,5.117,5506.0,860.9,868.9,871.9,861.9,192.0,193.4,196.5,197.5,4.78,82.1,5.148,11.0,1.153,0,nominal,0,0.0,195.0,701982.5
17.6,takeoff_climb,96.43381535038932,626.4738598442714,30.740823136818687,5503.4,863.1,868.5,871.2,861.4,192.0,193.7,195.6,197.6,4.74,82.3,5.145,5504.8,860.9,868.9,871.9,861.9,192.0,193.4,196.6,197.6,4.78,82.1,5.146,10.9,1.153,0,nominal,0,0.0,195.0,701982.4
17.7,takeoff_climb,96.42491657397107,630.0333704115684,30.756395995550612,5505.5,859.1,870.0,873.5,860.8,192.1,193.6,196.5,198.0,4.73,82.5,5.062,5503.5,860.9,868.9,871.9,861.9,192.1,193.5,196.7,197.7,4.77,82.1,5.144,10.9,1.153,0,nominal,0,0.0,195.0,701982.3
17.8,takeoff_climb,96.41601779755284,633.5928809788654,30.771968854282537,5500.9,859.1,869.5,871.1,861.9,192.0,193.7,196.8,198.3,4.73,82.3,5.155,5502.2,860.9,868.9,871.9,861.9,192.2,193.6,196.8,197.8,4.77,82.2,5.142,10.9,1.152,0,nominal,0,0.0,195.0,701982.2
17.9,takeoff_climb,96.40711902113459,637.1523915461623,30.78754171301446,5499.5,861.9,869.4,873.4,861.3,192.2,194.2,196.5,197.9,4.78,82.5,5.124,5501.0,860.9,868.9,871.9,861.9,192.3,193.7,196.8,197.8,4.77,82.2,5.14,10.9,1.152,0,nominal,0,0.0,195.0,701982.1
18.0,takeoff_climb,96.39822024471636,640.7119021134594,30.803114571746384,5495.2,862.4,868.0,871.7,862.4,193.4,193.6,196.6,198.4,4.8,82.3,5.155,5499.7,860.9,868.9,871.9,861.9,192.3,193.7,196.9,197.9,4.77,82.2,5.138,10.8,1.151,0,nominal,0,0.0,195.0,701982.0
18.1,takeoff_climb,96.3893214682981,644.2714126807564,30.81868743047831,5495.3,858.8,868.9,875.1,862.3,191.5,193.8,197.6,197.7,4.77,82.0,5.108,5498.4,860.9,868.9,871.9,861.9,192.4,193.8,197.0,198.0,4.77,82.2,5.136,10.8,1.151,0,nominal,0,0.0,194.99,701981.9
18.2,takeoff_climb,96.38042269187987,647.8309232480533,30.834260289210235,5489.4,862.4,868.3,873.3,865.8,192.1,194.2,197.5,199.1,4.76,82.0,5.06,5497.2,860.9,868.9,871.9,861.9,192.5,193.9,197.1,198.1,4.77,82.2,5.134,10.8,1.151,0,nominal,0,0.0,194.99,701981.8
18.3,takeoff_climb,96.37152391546162,651.3904338153503,30.849833147942157,5492.6,861.9,868.0,869.9,863.7,193.8,193.5,196.4,198.1,4.8,82.1,5.119,5495.9,860.9,868.9,871.9,861.9,192.6,194.0,197.1,198.1,4.77,82.2,5.132,10.8,1.15,0,nominal,0,0.0,194.99,701981.7
18.4,takeoff_climb,96.36262513904339,654.9499443826473,30.865406006674082,5493.0,861.5,870.6,872.9,862.7,191.5,194.8,196.0,198.4,4.71,81.9,5.095,5494.7,860.9,868.9,871.9,861.9,192.6,194.0,197.2,198.2,4.77,82.2,5.13,10.7,1.15,0,nominal,0,0.0,194.99,701981.6
18.5,takeoff_climb,96.35372636262514,658.5094549499444,30.880978865406007,5487.8,859.9,870.5,873.3,861.8,193.4,194.2,197.4,198.2,4.8,83.1,5.156,5493.4,860.9,868.9,871.9,861.9,192.7,194.1,197.3,198.3,4.77,82.2,5.128,10.7,1.149,0,nominal,0,0.0,194.99,701981.5
18.6,takeoff_climb,96.34482758620689,662.0689655172414,30.896551724137932,5493.5,859.6,868.8,870.3,863.2,193.5,194.9,197.2,197.3,4.8,81.9,5.124,5492.1,860.9,868.9,871.9,861.9,192.8,194.2,197.4,198.4,4.77,82.2,5.127,10.7,1.149,0,nominal,0,0.0,194.99,701981.4
18.7,takeoff_climb,96.33592880978865,665.6284760845383,30.912124582869854,5497.2,863.4,870.0,873.0,861.1,193.2,194.6,197.2,198.7,4.8,81.7,5.135,5490.9,860.9,868.9,871.9,861.9,192.9,194.2,197.4,198.4,4.77,82.3,5.125,10.7,1.149,0,nominal,0,0.0,194.99,701981.3
18.8,takeoff_climb,96.3270300333704,669.1879866518353,30.92769744160178,5492.4,864.1,869.4,874.2,861.7,192.0,194.5,197.4,197.4,4.78,81.3,5.128,5489.6,860.9,868.9,871.9,861.9,192.9,194.3,197.5,198.5,4.77,82.3,5.123,10.7,1.148,0,nominal,0,0.0,194.99,701981.2
18.9,takeoff_climb,96.31813125695217,672.7474972191324,30.943270300333705,5486.5,863.1,870.9,872.3,864.7,193.2,194.1,198.3,198.5,4.75,82.0,5.125,5488.3,860.9,868.9,871.9,861.9,193.0,194.4,197.6,198.6,4.77,82.3,5.121,10.6,1.148,0,nominal,0,0.0,194.99,701981.1
19.0,takeoff_climb,96.30923248053392,676.3070077864293,30.95884315906563,5490.3,860.8,868.8,872.2,862.5,194.0,195.1,197.3,198.0,4.8,81.9,5.08,5487.1,860.8,868.8,871.8,861.8,193.1,194.5,197.7,198.7,4.77,82.3,5.119,10.6,1.147,0,nominal,0,0.0,194.99,701981.0
19.1,takeoff_climb,96.30033370411569,679.8665183537263,30.97441601779755,5484.9,861.5,867.4,873.5,862.7,193.2,194.8,197.3,198.1,4.76,82.4,5.162,5485.8,860.8,868.8,871.8,861.8,193.1,194.5,197.7,198.7,4.77,82.3,5.117,10.6,1.147,0,nominal,0,0.0,194.99,701980.9
19.2,takeoff_climb,96.29143492769744,683.4260289210233,30.989988876529477,5482.1,859.7,867.4,875.0,865.5,193.5,193.0,198.3,198.6,4.8,82.2,5.112,5484.6,860.8,868.8,871.8,861.8,193.2,194.6,197.8,198.8,4.77,82.3,5.115,10.6,1.147,0,nominal,0,0.0,194.99,701980.8
19.3,takeoff_climb,96.2825361512792,686.9855394883203,31.005561735261402,5487.3,860.7,866.7,870.5,861.3,192.7,194.9,198.9,199.4,4.76,82.8,5.151,5483.3,860.8,868.8,871.8,861.8,193.3,194.7,197.9,198.9,4.77,82.3,5.113,10.5,1.146,0,nominal,0,0.0,194.99,701980.7
19.4,takeoff_climb,96.27363737486095,690.5450500556174,31.021134593993324,5481.8,860.7,870.4,867.4,861.8,193.1,195.0,198.9,198.9,4.77,83.0,5.136,5482.1,860.8,868.8,871.8,861.8,193.3,194.7,197.9,198.9,4.77,82.3,5.111,10.5,1.146,0,nominal,0,0.0,194.99,701980.6
19.5,takeoff_climb,96.26473859844272,694.1045606229143,31.03670745272525,5485.7,865.0,867.5,869.9,863.9,193.8,195.6,197.4,199.2,4.79,82.2,5.14,5480.8,860.8,868.8,871.8,861.8,193.4,194.8,198.0,199.0,4.77,82.3,5.109,10.5,1.145,0,nominal,0,0.0,194.99,701980.5
19.6,takeoff_climb,96.25583982202447,697.6640711902113,31.052280311457174,5473.8,861.7,868.8,873.2,862.5,193.4,194.6,198.8,199.6,4.74,82.1,5.062,5479.5,860.8,868.8,871.8,861.8,193.5,194.9,198.1,199.1,4.77,82.3,5.107,10.5,1.145,0,nominal,0,0.0,194.99,701980.4
19.7,takeoff_climb,96.24694104560623,701.2235817575083,31.0678531701891,5469.3,858.3,869.2,871.2,862.9,193.5,194.2,198.8,199.2,4.77,82.4,5.088,5478.3,860.8,868.8,871.8,861.8,193.5,194.9,198.1,199.1,4.77,82.3,5.106,10.4,1.145,0,nominal,0,0.0,194.99,701980.3
19.8,takeoff_climb,96.23804226918799,704.7830923248052,31.083426028921025,5465.9,860.6,869.0,871.1,862.3,192.5,196.4,198.1,198.9,4.72,82.2,5.115,5477.0,860.8,868.8,871.8,861.8,193.6,195.0,198.2,199.2,4.77,82.4,5.104,10.4,1.144,0,nominal,0,0.0,194.99,701980.2
19.9,takeoff_climb,96.22914349276975,708.3426028921023,31.098998887652947,5475.6,861.2,869.3,873.5,862.0,193.9,195.5,198.9,201.0,4.8,83.1,5.18,5475.8,860.8,868.8,871.8,861.8,193.6,195.1,198.3,199.3,4.77,82.4,5.102,10.4,1.144,0,nominal,0,0.0,194.99,701980.1
20.0,takeoff_climb,96.2202447163515,711.9021134593993,31.114571746384872,5481.0,860.4,867.7,875.2,859.9,193.0,195.2,198.3,199.1,4.78,82.4,5.097,5474.5,860.8,868.8,871.8,861.8,193.7,195.1,198.3,199.3,4.77,82.4,5.1,10.4,1.143,0,nominal,0,0.0,194.99,701980.0
20.1,takeoff_climb,96.21134593993325,715.4616240266963,31.130144605116797,5478.6,860.2,868.9,871.9,861.9,194.2,195.0,198.4,198.5,4.78,82.8,5.037,5473.2,860.8,868.8,871.8,861.8,193.8,195.2,198.4,199.4,4.77,82.4,5.098,10.3,1.143,0,nominal,0,0.0,194.99,701979.9
20.2,takeoff_climb,96.20244716351502,719.0211345939933,31.14571746384872,5474.1,861.7,869.8,872.3,861.9,193.5,194.6,197.8,200.3,4.82,82.4,5.136,5472.0,860.8,868.8,871.8,861.8,193.8,195.2,198.5,199.5,4.77,82.4,5.096,10.3,1.143,0,nominal,0,0.0,194.99,701979.8
20.3,takeoff_climb,96.19354838709677,722.5806451612902,31.161290322580644,5467.4,862.2,868.2,871.4,860.2,193.3,195.9,198.7,200.2,4.76,82.7,5.143,5470.7,860.8,868.8,871.8,861.8,193.9,195.3,198.5,199.5,4.77,82.4,5.094,10.3,1.142,0,nominal,0,0.0,194.99,701979.7
20.4,takeoff_climb,96.18464961067853,726.1401557285873,31.17686318131257,5464.1,862.3,869.2,870.6,860.8,194.6,195.3,198.7,198.5,4.75,83.0,5.091,5469.5,860.8,868.8,871.8,861.8,194.0,195.4,198.6,199.6,4.77,82.4,5.092,10.3,1.142,0,nominal,0,0.0,194.99,701979.6
20.5,takeoff_climb,96.17575083426028,729.6996662958843,31.192436040044495,5464.3,857.3,869.4,872.8,862.3,193.5,195.3,197.7,199.4,4.79,82.5,5.084,5468.2,860.8,868.8,871.8,861.8,194.0,195.4,198.7,199.7,4.77,82.4,5.09,10.3,1.141,0,nominal,0,0.0,194.99,701979.5
20.6,takeoff_climb,96.16685205784205,733.2591768631812,31.20800889877642,5474.9,862.6,869.1,870.2,864.5,194.5,194.7,198.7,199.6,4.76,82.3,5.098,5467.0,860.8,868.8,871.8,861.8,194.1,195.5,198.7,199.7,4.77,82.4,5.088,10.2,1.141,0,nominal,0,0.0,194.99,701979.4
20.7,takeoff_climb,96.1579532814238,736.8186874304782,31.22358175750834,5467.9,859.5,868.5,868.6,864.2,195.0,194.9,198.7,199.4,4.78,82.3,5.094,5465.7,860.8,868.8,871.8,861.8,194.1,195.5,198.8,199.8,4.77,82.4,5.086,10.2,1.141,0,nominal,0,0.0,194.99,701979.3
20.8,takeoff_climb,96.14905450500557,740.3781979977753,31.239154616240267,5461.8,862.1,870.1,873.5,860.9,194.0,195.7,198.0,200.5,4.82,82.7,5.124,5464.5,860.8,868.8,871.8,861.8,194.2,195.6,198.8,199.8,4.77,82.4,5.085,10.2,1.14,0,nominal,0,0.0,194.99,701979.2
20.9,takeoff_climb,96.14015572858732,743.9377085650723,31.254727474972192,5473.1,857.2,868.9,869.6,863.0,192.9,196.1,198.9,200.7,4.79,82.9,5.061,5463.2,860.8,868.8,871.8,861.8,194.3,195.7,198.9,199.9,4.77,82.4,5.083,10.2,1.14,0,nominal,0,0.0,194.99,701979.1
21.0,takeoff_climb,96.13125695216908,747.4972191323693,31.270300333704114,5476.4,860.6,870.4,872.2,863.0,195.2,195.8,198.8,200.2,4.76,82.2,5.093,5462.0,860.7,868.7,871.7,861.7,194.3,195.7,199.0,200.0,4.76,82.5,5.081,10.1,1.139,0,nominal,0,0.0,194.99,701979.0
21.1,takeoff_climb,96.12235817575083,751.0567296996662,31.28587319243604,5456.0,863.3,868.4,871.7,861.5,194.2,194.6,199.6,199.8,4.75,81.9,5.054,5460.7,860.7,868.7,871.7,861.7,194.4,195.8,199.0,200.0,4.76,82.5,5.079,10.1,1.139,0,nominal,0,0.0,194.99,701978.9
21.2,takeoff_climb,96.1134593993326,754.6162402669632,31.301446051167964,5464.1,860.8,873.8,872.1,860.3,194.6,196.1,199.6,199.5,4.75,82.1,5.089,5459.4,860.7,868.7,871.7,861.7,194.4,195.8,199.1,200.1,4.76,82.5,5.077,10.1,1.139,0,nominal,0,0.0,194.99,701978.8
21.3,takeoff_climb,96.10456062291435,758.1757508342603,31.31701890989989,5452.2,863.3,870.0,871.9,861.9,195.4,195.4,198.6,200.0,4.74,81.7,5.18,5458.2,860.7,868.7,871.7,861.7,194.5,195.9,199.1,200.1,4.76,82.5,5.075,10.1,1.138,0,nominal,0,0.0,194.99,701978.7
21.4,takeoff_climb,96.09566184649611,761.7352614015572,31.332591768631815,5465.0,862.0,867.0,873.0,862.9,194.1,196.3,198.7,200.1,4.76,82.4,5.059,5456.9,860.7,868.7,871.7,861.7,194.5,196.0,199.2,200.2,4.76,82.5,5.073,10.0,1.138,0,nominal,0,0.0,194.99,701978.6
21.5,takeoff_climb,96.08676307007786,765.2947719688542,31.348164627363737,5466.6,859.9,869.1,873.2,862.6,194.4,196.6,199.7,199.8,4.73,83.2,5.082,5455.7,860.7,868.7,871.7,861.7,194.6,196.0,199.3,200.3,4.76,82.5,5.071,10.0,1.138,0,nominal,0,0.0,194.99,701978.5
21.6,takeoff_climb,96.07786429365962,768.8542825361512,31.363737486095662,5457.6,861.4,867.1,869.7,861.5,195.8,196.6,198.7,200.7,4.76,82.5,5.04,5454.4,860.7,868.7,871.7,861.7,194.6,196.1,199.3,200.3,4.76,82.5,5.069,10.0,1.137,0,nominal,0,0.0,194.99,701978.4
21.7,takeoff_climb,96.06896551724138,772.4137931034483,31.379310344827587,5446.9,861.9,866.0,871.0,859.7,195.5,195.8,200.3,200.0,4.74,81.7,5.04,5453.2,860.7,868.7,871.7,861.7,194.7,196.1,199.4,200.4,4.76,82.5,5.067,10.0,1.137,0,nominal,0,0.0,194.99,701978.3
21.8,takeoff_climb,96.06006674082313,775.9733036707453,31.39488320355951,5458.7,860.9,871.0,872.4,862.9,194.8,195.8,199.6,200.9,4.78,82.8,5.074,5451.9,860.7,868.7,871.7,861.7,194.7,196.2,199.4,200.4,4.76,82.5,5.066,10.0,1.136,0,nominal,0,0.0,194.99,701978.2
21.9,takeoff_climb,96.0511679644049,779.5328142380422,31.410456062291434,5445.7,860.6,868.8,872.8,861.6,194.8,195.4,198.8,201.2,4.77,82.4,5.037,5450.7,860.7,868.7,871.7,861.7,194.8,196.2,199.5,200.5,4.76,82.5,5.064,9.9,1.136,0,nominal,0,0.0,194.99,701978.1
22.0,takeoff_climb,96.04226918798665,783.0923248053392,31.42602892102336,5441.8,862.3,868.1,869.8,862.9,194.6,195.2,199.8,201.8,4.76,82.9,5.048,5449.4,860.7,868.7,871.7,861.7,194.9,196.3,199.5,200.5,4.76,82.5,5.062,9.9,1.136,0,nominal,0,0.0,194.99,701978.0
22.1,takeoff_climb,96.03337041156841,786.6518353726362,31.441601779755285,5444.5,859.3,866.8,872.2,864.1,195.2,195.9,199.4,201.0,4.72,82.7,5.056,5448.2,860.7,868.7,871.7,861.7,194.9,196.3,199.6,200.6,4.76,82.5,5.06,9.9,1.135,0,nominal,0,0.0,194.99,701977.9
22.2,takeoff_climb,96.02447163515016,790.2113459399332,31.457174638487206,5442.0,857.3,868.1,870.9,862.0,195.5,196.5,199.9,200.3,4.74,82.8,5.107,5446.9,860.7,868.7,871.7,861.7,195.0,196.4,199.6,200.6,4.76,82.5,5.058,9.9,1.135,0,nominal,0,0.0,194.99,701977.8
22.3,takeoff_climb,96.01557285873193,793.7708565072302,31.47274749721913,5444.3,860.8,869.0,871.7,860.0,195.4,196.4,199.2,200.3,4.74,82.7,5.052,5445.7,860.7,868.7,871.7,861.7,195.0,196.4,199.7,200.7,4.76,82.5,5.056,9.8,1.134,0,nominal,0,0.0,194.99,701977.7
22.4,takeoff_climb,96.00667408231368,797.3303670745272,31.488320355951057,5443.2,857.2,867.0,870.5,861.2,194.9,197.3,200.5,200.7,4.76,82.2,5.093,5444.4,860.7,868.7,871.7,861.7,195.1,196.5,199.8,200.8,4.76,82.5,5.054,9.8,1.134,0,nominal,0,0.0,194.99,701977.6
22.5,takeoff_climb,95.99777530589544,800.8898776418242,31.503893214682982,5429.0,861.2,868.2,872.2,860.4,194.7,196.7,199.7,200.1,4.75,83.2,5.062,5443.2,860.7,868.7,871.7,861.7,195.1,196.5,199.8,200.8,4.76,82.6,5.052,9.8,1.134,0,nominal,0,0.0,194.99,701977.5
22.6,takeoff_climb,95.9888765294772,804.4493882091213,31.519466073414904,5441.6,861.7,867.5,872.2,861.6,194.9,195.9,199.6,199.9,4.81,82.8,5.038,5441.9,860.7,868.7,871.7,861.7,195.2,196.6,199.9,200.9,4.76,82.6,5.05,9.8,1.133,0,nominal,0,0.0,194.99,701977.4
22.7,takeoff_climb,95.97997775305896,808.0088987764182,31.53503893214683,5436.5,858.7,869.4,874.2,858.6,195.8,197.5,200.0,201.9,4.76,82.8,5.038,5440.7,860.7,868.7,871.7,861.7,195.2,196.6,199.9,200.9,4.76,82.6,5.049,9.7,1.133,0,nominal,0,0.0,194.99,701977.3
22.8,takeoff_climb,95.97107897664071,811.5684093437152,31.550611790878754,5436.7,860.7,864.5,871.9,862.2,195.6,196.3,199.9,201.8,4.76,82.2,5.052,5439.4,860.7,868.7,871.7,861.7,195.3,196.7,200.0,201.0,4.76,82.6,5.047,9.7,1.132,0,nominal,0,0.0,194.99,701977.2
22.9,takeoff_climb,95.96218020022246,815.1279199110122,31.56618464961068,5440.6,860.3,868.5,870.6,861.0,195.5,195.8,200.6,200.5,4.74,82.4,5.041,5438.2,860.7,868.7,871.7,861.7,195.3,196.7,200.0,201.0,4.76,82.6,5.045,9.7,1.132,0,nominal,0,0.0,194.99,701977.1
23.0,takeoff_climb,95.95328142380423,818.6874304783091,31.5817575083426,5428.7,860.4,869.0,870.9,862.1,195.8,197.0,200.0,201.3,4.78,82.4,5.006,5436.9,860.6,868.6,871.6,861.6,195.4,196.8,200.1,201.1,4.76,82.6,5.043,9.7,1.132,0,nominal,0,0.0,194.99,701977.0
23.1,takeoff_climb,95.94438264738598,822.2469410456061,31.597330367074527,5435.4,858.1,870.4,873.0,864.2,194.5,197.7,199.7,200.8,4.76,82.8,5.068,5435.7,860.6,868.6,871.6,861.6,195.4,196.8,200.1,201.1,4.76,82.6,5.041,9.7,1.131,0,nominal,0,0.0,194.99,701976.9
23.2,takeoff_climb,95.93548387096774,825.8064516129032,31.612903225806452,5427.0,859.6,868.9,873.0,861.6,195.5,197.1,199.5,201.6,4.75,82.7,5.068,5434.4,860.6,868.6,871.6,861.6,195.4,196.9,200.2,201.2,4.76,82.6,5.039,9.6,1.131,0,nominal,0,0.0,194.99,701976.8
23.3,takeoff_climb,95.9265850945495,829.3659621802002,31.628476084538377,5424.7,860.6,870.6,870.5,862.2,195.4,197.1,201.1,201.7,4.76,83.1,4.993,5433.2,860.6,868.6,871.6,861.6,195.5,196.9,200.2,201.2,4.76,82.6,5.037,9.6,1.13,0,nominal,0,0.0,194.99,701976.7
23.4,takeoff_climb,95.91768631813126,832.9254727474972,31.6440489432703,5432.4,859.5,868.3,868.9,860.6,195.7,197.6,199.1,201.2,4.74,82.5,5.038,5432.0,860.6,868.6,871.6,861.6,195.5,197.0,200.3,201.3,4.76,82.6,5.035,9.6,1.13,0,nominal,0,0.0,194.99,701976.6
23.5,takeoff_climb,95.90878754171301,836.4849833147941,31.659621802002224,5437.8,861.6,868.5,872.2,860.7,194.9,196.1,200.2,202.1,4.74,82.4,5.063,5430.7,860.6,868.6,871.6,861.6,195.6,197.0,200.3,201.3,4.76,82.6,5.033,9.6,1.13,0,nominal,0,0.0,194.99,701976.5
23.6,takeoff_climb,95.89988876529478,840.0444938820912,31.67519466073415,5430.8,859.0,868.8,872.2,862.5,195.5,196.9,199.9,202.0,4.74,82.5,5.059,5429.5,860.6,868.6,871.6,861.6,195.6,197.1,200.4,201.4,4.76,82.6,5.032,9.5,1.129,0,nominal,0,0.0,194.99,701976.4
23.7,takeoff_climb,95.89098998887653,843.6040044493882,31.690767519466075,5432.3,860.9,867.8,871.2,861.5,195.3,197.9,200.9,201.6,4.76,82.5,5.055,5428.2,860.6,868.6,871.6,861.6,195.7,197.1,200.4,201.4,4.76,82.6,5.03,9.5,1.129,0,nominal,0,0.0,194.99,701976.3
23.8,takeoff_climb,95.88209121245829,847.1635150166851,31.706340378197996,5424.7,863.5,871.4,872.5,861.4,194.5,197.9,200.9,202.1,4.78,81.0,5.029,5427.0,860.6,868.6,871.6,861.6,195.7,197.2,200.5,201.5,4.76,82.6,5.028,9.5,1.128,0,nominal,0,0.0,194.99,701976.2
23.9,takeoff_climb,95.87319243604004,850.7230255839821,31.72191323692992,5426.4,861.6,868.2,872.6,862.8,196.1,197.1,200.4,202.1,4.77,82.4,5.101,5425.7,860.6,868.6,871.6,861.6,195.8,197.2,200.5,201.5,4.76,82.6,5.026,9.5,1.128,0,nominal,0,0.0,194.99,701976.1
24.0,takeoff_climb,95.86429365962181,854.2825361512791,31.737486095661847,5420.8,859.8,869.7,870.9,861.4,196.6,197.2,199.4,202.4,4.74,82.7,5.021,5424.5,860.6,868.6,871.6,861.6,195.8,197.2,200.5,201.5,4.76,82.6,5.024,9.4,1.128,0,nominal,0,0.0,194.99,701976.0
24.1,takeoff_climb,95.85539488320356,857.8420467185762,31.753058954393772,5412.3,861.0,866.3,872.7,859.7,196.7,198.4,199.8,201.7,4.75,81.5,4.983,5423.2,860.6,868.6,871.6,861.6,195.9,197.3,200.6,201.6,4.76,82.6,5.022,9.4,1.127,0,nominal,0,0.0,194.99,701975.9
24.2,takeoff_climb,95.84649610678532,861.4015572858732,31.768631813125694,5423.5,861.0,868.7,871.5,861.6,195.9,197.4,200.7,201.7,4.79,82.4,4.967,5422.0,860.6,868.6,871.6,861.6,195.9,197.3,200.6,201.6,4.76,82.6,5.02,9.4,1.127,0,nominal,0,0.0,194.99,701975.8
24.3,takeoff_climb,95.83759733036707,864.9610678531701,31.78420467185762,5417.1,860.9,868.8,873.1,862.9,194.9,197.6,200.7,200.6,4.74,83.2,5.043,5420.7,860.6,868.6,871.6,861.6,195.9,197.4,200.7,201.7,4.76,82.6,5.018,9.4,1.126,0,nominal,0,0.0,194.99,701975.7
24.4,takeoff_climb,95.82869855394883,868.5205784204671,31.799777530589544,5417.1,857.6,867.7,871.1,864.0,195.8,197.7,200.1,202.2,4.72,83.1,5.024,5419.5,860.6,868.6,871.6,861.6,196.0,197.4,200.7,201.7,4.76,82.6,5.017,9.4,1.126,0,nominal,0,0.0,194.99,701975.6
24.5,takeoff_climb,95.81979977753059,872.0800889877642,31.815350389321466,5426.5,863.3,866.6,869.3,857.6,195.3,197.5,201.1,202.1,4.72,82.6,5.016,5418.3,860.6,868.6,871.6,861.6,196.0,197.5,200.8,201.8,4.76,82.7,5.015,9.3,1.126,0,nominal,0,0.0,194.99,701975.5
24.6,takeoff_climb,95.81090100111234,875.6395995550611,31.83092324805339,5421.3,861.4,869.5,871.5,860.3,195.9,196.8,201.2,202.0,4.78,82.2,5.03,5417.0,860.6,868.6,871.6,861.6,196.1,197.5,200.8,201.8,4.76,82.7,5.013,9.3,1.125,0,nominal,0,0.0,194.99,701975.4
24.7,takeoff_climb,95.8020022246941,879.1991101223581,31.846496106785317,5416.5,859.2,868.1,869.3,861.6,195.9,197.4,201.3,201.4,4.75,83.7,5.009,5415.8,860.6,868.6,871.6,861.6,196.1,197.5,200.9,201.9,4.76,82.7,5.011,9.3,1.125,0,nominal,0,0.0,194.99,701975.3
24.8,takeoff_climb,95.79310344827586,882.7586206896551,31.862068965517242,5416.2,856.4,869.1,870.2,861.4,196.3,196.4,201.1,202.1,4.79,82.9,4.979,5414.5,860.6,868.6,871.6,861.6,196.1,197.6,200.9,201.9,4.76,82.7,5.009,9.3,1.125,0,nominal,0,0.0,194.99,701975.2
24.9,takeoff_climb,95.78420467185762,886.3181312569521,31.877641824249167,5409.9,861.7,865.5,871.0,860.5,196.3,197.8,200.7,202.8,4.71,82.3,5.023,5413.3,860.5,868.5,871.5,861.5,196.2,197.6,200.9,201.9,4.76,82.7,5.007,9.2,1.124,0,nominal,0,0.0,194.99,701975.1
25.0,takeoff_climb,95.77530589543937,889.8776418242492,31.89321468298109,5406.6,857.6,870.8,870.9,860.7,196.3,198.0,201.2,201.7,4.77,82.0,5.014,5412.0,860.5,868.5,871.5,861.5,196.2,197.7,201.0,202.0,4.75,82.7,5.005,9.2,1.124,0,nominal,0,0.0,194.99,701975.0
25.1,takeoff_climb,95.76640711902114,893.4371523915461,31.908787541713014,5411.1,859.5,868.0,870.6,862.4,196.4,198.6,200.8,201.7,4.77,82.4,4.958,5410.8,860.5,868.5,871.5,861.5,196.3,197.7,201.0,202.0,4.75,82.7,5.003,9.2,1.123,0,nominal,0,0.0,194.99,701974.9
25.2,takeoff_climb,95.75750834260289,896.9966629588431,31.92436040044494,5407.5,860.1,867.7,872.3,862.7,197.3,198.9,202.4,202.1,4.74,82.2,5.022,5409.6,860.5,868.5,871.5,861.5,196.3,197.7,201.1,202.1,4.75,82.7,5.002,9.2,1.123,0,nominal,0,0.0,194.99,701974.8
25.3,takeoff_climb,95.74860956618465,900.5561735261401,31.93993325917686,5411.0,860.1,866.1,871.1,860.1,196.0,198.3,200.0,202.2,4.72,83.0,4.938,5408.3,860.5,868.5,871.5,861.5,196.3,197.8,201.1,202.1,4.75,82.7,5.0,9.1,1.123,0,nominal,0,0.0,194.99,701974.7
25.4,takeoff_climb,95.7397107897664,904.115684093437,31.955506117908786,5408.7,859.7,867.3,870.1,863.5,196.3,198.7,201.4,202.0,4.76,82.4,4.975,5407.1,860.5,868.5,871.5,861.5,196.4,197.8,201.1,202.1,4.75,82.7,4.998,9.1,1.122,0,nominal,0,0.0,194.99,701974.6
25.5,takeoff_climb,95.73081201334817,907.6751946607341,31.97107897664071,5408.4,861.4,869.4,873.1,862.4,197.4,197.7,200.6,202.3,4.76,82.8,5.003,5405.8,860.5,868.5,871.5,861.5,196.4,197.9,201.2,202.2,4.75,82.7,4.996,9.1,1.122,0,nominal,0,0.0,194.99,701974.5
25.6,takeoff_climb,95.72191323692992,911.2347052280311,31.986651835372637,5406.7,862.1,870.5,872.6,862.8,196.1,199.0,202.4,202.2,4.69,82.6,4.981,5404.6,860.5,868.5,871.5,861.5,196.5,197.9,201.2,202.2,4.75,82.7,4.994,9.1,1.121,0,nominal,0,0.0,194.99,701974.4
25.7,takeoff_climb,95.71301446051169,914.7942157953281,32.00222469410456,5410.0,857.1,869.3,868.5,860.0,194.9,197.9,200.9,201.7,4.74,82.8,4.955,5403.4,860.5,868.5,871.5,861.5,196.5,197.9,201.3,202.3,4.75,82.7,4.992,9.1,1.121,0,nominal,0,0.0,194.99,701974.3
25.8,takeoff_climb,95.70411568409344,918.3537263626251,32.017797552836484,5407.1,859.8,869.9,869.2,861.8,195.7,198.8,201.0,202.3,4.78,83.1,4.969,5402.1,860.5,868.5,871.5,861.5,196.5,198.0,201.3,202.3,4.75,82.7,4.99,9.0,1.121,0,nominal,0,0.0,194.99,701974.2
25.9,takeoff_climb,95.69521690767519,921.913236929922,32.03337041156841,5407.1,861.1,868.2,871.6,861.7,196.9,198.2,202.1,202.6,4.74,82.1,4.965,5400.9,860.5,868.5,871.5,861.5,196.6,198.0,201.3,202.3,4.75,82.7,4.988,9.0,1.12,0,nominal,0,0.0,194.99,701974.1
26.0,takeoff_climb,95.68631813125695,925.4727474972191,32.048943270300335,5408.8,859.4,867.9,870.3,862.1,198.1,198.2,201.4,200.7,4.74,81.5,4.979,5399.6,860.5,868.5,871.5,861.5,196.6,198.1,201.4,202.4,4.75,82.7,4.987,9.0,1.12,0,nominal,0,0.0,194.99,701974.0
26.1,takeoff_climb,95.6774193548387,929.0322580645161,32.064516129032256,5394.2,859.8,869.1,869.7,862.4,196.8,198.3,201.0,202.6,4.71,82.1,4.989,5398.4,860.5,868.5,871.5,861.5,196.6,198.1,201.4,202.4,4.75,82.7,4.985,9.0,1.119,0,nominal,0,0.0,194.99,701973.9
26.2,takeoff_climb,95.66852057842047,932.591768631813,32.080088987764185,5398.0,861.6,866.9,872.2,860.6,196.0,198.4,201.2,202.5,4.77,83.3,4.975,5397.2,860.5,868.5,871.5,861.5,196.7,198.1,201.5,202.5,4.75,82.7,4.983,8.9,1.119,0,nominal,0,0.0,194.99,701973.8
26.3,takeoff_climb,95.65962180200222,936.15127919911,32.09566184649611,5397.3,858.8,867.3,870.0,860.3,196.9,198.5,201.5,202.3,4.77,82.4,5.004,5395.9,860.5,868.5,871.5,861.5,196.7,198.2,201.5,202.5,4.75,82.7,4.981,8.9,1.119,0,nominal,0,0.0,194.99,701973.7
26.4,takeoff_climb,95.65072302558399,939.7107897664071,32.11123470522803,5396.6,860.4,868.7,872.9,862.3,196.9,198.2,202.4,202.5,4.76,83.6,5.004,5394.7,860.5,868.5,871.5,861.5,196.8,198.2,201.5,202.5,4.75,82.7,4.979,8.9,1.118,0,nominal,0,0.0,194.99,701973.6
26.5,takeoff_climb,95.64182424916574,943.2703003337041,32.12680756395996,5392.4,858.1,868.5,871.1,862.2,196.7,197.0,200.7,202.9,4.72,82.0,5.004,5393.5,860.5,868.5,871.5,861.5,196.8,198.2,201.6,202.6,4.75,82.7,4.977,8.9,1.118,0,nominal,0,0.0,194.99,701973.5
26.6,takeoff_climb,95.6329254727475,946.8298109010011,32.14238042269188,5389.8,859.3,869.6,870.6,860.2,196.9,196.8,202.5,202.9,4.78,82.4,5.01,5392.2,860.5,868.5,871.5,861.5,196.8,198.3,201.6,202.6,4.75,82.7,4.975,8.8,1.117,0,nominal,0,0.0,194.99,701973.4
26.7,takeoff_climb,95.62402669632925,950.389321468298,32.1579532814238,5397.8,858.6,865.4,872.8,861.1,196.3,198.4,201.6,203.1,4.78,83.2,4.967,5391.0,860.5,868.5,871.5,861.5,196.9,198.3,201.6,202.6,4.75,82.7,4.973,8.8,1.117,0,nominal,0,0.0,194.99,701973.3
26.8,takeoff_climb,95.61512791991102,953.948832035595,32.17352614015573,5389.6,859.7,867.5,872.1,860.2,196.7,198.8,200.3,202.3,4.74,83.2,5.005,5389.7,860.4,868.4,871.4,861.4,196.9,198.3,201.7,202.7,4.75,82.7,4.972,8.8,1.117,0,nominal,0,0.0,194.99,701973.2
26.9,takeoff_climb,95.60622914349277,957.5083426028921,32.18909899888765,5391.3,859.0,869.8,871.8,860.0,196.1,199.1,200.5,203.4,4.72,82.8,4.988,5388.5,860.4,868.4,871.4,861.4,196.9,198.4,201.7,202.7,4.75,82.7,4.97,8.8,1.116,0,nominal,0,0.0,194.99,701973.1
27.0,takeoff_climb,95.59733036707453,961.067853170189,32.20467185761958,5389.1,861.1,865.7,869.3,864.6,197.6,197.7,201.2,201.8,4.78,82.5,4.963,5387.3,860.4,868.4,871.4,861.4,197.0,198.4,201.8,202.8,4.75,82.7,4.968,8.8,1.116,0,nominal,0,0.0,194.99,701973.0
27.1,takeoff_climb,95.58843159065628,964.627363737486,32.2202447163515,5398.8,860.6,870.5,872.9,860.0,197.0,198.3,201.6,203.0,4.74,83.4,4.976,5386.0,860.4,868.4,871.4,861.4,197.0,198.4,201.8,202.8,4.75,82.7,4.966,8.7,1.116,0,nominal,0,0.0,194.99,701972.9
27.2,takeoff_climb,95.57953281423804,968.186874304783,32.23581757508342,5393.3,862.4,870.2,872.1,861.5,197.2,198.2,202.5,202.6,4.76,83.4,4.925,5384.8,860.4,868.4,871.4,861.4,197.0,198.5,201.8,202.8,4.75,82.7,4.964,8.7,1.115,0,nominal,0,0.0,194.99,701972.8
27.3,takeoff_climb,95.5706340378198,971.7463848720801,32.25139043381535,5390.6,857.7,869.6,868.8,861.4,197.0,198.6,202.0,203.3,4.74,81.6,4.935,5383.6,860.4,868.4,871.4,861.4,197.1,198.5,201.9,202.9,4.75,82.7,4.962,8.7,1.115,0,nominal,0,0.0,194.99,701972.7
27.4,takeoff_climb,95.56173526140155,975.3058954393771,32.266963292547274,5383.1,858.5,868.9,872.4,863.0,196.5,198.2,202.6,202.6,4.77,83.0,4.926,5382.3,860.4,868.4,871.4,861.4,197.1,198.5,201.9,202.9,4.75,82.7,4.96,8.7,1.114,0,nominal,0,0.0,194.99,701972.6
27.5,takeoff_climb,95.55283648498332,978.865406006674,32.2825361512792,5384.9,862.2,869.6,871.8,861.8,197.5,199.1,201.7,203.1,4.71,82.6,4.953,5381.1,860.4,868.4,871.4,861.4,197.1,198.6,201.9,202.9,4.75,82.7,4.959,8.6,1.114,0,nominal,0,0.0,194.99,701972.5
27.6,takeoff_climb,95.54393770856507,982.424916573971,32.298109010011125,5368.5,862.7,867.6,873.0,862.6,198.3,198.8,202.2,202.7,4.73,83.0,4.976,5379.9,860.4,868.4,871.4,861.4,197.2,198.6,202.0,203.0,4.75,82.7,4.957,8.6,1.114,0,nominal,0,0.0,194.99,701972.4
27.7,takeoff_climb,95.53503893214683,985.984427141268,32.313681868743046,5385.7,861.9,868.8,870.9,862.5,197.0,198.9,200.9,202.8,4.71,82.7,4.956,5378.6,860.4,868.4,871.4,861.4,197.2,198.6,202.0,203.0,4.75,82.7,4.955,8.6,1.113,0,nominal,0,0.0,194.99,701972.3
27.8,takeoff_climb,95.52614015572858,989.543937708565,32.329254727474975,5377.8,859.8,870.9,870.7,859.9,197.1,198.9,202.3,202.5,4.75,82.5,5.029,5377.4,860.4,868.4,871.4,861.4,197.2,198.7,202.0,203.0,4.75,82.7,4.953,8.6,1.113,0,nominal,0,0.0,194.99,701972.2
27.9,takeoff_climb,95.51724137931035,993.103448275862,32.3448275862069,5385.9,861.6,868.3,872.9,861.2,196.9,198.9,200.9,202.9,4.77,82.8,4.95,5376.2,860.4,868.4,871.4,861.4,197.2,198.7,202.1,203.1,4.75,82.7,4.951,8.5,1.112,0,nominal,0,0.0,194.99,701972.1
28.0,takeoff_climb,95.5083426028921,996.662958843159,32.36040044493882,5377.9,859.7,866.6,874.4,859.7,197.5,198.1,202.4,202.6,4.81,83.7,4.945,5374.9,860.4,868.4,871.4,861.4,197.3,198.7,202.1,203.1,4.75,82.7,4.949,8.5,1.112,0,nominal,0,0.0,194.99,701972.0
28.1,takeoff_climb,95.49944382647386,1000.222469410456,32.37597330367075,5376.5,861.3,866.7,870.7,860.1,197.8,198.4,202.3,204.2,4.79,82.7,4.935,5373.7,860.4,868.4,871.4,861.4,197.3,198.8,202.1,203.1,4.75,82.7,4.947,8.5,1.112,0,nominal,0,0.0,194.99,701971.9
28.2,takeoff_climb,95.49054505005562,1003.781979977753,32.39154616240267,5372.1,856.5,868.3,871.3,860.4,197.3,197.4,203.0,202.5,4.73,82.5,4.917,5372.5,860.4,868.4,871.4,861.4,197.3,198.8,202.1,203.1,4.75,82.7,4.946,8.5,1.111,0,nominal,0,0.0,194.99,701971.8
28.3,takeoff_climb,95.48164627363738,1007.34149054505,32.40711902113459,5371.9,860.7,866.8,870.4,861.5,197.4,199.7,202.8,202.9,4.71,82.7,4.945,5371.2,860.4,868.4,871.4,861.4,197.4,198.8,202.2,203.2,4.75,82.7,4.944,8.5,1.111,0,nominal,0,0.0,194.99,701971.7
28.4,takeoff_climb,95.47274749721913,1010.901001112347,32.42269187986652,5369.2,861.6,867.6,872.3,860.6,197.2,198.8,201.9,202.4,4.75,82.5,4.951,5370.0,860.4,868.4,871.4,861.4,197.4,198.8,202.2,203.2,4.75,82.7,4.942,8.4,1.11,0,nominal,0,0.0,194.99,701971.6
28.5,takeoff_climb,95.46384872080088,1014.460511679644,32.43826473859844,5378.9,860.2,867.7,870.7,863.1,197.9,197.2,201.9,203.1,4.75,82.8,4.982,5368.8,860.4,868.4,871.4,861.4,197.4,198.9,202.2,203.2,4.75,82.7,4.94,8.4,1.11,0,nominal,0,0.0,194.99,701971.5
28.6,takeoff_climb,95.45494994438265,1018.0200222469409,32.45383759733036,5363.2,859.1,866.8,870.5,861.2,197.4,198.9,202.7,202.7,4.76,83.8,4.933,5367.5,860.4,868.4,871.4,861.4,197.5,198.9,202.3,203.3,4.75,82.7,4.938,8.4,1.11,0,nominal,0,0.0,194.99,701971.4
28.7,takeoff_climb,95.4460511679644,1021.579532814238,32.46941045606229,5371.5,859.2,869.0,869.0,863.9,196.8,198.7,201.6,203.6,4.73,82.5,4.957,5366.3,860.3,868.3,871.3,861.3,197.5,198.9,202.3,203.3,4.75,82.7,4.936,8.4,1.109,0,nominal,0,0.0,194.99,701971.3
28.8,takeoff_climb,95.43715239154616,1025.139043381535,32.48498331479421,5363.1,859.3,868.2,871.7,861.2,197.8,199.5,202.1,203.3,4.73,82.4,4.923,5365.1,860.3,868.3,871.3,861.3,197.5,199.0,202.3,203.3,4.75,82.7,4.935,8.3,1.109,0,nominal,0,0.0,194.99,701971.2
28.9,takeoff_climb,95.42825361512791,1028.698553948832,32.50055617352614,5360.1,859.8,871.0,872.1,861.4,197.1,199.5,203.3,202.1,4.69,82.9,4.976,5363.8,860.3,868.3,871.3,861.3,197.5,199.0,202.4,203.4,4.75,82.7,4.933,8.3,1.109,0,nominal,0,0.0,194.99,701971.1
29.0,takeoff_climb,95.41935483870968,1032.258064516129,32.516129032258064,5366.9,858.3,868.5,872.2,860.9,198.0,198.4,203.1,202.4,4.74,83.1,4.961,5362.6,860.3,868.3,871.3,861.3,197.6,199.0,202.4,203.4,4.75,82.7,4.931,8.3,1.108,0,nominal,0,0.0,194.99,701971.0
29.1,takeoff_climb,95.41045606229143,1035.817575083426,32.531701890989986,5361.1,860.5,870.1,871.6,859.8,197.7,200.1,202.2,204.0,4.76,83.0,4.98,5361.4,860.3,868.3,871.3,861.3,197.6,199.0,202.4,203.4,4.75,82.7,4.929,8.3,1.108,0,nominal,0,0.0,194.99,701970.9
29.2,takeoff_climb,95.4015572858732,1039.377085650723,32.547274749721915,5368.2,859.3,869.0,871.2,861.5,197.3,200.6,201.7,203.4,4.74,81.8,4.929,5360.2,860.3,868.3,871.3,861.3,197.6,199.1,202.4,203.4,4.75,82.7,4.927,8.2,1.107,0,nominal,0,0.0,194.99,701970.8
29.3,takeoff_climb,95.39265850945495,1042.93659621802,32.562847608453836,5354.9,860.0,870.0,870.1,862.5,197.7,199.7,201.4,204.0,4.72,83.3,4.932,5358.9,860.3,868.3,871.3,861.3,197.6,199.1,202.5,203.5,4.75,82.7,4.925,8.2,1.107,0,nominal,0,0.0,194.99,701970.7
29.4,takeoff_climb,95.38375973303671,1046.496106785317,32.578420467185765,5359.9,858.9,868.1,873.0,862.6,198.1,198.9,202.0,202.5,4.76,82.1,4.937,5357.7,860.3,868.3,871.3,861.3,197.7,199.1,202.5,203.5,4.75,82.7,4.923,8.2,1.107,0,nominal,0,0.0,194.99,701970.6
29.5,takeoff_climb,95.37486095661846,1050.055617352614,32.59399332591769,5358.8,861.5,870.4,870.3,861.0,198.8,199.1,202.4,203.4,4.71,82.5,4.946,5356.5,860.3,868.3,871.3,861.3,197.7,199.2,202.5,203.5,4.75,82.7,4.922,8.2,1.106,0,nominal,0,0.0,194.99,701970.5
29.6,takeoff_climb,95.36596218020023,1053.615127919911,32.60956618464961,5371.2,859.0,871.7,871.1,861.6,197.5,199.1,202.5,204.5,4.75,83.0,4.938,5355.2,860.3,868.3,871.3,861.3,197.7,199.2,202.6,203.6,4.75,82.7,4.92,8.2,1.106,0,nominal,0,0.0,194.99,701970.4
29.7,takeoff_climb,95.35706340378198,1057.1746384872079,32.62513904338154,5355.0,858.6,867.2,870.5,860.4,197.9,199.9,201.6,202.8,4.71,83.1,4.926,5354.0,860.3,868.3,871.3,861.3,197.8,199.2,202.6,203.6,4.75,82.7,4.918,8.1,1.105,0,nominal,0,0.0,194.99,701970.3
29.8,takeoff_climb,95.34816462736374,1060.734149054505,32.64071190211346,5352.1,859.7,867.6,870.0,857.8,198.5,198.3,202.2,203.7,4.71,82.3,4.871,5352.8,860.3,868.3,871.3,861.3,197.8,199.2,202.6,203.6,4.75,82.7,4.916,8.1,1.105,0,nominal,0,0.0,194.99,701970.2
29.9,takeoff_climb,95.3392658509455,1064.293659621802,32.65628476084538,5357.3,859.4,867.9,873.2,860.5,198.6,199.5,203.1,203.2,4.72,81.9,4.97,5351.6,860.3,868.3,871.3,861.3,197.8,199.3,202.6,203.6,4.75,82.7,4.914,8.1,1.105,0,nominal,0,0.0,194.99,701970.1
30.0,takeoff_climb,95.33036707452726,1067.8531701890988,32.67185761957731,5353.2,857.7,867.1,871.6,860.6,197.8,198.4,203.6,202.5,4.76,83.8,4.944,5350.3,860.3,868.3,871.3,861.3,197.8,199.3,202.7,203.7,4.75,82.7,4.912,8.1,1.104,0,nominal,0,0.0,194.99,701970.0
30.1,takeoff_climb,95.32146829810901,1071.412680756396,32.68743047830923,5346.9,861.3,869.5,871.6,859.7,198.3,199.2,203.2,203.1,4.73,82.9,4.924,5349.1,860.3,868.3,871.3,861.3,197.9,199.3,202.7,203.7,4.75,82.7,4.911,8.0,1.104,0,nominal,0,0.0,194.99,701969.9
30.2,takeoff_climb,95.31256952169076,1074.9721913236929,32.70300333704115,5338.1,859.4,868.8,871.7,862.5,198.1,199.6,202.2,203.6,4.72,83.1,4.909,5347.9,860.3,868.3,871.3,861.3,197.9,199.3,202.7,203.7,4.75,82.7,4.909,8.0,1.103,0,nominal,0,0.0,194.99,701969.8
30.3,takeoff_climb,95.30367074527253,1078.53170189099,32.71857619577308,5354.2,862.8,870.0,870.0,859.3,197.4,198.6,202.6,204.0,4.77,82.8,4.945,5346.7,860.3,868.3,871.3,861.3,197.9,199.4,202.7,203.7,4.75,82.7,4.907,8.0,1.103,0,nominal,0,0.0,194.99,701969.7
30.4,takeoff_climb,95.29477196885428,1082.091212458287,32.734149054505004,5351.1,861.3,868.0,870.3,860.2,197.7,199.1,202.6,203.7,4.76,82.5,4.906,5345.4,860.3,868.3,871.3,861.3,197.9,199.4,202.8,203.8,4.75,82.7,4.905,8.0,1.103,0,nominal,0,0.0,194.99,701969.6
30.5,takeoff_climb,95.28587319243604,1085.6507230255838,32.74972191323693,5353.7,860.8,870.7,869.7,861.7,198.7,199.3,202.9,203.6,4.72,83.0,4.887,5344.2,860.3,868.3,871.3,861.3,198.0,199.4,202.8,203.8,4.75,82.7,4.903,7.9,1.102,0,nominal,0,0.0,194.99,701969.5
30.6,takeoff_climb,95.2769744160178,1089.210233592881,32.765294771968854,5343.6,858.5,868.8,871.5,860.0,196.8,199.5,202.0,203.6,4.72,83.1,4.88,5343.0,860.2,868.2,871.2,861.2,198.0,199.4,202.8,203.8,4.75,82.7,4.901,7.9,1.102,0,nominal,0,0.0,194.99,701969.4
30.7,takeoff_climb,95.26807563959956,1092.7697441601779,32.780867630700776,5341.4,858.9,868.2,872.5,861.1,197.9,199.5,202.3,203.5,4.76,82.2,4.911,5341.8,860.2,868.2,871.2,861.2,198.0,199.5,202.8,203.8,4.74,82.7,4.9,7.9,1.102,0,nominal,0,0.0,194.99,701969.3
30.8,takeoff_climb,95.25917686318131,1096.329254727475,32.796440489432705,5334.4,861.2,869.6,869.1,861.8,197.3,199.0,203.3,203.1,4.73,82.2,4.895,5340.5,860.2,868.2,871.2,861.2,198.0,199.5,202.9,203.9,4.74,82.7,4.898,7.9,1.101,0,nominal,0,0.0,194.99,701969.2
30.9,takeoff_climb,95.25027808676307,1099.888765294772,32.812013348164626,5340.8,860.4,869.3,870.9,858.8,198.0,199.2,202.3,203.7,4.76,82.1,4.899,5339.3,860.2,868.2,871.2,861.2,198.0,199.5,202.9,203.9,4.74,82.7,4.896,7.9,1.101,0,nominal,0,0.0,194.99,701969.1
31.0,takeoff_climb,95.24137931034483,1103.4482758620688,32.827586206896555,5331.6,858.8,867.8,872.1,860.1,197.7,199.1,203.6,204.6,4.76,81.9,4.933,5338.1,860.2,868.2,871.2,861.2,198.1,199.5,202.9,203.9,4.74,82.7,4.894,7.8,1.1,0,nominal,0,0.0,194.99,701969.0
31.1,takeoff_climb,95.23248053392659,1107.007786429366,32.84315906562848,5334.3,859.7,866.3,869.9,862.8,198.2,199.7,203.1,203.1,4.73,82.9,4.919,5336.9,860.2,868.2,871.2,861.2,198.1,199.6,202.9,203.9,4.74,82.7,4.892,7.8,1.1,0,nominal,0,0.0,194.99,701968.9
31.2,takeoff_climb,95.22358175750834,1110.567296996663,32.8587319243604,5339.6,858.3,869.7,871.2,861.3,197.6,199.9,203.6,204.7,4.72,82.4,4.914,5335.6,860.2,868.2,871.2,861.2,198.1,199.6,203.0,204.0,4.74,82.7,4.89,7.8,1.1,0,nominal,0,0.0,194.99,701968.8
31.3,takeoff_climb,95.2146829810901,1114.1268075639598,32.87430478309233,5332.4,860.2,868.6,873.4,859.7,197.6,200.9,202.4,202.9,4.76,82.7,4.93,5334.4,860.2,868.2,871.2,861.2,198.1,199.6,203.0,204.0,4.74,82.7,4.889,7.8,1.099,0,nominal,0,0.0,194.99,701968.7
31.4,takeoff_climb,95.20578420467186,1117.686318131257,32.88987764182425,5332.3,861.1,867.9,870.2,863.3,198.0,199.4,202.4,204.1,4.76,83.2,4.899,5333.2,860.2,868.2,871.2,861.2,198.2,199.6,203.0,204.0,4.74,82.7,4.887,7.7,1.099,0,nominal,0,0.0,194.99,701968.6
31.5,takeoff_climb,95.19688542825361,1121.2458286985539,32.90545050055617,5339.2,861.1,867.3,871.4,859.5,198.6,200.0,202.5,202.7,4.75,82.9,4.87,5332.0,860.2,868.2,871.2,861.2,198.2,199.6,203.0,204.0,4.74,82.7,4.885,7.7,1.098,0,nominal,0,0.0,194.99,701968.5
31.6,takeoff_climb,95.18798665183537,1124.8053392658508,32.9210233592881,5327.4,859.6,867.1,870.7,863.4,198.1,199.2,202.5,203.9,4.68,82.5,4.858,5330.7,860.2,868.2,871.2,861.2,198.2,199.7,203.1,204.1,4.74,82.7,4.883,7.7,1.098,0,nominal,0,0.0,194.99,701968.4
31.7,takeoff_climb,95.17908787541712,1128.364849833148,32.93659621802002,5328.5,860.0,868.8,869.1,863.2,198.7,199.4,202.2,204.5,4.7,83.0,4.92,5329.5,860.2,868.2,871.2,861.2,198.2,199.7,203.1,204.1,4.74,82.7,4.881,7.7,1.098,0,nominal,0,0.0,194.99,701968.3
31.8,takeoff_climb,95.17018909899889,1131.9243604004448,32.95216907675194,5323.3,859.6,868.3,871.0,862.7,197.8,199.5,203.4,205.2,4.75,83.0,4.908,5328.3,860.2,868.2,871.2,861.2,198.2,199.7,203.1,204.1,4.74,82.7,4.879,7.6,1.097,0,nominal,0,0.0,194.99,701968.2
31.9,takeoff_climb,95.16129032258064,1135.483870967742,32.96774193548387,5329.5,859.8,866.6,869.6,861.5,199.1,200.6,203.0,204.6,4.79,82.5,4.852,5327.1,860.2,868.2,871.2,861.2,198.3,199.7,203.1,204.1,4.74,82.7,4.878,7.6,1.097,0,nominal,0,0.0,194.99,701968.1
32.0,takeoff_climb,95.1523915461624,1139.0433815350389,32.983314794215794,5326.6,860.6,864.8,871.9,859.1,199.9,200.3,203.7,204.2,4.78,82.6,4.864,5325.9,860.2,868.2,871.2,861.2,198.3,199.8,203.2,204.2,4.74,82.7,4.876,7.6,1.097,0,nominal,0,0.0,194.99,701968.0
32.1,takeoff_climb,95.14349276974416,1142.6028921023358,32.99888765294772,5322.2,858.2,868.8,871.7,858.8,197.8,200.1,203.8,203.6,4.77,82.3,4.859,5324.6,860.2,868.2,871.2,861.2,198.3,199.8,203.2,204.2,4.74,82.7,4.874,7.6,1.096,0,nominal,0,0.0,194.99,701967.9
32.2,takeoff_climb,95.13459399332592,1146.162402669633,33.014460511679644,5320.2,859.4,870.8,871.9,862.9,197.8,200.6,201.5,204.9,4.73,83.0,4.877,5323.4,860.2,868.2,871.2,861.2,198.3,199.8,203.2,204.2,4.74,82.7,4.872,7.5,1.096,0,nominal,0,0.0,194.99,701967.8
32.3,takeoff_climb,95.12569521690767,1149.7219132369298,33.030033370411566,5323.8,861.3,870.1,868.8,862.5,198.3,200.6,203.7,204.3,4.79,83.2,4.861,5322.2,860.2,868.2,871.2,861.2,198.3,199.8,203.2,204.2,4.74,82.7,4.87,7.5,1.095,0,nominal,0,0.0,194.99,701967.7
32.4,takeoff_climb,95.11679644048944,1153.281423804227,33.045606229143495,5327.2,860.0,868.8,869.7,859.1,199.1,199.3,203.6,204.0,4.74,83.0,4.851,5321.0,860.2,868.2,871.2,861.2,198.4,199.8,203.2,204.2,4.74,82.7,4.868,7.5,1.095,0,nominal,0,0.0,194.99,701967.6
32.5,takeoff_climb,95.10789766407119,1156.8409343715239,33.061179087875416,5320.5,860.4,868.8,871.5,861.7,198.5,200.3,203.9,203.5,4.71,82.4,4.852,5319.8,860.1,868.1,871.1,861.1,198.4,199.9,203.3,204.3,4.74,82.7,4.867,7.5,1.095,0,nominal,0,0.0,194.99,701967.5
32.6,takeoff_climb,95.09899888765295,1160.4004449388208,33.076751946607345,5315.9,858.9,867.4,873.5,863.6,198.5,200.4,202.3,205.2,4.73,82.5,4.886,5318.5,860.1,868.1,871.1,861.1,198.4,199.9,203.3,204.3,4.74,82.7,4.865,7.5,1.094,0,nominal,0,0.0,194.99,701967.4
32.7,takeoff_climb,95.0901001112347,1163.959955506118,33.09232480533927,5320.7,860.1,869.1,871.5,860.9,198.5,199.9,203.8,205.2,4.78,82.9,4.849,5317.3,860.1,868.1,871.1,861.1,198.4,199.9,203.3,204.3,4.74,82.7,4.863,7.4,1.094,0,nominal,0,0.0,194.99,701967.3
32.8,takeoff_climb,95.08120133481646,1167.5194660734148,33.10789766407119,5317.9,861.4,865.6,871.5,862.3,198.0,200.9,202.7,204.7,4.76,82.9,4.854,5316.1,860.1,868.1,871.1,861.1,198.4,199.9,203.3,204.3,4.74,82.6,4.861,7.4,1.093,0,nominal,0,0.0,194.99,701967.2
32.9,takeoff_climb,95.07230255839822,1171.0789766407117,33.12347052280312,5320.9,859.3,868.1,868.9,862.6,198.4,200.7,202.8,204.2,4.77,82.4,4.894,5314.9,860.1,868.1,871.1,861.1,198.5,199.9,203.3,204.3,4.74,82.6,4.859,7.4,1.093,0,nominal,0,0.0,194.99,701967.1
33.0,takeoff_climb,95.06340378197997,1174.6384872080089,33.13904338153504,5314.0,859.3,869.2,870.5,862.9,198.6,199.1,202.6,204.2,4.74,82.8,4.821,5313.7,860.1,868.1,871.1,861.1,198.5,200.0,203.4,204.4,4.74,82.6,4.858,7.4,1.093,0,nominal,0,0.0,194.99,701967.0
33.1,takeoff_climb,95.05450500556174,1178.1979977753058,33.15461624026696,5311.2,861.6,866.8,871.0,860.9,197.6,200.1,204.0,204.6,4.73,82.5,4.826,5312.4,860.1,868.1,871.1,861.1,198.5,200.0,203.4,204.4,4.74,82.6,4.856,7.3,1.092,0,nominal,0,0.0,194.99,701966.9
33.2,takeoff_climb,95.04560622914349,1181.7575083426027,33.17018909899889,5313.1,861.0,866.6,873.3,862.6,198.5,200.3,204.4,203.9,4.76,82.7,4.875,5311.2,860.1,868.1,871.1,861.1,198.5,200.0,203.4,204.4,4.74,82.6,4.854,7.3,1.092,0,nominal,0,0.0,194.99,701966.8
33.3,takeoff_climb,95.03670745272525,1185.3170189098998,33.18576195773081,5309.3,862.4,869.1,872.6,859.9,198.1,199.8,203.5,204.9,4.72,82.8,4.828,5310.0,860.1,868.1,871.1,861.1,198.5,200.0,203.4,204.4,4.74,82.6,4.852,7.3,1.092,0,nominal,0,0.0,194.99,701966.7
33.4,takeoff_climb,95.027808676307,1188.8765294771968,33.20133481646273,5310.8,861.5,865.7,871.5,860.3,198.1,199.9,204.4,204.4,4.8,83.7,4.857,5308.8,860.1,868.1,871.1,861.1,198.6,200.0,203.4,204.4,4.74,82.6,4.85,7.3,1.091,0,nominal,0,0.0,194.99,701966.6
33.5,takeoff_climb,95.01890989988877,1192.436040044494,33.21690767519466,5309.3,859.3,868.8,872.1,861.9,199.3,200.6,203.0,203.7,4.73,82.6,4.791,5307.6,860.1,868.1,871.1,861.1,198.6,200.0,203.5,204.5,4.74,82.6,4.848,7.2,1.091,0,nominal,0,0.0,194.99,701966.5
33.6,takeoff_climb,95.01001112347052,1195.9955506117908,33.232480533926584,5306.8,858.9,870.3,872.8,861.4,198.5,199.7,202.7,204.0,4.78,82.8,4.807,5306.4,860.1,868.1,871.1,861.1,198.6,200.1,203.5,204.5,4.74,82.6,4.847,7.2,1.09,0,nominal,0,0.0,194.99,701966.4
33.7,takeoff_climb,95.00111234705228,1199.5550611790877,33.248053392658505,5313.8,859.5,867.4,872.9,859.8,198.5,200.0,204.1,205.1,4.75,82.2,4.875,5305.1,860.1,868.1,871.1,861.1,198.6,200.1,203.5,204.5,4.74,82.6,4.845,7.2,1.09,0,nominal,0,0.0,194.99,701966.3
33.8,takeoff_climb,94.99221357063404,1203.1145717463849,33.263626251390434,5303.7,862.4,865.6,869.9,860.0,199.7,200.2,203.4,203.8,4.72,83.3,4.867,5303.9,860.1,868.1,871.1,861.1,198.6,200.1,203.5,204.5,4.74,82.6,4.843,7.2,1.09,0,nominal,0,0.0,194.99,701966.2
33.9,takeoff_climb,94.9833147942158,1206.6740823136818,33.279199110122356,5314.0,860.0,866.5,871.9,863.6,198.7,200.5,202.9,205.2,4.73,82.6,4.862,5302.7,860.1,868.1,871.1,861.1,198.6,200.1,203.5,204.5,4.74,82.6,4.841,7.2,1.089,0,nominal,0,0.0,194.99,701966.1
34.0,takeoff_climb,94.97441601779755,1210.233592880979,33.294771968854285,5298.2,862.3,869.4,870.9,860.9,198.2,199.7,204.3,204.6,4.74,83.0,4.844,5301.5,860.1,868.1,871.1,861.1,198.7,200.1,203.6,204.6,4.74,82.6,4.839,7.1,1.089,0,nominal,0,0.0,194.99,701966.0
34.1,takeoff_climb,94.96551724137932,1213.7931034482758,33.310344827586206,5298.0,858.8,869.9,868.1,860.2,198.5,200.3,204.2,204.9,4.74,82.7,4.812,5300.3,860.1,868.1,871.1,861.1,198.7,200.2,203.6,204.6,4.74,82.6,4.838,7.1,1.088,0,nominal,0,0.0,194.99,701965.9
34.2,takeoff_climb,94.95661846496107,1217.3526140155727,33.32591768631813,5299.9,862.4,865.4,869.9,861.7,198.8,200.1,202.7,204.5,4.75,82.4,4.806,5299.1,860.1,868.1,871.1,861.1,198.7,200.2,203.6,204.6,4.74,82.6,4.836,7.1,1.088,0,nominal,0,0.0,194.99,701965.8
34.3,takeoff_climb,94.94771968854282,1220.9121245828699,33.34149054505006,5294.2,858.6,867.3,870.1,859.6,198.7,199.7,204.0,205.0,4.68,81.8,4.831,5297.9,860.0,868.0,871.0,861.0,198.7,200.2,203.6,204.6,4.74,82.6,4.834,7.1,1.088,0,nominal,0,0.0,194.99,701965.7
34.4,takeoff_climb,94.93882091212458,1224.4716351501668,33.35706340378198,5296.6,860.2,865.9,871.7,862.0,197.4,198.6,204.3,204.7,4.73,82.1,4.84,5296.6,860.0,868.0,871.0,861.0,198.7,200.2,203.6,204.6,4.74,82.6,4.832,7.0,1.087,0,nominal,0,0.0,194.99,701965.6
34.5,takeoff_climb,94.92992213570633,1228.0311457174637,33.37263626251391,5294.8,860.5,866.4,869.8,860.8,199.0,200.1,204.7,203.8,4.77,82.1,4.794,5295.4,860.0,868.0,871.0,861.0,198.7,200.2,203.6,204.6,4.74,82.6,4.83,7.0,1.087,0,nominal,0,0.0,194.99,701965.5
34.6,takeoff_climb,94.9210233592881,1231.5906562847608,33.38820912124583,5290.8,860.2,866.1,869.8,862.0,198.7,200.4,203.4,204.5,4.74,82.5,4.849,5294.2,860.0,868.0,871.0,861.0,198.8,200.2,203.7,204.7,4.74,82.6,4.829,7.0,1.087,0,nominal,0,0.0,194.99,701965.4
34.7,takeoff_climb,94.91212458286985,1235.1501668520577,33.40378197997775,5284.2,860.6,869.5,871.7,861.3,200.1,200.3,203.4,205.7,4.74,82.8,4.855,5293.0,860.0,868.0,871.0,861.0,198.8,200.3,203.7,204.7,4.74,82.6,4.827,7.0,1.086,0,nominal,0,0.0,194.99,701965.3
34.8,takeoff_climb,94.90322580645162,1238.7096774193546,33.41935483870968,5297.1,859.8,868.7,869.4,860.2,197.1,200.3,203.2,204.7,4.75,82.4,4.853,5291.8,860.0,868.0,871.0,861.0,198.8,200.3,203.7,204.7,4.74,82.6,4.825,6.9,1.086,0,nominal,0,0.0,194.99,701965.2
34.9,takeoff_climb,94.89432703003337,1242.2691879866518,33.4349276974416,5286.7,862.5,865.8,871.4,863.1,199.8,202.2,204.7,204.7,4.72,83.0,4.812,5290.6,860.0,868.0,871.0,861.0,198.8,200.3,203.7,204.7,4.74,82.6,4.823,6.9,1.085,0,nominal,0,0.0,194.99,701965.1
35.0,takeoff_climb,94.88542825361513,1245.8286985539487,33.45050055617352,5294.0,860.4,868.2,870.3,861.1,199.4,200.2,204.2,204.4,4.7,82.7,4.886,5289.4,860.0,868.0,871.0,861.0,198.8,200.3,203.7,204.7,4.74,82.6,4.821,6.9,1.085,0,nominal,0,0.0,194.99,701965.0
35.1,takeoff_climb,94.87652947719688,1249.3882091212458,33.46607341490545,5279.9,860.1,868.7,870.6,862.8,199.0,200.3,203.8,204.6,4.71,83.0,4.833,5288.2,860.0,868.0,871.0,861.0,198.8,200.3,203.7,204.7,4.74,82.5,4.819,6.9,1.085,0,nominal,0,0.0,194.99,701964.9
35.2,takeoff_climb,94.86763070077865,1252.9477196885427,33.481646273637374,5285.9,858.2,869.2,870.2,862.6,198.5,199.9,204.7,204.9,4.72,83.0,4.725,5286.9,860.0,868.0,871.0,861.0,198.9,200.3,203.8,204.8,4.74,82.5,4.818,6.9,1.084,0,nominal,0,0.0,194.99,701964.8
35.3,takeoff_climb,94.8587319243604,1256.5072302558397,33.497219132369295,5282.4,859.6,866.5,871.3,861.1,199.9,199.5,203.5,204.6,4.7,82.0,4.8,5285.7,860.0,868.0,871.0,861.0,198.9,200.3,203.8,204.8,4.74,82.5,4.816,6.8,1.084,0,nominal,0,0.0,194.99,701964.7
35.4,takeoff_climb,94.84983314794216,1260.0667408231368,33.512791991101224,5283.7,859.4,868.5,870.8,860.5,200.9,201.1,203.4,203.9,4.68,82.6,4.863,5284.5,860.0,868.0,871.0,861.0,198.9,200.4,203.8,204.8,4.74,82.5,4.814,6.8,1.084,0,nominal,0,0.0,194.99,701964.6
35.5,takeoff_climb,94.84093437152391,1263.6262513904337,33.528364849833146,5277.8,862.3,871.4,871.4,861.6,199.1,200.0,203.7,204.9,4.76,82.1,4.768,5283.3,860.0,868.0,871.0,861.0,198.9,200.4,203.8,204.8,4.74,82.5,4.812,6.8,1.083,0,nominal,0,0.0,194.99,701964.5
35.6,takeoff_climb,94.83203559510568,1267.1857619577308,33.543937708565075,5278.4,859.8,867.1,867.7,860.0,198.8,200.2,203.7,205.8,4.74,82.8,4.767,5282.1,860.0,868.0,871.0,861.0,198.9,200.4,203.8,204.8,4.74,82.5,4.81,6.8,1.083,0,nominal,0,0.0,194.99,701964.4
35.7,takeoff_climb,94.82313681868743,1270.7452725250278,33.559510567296996,5277.9,859.8,867.4,869.5,860.5,199.2,199.7,204.0,204.9,4.72,83.5,4.817,5280.9,860.0,868.0,871.0,861.0,198.9,200.4,203.8,204.8,4.74,82.5,4.809,6.7,1.082,0,nominal,0,0.0,194.99,701964.3
35.8,takeoff_climb,94.81423804226918,1274.3047830923247,33.57508342602892,5270.8,859.8,867.9,870.5,861.4,198.2,199.7,204.9,204.4,4.78,81.9,4.803,5279.7,860.0,868.0,871.0,861.0,198.9,200.4,203.8,204.8,4.74,82.5,4.807,6.7,1.082,0,nominal,0,0.0,194.99,701964.2
35.9,takeoff_climb,94.80533926585095,1277.8642936596218,33.59065628476085,5283.4,859.9,869.4,871.3,863.9,199.7,200.5,204.4,204.8,4.73,83.1,4.798,5278.5,860.0,868.0,871.0,861.0,199.0,200.4,203.9,204.9,4.74,82.5,4.805,6.7,1.082,0,nominal,0,0.0,194.99,701964.1
36.0,takeoff_climb,94.7964404894327,1281.4238042269187,33.60622914349277,5269.0,862.0,866.9,869.8,861.3,198.6,200.5,203.6,205.4,4.75,82.1,4.794,5277.3,860.0,868.0,871.0,861.0,199.0,200.5,203.9,204.9,4.74,82.5,4.803,6.7,1.081,0,nominal,0,0.0,194.99,701964.0
36.1,takeoff_climb,94.78754171301446,1284.9833147942156,33.6218020022247,5272.9,861.4,867.2,871.7,861.1,198.5,199.6,203.7,205.3,4.72,82.3,4.865,5276.0,859.9,867.9,870.9,860.9,199.0,200.5,203.9,204.9,4.74,82.5,4.801,6.6,1.081,0,nominal,0,0.0,194.99,701963.9
36.2,takeoff_climb,94.77864293659621,1288.5428253615128,33.63737486095662,5278.8,856.3,865.8,868.7,862.3,198.8,199.3,203.1,204.4,4.78,82.4,4.83,5274.8,859.9,867.9,870.9,860.9,199.0,200.5,203.9,204.9,4.74,82.5,4.8,6.6,1.08,0,nominal,0,0.0,194.99,701963.8
36.3,takeoff_climb,94.76974416017798,1292.1023359288097,33.65294771968854,5275.5,860.9,866.9,868.7,861.1,199.5,201.1,204.8,205.7,4.72,82.7,4.78,5273.6,859.9,867.9,870.9,860.9,199.0,200.5,203.9,204.9,4.74,82.5,4.798,6.6,1.08,0,nominal,0,0.0,194.99,701963.7
36.4,takeoff_climb,94.76084538375973,1295.6618464961066,33.66852057842047,5272.1,859.3,866.7,871.5,859.0,198.7,200.5,202.6,204.6,4.72,82.8,4.808,5272.4,859.9,867.9,870.9,860.9,199.0,200.5,203.9,204.9,4.74,82.5,4.796,6.6,1.08,0,nominal,0,0.0,194.99,701963.6
36.5,takeoff_climb,94.7519466073415,1299.2213570634037,33.68409343715239,5273.8,857.8,866.8,871.2,861.8,198.1,200.9,204.1,204.9,4.8,83.0,4.824,5271.2,859.9,867.9,870.9,860.9,199.0,200.5,203.9,204.9,4.74,82.5,4.794,6.6,1.079,0,nominal,0,0.0,194.99,701963.5
36.6,takeoff_climb,94.74304783092325,1302.7808676307006,33.69966629588431,5266.2,861.9,868.9,871.6,861.1,198.8,200.9,203.3,205.5,4.74,82.6,4.807,5270.0,859.9,867.9,870.9,860.9,199.1,200.5,204.0,205.0,4.74,82.5,4.792,6.5,1.079,0,nominal,0,0.0,194.99,701963.4
36.7,takeoff_climb,94.73414905450501,1306.3403781979978,33.71523915461624,5267.4,860.7,868.4,873.2,861.4,199.3,200.5,202.7,205.3,4.74,82.1,4.798,5268.8,859.9,867.9,870.9,860.9,199.1,200.5,204.0,205.0,4.74,82.5,4.791,6.5,1.079,0,nominal,0,0.0,194.99,701963.3
36.8,takeoff_climb,94.72525027808676,1309.8998887652947,33.730812013348164,5269.3,859.8,864.1,874.8,861.1,198.8,200.4,203.7,204.7,4.76,82.9,4.811,5267.6,859.9,867.9,870.9,860.9,199.1,200.6,204.0,205.0,4.74,82.4,4.789,6.5,1.078,0,nominal,0,0.0,194.99,701963.2
36.9,takeoff_climb,94.71635150166853,1313.4593993325916,33.746384872080085,5267.0,862.4,868.6,871.6,859.8,197.9,201.1,203.8,204.9,4.73,82.9,4.824,5266.4,859.9,867.9,870.9,860.9,199.1,200.6,204.0,205.0,4.74,82.4,4.787,6.5,1.078,0,nominal,0,0.0,194.99,701963.1
37.0,takeoff_climb,94.70745272525028,1317.0189098998887,33.761957730812014,5263.4,859.4,869.7,868.9,861.1,197.9,200.7,203.9,204.5,4.78,82.3,4.827,5265.2,859.9,867.9,870.9,860.9,199.1,200.6,204.0,205.0,4.74,82.4,4.785,6.4,1.077,0,nominal,0,0.0,194.99,701963.0
37.1,takeoff_climb,94.69855394883203,1320.5784204671857,33.777530589543936,5266.4,859.6,863.9,870.0,859.9,198.5,199.8,204.2,205.0,4.74,82.2,4.813,5264.0,859.9,867.9,870.9,860.9,199.1,200.6,204.0,205.0,4.74,82.4,4.783,6.4,1.077,0,nominal,0,0.0,194.99,701962.9
37.2,takeoff_climb,94.6896551724138,1324.1379310344828,33.793103448275865,5266.8,859.1,867.2,869.9,860.6,199.0,201.0,203.2,204.5,4.77,81.8,4.767,5262.8,859.9,867.9,870.9,860.9,199.1,200.6,204.0,205.0,4.74,82.4,4.782,6.4,1.077,0,nominal,0,0.0,194.99,701962.8
37.3,takeoff_climb,94.68075639599554,1327.6974416017797,33.80867630700779,5266.4,858.5,866.8,872.9,861.2,200.1,200.6,203.5,205.3,4.72,82.3,4.804,5261.6,859.9,867.9,870.9,860.9,199.1,200.6,204.1,205.1,4.74,82.4,4.78,6.4,1.076,0,nominal,0,0.0,194.99,701962.7
37.4,takeoff_climb,94.67185761957731,1331.2569521690766,33.82424916573971,5259.1,859.1,866.7,870.0,859.6,199.1,200.0,204.0,205.6,4.73,83.1,4.744,5260.4,859.9,867.9,870.9,860.9,199.2,200.6,204.1,205.1,4.74,82.4,4.778,6.3,1.076,0,nominal,0,0.0,194.99,701962.6
37.5,takeoff_climb,94.66295884315906,1334.8164627363738,33.83982202447164,5257.4,861.1,869.1,869.4,859.9,199.6,201.4,203.9,204.6,4.71,82.8,4.804,5259.2,859.9,867.9,870.9,860.9,199.2,200.6,204.1,205.1,4.74,82.4,4.776,6.3,1.076,0,nominal,0,0.0,194.99,701962.5
37.6,takeoff_climb,94.65406006674083,1338.3759733036707,33.85539488320356,5253.8,858.9,865.7,871.2,860.4,198.8,200.4,205.1,203.9,4.73,81.5,4.817,5258.0,859.9,867.9,870.9,860.9,199.2,200.7,204.1,205.1,4.74,82.4,4.775,6.3,1.075,0,nominal,0,0.0,194.99,701962.4
37.7,takeoff_climb,94.64516129032258,1341.9354838709676,33.87096774193549,5252.7,861.6,867.2,871.7,861.5,199.4,200.7,205.0,204.9,4.77,82.3,4.783,5256.7,859.9,867.9,870.9,860.9,199.2,200.7,204.1,205.1,4.74,82.4,4.773,6.3,1.075,0,nominal,0,0.0,194.99,701962.3
37.8,takeoff_climb,94.63626251390434,1345.4949944382647,33.88654060066741,5261.6,860.4,869.9,872.3,860.0,198.8,200.0,204.3,205.2,4.76,82.0,4.753,5255.5,859.9,867.9,870.9,860.9,199.2,200.7,204.1,205.1,4.74,82.4,4.771,6.3,1.074,0,nominal,0,0.0,194.99,701962.2
37.9,takeoff_climb,94.62736373748609,1349.0545050055616,33.90211345939933,5254.9,861.8,870.0,871.2,863.0,199.1,200.5,205.1,205.2,4.74,83.1,4.822,5254.3,859.8,867.8,870.8,860.8,199.2,200.7,204.1,205.1,4.74,82.4,4.769,6.2,1.074,0,nominal,0,0.0,194.99,701962.1
38.0,takeoff_climb,94.61846496106786,1352.6140155728585,33.91768631813126,5245.1,858.2,868.0,870.9,861.5,199.6,200.9,203.4,205.3,4.77,81.7,4.731,5253.1,859.8,867.8,870.8,860.8,199.2,200.7,204.1,205.1,4.74,82.4,4.767,6.2,1.074,0,nominal,0,0.0,194.99,701962.0
38.1,takeoff_climb,94.60956618464961,1356.1735261401557,33.93325917686318,5251.3,861.5,866.3,868.2,860.1,198.4,200.8,204.7,204.9,4.75,82.6,4.744,5251.9,859.8,867.8,870.8,860.8,199.2,200.7,204.2,205.2,4.74,82.4,4.766,6.2,1.073,0,nominal,0,0.0,194.99,701961.9
38.2,takeoff_climb,94.60066740823137,1359.7330367074526,33.9488320355951,5252.3,860.3,866.6,871.6,859.5,199.0,200.2,203.9,205.2,4.77,82.5,4.774,5250.7,859.8,867.8,870.8,860.8,199.3,200.7,204.2,205.2,4.74,82.4,4.764,6.2,1.073,0,nominal,0,0.0,194.99,701961.8
38.3,takeoff_climb,94.59176863181312,1363.2925472747497,33.96440489432703,5251.1,858.0,868.7,870.2,857.6,199.3,200.2,204.4,204.5,4.74,82.0,4.746,5249.5,859.8,867.8,870.8,860.8,199.3,200.7,204.2,205.2,4.74,82.3,4.762,6.1,1.073,0,nominal,0,0.0,194.99,701961.7
38.4,takeoff_climb,94.58286985539489,1366.8520578420466,33.979977753058954,5248.2,858.2,867.7,872.2,862.5,199.1,200.9,203.6,205.5,4.77,81.8,4.754,5248.3,859.8,867.8,870.8,860.8,199.3,200.8,204.2,205.2,4.74,82.3,4.76,6.1,1.072,0,nominal,0,0.0,194.99,701961.6
38.5,takeoff_climb,94.57397107897664,1370.4115684093435,33.995550611790875,5246.2,860.0,866.0,870.1,860.9,199.0,200.5,205.4,205.5,4.71,82.3,4.784,5247.1,859.8,867.8,870.8,860.8,199.3,200.8,204.2,205.2,4.74,82.3,4.758,6.1,1.072,0,nominal,0,0.0,194.99,701961.5
38.6,takeoff_climb,94.56507230255839,1373.9710789766407,34.011123470522804,5245.1,859.7,866.0,871.5,857.6,198.5,201.2,203.2,204.7,4.74,82.5,4.768,5245.9,859.8,867.8,870.8,860.8,199.3,200.8,204.2,205.2,4.74,82.3,4.757,6.1,1.071,0,nominal,0,0.0,194.99,701961.4
38.7,takeoff_climb,94.55617352614016,1377.5305895439376,34.026696329254726,5246.8,857.5,866.3,871.7,860.3,199.9,201.9,204.4,205.3,4.78,82.7,4.726,5244.7,859.8,867.8,870.8,860.8,199.3,200.8,204.2,205.2,4.74,82.3,4.755,6.0,1.071,0,nominal,0,0.0,194.99,701961.3
38.8,takeoff_climb,94.54727474972191,1381.0901001112347,34.04226918798665,5249.0,862.2,865.4,868.9,859.2,200.0,202.0,203.9,205.8,4.76,82.4,4.733,5243.5,859.8,867.8,870.8,860.8,199.3,200.8,204.2,205.2,4.74,82.3,4.753,6.0,1.071,0,nominal,0,0.0,194.99,701961.2
38.9,takeoff_climb,94.53837597330367,1384.6496106785316,34.05784204671858,5242.9,860.4,865.4,869.9,861.7,199.1,202.4,203.8,205.7,4.76,82.7,4.757,5242.3,859.8,867.8,870.8,860.8,199.3,200.8,204.2,205.2,4.74,82.3,4.751,6.0,1.07,0,nominal,0,0.0,194.99,701961.1
39.0,takeoff_climb,94.52947719688542,1388.2091212458286,34.0734149054505,5243.9,858.3,867.1,870.1,859.6,199.2,201.0,205.4,205.8,4.76,82.0,4.718,5241.1,859.8,867.8,870.8,860.8,199.3,200.8,204.3,205.3,4.74,82.3,4.75,6.0,1.07,0,nominal,0,0.0,194.99,701961.0
39.1,takeoff_climb,94.52057842046719,1391.7686318131257,34.08898776418243,5249.0,861.9,866.0,871.0,863.3,199.6,200.0,204.2,206.2,4.75,82.3,4.794,5239.9,859.8,867.8,870.8,860.8,199.3,200.8,204.3,205.3,4.74,82.3,4.748,6.0,1.07,0,nominal,0,0.0,194.99,701960.9
39.2,takeoff_climb,94.51167964404894,1395.3281423804226,34.10456062291435,5241.5,859.9,865.3,869.4,862.2,198.9,202.3,204.3,204.8,4.75,82.8,4.739,5238.7,859.8,867.8,870.8,860.8,199.4,200.8,204.3,205.3,4.74,82.3,4.746,5.9,1.069,0,nominal,0,0.0,194.99,701960.8
39.3,takeoff_climb,94.5027808676307,1398.8876529477195,34.12013348164627,5247.2,859.5,865.9,871.0,859.2,198.7,202.2,204.0,206.0,4.75,83.0,4.778,5237.5,859.8,867.8,870.8,860.8,199.4,200.8,204.3,205.3,4.74,82.3,4.744,5.9,1.069,0,nominal,0,0.0,194.99,701960.7
39.4,takeoff_climb,94.49388209121246,1402.4471635150167,34.1357063403782,5239.2,857.7,867.7,869.4,861.5,199.0,200.9,204.8,205.4,4.75,82.3,4.73,5236.3,859.8,867.8,870.8,860.8,199.4,200.9,204.3,205.3,4.74,82.3,4.742,5.9,1.068,0,nominal,0,0.0,194.99,701960.6
39.5,takeoff_climb,94.48498331479422,1406.0066740823136,34.15127919911012,5234.3,860.5,866.9,869.0,858.6,199.1,200.6,205.6,204.9,4.8,82.1,4.709,5235.1,859.8,867.8,870.8,860.8,199.4,200.9,204.3,205.3,4.74,82.2,4.741,5.9,1.068,0,nominal,0,0.0,194.99,701960.5
39.6,takeoff_climb,94.47608453837597,1409.5661846496105,34.16685205784205,5235.8,860.6,869.3,869.5,861.4,200.5,201.8,203.2,204.7,4.76,81.1,4.801,5233.9,859.8,867.8,870.8,860.8,199.4,200.9,204.3,205.3,4.74,82.2,4.739,5.8,1.068,0,nominal,0,0.0,194.99,701960.4
39.7,takeoff_climb,94.46718576195774,1413.1256952169076,34.18242491657397,5239.8,859.7,865.7,870.6,861.6,199.4,199.9,203.8,203.8,4.75,81.7,4.742,5232.7,859.7,867.7,870.7,860.7,199.4,200.9,204.3,205.3,4.74,82.2,4.737,5.8,1.067,0,nominal,0,0.0,194.99,701960.3
39.8,takeoff_climb,94.45828698553949,1416.6852057842045,34.19799777530589,5233.3,861.1,869.9,870.8,861.4,199.3,200.7,204.9,205.4,4.75,81.5,4.706,5231.5,859.7,867.7,870.7,860.7,199.4,200.9,204.3,205.3,4.74,82.2,4.735,5.8,1.067,0,nominal,0,0.0,194.99,701960.2
39.9,takeoff_climb,94.44938820912125,1420.2447163515017,34.21357063403782,5228.7,859.9,869.2,869.1,861.4,200.0,201.5,204.3,205.6,4.73,81.6,4.727,5230.3,859.7,867.7,870.7,860.7,199.4,200.9,204.4,205.4,4.74,82.2,4.734,5.8,1.066,0,nominal,0,0.0,194.99,701960.1
40.0,takeoff_climb,94.440489432703,1423.8042269187986,34.229143492769744,5217.5,857.4,869.2,870.7,860.3,199.6,201.9,204.7,205.0,4.75,81.9,4.686,5229.1,859.7,867.7,870.7,860.7,199.4,200.9,204.4,205.4,4.74,82.2,4.732,5.7,1.066,0,nominal,0,0.0,194.99,701960.0
40.1,takeoff_climb,94.43159065628475,1427.3637374860955,34.244716351501665,5229.0,861.3,869.0,869.2,861.6,198.7,201.8,204.0,206.2,4.78,82.0,4.696,5227.9,859.7,867.7,870.7,860.7,199.4,200.9,204.4,205.4,4.74,82.2,4.73,5.7,1.066,0,nominal,0,0.0,194.99,701959.9
40.2,takeoff_climb,94.42269187986652,1430.9232480533926,34.260289210233594,5215.7,859.0,866.0,869.1,860.0,199.2,200.9,204.7,206.0,4.75,82.6,4.723,5226.7,859.7,867.7,870.7,860.7,199.4,200.9,204.4,205.4,4.74,82.2,4.728,5.7,1.065,0,nominal,0,0.0,194.99,701959.8
40.3,takeoff_climb,94.41379310344827,1434.4827586206895,34.275862068965516,5226.6,861.0,868.3,871.1,863.1,199.2,201.6,203.8,206.1,4.71,82.8,4.751,5225.5,859.7,867.7,870.7,860.7,199.5,200.9,204.4,205.4,4.74,82.2,4.726,5.7,1.065,0,nominal,0,0.0,194.99,701959.7
40.4,takeoff_climb,94.40489432703004,1438.0422691879867,34.29143492769744,5228.7,859.6,866.5,869.1,860.1,199.6,200.7,205.0,205.4,4.71,81.9,4.726,5224.3,859.7,867.7,870.7,860.7,199.5,201.0,204.4,205.4,4.74,82.2,4.725,5.7,1.065,0,nominal,0,0.0,194.99,701959.6
40.5,takeoff_climb,94.39599555061179,1441.6017797552836,34.30700778642937,5220.3,859.8,867.9,870.2,859.4,198.9,201.9,204.8,206.3,4.79,82.3,4.729,5223.1,859.7,867.7,870.7,860.7,199.5,201.0,204.4,205.4,4.74,82.2,4.723,5.6,1.064,0,nominal,0,0.0,194.99,701959.5
40.6,takeoff_climb,94.38709677419355,1445.1612903225805,34.32258064516129,5219.9,860.7,868.7,869.4,861.9,200.9,201.9,204.8,204.9,4.78,81.3,4.738,5222.0,859.7,867.7,870.7,860.7,199.5,201.0,204.4,205.4,4.74,82.2,4.721,5.6,1.064,0,nominal,0,0.0,194.99,701959.4
40.7,takeoff_climb,94.3781979977753,1448.7208008898776,34.33815350389322,5219.0,861.8,867.6,870.5,858.2,198.9,200.6,204.0,206.2,4.73,83.1,4.71,5220.8,859.7,867.7,870.7,860.7,199.5,201.0,204.4,205.4,4.74,82.1,4.719,5.6,1.063,0,nominal,0,0.0,194.99,701959.3
40.8,takeoff_climb,94.36929922135707,1452.2803114571745,34.35372636262514,5215.4,859.2,867.5,870.4,860.6,199.0,200.7,203.6,205.1,4.68,81.9,4.727,5219.6,859.7,867.7,870.7,860.7,199.5,201.0,204.4,205.4,4.74,82.1,4.718,5.6,1.063,0,nominal,0,0.0,194.99,701959.2
40.9,takeoff_climb,94.36040044493882,1455.8398220244715,34.36929922135706,5212.2,858.3,868.2,871.2,862.4,198.3,201.1,204.3,205.7,4.73,81.9,4.714,5218.4,859.7,867.7,870.7,860.7,199.5,201.0,204.4,205.4,4.74,82.1,4.716,5.5,1.063,0,nominal,0,0.0,194.99,701959.1
41.0,takeoff_climb,94.35150166852058,1459.3993325917686,34.38487208008899,5222.0,860.8,866.5,870.7,862.3,199.0,200.9,204.8,205.5,4.71,81.8,4.738,5217.2,859.7,867.7,870.7,860.7,199.5,201.0,204.5,205.5,4.74,82.1,4.714,5.5,1.062,0,nominal,0,0.0,194.99,701959.0
41.1,takeoff_climb,94.34260289210233,1462.9588431590655,34.40044493882091,5223.9,859.9,865.9,871.5,860.1,199.3,201.1,203.9,205.7,4.71,83.2,4.707,5216.0,859.7,867.7,870.7,860.7,199.5,201.0,204.5,205.5,4.74,82.1,4.712,5.5,1.062,0,nominal,0,0.0,194.99,701958.9
41.2,takeoff_climb,94.3337041156841,1466.5183537263624,34.41601779755284,5218.1,858.2,865.7,868.3,858.1,199.5,201.1,204.2,206.1,4.74,82.1,4.752,5214.8,859.7,867.7,870.7,860.7,199.5,201.0,204.5,205.5,4.74,82.1,4.711,5.5,1.062,0,nominal,0,0.0,194.99,701958.8
41.3,takeoff_climb,94.32480533926585,1470.0778642936596,34.43159065628476,5216.4,858.7,869.2,868.3,861.0,199.5,200.4,204.4,205.9,4.73,81.9,4.668,5213.6,859.7,867.7,870.7,860.7,199.5,201.0,204.5,205.5,4.74,82.1,4.709,5.4,1.061,0,nominal,0,0.0,194.99,701958.7
41.4,takeoff_climb,94.3159065628476,1473.6373748609565,34.44716351501668,5206.4,858.3,867.5,868.3,858.9,200.6,201.1,204.9,205.0,4.74,81.5,4.711,5212.4,859.7,867.7,870.7,860.7,199.5,201.0,204.5,205.5,4.74,82.1,4.707,5.4,1.061,0,nominal,0,0.0,194.99,701958.6
41.5,takeoff_climb,94.30700778642937,1477.1968854282536,34.46273637374861,5210.9,858.8,865.2,870.4,861.1,198.6,200.6,204.6,205.8,4.75,81.9,4.745,5211.2,859.6,867.6,870.6,860.6,199.6,201.0,204.5,205.5,4.74,82.1,4.705,5.4,1.06,0,nominal,0,0.0,194.99,701958.5
41.6,takeoff_climb,94.29810901001112,1480.7563959955505,34.478309232480534,5210.2,859.0,868.4,868.9,860.8,199.0,200.3,205.2,205.3,4.67,82.6,4.695,5210.0,859.6,867.6,870.6,860.6,199.6,201.1,204.5,205.5,4.74,82.1,4.704,5.4,1.06,0,nominal,0,0.0,194.99,701958.4
41.7,takeoff_climb,94.28921023359288,1484.3159065628474,34.493882091212456,5219.6,860.3,867.3,870.4,858.7,200.3,201.4,205.1,205.3,4.74,82.7,4.683,5208.8,859.6,867.6,870.6,860.6,199.6,201.1,204.5,205.5,4.74,82.1,4.702,5.4,1.06,0,nominal,0,0.0,194.99,701958.3
41.8,takeoff_climb,94.28031145717463,1487.8754171301446,34.509454949944384,5193.5,858.4,870.7,868.6,863.6,200.0,200.5,204.1,205.4,4.71,82.0,4.711,5207.6,859.6,867.6,870.6,860.6,199.6,201.1,204.5,205.5,4.74,82.0,4.7,5.3,1.059,0,nominal,0,0.0,194.99,701958.2
41.9,takeoff_climb,94.2714126807564,1491.4349276974415,34.525027808676306,5199.6,859.4,868.5,871.7,861.8,199.4,200.4,204.0,205.5,4.76,82.3,4.671,5206.4,859.6,867.6,870.6,860.6,199.6,201.1,204.5,205.5,4.74,82.0,4.698,5.3,1.059,0,nominal,0,0.0,194.99,701958.1
42.0,takeoff_climb,94.26251390433815,1494.9944382647386,34.54060066740823,5213.0,859.0,867.5,868.4,861.0,199.5,201.7,205.0,206.1,4.69,82.2,4.712,5205.2,859.6,867.6,870.6,860.6,199.6,201.1,204.5,205.5,4.74,82.0,4.696,5.3,1.059,0,nominal,0,0.0,194.99,701958.0
42.1,takeoff_climb,94.25361512791991,1498.5539488320355,34.55617352614016,5212.4,857.9,866.1,870.4,859.7,199.7,201.2,204.6,205.0,4.74,81.4,4.657,5204.1,859.6,867.6,870.6,860.6,199.6,201.1,204.5,205.5,4.74,82.0,4.695,5.3,1.058,0,nominal,0,0.0,194.99,701957.9
42.2,takeoff_climb,94.24471635150167,1502.1134593993324,34.57174638487208,5206.4,860.3,867.5,870.7,860.2,200.3,200.1,204.9,205.3,4.73,82.3,4.685,5202.9,859.6,867.6,870.6,860.6,199.6,201.1,204.6,205.6,4.74,82.0,4.693,5.2,1.058,0,nominal,0,0.0,194.99,701957.8
42.3,takeoff_climb,94.23581757508343,1505.6729699666296,34.58731924360401,5205.6,859.7,869.0,868.6,860.5,199.6,201.0,204.8,205.4,4.72,82.4,4.675,5201.7,859.6,867.6,870.6,860.6,199.6,201.1,204.6,205.6,4.74,82.0,4.691,5.2,1.057,0,nominal,0,0.0,194.99,701957.7
42.4,takeoff_climb,94.22691879866518,1509.2324805339265,34.60289210233593,5189.6,861.0,868.6,871.6,861.9,200.0,200.8,204.4,205.4,4.7,81.0,4.69,5200.5,859.6,867.6,870.6,860.6,199.6,201.1,204.6,205.6,4.74,82.0,4.689,5.2,1.057,0,nominal,0,0.0,194.99,701957.6
42.5,takeoff_climb,94.21802002224695,1512.7919911012234,34.61846496106785,5202.1,857.3,869.7,868.6,862.4,200.0,200.3,203.5,205.4,4.75,81.6,4.645,5199.3,859.6,867.6,870.6,860.6,199.6,201.1,204.6,205.6,4.74,82.0,4.688,5.2,1.057,0,nominal,0,0.0,194.99,701957.5
42.6,takeoff_climb,94.2091212458287,1516.3515016685205,34.63403781979978,5201.4,860.2,866.6,872.5,861.1,199.7,200.1,206.0,205.0,4.76,82.5,4.653,5198.1,859.6,867.6,870.6,860.6,199.6,201.1,204.6,205.6,4.74,82.0,4.686,5.1,1.056,0,nominal,0,0.0,194.99,701957.4
42.7,takeoff_climb,94.20022246941046,1519.9110122358175,34.6496106785317,5192.4,860.0,865.8,870.9,861.2,198.5,201.2,203.6,205.2,4.73,82.4,4.734,5196.9,859.6,867.6,870.6,860.6,199.6,201.1,204.6,205.6,4.74,82.0,4.684,5.1,1.056,0,nominal,0,0.0,194.99,701957.3
42.8,takeoff_climb,94.19132369299221,1523.4705228031144,34.66518353726363,5190.1,862.3,867.8,871.0,858.2,200.2,200.8,204.4,205.2,4.74,81.4,4.668,5195.7,859.6,867.6,870.6,860.6,199.7,201.1,204.6,205.6,4.74,81.9,4.682,5.1,1.056,0,nominal,0,0.0,194.99,701957.2
42.9,takeoff_climb,94.18242491657396,1527.0300333704115,34.68075639599555,5196.3,856.6,866.6,871.3,858.3,198.9,200.9,204.3,205.3,4.74,82.2,4.68,5194.5,859.6,867.6,870.6,860.6,199.7,201.1,204.6,205.6,4.74,81.9,4.681,5.1,1.055,0,nominal,0,0.0,194.99,701957.1
43.0,takeoff_climb,94.17352614015573,1530.5895439377084,34.69632925472747,5191.6,859.7,870.3,871.1,860.3,199.5,202.0,205.9,205.0,4.77,81.6,4.717,5193.3,859.6,867.6,870.6,860.6,199.7,201.1,204.6,205.6,4.74,81.9,4.679,5.1,1.055,0,nominal,0,0.0,194.99,701957.0
43.1,takeoff_climb,94.16462736373748,1534.1490545050056,34.7119021134594,5192.3,859.9,867.8,869.9,859.8,199.1,201.3,204.7,205.6,4.75,82.0,4.663,5192.2,859.6,867.6,870.6,860.6,199.7,201.2,204.6,205.6,4.74,81.9,4.677,5.0,1.054,0,nominal,0,0.0,194.99,701956.9
43.2,takeoff_climb,94.15572858731925,1537.7085650723025,34.727474972191324,5195.6,860.6,867.0,872.1,860.4,198.9,201.3,204.1,205.4,4.73,81.9,4.647,5191.0,859.6,867.6,870.6,860.6,199.7,201.2,204.6,205.6,4.74,81.9,4.675,5.0,1.054,0,nominal,0,0.0,194.99,701956.8
43.3,takeoff_climb,94.146829810901,1541.2680756395994,34.743047830923246,5185.5,858.3,866.5,869.7,861.0,199.3,201.7,205.1,205.6,4.69,82.0,4.663,5189.8,859.5,867.5,870.5,860.5,199.7,201.2,204.6,205.6,4.74,81.9,4.674,5.0,1.054,0,nominal,0,0.0,194.99,701956.7
43.4,takeoff_climb,94.13793103448276,1544.8275862068965,34.758620689655174,5185.4,860.2,865.5,870.4,858.4,200.0,200.5,205.1,204.7,4.77,82.0,4.65,5188.6,859.5,867.5,870.5,860.5,199.7,201.2,204.6,205.6,4.74,81.9,4.672,5.0,1.053,0,nominal,0,0.0,194.99,701956.6
43.5,takeoff_climb,94.12903225806451,1548.3870967741934,34.774193548387096,5183.9,860.6,869.0,871.6,858.7,199.9,201.8,205.5,206.3,4.77,81.7,4.629,5187.4,859.5,867.5,870.5,860.5,199.7,201.2,204.6,205.6,4.74,81.9,4.67,4.9,1.053,0,nominal,0,0.0,194.99,701956.5
43.6,takeoff_climb,94.12013348164628,1551.9466073414906,34.78976640711902,5185.1,861.5,864.6,871.9,857.9,200.0,201.5,204.9,205.0,4.74,82.2,4.717,5186.2,859.5,867.5,870.5,860.5,199.7,201.2,204.6,205.6,4.74,81.9,4.668,4.9,1.053,0,nominal,0,0.0,194.99,701956.4
43.7,takeoff_climb,94.11123470522803,1555.5061179087875,34.80533926585095,5182.8,858.7,868.7,871.2,859.9,199.2,201.9,204.1,205.9,4.76,82.4,4.652,5185.0,859.5,867.5,870.5,860.5,199.7,201.2,204.7,205.7,4.74,81.8,4.667,4.9,1.052,0,nominal,0,0.0,194.99,701956.3
43.8,takeoff_climb,94.1023359288098,1559.0656284760844,34.82091212458287,5175.2,859.1,868.1,870.0,860.6,199.5,201.5,203.7,205.0,4.72,82.0,4.69,5183.8,859.5,867.5,870.5,860.5,199.7,201.2,204.7,205.7,4.74,81.8,4.665,4.9,1.052,0,nominal,0,0.0,194.99,701956.2
43.9,takeoff_climb,94.09343715239154,1562.6251390433815,34.83648498331479,5181.0,860.8,866.8,870.6,861.4,199.0,201.8,204.3,205.9,4.73,81.7,4.715,5182.7,859.5,867.5,870.5,860.5,199.7,201.2,204.7,205.7,4.74,81.8,4.663,4.8,1.052,0,nominal,0,0.0,194.99,701956.1
44.0,takeoff_climb,94.08453837597331,1566.1846496106784,34.85205784204672,5180.1,860.8,866.6,870.9,862.2,198.9,200.6,204.5,204.5,4.73,82.1,4.632,5181.5,859.5,867.5,870.5,860.5,199.7,201.2,204.7,205.7,4.74,81.8,4.661,4.8,1.051,0,nominal,0,0.0,194.99,701956.0
44.1,takeoff_climb,94.07563959955506,1569.7441601779753,34.86763070077864,5183.3,860.5,866.7,871.1,858.5,200.0,201.0,204.6,205.2,4.74,81.8,4.688,5180.3,859.5,867.5,870.5,860.5,199.7,201.2,204.7,205.7,4.74,81.8,4.66,4.8,1.051,0,nominal,0,0.0,194.99,701955.9
44.2,takeoff_climb,94.06674082313683,1573.3036707452725,34.88320355951057,5184.5,858.8,867.8,869.7,860.4,199.3,202.5,205.1,205.3,4.73,82.0,4.625,5179.1,859.5,867.5,870.5,860.5,199.7,201.2,204.7,205.7,4.74,81.8,4.658,4.8,1.05,0,nominal,0,0.0,194.99,701955.8
44.3,takeoff_climb,94.05784204671858,1576.8631813125694,34.89877641824249,5167.5,860.0,866.7,873.1,862.1,198.8,201.0,204.6,205.8,4.75,82.5,4.637,5177.9,859.5,867.5,870.5,860.5,199.7,201.2,204.7,205.7,4.74,81.8,4.656,4.8,1.05,0,nominal,0,0.0,194.99,701955.7
44.4,takeoff_climb,94.04894327030033,1580.4226918798663,34.91434927697441,5178.2,858.3,865.0,870.6,860.2,200.3,201.2,203.9,205.6,4.75,82.2,4.694,5176.7,859.5,867.5,870.5,860.5,199.7,201.2,204.7,205.7,4.74,81.8,4.654,4.7,1.05,0,nominal,0,0.0,194.99,701955.6
44.5,takeoff_climb,94.04004449388209,1583.9822024471634,34.92992213570634,5166.2,858.9,867.1,867.6,860.6,199.5,201.1,204.4,205.5,4.71,81.3,4.634,5175.5,859.5,867.5,870.5,860.5,199.8,201.2,204.7,205.7,4.74,81.8,4.653,4.7,1.049,0,nominal,0,0.0,194.99,701955.5
44.6,takeoff_climb,94.03114571746384,1587.5417130144604,34.94549499443826,5179.0,859.6,865.6,869.0,859.4,199.6,201.3,205.0,206.6,4.77,81.6,4.612,5174.4,859.5,867.5,870.5,860.5,199.8,201.2,204.7,205.7,4.74,81.8,4.651,4.7,1.049,0,nominal,0,0.0,194.99,701955.4
44.7,takeoff_climb,94.02224694104561,1591.1012235817575,34.96106785317019,5166.0,859.5,867.9,870.3,859.6,199.1,200.7,204.9,205.2,4.72,82.1,4.685,5173.2,859.5,867.5,870.5,860.5,199.8,201.2,204.7,205.7,4.74,81.7,4.649,4.7,1.049,0,nominal,0,0.0,194.99,701955.3
44.8,takeoff_climb,94.01334816462736,1594.6607341490544,34.976640711902114,5164.7,857.9,865.7,869.3,862.1,198.6,200.7,204.3,204.7,4.73,81.6,4.665,5172.0,859.5,867.5,870.5,860.5,199.8,201.3,204.7,205.7,4.74,81.7,4.647,4.6,1.048,0,nominal,0,0.0,194.99,701955.2
44.9,takeoff_climb,94.00444938820912,1598.2202447163513,34.992213570634036,5168.4,858.7,867.1,872.5,860.9,199.2,201.5,204.6,205.5,4.77,81.9,4.673,5170.8,859.5,867.5,870.5,860.5,199.8,201.3,204.7,205.7,4.74,81.7,4.646,4.6,1.048,0,nominal,0,0.0,194.99,701955.1
45.0,takeoff_climb,93.99555061179088,1601.7797552836485,35.007786429365964,5171.6,859.6,868.1,867.6,860.5,199.3,201.7,204.3,205.9,4.75,81.5,4.655,5169.6,859.4,867.4,870.4,860.4,199.8,201.3,204.7,205.7,4.74,81.7,4.644,4.6,1.047,0,nominal,0,0.0,194.99,701955.0
45.1,takeoff_climb,93.98665183537264,1605.3392658509454,35.023359288097886,5169.2,859.2,866.2,871.9,859.2,199.7,201.8,204.2,206.5,4.76,81.5,4.678,5168.4,859.4,867.4,870.4,860.4,199.8,201.3,204.7,205.7,4.74,81.7,4.642,4.6,1.047,0,nominal,0,0.0,194.99,701954.9
45.2,takeoff_climb,93.97775305895439,1608.8987764182425,35.03893214682981,5166.1,861.3,871.1,867.6,859.7,200.3,201.2,205.2,205.7,4.73,81.3,4.658,5167.3,859.4,867.4,870.4,860.4,199.8,201.3,204.7,205.7,4.74,81.7,4.64,4.5,1.047,0,nominal,0,0.0,194.99,701954.8
45.3,takeoff_climb,93.96885428253616,1612.4582869855394,35.05450500556174,5156.9,858.9,867.4,867.7,860.2,198.9,200.8,204.3,206.3,4.73,82.3,4.603,5166.1,859.4,867.4,870.4,860.4,199.8,201.3,204.7,205.7,4.74,81.7,4.639,4.5,1.046,0,nominal,0,0.0,194.99,701954.7
45.4,takeoff_climb,93.95995550611791,1616.0177975528363,35.07007786429366,5163.6,857.2,867.0,869.5,860.0,198.9,201.7,205.0,205.4,4.75,82.6,4.568,5164.9,859.4,867.4,870.4,860.4,199.8,201.3,204.8,205.8,4.74,81.7,4.637,4.5,1.046,0,nominal,0,0.0,194.99,701954.6
45.5,takeoff_climb,93.95105672969967,1619.5773081201335,35.08565072302558,5165.3,857.0,865.4,873.1,860.4,199.8,200.2,204.7,206.5,4.73,82.3,4.643,5163.7,859.4,867.4,870.4,860.4,199.8,201.3,204.8,205.8,4.74,81.6,4.635,4.5,1.046,0,nominal,0,0.0,194.99,701954.5
45.6,takeoff_climb,93.94215795328142,1623.1368186874304,35.10122358175751,5167.6,859.7,868.6,869.8,858.8,199.9,200.9,204.4,205.5,4.76,81.5,4.614,5162.5,859.4,867.4,870.4,860.4,199.8,201.3,204.8,205.8,4.74,81.6,4.634,4.4,1.045,0,nominal,0,0.0,194.99,701954.4
45.7,takeoff_climb,93.93325917686317,1626.6963292547273,35.11679644048943,5170.3,862.0,866.7,870.5,859.7,199.7,201.3,204.3,206.6,4.76,81.1,4.605,5161.4,859.4,867.4,870.4,860.4,199.8,201.3,204.8,205.8,4.74,81.6,4.632,4.4,1.045,0,nominal,0,0.0,194.99,701954.3
45.8,takeoff_climb,93.92436040044494,1630.2558398220244,35.13236929922136,5161.1,859.0,866.4,871.3,860.5,200.0,201.7,203.5,206.2,4.75,82.4,4.578,5160.2,859.4,867.4,870.4,860.4,199.8,201.3,204.8,205.8,4.74,81.6,4.63,4.4,1.044,0,nominal,0,0.0,194.99,701954.2
45.9,takeoff_climb,93.91546162402669,1633.8153503893213,35.14794215795328,5171.0,860.4,868.8,871.0,861.2,199.1,201.1,203.8,205.3,4.71,81.2,4.607,5159.0,859.4,867.4,870.4,860.4,199.8,201.3,204.8,205.8,4.74,81.6,4.628,4.4,1.044,0,nominal,0,0.0,194.99,701954.1
46.0,takeoff_climb,93.90656284760846,1637.3748609566182,35.1635150166852,5165.2,858.1,866.0,870.1,861.7,200.9,201.5,205.0,205.7,4.73,82.6,4.622,5157.8,859.4,867.4,870.4,860.4,199.8,201.3,204.8,205.8,4.74,81.6,4.627,4.4,1.044,0,nominal,0,0.0,194.99,701954.0
46.1,takeoff_climb,93.8976640711902,1640.9343715239154,35.17908787541713,5156.8,858.9,865.6,871.0,862.1,198.7,201.7,205.7,205.2,4.76,82.1,4.59,5156.6,859.4,867.4,870.4,860.4,199.8,201.3,204.8,205.8,4.74,81.6,4.625,4.3,1.043,0,nominal,0,0.0,194.99,701953.9
46.2,takeoff_climb,93.88876529477197,1644.4938820912123,35.19466073414905,5157.4,858.2,870.2,873.4,860.4,199.8,200.6,205.0,206.3,4.73,81.3,4.581,5155.5,859.4,867.4,870.4,860.4,199.8,201.3,204.8,205.8,4.74,81.6,4.623,4.3,1.043,0,nominal,0,0.0,194.99,701953.8
46.3,takeoff_climb,93.87986651835372,1648.0533926585094,35.21023359288098,5164.7,859.9,868.1,868.3,861.0,198.9,200.5,205.1,205.6,4.73,81.6,4.619,5154.3,859.4,867.4,870.4,860.4,199.8,201.3,204.8,205.8,4.74,81.6,4.621,4.3,1.043,0,nominal,0,0.0,194.99,701953.7
46.4,takeoff_climb,93.87096774193549,1651.6129032258063,35.225806451612904,5154.3,860.8,867.0,867.4,860.4,199.7,201.9,204.4,206.9,4.73,81.1,4.634,5153.1,859.4,867.4,870.4,860.4,199.8,201.3,204.8,205.8,4.74,81.5,4.62,4.3,1.042,0,nominal,0,0.0,194.99,701953.6
46.5,takeoff_climb,93.86206896551724,1655.1724137931033,35.241379310344826,5155.6,857.6,869.0,870.8,863.1,200.3,201.6,204.4,205.6,4.79,81.1,4.615,5151.9,859.4,867.4,870.4,860.4,199.8,201.3,204.8,205.8,4.74,81.5,4.618,4.2,1.042,0,nominal,0,0.0,194.99,701953.5
46.6,takeoff_climb,93.853170189099,1658.7319243604004,35.256952169076754,5143.7,860.8,866.8,870.3,861.6,199.8,200.7,205.1,206.3,4.72,81.7,4.588,5150.7,859.4,867.4,870.4,860.4,199.8,201.3,204.8,205.8,4.74,81.5,4.616,4.2,1.041,0,nominal,0,0.0,194.99,701953.4
46.7,takeoff_climb,93.84427141268075,1662.2914349276973,35.272525027808676,5149.3,859.8,869.1,868.5,858.6,201.4,201.0,204.4,206.0,4.75,81.4,4.638,5149.6,859.4,867.4,870.4,860.4,199.9,201.3,204.8,205.8,4.74,81.5,4.614,4.2,1.041,0,nominal,0,0.0,194.99,701953.3
46.8,takeoff_climb,93.83537263626252,1665.8509454949944,35.2880978865406,5146.5,861.2,868.2,872.7,859.9,200.4,200.4,205.0,205.6,4.73,81.2,4.625,5148.4,859.3,867.3,870.3,860.3,199.9,201.3,204.8,205.8,4.74,81.5,4.613,4.2,1.041,0,nominal,0,0.0,194.99,701953.2
46.9,takeoff_climb,93.82647385984427,1669.4104560622914,35.30367074527253,5149.2,861.4,867.2,867.6,860.6,200.3,201.2,204.7,205.4,4.77,81.4,4.662,5147.2,859.3,867.3,870.3,860.3,199.9,201.4,204.8,205.8,4.74,81.5,4.611,4.1,1.04,0,nominal,0,0.0,194.99,701953.1
47.0,takeoff_climb,93.81757508342604,1672.9699666295883,35.31924360400445,5148.0,858.2,868.5,869.0,856.4,199.4,202.1,205.3,205.5,4.73,81.8,4.628,5146.0,859.3,867.3,870.3,860.3,199.9,201.4,204.8,205.8,4.74,81.5,4.609,4.1,1.04,0,nominal,0,0.0,194.99,701953.0
47.1,takeoff_climb,93.80867630700779,1676.5294771968854,35.33481646273637,5143.7,860.6,866.4,871.0,861.2,199.2,201.7,205.5,206.5,4.71,81.4,4.636,5144.9,859.3,867.3,870.3,860.3,199.9,201.4,204.8,205.8,4.74,81.5,4.608,4.1,1.04,0,nominal,0,0.0,194.99,701952.9
47.2,takeoff_climb,93.79977753058954,1680.0889877641823,35.3503893214683,5150.3,859.6,866.8,870.8,859.2,199.3,202.6,205.6,205.3,4.75,81.3,4.618,5143.7,859.3,867.3,870.3,860.3,199.9,201.4,204.8,205.8,4.74,81.4,4.606,4.1,1.039,0,nominal,0,0.0,194.99,701952.8
47.3,takeoff_climb,93.7908787541713,1683.6484983314792,35.36596218020022,5140.2,859.0,867.9,872.4,859.1,199.6,201.5,204.6,206.4,4.76,81.9,4.572,5142.5,859.3,867.3,870.3,860.3,199.9,201.4,204.8,205.8,4.74,81.4,4.604,4.1,1.039,0,nominal,0,0.0,194.99,701952.7
47.4,takeoff_climb,93.78197997775305,1687.2080088987764,35.38153503893215,5132.3,858.7,866.1,871.2,859.9,199.9,201.6,206.1,205.6,4.75,81.2,4.586,5141.3,859.3,867.3,870.3,860.3,199.9,201.4,204.8,205.8,4.74,81.4,4.602,4.0,1.039,0,nominal,0,0.0,194.99,701952.6
47.5,takeoff_climb,93.77308120133482,1690.7675194660733,35.39710789766407,5144.8,861.2,869.9,869.6,862.1,200.1,201.6,204.1,206.3,4.77,81.1,4.607,5140.2,859.3,867.3,870.3,860.3,199.9,201.4,204.8,205.8,4.74,81.4,4.601,4.0,1.038,0,nominal,0,0.0,194.99,701952.5
47.6,takeoff_climb,93.76418242491657,1694.3270300333702,35.41268075639599,5138.7,860.8,867.2,870.7,860.9,200.9,201.7,205.6,206.3,4.74,81.4,4.61,5139.0,859.3,867.3,870.3,860.3,199.9,201.4,204.8,205.8,4.74,81.4,4.599,4.0,1.038,0,nominal,0,0.0,194.99,701952.4
47.7,takeoff_climb,93.75528364849833,1697.8865406006673,35.42825361512792,5133.8,858.1,864.7,870.8,863.1,199.7,201.6,205.0,206.3,4.72,81.4,4.594,5137.8,859.3,867.3,870.3,860.3,199.9,201.4,204.9,205.9,4.74,81.4,4.597,4.0,1.037,0,nominal,0,0.0,194.99,701952.3
47.8,takeoff_climb,93.74638487208009,1701.4460511679642,35.44382647385984,5148.3,860.3,869.3,870.2,859.9,199.5,201.1,205.0,205.2,4.73,81.7,4.543,5136.6,859.3,867.3,870.3,860.3,199.9,201.4,204.9,205.9,4.74,81.4,4.596,3.9,1.037,0,nominal,0,0.0,194.99,701952.2
47.9,takeoff_climb,93.73748609566185,1705.0055617352614,35.45939933259177,5134.6,860.1,867.7,868.9,861.0,199.4,201.9,204.4,206.2,4.73,82.1,4.6,5135.5,859.3,867.3,870.3,860.3,199.9,201.4,204.9,205.9,4.74,81.4,4.594,3.9,1.037,0,nominal,0,0.0,194.99,701952.1
48.0,takeoff_climb,93.7285873192436,1708.5650723025583,35.474972191323694,5136.7,859.6,868.5,870.8,858.6,200.2,201.9,204.1,206.1,4.78,81.1,4.518,5134.3,859.3,867.3,870.3,860.3,199.9,201.4,204.9,205.9,4.74,81.3,4.592,3.9,1.036,0,nominal,0,0.0,194.99,701952.0
48.1,takeoff_climb,93.71968854282537,1712.1245828698552,35.490545050055616,5135.2,859.8,866.4,871.3,860.2,198.4,201.3,206.3,206.1,4.73,81.3,4.638,5133.1,859.3,867.3,870.3,860.3,199.9,201.4,204.9,205.9,4.74,81.3,4.59,3.9,1.036,0,nominal,0,0.0,194.99,701951.9
48.2,takeoff_climb,93.71078976640712,1715.6840934371523,35.506117908787544,5137.0,862.4,867.3,869.3,860.1,199.8,201.9,204.4,206.1,4.77,80.7,4.582,5131.9,859.3,867.3,870.3,860.3,199.9,201.4,204.9,205.9,4.74,81.3,4.589,3.8,1.036,0,nominal,0,0.0,194.99,701951.8
48.3,takeoff_climb,93.70189098998888,1719.2436040044493,35.521690767519466,5135.6,860.5,866.3,868.9,859.2,200.8,202.6,203.4,206.4,4.72,80.6,4.6,5130.8,859.3,867.3,870.3,860.3,199.9,201.4,204.9,205.9,4.74,81.3,4.587,3.8,1.035,0,nominal,0,0.0,194.99,701951.7
48.4,takeoff_climb,93.69299221357063,1722.8031145717464,35.53726362625139,5127.9,860.4,866.5,869.5,860.1,200.5,200.9,204.7,206.1,4.76,81.1,4.59,5129.6,859.3,867.3,870.3,860.3,199.9,201.4,204.9,205.9,4.74,81.3,4.585,3.8,1.035,0,nominal,0,0.0,194.99,701951.6
48.5,takeoff_climb,93.6840934371524,1726.3626251390433,35.55283648498332,5122.7,859.6,864.9,870.4,858.0,200.6,201.9,204.9,205.6,4.72,81.3,4.609,5128.4,859.2,867.2,870.2,860.2,199.9,201.4,204.9,205.9,4.74,81.3,4.583,3.8,1.034,0,nominal,0,0.0,194.99,701951.5
48.6,takeoff_climb,93.67519466073415,1729.9221357063402,35.56840934371524,5127.3,859.6,867.4,870.5,861.3,199.9,202.0,205.0,206.7,4.76,81.0,4.622,5127.2,859.2,867.2,870.2,860.2,199.9,201.4,204.9,205.9,4.74,81.3,4.582,3.8,1.034,0,nominal,0,0.0,194.99,701951.4
48.7,takeoff_climb,93.6662958843159,1733.4816462736374,35.58398220244716,5118.3,859.8,867.4,870.9,858.4,200.7,201.3,206.0,206.6,4.77,81.0,4.603,5126.1,859.2,867.2,870.2,860.2,199.9,201.4,204.9,205.9,4.74,81.2,4.58,3.7,1.034,0,nominal,0,0.0,194.99,701951.3
48.8,takeoff_climb,93.65739710789767,1737.0411568409343,35.59955506117909,5127.3,857.2,868.9,870.2,859.1,201.1,200.5,205.0,205.4,4.73,82.1,4.541,5124.9,859.2,867.2,870.2,860.2,199.9,201.4,204.9,205.9,4.74,81.2,4.578,3.7,1.033,0,nominal,0,0.0,194.99,701951.2
48.9,takeoff_climb,93.64849833147942,1740.6006674082312,35.61512791991101,5127.3,859.4,867.0,872.6,862.2,200.0,201.5,204.9,205.1,4.73,81.5,4.578,5123.7,859.2,867.2,870.2,860.2,199.9,201.4,204.9,205.9,4.74,81.2,4.577,3.7,1.033,0,nominal,0,0.0,194.99,701951.1
49.0,takeoff_climb,93.63959955506118,1744.1601779755283,35.63070077864293,5115.2,857.7,867.8,869.7,862.8,200.5,201.8,205.8,205.8,4.75,80.8,4.586,5122.6,859.2,867.2,870.2,860.2,199.9,201.4,204.9,205.9,4.74,81.2,4.575,3.7,1.033,0,nominal,0,0.0,194.99,701951.0
49.1,takeoff_climb,93.63070077864293,1747.7196885428252,35.64627363737486,5121.2,859.7,868.6,870.8,859.4,199.2,201.6,205.4,206.4,4.72,80.4,4.577,5121.4,859.2,867.2,870.2,860.2,199.9,201.4,204.9,205.9,4.74,81.2,4.573,3.6,1.032,0,nominal,0,0.0,194.99,701950.9
49.2,takeoff_climb,93.6218020022247,1751.2791991101221,35.66184649610678,5119.2,860.1,867.6,871.3,860.7,199.3,201.4,204.2,205.9,4.76,80.8,4.538,5120.2,859.2,867.2,870.2,860.2,199.9,201.4,204.9,205.9,4.74,81.2,4.571,3.6,1.032,0,nominal,0,0.0,194.99,701950.8
49.3,takeoff_climb,93.61290322580645,1754.8387096774193,35.67741935483871,5115.5,860.2,866.7,869.8,860.9,200.8,200.7,204.8,205.9,4.72,81.8,4.546,5119.0,859.2,867.2,870.2,860.2,199.9,201.4,204.9,205.9,4.74,81.2,4.57,3.6,1.032,0,nominal,0,0.0,194.99,701950.7
49.4,takeoff_climb,93.60400444938821,1758.3982202447162,35.69299221357063,5123.1,859.5,867.4,871.5,861.8,200.0,201.6,205.8,206.1,4.76,81.2,4.565,5117.9,859.2,867.2,870.2,860.2,199.9,201.4,204.9,205.9,4.74,81.2,4.568,3.6,1.031,0,nominal,0,0.0,194.99,701950.6
49.5,takeoff_climb,93.59510567296996,1761.9577308120133,35.708565072302555,5112.4,857.3,866.5,871.2,858.3,201.0,201.5,204.6,206.5,4.75,80.9,4.601,5116.7,859.2,867.2,870.2,860.2,199.9,201.4,204.9,205.9,4.74,81.1,4.566,3.5,1.031,0,nominal,0,0.0,194.99,701950.5
49.6,takeoff_climb,93.58620689655173,1765.5172413793102,35.724137931034484,5114.6,860.3,867.2,870.2,860.1,200.4,201.7,204.9,206.5,4.75,81.2,4.507,5115.5,859.2,867.2,870.2,860.2,199.9,201.4,204.9,205.9,4.74,81.1,4.565,3.5,1.03,0,nominal,0,0.0,194.99,701950.4
49.7,takeoff_climb,93.57730812013348,1769.0767519466071,35.739710789766406,5114.2,858.3,867.2,870.7,858.9,199.6,201.8,204.8,206.5,4.74,81.1,4.505,5114.4,859.2,867.2,870.2,860.2,199.9,201.4,204.9,205.9,4.74,81.1,4.563,3.5,1.03,0,nominal,0,0.0,194.99,701950.3
49.8,takeoff_climb,93.56840934371525,1772.6362625139043,35.755283648498335,5114.9,859.2,865.4,871.1,861.8,200.8,201.6,205.5,205.2,4.74,81.1,4.59,5113.2,859.2,867.2,870.2,860.2,199.9,201.4,204.9,205.9,4.74,81.1,4.561,3.5,1.03,0,nominal,0,0.0,194.99,701950.2
49.9,takeoff_climb,93.559510567297,1776.1957730812012,35.770856507230256,5120.6,859.5,866.1,872.2,859.9,200.2,202.3,205.5,206.4,4.75,81.2,4.574,5112.0,859.2,867.2,870.2,860.2,200.0,201.4,204.9,205.9,4.74,81.1,4.559,3.5,1.029,0,nominal,0,0.0,194.99,701950.1
50.0,takeoff_climb,93.55061179087875,1779.7552836484983,35.78642936596218,5109.8,859.9,866.9,870.6,860.6,201.1,201.1,204.7,207.0,4.72,81.1,4.56,5110.9,859.2,867.2,870.2,860.2,200.0,201.4,204.9,205.9,4.74,81.1,4.558,3.4,1.029,0,nominal,0,0.0,194.99,701950.0
50.1,takeoff_climb,93.54171301446051,1783.3147942157952,35.80200222469411,5107.6,860.0,866.5,871.1,861.7,200.3,201.3,204.6,206.4,4.73,80.9,4.522,5109.7,859.2,867.2,870.2,860.2,200.0,201.4,204.9,205.9,4.74,81.1,4.556,3.4,1.029,0,nominal,0,0.0,194.99,701949.9
50.2,takeoff_climb,93.53281423804226,1786.8743047830922,35.81757508342603,5098.0,858.7,869.0,870.1,857.8,199.5,200.9,205.1,207.1,4.73,80.9,4.583,5108.5,859.1,867.1,870.1,860.1,200.0,201.4,204.9,205.9,4.74,81.0,4.554,3.4,1.028,0,nominal,0,0.0,194.99,701949.8
50.3,takeoff_climb,93.52391546162403,1790.4338153503893,35.83314794215795,5107.4,856.0,868.2,870.2,859.9,198.4,202.5,205.1,206.7,4.71,81.3,4.565,5107.3,859.1,867.1,870.1,860.1,200.0,201.5,204.9,205.9,4.74,81.0,4.553,3.4,1.028,0,nominal,0,0.0,194.99,701949.7
50.4,takeoff_climb,93.51501668520578,1793.9933259176862,35.84872080088988,5103.8,859.2,867.9,870.1,859.6,200.1,201.1,205.7,205.2,4.72,80.5,4.493,5106.2,859.1,867.1,870.1,860.1,200.0,201.5,204.9,205.9,4.74,81.0,4.551,3.3,1.028,0,nominal,0,0.0,194.99,701949.6
50.5,takeoff_climb,93.50611790878754,1797.5528364849831,35.8642936596218,5100.3,857.3,866.8,867.8,859.5,199.2,201.1,205.2,205.8,4.72,81.9,4.541,5105.0,859.1,867.1,870.1,860.1,200.0,201.5,204.9,205.9,4.74,81.0,4.549,3.3,1.027,0,nominal,0,0.0,194.99,701949.5
50.6,takeoff_climb,93.4972191323693,1801.1123470522803,35.87986651835372,5104.6,861.2,868.0,870.3,858.3,200.7,200.5,204.8,205.7,4.7,81.2,4.533,5103.8,859.1,867.1,870.1,860.1,200.0,201.5,204.9,205.9,4.74,81.0,4.548,3.3,1.027,0,nominal,0,0.0,194.99,701949.4
50.7,takeoff_climb,93.48832035595106,1804.6718576195772,35.89543937708565,5108.5,859.3,867.1,872.3,858.7,199.9,201.3,204.6,205.3,4.72,80.8,4.535,5102.7,859.1,867.1,870.1,860.1,200.0,201.5,204.9,205.9,4.74,81.0,4.546,3.3,1.026,0,nominal,0,0.0,194.99,701949.3
50.8,takeoff_climb,93.47942157953281,1808.231368186874,35.91101223581757,5109.1,858.7,867.0,869.9,861.5,200.0,202.8,204.7,207.1,4.74,80.8,4.543,5101.5,859.1,867.1,870.1,860.1,200.0,201.5,204.9,205.9,4.74,81.0,4.544,3.2,1.026,0,nominal,0,0.0,194.99,701949.2
50.9,takeoff_climb,93.47052280311458,1811.7908787541712,35.9265850945495,5102.0,858.5,867.2,869.4,861.2,199.5,201.4,204.6,206.2,4.73,81.1,4.523,5100.4,859.1,867.1,870.1,860.1,200.0,201.5,204.9,205.9,4.74,80.9,4.542,3.2,1.026,0,nominal,0,0.0,194.99,701949.1
51.0,takeoff_climb,93.46162402669633,1815.3503893214681,35.94215795328142,5101.7,859.1,864.3,869.5,858.4,198.7,201.3,204.6,206.5,4.76,80.2,4.524,5099.2,859.1,867.1,870.1,860.1,200.0,201.5,204.9,205.9,4.74,80.9,4.541,3.2,1.025,0,nominal,0,0.0,194.99,701949.0
51.1,takeoff_climb,93.45272525027809,1818.9098998887653,35.957730812013345,5093.8,859.6,866.1,871.2,858.1,199.1,201.3,206.0,206.1,4.74,80.8,4.533,5098.0,859.1,867.1,870.1,860.1,200.0,201.5,204.9,205.9,4.74,80.9,4.539,3.2,1.025,0,nominal,0,0.0,194.99,701948.9
51.2,takeoff_climb,93.44382647385984,1822.4694104560622,35.973303670745274,5096.8,856.8,866.2,869.7,859.7,199.7,202.0,205.0,205.8,4.67,81.1,4.529,5096.9,859.1,867.1,870.1,860.1,200.0,201.5,204.9,205.9,4.74,80.9,4.537,3.2,1.025,0,nominal,0,0.0,194.99,701948.8
51.3,takeoff_climb,93.4349276974416,1826.028921023359,35.988876529477196,5095.4,858.8,867.8,869.3,860.6,200.3,202.3,205.1,205.7,4.72,81.2,4.484,5095.7,859.1,867.1,870.1,860.1,200.0,201.5,205.0,206.0,4.74,80.9,4.536,3.1,1.024,0,nominal,0,0.0,194.99,701948.7
51.4,takeoff_climb,93.42602892102336,1829.5884315906562,36.004449388209125,5104.8,857.6,865.6,870.0,859.7,199.6,201.1,204.8,206.9,4.72,81.1,4.486,5094.5,859.1,867.1,870.1,860.1,200.0,201.5,205.0,206.0,4.74,80.9,4.534,3.1,1.024,0,nominal,0,0.0,194.99,701948.6
51.5,takeoff_climb,93.41713014460511,1833.1479421579531,36.020022246941046,5100.0,855.9,866.7,868.7,858.2,200.6,202.0,204.8,205.3,4.72,81.0,4.488,5093.4,859.1,867.1,870.1,860.1,200.0,201.5,205.0,206.0,4.74,80.9,4.532,3.1,1.023,0,nominal,0,0.0,194.99,701948.5
51.6,takeoff_climb,93.40823136818688,1836.7074527252503,36.03559510567297,5093.8,858.7,866.8,869.6,858.5,200.7,202.1,204.2,206.1,4.73,81.6,4.557,5092.2,859.1,867.1,870.1,860.1,200.0,201.5,205.0,206.0,4.74,80.8,4.531,3.1,1.023,0,nominal,0,0.0,194.99,701948.4
51.7,takeoff_climb,93.39933259176863,1840.2669632925472,36.0511679644049,5093.5,858.9,867.3,872.6,860.5,201.2,202.0,203.7,205.1,4.72,81.4,4.553,5091.0,859.1,867.1,870.1,860.1,200.0,201.5,205.0,206.0,4.74,80.8,4.529,3.0,1.023,0,nominal,0,0.0,194.99,701948.3
51.8,takeoff_climb,93.39043381535039,1843.826473859844,36.06674082313682,5087.3,859.8,867.3,869.8,858.4,200.1,200.5,204.3,205.8,4.76,80.7,4.557,5089.9,859.1,867.1,870.1,860.1,200.0,201.5,205.0,206.0,4.74,80.8,4.527,3.0,1.022,0,nominal,0,0.0,194.99,701948.2
51.9,takeoff_climb,93.38153503893214,1847.3859844271412,36.08231368186874,5094.7,860.5,868.4,868.9,860.5,200.6,201.3,206.0,205.8,4.77,80.8,4.536,5088.7,859.0,867.0,870.0,860.0,200.0,201.5,205.0,206.0,4.74,80.8,4.525,3.0,1.022,0,nominal,0,0.0,194.99,701948.1
52.0,takeoff_climb,93.37263626251391,1850.9454949944381,36.09788654060067,5090.6,859.8,867.5,870.3,858.1,199.8,201.4,205.1,206.2,4.69,80.0,4.554,5087.5,859.0,867.0,870.0,860.0,200.0,201.5,205.0,206.0,4.74,80.8,4.524,3.0,1.022,0,nominal,0,0.0,194.99,701948.0
52.1,takeoff_climb,93.36373748609566,1854.505005561735,36.11345939933259,5081.4,859.5,867.2,870.5,859.7,200.2,201.9,203.9,206.2,4.75,80.9,4.517,5086.4,859.0,867.0,870.0,860.0,200.0,201.5,205.0,206.0,4.74,80.8,4.522,2.9,1.021,0,nominal,0,0.0,194.99,701947.9
52.2,takeoff_climb,93.35483870967742,1858.0645161290322,36.12903225806451,5079.6,858.6,864.1,869.1,860.8,200.2,200.9,204.6,205.6,4.75,80.3,4.527,5085.2,859.0,867.0,870.0,860.0,200.0,201.5,205.0,206.0,4.74,80.8,4.52,2.9,1.021,0,nominal,0,0.0,194.99,701947.8
52.3,takeoff_climb,93.34593993325917,1861.624026696329,36.14460511679644,5084.9,861.9,869.0,871.5,859.3,200.8,202.3,205.6,206.7,4.73,80.4,4.525,5084.1,859.0,867.0,870.0,860.0,200.0,201.5,205.0,206.0,4.74,80.7,4.519,2.9,1.021,0,nominal,0,0.0,194.99,701947.7
52.4,takeoff_climb,93.33704115684094,1865.183537263626,36.16017797552836,5081.3,858.3,870.2,869.3,858.3,200.3,202.9,205.6,206.2,4.74,81.8,4.534,5082.9,859.0,867.0,870.0,860.0,200.0,201.5,205.0,206.0,4.74,80.7,4.517,2.9,1.02,0,nominal,0,0.0,194.99,701947.6
52.5,takeoff_climb,93.32814238042269,1868.7430478309232,36.175750834260285,5085.5,858.9,866.3,870.5,860.7,199.5,200.1,204.7,206.7,4.73,80.4,4.538,5081.7,859.0,867.0,870.0,860.0,200.0,201.5,205.0,206.0,4.74,80.7,4.515,2.9,1.02,0,nominal,0,0.0,194.99,701947.5
52.6,takeoff_climb,93.31924360400446,1872.30255839822,36.19132369299221,5068.2,859.2,866.3,869.0,862.5,200.0,200.9,205.0,205.7,4.73,80.7,4.512,5080.6,859.0,867.0,870.0,860.0,200.0,201.5,205.0,206.0,4.74,80.7,4.514,2.8,1.019,0,nominal,0,0.0,194.99,701947.4
52.7,takeoff_climb,93.3103448275862,1875.8620689655172,36.206896551724135,5074.1,858.4,866.6,869.2,861.4,200.5,201.3,205.0,206.4,4.75,81.9,4.49,5079.4,859.0,867.0,870.0,860.0,200.0,201.5,205.0,206.0,4.74,80.7,4.512,2.8,1.019,0,nominal,0,0.0,194.99,701947.3
52.8,takeoff_climb,93.30144605116797,1879.4215795328141,36.222469410456064,5074.6,856.6,866.8,868.6,860.6,200.2,200.9,203.7,207.2,4.79,80.8,4.506,5078.3,859.0,867.0,870.0,860.0,200.0,201.5,205.0,206.0,4.74,80.7,4.51,2.8,1.019,0,nominal,0,0.0,194.99,701947.2
52.9,takeoff_climb,93.29254727474972,1882.981090100111,36.238042269187986,5076.2,856.1,866.0,868.5,860.0,200.6,202.0,205.3,207.1,4.78,80.8,4.505,5077.1,859.0,867.0,870.0,860.0,200.0,201.5,205.0,206.0,4.74,80.6,4.509,2.8,1.018,0,nominal,0,0.0,194.99,701947.1
53.0,takeoff_climb,93.28364849833147,1886.5406006674082,36.253615127919915,5076.9,858.7,866.2,867.7,859.3,199.8,201.7,204.3,206.6,4.74,80.5,4.518,5075.9,859.0,867.0,870.0,860.0,200.0,201.5,205.0,206.0,4.74,80.6,4.507,2.7,1.018,0,nominal,0,0.0,194.99,701947.0
53.1,takeoff_climb,93.27474972191324,1890.100111234705,36.269187986651836,5080.3,858.6,866.3,869.3,858.3,199.9,202.2,205.8,206.5,4.75,80.5,4.543,5074.8,859.0,867.0,870.0,860.0,200.0,201.5,205.0,206.0,4.74,80.6,4.505,2.7,1.018,0,nominal,0,0.0,194.99,701946.9
53.2,takeoff_climb,93.26585094549499,1893.6596218020022,36.28476084538376,5082.8,858.7,869.8,869.7,861.9,200.8,201.9,206.3,205.9,4.75,80.6,4.5,5073.6,859.0,867.0,870.0,860.0,200.0,201.5,205.0,206.0,4.74,80.6,4.503,2.7,1.017,0,nominal,0,0.0,194.99,701946.8
53.3,takeoff_climb,93.25695216907675,1897.2191323692991,36.30033370411569,5073.0,859.6,866.4,870.6,861.5,199.9,201.4,204.7,204.5,4.72,80.8,4.51,5072.5,859.0,867.0,870.0,860.0,200.0,201.5,205.0,206.0,4.74,80.6,4.502,2.7,1.017,0,nominal,0,0.0,194.99,701946.7
53.4,takeoff_climb,93.2480533926585,1900.778642936596,36.31590656284761,5078.4,856.5,867.5,868.4,857.3,200.0,200.5,205.6,205.6,4.75,80.8,4.522,5071.3,859.0,867.0,870.0,860.0,200.0,201.5,205.0,206.0,4.74,80.6,4.5,2.6,1.017,0,nominal,0,0.0,194.99,701946.6
53.5,takeoff_climb,93.23915461624027,1904.3381535038932,36.33147942157953,5067.4,857.4,864.7,870.8,861.3,198.8,201.8,204.1,206.0,4.77,80.0,4.47,5070.1,859.0,867.0,870.0,860.0,200.0,201.5,205.0,206.0,4.74,80.6,4.498,2.6,1.016,0,nominal,0,0.0,194.99,701946.5
53.6,takeoff_climb,93.23025583982202,1907.89766407119,36.34705228031146,5064.0,858.4,869.4,868.9,860.1,200.8,201.5,205.1,205.6,4.71,80.9,4.458,5069.0,858.9,866.9,869.9,859.9,200.0,201.5,205.0,206.0,4.74,80.5,4.497,2.6,1.016,0,nominal,0,0.0,194.99,701946.4
53.7,takeoff_climb,93.22135706340379,1911.457174638487,36.36262513904338,5071.7,860.2,867.9,869.6,857.9,199.6,201.8,205.1,206.5,4.71,80.8,4.456,5067.8,858.9,866.9,869.9,859.9,200.0,201.5,205.0,206.0,4.74,80.5,4.495,2.6,1.015,0,nominal,0,0.0,194.99,701946.3
53.8,takeoff_climb,93.21245828698554,1915.0166852057841,36.3781979977753,5072.2,860.4,865.6,867.9,861.7,199.5,201.6,205.2,205.6,4.72,80.3,4.5,5066.7,858.9,866.9,869.9,859.9,200.0,201.5,205.0,206.0,4.74,80.5,4.493,2.6,1.015,0,nominal,0,0.0,194.99,701946.2
53.9,takeoff_climb,93.2035595105673,1918.576195773081,36.39377085650723,5063.7,859.1,867.9,871.0,862.6,199.6,201.8,204.1,206.5,4.75,80.3,4.52,5065.5,858.9,866.9,869.9,859.9,200.0,201.5,205.0,206.0,4.74,80.5,4.492,2.5,1.015,0,nominal,0,0.0,194.99,701946.1
54.0,takeoff_climb,93.19466073414905,1922.135706340378,36.40934371523915,5055.0,858.7,867.5,871.4,862.0,199.6,201.3,205.4,205.3,4.72,80.0,4.468,5064.4,858.9,866.9,869.9,859.9,200.0,201.5,205.0,206.0,4.74,80.5,4.49,2.5,1.014,0,nominal,0,0.0,194.99,701946.0
54.1,takeoff_climb,93.18576195773082,1925.695216907675,36.424916573971075,5067.0,858.6,865.9,871.2,857.8,199.4,202.0,205.0,205.3,4.74,80.3,4.497,5063.2,858.9,866.9,869.9,859.9,200.0,201.5,205.0,206.0,4.74,80.5,4.488,2.5,1.014,0,nominal,0,0.0,194.98,701945.9
54.2,takeoff_climb,93.17686318131257,1929.254727474972,36.440489432703004,5073.9,859.5,868.3,871.0,858.7,199.9,199.7,204.2,205.8,4.78,79.9,4.484,5062.0,858.9,866.9,869.9,859.9,200.0,201.5,205.0,206.0,4.74,80.4,4.487,2.5,1.014,0,nominal,0,0.0,194.98,701945.8
54.3,takeoff_climb,93.16796440489432,1932.8142380422692,36.456062291434925,5065.5,857.3,865.7,870.6,858.6,201.7,200.6,205.1,206.7,4.74,80.4,4.478,5060.9,858.9,866.9,869.9,859.9,200.0,201.5,205.0,206.0,4.74,80.4,4.485,2.4,1.013,0,nominal,0,0.0,194.98,701945.7
54.4,takeoff_climb,93.15906562847609,1936.373748609566,36.471635150166854,5062.3,857.9,867.4,868.7,861.8,200.9,201.4,204.1,206.0,4.81,80.8,4.503,5059.7,858.9,866.9,869.9,859.9,200.0,201.5,205.0,206.0,4.74,80.4,4.483,2.4,1.013,0,nominal,0,0.0,194.98,701945.6
54.5,takeoff_climb,93.15016685205784,1939.933259176863,36.487208008898776,5060.5,860.6,866.5,871.1,859.5,199.3,201.8,204.3,207.1,4.72,80.9,4.446,5058.6,858.9,866.9,869.9,859.9,200.0,201.5,205.0,206.0,4.74,80.4,4.482,2.4,1.013,0,nominal,0,0.0,194.98,701945.5
54.6,takeoff_climb,93.1412680756396,1943.4927697441601,36.502780867630705,5056.0,859.2,867.8,871.3,859.5,199.9,202.6,203.7,205.7,4.75,80.6,4.487,5057.4,858.9,866.9,869.9,859.9,200.0,201.5,205.0,206.0,4.74,80.4,4.48,2.4,1.012,0,nominal,0,0.0,194.98,701945.4
54.7,takeoff_climb,93.13236929922135,1947.052280311457,36.518353726362626,5056.2,858.2,864.5,869.6,861.9,200.1,202.3,205.1,206.1,4.71,80.0,4.481,5056.3,858.9,866.9,869.9,859.9,200.0,201.5,205.0,206.0,4.74,80.4,4.478,2.3,1.012,0,nominal,0,0.0,194.98,701945.3
54.8,takeoff_climb,93.12347052280312,1950.6117908787542,36.53392658509455,5060.2,859.2,867.5,868.3,859.7,200.6,200.5,206.0,206.7,4.72,81.1,4.463,5055.1,858.9,866.9,869.9,859.9,200.0,201.5,205.0,206.0,4.74,80.4,4.477,2.3,1.012,0,nominal,0,0.0,194.98,701945.2
54.9,takeoff_climb,93.11457174638487,1954.171301446051,36.54949944382648,5053.2,857.4,866.4,871.0,859.6,201.3,201.3,205.0,205.5,4.7,80.9,4.516,5054.0,858.9,866.9,869.9,859.9,200.0,201.5,205.0,206.0,4.74,80.3,4.475,2.3,1.011,0,nominal,0,0.0,194.98,701945.1
55.0,takeoff_climb,93.10567296996663,1957.730812013348,36.5650723025584,5045.6,858.1,866.0,871.1,856.2,200.3,200.9,204.0,206.0,4.76,79.4,4.513,5052.8,858.9,866.9,869.9,859.9,200.0,201.5,205.0,206.0,4.74,80.3,4.473,2.3,1.011,0,nominal,0,0.0,194.98,701945.0
55.1,takeoff_climb,93.09677419354838,1961.2903225806451,36.58064516129032,5043.9,858.7,866.0,870.8,862.6,199.7,201.4,204.1,205.8,4.78,81.0,4.442,5051.6,858.9,866.9,869.9,859.9,200.0,201.5,205.0,206.0,4.74,80.3,4.471,2.3,1.01,0,nominal,0,0.0,194.98,701944.9
55.2,takeoff_climb,93.08787541713015,1964.849833147942,36.59621802002225,5041.1,859.7,865.5,869.4,859.9,199.5,200.7,205.3,205.6,4.77,80.3,4.414,5050.5,858.8,866.8,869.8,859.8,200.0,201.5,205.0,206.0,4.74,80.3,4.47,2.2,1.01,0,nominal,0,0.0,194.98,701944.8
55.3,takeoff_climb,93.0789766407119,1968.409343715239,36.61179087875417,5053.2,859.1,866.0,868.8,860.0,199.8,202.1,205.6,205.6,4.75,80.5,4.461,5049.3,858.8,866.8,869.8,859.8,200.0,201.5,205.0,206.0,4.74,80.3,4.468,2.2,1.01,0,nominal,0,0.0,194.98,701944.7
55.4,takeoff_climb,93.07007786429367,1971.968854282536,36.62736373748609,5049.0,859.6,866.4,869.4,860.8,200.5,201.8,205.4,207.1,4.74,80.9,4.526,5048.2,858.8,866.8,869.8,859.8,200.0,201.5,205.0,206.0,4.74,80.3,4.466,2.2,1.009,0,nominal,0,0.0,194.98,701944.6
55.5,takeoff_climb,93.06117908787542,1975.528364849833,36.64293659621802,5049.7,858.1,867.3,871.4,857.5,200.4,201.7,204.4,204.8,4.72,79.1,4.531,5047.0,858.8,866.8,869.8,859.8,200.0,201.5,205.0,206.0,4.74,80.2,4.465,2.2,1.009,0,nominal,0,0.0,194.98,701944.5
55.6,takeoff_climb,93.05228031145717,1979.08787541713,36.65850945494994,5062.1,859.6,867.2,871.7,861.4,200.3,201.0,204.6,206.3,4.76,80.5,4.509,5045.9,858.8,866.8,869.8,859.8,200.0,201.5,205.0,206.0,4.74,80.2,4.463,2.1,1.009,0,nominal,0,0.0,194.98,701944.4
55.7,takeoff_climb,93.04338153503893,1982.647385984427,36.674082313681865,5040.8,858.1,865.3,869.5,859.8,199.9,201.1,205.1,205.5,4.73,80.0,4.408,5044.7,858.8,866.8,869.8,859.8,200.0,201.5,205.0,206.0,4.74,80.2,4.461,2.1,1.008,0,nominal,0,0.0,194.98,701944.3
55.8,takeoff_climb,93.03448275862068,1986.206896551724,36.689655172413794,5043.5,858.9,866.9,871.0,859.7,200.0,202.0,204.6,205.8,4.72,80.8,4.447,5043.6,858.8,866.8,869.8,859.8,200.0,201.5,205.0,206.0,4.74,80.2,4.46,2.1,1.008,0,nominal,0,0.0,194.98,701944.2
55.9,takeoff_climb,93.02558398220245,1989.766407119021,36.705228031145715,5043.1,859.5,867.2,869.5,860.5,199.9,202.5,204.1,205.8,4.75,80.6,4.457,5042.4,858.8,866.8,869.8,859.8,200.0,201.5,205.0,206.0,4.74,80.2,4.458,2.1,1.008,0,nominal,0,0.0,194.98,701944.1
56.0,takeoff_climb,93.0166852057842,1993.325917686318,36.720800889877644,5040.0,857.4,866.5,870.0,859.3,199.2,200.5,204.7,205.6,4.75,79.5,4.48,5041.3,858.8,866.8,869.8,859.8,200.0,201.5,205.0,206.0,4.74,80.2,4.456,2.0,1.007,0,nominal,0,0.0,194.98,701944.0
56.1,takeoff_climb,93.00778642936596,1996.885428253615,36.736373748609566,5040.4,859.4,867.4,869.0,858.7,200.5,202.2,203.8,205.8,4.73,79.8,4.464,5040.1,858.8,866.8,869.8,859.8,200.0,201.5,205.0,206.0,4.74,80.1,4.455,2.0,1.007,0,nominal,0,0.0,194.98,701943.9
56.2,takeoff_climb,92.99888765294772,2000.444938820912,36.751946607341495,5040.2,859.3,865.9,868.9,857.9,199.8,203.1,206.6,206.3,4.7,80.4,4.465,5039.0,858.8,866.8,869.8,859.8,200.0,201.5,205.0,206.0,4.74,80.1,4.453,2.0,1.006,0,nominal,0,0.0,194.98,701943.8
56.3,takeoff_climb,92.98998887652948,2004.004449388209,36.767519466073416,5036.5,858.3,869.4,870.7,859.9,200.1,201.2,204.8,206.4,4.75,79.4,4.419,5037.8,858.8,866.8,869.8,859.8,200.0,201.5,205.0,206.0,4.74,80.1,4.451,2.0,1.006,0,nominal,0,0.0,194.98,701943.7
56.4,takeoff_climb,92.98109010011123,2007.563959955506,36.78309232480534,5022.7,858.4,864.3,869.4,858.1,199.9,202.1,204.1,206.6,4.77,79.3,4.566,5036.7,858.8,866.8,869.8,859.8,200.0,201.5,205.0,206.0,4.74,80.1,4.45,2.0,1.006,0,nominal,0,0.0,194.98,701943.6
56.5,takeoff_climb,92.972191323693,2011.123470522803,36.79866518353727,5043.5,857.7,864.9,868.2,858.2,199.8,201.3,204.8,205.7,4.69,80.4,4.432,5035.5,858.8,866.8,869.8,859.8,200.0,201.5,205.0,206.0,4.74,80.1,4.448,1.9,1.005,0,nominal,0,0.0,194.98,701943.5
56.6,takeoff_climb,92.96329254727475,2014.6829810901,36.81423804226919,5039.3,859.8,866.2,868.5,857.7,199.5,201.1,205.2,205.9,4.77,80.2,4.473,5034.4,858.8,866.8,869.8,859.8,200.0,201.5,205.0,206.0,4.74,80.1,4.446,1.9,1.005,0,nominal,0,0.0,194.98,701943.4
56.7,takeoff_climb,92.95439377085651,2018.242491657397,36.82981090100111,5044.6,857.6,867.5,869.5,860.3,200.2,201.2,205.3,206.0,4.73,79.0,4.429,5033.2,858.8,866.8,869.8,859.8,200.0,201.5,205.0,206.0,4.74,80.0,4.445,1.9,1.005,0,nominal,0,0.0,194.98,701943.3
56.8,takeoff_climb,92.94549499443826,2021.802002224694,36.84538375973304,5033.3,859.4,866.3,872.2,860.0,199.3,201.6,204.5,205.7,4.73,80.6,4.441,5032.1,858.8,866.8,869.8,859.8,200.0,201.5,205.0,206.0,4.74,80.0,4.443,1.9,1.004,0,nominal,0,0.0,194.98,701943.2
56.9,takeoff_climb,92.93659621802003,2025.361512791991,36.86095661846496,5034.0,860.3,865.2,867.7,858.9,200.6,201.4,205.0,207.1,4.76,80.2,4.464,5030.9,858.7,866.7,869.7,859.7,200.0,201.5,205.0,206.0,4.74,80.0,4.441,1.8,1.004,0,nominal,0,0.0,194.98,701943.1
57.0,takeoff_climb,92.92769744160178,2028.921023359288,36.87652947719688,5035.8,858.6,865.6,869.7,858.7,199.7,202.5,205.7,206.2,4.75,80.2,4.456,5029.8,858.7,866.7,869.7,859.7,200.0,201.5,205.0,206.0,4.74,80.0,4.44,1.8,1.004,0,nominal,0,0.0,194.98,701943.0
57.1,takeoff_climb,92.91879866518354,2032.480533926585,36.89210233592881,5020.8,858.6,865.6,866.6,857.5,199.8,202.2,204.8,206.8,4.71,80.0,4.451,5028.6,858.7,866.7,869.7,859.7,200.0,201.5,205.0,206.0,4.74,80.0,4.438,1.8,1.003,0,nominal,0,0.0,194.98,701942.9
57.2,takeoff_climb,92.9098998887653,2036.0400444938819,36.90767519466073,5027.8,860.6,866.5,868.3,857.7,200.7,202.1,204.4,206.7,4.68,79.6,4.426,5027.5,858.7,866.7,869.7,859.7,200.0,201.5,205.0,206.0,4.74,80.0,4.436,1.8,1.003,0,nominal,0,0.0,194.98,701942.8
57.3,takeoff_climb,92.90100111234705,2039.599555061179,36.923248053392655,5038.0,856.7,866.2,870.7,861.7,199.6,201.3,203.9,205.7,4.76,80.5,4.422,5026.3,858.7,866.7,869.7,859.7,200.0,201.5,205.0,206.0,4.74,79.9,4.435,1.7,1.002,0,nominal,0,0.0,194.98,701942.7
57.4,takeoff_climb,92.89210233592881,2043.159065628476,36.938820912124584,5027.1,858.9,867.0,868.1,861.2,199.6,202.1,204.6,205.9,4.73,79.5,4.438,5025.2,858.7,866.7,869.7,859.7,200.0,201.5,205.0,206.0,4.74,79.9,4.433,1.7,1.002,0,nominal,0,0.0,194.98,701942.6
57.5,takeoff_climb,92.88320355951056,2046.718576195773,36.954393770856505,5017.1,858.7,866.8,871.6,858.3,200.0,201.3,204.8,206.0,4.75,79.8,4.422,5024.0,858.7,866.7,869.7,859.7,200.0,201.5,205.0,206.0,4.74,79.9,4.431,1.7,1.002,0,nominal,0,0.0,194.98,701942.5
57.6,takeoff_climb,92.87430478309233,2050.27808676307,36.96996662958843,5029.2,858.9,866.5,870.3,861.6,199.9,202.3,205.3,205.6,4.75,80.2,4.434,5022.9,858.7,866.7,869.7,859.7,200.0,201.5,205.0,206.0,4.74,79.9,4.43,1.7,1.001,0,nominal,0,0.0,194.98,701942.4
57.7,takeoff_climb,92.86540600667408,2053.837597330367,36.985539488320356,5019.6,859.7,866.4,869.8,858.8,199.6,202.5,205.2,206.3,4.75,80.2,4.389,5021.7,858.7,866.7,869.7,859.7,200.0,201.5,205.0,206.0,4.74,79.9,4.428,1.7,1.001,0,nominal,0,0.0,194.98,701942.3
57.8,takeoff_climb,92.85650723025584,2057.397107897664,37.00111234705228,5010.8,859.0,867.4,868.2,860.2,199.9,201.1,205.4,206.0,4.73,79.7,4.504,5020.6,858.7,866.7,869.7,859.7,200.0,201.5,205.0,206.0,4.74,79.9,4.426,1.6,1.001,0,nominal,0,0.0,194.98,701942.2
57.9,takeoff_climb,92.8476084538376,2060.956618464961,37.016685205784206,5015.3,859.5,866.6,871.9,859.6,200.6,201.7,205.7,206.2,4.71,80.6,4.513,5019.5,858.7,866.7,869.7,859.7,200.0,201.5,205.0,206.0,4.74,79.8,4.425,1.6,1.0,0,nominal,0,0.0,194.98,701942.1
58.0,takeoff_climb,92.83870967741936,2064.516129032258,37.03225806451613,5023.7,857.2,866.8,870.1,859.0,200.0,200.7,204.4,207.2,4.72,80.6,4.405,5018.3,858.7,866.7,869.7,859.7,200.0,201.5,205.0,206.0,4.74,79.8,4.423,1.6,1.0,0,nominal,0,0.0,194.98,701942.0
58.1,takeoff_climb,92.82981090100111,2068.075639599555,37.04783092324806,5020.2,860.9,863.7,870.6,859.9,199.6,201.3,204.0,207.0,4.7,81.1,4.466,5017.2,858.7,866.7,869.7,859.7,200.0,201.5,205.0,206.0,4.74,79.8,4.422,1.6,1.0,0,nominal,0,0.0,194.98,701941.9
58.2,takeoff_climb,92.82091212458288,2071.635150166852,37.06340378197998,5014.5,857.6,867.5,871.1,859.5,199.7,201.6,204.9,206.7,4.79,80.1,4.468,5016.0,858.7,866.7,869.7,859.7,200.0,201.5,205.0,206.0,4.74,79.8,4.42,1.5,0.999,0,nominal,0,0.0,194.98,701941.8
58.3,takeoff_climb,92.81201334816463,2075.194660734149,37.0789766407119,5021.7,858.3,869.3,870.1,860.9,200.0,201.8,204.3,206.7,4.75,79.5,4.475,5014.9,858.7,866.7,869.7,859.7,200.0,201.5,205.0,206.0,4.74,79.8,4.418,1.5,0.999,0,nominal,0,0.0,194.98,701941.7
58.4,takeoff_climb,92.80311457174639,2078.754171301446,37.09454949944383,5013.6,858.0,868.2,870.8,858.8,200.3,200.3,205.7,205.5,4.75,80.0,4.443,5013.7,858.7,866.7,869.7,859.7,200.0,201.5,205.0,206.0,4.74,79.8,4.417,1.5,0.999,0,nominal,0,0.0,194.98,701941.6
58.5,takeoff_climb,92.79421579532814,2082.313681868743,37.11012235817575,5011.9,859.4,867.4,868.2,857.6,199.5,202.9,205.2,206.4,4.77,79.0,4.388,5012.6,858.6,866.6,869.6,859.6,200.0,201.5,205.0,206.0,4.74,79.7,4.415,1.5,0.998,0,nominal,0,0.0,194.98,701941.5
58.6,takeoff_climb,92.7853170189099,2085.87319243604,37.12569521690767,5012.3,857.4,867.0,868.4,860.3,200.2,202.3,205.9,206.1,4.71,79.3,4.42,5011.4,858.6,866.6,869.6,859.6,200.0,201.5,205.0,206.0,4.74,79.7,4.413,1.4,0.998,0,nominal,0,0.0,194.98,701941.4
58.7,takeoff_climb,92.77641824249166,2089.432703003337,37.1412680756396,5009.7,858.8,869.3,869.5,859.1,198.9,201.4,204.5,206.4,4.73,80.4,4.443,5010.3,858.6,866.6,869.6,859.6,200.0,201.5,205.0,206.0,4.74,79.7,4.412,1.4,0.997,0,nominal,0,0.0,194.98,701941.3
58.8,takeoff_climb,92.76751946607341,2092.992213570634,37.15684093437152,5006.8,859.9,866.7,867.8,857.8,200.6,201.9,205.0,205.0,4.73,79.6,4.44,5009.2,858.6,866.6,869.6,859.6,200.0,201.5,205.0,206.0,4.74,79.7,4.41,1.4,0.997,0,nominal,0,0.0,194.98,701941.2
58.9,takeoff_climb,92.75862068965517,2096.5517241379307,37.172413793103445,5007.7,861.3,867.3,869.8,856.9,200.1,202.2,204.6,207.8,4.8,78.7,4.414,5008.0,858.6,866.6,869.6,859.6,200.0,201.5,205.0,206.0,4.74,79.7,4.408,1.4,0.997,0,nominal,0,0.0,194.98,701941.1
59.0,takeoff_climb,92.74972191323693,2100.111234705228,37.187986651835374,5012.5,858.6,866.7,868.2,859.5,200.2,201.5,205.3,205.7,4.72,80.6,4.437,5006.9,858.6,866.6,869.6,859.6,200.0,201.5,205.0,206.0,4.74,79.7,4.407,1.3,0.996,0,nominal,0,0.0,194.98,701941.0
59.1,takeoff_climb,92.74082313681869,2103.670745272525,37.203559510567295,5005.2,858.4,866.0,867.6,858.2,200.6,201.2,204.6,206.2,4.71,79.5,4.46,5005.7,858.6,866.6,869.6,859.6,200.0,201.5,205.0,206.0,4.74,79.6,4.405,1.3,0.996,0,nominal,0,0.0,194.98,701940.9
59.2,takeoff_climb,92.73192436040044,2107.230255839822,37.21913236929922,5011.8,860.2,868.3,870.5,859.7,198.9,201.3,205.2,205.7,4.73,79.6,4.38,5004.6,858.6,866.6,869.6,859.6,200.0,201.5,205.0,206.0,4.74,79.6,4.403,1.3,0.996,0,nominal,0,0.0,194.98,701940.8
59.3,takeoff_climb,92.7230255839822,2110.789766407119,37.234705228031146,5009.3,858.1,866.8,870.3,861.8,199.4,201.1,204.9,206.1,4.69,80.1,4.406,5003.4,858.6,866.6,869.6,859.6,200.0,201.5,205.0,206.0,4.74,79.6,4.402,1.3,0.995,0,nominal,0,0.0,194.98,701940.7
59.4,takeoff_climb,92.71412680756396,2114.3492769744157,37.25027808676307,4997.7,857.6,867.8,871.6,860.0,200.1,200.3,205.7,206.2,4.72,79.7,4.428,5002.3,858.6,866.6,869.6,859.6,200.0,201.5,205.0,206.0,4.74,79.6,4.4,1.3,0.995,0,nominal,0,0.0,194.98,701940.6
59.5,takeoff_climb,92.70522803114572,2117.908787541713,37.265850945494996,4992.3,857.5,867.1,870.1,859.4,199.2,202.0,205.6,206.9,4.74,79.7,4.445,5001.2,858.6,866.6,869.6,859.6,200.0,201.5,205.0,206.0,4.74,79.6,4.398,1.2,0.995,0,nominal,0,0.0,194.98,701940.5
59.6,takeoff_climb,92.69632925472747,2121.46829810901,37.28142380422692,4999.0,858.7,867.7,870.3,858.2,200.9,201.5,205.0,207.1,4.73,79.9,4.406,5000.0,858.6,866.6,869.6,859.6,200.0,201.5,205.0,206.0,4.74,79.5,4.397,1.2,0.994,0,nominal,0,0.0,194.98,701940.4
59.7,takeoff_climb,92.68743047830924,2125.027808676307,37.29699666295885,4995.8,859.6,865.7,869.7,859.8,200.6,202.0,204.2,205.6,4.77,79.9,4.401,4998.9,858.6,866.6,869.6,859.6,200.0,201.5,205.0,206.0,4.74,79.5,4.395,1.2,0.994,0,nominal,0,0.0,194.98,701940.3
59.8,takeoff_climb,92.67853170189099,2128.587319243604,37.31256952169077,4998.1,860.7,865.8,870.1,858.2,199.1,201.5,205.4,206.1,4.7,79.6,4.408,4997.7,858.6,866.6,869.6,859.6,200.0,201.5,205.0,206.0,4.74,79.5,4.393,1.2,0.994,0,nominal,0,0.0,194.98,701940.2
59.9,takeoff_climb,92.66963292547274,2132.1468298109007,37.32814238042269,4993.1,859.9,867.6,868.9,860.7,199.7,201.3,204.0,205.7,4.71,79.3,4.415,4996.6,858.6,866.6,869.6,859.6,200.0,201.5,205.0,206.0,4.74,79.5,4.392,1.1,0.993,0,nominal,0,0.0,194.98,701940.1
60.0,takeoff_climb,92.6607341490545,2135.7063403781976,37.34371523915462,5000.8,859.9,866.7,869.1,860.6,200.4,200.8,204.9,205.2,4.76,79.5,4.438,4995.5,858.6,866.6,869.6,859.6,200.0,201.5,205.0,206.0,4.74,79.5,4.39,1.1,0.993,0,nominal,0,0.0,194.98,701940.0
60.1,takeoff_climb,92.65183537263626,2139.265850945495,37.35928809788654,4991.1,859.0,866.1,867.9,862.5,200.7,201.2,205.7,205.6,4.69,80.0,4.367,4994.3,858.6,866.6,869.6,859.6,200.0,201.5,205.0,206.0,4.74,79.5,4.388,1.1,0.992,0,nominal,0,0.0,194.98,701939.9
60.2,takeoff_climb,92.64293659621802,2142.825361512792,37.37486095661846,4995.6,857.3,867.5,869.0,857.4,199.7,202.2,204.6,206.6,4.76,79.0,4.372,4993.2,858.5,866.5,869.5,859.5,200.0,201.5,205.0,206.0,4.74,79.4,4.387,1.1,0.992,0,nominal,0,0.0,194.98,701939.8
60.3,takeoff_climb,92.63403781979977,2146.384872080089,37.39043381535039,4987.1,858.8,868.2,869.4,860.6,200.7,202.8,205.4,206.4,4.71,79.1,4.329,4992.0,858.5,866.5,869.5,859.5,200.0,201.5,205.0,206.0,4.74,79.4,4.385,1.0,0.992,0,nominal,0,0.0,194.98,701939.7
60.4,takeoff_climb,92.62513904338154,2149.9443826473857,37.40600667408231,4991.4,859.8,866.8,869.0,861.1,200.2,200.8,204.8,207.0,4.73,79.6,4.388,4990.9,858.5,866.5,869.5,859.5,200.0,201.5,205.0,206.0,4.74,79.4,4.384,1.0,0.991,0,nominal,0,0.0,194.98,701939.6
60.5,takeoff_climb,92.61624026696329,2153.5038932146826,37.421579532814235,4992.5,857.7,868.2,868.5,860.9,200.6,201.3,204.9,206.2,4.74,79.5,4.37,4989.8,858.5,866.5,869.5,859.5,200.0,201.5,205.0,206.0,4.74,79.4,4.382,1.0,0.991,0,nominal,0,0.0,194.98,701939.5
60.6,takeoff_climb,92.60734149054505,2157.06340378198,37.437152391546164,4993.6,859.5,867.6,867.4,860.4,200.1,200.7,206.2,206.4,4.72,80.0,4.394,4988.6,858.5,866.5,869.5,859.5,200.0,201.5,205.0,206.0,4.74,79.4,4.38,1.0,0.991,0,nominal,0,0.0,194.98,701939.4
60.7,takeoff_climb,92.5984427141268,2160.622914349277,37.452725250278085,4997.6,858.3,863.8,867.6,860.5,201.4,201.2,205.4,206.3,4.74,79.3,4.408,4987.5,858.5,866.5,869.5,859.5,200.0,201.5,205.0,206.0,4.74,79.4,4.379,1.0,0.99,0,nominal,0,0.0,194.98,701939.3
60.8,takeoff_climb,92.58954393770857,2164.182424916574,37.46829810901001,4987.3,857.5,866.1,870.1,860.9,200.3,201.6,205.0,206.0,4.75,79.2,4.379,4986.3,858.5,866.5,869.5,859.5,200.0,201.5,205.0,206.0,4.74,79.3,4.377,0.9,0.99,0,nominal,0,0.0,194.98,701939.2
60.9,takeoff_climb,92.58064516129032,2167.7419354838707,37.483870967741936,4991.2,857.4,865.5,868.3,858.2,199.9,201.9,205.2,205.6,4.76,79.1,4.393,4985.2,858.5,866.5,869.5,859.5,200.0,201.5,205.0,206.0,4.74,79.3,4.375,0.9,0.99,0,nominal,0,0.0,194.98,701939.1
61.0,takeoff_climb,92.57174638487209,2171.3014460511677,37.49944382647386,4995.3,858.8,867.1,870.0,857.7,199.2,202.1,206.1,205.9,4.75,79.1,4.38,4984.1,858.5,866.5,869.5,859.5,200.0,201.5,205.0,206.0,4.74,79.3,4.374,0.9,0.989,0,nominal,0,0.0,194.98,701939.0
61.1,takeoff_climb,92.56284760845384,2174.860956618465,37.51501668520579,4988.4,859.9,864.4,873.0,859.7,200.4,200.9,204.5,205.9,4.74,79.4,4.363,4982.9,858.5,866.5,869.5,859.5,200.0,201.5,205.0,206.0,4.74,79.3,4.372,0.9,0.989,0,nominal,0,0.0,194.98,701938.9
61.2,takeoff_climb,92.5539488320356,2178.420467185762,37.53058954393771,4978.1,857.1,866.8,868.7,857.0,200.1,200.5,206.1,206.1,4.73,78.6,4.338,4981.8,858.5,866.5,869.5,859.5,200.0,201.5,205.0,206.0,4.73,79.3,4.37,0.8,0.989,0,nominal,0,0.0,194.98,701938.8
61.3,takeoff_climb,92.54505005561735,2181.979977753059,37.54616240266964,4975.4,858.2,866.5,869.2,861.9,200.7,201.8,204.2,206.4,4.73,79.1,4.338,4980.7,858.5,866.5,869.5,859.5,200.0,201.5,205.0,206.0,4.73,79.2,4.369,0.8,0.988,0,nominal,0,0.0,194.98,701938.7
61.4,takeoff_climb,92.53615127919912,2185.5394883203558,37.56173526140156,4979.2,858.5,864.4,869.4,859.1,199.5,201.9,205.0,205.7,4.75,78.7,4.381,4979.5,858.5,866.5,869.5,859.5,200.0,201.5,205.0,206.0,4.73,79.2,4.367,0.8,0.988,0,nominal,0,0.0,194.98,701938.6
61.5,takeoff_climb,92.52725250278087,2189.0989988876527,37.57730812013348,4982.5,859.1,864.9,869.5,860.3,199.8,202.2,205.2,207.1,4.7,79.4,4.381,4978.4,858.5,866.5,869.5,859.5,200.0,201.5,205.0,206.0,4.73,79.2,4.366,0.8,0.988,0,nominal,0,0.0,194.98,701938.5
61.6,takeoff_climb,92.51835372636262,2192.65850945495,37.59288097886541,4969.5,859.8,866.8,868.0,860.5,200.1,201.7,204.1,206.2,4.75,80.0,4.316,4977.3,858.5,866.5,869.5,859.5,200.0,201.5,205.0,206.0,4.73,79.2,4.364,0.7,0.987,0,nominal,0,0.0,194.98,701938.4
61.7,takeoff_climb,92.50945494994438,2196.218020022247,37.60845383759733,4976.7,858.8,866.0,870.8,857.0,198.8,201.1,205.4,205.6,4.71,79.8,4.365,4976.1,858.5,866.5,869.5,859.5,200.0,201.5,205.0,206.0,4.73,79.2,4.362,0.7,0.987,0,nominal,0,0.0,194.98,701938.3
61.8,takeoff_climb,92.50055617352614,2199.777530589544,37.62402669632925,4978.7,858.5,867.9,870.5,861.4,200.1,201.9,203.7,205.5,4.76,79.1,4.362,4975.0,858.4,866.4,869.4,859.4,200.0,201.5,205.0,206.0,4.73,79.2,4.361,0.7,0.986,0,nominal,0,0.0,194.98,701938.2
61.9,takeoff_climb,92.4916573971079,2203.3370411568408,37.63959955506118,4973.4,857.7,866.0,871.6,861.8,199.6,202.2,204.5,205.2,4.73,78.8,4.374,4973.8,858.4,866.4,869.4,859.4,200.0,201.5,205.0,206.0,4.73,79.1,4.359,0.7,0.986,0,nominal,0,0.0,194.98,701938.1
62.0,takeoff_climb,92.48275862068965,2206.8965517241377,37.6551724137931,4980.6,858.6,866.3,868.8,860.2,200.5,201.4,205.7,206.5,4.76,79.0,4.349,4972.7,858.4,866.4,869.4,859.4,200.0,201.5,205.0,206.0,4.73,79.1,4.357,0.7,0.986,0,nominal,0,0.0,194.98,701938.0
62.1,takeoff_climb,92.47385984427142,2210.4560622914346,37.670745272525025,4978.2,859.4,867.6,869.8,858.5,200.2,201.6,204.3,205.6,4.69,79.9,4.407,4971.6,858.4,866.4,869.4,859.4,200.0,201.5,205.0,206.0,4.73,79.1,4.356,0.6,0.985,0,nominal,0,0.0,194.98,701937.9
62.2,takeoff_climb,92.46496106785317,2214.015572858732,37.686318131256954,4978.7,858.1,863.2,868.8,861.8,200.1,201.5,204.3,206.4,4.69,78.9,4.337,4970.4,858.4,866.4,869.4,859.4,200.0,201.5,205.0,206.0,4.73,79.1,4.354,0.6,0.985,0,nominal,0,0.0,194.98,701937.8
62.3,takeoff_climb,92.45606229143493,2217.575083426029,37.701890989988875,4972.9,857.6,867.4,870.4,856.5,199.8,202.3,204.6,205.7,4.73,80.1,4.365,4969.3,858.4,866.4,869.4,859.4,200.0,201.5,205.0,206.0,4.73,79.1,4.352,0.6,0.985,0,nominal,0,0.0,194.98,701937.7
62.4,takeoff_climb,92.44716351501668,2221.134593993326,37.7174638487208,4966.5,858.8,863.9,867.4,859.1,199.7,201.9,205.4,206.5,4.73,79.0,4.335,4968.2,858.4,866.4,869.4,859.4,200.0,201.5,205.0,206.0,4.73,79.0,4.351,0.6,0.984,0,nominal,0,0.0,194.98,701937.6
62.5,takeoff_climb,92.43826473859845,2224.6941045606227,37.733036707452726,4972.8,859.8,866.6,869.7,858.4,199.1,201.5,204.9,206.1,4.72,78.7,4.322,4967.0,858.4,866.4,869.4,859.4,200.0,201.5,205.0,206.0,4.73,79.0,4.349,0.5,0.984,0,nominal,0,0.0,194.98,701937.5
62.6,takeoff_climb,92.4293659621802,2228.2536151279196,37.74860956618465,4966.8,858.0,867.6,873.5,861.1,200.0,202.9,206.0,205.5,4.71,78.7,4.39,4965.9,858.4,866.4,869.4,859.4,200.0,201.5,205.0,206.0,4.73,79.0,4.348,0.5,0.984,0,nominal,0,0.0,194.98,701937.4
62.7,takeoff_climb,92.42046718576196,2231.813125695217,37.76418242491657,4975.0,859.0,867.3,867.2,860.7,200.4,201.7,205.3,208.4,4.75,79.2,4.345,4964.8,858.4,866.4,869.4,859.4,200.0,201.5,205.0,206.0,4.73,79.0,4.346,0.5,0.983,0,nominal,0,0.0,194.98,701937.3
62.8,takeoff_climb,92.41156840934372,2235.372636262514,37.7797552836485,4967.1,858.8,865.0,867.0,859.0,198.6,201.9,205.3,206.5,4.73,78.5,4.333,4963.7,858.4,866.4,869.4,859.4,200.0,201.5,205.0,206.0,4.73,79.0,4.344,0.5,0.983,0,nominal,0,0.0,194.98,701937.2
62.9,takeoff_climb,92.40266963292547,2238.932146829811,37.79532814238042,4957.9,857.5,866.5,868.5,860.5,199.6,201.6,204.3,206.5,4.69,78.8,4.354,4962.5,858.4,866.4,869.4,859.4,200.0,201.5,205.0,206.0,4.73,78.9,4.343,0.4,0.983,0,nominal,0,0.0,194.98,701937.1
63.0,takeoff_climb,92.39377085650723,2242.4916573971077,37.81090100111235,4959.6,857.4,865.5,870.3,860.8,199.7,202.6,205.4,206.1,4.72,78.8,4.327,4961.4,858.4,866.4,869.4,859.4,200.0,201.5,205.0,206.0,4.73,78.9,4.341,0.4,0.982,0,nominal,0,0.0,194.98,701937.0
63.1,takeoff_climb,92.38487208008898,2246.0511679644046,37.82647385984427,4963.7,861.2,865.4,868.2,860.5,199.9,201.7,206.0,206.4,4.68,79.4,4.34,4960.3,858.4,866.4,869.4,859.4,200.0,201.5,205.0,206.0,4.73,78.9,4.339,0.4,0.982,0,nominal,0,0.0,194.98,701936.9
63.2,takeoff_climb,92.37597330367075,2249.6106785317015,37.8420467185762,4952.4,859.8,863.6,868.4,857.9,199.0,201.5,205.8,205.7,4.74,79.0,4.305,4959.1,858.4,866.4,869.4,859.4,200.0,201.5,205.0,206.0,4.73,78.9,4.338,0.4,0.981,0,nominal,0,0.0,194.98,701936.8
63.3,takeoff_climb,92.3670745272525,2253.170189098999,37.85761957730812,4959.1,858.7,868.1,868.1,859.7,199.8,202.8,204.4,206.4,4.75,78.9,4.332,4958.0,858.4,866.4,869.4,859.4,200.0,201.5,205.0,206.0,4.73,78.9,4.336,0.4,0.981,0,nominal,0,0.0,194.98,701936.7
63.4,takeoff_climb,92.35817575083426,2256.729699666296,37.87319243604004,4963.4,855.4,865.5,867.3,859.8,200.6,201.5,205.5,206.2,4.69,79.7,4.305,4956.9,858.3,866.3,869.3,859.3,200.0,201.5,205.0,206.0,4.73,78.9,4.335,0.3,0.981,0,nominal,0,0.0,194.98,701936.6
63.5,takeoff_climb,92.34927697441601,2260.2892102335927,37.88876529477197,4949.2,858.2,865.8,868.9,859.6,198.8,200.1,205.7,205.6,4.72,78.9,4.299,4955.7,858.3,866.3,869.3,859.3,200.0,201.5,205.0,206.0,4.73,78.8,4.333,0.3,0.98,0,nominal,0,0.0,194.98,701936.5
63.6,takeoff_climb,92.34037819799778,2263.8487208008896,37.90433815350389,4960.5,858.3,867.8,873.2,858.2,199.8,200.7,204.6,207.2,4.73,78.4,4.336,4954.6,858.3,866.3,869.3,859.3,200.0,201.5,205.0,206.0,4.73,78.8,4.331,0.3,0.98,0,nominal,0,0.0,194.98,701936.4
63.7,takeoff_climb,92.33147942157953,2267.4082313681865,37.919911012235815,4947.0,858.8,867.9,871.0,861.5,200.3,200.7,203.9,204.9,4.75,78.9,4.293,4953.5,858.3,866.3,869.3,859.3,200.0,201.5,205.0,206.0,4.73,78.8,4.33,0.3,0.98,0,nominal,0,0.0,194.98,701936.3
63.8,takeoff_climb,92.3225806451613,2270.967741935484,37.935483870967744,4949.2,857.5,863.8,870.6,858.1,201.0,199.8,205.2,206.1,4.76,79.1,4.306,4952.3,858.3,866.3,869.3,859.3,200.0,201.5,205.0,206.0,4.73,78.8,4.328,0.2,0.979,0,nominal,0,0.0,194.98,701936.2
63.9,takeoff_climb,92.31368186874305,2274.527252502781,37.951056729699665,4952.9,859.5,867.4,869.9,862.5,201.0,200.8,206.6,206.3,4.71,78.1,4.337,4951.2,858.3,866.3,869.3,859.3,200.0,201.5,205.0,206.0,4.73,78.8,4.326,0.2,0.979,0,nominal,0,0.0,194.98,701936.1
64.0,takeoff_climb,92.30478309232481,2278.0867630700777,37.96662958843159,4949.5,858.1,864.5,868.6,858.5,199.8,201.0,203.8,205.2,4.73,78.3,4.278,4950.1,858.3,866.3,869.3,859.3,200.0,201.5,205.0,206.0,4.73,78.7,4.325,0.2,0.979,0,nominal,0,0.0,194.98,701936.0
64.1,takeoff_climb,92.29588431590656,2281.6462736373746,37.982202447163516,4948.9,861.0,864.6,869.1,859.6,200.1,201.4,204.7,206.1,4.76,78.9,4.294,4949.0,858.3,866.3,869.3,859.3,200.0,201.5,205.0,206.0,4.73,78.7,4.323,0.2,0.978,0,nominal,0,0.0,194.98,701935.9
64.2,takeoff_climb,92.28698553948831,2285.2057842046715,37.99777530589544,4953.9,859.8,863.9,869.2,858.9,200.4,201.8,203.6,205.9,4.69,79.5,4.36,4947.8,858.3,866.3,869.3,859.3,200.0,201.5,205.0,206.0,4.73,78.7,4.322,0.1,0.978,0,nominal,0,0.0,194.98,701935.8
64.3,takeoff_climb,92.27808676307008,2288.765294771969,38.01334816462736,4943.0,856.3,866.7,868.8,857.9,200.3,200.8,205.6,204.8,4.78,78.4,4.37,4946.7,858.3,866.3,869.3,859.3,200.0,201.5,205.0,206.0,4.73,78.7,4.32,0.1,0.978,0,nominal,0,0.0,194.98,701935.7
64.4,takeoff_climb,92.26918798665183,2292.324805339266,38.02892102335929,4939.6,859.0,867.5,867.9,858.5,200.2,201.6,205.1,206.1,4.77,78.7,4.345,4945.6,858.3,866.3,869.3,859.3,200.0,201.5,205.0,206.0,4.73,78.7,4.318,0.1,0.977,0,nominal,0,0.0,194.98,701935.6
64.5,takeoff_climb,92.2602892102336,2295.8843159065627,38.04449388209121,4943.9,856.8,861.7,866.7,859.5,199.6,200.8,204.5,204.9,4.74,78.8,4.327,4944.5,858.3,866.3,869.3,859.3,200.0,201.5,205.0,206.0,4.73,78.6,4.317,0.1,0.977,0,nominal,0,0.0,194.98,701935.5
64.6,takeoff_climb,92.25139043381535,2299.4438264738596,38.06006674082314,4944.5,856.1,867.1,869.1,861.1,199.4,200.6,204.6,205.8,4.71,78.5,4.255,4943.3,858.3,866.3,869.3,859.3,200.0,201.5,205.0,206.0,4.73,78.6,4.315,0.1,0.977,0,nominal,0,0.0,194.98,701935.4
64.7,takeoff_climb,92.24249165739711,2303.0033370411566,38.07563959955506,4948.5,859.1,867.2,869.2,859.7,199.5,201.8,205.1,205.1,4.71,79.1,4.267,4942.2,858.3,866.3,869.3,859.3,200.0,201.5,205.0,206.0,4.73,78.6,4.314,0.0,0.976,0,nominal,0,0.0,194.98,701935.3
64.8,takeoff_climb,92.23359288097886,2306.562847608454,38.09121245828699,4942.6,858.4,865.8,869.9,858.2,200.3,201.6,205.9,205.8,4.73,78.4,4.333,4941.1,858.3,866.3,869.3,859.3,200.0,201.5,205.0,206.0,4.73,78.6,4.312,0.0,0.976,0,nominal,0,0.0,194.98,701935.2
64.9,takeoff_climb,92.22469410456063,2310.122358175751,38.10678531701891,4943.0,858.2,865.0,869.2,859.1,199.8,201.7,205.7,206.2,4.7,79.4,4.248,4939.9,858.3,866.3,869.3,859.3,200.0,201.5,205.0,206.0,4.73,78.6,4.31,-0.0,0.975,0,nominal,0,0.0,194.98,701935.1
65.0,takeoff_climb,92.21579532814238,2313.6818687430477,38.12235817575083,4937.8,858.1,865.8,867.7,857.4,200.6,201.5,205.5,205.7,4.72,78.3,4.332,4938.8,858.2,866.2,869.2,859.2,200.0,201.5,205.0,206.0,4.73,78.5,4.309,-0.0,0.975,0,nominal,0,0.0,194.98,701935.0
65.1,takeoff_climb,92.20689655172414,2317.2413793103447,38.13793103448276,4938.4,859.0,866.1,868.4,858.7,201.0,200.9,204.6,205.6,4.69,78.9,4.302,4937.7,858.2,866.2,869.2,859.2,200.0,201.5,205.0,206.0,4.73,78.5,4.307,-0.1,0.975,0,nominal,0,0.0,194.98,701934.9
65.2,takeoff_climb,92.1979977753059,2320.8008898776416,38.15350389321468,4937.9,857.6,866.7,869.7,858.0,201.1,202.4,204.8,206.1,4.77,79.2,4.298,4936.6,858.2,866.2,869.2,859.2,200.0,201.5,204.9,205.9,4.73,78.5,4.305,-0.1,0.974,0,nominal,0,0.0,194.98,701934.8
65.3,takeoff_climb,92.18909899888766,2324.3604004449385,38.169076751946605,4928.0,859.5,869.0,869.3,859.1,199.3,202.1,204.8,205.7,4.77,79.5,4.307,4935.4,858.2,866.2,869.2,859.2,200.0,201.5,204.9,205.9,4.73,78.5,4.304,-0.1,0.974,0,nominal,0,0.0,194.98,701934.7
65.4,takeoff_climb,92.18020022246941,2327.919911012236,38.184649610678534,4937.2,855.7,868.3,869.3,859.0,199.5,200.9,204.5,206.2,4.71,78.3,4.307,4934.3,858.2,866.2,869.2,859.2,200.0,201.5,204.9,205.9,4.73,78.5,4.302,-0.1,0.974,0,nominal,0,0.0,194.98,701934.6
65.5,takeoff_climb,92.17130144605117,2331.4794215795328,38.200222469410456,4931.3,858.6,866.3,870.1,859.8,199.6,201.7,205.1,204.5,4.72,78.5,4.334,4933.2,858.2,866.2,869.2,859.2,200.0,201.5,204.9,205.9,4.73,78.5,4.301,-0.2,0.973,0,nominal,0,0.0,194.98,701934.5
65.6,takeoff_climb,92.16240266963293,2335.0389321468297,38.21579532814238,4925.8,858.3,865.7,867.5,860.3,200.6,201.6,204.7,205.7,4.76,78.4,4.323,4932.1,858.2,866.2,869.2,859.2,200.0,201.5,204.9,205.9,4.73,78.4,4.299,-0.2,0.973,0,nominal,0,0.0,194.98,701934.4
65.7,takeoff_climb,92.15350389321469,2338.5984427141266,38.231368186874306,4921.5,857.1,866.5,869.7,861.2,199.3,202.1,205.2,206.7,4.72,78.5,4.34,4930.9,858.2,866.2,869.2,859.2,200.0,201.4,204.9,205.9,4.73,78.4,4.297,-0.2,0.973,0,nominal,0,0.0,194.98,701934.3
65.8,takeoff_climb,92.14460511679644,2342.1579532814235,38.24694104560623,4926.4,859.2,864.2,869.6,857.2,199.8,201.4,206.0,206.2,4.73,77.8,4.319,4929.8,858.2,866.2,869.2,859.2,199.9,201.4,204.9,205.9,4.73,78.4,4.296,-0.2,0.972,0,nominal,0,0.0,194.98,701934.2
65.9,takeoff_climb,92.13570634037819,2345.717463848721,38.26251390433815,4920.6,856.8,867.4,870.9,859.1,199.8,201.5,205.8,206.6,4.73,78.3,4.309,4928.7,858.2,866.2,869.2,859.2,199.9,201.4,204.9,205.9,4.73,78.4,4.294,-0.2,0.972,0,nominal,0,0.0,194.98,701934.1
66.0,takeoff_climb,92.12680756395996,2349.2769744160178,38.27808676307008,4931.8,857.4,866.3,870.8,860.3,199.7,200.8,204.3,206.1,4.72,78.1,4.278,4927.6,858.2,866.2,869.2,859.2,199.9,201.4,204.9,205.9,4.73,78.4,4.293,-0.3,0.972,0,nominal,0,0.0,194.98,701934.0
66.1,takeoff_climb,92.11790878754171,2352.8364849833147,38.293659621802,4930.6,856.7,865.0,869.9,860.2,200.5,201.9,205.2,206.4,4.71,78.8,4.335,4926.5,858.2,866.2,869.2,859.2,199.9,201.4,204.9,205.9,4.73,78.3,4.291,-0.3,0.971,0,nominal,0,0.0,194.98,701933.9
66.2,takeoff_climb,92.10901001112347,2356.3959955506116,38.30923248053393,4924.3,859.3,866.2,870.4,856.0,199.5,201.8,205.0,205.8,4.75,78.0,4.271,4925.3,858.2,866.2,869.2,859.2,199.9,201.4,204.9,205.9,4.73,78.3,4.289,-0.3,0.971,0,nominal,0,0.0,194.98,701933.8
66.3,takeoff_climb,92.10011123470522,2359.9555061179085,38.32480533926585,4921.4,858.0,864.5,868.8,858.6,200.5,200.8,204.3,206.3,4.71,77.9,4.271,4924.2,858.2,866.2,869.2,859.2,199.9,201.4,204.9,205.9,4.73,78.3,4.288,-0.3,0.971,0,nominal,0,0.0,194.98,701933.7
66.4,takeoff_climb,92.09121245828699,2363.5150166852054,38.34037819799778,4915.4,858.3,864.3,869.6,857.8,199.8,201.6,204.2,206.5,4.74,78.0,4.29,4923.1,858.2,866.2,869.2,859.2,199.9,201.4,204.9,205.9,4.72,78.3,4.286,-0.4,0.97,0,nominal,0,0.0,194.98,701933.6
66.5,takeoff_climb,92.08231368186874,2367.074527252503,38.3559510567297,4928.5,858.7,867.2,869.8,859.9,199.0,200.4,205.0,206.4,4.72,78.2,4.259,4922.0,858.2,866.2,869.2,859.2,199.9,201.4,204.9,205.9,4.72,78.3,4.285,-0.4,0.97,0,nominal,0,0.0,194.98,701933.5
66.6,takeoff_climb,92.0734149054505,2370.6340378197997,38.37152391546162,4917.0,858.2,865.4,872.0,856.2,199.8,200.5,205.1,205.4,4.73,79.1,4.303,4920.8,858.1,866.1,869.1,859.1,199.9,201.4,204.9,205.9,4.72,78.2,4.283,-0.4,0.97,0,nominal,0,0.0,194.98,701933.4
66.7,takeoff_climb,92.06451612903226,2374.1935483870966,38.38709677419355,4918.3,857.6,863.3,868.8,859.8,199.9,201.2,204.9,205.7,4.74,78.1,4.261,4919.7,858.1,866.1,869.1,859.1,199.9,201.4,204.9,205.9,4.72,78.2,4.281,-0.4,0.969,0,nominal,0,0.0,194.98,701933.3
66.8,takeoff_climb,92.05561735261402,2377.7530589543935,38.40266963292547,4911.9,858.6,866.8,868.3,861.0,200.5,200.1,204.9,205.8,4.74,77.9,4.292,4918.6,858.1,866.1,869.1,859.1,199.9,201.4,204.9,205.9,4.72,78.2,4.28,-0.5,0.969,0,nominal,0,0.0,194.98,701933.2
66.9,takeoff_climb,92.04671857619577,2381.3125695216904,38.418242491657395,4915.7,857.6,865.6,868.2,857.8,200.1,201.0,204.5,206.6,4.71,78.4,4.239,4917.5,858.1,866.1,869.1,859.1,199.9,201.4,204.9,205.9,4.72,78.2,4.278,-0.5,0.968,0,nominal,0,0.0,194.98,701933.1
67.0,takeoff_climb,92.03781979977754,2384.872080088988,38.433815350389324,4912.0,859.1,866.6,869.2,860.0,200.7,200.9,205.1,206.1,4.74,78.4,4.275,4916.4,858.1,866.1,869.1,859.1,199.9,201.4,204.9,205.9,4.72,78.2,4.277,-0.5,0.968,0,nominal,0,0.0,194.98,701933.0
67.1,takeoff_climb,92.02892102335929,2388.4315906562847,38.449388209121246,4917.0,859.0,863.9,869.5,857.5,199.6,201.3,204.5,205.2,4.72,77.9,4.286,4915.2,858.1,866.1,869.1,859.1,199.9,201.4,204.9,205.9,4.72,78.1,4.275,-0.5,0.968,0,nominal,0,0.0,194.98,701932.9
67.2,takeoff_climb,92.02002224694104,2391.9911012235816,38.46496106785317,4912.5,857.5,865.7,867.2,858.4,200.2,201.3,204.7,205.6,4.73,77.7,4.266,4914.1,858.1,866.1,869.1,859.1,199.9,201.4,204.9,205.9,4.72,78.1,4.273,-0.5,0.967,0,nominal,0,0.0,194.98,701932.8
67.3,takeoff_climb,92.0111234705228,2395.5506117908785,38.480533926585096,4916.4,859.7,868.5,866.5,860.5,199.9,201.4,205.0,206.3,4.72,78.5,4.293,4913.0,858.1,866.1,869.1,859.1,199.9,201.4,204.9,205.9,4.72,78.1,4.272,-0.6,0.967,0,nominal,0,0.0,194.98,701932.7
67.4,takeoff_climb,92.00222469410456,2399.1101223581754,38.49610678531702,4911.5,858.6,867.7,868.4,859.0,199.6,201.0,205.2,206.1,4.72,78.0,4.227,4911.9,858.1,866.1,869.1,859.1,199.9,201.4,204.9,205.9,4.72,78.1,4.27,-0.6,0.967,0,nominal,0,0.0,194.98,701932.6
67.5,takeoff_climb,91.99332591768632,2402.669632925473,38.51167964404894,4917.5,859.6,864.4,869.8,859.4,200.0,201.8,204.9,205.0,4.77,78.4,4.262,4910.8,858.1,866.1,869.1,859.1,199.9,201.4,204.9,205.9,4.72,78.1,4.269,-0.6,0.966,0,nominal,0,0.0,194.98,701932.5
67.6,takeoff_climb,91.98442714126807,2406.2291434927697,38.52725250278087,4912.8,858.5,866.8,870.0,859.7,199.3,201.9,204.5,206.0,4.73,77.9,4.308,4909.6,858.1,866.1,869.1,859.1,199.9,201.4,204.9,205.9,4.72,78.0,4.267,-0.6,0.966,0,nominal,0,0.0,194.98,701932.4
67.7,takeoff_climb,91.97552836484984,2409.7886540600666,38.54282536151279,4909.6,857.2,866.6,868.1,860.5,200.1,202.4,204.8,206.0,4.7,77.9,4.25,4908.5,858.1,866.1,869.1,859.1,199.9,201.4,204.9,205.9,4.72,78.0,4.265,-0.7,0.966,0,nominal,0,0.0,194.98,701932.3
67.8,takeoff_climb,91.96662958843159,2413.3481646273635,38.55839822024471,4910.0,857.8,866.0,868.7,858.6,199.9,202.0,205.0,205.9,4.76,78.3,4.229,4907.4,858.1,866.1,869.1,859.1,199.9,201.4,204.9,205.9,4.72,78.0,4.264,-0.7,0.965,0,nominal,0,0.0,194.98,701932.2
67.9,takeoff_climb,91.95773081201335,2416.9076751946604,38.57397107897664,4900.7,858.1,863.6,870.3,857.6,199.9,201.0,204.4,205.7,4.7,78.8,4.275,4906.3,858.1,866.1,869.1,859.1,199.9,201.4,204.9,205.9,4.72,78.0,4.262,-0.7,0.965,0,nominal,0,0.0,194.98,701932.1
68.0,takeoff_climb,91.9488320355951,2420.467185761958,38.58954393770856,4904.1,858.6,864.9,869.6,861.6,198.9,201.3,205.7,207.0,4.67,78.4,4.189,4905.2,858.1,866.1,869.1,859.1,199.9,201.4,204.9,205.9,4.72,78.0,4.261,-0.7,0.965,0,nominal,0,0.0,194.98,701932.0
68.1,takeoff_climb,91.93993325917687,2424.0266963292547,38.60511679644049,4903.7,857.4,866.3,869.7,857.1,200.4,201.4,204.1,206.1,4.72,78.0,4.25,4904.1,858.0,866.0,869.0,859.0,199.9,201.4,204.9,205.9,4.72,78.0,4.259,-0.8,0.964,0,nominal,0,0.0,194.98,701931.9
68.2,takeoff_climb,91.93103448275862,2427.5862068965516,38.62068965517241,4905.4,856.5,864.6,872.8,859.4,199.6,201.2,206.2,206.2,4.7,77.9,4.241,4902.9,858.0,866.0,869.0,859.0,199.9,201.4,204.9,205.9,4.72,78.0,4.257,-0.8,0.964,0,nominal,0,0.0,194.98,701931.8
68.3,takeoff_climb,91.92213570634038,2431.1457174638485,38.63626251390434,4901.4,857.1,864.8,868.1,858.3,199.6,201.8,204.9,206.5,4.72,78.2,4.242,4901.8,858.0,866.0,869.0,859.0,199.9,201.4,204.9,205.9,4.72,78.0,4.256,-0.8,0.964,0,nominal,0,0.0,194.98,701931.7
68.4,takeoff_climb,91.91323692992214,2434.7052280311455,38.65183537263626,4907.0,861.1,869.2,868.9,859.9,200.2,202.2,205.8,206.7,4.73,77.5,4.221,4900.7,858.0,866.0,869.0,859.0,199.9,201.4,204.9,205.9,4.72,78.0,4.254,-0.8,0.963,0,nominal,0,0.0,194.98,701931.6
68.5,takeoff_climb,91.90433815350389,2438.2647385984424,38.667408231368185,4907.9,857.6,865.3,870.2,857.7,199.9,202.6,205.3,207.1,4.72,78.0,4.311,4899.6,858.0,866.0,869.0,859.0,199.9,201.4,204.9,205.9,4.72,78.0,4.253,-0.8,0.963,0,nominal,0,0.0,194.98,701931.5
68.6,takeoff_climb,91.89543937708565,2441.8242491657397,38.682981090100114,4896.6,857.7,867.2,868.6,858.5,200.6,201.3,204.2,205.7,4.71,77.7,4.261,4898.5,858.0,866.0,869.0,859.0,199.9,201.4,204.9,205.9,4.72,78.0,4.251,-0.9,0.963,0,nominal,0,0.0,194.98,701931.4
68.7,takeoff_climb,91.8865406006674,2445.3837597330366,38.698553948832036,4901.7,859.1,864.5,869.3,858.9,200.2,201.3,203.5,206.1,4.7,78.2,4.207,4897.4,858.0,866.0,869.0,859.0,199.9,201.4,204.9,205.9,4.72,78.0,4.249,-0.9,0.962,0,nominal,0,0.0,194.98,701931.3
68.8,takeoff_climb,91.87764182424917,2448.9432703003336,38.71412680756396,4895.3,859.0,865.7,870.2,857.8,200.5,201.1,205.1,206.7,4.78,77.5,4.271,4896.2,858.0,866.0,869.0,859.0,199.9,201.4,204.9,205.9,4.72,78.0,4.248,-0.9,0.962,0,nominal,0,0.0,194.98,701931.2
68.9,takeoff_climb,91.86874304783092,2452.5027808676305,38.729699666295886,4897.8,856.5,865.8,868.5,858.3,199.6,200.3,205.6,205.9,4.73,78.2,4.243,4895.1,858.0,866.0,869.0,859.0,199.9,201.4,204.9,205.9,4.72,78.0,4.246,-0.9,0.961,0,nominal,0,0.0,194.98,701931.1
69.0,takeoff_climb,91.85984427141268,2456.0622914349274,38.74527252502781,4893.2,859.5,865.0,866.8,859.5,201.1,201.0,204.8,205.0,4.75,77.8,4.238,4894.0,858.0,866.0,869.0,859.0,199.9,201.4,204.9,205.9,4.72,78.0,4.245,-1.0,0.961,0,nominal,0,0.0,194.98,701931.0
69.1,takeoff_climb,91.85094549499443,2459.6218020022247,38.76084538375973,4887.5,860.6,865.9,867.2,858.6,199.6,201.8,204.4,205.5,4.75,77.9,4.253,4892.9,858.0,866.0,869.0,859.0,199.9,201.4,204.9,205.9,4.72,78.0,4.243,-1.0,0.961,0,nominal,0,0.0,194.98,701930.9
69.2,takeoff_climb,91.8420467185762,2463.1813125695217,38.77641824249166,4894.9,860.1,862.8,868.2,861.8,201.3,200.3,205.3,205.1,4.72,77.6,4.217,4891.8,858.0,866.0,869.0,859.0,199.9,201.4,204.9,205.9,4.72,78.0,4.241,-1.0,0.96,0,nominal,0,0.0,194.98,701930.8
69.3,takeoff_climb,91.83314794215795,2466.7408231368186,38.79199110122358,4895.9,856.5,868.0,868.3,862.0,199.8,200.4,204.7,206.0,4.73,77.3,4.287,4890.7,858.0,866.0,869.0,859.0,199.9,201.4,204.9,205.9,4.72,78.0,4.24,-1.0,0.96,0,nominal,0,0.0,194.98,701930.7
69.4,takeoff_climb,91.82424916573972,2470.3003337041155,38.8075639599555,4892.1,858.0,866.0,869.6,860.9,199.3,200.9,205.2,206.1,4.76,77.7,4.238,4889.6,858.0,866.0,869.0,859.0,199.9,201.4,204.9,205.9,4.72,78.0,4.238,-1.1,0.96,0,nominal,0,0.0,194.98,701930.6
69.5,takeoff_climb,91.81535038932147,2473.8598442714124,38.82313681868743,4890.0,858.4,870.0,869.8,860.9,199.2,201.8,205.5,207.1,4.71,78.0,4.218,4888.4,858.0,866.0,869.0,859.0,199.9,201.4,204.9,205.9,4.72,78.0,4.237,-1.1,0.959,0,nominal,0,0.0,194.98,701930.5
69.6,takeoff_climb,91.80645161290323,2477.4193548387093,38.83870967741935,4884.1,859.0,868.4,867.6,858.5,198.8,201.4,204.9,205.4,4.68,77.6,4.231,4887.3,858.0,866.0,869.0,859.0,199.9,201.4,204.9,205.9,4.72,78.0,4.235,-1.1,0.959,0,nominal,0,0.0,194.98,701930.4
69.7,takeoff_climb,91.79755283648498,2480.9788654060067,38.85428253615128,4879.9,856.6,864.7,869.7,855.6,200.2,201.0,204.6,205.9,4.69,78.0,4.189,4886.2,857.9,865.9,868.9,858.9,199.9,201.4,204.9,205.9,4.72,78.0,4.233,-1.1,0.959,0,nominal,0,0.0,194.98,701930.3
69.8,takeoff_climb,91.78865406006675,2484.5383759733036,38.8698553948832,4885.0,859.8,866.7,870.4,858.6,200.3,200.1,204.7,205.0,4.73,78.1,4.249,4885.1,857.9,865.9,868.9,858.9,199.9,201.4,204.9,205.9,4.72,78.0,4.232,-1.1,0.958,0,nominal,0,0.0,194.98,701930.2
69.9,takeoff_climb,91.7797552836485,2488.0978865406005,38.88542825361513,4885.0,856.3,867.3,869.5,859.0,200.0,202.0,203.5,205.1,4.68,78.2,4.211,4884.0,857.9,865.9,868.9,858.9,199.9,201.4,204.9,205.9,4.72,78.0,4.23,-1.2,0.958,0,nominal,0,0.0,194.98,701930.1
70.0,takeoff_climb,91.77085650723026,2491.6573971078974,38.90100111234705,4886.3,857.9,862.9,867.5,859.2,200.3,201.0,205.1,205.7,4.7,77.9,4.193,4882.9,857.9,865.9,868.9,858.9,199.9,201.4,204.9,205.9,4.72,78.0,4.229,-1.2,0.958,0,nominal,0,0.0,194.98,701930.0
70.1,takeoff_climb,91.76195773081201,2495.2169076751943,38.916573971078975,4884.6,859.9,865.7,868.4,861.2,200.2,201.3,205.1,207.0,4.68,78.7,4.205,4881.8,857.9,865.9,868.9,858.9,199.9,201.4,204.9,205.9,4.72,78.0,4.227,-1.2,0.957,0,nominal,0,0.0,194.98,701929.9
70.2,takeoff_climb,91.75305895439377,2498.7764182424917,38.932146829810904,4880.6,859.8,864.8,868.5,858.6,199.6,201.3,205.0,206.0,4.72,78.5,4.222,4880.7,857.9,865.9,868.9,858.9,199.9,201.4,204.9,205.9,4.72,78.0,4.226,-1.2,0.957,0,nominal,0,0.0,194.98,701929.8
70.3,takeoff_climb,91.74416017797553,2502.3359288097886,38.947719688542826,4877.1,858.9,863.0,868.6,857.2,201.0,202.0,204.8,205.6,4.75,78.8,4.219,4879.6,857.9,865.9,868.9,858.9,199.9,201.4,204.9,205.9,4.72,78.0,4.224,-1.3,0.957,0,nominal,0,0.0,194.98,701929.7
70.4,takeoff_climb,91.73526140155728,2505.8954393770855,38.96329254727475,4881.5,857.6,864.7,869.5,860.7,199.4,200.8,204.7,206.1,4.69,77.5,4.194,4878.4,857.9,865.9,868.9,858.9,199.9,201.4,204.9,205.9,4.72,78.0,4.222,-1.3,0.956,0,nominal,0,0.0,194.98,701929.6
70.5,takeoff_climb,91.72636262513905,2509.4549499443824,38.978865406006676,4874.9,858.9,865.5,870.2,860.0,200.5,201.4,205.6,205.7,4.73,78.1,4.212,4877.3,857.9,865.9,868.9,858.9,199.9,201.4,204.9,205.9,4.72,78.0,4.221,-1.3,0.956,0,nominal,0,0.0,194.98,701929.5
70.6,takeoff_climb,91.7174638487208,2513.0144605116793,38.9944382647386,4870.6,857.2,867.1,870.3,860.9,200.9,201.2,205.0,206.0,4.73,77.9,4.17,4876.2,857.9,865.9,868.9,858.9,199.9,201.4,204.9,205.9,4.72,78.0,4.219,-1.3,0.956,0,nominal,0,0.0,194.98,701929.4
70.7,takeoff_climb,91.70856507230256,2516.5739710789767,39.01001112347052,4874.3,855.5,863.7,867.2,857.0,199.3,200.1,205.2,205.5,4.68,77.7,4.266,4875.1,857.9,865.9,868.9,858.9,199.9,201.4,204.9,205.9,4.72,78.0,4.218,-1.4,0.955,0,nominal,0,0.0,194.98,701929.3
70.8,takeoff_climb,91.69966629588431,2520.1334816462736,39.02558398220245,4868.5,860.2,866.8,868.4,860.7,199.1,199.9,204.6,205.6,4.74,77.9,4.177,4874.0,857.9,865.9,868.9,858.9,199.9,201.4,204.9,205.9,4.72,78.0,4.216,-1.4,0.955,0,nominal,0,0.0,194.98,701929.2
70.9,takeoff_climb,91.69076751946608,2523.6929922135705,39.04115684093437,4878.8,859.0,866.5,868.2,854.6,200.1,201.0,205.0,206.3,4.72,78.1,4.277,4872.9,857.9,865.9,868.9,858.9,199.9,201.4,204.9,205.9,4.72,78.0,4.214,-1.4,0.955,0,nominal,0,0.0,194.98,701929.1
71.0,takeoff_climb,91.68186874304783,2527.2525027808674,39.05672969966629,4867.8,856.7,865.5,869.9,859.3,200.6,200.8,205.1,205.5,4.72,78.8,4.244,4871.8,857.9,865.9,868.9,858.9,199.9,201.4,204.9,205.9,4.72,78.0,4.213,-1.4,0.954,0,nominal,0,0.0,194.98,701929.0
71.1,takeoff_climb,91.6729699666296,2530.8120133481643,39.07230255839822,4867.8,856.6,864.4,869.4,858.6,200.2,202.0,205.2,206.5,4.72,78.2,4.186,4870.7,857.9,865.9,868.9,858.9,199.9,201.4,204.9,205.9,4.72,78.0,4.211,-1.5,0.954,0,nominal,0,0.0,194.98,701928.9
71.2,takeoff_climb,91.66407119021135,2534.3715239154617,39.08787541713014,4868.0,857.3,866.7,870.9,858.2,199.2,200.7,205.2,206.0,4.72,77.5,4.232,4869.6,857.9,865.9,868.9,858.9,199.9,201.4,204.9,205.9,4.72,78.0,4.21,-1.5,0.954,0,nominal,0,0.0,194.98,701928.8
71.3,takeoff_climb,91.65517241379311,2537.9310344827586,39.10344827586207,4867.6,858.7,865.8,867.2,858.1,200.1,201.5,205.2,205.1,4.72,77.4,4.212,4868.5,857.8,865.8,868.8,858.8,199.9,201.4,204.8,205.8,4.72,78.0,4.208,-1.5,0.953,0,nominal,0,0.0,194.98,701928.7
71.4,takeoff_climb,91.64627363737486,2541.4905450500555,39.11902113459399,4865.9,858.4,865.0,868.3,859.4,199.6,201.2,205.5,207.0,4.7,78.4,4.215,4867.4,857.8,865.8,868.8,858.8,199.9,201.4,204.8,205.8,4.72,78.0,4.207,-1.5,0.953,0,nominal,0,0.0,194.98,701928.6
71.5,takeoff_climb,91.63737486095661,2545.0500556173524,39.13459399332592,4861.5,858.6,863.4,867.2,857.5,199.9,202.0,204.6,205.5,4.75,77.9,4.204,4866.2,857.8,865.8,868.8,858.8,199.9,201.3,204.8,205.8,4.72,78.0,4.205,-1.5,0.952,0,nominal,0,0.0,194.98,701928.5
71.6,takeoff_climb,91.62847608453838,2548.6095661846493,39.15016685205784,4860.2,856.4,867.2,868.5,856.8,200.3,202.0,205.0,205.7,4.7,78.1,4.2,4865.1,857.8,865.8,868.8,858.8,199.8,201.3,204.8,205.8,4.71,78.0,4.203,-1.6,0.952,0,nominal,0,0.0,194.98,701928.4
71.7,takeoff_climb,91.61957730812013,2552.1690767519462,39.165739710789765,4869.4,856.6,866.9,868.5,858.2,201.5,200.9,204.4,206.1,4.68,77.8,4.265,4864.0,857.8,865.8,868.8,858.8,199.8,201.3,204.8,205.8,4.71,78.0,4.202,-1.6,0.952,0,nominal,0,0.0,194.98,701928.3
71.8,takeoff_climb,91.6106785317019,2555.7285873192436,39.181312569521694,4867.0,857.9,864.4,866.4,858.4,199.2,201.1,203.6,205.7,4.72,78.2,4.196,4862.9,857.8,865.8,868.8,858.8,199.8,201.3,204.8,205.8,4.71,78.0,4.2,-1.6,0.951,0,nominal,0,0.0,194.98,701928.2
71.9,takeoff_climb,91.60177975528364,2559.2880978865405,39.196885428253616,4848.9,857.1,869.0,870.5,858.4,200.4,201.3,204.7,206.5,4.72,77.9,4.193,4861.8,857.8,865.8,868.8,858.8,199.8,201.3,204.8,205.8,4.71,78.0,4.199,-1.6,0.951,0,nominal,0,0.0,194.98,701928.1
72.0,takeoff_climb,91.59288097886541,2562.8476084538374,39.21245828698554,4856.9,858.9,865.1,870.1,857.5,199.5,201.7,204.5,205.9,4.75,77.8,4.219,4860.7,857.8,865.8,868.8,858.8,199.8,201.3,204.8,205.8,4.71,78.0,4.197,-1.7,0.951,0,nominal,0,0.0,194.98,701928.0
72.1,takeoff_climb,91.58398220244716,2566.4071190211343,39.228031145717466,4854.0,858.5,867.5,870.9,858.6,200.6,201.7,205.6,206.0,4.7,78.1,4.169,4859.6,857.8,865.8,868.8,858.8,199.8,201.3,204.8,205.8,4.71,78.0,4.196,-1.7,0.95,0,nominal,0,0.0,194.98,701927.9
72.2,takeoff_climb,91.57508342602893,2569.9666295884313,39.24360400444939,4869.6,856.9,866.1,868.1,858.6,198.8,201.1,203.9,205.6,4.7,77.6,4.233,4858.5,857.8,865.8,868.8,858.8,199.8,201.3,204.8,205.8,4.71,78.0,4.194,-1.7,0.95,0,nominal,0,0.0,194.98,701927.8
72.3,takeoff_climb,91.56618464961068,2573.5261401557286,39.25917686318131,4862.8,858.8,863.7,869.7,858.6,199.7,202.2,204.7,206.8,4.77,77.8,4.185,4857.4,857.8,865.8,868.8,858.8,199.8,201.3,204.8,205.8,4.71,78.0,4.192,-1.7,0.95,0,nominal,0,0.0,194.98,701927.7
72.4,takeoff_climb,91.55728587319244,2577.0856507230255,39.27474972191324,4853.6,858.3,867.4,867.9,860.6,199.8,202.3,204.4,205.9,4.67,77.8,4.204,4856.3,857.8,865.8,868.8,858.8,199.8,201.3,204.8,205.8,4.71,78.0,4.191,-1.8,0.949,0,nominal,0,0.0,194.98,701927.6
72.5,takeoff_climb,91.54838709677419,2580.6451612903224,39.29032258064516,4843.9,858.6,865.8,868.9,858.0,199.6,200.0,204.3,205.8,4.72,77.2,4.17,4855.2,857.8,865.8,868.8,858.8,199.8,201.3,204.8,205.8,4.71,78.0,4.189,-1.8,0.949,0,nominal,0,0.0,194.98,701927.5
72.6,takeoff_climb,91.53948832035596,2584.2046718576194,39.30589543937708,4858.6,859.0,869.0,869.0,858.2,200.0,201.7,204.4,205.0,4.72,77.8,4.148,4854.1,857.8,865.8,868.8,858.8,199.8,201.3,204.8,205.8,4.71,78.0,4.188,-1.8,0.949,0,nominal,0,0.0,194.98,701927.4
72.7,takeoff_climb,91.53058954393771,2587.7641824249163,39.32146829810901,4847.9,856.2,864.4,869.2,859.2,199.8,201.7,204.0,205.5,4.7,77.4,4.171,4853.0,857.8,865.8,868.8,858.8,199.8,201.3,204.8,205.8,4.71,78.0,4.186,-1.8,0.948,0,nominal,0,0.0,194.98,701927.3
72.8,takeoff_climb,91.52169076751946,2591.323692992213,39.33704115684093,4849.3,858.2,866.4,869.0,858.5,199.3,200.5,204.9,206.3,4.72,77.4,4.213,4851.9,857.7,865.7,868.7,858.7,199.8,201.3,204.8,205.8,4.71,78.0,4.185,-1.8,0.948,0,nominal,0,0.0,194.98,701927.2
72.9,takeoff_climb,91.51279199110122,2594.8832035595105,39.352614015572854,4847.3,856.0,866.3,869.8,859.5,199.8,201.0,204.0,206.9,4.68,78.1,4.211,4850.8,857.7,865.7,868.7,858.7,199.8,201.3,204.8,205.8,4.71,78.0,4.183,-1.9,0.948,0,nominal,0,0.0,194.98,701927.1
73.0,takeoff_climb,91.50389321468298,2598.4427141268075,39.36818687430478,4853.5,857.0,865.5,869.0,860.1,200.0,201.6,204.4,205.2,4.67,77.8,4.133,4849.7,857.7,865.7,868.7,858.7,199.8,201.3,204.8,205.8,4.71,78.0,4.181,-1.9,0.947,0,nominal,0,0.0,194.98,701927.0
73.1,takeoff_climb,91.49499443826474,2602.0022246941044,39.383759733036705,4840.2,856.8,864.0,869.2,860.5,198.5,201.0,204.7,206.0,4.74,77.6,4.16,4848.6,857.7,865.7,868.7,858.7,199.8,201.3,204.8,205.8,4.71,78.0,4.18,-1.9,0.947,0,nominal,0,0.0,194.98,701926.9
73.2,takeoff_climb,91.48609566184649,2605.5617352614013,39.39933259176863,4849.7,853.5,865.0,869.3,860.3,200.8,201.3,205.4,205.1,4.71,78.1,4.16,4847.5,857.7,865.7,868.7,858.7,199.8,201.3,204.8,205.8,4.71,78.0,4.178,-1.9,0.947,0,nominal,0,0.0,194.98,701926.8
73.3,takeoff_climb,91.47719688542826,2609.121245828698,39.414905450500555,4851.2,857.0,868.8,868.2,859.7,200.4,200.0,204.3,205.9,4.72,78.4,4.201,4846.4,857.7,865.7,868.7,858.7,199.8,201.3,204.8,205.8,4.71,78.0,4.177,-2.0,0.946,0,nominal,0,0.0,194.98,701926.7
73.4,takeoff_climb,91.46829810901001,2612.6807563959956,39.430478309232484,4839.3,856.8,865.3,866.2,858.4,199.7,199.4,205.7,207.3,4.74,78.8,4.179,4845.3,857.7,865.7,868.7,858.7,199.8,201.3,204.8,205.8,4.71,78.0,4.175,-2.0,0.946,0,nominal,0,0.0,194.98,701926.6
73.5,takeoff_climb,91.45939933259177,2616.2402669632925,39.446051167964406,4847.2,856.7,865.0,868.2,857.5,198.8,200.2,204.6,205.6,4.73,78.2,4.159,4844.1,857.7,865.7,868.7,858.7,199.8,201.3,204.8,205.8,4.71,78.0,4.174,-2.0,0.946,0,nominal,0,0.0,194.98,701926.5
73.6,takeoff_climb,91.45050055617352,2619.7997775305894,39.46162402669633,4837.1,860.6,866.8,866.9,859.4,199.8,202.4,204.0,205.5,4.72,78.0,4.134,4843.0,857.7,865.7,868.7,858.7,199.8,201.3,204.8,205.8,4.71,78.0,4.172,-2.0,0.945,0,nominal,0,0.0,194.98,701926.4
73.7,takeoff_climb,91.44160177975529,2623.3592880978863,39.477196885428256,4835.9,855.1,867.2,868.3,858.8,199.5,201.7,205.8,206.1,4.69,78.3,4.155,4841.9,857.7,865.7,868.7,858.7,199.8,201.3,204.8,205.8,4.71,78.0,4.171,-2.1,0.945,0,nominal,0,0.0,194.98,701926.3
73.8,takeoff_climb,91.43270300333704,2626.918798665183,39.49276974416018,4850.7,855.0,866.1,869.7,860.1,198.8,200.7,204.4,205.3,4.71,77.5,4.127,4840.8,857.7,865.7,868.7,858.7,199.8,201.3,204.8,205.8,4.71,78.0,4.169,-2.1,0.945,0,nominal,0,0.0,194.98,701926.2
73.9,takeoff_climb,91.4238042269188,2630.4783092324806,39.5083426028921,4836.4,856.9,865.6,869.2,857.9,200.9,201.7,205.2,206.1,4.71,78.3,4.111,4839.7,857.7,865.7,868.7,858.7,199.8,201.3,204.8,205.8,4.71,78.0,4.167,-2.1,0.944,0,nominal,0,0.0,194.98,701926.1
74.0,takeoff_climb,91.41490545050056,2634.0378197997775,39.52391546162403,4845.0,858.6,864.3,869.7,862.7,199.7,201.4,204.6,206.1,4.71,78.2,4.182,4838.6,857.7,865.7,868.7,858.7,199.8,201.3,204.8,205.8,4.71,78.0,4.166,-2.1,0.944,0,nominal,0,0.0,194.98,701926.0
74.1,takeoff_climb,91.40600667408232,2637.5973303670744,39.53948832035595,4843.2,858.6,864.7,871.5,858.5,198.8,200.9,205.7,206.0,4.72,78.0,4.195,4837.5,857.7,865.7,868.7,858.7,199.8,201.3,204.8,205.8,4.71,78.0,4.164,-2.1,0.944,0,nominal,0,0.0,194.98,701925.9
74.2,takeoff_climb,91.39710789766407,2641.1568409343713,39.55506117908787,4841.8,857.8,865.6,867.6,861.5,198.4,202.0,204.3,205.9,4.7,77.6,4.15,4836.4,857.7,865.7,868.7,858.7,199.8,201.3,204.8,205.8,4.71,78.0,4.163,-2.2,0.943,0,nominal,0,0.0,194.98,701925.8
74.3,takeoff_climb,91.38820912124584,2644.716351501668,39.5706340378198,4829.5,854.8,866.1,868.5,858.7,199.4,201.3,204.9,205.9,4.68,77.7,4.184,4835.3,857.7,865.7,868.7,858.7,199.8,201.3,204.8,205.8,4.71,78.0,4.161,-2.2,0.943,0,nominal,0,0.0,194.98,701925.7
74.4,takeoff_climb,91.37931034482759,2648.2758620689656,39.58620689655172,4831.9,859.6,868.4,868.1,858.6,199.9,201.1,204.7,206.1,4.7,77.2,4.181,4834.2,857.6,865.6,868.6,858.6,199.8,201.3,204.8,205.8,4.71,78.0,4.16,-2.2,0.943,0,nominal,0,0.0,194.98,701925.6
74.5,takeoff_climb,91.37041156840934,2651.8353726362625,39.601779755283644,4849.4,859.4,864.3,871.2,859.5,199.0,201.9,205.2,206.3,4.68,78.0,4.197,4833.1,857.6,865.6,868.6,858.6,199.8,201.3,204.8,205.8,4.71,78.0,4.158,-2.2,0.942,0,nominal,0,0.0,194.98,701925.5
74.6,takeoff_climb,91.3615127919911,2655.3948832035594,39.61735261401557,4842.6,858.6,864.5,868.9,858.4,199.6,201.4,204.8,204.6,4.67,78.3,4.168,4832.0,857.6,865.6,868.6,858.6,199.8,201.3,204.8,205.8,4.71,78.0,4.157,-2.3,0.942,0,nominal,0,0.0,194.98,701925.4
74.7,takeoff_climb,91.35261401557285,2658.9543937708563,39.632925472747495,4824.9,855.2,865.3,867.2,858.2,200.5,201.0,204.4,205.6,4.73,79.0,4.11,4830.9,857.6,865.6,868.6,858.6,199.8,201.3,204.8,205.8,4.71,78.0,4.155,-2.3,0.941,0,nominal,0,0.0,194.98,701925.3
74.8,takeoff_climb,91.34371523915462,2662.513904338153,39.64849833147942,4831.0,857.1,866.3,870.6,856.4,199.7,202.1,205.6,205.2,4.67,78.1,4.165,4829.8,857.6,865.6,868.6,858.6,199.8,201.3,204.8,205.8,4.71,78.0,4.153,-2.3,0.941,0,nominal,0,0.0,194.98,701925.2
74.9,takeoff_climb,91.33481646273637,2666.07341490545,39.664071190211345,4828.3,856.5,864.4,867.9,858.6,199.7,201.8,204.6,205.5,4.73,78.0,4.184,4828.7,857.6,865.6,868.6,858.6,199.8,201.3,204.8,205.8,4.71,78.0,4.152,-2.3,0.941,0,nominal,0,0.0,194.98,701925.1
75.0,takeoff_climb,91.32591768631814,2669.6329254727475,39.679644048943274,4823.6,854.0,867.3,868.9,857.4,199.8,201.0,204.5,205.9,4.72,78.0,4.137,4827.7,857.6,865.6,868.6,858.6,199.8,201.3,204.8,205.8,4.71,78.0,4.15,-2.4,0.94,0,nominal,0,0.0,194.98,701925.0
75.1,takeoff_climb,91.31701890989989,2673.1924360400444,39.695216907675196,4825.2,856.3,863.6,867.6,859.2,200.0,201.3,205.7,206.2,4.69,77.6,4.074,4826.6,857.6,865.6,868.6,858.6,199.8,201.3,204.8,205.8,4.71,78.0,4.149,-2.4,0.94,0,nominal,0,0.0,194.98,701924.9
75.2,takeoff_climb,91.30812013348165,2676.7519466073413,39.71078976640712,4829.8,859.2,865.9,868.1,859.9,199.6,201.6,204.1,205.5,4.7,78.7,4.089,4825.5,857.6,865.6,868.6,858.6,199.8,201.3,204.8,205.8,4.71,78.0,4.147,-2.4,0.94,0,nominal,0,0.0,194.98,701924.8
75.3,takeoff_climb,91.2992213570634,2680.3114571746382,39.726362625139046,4827.6,858.3,863.7,866.4,861.2,200.0,200.4,204.3,205.5,4.73,78.0,4.122,4824.4,857.6,865.6,868.6,858.6,199.8,201.3,204.8,205.8,4.71,78.0,4.146,-2.4,0.939,0,nominal,0,0.0,194.98,701924.7
75.4,takeoff_climb,91.29032258064517,2683.870967741935,39.74193548387097,4814.6,857.8,862.0,868.5,858.7,199.8,200.6,204.8,205.9,4.71,78.8,4.216,4823.3,857.6,865.6,868.6,858.6,199.8,201.3,204.8,205.8,4.71,78.0,4.144,-2.4,0.939,0,nominal,0,0.0,194.98,701924.6
75.5,takeoff_climb,91.28142380422692,2687.4304783092325,39.75750834260289,4817.6,858.6,866.8,869.5,859.0,199.5,201.6,204.9,206.8,4.71,78.4,4.125,4822.2,857.6,865.6,868.6,858.6,199.8,201.3,204.8,205.8,4.71,78.0,4.143,-2.5,0.939,0,nominal,0,0.0,194.98,701924.5
75.6,takeoff_climb,91.27252502780868,2690.9899888765294,39.77308120133482,4822.5,859.8,865.1,867.4,858.4,199.6,201.2,204.6,206.1,4.68,77.0,4.165,4821.1,857.6,865.6,868.6,858.6,199.8,201.3,204.8,205.8,4.71,78.0,4.141,-2.5,0.938,0,nominal,0,0.0,194.98,701924.4
75.7,takeoff_climb,91.26362625139043,2694.5494994438263,39.78865406006674,4813.5,857.5,865.3,866.9,858.3,200.1,201.9,205.4,206.5,4.73,78.4,4.144,4820.0,857.6,865.6,868.6,858.6,199.8,201.3,204.8,205.8,4.71,78.0,4.139,-2.5,0.938,0,nominal,0,0.0,194.98,701924.3
75.8,takeoff_climb,91.25472747497219,2698.1090100111232,39.80422691879866,4822.9,857.0,864.0,867.2,858.9,198.5,202.1,204.0,206.7,4.72,78.2,4.153,4818.9,857.6,865.6,868.6,858.6,199.8,201.3,204.8,205.8,4.71,78.0,4.138,-2.5,0.938,0,nominal,0,0.0,194.98,701924.2
75.9,takeoff_climb,91.24582869855395,2701.66852057842,39.81979977753059,4814.5,859.2,867.7,869.0,861.0,200.1,200.7,204.9,205.3,4.73,77.2,4.141,4817.8,857.5,865.5,868.5,858.5,199.8,201.3,204.8,205.8,4.71,78.0,4.136,-2.6,0.937,0,nominal,0,0.0,194.98,701924.1
76.0,takeoff_climb,91.2369299221357,2705.228031145717,39.83537263626251,4813.7,855.3,868.8,869.9,859.1,199.4,201.5,205.4,205.9,4.67,77.7,4.198,4816.7,857.5,865.5,868.5,858.5,199.8,201.3,204.8,205.8,4.71,78.0,4.135,-2.6,0.937,0,nominal,0,0.0,194.98,701924.0
76.1,takeoff_climb,91.22803114571747,2708.7875417130144,39.850945494994434,4811.8,856.8,862.0,867.1,857.7,200.3,202.9,204.8,205.7,4.66,77.6,4.142,4815.6,857.5,865.5,868.5,858.5,199.8,201.3,204.8,205.8,4.71,78.0,4.133,-2.6,0.937,0,nominal,0,0.0,194.98,701923.9
76.2,takeoff_climb,91.21913236929922,2712.3470522803113,39.86651835372636,4802.9,856.2,866.2,867.5,858.4,199.8,200.7,205.1,206.4,4.73,77.8,4.167,4814.5,857.5,865.5,868.5,858.5,199.8,201.3,204.7,205.7,4.71,78.0,4.132,-2.6,0.936,0,nominal,0,0.0,194.98,701923.8
76.3,takeoff_climb,91.21023359288098,2715.9065628476083,39.882091212458285,4811.9,860.4,866.0,867.2,857.2,199.3,201.6,204.6,205.9,4.68,78.2,4.096,4813.4,857.5,865.5,868.5,858.5,199.8,201.3,204.7,205.7,4.71,78.0,4.13,-2.7,0.936,0,nominal,0,0.0,194.98,701923.7
76.4,takeoff_climb,91.20133481646273,2719.466073414905,39.89766407119021,4816.7,856.6,865.7,867.7,859.0,200.3,201.6,205.7,205.4,4.7,78.5,4.151,4812.3,857.5,865.5,868.5,858.5,199.7,201.2,204.7,205.7,4.71,78.0,4.129,-2.7,0.936,0,nominal,0,0.0,194.98,701923.6
76.5,takeoff_climb,91.1924360400445,2723.025583982202,39.913236929922135,4807.7,859.0,865.9,870.1,859.4,200.3,201.0,205.9,206.5,4.7,78.3,4.203,4811.2,857.5,865.5,868.5,858.5,199.7,201.2,204.7,205.7,4.71,78.0,4.127,-2.7,0.935,0,nominal,0,0.0,194.98,701923.5
76.6,takeoff_climb,91.18353726362625,2726.5850945494994,39.928809788654064,4807.6,857.3,865.5,867.7,859.6,200.8,201.6,205.3,205.6,4.7,78.0,4.133,4810.1,857.5,865.5,868.5,858.5,199.7,201.2,204.7,205.7,4.7,78.0,4.125,-2.7,0.935,0,nominal,0,0.0,194.98,701923.4
76.7,takeoff_climb,91.17463848720801,2730.1446051167964,39.944382647385986,4804.9,858.1,864.0,867.9,861.0,200.3,200.4,205.3,205.1,4.68,78.5,4.1,4809.0,857.5,865.5,868.5,858.5,199.7,201.2,204.7,205.7,4.7,78.0,4.124,-2.7,0.935,0,nominal,0,0.0,194.98,701923.3
76.8,takeoff_climb,91.16573971078977,2733.7041156840933,39.95995550611791,4820.4,860.1,865.7,869.2,858.9,200.2,201.6,204.0,205.6,4.73,77.5,4.172,4807.9,857.5,865.5,868.5,858.5,199.7,201.2,204.7,205.7,4.7,78.0,4.122,-2.8,0.934,0,nominal,0,0.0,194.98,701923.2
76.9,takeoff_climb,91.15684093437153,2737.26362625139,39.975528364849836,4811.0,858.2,866.8,867.8,859.1,199.7,201.7,204.6,205.6,4.69,78.3,4.123,4806.8,857.5,865.5,868.5,858.5,199.7,201.2,204.7,205.7,4.7,78.0,4.121,-2.8,0.934,0,nominal,0,0.0,194.98,701923.1
77.0,takeoff_climb,91.14794215795328,2740.823136818687,39.99110122358176,4811.3,857.5,866.3,868.0,859.9,198.5,202.2,204.7,206.1,4.67,77.9,4.178,4805.8,857.5,865.5,868.5,858.5,199.7,201.2,204.7,205.7,4.7,78.0,4.119,-2.8,0.934,0,nominal,0,0.0,194.98,701923.0
77.1,takeoff_climb,91.13904338153503,2744.3826473859845,40.00667408231368,4808.2,857.7,866.6,866.2,858.6,199.9,200.5,203.9,205.6,4.7,77.9,4.074,4804.7,857.5,865.5,868.5,858.5,199.7,201.2,204.7,205.7,4.7,78.0,4.118,-2.8,0.933,0,nominal,0,0.0,194.98,701922.9
77.2,takeoff_climb,91.1301446051168,2747.9421579532814,40.02224694104561,4807.7,856.4,868.1,870.7,859.9,199.3,200.3,204.2,205.7,4.65,78.2,4.156,4803.6,857.5,865.5,868.5,858.5,199.7,201.2,204.7,205.7,4.7,78.0,4.116,-2.9,0.933,0,nominal,0,0.0,194.98,701922.8
77.3,takeoff_climb,91.12124582869855,2751.5016685205783,40.03781979977753,4800.9,859.5,866.6,869.2,858.5,200.2,201.4,203.7,205.9,4.71,77.9,4.097,4802.5,857.5,865.5,868.5,858.5,199.7,201.2,204.7,205.7,4.7,78.0,4.115,-2.9,0.933,0,nominal,0,0.0,194.98,701922.7
77.4,takeoff_climb,91.11234705228031,2755.061179087875,40.05339265850945,4798.5,856.7,866.8,867.6,856.9,199.7,201.0,204.5,205.2,4.66,78.3,4.105,4801.4,857.4,865.4,868.4,858.4,199.7,201.2,204.7,205.7,4.7,78.0,4.113,-2.9,0.932,0,nominal,0,0.0,194.98,701922.6
77.5,takeoff_climb,91.10344827586206,2758.620689655172,40.06896551724138,4799.6,858.6,867.3,867.9,857.5,200.4,201.8,205.2,206.0,4.72,78.5,4.125,4800.3,857.4,865.4,868.4,858.4,199.7,201.2,204.7,205.7,4.7,78.0,4.112,-2.9,0.932,0,nominal,0,0.0,194.98,701922.5
77.6,takeoff_climb,91.09454949944383,2762.1802002224695,40.0845383759733,4804.9,855.1,864.8,870.4,858.3,200.0,201.6,206.1,205.2,4.74,78.5,4.118,4799.2,857.4,865.4,868.4,858.4,199.7,201.2,204.7,205.7,4.7,78.0,4.11,-3.0,0.932,0,nominal,0,0.0,194.98,701922.4
77.7,takeoff_climb,91.08565072302558,2765.7397107897664,40.100111234705224,4785.0,859.4,865.2,870.9,861.3,201.1,202.1,203.2,205.4,4.72,78.5,4.095,4798.1,857.4,865.4,868.4,858.4,199.7,201.2,204.7,205.7,4.7,78.0,4.109,-3.0,0.931,0,nominal,0,0.0,194.98,701922.3
77.8,takeoff_climb,91.07675194660735,2769.2992213570633,40.11568409343715,4791.4,855.7,865.0,867.6,858.3,198.7,201.5,204.8,205.3,4.71,77.4,4.081,4797.0,857.4,865.4,868.4,858.4,199.7,201.2,204.7,205.7,4.7,78.0,4.107,-3.0,0.931,0,nominal,0,0.0,194.98,701922.2
77.9,takeoff_climb,91.0678531701891,2772.85873192436,40.131256952169075,4804.6,857.5,866.3,866.4,857.2,199.5,201.3,203.7,206.1,4.75,77.7,4.103,4795.9,857.4,865.4,868.4,858.4,199.7,201.2,204.7,205.7,4.7,78.0,4.105,-3.0,0.931,0,nominal,0,0.0,194.98,701922.1
78.0,takeoff_climb,91.05895439377086,2776.418242491657,40.146829810901,4789.5,856.8,867.1,869.6,858.8,200.1,201.6,204.9,205.9,4.75,77.7,4.119,4794.8,857.4,865.4,868.4,858.4,199.7,201.2,204.7,205.7,4.7,78.0,4.104,-3.0,0.93,0,nominal,0,0.0,194.98,701922.0
78.1,takeoff_climb,91.05005561735261,2779.977753058954,40.162402669632925,4793.6,857.6,867.1,868.3,858.5,201.4,202.1,204.3,206.1,4.7,78.1,4.102,4793.8,857.4,865.4,868.4,858.4,199.7,201.2,204.7,205.7,4.7,78.0,4.102,-3.1,0.93,0,nominal,0,0.0,194.98,701921.9
78.2,takeoff_climb,91.04115684093438,2783.5372636262514,40.17797552836485,4792.0,856.4,864.7,868.6,858.7,199.3,201.2,204.0,205.7,4.68,78.6,4.116,4792.7,857.4,865.4,868.4,858.4,199.7,201.2,204.7,205.7,4.7,78.0,4.101,-3.1,0.93,0,nominal,0,0.0,194.98,701921.8
78.3,takeoff_climb,91.03225806451613,2787.0967741935483,40.193548387096776,4789.4,859.5,865.5,870.3,858.0,199.0,201.3,204.4,206.3,4.71,78.1,4.136,4791.6,857.4,865.4,868.4,858.4,199.7,201.2,204.7,205.7,4.7,78.0,4.099,-3.1,0.929,0,nominal,0,0.0,194.98,701921.7
78.4,takeoff_climb,91.0233592880979,2790.656284760845,40.2091212458287,4792.7,856.8,865.0,868.0,856.6,199.6,201.3,204.9,205.2,4.69,77.8,4.037,4790.5,857.4,865.4,868.4,858.4,199.7,201.2,204.7,205.7,4.7,78.0,4.098,-3.1,0.929,0,nominal,0,0.0,194.98,701921.6
78.5,takeoff_climb,91.01446051167964,2794.215795328142,40.224694104560626,4782.6,858.5,864.5,866.5,859.1,201.2,201.2,204.4,206.1,4.7,78.4,4.088,4789.4,857.4,865.4,868.4,858.4,199.7,201.2,204.7,205.7,4.7,78.0,4.096,-3.2,0.929,0,nominal,0,0.0,194.98,701921.5
78.6,takeoff_climb,91.0055617352614,2797.775305895439,40.24026696329255,4789.9,857.2,865.2,867.4,859.7,201.4,202.1,204.8,206.9,4.69,77.8,4.074,4788.3,857.4,865.4,868.4,858.4,199.7,201.2,204.7,205.7,4.7,78.0,4.095,-3.2,0.928,0,nominal,0,0.0,194.98,701921.4
78.7,takeoff_climb,90.99666295884316,2801.3348164627364,40.25583982202447,4779.0,856.5,863.0,869.8,859.5,199.9,201.0,204.1,205.4,4.72,77.5,4.084,4787.2,857.4,865.4,868.4,858.4,199.7,201.2,204.7,205.7,4.7,78.0,4.093,-3.2,0.928,0,nominal,0,0.0,194.98,701921.3
78.8,takeoff_climb,90.98776418242491,2804.8943270300333,40.2714126807564,4791.3,858.2,863.1,868.0,856.9,199.4,201.5,204.1,205.2,4.67,78.1,4.065,4786.1,857.4,865.4,868.4,858.4,199.7,201.2,204.7,205.7,4.7,78.0,4.092,-3.2,0.928,0,nominal,0,0.0,194.98,701921.2
78.9,takeoff_climb,90.97886540600668,2808.45383759733,40.28698553948832,4782.4,858.4,866.0,868.4,860.4,200.4,201.6,204.0,204.8,4.74,77.5,4.047,4785.0,857.3,865.3,868.3,858.3,199.7,201.2,204.7,205.7,4.7,78.0,4.09,-3.3,0.927,0,nominal,0,0.0,194.98,701921.1
79.0,takeoff_climb,90.96996662958843,2812.013348164627,40.30255839822024,4779.0,857.8,866.7,867.2,858.4,199.4,200.6,205.6,205.8,4.68,77.4,4.07,4784.0,857.3,865.3,868.3,858.3,199.7,201.2,204.7,205.7,4.7,78.0,4.089,-3.3,0.927,0,nominal,0,0.0,194.98,701921.0
79.1,takeoff_climb,90.96106785317019,2815.572858731924,40.31813125695217,4783.0,856.6,865.9,868.6,859.8,200.1,201.1,204.3,205.8,4.69,78.2,4.058,4782.9,857.3,865.3,868.3,858.3,199.7,201.2,204.7,205.7,4.7,78.0,4.087,-3.3,0.927,0,nominal,0,0.0,194.98,701920.9
79.2,takeoff_climb,90.95216907675194,2819.132369299221,40.33370411568409,4785.6,854.3,868.3,864.9,857.3,198.8,201.5,205.4,205.6,4.65,78.3,4.058,4781.8,857.3,865.3,868.3,858.3,199.7,201.2,204.7,205.7,4.7,78.0,4.086,-3.3,0.926,0,nominal,0,0.0,194.98,701920.8
79.3,takeoff_climb,90.94327030033371,2822.6918798665183,40.349276974416014,4779.2,857.9,863.2,869.6,859.1,200.3,201.5,204.3,206.7,4.69,77.9,4.12,4780.7,857.3,865.3,868.3,858.3,199.7,201.2,204.7,205.7,4.7,78.0,4.084,-3.3,0.926,0,nominal,0,0.0,194.98,701920.7
79.4,takeoff_climb,90.93437152391546,2826.2513904338152,40.36484983314794,4779.0,857.1,862.0,869.2,861.0,199.8,201.8,204.4,206.5,4.7,78.0,4.079,4779.6,857.3,865.3,868.3,858.3,199.7,201.2,204.7,205.7,4.7,78.0,4.082,-3.4,0.926,0,nominal,0,0.0,194.98,701920.6
79.5,takeoff_climb,90.92547274749722,2829.810901001112,40.380422691879865,4781.4,857.8,866.6,866.8,859.7,200.5,200.8,204.6,205.4,4.66,77.0,4.035,4778.5,857.3,865.3,868.3,858.3,199.7,201.2,204.7,205.7,4.7,78.0,4.081,-3.4,0.925,0,nominal,0,0.0,194.98,701920.5
79.6,takeoff_climb,90.91657397107898,2833.370411568409,40.39599555061179,4786.6,858.0,865.8,869.7,858.6,198.8,201.9,204.4,206.4,4.68,78.7,4.13,4777.4,857.3,865.3,868.3,858.3,199.7,201.2,204.7,205.7,4.7,78.0,4.079,-3.4,0.925,0,nominal,0,0.0,194.98,701920.4
79.7,takeoff_climb,90.90767519466074,2836.929922135706,40.411568409343715,4767.3,858.8,863.9,866.4,858.3,198.9,201.7,204.8,204.6,4.65,78.4,4.082,4776.4,857.3,865.3,868.3,858.3,199.7,201.2,204.7,205.7,4.7,78.0,4.078,-3.4,0.924,0,nominal,0,0.0,194.98,701920.3
79.8,takeoff_climb,90.89877641824249,2840.4894327030033,40.42714126807564,4775.4,857.7,867.9,868.6,857.6,199.1,201.3,204.4,206.1,4.69,78.4,4.08,4775.3,857.3,865.3,868.3,858.3,199.7,201.2,204.7,205.7,4.7,78.0,4.076,-3.5,0.924,0,nominal,0,0.0,194.98,701920.2
79.9,takeoff_climb,90.88987764182426,2844.0489432703002,40.442714126807566,4783.8,857.3,862.9,865.8,857.9,200.2,201.2,205.0,205.0,4.67,78.8,4.086,4774.2,857.3,865.3,868.3,858.3,199.7,201.2,204.7,205.7,4.7,78.0,4.075,-3.5,0.924,0,nominal,0,0.0,194.98,701920.1
80.0,takeoff_climb,90.88097886540601,2847.608453837597,40.45828698553949,4773.4,854.4,864.4,868.0,858.9,200.0,200.9,204.7,206.6,4.72,78.5,4.12,4773.1,857.3,865.3,868.3,858.3,199.7,201.2,204.7,205.7,4.7,78.0,4.073,-3.5,0.923,0,nominal,0,0.0,194.98,701920.0
80.1,takeoff_climb,90.87208008898776,2851.167964404894,40.473859844271416,4767.5,855.9,866.6,870.5,859.0,199.8,201.5,204.5,206.6,4.68,77.9,4.067,4772.0,857.3,865.3,868.3,858.3,199.7,201.2,204.7,205.7,4.7,78.0,4.072,-3.5,0.923,0,nominal,0,0.0,194.98,701919.9
80.2,takeoff_climb,90.86318131256952,2854.727474972191,40.48943270300334,4774.4,856.1,866.7,867.6,858.5,200.4,201.0,203.9,205.8,4.68,76.6,4.026,4770.9,857.3,865.3,868.3,858.3,199.7,201.2,204.7,205.7,4.7,78.0,4.07,-3.6,0.923,0,nominal,0,0.0,194.98,701919.8
80.3,takeoff_climb,90.85428253615127,2858.2869855394883,40.50500556173526,4769.6,856.8,868.6,867.3,859.4,199.5,202.0,204.4,206.4,4.74,78.5,4.099,4769.9,857.3,865.3,868.3,858.3,199.7,201.2,204.7,205.7,4.7,78.0,4.069,-3.6,0.922,0,nominal,0,0.0,194.98,701919.7
80.4,takeoff_climb,90.84538375973304,2861.8464961067853,40.52057842046719,4771.3,857.0,867.0,869.0,856.7,200.1,201.3,205.0,206.1,4.65,78.0,4.0,4768.8,857.2,865.2,868.2,858.2,199.7,201.2,204.7,205.7,4.7,78.0,4.067,-3.6,0.922,0,nominal,0,0.0,194.98,701919.6
80.5,takeoff_climb,90.83648498331479,2865.406006674082,40.53615127919911,4779.5,857.2,866.0,867.6,858.6,200.3,200.0,204.7,206.7,4.67,77.4,4.061,4767.7,857.2,865.2,868.2,858.2,199.7,201.2,204.7,205.7,4.7,78.0,4.066,-3.6,0.922,0,nominal,0,0.0,194.98,701919.5
80.6,takeoff_climb,90.82758620689656,2868.965517241379,40.55172413793103,4772.8,858.6,863.2,867.6,857.7,199.2,201.1,204.6,205.8,4.73,78.1,4.015,4766.6,857.2,865.2,868.2,858.2,199.7,201.2,204.7,205.7,4.7,78.0,4.064,-3.6,0.921,0,nominal,0,0.0,194.98,701919.4
80.7,takeoff_climb,90.8186874304783,2872.525027808676,40.56729699666296,4771.0,859.9,865.4,867.5,859.0,199.6,200.2,204.5,205.7,4.73,76.8,4.093,4765.5,857.2,865.2,868.2,858.2,199.7,201.2,204.6,205.6,4.7,78.0,4.063,-3.7,0.921,0,nominal,0,0.0,194.98,701919.3
80.8,takeoff_climb,90.80978865406007,2876.0845383759734,40.58286985539488,4757.8,856.6,866.7,868.2,859.8,200.2,200.6,203.9,205.0,4.68,78.0,4.134,4764.4,857.2,865.2,868.2,858.2,199.6,201.1,204.6,205.6,4.7,78.0,4.061,-3.7,0.921,0,nominal,0,0.0,194.98,701919.2
80.9,takeoff_climb,90.80088987764182,2879.6440489432703,40.598442714126804,4765.8,856.4,864.6,867.8,856.6,199.4,200.6,203.9,207.2,4.66,78.0,4.074,4763.4,857.2,865.2,868.2,858.2,199.6,201.1,204.6,205.6,4.7,78.0,4.06,-3.7,0.92,0,nominal,0,0.0,194.98,701919.1
81.0,takeoff_climb,90.79199110122359,2883.203559510567,40.61401557285873,4756.6,855.7,865.9,867.2,859.7,200.1,200.9,204.2,204.7,4.71,77.6,4.091,4762.3,857.2,865.2,868.2,858.2,199.6,201.1,204.6,205.6,4.7,78.0,4.058,-3.7,0.92,0,nominal,0,0.0,194.98,701919.0
81.1,takeoff_climb,90.78309232480534,2886.763070077864,40.629588431590655,4753.6,856.9,863.2,869.4,857.8,199.8,201.7,204.7,205.6,4.71,78.1,4.085,4761.2,857.2,865.2,868.2,858.2,199.6,201.1,204.6,205.6,4.7,78.0,4.057,-3.8,0.92,0,nominal,0,0.0,194.98,701918.9
81.2,takeoff_climb,90.7741935483871,2890.322580645161,40.64516129032258,4753.5,857.9,864.4,869.9,858.9,199.3,200.2,205.7,205.4,4.67,77.7,4.086,4760.1,857.2,865.2,868.2,858.2,199.6,201.1,204.6,205.6,4.7,78.0,4.055,-3.8,0.919,0,nominal,0,0.0,194.98,701918.8
81.3,takeoff_climb,90.76529477196885,2893.882091212458,40.660734149054505,4765.2,860.5,864.6,869.1,859.7,200.0,201.5,205.0,206.0,4.65,77.6,4.039,4759.0,857.2,865.2,868.2,858.2,199.6,201.1,204.6,205.6,4.7,78.0,4.054,-3.8,0.919,0,nominal,0,0.0,194.98,701918.7
81.4,takeoff_climb,90.7563959955506,2897.4416017797553,40.67630700778643,4756.6,858.2,863.7,867.1,859.4,200.5,201.5,204.9,205.9,4.7,77.2,4.05,4758.0,857.2,865.2,868.2,858.2,199.6,201.1,204.6,205.6,4.7,78.0,4.052,-3.8,0.919,0,nominal,0,0.0,194.98,701918.6
81.5,takeoff_climb,90.74749721913237,2901.001112347052,40.691879866518356,4760.2,856.3,866.4,868.5,857.9,199.0,202.0,204.5,205.6,4.68,78.7,4.014,4756.9,857.2,865.2,868.2,858.2,199.6,201.1,204.6,205.6,4.69,78.0,4.051,-3.9,0.918,0,nominal,0,0.0,194.98,701918.5
81.6,takeoff_climb,90.73859844271412,2904.560622914349,40.70745272525028,4748.5,856.7,866.0,869.9,855.1,200.0,201.4,204.0,206.3,4.67,78.2,4.101,4755.8,857.2,865.2,868.2,858.2,199.6,201.1,204.6,205.6,4.69,78.0,4.049,-3.9,0.918,0,nominal,0,0.0,194.98,701918.4
81.7,takeoff_climb,90.72969966629589,2908.120133481646,40.723025583982206,4760.8,858.1,865.8,868.7,854.9,199.5,201.1,204.6,205.0,4.7,77.5,4.039,4754.7,857.2,865.2,868.2,858.2,199.6,201.1,204.6,205.6,4.69,78.0,4.048,-3.9,0.918,0,nominal,0,0.0,194.98,701918.3
81.8,takeoff_climb,90.72080088987764,2911.679644048943,40.73859844271413,4754.7,856.3,864.7,867.5,859.0,198.3,201.1,203.8,205.8,4.7,78.6,4.004,4753.6,857.2,865.2,868.2,858.2,199.6,201.1,204.6,205.6,4.69,78.0,4.046,-3.9,0.917,0,nominal,0,0.0,194.98,701918.2
81.9,takeoff_climb,90.7119021134594,2915.2391546162403,40.75417130144605,4744.7,857.1,865.5,864.4,859.0,199.5,200.8,204.4,205.5,4.66,77.9,4.034,4752.6,857.1,865.1,868.1,858.1,199.6,201.1,204.6,205.6,4.69,78.0,4.044,-3.9,0.917,0,nominal,0,0.0,194.98,701918.1
82.0,takeoff_climb,90.70300333704115,2918.798665183537,40.76974416017798,4759.8,857.8,865.6,871.2,855.3,199.0,200.3,204.9,205.2,4.74,77.4,3.999,4751.5,857.1,865.1,868.1,858.1,199.6,201.1,204.6,205.6,4.69,78.0,4.043,-4.0,0.917,0,nominal,0,0.0,194.98,701918.0
82.1,takeoff_climb,90.69410456062292,2922.358175750834,40.7853170189099,4747.0,859.0,863.3,867.1,858.7,199.7,201.1,205.0,206.2,4.68,77.0,4.073,4750.4,857.1,865.1,868.1,858.1,199.6,201.1,204.6,205.6,4.69,78.0,4.041,-4.0,0.916,0,nominal,0,0.0,194.98,701917.9
82.2,takeoff_climb,90.68520578420467,2925.917686318131,40.80088987764182,4755.5,855.5,863.2,870.2,859.1,198.8,201.9,204.4,206.1,4.68,78.4,4.078,4749.3,857.1,865.1,868.1,858.1,199.6,201.1,204.6,205.6,4.69,78.0,4.04,-4.0,0.916,0,nominal,0,0.0,194.98,701917.8
82.3,takeoff_climb,90.67630700778643,2929.477196885428,40.81646273637375,4748.0,859.5,863.5,867.6,859.3,198.8,201.4,205.1,205.9,4.7,77.1,4.057,4748.2,857.1,865.1,868.1,858.1,199.6,201.1,204.6,205.6,4.69,78.0,4.038,-4.0,0.916,0,nominal,0,0.0,194.98,701917.7
82.4,takeoff_climb,90.66740823136819,2933.036707452725,40.83203559510567,4750.9,855.6,866.2,867.4,858.1,199.4,200.6,204.8,205.9,4.68,77.6,4.085,4747.2,857.1,865.1,868.1,858.1,199.6,201.1,204.6,205.6,4.69,78.0,4.037,-4.1,0.915,0,nominal,0,0.0,194.98,701917.6
82.5,takeoff_climb,90.65850945494995,2936.596218020022,40.847608453837594,4739.3,857.7,866.8,865.9,858.7,199.0,200.6,205.7,204.6,4.7,77.7,4.03,4746.1,857.1,865.1,868.1,858.1,199.6,201.1,204.6,205.6,4.69,78.0,4.035,-4.1,0.915,0,nominal,0,0.0,194.98,701917.5
82.6,takeoff_climb,90.6496106785317,2940.155728587319,40.86318131256952,4746.1,858.2,868.1,870.2,857.9,200.2,201.0,205.1,205.5,4.67,77.9,4.025,4745.0,857.1,865.1,868.1,858.1,199.6,201.1,204.6,205.6,4.69,78.0,4.034,-4.1,0.915,0,nominal,0,0.0,194.98,701917.4
82.7,takeoff_climb,90.64071190211345,2943.715239154616,40.878754171301445,4748.1,856.8,864.4,872.1,858.1,198.8,200.2,204.0,205.2,4.71,78.3,4.076,4743.9,857.1,865.1,868.1,858.1,199.6,201.1,204.6,205.6,4.69,78.0,4.032,-4.1,0.914,0,nominal,0,0.0,194.98,701917.3
82.8,takeoff_climb,90.63181312569522,2947.274749721913,40.89432703003337,4743.7,856.6,864.5,869.7,855.8,200.5,200.8,204.3,205.1,4.71,77.5,4.02,4742.9,857.1,865.1,868.1,858.1,199.6,201.1,204.6,205.6,4.69,78.0,4.031,-4.2,0.914,0,nominal,0,0.0,194.98,701917.2
82.9,takeoff_climb,90.62291434927697,2950.83426028921,40.909899888765295,4736.5,855.9,863.9,866.2,858.1,199.2,202.0,204.8,206.8,4.68,78.2,4.035,4741.8,857.1,865.1,868.1,858.1,199.6,201.1,204.6,205.6,4.69,78.0,4.029,-4.2,0.914,0,nominal,0,0.0,194.98,701917.1
83.0,takeoff_climb,90.61401557285873,2954.393770856507,40.92547274749722,4744.0,856.9,866.9,867.4,858.0,198.6,201.4,205.1,205.3,4.7,78.5,4.041,4740.7,857.1,865.1,868.1,858.1,199.6,201.1,204.6,205.6,4.69,78.0,4.028,-4.2,0.913,0,nominal,0,0.0,194.98,701917.0
83.1,takeoff_climb,90.60511679644048,2957.953281423804,40.94104560622914,4735.9,854.6,865.5,870.3,858.6,200.0,201.3,205.3,206.3,4.69,78.5,4.014,4739.6,857.1,865.1,868.1,858.1,199.6,201.1,204.6,205.6,4.69,78.0,4.026,-4.2,0.913,0,nominal,0,0.0,194.98,701916.9
83.2,takeoff_climb,90.59621802002225,2961.512791991101,40.95661846496107,4747.5,857.3,864.1,867.8,854.5,199.1,200.8,203.5,206.0,4.68,77.9,3.967,4738.6,857.1,865.1,868.1,858.1,199.6,201.1,204.6,205.6,4.69,78.0,4.025,-4.2,0.913,0,nominal,0,0.0,194.98,701916.8
83.3,takeoff_climb,90.587319243604,2965.072302558398,40.97219132369299,4745.6,857.9,864.1,865.4,856.9,199.6,201.6,203.4,204.7,4.7,78.1,3.976,4737.5,857.1,865.1,868.1,858.1,199.6,201.1,204.6,205.6,4.69,78.0,4.023,-4.3,0.912,0,nominal,0,0.0,194.98,701916.7
83.4,takeoff_climb,90.57842046718577,2968.631813125695,40.98776418242492,4735.7,854.8,864.1,868.3,856.0,200.6,200.7,204.5,206.3,4.73,78.0,4.037,4736.4,857.0,865.0,868.0,858.0,199.6,201.1,204.6,205.6,4.69,78.0,4.022,-4.3,0.912,0,nominal,0,0.0,194.98,701916.6
83.5,takeoff_climb,90.56952169076752,2972.1913236929922,41.00333704115684,4732.4,858.5,869.1,867.2,858.1,199.4,201.3,203.6,204.6,4.66,78.0,4.055,4735.3,857.0,865.0,868.0,858.0,199.6,201.1,204.6,205.6,4.69,78.0,4.02,-4.3,0.912,0,nominal,0,0.0,194.98,701916.5
83.6,takeoff_climb,90.56062291434928,2975.750834260289,41.01890989988877,4742.3,859.0,862.9,868.4,857.6,200.3,200.3,204.3,205.2,4.7,77.0,3.966,4734.3,857.0,865.0,868.0,858.0,199.6,201.1,204.6,205.6,4.69,78.0,4.019,-4.3,0.911,0,nominal,0,0.0,194.98,701916.4
83.7,takeoff_climb,90.55172413793103,2979.310344827586,41.03448275862069,4743.9,857.8,864.7,868.8,857.7,199.5,201.3,204.4,205.4,4.66,77.1,3.96,4733.2,857.0,865.0,868.0,858.0,199.6,201.1,204.6,205.6,4.69,78.0,4.017,-4.4,0.911,0,nominal,0,0.0,194.98,701916.3
83.8,takeoff_climb,90.5428253615128,2982.869855394883,41.05005561735261,4725.8,857.5,866.8,870.3,858.7,200.3,200.7,205.2,204.9,4.7,78.0,4.009,4732.1,857.0,865.0,868.0,858.0,199.6,201.1,204.6,205.6,4.69,78.0,4.016,-4.4,0.911,0,nominal,0,0.0,194.98,701916.2
83.9,takeoff_climb,90.53392658509455,2986.42936596218,41.06562847608454,4735.2,857.1,865.7,866.4,856.5,199.4,200.3,204.8,205.1,4.68,77.8,4.03,4731.0,857.0,865.0,868.0,858.0,199.6,201.1,204.6,205.6,4.69,78.0,4.014,-4.4,0.91,0,nominal,0,0.0,194.98,701916.1
84.0,takeoff_climb,90.52502780867631,2989.9888765294772,41.08120133481646,4730.2,857.6,866.9,867.6,856.7,199.8,200.2,204.0,206.1,4.66,78.5,4.031,4730.0,857.0,865.0,868.0,858.0,199.6,201.1,204.6,205.6,4.69,78.0,4.013,-4.4,0.91,0,nominal,0,0.0,194.98,701916.0
84.1,takeoff_climb,90.51612903225806,2993.548387096774,41.096774193548384,4727.4,856.2,863.4,867.6,857.1,200.0,202.6,204.9,205.0,4.68,78.2,4.037,4728.9,857.0,865.0,868.0,858.0,199.6,201.1,204.6,205.6,4.69,78.0,4.011,-4.5,0.91,0,nominal,0,0.0,194.98,701915.9
84.2,takeoff_climb,90.50723025583983,2997.107897664071,41.11234705228031,4728.1,860.3,864.1,866.2,855.9,199.6,201.1,205.1,205.0,4.72,78.1,4.086,4727.8,857.0,865.0,868.0,858.0,199.6,201.1,204.6,205.6,4.69,78.0,4.01,-4.5,0.909,0,nominal,0,0.0,194.98,701915.8
84.3,takeoff_climb,90.49833147942158,3000.667408231368,41.127919911012235,4721.5,856.9,864.1,868.4,858.0,199.6,201.1,205.1,205.2,4.7,76.8,3.985,4726.7,857.0,865.0,868.0,858.0,199.6,201.1,204.6,205.6,4.69,78.0,4.008,-4.5,0.909,0,nominal,0,0.0,194.98,701915.7
84.4,takeoff_climb,90.48943270300333,3004.226918798665,41.14349276974416,4723.0,858.3,864.6,868.1,859.1,199.1,201.9,204.5,205.2,4.68,77.9,4.029,4725.7,857.0,865.0,868.0,858.0,199.6,201.1,204.6,205.6,4.69,78.0,4.007,-4.5,0.909,0,nominal,0,0.0,194.98,701915.6
84.5,takeoff_climb,90.4805339265851,3007.786429365962,41.159065628476085,4723.4,859.4,865.6,868.8,857.8,199.1,201.8,204.8,207.5,4.7,78.0,3.99,4724.6,857.0,865.0,868.0,858.0,199.6,201.1,204.6,205.6,4.69,78.0,4.005,-4.6,0.908,0,nominal,0,0.0,194.98,701915.5
84.6,takeoff_climb,90.47163515016685,3011.345939933259,41.17463848720801,4724.0,856.8,865.1,868.5,859.9,200.2,201.0,204.9,204.5,4.68,77.8,3.978,4723.5,857.0,865.0,868.0,858.0,199.6,201.1,204.6,205.6,4.69,78.0,4.004,-4.6,0.908,0,nominal,0,0.0,194.98,701915.4
84.7,takeoff_climb,90.46273637374861,3014.905450500556,41.19021134593993,4721.8,856.4,863.1,870.3,858.9,200.2,201.1,204.0,205.4,4.7,78.3,3.987,4722.5,857.0,865.0,868.0,858.0,199.6,201.1,204.6,205.6,4.69,78.0,4.002,-4.6,0.908,0,nominal,0,0.0,194.98,701915.3
84.8,takeoff_climb,90.45383759733036,3018.464961067853,41.20578420467186,4726.4,858.5,862.6,868.7,857.0,199.6,201.4,205.5,205.3,4.68,77.7,4.0,4721.4,857.0,865.0,868.0,858.0,199.6,201.1,204.6,205.6,4.69,78.0,4.001,-4.6,0.907,0,nominal,0,0.0,194.98,701915.2
84.9,takeoff_climb,90.44493882091213,3022.02447163515,41.22135706340378,4725.7,855.6,866.5,869.2,858.4,199.9,201.2,205.3,205.8,4.68,77.3,4.043,4720.3,856.9,864.9,867.9,857.9,199.6,201.1,204.6,205.6,4.69,78.0,3.999,-4.6,0.907,0,nominal,0,0.0,194.98,701915.1
85.0,takeoff_climb,90.43604004449388,3025.583982202447,41.23692992213571,4713.7,857.8,863.6,870.6,857.7,200.0,200.8,205.6,205.5,4.68,78.0,3.954,4719.2,856.9,864.9,867.9,857.9,199.5,201.0,204.5,205.5,4.69,78.0,3.998,-4.7,0.907,0,nominal,0,0.0,194.98,701915.0
85.1,takeoff_climb,90.42714126807564,3029.143492769744,41.25250278086763,4723.9,857.5,865.8,866.1,856.9,199.2,200.0,204.9,206.3,4.67,77.0,4.036,4718.2,856.9,864.9,867.9,857.9,199.5,201.0,204.5,205.5,4.69,78.0,3.996,-4.7,0.906,0,nominal,0,0.0,194.98,701914.9
85.2,takeoff_climb,90.4182424916574,3032.703003337041,41.26807563959956,4710.3,859.9,867.8,867.0,857.2,199.6,201.5,204.9,205.8,4.67,78.5,4.008,4717.1,856.9,864.9,867.9,857.9,199.5,201.0,204.5,205.5,4.69,78.0,3.995,-4.7,0.906,0,nominal,0,0.0,194.98,701914.8
85.3,takeoff_climb,90.40934371523916,3036.262513904338,41.28364849833148,4716.9,856.8,865.2,866.3,856.3,199.9,200.1,204.0,205.6,4.73,78.0,3.959,4716.0,856.9,864.9,867.9,857.9,199.5,201.0,204.5,205.5,4.69,78.0,3.993,-4.7,0.906,0,nominal,0,0.0,194.98,701914.7
85.4,takeoff_climb,90.40044493882091,3039.822024471635,41.2992213570634,4708.8,857.5,866.5,867.5,858.2,199.7,200.4,204.5,206.0,4.69,78.9,3.95,4715.0,856.9,864.9,867.9,857.9,199.5,201.0,204.5,205.5,4.69,78.0,3.992,-4.8,0.905,0,nominal,0,0.0,194.98,701914.6
85.5,takeoff_climb,90.39154616240268,3043.381535038932,41.31479421579533,4720.8,859.2,863.5,866.9,858.3,198.6,201.2,204.3,205.0,4.68,78.6,3.948,4713.9,856.9,864.9,867.9,857.9,199.5,201.0,204.5,205.5,4.69,78.0,3.99,-4.8,0.905,0,nominal,0,0.0,194.98,701914.5
85.6,takeoff_climb,90.38264738598443,3046.9410456062287,41.33036707452725,4706.2,857.0,866.7,868.4,856.3,199.7,201.9,204.7,205.9,4.66,77.4,3.963,4712.8,856.9,864.9,867.9,857.9,199.5,201.0,204.5,205.5,4.69,78.0,3.989,-4.8,0.905,0,nominal,0,0.0,194.98,701914.4
85.7,takeoff_climb,90.37374860956618,3050.500556173526,41.345939933259174,4704.9,854.6,863.4,869.2,859.1,199.6,201.8,203.9,205.0,4.67,77.9,4.029,4711.8,856.9,864.9,867.9,857.9,199.5,201.0,204.5,205.5,4.69,78.0,3.987,-4.8,0.904,0,nominal,0,0.0,194.98,701914.3
85.8,takeoff_climb,90.36484983314794,3054.060066740823,41.3615127919911,4709.9,856.6,866.7,870.3,857.3,199.1,200.6,204.5,205.8,4.67,77.5,4.013,4710.7,856.9,864.9,867.9,857.9,199.5,201.0,204.5,205.5,4.69,78.0,3.986,-4.9,0.904,0,nominal,0,0.0,194.98,701914.2
85.9,takeoff_climb,90.3559510567297,3057.61957730812,41.377085650723025,4712.1,859.3,864.7,868.1,858.6,199.5,201.7,204.2,205.7,4.67,78.6,3.996,4709.6,856.9,864.9,867.9,857.9,199.5,201.0,204.5,205.5,4.69,78.0,3.984,-4.9,0.904,0,nominal,0,0.0,194.98,701914.1
86.0,takeoff_climb,90.34705228031146,3061.179087875417,41.39265850945495,4703.5,856.0,864.8,864.7,856.8,200.1,200.5,204.6,207.1,4.71,77.9,3.992,4708.6,856.9,864.9,867.9,857.9,199.5,201.0,204.5,205.5,4.69,78.0,3.983,-4.9,0.903,0,nominal,0,0.0,194.98,701914.0
86.1,takeoff_climb,90.33815350389321,3064.7385984427137,41.408231368186875,4713.0,855.7,864.3,869.2,853.5,199.7,201.5,205.3,205.9,4.68,78.9,4.049,4707.5,856.9,864.9,867.9,857.9,199.5,201.0,204.5,205.5,4.69,78.0,3.981,-4.9,0.903,0,nominal,0,0.0,194.98,701913.9
86.2,takeoff_climb,90.32925472747498,3068.298109010011,41.4238042269188,4708.7,857.7,865.2,870.9,857.9,199.9,199.7,204.5,204.9,4.74,78.1,3.985,4706.4,856.9,864.9,867.9,857.9,199.5,201.0,204.5,205.5,4.69,78.0,3.98,-4.9,0.903,0,nominal,0,0.0,194.98,701913.8
86.3,takeoff_climb,90.32035595105673,3071.857619577308,41.43937708565072,4711.7,854.6,863.9,866.6,859.7,198.1,200.5,205.4,206.8,4.66,78.1,3.967,4705.4,856.9,864.9,867.9,857.9,199.5,201.0,204.5,205.5,4.68,78.0,3.978,-5.0,0.902,0,nominal,0,0.0,194.98,701913.7
86.4,takeoff_climb,90.31145717463849,3075.417130144605,41.45494994438265,4704.3,859.7,862.7,866.6,857.6,199.5,201.8,204.1,204.7,4.68,78.7,4.005,4704.3,856.8,864.8,867.8,857.8,199.5,201.0,204.5,205.5,4.68,78.0,3.977,-5.0,0.902,0,nominal,0,0.0,194.98,701913.6
86.5,takeoff_climb,90.30255839822024,3078.976640711902,41.47052280311457,4699.9,857.8,865.8,871.2,859.3,199.1,201.6,204.4,205.8,4.65,77.6,3.978,4703.2,856.8,864.8,867.8,857.8,199.5,201.0,204.5,205.5,4.68,78.0,3.975,-5.0,0.902,0,nominal,0,0.0,194.98,701913.5
86.6,takeoff_climb,90.29365962180201,3082.5361512791987,41.4860956618465,4701.2,858.6,864.7,867.7,854.9,200.3,201.0,206.1,205.4,4.65,78.6,4.0,4702.2,856.8,864.8,867.8,857.8,199.5,201.0,204.5,205.5,4.68,78.0,3.974,-5.0,0.901,0,nominal,0,0.0,194.98,701913.4
86.7,takeoff_climb,90.28476084538376,3086.095661846496,41.50166852057842,4694.8,857.1,864.2,865.2,857.9,199.0,201.2,204.7,205.3,4.69,78.1,3.951,4701.1,856.8,864.8,867.8,857.8,199.5,201.0,204.5,205.5,4.68,78.0,3.973,-5.1,0.901,0,nominal,0,0.0,194.98,701913.3
86.8,takeoff_climb,90.27586206896552,3089.655172413793,41.51724137931035,4705.4,854.8,865.6,867.0,860.4,199.8,201.3,204.6,205.9,4.66,77.5,3.978,4700.0,856.8,864.8,867.8,857.8,199.5,201.0,204.5,205.5,4.68,78.0,3.971,-5.1,0.901,0,nominal,0,0.0,194.98,701913.2
86.9,takeoff_climb,90.26696329254727,3093.21468298109,41.53281423804227,4699.9,856.2,867.0,867.0,856.7,200.0,200.6,205.0,205.7,4.7,78.0,3.94,4699.0,856.8,864.8,867.8,857.8,199.5,201.0,204.5,205.5,4.68,78.0,3.97,-5.1,0.9,0,nominal,0,0.0,194.98,701913.1
87.0,takeoff_climb,90.25806451612902,3096.774193548387,41.54838709677419,4708.9,856.2,864.1,866.4,859.0,199.0,200.6,204.2,206.3,4.69,78.4,3.949,4697.9,856.8,864.8,867.8,857.8,199.5,201.0,204.5,205.5,4.68,78.0,3.968,-5.1,0.9,0,nominal,0,0.0,194.98,701913.0
87.1,takeoff_climb,90.24916573971079,3100.3337041156838,41.56395995550612,4695.3,855.8,863.1,868.9,858.2,199.3,201.7,204.1,206.1,4.7,77.8,3.977,4696.8,856.8,864.8,867.8,857.8,199.5,201.0,204.5,205.5,4.68,78.0,3.967,-5.2,0.9,0,nominal,0,0.0,194.98,701912.9
87.2,takeoff_climb,90.24026696329254,3103.893214682981,41.57953281423804,4692.3,858.5,868.3,867.8,860.4,200.1,200.8,204.3,205.2,4.65,79.0,3.953,4695.8,856.8,864.8,867.8,857.8,199.5,201.0,204.5,205.5,4.68,78.0,3.965,-5.2,0.899,0,nominal,0,0.0,194.98,701912.8
87.3,takeoff_climb,90.2313681868743,3107.452725250278,41.595105672969964,4703.5,854.9,864.8,868.3,858.9,199.5,199.8,204.0,205.8,4.65,77.9,3.908,4694.7,856.8,864.8,867.8,857.8,199.5,201.0,204.5,205.5,4.68,78.0,3.964,-5.2,0.899,0,nominal,0,0.0,194.98,701912.7
87.4,takeoff_climb,90.22246941045606,3111.012235817575,41.61067853170189,4683.6,857.0,867.2,867.5,857.4,199.6,201.4,204.2,205.7,4.68,78.8,4.0,4693.6,856.8,864.8,867.8,857.8,199.5,201.0,204.5,205.5,4.68,78.0,3.962,-5.2,0.899,0,nominal,0,0.0,194.98,701912.6
87.5,takeoff_climb,90.21357063403782,3114.571746384872,41.626251390433815,4697.6,856.6,864.5,865.1,856.2,198.6,200.2,204.3,205.2,4.69,78.2,3.973,4692.6,856.8,864.8,867.8,857.8,199.5,201.0,204.5,205.5,4.68,78.0,3.961,-5.2,0.898,0,nominal,0,0.0,194.98,701912.5
87.6,takeoff_climb,90.20467185761957,3118.1312569521688,41.64182424916574,4683.1,856.5,862.3,866.0,856.6,199.7,200.8,204.7,206.5,4.7,78.0,3.972,4691.5,856.8,864.8,867.8,857.8,199.5,201.0,204.5,205.5,4.68,78.0,3.959,-5.3,0.898,0,nominal,0,0.0,194.98,701912.4
87.7,takeoff_climb,90.19577308120134,3121.6907675194657,41.657397107897665,4686.7,857.7,864.9,867.2,858.2,199.0,200.2,205.1,205.9,4.67,78.2,3.963,4690.4,856.8,864.8,867.8,857.8,199.5,201.0,204.5,205.5,4.68,78.0,3.958,-5.3,0.898,0,nominal,0,0.0,194.98,701912.3
87.8,takeoff_climb,90.18687430478309,3125.250278086763,41.67296996662959,4688.1,856.0,864.7,866.3,857.7,200.0,200.4,203.1,204.9,4.68,78.4,3.974,4689.4,856.7,864.7,867.7,857.7,199.5,201.0,204.5,205.5,4.68,78.0,3.956,-5.3,0.897,0,nominal,0,0.0,194.98,701912.2
87.9,takeoff_climb,90.17797552836485,3128.80978865406,41.68854282536151,4691.8,858.8,862.6,866.6,857.1,200.1,200.8,205.3,206.1,4.72,78.0,3.965,4688.3,856.7,864.7,867.7,857.7,199.5,201.0,204.5,205.5,4.68,78.0,3.955,-5.3,0.897,0,nominal,0,0.0,194.98,701912.1
88.0,takeoff_climb,90.1690767519466,3132.369299221357,41.70411568409344,4687.0,856.0,864.8,867.0,855.4,198.7,200.4,204.2,205.6,4.7,78.4,3.898,4687.3,856.7,864.7,867.7,857.7,199.5,201.0,204.5,205.5,4.68,78.0,3.953,-5.4,0.897,0,nominal,0,0.0,194.98,701912.0
88.1,takeoff_climb,90.16017797552837,3135.928809788654,41.71968854282536,4689.1,854.3,865.6,867.0,859.9,199.1,200.8,205.1,204.9,4.69,78.5,3.935,4686.2,856.7,864.7,867.7,857.7,199.5,201.0,204.5,205.5,4.68,78.0,3.952,-5.4,0.896,0,nominal,0,0.0,194.98,701911.9
88.2,takeoff_climb,90.15127919911012,3139.4883203559507,41.73526140155728,4695.4,855.2,866.1,868.2,858.7,199.6,200.9,205.6,205.6,4.69,77.6,3.937,4685.1,856.7,864.7,867.7,857.7,199.5,201.0,204.5,205.5,4.68,78.0,3.95,-5.4,0.896,0,nominal,0,0.0,194.98,701911.8
88.3,takeoff_climb,90.14238042269189,3143.047830923248,41.75083426028921,4683.6,855.9,864.3,868.1,858.9,199.4,201.5,204.0,204.1,4.71,77.6,3.876,4684.1,856.7,864.7,867.7,857.7,199.5,201.0,204.5,205.5,4.68,78.0,3.949,-5.4,0.896,0,nominal,0,0.0,194.98,701911.7
88.4,takeoff_climb,90.13348164627364,3146.607341490545,41.76640711902113,4677.2,859.5,865.8,868.1,858.4,199.7,201.8,204.0,204.7,4.65,78.3,3.937,4683.0,856.7,864.7,867.7,857.7,199.5,201.0,204.5,205.5,4.68,78.0,3.947,-5.5,0.895,0,nominal,0,0.0,194.98,701911.6
88.5,takeoff_climb,90.1245828698554,3150.166852057842,41.78197997775306,4676.6,857.7,862.8,867.9,858.9,199.1,201.3,204.3,205.2,4.67,77.2,3.961,4682.0,856.7,864.7,867.7,857.7,199.5,201.0,204.5,205.5,4.68,78.0,3.946,-5.5,0.895,0,nominal,0,0.0,194.98,701911.5
88.6,takeoff_climb,90.11568409343715,3153.726362625139,41.79755283648498,4679.0,858.6,866.9,866.9,855.3,200.0,202.0,203.5,205.8,4.68,78.3,3.944,4680.9,856.7,864.7,867.7,857.7,199.5,201.0,204.5,205.5,4.68,78.0,3.944,-5.5,0.895,0,nominal,0,0.0,194.98,701911.4
88.7,takeoff_climb,90.1067853170189,3157.2858731924357,41.81312569521691,4679.6,855.3,863.1,868.8,857.8,199.0,201.9,204.1,205.0,4.68,77.4,3.981,4679.8,856.7,864.7,867.7,857.7,199.5,201.0,204.5,205.5,4.68,78.0,3.943,-5.5,0.894,0,nominal,0,0.0,194.98,701911.3
88.8,takeoff_climb,90.09788654060067,3160.8453837597326,41.82869855394883,4687.8,856.2,865.1,869.1,859.2,200.4,201.6,203.3,205.4,4.69,78.6,4.012,4678.8,856.7,864.7,867.7,857.7,199.5,201.0,204.5,205.5,4.68,78.0,3.941,-5.5,0.894,0,nominal,0,0.0,194.98,701911.2
88.9,takeoff_climb,90.08898776418242,3164.40489432703,41.844271412680754,4678.8,857.1,866.1,870.1,855.0,198.2,201.7,204.6,205.1,4.67,77.6,3.9,4677.7,856.7,864.7,867.7,857.7,199.5,201.0,204.5,205.5,4.68,78.0,3.94,-5.6,0.894,0,nominal,0,0.0,194.98,701911.1
89.0,takeoff_climb,90.08008898776419,3167.964404894327,41.85984427141268,4668.4,855.3,864.6,868.0,857.8,198.8,199.8,204.9,205.5,4.66,78.1,3.937,4676.7,856.7,864.7,867.7,857.7,199.5,201.0,204.5,205.5,4.68,78.0,3.938,-5.6,0.894,0,nominal,0,0.0,194.98,701911.0
89.1,takeoff_climb,90.07119021134594,3171.523915461624,41.875417130144605,4681.7,855.3,865.3,868.5,857.5,199.3,201.8,205.3,205.3,4.67,78.1,3.991,4675.6,856.7,864.7,867.7,857.7,199.4,200.9,204.4,205.4,4.68,78.0,3.937,-5.6,0.893,0,nominal,0,0.0,194.98,701910.9
89.2,takeoff_climb,90.0622914349277,3175.0834260289207,41.89098998887653,4671.2,856.4,864.0,868.7,858.5,199.1,201.4,204.5,205.1,4.69,78.1,3.932,4674.5,856.7,864.7,867.7,857.7,199.4,200.9,204.4,205.4,4.68,78.0,3.936,-5.6,0.893,0,nominal,0,0.0,194.98,701910.8
89.3,takeoff_climb,90.05339265850945,3178.6429365962176,41.906562847608456,4666.6,857.7,864.8,869.7,859.5,199.6,201.0,203.1,205.1,4.69,77.8,3.957,4673.5,856.6,864.6,867.6,857.6,199.4,200.9,204.4,205.4,4.68,78.0,3.934,-5.7,0.893,0,nominal,0,0.0,194.98,701910.7
89.4,takeoff_climb,90.04449388209122,3182.202447163515,41.92213570634038,4665.1,856.4,864.9,866.7,857.1,199.8,200.1,204.6,205.2,4.69,77.4,3.899,4672.4,856.6,864.6,867.6,857.6,199.4,200.9,204.4,205.4,4.68,78.0,3.933,-5.7,0.892,0,nominal,0,0.0,194.98,701910.6
89.5,takeoff_climb,90.03559510567297,3185.761957730812,41.9377085650723,4668.9,858.3,865.4,870.4,856.7,199.6,201.6,202.7,205.3,4.63,78.0,3.931,4671.4,856.6,864.6,867.6,857.6,199.4,200.9,204.4,205.4,4.68,78.0,3.931,-5.7,0.892,0,nominal,0,0.0,194.98,701910.5
89.6,takeoff_climb,90.02669632925473,3189.321468298109,41.95328142380423,4667.9,854.0,864.5,867.3,859.5,199.4,202.5,205.5,206.9,4.64,77.4,3.954,4670.3,856.6,864.6,867.6,857.6,199.4,200.9,204.4,205.4,4.68,78.0,3.93,-5.7,0.892,0,nominal,0,0.0,194.98,701910.4
89.7,takeoff_climb,90.01779755283648,3192.8809788654057,41.96885428253615,4666.5,857.5,864.6,867.1,856.3,199.9,200.4,205.1,205.4,4.64,77.1,3.931,4669.2,856.6,864.6,867.6,857.6,199.4,200.9,204.4,205.4,4.68,78.0,3.928,-5.8,0.891,0,nominal,0,0.0,194.98,701910.3
89.8,takeoff_climb,90.00889877641825,3196.4404894327026,41.98442714126807,4666.4,860.2,866.0,867.2,859.4,200.2,201.7,204.5,204.9,4.65,77.8,3.939,4668.2,856.6,864.6,867.6,857.6,199.4,200.9,204.4,205.4,4.68,78.0,3.927,-5.8,0.891,0,nominal,0,0.0,194.98,701910.2
89.9,takeoff_climb,90.0,3200.0,42.0,4672.4,857.2,863.9,867.9,856.5,200.7,200.5,204.9,204.4,4.65,78.4,3.934,4667.1,856.6,864.6,867.6,857.6,199.4,200.9,204.4,205.4,4.68,78.0,3.925,-5.8,0.891,0,nominal,0,0.0,194.98,701910.1
90.0,mission_cruise,74.0,3200.0,43.0,4583.0,854.6,860.5,865.0,854.9,199.3,201.0,204.8,206.4,4.64,77.9,3.33,4578.2,855.1,863.1,866.1,856.1,199.4,200.9,204.4,205.4,4.67,78.0,3.33,-5.8,0.891,0,nominal,0,0.0,194.97,701910.0
90.1,mission_cruise,73.9988882712618,3200.0,43.0005558643691,4496.9,856.1,861.4,863.9,855.1,199.4,201.8,203.8,205.7,4.67,78.3,3.315,4505.5,853.6,861.6,864.6,854.6,199.3,200.8,204.3,205.3,4.66,78.0,3.33,-5.8,0.891,0,nominal,0,0.0,194.97,701909.9
90.2,mission_cruise,73.99777654252362,3200.0,43.00111172873819,4454.3,853.3,858.5,866.0,854.9,199.2,201.0,204.5,205.2,4.68,78.2,3.364,4446.0,852.3,860.3,863.3,853.3,199.2,200.7,204.2,205.2,4.66,78.0,3.329,-5.8,0.891,0,nominal,0,0.0,194.97,701909.8
90.3,mission_cruise,73.99666481378543,3200.0,43.001667593107285,4396.2,852.2,856.9,861.2,852.6,199.6,201.4,204.3,204.7,4.65,78.5,3.339,4397.2,851.0,859.0,862.0,852.0,199.2,200.7,204.2,205.2,4.65,78.0,3.329,-5.8,0.891,0,nominal,0,0.0,194.97,701909.7
90.4,mission_cruise,73.99555308504725,3200.0,43.002223457476376,4361.3,848.9,859.1,861.3,849.2,198.4,201.2,203.3,204.6,4.66,77.7,3.306,4357.4,849.8,857.8,860.8,850.8,199.1,200.6,204.1,205.1,4.64,78.0,3.329,-5.8,0.891,0,nominal,0,0.0,194.97,701909.6
90.5,mission_cruise,73.99444135630905,3200.0,43.00277932184547,4319.8,850.3,856.8,859.3,849.6,198.3,201.2,204.7,205.7,4.65,78.3,3.281,4324.8,848.6,856.6,859.6,849.6,199.0,200.5,204.0,205.0,4.63,78.0,3.329,-5.8,0.891,0,nominal,0,0.0,194.97,701909.5
90.6,mission_cruise,73.99332962757087,3200.0,43.003335186214564,4299.1,845.6,854.7,860.3,850.2,199.9,199.5,204.2,205.8,4.61,77.4,3.302,4298.1,847.6,855.6,858.6,848.6,199.0,200.5,204.0,205.0,4.62,78.0,3.329,-5.8,0.891,0,nominal,0,0.0,194.97,701909.4
90.7,mission_cruise,73.99221789883268,3200.0,43.00389105058366,4270.5,847.0,853.2,856.4,847.3,198.7,200.6,204.0,205.4,4.64,77.0,3.299,4276.2,846.5,854.5,857.5,847.5,198.9,200.4,203.9,204.9,4.61,78.0,3.329,-5.8,0.891,0,nominal,0,0.0,194.97,701909.3
90.8,mission_cruise,73.9911061700945,3200.0,43.00444691495275,4260.9,846.5,851.3,855.3,846.7,199.4,199.7,203.5,204.8,4.61,77.8,3.333,4258.3,845.6,853.6,856.6,846.6,198.9,200.4,203.9,204.9,4.6,78.0,3.329,-5.8,0.891,0,nominal,0,0.0,194.97,701909.2
90.9,mission_cruise,73.9899944413563,3200.0,43.00500277932185,4241.9,842.1,853.5,854.8,844.1,198.6,200.1,202.0,205.5,4.59,77.7,3.306,4243.7,844.7,852.7,855.7,845.7,198.8,200.3,203.8,204.8,4.6,78.0,3.329,-5.8,0.891,0,nominal,0,0.0,194.97,701909.1
91.0,mission_cruise,73.98888271261812,3200.0,43.00555864369094,4239.3,843.9,853.1,854.8,844.7,198.7,200.1,204.2,205.2,4.55,78.2,3.324,4231.7,843.8,851.8,854.8,844.8,198.7,200.2,203.7,204.7,4.59,77.9,3.329,-5.8,0.891,0,nominal,0,0.0,194.97,701909.0
91.1,mission_cruise,73.98777098387993,3200.0,43.00611450806004,4224.4,843.8,852.1,854.4,843.1,197.9,199.6,204.2,204.9,4.58,78.4,3.338,4221.9,843.0,851.0,854.0,844.0,198.7,200.2,203.7,204.7,4.59,77.9,3.329,-5.8,0.891,0,nominal,0,0.0,194.97,701908.9
91.2,mission_cruise,73.98665925514175,3200.0,43.00667037242913,4221.5,843.4,850.6,854.7,842.0,198.3,199.9,202.8,204.7,4.6,78.1,3.317,4213.9,842.2,850.2,853.2,843.2,198.6,200.1,203.6,204.6,4.58,77.9,3.329,-5.8,0.891,0,nominal,0,0.0,194.97,701908.8
91.3,mission_cruise,73.98554752640355,3200.0,43.007226236798225,4215.3,842.2,849.1,852.3,842.8,198.4,199.9,203.2,205.4,4.57,78.2,3.303,4207.3,841.5,849.5,852.5,842.5,198.6,200.1,203.6,204.6,4.58,77.9,3.329,-5.8,0.891,0,nominal,0,0.0,194.97,701908.7
91.4,mission_cruise,73.98443579766537,3200.0,43.007782101167315,4208.4,841.4,847.8,853.1,842.2,197.9,199.1,204.1,204.6,4.58,78.5,3.325,4201.9,840.8,848.8,851.8,841.8,198.5,200.0,203.5,204.5,4.58,77.9,3.329,-5.8,0.891,0,nominal,0,0.0,194.97,701908.6
91.5,mission_cruise,73.98332406892717,3200.0,43.00833796553641,4208.6,840.9,848.6,852.3,841.6,197.3,199.7,202.6,203.1,4.54,78.7,3.347,4197.5,840.1,848.1,851.1,841.1,198.5,200.0,203.5,204.5,4.57,77.9,3.329,-5.8,0.891,0,nominal,0,0.0,194.97,701908.5
91.6,mission_cruise,73.982212340189,3200.0,43.0088938299055,4190.4,839.6,846.2,849.0,842.6,199.7,199.3,203.6,204.4,4.58,77.7,3.361,4193.9,839.5,847.5,850.5,840.5,198.4,199.9,203.4,204.4,4.57,77.9,3.329,-5.8,0.891,0,nominal,0,0.0,194.97,701908.4
91.7,mission_cruise,73.9811006114508,3200.0,43.0094496942746,4196.7,839.0,846.4,850.0,839.3,197.2,199.3,203.7,204.7,4.6,77.9,3.331,4190.9,839.0,847.0,850.0,840.0,198.3,199.8,203.3,204.3,4.57,77.9,3.329,-5.8,0.891,0,nominal,0,0.0,194.97,701908.3
91.8,mission_cruise,73.97998888271262,3200.0,43.01000555864369,4186.5,837.3,848.3,848.5,840.6,198.7,199.8,202.7,204.5,4.56,78.4,3.347,4188.5,838.4,846.4,849.4,839.4,198.3,199.8,203.3,204.3,4.57,77.9,3.329,-5.8,0.891,0,nominal,0,0.0,194.97,701908.2
91.9,mission_cruise,73.97887715397442,3200.0,43.01056142301279,4187.8,837.3,845.2,850.7,840.1,197.6,199.5,202.8,205.3,4.55,77.5,3.334,4186.5,837.9,845.9,848.9,838.9,198.2,199.7,203.2,204.2,4.57,77.9,3.329,-5.8,0.891,0,nominal,0,0.0,194.97,701908.1
92.0,mission_cruise,73.97776542523624,3200.0,43.01111728738188,4180.0,838.2,845.9,846.3,839.1,197.6,199.8,203.3,205.1,4.52,78.1,3.352,4184.9,837.4,845.4,848.4,838.4,198.2,199.7,203.2,204.2,4.57,77.9,3.329,-5.8,0.891,0,nominal,0,0.0,194.97,701908.0
92.1,mission_cruise,73.97665369649805,3200.0,43.011673151750976,4190.3,837.9,844.4,846.6,838.4,197.6,200.2,203.0,204.5,4.55,77.8,3.304,4183.5,836.9,844.9,847.9,837.9,198.1,199.6,203.1,204.1,4.57,77.9,3.329,-5.8,0.891,0,nominal,0,0.0,194.97,701907.9
92.2,mission_cruise,73.97554196775987,3200.0,43.01222901612007,4180.8,837.8,844.4,848.0,839.0,198.3,199.1,203.8,204.4,4.57,77.5,3.358,4182.4,836.5,844.5,847.5,837.5,198.1,199.6,203.1,204.1,4.56,77.9,3.329,-5.8,0.891,0,nominal,0,0.0,194.97,701907.8
92.3,mission_cruise,73.97443023902167,3200.0,43.012784880489164,4182.2,836.3,846.1,848.6,838.5,198.2,199.3,202.7,203.2,4.56,78.1,3.324,4181.5,836.1,844.1,847.1,837.1,198.0,199.5,203.0,204.0,4.56,77.9,3.329,-5.8,0.891,0,nominal,0,0.0,194.97,701907.7
92.4,mission_cruise,73.97331851028349,3200.0,43.013340744858255,4186.4,835.5,844.6,848.1,835.9,197.8,199.2,203.1,204.4,4.59,77.5,3.358,4180.7,835.7,843.7,846.7,836.7,198.0,199.5,203.0,204.0,4.56,77.9,3.329,-5.8,0.891,0,nominal,0,0.0,194.97,701907.6
92.5,mission_cruise,73.9722067815453,3200.0,43.01389660922735,4178.3,833.1,845.1,844.4,838.8,197.8,200.1,203.2,204.0,4.57,78.6,3.391,4180.1,835.3,843.3,846.3,836.3,197.9,199.4,202.9,203.9,4.56,77.9,3.329,-5.8,0.891,0,nominal,0,0.0,194.97,701907.5
92.6,mission_cruise,73.97109505280712,3200.0,43.01445247359644,4187.2,837.4,842.3,846.2,837.4,196.9,198.6,203.1,204.0,4.59,77.7,3.311,4179.6,835.0,843.0,846.0,836.0,197.9,199.4,202.9,203.9,4.56,77.9,3.328,-5.8,0.891,0,nominal,0,0.0,194.97,701907.4
92.7,mission_cruise,73.96998332406892,3200.0,43.01500833796554,4172.5,833.9,842.6,845.2,834.7,198.3,198.8,203.1,203.9,4.54,78.0,3.334,4179.2,834.7,842.7,845.7,835.7,197.8,199.3,202.8,203.8,4.56,77.8,3.328,-5.8,0.891,0,nominal,0,0.0,194.97,701907.3
92.8,mission_cruise,73.96887159533074,3200.0,43.01556420233463,4169.5,833.6,841.1,846.0,833.5,197.4,198.6,202.7,203.1,4.55,76.8,3.335,4178.8,834.4,842.4,845.4,835.4,197.8,199.3,202.8,203.8,4.56,77.8,3.328,-5.8,0.891,0,nominal,0,0.0,194.97,701907.2
92.9,mission_cruise,73.96775986659254,3200.0,43.01612006670373,4179.8,833.8,841.0,844.6,834.0,197.7,200.8,201.5,203.7,4.58,77.8,3.317,4178.5,834.1,842.1,845.1,835.1,197.7,199.2,202.7,203.7,4.56,77.8,3.328,-5.8,0.891,0,nominal,0,0.0,194.97,701907.1
93.0,mission_cruise,73.96664813785436,3200.0,43.01667593107282,4179.6,833.7,841.4,845.1,834.4,198.5,199.7,203.1,203.0,4.58,77.9,3.343,4178.3,833.8,841.8,844.8,834.8,197.7,199.2,202.7,203.7,4.56,77.8,3.328,-5.8,0.891,0,nominal,0,0.0,194.97,701907.0
93.1,mission_cruise,73.96553640911617,3200.0,43.017231795441916,4175.5,835.3,840.3,844.3,835.4,197.2,200.8,202.5,204.3,4.55,77.7,3.355,4178.1,833.5,841.5,844.5,834.5,197.6,199.1,202.6,203.6,4.56,77.8,3.328,-5.8,0.891,0,nominal,0,0.0,194.97,701906.9
93.2,mission_cruise,73.96442468037799,3200.0,43.017787659811006,4174.5,833.5,843.5,844.8,832.8,197.3,198.6,202.8,203.9,4.56,78.2,3.323,4177.9,833.3,841.3,844.3,834.3,197.6,199.1,202.6,203.6,4.56,77.8,3.328,-5.8,0.891,0,nominal,0,0.0,194.97,701906.8
93.3,mission_cruise,73.9633129516398,3200.0,43.0183435241801,4172.2,832.8,840.3,845.7,835.8,198.0,198.4,203.1,202.8,4.57,78.9,3.377,4177.7,833.1,841.1,844.1,834.1,197.5,199.0,202.5,203.5,4.56,77.8,3.328,-5.8,0.891,0,nominal,0,0.0,194.97,701906.7
93.4,mission_cruise,73.96220122290161,3200.0,43.018899388549194,4173.4,833.1,843.1,843.9,834.0,197.7,199.0,202.4,204.2,4.6,77.6,3.322,4177.6,832.8,840.8,843.8,833.8,197.5,199.0,202.5,203.5,4.56,77.8,3.328,-5.8,0.891,0,nominal,0,0.0,194.97,701906.6
93.5,mission_cruise,73.96108949416342,3200.0,43.01945525291829,4176.3,832.9,840.4,843.9,833.5,197.0,198.7,202.4,203.6,4.53,78.5,3.298,4177.5,832.6,840.6,843.6,833.6,197.4,198.9,202.4,203.4,4.56,77.8,3.328,-5.8,0.891,0,nominal,0,0.0,194.97,701906.5
93.6,mission_cruise,73.95997776542524,3200.0,43.02001111728738,4178.0,831.2,838.8,845.3,830.3,197.6,198.8,200.9,201.6,4.55,78.3,3.278,4177.4,832.4,840.4,843.4,833.4,197.4,198.9,202.4,203.4,4.56,77.8,3.328,-5.8,0.891,0,nominal,0,0.0,194.97,701906.4
93.7,mission_cruise,73.95886603668704,3200.0,43.02056698165648,4178.7,832.5,840.1,842.5,833.9,197.4,198.6,202.0,204.0,4.56,78.0,3.377,4177.3,832.2,840.2,843.2,833.2,197.3,198.8,202.3,203.3,4.56,77.8,3.328,-5.8,0.891,0,nominal,0,0.0,194.97,701906.3
93.8,mission_cruise,73.95775430794886,3200.0,43.02112284602557,4171.3,833.4,841.3,841.3,834.1,197.7,199.3,202.3,203.3,4.56,78.2,3.306,4177.2,832.1,840.1,843.1,833.1,197.3,198.8,202.3,203.3,4.56,77.8,3.328,-5.8,0.891,0,nominal,0,0.0,194.97,701906.2
93.9,mission_cruise,73.95664257921067,3200.0,43.02167871039467,4170.6,829.8,841.8,842.3,833.6,196.0,197.9,203.0,204.6,4.59,78.0,3.332,4177.1,831.9,839.9,842.9,832.9,197.2,198.7,202.2,203.2,4.56,77.8,3.328,-5.8,0.891,0,nominal,0,0.0,194.97,701906.1
94.0,mission_cruise,73.95553085047248,3200.0,43.02223457476376,4176.1,835.3,838.2,842.6,832.0,197.6,199.6,202.1,202.9,4.52,77.5,3.313,4177.1,831.7,839.7,842.7,832.7,197.2,198.7,202.2,203.2,4.56,77.8,3.328,-5.8,0.891,0,nominal,0,0.0,194.97,701906.0
94.1,mission_cruise,73.95441912173429,3200.0,43.022790439132855,4176.7,833.7,842.4,843.9,832.0,197.3,199.0,202.6,203.0,4.54,78.7,3.357,4177.0,831.6,839.6,842.6,832.6,197.1,198.6,202.1,203.1,4.56,77.8,3.328,-5.8,0.891,0,nominal,0,0.0,194.97,701905.9
94.2,mission_cruise,73.95330739299611,3200.0,43.023346303501945,4180.2,830.7,838.7,843.0,831.6,197.4,198.6,202.8,203.4,4.6,77.4,3.27,4177.0,831.5,839.5,842.5,832.5,197.1,198.6,202.1,203.1,4.56,77.8,3.328,-5.8,0.891,0,nominal,0,0.0,194.97,701905.8
94.3,mission_cruise,73.95219566425791,3200.0,43.02390216787104,4173.6,833.1,840.3,842.6,834.7,196.0,197.2,202.1,202.2,4.57,77.5,3.341,4176.9,831.3,839.3,842.3,832.3,197.0,198.5,202.0,203.0,4.56,77.8,3.328,-5.8,0.891,0,nominal,0,0.0,194.97,701905.7
94.4,mission_cruise,73.95108393551973,3200.0,43.02445803224013,4171.9,832.0,839.1,843.0,833.0,196.9,199.7,202.2,202.4,4.53,77.3,3.354,4176.9,831.2,839.2,842.2,832.2,197.0,198.5,202.0,203.0,4.56,77.8,3.328,-5.8,0.891,0,nominal,0,0.0,194.97,701905.6
94.5,mission_cruise,73.94997220678154,3200.0,43.02501389660923,4179.1,830.3,836.3,843.1,828.0,197.0,198.9,202.2,203.4,4.54,77.1,3.295,4176.8,831.1,839.1,842.1,832.1,196.9,198.4,201.9,202.9,4.56,77.7,3.328,-5.8,0.891,0,nominal,0,0.0,194.97,701905.5
94.6,mission_cruise,73.94886047804336,3200.0,43.02556976097832,4171.1,828.2,836.5,842.8,832.1,197.6,198.5,202.3,202.3,4.55,77.8,3.315,4176.8,831.0,839.0,842.0,832.0,196.9,198.4,201.9,202.9,4.56,77.7,3.328,-5.8,0.891,0,nominal,0,0.0,194.97,701905.4
94.7,mission_cruise,73.94774874930516,3200.0,43.02612562534742,4176.0,830.1,839.5,843.9,829.4,196.9,197.7,201.9,204.2,4.62,78.5,3.33,4176.7,830.9,838.9,841.9,831.9,196.9,198.4,201.9,202.9,4.56,77.7,3.328,-5.8,0.891,0,nominal,0,0.0,194.97,701905.3
94.8,mission_cruise,73.94663702056698,3200.0,43.02668148971651,4183.4,827.3,838.8,841.4,831.6,198.6,198.1,203.3,202.7,4.56,77.8,3.348,4176.7,830.8,838.8,841.8,831.8,196.8,198.3,201.8,202.8,4.56,77.7,3.328,-5.8,0.891,0,nominal,0,0.0,194.97,701905.2
94.9,mission_cruise,73.94552529182879,3200.0,43.02723735408561,4184.4,832.2,836.7,843.2,832.0,196.7,198.7,201.6,202.9,4.54,77.3,3.329,4176.7,830.7,838.7,841.7,831.7,196.8,198.3,201.8,202.8,4.56,77.7,3.328,-5.8,0.891,0,nominal,0,0.0,194.97,701905.1
95.0,mission_cruise,73.9444135630906,3200.0,43.0277932184547,4173.6,830.4,838.0,841.7,834.1,197.6,199.6,202.0,202.4,4.54,77.3,3.346,4176.6,830.6,838.6,841.6,831.6,196.7,198.2,201.7,202.7,4.56,77.7,3.327,-5.8,0.891,0,nominal,0,0.0,194.97,701905.0
95.1,mission_cruise,73.94330183435241,3200.0,43.028349082823794,4164.0,829.2,839.2,839.0,832.1,196.6,198.1,202.8,203.2,4.57,77.5,3.365,4176.6,830.5,838.5,841.5,831.5,196.7,198.2,201.7,202.7,4.56,77.7,3.327,-5.8,0.891,0,nominal,0,0.0,194.97,701904.9
95.2,mission_cruise,73.94219010561423,3200.0,43.028904947192885,4167.3,830.2,839.0,839.3,832.1,197.1,198.2,202.3,203.2,4.54,77.5,3.324,4176.6,830.4,838.4,841.4,831.4,196.6,198.1,201.6,202.6,4.56,77.7,3.327,-5.8,0.891,0,nominal,0,0.0,194.97,701904.8
95.3,mission_cruise,73.94107837687604,3200.0,43.02946081156198,4180.2,830.3,839.1,839.7,831.1,196.6,198.1,201.2,203.1,4.54,77.4,3.305,4176.5,830.3,838.3,841.3,831.3,196.6,198.1,201.6,202.6,4.56,77.7,3.327,-5.8,0.891,0,nominal,0,0.0,194.97,701904.7
95.4,mission_cruise,73.93996664813785,3200.0,43.03001667593107,4181.3,831.5,839.7,840.5,832.0,196.0,197.4,201.4,202.8,4.55,77.4,3.319,4176.5,830.3,838.3,841.3,831.3,196.6,198.1,201.6,202.6,4.56,77.7,3.327,-5.8,0.891,0,nominal,0,0.0,194.97,701904.6
95.5,mission_cruise,73.93885491939966,3200.0,43.03057254030017,4178.7,829.6,837.8,841.2,831.3,196.1,197.5,200.9,201.8,4.52,77.7,3.322,4176.4,830.2,838.2,841.2,831.2,196.5,198.0,201.5,202.5,4.56,77.7,3.327,-5.8,0.891,0,nominal,0,0.0,194.97,701904.5
95.6,mission_cruise,73.93774319066148,3200.0,43.03112840466926,4176.5,828.4,836.8,841.6,828.3,195.5,199.1,200.5,202.1,4.6,77.9,3.386,4176.4,830.1,838.1,841.1,831.1,196.5,198.0,201.5,202.5,4.56,77.7,3.327,-5.8,0.891,0,nominal,0,0.0,194.97,701904.4
95.7,mission_cruise,73.93663146192328,3200.0,43.03168426903836,4177.9,827.8,838.9,840.3,829.7,196.4,197.6,201.3,201.5,4.53,78.5,3.276,4176.4,830.1,838.1,841.1,831.1,196.4,197.9,201.4,202.4,4.56,77.7,3.327,-5.8,0.891,0,nominal,0,0.0,194.97,701904.3
95.8,mission_cruise,73.9355197331851,3200.0,43.03224013340745,4176.7,828.9,838.9,840.9,831.9,196.2,197.1,200.2,201.6,4.54,77.5,3.288,4176.3,830.0,838.0,841.0,831.0,196.4,197.9,201.4,202.4,4.56,77.7,3.327,-5.8,0.891,0,nominal,0,0.0,194.97,701904.2
95.9,mission_cruise,73.93440800444691,3200.0,43.032795997776546,4169.8,830.9,837.3,839.4,831.2,195.9,197.6,202.8,202.7,4.53,77.8,3.313,4176.3,830.0,838.0,841.0,831.0,196.4,197.9,201.4,202.4,4.56,77.7,3.327,-5.8,0.891,0,nominal,0,0.0,194.97,701904.1
96.0,mission_cruise,73.93329627570873,3200.0,43.033351862145636,4179.8,831.8,838.6,843.1,829.8,196.5,197.1,200.2,202.7,4.6,77.0,3.29,4176.3,829.9,837.9,840.9,830.9,196.3,197.8,201.3,202.3,4.56,77.7,3.327,-5.8,0.891,0,nominal,0,0.0,194.97,701904.0
96.1,mission_cruise,73.93218454697053,3200.0,43.033907726514734,4166.7,828.3,840.8,839.7,831.2,195.8,197.0,201.0,203.2,4.57,77.3,3.348,4176.2,829.9,837.9,840.9,830.9,196.3,197.8,201.3,202.3,4.56,77.7,3.327,-5.8,0.891,0,nominal,0,0.0,194.97,701903.9
96.2,mission_cruise,73.93107281823235,3200.0,43.034463590883824,4170.1,830.2,838.4,841.2,830.4,196.8,197.5,201.2,201.8,4.51,77.8,3.342,4176.2,829.8,837.8,840.8,830.8,196.2,197.7,201.2,202.2,4.56,77.7,3.327,-5.8,0.891,0,nominal,0,0.0,194.97,701903.8
96.3,mission_cruise,73.92996108949416,3200.0,43.03501945525292,4175.5,828.6,839.0,839.7,829.1,196.9,197.3,201.0,202.3,4.5,77.2,3.295,4176.2,829.8,837.8,840.8,830.8,196.2,197.7,201.2,202.2,4.56,77.6,3.327,-5.8,0.891,0,nominal,0,0.0,194.97,701903.7
96.4,mission_cruise,73.92884936075598,3200.0,43.03557531962201,4176.6,829.1,837.8,841.0,833.1,195.1,197.6,201.7,201.5,4.53,77.7,3.346,4176.1,829.7,837.7,840.7,830.7,196.2,197.7,201.2,202.2,4.56,77.6,3.327,-5.8,0.891,0,nominal,0,0.0,194.97,701903.6
96.5,mission_cruise,73.92773763201778,3200.0,43.03613118399111,4167.8,829.3,836.1,840.2,831.0,196.3,197.5,201.0,201.8,4.52,77.3,3.313,4176.1,829.7,837.7,840.7,830.7,196.1,197.6,201.1,202.1,4.56,77.6,3.327,-5.8,0.891,0,nominal,0,0.0,194.97,701903.5
96.6,mission_cruise,73.9266259032796,3200.0,43.0366870483602,4161.8,829.5,836.0,842.8,828.8,195.7,197.6,201.2,202.5,4.56,77.4,3.336,4176.1,829.7,837.7,840.7,830.7,196.1,197.6,201.1,202.1,4.56,77.6,3.327,-5.8,0.891,0,nominal,0,0.0,194.97,701903.4
96.7,mission_cruise,73.9255141745414,3200.0,43.0372429127293,4177.1,831.5,836.8,839.6,833.0,196.2,197.2,199.9,201.6,4.59,77.3,3.392,4176.0,829.6,837.6,840.6,830.6,196.0,197.5,201.0,202.0,4.56,77.6,3.327,-5.8,0.891,0,nominal,0,0.0,194.97,701903.3
96.8,mission_cruise,73.92440244580322,3200.0,43.03779877709839,4179.9,830.3,838.4,840.2,831.6,196.7,198.1,200.9,200.8,4.57,78.0,3.322,4176.0,829.6,837.6,840.6,830.6,196.0,197.5,201.0,202.0,4.56,77.6,3.327,-5.8,0.891,0,nominal,0,0.0,194.97,701903.2
96.9,mission_cruise,73.92329071706503,3200.0,43.038354641467485,4171.7,829.2,837.1,837.7,828.1,196.1,198.1,200.6,202.0,4.56,77.5,3.327,4176.0,829.6,837.6,840.6,830.6,196.0,197.5,201.0,202.0,4.56,77.6,3.327,-5.8,0.891,0,nominal,0,0.0,194.97,701903.1
97.0,mission_cruise,73.92217898832685,3200.0,43.038910505836576,4175.6,829.3,834.6,838.2,831.2,196.0,197.7,201.0,201.7,4.56,77.6,3.372,4175.9,829.5,837.5,840.5,830.5,195.9,197.4,200.9,201.9,4.56,77.6,3.327,-5.8,0.891,0,nominal,0,0.0,194.97,701903.0
97.1,mission_cruise,73.92106725958865,3200.0,43.03946637020567,4168.4,826.9,837.0,839.1,831.2,196.2,196.4,200.9,202.5,4.52,77.8,3.296,4175.9,829.5,837.5,840.5,830.5,195.9,197.4,200.9,201.9,4.56,77.6,3.327,-5.8,0.891,0,nominal,0,0.0,194.97,701902.9
97.2,mission_cruise,73.91995553085047,3200.0,43.040022234574764,4171.9,831.8,839.2,841.1,831.0,196.0,197.7,200.4,201.9,4.52,77.2,3.375,4175.9,829.5,837.5,840.5,830.5,195.9,197.4,200.9,201.9,4.56,77.6,3.327,-5.8,0.891,0,nominal,0,0.0,194.97,701902.8
97.3,mission_cruise,73.91884380211228,3200.0,43.04057809894386,4172.6,832.5,837.4,840.8,830.2,195.9,197.9,200.8,201.8,4.59,77.5,3.327,4175.8,829.4,837.4,840.4,830.4,195.8,197.3,200.8,201.8,4.56,77.6,3.327,-5.8,0.891,0,nominal,0,0.0,194.97,701902.7
97.4,mission_cruise,73.9177320733741,3200.0,43.04113396331295,4174.6,829.7,836.2,841.1,829.8,195.3,197.2,201.1,201.3,4.56,77.0,3.298,4175.8,829.4,837.4,840.4,830.4,195.8,197.3,200.8,201.8,4.56,77.6,3.327,-5.8,0.891,0,nominal,0,0.0,194.97,701902.6
97.5,mission_cruise,73.9166203446359,3200.0,43.04168982768205,4165.9,831.1,838.9,842.2,830.4,195.6,197.5,200.3,201.6,4.54,77.5,3.309,4175.8,829.4,837.4,840.4,830.4,195.8,197.3,200.8,201.8,4.56,77.6,3.326,-5.8,0.891,0,nominal,0,0.0,194.97,701902.5
97.6,mission_cruise,73.91550861589772,3200.0,43.04224569205114,4176.6,831.4,837.3,842.2,833.3,195.8,197.1,201.8,201.4,4.57,77.4,3.302,4175.7,829.4,837.4,840.4,830.4,195.7,197.2,200.7,201.7,4.56,77.6,3.326,-5.8,0.891,0,nominal,0,0.0,194.97,701902.4
97.7,mission_cruise,73.91439688715953,3200.0,43.04280155642024,4179.8,828.5,835.4,836.7,828.1,195.2,196.9,201.3,201.8,4.59,77.9,3.324,4175.7,829.4,837.4,840.4,830.4,195.7,197.2,200.7,201.7,4.56,77.6,3.326,-5.8,0.891,0,nominal,0,0.0,194.97,701902.3
97.8,mission_cruise,73.91328515842135,3200.0,43.04335742078933,4181.4,828.6,839.3,837.8,829.9,196.3,197.9,200.9,201.5,4.55,76.8,3.329,4175.7,829.3,837.3,840.3,830.3,195.7,197.2,200.7,201.7,4.56,77.6,3.326,-5.8,0.891,0,nominal,0,0.0,194.97,701902.2
97.9,mission_cruise,73.91217342968315,3200.0,43.043913285158425,4181.9,830.9,837.2,839.3,829.9,196.7,196.4,201.7,201.6,4.58,78.0,3.339,4175.6,829.3,837.3,840.3,830.3,195.6,197.1,200.6,201.6,4.56,77.6,3.326,-5.8,0.891,0,nominal,0,0.0,194.97,701902.1
98.0,mission_cruise,73.91106170094497,3200.0,43.044469149527515,4173.0,830.6,837.9,843.3,832.4,195.5,196.7,201.1,202.7,4.55,78.2,3.341,4175.6,829.3,837.3,840.3,830.3,195.6,197.1,200.6,201.6,4.56,77.6,3.326,-5.8,0.891,0,nominal,0,0.0,194.97,701902.0
98.1,mission_cruise,73.90994997220677,3200.0,43.04502501389661,4174.3,830.5,838.2,839.4,832.4,196.2,197.0,200.6,202.2,4.61,77.9,3.279,4175.6,829.3,837.3,840.3,830.3,195.6,197.1,200.6,201.6,4.56,77.6,3.326,-5.8,0.891,0,nominal,0,0.0,194.97,701901.9
98.2,mission_cruise,73.9088382434686,3200.0,43.0455808782657,4169.7,831.0,835.3,838.6,830.5,195.2,196.7,199.8,201.7,4.56,77.2,3.332,4175.5,829.3,837.3,840.3,830.3,195.5,197.0,200.5,201.5,4.56,77.6,3.326,-5.8,0.891,0,nominal,0,0.0,194.97,701901.8
98.3,mission_cruise,73.9077265147304,3200.0,43.0461367426348,4175.5,828.5,837.8,842.2,830.3,194.9,194.9,199.5,201.1,4.54,77.2,3.359,4175.5,829.3,837.3,840.3,830.3,195.5,197.0,200.5,201.5,4.56,77.5,3.326,-5.8,0.891,0,nominal,0,0.0,194.97,701901.7
98.4,mission_cruise,73.90661478599222,3200.0,43.04669260700389,4171.9,829.4,837.4,837.7,830.6,194.7,197.1,200.8,201.5,4.57,77.3,3.331,4175.5,829.2,837.2,840.2,830.2,195.5,197.0,200.5,201.5,4.56,77.5,3.326,-5.8,0.891,0,nominal,0,0.0,194.97,701901.6
98.5,mission_cruise,73.90550305725402,3200.0,43.04724847137299,4180.4,828.4,836.7,840.3,829.8,194.5,196.9,199.9,201.0,4.5,77.3,3.29,4175.4,829.2,837.2,840.2,830.2,195.4,196.9,200.4,201.4,4.56,77.5,3.326,-5.8,0.891,0,nominal,0,0.0,194.97,701901.5
98.6,mission_cruise,73.90439132851584,3200.0,43.04780433574208,4165.4,828.8,837.4,841.3,830.0,195.1,197.2,200.1,201.1,4.54,77.2,3.318,4175.4,829.2,837.2,840.2,830.2,195.4,196.9,200.4,201.4,4.56,77.5,3.326,-5.8,0.891,0,nominal,0,0.0,194.97,701901.4
98.7,mission_cruise,73.90327959977765,3200.0,43.048360200111176,4186.8,830.2,835.2,839.2,829.1,195.7,197.5,200.5,200.8,4.53,76.9,3.355,4175.3,829.2,837.2,840.2,830.2,195.4,196.9,200.4,201.4,4.56,77.5,3.326,-5.8,0.891,0,nominal,0,0.0,194.97,701901.3
98.8,mission_cruise,73.90216787103947,3200.0,43.04891606448027,4182.4,830.7,838.1,840.3,828.0,195.5,196.0,200.5,201.5,4.53,77.0,3.304,4175.3,829.2,837.2,840.2,830.2,195.3,196.8,200.3,201.3,4.56,77.5,3.326,-5.8,0.891,0,nominal,0,0.0,194.97,701901.2
98.9,mission_cruise,73.90105614230127,3200.0,43.049471928849364,4177.9,828.4,837.9,841.7,831.1,196.1,196.9,200.4,200.9,4.59,76.7,3.316,4175.3,829.2,837.2,840.2,830.2,195.3,196.8,200.3,201.3,4.56,77.5,3.326,-5.8,0.891,0,nominal,0,0.0,194.97,701901.1
99.0,mission_cruise,73.89994441356309,3200.0,43.050027793218455,4170.3,828.6,836.5,841.2,833.1,194.8,196.1,200.0,200.6,4.55,77.0,3.302,4175.2,829.2,837.2,840.2,830.2,195.3,196.8,200.3,201.3,4.56,77.5,3.326,-5.8,0.891,0,nominal,0,0.0,194.97,701901.0
99.1,mission_cruise,73.8988326848249,3200.0,43.05058365758755,4167.4,828.4,835.9,839.7,831.9,194.9,197.0,199.6,201.1,4.56,78.2,3.285,4175.2,829.2,837.2,840.2,830.2,195.2,196.7,200.2,201.2,4.56,77.5,3.326,-5.8,0.891,0,nominal,0,0.0,194.97,701900.9
99.2,mission_cruise,73.89772095608672,3200.0,43.05113952195664,4167.4,826.3,836.6,840.3,829.7,196.4,196.6,200.3,200.9,4.59,77.2,3.375,4175.2,829.1,837.1,840.1,830.1,195.2,196.7,200.2,201.2,4.56,77.5,3.326,-5.8,0.891,0,nominal,0,0.0,194.97,701900.8
99.3,mission_cruise,73.89660922734852,3200.0,43.05169538632574,4189.6,829.3,838.6,839.7,831.2,195.2,197.5,199.4,201.6,4.56,78.3,3.343,4175.1,829.1,837.1,840.1,830.1,195.2,196.7,200.2,201.2,4.56,77.5,3.326,-5.8,0.891,0,nominal,0,0.0,194.97,701900.7
99.4,mission_cruise,73.89549749861034,3200.0,43.05225125069483,4169.0,829.6,838.6,840.9,832.7,195.9,196.8,198.6,201.5,4.58,78.1,3.283,4175.1,829.1,837.1,840.1,830.1,195.1,196.6,200.1,201.1,4.56,77.5,3.326,-5.8,0.891,0,nominal,0,0.0,194.97,701900.6
99.5,mission_cruise,73.89438576987214,3200.0,43.05280711506393,4173.3,828.7,835.5,838.4,830.9,195.4,196.7,200.2,200.6,4.55,77.7,3.338,4175.1,829.1,837.1,840.1,830.1,195.1,196.6,200.1,201.1,4.56,77.5,3.326,-5.8,0.891,0,nominal,0,0.0,194.97,701900.5
99.6,mission_cruise,73.89327404113396,3200.0,43.05336297943302,4174.6,828.5,834.7,839.9,830.8,196.0,196.1,200.6,200.0,4.59,76.5,3.303,4175.0,829.1,837.1,840.1,830.1,195.1,196.6,200.1,201.1,4.56,77.5,3.326,-5.8,0.891,0,nominal,0,0.0,194.97,701900.4
99.7,mission_cruise,73.89216231239577,3200.0,43.053918843802116,4180.8,832.5,840.6,840.9,830.6,195.1,196.6,200.6,201.2,4.58,77.0,3.404,4175.0,829.1,837.1,840.1,830.1,195.1,196.6,200.1,201.1,4.56,77.5,3.326,-5.8,0.891,0,nominal,0,0.0,194.97,701900.3
99.8,mission_cruise,73.89105058365759,3200.0,43.054474708171206,4178.0,830.0,837.3,839.6,830.4,195.2,196.3,199.7,201.7,4.58,77.8,3.34,4175.0,829.1,837.1,840.1,830.1,195.0,196.5,200.0,201.0,4.56,77.5,3.326,-5.8,0.891,0,nominal,0,0.0,194.97,701900.2
99.9,mission_cruise,73.8899388549194,3200.0,43.0550305725403,4177.1,830.6,836.5,839.1,828.6,193.5,196.4,199.1,200.5,4.54,77.6,3.335,4174.9,829.1,837.1,840.1,830.1,195.0,196.5,200.0,201.0,4.56,77.5,3.325,-5.8,0.891,0,nominal,0,0.0,194.97,701900.1
100.0,mission_cruise,73.88882712618121,3200.0,43.055586436909394,4182.3,828.1,835.9,838.5,831.5,194.7,197.2,200.2,200.5,4.57,77.0,3.294,4174.9,829.1,837.1,840.1,830.1,195.0,196.5,200.0,201.0,4.56,77.5,3.325,-5.8,0.891,0,nominal,0,0.0,194.97,701900.0
100.1,mission_cruise,73.88771539744302,3200.0,43.05614230127849,4176.1,831.2,837.0,841.9,831.2,194.4,195.5,199.6,201.6,4.56,77.1,3.352,4174.9,829.1,837.1,840.1,830.1,194.9,196.4,199.9,200.9,4.56,77.5,3.325,-5.8,0.891,0,nominal,0,0.0,194.97,701899.9
100.2,mission_cruise,73.88660366870484,3200.0,43.05669816564758,4169.3,828.5,840.2,841.8,830.4,195.1,196.0,199.5,200.4,4.55,77.0,3.264,4174.8,829.1,837.1,840.1,830.1,194.9,196.4,199.9,200.9,4.56,77.5,3.325,-5.8,0.891,0,nominal,0,0.0,194.97,701899.8
100.3,mission_cruise,73.88549193996664,3200.0,43.05725403001668,4162.8,828.9,836.8,841.0,828.5,194.6,197.0,200.2,201.4,4.52,77.8,3.328,4174.8,829.1,837.1,840.1,830.1,194.9,196.4,199.9,200.9,4.56,77.4,3.325,-5.8,0.891,0,nominal,0,0.0,194.97,701899.7
100.4,mission_cruise,73.88438021122846,3200.0,43.05780989438577,4174.5,830.9,836.6,839.7,830.6,194.6,195.1,198.4,200.3,4.56,77.3,3.242,4174.8,829.1,837.1,840.1,830.1,194.9,196.4,199.9,200.9,4.56,77.4,3.325,-5.8,0.891,0,nominal,0,0.0,194.97,701899.6
100.5,mission_cruise,73.88326848249027,3200.0,43.05836575875487,4177.9,828.8,840.6,841.0,829.9,194.7,196.2,199.6,201.7,4.56,77.8,3.326,4174.7,829.1,837.1,840.1,830.1,194.8,196.3,199.8,200.8,4.56,77.4,3.325,-5.8,0.891,0,nominal,0,0.0,194.97,701899.5
100.6,mission_cruise,73.88215675375208,3200.0,43.05892162312396,4180.5,830.2,837.0,839.9,828.7,193.9,196.9,200.2,200.0,4.58,78.2,3.308,4174.7,829.0,837.0,840.0,830.0,194.8,196.3,199.8,200.8,4.56,77.4,3.325,-5.8,0.891,0,nominal,0,0.0,194.97,701899.4
100.7,mission_cruise,73.88104502501389,3200.0,43.059477487493055,4170.2,828.1,838.1,841.2,828.0,196.1,195.5,199.2,200.4,4.57,77.7,3.271,4174.7,829.0,837.0,840.0,830.0,194.8,196.3,199.8,200.8,4.56,77.4,3.325,-5.8,0.891,0,nominal,0,0.0,194.97,701899.3
100.8,mission_cruise,73.87993329627571,3200.0,43.060033351862145,4164.1,828.2,834.7,839.9,831.3,195.5,196.0,200.1,201.0,4.57,77.5,3.325,4174.6,829.0,837.0,840.0,830.0,194.8,196.3,199.8,200.8,4.56,77.4,3.325,-5.8,0.891,0,nominal,0,0.0,194.97,701899.2
100.9,mission_cruise,73.87882156753751,3200.0,43.06058921623124,4173.6,832.5,837.6,840.7,829.6,193.8,196.8,200.1,200.7,4.55,76.9,3.289,4174.6,829.0,837.0,840.0,830.0,194.7,196.2,199.7,200.7,4.56,77.4,3.325,-5.8,0.891,0,nominal,0,0.0,194.97,701899.1
101.0,mission_cruise,73.87770983879933,3200.0,43.06114508060033,4172.7,826.0,837.9,839.4,829.8,194.6,196.0,199.9,200.4,4.52,77.3,3.34,4174.6,829.0,837.0,840.0,830.0,194.7,196.2,199.7,200.7,4.56,77.4,3.325,-5.8,0.891,0,nominal,0,0.0,194.97,701899.0
101.1,mission_cruise,73.87659811006114,3200.0,43.06170094496943,4167.1,828.8,836.7,842.7,829.6,195.8,196.7,198.9,201.0,4.58,77.4,3.338,4174.5,829.0,837.0,840.0,830.0,194.7,196.2,199.7,200.7,4.56,77.4,3.325,-5.8,0.891,0,nominal,0,0.0,194.97,701898.9
101.2,mission_cruise,73.87548638132296,3200.0,43.06225680933852,4172.9,828.8,837.1,840.8,830.9,194.7,196.6,200.0,200.0,4.55,77.1,3.333,4174.5,829.0,837.0,840.0,830.0,194.7,196.2,199.7,200.7,4.56,77.4,3.325,-5.8,0.891,0,nominal,0,0.0,194.97,701898.8
101.3,mission_cruise,73.87437465258476,3200.0,43.06281267370762,4180.5,829.8,836.8,841.4,830.0,194.6,195.5,199.9,200.9,4.54,77.8,3.321,4174.5,829.0,837.0,840.0,830.0,194.6,196.1,199.6,200.6,4.56,77.4,3.325,-5.8,0.891,0,nominal,0,0.0,194.97,701898.7
101.4,mission_cruise,73.87326292384658,3200.0,43.06336853807671,4175.3,828.9,836.3,839.9,830.5,194.3,195.4,199.6,200.4,4.56,77.3,3.32,4174.4,829.0,837.0,840.0,830.0,194.6,196.1,199.6,200.6,4.56,77.4,3.325,-5.8,0.891,0,nominal,0,0.0,194.97,701898.6
101.5,mission_cruise,73.87215119510839,3200.0,43.06392440244581,4166.6,830.8,839.1,842.4,830.4,194.4,196.8,199.2,200.2,4.55,77.7,3.304,4174.4,829.0,837.0,840.0,830.0,194.6,196.1,199.6,200.6,4.56,77.4,3.325,-5.8,0.891,0,nominal,0,0.0,194.97,701898.5
101.6,mission_cruise,73.8710394663702,3200.0,43.0644802668149,4178.8,827.5,836.2,842.2,831.3,195.1,196.0,198.4,201.1,4.58,77.3,3.28,4174.4,829.0,837.0,840.0,830.0,194.6,196.1,199.6,200.6,4.56,77.4,3.325,-5.8,0.891,0,nominal,0,0.0,194.97,701898.4
101.7,mission_cruise,73.86992773763201,3200.0,43.065036131183994,4166.3,827.5,838.1,841.7,826.8,194.4,196.6,198.6,199.8,4.56,77.9,3.387,4174.3,829.0,837.0,840.0,830.0,194.5,196.0,199.5,200.5,4.56,77.4,3.325,-5.8,0.891,0,nominal,0,0.0,194.97,701898.3
101.8,mission_cruise,73.86881600889383,3200.0,43.065591995553085,4174.7,829.8,838.2,841.1,831.1,193.9,195.3,199.5,200.1,4.57,77.5,3.342,4174.3,829.0,837.0,840.0,830.0,194.5,196.0,199.5,200.5,4.56,77.4,3.325,-5.8,0.891,0,nominal,0,0.0,194.97,701898.2
101.9,mission_cruise,73.86770428015564,3200.0,43.06614785992218,4184.8,831.0,837.5,839.1,831.0,194.1,195.7,199.9,201.3,4.57,77.8,3.281,4174.3,829.0,837.0,840.0,830.0,194.5,196.0,199.5,200.5,4.56,77.4,3.325,-5.8,0.891,0,nominal,0,0.0,194.97,701898.1
102.0,mission_cruise,73.86659255141745,3200.0,43.06670372429127,4174.6,830.4,836.7,838.1,830.7,193.9,195.1,200.3,201.1,4.53,77.0,3.314,4174.2,829.0,837.0,840.0,830.0,194.5,196.0,199.5,200.5,4.56,77.4,3.325,-5.8,0.891,0,nominal,0,0.0,194.97,701898.0
102.1,mission_cruise,73.86548082267926,3200.0,43.06725958866037,4163.9,828.9,835.2,839.0,829.9,194.8,194.9,198.4,200.6,4.59,76.7,3.269,4174.2,829.0,837.0,840.0,830.0,194.4,195.9,199.4,200.4,4.56,77.4,3.325,-5.8,0.891,0,nominal,0,0.0,194.97,701897.9
102.2,mission_cruise,73.86436909394108,3200.0,43.06781545302946,4169.4,832.0,837.7,840.6,831.8,194.0,195.2,199.3,201.3,4.53,77.5,3.28,4174.2,829.0,837.0,840.0,830.0,194.4,195.9,199.4,200.4,4.56,77.4,3.325,-5.8,0.891,0,nominal,0,0.0,194.97,701897.8
102.3,mission_cruise,73.86325736520288,3200.0,43.06837131739856,4161.0,829.6,834.8,840.8,830.1,195.2,196.0,200.0,200.1,4.56,77.6,3.318,4174.1,829.0,837.0,840.0,830.0,194.4,195.9,199.4,200.4,4.56,77.4,3.325,-5.8,0.891,0,nominal,0,0.0,194.97,701897.7
102.4,mission_cruise,73.8621456364647,3200.0,43.06892718176765,4185.4,829.1,839.5,839.7,830.3,194.6,196.3,199.6,200.0,4.56,76.8,3.309,4174.1,829.0,837.0,840.0,830.0,194.4,195.9,199.4,200.4,4.56,77.4,3.324,-5.8,0.891,0,nominal,0,0.0,194.97,701897.6
102.5,mission_cruise,73.86103390772651,3200.0,43.069483046136746,4178.4,829.9,835.6,840.3,830.4,194.2,196.0,199.4,201.0,4.54,77.2,3.325,4174.1,829.0,837.0,840.0,830.0,194.3,195.8,199.3,200.3,4.56,77.3,3.324,-5.8,0.891,0,nominal,0,0.0,194.97,701897.5
102.6,mission_cruise,73.85992217898833,3200.0,43.070038910505836,4171.4,827.9,835.7,841.4,831.7,195.2,196.2,198.4,201.3,4.59,76.8,3.311,4174.0,829.0,837.0,840.0,830.0,194.3,195.8,199.3,200.3,4.56,77.3,3.324,-5.8,0.891,0,nominal,0,0.0,194.97,701897.4
102.7,mission_cruise,73.85881045025013,3200.0,43.070594774874934,4185.5,829.7,838.2,838.5,830.0,195.5,195.3,199.4,201.3,4.56,77.7,3.323,4174.0,829.0,837.0,840.0,830.0,194.3,195.8,199.3,200.3,4.56,77.3,3.324,-5.8,0.891,0,nominal,0,0.0,194.97,701897.3
102.8,mission_cruise,73.85769872151195,3200.0,43.071150639244024,4167.1,829.1,836.3,841.0,833.3,194.9,195.9,199.6,200.8,4.52,77.9,3.29,4174.0,829.0,837.0,840.0,830.0,194.3,195.8,199.3,200.3,4.56,77.3,3.324,-5.8,0.891,0,nominal,0,0.0,194.97,701897.2
102.9,mission_cruise,73.85658699277376,3200.0,43.07170650361312,4179.6,830.3,838.0,839.4,832.5,193.5,196.0,197.8,201.4,4.51,77.8,3.383,4173.9,829.0,837.0,840.0,830.0,194.2,195.7,199.2,200.2,4.56,77.3,3.324,-5.8,0.891,0,nominal,0,0.0,194.97,701897.1
103.0,mission_cruise,73.85547526403558,3200.0,43.07226236798221,4174.2,830.2,839.6,841.6,830.7,195.2,195.8,199.8,200.8,4.56,77.0,3.286,4173.9,829.0,837.0,840.0,830.0,194.2,195.7,199.2,200.2,4.56,77.3,3.324,-5.8,0.891,0,nominal,0,0.0,194.97,701897.0
103.1,mission_cruise,73.85436353529738,3200.0,43.07281823235131,4181.2,828.4,837.1,839.2,828.3,194.4,195.4,199.3,200.3,4.53,78.0,3.289,4173.9,829.0,837.0,840.0,830.0,194.2,195.7,199.2,200.2,4.56,77.3,3.324,-5.8,0.891,0,nominal,0,0.0,194.97,701896.9
103.2,mission_cruise,73.8532518065592,3200.0,43.0733740967204,4189.2,828.8,834.4,842.0,831.4,194.3,194.6,198.2,200.6,4.56,77.6,3.357,4173.8,828.9,836.9,839.9,829.9,194.2,195.7,199.2,200.2,4.56,77.3,3.324,-5.8,0.891,0,nominal,0,0.0,194.97,701896.8
103.3,mission_cruise,73.852140077821,3200.0,43.0739299610895,4169.2,831.0,837.2,841.4,829.9,193.9,195.2,199.9,200.3,4.56,77.2,3.324,4173.8,828.9,836.9,839.9,829.9,194.2,195.7,199.2,200.2,4.56,77.3,3.324,-5.8,0.891,0,nominal,0,0.0,194.97,701896.7
103.4,mission_cruise,73.85102834908282,3200.0,43.07448582545859,4177.8,830.7,836.4,838.5,829.1,195.1,195.3,198.3,201.1,4.56,76.7,3.268,4173.7,828.9,836.9,839.9,829.9,194.1,195.6,199.1,200.1,4.56,77.3,3.324,-5.8,0.891,0,nominal,0,0.0,194.97,701896.6
103.5,mission_cruise,73.84991662034463,3200.0,43.075041689827685,4183.6,829.3,837.1,839.9,832.5,194.2,197.1,198.6,200.2,4.52,77.6,3.333,4173.7,828.9,836.9,839.9,829.9,194.1,195.6,199.1,200.1,4.56,77.3,3.324,-5.8,0.891,0,nominal,0,0.0,194.97,701896.5
103.6,mission_cruise,73.84880489160645,3200.0,43.075597554196776,4185.0,828.4,837.9,840.6,829.2,193.1,196.5,199.6,199.7,4.52,77.8,3.315,4173.7,828.9,836.9,839.9,829.9,194.1,195.6,199.1,200.1,4.56,77.3,3.324,-5.8,0.891,0,nominal,0,0.0,194.97,701896.4
103.7,mission_cruise,73.84769316286825,3200.0,43.07615341856587,4170.8,828.9,835.6,841.7,829.7,194.8,195.3,198.6,199.8,4.54,77.3,3.35,4173.6,828.9,836.9,839.9,829.9,194.1,195.6,199.1,200.1,4.56,77.3,3.324,-5.8,0.891,0,nominal,0,0.0,194.97,701896.3
103.8,mission_cruise,73.84658143413007,3200.0,43.076709282934964,4172.4,827.6,835.3,840.4,830.3,193.6,195.3,200.2,199.6,4.55,77.7,3.372,4173.6,828.9,836.9,839.9,829.9,194.1,195.6,199.1,200.1,4.56,77.3,3.324,-5.8,0.891,0,nominal,0,0.0,194.97,701896.2
103.9,mission_cruise,73.84546970539188,3200.0,43.07726514730406,4165.1,828.7,836.1,838.9,829.5,194.5,195.0,198.9,200.0,4.55,77.8,3.302,4173.6,828.9,836.9,839.9,829.9,194.0,195.5,199.0,200.0,4.56,77.3,3.324,-5.8,0.891,0,nominal,0,0.0,194.97,701896.1
104.0,mission_cruise,73.8443579766537,3200.0,43.07782101167315,4176.7,829.2,836.2,838.7,827.8,194.8,195.6,198.0,200.2,4.56,76.1,3.275,4173.5,828.9,836.9,839.9,829.9,194.0,195.5,199.0,200.0,4.56,77.3,3.324,-5.8,0.891,0,nominal,0,0.0,194.97,701896.0
104.1,mission_cruise,73.8432462479155,3200.0,43.07837687604225,4173.2,826.6,836.1,840.2,828.9,193.8,197.1,198.8,200.0,4.56,76.7,3.343,4173.5,828.9,836.9,839.9,829.9,194.0,195.5,199.0,200.0,4.56,77.3,3.324,-5.8,0.891,0,nominal,0,0.0,194.97,701895.9
104.2,mission_cruise,73.84213451917732,3200.0,43.07893274041134,4172.0,827.5,834.8,841.1,831.1,194.4,195.6,198.6,199.6,4.56,76.6,3.308,4173.5,828.9,836.9,839.9,829.9,194.0,195.5,199.0,200.0,4.56,77.3,3.324,-5.8,0.891,0,nominal,0,0.0,194.97,701895.8
104.3,mission_cruise,73.84102279043913,3200.0,43.07948860478044,4181.9,829.7,835.1,840.0,832.3,194.3,194.8,198.6,199.4,4.56,76.7,3.339,4173.4,828.9,836.9,839.9,829.9,194.0,195.4,198.9,199.9,4.56,77.3,3.324,-5.8,0.891,0,nominal,0,0.0,194.97,701895.7
104.4,mission_cruise,73.83991106170095,3200.0,43.08004446914953,4178.5,828.2,837.3,840.6,829.5,194.0,194.8,198.9,200.7,4.55,77.6,3.387,4173.4,828.9,836.9,839.9,829.9,193.9,195.4,198.9,199.9,4.56,77.3,3.324,-5.8,0.891,0,nominal,0,0.0,194.97,701895.6
104.5,mission_cruise,73.83879933296275,3200.0,43.080600333518625,4180.6,828.9,836.9,840.6,828.2,194.0,195.9,198.5,200.0,4.57,77.0,3.335,4173.4,828.9,836.9,839.9,829.9,193.9,195.4,198.9,199.9,4.56,77.3,3.324,-5.8,0.891,0,nominal,0,0.0,194.97,701895.5
104.6,mission_cruise,73.83768760422457,3200.0,43.081156197887715,4165.1,829.2,840.8,840.2,831.3,193.3,195.3,198.1,199.3,4.55,77.1,3.317,4173.3,828.9,836.9,839.9,829.9,193.9,195.4,198.9,199.9,4.56,77.3,3.324,-5.8,0.891,0,nominal,0,0.0,194.97,701895.4
104.7,mission_cruise,73.83657587548637,3200.0,43.08171206225681,4180.2,826.2,837.9,838.8,830.9,194.1,195.5,199.0,199.2,4.56,76.6,3.332,4173.3,828.9,836.9,839.9,829.9,193.9,195.4,198.9,199.9,4.56,77.3,3.324,-5.8,0.891,0,nominal,0,0.0,194.97,701895.3
104.8,mission_cruise,73.8354641467482,3200.0,43.0822679266259,4178.5,830.4,837.0,842.2,831.2,193.9,194.1,200.1,200.4,4.54,78.1,3.219,4173.3,828.9,836.9,839.9,829.9,193.9,195.4,198.9,199.9,4.56,77.2,3.323,-5.8,0.891,0,nominal,0,0.0,194.97,701895.2
104.9,mission_cruise,73.83435241801,3200.0,43.082823790995,4165.9,828.8,838.8,840.8,831.7,193.6,194.5,198.6,198.9,4.58,77.2,3.28,4173.2,828.9,836.9,839.9,829.9,193.8,195.3,198.8,199.8,4.56,77.2,3.323,-5.8,0.891,0,nominal,0,0.0,194.97,701895.1
105.0,mission_cruise,73.83324068927182,3200.0,43.08337965536409,4182.6,826.9,836.9,838.8,831.7,193.4,195.0,199.3,200.2,4.58,77.3,3.319,4173.2,828.9,836.9,839.9,829.9,193.8,195.3,198.8,199.8,4.56,77.2,3.323,-5.8,0.891,0,nominal,0,0.0,194.97,701895.0
105.1,mission_cruise,73.83212896053362,3200.0,43.08393551973319,4176.8,829.2,837.3,841.1,828.3,194.5,196.5,199.1,199.5,4.6,77.6,3.341,4173.2,828.9,836.9,839.9,829.9,193.8,195.3,198.8,199.8,4.56,77.2,3.323,-5.8,0.891,0,nominal,0,0.0,194.97,701894.9
105.2,mission_cruise,73.83101723179544,3200.0,43.08449138410228,4178.4,828.7,835.6,838.8,828.4,193.6,194.6,198.1,199.6,4.53,77.2,3.328,4173.1,828.9,836.9,839.9,829.9,193.8,195.3,198.8,199.8,4.56,77.2,3.323,-5.8,0.891,0,nominal,0,0.0,194.97,701894.8
105.3,mission_cruise,73.82990550305725,3200.0,43.085047248471376,4172.2,828.0,838.7,841.1,831.1,193.9,195.0,199.2,200.8,4.57,78.5,3.306,4173.1,828.9,836.9,839.9,829.9,193.8,195.3,198.8,199.8,4.56,77.2,3.323,-5.8,0.891,0,nominal,0,0.0,194.97,701894.7
105.4,mission_cruise,73.82879377431907,3200.0,43.08560311284047,4179.9,829.7,838.5,839.5,831.0,194.4,194.7,198.5,199.0,4.57,76.7,3.328,4173.1,828.9,836.9,839.9,829.9,193.7,195.2,198.7,199.7,4.56,77.2,3.323,-5.8,0.891,0,nominal,0,0.0,194.97,701894.6
105.5,mission_cruise,73.82768204558087,3200.0,43.086158977209564,4163.1,828.0,834.7,838.8,831.4,193.9,193.9,198.4,200.2,4.55,77.2,3.318,4173.0,828.9,836.9,839.9,829.9,193.7,195.2,198.7,199.7,4.56,77.2,3.323,-5.8,0.891,0,nominal,0,0.0,194.97,701894.5
105.6,mission_cruise,73.82657031684269,3200.0,43.086714841578655,4173.8,829.2,839.1,841.0,830.7,193.8,196.4,198.1,199.4,4.55,76.8,3.309,4173.0,828.9,836.9,839.9,829.9,193.7,195.2,198.7,199.7,4.56,77.2,3.323,-5.8,0.891,0,nominal,0,0.0,194.97,701894.4
105.7,mission_cruise,73.8254585881045,3200.0,43.08727070594775,4166.9,828.6,837.4,841.1,829.3,194.9,196.6,198.5,200.2,4.54,77.1,3.386,4173.0,828.9,836.9,839.9,829.9,193.7,195.2,198.7,199.7,4.56,77.2,3.323,-5.8,0.891,0,nominal,0,0.0,194.97,701894.3
105.8,mission_cruise,73.82434685936632,3200.0,43.08782657031684,4169.6,828.8,836.6,838.8,829.1,192.7,194.2,198.3,198.6,4.58,77.1,3.254,4172.9,828.9,836.9,839.9,829.9,193.7,195.2,198.7,199.7,4.56,77.2,3.323,-5.8,0.891,0,nominal,0,0.0,194.97,701894.2
105.9,mission_cruise,73.82323513062812,3200.0,43.08838243468594,4180.1,829.0,838.7,839.7,831.2,193.1,196.1,198.9,200.8,4.56,77.3,3.339,4172.9,828.9,836.9,839.9,829.9,193.7,195.2,198.7,199.7,4.56,77.2,3.323,-5.8,0.891,0,nominal,0,0.0,194.97,701894.1
106.0,mission_cruise,73.82212340188994,3200.0,43.08893829905503,4167.0,828.4,834.7,840.8,830.5,192.8,194.9,199.2,199.9,4.59,76.7,3.331,4172.9,828.9,836.9,839.9,829.9,193.6,195.1,198.6,199.6,4.56,77.2,3.323,-5.8,0.891,0,nominal,0,0.0,194.97,701894.0
106.1,mission_cruise,73.82101167315174,3200.0,43.08949416342413,4177.6,829.9,833.9,840.1,829.6,194.0,195.1,198.8,200.2,4.57,77.3,3.329,4172.8,828.9,836.9,839.9,829.9,193.6,195.1,198.6,199.6,4.56,77.2,3.323,-5.8,0.891,0,nominal,0,0.0,194.97,701893.9
106.2,mission_cruise,73.81989994441356,3200.0,43.09005002779322,4174.1,827.9,835.4,842.3,829.8,193.7,196.4,198.3,199.2,4.5,77.4,3.325,4172.8,828.9,836.9,839.9,829.9,193.6,195.1,198.6,199.6,4.56,77.2,3.323,-5.8,0.891,0,nominal,0,0.0,194.97,701893.8
106.3,mission_cruise,73.81878821567537,3200.0,43.090605892162316,4182.8,831.5,837.6,837.9,829.3,193.5,195.3,198.2,199.3,4.55,77.2,3.28,4172.8,828.9,836.9,839.9,829.9,193.6,195.1,198.6,199.6,4.56,77.2,3.323,-5.8,0.891,0,nominal,0,0.0,194.97,701893.7
106.4,mission_cruise,73.81767648693719,3200.0,43.091161756531406,4170.1,826.9,836.1,838.9,828.3,194.1,195.0,198.5,199.6,4.58,77.3,3.307,4172.7,828.9,836.9,839.9,829.9,193.6,195.1,198.6,199.6,4.56,77.2,3.323,-5.8,0.891,0,nominal,0,0.0,194.97,701893.6
106.5,mission_cruise,73.816564758199,3200.0,43.0917176209005,4168.7,829.2,836.5,840.9,830.2,194.4,193.8,198.6,200.4,4.55,77.7,3.316,4172.7,828.9,836.9,839.9,829.9,193.5,195.0,198.5,199.5,4.56,77.2,3.323,-5.8,0.891,0,nominal,0,0.0,194.97,701893.5
106.6,mission_cruise,73.81545302946081,3200.0,43.092273485269594,4181.8,828.8,837.9,839.3,827.0,193.3,194.7,197.7,199.1,4.58,77.4,3.319,4172.7,828.9,836.9,839.9,829.9,193.5,195.0,198.5,199.5,4.56,77.2,3.323,-5.8,0.891,0,nominal,0,0.0,194.97,701893.4
106.7,mission_cruise,73.81434130072262,3200.0,43.09282934963869,4171.7,830.3,835.8,838.1,831.4,193.1,194.5,199.3,199.2,4.48,77.9,3.288,4172.6,828.9,836.9,839.9,829.9,193.5,195.0,198.5,199.5,4.56,77.2,3.323,-5.8,0.891,0,nominal,0,0.0,194.97,701893.3
106.8,mission_cruise,73.81322957198444,3200.0,43.09338521400778,4177.6,829.1,838.1,843.3,829.5,192.4,195.2,199.1,199.2,4.59,77.3,3.382,4172.6,828.9,836.9,839.9,829.9,193.5,195.0,198.5,199.5,4.56,77.2,3.323,-5.8,0.891,0,nominal,0,0.0,194.97,701893.2
106.9,mission_cruise,73.81211784324624,3200.0,43.09394107837688,4174.6,827.9,834.7,842.0,829.2,193.8,194.8,198.1,199.0,4.56,77.1,3.298,4172.6,828.9,836.9,839.9,829.9,193.5,195.0,198.5,199.5,4.56,77.2,3.323,-5.8,0.891,0,nominal,0,0.0,194.97,701893.1
107.0,mission_cruise,73.81100611450806,3200.0,43.09449694274597,4167.4,827.4,835.3,840.5,828.5,193.3,194.4,198.3,199.5,4.57,77.0,3.32,4172.5,828.9,836.9,839.9,829.9,193.5,195.0,198.5,199.5,4.56,77.2,3.323,-5.8,0.891,0,nominal,0,0.0,194.97,701893.0
107.1,mission_cruise,73.80989438576987,3200.0,43.09505280711507,4167.7,829.4,835.4,839.0,830.0,193.5,195.2,198.5,199.2,4.52,77.3,3.32,4172.5,828.9,836.9,839.9,829.9,193.5,195.0,198.5,199.5,4.56,77.2,3.323,-5.8,0.891,0,nominal,0,0.0,194.97,701892.9
107.2,mission_cruise,73.80878265703168,3200.0,43.09560867148416,4168.1,829.6,836.0,839.6,831.8,192.6,194.3,197.1,199.7,4.56,76.6,3.351,4172.5,828.9,836.9,839.9,829.9,193.4,194.9,198.4,199.4,4.56,77.2,3.322,-5.8,0.891,0,nominal,0,0.0,194.97,701892.8
107.3,mission_cruise,73.80767092829349,3200.0,43.096164535853255,4167.4,829.0,835.1,838.8,828.4,193.5,195.6,197.5,199.7,4.5,76.7,3.294,4172.4,828.9,836.9,839.9,829.9,193.4,194.9,198.4,199.4,4.56,77.1,3.322,-5.8,0.891,0,nominal,0,0.0,194.97,701892.7
107.4,mission_cruise,73.80655919955531,3200.0,43.096720400222345,4172.3,827.9,838.1,838.4,829.0,193.4,195.4,198.9,198.8,4.59,77.0,3.313,4172.4,828.9,836.9,839.9,829.9,193.4,194.9,198.4,199.4,4.56,77.1,3.322,-5.8,0.891,0,nominal,0,0.0,194.97,701892.6
107.5,mission_cruise,73.80544747081711,3200.0,43.09727626459144,4168.5,828.7,836.0,838.4,832.6,193.1,194.3,198.4,199.5,4.59,77.3,3.291,4172.4,828.9,836.9,839.9,829.9,193.4,194.9,198.4,199.4,4.56,77.1,3.322,-5.8,0.891,0,nominal,0,0.0,194.97,701892.5
107.6,mission_cruise,73.80433574207893,3200.0,43.09783212896053,4176.4,829.2,836.3,839.8,829.4,192.7,194.2,198.3,200.0,4.53,77.9,3.274,4172.3,828.9,836.9,839.9,829.9,193.4,194.9,198.4,199.4,4.56,77.1,3.322,-5.8,0.891,0,nominal,0,0.0,194.97,701892.4
107.7,mission_cruise,73.80322401334074,3200.0,43.09838799332963,4172.9,829.3,837.1,839.7,828.9,194.3,195.2,197.8,199.3,4.55,77.0,3.287,4172.3,828.8,836.8,839.8,829.8,193.4,194.9,198.4,199.4,4.56,77.1,3.322,-5.8,0.891,0,nominal,0,0.0,194.97,701892.3
107.8,mission_cruise,73.80211228460256,3200.0,43.09894385769872,4173.3,830.4,835.9,839.2,830.8,194.2,195.3,198.3,199.1,4.55,76.8,3.31,4172.3,828.8,836.8,839.8,829.8,193.3,194.8,198.3,199.3,4.56,77.1,3.322,-5.8,0.891,0,nominal,0,0.0,194.97,701892.2
107.9,mission_cruise,73.80100055586436,3200.0,43.09949972206782,4172.4,827.5,836.2,839.2,830.3,193.9,195.2,197.6,200.0,4.53,77.0,3.319,4172.2,828.8,836.8,839.8,829.8,193.3,194.8,198.3,199.3,4.56,77.1,3.322,-5.8,0.891,0,nominal,0,0.0,194.97,701892.1
108.0,mission_cruise,73.79988882712618,3200.0,43.10005558643691,4174.1,828.0,836.1,839.6,831.4,193.2,194.5,198.0,198.8,4.56,76.9,3.269,4172.2,828.8,836.8,839.8,829.8,193.3,194.8,198.3,199.3,4.56,77.1,3.322,-5.8,0.891,0,nominal,0,0.0,194.97,701892.0
108.1,mission_cruise,73.79877709838799,3200.0,43.10061145080601,4179.5,829.7,836.0,840.5,830.8,193.6,195.3,198.5,198.8,4.59,77.3,3.291,4172.1,828.8,836.8,839.8,829.8,193.3,194.8,198.3,199.3,4.56,77.1,3.322,-5.8,0.891,0,nominal,0,0.0,194.97,701891.9
108.2,mission_cruise,73.7976653696498,3200.0,43.1011673151751,4175.0,828.7,837.4,840.1,827.8,192.8,195.0,198.0,199.3,4.59,76.3,3.261,4172.1,828.8,836.8,839.8,829.8,193.3,194.8,198.3,199.3,4.56,77.1,3.322,-5.8,0.891,0,nominal,0,0.0,194.97,701891.8
108.3,mission_cruise,73.79655364091161,3200.0,43.101723179544194,4178.6,829.7,837.7,839.8,829.3,193.2,195.2,197.6,198.4,4.57,78.3,3.297,4172.1,828.8,836.8,839.8,829.8,193.3,194.8,198.3,199.3,4.56,77.1,3.322,-5.8,0.891,0,nominal,0,0.0,194.97,701891.7
108.4,mission_cruise,73.79544191217343,3200.0,43.102279043913285,4177.5,828.4,837.0,839.8,831.2,192.2,195.1,198.6,200.1,4.56,77.2,3.296,4172.0,828.8,836.8,839.8,829.8,193.3,194.8,198.3,199.3,4.56,77.1,3.322,-5.8,0.891,0,nominal,0,0.0,194.97,701891.6
108.5,mission_cruise,73.79433018343524,3200.0,43.10283490828238,4167.7,830.5,834.8,837.8,831.7,193.4,194.2,197.5,199.7,4.57,77.1,3.318,4172.0,828.8,836.8,839.8,829.8,193.2,194.7,198.2,199.2,4.56,77.1,3.322,-5.8,0.891,0,nominal,0,0.0,194.97,701891.5
108.6,mission_cruise,73.79321845469705,3200.0,43.10339077265147,4172.2,828.6,837.9,838.7,830.2,193.3,194.7,198.0,198.8,4.58,77.3,3.283,4172.0,828.8,836.8,839.8,829.8,193.2,194.7,198.2,199.2,4.56,77.1,3.322,-5.8,0.891,0,nominal,0,0.0,194.97,701891.4
108.7,mission_cruise,73.79210672595886,3200.0,43.10394663702057,4175.9,828.4,837.9,841.2,829.1,193.0,194.7,198.2,198.5,4.56,76.5,3.339,4171.9,828.8,836.8,839.8,829.8,193.2,194.7,198.2,199.2,4.56,77.1,3.322,-5.8,0.891,0,nominal,0,0.0,194.97,701891.3
108.8,mission_cruise,73.79099499722068,3200.0,43.10450250138966,4166.0,826.5,835.4,842.7,830.7,193.8,194.7,199.2,199.2,4.52,77.7,3.312,4171.9,828.8,836.8,839.8,829.8,193.2,194.7,198.2,199.2,4.56,77.1,3.322,-5.8,0.891,0,nominal,0,0.0,194.97,701891.2
108.9,mission_cruise,73.78988326848248,3200.0,43.10505836575876,4176.2,826.6,837.2,837.9,826.3,192.5,194.6,197.2,198.8,4.53,77.1,3.302,4171.9,828.8,836.8,839.8,829.8,193.2,194.7,198.2,199.2,4.56,77.1,3.322,-5.8,0.891,0,nominal,0,0.0,194.97,701891.1
109.0,mission_cruise,73.7887715397443,3200.0,43.10561423012785,4178.4,828.9,839.0,842.2,830.8,192.8,195.3,198.2,199.6,4.56,77.4,3.319,4171.8,828.8,836.8,839.8,829.8,193.2,194.7,198.2,199.2,4.56,77.1,3.322,-5.8,0.891,0,nominal,0,0.0,194.97,701891.0
109.1,mission_cruise,73.78765981100611,3200.0,43.106170094496946,4165.8,827.4,838.2,839.8,827.7,193.2,194.2,198.4,199.6,4.57,76.9,3.361,4171.8,828.8,836.8,839.8,829.8,193.2,194.7,198.2,199.2,4.56,77.1,3.322,-5.8,0.891,0,nominal,0,0.0,194.97,701890.9
109.2,mission_cruise,73.78654808226793,3200.0,43.106725958866036,4168.8,830.7,838.9,838.1,830.4,193.6,195.1,198.4,198.8,4.55,77.1,3.343,4171.8,828.8,836.8,839.8,829.8,193.1,194.6,198.1,199.1,4.56,77.1,3.322,-5.8,0.891,0,nominal,0,0.0,194.97,701890.8
109.3,mission_cruise,73.78543635352973,3200.0,43.107281823235134,4171.7,826.9,835.3,840.5,831.0,193.5,194.7,197.0,200.2,4.58,76.8,3.27,4171.7,828.8,836.8,839.8,829.8,193.1,194.6,198.1,199.1,4.56,77.1,3.322,-5.8,0.891,0,nominal,0,0.0,194.97,701890.7
109.4,mission_cruise,73.78432462479155,3200.0,43.107837687604224,4178.2,828.9,836.0,839.6,830.8,192.7,195.0,197.5,199.1,4.54,77.3,3.321,4171.7,828.8,836.8,839.8,829.8,193.1,194.6,198.1,199.1,4.56,77.1,3.322,-5.8,0.891,0,nominal,0,0.0,194.97,701890.6
109.5,mission_cruise,73.78321289605336,3200.0,43.10839355197332,4173.5,830.3,836.6,840.6,827.4,192.7,194.3,198.2,199.0,4.49,76.7,3.304,4171.7,828.8,836.8,839.8,829.8,193.1,194.6,198.1,199.1,4.56,77.1,3.322,-5.8,0.891,0,nominal,0,0.0,194.97,701890.5
109.6,mission_cruise,73.78210116731518,3200.0,43.10894941634241,4180.1,827.4,837.9,838.9,830.8,193.1,195.0,198.2,198.1,4.57,77.5,3.326,4171.6,828.8,836.8,839.8,829.8,193.1,194.6,198.1,199.1,4.56,77.1,3.322,-5.8,0.891,0,nominal,0,0.0,194.97,701890.4
109.7,mission_cruise,73.78098943857698,3200.0,43.10950528071151,4171.4,826.9,838.5,839.3,830.5,193.4,195.2,197.9,200.0,4.56,76.9,3.316,4171.6,828.8,836.8,839.8,829.8,193.1,194.6,198.1,199.1,4.56,77.1,3.321,-5.8,0.891,0,nominal,0,0.0,194.97,701890.3
109.8,mission_cruise,73.7798777098388,3200.0,43.1100611450806,4169.6,824.7,837.1,840.3,831.1,193.9,194.1,197.3,198.1,4.58,76.1,3.316,4171.6,828.8,836.8,839.8,829.8,193.1,194.6,198.1,199.1,4.56,77.1,3.321,-5.8,0.891,0,nominal,0,0.0,194.97,701890.2
109.9,mission_cruise,73.7787659811006,3200.0,43.1106170094497,4179.0,830.4,838.7,839.9,829.5,193.8,194.9,198.7,198.8,4.5,76.1,3.328,4171.5,828.8,836.8,839.8,829.8,193.1,194.6,198.1,199.1,4.56,77.0,3.321,-5.8,0.891,0,nominal,0,0.0,194.97,701890.1
110.0,mission_cruise,73.77765425236242,3200.0,43.11117287381879,4167.0,829.0,837.3,838.4,830.1,192.9,194.7,196.9,198.7,4.59,77.3,3.322,4171.5,828.8,836.8,839.8,829.8,193.0,194.5,198.0,199.0,4.56,77.0,3.321,-5.8,0.891,0,nominal,0,0.0,194.97,701890.0
110.1,mission_cruise,73.77654252362423,3200.0,43.111728738187885,4180.9,826.7,836.8,838.7,831.4,192.9,194.3,197.3,198.6,4.55,76.9,3.258,4171.5,828.8,836.8,839.8,829.8,193.0,194.5,198.0,199.0,4.56,77.0,3.321,-5.8,0.891,0,nominal,0,0.0,194.97,701889.9
110.2,mission_cruise,73.77543079488605,3200.0,43.112284602556976,4169.5,826.9,837.1,841.3,827.6,192.3,194.4,198.9,198.9,4.54,77.1,3.334,4171.4,828.8,836.8,839.8,829.8,193.0,194.5,198.0,199.0,4.56,77.0,3.321,-5.8,0.891,0,nominal,0,0.0,194.97,701889.8
110.3,mission_cruise,73.77431906614785,3200.0,43.11284046692607,4170.1,828.6,836.3,840.1,828.9,193.0,194.0,198.2,199.1,4.6,77.9,3.317,4171.4,828.8,836.8,839.8,829.8,193.0,194.5,198.0,199.0,4.56,77.0,3.321,-5.8,0.891,0,nominal,0,0.0,194.97,701889.7
110.4,mission_cruise,73.77320733740967,3200.0,43.113396331295164,4173.9,830.5,838.4,841.3,829.9,193.5,194.4,198.5,199.5,4.55,77.4,3.335,4171.4,828.8,836.8,839.8,829.8,193.0,194.5,198.0,199.0,4.56,77.0,3.321,-5.8,0.891,0,nominal,0,0.0,194.97,701889.6
110.5,mission_cruise,73.77209560867148,3200.0,43.11395219566426,4170.5,830.7,836.8,839.3,830.7,192.8,194.7,198.1,198.5,4.56,77.1,3.308,4171.3,828.8,836.8,839.8,829.8,193.0,194.5,198.0,199.0,4.56,77.0,3.321,-5.8,0.891,0,nominal,0,0.0,194.97,701889.5
110.6,mission_cruise,73.7709838799333,3200.0,43.11450806003335,4172.7,827.7,835.2,838.7,827.9,192.4,196.2,197.6,199.9,4.55,76.9,3.343,4171.3,828.8,836.8,839.8,829.8,193.0,194.5,198.0,199.0,4.56,77.0,3.321,-5.8,0.891,0,nominal,0,0.0,194.97,701889.4
110.7,mission_cruise,73.7698721511951,3200.0,43.11506392440245,4174.9,828.9,836.7,838.6,829.6,192.8,194.6,197.8,198.8,4.62,77.5,3.28,4171.3,828.8,836.8,839.8,829.8,193.0,194.5,198.0,199.0,4.56,77.0,3.321,-5.8,0.891,0,nominal,0,0.0,194.97,701889.3
110.8,mission_cruise,73.76876042245692,3200.0,43.11561978877154,4171.3,828.9,836.4,839.7,829.6,193.9,194.2,198.7,199.4,4.57,77.3,3.322,4171.2,828.8,836.8,839.8,829.8,192.9,194.4,197.9,198.9,4.56,77.0,3.321,-5.8,0.891,0,nominal,0,0.0,194.97,701889.2
110.9,mission_cruise,73.76764869371873,3200.0,43.11617565314064,4186.8,831.0,835.6,839.4,826.3,194.2,194.3,197.9,198.9,4.57,76.7,3.342,4171.2,828.8,836.8,839.8,829.8,192.9,194.4,197.9,198.9,4.56,77.0,3.321,-5.8,0.891,0,nominal,0,0.0,194.97,701889.1
111.0,mission_cruise,73.76653696498055,3200.0,43.11673151750973,4179.2,828.2,834.6,839.9,827.7,193.9,194.8,196.9,198.0,4.58,76.9,3.313,4171.2,828.8,836.8,839.8,829.8,192.9,194.4,197.9,198.9,4.56,77.0,3.321,-5.8,0.891,0,nominal,0,0.0,194.97,701889.0
111.1,mission_cruise,73.76542523624235,3200.0,43.117287381878825,4171.2,827.6,833.6,840.8,828.0,192.1,194.1,197.8,200.0,4.56,77.8,3.365,4171.1,828.8,836.8,839.8,829.8,192.9,194.4,197.9,198.9,4.56,77.0,3.321,-5.8,0.891,0,nominal,0,0.0,194.97,701888.9
111.2,mission_cruise,73.76431350750417,3200.0,43.117843246247915,4173.6,830.3,836.0,836.9,832.9,192.5,193.9,198.2,198.2,4.56,77.5,3.317,4171.1,828.8,836.8,839.8,829.8,192.9,194.4,197.9,198.9,4.56,77.0,3.321,-5.8,0.891,0,nominal,0,0.0,194.97,701888.8
111.3,mission_cruise,73.76320177876597,3200.0,43.11839911061701,4171.5,832.2,838.2,838.1,830.4,191.7,195.6,198.5,198.6,4.57,77.0,3.302,4171.1,828.8,836.8,839.8,829.8,192.9,194.4,197.9,198.9,4.56,77.0,3.321,-5.8,0.891,0,nominal,0,0.0,194.97,701888.7
111.4,mission_cruise,73.7620900500278,3200.0,43.1189549749861,4168.7,827.9,839.1,840.2,831.9,193.2,193.6,197.9,199.3,4.59,76.6,3.333,4171.0,828.8,836.8,839.8,829.8,192.9,194.4,197.9,198.9,4.56,77.0,3.321,-5.8,0.891,0,nominal,0,0.0,194.97,701888.6
111.5,mission_cruise,73.7609783212896,3200.0,43.1195108393552,4171.0,829.4,837.9,840.3,827.9,193.2,194.9,198.0,199.7,4.59,76.7,3.315,4171.0,828.8,836.8,839.8,829.8,192.9,194.4,197.9,198.9,4.56,77.0,3.321,-5.8,0.891,0,nominal,0,0.0,194.97,701888.5
111.6,mission_cruise,73.75986659255142,3200.0,43.12006670372429,4176.9,830.6,834.6,840.7,828.1,193.0,194.3,198.1,199.4,4.53,76.9,3.334,4171.0,828.8,836.8,839.8,829.8,192.9,194.4,197.9,198.9,4.56,77.0,3.321,-5.8,0.891,0,nominal,0,0.0,194.97,701888.4
111.7,mission_cruise,73.75875486381322,3200.0,43.12062256809339,4177.0,830.2,837.3,838.3,826.5,193.2,193.9,198.2,199.5,4.52,76.7,3.321,4170.9,828.8,836.8,839.8,829.8,192.8,194.3,197.8,198.8,4.56,77.0,3.321,-5.8,0.891,0,nominal,0,0.0,194.97,701888.3
111.8,mission_cruise,73.75764313507504,3200.0,43.12117843246248,4170.6,827.7,837.9,838.5,830.7,192.6,195.0,198.6,198.2,4.55,76.9,3.328,4170.9,828.8,836.8,839.8,829.8,192.8,194.3,197.8,198.8,4.56,77.0,3.321,-5.8,0.891,0,nominal,0,0.0,194.97,701888.2
111.9,mission_cruise,73.75653140633685,3200.0,43.121734296831576,4177.8,825.9,838.3,836.8,829.0,193.0,194.5,197.5,198.5,4.53,77.7,3.358,4170.9,828.8,836.8,839.8,829.8,192.8,194.3,197.8,198.8,4.56,77.0,3.321,-5.8,0.891,0,nominal,0,0.0,194.97,701888.1
112.0,mission_cruise,73.75541967759867,3200.0,43.12229016120067,4175.4,828.8,837.1,840.3,828.6,191.7,192.9,198.2,199.1,4.6,77.3,3.295,4170.8,828.8,836.8,839.8,829.8,192.8,194.3,197.8,198.8,4.56,77.0,3.321,-5.8,0.891,0,nominal,0,0.0,194.97,701888.0
112.1,mission_cruise,73.75430794886047,3200.0,43.122846025569764,4178.4,828.6,837.5,839.9,830.3,192.3,194.3,196.9,198.4,4.59,76.8,3.279,4170.8,828.8,836.8,839.8,829.8,192.8,194.3,197.8,198.8,4.56,77.0,3.32,-5.8,0.891,0,nominal,0,0.0,194.97,701887.9
112.2,mission_cruise,73.75319622012229,3200.0,43.123401889938854,4170.9,828.0,838.1,841.4,831.0,192.6,194.2,197.8,198.0,4.58,77.2,3.357,4170.8,828.8,836.8,839.8,829.8,192.8,194.3,197.8,198.8,4.56,77.0,3.32,-5.8,0.891,0,nominal,0,0.0,194.97,701887.8
112.3,mission_cruise,73.7520844913841,3200.0,43.12395775430795,4171.6,829.4,837.2,837.5,829.6,192.7,194.3,198.6,198.1,4.55,76.4,3.296,4170.7,828.8,836.8,839.8,829.8,192.8,194.3,197.8,198.8,4.56,77.0,3.32,-5.8,0.891,0,nominal,0,0.0,194.97,701887.7
112.4,mission_cruise,73.75097276264592,3200.0,43.12451361867704,4173.2,830.6,837.8,839.3,830.4,193.4,193.8,197.5,198.9,4.53,77.2,3.292,4170.7,828.8,836.8,839.8,829.8,192.8,194.3,197.8,198.8,4.56,77.0,3.32,-5.8,0.891,0,nominal,0,0.0,194.97,701887.6
112.5,mission_cruise,73.74986103390772,3200.0,43.12506948304614,4164.2,828.6,837.8,841.4,828.6,192.4,195.0,198.1,199.0,4.59,77.3,3.336,4170.6,828.8,836.8,839.8,829.8,192.8,194.3,197.8,198.8,4.56,77.0,3.32,-5.8,0.891,0,nominal,0,0.0,194.97,701887.5
112.6,mission_cruise,73.74874930516954,3200.0,43.12562534741523,4175.4,828.2,836.0,838.9,831.2,192.4,195.4,198.2,197.9,4.53,76.4,3.367,4170.6,828.8,836.8,839.8,829.8,192.7,194.2,197.7,198.7,4.56,77.0,3.32,-5.8,0.891,0,nominal,0,0.0,194.97,701887.4
112.7,mission_cruise,73.74763757643134,3200.0,43.12618121178433,4167.5,827.5,832.9,838.6,828.3,192.1,193.7,198.8,199.0,4.58,76.9,3.309,4170.6,828.8,836.8,839.8,829.8,192.7,194.2,197.7,198.7,4.56,77.0,3.32,-5.8,0.891,0,nominal,0,0.0,194.97,701887.3
112.8,mission_cruise,73.74652584769316,3200.0,43.12673707615342,4166.3,830.6,836.5,841.1,827.7,192.4,195.4,196.1,199.5,4.57,77.2,3.275,4170.5,828.8,836.8,839.8,829.8,192.7,194.2,197.7,198.7,4.56,76.9,3.32,-5.8,0.891,0,nominal,0,0.0,194.97,701887.2
112.9,mission_cruise,73.74541411895497,3200.0,43.127292940522516,4174.9,827.6,836.3,842.0,829.2,193.3,194.0,197.5,198.5,4.53,77.8,3.313,4170.5,828.7,836.7,839.7,829.7,192.7,194.2,197.7,198.7,4.56,76.9,3.32,-5.8,0.891,0,nominal,0,0.0,194.97,701887.1
113.0,mission_cruise,73.74430239021679,3200.0,43.127848804891606,4167.7,829.0,837.5,840.4,828.9,192.9,194.4,197.8,197.6,4.58,77.2,3.331,4170.5,828.7,836.7,839.7,829.7,192.7,194.2,197.7,198.7,4.56,76.9,3.32,-5.8,0.891,0,nominal,0,0.0,194.97,701887.0
113.1,mission_cruise,73.7431906614786,3200.0,43.1284046692607,4169.0,827.7,836.7,837.1,829.7,191.8,195.3,197.4,199.2,4.59,77.3,3.346,4170.4,828.7,836.7,839.7,829.7,192.7,194.2,197.7,198.7,4.56,76.9,3.32,-5.8,0.891,0,nominal,0,0.0,194.97,701886.9
113.2,mission_cruise,73.74207893274041,3200.0,43.128960533629794,4177.7,828.7,835.9,838.9,827.8,192.9,193.5,198.4,199.0,4.54,76.7,3.273,4170.4,828.7,836.7,839.7,829.7,192.7,194.2,197.7,198.7,4.56,76.9,3.32,-5.8,0.891,0,nominal,0,0.0,194.97,701886.8
113.3,mission_cruise,73.74096720400222,3200.0,43.12951639799889,4172.4,829.0,836.0,840.2,828.9,192.8,194.0,197.9,197.8,4.56,77.2,3.351,4170.4,828.7,836.7,839.7,829.7,192.7,194.2,197.7,198.7,4.56,76.9,3.32,-5.8,0.891,0,nominal,0,0.0,194.97,701886.7
113.4,mission_cruise,73.73985547526404,3200.0,43.13007226236798,4158.5,830.3,837.4,840.8,829.6,192.9,194.7,198.0,199.3,4.52,76.8,3.319,4170.3,828.7,836.7,839.7,829.7,192.7,194.2,197.7,198.7,4.56,76.9,3.32,-5.8,0.891,0,nominal,0,0.0,194.97,701886.6
113.5,mission_cruise,73.73874374652584,3200.0,43.13062812673708,4164.4,829.8,836.3,839.3,829.7,192.9,193.7,197.6,197.6,4.6,77.6,3.287,4170.3,828.7,836.7,839.7,829.7,192.7,194.2,197.7,198.7,4.56,76.9,3.32,-5.8,0.891,0,nominal,0,0.0,194.97,701886.5
113.6,mission_cruise,73.73763201778766,3200.0,43.13118399110617,4174.3,829.8,835.2,837.7,827.8,193.4,194.4,197.3,198.9,4.57,77.2,3.314,4170.3,828.7,836.7,839.7,829.7,192.6,194.1,197.6,198.6,4.56,76.9,3.32,-5.8,0.891,0,nominal,0,0.0,194.97,701886.4
113.7,mission_cruise,73.73652028904947,3200.0,43.13173985547527,4164.7,827.8,837.3,838.6,830.1,193.6,194.3,198.1,198.4,4.59,76.3,3.28,4170.2,828.7,836.7,839.7,829.7,192.6,194.1,197.6,198.6,4.56,76.9,3.32,-5.8,0.891,0,nominal,0,0.0,194.97,701886.3
113.8,mission_cruise,73.73540856031128,3200.0,43.13229571984436,4169.1,830.2,837.3,840.3,828.8,192.5,194.5,197.6,198.7,4.51,77.0,3.305,4170.2,828.7,836.7,839.7,829.7,192.6,194.1,197.6,198.6,4.56,76.9,3.32,-5.8,0.891,0,nominal,0,0.0,194.97,701886.2
113.9,mission_cruise,73.73429683157309,3200.0,43.132851584213455,4172.1,827.8,837.8,842.1,827.5,192.0,194.1,197.7,198.2,4.57,77.4,3.331,4170.2,828.7,836.7,839.7,829.7,192.6,194.1,197.6,198.6,4.56,76.9,3.32,-5.8,0.891,0,nominal,0,0.0,194.97,701886.1
114.0,mission_cruise,73.73318510283491,3200.0,43.133407448582545,4168.4,831.0,838.0,839.0,830.3,192.3,193.4,197.8,197.5,4.56,77.0,3.367,4170.1,828.7,836.7,839.7,829.7,192.6,194.1,197.6,198.6,4.56,76.9,3.32,-5.8,0.891,0,nominal,0,0.0,194.97,701886.0
114.1,mission_cruise,73.73207337409671,3200.0,43.13396331295164,4171.7,827.3,837.9,837.0,828.3,191.6,193.5,197.1,198.0,4.56,78.1,3.285,4170.1,828.7,836.7,839.7,829.7,192.6,194.1,197.6,198.6,4.56,76.9,3.32,-5.8,0.891,0,nominal,0,0.0,194.97,701885.9
114.2,mission_cruise,73.73096164535853,3200.0,43.13451917732073,4169.0,827.9,837.0,839.2,829.7,191.9,194.8,197.8,198.7,4.52,77.0,3.311,4170.1,828.7,836.7,839.7,829.7,192.6,194.1,197.6,198.6,4.56,76.9,3.32,-5.8,0.891,0,nominal,0,0.0,194.97,701885.8
114.3,mission_cruise,73.72984991662034,3200.0,43.13507504168983,4175.2,828.5,836.1,838.2,829.7,192.9,193.2,197.5,199.0,4.54,77.2,3.323,4170.0,828.7,836.7,839.7,829.7,192.6,194.1,197.6,198.6,4.56,76.9,3.32,-5.8,0.891,0,nominal,0,0.0,194.97,701885.7
114.4,mission_cruise,73.72873818788216,3200.0,43.13563090605892,4176.6,827.8,835.1,836.5,829.3,191.8,193.8,197.6,197.9,4.54,77.2,3.306,4170.0,828.7,836.7,839.7,829.7,192.6,194.1,197.6,198.6,4.56,76.9,3.32,-5.8,0.891,0,nominal,0,0.0,194.97,701885.6
114.5,mission_cruise,73.72762645914396,3200.0,43.13618677042802,4166.4,827.3,836.8,838.6,832.1,192.7,193.3,196.9,198.4,4.53,76.9,3.245,4170.0,828.7,836.7,839.7,829.7,192.6,194.1,197.6,198.6,4.56,76.9,3.32,-5.8,0.891,0,nominal,0,0.0,194.97,701885.5
114.6,mission_cruise,73.72651473040578,3200.0,43.13674263479711,4157.7,825.2,835.9,839.3,830.8,192.1,194.0,197.1,199.0,4.59,76.8,3.333,4169.9,828.7,836.7,839.7,829.7,192.6,194.1,197.6,198.6,4.56,76.9,3.319,-5.8,0.891,0,nominal,0,0.0,194.97,701885.4
114.7,mission_cruise,73.72540300166759,3200.0,43.13729849916621,4176.1,828.7,837.6,839.3,829.5,192.4,194.7,197.5,198.6,4.59,77.0,3.289,4169.9,828.7,836.7,839.7,829.7,192.5,194.0,197.5,198.5,4.56,76.9,3.319,-5.8,0.891,0,nominal,0,0.0,194.97,701885.3
114.8,mission_cruise,73.7242912729294,3200.0,43.1378543635353,4177.0,827.8,834.7,840.8,827.8,193.0,193.6,197.9,198.3,4.55,76.9,3.335,4169.9,828.7,836.7,839.7,829.7,192.5,194.0,197.5,198.5,4.56,76.9,3.319,-5.8,0.891,0,nominal,0,0.0,194.97,701885.2
114.9,mission_cruise,73.72317954419121,3200.0,43.138410227904394,4172.0,827.4,834.6,840.1,829.1,193.4,193.8,197.5,198.4,4.57,76.9,3.375,4169.8,828.7,836.7,839.7,829.7,192.5,194.0,197.5,198.5,4.56,76.9,3.319,-5.8,0.891,0,nominal,0,0.0,194.97,701885.1
115.0,mission_cruise,73.72206781545303,3200.0,43.138966092273485,4169.1,828.2,836.9,840.9,829.0,192.3,194.0,197.5,198.4,4.56,76.7,3.33,4169.8,828.7,836.7,839.7,829.7,192.5,194.0,197.5,198.5,4.56,76.9,3.319,-5.8,0.891,0,nominal,0,0.0,194.97,701885.0
115.1,mission_cruise,73.72095608671484,3200.0,43.13952195664258,4173.4,828.1,837.9,840.0,830.3,191.9,193.7,197.4,197.9,4.53,76.9,3.312,4169.8,828.7,836.7,839.7,829.7,192.5,194.0,197.5,198.5,4.56,76.9,3.319,-5.8,0.891,0,nominal,0,0.0,194.97,701884.9
115.2,mission_cruise,73.71984435797665,3200.0,43.14007782101167,4165.8,829.5,835.4,839.2,828.4,191.9,195.1,197.6,198.4,4.56,76.9,3.315,4169.7,828.7,836.7,839.7,829.7,192.5,194.0,197.5,198.5,4.56,76.9,3.319,-5.8,0.891,0,nominal,0,0.0,194.97,701884.8
115.3,mission_cruise,73.71873262923846,3200.0,43.14063368538077,4168.1,828.5,837.9,837.2,830.8,193.1,193.0,198.2,198.3,4.55,77.0,3.335,4169.7,828.7,836.7,839.7,829.7,192.5,194.0,197.5,198.5,4.56,76.9,3.319,-5.8,0.891,0,nominal,0,0.0,194.97,701884.7
115.4,mission_cruise,73.71762090050028,3200.0,43.14118954974986,4166.8,830.5,832.7,840.1,830.7,192.2,193.6,198.0,197.4,4.56,76.4,3.354,4169.7,828.7,836.7,839.7,829.7,192.5,194.0,197.5,198.5,4.56,76.9,3.319,-5.8,0.891,0,nominal,0,0.0,194.97,701884.6
115.5,mission_cruise,73.71650917176208,3200.0,43.14174541411896,4170.3,828.0,837.1,839.8,831.2,191.3,194.0,198.5,199.0,4.58,76.6,3.327,4169.6,828.7,836.7,839.7,829.7,192.5,194.0,197.5,198.5,4.56,76.9,3.319,-5.8,0.891,0,nominal,0,0.0,194.97,701884.5
115.6,mission_cruise,73.7153974430239,3200.0,43.14230127848805,4171.4,829.7,836.6,838.8,830.1,192.6,194.2,197.6,197.9,4.58,76.7,3.384,4169.6,828.7,836.7,839.7,829.7,192.5,194.0,197.5,198.5,4.56,76.9,3.319,-5.8,0.891,0,nominal,0,0.0,194.97,701884.4
115.7,mission_cruise,73.71428571428571,3200.0,43.142857142857146,4164.0,829.7,836.4,843.0,829.3,191.6,193.7,196.8,197.9,4.55,76.8,3.345,4169.6,828.7,836.7,839.7,829.7,192.5,194.0,197.5,198.5,4.56,76.9,3.319,-5.8,0.891,0,nominal,0,0.0,194.97,701884.3
115.8,mission_cruise,73.71317398554753,3200.0,43.143413007226236,4175.3,827.0,839.0,839.3,830.2,192.1,193.8,197.3,199.2,4.6,77.3,3.298,4169.5,828.7,836.7,839.7,829.7,192.5,194.0,197.5,198.5,4.56,76.8,3.319,-5.8,0.891,0,nominal,0,0.0,194.97,701884.2
115.9,mission_cruise,73.71206225680933,3200.0,43.143968871595334,4174.1,829.1,834.7,841.0,828.2,193.4,194.1,197.5,198.1,4.53,77.0,3.302,4169.5,828.7,836.7,839.7,829.7,192.4,193.9,197.4,198.4,4.56,76.8,3.319,-5.8,0.891,0,nominal,0,0.0,194.97,701884.1
116.0,mission_cruise,73.71095052807115,3200.0,43.144524735964424,4165.4,828.2,837.4,838.1,831.3,192.4,193.7,198.3,198.5,4.57,76.9,3.303,4169.5,828.7,836.7,839.7,829.7,192.4,193.9,197.4,198.4,4.56,76.8,3.319,-5.8,0.891,0,nominal,0,0.0,194.97,701884.0
116.1,mission_cruise,73.70983879933296,3200.0,43.14508060033352,4168.2,828.8,836.3,839.4,828.0,192.9,193.3,196.6,198.5,4.59,76.7,3.354,4169.4,828.7,836.7,839.7,829.7,192.4,193.9,197.4,198.4,4.56,76.8,3.319,-5.8,0.891,0,nominal,0,0.0,194.97,701883.9
116.2,mission_cruise,73.70872707059478,3200.0,43.14563646470261,4168.5,827.7,836.8,840.9,829.8,192.7,194.1,197.3,198.7,4.56,76.9,3.309,4169.4,828.7,836.7,839.7,829.7,192.4,193.9,197.4,198.4,4.56,76.8,3.319,-5.8,0.891,0,nominal,0,0.0,194.97,701883.8
116.3,mission_cruise,73.70761534185658,3200.0,43.14619232907171,4176.3,830.4,835.7,840.2,831.9,192.2,193.3,197.5,198.6,4.57,77.2,3.298,4169.4,828.7,836.7,839.7,829.7,192.4,193.9,197.4,198.4,4.56,76.8,3.319,-5.8,0.891,0,nominal,0,0.0,194.97,701883.7
116.4,mission_cruise,73.7065036131184,3200.0,43.1467481934408,4173.8,830.6,834.6,840.4,831.4,191.6,193.3,196.8,198.1,4.57,76.4,3.293,4169.3,828.7,836.7,839.7,829.7,192.4,193.9,197.4,198.4,4.56,76.8,3.319,-5.8,0.891,0,nominal,0,0.0,194.97,701883.6
116.5,mission_cruise,73.7053918843802,3200.0,43.1473040578099,4181.0,827.5,836.2,839.8,828.1,192.3,193.9,197.4,198.5,4.58,76.6,3.374,4169.3,828.7,836.7,839.7,829.7,192.4,193.9,197.4,198.4,4.56,76.8,3.319,-5.8,0.891,0,nominal,0,0.0,194.97,701883.5
116.6,mission_cruise,73.70428015564202,3200.0,43.14785992217899,4166.2,828.4,836.7,838.6,830.4,192.1,194.0,198.4,198.1,4.58,77.0,3.295,4169.3,828.7,836.7,839.7,829.7,192.4,193.9,197.4,198.4,4.56,76.8,3.319,-5.8,0.891,0,nominal,0,0.0,194.97,701883.4
116.7,mission_cruise,73.70316842690383,3200.0,43.148415786548085,4164.4,829.4,838.4,836.7,828.2,192.7,194.2,197.6,197.9,4.55,75.9,3.274,4169.2,828.7,836.7,839.7,829.7,192.4,193.9,197.4,198.4,4.56,76.8,3.319,-5.8,0.891,0,nominal,0,0.0,194.97,701883.3
116.8,mission_cruise,73.70205669816565,3200.0,43.148971650917176,4172.3,829.0,837.5,836.9,830.6,192.5,192.9,196.3,197.6,4.62,77.0,3.356,4169.2,828.7,836.7,839.7,829.7,192.4,193.9,197.4,198.4,4.56,76.8,3.319,-5.8,0.891,0,nominal,0,0.0,194.97,701883.2
116.9,mission_cruise,73.70094496942745,3200.0,43.14952751528627,4170.3,828.6,839.1,838.3,830.9,192.9,194.4,197.2,198.6,4.57,75.8,3.308,4169.2,828.7,836.7,839.7,829.7,192.4,193.9,197.4,198.4,4.56,76.8,3.319,-5.8,0.891,0,nominal,0,0.0,194.97,701883.1
117.0,mission_cruise,73.69983324068927,3200.0,43.150083379655364,4168.0,827.6,835.9,842.1,827.3,192.7,193.9,196.4,198.2,4.55,77.6,3.328,4169.1,828.7,836.7,839.7,829.7,192.4,193.9,197.4,198.4,4.56,76.8,3.318,-5.8,0.891,0,nominal,0,0.0,194.97,701883.0
117.1,mission_cruise,73.69872151195108,3200.0,43.15063924402446,4168.5,825.7,836.3,841.3,831.5,192.8,193.8,197.6,198.4,4.58,76.6,3.34,4169.1,828.7,836.7,839.7,829.7,192.4,193.9,197.4,198.4,4.56,76.8,3.318,-5.8,0.891,0,nominal,0,0.0,194.97,701882.9
117.2,mission_cruise,73.6976097832129,3200.0,43.15119510839355,4171.0,826.2,837.6,840.0,830.4,192.9,194.2,197.4,198.1,4.56,76.2,3.316,4169.0,828.7,836.7,839.7,829.7,192.3,193.8,197.3,198.3,4.56,76.8,3.318,-5.8,0.891,0,nominal,0,0.0,194.97,701882.8
117.3,mission_cruise,73.6964980544747,3200.0,43.15175097276265,4169.8,830.6,839.2,838.9,826.6,191.3,194.2,197.6,197.7,4.58,77.1,3.282,4169.0,828.7,836.7,839.7,829.7,192.3,193.8,197.3,198.3,4.56,76.8,3.318,-5.8,0.891,0,nominal,0,0.0,194.97,701882.7
117.4,mission_cruise,73.69538632573652,3200.0,43.15230683713174,4170.9,828.7,836.2,836.9,831.3,192.8,193.1,196.9,197.7,4.55,76.9,3.318,4169.0,828.7,836.7,839.7,829.7,192.3,193.8,197.3,198.3,4.56,76.8,3.318,-5.8,0.891,0,nominal,0,0.0,194.97,701882.6
117.5,mission_cruise,73.69427459699833,3200.0,43.15286270150084,4168.5,829.5,835.0,837.5,829.0,192.7,193.5,197.6,198.7,4.59,77.4,3.35,4168.9,828.7,836.7,839.7,829.7,192.3,193.8,197.3,198.3,4.56,76.8,3.318,-5.8,0.891,0,nominal,0,0.0,194.97,701882.5
117.6,mission_cruise,73.69316286826015,3200.0,43.15341856586993,4165.3,828.6,837.6,841.5,831.6,192.8,193.7,197.8,198.7,4.59,77.5,3.295,4168.9,828.7,836.7,839.7,829.7,192.3,193.8,197.3,198.3,4.56,76.8,3.318,-5.8,0.891,0,nominal,0,0.0,194.97,701882.4
117.7,mission_cruise,73.69205113952195,3200.0,43.153974430239025,4160.2,831.2,838.2,838.5,830.5,191.6,194.4,198.2,198.4,4.57,76.9,3.297,4168.9,828.7,836.7,839.7,829.7,192.3,193.8,197.3,198.3,4.56,76.8,3.318,-5.8,0.891,0,nominal,0,0.0,194.97,701882.3
117.8,mission_cruise,73.69093941078377,3200.0,43.154530294608115,4162.9,829.3,835.2,840.2,829.6,192.0,193.6,196.6,198.2,4.57,76.9,3.368,4168.8,828.7,836.7,839.7,829.7,192.3,193.8,197.3,198.3,4.56,76.8,3.318,-5.8,0.891,0,nominal,0,0.0,194.97,701882.2
117.9,mission_cruise,73.68982768204557,3200.0,43.15508615897721,4174.1,830.4,835.7,841.0,832.3,192.4,194.7,195.9,198.7,4.62,76.8,3.319,4168.8,828.7,836.7,839.7,829.7,192.3,193.8,197.3,198.3,4.56,76.8,3.318,-5.8,0.891,0,nominal,0,0.0,194.97,701882.1
118.0,mission_cruise,73.6887159533074,3200.0,43.1556420233463,4171.6,827.3,836.0,840.5,830.9,192.6,194.5,197.9,198.3,4.58,76.8,3.302,4168.8,828.7,836.7,839.7,829.7,192.3,193.8,197.3,198.3,4.56,76.8,3.318,-5.8,0.891,0,nominal,0,0.0,194.97,701882.0
118.1,mission_cruise,73.6876042245692,3200.0,43.1561978877154,4158.3,828.8,836.8,839.0,830.2,193.1,193.1,197.6,198.6,4.52,76.2,3.342,4168.7,828.6,836.6,839.6,829.6,192.3,193.8,197.3,198.3,4.56,76.8,3.318,-5.8,0.891,0,nominal,0,0.0,194.97,701881.9
118.2,mission_cruise,73.68649249583102,3200.0,43.15675375208449,4167.8,824.9,838.6,840.5,830.3,192.1,193.8,197.5,198.5,4.51,76.9,3.27,4168.7,828.6,836.6,839.6,829.6,192.3,193.8,197.3,198.3,4.56,76.8,3.318,-5.8,0.891,0,nominal,0,0.0,194.97,701881.8
118.3,mission_cruise,73.68538076709282,3200.0,43.15730961645359,4164.9,829.0,834.0,840.0,830.6,192.3,194.4,198.1,197.4,4.53,75.8,3.273,4168.7,828.6,836.6,839.6,829.6,192.3,193.8,197.3,198.3,4.56,76.8,3.318,-5.8,0.891,0,nominal,0,0.0,194.97,701881.7
118.4,mission_cruise,73.68426903835464,3200.0,43.15786548082268,4174.0,828.1,835.6,840.8,830.2,192.2,194.3,197.8,198.2,4.55,76.7,3.294,4168.6,828.6,836.6,839.6,829.6,192.3,193.8,197.3,198.3,4.56,76.8,3.318,-5.8,0.891,0,nominal,0,0.0,194.97,701881.6
118.5,mission_cruise,73.68315730961645,3200.0,43.158421345191776,4161.8,827.8,835.1,836.5,826.9,192.0,193.7,195.6,197.5,4.52,77.6,3.329,4168.6,828.6,836.6,839.6,829.6,192.3,193.8,197.3,198.3,4.56,76.8,3.318,-5.8,0.891,0,nominal,0,0.0,194.97,701881.5
118.6,mission_cruise,73.68204558087827,3200.0,43.15897720956087,4170.3,828.6,837.9,837.3,829.7,192.2,194.2,196.2,198.1,4.53,76.6,3.306,4168.6,828.6,836.6,839.6,829.6,192.3,193.8,197.3,198.3,4.56,76.8,3.318,-5.8,0.891,0,nominal,0,0.0,194.97,701881.4
118.7,mission_cruise,73.68093385214007,3200.0,43.159533073929964,4172.0,829.7,837.2,839.4,831.1,190.8,194.0,197.5,199.2,4.57,76.6,3.352,4168.5,828.6,836.6,839.6,829.6,192.2,193.7,197.2,198.2,4.56,76.8,3.318,-5.8,0.891,0,nominal,0,0.0,194.97,701881.3
118.8,mission_cruise,73.67982212340189,3200.0,43.160088938299054,4171.4,828.5,836.3,843.4,826.7,192.0,194.0,196.7,198.2,4.55,77.1,3.287,4168.5,828.6,836.6,839.6,829.6,192.2,193.7,197.2,198.2,4.56,76.8,3.318,-5.8,0.891,0,nominal,0,0.0,194.97,701881.2
118.9,mission_cruise,73.6787103946637,3200.0,43.16064480266815,4161.5,827.4,837.8,840.0,830.7,193.1,193.1,197.8,197.5,4.55,76.5,3.252,4168.5,828.6,836.6,839.6,829.6,192.2,193.7,197.2,198.2,4.56,76.8,3.318,-5.8,0.891,0,nominal,0,0.0,194.97,701881.1
119.0,mission_cruise,73.67759866592552,3200.0,43.16120066703724,4176.8,827.4,835.5,839.8,828.8,192.8,193.2,197.0,197.6,4.55,76.9,3.332,4168.4,828.6,836.6,839.6,829.6,192.2,193.7,197.2,198.2,4.56,76.8,3.318,-5.8,0.891,0,nominal,0,0.0,194.97,701881.0
119.1,mission_cruise,73.67648693718732,3200.0,43.16175653140634,4166.0,829.6,836.9,843.1,831.3,191.5,193.3,197.7,198.3,4.56,77.0,3.354,4168.4,828.6,836.6,839.6,829.6,192.2,193.7,197.2,198.2,4.56,76.8,3.318,-5.8,0.891,0,nominal,0,0.0,194.97,701880.9
119.2,mission_cruise,73.67537520844914,3200.0,43.16231239577543,4164.7,828.7,839.1,835.8,829.6,191.4,193.9,196.7,198.7,4.55,76.1,3.291,4168.4,828.6,836.6,839.6,829.6,192.2,193.7,197.2,198.2,4.56,76.7,3.318,-5.8,0.891,0,nominal,0,0.0,194.97,701880.8
119.3,mission_cruise,73.67426347971094,3200.0,43.16286826014453,4170.9,829.3,838.2,840.8,830.9,192.3,193.7,197.0,198.2,4.54,77.1,3.328,4168.3,828.6,836.6,839.6,829.6,192.2,193.7,197.2,198.2,4.56,76.7,3.318,-5.8,0.891,0,nominal,0,0.0,194.97,701880.7
119.4,mission_cruise,73.67315175097276,3200.0,43.16342412451362,4163.1,825.7,837.9,839.5,829.4,192.7,193.8,196.9,199.3,4.56,75.7,3.328,4168.3,828.6,836.6,839.6,829.6,192.2,193.7,197.2,198.2,4.56,76.7,3.317,-5.8,0.891,0,nominal,0,0.0,194.97,701880.6
119.5,mission_cruise,73.67204002223457,3200.0,43.163979988882716,4165.8,830.1,837.4,840.0,829.0,192.9,194.1,198.1,198.4,4.57,77.2,3.26,4168.3,828.6,836.6,839.6,829.6,192.2,193.7,197.2,198.2,4.56,76.7,3.317,-5.8,0.891,0,nominal,0,0.0,194.97,701880.5
119.6,mission_cruise,73.67092829349639,3200.0,43.164535853251806,4164.7,827.7,837.8,839.8,826.8,192.5,192.6,197.4,197.3,4.58,76.6,3.275,4168.2,828.6,836.6,839.6,829.6,192.2,193.7,197.2,198.2,4.56,76.7,3.317,-5.8,0.891,0,nominal,0,0.0,194.97,701880.4
119.7,mission_cruise,73.6698165647582,3200.0,43.1650917176209,4172.7,827.5,837.6,839.7,827.9,193.2,194.3,197.1,199.6,4.55,77.4,3.325,4168.2,828.6,836.6,839.6,829.6,192.2,193.7,197.2,198.2,4.56,76.7,3.317,-5.8,0.891,0,nominal,0,0.0,194.97,701880.3
119.8,mission_cruise,73.66870483602001,3200.0,43.165647581989994,4163.3,826.8,835.4,838.1,829.5,190.6,193.7,196.6,198.9,4.57,77.2,3.345,4168.2,828.6,836.6,839.6,829.6,192.2,193.7,197.2,198.2,4.56,76.7,3.317,-5.8,0.891,0,nominal,0,0.0,194.97,701880.2
119.9,mission_cruise,73.66759310728182,3200.0,43.16620344635909,4167.7,827.1,836.2,838.4,831.3,191.2,193.2,198.7,197.6,4.55,76.4,3.316,4168.1,828.6,836.6,839.6,829.6,192.2,193.7,197.2,198.2,4.56,76.7,3.317,-5.8,0.891,0,nominal,0,0.0,194.97,701880.1
120.0,mission_cruise,73.66648137854364,3200.0,43.16675931072818,4177.2,827.9,838.4,840.5,829.5,192.7,193.9,196.4,198.3,4.56,76.6,3.331,4168.1,828.6,836.6,839.6,829.6,192.2,193.7,197.2,198.2,4.56,76.7,3.317,-5.8,0.891,0,nominal,0,0.0,194.97,701880.0
120.1,mission_cruise,73.66536964980544,3200.0,43.16731517509728,4168.8,829.7,839.0,840.3,829.3,191.9,192.7,197.2,197.4,4.58,76.4,3.275,4168.1,828.6,836.6,839.6,829.6,192.2,193.7,197.2,198.2,4.56,76.7,3.317,-5.8,0.891,0,nominal,0,0.0,194.97,701879.9
120.2,mission_cruise,73.66425792106726,3200.0,43.16787103946637,4165.5,827.9,836.1,840.2,828.5,192.2,194.2,197.1,198.1,4.54,77.4,3.304,4168.0,828.6,836.6,839.6,829.6,192.2,193.7,197.2,198.2,4.56,76.7,3.317,-5.8,0.891,0,nominal,0,0.0,194.97,701879.8
120.3,mission_cruise,73.66314619232907,3200.0,43.16842690383547,4158.2,826.8,835.8,836.8,831.0,192.4,193.4,197.0,198.7,4.58,77.7,3.278,4168.0,828.6,836.6,839.6,829.6,192.1,193.6,197.1,198.1,4.56,76.7,3.317,-5.8,0.891,0,nominal,0,0.0,194.97,701879.7
120.4,mission_cruise,73.66203446359089,3200.0,43.16898276820456,4175.9,829.5,836.7,837.4,828.2,193.6,193.4,197.5,199.0,4.57,76.4,3.336,4168.0,828.6,836.6,839.6,829.6,192.1,193.6,197.1,198.1,4.56,76.7,3.317,-5.8,0.891,0,nominal,0,0.0,194.97,701879.6
120.5,mission_cruise,73.66092273485269,3200.0,43.169538632573655,4158.8,828.5,837.3,837.7,829.2,192.1,192.9,196.9,198.5,4.58,77.3,3.317,4167.9,828.6,836.6,839.6,829.6,192.1,193.6,197.1,198.1,4.56,76.7,3.317,-5.8,0.891,0,nominal,0,0.0,194.97,701879.5
120.6,mission_cruise,73.65981100611451,3200.0,43.170094496942745,4176.1,826.6,838.4,838.7,829.0,191.4,193.8,198.3,197.1,4.59,77.4,3.326,4167.9,828.6,836.6,839.6,829.6,192.1,193.6,197.1,198.1,4.56,76.7,3.317,-5.8,0.891,0,nominal,0,0.0,194.97,701879.4
120.7,mission_cruise,73.65869927737631,3200.0,43.17065036131184,4166.9,828.5,833.7,839.8,829.5,191.3,193.6,197.1,198.0,4.57,76.1,3.343,4167.9,828.6,836.6,839.6,829.6,192.1,193.6,197.1,198.1,4.56,76.7,3.317,-5.8,0.891,0,nominal,0,0.0,194.97,701879.3
120.8,mission_cruise,73.65758754863813,3200.0,43.17120622568093,4173.5,827.3,836.5,838.7,830.5,192.6,194.6,197.4,198.0,4.58,76.7,3.358,4167.8,828.6,836.6,839.6,829.6,192.1,193.6,197.1,198.1,4.56,76.7,3.317,-5.8,0.891,0,nominal,0,0.0,194.97,701879.2
120.9,mission_cruise,73.65647581989994,3200.0,43.17176209005003,4167.4,828.5,838.1,839.6,828.1,191.9,192.8,196.6,198.1,4.5,77.2,3.265,4167.8,828.6,836.6,839.6,829.6,192.1,193.6,197.1,198.1,4.56,76.7,3.317,-5.8,0.891,0,nominal,0,0.0,194.97,701879.1
121.0,mission_cruise,73.65536409116176,3200.0,43.17231795441912,4162.4,829.6,834.9,841.1,831.1,192.0,193.1,197.0,199.0,4.61,76.1,3.288,4167.8,828.6,836.6,839.6,829.6,192.1,193.6,197.1,198.1,4.56,76.7,3.317,-5.8,0.891,0,nominal,0,0.0,194.97,701879.0
121.1,mission_cruise,73.65425236242356,3200.0,43.17287381878822,4170.6,828.7,836.6,840.5,827.7,192.2,193.4,196.9,198.0,4.55,76.3,3.314,4167.7,828.6,836.6,839.6,829.6,192.1,193.6,197.1,198.1,4.56,76.7,3.317,-5.8,0.891,0,nominal,0,0.0,194.97,701878.9
121.2,mission_cruise,73.65314063368538,3200.0,43.17342968315731,4169.4,829.7,835.6,840.1,828.1,191.8,193.5,197.3,197.2,4.56,76.4,3.274,4167.7,828.6,836.6,839.6,829.6,192.1,193.6,197.1,198.1,4.56,76.7,3.317,-5.8,0.891,0,nominal,0,0.0,194.97,701878.8
121.3,mission_cruise,73.65202890494719,3200.0,43.17398554752641,4172.0,827.0,835.3,840.1,828.5,191.4,193.6,197.6,198.4,4.53,77.2,3.313,4167.7,828.6,836.6,839.6,829.6,192.1,193.6,197.1,198.1,4.56,76.7,3.317,-5.8,0.891,0,nominal,0,0.0,194.97,701878.7
121.4,mission_cruise,73.650917176209,3200.0,43.1745414118955,4169.1,828.1,837.3,837.5,828.9,192.3,193.3,196.9,198.6,4.56,76.9,3.33,4167.6,828.6,836.6,839.6,829.6,192.1,193.6,197.1,198.1,4.56,76.7,3.317,-5.8,0.891,0,nominal,0,0.0,194.97,701878.6
121.5,mission_cruise,73.64980544747081,3200.0,43.175097276264594,4167.9,827.7,836.7,840.6,828.9,192.4,193.7,196.8,197.1,4.58,76.8,3.365,4167.6,828.6,836.6,839.6,829.6,192.1,193.6,197.1,198.1,4.56,76.7,3.317,-5.8,0.891,0,nominal,0,0.0,194.97,701878.5
121.6,mission_cruise,73.64869371873263,3200.0,43.175653140633685,4173.9,830.4,839.3,839.4,829.0,191.5,194.0,197.6,198.6,4.54,76.4,3.286,4167.6,828.6,836.6,839.6,829.6,192.1,193.6,197.1,198.1,4.56,76.7,3.317,-5.8,0.891,0,nominal,0,0.0,194.97,701878.4
121.7,mission_cruise,73.64758198999444,3200.0,43.17620900500278,4173.7,828.1,837.6,839.4,828.8,192.2,192.4,196.9,197.7,4.57,76.6,3.371,4167.5,828.6,836.6,839.6,829.6,192.1,193.6,197.1,198.1,4.56,76.7,3.317,-5.8,0.891,0,nominal,0,0.0,194.97,701878.3
121.8,mission_cruise,73.64647026125625,3200.0,43.17676486937187,4167.1,828.2,836.3,839.0,828.4,191.9,194.7,197.1,198.6,4.57,76.3,3.293,4167.5,828.6,836.6,839.6,829.6,192.1,193.6,197.1,198.1,4.56,76.7,3.317,-5.8,0.891,0,nominal,0,0.0,194.97,701878.2
121.9,mission_cruise,73.64535853251806,3200.0,43.17732073374097,4160.3,828.0,838.4,840.2,829.8,191.8,193.9,196.6,197.4,4.54,76.8,3.317,4167.4,828.6,836.6,839.6,829.6,192.1,193.6,197.1,198.1,4.56,76.7,3.316,-5.8,0.891,0,nominal,0,0.0,194.97,701878.1
122.0,mission_cruise,73.64424680377988,3200.0,43.17787659811006,4172.6,828.0,835.3,838.5,829.7,193.5,194.1,196.7,197.7,4.57,76.7,3.298,4167.4,828.6,836.6,839.6,829.6,192.1,193.6,197.1,198.1,4.56,76.7,3.316,-5.8,0.891,0,nominal,0,0.0,194.97,701878.0
122.1,mission_cruise,73.64313507504168,3200.0,43.17843246247916,4165.6,827.4,837.9,839.8,828.3,191.8,193.5,197.2,198.4,4.55,76.8,3.335,4167.4,828.6,836.6,839.6,829.6,192.1,193.6,197.1,198.1,4.56,76.7,3.316,-5.8,0.891,0,nominal,0,0.0,194.97,701877.9
122.2,mission_cruise,73.6420233463035,3200.0,43.17898832684825,4165.5,830.0,838.3,839.9,830.2,192.5,193.3,197.5,197.5,4.59,76.8,3.302,4167.3,828.6,836.6,839.6,829.6,192.0,193.5,197.0,198.0,4.56,76.7,3.316,-5.8,0.891,0,nominal,0,0.0,194.97,701877.8
122.3,mission_cruise,73.64091161756531,3200.0,43.179544191217346,4169.0,828.9,836.1,840.3,828.1,192.2,193.1,197.6,197.5,4.53,77.0,3.291,4167.3,828.6,836.6,839.6,829.6,192.0,193.5,197.0,198.0,4.56,76.7,3.316,-5.8,0.891,0,nominal,0,0.0,194.97,701877.7
122.4,mission_cruise,73.63979988882713,3200.0,43.180100055586436,4160.7,828.5,835.7,839.9,828.4,192.5,193.5,197.1,198.8,4.54,76.3,3.318,4167.3,828.6,836.6,839.6,829.6,192.0,193.5,197.0,198.0,4.56,76.7,3.316,-5.8,0.891,0,nominal,0,0.0,194.97,701877.6
122.5,mission_cruise,73.63868816008893,3200.0,43.180655919955534,4176.3,827.3,836.3,837.8,832.1,191.7,195.6,196.5,198.3,4.53,77.1,3.314,4167.2,828.6,836.6,839.6,829.6,192.0,193.5,197.0,198.0,4.56,76.7,3.316,-5.8,0.891,0,nominal,0,0.0,194.97,701877.5
122.6,mission_cruise,73.63757643135075,3200.0,43.181211784324624,4161.4,829.8,836.6,838.7,830.0,191.5,193.7,197.0,197.1,4.54,76.6,3.286,4167.2,828.6,836.6,839.6,829.6,192.0,193.5,197.0,198.0,4.56,76.7,3.316,-5.8,0.891,0,nominal,0,0.0,194.97,701877.4
122.7,mission_cruise,73.63646470261256,3200.0,43.18176764869372,4165.7,828.2,837.0,840.5,831.7,192.1,192.9,197.1,198.9,4.54,75.9,3.289,4167.2,828.6,836.6,839.6,829.6,192.0,193.5,197.0,198.0,4.56,76.7,3.316,-5.8,0.891,0,nominal,0,0.0,194.97,701877.3
122.8,mission_cruise,73.63535297387438,3200.0,43.18232351306281,4164.1,829.0,837.0,838.8,830.8,191.7,192.9,196.7,198.5,4.56,76.7,3.318,4167.1,828.6,836.6,839.6,829.6,192.0,193.5,197.0,198.0,4.56,76.7,3.316,-5.8,0.891,0,nominal,0,0.0,194.97,701877.2
122.9,mission_cruise,73.63424124513618,3200.0,43.18287937743191,4163.5,826.8,836.1,840.6,826.4,192.4,193.2,196.2,199.0,4.58,76.6,3.285,4167.1,828.6,836.6,839.6,829.6,192.0,193.5,197.0,198.0,4.56,76.6,3.316,-5.8,0.891,0,nominal,0,0.0,194.97,701877.1
123.0,mission_cruise,73.633129516398,3200.0,43.183435241801,4171.5,830.5,835.8,840.7,828.5,193.2,193.1,196.6,197.8,4.57,76.2,3.357,4167.1,828.6,836.6,839.6,829.6,192.0,193.5,197.0,198.0,4.56,76.6,3.316,-5.8,0.891,0,nominal,0,0.0,194.97,701877.0
123.1,mission_cruise,73.6320177876598,3200.0,43.1839911061701,4165.1,827.4,837.8,843.1,829.4,191.3,192.8,197.3,197.7,4.54,76.8,3.368,4167.0,828.6,836.6,839.6,829.6,192.0,193.5,197.0,198.0,4.56,76.6,3.316,-5.8,0.891,0,nominal,0,0.0,194.97,701876.9
123.2,mission_cruise,73.63090605892162,3200.0,43.18454697053919,4168.6,827.6,836.4,838.8,830.9,191.2,193.6,198.2,198.8,4.51,77.1,3.294,4167.0,828.5,836.5,839.5,829.5,192.0,193.5,197.0,198.0,4.56,76.6,3.316,-5.8,0.891,0,nominal,0,0.0,194.97,701876.8
123.3,mission_cruise,73.62979433018343,3200.0,43.185102834908285,4156.1,828.3,838.8,837.8,830.5,191.2,193.1,196.3,197.7,4.58,76.9,3.268,4167.0,828.5,836.5,839.5,829.5,192.0,193.5,197.0,198.0,4.56,76.6,3.316,-5.8,0.891,0,nominal,0,0.0,194.97,701876.7
123.4,mission_cruise,73.62868260144525,3200.0,43.185658699277376,4166.6,826.0,836.3,840.5,832.0,192.6,193.6,196.7,199.1,4.55,77.0,3.349,4166.9,828.5,836.5,839.5,829.5,192.0,193.5,197.0,198.0,4.56,76.6,3.316,-5.8,0.891,0,nominal,0,0.0,194.97,701876.6
123.5,mission_cruise,73.62757087270705,3200.0,43.18621456364647,4165.9,826.9,834.5,838.2,828.7,193.0,193.0,197.7,198.9,4.57,76.9,3.341,4166.9,828.5,836.5,839.5,829.5,192.0,193.5,197.0,198.0,4.56,76.6,3.316,-5.8,0.891,0,nominal,0,0.0,194.97,701876.5
123.6,mission_cruise,73.62645914396887,3200.0,43.18677042801556,4156.5,828.7,837.4,838.2,830.8,192.1,193.1,197.1,198.1,4.56,77.0,3.281,4166.9,828.5,836.5,839.5,829.5,192.0,193.5,197.0,198.0,4.56,76.6,3.316,-5.8,0.891,0,nominal,0,0.0,194.97,701876.4
123.7,mission_cruise,73.62534741523068,3200.0,43.18732629238466,4164.5,829.4,837.2,839.4,829.4,192.3,194.0,196.9,198.9,4.55,76.9,3.315,4166.8,828.5,836.5,839.5,829.5,192.0,193.5,197.0,198.0,4.56,76.6,3.316,-5.8,0.891,0,nominal,0,0.0,194.97,701876.3
123.8,mission_cruise,73.6242356864925,3200.0,43.18788215675375,4162.4,831.1,837.0,837.1,829.9,192.2,193.9,198.0,196.8,4.54,76.8,3.252,4166.8,828.5,836.5,839.5,829.5,192.0,193.5,197.0,198.0,4.56,76.6,3.316,-5.8,0.891,0,nominal,0,0.0,194.97,701876.2
123.9,mission_cruise,73.6231239577543,3200.0,43.18843802112285,4169.1,826.9,835.3,836.9,830.7,191.9,192.7,197.0,198.1,4.55,76.3,3.24,4166.8,828.5,836.5,839.5,829.5,192.0,193.5,197.0,198.0,4.56,76.6,3.316,-5.8,0.891,0,nominal,0,0.0,194.97,701876.1
124.0,mission_cruise,73.62201222901612,3200.0,43.18899388549194,4156.8,830.2,836.9,839.6,829.8,191.6,192.7,197.3,197.7,4.62,77.1,3.332,4166.7,828.5,836.5,839.5,829.5,192.0,193.5,197.0,198.0,4.56,76.6,3.316,-5.8,0.891,0,nominal,0,0.0,194.97,701876.0
124.1,mission_cruise,73.62090050027793,3200.0,43.18954974986104,4165.4,827.8,835.2,839.3,829.1,191.5,192.6,197.3,197.1,4.55,75.6,3.34,4166.7,828.5,836.5,839.5,829.5,192.0,193.5,197.0,198.0,4.56,76.6,3.316,-5.8,0.891,0,nominal,0,0.0,194.97,701875.9
124.2,mission_cruise,73.61978877153975,3200.0,43.19010561423013,4163.4,827.1,837.6,840.2,829.7,192.9,193.4,196.3,198.3,4.55,77.0,3.347,4166.7,828.5,836.5,839.5,829.5,192.0,193.5,197.0,198.0,4.56,76.6,3.316,-5.8,0.891,0,nominal,0,0.0,194.97,701875.8
124.3,mission_cruise,73.61867704280155,3200.0,43.190661478599225,4166.8,826.7,835.2,840.9,831.5,192.5,192.7,197.6,198.1,4.55,76.4,3.354,4166.6,828.5,836.5,839.5,829.5,192.0,193.5,197.0,198.0,4.56,76.6,3.315,-5.8,0.891,0,nominal,0,0.0,194.97,701875.7
124.4,mission_cruise,73.61756531406337,3200.0,43.191217342968315,4177.3,828.4,836.1,839.7,828.7,191.5,194.2,197.3,197.3,4.54,77.5,3.326,4166.6,828.5,836.5,839.5,829.5,191.9,193.4,196.9,197.9,4.56,76.6,3.315,-5.8,0.891,0,nominal,0,0.0,194.97,701875.6
124.5,mission_cruise,73.61645358532517,3200.0,43.19177320733741,4178.3,826.8,837.6,841.1,828.9,190.3,193.2,196.4,198.9,4.57,77.3,3.372,4166.6,828.5,836.5,839.5,829.5,191.9,193.4,196.9,197.9,4.56,76.6,3.315,-5.8,0.891,0,nominal,0,0.0,194.97,701875.5
124.6,mission_cruise,73.615341856587,3200.0,43.1923290717065,4166.4,826.6,838.0,839.3,831.2,192.3,193.3,196.3,197.9,4.58,77.0,3.348,4166.5,828.5,836.5,839.5,829.5,191.9,193.4,196.9,197.9,4.56,76.6,3.315,-5.8,0.891,0,nominal,0,0.0,194.97,701875.4
124.7,mission_cruise,73.6142301278488,3200.0,43.1928849360756,4174.4,830.7,837.0,841.8,830.4,192.8,193.0,197.2,197.8,4.53,76.6,3.342,4166.5,828.5,836.5,839.5,829.5,191.9,193.4,196.9,197.9,4.56,76.6,3.315,-5.8,0.891,0,nominal,0,0.0,194.97,701875.3
124.8,mission_cruise,73.61311839911062,3200.0,43.19344080044469,4158.9,830.8,835.7,838.5,830.7,192.0,193.3,196.3,198.4,4.55,76.8,3.317,4166.5,828.5,836.5,839.5,829.5,191.9,193.4,196.9,197.9,4.56,76.6,3.315,-5.8,0.891,0,nominal,0,0.0,194.97,701875.2
124.9,mission_cruise,73.61200667037242,3200.0,43.19399666481379,4161.8,826.4,835.0,841.0,830.5,191.7,194.0,197.2,197.2,4.55,76.0,3.323,4166.4,828.5,836.5,839.5,829.5,191.9,193.4,196.9,197.9,4.56,76.6,3.315,-5.8,0.891,0,nominal,0,0.0,194.97,701875.1
125.0,mission_cruise,73.61089494163424,3200.0,43.19455252918288,4162.8,828.9,835.7,840.6,830.0,191.8,194.1,197.5,198.6,4.56,77.4,3.395,4166.4,828.5,836.5,839.5,829.5,191.9,193.4,196.9,197.9,4.56,76.6,3.315,-5.8,0.891,0,nominal,0,0.0,194.97,701875.0
125.1,mission_cruise,73.60978321289605,3200.0,43.195108393551976,4168.8,830.0,835.0,841.7,829.8,191.2,192.6,196.2,198.2,4.53,76.4,3.317,4166.4,828.5,836.5,839.5,829.5,191.9,193.4,196.9,197.9,4.56,76.6,3.315,-5.8,0.891,0,nominal,0,0.0,194.97,701874.9
125.2,mission_cruise,73.60867148415787,3200.0,43.19566425792107,4168.2,827.4,836.5,839.8,829.0,190.9,193.6,197.9,198.0,4.56,77.2,3.25,4166.3,828.5,836.5,839.5,829.5,191.9,193.4,196.9,197.9,4.56,76.6,3.315,-5.8,0.891,0,nominal,0,0.0,194.97,701874.8
125.3,mission_cruise,73.60755975541967,3200.0,43.196220122290164,4163.8,829.8,836.8,840.8,829.3,191.4,194.3,196.0,197.8,4.57,76.2,3.297,4166.3,828.5,836.5,839.5,829.5,191.9,193.4,196.9,197.9,4.56,76.6,3.315,-5.8,0.891,0,nominal,0,0.0,194.97,701874.7
125.4,mission_cruise,73.60644802668149,3200.0,43.196775986659254,4170.5,830.3,835.8,838.9,831.1,192.6,192.3,197.3,197.9,4.59,76.5,3.267,4166.3,828.5,836.5,839.5,829.5,191.9,193.4,196.9,197.9,4.56,76.6,3.315,-5.8,0.891,0,nominal,0,0.0,194.97,701874.6
125.5,mission_cruise,73.6053362979433,3200.0,43.19733185102835,4173.9,827.1,835.5,839.3,830.6,191.4,193.5,197.1,197.7,4.62,76.6,3.271,4166.2,828.5,836.5,839.5,829.5,191.9,193.4,196.9,197.9,4.56,76.6,3.315,-5.8,0.891,0,nominal,0,0.0,194.97,701874.5
125.6,mission_cruise,73.60422456920512,3200.0,43.19788771539744,4167.9,830.5,837.3,839.0,829.8,190.9,193.9,196.9,198.4,4.58,76.6,3.324,4166.2,828.5,836.5,839.5,829.5,191.9,193.4,196.9,197.9,4.56,76.6,3.315,-5.8,0.891,0,nominal,0,0.0,194.97,701874.4
125.7,mission_cruise,73.60311284046692,3200.0,43.19844357976654,4163.1,828.1,834.2,842.9,830.9,191.9,192.8,197.1,198.1,4.55,76.4,3.306,4166.2,828.5,836.5,839.5,829.5,191.9,193.4,196.9,197.9,4.56,76.6,3.315,-5.8,0.891,0,nominal,0,0.0,194.97,701874.3
125.8,mission_cruise,73.60200111172874,3200.0,43.19899944413563,4161.3,827.5,833.6,840.7,829.4,192.5,193.5,196.9,197.4,4.57,76.7,3.312,4166.1,828.5,836.5,839.5,829.5,191.9,193.4,196.9,197.9,4.56,76.6,3.315,-5.8,0.891,0,nominal,0,0.0,194.97,701874.2
125.9,mission_cruise,73.60088938299054,3200.0,43.19955530850473,4164.7,829.7,837.2,839.5,832.7,192.3,194.7,196.2,198.3,4.56,76.0,3.299,4166.1,828.5,836.5,839.5,829.5,191.9,193.4,196.9,197.9,4.56,76.6,3.315,-5.8,0.891,0,nominal,0,0.0,194.97,701874.1
126.0,mission_cruise,73.59977765425236,3200.0,43.20011117287382,4163.9,828.7,836.8,839.8,830.3,191.9,194.0,197.0,198.3,4.52,77.2,3.326,4166.1,828.5,836.5,839.5,829.5,191.9,193.4,196.9,197.9,4.56,76.6,3.315,-5.8,0.891,0,nominal,0,0.0,194.97,701874.0
126.1,mission_cruise,73.59866592551417,3200.0,43.200667037242916,4166.9,827.2,834.0,839.0,830.0,192.0,193.3,196.9,198.4,4.56,76.4,3.292,4166.0,828.5,836.5,839.5,829.5,191.9,193.4,196.9,197.9,4.56,76.6,3.315,-5.8,0.891,0,nominal,0,0.0,194.96,701873.9
126.2,mission_cruise,73.59755419677599,3200.0,43.201222901612006,4160.2,828.7,836.4,840.0,829.9,192.2,193.7,196.9,198.6,4.54,76.9,3.35,4166.0,828.5,836.5,839.5,829.5,191.9,193.4,196.9,197.9,4.56,76.6,3.315,-5.8,0.891,0,nominal,0,0.0,194.96,701873.8
126.3,mission_cruise,73.5964424680378,3200.0,43.2017787659811,4165.7,828.8,835.0,837.0,826.0,192.1,194.0,195.9,198.4,4.55,76.1,3.284,4165.9,828.5,836.5,839.5,829.5,191.9,193.4,196.9,197.9,4.56,76.6,3.315,-5.8,0.891,0,nominal,0,0.0,194.96,701873.7
126.4,mission_cruise,73.59533073929961,3200.0,43.202334630350194,4165.7,827.0,834.5,838.3,829.8,191.2,194.0,196.4,197.1,4.57,76.3,3.316,4165.9,828.5,836.5,839.5,829.5,191.9,193.4,196.9,197.9,4.56,76.6,3.315,-5.8,0.891,0,nominal,0,0.0,194.96,701873.6
126.5,mission_cruise,73.59421901056142,3200.0,43.20289049471929,4175.6,830.4,836.0,840.0,828.7,192.6,193.3,197.7,199.0,4.59,76.5,3.364,4165.9,828.5,836.5,839.5,829.5,191.9,193.4,196.9,197.9,4.56,76.6,3.315,-5.8,0.891,0,nominal,0,0.0,194.96,701873.5
126.6,mission_cruise,73.59310728182324,3200.0,43.20344635908838,4169.5,829.3,839.6,837.0,829.9,191.2,192.3,197.9,197.5,4.53,76.3,3.294,4165.8,828.5,836.5,839.5,829.5,191.9,193.4,196.9,197.9,4.56,76.6,3.315,-5.8,0.891,0,nominal,0,0.0,194.96,701873.4
126.7,mission_cruise,73.59199555308504,3200.0,43.20400222345748,4166.1,826.2,836.3,839.1,827.7,191.3,191.9,197.9,198.3,4.54,76.3,3.326,4165.8,828.5,836.5,839.5,829.5,191.9,193.4,196.9,197.9,4.56,76.6,3.315,-5.8,0.891,0,nominal,0,0.0,194.96,701873.3
126.8,mission_cruise,73.59088382434686,3200.0,43.20455808782657,4166.5,827.3,834.5,839.5,829.1,192.3,193.2,196.2,198.7,4.55,76.3,3.338,4165.8,828.5,836.5,839.5,829.5,191.9,193.4,196.9,197.9,4.56,76.6,3.314,-5.8,0.891,0,nominal,0,0.0,194.96,701873.2
126.9,mission_cruise,73.58977209560867,3200.0,43.20511395219567,4167.2,827.2,834.1,842.1,827.2,191.2,194.2,197.3,197.7,4.54,76.6,3.331,4165.7,828.5,836.5,839.5,829.5,191.9,193.4,196.9,197.9,4.56,76.6,3.314,-5.8,0.891,0,nominal,0,0.0,194.96,701873.1
127.0,mission_cruise,73.58866036687049,3200.0,43.20566981656476,4159.6,825.7,836.1,840.6,829.0,191.6,192.3,196.3,197.5,4.56,76.8,3.277,4165.7,828.5,836.5,839.5,829.5,191.8,193.3,196.8,197.8,4.56,76.6,3.314,-5.8,0.891,0,nominal,0,0.0,194.96,701873.0
127.1,mission_cruise,73.58754863813229,3200.0,43.206225680933855,4159.1,828.6,835.2,839.7,828.6,190.4,193.8,197.4,197.7,4.53,77.2,3.283,4165.7,828.5,836.5,839.5,829.5,191.8,193.3,196.8,197.8,4.56,76.5,3.314,-5.8,0.891,0,nominal,0,0.0,194.96,701872.9
127.2,mission_cruise,73.58643690939411,3200.0,43.206781545302945,4160.6,829.3,837.7,839.2,830.2,191.2,193.5,196.9,197.7,4.6,76.3,3.334,4165.6,828.5,836.5,839.5,829.5,191.8,193.3,196.8,197.8,4.56,76.5,3.314,-5.8,0.891,0,nominal,0,0.0,194.96,701872.8
127.3,mission_cruise,73.58532518065591,3200.0,43.20733740967204,4164.9,825.7,835.4,839.2,829.4,191.1,192.6,196.7,197.5,4.58,76.7,3.333,4165.6,828.5,836.5,839.5,829.5,191.8,193.3,196.8,197.8,4.56,76.5,3.314,-5.8,0.891,0,nominal,0,0.0,194.96,701872.7
127.4,mission_cruise,73.58421345191773,3200.0,43.20789327404113,4165.5,826.5,836.1,840.6,832.1,192.8,194.0,195.5,196.8,4.56,76.9,3.253,4165.6,828.5,836.5,839.5,829.5,191.8,193.3,196.8,197.8,4.56,76.5,3.314,-5.8,0.891,0,nominal,0,0.0,194.96,701872.6
127.5,mission_cruise,73.58310172317954,3200.0,43.20844913841023,4162.4,829.7,837.0,839.4,829.4,191.3,193.9,196.1,197.9,4.54,76.3,3.306,4165.5,828.5,836.5,839.5,829.5,191.8,193.3,196.8,197.8,4.56,76.5,3.314,-5.8,0.891,0,nominal,0,0.0,194.96,701872.5
127.6,mission_cruise,73.58198999444136,3200.0,43.20900500277932,4168.2,829.4,835.9,840.2,830.8,191.8,193.2,197.8,197.8,4.54,76.5,3.312,4165.5,828.5,836.5,839.5,829.5,191.8,193.3,196.8,197.8,4.56,76.5,3.314,-5.8,0.891,0,nominal,0,0.0,194.96,701872.4
127.7,mission_cruise,73.58087826570316,3200.0,43.20956086714842,4164.4,827.7,835.9,837.9,828.4,192.7,192.7,197.6,197.4,4.54,76.5,3.316,4165.5,828.5,836.5,839.5,829.5,191.8,193.3,196.8,197.8,4.56,76.5,3.314,-5.8,0.891,0,nominal,0,0.0,194.96,701872.3
127.8,mission_cruise,73.57976653696498,3200.0,43.21011673151751,4161.1,830.3,838.3,838.1,830.2,192.5,194.1,198.0,197.7,4.56,76.6,3.371,4165.4,828.5,836.5,839.5,829.5,191.8,193.3,196.8,197.8,4.56,76.5,3.314,-5.8,0.891,0,nominal,0,0.0,194.96,701872.2
127.9,mission_cruise,73.57865480822679,3200.0,43.21067259588661,4158.5,829.4,836.7,839.9,831.2,192.9,193.1,195.7,197.0,4.48,76.0,3.297,4165.4,828.5,836.5,839.5,829.5,191.8,193.3,196.8,197.8,4.56,76.5,3.314,-5.8,0.891,0,nominal,0,0.0,194.96,701872.1
128.0,mission_cruise,73.5775430794886,3200.0,43.2112284602557,4164.2,828.8,834.4,838.5,828.5,192.0,193.8,196.0,198.2,4.55,75.5,3.323,4165.4,828.5,836.5,839.5,829.5,191.8,193.3,196.8,197.8,4.56,76.5,3.314,-5.8,0.891,0,nominal,0,0.0,194.96,701872.0
128.1,mission_cruise,73.57643135075041,3200.0,43.211784324624794,4164.4,828.8,837.1,839.4,831.3,192.0,193.3,197.1,197.8,4.55,76.6,3.33,4165.3,828.5,836.5,839.5,829.5,191.8,193.3,196.8,197.8,4.56,76.5,3.314,-5.8,0.891,0,nominal,0,0.0,194.96,701871.9
128.2,mission_cruise,73.57531962201223,3200.0,43.212340188993885,4162.3,830.1,836.5,837.8,830.5,192.5,194.0,196.4,197.2,4.57,76.5,3.364,4165.3,828.5,836.5,839.5,829.5,191.8,193.3,196.8,197.8,4.56,76.5,3.314,-5.8,0.891,0,nominal,0,0.0,194.96,701871.8
128.3,mission_cruise,73.57420789327404,3200.0,43.21289605336298,4172.5,827.5,834.0,839.1,828.2,192.2,193.9,197.3,197.2,4.53,76.5,3.289,4165.3,828.5,836.5,839.5,829.5,191.8,193.3,196.8,197.8,4.56,76.5,3.314,-5.8,0.891,0,nominal,0,0.0,194.96,701871.7
128.4,mission_cruise,73.57309616453585,3200.0,43.21345191773207,4164.6,827.2,834.4,840.0,827.2,192.2,193.9,197.0,198.0,4.57,76.0,3.362,4165.2,828.4,836.4,839.4,829.4,191.8,193.3,196.8,197.8,4.56,76.5,3.314,-5.8,0.891,0,nominal,0,0.0,194.96,701871.6
128.5,mission_cruise,73.57198443579766,3200.0,43.21400778210117,4161.7,828.5,834.8,838.6,829.7,191.6,193.3,196.6,197.3,4.51,76.4,3.3,4165.2,828.4,836.4,839.4,829.4,191.8,193.3,196.8,197.8,4.56,76.5,3.314,-5.8,0.891,0,nominal,0,0.0,194.96,701871.5
128.6,mission_cruise,73.57087270705948,3200.0,43.21456364647026,4164.8,827.5,836.8,836.9,827.2,191.8,193.9,196.5,197.1,4.59,76.2,3.306,4165.2,828.4,836.4,839.4,829.4,191.8,193.3,196.8,197.8,4.56,76.5,3.314,-5.8,0.891,0,nominal,0,0.0,194.96,701871.4
128.7,mission_cruise,73.56976097832128,3200.0,43.21511951083936,4157.7,827.4,836.2,839.6,828.2,191.5,193.6,196.0,197.3,4.55,76.4,3.317,4165.1,828.4,836.4,839.4,829.4,191.8,193.3,196.8,197.8,4.56,76.5,3.314,-5.8,0.891,0,nominal,0,0.0,194.96,701871.3
128.8,mission_cruise,73.5686492495831,3200.0,43.21567537520845,4162.9,830.8,837.3,838.1,831.8,191.4,194.0,196.6,198.2,4.57,76.8,3.392,4165.1,828.4,836.4,839.4,829.4,191.8,193.3,196.8,197.8,4.56,76.5,3.314,-5.8,0.891,0,nominal,0,0.0,194.96,701871.2
128.9,mission_cruise,73.56753752084491,3200.0,43.216231239577546,4159.4,828.9,836.7,839.9,830.0,192.7,193.4,197.4,198.0,4.55,75.9,3.348,4165.1,828.4,836.4,839.4,829.4,191.8,193.3,196.8,197.8,4.56,76.5,3.314,-5.8,0.891,0,nominal,0,0.0,194.96,701871.1
129.0,mission_cruise,73.56642579210673,3200.0,43.216787103946636,4166.7,829.4,839.2,840.6,829.8,191.4,193.7,196.0,198.3,4.56,75.9,3.311,4165.0,828.4,836.4,839.4,829.4,191.8,193.3,196.8,197.8,4.56,76.5,3.314,-5.8,0.891,0,nominal,0,0.0,194.96,701871.0
129.1,mission_cruise,73.56531406336853,3200.0,43.217342968315734,4158.5,829.1,836.7,840.7,830.2,191.5,193.1,197.4,198.6,4.5,76.2,3.281,4165.0,828.4,836.4,839.4,829.4,191.8,193.3,196.8,197.8,4.56,76.5,3.314,-5.8,0.891,0,nominal,0,0.0,194.96,701870.9
129.2,mission_cruise,73.56420233463035,3200.0,43.217898832684824,4160.3,826.6,835.3,840.5,829.0,192.4,192.1,196.8,197.9,4.58,77.0,3.28,4165.0,828.4,836.4,839.4,829.4,191.8,193.3,196.8,197.8,4.56,76.5,3.313,-5.8,0.891,0,nominal,0,0.0,194.96,701870.8
129.3,mission_cruise,73.56309060589216,3200.0,43.21845469705392,4166.6,827.6,836.3,840.9,829.7,193.4,193.8,195.8,198.0,4.53,76.4,3.321,4164.9,828.4,836.4,839.4,829.4,191.8,193.3,196.8,197.8,4.56,76.5,3.313,-5.8,0.891,0,nominal,0,0.0,194.96,701870.7
129.4,mission_cruise,73.56197887715398,3200.0,43.21901056142301,4157.9,826.4,838.9,840.6,829.1,191.6,193.2,196.8,197.4,4.59,76.2,3.302,4164.9,828.4,836.4,839.4,829.4,191.8,193.3,196.8,197.8,4.56,76.5,3.313,-5.8,0.891,0,nominal,0,0.0,194.96,701870.6
129.5,mission_cruise,73.56086714841578,3200.0,43.21956642579211,4154.2,828.1,834.6,837.3,827.9,191.2,193.5,195.6,197.9,4.55,75.9,3.359,4164.9,828.4,836.4,839.4,829.4,191.8,193.3,196.8,197.8,4.56,76.5,3.313,-5.8,0.891,0,nominal,0,0.0,194.96,701870.5
129.6,mission_cruise,73.5597554196776,3200.0,43.2201222901612,4159.2,828.1,837.1,839.8,831.9,191.7,194.0,197.7,198.1,4.59,76.2,3.275,4164.8,828.4,836.4,839.4,829.4,191.8,193.3,196.8,197.8,4.56,76.5,3.313,-5.8,0.891,0,nominal,0,0.0,194.96,701870.4
129.7,mission_cruise,73.5586436909394,3200.0,43.2206781545303,4161.1,829.1,837.4,838.3,829.7,192.8,194.1,197.0,198.6,4.54,76.1,3.341,4164.8,828.4,836.4,839.4,829.4,191.8,193.3,196.8,197.8,4.56,76.5,3.313,-5.8,0.891,0,nominal,0,0.0,194.96,701870.3
129.8,mission_cruise,73.55753196220122,3200.0,43.22123401889939,4171.1,829.3,836.6,840.5,830.8,192.3,193.7,196.9,198.0,4.51,76.8,3.281,4164.8,828.4,836.4,839.4,829.4,191.8,193.3,196.8,197.8,4.56,76.5,3.313,-5.8,0.891,0,nominal,0,0.0,194.96,701870.2
129.9,mission_cruise,73.55642023346303,3200.0,43.221789883268485,4156.2,829.9,836.3,841.1,829.7,191.3,194.0,197.0,196.7,4.53,76.1,3.316,4164.7,828.4,836.4,839.4,829.4,191.8,193.3,196.8,197.8,4.56,76.5,3.313,-5.8,0.891,0,nominal,0,0.0,194.96,701870.1
130.0,mission_cruise,73.55530850472485,3200.0,43.222345747637576,4163.9,828.4,839.2,838.1,825.9,191.4,194.1,197.0,198.5,4.55,76.8,3.292,4164.7,828.4,836.4,839.4,829.4,191.8,193.3,196.8,197.8,4.56,76.5,3.313,-5.8,0.891,0,nominal,0,0.0,194.96,701870.0
130.1,mission_cruise,73.55419677598665,3200.0,43.22290161200667,4160.1,827.9,836.7,840.7,828.3,191.1,193.6,196.7,197.6,4.55,76.0,3.338,4164.7,828.4,836.4,839.4,829.4,191.8,193.3,196.8,197.8,4.56,76.5,3.313,-5.8,0.891,0,nominal,0,0.0,194.96,701869.9
130.2,mission_cruise,73.55308504724847,3200.0,43.22345747637576,4162.1,828.5,839.0,837.8,832.4,191.5,193.6,195.8,197.6,4.57,76.5,3.284,4164.6,828.4,836.4,839.4,829.4,191.7,193.2,196.7,197.7,4.56,76.5,3.313,-5.8,0.891,0,nominal,0,0.0,194.96,701869.8
130.3,mission_cruise,73.55197331851028,3200.0,43.22401334074486,4171.7,826.4,838.6,839.9,828.9,192.1,194.0,195.5,197.8,4.58,77.0,3.304,4164.6,828.4,836.4,839.4,829.4,191.7,193.2,196.7,197.7,4.56,76.5,3.313,-5.8,0.891,0,nominal,0,0.0,194.96,701869.7
130.4,mission_cruise,73.5508615897721,3200.0,43.22456920511395,4164.6,827.7,835.9,838.5,828.2,192.4,193.9,196.3,197.6,4.57,76.6,3.313,4164.6,828.4,836.4,839.4,829.4,191.7,193.2,196.7,197.7,4.56,76.5,3.313,-5.8,0.891,0,nominal,0,0.0,194.96,701869.6
130.5,mission_cruise,73.5497498610339,3200.0,43.22512506948305,4159.1,828.2,833.9,840.6,830.8,192.3,192.9,197.9,197.8,4.6,77.1,3.317,4164.5,828.4,836.4,839.4,829.4,191.7,193.2,196.7,197.7,4.56,76.5,3.313,-5.8,0.891,0,nominal,0,0.0,194.96,701869.5
130.6,mission_cruise,73.54863813229572,3200.0,43.22568093385214,4163.9,829.0,837.2,838.7,828.2,191.9,192.5,196.6,197.9,4.57,76.7,3.306,4164.5,828.4,836.4,839.4,829.4,191.7,193.2,196.7,197.7,4.56,76.5,3.313,-5.8,0.891,0,nominal,0,0.0,194.96,701869.4
130.7,mission_cruise,73.54752640355753,3200.0,43.22623679822124,4165.6,828.1,837.1,839.5,826.9,191.6,192.7,197.3,197.6,4.56,76.3,3.264,4164.5,828.4,836.4,839.4,829.4,191.7,193.2,196.7,197.7,4.56,76.5,3.313,-5.8,0.891,0,nominal,0,0.0,194.96,701869.3
130.8,mission_cruise,73.54641467481935,3200.0,43.22679266259033,4170.5,827.3,838.8,840.0,828.3,191.3,193.0,195.8,197.4,4.58,76.4,3.331,4164.4,828.4,836.4,839.4,829.4,191.7,193.2,196.7,197.7,4.56,76.5,3.313,-5.8,0.891,0,nominal,0,0.0,194.96,701869.2
130.9,mission_cruise,73.54530294608115,3200.0,43.227348526959425,4157.2,825.3,838.9,838.6,828.8,192.0,192.6,197.7,198.1,4.55,75.7,3.282,4164.4,828.4,836.4,839.4,829.4,191.7,193.2,196.7,197.7,4.56,76.5,3.313,-5.8,0.891,0,nominal,0,0.0,194.96,701869.1
131.0,mission_cruise,73.54419121734297,3200.0,43.227904391328515,4156.8,829.5,836.0,837.1,831.9,191.9,193.2,196.1,197.2,4.58,76.4,3.341,4164.3,828.4,836.4,839.4,829.4,191.7,193.2,196.7,197.7,4.56,76.5,3.313,-5.8,0.891,0,nominal,0,0.0,194.96,701869.0
131.1,mission_cruise,73.54307948860477,3200.0,43.22846025569761,4165.4,828.4,839.3,840.4,831.3,190.9,192.5,197.1,197.3,4.58,76.9,3.361,4164.3,828.4,836.4,839.4,829.4,191.7,193.2,196.7,197.7,4.56,76.5,3.313,-5.8,0.891,0,nominal,0,0.0,194.96,701868.9
131.2,mission_cruise,73.5419677598666,3200.0,43.2290161200667,4168.6,827.9,834.2,839.9,829.7,191.9,193.0,196.0,197.4,4.56,75.5,3.297,4164.3,828.4,836.4,839.4,829.4,191.7,193.2,196.7,197.7,4.56,76.5,3.313,-5.8,0.891,0,nominal,0,0.0,194.96,701868.8
131.3,mission_cruise,73.5408560311284,3200.0,43.2295719844358,4169.8,828.1,835.2,837.7,828.0,192.6,192.7,196.9,198.4,4.56,76.5,3.245,4164.2,828.4,836.4,839.4,829.4,191.7,193.2,196.7,197.7,4.56,76.5,3.313,-5.8,0.891,0,nominal,0,0.0,194.96,701868.7
131.4,mission_cruise,73.53974430239022,3200.0,43.23012784880489,4161.0,828.1,836.4,838.1,831.0,192.0,193.4,196.4,197.8,4.56,76.5,3.249,4164.2,828.4,836.4,839.4,829.4,191.7,193.2,196.7,197.7,4.56,76.5,3.313,-5.8,0.891,0,nominal,0,0.0,194.96,701868.6
131.5,mission_cruise,73.53863257365202,3200.0,43.23068371317399,4167.1,829.1,837.5,835.9,830.4,192.6,192.9,196.8,197.7,4.54,76.9,3.295,4164.2,828.4,836.4,839.4,829.4,191.7,193.2,196.7,197.7,4.56,76.5,3.313,-5.8,0.891,0,nominal,0,0.0,194.96,701868.5
131.6,mission_cruise,73.53752084491384,3200.0,43.23123957754308,4168.1,828.8,837.9,838.4,828.0,192.5,193.1,196.3,199.1,4.55,75.7,3.331,4164.1,828.4,836.4,839.4,829.4,191.7,193.2,196.7,197.7,4.56,76.5,3.313,-5.8,0.891,0,nominal,0,0.0,194.96,701868.4
131.7,mission_cruise,73.53640911617565,3200.0,43.231795441912176,4172.0,828.8,839.1,837.3,830.0,191.6,192.0,196.1,197.7,4.56,77.1,3.262,4164.1,828.4,836.4,839.4,829.4,191.7,193.2,196.7,197.7,4.56,76.4,3.312,-5.8,0.891,0,nominal,0,0.0,194.96,701868.3
131.8,mission_cruise,73.53529738743747,3200.0,43.23235130628127,4164.4,828.5,836.6,841.4,829.7,192.5,193.5,196.6,197.0,4.52,77.6,3.326,4164.1,828.4,836.4,839.4,829.4,191.7,193.2,196.7,197.7,4.56,76.4,3.312,-5.8,0.891,0,nominal,0,0.0,194.96,701868.2
131.9,mission_cruise,73.53418565869927,3200.0,43.232907170650364,4156.8,827.3,835.0,840.3,830.4,192.0,194.3,196.9,197.7,4.53,75.9,3.285,4164.0,828.4,836.4,839.4,829.4,191.7,193.2,196.7,197.7,4.56,76.4,3.312,-5.8,0.891,0,nominal,0,0.0,194.96,701868.1
132.0,mission_cruise,73.53307392996109,3200.0,43.233463035019454,4167.3,829.9,837.2,839.8,828.6,191.9,192.2,196.1,197.2,4.57,75.9,3.31,4164.0,828.4,836.4,839.4,829.4,191.7,193.2,196.7,197.7,4.56,76.4,3.312,-5.8,0.891,0,nominal,0,0.0,194.96,701868.0
132.1,mission_cruise,73.5319622012229,3200.0,43.23401889938855,4164.2,824.8,835.7,842.2,828.4,191.8,194.1,196.8,197.5,4.56,76.5,3.318,4164.0,828.4,836.4,839.4,829.4,191.7,193.2,196.7,197.7,4.56,76.4,3.312,-5.8,0.891,0,nominal,0,0.0,194.96,701867.9
132.2,mission_cruise,73.53085047248472,3200.0,43.23457476375764,4166.5,828.0,836.4,838.6,831.2,192.4,192.5,196.9,198.5,4.58,76.8,3.249,4163.9,828.4,836.4,839.4,829.4,191.7,193.2,196.7,197.7,4.56,76.4,3.312,-5.8,0.891,0,nominal,0,0.0,194.96,701867.8
132.3,mission_cruise,73.52973874374652,3200.0,43.23513062812674,4159.3,826.4,835.8,839.5,830.6,191.9,193.2,195.7,197.5,4.55,77.1,3.292,4163.9,828.4,836.4,839.4,829.4,191.7,193.2,196.7,197.7,4.56,76.4,3.312,-5.8,0.891,0,nominal,0,0.0,194.96,701867.7
132.4,mission_cruise,73.52862701500834,3200.0,43.23568649249583,4169.4,829.7,835.1,838.8,828.5,191.6,194.6,196.3,198.1,4.57,75.7,3.258,4163.9,828.4,836.4,839.4,829.4,191.7,193.2,196.7,197.7,4.56,76.4,3.312,-5.8,0.891,0,nominal,0,0.0,194.96,701867.6
132.5,mission_cruise,73.52751528627014,3200.0,43.23624235686493,4171.4,827.0,836.4,839.5,830.5,191.6,193.7,197.0,197.0,4.56,76.7,3.271,4163.8,828.4,836.4,839.4,829.4,191.7,193.2,196.7,197.7,4.56,76.4,3.312,-5.8,0.891,0,nominal,0,0.0,194.96,701867.5
132.6,mission_cruise,73.52640355753196,3200.0,43.23679822123402,4165.6,826.8,834.3,837.0,828.3,191.9,192.5,197.1,198.3,4.55,77.0,3.374,4163.8,828.4,836.4,839.4,829.4,191.7,193.2,196.7,197.7,4.56,76.4,3.312,-5.8,0.891,0,nominal,0,0.0,194.96,701867.4
132.7,mission_cruise,73.52529182879377,3200.0,43.237354085603116,4159.8,828.4,837.1,840.0,827.7,191.5,193.8,197.2,197.4,4.59,76.3,3.316,4163.8,828.4,836.4,839.4,829.4,191.7,193.2,196.7,197.7,4.56,76.4,3.312,-5.8,0.891,0,nominal,0,0.0,194.96,701867.3
132.8,mission_cruise,73.52418010005559,3200.0,43.237909949972206,4162.7,830.2,836.3,839.5,828.7,190.7,193.8,196.9,198.5,4.51,76.7,3.286,4163.7,828.4,836.4,839.4,829.4,191.7,193.2,196.7,197.7,4.56,76.4,3.312,-5.8,0.891,0,nominal,0,0.0,194.96,701867.2
132.9,mission_cruise,73.5230683713174,3200.0,43.2384658143413,4161.6,827.3,838.1,838.2,829.4,192.5,193.6,198.0,197.3,4.57,77.2,3.332,4163.7,828.4,836.4,839.4,829.4,191.7,193.2,196.7,197.7,4.56,76.4,3.312,-5.8,0.891,0,nominal,0,0.0,194.96,701867.1
133.0,mission_cruise,73.52195664257921,3200.0,43.239021678710394,4160.3,829.0,835.6,839.3,828.7,191.3,192.9,196.5,197.3,4.55,75.1,3.335,4163.7,828.4,836.4,839.4,829.4,191.7,193.2,196.7,197.7,4.56,76.4,3.312,-5.8,0.891,0,nominal,0,0.0,194.96,701867.0
133.1,mission_cruise,73.52084491384102,3200.0,43.23957754307949,4163.2,827.3,836.8,837.8,827.3,190.9,193.6,197.1,197.3,4.54,76.3,3.327,4163.6,828.4,836.4,839.4,829.4,191.7,193.2,196.7,197.7,4.56,76.4,3.312,-5.8,0.891,0,nominal,0,0.0,194.96,701866.9
133.2,mission_cruise,73.51973318510284,3200.0,43.24013340744858,4156.6,825.4,834.8,838.6,832.2,191.4,192.0,197.1,197.6,4.58,75.0,3.287,4163.6,828.4,836.4,839.4,829.4,191.7,193.2,196.7,197.7,4.56,76.4,3.312,-5.8,0.891,0,nominal,0,0.0,194.96,701866.8
133.3,mission_cruise,73.51862145636464,3200.0,43.24068927181768,4157.6,829.0,835.2,840.0,829.4,190.7,192.9,197.0,199.1,4.57,76.1,3.257,4163.6,828.4,836.4,839.4,829.4,191.7,193.2,196.7,197.7,4.56,76.4,3.312,-5.8,0.891,0,nominal,0,0.0,194.96,701866.7
133.4,mission_cruise,73.51750972762646,3200.0,43.24124513618677,4161.9,826.5,836.1,839.4,831.2,191.6,193.0,196.7,197.7,4.59,76.7,3.336,4163.5,828.4,836.4,839.4,829.4,191.7,193.2,196.7,197.7,4.56,76.4,3.312,-5.8,0.891,0,nominal,0,0.0,194.96,701866.6
133.5,mission_cruise,73.51639799888827,3200.0,43.24180100055587,4177.4,828.1,837.2,841.8,829.1,191.6,194.5,196.3,197.1,4.56,76.8,3.308,4163.5,828.4,836.4,839.4,829.4,191.7,193.2,196.7,197.7,4.56,76.4,3.312,-5.8,0.891,0,nominal,0,0.0,194.96,701866.5
133.6,mission_cruise,73.51528627015009,3200.0,43.24235686492496,4167.7,829.1,837.9,840.7,832.0,192.8,193.5,196.8,198.4,4.58,76.8,3.272,4163.5,828.3,836.3,839.3,829.3,191.7,193.2,196.7,197.7,4.56,76.4,3.312,-5.8,0.891,0,nominal,0,0.0,194.96,701866.4
133.7,mission_cruise,73.51417454141189,3200.0,43.242912729294055,4163.4,827.5,835.3,840.7,828.3,192.1,192.8,196.9,197.7,4.55,76.1,3.341,4163.4,828.3,836.3,839.3,829.3,191.7,193.2,196.7,197.7,4.56,76.4,3.312,-5.8,0.891,0,nominal,0,0.0,194.96,701866.3
133.8,mission_cruise,73.51306281267371,3200.0,43.243468593663145,4154.8,831.4,838.1,837.9,828.5,191.2,193.1,196.9,197.9,4.57,76.3,3.283,4163.4,828.3,836.3,839.3,829.3,191.7,193.2,196.7,197.7,4.56,76.4,3.312,-5.8,0.891,0,nominal,0,0.0,194.96,701866.2
133.9,mission_cruise,73.51195108393551,3200.0,43.24402445803224,4164.0,830.0,835.1,838.6,831.0,192.4,192.7,197.4,196.3,4.54,76.0,3.352,4163.4,828.3,836.3,839.3,829.3,191.7,193.2,196.7,197.7,4.56,76.4,3.312,-5.8,0.891,0,nominal,0,0.0,194.96,701866.1
134.0,mission_cruise,73.51083935519733,3200.0,43.24458032240133,4166.3,824.9,835.8,841.5,830.7,190.8,193.2,196.9,197.9,4.57,76.8,3.32,4163.3,828.3,836.3,839.3,829.3,191.7,193.2,196.7,197.7,4.56,76.4,3.312,-5.8,0.891,0,nominal,0,0.0,194.96,701866.0
134.1,mission_cruise,73.50972762645914,3200.0,43.24513618677043,4164.4,828.2,836.7,838.9,828.0,191.1,192.7,196.6,197.8,4.56,77.3,3.347,4163.3,828.3,836.3,839.3,829.3,191.7,193.2,196.7,197.7,4.56,76.4,3.311,-5.8,0.891,0,nominal,0,0.0,194.96,701865.9
134.2,mission_cruise,73.50861589772096,3200.0,43.24569205113952,4156.9,830.1,835.1,840.4,831.0,191.1,192.8,197.9,197.5,4.55,76.3,3.298,4163.3,828.3,836.3,839.3,829.3,191.6,193.1,196.6,197.6,4.56,76.4,3.311,-5.8,0.891,0,nominal,0,0.0,194.96,701865.8
134.3,mission_cruise,73.50750416898276,3200.0,43.24624791550862,4160.5,827.6,837.3,839.1,828.8,192.7,192.7,197.7,197.4,4.56,76.7,3.298,4163.2,828.3,836.3,839.3,829.3,191.6,193.1,196.6,197.6,4.56,76.4,3.311,-5.8,0.891,0,nominal,0,0.0,194.96,701865.7
134.4,mission_cruise,73.50639244024458,3200.0,43.24680377987771,4161.7,830.1,837.8,839.1,828.1,191.6,193.3,196.7,197.2,4.57,76.1,3.261,4163.2,828.3,836.3,839.3,829.3,191.6,193.1,196.6,197.6,4.56,76.4,3.311,-5.8,0.891,0,nominal,0,0.0,194.96,701865.6
134.5,mission_cruise,73.50528071150639,3200.0,43.24735964424681,4162.6,831.0,835.9,839.1,829.2,191.9,193.7,196.6,197.5,4.6,76.6,3.318,4163.2,828.3,836.3,839.3,829.3,191.6,193.1,196.6,197.6,4.56,76.4,3.311,-5.8,0.891,0,nominal,0,0.0,194.96,701865.5
134.6,mission_cruise,73.5041689827682,3200.0,43.2479155086159,4164.3,828.4,839.8,837.7,828.8,191.4,193.0,196.4,196.7,4.58,77.1,3.369,4163.1,828.3,836.3,839.3,829.3,191.6,193.1,196.6,197.6,4.56,76.4,3.311,-5.8,0.891,0,nominal,0,0.0,194.96,701865.4
134.7,mission_cruise,73.50305725403001,3200.0,43.248471372984994,4166.1,827.2,837.0,841.5,830.4,192.3,193.2,197.1,198.5,4.56,75.4,3.272,4163.1,828.3,836.3,839.3,829.3,191.6,193.1,196.6,197.6,4.56,76.4,3.311,-5.8,0.891,0,nominal,0,0.0,194.96,701865.3
134.8,mission_cruise,73.50194552529183,3200.0,43.249027237354085,4164.0,825.9,835.3,837.1,827.2,191.0,193.1,197.7,197.7,4.59,75.9,3.301,4163.1,828.3,836.3,839.3,829.3,191.6,193.1,196.6,197.6,4.56,76.4,3.311,-5.8,0.891,0,nominal,0,0.0,194.96,701865.2
134.9,mission_cruise,73.50083379655364,3200.0,43.24958310172318,4161.0,829.6,833.8,839.3,828.5,190.9,193.0,196.2,197.9,4.5,76.7,3.318,4163.0,828.3,836.3,839.3,829.3,191.6,193.1,196.6,197.6,4.56,76.4,3.311,-5.8,0.891,0,nominal,0,0.0,194.96,701865.1
135.0,mission_cruise,73.49972206781545,3200.0,43.25013896609227,4163.7,829.4,835.1,840.1,828.7,192.1,194.4,195.6,197.6,4.56,76.6,3.347,4163.0,828.3,836.3,839.3,829.3,191.6,193.1,196.6,197.6,4.56,76.4,3.311,-5.8,0.891,0,nominal,0,0.0,194.96,701865.0
135.1,mission_cruise,73.49861033907726,3200.0,43.25069483046137,4168.1,827.8,836.7,840.0,830.9,191.2,192.8,196.8,197.5,4.55,77.2,3.312,4163.0,828.3,836.3,839.3,829.3,191.6,193.1,196.6,197.6,4.56,76.4,3.311,-5.8,0.891,0,nominal,0,0.0,194.96,701864.9
135.2,mission_cruise,73.49749861033908,3200.0,43.25125069483046,4153.3,828.6,836.3,838.9,829.1,191.9,193.0,198.0,197.7,4.55,76.1,3.334,4162.9,828.3,836.3,839.3,829.3,191.6,193.1,196.6,197.6,4.56,76.4,3.311,-5.8,0.891,0,nominal,0,0.0,194.96,701864.8
135.3,mission_cruise,73.49638688160088,3200.0,43.25180655919956,4171.9,830.6,836.0,838.9,829.4,192.1,192.4,197.1,197.6,4.53,76.6,3.311,4162.9,828.3,836.3,839.3,829.3,191.6,193.1,196.6,197.6,4.56,76.4,3.311,-5.8,0.891,0,nominal,0,0.0,194.96,701864.7
135.4,mission_cruise,73.4952751528627,3200.0,43.25236242356865,4159.6,828.9,836.9,838.3,830.1,192.1,192.4,196.6,198.3,4.54,75.6,3.25,4162.8,828.3,836.3,839.3,829.3,191.6,193.1,196.6,197.6,4.56,76.4,3.311,-5.8,0.891,0,nominal,0,0.0,194.96,701864.6
135.5,mission_cruise,73.49416342412451,3200.0,43.252918287937746,4175.1,825.5,837.4,839.6,829.9,191.6,192.9,195.9,196.9,4.55,77.0,3.338,4162.8,828.3,836.3,839.3,829.3,191.6,193.1,196.6,197.6,4.56,76.4,3.311,-5.8,0.891,0,nominal,0,0.0,194.96,701864.5
135.6,mission_cruise,73.49305169538633,3200.0,43.253474152306836,4164.5,828.4,834.8,840.2,828.8,191.2,193.6,197.3,196.8,4.58,75.7,3.318,4162.8,828.3,836.3,839.3,829.3,191.6,193.1,196.6,197.6,4.56,76.4,3.311,-5.8,0.891,0,nominal,0,0.0,194.96,701864.4
135.7,mission_cruise,73.49193996664813,3200.0,43.254030016675934,4166.4,826.3,835.6,837.1,830.0,191.3,193.0,196.5,197.4,4.56,76.2,3.266,4162.7,828.3,836.3,839.3,829.3,191.6,193.1,196.6,197.6,4.56,76.4,3.311,-5.8,0.891,0,nominal,0,0.0,194.96,701864.3
135.8,mission_cruise,73.49082823790995,3200.0,43.254585881045024,4161.8,828.3,835.6,838.6,831.0,191.4,194.1,196.6,196.9,4.5,75.4,3.29,4162.7,828.3,836.3,839.3,829.3,191.6,193.1,196.6,197.6,4.56,76.4,3.311,-5.8,0.891,0,nominal,0,0.0,194.96,701864.2
135.9,mission_cruise,73.48971650917176,3200.0,43.25514174541412,4159.9,827.3,836.4,839.3,827.3,191.5,192.6,196.1,197.8,4.6,76.0,3.349,4162.7,828.3,836.3,839.3,829.3,191.6,193.1,196.6,197.6,4.56,76.4,3.311,-5.8,0.891,0,nominal,0,0.0,194.96,701864.1
136.0,mission_cruise,73.48860478043358,3200.0,43.25569760978321,4159.2,828.4,834.8,836.6,828.8,191.4,193.5,196.9,197.0,4.6,76.5,3.354,4162.6,828.3,836.3,839.3,829.3,191.6,193.1,196.6,197.6,4.56,76.4,3.311,-5.8,0.891,0,nominal,0,0.0,194.96,701864.0
136.1,mission_cruise,73.48749305169538,3200.0,43.25625347415231,4164.6,827.2,837.6,838.3,828.8,191.9,193.7,196.5,196.7,4.58,76.2,3.299,4162.6,828.3,836.3,839.3,829.3,191.6,193.1,196.6,197.6,4.56,76.4,3.311,-5.8,0.891,0,nominal,0,0.0,194.96,701863.9
136.2,mission_cruise,73.4863813229572,3200.0,43.2568093385214,4162.2,828.9,833.5,837.4,830.5,191.7,193.9,197.5,196.8,4.62,76.0,3.268,4162.6,828.3,836.3,839.3,829.3,191.6,193.1,196.6,197.6,4.56,76.4,3.311,-5.8,0.891,0,nominal,0,0.0,194.96,701863.8
136.3,mission_cruise,73.485269594219,3200.0,43.2573652028905,4163.6,829.8,835.9,839.9,828.8,191.7,194.3,196.9,197.7,4.53,75.7,3.324,4162.5,828.3,836.3,839.3,829.3,191.6,193.1,196.6,197.6,4.56,76.4,3.311,-5.8,0.891,0,nominal,0,0.0,194.96,701863.7
136.4,mission_cruise,73.48415786548082,3200.0,43.25792106725959,4166.3,826.5,836.1,839.3,830.7,191.2,193.6,196.3,197.7,4.58,76.0,3.256,4162.5,828.3,836.3,839.3,829.3,191.6,193.1,196.6,197.6,4.56,76.4,3.311,-5.8,0.891,0,nominal,0,0.0,194.96,701863.6
136.5,mission_cruise,73.48304613674263,3200.0,43.258476931628685,4158.4,830.1,835.6,839.8,829.5,191.8,192.7,197.4,197.6,4.59,76.5,3.295,4162.5,828.3,836.3,839.3,829.3,191.6,193.1,196.6,197.6,4.56,76.4,3.31,-5.8,0.891,0,nominal,0,0.0,194.96,701863.5
136.6,mission_cruise,73.48193440800445,3200.0,43.259032795997776,4153.5,827.8,838.0,839.5,831.1,190.8,192.9,196.0,198.9,4.53,76.1,3.305,4162.4,828.3,836.3,839.3,829.3,191.6,193.1,196.6,197.6,4.56,76.4,3.31,-5.8,0.891,0,nominal,0,0.0,194.96,701863.4
136.7,mission_cruise,73.48082267926625,3200.0,43.25958866036687,4169.6,826.8,838.1,836.2,828.2,191.6,192.9,196.3,196.8,4.51,75.9,3.327,4162.4,828.3,836.3,839.3,829.3,191.6,193.1,196.6,197.6,4.56,76.4,3.31,-5.8,0.891,0,nominal,0,0.0,194.96,701863.3
136.8,mission_cruise,73.47971095052807,3200.0,43.26014452473596,4157.5,828.0,836.3,837.1,830.0,192.2,193.8,197.2,197.2,4.53,76.7,3.336,4162.4,828.3,836.3,839.3,829.3,191.6,193.1,196.6,197.6,4.56,76.4,3.31,-5.8,0.891,0,nominal,0,0.0,194.96,701863.2
136.9,mission_cruise,73.47859922178988,3200.0,43.26070038910506,4165.4,829.2,838.4,840.0,828.7,191.8,193.2,197.1,198.0,4.55,76.1,3.293,4162.3,828.3,836.3,839.3,829.3,191.6,193.1,196.6,197.6,4.56,76.3,3.31,-5.8,0.891,0,nominal,0,0.0,194.96,701863.1
137.0,mission_cruise,73.4774874930517,3200.0,43.26125625347415,4167.8,828.3,837.6,840.5,830.6,192.5,193.2,197.1,197.9,4.54,77.2,3.325,4162.3,828.3,836.3,839.3,829.3,191.6,193.1,196.6,197.6,4.56,76.3,3.31,-5.8,0.891,0,nominal,0,0.0,194.96,701863.0
137.1,mission_cruise,73.4763757643135,3200.0,43.26181211784325,4164.4,827.1,835.0,841.2,828.5,192.1,192.4,196.9,197.1,4.62,76.5,3.283,4162.3,828.3,836.3,839.3,829.3,191.6,193.1,196.6,197.6,4.56,76.3,3.31,-5.8,0.891,0,nominal,0,0.0,194.96,701862.9
137.2,mission_cruise,73.47526403557532,3200.0,43.26236798221234,4160.4,828.2,834.7,838.9,830.0,192.4,192.5,196.8,198.1,4.53,76.2,3.279,4162.2,828.3,836.3,839.3,829.3,191.6,193.1,196.6,197.6,4.56,76.3,3.31,-5.8,0.891,0,nominal,0,0.0,194.96,701862.8
137.3,mission_cruise,73.47415230683713,3200.0,43.26292384658144,4162.0,827.8,835.3,838.4,830.6,190.6,192.7,196.6,198.3,4.51,76.6,3.335,4162.2,828.3,836.3,839.3,829.3,191.6,193.1,196.6,197.6,4.56,76.3,3.31,-5.8,0.891,0,nominal,0,0.0,194.96,701862.7
137.4,mission_cruise,73.47304057809895,3200.0,43.26347971095053,4167.9,826.4,839.0,838.2,827.2,192.1,193.4,195.7,197.2,4.56,76.3,3.345,4162.2,828.3,836.3,839.3,829.3,191.6,193.1,196.6,197.6,4.56,76.3,3.31,-5.8,0.891,0,nominal,0,0.0,194.96,701862.6
137.5,mission_cruise,73.47192884936075,3200.0,43.264035575319625,4156.5,828.4,837.1,839.9,828.9,192.2,194.6,197.3,197.4,4.57,76.6,3.307,4162.1,828.3,836.3,839.3,829.3,191.6,193.1,196.6,197.6,4.56,76.3,3.31,-5.8,0.891,0,nominal,0,0.0,194.96,701862.5
137.6,mission_cruise,73.47081712062257,3200.0,43.264591439688715,4162.4,827.7,839.0,841.5,830.1,191.3,193.5,197.4,198.0,4.55,76.2,3.297,4162.1,828.3,836.3,839.3,829.3,191.6,193.1,196.6,197.6,4.56,76.3,3.31,-5.8,0.891,0,nominal,0,0.0,194.96,701862.4
137.7,mission_cruise,73.46970539188437,3200.0,43.26514730405781,4164.9,831.0,835.6,837.3,826.9,191.9,193.5,196.6,198.0,4.54,76.9,3.279,4162.1,828.3,836.3,839.3,829.3,191.6,193.1,196.6,197.6,4.56,76.3,3.31,-5.8,0.891,0,nominal,0,0.0,194.96,701862.3
137.8,mission_cruise,73.4685936631462,3200.0,43.2657031684269,4158.9,827.7,836.2,839.2,830.1,192.0,193.7,196.3,198.7,4.57,77.1,3.371,4162.0,828.3,836.3,839.3,829.3,191.6,193.1,196.6,197.6,4.56,76.3,3.31,-5.8,0.891,0,nominal,0,0.0,194.96,701862.2
137.9,mission_cruise,73.467481934408,3200.0,43.266259032796,4162.7,826.7,838.5,839.5,829.5,191.3,192.6,197.1,198.1,4.56,76.2,3.297,4162.0,828.3,836.3,839.3,829.3,191.6,193.1,196.6,197.6,4.56,76.3,3.31,-5.8,0.891,0,nominal,0,0.0,194.96,701862.1
138.0,mission_cruise,73.46637020566982,3200.0,43.26681489716509,4170.1,830.3,834.7,840.1,827.8,191.7,193.6,195.8,197.9,4.57,75.6,3.327,4162.0,828.3,836.3,839.3,829.3,191.6,193.1,196.6,197.6,4.56,76.3,3.31,-5.8,0.891,0,nominal,0,0.0,194.96,701862.0
138.1,mission_cruise,73.46525847693162,3200.0,43.26737076153419,4165.4,828.9,836.6,839.8,832.8,191.6,193.8,197.2,198.6,4.55,76.6,3.285,4161.9,828.3,836.3,839.3,829.3,191.6,193.1,196.6,197.6,4.56,76.3,3.31,-5.8,0.891,0,nominal,0,0.0,194.96,701861.9
138.2,mission_cruise,73.46414674819344,3200.0,43.26792662590328,4150.8,828.0,837.6,837.1,828.6,191.5,193.7,197.8,198.6,4.53,76.7,3.319,4161.9,828.3,836.3,839.3,829.3,191.6,193.1,196.6,197.6,4.56,76.3,3.31,-5.8,0.891,0,nominal,0,0.0,194.96,701861.8
138.3,mission_cruise,73.46303501945525,3200.0,43.268482490272376,4161.3,830.2,836.5,839.1,829.4,191.8,192.8,196.6,196.8,4.56,75.8,3.326,4161.9,828.3,836.3,839.3,829.3,191.6,193.1,196.6,197.6,4.56,76.3,3.31,-5.8,0.891,0,nominal,0,0.0,194.96,701861.7
138.4,mission_cruise,73.46192329071707,3200.0,43.26903835464147,4171.2,828.6,835.4,837.4,831.2,191.0,193.0,197.5,197.1,4.55,75.8,3.333,4161.8,828.3,836.3,839.3,829.3,191.6,193.1,196.6,197.6,4.56,76.3,3.31,-5.8,0.891,0,nominal,0,0.0,194.96,701861.6
138.5,mission_cruise,73.46081156197887,3200.0,43.269594219010564,4156.3,827.9,836.1,839.6,827.9,191.7,194.0,197.7,197.9,4.56,76.6,3.322,4161.8,828.3,836.3,839.3,829.3,191.6,193.1,196.6,197.6,4.56,76.3,3.31,-5.8,0.891,0,nominal,0,0.0,194.96,701861.5
138.6,mission_cruise,73.45969983324069,3200.0,43.270150083379654,4161.1,828.1,837.3,838.5,827.7,191.6,192.2,196.0,197.5,4.5,76.8,3.296,4161.8,828.3,836.3,839.3,829.3,191.6,193.1,196.6,197.6,4.56,76.3,3.31,-5.8,0.891,0,nominal,0,0.0,194.96,701861.4
138.7,mission_cruise,73.4585881045025,3200.0,43.27070594774875,4156.5,828.8,837.2,837.4,829.8,190.7,193.3,197.0,198.6,4.61,76.5,3.332,4161.7,828.3,836.3,839.3,829.3,191.6,193.1,196.6,197.6,4.56,76.3,3.31,-5.8,0.891,0,nominal,0,0.0,194.96,701861.3
138.8,mission_cruise,73.45747637576432,3200.0,43.27126181211784,4166.9,828.2,837.9,840.5,827.8,191.1,192.9,196.3,197.3,4.59,75.8,3.289,4161.7,828.2,836.2,839.2,829.2,191.6,193.1,196.6,197.6,4.56,76.3,3.31,-5.8,0.891,0,nominal,0,0.0,194.96,701861.2
138.9,mission_cruise,73.45636464702612,3200.0,43.27181767648694,4162.4,828.9,834.9,840.3,830.7,190.9,192.5,196.4,197.8,4.54,76.0,3.255,4161.7,828.2,836.2,839.2,829.2,191.6,193.1,196.6,197.6,4.56,76.3,3.31,-5.8,0.891,0,nominal,0,0.0,194.96,701861.1
139.0,mission_cruise,73.45525291828794,3200.0,43.27237354085603,4165.8,829.7,832.9,836.0,830.3,192.1,193.6,195.8,197.3,4.5,75.4,3.293,4161.6,828.2,836.2,839.2,829.2,191.6,193.1,196.6,197.6,4.56,76.3,3.309,-5.8,0.891,0,nominal,0,0.0,194.96,701861.0
139.1,mission_cruise,73.45414118954974,3200.0,43.27292940522513,4158.5,828.6,836.4,839.2,829.5,191.8,194.5,197.2,196.3,4.57,76.5,3.303,4161.6,828.2,836.2,839.2,829.2,191.6,193.1,196.6,197.6,4.56,76.3,3.309,-5.8,0.891,0,nominal,0,0.0,194.96,701860.9
139.2,mission_cruise,73.45302946081156,3200.0,43.27348526959422,4159.2,827.4,835.0,839.0,829.0,193.0,192.8,197.3,197.0,4.54,76.5,3.283,4161.6,828.2,836.2,839.2,829.2,191.6,193.1,196.6,197.6,4.56,76.3,3.309,-5.8,0.891,0,nominal,0,0.0,194.96,701860.8
139.3,mission_cruise,73.45191773207337,3200.0,43.274041133963316,4177.4,828.5,837.7,839.4,828.4,191.5,192.9,196.9,197.2,4.55,75.7,3.335,4161.5,828.2,836.2,839.2,829.2,191.6,193.1,196.6,197.6,4.56,76.3,3.309,-5.8,0.891,0,nominal,0,0.0,194.96,701860.7
139.4,mission_cruise,73.45080600333519,3200.0,43.274596998332406,4164.2,826.7,835.3,840.0,829.2,191.6,192.7,196.6,197.7,4.57,76.2,3.306,4161.5,828.2,836.2,839.2,829.2,191.6,193.1,196.6,197.6,4.56,76.3,3.309,-5.8,0.891,0,nominal,0,0.0,194.96,701860.6
139.5,mission_cruise,73.449694274597,3200.0,43.2751528627015,4165.4,828.4,838.1,837.9,829.4,191.8,193.8,197.4,197.1,4.57,76.5,3.342,4161.5,828.2,836.2,839.2,829.2,191.5,193.0,196.5,197.5,4.56,76.3,3.309,-5.8,0.891,0,nominal,0,0.0,194.96,701860.5
139.6,mission_cruise,73.44858254585881,3200.0,43.275708727070594,4161.8,828.4,839.7,840.6,829.5,190.8,193.5,197.1,196.8,4.57,76.9,3.345,4161.4,828.2,836.2,839.2,829.2,191.5,193.0,196.5,197.5,4.56,76.3,3.309,-5.8,0.891,0,nominal,0,0.0,194.96,701860.4
139.7,mission_cruise,73.44747081712062,3200.0,43.27626459143969,4165.7,827.3,838.2,837.3,827.6,191.4,192.0,197.6,197.5,4.55,76.4,3.329,4161.4,828.2,836.2,839.2,829.2,191.5,193.0,196.5,197.5,4.56,76.3,3.309,-5.8,0.891,0,nominal,0,0.0,194.96,701860.3
139.8,mission_cruise,73.44635908838244,3200.0,43.27682045580878,4165.9,829.5,838.2,842.3,831.3,191.4,191.9,196.2,196.7,4.56,77.0,3.315,4161.4,828.2,836.2,839.2,829.2,191.5,193.0,196.5,197.5,4.56,76.3,3.309,-5.8,0.891,0,nominal,0,0.0,194.96,701860.2
139.9,mission_cruise,73.44524735964424,3200.0,43.27737632017788,4163.5,828.4,835.3,836.7,829.1,191.8,192.0,198.0,197.1,4.56,76.2,3.325,4161.3,828.2,836.2,839.2,829.2,191.5,193.0,196.5,197.5,4.56,76.3,3.309,-5.8,0.891,0,nominal,0,0.0,194.96,701860.1
140.0,mission_cruise,73.44413563090606,3200.0,43.27793218454697,4160.5,828.9,837.0,839.8,828.4,191.5,192.6,196.5,197.5,4.51,76.4,3.293,4161.3,828.2,836.2,839.2,829.2,191.5,193.0,196.5,197.5,4.56,76.3,3.309,-5.8,0.891,0,nominal,0,0.0,194.96,701860.0
140.1,mission_cruise,73.44302390216787,3200.0,43.27848804891607,4156.2,827.6,835.6,836.6,830.3,191.9,192.5,198.3,197.7,4.57,76.2,3.265,4161.2,828.2,836.2,839.2,829.2,191.5,193.0,196.5,197.5,4.56,76.3,3.309,-5.8,0.891,0,nominal,0,0.0,194.96,701859.9
140.2,mission_cruise,73.44191217342969,3200.0,43.27904391328516,4167.7,830.8,836.9,837.1,826.3,191.3,192.2,196.5,197.2,4.6,76.3,3.237,4161.2,828.2,836.2,839.2,829.2,191.5,193.0,196.5,197.5,4.56,76.3,3.309,-5.8,0.891,0,nominal,0,0.0,194.96,701859.8
140.3,mission_cruise,73.44080044469149,3200.0,43.279599777654255,4152.0,828.2,838.3,836.9,826.3,192.1,194.1,196.7,197.5,4.57,77.0,3.343,4161.2,828.2,836.2,839.2,829.2,191.5,193.0,196.5,197.5,4.56,76.3,3.309,-5.8,0.891,0,nominal,0,0.0,194.96,701859.7
140.4,mission_cruise,73.43968871595331,3200.0,43.280155642023345,4171.9,829.2,837.7,841.8,829.6,191.4,193.7,195.5,197.4,4.56,76.0,3.312,4161.1,828.2,836.2,839.2,829.2,191.5,193.0,196.5,197.5,4.56,76.3,3.309,-5.8,0.891,0,nominal,0,0.0,194.96,701859.6
140.5,mission_cruise,73.43857698721511,3200.0,43.28071150639244,4162.3,829.2,836.9,836.9,828.9,191.0,193.7,196.8,197.8,4.52,77.2,3.276,4161.1,828.2,836.2,839.2,829.2,191.5,193.0,196.5,197.5,4.56,76.3,3.309,-5.8,0.891,0,nominal,0,0.0,194.96,701859.5
140.6,mission_cruise,73.43746525847693,3200.0,43.28126737076153,4165.8,826.5,836.7,837.8,829.3,190.9,192.6,196.6,198.0,4.6,76.1,3.334,4161.1,828.2,836.2,839.2,829.2,191.5,193.0,196.5,197.5,4.56,76.3,3.309,-5.8,0.891,0,nominal,0,0.0,194.96,701859.4
140.7,mission_cruise,73.43635352973874,3200.0,43.28182323513063,4148.9,829.3,836.4,838.4,830.3,192.3,193.1,196.8,198.2,4.52,76.8,3.332,4161.0,828.2,836.2,839.2,829.2,191.5,193.0,196.5,197.5,4.56,76.3,3.309,-5.8,0.891,0,nominal,0,0.0,194.96,701859.3
140.8,mission_cruise,73.43524180100056,3200.0,43.28237909949972,4161.6,827.6,835.4,838.4,828.5,192.1,192.3,195.8,196.8,4.55,75.6,3.292,4161.0,828.2,836.2,839.2,829.2,191.5,193.0,196.5,197.5,4.56,76.3,3.309,-5.8,0.891,0,nominal,0,0.0,194.96,701859.2
140.9,mission_cruise,73.43413007226236,3200.0,43.28293496386882,4162.3,824.7,838.3,840.8,828.1,191.2,192.8,196.7,197.8,4.55,77.0,3.362,4161.0,828.2,836.2,839.2,829.2,191.5,193.0,196.5,197.5,4.56,76.3,3.309,-5.8,0.891,0,nominal,0,0.0,194.96,701859.1
141.0,mission_cruise,73.43301834352418,3200.0,43.28349082823791,4164.5,826.3,836.5,839.9,831.9,190.6,192.4,195.6,197.9,4.61,76.3,3.334,4160.9,828.2,836.2,839.2,829.2,191.5,193.0,196.5,197.5,4.56,76.3,3.309,-5.8,0.891,0,nominal,0,0.0,194.96,701859.0
141.1,mission_cruise,73.43190661478599,3200.0,43.284046692607006,4165.9,826.2,835.3,836.6,830.5,190.8,192.7,195.9,197.0,4.59,77.1,3.322,4160.9,828.2,836.2,839.2,829.2,191.5,193.0,196.5,197.5,4.56,76.3,3.309,-5.8,0.891,0,nominal,0,0.0,194.96,701858.9
141.2,mission_cruise,73.4307948860478,3200.0,43.2846025569761,4163.9,827.9,838.6,839.3,830.4,191.4,192.4,197.3,197.2,4.54,76.6,3.296,4160.9,828.2,836.2,839.2,829.2,191.5,193.0,196.5,197.5,4.56,76.3,3.309,-5.8,0.891,0,nominal,0,0.0,194.96,701858.8
141.3,mission_cruise,73.42968315730961,3200.0,43.285158421345194,4160.9,828.0,834.1,839.3,830.5,190.9,193.7,196.3,198.1,4.53,76.3,3.325,4160.8,828.2,836.2,839.2,829.2,191.5,193.0,196.5,197.5,4.56,76.3,3.309,-5.8,0.891,0,nominal,0,0.0,194.96,701858.7
141.4,mission_cruise,73.42857142857143,3200.0,43.285714285714285,4156.2,826.6,834.8,839.3,829.1,191.8,193.3,196.7,197.5,4.55,76.8,3.325,4160.8,828.2,836.2,839.2,829.2,191.5,193.0,196.5,197.5,4.56,76.3,3.308,-5.8,0.891,0,nominal,0,0.0,194.96,701858.6
141.5,mission_cruise,73.42745969983324,3200.0,43.28627015008338,4159.6,826.7,836.8,836.8,825.8,191.9,194.6,197.4,196.8,4.53,77.1,3.267,4160.8,828.2,836.2,839.2,829.2,191.5,193.0,196.5,197.5,4.56,76.3,3.308,-5.8,0.891,0,nominal,0,0.0,194.96,701858.5
141.6,mission_cruise,73.42634797109505,3200.0,43.28682601445247,4172.7,827.5,836.4,838.9,828.7,191.4,193.1,196.4,197.8,4.53,76.4,3.327,4160.7,828.2,836.2,839.2,829.2,191.5,193.0,196.5,197.5,4.56,76.3,3.308,-5.8,0.891,0,nominal,0,0.0,194.96,701858.4
141.7,mission_cruise,73.42523624235686,3200.0,43.28738187882157,4167.5,829.3,835.0,838.9,826.4,191.9,193.6,196.0,197.7,4.57,76.3,3.266,4160.7,828.2,836.2,839.2,829.2,191.5,193.0,196.5,197.5,4.56,76.3,3.308,-5.8,0.891,0,nominal,0,0.0,194.96,701858.3
141.8,mission_cruise,73.42412451361868,3200.0,43.28793774319066,4153.7,825.6,837.6,839.3,828.5,191.9,192.1,196.7,197.7,4.57,75.9,3.299,4160.7,828.2,836.2,839.2,829.2,191.5,193.0,196.5,197.5,4.56,76.3,3.308,-5.8,0.891,0,nominal,0,0.0,194.96,701858.2
141.9,mission_cruise,73.42301278488048,3200.0,43.28849360755976,4168.4,827.9,835.1,842.0,830.4,191.6,192.4,196.5,197.1,4.52,77.2,3.293,4160.6,828.2,836.2,839.2,829.2,191.5,193.0,196.5,197.5,4.56,76.3,3.308,-5.8,0.891,0,nominal,0,0.0,194.96,701858.1
142.0,mission_cruise,73.4219010561423,3200.0,43.28904947192885,4162.4,829.2,835.0,840.7,829.9,191.7,193.4,196.0,197.6,4.58,76.2,3.288,4160.6,828.2,836.2,839.2,829.2,191.5,193.0,196.5,197.5,4.56,76.3,3.308,-5.8,0.891,0,nominal,0,0.0,194.96,701858.0
142.1,mission_cruise,73.42078932740411,3200.0,43.289605336297946,4160.5,826.9,836.4,836.9,828.6,191.8,193.8,196.8,197.4,4.53,76.5,3.325,4160.6,828.2,836.2,839.2,829.2,191.5,193.0,196.5,197.5,4.56,76.3,3.308,-5.8,0.891,0,nominal,0,0.0,194.96,701857.9
142.2,mission_cruise,73.41967759866593,3200.0,43.290161200667036,4163.0,826.9,836.1,839.1,828.2,190.7,192.5,197.4,197.4,4.59,76.8,3.299,4160.5,828.2,836.2,839.2,829.2,191.5,193.0,196.5,197.5,4.56,76.3,3.308,-5.8,0.891,0,nominal,0,0.0,194.96,701857.8
142.3,mission_cruise,73.41856586992773,3200.0,43.290717065036134,4162.3,825.8,838.1,837.5,830.8,191.6,193.1,197.0,197.9,4.56,76.0,3.263,4160.5,828.2,836.2,839.2,829.2,191.5,193.0,196.5,197.5,4.56,76.3,3.308,-5.8,0.891,0,nominal,0,0.0,194.96,701857.7
142.4,mission_cruise,73.41745414118955,3200.0,43.291272929405224,4157.9,827.2,834.7,839.5,829.5,191.7,192.8,197.2,197.3,4.55,76.7,3.302,4160.5,828.2,836.2,839.2,829.2,191.5,193.0,196.5,197.5,4.56,76.3,3.308,-5.8,0.891,0,nominal,0,0.0,194.96,701857.6
142.5,mission_cruise,73.41634241245136,3200.0,43.29182879377432,4165.6,829.2,832.9,835.6,829.4,192.3,194.4,196.7,198.1,4.57,76.6,3.253,4160.4,828.2,836.2,839.2,829.2,191.5,193.0,196.5,197.5,4.56,76.3,3.308,-5.8,0.891,0,nominal,0,0.0,194.96,701857.5
142.6,mission_cruise,73.41523068371318,3200.0,43.29238465814341,4159.7,830.4,833.9,840.2,827.8,191.6,192.6,195.3,197.8,4.56,77.0,3.299,4160.4,828.2,836.2,839.2,829.2,191.5,193.0,196.5,197.5,4.56,76.3,3.308,-5.8,0.891,0,nominal,0,0.0,194.96,701857.4
142.7,mission_cruise,73.41411895497498,3200.0,43.29294052251251,4155.4,827.9,837.1,837.9,828.5,191.4,193.9,196.7,197.8,4.53,76.9,3.293,4160.4,828.2,836.2,839.2,829.2,191.5,193.0,196.5,197.5,4.56,76.3,3.308,-5.8,0.891,0,nominal,0,0.0,194.96,701857.3
142.8,mission_cruise,73.4130072262368,3200.0,43.2934963868816,4162.6,826.1,834.7,837.5,829.1,190.9,192.6,196.4,196.7,4.54,76.2,3.279,4160.3,828.2,836.2,839.2,829.2,191.5,193.0,196.5,197.5,4.56,76.3,3.308,-5.8,0.891,0,nominal,0,0.0,194.96,701857.2
142.9,mission_cruise,73.4118954974986,3200.0,43.2940522512507,4162.7,830.7,835.1,838.3,827.8,191.2,194.0,196.4,197.9,4.57,76.6,3.294,4160.3,828.2,836.2,839.2,829.2,191.5,193.0,196.5,197.5,4.56,76.3,3.308,-5.8,0.891,0,nominal,0,0.0,194.96,701857.1
143.0,mission_cruise,73.41078376876042,3200.0,43.29460811561979,4158.4,827.9,839.0,840.4,828.2,191.7,192.8,195.5,197.1,4.57,76.8,3.315,4160.3,828.2,836.2,839.2,829.2,191.5,193.0,196.5,197.5,4.56,76.2,3.308,-5.8,0.891,0,nominal,0,0.0,194.96,701857.0
143.1,mission_cruise,73.40967204002223,3200.0,43.295163979988885,4154.7,827.2,836.3,840.2,829.4,190.9,192.2,196.0,196.3,4.55,76.0,3.294,4160.2,828.2,836.2,839.2,829.2,191.5,193.0,196.5,197.5,4.56,76.2,3.308,-5.8,0.891,0,nominal,0,0.0,194.96,701856.9
143.2,mission_cruise,73.40856031128405,3200.0,43.295719844357976,4158.0,827.5,839.0,837.5,828.8,190.9,193.0,196.9,197.4,4.6,75.6,3.312,4160.2,828.2,836.2,839.2,829.2,191.5,193.0,196.5,197.5,4.56,76.2,3.308,-5.8,0.891,0,nominal,0,0.0,194.96,701856.8
143.3,mission_cruise,73.40744858254585,3200.0,43.29627570872707,4166.8,829.5,837.1,839.9,829.2,191.0,192.8,196.2,197.1,4.52,75.4,3.345,4160.2,828.2,836.2,839.2,829.2,191.5,193.0,196.5,197.5,4.56,76.2,3.308,-5.8,0.891,0,nominal,0,0.0,194.96,701856.7
143.4,mission_cruise,73.40633685380767,3200.0,43.29683157309616,4162.7,827.8,833.9,841.0,829.1,190.9,192.5,196.6,198.8,4.53,76.0,3.29,4160.1,828.2,836.2,839.2,829.2,191.5,193.0,196.5,197.5,4.56,76.2,3.308,-5.8,0.891,0,nominal,0,0.0,194.96,701856.6
143.5,mission_cruise,73.40522512506948,3200.0,43.29738743746526,4156.2,829.6,835.1,837.4,829.5,190.9,192.5,196.2,197.5,4.52,76.5,3.33,4160.1,828.2,836.2,839.2,829.2,191.5,193.0,196.5,197.5,4.56,76.2,3.308,-5.8,0.891,0,nominal,0,0.0,194.96,701856.5
143.6,mission_cruise,73.4041133963313,3200.0,43.29794330183435,4157.9,827.3,834.5,840.7,829.3,191.2,192.7,196.8,196.7,4.54,76.5,3.298,4160.1,828.2,836.2,839.2,829.2,191.5,193.0,196.5,197.5,4.56,76.2,3.308,-5.8,0.891,0,nominal,0,0.0,194.96,701856.4
143.7,mission_cruise,73.4030016675931,3200.0,43.29849916620345,4158.0,829.9,835.4,839.8,827.5,191.1,192.9,195.0,197.6,4.52,77.2,3.295,4160.0,828.2,836.2,839.2,829.2,191.5,193.0,196.5,197.5,4.56,76.2,3.308,-5.8,0.891,0,nominal,0,0.0,194.96,701856.3
143.8,mission_cruise,73.40188993885492,3200.0,43.29905503057254,4164.5,829.6,839.3,837.9,831.9,191.1,192.1,195.7,197.3,4.53,76.3,3.339,4160.0,828.2,836.2,839.2,829.2,191.5,193.0,196.5,197.5,4.56,76.2,3.308,-5.8,0.891,0,nominal,0,0.0,194.96,701856.2
143.9,mission_cruise,73.40077821011673,3200.0,43.29961089494164,4156.8,827.3,835.8,837.2,828.8,191.9,193.6,197.1,197.4,4.57,76.8,3.328,4160.0,828.2,836.2,839.2,829.2,191.5,193.0,196.5,197.5,4.56,76.2,3.307,-5.8,0.891,0,nominal,0,0.0,194.96,701856.1
144.0,mission_cruise,73.39966648137855,3200.0,43.30016675931073,4156.4,830.0,835.9,838.4,827.2,191.3,193.4,196.5,197.7,4.49,75.4,3.321,4159.9,828.1,836.1,839.1,829.1,191.5,193.0,196.5,197.5,4.56,76.2,3.307,-5.8,0.891,0,nominal,0,0.0,194.96,701856.0
144.1,mission_cruise,73.39855475264035,3200.0,43.300722623679825,4167.0,828.6,836.9,839.5,830.6,191.4,194.3,196.0,196.8,4.52,75.9,3.306,4159.9,828.1,836.1,839.1,829.1,191.5,193.0,196.5,197.5,4.56,76.2,3.307,-5.8,0.891,0,nominal,0,0.0,194.96,701855.9
144.2,mission_cruise,73.39744302390217,3200.0,43.301278488048915,4168.8,828.6,833.4,839.9,828.6,191.7,192.9,194.9,198.0,4.52,76.6,3.324,4159.9,828.1,836.1,839.1,829.1,191.5,193.0,196.5,197.5,4.56,76.2,3.307,-5.8,0.891,0,nominal,0,0.0,194.96,701855.8
144.3,mission_cruise,73.39633129516398,3200.0,43.30183435241801,4163.4,830.0,835.4,836.4,830.6,191.9,193.1,197.5,197.8,4.53,76.0,3.303,4159.8,828.1,836.1,839.1,829.1,191.5,193.0,196.5,197.5,4.56,76.2,3.307,-5.8,0.891,0,nominal,0,0.0,194.96,701855.7
144.4,mission_cruise,73.3952195664258,3200.0,43.3023902167871,4174.1,827.7,836.5,836.1,828.7,191.6,192.6,196.6,197.1,4.55,76.5,3.321,4159.8,828.1,836.1,839.1,829.1,191.5,193.0,196.5,197.5,4.56,76.2,3.307,-5.8,0.891,0,nominal,0,0.0,194.96,701855.6
144.5,mission_cruise,73.3941078376876,3200.0,43.3029460811562,4152.9,827.1,833.8,837.7,828.7,191.4,193.9,195.5,197.2,4.52,76.1,3.252,4159.7,828.1,836.1,839.1,829.1,191.5,193.0,196.5,197.5,4.56,76.2,3.307,-5.8,0.891,0,nominal,0,0.0,194.96,701855.5
144.6,mission_cruise,73.39299610894942,3200.0,43.30350194552529,4159.2,828.6,835.9,836.3,829.1,191.6,193.5,196.2,197.7,4.53,75.6,3.268,4159.7,828.1,836.1,839.1,829.1,191.5,193.0,196.5,197.5,4.56,76.2,3.307,-5.8,0.891,0,nominal,0,0.0,194.96,701855.4
144.7,mission_cruise,73.39188438021122,3200.0,43.30405780989439,4161.5,830.2,835.3,837.9,828.0,191.9,192.9,196.2,197.1,4.55,75.6,3.326,4159.7,828.1,836.1,839.1,829.1,191.5,193.0,196.5,197.5,4.56,76.2,3.307,-5.8,0.891,0,nominal,0,0.0,194.96,701855.3
144.8,mission_cruise,73.39077265147304,3200.0,43.30461367426348,4170.1,828.9,836.8,840.6,830.2,191.9,193.1,196.1,198.1,4.53,76.0,3.269,4159.6,828.1,836.1,839.1,829.1,191.5,193.0,196.5,197.5,4.56,76.2,3.307,-5.8,0.891,0,nominal,0,0.0,194.96,701855.2
144.9,mission_cruise,73.38966092273485,3200.0,43.305169538632576,4160.9,826.3,833.8,837.2,828.5,191.7,194.0,196.7,196.9,4.54,76.2,3.325,4159.6,828.1,836.1,839.1,829.1,191.5,193.0,196.5,197.5,4.56,76.2,3.307,-5.8,0.891,0,nominal,0,0.0,194.96,701855.1
145.0,mission_cruise,73.38854919399667,3200.0,43.30572540300167,4164.4,830.6,835.3,840.0,830.5,192.1,193.0,195.7,197.1,4.56,77.1,3.311,4159.6,828.1,836.1,839.1,829.1,191.5,193.0,196.5,197.5,4.56,76.2,3.307,-5.8,0.891,0,nominal,0,0.0,194.96,701855.0
145.1,mission_cruise,73.38743746525847,3200.0,43.306281267370764,4154.1,830.5,837.7,840.9,829.6,191.2,192.1,196.0,196.9,4.61,76.3,3.282,4159.5,828.1,836.1,839.1,829.1,191.5,193.0,196.5,197.5,4.56,76.2,3.307,-5.8,0.891,0,nominal,0,0.0,194.96,701854.9
145.2,mission_cruise,73.38632573652029,3200.0,43.306837131739854,4156.0,826.2,836.3,839.5,830.5,192.2,193.1,196.8,198.2,4.57,76.6,3.307,4159.5,828.1,836.1,839.1,829.1,191.5,193.0,196.5,197.5,4.56,76.2,3.307,-5.8,0.891,0,nominal,0,0.0,194.96,701854.8
145.3,mission_cruise,73.3852140077821,3200.0,43.30739299610895,4155.7,830.9,836.7,839.4,831.7,192.3,193.2,197.2,197.5,4.52,75.5,3.275,4159.5,828.1,836.1,839.1,829.1,191.5,193.0,196.5,197.5,4.56,76.2,3.307,-5.8,0.891,0,nominal,0,0.0,194.96,701854.7
145.4,mission_cruise,73.38410227904392,3200.0,43.30794886047804,4153.9,827.5,835.8,839.5,830.2,191.7,192.6,197.4,196.8,4.54,76.0,3.315,4159.4,828.1,836.1,839.1,829.1,191.5,193.0,196.5,197.5,4.56,76.2,3.307,-5.8,0.891,0,nominal,0,0.0,194.96,701854.6
145.5,mission_cruise,73.38299055030572,3200.0,43.30850472484714,4161.8,829.8,837.6,837.7,830.2,191.4,193.4,197.9,197.8,4.55,76.8,3.305,4159.4,828.1,836.1,839.1,829.1,191.5,193.0,196.5,197.5,4.56,76.2,3.307,-5.8,0.891,0,nominal,0,0.0,194.96,701854.5
145.6,mission_cruise,73.38187882156754,3200.0,43.30906058921623,4150.3,829.3,837.2,839.0,825.5,191.5,193.2,196.5,197.6,4.53,76.4,3.335,4159.4,828.1,836.1,839.1,829.1,191.5,193.0,196.5,197.5,4.56,76.2,3.307,-5.8,0.891,0,nominal,0,0.0,194.96,701854.4
145.7,mission_cruise,73.38076709282934,3200.0,43.30961645358533,4168.0,829.1,835.9,838.0,828.5,190.1,194.3,195.9,197.7,4.55,76.1,3.303,4159.3,828.1,836.1,839.1,829.1,191.5,193.0,196.5,197.5,4.56,76.2,3.307,-5.8,0.891,0,nominal,0,0.0,194.96,701854.3
145.8,mission_cruise,73.37965536409116,3200.0,43.31017231795442,4156.9,825.7,836.0,841.0,829.7,191.7,193.2,197.2,197.9,4.61,76.7,3.331,4159.3,828.1,836.1,839.1,829.1,191.5,193.0,196.5,197.5,4.56,76.2,3.307,-5.8,0.891,0,nominal,0,0.0,194.96,701854.2
145.9,mission_cruise,73.37854363535297,3200.0,43.310728182323516,4163.1,826.2,835.1,839.6,832.1,190.1,193.8,196.1,197.6,4.53,75.9,3.308,4159.3,828.1,836.1,839.1,829.1,191.5,193.0,196.5,197.5,4.56,76.2,3.307,-5.8,0.891,0,nominal,0,0.0,194.96,701854.1
146.0,mission_cruise,73.37743190661479,3200.0,43.311284046692606,4161.0,826.0,833.6,841.6,830.7,191.3,192.1,195.8,196.9,4.55,75.8,3.316,4159.2,828.1,836.1,839.1,829.1,191.5,193.0,196.5,197.5,4.56,76.2,3.307,-5.8,0.891,0,nominal,0,0.0,194.96,701854.0
146.1,mission_cruise,73.3763201778766,3200.0,43.3118399110617,4150.6,829.4,837.2,839.8,827.4,191.3,193.8,195.7,196.2,4.6,75.4,3.348,4159.2,828.1,836.1,839.1,829.1,191.5,193.0,196.5,197.5,4.56,76.2,3.307,-5.8,0.891,0,nominal,0,0.0,194.96,701853.9
146.2,mission_cruise,73.37520844913841,3200.0,43.312395775430794,4164.9,828.8,836.4,836.7,826.1,192.0,192.7,196.0,197.6,4.57,75.8,3.345,4159.2,828.1,836.1,839.1,829.1,191.5,193.0,196.5,197.5,4.56,76.2,3.307,-5.8,0.891,0,nominal,0,0.0,194.96,701853.8
146.3,mission_cruise,73.37409672040022,3200.0,43.31295163979989,4152.5,829.9,837.0,838.3,830.9,191.7,193.2,195.8,198.4,4.55,75.8,3.315,4159.1,828.1,836.1,839.1,829.1,191.5,193.0,196.5,197.5,4.56,76.2,3.306,-5.8,0.891,0,nominal,0,0.0,194.96,701853.7
146.4,mission_cruise,73.37298499166204,3200.0,43.31350750416898,4169.7,828.7,839.2,837.9,827.8,191.3,193.3,197.3,198.9,4.58,76.0,3.299,4159.1,828.1,836.1,839.1,829.1,191.5,193.0,196.5,197.5,4.56,76.2,3.306,-5.8,0.891,0,nominal,0,0.0,194.96,701853.6
146.5,mission_cruise,73.37187326292384,3200.0,43.31406336853808,4164.7,828.2,836.0,837.4,828.2,190.7,192.4,196.4,197.8,4.6,76.3,3.327,4159.1,828.1,836.1,839.1,829.1,191.5,193.0,196.5,197.5,4.56,76.2,3.306,-5.8,0.891,0,nominal,0,0.0,194.96,701853.5
146.6,mission_cruise,73.37076153418566,3200.0,43.31461923290717,4160.0,827.8,833.9,842.8,827.7,190.7,193.2,197.3,197.0,4.54,77.0,3.313,4159.0,828.1,836.1,839.1,829.1,191.5,193.0,196.5,197.5,4.56,76.2,3.306,-5.8,0.891,0,nominal,0,0.0,194.96,701853.4
146.7,mission_cruise,73.36964980544747,3200.0,43.31517509727627,4144.0,829.5,834.1,838.5,830.2,191.1,193.1,197.1,198.1,4.55,75.2,3.321,4159.0,828.1,836.1,839.1,829.1,191.5,193.0,196.5,197.5,4.56,76.2,3.306,-5.8,0.891,0,nominal,0,0.0,194.96,701853.3
146.8,mission_cruise,73.36853807670929,3200.0,43.31573096164536,4158.8,827.3,834.2,840.7,829.2,192.8,193.3,197.3,197.3,4.54,75.7,3.271,4159.0,828.1,836.1,839.1,829.1,191.4,192.9,196.4,197.4,4.56,76.2,3.306,-5.8,0.891,0,nominal,0,0.0,194.96,701853.2
146.9,mission_cruise,73.36742634797109,3200.0,43.316286826014455,4166.5,828.7,835.6,840.2,828.6,191.2,192.1,198.3,197.9,4.55,76.1,3.322,4158.9,828.1,836.1,839.1,829.1,191.4,192.9,196.4,197.4,4.56,76.2,3.306,-5.8,0.891,0,nominal,0,0.0,194.96,701853.1
147.0,mission_cruise,73.36631461923291,3200.0,43.316842690383545,4152.1,827.1,836.7,840.1,830.6,190.7,191.8,195.3,198.0,4.53,75.9,3.333,4158.9,828.1,836.1,839.1,829.1,191.4,192.9,196.4,197.4,4.56,76.2,3.306,-5.8,0.891,0,nominal,0,0.0,194.96,701853.0
147.1,mission_cruise,73.36520289049471,3200.0,43.31739855475264,4156.9,824.7,836.2,839.0,826.8,191.0,193.5,196.0,198.2,4.53,76.1,3.256,4158.9,828.1,836.1,839.1,829.1,191.4,192.9,196.4,197.4,4.56,76.2,3.306,-5.8,0.891,0,nominal,0,0.0,194.96,701852.9
147.2,mission_cruise,73.36409116175653,3200.0,43.31795441912173,4155.8,827.8,836.3,839.1,829.9,192.0,193.3,197.4,196.4,4.6,76.3,3.311,4158.8,828.1,836.1,839.1,829.1,191.4,192.9,196.4,197.4,4.56,76.2,3.306,-5.8,0.891,0,nominal,0,0.0,194.96,701852.8
147.3,mission_cruise,73.36297943301834,3200.0,43.31851028349083,4157.2,827.4,833.7,838.6,829.9,192.0,193.5,197.1,197.6,4.59,76.0,3.311,4158.8,828.1,836.1,839.1,829.1,191.4,192.9,196.4,197.4,4.56,76.2,3.306,-5.8,0.891,0,nominal,0,0.0,194.96,701852.7
147.4,mission_cruise,73.36186770428016,3200.0,43.31906614785992,4158.6,825.9,835.8,837.9,829.7,191.3,193.0,196.8,197.9,4.58,76.1,3.296,4158.8,828.1,836.1,839.1,829.1,191.4,192.9,196.4,197.4,4.56,76.2,3.306,-5.8,0.891,0,nominal,0,0.0,194.96,701852.6
147.5,mission_cruise,73.36075597554196,3200.0,43.31962201222902,4153.7,829.5,835.8,836.6,828.6,190.7,193.5,196.5,197.6,4.54,76.5,3.286,4158.7,828.1,836.1,839.1,829.1,191.4,192.9,196.4,197.4,4.56,76.2,3.306,-5.8,0.891,0,nominal,0,0.0,194.96,701852.5
147.6,mission_cruise,73.35964424680378,3200.0,43.32017787659811,4166.8,828.0,834.3,838.5,828.0,191.6,194.1,196.0,197.5,4.59,76.2,3.3,4158.7,828.1,836.1,839.1,829.1,191.4,192.9,196.4,197.4,4.56,76.2,3.306,-5.8,0.891,0,nominal,0,0.0,194.96,701852.4
147.7,mission_cruise,73.35853251806559,3200.0,43.320733740967206,4159.8,826.5,835.2,839.5,830.2,191.7,192.5,197.1,197.2,4.53,76.0,3.292,4158.7,828.1,836.1,839.1,829.1,191.4,192.9,196.4,197.4,4.56,76.2,3.306,-5.8,0.891,0,nominal,0,0.0,194.96,701852.3
147.8,mission_cruise,73.3574207893274,3200.0,43.3212896053363,4161.3,829.8,835.5,838.4,828.9,191.8,192.6,196.0,197.5,4.55,76.5,3.287,4158.6,828.1,836.1,839.1,829.1,191.4,192.9,196.4,197.4,4.56,76.2,3.306,-5.8,0.891,0,nominal,0,0.0,194.96,701852.2
147.9,mission_cruise,73.35630906058921,3200.0,43.321845469705394,4153.8,825.7,837.7,842.7,828.3,190.7,192.9,197.0,197.9,4.55,75.5,3.325,4158.6,828.1,836.1,839.1,829.1,191.4,192.9,196.4,197.4,4.56,76.2,3.306,-5.8,0.891,0,nominal,0,0.0,194.96,701852.1
148.0,mission_cruise,73.35519733185103,3200.0,43.322401334074485,4157.8,828.1,837.5,838.5,830.6,191.9,193.1,196.1,199.7,4.6,76.0,3.346,4158.6,828.1,836.1,839.1,829.1,191.4,192.9,196.4,197.4,4.56,76.2,3.306,-5.8,0.891,0,nominal,0,0.0,194.96,701852.0
148.1,mission_cruise,73.35408560311284,3200.0,43.32295719844358,4163.0,827.7,838.5,840.5,829.0,192.6,193.6,196.3,197.7,4.56,75.6,3.329,4158.5,828.1,836.1,839.1,829.1,191.4,192.9,196.4,197.4,4.56,76.2,3.306,-5.8,0.891,0,nominal,0,0.0,194.96,701851.9
148.2,mission_cruise,73.35297387437465,3200.0,43.32351306281267,4155.0,830.7,836.6,837.3,830.1,191.9,193.2,197.0,197.0,4.55,76.9,3.307,4158.5,828.1,836.1,839.1,829.1,191.4,192.9,196.4,197.4,4.56,76.2,3.306,-5.8,0.891,0,nominal,0,0.0,194.96,701851.8
148.3,mission_cruise,73.35186214563646,3200.0,43.32406892718177,4163.0,829.9,835.8,839.8,826.7,191.9,193.4,197.4,197.9,4.55,76.3,3.304,4158.5,828.1,836.1,839.1,829.1,191.4,192.9,196.4,197.4,4.56,76.2,3.306,-5.8,0.891,0,nominal,0,0.0,194.96,701851.7
148.4,mission_cruise,73.35075041689828,3200.0,43.32462479155086,4160.2,831.1,833.6,834.8,830.1,190.8,192.5,196.9,198.1,4.53,76.8,3.305,4158.4,828.1,836.1,839.1,829.1,191.4,192.9,196.4,197.4,4.56,76.2,3.306,-5.8,0.891,0,nominal,0,0.0,194.96,701851.6
148.5,mission_cruise,73.34963868816008,3200.0,43.32518065591996,4163.2,827.1,835.7,837.0,826.8,190.8,193.4,196.2,197.7,4.53,76.2,3.291,4158.4,828.1,836.1,839.1,829.1,191.4,192.9,196.4,197.4,4.56,76.2,3.306,-5.8,0.891,0,nominal,0,0.0,194.96,701851.5
148.6,mission_cruise,73.3485269594219,3200.0,43.32573652028905,4158.2,828.0,836.0,838.6,828.7,191.6,192.9,196.0,198.7,4.54,76.7,3.331,4158.4,828.1,836.1,839.1,829.1,191.4,192.9,196.4,197.4,4.56,76.2,3.306,-5.8,0.891,0,nominal,0,0.0,194.96,701851.4
148.7,mission_cruise,73.34741523068371,3200.0,43.326292384658146,4164.5,827.8,833.7,838.5,828.4,191.5,191.9,197.1,196.4,4.55,76.0,3.336,4158.3,828.1,836.1,839.1,829.1,191.4,192.9,196.4,197.4,4.56,76.2,3.305,-5.8,0.891,0,nominal,0,0.0,194.96,701851.3
148.8,mission_cruise,73.34630350194553,3200.0,43.326848249027236,4159.4,826.4,835.6,836.6,831.2,191.3,192.8,195.8,197.8,4.54,76.0,3.291,4158.3,828.1,836.1,839.1,829.1,191.4,192.9,196.4,197.4,4.56,76.2,3.305,-5.8,0.891,0,nominal,0,0.0,194.96,701851.2
148.9,mission_cruise,73.34519177320733,3200.0,43.327404113396334,4157.1,827.2,835.4,840.5,827.9,191.6,193.1,196.6,198.2,4.55,76.3,3.264,4158.2,828.1,836.1,839.1,829.1,191.4,192.9,196.4,197.4,4.56,76.2,3.305,-5.8,0.891,0,nominal,0,0.0,194.96,701851.1
149.0,mission_cruise,73.34408004446915,3200.0,43.327959977765424,4157.8,828.5,835.3,839.3,828.1,191.5,193.0,197.3,196.8,4.52,75.9,3.263,4158.2,828.1,836.1,839.1,829.1,191.4,192.9,196.4,197.4,4.56,76.2,3.305,-5.8,0.891,0,nominal,0,0.0,194.96,701851.0
149.1,mission_cruise,73.34296831573096,3200.0,43.32851584213452,4154.3,829.1,834.7,839.2,829.9,192.2,192.8,197.1,197.3,4.61,76.3,3.345,4158.2,828.1,836.1,839.1,829.1,191.4,192.9,196.4,197.4,4.56,76.2,3.305,-5.8,0.891,0,nominal,0,0.0,194.96,701850.9
149.2,mission_cruise,73.34185658699278,3200.0,43.32907170650361,4157.3,827.7,838.8,837.7,829.9,191.4,193.8,196.2,197.2,4.55,76.2,3.26,4158.1,828.0,836.0,839.0,829.0,191.4,192.9,196.4,197.4,4.56,76.2,3.305,-5.8,0.891,0,nominal,0,0.0,194.96,701850.8
149.3,mission_cruise,73.34074485825458,3200.0,43.32962757087271,4160.0,824.7,836.8,836.2,830.0,190.9,192.7,196.7,197.9,4.48,75.6,3.268,4158.1,828.0,836.0,839.0,829.0,191.4,192.9,196.4,197.4,4.56,76.2,3.305,-5.8,0.891,0,nominal,0,0.0,194.96,701850.7
149.4,mission_cruise,73.3396331295164,3200.0,43.3301834352418,4149.9,828.8,836.8,840.4,826.7,191.8,192.9,196.5,197.8,4.51,76.4,3.302,4158.1,828.0,836.0,839.0,829.0,191.4,192.9,196.4,197.4,4.56,76.2,3.305,-5.8,0.891,0,nominal,0,0.0,194.96,701850.6
149.5,mission_cruise,73.3385214007782,3200.0,43.3307392996109,4159.4,830.7,836.2,837.6,827.3,192.2,192.5,197.4,195.7,4.58,76.1,3.286,4158.0,828.0,836.0,839.0,829.0,191.4,192.9,196.4,197.4,4.56,76.2,3.305,-5.8,0.891,0,nominal,0,0.0,194.96,701850.5
149.6,mission_cruise,73.33740967204002,3200.0,43.33129516397999,4150.6,827.7,836.7,839.5,829.8,192.3,193.7,195.8,197.1,4.56,76.6,3.282,4158.0,828.0,836.0,839.0,829.0,191.4,192.9,196.4,197.4,4.56,76.2,3.305,-5.8,0.891,0,nominal,0,0.0,194.96,701850.4
149.7,mission_cruise,73.33629794330183,3200.0,43.331851028349085,4158.2,828.1,834.4,839.8,827.6,191.4,192.0,196.6,197.1,4.53,76.1,3.287,4158.0,828.0,836.0,839.0,829.0,191.4,192.9,196.4,197.4,4.56,76.2,3.305,-5.8,0.891,0,nominal,0,0.0,194.96,701850.3
149.8,mission_cruise,73.33518621456365,3200.0,43.332406892718176,4156.7,827.5,835.7,840.6,829.1,192.7,193.3,196.8,197.3,4.58,76.6,3.358,4157.9,828.0,836.0,839.0,829.0,191.4,192.9,196.4,197.4,4.56,76.2,3.305,-5.8,0.891,0,nominal,0,0.0,194.96,701850.2
149.9,mission_cruise,73.33407448582545,3200.0,43.33296275708727,4151.7,827.8,836.2,841.1,829.4,190.9,193.1,196.8,196.9,4.55,75.8,3.291,4157.9,828.0,836.0,839.0,829.0,191.4,192.9,196.4,197.4,4.56,76.2,3.305,-5.8,0.891,0,nominal,0,0.0,194.96,701850.1
150.0,mission_cruise,73.33296275708727,3200.0,43.33351862145636,4160.1,828.7,835.7,838.7,829.1,191.4,192.9,197.4,198.0,4.57,76.4,3.286,4157.9,828.0,836.0,839.0,829.0,191.4,192.9,196.4,197.4,4.56,76.2,3.305,-5.8,0.891,0,nominal,0,0.0,194.96,701850.0
150.1,mission_cruise,73.33185102834908,3200.0,43.33407448582546,4161.9,827.5,834.6,839.0,827.0,192.3,193.5,195.9,197.4,4.56,76.1,3.304,4157.8,828.0,836.0,839.0,829.0,191.4,192.9,196.4,197.4,4.56,76.2,3.305,-5.8,0.891,0,nominal,0,0.0,194.96,701849.9
150.2,mission_cruise,73.3307392996109,3200.0,43.33463035019455,4155.8,828.4,835.5,840.3,826.7,192.0,192.5,196.4,197.8,4.54,76.6,3.324,4157.8,828.0,836.0,839.0,829.0,191.4,192.9,196.4,197.4,4.56,76.1,3.305,-5.8,0.891,0,nominal,0,0.0,194.96,701849.8
150.3,mission_cruise,73.3296275708727,3200.0,43.33518621456365,4150.2,829.3,835.4,836.1,829.1,191.4,192.2,196.1,197.6,4.5,76.2,3.277,4157.8,828.0,836.0,839.0,829.0,191.4,192.9,196.4,197.4,4.56,76.1,3.305,-5.8,0.891,0,nominal,0,0.0,194.96,701849.7
150.4,mission_cruise,73.32851584213452,3200.0,43.33574207893274,4160.5,830.2,834.5,839.8,827.2,192.4,191.7,196.7,197.8,4.51,75.5,3.28,4157.7,828.0,836.0,839.0,829.0,191.4,192.9,196.4,197.4,4.56,76.1,3.305,-5.8,0.891,0,nominal,0,0.0,194.96,701849.6
150.5,mission_cruise,73.32740411339633,3200.0,43.33629794330184,4167.2,827.3,835.1,838.3,829.3,191.3,192.8,195.9,197.9,4.54,76.0,3.286,4157.7,828.0,836.0,839.0,829.0,191.4,192.9,196.4,197.4,4.56,76.1,3.305,-5.8,0.891,0,nominal,0,0.0,194.96,701849.5
150.6,mission_cruise,73.32629238465815,3200.0,43.33685380767093,4154.3,827.8,832.7,839.8,828.8,190.8,193.3,196.4,197.5,4.54,76.7,3.319,4157.7,828.0,836.0,839.0,829.0,191.4,192.9,196.4,197.4,4.56,76.1,3.305,-5.8,0.891,0,nominal,0,0.0,194.96,701849.4
150.7,mission_cruise,73.32518065591995,3200.0,43.337409672040025,4156.2,829.1,836.4,839.6,830.0,190.9,192.5,195.0,197.6,4.53,76.3,3.288,4157.6,828.0,836.0,839.0,829.0,191.4,192.9,196.4,197.4,4.56,76.1,3.305,-5.8,0.891,0,nominal,0,0.0,194.96,701849.3
150.8,mission_cruise,73.32406892718177,3200.0,43.337965536409115,4165.5,827.9,835.8,837.3,826.6,192.3,192.1,196.6,196.8,4.55,75.6,3.372,4157.6,828.0,836.0,839.0,829.0,191.4,192.9,196.4,197.4,4.56,76.1,3.305,-5.8,0.891,0,nominal,0,0.0,194.96,701849.2
150.9,mission_cruise,73.32295719844358,3200.0,43.33852140077821,4163.8,829.3,838.1,838.5,826.4,190.0,193.1,195.7,197.8,4.55,75.6,3.297,4157.6,828.0,836.0,839.0,829.0,191.4,192.9,196.4,197.4,4.56,76.1,3.305,-5.8,0.891,0,nominal,0,0.0,194.96,701849.1
151.0,mission_cruise,73.3218454697054,3200.0,43.3390772651473,4162.2,827.7,834.7,840.4,829.6,191.6,193.5,197.1,197.4,4.55,76.5,3.334,4157.5,828.0,836.0,839.0,829.0,191.4,192.9,196.4,197.4,4.56,76.1,3.305,-5.8,0.891,0,nominal,0,0.0,194.96,701849.0
151.1,mission_cruise,73.3207337409672,3200.0,43.3396331295164,4156.9,826.7,835.2,840.0,829.2,191.1,193.5,197.3,197.4,4.52,75.9,3.296,4157.5,828.0,836.0,839.0,829.0,191.4,192.9,196.4,197.4,4.56,76.1,3.305,-5.8,0.891,0,nominal,0,0.0,194.96,701848.9
151.2,mission_cruise,73.31962201222902,3200.0,43.34018899388549,4160.5,828.5,834.9,837.3,828.5,191.3,192.6,196.0,197.6,4.55,76.2,3.297,4157.5,828.0,836.0,839.0,829.0,191.4,192.9,196.4,197.4,4.56,76.1,3.304,-5.8,0.891,0,nominal,0,0.0,194.96,701848.8
151.3,mission_cruise,73.31851028349082,3200.0,43.34074485825459,4162.8,829.3,837.6,837.1,827.6,190.7,192.8,196.7,197.6,4.52,75.7,3.352,4157.4,828.0,836.0,839.0,829.0,191.4,192.9,196.4,197.4,4.56,76.1,3.304,-5.8,0.891,0,nominal,0,0.0,194.96,701848.7
151.4,mission_cruise,73.31739855475264,3200.0,43.34130072262368,4157.9,826.2,836.3,840.1,827.8,191.0,192.8,195.2,198.1,4.54,75.9,3.354,4157.4,828.0,836.0,839.0,829.0,191.4,192.9,196.4,197.4,4.56,76.1,3.304,-5.8,0.891,0,nominal,0,0.0,194.96,701848.6
151.5,mission_cruise,73.31628682601445,3200.0,43.341856586992776,4155.8,827.5,837.9,838.2,829.0,191.5,193.0,196.4,196.9,4.54,75.9,3.296,4157.4,828.0,836.0,839.0,829.0,191.4,192.9,196.4,197.4,4.56,76.1,3.304,-5.8,0.891,0,nominal,0,0.0,194.96,701848.5
151.6,mission_cruise,73.31517509727627,3200.0,43.34241245136187,4149.1,826.5,831.8,838.2,829.5,191.0,193.9,195.8,197.3,4.53,75.6,3.261,4157.3,828.0,836.0,839.0,829.0,191.4,192.9,196.4,197.4,4.56,76.1,3.304,-5.8,0.891,0,nominal,0,0.0,194.96,701848.4
151.7,mission_cruise,73.31406336853807,3200.0,43.342968315730964,4156.2,829.5,836.4,839.9,827.5,191.7,193.5,196.1,197.7,4.59,76.0,3.244,4157.3,828.0,836.0,839.0,829.0,191.4,192.9,196.4,197.4,4.56,76.1,3.304,-5.8,0.891,0,nominal,0,0.0,194.96,701848.3
151.8,mission_cruise,73.31295163979989,3200.0,43.343524180100054,4143.5,827.5,835.6,840.7,831.7,191.2,193.0,196.9,197.4,4.54,76.7,3.32,4157.3,828.0,836.0,839.0,829.0,191.4,192.9,196.4,197.4,4.56,76.1,3.304,-5.8,0.891,0,nominal,0,0.0,194.96,701848.2
151.9,mission_cruise,73.3118399110617,3200.0,43.34408004446915,4148.3,829.8,836.1,838.8,828.6,191.1,192.6,196.4,196.5,4.56,76.2,3.297,4157.2,828.0,836.0,839.0,829.0,191.4,192.9,196.4,197.4,4.56,76.1,3.304,-5.8,0.891,0,nominal,0,0.0,194.96,701848.1
152.0,mission_cruise,73.31072818232352,3200.0,43.34463590883824,4163.0,827.4,836.0,838.0,829.8,191.2,193.4,195.3,197.6,4.53,76.3,3.278,4157.2,828.0,836.0,839.0,829.0,191.4,192.9,196.4,197.4,4.56,76.1,3.304,-5.8,0.891,0,nominal,0,0.0,194.96,701848.0
152.1,mission_cruise,73.30961645358532,3200.0,43.34519177320734,4161.2,828.0,835.2,838.5,827.3,191.8,194.3,196.8,198.0,4.54,75.3,3.261,4157.2,828.0,836.0,839.0,829.0,191.4,192.9,196.4,197.4,4.56,76.1,3.304,-5.8,0.891,0,nominal,0,0.0,194.96,701847.9
152.2,mission_cruise,73.30850472484714,3200.0,43.34574763757643,4149.1,826.1,834.2,840.1,827.3,191.5,192.5,195.6,196.7,4.54,76.4,3.307,4157.1,828.0,836.0,839.0,829.0,191.4,192.9,196.4,197.4,4.56,76.1,3.304,-5.8,0.891,0,nominal,0,0.0,194.96,701847.8
152.3,mission_cruise,73.30739299610894,3200.0,43.34630350194553,4170.5,828.6,838.1,839.1,829.3,191.5,192.8,195.8,197.2,4.54,76.0,3.294,4157.1,828.0,836.0,839.0,829.0,191.4,192.9,196.4,197.4,4.56,76.1,3.304,-5.8,0.891,0,nominal,0,0.0,194.96,701847.7
152.4,mission_cruise,73.30628126737076,3200.0,43.34685936631462,4156.6,828.4,835.0,838.4,831.1,192.0,193.1,195.6,196.4,4.56,77.1,3.293,4157.1,828.0,836.0,839.0,829.0,191.4,192.9,196.4,197.4,4.56,76.1,3.304,-5.8,0.891,0,nominal,0,0.0,194.96,701847.6
152.5,mission_cruise,73.30516953863257,3200.0,43.347415230683715,4159.4,827.2,837.1,840.1,828.8,190.8,192.4,196.6,197.2,4.58,76.1,3.304,4157.0,828.0,836.0,839.0,829.0,191.4,192.9,196.4,197.4,4.56,76.1,3.304,-5.8,0.891,0,nominal,0,0.0,194.96,701847.5
152.6,mission_cruise,73.30405780989439,3200.0,43.347971095052806,4163.5,827.2,839.1,840.7,828.2,191.8,192.8,196.3,197.4,4.52,75.7,3.281,4157.0,828.0,836.0,839.0,829.0,191.4,192.9,196.4,197.4,4.56,76.1,3.304,-5.8,0.891,0,nominal,0,0.0,194.96,701847.4
152.7,mission_cruise,73.3029460811562,3200.0,43.3485269594219,4160.3,828.2,837.9,835.7,829.9,191.2,192.7,197.3,197.7,4.5,75.7,3.307,4157.0,828.0,836.0,839.0,829.0,191.4,192.9,196.4,197.4,4.56,76.1,3.304,-5.8,0.891,0,nominal,0,0.0,194.96,701847.3
152.8,mission_cruise,73.30183435241801,3200.0,43.349082823790994,4157.8,827.0,838.0,839.2,827.3,190.8,192.7,197.0,197.1,4.52,75.3,3.308,4156.9,828.0,836.0,839.0,829.0,191.4,192.9,196.4,197.4,4.56,76.1,3.304,-5.8,0.891,0,nominal,0,0.0,194.96,701847.2
152.9,mission_cruise,73.30072262367982,3200.0,43.34963868816009,4154.3,828.6,834.0,837.8,829.0,190.7,193.2,197.4,197.3,4.56,76.6,3.265,4156.9,828.0,836.0,839.0,829.0,191.4,192.9,196.4,197.4,4.56,76.1,3.304,-5.8,0.891,0,nominal,0,0.0,194.96,701847.1
153.0,mission_cruise,73.29961089494164,3200.0,43.35019455252918,4164.1,828.3,835.6,837.2,828.4,191.2,192.9,196.6,197.3,4.55,76.4,3.287,4156.9,828.0,836.0,839.0,829.0,191.4,192.9,196.4,197.4,4.56,76.1,3.304,-5.8,0.891,0,nominal,0,0.0,194.96,701847.0
153.1,mission_cruise,73.29849916620344,3200.0,43.35075041689828,4152.4,825.9,837.5,837.3,828.2,192.4,192.7,196.3,197.7,4.51,75.6,3.326,4156.8,828.0,836.0,839.0,829.0,191.4,192.9,196.4,197.4,4.56,76.1,3.304,-5.8,0.891,0,nominal,0,0.0,194.96,701846.9
153.2,mission_cruise,73.29738743746526,3200.0,43.35130628126737,4153.7,827.5,834.3,837.7,828.9,192.4,193.5,196.2,196.2,4.57,75.9,3.347,4156.8,828.0,836.0,839.0,829.0,191.4,192.9,196.4,197.4,4.56,76.1,3.304,-5.8,0.891,0,nominal,0,0.0,194.96,701846.8
153.3,mission_cruise,73.29627570872707,3200.0,43.35186214563647,4161.0,829.8,836.2,837.8,828.9,191.1,193.4,196.8,197.5,4.55,76.6,3.299,4156.7,828.0,836.0,839.0,829.0,191.4,192.9,196.4,197.4,4.56,76.1,3.304,-5.8,0.891,0,nominal,0,0.0,194.96,701846.7
153.4,mission_cruise,73.29516397998889,3200.0,43.35241801000556,4154.7,827.1,836.4,837.9,828.0,191.6,192.9,196.5,197.9,4.56,75.8,3.379,4156.7,828.0,836.0,839.0,829.0,191.4,192.9,196.4,197.4,4.56,76.1,3.304,-5.8,0.891,0,nominal,0,0.0,194.96,701846.6
153.5,mission_cruise,73.29405225125069,3200.0,43.352973874374655,4155.1,827.6,834.5,838.6,831.1,192.4,194.4,197.9,197.1,4.53,75.9,3.316,4156.7,828.0,836.0,839.0,829.0,191.4,192.9,196.4,197.4,4.56,76.1,3.304,-5.8,0.891,0,nominal,0,0.0,194.96,701846.5
153.6,mission_cruise,73.29294052251251,3200.0,43.353529738743745,4156.7,831.1,835.9,840.1,826.5,192.0,192.3,195.8,196.9,4.55,75.8,3.341,4156.6,828.0,836.0,839.0,829.0,191.4,192.9,196.4,197.4,4.56,76.1,3.303,-5.8,0.891,0,nominal,0,0.0,194.96,701846.4
153.7,mission_cruise,73.29182879377431,3200.0,43.35408560311284,4164.9,829.2,838.1,840.1,828.0,191.5,193.4,197.0,196.7,4.59,76.3,3.297,4156.6,828.0,836.0,839.0,829.0,191.4,192.9,196.4,197.4,4.56,76.1,3.303,-5.8,0.891,0,nominal,0,0.0,194.96,701846.3
153.8,mission_cruise,73.29071706503613,3200.0,43.35464146748193,4149.1,827.6,835.5,839.8,830.4,191.2,193.1,196.0,197.2,4.55,76.5,3.281,4156.6,828.0,836.0,839.0,829.0,191.4,192.9,196.4,197.4,4.56,76.1,3.303,-5.8,0.891,0,nominal,0,0.0,194.96,701846.2
153.9,mission_cruise,73.28960533629794,3200.0,43.35519733185103,4154.5,830.0,833.0,839.2,827.8,190.8,192.3,196.6,196.4,4.58,76.7,3.338,4156.5,828.0,836.0,839.0,829.0,191.4,192.9,196.4,197.4,4.56,76.1,3.303,-5.8,0.891,0,nominal,0,0.0,194.96,701846.1
154.0,mission_cruise,73.28849360755976,3200.0,43.35575319622012,4151.4,829.3,838.7,838.6,828.7,191.8,193.0,196.2,197.4,4.62,75.6,3.278,4156.5,828.0,836.0,839.0,829.0,191.4,192.9,196.4,197.4,4.56,76.1,3.303,-5.8,0.891,0,nominal,0,0.0,194.96,701846.0
154.1,mission_cruise,73.28738187882156,3200.0,43.35630906058922,4155.2,827.4,836.2,839.5,828.5,191.7,192.8,197.1,196.9,4.6,76.8,3.306,4156.5,828.0,836.0,839.0,829.0,191.4,192.9,196.4,197.4,4.56,76.1,3.303,-5.8,0.891,0,nominal,0,0.0,194.96,701845.9
154.2,mission_cruise,73.28627015008338,3200.0,43.35686492495831,4154.3,827.3,834.1,835.5,831.8,191.4,192.8,196.8,197.0,4.58,75.8,3.353,4156.4,828.0,836.0,839.0,829.0,191.4,192.9,196.4,197.4,4.56,76.1,3.303,-5.8,0.891,0,nominal,0,0.0,194.96,701845.8
154.3,mission_cruise,73.28515842134519,3200.0,43.357420789327406,4155.4,830.5,836.0,839.7,831.1,191.2,193.0,196.3,197.2,4.53,76.2,3.305,4156.4,827.9,835.9,838.9,828.9,191.4,192.9,196.4,197.4,4.55,76.1,3.303,-5.8,0.891,0,nominal,0,0.0,194.96,701845.7
154.4,mission_cruise,73.284046692607,3200.0,43.3579766536965,4153.5,827.2,837.0,838.4,829.2,191.2,192.0,196.1,197.1,4.54,76.4,3.307,4156.4,827.9,835.9,838.9,828.9,191.4,192.9,196.4,197.4,4.55,76.1,3.303,-5.8,0.891,0,nominal,0,0.0,194.96,701845.6
154.5,mission_cruise,73.28293496386881,3200.0,43.358532518065594,4165.1,827.5,834.7,837.5,828.7,191.3,193.0,196.0,198.1,4.52,75.6,3.286,4156.3,827.9,835.9,838.9,828.9,191.4,192.9,196.4,197.4,4.55,76.1,3.303,-5.8,0.891,0,nominal,0,0.0,194.96,701845.5
154.6,mission_cruise,73.28182323513063,3200.0,43.359088382434685,4160.5,826.7,836.2,839.2,826.8,191.6,193.0,196.4,197.5,4.59,75.8,3.293,4156.3,827.9,835.9,838.9,828.9,191.4,192.9,196.4,197.4,4.55,76.1,3.303,-5.8,0.891,0,nominal,0,0.0,194.96,701845.4
154.7,mission_cruise,73.28071150639244,3200.0,43.35964424680378,4153.7,824.4,834.7,836.5,828.2,189.6,192.0,196.1,197.8,4.59,77.2,3.312,4156.3,827.9,835.9,838.9,828.9,191.4,192.9,196.4,197.4,4.55,76.1,3.303,-5.8,0.891,0,nominal,0,0.0,194.96,701845.3
154.8,mission_cruise,73.27959977765425,3200.0,43.36020011117287,4155.5,827.8,833.1,840.2,830.5,191.2,193.0,196.5,197.6,4.55,75.0,3.287,4156.2,827.9,835.9,838.9,828.9,191.4,192.9,196.4,197.4,4.55,76.1,3.303,-5.8,0.891,0,nominal,0,0.0,194.96,701845.2
154.9,mission_cruise,73.27848804891606,3200.0,43.36075597554197,4160.7,827.2,837.3,839.3,829.8,190.7,192.8,196.9,198.1,4.55,76.5,3.363,4156.2,827.9,835.9,838.9,828.9,191.4,192.9,196.4,197.4,4.55,76.1,3.303,-5.8,0.891,0,nominal,0,0.0,194.96,701845.1
155.0,mission_cruise,73.27737632017788,3200.0,43.36131183991106,4162.4,828.0,835.0,839.0,832.2,190.7,194.7,195.3,196.4,4.56,76.2,3.336,4156.2,827.9,835.9,838.9,828.9,191.4,192.9,196.4,197.4,4.55,76.1,3.303,-5.8,0.891,0,nominal,0,0.0,194.96,701845.0
155.1,mission_cruise,73.27626459143968,3200.0,43.36186770428016,4149.9,828.2,835.9,835.6,827.5,191.2,193.3,197.0,197.7,4.57,76.4,3.299,4156.1,827.9,835.9,838.9,828.9,191.4,192.9,196.4,197.4,4.55,76.1,3.303,-5.8,0.891,0,nominal,0,0.0,194.96,701844.9
155.2,mission_cruise,73.2751528627015,3200.0,43.36242356864925,4160.2,826.7,836.6,838.6,828.1,192.2,192.3,196.0,197.3,4.56,76.0,3.328,4156.1,827.9,835.9,838.9,828.9,191.4,192.9,196.4,197.4,4.55,76.1,3.303,-5.8,0.891,0,nominal,0,0.0,194.96,701844.8
155.3,mission_cruise,73.27404113396331,3200.0,43.362979433018346,4155.1,826.0,836.3,838.2,827.5,190.7,193.4,196.1,198.0,4.56,77.1,3.331,4156.1,827.9,835.9,838.9,828.9,191.4,192.9,196.4,197.4,4.55,76.1,3.303,-5.8,0.891,0,nominal,0,0.0,194.96,701844.7
155.4,mission_cruise,73.27292940522513,3200.0,43.363535297387436,4158.5,829.8,833.4,836.3,829.4,191.5,192.8,196.6,198.2,4.62,76.6,3.322,4156.0,827.9,835.9,838.9,828.9,191.4,192.9,196.4,197.4,4.55,76.1,3.303,-5.8,0.891,0,nominal,0,0.0,194.96,701844.6
155.5,mission_cruise,73.27181767648693,3200.0,43.364091161756534,4147.8,826.9,833.8,837.4,828.0,191.0,192.6,195.9,196.7,4.56,75.7,3.276,4156.0,827.9,835.9,838.9,828.9,191.4,192.9,196.4,197.4,4.55,76.1,3.303,-5.8,0.891,0,nominal,0,0.0,194.96,701844.5
155.6,mission_cruise,73.27070594774875,3200.0,43.364647026125624,4165.8,827.0,833.3,840.1,830.2,191.3,193.3,197.2,196.5,4.59,75.3,3.312,4156.0,827.9,835.9,838.9,828.9,191.4,192.9,196.4,197.4,4.55,76.1,3.303,-5.8,0.891,0,nominal,0,0.0,194.96,701844.4
155.7,mission_cruise,73.26959421901056,3200.0,43.36520289049472,4161.7,827.0,837.6,840.9,829.4,191.5,192.9,196.9,198.5,4.53,76.3,3.296,4155.9,827.9,835.9,838.9,828.9,191.4,192.9,196.4,197.4,4.55,76.1,3.303,-5.8,0.891,0,nominal,0,0.0,194.96,701844.3
155.8,mission_cruise,73.26848249027238,3200.0,43.36575875486381,4153.6,828.2,835.7,839.6,828.5,190.6,191.7,196.8,197.8,4.57,77.6,3.247,4155.9,827.9,835.9,838.9,828.9,191.4,192.9,196.4,197.4,4.55,76.1,3.303,-5.8,0.891,0,nominal,0,0.0,194.96,701844.2
155.9,mission_cruise,73.26737076153418,3200.0,43.36631461923291,4159.9,828.2,833.8,841.2,829.4,192.1,191.9,197.3,197.6,4.58,76.1,3.275,4155.9,827.9,835.9,838.9,828.9,191.4,192.9,196.4,197.4,4.55,76.1,3.303,-5.8,0.891,0,nominal,0,0.0,194.96,701844.1
156.0,mission_cruise,73.266259032796,3200.0,43.366870483602,4155.5,827.6,836.1,836.5,829.1,191.6,192.2,196.7,197.2,4.57,76.7,3.31,4155.8,827.9,835.9,838.9,828.9,191.4,192.9,196.4,197.4,4.55,76.1,3.303,-5.8,0.891,0,nominal,0,0.0,194.96,701844.0
156.1,mission_cruise,73.2651473040578,3200.0,43.3674263479711,4150.7,827.5,835.0,840.3,826.9,190.5,193.4,196.5,198.6,4.57,76.7,3.402,4155.8,827.9,835.9,838.9,828.9,191.4,192.9,196.4,197.4,4.55,76.1,3.302,-5.8,0.891,0,nominal,0,0.0,194.96,701843.9
156.2,mission_cruise,73.26403557531962,3200.0,43.36798221234019,4160.9,828.4,838.3,839.4,827.2,190.8,192.7,195.7,197.1,4.53,76.0,3.289,4155.8,827.9,835.9,838.9,828.9,191.4,192.9,196.4,197.4,4.55,76.1,3.302,-5.8,0.891,0,nominal,0,0.0,194.96,701843.8
156.3,mission_cruise,73.26292384658143,3200.0,43.368538076709285,4158.0,832.2,834.3,838.1,829.3,192.0,193.2,195.6,197.1,4.58,76.5,3.284,4155.7,827.9,835.9,838.9,828.9,191.4,192.9,196.4,197.4,4.55,76.1,3.302,-5.8,0.891,0,nominal,0,0.0,194.96,701843.7
156.4,mission_cruise,73.26181211784325,3200.0,43.369093941078376,4159.6,828.1,835.2,837.8,829.1,191.6,193.6,196.5,196.7,4.56,75.4,3.3,4155.7,827.9,835.9,838.9,828.9,191.4,192.9,196.4,197.4,4.55,76.1,3.302,-5.8,0.891,0,nominal,0,0.0,194.96,701843.6
156.5,mission_cruise,73.26070038910505,3200.0,43.36964980544747,4159.3,827.8,836.6,840.7,827.6,191.0,193.1,197.0,197.3,4.54,76.6,3.319,4155.7,827.9,835.9,838.9,828.9,191.4,192.9,196.4,197.4,4.55,76.1,3.302,-5.8,0.891,0,nominal,0,0.0,194.96,701843.5
156.6,mission_cruise,73.25958866036687,3200.0,43.37020566981656,4152.0,826.3,835.3,841.1,829.5,191.1,194.2,196.5,196.3,4.52,76.5,3.39,4155.6,827.9,835.9,838.9,828.9,191.4,192.9,196.4,197.4,4.55,76.1,3.302,-5.8,0.891,0,nominal,0,0.0,194.96,701843.4
156.7,mission_cruise,73.25847693162868,3200.0,43.37076153418566,4149.3,830.1,836.9,839.4,827.8,191.8,192.4,196.1,197.0,4.63,76.4,3.286,4155.6,827.9,835.9,838.9,828.9,191.4,192.9,196.4,197.4,4.55,76.1,3.302,-5.8,0.891,0,nominal,0,0.0,194.96,701843.3
156.8,mission_cruise,73.2573652028905,3200.0,43.37131739855475,4161.1,828.9,835.1,837.4,828.6,191.3,192.6,197.0,197.2,4.53,76.1,3.302,4155.6,827.9,835.9,838.9,828.9,191.4,192.9,196.4,197.4,4.55,76.1,3.302,-5.8,0.891,0,nominal,0,0.0,194.96,701843.2
156.9,mission_cruise,73.2562534741523,3200.0,43.37187326292385,4159.2,825.6,835.4,835.9,827.8,190.8,193.2,196.4,197.3,4.58,76.2,3.298,4155.5,827.9,835.9,838.9,828.9,191.3,192.8,196.3,197.3,4.55,76.1,3.302,-5.8,0.891,0,nominal,0,0.0,194.96,701843.1
157.0,mission_cruise,73.25514174541412,3200.0,43.37242912729294,4157.3,829.8,835.2,838.9,829.0,190.2,192.5,195.2,198.2,4.53,76.2,3.34,4155.5,827.9,835.9,838.9,828.9,191.3,192.8,196.3,197.3,4.55,76.1,3.302,-5.8,0.891,0,nominal,0,0.0,194.96,701843.0
157.1,mission_cruise,73.25403001667593,3200.0,43.37298499166204,4153.9,829.9,835.5,836.9,827.5,190.2,193.7,196.8,197.4,4.56,76.4,3.292,4155.5,827.9,835.9,838.9,828.9,191.3,192.8,196.3,197.3,4.55,76.1,3.302,-5.8,0.891,0,nominal,0,0.0,194.96,701842.9
157.2,mission_cruise,73.25291828793775,3200.0,43.37354085603113,4157.1,829.5,838.5,837.2,827.1,191.4,193.4,196.6,198.2,4.55,76.2,3.313,4155.4,827.9,835.9,838.9,828.9,191.3,192.8,196.3,197.3,4.55,76.1,3.302,-5.8,0.891,0,nominal,0,0.0,194.96,701842.8
157.3,mission_cruise,73.25180655919955,3200.0,43.374096720400225,4155.9,828.8,837.3,836.0,831.2,191.8,193.3,196.6,197.3,4.6,76.0,3.308,4155.4,827.9,835.9,838.9,828.9,191.3,192.8,196.3,197.3,4.55,76.1,3.302,-5.8,0.891,0,nominal,0,0.0,194.96,701842.7
157.4,mission_cruise,73.25069483046137,3200.0,43.374652584769315,4159.4,827.0,836.8,838.0,829.2,190.7,193.0,196.5,197.1,4.56,76.7,3.322,4155.4,827.9,835.9,838.9,828.9,191.3,192.8,196.3,197.3,4.55,76.1,3.302,-5.8,0.891,0,nominal,0,0.0,194.96,701842.6
157.5,mission_cruise,73.24958310172318,3200.0,43.37520844913841,4146.1,824.6,835.1,837.3,829.2,191.6,192.4,195.8,198.0,4.51,76.4,3.242,4155.3,827.9,835.9,838.9,828.9,191.3,192.8,196.3,197.3,4.55,76.1,3.302,-5.8,0.891,0,nominal,0,0.0,194.96,701842.5
157.6,mission_cruise,73.248471372985,3200.0,43.3757643135075,4154.3,829.4,836.3,841.0,828.8,191.8,193.0,196.0,197.3,4.57,76.1,3.241,4155.3,827.9,835.9,838.9,828.9,191.3,192.8,196.3,197.3,4.55,76.1,3.302,-5.8,0.891,0,nominal,0,0.0,194.96,701842.4
157.7,mission_cruise,73.2473596442468,3200.0,43.3763201778766,4157.8,827.7,835.3,838.9,828.2,191.1,192.5,196.1,198.6,4.58,75.4,3.319,4155.3,827.9,835.9,838.9,828.9,191.3,192.8,196.3,197.3,4.55,76.1,3.302,-5.8,0.891,0,nominal,0,0.0,194.96,701842.3
157.8,mission_cruise,73.24624791550862,3200.0,43.37687604224569,4164.0,829.0,837.9,837.8,829.4,191.6,193.2,197.4,196.2,4.58,76.0,3.263,4155.2,827.9,835.9,838.9,828.9,191.3,192.8,196.3,197.3,4.55,76.1,3.302,-5.8,0.891,0,nominal,0,0.0,194.96,701842.2
157.9,mission_cruise,73.24513618677042,3200.0,43.37743190661479,4163.0,828.2,836.7,837.4,828.3,190.8,193.9,196.4,197.7,4.58,75.9,3.313,4155.2,827.9,835.9,838.9,828.9,191.3,192.8,196.3,197.3,4.55,76.1,3.302,-5.8,0.891,0,nominal,0,0.0,194.96,701842.1
158.0,mission_cruise,73.24402445803224,3200.0,43.37798777098388,4144.5,827.6,836.8,840.7,828.8,192.1,193.5,196.6,196.9,4.57,75.1,3.279,4155.1,827.9,835.9,838.9,828.9,191.3,192.8,196.3,197.3,4.55,76.1,3.302,-5.8,0.891,0,nominal,0,0.0,194.96,701842.0
158.1,mission_cruise,73.24291272929405,3200.0,43.378543635352976,4155.9,826.0,838.3,838.0,830.3,190.5,193.5,195.8,196.8,4.59,76.0,3.334,4155.1,827.9,835.9,838.9,828.9,191.3,192.8,196.3,197.3,4.55,76.1,3.302,-5.8,0.891,0,nominal,0,0.0,194.96,701841.9
158.2,mission_cruise,73.24180100055587,3200.0,43.37909949972207,4157.3,825.8,834.8,837.1,828.8,191.0,192.7,195.9,197.3,4.57,75.9,3.301,4155.1,827.9,835.9,838.9,828.9,191.3,192.8,196.3,197.3,4.55,76.1,3.302,-5.8,0.891,0,nominal,0,0.0,194.96,701841.8
158.3,mission_cruise,73.24068927181767,3200.0,43.379655364091164,4163.5,827.8,837.9,841.3,829.3,190.5,190.6,196.6,198.4,4.57,76.9,3.247,4155.0,827.9,835.9,838.9,828.9,191.3,192.8,196.3,197.3,4.55,76.1,3.302,-5.8,0.891,0,nominal,0,0.0,194.96,701841.7
158.4,mission_cruise,73.23957754307949,3200.0,43.380211228460254,4156.6,827.4,836.6,842.7,826.1,192.4,193.4,195.6,197.6,4.51,75.5,3.313,4155.0,827.9,835.9,838.9,828.9,191.3,192.8,196.3,197.3,4.55,76.1,3.302,-5.8,0.891,0,nominal,0,0.0,194.96,701841.6
158.5,mission_cruise,73.2384658143413,3200.0,43.38076709282935,4154.2,824.9,836.9,838.2,828.5,191.0,192.6,197.0,197.9,4.57,76.6,3.375,4155.0,827.9,835.9,838.9,828.9,191.3,192.8,196.3,197.3,4.55,76.1,3.301,-5.8,0.891,0,nominal,0,0.0,194.96,701841.5
158.6,mission_cruise,73.23735408560312,3200.0,43.38132295719844,4160.6,829.1,836.4,837.8,829.2,191.1,192.5,196.4,197.4,4.58,75.5,3.28,4154.9,827.9,835.9,838.9,828.9,191.3,192.8,196.3,197.3,4.55,76.1,3.301,-5.8,0.891,0,nominal,0,0.0,194.96,701841.4
158.7,mission_cruise,73.23624235686492,3200.0,43.38187882156754,4154.9,826.9,834.6,839.4,829.2,190.6,192.1,197.1,197.9,4.56,75.9,3.251,4154.9,827.9,835.9,838.9,828.9,191.3,192.8,196.3,197.3,4.55,76.1,3.301,-5.8,0.891,0,nominal,0,0.0,194.96,701841.3
158.8,mission_cruise,73.23513062812674,3200.0,43.38243468593663,4152.5,829.9,834.6,840.3,828.3,192.0,193.7,196.7,198.4,4.57,75.7,3.301,4154.9,827.9,835.9,838.9,828.9,191.3,192.8,196.3,197.3,4.55,76.1,3.301,-5.8,0.891,0,nominal,0,0.0,194.96,701841.2
158.9,mission_cruise,73.23401889938854,3200.0,43.38299055030573,4145.9,825.3,834.6,838.7,826.8,189.6,193.0,197.0,197.2,4.58,75.9,3.3,4154.8,827.9,835.9,838.9,828.9,191.3,192.8,196.3,197.3,4.55,76.0,3.301,-5.8,0.891,0,nominal,0,0.0,194.96,701841.1
159.0,mission_cruise,73.23290717065036,3200.0,43.38354641467482,4154.8,828.4,836.6,839.5,827.0,191.5,192.3,195.5,198.3,4.6,75.9,3.289,4154.8,827.9,835.9,838.9,828.9,191.3,192.8,196.3,197.3,4.55,76.0,3.301,-5.8,0.891,0,nominal,0,0.0,194.96,701841.0
159.1,mission_cruise,73.23179544191217,3200.0,43.384102279043915,4151.3,829.2,836.0,842.5,829.6,191.5,193.1,196.2,197.4,4.53,76.2,3.344,4154.8,827.9,835.9,838.9,828.9,191.3,192.8,196.3,197.3,4.55,76.0,3.301,-5.8,0.891,1,injector_clog,4,0.0,194.96,701840.9
159.2,mission_cruise,73.23068371317399,3200.0,43.384658143413006,4147.3,828.6,836.4,837.6,831.7,191.5,192.9,195.5,197.7,4.56,75.6,3.312,4154.3,827.9,835.9,838.9,828.9,191.3,192.8,196.3,197.3,4.55,76.0,3.298,-5.8,0.891,1,injector_clog,4,0.004,191.61,689808.8
159.3,mission_cruise,73.2295719844358,3200.0,43.3852140077821,4146.4,827.0,832.2,839.1,830.0,191.4,192.5,196.3,197.3,4.54,75.7,3.335,4153.4,827.9,835.9,838.9,829.0,191.3,192.8,196.3,197.3,4.55,76.0,3.295,-5.8,0.891,1,injector_clog,4,0.008,189.13,680865.6
159.4,mission_cruise,73.22846025569761,3200.0,43.385769872151194,4153.8,829.9,835.5,840.0,829.6,192.5,192.6,196.7,197.4,4.57,76.2,3.291,4152.2,827.9,835.9,838.9,829.2,191.3,192.8,196.3,197.3,4.55,76.0,3.292,-5.8,0.891,1,injector_clog,4,0.012,186.89,672805.1
159.5,mission_cruise,73.22734852695942,3200.0,43.38632573652029,4149.5,830.2,834.5,839.3,831.1,190.9,192.3,197.3,196.9,4.51,75.5,3.344,4150.7,827.8,835.8,838.8,829.4,191.3,192.8,196.3,197.3,4.55,76.0,3.288,-5.8,0.891,1,injector_clog,4,0.015,184.8,665268.6
159.6,mission_cruise,73.22623679822124,3200.0,43.38688160088938,4147.4,826.8,835.3,837.3,830.7,191.5,193.2,196.8,197.3,4.54,76.3,3.338,4149.0,827.8,835.8,838.8,829.6,191.3,192.8,196.3,197.3,4.55,76.0,3.285,-5.8,0.891,1,injector_clog,4,0.019,182.81,658098.9
159.7,mission_cruise,73.22512506948304,3200.0,43.38743746525848,4145.2,829.6,837.3,839.9,828.2,191.8,192.4,195.3,196.6,4.6,76.4,3.266,4147.2,827.8,835.8,838.8,829.9,191.3,192.8,196.3,197.3,4.55,76.0,3.282,-5.8,0.891,1,injector_clog,4,0.023,180.89,651208.3
159.8,mission_cruise,73.22401334074486,3200.0,43.38799332962757,4144.8,826.0,833.8,837.0,829.9,191.6,193.1,196.0,196.1,4.53,77.4,3.302,4145.2,827.8,835.8,838.8,830.2,191.3,192.8,196.3,197.3,4.55,76.0,3.279,-5.8,0.891,1,injector_clog,4,0.027,179.04,644541.5
159.9,mission_cruise,73.22290161200667,3200.0,43.38854919399667,4135.8,828.4,838.6,839.2,828.7,192.5,194.0,196.7,197.8,4.56,76.8,3.265,4143.1,827.8,835.8,838.8,830.6,191.3,192.8,196.3,197.3,4.55,76.0,3.276,-5.8,0.891,1,injector_clog,4,0.031,177.24,638060.3
160.0,mission_cruise,73.22178988326849,3200.0,43.38910505836576,4143.8,828.0,834.4,841.2,832.8,191.1,191.7,196.9,197.3,4.54,76.5,3.317,4140.9,827.8,835.8,838.8,831.0,191.3,192.8,196.3,197.3,4.55,76.0,3.272,-5.8,0.891,1,injector_clog,4,0.035,175.48,631737.1
160.1,mission_cruise,73.22067815453029,3200.0,43.389660922734855,4134.4,829.0,835.3,839.9,830.8,191.2,193.5,196.8,198.3,4.59,76.6,3.242,4138.6,827.8,835.8,838.8,831.4,191.3,192.8,196.3,197.3,4.55,76.0,3.269,-5.8,0.891,1,injector_clog,4,0.038,173.76,625551.0
160.2,mission_cruise,73.21956642579211,3200.0,43.390216787103945,4123.0,828.7,834.6,838.1,828.9,190.8,192.8,195.9,198.0,4.53,76.5,3.233,4136.3,827.8,835.8,838.8,831.8,191.3,192.8,196.3,197.4,4.55,76.0,3.266,-5.8,0.891,1,injector_clog,4,0.042,172.08,619485.5
160.3,mission_cruise,73.21845469705391,3200.0,43.39077265147304,4131.9,829.3,834.3,838.4,832.2,190.2,191.0,197.0,197.7,4.56,76.0,3.318,4133.9,827.8,835.8,838.8,832.3,191.3,192.8,196.3,197.4,4.55,76.0,3.263,-5.8,0.891,1,injector_clog,4,0.046,170.42,613527.7
160.4,mission_cruise,73.21734296831573,3200.0,43.39132851584213,4132.0,827.0,837.3,837.0,833.4,191.0,193.2,198.3,197.2,4.58,76.0,3.312,4131.5,827.8,835.8,838.8,832.8,191.3,192.8,196.3,197.4,4.55,76.0,3.26,-5.8,0.891,1,injector_clog,4,0.05,168.8,607666.8
160.5,mission_cruise,73.21623123957754,3200.0,43.39188438021123,4129.5,830.0,834.5,839.2,833.8,190.4,192.7,195.4,197.3,4.54,76.0,3.241,4129.0,827.8,835.8,838.8,833.4,191.3,192.8,196.3,197.4,4.55,76.0,3.256,-5.8,0.891,1,injector_clog,4,0.054,167.19,601894.0
160.6,mission_cruise,73.21511951083936,3200.0,43.39244024458032,4132.2,825.6,837.3,840.6,832.2,191.6,193.2,194.9,198.5,4.54,76.0,3.238,4126.5,827.8,835.8,838.8,833.9,191.3,192.8,196.3,197.4,4.55,76.0,3.253,-5.8,0.891,1,injector_clog,4,0.058,165.61,596201.7
160.7,mission_cruise,73.21400778210116,3200.0,43.39299610894942,4132.0,827.7,838.0,837.8,833.7,191.0,193.4,195.5,197.1,4.58,75.4,3.294,4124.0,827.8,835.8,838.8,834.5,191.3,192.8,196.3,197.4,4.55,76.0,3.25,-5.8,0.891,1,injector_clog,4,0.061,164.05,590583.5
160.8,mission_cruise,73.21289605336298,3200.0,43.39355197331851,4116.0,827.7,834.6,839.3,834.8,190.5,192.0,196.5,196.9,4.53,75.2,3.176,4121.5,827.8,835.8,838.8,835.1,191.3,192.8,196.3,197.4,4.55,76.0,3.247,-5.8,0.891,1,injector_clog,4,0.065,162.51,585033.9
160.9,mission_cruise,73.21178432462479,3200.0,43.394107837687606,4116.2,827.0,835.0,839.6,833.5,191.6,193.3,196.0,197.4,4.49,76.0,3.277,4118.9,827.8,835.8,838.8,835.8,191.3,192.8,196.3,197.4,4.55,76.0,3.244,-5.8,0.891,1,injector_clog,4,0.069,160.99,579548.0
161.0,mission_cruise,73.2106725958866,3200.0,43.3946637020567,4113.8,827.3,836.3,835.6,837.0,191.9,193.5,196.1,197.4,4.56,76.2,3.241,4116.3,827.8,835.8,838.8,836.4,191.3,192.8,196.3,197.4,4.55,76.0,3.24,-5.8,0.891,1,injector_clog,4,0.073,159.48,574121.7
161.1,mission_cruise,73.20956086714841,3200.0,43.395219566425794,4124.2,825.8,835.1,839.9,835.8,191.6,192.6,195.2,198.3,4.53,76.6,3.239,4113.8,827.8,835.8,838.8,837.1,191.3,192.8,196.3,197.4,4.55,76.0,3.237,-5.8,0.891,1,injector_clog,4,0.077,157.99,568751.2
161.2,mission_cruise,73.20844913841023,3200.0,43.395775430794885,4119.1,828.1,835.6,839.3,837.9,190.0,192.6,196.1,197.6,4.53,75.5,3.219,4111.2,827.8,835.8,838.8,837.7,191.3,192.8,196.3,197.4,4.54,76.0,3.234,-5.8,0.891,1,injector_clog,4,0.08,156.51,563433.1
161.3,mission_cruise,73.20733740967204,3200.0,43.39633129516398,4110.9,828.7,835.6,839.0,836.1,190.8,192.6,195.9,197.7,4.55,75.9,3.252,4108.6,827.8,835.8,838.8,838.4,191.3,192.8,196.3,197.4,4.54,76.0,3.231,-5.8,0.891,1,injector_clog,4,0.084,155.05,558164.5
161.4,mission_cruise,73.20622568093385,3200.0,43.39688715953307,4097.3,828.6,836.4,837.9,840.7,191.5,192.8,196.0,197.2,4.55,76.0,3.279,4106.0,827.8,835.8,838.8,839.2,191.3,192.8,196.3,197.4,4.54,76.0,3.228,-5.8,0.891,1,injector_clog,4,0.088,153.6,552942.7
161.5,mission_cruise,73.20511395219566,3200.0,43.39744302390217,4100.2,827.7,836.0,839.7,839.7,191.5,193.1,197.2,197.3,4.54,76.1,3.184,4103.4,827.8,835.8,838.8,839.9,191.3,192.8,196.3,197.4,4.54,76.0,3.224,-5.8,0.891,1,injector_clog,4,0.092,152.16,547765.3
161.6,mission_cruise,73.20400222345748,3200.0,43.39799888827126,4096.3,830.1,835.8,838.7,842.6,192.3,193.0,195.8,197.6,4.59,76.3,3.22,4100.8,827.8,835.8,838.8,840.6,191.3,192.8,196.3,197.5,4.54,76.0,3.221,-5.8,0.891,1,injector_clog,4,0.096,150.73,542629.9
161.7,mission_cruise,73.20289049471928,3200.0,43.39855475264036,4089.4,829.9,834.6,841.4,837.7,191.4,192.4,195.9,198.1,4.53,76.0,3.245,4098.2,827.8,835.8,838.8,841.4,191.3,192.8,196.3,197.5,4.54,76.0,3.218,-5.8,0.891,1,injector_clog,4,0.1,149.32,537534.7
161.8,mission_cruise,73.2017787659811,3200.0,43.39911061700945,4098.6,827.6,835.6,839.5,841.3,190.9,193.0,196.6,197.8,4.54,75.8,3.215,4095.6,827.8,835.8,838.8,842.2,191.3,192.8,196.3,197.5,4.54,76.0,3.215,-5.8,0.891,1,injector_clog,4,0.104,147.91,532477.8
161.9,mission_cruise,73.20066703724291,3200.0,43.399666481378546,4087.4,827.1,836.9,837.8,844.2,191.1,192.8,195.8,196.6,4.55,76.0,3.222,4093.0,827.8,835.8,838.8,842.9,191.3,192.8,196.3,197.5,4.54,76.0,3.212,-5.8,0.891,1,injector_clog,4,0.107,146.52,527457.5
162.0,mission_cruise,73.19955530850473,3200.0,43.400222345747636,4094.6,828.9,835.5,839.8,844.8,192.1,192.4,196.4,197.9,4.53,76.4,3.242,4090.4,827.8,835.8,838.8,843.7,191.3,192.8,196.3,197.5,4.54,76.0,3.208,-5.8,0.891,1,injector_clog,4,0.111,145.13,522472.2
162.1,mission_cruise,73.19844357976653,3200.0,43.400778210116734,4088.1,826.3,834.7,841.6,844.4,190.8,193.5,195.6,197.3,4.53,75.3,3.18,4087.7,827.8,835.8,838.8,844.5,191.3,192.8,196.3,197.5,4.54,76.0,3.205,-5.8,0.891,1,injector_clog,4,0.115,143.76,517520.5
162.2,mission_cruise,73.19733185102835,3200.0,43.401334074485824,4091.6,826.8,836.2,839.4,845.7,191.0,192.4,196.9,198.5,4.54,76.3,3.169,4085.1,827.8,835.8,838.8,845.3,191.3,192.8,196.3,197.5,4.54,76.0,3.202,-5.8,0.891,1,injector_clog,4,0.119,142.39,512601.0
162.3,mission_cruise,73.19622012229016,3200.0,43.40188993885492,4078.4,831.6,834.6,838.7,847.1,191.0,192.8,197.0,196.6,4.55,76.8,3.199,4082.5,827.8,835.8,838.8,846.2,191.3,192.8,196.3,197.5,4.54,76.0,3.199,-5.8,0.891,1,injector_clog,4,0.123,141.03,507712.5
162.4,mission_cruise,73.19510839355198,3200.0,43.40244580322401,4081.0,827.4,833.6,838.8,848.4,191.7,192.6,196.5,198.1,4.55,75.9,3.175,4079.9,827.8,835.8,838.8,847.0,191.3,192.8,196.3,197.6,4.54,76.0,3.196,-5.8,0.891,1,injector_clog,4,0.127,139.68,502853.8
162.5,mission_cruise,73.19399666481378,3200.0,43.40300166759311,4081.9,828.7,835.9,837.5,848.6,192.9,192.9,195.6,197.3,4.5,76.3,3.222,4077.3,827.8,835.8,838.8,847.8,191.3,192.8,196.3,197.6,4.53,76.0,3.192,-5.8,0.891,1,injector_clog,4,0.13,138.34,498023.9
162.6,mission_cruise,73.1928849360756,3200.0,43.4035575319622,4076.6,827.8,837.1,838.6,849.6,191.4,193.1,196.3,198.1,4.59,76.1,3.222,4074.7,827.8,835.8,838.8,848.7,191.3,192.8,196.3,197.6,4.53,76.0,3.189,-5.8,0.891,1,injector_clog,4,0.134,137.01,493221.8
162.7,mission_cruise,73.1917732073374,3200.0,43.4041133963313,4079.9,826.1,836.4,840.4,848.5,190.9,192.8,196.8,197.7,4.52,75.9,3.206,4072.0,827.8,835.8,838.8,849.5,191.3,192.8,196.3,197.6,4.53,76.0,3.186,-5.8,0.891,1,injector_clog,4,0.138,135.68,488446.4
162.8,mission_cruise,73.19066147859922,3200.0,43.40466926070039,4066.0,829.3,836.7,836.7,848.3,190.6,192.6,196.5,198.3,4.53,75.1,3.204,4069.4,827.8,835.8,838.8,850.4,191.3,192.8,196.3,197.6,4.53,76.0,3.183,-5.8,0.891,1,injector_clog,4,0.142,134.36,483696.9
162.9,mission_cruise,73.18954974986103,3200.0,43.405225125069485,4065.5,826.9,837.4,838.7,852.7,190.9,191.9,196.8,198.4,4.49,75.8,3.199,4066.8,827.8,835.8,838.8,851.3,191.3,192.8,196.3,197.6,4.53,76.0,3.18,-5.8,0.891,1,injector_clog,4,0.146,133.05,478972.5
163.0,mission_cruise,73.18843802112285,3200.0,43.405780989438576,4057.2,825.3,834.3,837.1,853.0,191.3,192.8,196.7,196.6,4.49,75.7,3.112,4064.2,827.8,835.8,838.8,852.1,191.3,192.8,196.3,197.6,4.53,76.0,3.176,-5.8,0.891,1,injector_clog,4,0.15,131.74,474272.4
163.1,mission_cruise,73.18732629238465,3200.0,43.40633685380767,4055.6,826.8,835.6,841.8,855.4,191.5,193.0,197.2,197.0,4.46,75.9,3.151,4061.6,827.8,835.8,838.8,853.0,191.3,192.8,196.3,197.7,4.53,76.0,3.173,-5.8,0.891,1,injector_clog,4,0.153,130.44,469595.8
163.2,mission_cruise,73.18621456364647,3200.0,43.40689271817676,4062.8,826.6,836.1,839.5,851.2,191.5,192.0,196.0,197.7,4.53,75.4,3.152,4058.9,827.8,835.8,838.8,853.9,191.3,192.8,196.3,197.7,4.53,76.0,3.17,-5.8,0.891,1,injector_clog,4,0.157,129.15,464942.0
163.3,mission_cruise,73.18510283490828,3200.0,43.40744858254586,4054.2,825.7,836.7,838.5,855.1,191.0,193.0,196.4,197.1,4.52,75.7,3.164,4056.3,827.8,835.8,838.8,854.8,191.3,192.8,196.3,197.7,4.53,76.0,3.167,-5.8,0.891,1,injector_clog,4,0.161,127.86,460310.4
163.4,mission_cruise,73.1839911061701,3200.0,43.40800444691495,4051.8,826.3,835.9,840.7,856.2,190.9,192.9,196.6,197.8,4.54,75.4,3.12,4053.7,827.8,835.8,838.8,855.7,191.3,192.8,196.3,197.7,4.53,76.0,3.164,-5.8,0.891,1,injector_clog,4,0.165,126.58,455700.3
163.5,mission_cruise,73.1828793774319,3200.0,43.40856031128405,4052.1,824.8,835.5,840.8,856.0,191.0,192.6,195.9,196.6,4.55,76.0,3.161,4051.1,827.8,835.8,838.8,856.6,191.3,192.8,196.3,197.7,4.53,76.0,3.16,-5.8,0.891,1,injector_clog,4,0.169,125.31,451111.1
163.6,mission_cruise,73.18176764869372,3200.0,43.40911617565314,4043.6,827.8,833.4,839.5,860.7,191.1,193.2,195.8,198.4,4.52,75.6,3.142,4048.5,827.8,835.8,838.8,857.5,191.3,192.8,196.3,197.7,4.53,76.0,3.157,-5.8,0.891,1,injector_clog,4,0.173,124.04,446542.3
163.7,mission_cruise,73.18065591995553,3200.0,43.40967204002224,4038.6,828.5,834.8,839.1,859.9,190.7,193.3,197.3,197.0,4.52,76.1,3.134,4045.8,827.8,835.8,838.8,858.4,191.3,192.8,196.3,197.8,4.53,76.0,3.154,-5.8,0.891,1,injector_clog,4,0.176,122.78,441993.3
163.8,mission_cruise,73.17954419121735,3200.0,43.41022790439133,4037.6,828.1,835.4,838.7,861.3,191.3,192.5,197.0,197.6,4.52,76.0,3.153,4043.2,827.8,835.8,838.8,859.3,191.3,192.8,196.3,197.8,4.52,76.0,3.151,-5.8,0.891,1,injector_clog,4,0.18,121.52,437463.6
163.9,mission_cruise,73.17843246247915,3200.0,43.410783768760425,4045.4,827.5,839.0,838.8,861.5,191.8,192.2,195.5,198.0,4.52,76.5,3.133,4040.6,827.8,835.8,838.8,860.2,191.3,192.8,196.3,197.8,4.52,76.0,3.148,-5.8,0.891,1,injector_clog,4,0.184,120.26,432952.7
164.0,mission_cruise,73.17732073374097,3200.0,43.411339633129515,4039.8,826.9,835.4,839.0,860.5,191.8,191.3,197.1,197.4,4.5,75.9,3.11,4038.0,827.8,835.8,838.8,861.1,191.3,192.8,196.3,197.8,4.52,76.0,3.144,-5.8,0.891,1,injector_clog,4,0.188,119.02,428460.1
164.1,mission_cruise,73.17620900500278,3200.0,43.41189549749861,4041.2,826.4,836.8,837.4,860.0,191.7,193.2,196.4,197.2,4.52,76.4,3.127,4035.4,827.8,835.8,838.8,862.0,191.3,192.8,196.3,197.8,4.52,76.0,3.141,-5.8,0.891,1,injector_clog,4,0.192,117.77,423985.4
164.2,mission_cruise,73.1750972762646,3200.0,43.4124513618677,4035.0,824.5,836.6,837.6,862.9,190.9,192.8,196.9,198.7,4.51,76.0,3.161,4032.7,827.8,835.8,838.8,863.0,191.3,192.8,196.3,197.8,4.52,76.0,3.138,-5.8,0.891,1,injector_clog,4,0.195,116.54,419528.2
164.3,mission_cruise,73.1739855475264,3200.0,43.4130072262368,4030.9,828.6,836.2,839.5,862.2,191.8,193.1,196.4,199.1,4.53,75.4,3.129,4030.1,827.8,835.8,838.8,863.9,191.3,192.8,196.3,197.9,4.52,76.0,3.135,-5.8,0.891,1,injector_clog,4,0.199,115.3,415088.1
164.4,mission_cruise,73.17287381878822,3200.0,43.41356309060589,4019.0,825.6,834.9,839.5,865.0,191.1,194.0,197.0,197.4,4.46,76.6,3.141,4027.5,827.8,835.8,838.8,864.8,191.3,192.8,196.3,197.9,4.52,76.0,3.132,-5.8,0.891,1,injector_clog,4,0.203,114.07,410664.6
164.5,mission_cruise,73.17176209005002,3200.0,43.41411895497499,4029.0,828.3,837.6,840.4,864.3,189.9,192.9,197.0,197.8,4.51,75.8,3.124,4024.9,827.8,835.8,838.8,865.8,191.3,192.8,196.3,197.9,4.52,75.9,3.128,-5.8,0.891,1,injector_clog,4,0.207,112.85,406257.4
164.6,mission_cruise,73.17065036131184,3200.0,43.41467481934408,4023.2,827.6,835.2,838.6,867.6,191.8,191.9,198.0,198.6,4.53,76.2,3.177,4022.3,827.8,835.8,838.8,866.7,191.3,192.8,196.3,197.9,4.52,75.9,3.125,-5.8,0.891,1,injector_clog,4,0.211,111.63,401866.1
164.7,mission_cruise,73.16953863257365,3200.0,43.415230683713176,4032.0,828.3,835.0,838.7,867.5,191.5,192.2,196.5,198.4,4.49,75.9,3.075,4019.6,827.7,835.7,838.7,867.6,191.3,192.8,196.3,197.9,4.52,75.9,3.122,-5.8,0.891,1,injector_clog,4,0.215,110.41,397490.4
164.8,mission_cruise,73.16842690383547,3200.0,43.41578654808227,4018.0,826.2,836.2,837.9,865.4,189.9,191.8,196.1,198.1,4.54,76.0,3.124,4017.0,827.7,835.7,838.7,868.6,191.3,192.8,196.3,198.0,4.52,75.9,3.119,-5.8,0.891,1,injector_clog,4,0.219,109.2,393129.9
164.9,mission_cruise,73.16731517509727,3200.0,43.416342412451364,4012.9,828.6,837.9,840.1,868.0,191.9,193.2,196.4,197.2,4.52,75.4,3.123,4014.4,827.7,835.7,838.7,869.5,191.3,192.8,196.3,198.0,4.52,75.9,3.116,-5.8,0.891,1,injector_clog,4,0.222,108.0,388784.3
165.0,mission_cruise,73.16620344635909,3200.0,43.416898276820454,4018.6,828.8,834.6,838.0,874.7,191.2,192.3,196.7,197.4,4.53,75.4,3.148,4011.8,827.7,835.7,838.7,870.5,191.3,192.8,196.3,198.0,4.52,75.9,3.112,-5.8,0.891,1,injector_clog,4,0.226,106.79,384453.4
165.1,mission_cruise,73.1650917176209,3200.0,43.41745414118955,4011.2,830.5,834.5,837.0,873.9,190.6,192.3,196.0,197.3,4.52,76.4,3.078,4009.2,827.7,835.7,838.7,871.4,191.3,192.8,196.3,198.0,4.51,75.9,3.109,-5.8,0.891,1,injector_clog,4,0.23,105.59,380136.7
165.2,mission_cruise,73.16397998888272,3200.0,43.41801000555864,4009.8,825.4,835.2,838.0,874.3,191.8,193.4,196.7,197.2,4.5,75.3,3.081,4006.5,827.7,835.7,838.7,872.4,191.3,192.8,196.3,198.1,4.51,75.9,3.106,-5.8,0.891,1,injector_clog,4,0.234,104.4,375834.1
165.3,mission_cruise,73.16286826014452,3200.0,43.41856586992774,4002.8,827.6,836.1,837.6,872.6,191.5,192.9,197.3,198.0,4.54,76.1,3.059,4003.9,827.7,835.7,838.7,873.3,191.3,192.8,196.3,198.1,4.51,75.9,3.103,-5.8,0.891,1,injector_clog,4,0.238,103.21,371545.3
165.4,mission_cruise,73.16175653140634,3200.0,43.41912173429683,3995.0,828.6,838.1,840.2,872.5,191.1,192.1,195.6,198.8,4.51,75.7,3.113,4001.3,827.7,835.7,838.7,874.3,191.3,192.8,196.3,198.1,4.51,75.9,3.1,-5.8,0.891,1,injector_clog,4,0.242,102.02,367269.9
165.5,mission_cruise,73.16064480266814,3200.0,43.41967759866593,3996.1,826.3,837.1,837.6,874.1,191.7,192.7,196.6,198.5,4.51,76.3,3.113,3998.7,827.7,835.7,838.7,875.2,191.3,192.8,196.3,198.1,4.51,75.9,3.096,-5.8,0.891,1,injector_clog,4,0.245,100.84,363007.8
165.6,mission_cruise,73.15953307392996,3200.0,43.42023346303502,3995.5,827.2,837.1,837.4,875.9,191.1,193.7,196.0,197.8,4.51,75.4,3.073,3996.1,827.7,835.7,838.7,876.2,191.3,192.8,196.3,198.1,4.51,75.9,3.093,-5.8,0.891,1,injector_clog,4,0.249,99.66,358758.7
165.7,mission_cruise,73.15842134519177,3200.0,43.420789327404115,3992.0,827.5,834.4,841.5,877.8,191.4,192.5,197.0,198.6,4.54,75.8,3.062,3993.4,827.7,835.7,838.7,877.1,191.3,192.8,196.3,198.2,4.51,75.9,3.09,-5.8,0.891,1,injector_clog,4,0.253,98.48,354522.3
165.8,mission_cruise,73.15730961645359,3200.0,43.421345191773206,3990.8,830.5,834.5,840.5,876.7,191.3,192.5,196.9,199.1,4.52,75.7,3.058,3990.8,827.7,835.7,838.7,878.1,191.3,192.8,196.3,198.2,4.51,75.9,3.087,-5.8,0.891,1,injector_clog,4,0.257,97.31,350298.4
165.9,mission_cruise,73.1561978877154,3200.0,43.4219010561423,3991.0,828.0,836.5,838.8,878.9,191.0,193.0,196.2,197.3,4.53,76.4,3.122,3988.2,827.7,835.7,838.7,879.0,191.3,192.8,196.3,198.2,4.51,75.9,3.084,-5.8,0.891,1,injector_clog,4,0.261,96.14,346086.8
166.0,mission_cruise,73.15508615897721,3200.0,43.422456920511394,3984.1,829.5,836.0,840.3,880.1,191.1,192.6,195.8,197.6,4.5,76.1,3.114,3985.6,827.7,835.7,838.7,880.0,191.3,192.8,196.3,198.2,4.51,75.9,3.08,-5.8,0.891,1,injector_clog,4,0.265,94.97,341887.3
166.1,mission_cruise,73.15397443023902,3200.0,43.42301278488049,3985.7,828.5,833.8,839.4,881.3,192.4,192.5,196.4,199.0,4.47,75.3,3.092,3983.0,827.7,835.7,838.7,880.9,191.3,192.8,196.3,198.3,4.51,75.9,3.077,-5.8,0.891,1,injector_clog,4,0.268,93.81,337699.6
166.2,mission_cruise,73.15286270150084,3200.0,43.42356864924958,3983.1,828.0,836.9,837.7,882.6,190.0,192.1,195.0,198.8,4.51,76.0,3.104,3980.3,827.7,835.7,838.7,881.9,191.3,192.8,196.3,198.3,4.51,75.9,3.074,-5.8,0.891,1,injector_clog,4,0.272,92.65,333523.6
166.3,mission_cruise,73.15175097276264,3200.0,43.42412451361868,3975.6,827.6,835.0,839.4,883.3,190.5,193.6,197.1,198.9,4.49,76.0,3.082,3977.7,827.7,835.7,838.7,882.9,191.3,192.8,196.3,198.3,4.5,75.9,3.071,-5.8,0.891,1,injector_clog,4,0.276,91.49,329359.1
166.4,mission_cruise,73.15063924402446,3200.0,43.42468037798777,3976.9,826.4,835.7,837.9,884.7,191.3,192.5,196.9,198.8,4.53,75.8,3.072,3975.1,827.7,835.7,838.7,883.8,191.3,192.8,196.3,198.3,4.5,75.9,3.068,-5.8,0.891,1,injector_clog,4,0.28,90.33,325205.8
166.5,mission_cruise,73.14952751528627,3200.0,43.42523624235687,3970.7,827.7,834.9,838.9,886.9,191.7,192.3,195.5,199.0,4.49,75.9,3.072,3972.5,827.7,835.7,838.7,884.8,191.3,192.8,196.3,198.4,4.5,75.9,3.064,-5.8,0.891,1,injector_clog,4,0.284,89.18,321063.6
166.6,mission_cruise,73.14841578654809,3200.0,43.42579210672596,3975.4,828.8,837.8,840.1,885.1,190.0,192.1,195.9,198.7,4.49,75.8,3.059,3969.9,827.7,835.7,838.7,885.8,191.3,192.8,196.3,198.4,4.5,75.9,3.061,-5.8,0.891,1,injector_clog,4,0.288,88.04,316932.4
166.7,mission_cruise,73.14730405780989,3200.0,43.426347971095055,3962.8,828.1,836.0,838.5,886.2,191.8,193.6,196.8,198.0,4.51,75.4,3.098,3967.3,827.7,835.7,838.7,886.7,191.3,192.8,196.3,198.4,4.5,75.9,3.058,-5.8,0.891,1,injector_clog,4,0.291,86.89,312811.8
166.8,mission_cruise,73.14619232907171,3200.0,43.426903835464145,3962.6,828.8,835.3,838.8,886.6,191.2,192.4,196.2,199.2,4.46,76.0,3.049,3964.6,827.7,835.7,838.7,887.7,191.3,192.8,196.3,198.5,4.5,75.9,3.055,-5.8,0.891,1,injector_clog,4,0.295,85.75,308701.9
166.9,mission_cruise,73.14508060033351,3200.0,43.42745969983324,3972.1,826.3,835.6,838.7,890.6,191.2,193.5,196.7,198.7,4.5,76.2,3.033,3962.0,827.7,835.7,838.7,888.7,191.3,192.8,196.3,198.5,4.5,75.9,3.052,-5.8,0.891,1,injector_clog,4,0.299,84.61,304602.3
167.0,mission_cruise,73.14396887159533,3200.0,43.42801556420233,3950.8,827.4,837.9,838.9,889.6,190.6,192.5,195.8,198.9,4.48,75.9,3.033,3959.4,827.7,835.7,838.7,889.6,191.3,192.8,196.3,198.5,4.5,75.9,3.048,-5.8,0.891,1,injector_clog,4,0.303,83.48,300513.0
167.1,mission_cruise,73.14285714285714,3200.0,43.42857142857143,3954.0,833.5,835.7,837.6,890.6,192.0,192.8,196.1,198.2,4.53,75.5,3.069,3956.8,827.7,835.7,838.7,890.6,191.3,192.8,196.3,198.5,4.5,75.9,3.045,-5.8,0.891,1,injector_clog,4,0.307,82.34,296433.7
167.2,mission_cruise,73.14174541411896,3200.0,43.42912729294052,3956.0,829.0,835.9,840.2,889.5,191.3,193.4,195.7,199.0,4.46,75.9,2.986,3954.2,827.7,835.7,838.7,891.6,191.3,192.8,196.3,198.6,4.5,75.9,3.042,-5.8,0.891,1,injector_clog,4,0.31,81.21,292364.4
167.3,mission_cruise,73.14063368538076,3200.0,43.42968315730962,3941.0,826.2,836.5,838.4,891.6,190.7,192.8,196.2,199.8,4.54,76.8,3.053,3951.5,827.7,835.7,838.7,892.5,191.3,192.8,196.3,198.6,4.5,75.9,3.039,-5.8,0.891,1,injector_clog,4,0.314,80.08,288304.9
167.4,mission_cruise,73.13952195664258,3200.0,43.43023902167871,3948.8,827.6,836.8,838.9,894.3,191.9,193.0,197.3,198.1,4.49,75.3,3.059,3948.9,827.7,835.7,838.7,893.5,191.3,192.8,196.3,198.6,4.5,75.9,3.036,-5.8,0.891,1,injector_clog,4,0.318,78.96,284255.0
167.5,mission_cruise,73.13841022790439,3200.0,43.430794886047806,3943.9,825.7,835.1,840.0,895.2,191.6,192.0,197.2,198.1,4.51,75.5,3.046,3946.3,827.7,835.7,838.7,894.5,191.3,192.8,196.3,198.6,4.49,75.9,3.032,-5.8,0.891,1,injector_clog,4,0.322,77.84,280214.6
167.6,mission_cruise,73.1372984991662,3200.0,43.4313507504169,3941.6,827.6,836.3,839.7,895.9,191.3,192.7,196.4,199.2,4.51,76.4,3.044,3943.7,827.7,835.7,838.7,895.4,191.3,192.8,196.3,198.7,4.49,75.9,3.029,-5.8,0.891,1,injector_clog,4,0.326,76.72,276183.6
167.7,mission_cruise,73.13618677042801,3200.0,43.431906614785994,3936.8,825.6,836.5,840.9,897.4,191.7,192.4,197.1,198.8,4.5,75.6,2.983,3941.1,827.7,835.7,838.7,896.4,191.3,192.8,196.3,198.7,4.49,75.8,3.026,-5.8,0.891,1,injector_clog,4,0.33,75.6,272161.9
167.8,mission_cruise,73.13507504168983,3200.0,43.432462479155085,3941.5,827.6,834.3,840.0,895.7,192.0,192.5,195.4,198.9,4.48,76.4,3.026,3938.4,827.7,835.7,838.7,897.4,191.3,192.8,196.3,198.7,4.49,75.8,3.023,-5.8,0.891,1,injector_clog,4,0.334,74.49,268149.2
167.9,mission_cruise,73.13396331295164,3200.0,43.43301834352418,3944.9,827.2,836.0,838.7,898.2,191.9,192.6,195.1,197.9,4.45,75.9,3.037,3935.8,827.7,835.7,838.7,898.3,191.3,192.8,196.3,198.8,4.49,75.8,3.02,-5.8,0.891,1,injector_clog,4,0.337,73.37,264145.5
168.0,mission_cruise,73.13285158421345,3200.0,43.43357420789327,3931.8,826.5,836.0,839.5,900.5,190.7,193.0,194.8,199.6,4.51,75.2,2.991,3933.2,827.7,835.7,838.7,899.3,191.3,192.8,196.3,198.8,4.49,75.8,3.016,-5.8,0.891,1,injector_clog,4,0.341,72.26,260150.7
168.1,mission_cruise,73.13173985547526,3200.0,43.43413007226237,3928.9,826.8,834.9,837.1,902.3,190.6,192.8,197.0,197.5,4.49,76.0,3.054,3930.6,827.7,835.7,838.7,900.3,191.3,192.8,196.3,198.8,4.49,75.8,3.013,-5.8,0.891,1,injector_clog,4,0.345,71.16,256164.6
168.2,mission_cruise,73.13062812673708,3200.0,43.43468593663146,3924.6,826.3,833.7,837.7,901.2,190.3,192.2,196.1,198.7,4.49,76.1,3.0,3928.0,827.7,835.7,838.7,901.3,191.3,192.8,196.3,198.8,4.49,75.8,3.01,-5.8,0.891,1,injector_clog,4,0.349,70.05,252187.2
168.3,mission_cruise,73.12951639799888,3200.0,43.43524180100056,3931.6,828.8,835.9,837.9,903.2,191.1,193.6,195.9,200.2,4.47,75.6,3.062,3925.4,827.7,835.7,838.7,902.2,191.3,192.8,196.3,198.9,4.49,75.8,3.007,-5.8,0.891,1,injector_clog,4,0.353,68.95,248218.2
168.4,mission_cruise,73.1284046692607,3200.0,43.43579766536965,3915.1,827.2,836.9,837.7,902.1,190.9,193.9,194.8,199.5,4.44,76.1,2.968,3922.7,827.7,835.7,838.7,903.2,191.3,192.8,196.3,198.9,4.49,75.8,3.004,-5.8,0.891,1,injector_clog,4,0.357,67.85,244257.7
168.5,mission_cruise,73.12729294052251,3200.0,43.436353529738746,3917.5,826.3,836.3,841.0,903.7,191.2,193.5,196.4,198.9,4.49,75.8,3.018,3920.1,827.7,835.7,838.7,904.2,191.3,192.8,196.3,198.9,4.49,75.8,3.0,-5.8,0.891,1,injector_clog,4,0.36,66.75,240305.4
168.6,mission_cruise,73.12618121178433,3200.0,43.436909394107836,3924.8,828.3,837.1,837.7,904.1,192.2,193.0,196.4,199.5,4.51,75.1,2.922,3917.5,827.7,835.7,838.7,905.2,191.3,192.8,196.3,199.0,4.49,75.8,2.997,-5.8,0.891,1,injector_clog,4,0.364,65.66,236361.4
168.7,mission_cruise,73.12506948304613,3200.0,43.437465258476934,3921.7,827.1,834.1,840.2,906.3,191.8,193.4,195.3,198.9,4.49,76.5,2.972,3914.9,827.7,835.7,838.7,906.1,191.3,192.8,196.3,199.0,4.48,75.8,2.994,-5.8,0.891,1,injector_clog,4,0.368,64.56,232425.4
168.8,mission_cruise,73.12395775430795,3200.0,43.438021122846024,3912.6,826.0,836.6,841.0,906.9,190.5,192.2,195.9,198.8,4.48,76.7,3.039,3912.3,827.7,835.7,838.7,907.1,191.3,192.8,196.3,199.0,4.48,75.8,2.991,-5.8,0.891,1,injector_clog,4,0.372,63.47,228497.4
168.9,mission_cruise,73.12284602556976,3200.0,43.43857698721512,3911.5,827.4,836.9,841.2,909.9,190.8,192.2,196.3,199.2,4.44,75.8,2.932,3909.6,827.7,835.7,838.7,908.1,191.3,192.8,196.3,199.1,4.48,75.8,2.988,-5.8,0.891,1,injector_clog,4,0.376,62.38,224577.3
169.0,mission_cruise,73.12173429683158,3200.0,43.43913285158421,3894.6,829.0,836.6,838.9,906.9,192.0,193.7,196.7,199.2,4.46,75.6,3.01,3907.0,827.7,835.7,838.7,909.1,191.3,192.8,196.3,199.1,4.48,75.8,2.984,-5.8,0.891,1,injector_clog,4,0.38,61.3,220664.9
169.1,mission_cruise,73.12062256809338,3200.0,43.43968871595331,3906.5,826.8,836.8,838.2,907.7,191.8,192.7,196.8,198.2,4.51,75.7,2.992,3904.4,827.7,835.7,838.7,910.0,191.3,192.8,196.3,199.1,4.48,75.8,2.981,-5.8,0.891,1,injector_clog,4,0.383,60.21,216760.3
169.2,mission_cruise,73.1195108393552,3200.0,43.4402445803224,3898.2,830.5,834.1,837.1,911.7,191.4,192.6,196.1,198.5,4.43,76.0,2.981,3901.8,827.7,835.7,838.7,911.0,191.3,192.8,196.3,199.2,4.48,75.8,2.978,-5.8,0.891,1,injector_clog,4,0.387,59.13,212863.3
169.3,mission_cruise,73.118399110617,3200.0,43.4408004446915,3904.6,828.1,836.7,838.2,913.4,191.0,193.0,194.8,198.8,4.49,76.0,2.951,3899.2,827.7,835.7,838.7,912.0,191.3,192.8,196.3,199.2,4.48,75.8,2.975,-5.8,0.891,1,injector_clog,4,0.391,58.05,208973.7
169.4,mission_cruise,73.11728738187882,3200.0,43.44135630906059,3902.3,828.1,833.2,836.8,912.6,191.2,193.1,195.7,198.9,4.44,75.5,2.998,3896.6,827.7,835.7,838.7,913.0,191.3,192.8,196.3,199.2,4.48,75.8,2.972,-5.8,0.891,1,injector_clog,4,0.395,56.97,205091.6
169.5,mission_cruise,73.11617565314063,3200.0,43.441912173429685,3888.6,827.3,836.8,838.6,912.6,190.7,191.9,197.4,198.6,4.47,75.4,2.985,3893.9,827.7,835.7,838.7,913.9,191.3,192.8,196.3,199.3,4.48,75.8,2.968,-5.8,0.891,1,injector_clog,4,0.399,55.89,201216.8
169.6,mission_cruise,73.11506392440245,3200.0,43.442468037798776,3887.4,826.5,836.9,837.3,915.3,191.9,192.9,196.4,198.9,4.49,75.2,2.97,3891.3,827.7,835.7,838.7,914.9,191.3,192.8,196.3,199.2,4.48,75.8,2.965,-5.8,0.891,1,injector_clog,4,0.403,54.82,197349.3
169.7,mission_cruise,73.11395219566425,3200.0,43.44302390216787,3888.9,827.5,835.9,838.1,913.5,191.6,192.4,196.0,199.7,4.46,75.8,2.929,3888.7,827.7,835.7,838.7,915.9,191.3,192.8,196.3,199.2,4.48,75.8,2.962,-5.8,0.891,1,injector_clog,4,0.406,53.75,193489.0
169.8,mission_cruise,73.11284046692607,3200.0,43.44357976653696,3886.1,829.2,835.8,836.6,917.3,191.8,192.1,195.4,199.2,4.5,76.6,2.971,3886.1,827.7,835.7,838.7,916.9,191.3,192.8,196.3,199.1,4.48,75.8,2.959,-5.8,0.891,1,injector_clog,4,0.41,52.68,189635.7
169.9,mission_cruise,73.11172873818788,3200.0,43.44413563090606,3880.6,826.9,836.1,838.2,918.9,191.5,192.1,196.8,200.2,4.48,75.7,2.968,3883.5,827.6,835.6,838.6,917.8,191.3,192.8,196.3,199.1,4.47,75.8,2.956,-5.8,0.891,1,injector_clog,4,0.414,51.61,185789.4
170.0,mission_cruise,73.1106170094497,3200.0,43.44469149527515,3874.4,827.8,835.3,837.0,918.4,190.7,193.0,195.4,198.1,4.46,76.0,2.934,3880.8,827.6,835.6,838.6,918.8,191.3,192.8,196.3,199.0,4.47,75.8,2.952,-5.8,0.891,1,injector_clog,4,0.418,50.54,181950.1
170.1,mission_cruise,73.1095052807115,3200.0,43.44524735964425,3874.3,826.2,834.2,838.8,922.6,191.3,192.8,196.1,199.3,4.48,76.0,2.954,3878.2,827.6,835.6,838.6,919.8,191.3,192.8,196.3,199.0,4.47,75.8,2.949,-5.8,0.891,1,injector_clog,4,0.422,49.48,178117.6
170.2,mission_cruise,73.10839355197332,3200.0,43.44580322401334,3872.7,829.2,833.1,838.7,920.7,192.1,191.9,196.2,199.9,4.45,75.4,2.963,3875.6,827.6,835.6,838.6,920.8,191.2,192.7,196.2,198.9,4.47,75.7,2.946,-5.8,0.891,1,injector_clog,4,0.425,48.41,174291.9
170.3,mission_cruise,73.10728182323513,3200.0,43.44635908838244,3869.5,825.9,832.6,842.0,921.2,192.0,193.5,196.2,197.9,4.46,74.6,3.006,3873.0,827.6,835.6,838.6,921.7,191.2,192.7,196.2,198.9,4.47,75.7,2.943,-5.8,0.891,1,injector_clog,4,0.429,47.35,170472.9
170.4,mission_cruise,73.10617009449695,3200.0,43.44691495275153,3864.5,825.5,835.3,835.7,921.4,189.8,192.2,196.0,199.3,4.45,76.6,2.985,3870.4,827.6,835.6,838.6,922.7,191.2,192.7,196.2,198.8,4.47,75.7,2.94,-5.8,0.891,1,injector_clog,4,0.433,46.29,166660.6
170.5,mission_cruise,73.10505836575875,3200.0,43.447470817120625,3871.6,826.7,836.3,839.6,921.9,191.5,192.4,197.9,198.8,4.54,76.0,2.96,3867.8,827.6,835.6,838.6,923.7,191.2,192.7,196.2,198.8,4.47,75.7,2.936,-5.8,0.891,1,injector_clog,4,0.437,45.24,162854.8
170.6,mission_cruise,73.10394663702057,3200.0,43.448026681489715,3865.6,826.9,834.9,839.6,924.2,191.4,192.4,195.5,198.2,4.47,75.8,2.919,3865.1,827.6,835.6,838.6,924.7,191.2,192.7,196.2,198.7,4.47,75.7,2.933,-5.8,0.891,1,injector_clog,4,0.441,44.18,159055.5
170.7,mission_cruise,73.10283490828238,3200.0,43.44858254585881,3868.2,827.7,835.7,838.3,923.9,192.3,193.1,196.8,199.2,4.48,75.1,2.969,3862.5,827.6,835.6,838.6,925.6,191.2,192.7,196.2,198.7,4.47,75.7,2.93,-5.8,0.891,1,injector_clog,4,0.445,43.13,155262.6
170.8,mission_cruise,73.1017231795442,3200.0,43.4491384102279,3863.4,826.1,834.3,839.9,928.0,191.9,192.9,195.5,198.1,4.46,75.6,2.891,3859.9,827.6,835.6,838.6,926.5,191.2,192.7,196.2,198.6,4.47,75.7,2.927,-5.8,0.891,1,injector_clog,4,0.449,42.08,151476.1
170.9,mission_cruise,73.100611450806,3200.0,43.449694274597,3845.4,830.2,837.0,838.9,927.8,190.5,191.4,196.1,198.3,4.49,75.5,2.922,3857.3,827.6,835.6,838.6,927.4,191.2,192.7,196.2,198.6,4.47,75.7,2.924,-5.8,0.891,1,injector_clog,4,0.452,41.03,147695.9
171.0,mission_cruise,73.09949972206782,3200.0,43.45025013896609,3848.2,826.1,833.0,840.8,927.2,191.0,191.5,196.5,198.6,4.48,75.9,2.889,3854.7,827.6,835.6,838.6,928.2,191.2,192.7,196.2,198.5,4.47,75.7,2.92,-5.8,0.891,1,injector_clog,4,0.456,39.98,143921.9
171.1,mission_cruise,73.09838799332962,3200.0,43.45080600333519,3850.0,830.6,834.4,838.7,929.0,191.2,192.8,196.3,198.6,4.51,75.3,2.895,3852.1,827.6,835.6,838.6,928.9,191.2,192.7,196.2,198.5,4.46,75.7,2.917,-5.8,0.891,1,injector_clog,4,0.46,38.93,140154.0
171.2,mission_cruise,73.09727626459144,3200.0,43.45136186770428,3847.9,824.5,836.0,838.4,929.7,191.3,191.8,195.5,199.1,4.46,75.8,2.89,3849.9,827.6,835.6,838.6,929.6,191.2,192.7,196.2,198.4,4.46,75.7,2.917,-5.8,0.891,1,injector_clog,4,0.46,38.9,140053.1
171.3,mission_cruise,73.09616453585325,3200.0,43.451917732073376,3850.2,825.3,834.9,837.3,930.5,191.0,192.5,196.2,198.1,4.44,76.1,2.914,3848.1,827.6,835.6,838.6,930.2,191.2,192.7,196.2,198.4,4.46,75.7,2.917,-5.8,0.891,1,injector_clog,4,0.46,38.88,139952.2
171.4,mission_cruise,73.09505280711507,3200.0,43.452473596442466,3846.9,826.5,837.2,838.9,929.2,191.5,192.0,196.6,198.5,4.4,75.8,2.96,3846.7,827.6,835.6,838.6,930.8,191.2,192.7,196.2,198.3,4.46,75.7,2.917,-5.8,0.891,1,injector_clog,4,0.46,38.85,139851.3
171.5,mission_cruise,73.09394107837687,3200.0,43.453029460811564,3851.8,829.3,834.9,835.6,930.2,191.4,192.8,196.5,198.1,4.47,75.8,2.968,3845.5,827.6,835.6,838.6,931.4,191.2,192.7,196.2,198.3,4.46,75.7,2.917,-5.8,0.891,1,injector_clog,4,0.46,38.82,139750.4
171.6,mission_cruise,73.09282934963869,3200.0,43.453585325180654,3848.4,829.4,835.1,838.8,930.1,191.2,193.1,197.3,198.4,4.48,75.6,2.904,3844.5,827.6,835.6,838.6,931.9,191.2,192.7,196.2,198.2,4.46,75.7,2.917,-5.8,0.891,1,injector_clog,4,0.46,38.79,139649.5
171.7,mission_cruise,73.0917176209005,3200.0,43.45414118954975,3848.6,826.0,835.4,837.7,931.8,190.6,192.0,196.9,198.5,4.48,74.9,2.942,3843.7,827.6,835.6,838.6,932.4,191.2,192.7,196.2,198.2,4.46,75.7,2.917,-5.8,0.891,1,injector_clog,4,0.46,38.76,139548.6
171.8,mission_cruise,73.09060589216232,3200.0,43.45469705391884,3848.6,829.4,834.4,838.4,930.0,191.1,191.6,196.5,198.5,4.45,76.3,2.896,3843.1,827.6,835.6,838.6,932.9,191.2,192.7,196.2,198.1,4.46,75.7,2.917,-5.8,0.891,1,injector_clog,4,0.46,38.74,139447.7
171.9,mission_cruise,73.08949416342412,3200.0,43.45525291828794,3840.4,830.4,833.2,839.1,933.7,191.7,192.8,195.6,198.4,4.46,75.2,2.911,3842.5,827.6,835.6,838.6,933.4,191.2,192.7,196.2,198.1,4.46,75.7,2.917,-5.8,0.891,1,injector_clog,4,0.46,38.71,139346.8
172.0,mission_cruise,73.08838243468594,3200.0,43.45580878265703,3855.2,827.3,834.2,838.8,933.7,191.9,192.2,195.6,198.7,4.44,75.7,2.842,3842.0,827.6,835.6,838.6,933.8,191.2,192.7,196.2,198.0,4.46,75.7,2.917,-5.8,0.891,1,injector_clog,4,0.46,38.68,139245.9
172.1,mission_cruise,73.08727070594774,3200.0,43.45636464702613,3834.8,826.7,835.2,839.2,932.9,192.5,192.8,196.4,198.6,4.49,75.7,2.852,3841.7,827.6,835.6,838.6,934.2,191.2,192.7,196.2,198.0,4.46,75.7,2.917,-5.8,0.891,1,injector_clog,4,0.46,38.65,139145.0
172.2,mission_cruise,73.08615897720956,3200.0,43.45692051139522,3844.2,826.6,836.4,838.8,935.4,191.3,192.7,196.2,196.6,4.46,75.4,2.926,3841.4,827.6,835.6,838.6,934.6,191.2,192.7,196.2,197.9,4.46,75.7,2.917,-5.8,0.891,1,injector_clog,4,0.46,38.62,139044.1
172.3,mission_cruise,73.08504724847137,3200.0,43.457476375764315,3835.0,825.9,837.0,839.9,933.4,191.5,193.2,196.4,198.7,4.45,75.1,2.921,3841.1,827.6,835.6,838.6,935.0,191.2,192.7,196.2,197.9,4.46,75.7,2.917,-5.8,0.891,1,injector_clog,4,0.46,38.6,138943.2
172.4,mission_cruise,73.08393551973319,3200.0,43.458032240133406,3838.6,829.4,836.3,838.6,934.7,191.8,193.0,196.7,196.9,4.41,74.8,2.906,3840.9,827.6,835.6,838.6,935.3,191.2,192.7,196.2,197.8,4.46,75.6,2.917,-5.8,0.891,1,injector_clog,4,0.46,38.57,138842.3
172.5,mission_cruise,73.082823790995,3200.0,43.4585881045025,3834.6,829.0,835.8,839.9,937.0,190.8,193.2,196.5,198.1,4.47,75.6,2.904,3840.7,827.6,835.6,838.6,935.6,191.2,192.7,196.2,197.8,4.46,75.6,2.917,-5.8,0.891,1,injector_clog,4,0.46,38.54,138741.4
172.6,mission_cruise,73.08171206225681,3200.0,43.459143968871594,3839.4,825.9,834.8,838.1,935.2,191.1,192.9,197.8,196.7,4.48,76.6,2.925,3840.5,827.6,835.6,838.6,935.9,191.2,192.7,196.2,197.8,4.46,75.6,2.917,-5.8,0.891,1,injector_clog,4,0.46,38.51,138640.5
172.7,mission_cruise,73.08060033351862,3200.0,43.45969983324069,3843.9,827.9,836.0,838.2,935.8,190.8,192.4,196.0,197.9,4.44,75.8,2.885,3840.4,827.6,835.6,838.6,936.2,191.2,192.7,196.2,197.7,4.46,75.6,2.917,-5.8,0.891,1,injector_clog,4,0.46,38.48,138539.6
172.8,mission_cruise,73.07948860478044,3200.0,43.46025569760978,3840.3,829.9,836.2,839.3,933.6,191.7,193.3,196.7,198.3,4.44,75.3,2.891,3840.3,827.6,835.6,838.6,936.5,191.2,192.7,196.2,197.7,4.46,75.6,2.917,-5.8,0.891,1,injector_clog,4,0.46,38.46,138438.7
172.9,mission_cruise,73.07837687604224,3200.0,43.46081156197888,3829.5,829.0,837.7,839.2,937.4,190.3,193.1,196.3,197.4,4.44,75.8,2.942,3840.2,827.6,835.6,838.6,936.7,191.2,192.7,196.2,197.6,4.46,75.6,2.917,-5.8,0.891,1,injector_clog,4,0.46,38.43,138337.8
173.0,mission_cruise,73.07726514730406,3200.0,43.46136742634797,3839.8,826.0,836.9,836.8,937.4,192.4,192.8,196.3,197.9,4.48,76.8,2.884,3840.1,827.6,835.6,838.6,937.0,191.2,192.7,196.2,197.6,4.46,75.6,2.917,-5.8,0.891,1,injector_clog,4,0.46,38.4,138236.9
173.1,mission_cruise,73.07615341856587,3200.0,43.46192329071707,3843.6,826.8,838.9,840.7,936.7,190.5,192.8,195.5,197.4,4.47,76.3,2.916,3840.0,827.6,835.6,838.6,937.2,191.2,192.7,196.2,197.5,4.46,75.6,2.917,-5.8,0.891,1,injector_clog,4,0.46,38.37,138136.0
173.2,mission_cruise,73.07504168982769,3200.0,43.46247915508616,3846.4,828.2,835.7,835.0,935.9,190.6,193.2,196.6,197.4,4.41,74.7,2.939,3839.9,827.6,835.6,838.6,937.4,191.2,192.7,196.2,197.5,4.46,75.6,2.916,-5.8,0.891,1,injector_clog,4,0.46,38.34,138035.1
173.3,mission_cruise,73.07392996108949,3200.0,43.463035019455255,3846.9,828.9,834.3,838.6,937.8,190.9,193.2,196.3,196.2,4.47,75.8,2.948,3839.9,827.6,835.6,838.6,937.6,191.2,192.7,196.2,197.5,4.46,75.6,2.916,-5.8,0.891,1,injector_clog,4,0.46,38.32,137934.2
173.4,mission_cruise,73.07281823235131,3200.0,43.463590883824345,3847.8,828.1,837.7,839.0,939.0,190.6,192.4,195.0,197.3,4.44,75.6,2.941,3839.8,827.6,835.6,838.6,937.8,191.2,192.7,196.2,197.4,4.46,75.6,2.916,-5.8,0.891,1,injector_clog,4,0.46,38.29,137833.3
173.5,mission_cruise,73.07170650361311,3200.0,43.46414674819344,3844.8,824.4,837.6,837.8,939.7,191.3,193.8,196.7,197.5,4.46,75.2,2.871,3839.8,827.6,835.6,838.6,938.0,191.2,192.7,196.2,197.4,4.46,75.6,2.916,-5.8,0.891,1,injector_clog,4,0.46,38.26,137732.4
173.6,mission_cruise,73.07059477487493,3200.0,43.46470261256253,3828.9,828.8,836.0,839.6,938.0,190.6,194.3,195.2,197.6,4.42,76.2,2.945,3839.7,827.6,835.6,838.6,938.1,191.2,192.7,196.2,197.3,4.46,75.6,2.916,-5.8,0.891,1,injector_clog,4,0.46,38.23,137631.5
173.7,mission_cruise,73.06948304613674,3200.0,43.46525847693163,3850.4,826.2,834.0,839.7,939.2,190.7,193.2,195.2,197.1,4.45,75.4,2.942,3839.7,827.6,835.6,838.6,938.3,191.2,192.7,196.2,197.3,4.46,75.6,2.916,-5.8,0.891,1,injector_clog,4,0.46,38.2,137530.6
173.8,mission_cruise,73.06837131739856,3200.0,43.46581434130072,3845.2,829.0,837.4,839.3,938.5,191.3,191.8,195.6,197.5,4.44,75.5,2.881,3839.6,827.6,835.6,838.6,938.5,191.2,192.7,196.2,197.3,4.46,75.6,2.916,-5.8,0.891,1,injector_clog,4,0.46,38.17,137429.7
173.9,mission_cruise,73.06725958866036,3200.0,43.46637020566982,3845.7,826.1,836.9,840.1,937.0,190.8,192.7,196.7,197.4,4.46,76.2,2.941,3839.6,827.6,835.6,838.6,938.6,191.2,192.7,196.2,197.2,4.46,75.6,2.916,-5.8,0.891,1,injector_clog,4,0.46,38.15,137328.8
174.0,mission_cruise,73.06614785992218,3200.0,43.46692607003891,3848.6,828.4,834.5,839.9,935.9,191.3,192.0,195.7,197.1,4.47,75.6,2.919,3839.5,827.6,835.6,838.6,938.7,191.2,192.7,196.2,197.2,4.46,75.6,2.916,-5.8,0.891,1,injector_clog,4,0.46,38.12,137227.9
174.1,mission_cruise,73.06503613118399,3200.0,43.467481934408006,3842.6,829.8,838.0,838.4,940.2,191.7,192.6,195.4,197.7,4.45,76.0,2.938,3839.5,827.6,835.6,838.6,938.9,191.2,192.7,196.2,197.1,4.46,75.6,2.916,-5.8,0.891,1,injector_clog,4,0.46,38.09,137127.0
174.2,mission_cruise,73.0639244024458,3200.0,43.4680377987771,3833.5,829.3,837.3,840.0,937.1,191.1,193.2,195.8,196.1,4.46,74.8,2.981,3839.5,827.6,835.6,838.6,939.0,191.2,192.7,196.2,197.1,4.46,75.6,2.916,-5.8,0.891,1,injector_clog,4,0.46,38.06,137026.1
174.3,mission_cruise,73.06281267370761,3200.0,43.468593663146194,3825.4,827.5,835.1,839.0,938.5,190.9,192.3,196.9,197.4,4.48,75.5,2.856,3839.4,827.6,835.6,838.6,939.1,191.2,192.7,196.2,197.1,4.46,75.6,2.916,-5.8,0.891,1,injector_clog,4,0.46,38.03,136925.2
174.4,mission_cruise,73.06170094496943,3200.0,43.469149527515285,3842.5,828.8,834.7,834.4,941.8,191.0,192.7,196.8,196.6,4.41,75.2,2.93,3839.4,827.6,835.6,838.6,939.2,191.2,192.7,196.2,197.0,4.46,75.6,2.916,-5.8,0.891,1,injector_clog,4,0.46,38.01,136824.3
174.5,mission_cruise,73.06058921623124,3200.0,43.46970539188438,3843.9,826.6,835.5,839.8,941.2,190.4,193.0,195.2,196.6,4.48,75.4,2.945,3839.4,827.6,835.6,838.6,939.3,191.2,192.7,196.2,197.0,4.46,75.6,2.916,-5.8,0.891,1,injector_clog,4,0.46,37.98,136723.4
174.6,mission_cruise,73.05947748749306,3200.0,43.47026125625347,3835.2,829.2,836.0,840.3,937.3,191.4,193.1,195.6,196.0,4.48,75.9,2.837,3839.3,827.6,835.6,838.6,939.4,191.2,192.7,196.2,197.0,4.46,75.6,2.916,-5.8,0.891,1,injector_clog,4,0.46,37.95,136622.5
174.7,mission_cruise,73.05836575875486,3200.0,43.47081712062257,3845.9,827.1,834.0,837.8,939.8,192.0,192.4,196.6,196.5,4.45,75.1,2.875,3839.3,827.6,835.6,838.6,939.5,191.2,192.7,196.2,196.9,4.46,75.5,2.916,-5.8,0.891,1,injector_clog,4,0.46,37.92,136521.6
174.8,mission_cruise,73.05725403001668,3200.0,43.47137298499166,3840.4,827.6,835.3,835.7,939.3,190.4,193.6,195.2,196.5,4.46,76.0,2.92,3839.3,827.6,835.6,838.6,939.6,191.2,192.7,196.2,196.9,4.46,75.5,2.916,-5.8,0.891,1,injector_clog,4,0.46,37.89,136420.7
174.9,mission_cruise,73.05614230127848,3200.0,43.47192884936076,3847.2,829.2,836.4,839.1,939.6,191.2,193.0,196.6,197.0,4.42,75.6,2.986,3839.2,827.6,835.6,838.6,939.7,191.2,192.7,196.2,196.8,4.46,75.5,2.916,-5.8,0.891,1,injector_clog,4,0.46,37.87,136319.8
175.0,mission_cruise,73.0550305725403,3200.0,43.47248471372985,3824.2,828.7,834.9,840.1,939.1,190.9,192.6,196.4,197.7,4.51,74.9,2.935,3839.2,827.6,835.6,838.6,939.7,191.2,192.7,196.2,196.8,4.46,75.5,2.916,-5.8,0.891,1,injector_clog,4,0.46,37.84,136218.9
175.1,mission_cruise,73.05391884380211,3200.0,43.473040578098946,3841.2,828.0,833.7,837.9,941.0,191.3,193.2,196.7,195.8,4.49,75.8,2.917,3839.2,827.5,835.5,838.5,939.8,191.2,192.7,196.2,196.8,4.46,75.5,2.916,-5.8,0.891,1,injector_clog,4,0.46,37.81,136118.0
175.2,mission_cruise,73.05280711506393,3200.0,43.473596442468036,3836.3,827.0,836.4,837.4,940.6,191.4,192.7,195.8,197.9,4.44,76.0,2.883,3839.1,827.5,835.5,838.5,939.9,191.2,192.7,196.2,196.7,4.46,75.5,2.916,-5.8,0.891,1,injector_clog,4,0.46,37.78,136017.1
175.3,mission_cruise,73.05169538632573,3200.0,43.474152306837134,3828.4,828.7,835.8,837.7,940.1,192.1,192.0,196.1,197.0,4.47,76.0,2.925,3839.1,827.5,835.5,838.5,939.9,191.2,192.7,196.2,196.7,4.46,75.5,2.916,-5.8,0.891,1,injector_clog,4,0.46,37.75,135916.2
175.4,mission_cruise,73.05058365758755,3200.0,43.474708171206224,3843.7,825.6,834.6,838.4,936.9,191.8,191.7,196.0,196.1,4.42,75.6,2.903,3839.1,827.5,835.5,838.5,940.0,191.2,192.7,196.2,196.7,4.46,75.5,2.916,-5.8,0.891,1,injector_clog,4,0.46,37.73,135815.3
175.5,mission_cruise,73.04947192884936,3200.0,43.47526403557532,3828.9,827.6,836.7,836.8,937.5,191.7,192.6,197.0,197.2,4.42,74.7,2.928,3839.0,827.5,835.5,838.5,940.0,191.2,192.7,196.2,196.6,4.46,75.5,2.916,-5.8,0.891,1,injector_clog,4,0.46,37.7,135714.4
175.6,mission_cruise,73.04836020011118,3200.0,43.47581989994441,3829.8,828.1,833.1,838.0,938.3,191.7,190.8,196.2,195.9,4.45,75.4,2.928,3839.0,827.5,835.5,838.5,940.1,191.2,192.7,196.2,196.6,4.46,75.5,2.916,-5.8,0.891,1,injector_clog,4,0.46,37.67,135613.5
175.7,mission_cruise,73.04724847137298,3200.0,43.47637576431351,3837.4,825.2,834.1,836.9,940.0,190.3,193.2,195.8,197.0,4.44,75.8,2.882,3839.0,827.5,835.5,838.5,940.1,191.2,192.7,196.2,196.6,4.46,75.5,2.916,-5.8,0.891,1,injector_clog,4,0.46,37.64,135512.6
175.8,mission_cruise,73.0461367426348,3200.0,43.4769316286826,3831.9,830.1,835.4,838.9,942.1,190.9,192.1,196.0,195.6,4.42,75.2,2.933,3838.9,827.5,835.5,838.5,940.2,191.2,192.7,196.2,196.5,4.46,75.5,2.916,-5.8,0.891,1,injector_clog,4,0.46,37.61,135411.7
175.9,mission_cruise,73.0450250138966,3200.0,43.4774874930517,3839.8,826.2,834.9,839.5,942.5,190.6,191.7,196.6,196.2,4.47,74.7,2.892,3838.9,827.5,835.5,838.5,940.2,191.2,192.7,196.2,196.5,4.46,75.5,2.916,-5.8,0.891,1,injector_clog,4,0.46,37.59,135310.8
176.0,mission_cruise,73.04391328515842,3200.0,43.47804335742079,3836.8,826.3,834.5,835.8,939.5,191.0,193.3,196.4,196.7,4.45,75.4,2.911,3838.9,827.5,835.5,838.5,940.3,191.2,192.7,196.2,196.5,4.46,75.5,2.915,-5.8,0.891,1,injector_clog,4,0.46,37.56,135209.9
176.1,mission_cruise,73.04280155642023,3200.0,43.478599221789885,3836.5,827.7,838.2,838.4,937.7,191.0,193.3,195.2,196.0,4.45,74.9,2.876,3838.8,827.5,835.5,838.5,940.3,191.2,192.7,196.2,196.4,4.46,75.5,2.915,-5.8,0.891,1,injector_clog,4,0.46,37.53,135109.0
176.2,mission_cruise,73.04168982768205,3200.0,43.479155086158976,3830.3,825.8,834.5,838.9,940.3,189.7,192.2,195.1,197.1,4.48,75.4,2.9,3838.8,827.5,835.5,838.5,940.4,191.2,192.7,196.2,196.4,4.46,75.5,2.915,-5.8,0.891,1,injector_clog,4,0.46,37.5,135008.1
176.3,mission_cruise,73.04057809894385,3200.0,43.47971095052807,3851.0,827.6,835.2,838.4,940.0,190.9,192.9,196.5,195.2,4.4,75.2,2.911,3838.8,827.5,835.5,838.5,940.4,191.2,192.7,196.2,196.4,4.46,75.5,2.915,-5.8,0.891,1,injector_clog,4,0.46,37.47,134907.2
176.4,mission_cruise,73.03946637020567,3200.0,43.48026681489716,3843.1,827.1,836.0,838.0,938.1,192.1,192.8,195.8,196.2,4.46,75.3,2.883,3838.7,827.5,835.5,838.5,940.4,191.2,192.7,196.2,196.3,4.46,75.5,2.915,-5.8,0.891,1,injector_clog,4,0.46,37.45,134806.3
176.5,mission_cruise,73.03835464146748,3200.0,43.48082267926626,3834.8,826.6,833.8,838.8,939.3,191.7,193.6,195.3,196.8,4.44,75.3,2.877,3838.7,827.5,835.5,838.5,940.5,191.2,192.7,196.2,196.3,4.46,75.5,2.915,-5.8,0.891,1,injector_clog,4,0.46,37.42,134705.4
176.6,mission_cruise,73.0372429127293,3200.0,43.48137854363535,3840.4,826.6,835.5,839.6,941.1,190.8,192.9,196.6,196.2,4.44,74.9,2.926,3838.7,827.5,835.5,838.5,940.5,191.2,192.7,196.2,196.3,4.46,75.5,2.915,-5.8,0.891,1,injector_clog,4,0.46,37.39,134604.5
176.7,mission_cruise,73.0361311839911,3200.0,43.48193440800445,3839.9,829.4,835.8,838.8,940.0,190.7,191.6,195.8,196.3,4.46,75.8,2.937,3838.7,827.5,835.5,838.5,940.5,191.2,192.7,196.2,196.2,4.46,75.5,2.915,-5.8,0.891,1,injector_clog,4,0.46,37.36,134503.6
176.8,mission_cruise,73.03501945525292,3200.0,43.48249027237354,3825.2,825.6,836.2,839.5,940.3,191.6,192.7,196.4,196.5,4.45,75.4,2.91,3838.6,827.5,835.5,838.5,940.5,191.2,192.7,196.2,196.2,4.46,75.5,2.915,-5.8,0.891,1,injector_clog,4,0.46,37.33,134402.7
176.9,mission_cruise,73.03390772651473,3200.0,43.48304613674264,3832.1,828.0,837.0,838.6,943.5,192.2,192.2,195.4,196.1,4.42,75.3,2.94,3838.6,827.5,835.5,838.5,940.6,191.2,192.7,196.2,196.2,4.46,75.5,2.915,-5.8,0.891,1,injector_clog,4,0.46,37.31,134301.8
177.0,mission_cruise,73.03279599777655,3200.0,43.48360200111173,3840.1,825.8,835.1,838.7,939.6,190.5,192.5,195.7,195.5,4.42,74.4,2.872,3838.6,827.5,835.5,838.5,940.6,191.2,192.7,196.2,196.2,4.46,75.5,2.915,-5.8,0.891,1,injector_clog,4,0.46,37.28,134200.9
177.1,mission_cruise,73.03168426903835,3200.0,43.484157865480825,3836.5,825.2,834.9,837.8,942.6,190.1,192.1,197.0,196.3,4.48,75.5,2.896,3838.5,827.5,835.5,838.5,940.6,191.2,192.7,196.2,196.1,4.46,75.4,2.915,-5.8,0.891,1,injector_clog,4,0.46,37.25,134100.0
177.2,mission_cruise,73.03057254030017,3200.0,43.484713729849915,3843.9,826.9,835.9,840.0,941.2,190.0,192.6,196.5,195.8,4.47,75.1,2.915,3838.5,827.5,835.5,838.5,940.6,191.2,192.7,196.2,196.1,4.46,75.4,2.915,-5.8,0.891,1,injector_clog,4,0.46,37.22,133999.1
177.3,mission_cruise,73.02946081156198,3200.0,43.48526959421901,3829.7,828.3,835.7,835.7,941.2,190.3,191.8,195.9,195.6,4.47,76.0,2.903,3838.5,827.5,835.5,838.5,940.6,191.2,192.7,196.2,196.1,4.46,75.4,2.915,-5.8,0.891,1,injector_clog,4,0.46,37.19,133898.2
177.4,mission_cruise,73.0283490828238,3200.0,43.4858254585881,3851.5,827.3,837.0,838.6,939.3,191.1,192.5,195.6,196.1,4.47,75.6,2.937,3838.4,827.5,835.5,838.5,940.7,191.2,192.7,196.2,196.0,4.46,75.4,2.915,-5.8,0.891,1,injector_clog,4,0.46,37.17,133797.3
177.5,mission_cruise,73.0272373540856,3200.0,43.4863813229572,3846.1,829.2,836.5,838.1,941.2,191.0,193.1,196.1,196.1,4.47,75.2,2.882,3838.4,827.5,835.5,838.5,940.7,191.2,192.7,196.2,196.0,4.46,75.4,2.915,-5.8,0.891,1,injector_clog,4,0.46,37.14,133696.4
177.6,mission_cruise,73.02612562534742,3200.0,43.48693718732629,3835.2,827.2,835.5,838.5,940.0,190.7,192.5,196.0,195.4,4.47,75.1,2.966,3838.4,827.5,835.5,838.5,940.7,191.2,192.7,196.2,196.0,4.46,75.4,2.915,-5.8,0.891,1,injector_clog,4,0.46,37.11,133595.5
177.7,mission_cruise,73.02501389660922,3200.0,43.48749305169539,3840.3,827.9,834.8,835.7,940.7,191.1,192.5,197.1,196.6,4.46,75.5,2.933,3838.3,827.5,835.5,838.5,940.7,191.2,192.7,196.2,195.9,4.46,75.4,2.915,-5.8,0.891,1,injector_clog,4,0.46,37.08,133494.6
177.8,mission_cruise,73.02390216787104,3200.0,43.48804891606448,3835.5,828.5,835.5,834.5,942.1,191.6,192.7,195.3,196.1,4.46,76.1,2.918,3838.3,827.5,835.5,838.5,940.7,191.2,192.7,196.2,195.9,4.46,75.4,2.915,-5.8,0.891,1,injector_clog,4,0.46,37.05,133393.7
177.9,mission_cruise,73.02279043913285,3200.0,43.488604780433576,3831.0,827.1,836.6,839.0,940.7,190.7,192.2,196.6,196.6,4.47,76.1,2.885,3838.3,827.5,835.5,838.5,940.7,191.2,192.7,196.2,195.9,4.46,75.4,2.915,-5.8,0.891,1,injector_clog,4,0.46,37.03,133292.8
178.0,mission_cruise,73.02167871039467,3200.0,43.489160644802666,3838.1,827.7,833.0,838.5,941.7,192.2,192.0,195.8,196.0,4.46,74.8,2.917,3838.2,827.5,835.5,838.5,940.7,191.2,192.7,196.2,195.9,4.46,75.4,2.915,-5.8,0.891,1,injector_clog,4,0.46,37.0,133191.9
178.1,mission_cruise,73.02056698165647,3200.0,43.489716509171764,3838.6,826.4,837.1,837.0,939.6,190.8,192.8,196.4,196.0,4.43,75.5,2.953,3838.2,827.5,835.5,838.5,940.8,191.2,192.7,196.2,195.8,4.46,75.4,2.915,-5.8,0.891,1,injector_clog,4,0.46,36.97,133091.0
178.2,mission_cruise,73.01945525291829,3200.0,43.490272373540854,3841.8,828.0,836.3,840.6,941.6,190.7,192.2,195.8,195.6,4.47,75.0,2.91,3838.2,827.5,835.5,838.5,940.8,191.2,192.7,196.2,195.8,4.46,75.4,2.915,-5.8,0.891,1,injector_clog,4,0.46,36.94,132990.1
178.3,mission_cruise,73.0183435241801,3200.0,43.49082823790995,3840.1,827.3,834.3,835.1,941.4,191.0,191.8,195.9,196.4,4.43,75.3,2.877,3838.1,827.5,835.5,838.5,940.8,191.2,192.7,196.2,195.8,4.46,75.4,2.915,-5.8,0.891,1,injector_clog,4,0.46,36.91,132889.2
178.4,mission_cruise,73.01723179544192,3200.0,43.49138410227904,3833.2,825.1,835.8,839.8,938.8,191.1,192.8,197.0,195.2,4.52,75.0,2.879,3838.1,827.5,835.5,838.5,940.8,191.2,192.7,196.2,195.7,4.46,75.4,2.915,-5.8,0.891,1,injector_clog,4,0.46,36.89,132788.3
178.5,mission_cruise,73.01612006670372,3200.0,43.49193996664814,3840.2,827.3,835.2,837.8,941.4,190.8,192.6,197.0,196.1,4.46,75.9,2.879,3838.1,827.5,835.5,838.5,940.8,191.2,192.7,196.2,195.7,4.46,75.4,2.915,-5.8,0.891,1,injector_clog,4,0.46,36.86,132687.4
178.6,mission_cruise,73.01500833796554,3200.0,43.49249583101723,3836.8,825.8,835.3,838.7,943.3,191.0,192.7,195.5,195.4,4.45,75.2,2.916,3838.1,827.5,835.5,838.5,940.8,191.2,192.7,196.2,195.7,4.46,75.4,2.915,-5.8,0.891,1,injector_clog,4,0.46,36.83,132586.5
178.7,mission_cruise,73.01389660922734,3200.0,43.49305169538633,3841.6,826.4,836.5,838.9,939.8,192.2,192.8,196.0,195.6,4.44,75.1,2.912,3838.0,827.5,835.5,838.5,940.8,191.2,192.7,196.2,195.7,4.46,75.4,2.915,-5.8,0.891,1,injector_clog,4,0.46,36.8,132485.6
178.8,mission_cruise,73.01278488048916,3200.0,43.49360755975542,3840.5,825.5,836.7,841.0,941.8,191.5,192.3,196.5,196.4,4.45,74.5,2.905,3838.0,827.5,835.5,838.5,940.8,191.2,192.7,196.2,195.6,4.46,75.4,2.914,-5.8,0.891,1,injector_clog,4,0.46,36.77,132384.7
178.9,mission_cruise,73.01167315175097,3200.0,43.494163424124515,3838.8,826.5,836.5,838.9,942.2,191.1,193.1,196.9,196.4,4.45,75.7,2.956,3838.0,827.5,835.5,838.5,940.8,191.2,192.7,196.2,195.6,4.46,75.4,2.914,-5.8,0.891,1,injector_clog,4,0.46,36.75,132283.8
179.0,mission_cruise,73.01056142301279,3200.0,43.494719288493606,3845.5,825.4,835.7,841.3,942.1,190.5,191.9,196.8,195.0,4.45,75.6,2.988,3837.9,827.5,835.5,838.5,940.8,191.2,192.7,196.2,195.6,4.46,75.4,2.914,-5.8,0.891,1,injector_clog,4,0.46,36.72,132182.9
179.1,mission_cruise,73.0094496942746,3200.0,43.4952751528627,3835.1,826.1,835.0,838.1,942.0,190.5,192.8,195.8,195.4,4.47,75.3,2.874,3837.9,827.5,835.5,838.5,940.8,191.2,192.7,196.2,195.6,4.46,75.4,2.914,-5.8,0.891,1,injector_clog,4,0.46,36.69,132082.0
179.2,mission_cruise,73.00833796553641,3200.0,43.495831017231794,3832.6,826.5,837.2,840.1,940.6,191.9,193.3,195.7,194.7,4.45,75.1,2.865,3837.9,827.5,835.5,838.5,940.8,191.2,192.7,196.2,195.5,4.46,75.4,2.914,-5.8,0.891,1,injector_clog,4,0.46,36.66,131981.1
179.3,mission_cruise,73.00722623679822,3200.0,43.49638688160089,3832.2,828.5,834.0,838.7,941.2,191.2,192.6,196.3,194.9,4.46,75.2,2.938,3837.8,827.5,835.5,838.5,940.8,191.2,192.7,196.2,195.5,4.46,75.4,2.914,-5.8,0.891,1,injector_clog,4,0.46,36.63,131880.2
179.4,mission_cruise,73.00611450806004,3200.0,43.49694274596998,3837.8,828.1,836.6,838.9,943.2,190.9,192.7,196.3,195.3,4.47,75.4,2.953,3837.8,827.5,835.5,838.5,940.8,191.2,192.7,196.2,195.5,4.46,75.4,2.914,-5.8,0.891,1,injector_clog,4,0.46,36.61,131779.3
179.5,mission_cruise,73.00500277932184,3200.0,43.49749861033908,3831.7,826.7,833.3,839.2,941.0,191.5,193.4,195.2,195.3,4.47,75.9,2.971,3837.8,827.5,835.5,838.5,940.9,191.2,192.7,196.2,195.5,4.46,75.4,2.914,-5.8,0.891,1,injector_clog,4,0.46,36.58,131678.4
179.6,mission_cruise,73.00389105058366,3200.0,43.49805447470817,3845.5,828.7,832.9,839.2,941.3,192.9,192.7,196.5,194.4,4.44,75.9,2.89,3837.7,827.5,835.5,838.5,940.9,191.2,192.7,196.2,195.4,4.46,75.4,2.914,-5.8,0.891,1,injector_clog,4,0.46,36.55,131577.5
179.7,mission_cruise,73.00277932184547,3200.0,43.49861033907727,3831.6,827.9,835.0,839.7,940.7,191.4,192.6,196.6,194.1,4.48,75.0,2.913,3837.7,827.5,835.5,838.5,940.9,191.2,192.7,196.2,195.4,4.46,75.3,2.914,-5.8,0.891,1,injector_clog,4,0.46,36.52,131476.6
179.8,mission_cruise,73.00166759310729,3200.0,43.49916620344636,3839.7,823.6,834.6,837.7,942.6,191.4,193.1,195.3,195.8,4.47,75.1,2.891,3837.7,827.5,835.5,838.5,940.9,191.2,192.7,196.2,195.4,4.46,75.3,2.914,-5.8,0.891,1,injector_clog,4,0.46,36.49,131375.7
179.9,mission_cruise,73.00055586436909,3200.0,43.499722067815455,3844.8,828.7,834.4,837.1,938.8,191.8,193.1,196.4,194.7,4.47,75.0,2.872,3837.6,827.5,835.5,838.5,940.9,191.2,192.7,196.2,195.4,4.46,75.3,2.914,-5.8,0.891,1,injector_clog,4,0.46,36.47,131274.8
180.0,mission_cruise,72.99944413563091,3200.0,43.500277932184545,3842.5,829.2,834.8,837.7,940.8,192.0,193.6,195.0,195.1,4.45,75.2,2.9,3837.6,827.5,835.5,838.5,940.9,191.2,192.7,196.2,195.3,4.46,75.3,2.914,-5.8,0.891,1,injector_clog,4,0.46,36.44,131173.9
180.1,mission_cruise,72.99833240689271,3200.0,43.50083379655364,3847.6,828.1,835.5,836.8,939.6,190.5,192.3,197.0,194.9,4.46,75.2,2.901,3837.6,827.5,835.5,838.5,940.9,191.2,192.7,196.2,195.3,4.46,75.3,2.914,-5.8,0.891,1,injector_clog,4,0.46,36.41,131073.0
180.2,mission_cruise,72.99722067815453,3200.0,43.50138966092273,3837.8,824.4,835.0,839.6,941.1,190.7,192.1,196.8,195.8,4.46,75.4,2.888,3837.5,827.4,835.4,838.4,940.9,191.2,192.7,196.2,195.3,4.46,75.3,2.914,-5.8,0.891,1,injector_clog,4,0.46,36.38,130972.1
180.3,mission_cruise,72.99610894941634,3200.0,43.50194552529183,3832.3,826.9,833.3,836.6,940.8,190.2,192.9,194.9,194.8,4.43,75.5,2.919,3837.5,827.4,835.4,838.4,940.9,191.2,192.7,196.2,195.3,4.46,75.3,2.914,-5.8,0.891,1,injector_clog,4,0.46,36.35,130871.2
180.4,mission_cruise,72.99499722067816,3200.0,43.50250138966092,3833.7,828.4,837.1,838.5,940.7,191.5,193.2,195.6,194.3,4.48,75.1,2.925,3837.5,827.4,835.4,838.4,940.9,191.2,192.7,196.2,195.3,4.46,75.3,2.914,-5.8,0.891,1,injector_clog,4,0.46,36.33,130770.3
180.5,mission_cruise,72.99388549193996,3200.0,43.50305725403002,3844.7,825.6,834.6,838.2,940.9,192.3,191.4,195.9,195.4,4.45,75.2,2.931,3837.5,827.4,835.4,838.4,940.9,191.2,192.7,196.2,195.2,4.46,75.3,2.914,-5.8,0.891,1,injector_clog,4,0.46,36.3,130669.4
180.6,mission_cruise,72.99277376320178,3200.0,43.50361311839911,3832.9,829.0,834.3,839.4,940.9,189.8,192.6,195.9,196.0,4.46,74.2,2.959,3837.4,827.4,835.4,838.4,940.9,191.2,192.7,196.2,195.2,4.46,75.3,2.914,-5.8,0.891,1,injector_clog,4,0.46,36.27,130568.5
180.7,mission_cruise,72.99166203446359,3200.0,43.504168982768206,3835.4,826.2,835.2,838.3,938.2,191.2,192.5,194.9,195.7,4.44,74.8,2.917,3837.4,827.4,835.4,838.4,940.9,191.2,192.7,196.2,195.2,4.46,75.3,2.914,-5.8,0.891,1,injector_clog,4,0.46,36.24,130467.6
180.8,mission_cruise,72.9905503057254,3200.0,43.5047248471373,3832.7,825.8,836.2,839.6,939.9,190.9,192.0,196.0,194.7,4.48,75.6,2.881,3837.4,827.4,835.4,838.4,940.9,191.2,192.7,196.2,195.2,4.46,75.3,2.914,-5.8,0.891,1,injector_clog,4,0.46,36.21,130366.7
180.9,mission_cruise,72.98943857698721,3200.0,43.505280711506394,3837.7,831.0,836.4,837.4,940.4,191.3,192.4,196.8,195.0,4.48,75.1,2.918,3837.3,827.4,835.4,838.4,940.9,191.2,192.7,196.2,195.1,4.46,75.3,2.914,-5.8,0.891,1,injector_clog,4,0.46,36.18,130265.8
181.0,mission_cruise,72.98832684824903,3200.0,43.505836575875485,3842.9,827.2,833.8,837.2,941.7,190.9,193.2,195.5,195.5,4.47,76.1,2.957,3837.3,827.4,835.4,838.4,940.9,191.2,192.7,196.2,195.1,4.46,75.3,2.914,-5.8,0.891,1,injector_clog,4,0.46,36.16,130164.9
181.1,mission_cruise,72.98721511951084,3200.0,43.50639244024458,3844.6,827.2,836.4,837.5,942.2,191.3,193.0,195.9,195.0,4.44,75.1,2.886,3837.3,827.4,835.4,838.4,940.9,191.2,192.7,196.2,195.1,4.46,75.3,2.914,-5.8,0.891,1,injector_clog,4,0.46,36.13,130064.0
181.2,mission_cruise,72.98610339077266,3200.0,43.50694830461367,3840.4,825.8,836.8,837.6,941.0,192.2,191.8,195.1,195.4,4.4,75.4,2.921,3837.2,827.4,835.4,838.4,940.9,191.2,192.7,196.2,195.1,4.46,75.3,2.914,-5.8,0.891,1,injector_clog,4,0.46,36.1,129963.1
181.3,mission_cruise,72.98499166203446,3200.0,43.50750416898277,3834.4,828.3,836.6,838.3,944.4,190.4,193.0,196.7,194.8,4.46,75.9,2.902,3837.2,827.4,835.4,838.4,940.9,191.2,192.7,196.2,195.1,4.46,75.3,2.914,-5.8,0.891,1,injector_clog,4,0.46,36.07,129862.2
181.4,mission_cruise,72.98387993329628,3200.0,43.50806003335186,3844.9,826.8,836.2,836.8,942.1,191.8,192.7,196.0,194.0,4.47,75.9,2.933,3837.2,827.4,835.4,838.4,940.9,191.2,192.7,196.2,195.0,4.46,75.3,2.914,-5.8,0.891,1,injector_clog,4,0.46,36.04,129761.3
181.5,mission_cruise,72.98276820455808,3200.0,43.50861589772096,3845.5,828.4,836.7,838.3,942.1,191.3,192.9,197.0,194.5,4.4,75.0,2.928,3837.1,827.4,835.4,838.4,940.9,191.2,192.7,196.2,195.0,4.46,75.3,2.913,-5.8,0.891,1,injector_clog,4,0.46,36.02,129660.4
181.6,mission_cruise,72.9816564758199,3200.0,43.50917176209005,3826.0,825.9,835.2,838.8,941.7,191.5,193.2,195.0,194.6,4.49,76.1,2.836,3837.1,827.4,835.4,838.4,940.9,191.2,192.7,196.2,195.0,4.46,75.3,2.913,-5.8,0.891,1,injector_clog,4,0.46,35.99,129559.5
181.7,mission_cruise,72.98054474708171,3200.0,43.509727626459146,3836.2,828.6,834.5,837.3,939.9,191.2,192.7,196.3,195.2,4.45,74.9,2.938,3837.1,827.4,835.4,838.4,940.9,191.2,192.7,196.2,195.0,4.46,75.3,2.913,-5.8,0.891,1,injector_clog,4,0.46,35.96,129458.6
181.8,mission_cruise,72.97943301834353,3200.0,43.510283490828236,3842.4,825.7,835.3,837.8,941.6,191.4,192.8,196.5,194.9,4.47,75.1,2.894,3837.0,827.4,835.4,838.4,940.9,191.2,192.7,196.2,194.9,4.46,75.3,2.913,-5.8,0.891,1,injector_clog,4,0.46,35.93,129357.7
181.9,mission_cruise,72.97832128960533,3200.0,43.510839355197334,3845.1,828.3,836.9,839.1,942.3,190.4,192.7,196.4,194.8,4.48,75.7,2.858,3837.0,827.4,835.4,838.4,940.9,191.2,192.7,196.2,194.9,4.46,75.3,2.913,-5.8,0.891,1,injector_clog,4,0.46,35.9,129256.8
182.0,mission_cruise,72.97720956086715,3200.0,43.511395219566424,3837.6,829.7,837.4,838.8,941.4,191.7,192.8,195.3,194.8,4.49,75.5,2.889,3837.0,827.4,835.4,838.4,940.9,191.2,192.7,196.2,194.9,4.46,75.3,2.913,-5.8,0.891,1,injector_clog,4,0.46,35.88,129155.9
182.1,mission_cruise,72.97609783212896,3200.0,43.51195108393552,3835.9,825.2,834.7,837.5,942.0,191.1,193.5,197.6,194.7,4.44,75.3,2.913,3836.9,827.4,835.4,838.4,940.9,191.2,192.7,196.2,194.9,4.46,75.3,2.913,-5.8,0.891,1,injector_clog,4,0.46,35.85,129055.0
182.2,mission_cruise,72.97498610339078,3200.0,43.51250694830461,3837.6,830.9,837.3,837.5,941.4,190.6,191.9,195.7,195.0,4.51,75.6,2.858,3836.9,827.4,835.4,838.4,940.9,191.2,192.7,196.2,194.9,4.46,75.3,2.913,-5.8,0.891,1,injector_clog,4,0.46,35.82,128954.1
182.3,mission_cruise,72.97387437465258,3200.0,43.51306281267371,3828.6,826.5,834.7,838.1,941.1,191.5,193.2,195.3,195.8,4.43,74.9,2.927,3836.9,827.4,835.4,838.4,940.9,191.2,192.7,196.2,194.8,4.46,75.3,2.913,-5.8,0.891,1,injector_clog,4,0.46,35.79,128853.2
182.4,mission_cruise,72.9727626459144,3200.0,43.5136186770428,3824.7,825.9,832.3,839.2,941.4,190.5,192.4,195.4,195.0,4.46,75.0,2.884,3836.9,827.4,835.4,838.4,940.9,191.2,192.7,196.2,194.8,4.46,75.3,2.913,-5.8,0.891,1,injector_clog,4,0.46,35.76,128752.3
182.5,mission_cruise,72.9716509171762,3200.0,43.5141745414119,3833.7,828.2,836.6,841.5,941.9,191.2,193.4,196.3,195.1,4.48,75.3,2.919,3836.8,827.4,835.4,838.4,940.9,191.2,192.7,196.2,194.8,4.46,75.2,2.913,-5.8,0.891,1,injector_clog,4,0.46,35.74,128651.4
182.6,mission_cruise,72.97053918843802,3200.0,43.51473040578099,3837.9,824.2,835.6,837.9,940.3,190.9,193.6,195.0,194.8,4.45,75.1,2.884,3836.8,827.4,835.4,838.4,940.9,191.2,192.7,196.2,194.8,4.46,75.2,2.913,-5.8,0.891,1,injector_clog,4,0.46,35.71,128550.5
182.7,mission_cruise,72.96942745969983,3200.0,43.515286270150085,3838.0,826.7,834.6,837.2,940.6,190.9,193.9,196.4,194.7,4.44,74.7,2.933,3836.8,827.4,835.4,838.4,940.9,191.2,192.7,196.2,194.8,4.46,75.2,2.913,-5.8,0.891,1,injector_clog,4,0.46,35.68,128449.6
182.8,mission_cruise,72.96831573096165,3200.0,43.515842134519175,3845.6,825.4,835.8,837.7,943.4,191.5,193.1,196.5,194.4,4.47,74.8,2.88,3836.7,827.4,835.4,838.4,940.9,191.2,192.7,196.2,194.7,4.46,75.2,2.913,-5.8,0.891,1,injector_clog,4,0.46,35.65,128348.7
182.9,mission_cruise,72.96720400222345,3200.0,43.51639799888827,3843.3,828.2,835.3,839.9,941.4,192.2,192.1,197.1,194.5,4.42,75.3,2.856,3836.7,827.4,835.4,838.4,940.9,191.2,192.7,196.2,194.7,4.46,75.2,2.913,-5.8,0.891,1,injector_clog,4,0.46,35.62,128247.8
183.0,mission_cruise,72.96609227348527,3200.0,43.51695386325736,3834.7,825.6,835.5,838.0,940.4,192.1,192.5,196.5,194.7,4.47,75.5,2.928,3836.7,827.4,835.4,838.4,940.9,191.2,192.7,196.2,194.7,4.46,75.2,2.913,-5.8,0.891,1,injector_clog,4,0.46,35.6,128146.9
183.1,mission_cruise,72.96498054474708,3200.0,43.51750972762646,3831.9,829.4,835.6,838.5,941.5,191.2,192.7,195.9,195.6,4.43,75.6,2.853,3836.6,827.4,835.4,838.4,940.9,191.2,192.7,196.2,194.7,4.46,75.2,2.913,-5.8,0.891,1,injector_clog,4,0.46,35.57,128046.0
183.2,mission_cruise,72.9638688160089,3200.0,43.51806559199555,3826.1,828.0,833.4,840.0,939.5,191.5,192.9,195.5,194.9,4.44,75.0,2.938,3836.6,827.4,835.4,838.4,940.9,191.2,192.7,196.2,194.7,4.46,75.2,2.913,-5.8,0.891,1,injector_clog,4,0.46,35.54,127945.1
183.3,mission_cruise,72.9627570872707,3200.0,43.51862145636465,3848.5,826.9,836.8,836.4,940.0,190.9,192.5,196.2,194.2,4.48,75.9,2.916,3836.6,827.4,835.4,838.4,940.9,191.2,192.7,196.2,194.7,4.46,75.2,2.913,-5.8,0.891,1,injector_clog,4,0.46,35.51,127844.2
183.4,mission_cruise,72.96164535853252,3200.0,43.51917732073374,3836.8,828.7,835.8,834.5,940.3,191.2,192.0,195.4,194.2,4.43,75.7,2.891,3836.5,827.4,835.4,838.4,940.9,191.2,192.7,196.2,194.6,4.46,75.2,2.913,-5.8,0.891,1,injector_clog,4,0.46,35.48,127743.3
183.5,mission_cruise,72.96053362979433,3200.0,43.51973318510284,3829.5,830.1,834.5,840.3,943.4,191.7,191.8,196.1,193.7,4.45,74.8,2.927,3836.5,827.4,835.4,838.4,940.9,191.2,192.7,196.2,194.6,4.46,75.2,2.913,-5.8,0.891,1,injector_clog,4,0.46,35.46,127642.4
183.6,mission_cruise,72.95942190105615,3200.0,43.52028904947193,3834.4,827.7,836.6,838.6,943.4,190.6,191.9,196.4,194.9,4.49,75.0,2.928,3836.5,827.4,835.4,838.4,940.9,191.2,192.7,196.2,194.6,4.46,75.2,2.913,-5.8,0.891,1,injector_clog,4,0.46,35.43,127541.5
183.7,mission_cruise,72.95831017231795,3200.0,43.520844913841024,3839.2,825.2,833.0,836.7,940.2,191.2,193.0,196.7,193.9,4.47,75.0,2.841,3836.4,827.4,835.4,838.4,940.9,191.2,192.7,196.2,194.6,4.46,75.2,2.913,-5.8,0.891,1,injector_clog,4,0.46,35.4,127440.6
183.8,mission_cruise,72.95719844357977,3200.0,43.521400778210115,3839.4,824.5,834.2,838.3,939.2,189.8,192.5,196.8,194.1,4.4,75.5,2.92,3836.4,827.4,835.4,838.4,940.9,191.2,192.7,196.2,194.6,4.46,75.2,2.913,-5.8,0.891,1,injector_clog,4,0.46,35.37,127339.7
183.9,mission_cruise,72.95608671484158,3200.0,43.52195664257921,3845.0,827.2,835.6,841.7,940.2,193.0,192.2,195.9,194.3,4.45,76.1,2.908,3836.4,827.4,835.4,838.4,940.9,191.2,192.7,196.2,194.6,4.46,75.2,2.913,-5.8,0.891,1,injector_clog,4,0.46,35.34,127238.8
184.0,mission_cruise,72.9549749861034,3200.0,43.5225125069483,3826.1,828.8,835.9,838.4,938.9,192.2,191.8,196.4,194.2,4.44,75.7,2.927,3836.3,827.4,835.4,838.4,940.9,191.2,192.7,196.2,194.5,4.46,75.2,2.913,-5.8,0.891,1,injector_clog,4,0.46,35.32,127137.9
184.1,mission_cruise,72.9538632573652,3200.0,43.5230683713174,3838.1,825.5,835.0,839.1,943.0,190.9,192.8,196.0,194.8,4.45,75.0,2.905,3836.3,827.4,835.4,838.4,940.9,191.2,192.7,196.2,194.5,4.46,75.2,2.913,-5.8,0.891,1,injector_clog,4,0.46,35.29,127037.0
184.2,mission_cruise,72.95275152862702,3200.0,43.52362423568649,3837.0,828.6,836.6,838.4,943.9,190.5,193.1,195.2,194.0,4.44,74.9,2.929,3836.3,827.4,835.4,838.4,940.9,191.2,192.7,196.2,194.5,4.46,75.2,2.913,-5.8,0.891,1,injector_clog,4,0.46,35.26,126936.1
184.3,mission_cruise,72.95163979988882,3200.0,43.52418010005559,3843.0,824.8,836.6,839.3,942.1,191.1,192.4,195.9,194.8,4.47,75.2,2.889,3836.3,827.4,835.4,838.4,940.9,191.2,192.7,196.2,194.5,4.46,75.2,2.912,-5.8,0.891,1,injector_clog,4,0.46,35.23,126835.2
184.4,mission_cruise,72.95052807115064,3200.0,43.52473596442468,3841.2,828.3,836.8,840.2,942.5,191.4,192.5,196.2,195.1,4.42,75.0,2.911,3836.2,827.4,835.4,838.4,940.9,191.2,192.7,196.2,194.5,4.46,75.2,2.912,-5.8,0.891,1,injector_clog,4,0.46,35.2,126734.3
184.5,mission_cruise,72.94941634241245,3200.0,43.525291828793776,3828.0,828.7,836.9,838.3,940.3,191.8,192.8,196.1,194.2,4.44,75.6,2.895,3836.2,827.4,835.4,838.4,940.9,191.2,192.7,196.2,194.4,4.46,75.2,2.912,-5.8,0.891,1,injector_clog,4,0.46,35.18,126633.4
184.6,mission_cruise,72.94830461367427,3200.0,43.525847693162866,3850.8,827.2,834.7,840.3,940.2,190.2,192.9,197.4,194.7,4.46,75.4,2.908,3836.2,827.4,835.4,838.4,940.9,191.2,192.7,196.2,194.4,4.46,75.2,2.912,-5.8,0.891,1,injector_clog,4,0.46,35.15,126532.5
184.7,mission_cruise,72.94719288493607,3200.0,43.526403557531964,3828.7,828.9,836.2,837.4,940.2,190.9,192.4,195.9,194.3,4.47,75.3,2.933,3836.1,827.4,835.4,838.4,940.8,191.2,192.7,196.2,194.4,4.46,75.2,2.912,-5.8,0.891,1,injector_clog,4,0.46,35.12,126431.6
184.8,mission_cruise,72.94608115619789,3200.0,43.526959421901054,3829.9,825.8,836.8,836.7,938.8,190.4,192.7,196.6,193.6,4.5,75.3,2.867,3836.1,827.4,835.4,838.4,940.8,191.2,192.7,196.2,194.4,4.46,75.2,2.912,-5.8,0.891,1,injector_clog,4,0.46,35.09,126330.7
184.9,mission_cruise,72.9449694274597,3200.0,43.52751528627015,3836.7,827.9,834.5,837.0,941.0,191.6,192.9,196.8,193.8,4.51,75.2,2.853,3836.1,827.4,835.4,838.4,940.8,191.2,192.7,196.2,194.4,4.46,75.2,2.912,-5.8,0.891,1,injector_clog,4,0.46,35.06,126229.8
185.0,mission_cruise,72.94385769872152,3200.0,43.52807115063924,3839.6,825.4,835.6,838.9,941.0,191.8,192.9,195.8,195.1,4.4,75.7,2.948,3836.0,827.4,835.4,838.4,940.8,191.2,192.7,196.2,194.4,4.46,75.2,2.912,-5.8,0.891,1,injector_clog,4,0.46,35.04,126128.9
185.1,mission_cruise,72.94274596998332,3200.0,43.52862701500834,3839.4,827.2,835.5,836.1,940.3,190.8,192.4,195.5,194.3,4.44,75.3,2.893,3836.0,827.4,835.4,838.4,940.8,191.2,192.7,196.2,194.4,4.46,75.2,2.912,-5.8,0.891,1,injector_clog,4,0.46,35.01,126028.0
185.2,mission_cruise,72.94163424124514,3200.0,43.52918287937743,3835.6,826.9,836.3,837.9,941.6,191.1,191.8,196.1,194.5,4.46,75.6,2.921,3836.0,827.4,835.4,838.4,940.8,191.2,192.7,196.2,194.3,4.46,75.2,2.912,-5.8,0.891,1,injector_clog,4,0.46,34.98,125927.1
185.3,mission_cruise,72.94052251250694,3200.0,43.52973874374653,3832.0,826.9,835.3,835.9,938.1,190.8,191.3,195.6,194.6,4.45,75.2,2.874,3835.9,827.4,835.4,838.4,940.8,191.2,192.7,196.2,194.3,4.46,75.2,2.912,-5.8,0.891,1,injector_clog,4,0.46,34.95,125826.2
185.4,mission_cruise,72.93941078376876,3200.0,43.53029460811562,3852.4,827.2,835.6,839.0,940.3,191.7,192.0,197.2,194.5,4.46,74.6,2.875,3835.9,827.3,835.3,838.3,940.8,191.2,192.7,196.2,194.3,4.46,75.2,2.912,-5.8,0.891,1,injector_clog,4,0.46,34.92,125725.3
185.5,mission_cruise,72.93829905503057,3200.0,43.530850472484715,3840.9,826.6,834.2,837.5,940.9,191.3,193.2,196.0,194.7,4.47,74.9,2.911,3835.9,827.3,835.3,838.3,940.8,191.1,192.6,196.1,194.3,4.46,75.1,2.912,-5.8,0.891,1,injector_clog,4,0.46,34.9,125624.4
185.6,mission_cruise,72.93718732629239,3200.0,43.531406336853806,3842.5,828.3,838.7,840.7,940.7,190.9,193.2,196.9,194.6,4.41,74.9,2.881,3835.8,827.3,835.3,838.3,940.8,191.1,192.6,196.1,194.3,4.46,75.1,2.912,-5.8,0.891,1,injector_clog,4,0.46,34.87,125523.5
185.7,mission_cruise,72.9360755975542,3200.0,43.5319622012229,3836.1,827.4,836.8,838.0,942.8,192.2,192.8,196.0,194.7,4.49,75.3,2.889,3835.8,827.3,835.3,838.3,940.8,191.1,192.6,196.1,194.3,4.46,75.1,2.912,-5.8,0.891,1,injector_clog,4,0.46,34.84,125422.6
185.8,mission_cruise,72.93496386881601,3200.0,43.532518065591994,3833.6,826.4,836.5,838.1,938.5,190.4,193.2,195.8,194.0,4.43,75.4,2.876,3835.8,827.3,835.3,838.3,940.8,191.1,192.6,196.1,194.2,4.46,75.1,2.912,-5.8,0.891,1,injector_clog,4,0.46,34.81,125321.7
185.9,mission_cruise,72.93385214007782,3200.0,43.53307392996109,3833.5,827.4,836.3,837.9,938.0,190.5,193.0,195.4,194.0,4.48,75.1,2.961,3835.7,827.3,835.3,838.3,940.8,191.1,192.6,196.1,194.2,4.46,75.1,2.912,-5.8,0.891,1,injector_clog,4,0.46,34.78,125220.8
186.0,mission_cruise,72.93274041133964,3200.0,43.53362979433018,3836.6,827.0,835.5,837.4,942.5,192.6,192.9,195.5,194.3,4.49,75.7,2.912,3835.7,827.3,835.3,838.3,940.8,191.1,192.6,196.1,194.2,4.46,75.1,2.912,-5.8,0.891,1,injector_clog,4,0.46,34.76,125119.9
186.1,mission_cruise,72.93162868260144,3200.0,43.53418565869928,3837.6,825.6,834.3,838.5,938.3,191.0,193.6,196.3,193.5,4.46,75.0,2.883,3835.7,827.3,835.3,838.3,940.8,191.1,192.6,196.1,194.2,4.46,75.1,2.912,-5.8,0.891,1,injector_clog,4,0.46,34.73,125019.0
186.2,mission_cruise,72.93051695386326,3200.0,43.53474152306837,3834.8,823.9,836.1,838.3,940.4,190.9,192.8,196.1,193.8,4.5,76.2,2.848,3835.7,827.3,835.3,838.3,940.8,191.1,192.6,196.1,194.2,4.46,75.1,2.912,-5.8,0.891,1,injector_clog,4,0.46,34.7,124918.1
186.3,mission_cruise,72.92940522512507,3200.0,43.53529738743747,3837.6,829.1,834.4,840.1,941.8,191.3,191.6,195.5,194.4,4.47,74.7,2.924,3835.6,827.3,835.3,838.3,940.8,191.1,192.6,196.1,194.2,4.46,75.1,2.912,-5.8,0.891,1,injector_clog,4,0.46,34.67,124817.2
186.4,mission_cruise,72.92829349638689,3200.0,43.53585325180656,3836.0,826.8,836.2,841.4,941.4,191.2,193.1,195.9,193.5,4.47,74.7,2.894,3835.6,827.3,835.3,838.3,940.8,191.1,192.6,196.1,194.2,4.46,75.1,2.912,-5.8,0.891,1,injector_clog,4,0.46,34.64,124716.3
186.5,mission_cruise,72.92718176764869,3200.0,43.536409116175655,3835.5,829.0,836.0,836.8,942.6,191.0,193.0,195.5,194.0,4.49,75.4,2.919,3835.6,827.3,835.3,838.3,940.8,191.1,192.6,196.1,194.1,4.46,75.1,2.912,-5.8,0.891,1,injector_clog,4,0.46,34.62,124615.4
186.6,mission_cruise,72.92607003891051,3200.0,43.536964980544745,3829.9,826.9,835.5,836.0,942.8,191.4,193.0,196.0,194.2,4.46,74.3,2.865,3835.5,827.3,835.3,838.3,940.8,191.1,192.6,196.1,194.1,4.46,75.1,2.912,-5.8,0.891,1,injector_clog,4,0.46,34.59,124514.5
186.7,mission_cruise,72.92495831017231,3200.0,43.53752084491384,3826.3,827.5,834.5,836.9,941.2,190.1,191.7,196.4,193.5,4.46,75.6,2.937,3835.5,827.3,835.3,838.3,940.8,191.1,192.6,196.1,194.1,4.46,75.1,2.912,-5.8,0.891,1,injector_clog,4,0.46,34.56,124413.6
186.8,mission_cruise,72.92384658143413,3200.0,43.53807670928293,3839.4,826.3,836.5,834.4,939.6,190.2,192.7,196.8,193.3,4.52,75.0,2.954,3835.5,827.3,835.3,838.3,940.8,191.1,192.6,196.1,194.1,4.46,75.1,2.912,-5.8,0.891,1,injector_clog,4,0.46,34.53,124312.7
186.9,mission_cruise,72.92273485269594,3200.0,43.53863257365203,3840.2,828.4,834.2,838.1,941.1,190.6,193.0,195.6,195.4,4.45,74.7,2.915,3835.4,827.3,835.3,838.3,940.8,191.1,192.6,196.1,194.1,4.46,75.1,2.912,-5.8,0.891,1,injector_clog,4,0.46,34.5,124211.8
187.0,mission_cruise,72.92162312395776,3200.0,43.53918843802112,3838.4,829.3,836.6,837.9,942.0,192.5,193.3,197.1,194.0,4.46,75.2,2.902,3835.4,827.3,835.3,838.3,940.8,191.1,192.6,196.1,194.1,4.46,75.1,2.911,-5.8,0.891,1,injector_clog,4,0.46,34.48,124110.9
187.1,mission_cruise,72.92051139521956,3200.0,43.53974430239022,3826.1,825.0,838.4,836.7,940.5,192.1,193.5,195.6,194.8,4.43,74.2,2.921,3835.4,827.3,835.3,838.3,940.8,191.1,192.6,196.1,194.1,4.46,75.1,2.911,-5.8,0.891,1,injector_clog,4,0.46,34.45,124010.0
187.2,mission_cruise,72.91939966648138,3200.0,43.54030016675931,3834.2,827.9,836.7,838.7,940.1,191.4,193.2,196.4,193.0,4.45,75.5,2.896,3835.3,827.3,835.3,838.3,940.8,191.1,192.6,196.1,194.0,4.46,75.1,2.911,-5.8,0.891,1,injector_clog,4,0.46,34.42,123909.1
187.3,mission_cruise,72.91828793774319,3200.0,43.540856031128406,3827.7,824.4,834.3,838.2,942.0,190.9,193.9,195.8,195.7,4.5,75.1,2.939,3835.3,827.3,835.3,838.3,940.8,191.1,192.6,196.1,194.0,4.46,75.1,2.911,-5.8,0.891,1,injector_clog,4,0.46,34.39,123808.2
187.4,mission_cruise,72.917176209005,3200.0,43.5414118954975,3824.2,828.5,835.7,839.1,942.0,190.5,192.3,195.6,192.7,4.45,74.3,2.902,3835.3,827.3,835.3,838.3,940.8,191.1,192.6,196.1,194.0,4.46,75.1,2.911,-5.8,0.891,1,injector_clog,4,0.46,34.36,123707.3
187.5,mission_cruise,72.91606448026681,3200.0,43.541967759866594,3842.0,826.3,834.2,837.5,941.2,191.4,192.3,194.7,193.5,4.45,75.0,2.904,3835.2,827.3,835.3,838.3,940.8,191.1,192.6,196.1,194.0,4.46,75.1,2.911,-5.8,0.891,1,injector_clog,4,0.46,34.34,123606.4
187.6,mission_cruise,72.91495275152863,3200.0,43.542523624235685,3838.2,826.7,835.6,838.4,941.4,190.3,192.0,197.2,194.4,4.49,75.0,2.865,3835.2,827.3,835.3,838.3,940.8,191.1,192.6,196.1,194.0,4.46,75.1,2.911,-5.8,0.891,1,injector_clog,4,0.46,34.31,123505.5
187.7,mission_cruise,72.91384102279044,3200.0,43.54307948860478,3833.9,826.3,835.7,837.1,938.3,191.7,192.8,195.2,194.5,4.48,74.3,2.896,3835.2,827.3,835.3,838.3,940.8,191.1,192.6,196.1,194.0,4.46,75.1,2.911,-5.8,0.891,1,injector_clog,4,0.46,34.28,123404.6
187.8,mission_cruise,72.91272929405226,3200.0,43.54363535297387,3834.8,824.1,836.0,836.1,941.8,190.2,193.0,196.3,194.1,4.48,73.9,2.948,3835.2,827.3,835.3,838.3,940.8,191.1,192.6,196.1,194.0,4.46,75.1,2.911,-5.8,0.891,1,injector_clog,4,0.46,34.25,123303.7
187.9,mission_cruise,72.91161756531406,3200.0,43.54419121734297,3846.1,828.4,834.5,834.9,940.0,191.1,191.4,195.5,194.1,4.44,75.1,2.926,3835.1,827.3,835.3,838.3,940.8,191.1,192.6,196.1,194.0,4.46,75.1,2.911,-5.8,0.891,1,injector_clog,4,0.46,34.22,123202.8
188.0,mission_cruise,72.91050583657588,3200.0,43.54474708171206,3832.0,824.4,835.9,839.0,941.7,191.1,193.9,195.9,195.9,4.46,75.0,2.917,3835.1,827.3,835.3,838.3,940.8,191.1,192.6,196.1,193.9,4.46,75.1,2.911,-5.8,0.891,1,injector_clog,4,0.46,34.19,123101.9
188.1,mission_cruise,72.90939410783768,3200.0,43.54530294608116,3837.1,827.6,832.7,839.7,944.3,191.2,192.6,196.1,193.9,4.42,74.9,2.901,3835.1,827.3,835.3,838.3,940.8,191.1,192.6,196.1,193.9,4.46,75.1,2.911,-5.8,0.891,1,injector_clog,4,0.46,34.17,123001.0
188.2,mission_cruise,72.9082823790995,3200.0,43.54585881045025,3838.4,829.5,835.2,836.9,940.2,190.8,191.6,195.7,193.4,4.48,75.0,2.884,3835.0,827.3,835.3,838.3,940.8,191.1,192.6,196.1,193.9,4.46,75.1,2.911,-5.8,0.891,1,injector_clog,4,0.46,34.14,122900.1
188.3,mission_cruise,72.90717065036131,3200.0,43.546414674819346,3837.5,827.4,836.8,839.8,943.2,191.4,191.1,197.2,193.9,4.44,75.2,2.896,3835.0,827.3,835.3,838.3,940.8,191.1,192.6,196.1,193.9,4.46,75.1,2.911,-5.8,0.891,1,injector_clog,4,0.46,34.11,122799.2
188.4,mission_cruise,72.90605892162313,3200.0,43.546970539188436,3830.5,827.0,837.5,838.2,941.2,191.6,192.2,196.0,193.9,4.46,75.7,2.904,3835.0,827.3,835.3,838.3,940.8,191.1,192.6,196.1,193.9,4.46,75.1,2.911,-5.8,0.891,1,injector_clog,4,0.46,34.08,122698.3
188.5,mission_cruise,72.90494719288493,3200.0,43.547526403557534,3839.7,828.0,832.9,838.5,940.9,192.1,193.2,195.9,193.5,4.47,75.0,2.916,3834.9,827.3,835.3,838.3,940.8,191.1,192.6,196.1,193.9,4.46,75.1,2.911,-5.8,0.891,1,injector_clog,4,0.46,34.05,122597.4
188.6,mission_cruise,72.90383546414675,3200.0,43.548082267926624,3832.9,826.7,835.7,837.9,943.2,190.9,192.8,195.9,194.1,4.47,75.3,2.92,3834.9,827.3,835.3,838.3,940.8,191.1,192.6,196.1,193.9,4.46,75.1,2.911,-5.8,0.891,1,injector_clog,4,0.46,34.03,122496.5
188.7,mission_cruise,72.90272373540856,3200.0,43.54863813229572,3838.3,825.0,835.8,839.1,940.5,191.0,191.8,195.5,194.7,4.48,74.7,2.924,3834.9,827.3,835.3,838.3,940.8,191.1,192.6,196.1,193.9,4.46,75.1,2.911,-5.8,0.891,1,injector_clog,4,0.46,34.0,122395.6
188.8,mission_cruise,72.90161200667038,3200.0,43.54919399666481,3828.6,828.2,834.2,835.1,942.6,191.6,192.6,197.4,194.1,4.47,75.0,2.888,3834.8,827.3,835.3,838.3,940.8,191.1,192.6,196.1,193.8,4.46,75.0,2.911,-5.8,0.891,1,injector_clog,4,0.46,33.97,122294.7
188.9,mission_cruise,72.90050027793218,3200.0,43.54974986103391,3836.3,828.5,836.6,837.4,941.1,191.1,192.6,195.8,193.0,4.49,74.7,2.874,3834.8,827.3,835.3,838.3,940.8,191.1,192.6,196.1,193.8,4.46,75.0,2.911,-5.8,0.891,1,injector_clog,4,0.46,33.94,122193.8
189.0,mission_cruise,72.899388549194,3200.0,43.550305725403,3828.1,828.5,836.1,837.3,939.4,191.9,191.8,195.4,194.5,4.46,74.7,2.925,3834.8,827.3,835.3,838.3,940.8,191.1,192.6,196.1,193.8,4.46,75.0,2.911,-5.8,0.891,1,injector_clog,4,0.46,33.91,122092.9
189.1,mission_cruise,72.8982768204558,3200.0,43.5508615897721,3829.7,827.7,836.0,838.5,940.4,191.6,191.8,196.3,195.3,4.47,75.3,2.911,3834.7,827.3,835.3,838.3,940.8,191.1,192.6,196.1,193.8,4.46,75.0,2.911,-5.8,0.891,1,injector_clog,4,0.46,33.89,121992.0
189.2,mission_cruise,72.89716509171762,3200.0,43.55141745414119,3837.7,829.4,833.5,837.8,941.3,191.8,192.8,196.4,194.1,4.45,75.0,2.871,3834.7,827.3,835.3,838.3,940.8,191.1,192.6,196.1,193.8,4.46,75.0,2.911,-5.8,0.891,1,injector_clog,4,0.46,33.86,121891.1
189.3,mission_cruise,72.89605336297943,3200.0,43.551973318510285,3831.7,828.2,837.7,836.7,938.7,191.7,192.6,195.9,193.7,4.45,75.0,2.935,3834.7,827.3,835.3,838.3,940.8,191.1,192.6,196.1,193.8,4.46,75.0,2.911,-5.8,0.891,1,injector_clog,4,0.46,33.83,121790.2
189.4,mission_cruise,72.89494163424125,3200.0,43.552529182879375,3832.9,827.3,833.5,838.7,940.5,190.6,193.8,195.6,194.3,4.46,75.5,2.932,3834.6,827.3,835.3,838.3,940.8,191.1,192.6,196.1,193.8,4.46,75.0,2.911,-5.8,0.891,1,injector_clog,4,0.46,33.8,121689.3
189.5,mission_cruise,72.89382990550305,3200.0,43.55308504724847,3829.7,827.7,835.7,838.6,941.4,191.8,192.0,195.7,194.1,4.47,74.6,2.853,3834.6,827.3,835.3,838.3,940.8,191.1,192.6,196.1,193.8,4.46,75.0,2.911,-5.8,0.891,1,injector_clog,4,0.46,33.77,121588.4
189.6,mission_cruise,72.89271817676487,3200.0,43.55364091161756,3832.9,826.9,833.3,838.8,942.3,191.2,192.6,196.0,193.4,4.41,75.4,2.911,3834.6,827.3,835.3,838.3,940.8,191.1,192.6,196.1,193.8,4.46,75.0,2.911,-5.8,0.891,1,injector_clog,4,0.46,33.75,121487.5
189.7,mission_cruise,72.89160644802668,3200.0,43.55419677598666,3839.9,826.3,835.4,838.7,941.3,191.4,192.0,196.7,193.6,4.49,75.1,2.875,3834.6,827.3,835.3,838.3,940.8,191.1,192.6,196.1,193.7,4.46,75.0,2.911,-5.8,0.891,1,injector_clog,4,0.46,33.72,121386.6
189.8,mission_cruise,72.8904947192885,3200.0,43.55475264035575,3834.5,828.9,835.3,839.3,940.1,191.7,192.9,195.0,193.4,4.44,75.2,2.935,3834.5,827.3,835.3,838.3,940.8,191.1,192.6,196.1,193.7,4.46,75.0,2.91,-5.8,0.891,1,injector_clog,4,0.46,33.69,121285.7
189.9,mission_cruise,72.8893829905503,3200.0,43.55530850472485,3828.1,830.1,835.9,836.8,939.6,192.1,192.5,196.2,194.9,4.42,75.1,2.938,3834.5,827.3,835.3,838.3,940.8,191.1,192.6,196.1,193.7,4.46,75.0,2.91,-5.8,0.891,1,injector_clog,4,0.46,33.66,121184.8
190.0,mission_cruise,72.88827126181212,3200.0,43.55586436909394,3829.6,825.0,835.3,838.3,941.8,191.3,192.9,196.2,193.2,4.44,74.8,2.897,3834.5,827.3,835.3,838.3,940.8,191.1,192.6,196.1,193.7,4.46,75.0,2.91,-5.8,0.891,1,injector_clog,4,0.46,33.63,121083.9
190.1,mission_cruise,72.88715953307393,3200.0,43.55642023346304,3840.7,826.8,834.6,837.2,941.4,191.5,193.2,196.0,193.5,4.45,75.4,2.943,3834.4,827.3,835.3,838.3,940.7,191.1,192.6,196.1,193.7,4.46,75.0,2.91,-5.8,0.891,1,injector_clog,4,0.46,33.61,120983.0
190.2,mission_cruise,72.88604780433575,3200.0,43.55697609783213,3835.6,830.0,834.8,840.1,941.5,191.1,191.1,196.9,194.0,4.47,74.6,2.928,3834.4,827.3,835.3,838.3,940.7,191.1,192.6,196.1,193.7,4.46,75.0,2.91,-5.8,0.891,1,injector_clog,4,0.46,33.58,120882.1
190.3,mission_cruise,72.88493607559755,3200.0,43.557531962201224,3832.8,825.5,834.0,838.0,941.3,190.2,192.6,196.9,195.0,4.46,75.5,2.883,3834.4,827.3,835.3,838.3,940.7,191.1,192.6,196.1,193.7,4.46,75.0,2.91,-5.8,0.891,1,injector_clog,4,0.46,33.55,120781.2
190.4,mission_cruise,72.88382434685937,3200.0,43.558087826570315,3829.9,829.1,833.1,835.8,940.6,191.1,192.2,195.8,193.9,4.42,74.9,2.896,3834.3,827.3,835.3,838.3,940.7,191.1,192.6,196.1,193.7,4.46,75.0,2.91,-5.8,0.891,1,injector_clog,4,0.46,33.52,120680.3
190.5,mission_cruise,72.88271261812118,3200.0,43.55864369093941,3838.9,827.4,833.6,840.1,941.8,191.1,192.1,195.5,193.7,4.49,75.9,2.946,3834.3,827.3,835.3,838.3,940.7,191.1,192.6,196.1,193.7,4.46,75.0,2.91,-5.8,0.891,1,injector_clog,4,0.46,33.49,120579.4
190.6,mission_cruise,72.881600889383,3200.0,43.5591995553085,3832.7,827.0,836.9,837.3,941.1,190.5,192.2,196.5,193.7,4.46,75.4,2.871,3834.3,827.2,835.2,838.2,940.7,191.1,192.6,196.1,193.7,4.46,75.0,2.91,-5.8,0.891,1,injector_clog,4,0.46,33.47,120478.5
190.7,mission_cruise,72.8804891606448,3200.0,43.5597554196776,3835.1,832.2,832.8,837.7,941.4,190.7,192.7,196.0,194.0,4.46,74.8,2.974,3834.2,827.2,835.2,838.2,940.7,191.1,192.6,196.1,193.6,4.46,75.0,2.91,-5.8,0.891,1,injector_clog,4,0.46,33.44,120377.6
190.8,mission_cruise,72.87937743190662,3200.0,43.56031128404669,3832.8,826.0,836.5,839.6,943.0,192.1,192.5,196.3,193.3,4.47,75.4,2.876,3834.2,827.2,835.2,838.2,940.7,191.1,192.6,196.1,193.6,4.46,75.0,2.91,-5.8,0.891,1,injector_clog,4,0.46,33.41,120276.7
190.9,mission_cruise,72.87826570316842,3200.0,43.56086714841579,3832.0,825.9,837.0,835.1,939.1,191.8,192.6,197.3,193.7,4.51,75.4,2.885,3834.2,827.2,835.2,838.2,940.7,191.1,192.6,196.1,193.6,4.46,75.0,2.91,-5.8,0.891,1,injector_clog,4,0.46,33.38,120175.8
191.0,mission_cruise,72.87715397443024,3200.0,43.56142301278488,3837.8,827.7,834.4,837.8,940.6,190.6,193.3,196.3,194.1,4.42,75.0,2.876,3834.1,827.2,835.2,838.2,940.7,191.1,192.6,196.1,193.6,4.46,75.0,2.91,-5.8,0.891,1,injector_clog,4,0.46,33.35,120074.9
191.1,mission_cruise,72.87604224569205,3200.0,43.561978877153976,3823.9,825.4,837.1,837.1,940.4,190.6,193.0,195.8,193.0,4.48,75.4,2.923,3834.1,827.2,835.2,838.2,940.7,191.1,192.6,196.1,193.6,4.46,75.0,2.91,-5.8,0.891,1,injector_clog,4,0.46,33.33,119974.0
191.2,mission_cruise,72.87493051695387,3200.0,43.562534741523066,3838.7,827.2,833.5,839.0,941.3,190.3,192.6,195.7,193.2,4.45,74.8,2.909,3834.1,827.2,835.2,838.2,940.7,191.1,192.6,196.1,193.6,4.46,75.0,2.91,-5.8,0.891,1,injector_clog,4,0.46,33.3,119873.1
191.3,mission_cruise,72.87381878821567,3200.0,43.563090605892164,3836.9,826.5,836.3,837.5,938.8,190.9,192.6,195.9,194.4,4.45,75.1,2.937,3834.0,827.2,835.2,838.2,940.7,191.1,192.6,196.1,193.6,4.46,75.0,2.91,-5.8,0.891,1,injector_clog,4,0.46,33.27,119772.2
191.4,mission_cruise,72.87270705947749,3200.0,43.563646470261254,3838.4,825.3,832.3,837.8,940.0,191.4,192.3,195.5,194.0,4.43,74.9,2.899,3834.0,827.2,835.2,838.2,940.7,191.1,192.6,196.1,193.6,4.46,75.0,2.91,-5.8,0.891,1,injector_clog,4,0.46,33.24,119671.3
191.5,mission_cruise,72.8715953307393,3200.0,43.56420233463035,3832.9,826.9,835.9,838.9,940.5,190.5,192.1,196.4,193.9,4.44,75.0,2.866,3834.0,827.2,835.2,838.2,940.7,191.1,192.6,196.1,193.6,4.46,75.0,2.91,-5.8,0.891,1,injector_clog,4,0.46,33.21,119570.4
191.6,mission_cruise,72.87048360200112,3200.0,43.56475819899944,3836.8,828.6,835.0,837.5,941.4,191.0,192.4,196.7,193.9,4.47,75.8,2.909,3834.0,827.2,835.2,838.2,940.7,191.1,192.6,196.1,193.6,4.46,75.0,2.91,-5.8,0.891,1,injector_clog,4,0.46,33.19,119469.5
191.7,mission_cruise,72.86937187326292,3200.0,43.56531406336854,3840.8,825.0,834.6,837.1,941.6,190.4,192.2,195.5,195.3,4.44,74.7,2.905,3833.9,827.2,835.2,838.2,940.7,191.1,192.6,196.1,193.5,4.46,75.0,2.91,-5.8,0.891,1,injector_clog,4,0.46,33.16,119368.6
191.8,mission_cruise,72.86826014452474,3200.0,43.56586992773763,3839.6,828.0,838.0,837.5,938.3,190.2,192.8,196.5,193.7,4.43,75.2,2.895,3833.9,827.2,835.2,838.2,940.7,191.1,192.6,196.1,193.5,4.46,75.0,2.91,-5.8,0.891,1,injector_clog,4,0.46,33.13,119267.7
191.9,mission_cruise,72.86714841578655,3200.0,43.56642579210673,3828.0,829.6,835.2,839.1,941.2,191.9,192.4,197.3,194.0,4.4,75.1,2.89,3833.9,827.2,835.2,838.2,940.7,191.1,192.6,196.1,193.5,4.46,75.0,2.91,-5.8,0.891,1,injector_clog,4,0.46,33.1,119166.8
192.0,mission_cruise,72.86603668704836,3200.0,43.56698165647582,3829.6,828.5,835.1,838.0,941.7,191.8,192.1,196.3,192.7,4.43,75.6,2.866,3833.8,827.2,835.2,838.2,940.7,191.1,192.6,196.1,193.5,4.46,75.0,2.91,-5.8,0.891,1,injector_clog,4,0.46,33.07,119065.9
192.1,mission_cruise,72.86492495831017,3200.0,43.567537520844915,3834.0,826.2,834.8,840.5,939.4,190.8,192.3,195.4,193.1,4.46,74.8,2.957,3833.8,827.2,835.2,838.2,940.7,191.1,192.6,196.1,193.5,4.46,75.0,2.91,-5.8,0.891,1,injector_clog,4,0.46,33.05,118965.0
192.2,mission_cruise,72.86381322957199,3200.0,43.568093385214006,3831.9,825.5,833.6,840.5,941.2,192.1,192.4,196.6,192.6,4.45,74.6,2.894,3833.8,827.2,835.2,838.2,940.7,191.1,192.6,196.1,193.5,4.46,75.0,2.91,-5.8,0.891,1,injector_clog,4,0.46,33.02,118864.1
192.3,mission_cruise,72.8627015008338,3200.0,43.5686492495831,3835.5,827.9,838.0,839.5,940.2,191.0,192.7,195.2,193.4,4.46,75.4,2.889,3833.7,827.2,835.2,838.2,940.7,191.1,192.6,196.1,193.5,4.46,75.0,2.91,-5.8,0.891,1,injector_clog,4,0.46,32.99,118763.2
192.4,mission_cruise,72.86158977209561,3200.0,43.569205113952194,3837.7,827.1,835.0,838.0,939.0,191.7,192.3,196.8,193.7,4.45,75.2,2.864,3833.7,827.2,835.2,838.2,940.7,191.1,192.6,196.1,193.5,4.46,75.0,2.91,-5.8,0.891,1,injector_clog,4,0.46,32.96,118662.3
192.5,mission_cruise,72.86047804335742,3200.0,43.56976097832129,3838.7,827.3,837.0,841.7,942.0,191.5,192.1,196.0,192.5,4.45,73.9,2.899,3833.7,827.2,835.2,838.2,940.7,191.1,192.6,196.1,193.5,4.46,74.9,2.91,-5.8,0.891,1,injector_clog,4,0.46,32.93,118561.4
192.6,mission_cruise,72.85936631461924,3200.0,43.57031684269038,3825.9,826.0,836.5,835.4,939.1,191.0,191.7,196.1,193.6,4.46,74.8,2.865,3833.6,827.2,835.2,838.2,940.7,191.1,192.6,196.1,193.5,4.46,74.9,2.909,-5.8,0.891,1,injector_clog,4,0.46,32.91,118460.5
192.7,mission_cruise,72.85825458588104,3200.0,43.57087270705948,3823.5,827.7,836.8,837.5,939.4,190.9,192.5,197.2,193.6,4.47,75.3,2.926,3833.6,827.2,835.2,838.2,940.7,191.1,192.6,196.1,193.5,4.46,74.9,2.909,-5.8,0.891,1,injector_clog,4,0.46,32.88,118359.6
192.8,mission_cruise,72.85714285714286,3200.0,43.57142857142857,3831.8,826.1,836.1,838.8,939.6,191.1,192.3,196.4,192.8,4.41,74.6,2.988,3833.6,827.2,835.2,838.2,940.7,191.1,192.6,196.1,193.4,4.46,74.9,2.909,-5.8,0.891,1,injector_clog,4,0.46,32.85,118258.7
192.9,mission_cruise,72.85603112840467,3200.0,43.57198443579767,3828.9,827.9,835.2,837.5,940.7,192.2,192.6,196.3,192.7,4.43,74.6,2.905,3833.5,827.2,835.2,838.2,940.7,191.1,192.6,196.1,193.4,4.46,74.9,2.909,-5.8,0.891,1,injector_clog,4,0.46,32.82,118157.8
193.0,mission_cruise,72.85491939966649,3200.0,43.57254030016676,3826.0,828.4,835.2,839.9,939.7,191.0,192.4,194.8,193.9,4.44,75.0,2.932,3833.5,827.2,835.2,838.2,940.7,191.1,192.6,196.1,193.4,4.46,74.9,2.909,-5.8,0.891,1,injector_clog,4,0.46,32.79,118056.9
193.1,mission_cruise,72.85380767092829,3200.0,43.573096164535855,3831.6,828.9,837.0,841.0,940.3,190.5,193.3,195.4,193.1,4.45,75.0,2.911,3833.5,827.2,835.2,838.2,940.7,191.1,192.6,196.1,193.4,4.46,74.9,2.909,-5.8,0.891,1,injector_clog,4,0.46,32.77,117956.0
193.2,mission_cruise,72.85269594219011,3200.0,43.573652028904945,3836.3,824.7,835.7,834.8,940.0,191.4,191.8,196.1,192.7,4.45,74.6,2.912,3833.4,827.2,835.2,838.2,940.7,191.1,192.6,196.1,193.4,4.46,74.9,2.909,-5.8,0.891,1,injector_clog,4,0.46,32.74,117855.1
193.3,mission_cruise,72.85158421345191,3200.0,43.57420789327404,3828.3,824.4,837.0,838.1,940.0,189.6,192.3,195.8,194.0,4.46,75.3,2.918,3833.4,827.2,835.2,838.2,940.7,191.1,192.6,196.1,193.4,4.46,74.9,2.909,-5.8,0.891,1,injector_clog,4,0.46,32.71,117754.2
193.4,mission_cruise,72.85047248471373,3200.0,43.57476375764313,3833.1,828.3,835.4,837.4,940.8,190.6,192.5,196.7,193.2,4.48,74.6,2.923,3833.4,827.2,835.2,838.2,940.7,191.1,192.6,196.1,193.4,4.46,74.9,2.909,-5.8,0.891,1,injector_clog,4,0.46,32.68,117653.3
193.5,mission_cruise,72.84936075597554,3200.0,43.57531962201223,3832.5,829.7,833.7,837.6,942.8,190.3,192.5,196.6,192.6,4.48,75.8,2.895,3833.4,827.2,835.2,838.2,940.7,191.1,192.6,196.1,193.4,4.46,74.9,2.909,-5.8,0.891,1,injector_clog,4,0.46,32.65,117552.4
193.6,mission_cruise,72.84824902723736,3200.0,43.57587548638132,3827.2,827.2,835.4,840.5,939.9,191.0,193.0,197.1,192.5,4.44,74.5,2.919,3833.3,827.2,835.2,838.2,940.7,191.1,192.6,196.1,193.4,4.46,74.9,2.909,-5.8,0.891,1,injector_clog,4,0.46,32.63,117451.5
193.7,mission_cruise,72.84713729849916,3200.0,43.57643135075042,3837.2,825.9,835.6,839.1,941.4,191.8,193.8,196.1,192.6,4.46,74.6,2.953,3833.3,827.2,835.2,838.2,940.7,191.1,192.6,196.1,193.4,4.46,74.9,2.909,-5.8,0.891,1,injector_clog,4,0.46,32.6,117350.6
193.8,mission_cruise,72.84602556976098,3200.0,43.57698721511951,3838.0,828.3,835.9,840.4,939.8,190.4,192.2,197.2,194.0,4.46,75.1,2.903,3833.3,827.2,835.2,838.2,940.7,191.1,192.6,196.1,193.4,4.46,74.9,2.909,-5.8,0.891,1,injector_clog,4,0.46,32.57,117249.7
193.9,mission_cruise,72.84491384102279,3200.0,43.577543079488606,3824.1,829.5,832.9,837.3,940.1,191.4,192.4,195.7,192.5,4.47,75.2,2.933,3833.2,827.2,835.2,838.2,940.7,191.1,192.6,196.1,193.4,4.46,74.9,2.909,-5.8,0.891,1,injector_clog,4,0.46,32.54,117148.8
194.0,mission_cruise,72.8438021122846,3200.0,43.5780989438577,3825.7,826.1,835.1,837.5,941.2,191.0,192.2,196.2,192.8,4.46,75.5,2.891,3833.2,827.2,835.2,838.2,940.7,191.1,192.6,196.1,193.4,4.46,74.9,2.909,-5.8,0.891,1,injector_clog,4,0.46,32.51,117047.9
194.1,mission_cruise,72.84269038354641,3200.0,43.578654808226794,3836.6,825.8,835.2,836.6,940.5,190.9,192.8,196.7,193.8,4.44,75.4,2.907,3833.2,827.2,835.2,838.2,940.7,191.1,192.6,196.1,193.3,4.46,74.9,2.909,-5.8,0.891,1,injector_clog,4,0.46,32.49,116947.0
194.2,mission_cruise,72.84157865480823,3200.0,43.579210672595885,3826.8,826.6,832.1,837.6,943.0,191.1,192.3,195.9,193.4,4.47,75.1,2.918,3833.1,827.2,835.2,838.2,940.7,191.1,192.6,196.1,193.3,4.46,74.9,2.909,-5.8,0.891,1,injector_clog,4,0.46,32.46,116846.1
194.3,mission_cruise,72.84046692607004,3200.0,43.57976653696498,3831.1,826.3,834.1,839.5,941.0,191.1,192.8,195.7,192.8,4.45,75.1,2.962,3833.1,827.2,835.2,838.2,940.7,191.1,192.6,196.1,193.3,4.46,74.9,2.909,-5.8,0.891,1,injector_clog,4,0.46,32.43,116745.2
194.4,mission_cruise,72.83935519733186,3200.0,43.58032240133407,3827.4,823.7,834.6,838.2,943.1,190.8,191.6,196.0,191.4,4.48,75.0,2.934,3833.1,827.2,835.2,838.2,940.7,191.1,192.6,196.1,193.3,4.46,74.9,2.909,-5.8,0.891,1,injector_clog,4,0.46,32.4,116644.3
194.5,mission_cruise,72.83824346859366,3200.0,43.58087826570317,3829.7,828.1,838.1,838.0,941.8,190.4,192.5,195.9,194.3,4.45,75.3,2.928,3833.0,827.2,835.2,838.2,940.7,191.1,192.6,196.1,193.3,4.46,74.9,2.909,-5.8,0.891,1,injector_clog,4,0.46,32.37,116543.4
194.6,mission_cruise,72.83713173985548,3200.0,43.58143413007226,3831.3,828.1,833.5,836.7,942.4,192.4,192.4,196.3,192.5,4.49,75.7,2.914,3833.0,827.2,835.2,838.2,940.7,191.1,192.6,196.1,193.3,4.46,74.9,2.909,-5.8,0.891,1,injector_clog,4,0.46,32.35,116442.5
194.7,mission_cruise,72.83602001111728,3200.0,43.58198999444136,3837.8,828.2,836.2,840.1,939.9,190.7,193.4,196.6,192.2,4.45,75.4,2.923,3833.0,827.2,835.2,838.2,940.7,191.1,192.6,196.1,193.3,4.46,74.9,2.909,-5.8,0.891,1,injector_clog,4,0.46,32.32,116341.6
194.8,mission_cruise,72.8349082823791,3200.0,43.58254585881045,3827.0,826.2,835.0,837.5,943.3,192.4,192.4,195.4,193.6,4.48,75.5,2.937,3832.9,827.2,835.2,838.2,940.7,191.1,192.6,196.1,193.3,4.46,74.9,2.909,-5.8,0.891,1,injector_clog,4,0.46,32.29,116240.7
194.9,mission_cruise,72.83379655364091,3200.0,43.583101723179546,3829.2,828.1,836.2,838.2,941.3,191.4,192.3,196.0,193.5,4.44,74.7,2.914,3832.9,827.2,835.2,838.2,940.7,191.1,192.6,196.1,193.3,4.46,74.9,2.909,-5.8,0.891,1,injector_clog,4,0.46,32.26,116139.8
195.0,mission_cruise,72.83268482490273,3200.0,43.583657587548636,3831.4,826.0,836.9,839.3,941.0,190.9,192.8,195.3,194.4,4.43,74.7,2.909,3832.9,827.2,835.2,838.2,940.7,191.1,192.6,196.1,193.3,4.46,74.9,2.909,-5.8,0.891,1,injector_clog,4,0.46,32.23,116038.9
195.1,mission_cruise,72.83157309616453,3200.0,43.58421345191773,3833.4,828.9,834.8,837.0,938.5,190.5,191.9,195.4,193.4,4.47,75.0,2.907,3832.8,827.2,835.2,838.2,940.7,191.1,192.6,196.1,193.3,4.46,74.9,2.909,-5.8,0.891,1,injector_clog,4,0.46,32.21,115938.0
195.2,mission_cruise,72.83046136742635,3200.0,43.584769316286824,3835.6,824.0,834.2,841.3,940.8,190.8,193.2,196.6,192.7,4.44,75.0,2.91,3832.8,827.2,835.2,838.2,940.7,191.1,192.6,196.1,193.3,4.46,74.9,2.909,-5.8,0.891,1,injector_clog,4,0.46,32.18,115837.1
195.3,mission_cruise,72.82934963868816,3200.0,43.58532518065592,3830.9,826.1,836.8,838.7,939.4,191.0,193.9,195.8,193.0,4.48,74.5,2.879,3832.8,827.2,835.2,838.2,940.6,191.1,192.6,196.1,193.3,4.46,74.9,2.908,-5.8,0.891,1,injector_clog,4,0.46,32.15,115736.2
195.4,mission_cruise,72.82823790994998,3200.0,43.58588104502501,3832.1,828.0,835.1,839.1,940.8,191.1,192.5,195.4,192.9,4.47,74.8,2.911,3832.8,827.2,835.2,838.2,940.6,191.1,192.6,196.1,193.2,4.46,74.9,2.908,-5.8,0.891,1,injector_clog,4,0.46,32.12,115635.3
195.5,mission_cruise,72.82712618121178,3200.0,43.58643690939411,3832.2,826.6,835.2,837.7,939.1,190.8,193.2,196.0,192.6,4.47,74.7,2.895,3832.7,827.2,835.2,838.2,940.6,191.1,192.6,196.1,193.2,4.46,74.9,2.908,-5.8,0.891,1,injector_clog,4,0.46,32.09,115534.4
195.6,mission_cruise,72.8260144524736,3200.0,43.5869927737632,3835.5,828.0,835.4,837.1,943.1,191.7,192.1,196.0,193.1,4.41,74.6,2.891,3832.7,827.2,835.2,838.2,940.6,191.1,192.6,196.1,193.2,4.46,74.9,2.908,-5.8,0.891,1,injector_clog,4,0.46,32.06,115433.5
195.7,mission_cruise,72.8249027237354,3200.0,43.5875486381323,3823.8,823.9,834.5,835.8,938.7,190.5,192.2,195.5,192.7,4.43,74.5,2.918,3832.7,827.2,835.2,838.2,940.6,191.1,192.6,196.1,193.2,4.46,74.9,2.908,-5.8,0.891,1,injector_clog,4,0.46,32.04,115332.6
195.8,mission_cruise,72.82379099499722,3200.0,43.58810450250139,3827.2,828.5,833.4,837.5,939.9,190.6,192.4,195.5,192.3,4.48,74.8,2.911,3832.6,827.1,835.1,838.1,940.6,191.1,192.6,196.1,193.2,4.46,74.9,2.908,-5.8,0.891,1,injector_clog,4,0.46,32.01,115231.7
195.9,mission_cruise,72.82267926625903,3200.0,43.588660366870485,3835.7,826.5,836.7,839.1,938.7,190.5,192.7,196.4,193.7,4.43,75.1,2.902,3832.6,827.1,835.1,838.1,940.6,191.1,192.6,196.1,193.2,4.46,74.9,2.908,-5.8,0.891,1,injector_clog,4,0.46,31.98,115130.8
196.0,mission_cruise,72.82156753752085,3200.0,43.589216231239575,3833.6,827.6,835.8,837.0,940.8,191.3,193.1,195.9,192.8,4.42,75.8,2.89,3832.6,827.1,835.1,838.1,940.6,191.1,192.6,196.1,193.2,4.46,74.9,2.908,-5.8,0.891,1,injector_clog,4,0.46,31.95,115029.9
196.1,mission_cruise,72.82045580878265,3200.0,43.58977209560867,3835.5,827.5,836.5,837.9,939.0,190.1,191.5,196.6,193.0,4.46,74.4,2.882,3832.5,827.1,835.1,838.1,940.6,191.1,192.6,196.1,193.2,4.46,74.9,2.908,-5.8,0.891,1,injector_clog,4,0.46,31.92,114929.0
196.2,mission_cruise,72.81934408004447,3200.0,43.59032795997776,3836.1,826.9,836.1,836.1,941.4,189.6,193.3,196.4,193.1,4.42,74.5,2.859,3832.5,827.1,835.1,838.1,940.6,191.1,192.6,196.1,193.2,4.46,74.9,2.908,-5.8,0.891,1,injector_clog,4,0.46,31.9,114828.1
196.3,mission_cruise,72.81823235130628,3200.0,43.59088382434686,3833.5,827.5,837.1,838.9,940.2,191.0,192.6,195.8,192.8,4.48,75.2,2.913,3832.5,827.1,835.1,838.1,940.6,191.1,192.6,196.1,193.2,4.46,74.9,2.908,-5.8,0.891,1,injector_clog,4,0.46,31.87,114727.2
196.4,mission_cruise,72.8171206225681,3200.0,43.59143968871595,3821.6,827.9,834.8,837.7,943.1,191.6,192.2,197.3,193.1,4.47,74.3,2.953,3832.4,827.1,835.1,838.1,940.6,191.1,192.6,196.1,193.2,4.46,74.9,2.908,-5.8,0.891,1,injector_clog,4,0.46,31.84,114626.3
196.5,mission_cruise,72.8160088938299,3200.0,43.59199555308505,3826.2,827.0,833.7,838.3,937.9,191.6,191.7,196.9,192.9,4.46,74.3,2.966,3832.4,827.1,835.1,838.1,940.6,191.1,192.6,196.1,193.2,4.46,74.8,2.908,-5.8,0.891,1,injector_clog,4,0.46,31.81,114525.4
196.6,mission_cruise,72.81489716509172,3200.0,43.59255141745414,3831.6,826.3,834.9,837.7,941.4,191.6,191.7,196.9,192.6,4.46,74.5,2.865,3832.4,827.1,835.1,838.1,940.6,191.1,192.6,196.1,193.2,4.46,74.8,2.908,-5.8,0.891,1,injector_clog,4,0.46,31.78,114424.5
196.7,mission_cruise,72.81378543635353,3200.0,43.59310728182324,3836.1,826.8,835.6,835.5,940.8,190.9,193.0,196.1,194.2,4.49,75.1,2.873,3832.3,827.1,835.1,838.1,940.6,191.1,192.6,196.1,193.2,4.46,74.8,2.908,-5.8,0.891,1,injector_clog,4,0.46,31.76,114323.6
196.8,mission_cruise,72.81267370761535,3200.0,43.59366314619233,3830.1,825.5,835.6,833.8,945.2,191.3,192.1,195.7,192.7,4.47,75.2,2.884,3832.3,827.1,835.1,838.1,940.6,191.1,192.6,196.1,193.2,4.46,74.8,2.908,-5.8,0.891,1,injector_clog,4,0.46,31.73,114222.7
196.9,mission_cruise,72.81156197887715,3200.0,43.594219010561424,3833.5,828.4,834.2,837.0,940.6,190.1,192.0,196.6,192.7,4.45,75.0,2.886,3832.3,827.1,835.1,838.1,940.6,191.1,192.6,196.1,193.1,4.46,74.8,2.908,-5.8,0.891,1,injector_clog,4,0.46,31.7,114121.8
197.0,mission_cruise,72.81045025013897,3200.0,43.594774874930515,3838.9,825.3,835.1,837.6,941.2,191.3,192.5,196.8,193.6,4.45,74.1,2.909,3832.2,827.1,835.1,838.1,940.6,191.1,192.6,196.1,193.1,4.46,74.8,2.908,-5.8,0.891,1,injector_clog,4,0.46,31.67,114020.9
197.1,mission_cruise,72.80933852140078,3200.0,43.59533073929961,3836.0,826.0,833.9,837.2,939.0,191.1,192.6,197.4,191.7,4.45,75.0,2.917,3832.2,827.1,835.1,838.1,940.6,191.1,192.6,196.1,193.1,4.46,74.8,2.908,-5.8,0.891,1,injector_clog,4,0.46,31.64,113920.0
197.2,mission_cruise,72.8082267926626,3200.0,43.5958866036687,3829.8,825.6,834.8,838.2,941.3,192.0,191.6,195.9,192.0,4.51,74.8,2.894,3832.2,827.1,835.1,838.1,940.6,191.1,192.6,196.1,193.1,4.46,74.8,2.908,-5.8,0.891,1,injector_clog,4,0.46,31.62,113819.1
197.3,mission_cruise,72.8071150639244,3200.0,43.5964424680378,3829.8,830.1,835.4,836.5,939.2,190.4,193.3,195.9,193.5,4.52,74.8,2.848,3832.2,827.1,835.1,838.1,940.6,191.1,192.6,196.1,193.1,4.46,74.8,2.908,-5.8,0.891,1,injector_clog,4,0.46,31.59,113718.2
197.4,mission_cruise,72.80600333518622,3200.0,43.59699833240689,3830.5,826.7,835.5,837.6,941.1,190.0,192.2,195.4,192.1,4.48,75.5,2.853,3832.1,827.1,835.1,838.1,940.6,191.1,192.6,196.1,193.1,4.46,74.8,2.908,-5.8,0.891,1,injector_clog,4,0.46,31.56,113617.3
197.5,mission_cruise,72.80489160644802,3200.0,43.59755419677599,3823.8,827.4,834.0,835.6,939.1,191.2,193.2,196.0,193.3,4.5,74.3,2.93,3832.1,827.1,835.1,838.1,940.6,191.1,192.6,196.1,193.1,4.45,74.8,2.908,-5.8,0.891,1,injector_clog,4,0.46,31.53,113516.4
197.6,mission_cruise,72.80377987770984,3200.0,43.59811006114508,3842.4,828.6,835.4,838.7,941.5,190.6,192.8,196.1,193.7,4.49,74.5,2.921,3832.1,827.1,835.1,838.1,940.6,191.1,192.6,196.1,193.1,4.45,74.8,2.908,-5.8,0.891,1,injector_clog,4,0.46,31.5,113415.5
197.7,mission_cruise,72.80266814897165,3200.0,43.598665925514176,3836.6,827.3,835.4,836.0,942.2,192.6,193.0,196.9,193.1,4.45,75.0,2.911,3832.0,827.1,835.1,838.1,940.6,191.1,192.6,196.1,193.1,4.45,74.8,2.908,-5.8,0.891,1,injector_clog,4,0.46,31.48,113314.6
197.8,mission_cruise,72.80155642023347,3200.0,43.599221789883266,3835.7,829.8,834.4,836.5,942.8,190.8,192.5,196.3,194.5,4.54,74.8,2.907,3832.0,827.1,835.1,838.1,940.6,191.1,192.6,196.1,193.1,4.45,74.8,2.908,-5.8,0.891,1,injector_clog,4,0.46,31.45,113213.7
197.9,mission_cruise,72.80044469149527,3200.0,43.599777654252364,3819.2,826.6,835.2,838.5,940.9,190.4,193.3,196.0,192.9,4.46,75.8,2.898,3832.0,827.1,835.1,838.1,940.6,191.1,192.6,196.1,193.1,4.45,74.8,2.908,-5.8,0.891,1,injector_clog,4,0.46,31.42,113112.8
198.0,mission_cruise,72.79933296275709,3200.0,43.600333518621454,3841.3,828.4,835.5,838.9,939.6,191.3,192.4,196.8,193.2,4.45,75.1,2.986,3831.9,827.1,835.1,838.1,940.6,191.1,192.6,196.1,193.1,4.45,74.8,2.908,-5.8,0.891,1,injector_clog,4,0.46,31.39,113011.9
198.1,mission_cruise,72.7982212340189,3200.0,43.60088938299055,3825.0,824.4,837.3,840.0,940.2,191.9,193.2,195.8,193.2,4.44,74.8,2.876,3831.9,827.1,835.1,838.1,940.6,191.1,192.6,196.1,193.1,4.45,74.8,2.907,-5.8,0.891,1,injector_clog,4,0.46,31.36,112911.0
198.2,mission_cruise,72.79710950528072,3200.0,43.60144524735964,3827.5,825.7,836.7,837.9,941.6,190.0,192.3,195.1,193.4,4.47,74.5,2.937,3831.9,827.1,835.1,838.1,940.6,191.1,192.6,196.1,193.1,4.45,74.8,2.907,-5.8,0.891,1,injector_clog,4,0.46,31.34,112810.1
198.3,mission_cruise,72.79599777654252,3200.0,43.60200111172874,3832.7,827.3,837.0,838.3,937.4,190.5,192.3,195.4,193.6,4.48,75.0,2.851,3831.8,827.1,835.1,838.1,940.6,191.1,192.6,196.1,193.1,4.45,74.8,2.907,-5.8,0.891,1,injector_clog,4,0.46,31.31,112709.2
198.4,mission_cruise,72.79488604780434,3200.0,43.60255697609783,3834.2,826.8,837.5,838.8,941.2,190.2,192.7,196.2,194.2,4.49,74.1,2.891,3831.8,827.1,835.1,838.1,940.6,191.1,192.6,196.1,193.1,4.45,74.8,2.907,-5.8,0.891,1,injector_clog,4,0.46,31.28,112608.3
198.5,mission_cruise,72.79377431906615,3200.0,43.60311284046693,3837.3,826.3,837.5,838.5,938.1,190.7,192.0,195.8,191.4,4.43,75.4,2.907,3831.8,827.1,835.1,838.1,940.6,191.1,192.6,196.1,193.1,4.45,74.8,2.907,-5.8,0.891,1,injector_clog,4,0.46,31.25,112507.4
198.6,mission_cruise,72.79266259032796,3200.0,43.60366870483602,3837.7,825.1,835.0,836.9,941.1,191.4,192.4,195.5,193.2,4.47,74.2,2.875,3831.7,827.1,835.1,838.1,940.6,191.1,192.6,196.1,193.0,4.45,74.8,2.907,-5.8,0.891,1,injector_clog,4,0.46,31.22,112406.5
198.7,mission_cruise,72.79155086158977,3200.0,43.604224569205115,3835.9,827.7,834.1,838.9,940.2,190.8,192.8,195.8,194.2,4.47,74.8,2.922,3831.7,827.1,835.1,838.1,940.6,191.1,192.6,196.1,193.0,4.45,74.8,2.907,-5.8,0.891,1,injector_clog,4,0.46,31.2,112305.6
198.8,mission_cruise,72.79043913285159,3200.0,43.604780433574206,3842.5,825.7,837.5,837.3,940.5,191.4,192.8,196.5,193.0,4.44,75.1,2.907,3831.7,827.1,835.1,838.1,940.6,191.1,192.6,196.1,193.0,4.45,74.8,2.907,-5.8,0.891,1,injector_clog,4,0.46,31.17,112204.7
198.9,mission_cruise,72.7893274041134,3200.0,43.6053362979433,3827.6,828.6,835.1,836.4,941.3,191.1,193.3,195.3,193.9,4.49,75.3,2.866,3831.6,827.1,835.1,838.1,940.6,191.1,192.6,196.1,193.0,4.45,74.8,2.907,-5.8,0.891,1,injector_clog,4,0.46,31.14,112103.8
199.0,mission_cruise,72.78821567537521,3200.0,43.605892162312394,3836.2,829.1,834.1,838.6,938.9,191.0,192.2,195.8,192.4,4.43,74.8,2.881,3831.6,827.1,835.1,838.1,940.6,191.1,192.6,196.1,193.0,4.45,74.8,2.907,-5.8,0.891,1,injector_clog,4,0.46,31.11,112002.9
199.1,mission_cruise,72.78710394663702,3200.0,43.60644802668149,3835.1,823.6,834.4,841.1,942.8,190.7,192.2,195.9,193.2,4.43,75.0,2.968,3831.6,827.1,835.1,838.1,940.6,191.1,192.6,196.1,193.0,4.45,74.8,2.907,-5.8,0.891,1,injector_clog,4,0.46,31.08,111902.0
199.2,mission_cruise,72.78599221789884,3200.0,43.60700389105058,3824.1,825.1,835.3,837.4,941.6,191.1,193.4,196.1,192.9,4.4,75.8,2.946,3831.6,827.1,835.1,838.1,940.6,191.1,192.6,196.1,193.0,4.45,74.8,2.907,-5.8,0.891,1,injector_clog,4,0.46,31.06,111801.1
199.3,mission_cruise,72.78488048916064,3200.0,43.60755975541968,3830.0,822.6,833.4,837.0,941.6,191.3,192.9,196.1,191.4,4.46,74.5,2.861,3831.5,827.1,835.1,838.1,940.6,191.1,192.6,196.1,193.0,4.45,74.8,2.907,-5.8,0.891,1,injector_clog,4,0.46,31.03,111700.2
199.4,mission_cruise,72.78376876042246,3200.0,43.60811561978877,3832.6,829.0,835.1,837.3,939.3,191.2,192.4,195.9,193.0,4.48,74.5,2.916,3831.5,827.1,835.1,838.1,940.6,191.1,192.6,196.1,193.0,4.45,74.8,2.907,-5.8,0.891,1,injector_clog,4,0.46,31.0,111599.3
199.5,mission_cruise,72.78265703168427,3200.0,43.60867148415787,3827.5,828.6,837.4,837.7,940.1,190.5,192.5,196.0,192.2,4.45,74.6,2.926,3831.5,827.1,835.1,838.1,940.6,191.1,192.6,196.1,193.0,4.45,74.8,2.907,-5.8,0.891,1,injector_clog,4,0.46,30.97,111498.4
199.6,mission_cruise,72.78154530294609,3200.0,43.60922734852696,3836.9,826.2,835.9,838.4,940.5,192.1,192.2,196.7,192.5,4.44,74.6,2.896,3831.4,827.1,835.1,838.1,940.6,191.1,192.6,196.1,193.0,4.45,74.8,2.907,-5.8,0.891,1,injector_clog,4,0.46,30.94,111397.5
199.7,mission_cruise,72.78043357420789,3200.0,43.609783212896055,3836.5,829.8,835.4,835.6,939.9,191.4,192.9,195.6,192.9,4.5,74.8,2.949,3831.4,827.1,835.1,838.1,940.6,191.1,192.6,196.1,193.0,4.45,74.8,2.907,-5.8,0.891,1,injector_clog,4,0.46,30.92,111296.6
199.8,mission_cruise,72.77932184546971,3200.0,43.610339077265145,3834.6,828.6,835.2,837.9,938.3,190.3,192.4,196.1,192.9,4.46,74.8,2.862,3831.4,827.1,835.1,838.1,940.6,191.1,192.6,196.1,193.0,4.45,74.8,2.907,-5.8,0.891,1,injector_clog,4,0.46,30.89,111195.7
199.9,mission_cruise,72.77821011673151,3200.0,43.61089494163424,3830.0,826.3,833.1,836.0,940.7,190.0,192.7,195.9,193.0,4.43,75.2,2.878,3831.3,827.1,835.1,838.1,940.6,191.1,192.6,196.1,193.0,4.45,74.8,2.907,-5.8,0.891,1,injector_clog,4,0.46,30.86,111094.8
200.0,mission_cruise,72.77709838799333,3200.0,43.61145080600333,3827.3,825.3,836.4,838.3,939.1,191.0,193.5,195.2,193.8,4.46,74.1,2.972,3831.3,827.1,835.1,838.1,940.6,191.1,192.6,196.1,193.0,4.45,74.8,2.907,-5.8,0.891,1,injector_clog,4,0.46,30.83,110993.9
200.1,mission_cruise,72.77598665925514,3200.0,43.61200667037243,3834.5,825.4,834.6,838.1,941.5,191.3,192.2,195.1,191.4,4.41,75.6,2.946,3831.3,827.1,835.1,838.1,940.6,191.1,192.6,196.1,193.0,4.45,74.8,2.907,-5.8,0.891,1,injector_clog,4,0.46,30.8,110893.0
200.2,mission_cruise,72.77487493051696,3200.0,43.61256253474152,3831.2,825.9,831.4,838.8,937.7,190.4,192.8,195.8,193.2,4.45,73.8,2.934,3831.2,827.1,835.1,838.1,940.6,191.1,192.6,196.1,193.0,4.45,74.8,2.907,-5.8,0.891,1,injector_clog,4,0.46,30.78,110792.1
200.3,mission_cruise,72.77376320177876,3200.0,43.61311839911062,3823.5,827.5,834.6,836.1,939.7,190.4,193.5,196.0,193.3,4.46,74.6,2.91,3831.2,827.1,835.1,838.1,940.6,191.1,192.6,196.1,193.0,4.45,74.8,2.907,-5.8,0.891,1,injector_clog,4,0.46,30.75,110691.2
200.4,mission_cruise,72.77265147304058,3200.0,43.61367426347971,3830.1,827.9,833.3,836.3,938.3,190.5,192.5,197.0,191.5,4.49,75.2,2.912,3831.2,827.1,835.1,838.1,940.6,191.1,192.6,196.1,193.0,4.45,74.8,2.907,-5.8,0.891,1,injector_clog,4,0.46,30.72,110590.3
200.5,mission_cruise,72.77153974430239,3200.0,43.614230127848806,3826.9,826.8,834.4,836.8,941.9,190.5,193.2,196.7,193.2,4.5,74.5,2.866,3831.1,827.1,835.1,838.1,940.5,191.1,192.6,196.1,193.0,4.45,74.8,2.907,-5.8,0.891,1,injector_clog,4,0.46,30.69,110489.4
200.6,mission_cruise,72.7704280155642,3200.0,43.6147859922179,3825.2,825.5,836.1,837.0,937.6,191.3,192.6,196.6,192.9,4.45,74.8,2.854,3831.1,827.1,835.1,838.1,940.5,191.1,192.6,196.1,192.9,4.45,74.8,2.907,-5.8,0.891,1,injector_clog,4,0.46,30.66,110388.5
200.7,mission_cruise,72.76931628682601,3200.0,43.615341856586994,3830.5,827.0,837.8,839.1,939.5,191.7,192.0,196.2,193.0,4.47,75.1,2.845,3831.1,827.1,835.1,838.1,940.5,191.1,192.6,196.1,192.9,4.45,74.8,2.907,-5.8,0.891,1,injector_clog,4,0.46,30.64,110287.6
200.8,mission_cruise,72.76820455808783,3200.0,43.615897720956085,3833.0,826.0,835.6,836.8,938.4,191.0,192.9,196.7,192.8,4.46,75.3,2.949,3831.0,827.1,835.1,838.1,940.5,191.1,192.6,196.1,192.9,4.45,74.8,2.906,-5.8,0.891,1,injector_clog,4,0.46,30.61,110186.7
200.9,mission_cruise,72.76709282934964,3200.0,43.61645358532518,3830.6,824.2,834.7,838.3,939.7,190.8,194.0,194.9,192.5,4.44,74.6,2.921,3831.0,827.0,835.0,838.0,940.5,191.1,192.6,196.1,192.9,4.45,74.7,2.906,-5.8,0.891,1,injector_clog,4,0.46,30.58,110085.8
201.0,mission_cruise,72.76598110061146,3200.0,43.61700944969427,3830.9,825.4,834.1,840.0,939.7,190.2,192.4,196.5,193.1,4.46,75.1,2.856,3831.0,827.0,835.0,838.0,940.5,191.1,192.6,196.1,192.9,4.45,74.7,2.906,-5.8,0.891,1,injector_clog,4,0.46,30.55,109984.9
201.1,mission_cruise,72.76486937187326,3200.0,43.61756531406337,3837.2,826.8,833.2,840.4,936.4,191.5,192.3,196.3,193.3,4.53,74.8,2.899,3831.0,827.0,835.0,838.0,940.5,191.1,192.6,196.1,192.9,4.45,74.7,2.906,-5.8,0.891,1,injector_clog,4,0.46,30.52,109884.0
201.2,mission_cruise,72.76375764313508,3200.0,43.61812117843246,3825.5,826.7,836.0,837.2,939.3,191.4,192.6,196.9,193.3,4.44,75.1,2.941,3830.9,827.0,835.0,838.0,940.5,191.1,192.6,196.1,192.9,4.45,74.7,2.906,-5.8,0.891,1,injector_clog,4,0.46,30.5,109783.1
201.3,mission_cruise,72.76264591439688,3200.0,43.61867704280156,3825.6,829.7,836.1,837.9,943.0,191.2,192.9,196.3,192.9,4.43,74.9,2.879,3830.9,827.0,835.0,838.0,940.5,191.1,192.6,196.1,192.9,4.45,74.7,2.906,-5.8,0.891,1,injector_clog,4,0.46,30.47,109682.2
201.4,mission_cruise,72.7615341856587,3200.0,43.61923290717065,3828.7,826.7,838.6,840.3,940.3,192.4,192.4,196.4,192.4,4.45,75.2,2.911,3830.9,827.0,835.0,838.0,940.5,191.1,192.6,196.1,192.9,4.45,74.7,2.906,-5.8,0.891,1,injector_clog,4,0.46,30.44,109581.3
201.5,mission_cruise,72.76042245692051,3200.0,43.619788771539746,3830.3,825.4,834.6,836.1,941.1,191.6,192.7,195.5,192.2,4.47,74.3,2.907,3830.8,827.0,835.0,838.0,940.5,191.1,192.6,196.1,192.9,4.45,74.7,2.906,-5.8,0.891,1,injector_clog,4,0.46,30.41,109480.4
201.6,mission_cruise,72.75931072818233,3200.0,43.620344635908836,3820.2,827.5,833.1,837.6,938.9,190.6,192.3,196.3,192.6,4.48,74.8,2.912,3830.8,827.0,835.0,838.0,940.5,191.0,192.5,196.0,192.9,4.45,74.7,2.906,-5.8,0.891,1,injector_clog,4,0.46,30.38,109379.5
201.7,mission_cruise,72.75819899944413,3200.0,43.62090050027793,3822.5,826.2,835.3,839.6,941.1,191.3,193.0,195.6,192.7,4.45,74.9,2.902,3830.8,827.0,835.0,838.0,940.5,191.0,192.5,196.0,192.9,4.45,74.7,2.906,-5.8,0.891,1,injector_clog,4,0.46,30.36,109278.6
201.8,mission_cruise,72.75708727070595,3200.0,43.621456364647024,3829.7,825.3,831.8,837.3,940.1,191.2,192.8,196.7,192.3,4.45,74.6,2.886,3830.7,827.0,835.0,838.0,940.5,191.0,192.5,196.0,192.9,4.45,74.7,2.906,-5.8,0.891,1,injector_clog,4,0.46,30.33,109177.7
201.9,mission_cruise,72.75597554196776,3200.0,43.62201222901612,3828.2,827.8,833.9,837.4,941.0,190.9,191.5,195.2,193.1,4.47,75.1,2.904,3830.7,827.0,835.0,838.0,940.5,191.0,192.5,196.0,192.9,4.45,74.7,2.906,-5.8,0.891,1,injector_clog,4,0.46,30.3,109076.8
202.0,mission_cruise,72.75486381322958,3200.0,43.62256809338521,3832.7,826.0,836.9,840.5,940.8,191.0,192.2,195.0,193.3,4.42,75.6,2.903,3830.7,827.0,835.0,838.0,940.5,191.0,192.5,196.0,192.9,4.45,74.7,2.906,-5.8,0.891,1,injector_clog,4,0.46,30.27,108975.9
202.1,mission_cruise,72.75375208449138,3200.0,43.62312395775431,3836.4,824.4,835.2,836.9,941.3,191.2,193.1,195.6,191.1,4.45,74.8,2.865,3830.6,827.0,835.0,838.0,940.5,191.0,192.5,196.0,192.9,4.45,74.7,2.906,-5.8,0.891,1,injector_clog,4,0.46,30.24,108875.0
202.2,mission_cruise,72.7526403557532,3200.0,43.6236798221234,3832.1,827.9,834.8,839.1,939.1,190.7,193.7,195.7,192.8,4.43,74.6,2.897,3830.6,827.0,835.0,838.0,940.5,191.0,192.5,196.0,192.9,4.45,74.7,2.906,-5.8,0.891,1,injector_clog,4,0.46,30.22,108774.1
202.3,mission_cruise,72.751528627015,3200.0,43.6242356864925,3832.3,827.2,836.2,836.3,941.8,191.8,192.7,196.7,193.2,4.42,74.8,2.921,3830.6,827.0,835.0,838.0,940.5,191.0,192.5,196.0,192.9,4.45,74.7,2.906,-5.8,0.891,1,injector_clog,4,0.46,30.19,108673.2
202.4,mission_cruise,72.75041689827682,3200.0,43.62479155086159,3838.1,828.1,834.1,840.7,939.1,191.2,192.5,196.3,194.3,4.47,74.5,2.913,3830.5,827.0,835.0,838.0,940.5,191.0,192.5,196.0,192.9,4.45,74.7,2.906,-5.8,0.891,1,injector_clog,4,0.46,30.16,108572.3
202.5,mission_cruise,72.74930516953863,3200.0,43.625347415230685,3840.1,827.5,831.4,837.5,939.2,191.6,192.4,196.3,193.4,4.42,74.8,2.916,3830.5,827.0,835.0,838.0,940.5,191.0,192.5,196.0,192.9,4.45,74.7,2.906,-5.8,0.891,1,injector_clog,4,0.46,30.13,108471.4
202.6,mission_cruise,72.74819344080045,3200.0,43.625903279599775,3820.4,825.7,835.3,839.7,941.7,191.5,192.0,195.0,194.1,4.49,75.1,2.901,3830.5,827.0,835.0,838.0,940.5,191.0,192.5,196.0,192.9,4.45,74.7,2.906,-5.8,0.891,1,injector_clog,4,0.46,30.1,108370.5
202.7,mission_cruise,72.74708171206225,3200.0,43.62645914396887,3830.4,826.5,834.5,837.3,940.2,191.0,192.2,195.0,191.7,4.49,74.4,2.914,3830.4,827.0,835.0,838.0,940.5,191.0,192.5,196.0,192.9,4.45,74.7,2.906,-5.8,0.891,1,injector_clog,4,0.46,30.07,108269.6
202.8,mission_cruise,72.74596998332407,3200.0,43.62701500833796,3831.7,825.8,836.1,839.9,941.6,191.5,193.8,194.0,192.8,4.44,74.4,2.867,3830.4,827.0,835.0,838.0,940.5,191.0,192.5,196.0,192.9,4.45,74.7,2.906,-5.8,0.891,1,injector_clog,4,0.46,30.05,108168.7
202.9,mission_cruise,72.74485825458588,3200.0,43.62757087270706,3835.8,828.1,835.9,838.6,939.4,190.9,192.4,196.6,193.2,4.46,74.8,2.954,3830.4,827.0,835.0,838.0,940.5,191.0,192.5,196.0,192.8,4.45,74.7,2.906,-5.8,0.891,1,injector_clog,4,0.46,30.02,108067.8
203.0,mission_cruise,72.7437465258477,3200.0,43.62812673707615,3826.5,824.3,835.9,838.2,941.9,191.3,192.7,196.3,193.9,4.45,74.8,2.91,3830.4,827.0,835.0,838.0,940.5,191.0,192.5,196.0,192.8,4.45,74.7,2.906,-5.8,0.891,1,injector_clog,4,0.46,29.99,107966.9
203.1,mission_cruise,72.7426347971095,3200.0,43.62868260144525,3829.3,825.5,832.0,841.2,942.1,191.0,192.9,195.5,192.9,4.41,74.1,3.002,3830.3,827.0,835.0,838.0,940.5,191.0,192.5,196.0,192.8,4.45,74.7,2.906,-5.8,0.891,1,injector_clog,4,0.46,29.96,107866.0
203.2,mission_cruise,72.74152306837132,3200.0,43.62923846581434,3821.4,828.8,833.4,837.1,941.5,191.1,193.3,196.8,192.3,4.42,75.1,2.897,3830.3,827.0,835.0,838.0,940.5,191.0,192.5,196.0,192.8,4.45,74.7,2.906,-5.8,0.891,1,injector_clog,4,0.46,29.93,107765.1
203.3,mission_cruise,72.74041133963313,3200.0,43.62979433018344,3829.0,825.9,834.6,838.0,940.2,192.3,192.3,195.7,193.0,4.46,75.0,2.872,3830.3,827.0,835.0,838.0,940.5,191.0,192.5,196.0,192.8,4.45,74.7,2.906,-5.8,0.891,1,injector_clog,4,0.46,29.91,107664.2
203.4,mission_cruise,72.73929961089495,3200.0,43.63035019455253,3821.1,827.1,834.8,836.4,941.7,191.1,192.0,195.4,193.0,4.44,74.5,2.906,3830.2,827.0,835.0,838.0,940.5,191.0,192.5,196.0,192.8,4.45,74.7,2.906,-5.8,0.891,1,injector_clog,4,0.46,29.88,107563.3
203.5,mission_cruise,72.73818788215675,3200.0,43.630906058921624,3837.0,826.3,836.1,838.9,940.0,189.1,192.6,197.0,191.7,4.47,75.0,2.973,3830.2,827.0,835.0,838.0,940.5,191.0,192.5,196.0,192.8,4.45,74.7,2.906,-5.8,0.891,1,injector_clog,4,0.46,29.85,107462.4
203.6,mission_cruise,72.73707615341857,3200.0,43.631461923290715,3826.0,827.2,834.8,837.4,941.9,191.2,193.1,195.6,193.9,4.5,74.3,2.967,3830.2,827.0,835.0,838.0,940.5,191.0,192.5,196.0,192.8,4.45,74.7,2.905,-5.8,0.891,1,injector_clog,4,0.46,29.82,107361.5
203.7,mission_cruise,72.73596442468038,3200.0,43.63201778765981,3832.0,827.3,833.9,840.0,939.2,190.2,192.1,195.8,193.3,4.42,75.4,2.881,3830.1,827.0,835.0,838.0,940.5,191.0,192.5,196.0,192.8,4.45,74.7,2.905,-5.8,0.891,1,injector_clog,4,0.46,29.79,107260.6
203.8,mission_cruise,72.7348526959422,3200.0,43.6325736520289,3832.7,826.2,835.8,839.2,938.5,191.0,192.3,195.6,193.6,4.43,74.9,2.855,3830.1,827.0,835.0,838.0,940.5,191.0,192.5,196.0,192.8,4.45,74.7,2.905,-5.8,0.891,1,injector_clog,4,0.46,29.77,107159.7
203.9,mission_cruise,72.733740967204,3200.0,43.633129516398,3831.8,827.9,834.9,837.3,941.1,190.7,192.1,196.6,193.5,4.44,75.0,2.945,3830.1,827.0,835.0,838.0,940.5,191.0,192.5,196.0,192.8,4.45,74.7,2.905,-5.8,0.891,1,injector_clog,4,0.46,29.74,107058.8
204.0,mission_cruise,72.73262923846582,3200.0,43.63368538076709,3838.2,825.6,831.3,838.7,941.4,190.4,192.8,196.8,194.0,4.44,74.9,2.854,3830.0,827.0,835.0,838.0,940.5,191.0,192.5,196.0,192.8,4.45,74.7,2.905,-5.8,0.891,1,injector_clog,4,0.46,29.71,106957.9
204.1,mission_cruise,72.73151750972762,3200.0,43.63424124513619,3822.5,826.2,833.7,839.5,938.8,190.7,192.0,194.9,193.1,4.45,75.4,2.857,3830.0,827.0,835.0,838.0,940.5,191.0,192.5,196.0,192.8,4.45,74.7,2.905,-5.8,0.891,1,injector_clog,4,0.46,29.68,106857.0
204.2,mission_cruise,72.73040578098944,3200.0,43.63479710950528,3831.9,827.7,837.4,840.3,941.2,191.9,192.5,196.1,191.8,4.46,74.5,2.919,3830.0,827.0,835.0,838.0,940.5,191.0,192.5,196.0,192.8,4.45,74.7,2.905,-5.8,0.891,1,injector_clog,4,0.46,29.65,106756.1
204.3,mission_cruise,72.72929405225125,3200.0,43.635352973874376,3840.1,827.1,836.8,839.1,940.7,190.4,192.4,196.0,193.5,4.42,75.4,2.915,3829.9,827.0,835.0,838.0,940.5,191.0,192.5,196.0,192.8,4.45,74.7,2.905,-5.8,0.891,1,injector_clog,4,0.46,29.63,106655.2
204.4,mission_cruise,72.72818232351307,3200.0,43.635908838243466,3836.4,827.1,834.5,838.2,941.1,190.7,193.0,196.0,193.4,4.46,74.0,2.902,3829.9,827.0,835.0,838.0,940.5,191.0,192.5,196.0,192.8,4.45,74.7,2.905,-5.8,0.891,1,injector_clog,4,0.46,29.6,106554.3
204.5,mission_cruise,72.72707059477487,3200.0,43.636464702612564,3831.6,828.1,837.4,839.1,942.8,190.7,192.1,195.7,193.4,4.4,75.0,2.936,3829.9,827.0,835.0,838.0,940.5,191.0,192.5,196.0,192.8,4.45,74.7,2.905,-5.8,0.891,1,injector_clog,4,0.46,29.57,106453.4
204.6,mission_cruise,72.72595886603669,3200.0,43.637020566981654,3825.6,828.6,837.0,838.8,938.2,191.8,192.7,195.9,192.9,4.41,75.0,2.882,3829.8,827.0,835.0,838.0,940.5,191.0,192.5,196.0,192.8,4.45,74.7,2.905,-5.8,0.891,1,injector_clog,4,0.46,29.54,106352.5
204.7,mission_cruise,72.7248471372985,3200.0,43.63757643135075,3829.8,826.6,834.9,838.0,938.6,191.0,193.4,195.9,193.0,4.41,75.2,2.946,3829.8,827.0,835.0,838.0,940.5,191.0,192.5,196.0,192.8,4.45,74.7,2.905,-5.8,0.891,1,injector_clog,4,0.46,29.51,106251.6
204.8,mission_cruise,72.72373540856032,3200.0,43.63813229571984,3831.5,826.9,834.5,837.8,940.7,191.8,191.2,195.8,191.7,4.45,74.4,2.88,3829.8,827.0,835.0,838.0,940.5,191.0,192.5,196.0,192.8,4.45,74.7,2.905,-5.8,0.891,1,injector_clog,4,0.46,29.49,106150.7
204.9,mission_cruise,72.72262367982212,3200.0,43.63868816008894,3819.1,823.1,833.4,838.2,939.4,191.6,192.1,196.4,192.6,4.41,74.4,2.89,3829.8,827.0,835.0,838.0,940.5,191.0,192.5,196.0,192.8,4.45,74.7,2.905,-5.8,0.891,1,injector_clog,4,0.46,29.46,106049.8
205.0,mission_cruise,72.72151195108394,3200.0,43.63924402445803,3827.1,828.3,834.9,841.1,941.3,191.4,191.0,196.1,192.7,4.43,74.1,2.872,3829.7,827.0,835.0,838.0,940.5,191.0,192.5,196.0,192.8,4.45,74.7,2.905,-5.8,0.891,1,injector_clog,4,0.46,29.43,105948.9
205.1,mission_cruise,72.72040022234575,3200.0,43.63979988882713,3840.0,827.7,836.9,840.0,940.1,190.6,191.5,196.1,191.1,4.47,74.1,2.874,3829.7,827.0,835.0,838.0,940.5,191.0,192.5,196.0,192.8,4.45,74.7,2.905,-5.8,0.891,1,injector_clog,4,0.46,29.4,105848.0
205.2,mission_cruise,72.71928849360756,3200.0,43.64035575319622,3830.7,830.0,836.0,840.4,939.9,191.8,193.3,196.1,192.9,4.43,74.5,2.909,3829.7,827.0,835.0,838.0,940.5,191.0,192.5,196.0,192.8,4.45,74.7,2.905,-5.8,0.891,1,injector_clog,4,0.46,29.37,105747.1
205.3,mission_cruise,72.71817676486937,3200.0,43.640911617565315,3831.7,828.8,835.0,837.2,939.1,191.7,191.3,195.8,191.5,4.48,74.8,2.856,3829.6,827.0,835.0,838.0,940.5,191.0,192.5,196.0,192.8,4.45,74.7,2.905,-5.8,0.891,1,injector_clog,4,0.46,29.35,105646.2
205.4,mission_cruise,72.71706503613119,3200.0,43.641467481934406,3823.2,828.8,835.0,836.4,942.7,191.7,192.3,195.4,192.8,4.43,74.5,2.921,3829.6,827.0,835.0,838.0,940.5,191.0,192.5,196.0,192.8,4.45,74.7,2.905,-5.8,0.891,1,injector_clog,4,0.46,29.32,105545.3
205.5,mission_cruise,72.715953307393,3200.0,43.6420233463035,3834.1,826.2,835.0,837.8,939.6,190.8,193.6,195.4,193.1,4.47,74.4,2.933,3829.6,827.0,835.0,838.0,940.5,191.0,192.5,196.0,192.8,4.45,74.7,2.905,-5.8,0.891,1,injector_clog,4,0.46,29.29,105444.4
205.6,mission_cruise,72.71484157865481,3200.0,43.642579210672594,3827.5,825.3,837.0,837.4,939.7,192.0,193.3,195.3,194.3,4.48,73.5,2.884,3829.5,827.0,835.0,838.0,940.4,191.0,192.5,196.0,192.7,4.45,74.7,2.905,-5.8,0.891,1,injector_clog,4,0.46,29.26,105343.5
205.7,mission_cruise,72.71372984991662,3200.0,43.64313507504169,3832.8,827.1,835.9,836.8,941.6,191.2,193.1,196.7,191.8,4.51,74.5,2.873,3829.5,827.0,835.0,838.0,940.4,191.0,192.5,196.0,192.7,4.45,74.7,2.905,-5.8,0.891,1,injector_clog,4,0.46,29.23,105242.6
205.8,mission_cruise,72.71261812117844,3200.0,43.64369093941078,3829.0,829.1,833.7,837.2,942.8,191.5,191.7,196.1,192.4,4.38,74.8,2.899,3829.5,827.0,835.0,838.0,940.4,191.0,192.5,196.0,192.7,4.45,74.7,2.905,-5.8,0.891,1,injector_clog,4,0.46,29.21,105141.7
205.9,mission_cruise,72.71150639244024,3200.0,43.64424680377988,3824.2,829.3,834.4,835.3,943.0,191.1,192.4,196.4,192.9,4.46,75.4,2.844,3829.4,827.0,835.0,838.0,940.4,191.0,192.5,196.0,192.7,4.45,74.7,2.905,-5.8,0.891,1,injector_clog,4,0.46,29.18,105040.8
206.0,mission_cruise,72.71039466370206,3200.0,43.64480266814897,3825.9,826.8,835.2,838.6,941.1,191.8,192.6,196.4,192.9,4.44,74.1,2.958,3829.4,827.0,835.0,838.0,940.4,191.0,192.5,196.0,192.7,4.45,74.6,2.905,-5.8,0.891,1,injector_clog,4,0.46,29.15,104939.9
206.1,mission_cruise,72.70928293496387,3200.0,43.64535853251807,3818.2,828.5,834.6,837.0,939.6,191.5,191.7,196.2,192.3,4.44,74.5,2.937,3829.4,826.9,834.9,837.9,940.4,191.0,192.5,196.0,192.7,4.45,74.6,2.905,-5.8,0.891,1,injector_clog,4,0.46,29.12,104839.0
206.2,mission_cruise,72.70817120622569,3200.0,43.64591439688716,3834.1,827.7,834.7,836.9,940.9,190.6,192.5,196.2,192.6,4.47,74.5,2.952,3829.3,826.9,834.9,837.9,940.4,191.0,192.5,196.0,192.7,4.45,74.6,2.905,-5.8,0.891,1,injector_clog,4,0.46,29.09,104738.1
206.3,mission_cruise,72.70705947748749,3200.0,43.646470261256255,3832.1,825.9,833.8,837.3,939.3,190.5,192.1,195.5,193.1,4.48,73.8,2.882,3829.3,826.9,834.9,837.9,940.4,191.0,192.5,196.0,192.7,4.45,74.6,2.905,-5.8,0.891,1,injector_clog,4,0.46,29.07,104637.2
206.4,mission_cruise,72.70594774874931,3200.0,43.647026125625345,3833.8,827.9,834.4,838.6,940.7,190.5,193.9,194.9,192.3,4.45,74.7,2.888,3829.3,826.9,834.9,837.9,940.4,191.0,192.5,196.0,192.7,4.45,74.6,2.904,-5.8,0.891,1,injector_clog,4,0.46,29.04,104536.3
206.5,mission_cruise,72.70483602001111,3200.0,43.64758198999444,3833.6,825.9,836.0,835.5,938.2,191.8,192.0,195.5,193.2,4.46,74.8,2.896,3829.2,826.9,834.9,837.9,940.4,191.0,192.5,196.0,192.7,4.45,74.6,2.904,-5.8,0.891,1,injector_clog,4,0.46,29.01,104435.4
206.6,mission_cruise,72.70372429127293,3200.0,43.64813785436353,3828.2,825.7,834.6,839.8,939.1,191.1,192.3,195.7,192.3,4.49,74.8,2.928,3829.2,826.9,834.9,837.9,940.4,191.0,192.5,196.0,192.7,4.45,74.6,2.904,-5.8,0.891,1,injector_clog,4,0.46,28.98,104334.5
206.7,mission_cruise,72.70261256253474,3200.0,43.64869371873263,3824.5,824.4,835.4,836.7,939.8,192.0,192.8,195.5,193.7,4.47,75.2,2.941,3829.2,826.9,834.9,837.9,940.4,191.0,192.5,196.0,192.7,4.45,74.6,2.904,-5.8,0.891,1,injector_clog,4,0.46,28.95,104233.6
206.8,mission_cruise,72.70150083379656,3200.0,43.64924958310172,3826.4,828.5,837.0,837.8,940.5,190.9,192.9,196.1,192.5,4.44,75.3,2.921,3829.2,826.9,834.9,837.9,940.4,191.0,192.5,196.0,192.7,4.45,74.6,2.904,-5.8,0.891,1,injector_clog,4,0.46,28.93,104132.7
206.9,mission_cruise,72.70038910505836,3200.0,43.64980544747082,3829.8,828.6,839.3,837.0,939.7,191.7,192.4,194.8,192.8,4.44,74.5,2.881,3829.1,826.9,834.9,837.9,940.4,191.0,192.5,196.0,192.7,4.45,74.6,2.904,-5.8,0.891,1,injector_clog,4,0.46,28.9,104031.8
207.0,mission_cruise,72.69927737632018,3200.0,43.65036131183991,3826.8,826.1,833.7,838.0,940.9,191.9,191.9,197.0,193.0,4.49,75.1,2.898,3829.1,826.9,834.9,837.9,940.4,191.0,192.5,196.0,192.7,4.45,74.6,2.904,-5.8,0.891,1,injector_clog,4,0.46,28.87,103930.9
207.1,mission_cruise,72.69816564758199,3200.0,43.650917176209006,3830.0,829.0,834.1,838.3,938.4,191.1,192.6,197.0,192.6,4.43,74.7,2.895,3829.1,826.9,834.9,837.9,940.4,191.0,192.5,196.0,192.7,4.45,74.6,2.904,-5.8,0.891,1,injector_clog,4,0.46,28.84,103830.0
207.2,mission_cruise,72.6970539188438,3200.0,43.6514730405781,3825.4,824.1,834.1,837.3,940.1,190.2,191.5,195.5,192.6,4.48,73.8,2.946,3829.0,826.9,834.9,837.9,940.4,191.0,192.5,196.0,192.7,4.45,74.6,2.904,-5.8,0.891,1,injector_clog,4,0.46,28.81,103729.1
207.3,mission_cruise,72.69594219010561,3200.0,43.652028904947194,3821.6,826.3,833.8,837.4,939.4,190.7,193.1,196.6,192.6,4.46,75.0,2.858,3829.0,826.9,834.9,837.9,940.4,191.0,192.5,196.0,192.7,4.45,74.6,2.904,-5.8,0.891,1,injector_clog,4,0.46,28.79,103628.2
207.4,mission_cruise,72.69483046136743,3200.0,43.652584769316285,3830.7,829.0,835.0,839.1,939.7,191.6,192.0,195.8,193.2,4.45,74.2,2.911,3829.0,826.9,834.9,837.9,940.4,191.0,192.5,196.0,192.7,4.45,74.6,2.904,-5.8,0.891,1,injector_clog,4,0.46,28.76,103527.3
207.5,mission_cruise,72.69371873262924,3200.0,43.65314063368538,3825.0,823.8,836.2,836.4,940.4,191.6,192.3,196.6,192.6,4.46,75.3,2.923,3828.9,826.9,834.9,837.9,940.4,191.0,192.5,196.0,192.7,4.45,74.6,2.904,-5.8,0.891,1,injector_clog,4,0.46,28.73,103426.4
207.6,mission_cruise,72.69260700389106,3200.0,43.65369649805447,3823.8,830.1,835.5,837.5,942.9,191.1,192.0,195.7,193.1,4.45,75.1,2.931,3828.9,826.9,834.9,837.9,940.4,191.0,192.5,196.0,192.7,4.45,74.6,2.904,-5.8,0.891,1,injector_clog,4,0.46,28.7,103325.5
207.7,mission_cruise,72.69149527515286,3200.0,43.65425236242357,3823.1,824.0,833.6,838.2,939.6,191.0,192.6,195.6,192.5,4.42,74.5,2.889,3828.9,826.9,834.9,837.9,940.4,191.0,192.5,196.0,192.7,4.45,74.6,2.904,-5.8,0.891,1,injector_clog,4,0.46,28.67,103224.6
207.8,mission_cruise,72.69038354641468,3200.0,43.65480822679266,3828.9,825.8,837.8,837.0,942.0,191.5,192.9,195.3,193.0,4.49,75.0,2.892,3828.8,826.9,834.9,837.9,940.4,191.0,192.5,196.0,192.7,4.45,74.6,2.904,-5.8,0.891,1,injector_clog,4,0.46,28.65,103123.7
207.9,mission_cruise,72.68927181767648,3200.0,43.65536409116176,3829.6,825.5,833.4,837.5,941.0,191.2,193.1,196.7,191.9,4.46,74.4,2.937,3828.8,826.9,834.9,837.9,940.4,191.0,192.5,196.0,192.7,4.45,74.6,2.904,-5.8,0.891,1,injector_clog,4,0.46,28.62,103022.8
208.0,mission_cruise,72.6881600889383,3200.0,43.65591995553085,3828.4,825.7,836.5,837.3,938.3,189.6,193.5,196.1,193.1,4.42,74.2,2.891,3828.8,826.9,834.9,837.9,940.4,191.0,192.5,196.0,192.7,4.45,74.6,2.904,-5.8,0.891,1,injector_clog,4,0.46,28.59,102921.9
208.1,mission_cruise,72.68704836020011,3200.0,43.656475819899946,3833.9,826.0,836.2,837.3,941.1,190.7,192.8,196.5,193.5,4.42,74.2,2.965,3828.7,826.9,834.9,837.9,940.4,191.0,192.5,196.0,192.7,4.45,74.6,2.904,-5.8,0.891,1,injector_clog,4,0.46,28.56,102821.0
208.2,mission_cruise,72.68593663146193,3200.0,43.657031684269036,3823.2,825.2,835.3,838.3,939.1,189.2,191.8,195.1,191.3,4.49,74.7,2.902,3828.7,826.9,834.9,837.9,940.4,191.0,192.5,196.0,192.7,4.45,74.6,2.904,-5.8,0.891,1,injector_clog,4,0.46,28.53,102720.1
208.3,mission_cruise,72.68482490272373,3200.0,43.65758754863813,3821.3,824.9,833.5,834.3,939.9,190.8,192.6,195.9,192.3,4.45,73.9,2.875,3828.7,826.9,834.9,837.9,940.4,191.0,192.5,196.0,192.7,4.45,74.6,2.904,-5.8,0.891,1,injector_clog,4,0.46,28.51,102619.2
208.4,mission_cruise,72.68371317398555,3200.0,43.658143413007224,3830.7,826.2,836.0,838.8,941.1,190.2,192.4,195.5,191.7,4.43,74.4,2.908,3828.6,826.9,834.9,837.9,940.4,191.0,192.5,196.0,192.7,4.45,74.6,2.904,-5.8,0.891,1,injector_clog,4,0.46,28.48,102518.3
208.5,mission_cruise,72.68260144524736,3200.0,43.65869927737632,3834.1,828.9,838.1,839.1,942.0,190.3,192.4,196.7,192.3,4.46,74.4,2.94,3828.6,826.9,834.9,837.9,940.4,191.0,192.5,196.0,192.7,4.45,74.6,2.904,-5.8,0.891,1,injector_clog,4,0.46,28.45,102417.4
208.6,mission_cruise,72.68148971650918,3200.0,43.65925514174541,3843.0,826.4,834.4,836.3,939.6,191.2,191.5,195.6,192.4,4.46,74.6,2.928,3828.6,826.9,834.9,837.9,940.4,191.0,192.5,196.0,192.7,4.45,74.6,2.904,-5.8,0.891,1,injector_clog,4,0.46,28.42,102316.5
208.7,mission_cruise,72.68037798777098,3200.0,43.65981100611451,3822.1,827.0,834.5,837.3,940.2,190.9,191.9,196.0,192.9,4.42,73.9,2.9,3828.6,826.9,834.9,837.9,940.4,191.0,192.5,196.0,192.7,4.45,74.6,2.904,-5.8,0.891,1,injector_clog,4,0.46,28.39,102215.6
208.8,mission_cruise,72.6792662590328,3200.0,43.6603668704836,3824.2,827.3,836.4,837.9,939.6,191.1,192.6,196.3,193.8,4.44,74.7,2.904,3828.5,826.9,834.9,837.9,940.4,191.0,192.5,196.0,192.7,4.45,74.6,2.904,-5.8,0.891,1,injector_clog,4,0.46,28.37,102114.7
208.9,mission_cruise,72.6781545302946,3200.0,43.6609227348527,3822.7,826.5,835.2,837.0,940.4,191.5,192.7,196.7,192.6,4.44,75.1,2.928,3828.5,826.9,834.9,837.9,940.4,191.0,192.5,196.0,192.7,4.45,74.6,2.904,-5.8,0.891,1,injector_clog,4,0.46,28.34,102013.8
209.0,mission_cruise,72.67704280155642,3200.0,43.66147859922179,3826.8,825.2,836.8,841.1,941.9,190.9,191.9,196.4,192.4,4.42,74.1,2.889,3828.5,826.9,834.9,837.9,940.4,191.0,192.5,196.0,192.6,4.45,74.6,2.904,-5.8,0.891,1,injector_clog,4,0.46,28.31,101912.9
209.1,mission_cruise,72.67593107281823,3200.0,43.662034463590885,3830.7,827.9,833.6,835.6,939.7,190.7,193.3,196.0,191.2,4.45,75.0,2.961,3828.4,826.9,834.9,837.9,940.4,191.0,192.5,196.0,192.6,4.45,74.6,2.903,-5.8,0.891,1,injector_clog,4,0.46,28.28,101812.0
209.2,mission_cruise,72.67481934408005,3200.0,43.662590327959975,3826.7,825.7,834.7,837.0,937.6,190.4,193.2,195.7,193.0,4.4,74.8,2.937,3828.4,826.9,834.9,837.9,940.4,191.0,192.5,196.0,192.6,4.45,74.6,2.903,-5.8,0.891,1,injector_clog,4,0.46,28.25,101711.1
209.3,mission_cruise,72.67370761534185,3200.0,43.66314619232907,3837.6,828.3,836.5,839.5,937.5,191.0,193.0,195.9,192.4,4.47,74.5,2.861,3828.4,826.9,834.9,837.9,940.4,191.0,192.5,196.0,192.6,4.45,74.6,2.903,-5.8,0.891,1,injector_clog,4,0.46,28.23,101610.2
209.4,mission_cruise,72.67259588660367,3200.0,43.66370205669816,3837.4,828.2,833.6,836.2,942.5,190.9,193.1,195.2,193.2,4.44,74.7,2.863,3828.3,826.9,834.9,837.9,940.4,191.0,192.5,196.0,192.6,4.45,74.6,2.903,-5.8,0.891,1,injector_clog,4,0.46,28.2,101509.3
209.5,mission_cruise,72.67148415786548,3200.0,43.66425792106726,3833.3,824.9,837.5,837.9,940.0,189.9,191.9,195.8,192.6,4.45,74.6,2.838,3828.3,826.9,834.9,837.9,940.4,191.0,192.5,196.0,192.6,4.45,74.6,2.903,-5.8,0.891,1,injector_clog,4,0.46,28.17,101408.4
209.6,mission_cruise,72.6703724291273,3200.0,43.66481378543635,3824.8,828.1,836.5,834.7,938.9,190.6,193.1,195.7,191.8,4.43,75.1,2.941,3828.3,826.9,834.9,837.9,940.4,191.0,192.5,196.0,192.6,4.45,74.6,2.903,-5.8,0.891,1,injector_clog,4,0.46,28.14,101307.5
209.7,mission_cruise,72.6692607003891,3200.0,43.66536964980545,3826.5,827.2,833.0,834.3,937.7,191.5,193.1,195.5,192.8,4.43,75.2,2.925,3828.2,826.9,834.9,837.9,940.4,191.0,192.5,196.0,192.6,4.45,74.6,2.903,-5.8,0.891,1,injector_clog,4,0.46,28.11,101206.6
209.8,mission_cruise,72.66814897165092,3200.0,43.66592551417454,3828.5,825.7,832.1,835.5,940.1,191.2,192.6,196.0,193.1,4.46,74.7,2.896,3828.2,826.9,834.9,837.9,940.4,191.0,192.5,196.0,192.6,4.45,74.6,2.903,-5.8,0.891,1,injector_clog,4,0.46,28.08,101105.7
209.9,mission_cruise,72.66703724291273,3200.0,43.66648137854364,3829.9,825.6,837.9,838.0,941.3,189.4,191.2,195.9,193.6,4.42,75.0,2.884,3828.2,826.9,834.9,837.9,940.4,191.0,192.5,196.0,192.6,4.45,74.6,2.903,-5.8,0.891,1,injector_clog,4,0.46,28.06,101004.8
210.0,mission_cruise,72.66592551417455,3200.0,43.66703724291273,3841.3,828.1,834.8,836.2,940.3,189.7,193.8,194.9,193.5,4.46,74.7,2.866,3828.1,826.9,834.9,837.9,940.4,191.0,192.5,196.0,192.6,4.45,74.6,2.903,-5.8,0.891,1,injector_clog,4,0.46,28.03,100903.9
210.1,mission_cruise,72.66481378543635,3200.0,43.667593107281824,3826.2,827.4,835.5,837.5,942.3,191.0,192.1,195.1,192.4,4.46,74.2,2.854,3828.1,826.9,834.9,837.9,940.4,191.0,192.5,196.0,192.6,4.45,74.6,2.903,-5.8,0.891,1,injector_clog,4,0.46,28.0,100803.0
210.2,mission_cruise,72.66370205669817,3200.0,43.668148971650915,3831.1,826.0,835.9,840.8,940.0,191.5,193.0,196.7,191.7,4.48,74.2,2.895,3828.1,826.9,834.9,837.9,940.4,191.0,192.5,196.0,192.6,4.45,74.6,2.903,-5.8,0.891,1,injector_clog,4,0.46,27.97,100702.1
210.3,mission_cruise,72.66259032795998,3200.0,43.66870483602001,3823.4,826.3,837.2,837.8,941.1,190.6,192.6,195.5,192.7,4.43,74.8,2.923,3828.0,826.9,834.9,837.9,940.4,191.0,192.5,196.0,192.6,4.45,74.6,2.903,-5.8,0.891,1,injector_clog,4,0.46,27.94,100601.2
210.4,mission_cruise,72.6614785992218,3200.0,43.6692607003891,3821.5,827.6,834.6,837.9,943.7,191.4,192.5,195.9,192.1,4.43,75.3,2.878,3828.0,826.9,834.9,837.9,940.4,191.0,192.5,196.0,192.6,4.45,74.6,2.903,-5.8,0.891,1,injector_clog,4,0.46,27.92,100500.3
210.5,mission_cruise,72.6603668704836,3200.0,43.6698165647582,3824.2,825.0,832.8,834.7,943.5,191.8,192.8,196.8,192.9,4.52,74.1,2.928,3828.0,826.9,834.9,837.9,940.4,191.0,192.5,196.0,192.6,4.45,74.6,2.903,-5.8,0.891,1,injector_clog,4,0.46,27.89,100399.4
210.6,mission_cruise,72.65925514174542,3200.0,43.67037242912729,3816.0,828.1,833.7,836.7,941.1,191.0,192.8,196.2,192.8,4.46,74.4,2.908,3828.0,826.9,834.9,837.9,940.4,191.0,192.5,196.0,192.6,4.45,74.6,2.903,-5.8,0.891,1,injector_clog,4,0.46,27.86,100298.5
210.7,mission_cruise,72.65814341300722,3200.0,43.67092829349639,3825.5,828.2,837.7,836.4,940.4,191.4,193.4,195.9,192.9,4.47,74.4,2.829,3827.9,826.9,834.9,837.9,940.4,191.0,192.5,196.0,192.6,4.45,74.6,2.903,-5.8,0.891,1,injector_clog,4,0.46,27.83,100197.6
210.8,mission_cruise,72.65703168426904,3200.0,43.67148415786548,3828.4,827.5,835.1,838.1,938.9,191.1,192.0,195.2,192.9,4.48,74.7,2.939,3827.9,826.9,834.9,837.9,940.3,191.0,192.5,196.0,192.6,4.45,74.6,2.903,-5.8,0.891,1,injector_clog,4,0.46,27.8,100096.7
210.9,mission_cruise,72.65591995553085,3200.0,43.672040022234576,3828.7,828.1,835.0,835.5,940.6,191.4,191.7,195.7,192.1,4.43,74.3,2.902,3827.9,826.9,834.9,837.9,940.3,191.0,192.5,196.0,192.6,4.45,74.6,2.903,-5.8,0.891,1,injector_clog,4,0.46,27.78,99995.8
211.0,mission_cruise,72.65480822679267,3200.0,43.672595886603666,3825.9,825.9,831.6,837.0,941.3,190.8,191.6,197.5,191.5,4.44,74.5,2.919,3827.8,826.9,834.9,837.9,940.3,191.0,192.5,196.0,192.6,4.45,74.6,2.903,-5.8,0.891,1,injector_clog,4,0.46,27.75,99894.9
211.1,mission_cruise,72.65369649805447,3200.0,43.673151750972764,3825.1,830.0,833.8,838.5,941.2,190.3,193.1,196.3,193.1,4.46,74.5,2.937,3827.8,826.9,834.9,837.9,940.3,191.0,192.5,196.0,192.6,4.45,74.6,2.903,-5.8,0.891,1,injector_clog,4,0.46,27.72,99794.0
211.2,mission_cruise,72.65258476931629,3200.0,43.673707615341854,3822.9,825.8,836.8,836.7,939.5,191.0,192.0,195.2,192.4,4.43,74.6,2.883,3827.8,826.9,834.9,837.9,940.3,191.0,192.5,196.0,192.6,4.45,74.6,2.903,-5.8,0.891,1,injector_clog,4,0.46,27.69,99693.1
211.3,mission_cruise,72.6514730405781,3200.0,43.67426347971095,3829.2,827.1,834.5,837.4,941.0,190.3,192.9,197.6,193.6,4.48,75.4,2.846,3827.7,826.8,834.8,837.8,940.3,191.0,192.5,196.0,192.6,4.45,74.6,2.903,-5.8,0.891,1,injector_clog,4,0.46,27.66,99592.2
211.4,mission_cruise,72.65036131183992,3200.0,43.67481934408004,3826.1,827.7,833.9,839.3,938.6,191.2,191.9,195.8,193.2,4.43,74.3,2.918,3827.7,826.8,834.8,837.8,940.3,191.0,192.5,196.0,192.6,4.45,74.6,2.903,-5.8,0.891,1,injector_clog,4,0.46,27.64,99491.3
211.5,mission_cruise,72.64924958310172,3200.0,43.67537520844914,3826.8,825.8,833.7,838.4,939.6,191.9,191.9,195.8,193.5,4.44,75.3,2.948,3827.7,826.8,834.8,837.8,940.3,191.0,192.5,196.0,192.6,4.45,74.6,2.903,-5.8,0.891,1,injector_clog,4,0.46,27.61,99390.4
211.6,mission_cruise,72.64813785436354,3200.0,43.67593107281823,3824.4,828.0,835.1,836.8,939.2,191.9,192.3,195.2,192.3,4.45,74.1,2.889,3827.6,826.8,834.8,837.8,940.3,191.0,192.5,196.0,192.6,4.45,74.6,2.903,-5.8,0.891,1,injector_clog,4,0.46,27.58,99289.5
211.7,mission_cruise,72.64702612562535,3200.0,43.67648693718733,3828.8,827.1,833.4,837.8,941.5,191.2,192.7,196.1,191.9,4.46,74.3,2.898,3827.6,826.8,834.8,837.8,940.3,191.0,192.5,196.0,192.6,4.45,74.6,2.903,-5.8,0.891,1,injector_clog,4,0.46,27.55,99188.6
211.8,mission_cruise,72.64591439688716,3200.0,43.67704280155642,3815.8,827.9,836.7,838.1,941.2,191.0,192.4,197.4,192.7,4.45,74.9,2.881,3827.6,826.8,834.8,837.8,940.3,191.0,192.5,196.0,192.6,4.45,74.6,2.903,-5.8,0.891,1,injector_clog,4,0.46,27.52,99087.7
211.9,mission_cruise,72.64480266814897,3200.0,43.677598665925515,3830.9,825.0,834.3,839.5,942.3,190.6,193.0,195.4,192.8,4.46,74.6,2.904,3827.5,826.8,834.8,837.8,940.3,191.0,192.5,196.0,192.6,4.45,74.5,2.902,-5.8,0.891,1,injector_clog,4,0.46,27.5,98986.8
212.0,mission_cruise,72.64369093941079,3200.0,43.678154530294606,3823.2,826.0,832.5,838.9,940.6,190.6,192.0,195.6,191.9,4.44,74.2,2.967,3827.5,826.8,834.8,837.8,940.3,191.0,192.5,196.0,192.6,4.45,74.5,2.902,-5.8,0.891,1,injector_clog,4,0.46,27.47,98885.9
212.1,mission_cruise,72.6425792106726,3200.0,43.6787103946637,3819.4,825.8,837.8,839.2,940.0,190.4,192.6,195.0,192.0,4.39,74.4,2.906,3827.5,826.8,834.8,837.8,940.3,191.0,192.5,196.0,192.6,4.45,74.5,2.902,-5.8,0.891,1,injector_clog,4,0.46,27.44,98785.0
212.2,mission_cruise,72.64146748193441,3200.0,43.679266259032794,3821.3,828.8,833.8,836.8,938.8,190.7,192.7,196.1,192.3,4.44,74.7,2.863,3827.4,826.8,834.8,837.8,940.3,191.0,192.5,196.0,192.6,4.45,74.5,2.902,-5.8,0.891,1,injector_clog,4,0.46,27.41,98684.1
212.3,mission_cruise,72.64035575319622,3200.0,43.67982212340189,3825.5,823.5,833.5,839.7,939.6,190.9,193.6,195.5,191.5,4.47,75.3,2.825,3827.4,826.8,834.8,837.8,940.3,191.0,192.5,196.0,192.6,4.45,74.5,2.902,-5.8,0.891,1,injector_clog,4,0.46,27.38,98583.2
212.4,mission_cruise,72.63924402445804,3200.0,43.68037798777098,3822.3,828.0,834.8,836.7,941.7,190.3,191.5,196.2,192.3,4.48,75.5,2.889,3827.4,826.8,834.8,837.8,940.3,191.0,192.5,196.0,192.6,4.45,74.5,2.902,-5.8,0.891,1,injector_clog,4,0.46,27.36,98482.3
212.5,mission_cruise,72.63813229571984,3200.0,43.68093385214008,3838.9,829.8,835.1,838.1,940.4,190.9,193.1,197.1,193.3,4.47,74.6,2.909,3827.4,826.8,834.8,837.8,940.3,191.0,192.5,196.0,192.6,4.45,74.5,2.902,-5.8,0.891,1,injector_clog,4,0.46,27.33,98381.4
212.6,mission_cruise,72.63702056698166,3200.0,43.68148971650917,3816.8,827.8,832.8,837.4,940.1,190.5,193.4,195.8,193.0,4.4,75.0,2.919,3827.3,826.8,834.8,837.8,940.3,191.0,192.5,196.0,192.6,4.45,74.5,2.902,-5.8,0.891,1,injector_clog,4,0.46,27.3,98280.5
212.7,mission_cruise,72.63590883824347,3200.0,43.68204558087827,3820.6,827.9,834.6,837.8,941.4,191.7,192.7,196.7,192.2,4.42,75.5,2.874,3827.3,826.8,834.8,837.8,940.3,191.0,192.5,196.0,192.6,4.45,74.5,2.902,-5.8,0.891,1,injector_clog,4,0.46,27.27,98179.6
212.8,mission_cruise,72.63479710950529,3200.0,43.68260144524736,3827.0,829.1,834.7,839.4,940.2,191.3,192.8,194.9,192.2,4.46,74.1,2.889,3827.3,826.8,834.8,837.8,940.3,191.0,192.5,196.0,192.6,4.45,74.5,2.902,-5.8,0.891,1,injector_clog,4,0.46,27.24,98078.7
212.9,mission_cruise,72.63368538076709,3200.0,43.683157309616455,3827.2,825.7,833.1,838.2,939.7,190.5,192.1,195.2,192.0,4.48,74.6,2.913,3827.2,826.8,834.8,837.8,940.3,191.0,192.5,196.0,192.6,4.45,74.5,2.902,-5.8,0.891,1,injector_clog,4,0.46,27.22,97977.8
213.0,mission_cruise,72.63257365202891,3200.0,43.683713173985545,3823.4,827.3,834.4,836.2,939.2,191.8,191.5,194.6,193.5,4.43,74.0,2.905,3827.2,826.8,834.8,837.8,940.3,191.0,192.5,196.0,192.6,4.45,74.5,2.902,-5.8,0.891,1,injector_clog,4,0.46,27.19,97876.9
213.1,mission_cruise,72.63146192329071,3200.0,43.68426903835464,3826.9,826.3,837.0,834.3,941.0,191.6,191.8,195.5,192.7,4.44,73.8,2.867,3827.2,826.8,834.8,837.8,940.3,191.0,192.5,196.0,192.6,4.45,74.5,2.902,-5.8,0.891,1,injector_clog,4,0.46,27.16,97776.0
213.2,mission_cruise,72.63035019455253,3200.0,43.68482490272373,3835.7,827.3,836.6,838.6,942.2,191.5,192.8,195.6,192.3,4.44,75.3,2.917,3827.1,826.8,834.8,837.8,940.3,191.0,192.5,196.0,192.5,4.45,74.5,2.902,-5.8,0.891,1,injector_clog,4,0.46,27.13,97675.1
213.3,mission_cruise,72.62923846581434,3200.0,43.68538076709283,3829.0,828.8,833.4,839.3,940.8,190.6,192.9,196.1,193.3,4.46,74.6,2.845,3827.1,826.8,834.8,837.8,940.3,191.0,192.5,196.0,192.5,4.45,74.5,2.902,-5.8,0.891,1,injector_clog,4,0.46,27.1,97574.2
213.4,mission_cruise,72.62812673707616,3200.0,43.68593663146192,3827.8,826.7,833.8,838.2,939.2,190.2,193.7,195.9,192.4,4.46,74.1,2.943,3827.1,826.8,834.8,837.8,940.3,191.0,192.5,196.0,192.5,4.45,74.5,2.902,-5.8,0.891,1,injector_clog,4,0.46,27.08,97473.3
213.5,mission_cruise,72.62701500833796,3200.0,43.68649249583102,3825.7,825.0,835.1,837.1,940.0,190.6,192.7,195.7,192.3,4.46,75.2,2.899,3827.0,826.8,834.8,837.8,940.3,191.0,192.5,196.0,192.5,4.45,74.5,2.902,-5.8,0.891,1,injector_clog,4,0.46,27.05,97372.4
213.6,mission_cruise,72.62590327959978,3200.0,43.68704836020011,3829.2,827.3,835.4,837.3,940.8,191.0,192.8,196.0,192.6,4.5,75.3,2.974,3827.0,826.8,834.8,837.8,940.3,191.0,192.5,196.0,192.5,4.45,74.5,2.902,-5.8,0.891,1,injector_clog,4,0.46,27.02,97271.5
213.7,mission_cruise,72.62479155086159,3200.0,43.687604224569206,3822.5,825.7,836.1,840.5,940.6,191.2,192.1,196.4,192.4,4.46,75.3,2.893,3827.0,826.8,834.8,837.8,940.3,191.0,192.5,196.0,192.5,4.45,74.5,2.902,-5.8,0.891,1,injector_clog,4,0.46,26.99,97170.6
213.8,mission_cruise,72.6236798221234,3200.0,43.6881600889383,3833.9,828.1,834.8,838.7,941.6,190.3,193.0,195.8,191.7,4.45,74.2,2.911,3826.9,826.8,834.8,837.8,940.3,191.0,192.5,196.0,192.5,4.45,74.5,2.902,-5.8,0.891,1,injector_clog,4,0.46,26.96,97069.7
213.9,mission_cruise,72.62256809338521,3200.0,43.688715953307394,3824.9,825.1,836.9,835.7,941.0,190.7,191.9,196.6,192.2,4.47,75.0,2.893,3826.9,826.8,834.8,837.8,940.3,191.0,192.5,196.0,192.5,4.45,74.5,2.902,-5.8,0.891,1,injector_clog,4,0.46,26.94,96968.8
214.0,mission_cruise,72.62145636464703,3200.0,43.689271817676484,3828.6,826.7,834.9,834.6,941.6,190.9,192.1,196.2,193.0,4.42,74.3,2.881,3826.9,826.8,834.8,837.8,940.3,191.0,192.5,196.0,192.5,4.45,74.5,2.902,-5.8,0.891,1,injector_clog,4,0.46,26.91,96867.9
214.1,mission_cruise,72.62034463590884,3200.0,43.68982768204558,3817.4,827.0,838.6,838.4,939.1,191.9,192.7,196.4,192.2,4.5,74.5,2.922,3826.9,826.8,834.8,837.8,940.3,191.0,192.5,196.0,192.5,4.45,74.5,2.902,-5.8,0.891,1,injector_clog,4,0.46,26.88,96767.0
214.2,mission_cruise,72.61923290717066,3200.0,43.69038354641467,3830.9,825.0,834.3,838.5,936.9,191.0,192.7,195.3,192.5,4.45,74.4,2.927,3826.8,826.8,834.8,837.8,940.3,191.0,192.5,196.0,192.5,4.45,74.5,2.902,-5.8,0.891,1,injector_clog,4,0.46,26.85,96666.1
214.3,mission_cruise,72.61812117843246,3200.0,43.69093941078377,3827.9,826.9,835.5,835.8,941.0,190.9,191.6,196.2,192.6,4.41,75.1,2.898,3826.8,826.8,834.8,837.8,940.3,191.0,192.5,196.0,192.5,4.45,74.5,2.902,-5.8,0.891,1,injector_clog,4,0.46,26.82,96565.2
214.4,mission_cruise,72.61700944969428,3200.0,43.69149527515286,3826.7,827.7,837.6,839.9,939.9,192.3,191.9,194.9,192.6,4.47,73.4,2.897,3826.8,826.8,834.8,837.8,940.3,191.0,192.5,196.0,192.5,4.45,74.5,2.902,-5.8,0.891,1,injector_clog,4,0.46,26.8,96464.3
214.5,mission_cruise,72.61589772095608,3200.0,43.69205113952196,3835.3,826.4,835.1,837.5,941.0,189.8,192.9,195.5,193.2,4.47,74.9,2.884,3826.7,826.8,834.8,837.8,940.3,191.0,192.5,196.0,192.5,4.45,74.5,2.902,-5.8,0.891,1,injector_clog,4,0.46,26.77,96363.4
214.6,mission_cruise,72.6147859922179,3200.0,43.69260700389105,3822.7,825.8,833.1,835.2,940.4,190.8,192.9,195.9,191.9,4.43,74.5,2.921,3826.7,826.8,834.8,837.8,940.3,191.0,192.5,196.0,192.5,4.45,74.5,2.902,-5.8,0.891,1,injector_clog,4,0.46,26.74,96262.5
214.7,mission_cruise,72.61367426347971,3200.0,43.693162868260146,3827.2,826.0,832.3,837.3,937.8,191.9,191.3,195.2,192.5,4.47,75.1,2.913,3826.7,826.8,834.8,837.8,940.3,191.0,192.5,196.0,192.5,4.45,74.5,2.901,-5.8,0.891,1,injector_clog,4,0.46,26.71,96161.6
214.8,mission_cruise,72.61256253474153,3200.0,43.693718732629236,3828.6,826.5,834.6,837.2,938.6,189.3,193.6,196.4,192.6,4.43,76.2,2.881,3826.6,826.8,834.8,837.8,940.3,191.0,192.5,196.0,192.5,4.45,74.5,2.901,-5.8,0.891,1,injector_clog,4,0.46,26.68,96060.7
214.9,mission_cruise,72.61145080600333,3200.0,43.69427459699833,3832.0,825.6,834.3,837.0,941.2,190.7,193.7,195.7,191.9,4.44,73.7,2.862,3826.6,826.8,834.8,837.8,940.3,191.0,192.5,196.0,192.5,4.45,74.5,2.901,-5.8,0.891,1,injector_clog,4,0.46,26.66,95959.8
215.0,mission_cruise,72.61033907726515,3200.0,43.694830461367424,3822.3,827.9,835.6,839.9,939.6,191.5,193.6,196.2,192.1,4.46,74.7,2.91,3826.6,826.8,834.8,837.8,940.3,191.0,192.5,196.0,192.5,4.45,74.5,2.901,-5.8,0.891,1,injector_clog,4,0.46,26.63,95858.9
215.1,mission_cruise,72.60922734852696,3200.0,43.69538632573652,3820.3,825.4,833.8,837.1,940.3,190.9,192.9,195.0,192.6,4.41,74.0,2.894,3826.5,826.8,834.8,837.8,940.3,191.0,192.5,196.0,192.5,4.45,74.5,2.901,-5.8,0.891,1,injector_clog,4,0.46,26.6,95758.0
215.2,mission_cruise,72.60811561978878,3200.0,43.69594219010561,3828.1,826.0,834.1,839.5,940.5,189.8,192.0,196.4,192.3,4.45,74.7,2.866,3826.5,826.8,834.8,837.8,940.3,191.0,192.5,196.0,192.5,4.45,74.5,2.901,-5.8,0.891,1,injector_clog,4,0.46,26.57,95657.1
215.3,mission_cruise,72.60700389105058,3200.0,43.69649805447471,3825.2,828.6,835.9,838.9,942.0,192.0,193.1,197.1,192.6,4.44,75.2,2.832,3826.5,826.8,834.8,837.8,940.3,191.0,192.5,196.0,192.5,4.45,74.5,2.901,-5.8,0.891,1,injector_clog,4,0.46,26.54,95556.2
215.4,mission_cruise,72.6058921623124,3200.0,43.6970539188438,3826.8,828.3,831.4,838.2,942.0,191.2,192.0,196.0,193.4,4.44,74.9,2.86,3826.4,826.8,834.8,837.8,940.3,191.0,192.5,196.0,192.5,4.45,74.5,2.901,-5.8,0.891,1,injector_clog,4,0.46,26.52,95455.3
215.5,mission_cruise,72.6047804335742,3200.0,43.6976097832129,3826.8,826.9,834.6,838.4,943.7,191.3,192.6,196.7,192.2,4.45,74.5,2.89,3826.4,826.8,834.8,837.8,940.3,191.0,192.5,196.0,192.5,4.45,74.5,2.901,-5.8,0.891,1,injector_clog,4,0.46,26.49,95354.4
215.6,mission_cruise,72.60366870483602,3200.0,43.69816564758199,3819.5,830.0,836.0,838.5,939.7,191.2,191.7,196.2,192.6,4.48,74.3,2.862,3826.4,826.8,834.8,837.8,940.3,191.0,192.5,196.0,192.5,4.45,74.5,2.901,-5.8,0.891,1,injector_clog,4,0.46,26.46,95253.5
215.7,mission_cruise,72.60255697609783,3200.0,43.698721511951085,3828.3,826.1,833.0,837.5,940.0,191.5,192.9,196.3,192.0,4.46,74.2,2.927,3826.3,826.8,834.8,837.8,940.3,191.0,192.5,196.0,192.5,4.45,74.5,2.901,-5.8,0.891,1,injector_clog,4,0.46,26.43,95152.6
215.8,mission_cruise,72.60144524735965,3200.0,43.699277376320175,3818.3,826.5,835.1,837.5,941.0,190.0,192.6,195.4,192.9,4.44,73.8,2.925,3826.3,826.8,834.8,837.8,940.3,191.0,192.5,196.0,192.5,4.45,74.5,2.901,-5.8,0.891,1,injector_clog,4,0.46,26.4,95051.7
215.9,mission_cruise,72.60033351862145,3200.0,43.69983324068927,3825.7,826.3,837.1,840.3,940.4,190.5,191.6,195.8,192.8,4.4,74.9,2.97,3826.3,826.8,834.8,837.8,940.3,191.0,192.5,196.0,192.5,4.45,74.5,2.901,-5.8,0.891,1,injector_clog,4,0.46,26.38,94950.8
216.0,mission_cruise,72.59922178988327,3200.0,43.70038910505836,3823.4,825.0,834.2,837.6,938.5,190.0,191.9,196.1,191.6,4.49,74.0,2.916,3826.3,826.8,834.8,837.8,940.2,191.0,192.5,196.0,192.5,4.45,74.5,2.901,-5.8,0.891,1,injector_clog,4,0.46,26.35,94849.9
216.1,mission_cruise,72.59811006114508,3200.0,43.70094496942746,3826.4,827.6,837.3,838.1,942.9,191.0,192.8,196.1,192.4,4.45,74.6,2.866,3826.2,826.8,834.8,837.8,940.2,191.0,192.5,196.0,192.5,4.45,74.5,2.901,-5.8,0.891,1,injector_clog,4,0.46,26.32,94749.0
216.2,mission_cruise,72.5969983324069,3200.0,43.70150083379655,3830.7,825.0,833.2,838.7,939.6,190.3,192.6,195.9,192.1,4.46,73.9,2.934,3826.2,826.8,834.8,837.8,940.2,191.0,192.5,196.0,192.5,4.45,74.5,2.901,-5.8,0.891,1,injector_clog,4,0.46,26.29,94648.1
216.3,mission_cruise,72.5958866036687,3200.0,43.70205669816565,3825.2,828.1,835.7,837.4,939.5,191.0,192.3,196.2,191.7,4.42,74.3,2.928,3826.2,826.8,834.8,837.8,940.2,191.0,192.5,196.0,192.5,4.45,74.5,2.901,-5.8,0.891,1,injector_clog,4,0.46,26.26,94547.2
216.4,mission_cruise,72.59477487493052,3200.0,43.70261256253474,3824.4,826.8,834.9,839.2,941.5,191.6,193.4,195.5,192.2,4.45,73.6,2.869,3826.1,826.8,834.8,837.8,940.2,191.0,192.5,196.0,192.5,4.45,74.5,2.901,-5.8,0.891,1,injector_clog,4,0.46,26.24,94446.3
216.5,mission_cruise,72.59366314619233,3200.0,43.70316842690384,3833.8,828.3,834.9,835.9,940.6,190.4,192.5,194.7,191.4,4.41,74.6,2.91,3826.1,826.7,834.7,837.7,940.2,191.0,192.5,196.0,192.5,4.45,74.5,2.901,-5.8,0.891,1,injector_clog,4,0.46,26.21,94345.4
216.6,mission_cruise,72.59255141745415,3200.0,43.70372429127293,3817.4,827.3,833.1,838.5,938.7,192.2,191.9,195.9,192.5,4.46,74.2,2.903,3826.1,826.7,834.7,837.7,940.2,191.0,192.5,196.0,192.5,4.45,74.5,2.901,-5.8,0.891,1,injector_clog,4,0.46,26.18,94244.5
216.7,mission_cruise,72.59143968871595,3200.0,43.704280155642024,3831.4,826.4,834.5,837.6,940.8,191.8,192.0,196.2,194.0,4.45,74.3,2.861,3826.0,826.7,834.7,837.7,940.2,191.0,192.5,196.0,192.5,4.45,74.5,2.901,-5.8,0.891,1,injector_clog,4,0.46,26.15,94143.6
216.8,mission_cruise,72.59032795997777,3200.0,43.704836020011115,3835.9,829.7,835.2,837.8,938.3,190.1,192.6,195.7,192.3,4.4,75.2,2.931,3826.0,826.7,834.7,837.7,940.2,191.0,192.5,196.0,192.5,4.45,74.5,2.901,-5.8,0.891,1,injector_clog,4,0.46,26.12,94042.7
216.9,mission_cruise,72.58921623123958,3200.0,43.70539188438021,3822.7,827.7,833.1,836.7,940.2,190.7,192.1,195.5,191.0,4.45,74.0,2.934,3826.0,826.7,834.7,837.7,940.2,191.0,192.5,196.0,192.5,4.45,74.5,2.901,-5.8,0.891,1,injector_clog,4,0.46,26.09,93941.8
217.0,mission_cruise,72.5881045025014,3200.0,43.7059477487493,3832.8,825.7,834.1,837.0,941.7,191.2,192.4,195.7,192.6,4.47,74.8,2.918,3825.9,826.7,834.7,837.7,940.2,191.0,192.5,196.0,192.5,4.45,74.5,2.901,-5.8,0.891,1,injector_clog,4,0.46,26.07,93840.9
217.1,mission_cruise,72.5869927737632,3200.0,43.7065036131184,3821.6,828.9,834.4,835.2,941.1,190.4,192.5,196.8,193.1,4.45,73.6,2.899,3825.9,826.7,834.7,837.7,940.2,191.0,192.5,196.0,192.5,4.45,74.5,2.901,-5.8,0.891,1,injector_clog,4,0.46,26.04,93740.0
217.2,mission_cruise,72.58588104502502,3200.0,43.70705947748749,3820.7,829.0,836.0,838.3,939.1,191.5,192.9,196.3,193.0,4.44,74.5,2.9,3825.9,826.7,834.7,837.7,940.2,191.0,192.5,196.0,192.5,4.45,74.5,2.901,-5.8,0.891,1,injector_clog,4,0.46,26.01,93639.1
217.3,mission_cruise,72.58476931628682,3200.0,43.70761534185659,3822.4,825.8,837.5,837.4,941.2,191.8,192.8,196.5,192.6,4.45,74.3,2.905,3825.8,826.7,834.7,837.7,940.2,191.0,192.5,196.0,192.5,4.45,74.5,2.901,-5.8,0.891,1,injector_clog,4,0.46,25.98,93538.2
217.4,mission_cruise,72.58365758754864,3200.0,43.70817120622568,3813.1,827.2,836.4,838.9,939.7,190.3,192.6,196.6,193.1,4.4,74.5,2.901,3825.8,826.7,834.7,837.7,940.2,191.0,192.5,196.0,192.5,4.45,74.5,2.9,-5.8,0.891,1,injector_clog,4,0.46,25.95,93437.3
217.5,mission_cruise,72.58254585881045,3200.0,43.708727070594776,3831.3,827.6,835.1,837.1,940.2,191.1,191.9,195.8,192.2,4.47,73.8,2.929,3825.8,826.7,834.7,837.7,940.2,191.0,192.5,196.0,192.5,4.45,74.5,2.9,-5.8,0.891,1,injector_clog,4,0.46,25.93,93336.4
217.6,mission_cruise,72.58143413007227,3200.0,43.709282934963866,3820.8,827.2,834.4,839.0,938.5,191.4,192.1,195.4,191.9,4.48,74.7,2.886,3825.7,826.7,834.7,837.7,940.2,191.0,192.5,196.0,192.5,4.45,74.5,2.9,-5.8,0.891,1,injector_clog,4,0.46,25.9,93235.5
217.7,mission_cruise,72.58032240133407,3200.0,43.709838799332964,3837.2,828.5,835.0,836.0,937.5,190.9,192.7,196.0,192.7,4.43,74.0,2.837,3825.7,826.7,834.7,837.7,940.2,191.0,192.5,196.0,192.5,4.45,74.5,2.9,-5.8,0.891,1,injector_clog,4,0.46,25.87,93134.6
217.8,mission_cruise,72.57921067259589,3200.0,43.710394663702054,3827.0,824.2,834.3,838.9,940.9,190.4,193.3,196.2,192.7,4.46,74.4,2.919,3825.7,826.7,834.7,837.7,940.2,191.0,192.5,196.0,192.5,4.45,74.5,2.9,-5.8,0.891,1,injector_clog,4,0.46,25.84,93033.7
217.9,mission_cruise,72.5780989438577,3200.0,43.71095052807115,3818.8,828.5,835.2,837.5,940.6,191.0,192.4,195.8,192.0,4.48,74.5,2.914,3825.7,826.7,834.7,837.7,940.2,190.9,192.4,195.9,192.5,4.45,74.5,2.9,-5.8,0.891,1,injector_clog,4,0.46,25.81,92932.8
218.0,mission_cruise,72.57698721511952,3200.0,43.71150639244024,3816.0,826.9,834.4,837.9,940.3,191.5,191.9,195.7,192.8,4.48,74.8,2.884,3825.6,826.7,834.7,837.7,940.2,190.9,192.4,195.9,192.5,4.45,74.5,2.9,-5.8,0.891,1,injector_clog,4,0.46,25.79,92831.9
218.1,mission_cruise,72.57587548638132,3200.0,43.71206225680934,3828.2,827.7,835.2,840.6,937.8,191.5,192.1,196.3,194.0,4.45,74.6,2.883,3825.6,826.7,834.7,837.7,940.2,190.9,192.4,195.9,192.5,4.45,74.5,2.9,-5.8,0.891,1,injector_clog,4,0.46,25.76,92731.0
218.2,mission_cruise,72.57476375764314,3200.0,43.71261812117843,3822.3,826.3,835.1,837.4,943.8,190.4,192.4,195.0,192.2,4.44,74.8,2.891,3825.6,826.7,834.7,837.7,940.2,190.9,192.4,195.9,192.5,4.45,74.5,2.9,-5.8,0.891,1,injector_clog,4,0.46,25.73,92630.1
218.3,mission_cruise,72.57365202890495,3200.0,43.71317398554753,3827.0,828.9,835.6,838.5,941.1,190.9,194.0,194.9,191.8,4.41,74.6,2.907,3825.5,826.7,834.7,837.7,940.2,190.9,192.4,195.9,192.5,4.45,74.5,2.9,-5.8,0.891,1,injector_clog,4,0.46,25.7,92529.2
218.4,mission_cruise,72.57254030016676,3200.0,43.71372984991662,3818.2,824.8,833.2,839.9,944.1,191.8,193.1,195.6,193.4,4.42,74.5,2.917,3825.5,826.7,834.7,837.7,940.2,190.9,192.4,195.9,192.5,4.45,74.5,2.9,-5.8,0.891,1,injector_clog,4,0.46,25.67,92428.3
218.5,mission_cruise,72.57142857142857,3200.0,43.714285714285715,3821.0,827.2,833.9,836.7,941.1,190.8,192.8,196.0,192.7,4.45,74.4,2.925,3825.5,826.7,834.7,837.7,940.2,190.9,192.4,195.9,192.5,4.45,74.5,2.9,-5.8,0.891,1,injector_clog,4,0.46,25.65,92327.4
218.6,mission_cruise,72.57031684269039,3200.0,43.714841578654806,3823.7,826.0,835.9,836.5,941.2,190.9,193.1,196.4,192.9,4.46,73.8,2.88,3825.4,826.7,834.7,837.7,940.2,190.9,192.4,195.9,192.5,4.45,74.5,2.9,-5.8,0.891,1,injector_clog,4,0.46,25.62,92226.5
218.7,mission_cruise,72.5692051139522,3200.0,43.7153974430239,3823.0,827.8,834.7,839.5,940.2,190.9,194.1,196.8,193.5,4.44,74.5,2.935,3825.4,826.7,834.7,837.7,940.2,190.9,192.4,195.9,192.5,4.45,74.5,2.9,-5.8,0.891,1,injector_clog,4,0.46,25.59,92125.6
218.8,mission_cruise,72.56809338521401,3200.0,43.715953307392994,3825.6,828.0,835.6,837.5,941.0,190.9,192.0,196.7,193.6,4.44,74.2,2.908,3825.4,826.7,834.7,837.7,940.2,190.9,192.4,195.9,192.5,4.45,74.5,2.9,-5.8,0.891,1,injector_clog,4,0.46,25.56,92024.7
218.9,mission_cruise,72.56698165647582,3200.0,43.71650917176209,3822.1,825.1,835.1,836.5,940.3,190.4,192.6,197.5,192.5,4.47,73.9,2.893,3825.3,826.7,834.7,837.7,940.2,190.9,192.4,195.9,192.4,4.45,74.4,2.9,-5.8,0.891,1,injector_clog,4,0.46,25.53,91923.8
219.0,mission_cruise,72.56586992773764,3200.0,43.71706503613118,3823.1,827.2,831.7,837.4,941.2,191.5,192.1,196.4,192.3,4.49,75.4,2.93,3825.3,826.7,834.7,837.7,940.2,190.9,192.4,195.9,192.4,4.45,74.4,2.9,-5.8,0.891,1,injector_clog,4,0.46,25.51,91822.9
219.1,mission_cruise,72.56475819899944,3200.0,43.71762090050028,3829.0,827.9,832.1,837.9,938.6,189.9,192.5,196.1,192.6,4.49,74.5,2.845,3825.3,826.7,834.7,837.7,940.2,190.9,192.4,195.9,192.4,4.45,74.4,2.9,-5.8,0.891,1,injector_clog,4,0.46,25.48,91722.0
219.2,mission_cruise,72.56364647026126,3200.0,43.71817676486937,3831.1,825.8,836.5,838.5,943.4,190.8,192.4,196.3,192.8,4.41,74.1,2.898,3825.2,826.7,834.7,837.7,940.2,190.9,192.4,195.9,192.4,4.45,74.4,2.9,-5.8,0.891,1,injector_clog,4,0.46,25.45,91621.1
219.3,mission_cruise,72.56253474152307,3200.0,43.71873262923847,3831.2,825.5,835.6,840.9,939.9,191.5,192.0,195.9,192.0,4.42,74.5,2.912,3825.2,826.7,834.7,837.7,940.2,190.9,192.4,195.9,192.4,4.45,74.4,2.9,-5.8,0.891,1,injector_clog,4,0.46,25.42,91520.2
219.4,mission_cruise,72.56142301278489,3200.0,43.71928849360756,3825.8,826.2,833.0,839.5,940.4,189.9,193.0,196.5,193.6,4.47,73.9,2.916,3825.2,826.7,834.7,837.7,940.2,190.9,192.4,195.9,192.4,4.45,74.4,2.9,-5.8,0.891,1,injector_clog,4,0.46,25.39,91419.3
219.5,mission_cruise,72.56031128404669,3200.0,43.719844357976655,3823.6,825.1,834.0,836.8,938.2,191.3,192.5,196.3,193.7,4.42,74.1,2.899,3825.1,826.7,834.7,837.7,940.2,190.9,192.4,195.9,192.4,4.45,74.4,2.9,-5.8,0.891,1,injector_clog,4,0.46,25.37,91318.4
219.6,mission_cruise,72.55919955530851,3200.0,43.720400222345745,3823.0,826.2,833.2,839.4,935.7,190.4,192.6,196.6,193.3,4.47,75.5,2.905,3825.1,826.7,834.7,837.7,940.2,190.9,192.4,195.9,192.4,4.45,74.4,2.9,-5.8,0.891,1,injector_clog,4,0.46,25.34,91217.5
219.7,mission_cruise,72.55808782657031,3200.0,43.72095608671484,3816.5,829.1,833.8,838.5,939.7,191.2,192.4,194.7,191.5,4.45,75.2,2.902,3825.1,826.7,834.7,837.7,940.2,190.9,192.4,195.9,192.4,4.45,74.4,2.9,-5.8,0.891,1,injector_clog,4,0.46,25.31,91116.6
219.8,mission_cruise,72.55697609783213,3200.0,43.72151195108393,3834.4,827.7,832.9,840.4,944.4,191.0,191.7,197.5,191.4,4.45,74.7,2.902,3825.1,826.7,834.7,837.7,940.2,190.9,192.4,195.9,192.4,4.45,74.4,2.9,-5.8,0.891,1,injector_clog,4,0.46,25.28,91015.7
219.9,mission_cruise,72.55586436909394,3200.0,43.72206781545303,3824.4,824.6,834.1,837.4,940.6,191.0,192.2,195.3,192.2,4.42,74.1,2.897,3825.0,826.7,834.7,837.7,940.2,190.9,192.4,195.9,192.4,4.45,74.4,2.9,-5.8,0.891,1,injector_clog,4,0.46,25.25,90914.8
220.0,mission_cruise,72.55475264035576,3200.0,43.72262367982212,3828.4,825.1,836.0,837.8,941.4,191.0,192.0,195.7,192.1,4.48,75.2,2.875,3825.0,826.7,834.7,837.7,940.2,190.9,192.4,195.9,192.4,4.45,74.4,2.9,-5.8,0.891,1,injector_clog,4,0.46,25.23,90813.9
220.1,mission_cruise,72.55364091161756,3200.0,43.72317954419122,3825.8,827.7,835.1,836.8,939.4,191.4,192.4,195.7,192.3,4.45,75.0,2.903,3825.0,826.7,834.7,837.7,940.2,190.9,192.4,195.9,192.4,4.45,74.4,2.9,-5.8,0.891,1,injector_clog,4,0.46,25.2,90713.0
220.2,mission_cruise,72.55252918287938,3200.0,43.72373540856031,3814.1,826.4,834.6,838.4,940.7,190.9,193.3,195.5,191.7,4.44,74.7,2.901,3824.9,826.7,834.7,837.7,940.2,190.9,192.4,195.9,192.4,4.45,74.4,2.899,-5.8,0.891,1,injector_clog,4,0.46,25.17,90612.1
220.3,mission_cruise,72.55141745414119,3200.0,43.724291272929406,3828.8,825.2,832.6,837.8,941.1,190.4,192.9,196.1,192.3,4.42,74.7,2.907,3824.9,826.7,834.7,837.7,940.2,190.9,192.4,195.9,192.4,4.45,74.4,2.899,-5.8,0.891,1,injector_clog,4,0.46,25.14,90511.2
220.4,mission_cruise,72.550305725403,3200.0,43.7248471372985,3826.4,828.0,832.6,837.7,940.1,189.4,192.2,195.4,193.7,4.49,75.3,2.91,3824.9,826.7,834.7,837.7,940.2,190.9,192.4,195.9,192.4,4.45,74.4,2.899,-5.8,0.891,1,injector_clog,4,0.46,25.11,90410.3
220.5,mission_cruise,72.54919399666481,3200.0,43.725403001667594,3823.7,827.7,836.4,836.1,941.0,190.6,191.9,194.5,192.4,4.44,74.0,2.883,3824.8,826.7,834.7,837.7,940.2,190.9,192.4,195.9,192.4,4.45,74.4,2.899,-5.8,0.891,1,injector_clog,4,0.46,25.09,90309.4
220.6,mission_cruise,72.54808226792663,3200.0,43.725958866036684,3829.7,827.4,835.1,840.9,939.9,191.1,192.8,196.0,192.0,4.5,74.0,2.916,3824.8,826.7,834.7,837.7,940.2,190.9,192.4,195.9,192.4,4.45,74.4,2.899,-5.8,0.891,1,injector_clog,4,0.46,25.06,90208.5
220.7,mission_cruise,72.54697053918844,3200.0,43.72651473040578,3831.9,828.2,836.2,840.1,943.4,190.5,192.4,195.6,192.9,4.46,74.9,2.936,3824.8,826.7,834.7,837.7,940.2,190.9,192.4,195.9,192.4,4.45,74.4,2.899,-5.8,0.891,1,injector_clog,4,0.46,25.03,90107.6
220.8,mission_cruise,72.54585881045026,3200.0,43.72707059477487,3821.3,827.0,832.2,839.0,937.8,190.9,192.1,195.3,193.0,4.43,75.2,2.903,3824.7,826.7,834.7,837.7,940.2,190.9,192.4,195.9,192.4,4.45,74.4,2.899,-5.8,0.891,1,injector_clog,4,0.46,25.0,90006.7
220.9,mission_cruise,72.54474708171206,3200.0,43.72762645914397,3833.4,826.8,832.9,838.1,939.6,189.8,191.8,195.6,192.6,4.47,73.6,2.875,3824.7,826.7,834.7,837.7,940.2,190.9,192.4,195.9,192.4,4.45,74.4,2.899,-5.8,0.891,1,injector_clog,4,0.46,24.97,89905.8
221.0,mission_cruise,72.54363535297388,3200.0,43.72818232351306,3830.8,826.6,834.5,838.9,938.7,190.7,192.1,195.8,192.0,4.42,74.6,2.926,3824.7,826.7,834.7,837.7,940.2,190.9,192.4,195.9,192.4,4.45,74.4,2.899,-5.8,0.891,1,injector_clog,4,0.46,24.95,89804.9
221.1,mission_cruise,72.54252362423568,3200.0,43.72873818788216,3830.0,827.9,834.2,836.2,938.3,190.6,192.7,194.7,192.0,4.41,74.2,2.909,3824.6,826.7,834.7,837.7,940.2,190.9,192.4,195.9,192.4,4.45,74.4,2.899,-5.8,0.891,1,injector_clog,4,0.46,24.92,89704.0
221.2,mission_cruise,72.5414118954975,3200.0,43.72929405225125,3815.9,826.3,836.9,839.0,940.4,191.0,192.4,197.0,192.6,4.47,74.3,2.908,3824.6,826.7,834.7,837.7,940.1,190.9,192.4,195.9,192.4,4.45,74.4,2.899,-5.8,0.891,1,injector_clog,4,0.46,24.89,89603.1
221.3,mission_cruise,72.54030016675931,3200.0,43.729849916620346,3818.7,826.5,835.8,838.6,941.0,191.1,193.0,196.1,192.8,4.46,74.8,2.859,3824.6,826.7,834.7,837.7,940.1,190.9,192.4,195.9,192.4,4.45,74.4,2.899,-5.8,0.891,1,injector_clog,4,0.46,24.86,89502.2
221.4,mission_cruise,72.53918843802113,3200.0,43.730405780989436,3824.5,828.7,834.9,839.5,939.2,190.6,192.0,195.8,192.1,4.44,75.0,2.927,3824.5,826.7,834.7,837.7,940.1,190.9,192.4,195.9,192.4,4.45,74.4,2.899,-5.8,0.891,1,injector_clog,4,0.46,24.83,89401.3
221.5,mission_cruise,72.53807670928293,3200.0,43.73096164535853,3824.9,825.3,834.6,838.2,942.1,191.2,193.5,195.9,192.0,4.43,74.4,2.918,3824.5,826.7,834.7,837.7,940.1,190.9,192.4,195.9,192.4,4.45,74.4,2.899,-5.8,0.891,1,injector_clog,4,0.46,24.81,89300.4
221.6,mission_cruise,72.53696498054475,3200.0,43.731517509727624,3819.9,825.4,835.0,839.4,937.9,191.3,191.8,195.1,192.5,4.49,74.2,2.905,3824.5,826.6,834.6,837.6,940.1,190.9,192.4,195.9,192.4,4.45,74.4,2.899,-5.8,0.891,1,injector_clog,4,0.46,24.78,89199.5
221.7,mission_cruise,72.53585325180656,3200.0,43.73207337409672,3819.8,827.1,837.5,836.9,940.1,191.6,191.8,195.6,191.3,4.45,74.8,2.935,3824.5,826.6,834.6,837.6,940.1,190.9,192.4,195.9,192.4,4.45,74.4,2.899,-5.8,0.891,1,injector_clog,4,0.46,24.75,89098.6
221.8,mission_cruise,72.53474152306838,3200.0,43.73262923846581,3821.5,826.1,832.7,839.3,936.0,190.2,192.8,195.9,192.9,4.46,74.1,2.899,3824.4,826.6,834.6,837.6,940.1,190.9,192.4,195.9,192.4,4.45,74.4,2.899,-5.8,0.891,1,injector_clog,4,0.46,24.72,88997.7
221.9,mission_cruise,72.53362979433018,3200.0,43.73318510283491,3822.3,827.3,835.4,839.2,939.4,190.9,192.0,196.4,191.9,4.45,74.1,2.928,3824.4,826.6,834.6,837.6,940.1,190.9,192.4,195.9,192.4,4.45,74.4,2.899,-5.8,0.891,1,injector_clog,4,0.46,24.69,88896.8
222.0,mission_cruise,72.532518065592,3200.0,43.733740967204,3821.1,827.3,835.7,838.0,940.2,190.5,193.4,196.7,192.4,4.44,74.3,2.952,3824.4,826.6,834.6,837.6,940.1,190.9,192.4,195.9,192.4,4.45,74.4,2.899,-5.8,0.891,1,injector_clog,4,0.46,24.67,88795.9
222.1,mission_cruise,72.5314063368538,3200.0,43.7342968315731,3823.8,826.8,831.8,835.8,938.3,190.6,193.1,195.6,191.9,4.42,74.1,2.924,3824.3,826.6,834.6,837.6,940.1,190.9,192.4,195.9,192.4,4.45,74.4,2.899,-5.8,0.891,1,injector_clog,4,0.46,24.64,88695.0
222.2,mission_cruise,72.53029460811563,3200.0,43.73485269594219,3825.6,827.5,836.3,837.6,935.1,190.4,192.7,196.7,191.7,4.46,74.5,2.902,3824.3,826.6,834.6,837.6,940.1,190.9,192.4,195.9,192.4,4.45,74.4,2.899,-5.8,0.891,1,injector_clog,4,0.46,24.61,88594.1
222.3,mission_cruise,72.52918287937743,3200.0,43.735408560311285,3823.5,827.5,834.0,838.4,940.8,191.6,193.2,195.8,192.9,4.46,74.0,2.948,3824.3,826.6,834.6,837.6,940.1,190.9,192.4,195.9,192.4,4.45,74.4,2.899,-5.8,0.891,1,injector_clog,4,0.46,24.58,88493.2
222.4,mission_cruise,72.52807115063925,3200.0,43.735964424680375,3828.2,827.0,835.6,837.6,939.7,191.2,192.4,195.7,192.4,4.5,74.3,2.926,3824.2,826.6,834.6,837.6,940.1,190.9,192.4,195.9,192.4,4.45,74.4,2.899,-5.8,0.891,1,injector_clog,4,0.46,24.55,88392.3
222.5,mission_cruise,72.52695942190105,3200.0,43.73652028904947,3825.6,823.3,836.7,838.6,940.0,191.7,193.0,196.3,192.6,4.49,74.4,2.873,3824.2,826.6,834.6,837.6,940.1,190.9,192.4,195.9,192.4,4.45,74.4,2.899,-5.8,0.891,1,injector_clog,4,0.46,24.53,88291.4
222.6,mission_cruise,72.52584769316287,3200.0,43.73707615341856,3813.9,826.7,833.1,839.9,939.6,190.2,192.6,195.5,192.0,4.43,73.9,2.912,3824.2,826.6,834.6,837.6,940.1,190.9,192.4,195.9,192.4,4.45,74.4,2.899,-5.8,0.891,1,injector_clog,4,0.46,24.5,88190.5
222.7,mission_cruise,72.52473596442468,3200.0,43.73763201778766,3818.5,828.2,835.0,838.8,938.3,191.3,192.4,194.6,192.0,4.48,74.1,2.883,3824.1,826.6,834.6,837.6,940.1,190.9,192.4,195.9,192.4,4.45,74.4,2.899,-5.8,0.891,1,injector_clog,4,0.46,24.47,88089.6
222.8,mission_cruise,72.5236242356865,3200.0,43.73818788215675,3819.7,826.3,835.3,838.9,940.1,190.5,191.7,197.1,191.8,4.41,74.9,2.894,3824.1,826.6,834.6,837.6,940.1,190.9,192.4,195.9,192.4,4.45,74.4,2.899,-5.8,0.891,1,injector_clog,4,0.46,24.44,87988.7
222.9,mission_cruise,72.5225125069483,3200.0,43.73874374652585,3832.9,826.0,835.3,838.5,939.1,190.7,192.3,196.9,191.8,4.48,74.4,2.884,3824.1,826.6,834.6,837.6,940.1,190.9,192.4,195.9,192.4,4.45,74.4,2.898,-5.8,0.891,1,injector_clog,4,0.46,24.41,87887.8
223.0,mission_cruise,72.52140077821012,3200.0,43.73929961089494,3820.2,825.6,833.0,835.9,938.7,191.7,191.6,195.5,192.9,4.44,74.5,2.895,3824.0,826.6,834.6,837.6,940.1,190.9,192.4,195.9,192.4,4.45,74.4,2.898,-5.8,0.891,1,injector_clog,4,0.46,24.39,87786.9
223.1,mission_cruise,72.52028904947193,3200.0,43.73985547526404,3822.4,824.8,837.5,836.5,941.6,191.0,191.5,195.9,192.2,4.37,74.4,2.907,3824.0,826.6,834.6,837.6,940.1,190.9,192.4,195.9,192.4,4.45,74.4,2.898,-5.8,0.891,1,injector_clog,4,0.46,24.36,87686.0
223.2,mission_cruise,72.51917732073375,3200.0,43.74041133963313,3825.4,826.3,833.5,838.4,940.3,191.1,192.9,194.9,191.2,4.47,74.2,2.893,3824.0,826.6,834.6,837.6,940.1,190.9,192.4,195.9,192.4,4.45,74.4,2.898,-5.8,0.891,1,injector_clog,4,0.46,24.33,87585.1
223.3,mission_cruise,72.51806559199555,3200.0,43.740967204002224,3820.6,824.7,835.4,836.6,937.5,191.3,191.9,196.5,192.6,4.43,74.6,2.882,3823.9,826.6,834.6,837.6,940.1,190.9,192.4,195.9,192.4,4.45,74.4,2.898,-5.8,0.891,1,injector_clog,4,0.46,24.3,87484.2
223.4,mission_cruise,72.51695386325737,3200.0,43.741523068371315,3821.7,827.0,835.7,838.6,942.1,191.7,191.5,195.8,192.2,4.46,74.6,2.941,3823.9,826.6,834.6,837.6,940.1,190.9,192.4,195.9,192.4,4.45,74.4,2.898,-5.8,0.891,1,injector_clog,4,0.46,24.27,87383.3
223.5,mission_cruise,72.51584213451918,3200.0,43.74207893274041,3831.3,827.9,836.0,837.4,941.4,190.9,191.2,196.8,192.6,4.47,74.2,2.931,3823.9,826.6,834.6,837.6,940.1,190.9,192.4,195.9,192.4,4.45,74.4,2.898,-5.8,0.891,1,injector_clog,4,0.46,24.25,87282.4
223.6,mission_cruise,72.514730405781,3200.0,43.7426347971095,3820.5,827.1,833.9,837.0,941.9,189.9,191.5,196.2,193.4,4.45,74.5,2.863,3823.9,826.6,834.6,837.6,940.1,190.9,192.4,195.9,192.4,4.45,74.4,2.898,-5.8,0.891,1,injector_clog,4,0.46,24.22,87181.5
223.7,mission_cruise,72.5136186770428,3200.0,43.7431906614786,3822.6,825.6,834.5,837.5,939.0,190.1,192.9,195.7,192.4,4.47,73.5,2.851,3823.8,826.6,834.6,837.6,940.1,190.9,192.4,195.9,192.4,4.45,74.4,2.898,-5.8,0.891,1,injector_clog,4,0.46,24.19,87080.6
223.8,mission_cruise,72.51250694830462,3200.0,43.74374652584769,3831.3,826.4,834.8,837.0,941.1,191.4,191.6,195.6,193.3,4.46,74.1,2.94,3823.8,826.6,834.6,837.6,940.1,190.9,192.4,195.9,192.4,4.45,74.4,2.898,-5.8,0.891,1,injector_clog,4,0.46,24.16,86979.7
223.9,mission_cruise,72.51139521956642,3200.0,43.74430239021679,3829.6,827.8,836.3,838.2,939.6,191.7,193.6,195.7,192.1,4.45,74.5,2.888,3823.8,826.6,834.6,837.6,940.1,190.9,192.4,195.9,192.4,4.45,74.4,2.898,-5.8,0.891,1,injector_clog,4,0.46,24.13,86878.8
224.0,mission_cruise,72.51028349082824,3200.0,43.74485825458588,3831.7,825.7,831.9,835.8,939.4,191.4,192.1,195.1,193.1,4.44,74.7,2.91,3823.7,826.6,834.6,837.6,940.1,190.9,192.4,195.9,192.4,4.45,74.4,2.898,-5.8,0.891,1,injector_clog,4,0.46,24.1,86777.9
224.1,mission_cruise,72.50917176209005,3200.0,43.745414118954976,3809.7,826.2,836.1,840.8,941.3,190.2,192.6,196.1,192.9,4.49,74.5,2.928,3823.7,826.6,834.6,837.6,940.1,190.9,192.4,195.9,192.4,4.45,74.4,2.898,-5.8,0.891,1,injector_clog,4,0.46,24.08,86677.0
224.2,mission_cruise,72.50806003335187,3200.0,43.745969983324066,3830.6,824.9,833.9,838.6,939.4,190.3,192.1,195.1,191.8,4.44,74.8,2.862,3823.7,826.6,834.6,837.6,940.1,190.9,192.4,195.9,192.4,4.45,74.4,2.898,-5.8,0.891,1,injector_clog,4,0.46,24.05,86576.1
224.3,mission_cruise,72.50694830461367,3200.0,43.746525847693164,3829.4,826.6,834.8,836.7,937.2,191.4,192.9,195.8,192.5,4.46,74.3,2.937,3823.6,826.6,834.6,837.6,940.1,190.9,192.4,195.9,192.4,4.45,74.4,2.898,-5.8,0.891,1,injector_clog,4,0.46,24.02,86475.2
224.4,mission_cruise,72.50583657587549,3200.0,43.747081712062254,3818.6,828.8,835.1,837.9,940.6,190.9,192.2,196.0,192.6,4.47,74.5,2.881,3823.6,826.6,834.6,837.6,940.1,190.9,192.4,195.9,192.4,4.45,74.4,2.898,-5.8,0.891,1,injector_clog,4,0.46,23.99,86374.3
224.5,mission_cruise,72.5047248471373,3200.0,43.74763757643135,3823.0,826.9,833.2,838.1,938.8,190.5,192.2,195.3,193.2,4.49,74.6,2.874,3823.6,826.6,834.6,837.6,940.1,190.9,192.4,195.9,192.4,4.45,74.4,2.898,-5.8,0.891,1,injector_clog,4,0.46,23.96,86273.4
224.6,mission_cruise,72.50361311839912,3200.0,43.74819344080044,3820.4,830.6,835.7,835.0,939.8,191.0,192.9,196.1,192.6,4.48,75.0,2.876,3823.5,826.6,834.6,837.6,940.1,190.9,192.4,195.9,192.4,4.45,74.4,2.898,-5.8,0.891,1,injector_clog,4,0.46,23.94,86172.5
224.7,mission_cruise,72.50250138966092,3200.0,43.74874930516954,3825.2,822.5,835.1,840.2,940.9,190.2,193.0,195.5,193.3,4.44,74.0,2.877,3823.5,826.6,834.6,837.6,940.1,190.9,192.4,195.9,192.4,4.45,74.4,2.898,-5.8,0.891,1,injector_clog,4,0.46,23.91,86071.6
224.8,mission_cruise,72.50138966092274,3200.0,43.74930516953863,3823.9,824.5,835.3,838.7,940.8,191.4,192.6,195.4,191.9,4.44,74.5,2.916,3823.5,826.6,834.6,837.6,940.1,190.9,192.4,195.9,192.4,4.45,74.4,2.898,-5.8,0.891,1,injector_clog,4,0.46,23.88,85970.7
224.9,mission_cruise,72.50027793218455,3200.0,43.74986103390773,3825.1,825.8,834.5,837.9,943.8,191.0,192.4,196.4,192.3,4.44,74.8,2.856,3823.4,826.6,834.6,837.6,940.1,190.9,192.4,195.9,192.4,4.45,74.4,2.898,-5.8,0.891,1,injector_clog,4,0.46,23.85,85869.8
225.0,mission_cruise,72.49916620344636,3200.0,43.75041689827682,3819.6,827.0,836.2,837.3,939.9,191.1,192.8,195.7,191.9,4.41,75.6,2.922,3823.4,826.6,834.6,837.6,940.1,190.9,192.4,195.9,192.4,4.45,74.4,2.898,-5.8,0.891,1,injector_clog,4,0.46,23.82,85768.9
225.1,mission_cruise,72.49805447470817,3200.0,43.750972762645915,3817.0,824.5,834.2,841.1,940.4,191.4,192.1,196.0,192.6,4.48,74.5,2.87,3823.4,826.6,834.6,837.6,940.1,190.9,192.4,195.9,192.4,4.45,74.4,2.898,-5.8,0.891,1,injector_clog,4,0.46,23.8,85668.0
225.2,mission_cruise,72.49694274596999,3200.0,43.751528627015006,3827.9,826.9,834.8,838.3,940.5,190.4,193.0,195.3,192.4,4.42,74.4,2.873,3823.3,826.6,834.6,837.6,940.1,190.9,192.4,195.9,192.4,4.45,74.4,2.898,-5.8,0.891,1,injector_clog,4,0.46,23.77,85567.1
225.3,mission_cruise,72.4958310172318,3200.0,43.7520844913841,3834.9,827.2,834.9,835.7,937.5,191.3,192.0,196.7,193.2,4.42,73.6,2.899,3823.3,826.6,834.6,837.6,940.1,190.9,192.4,195.9,192.4,4.45,74.4,2.898,-5.8,0.891,1,injector_clog,4,0.46,23.74,85466.2
225.4,mission_cruise,72.49471928849361,3200.0,43.75264035575319,3819.5,825.7,834.1,836.0,940.9,191.0,191.7,195.7,192.5,4.45,75.1,2.93,3823.3,826.6,834.6,837.6,940.1,190.9,192.4,195.9,192.4,4.45,74.4,2.898,-5.8,0.891,1,injector_clog,4,0.46,23.71,85365.3
225.5,mission_cruise,72.49360755975542,3200.0,43.75319622012229,3825.5,826.5,835.2,839.7,938.9,190.9,192.5,196.4,192.2,4.46,75.3,2.922,3823.3,826.6,834.6,837.6,940.1,190.9,192.4,195.9,192.4,4.45,74.4,2.898,-5.8,0.891,1,injector_clog,4,0.46,23.68,85264.4
225.6,mission_cruise,72.49249583101724,3200.0,43.75375208449138,3829.3,827.4,835.6,836.0,939.5,189.3,192.9,195.7,193.0,4.45,74.2,2.877,3823.2,826.6,834.6,837.6,940.1,190.9,192.4,195.9,192.4,4.45,74.4,2.898,-5.8,0.891,1,injector_clog,4,0.46,23.66,85163.5
225.7,mission_cruise,72.49138410227904,3200.0,43.75430794886048,3817.8,822.9,831.8,838.6,940.1,190.6,191.8,195.9,193.3,4.44,74.9,2.906,3823.2,826.6,834.6,837.6,940.1,190.9,192.4,195.9,192.4,4.45,74.4,2.897,-5.8,0.891,1,injector_clog,4,0.46,23.63,85062.6
225.8,mission_cruise,72.49027237354086,3200.0,43.75486381322957,3819.2,827.8,833.8,838.4,938.8,190.2,191.6,196.1,191.6,4.46,74.2,2.878,3823.2,826.6,834.6,837.6,940.1,190.9,192.4,195.9,192.4,4.45,74.4,2.897,-5.8,0.891,1,injector_clog,4,0.46,23.6,84961.7
225.9,mission_cruise,72.48916064480267,3200.0,43.75541967759867,3821.4,827.4,834.3,837.5,941.4,191.1,191.6,195.3,191.9,4.47,75.4,2.915,3823.1,826.6,834.6,837.6,940.1,190.9,192.4,195.9,192.4,4.45,74.4,2.897,-5.8,0.891,1,injector_clog,4,0.46,23.57,84860.8
226.0,mission_cruise,72.48804891606449,3200.0,43.75597554196776,3823.7,826.8,834.2,840.6,941.2,191.0,191.7,196.8,193.3,4.45,75.3,2.865,3823.1,826.6,834.6,837.6,940.1,190.9,192.4,195.9,192.4,4.45,74.4,2.897,-5.8,0.891,1,injector_clog,4,0.46,23.54,84759.9
226.1,mission_cruise,72.48693718732629,3200.0,43.756531406336855,3821.6,826.3,834.9,836.6,939.6,190.7,192.2,196.5,193.2,4.43,73.9,2.845,3823.1,826.6,834.6,837.6,940.1,190.9,192.4,195.9,192.4,4.45,74.4,2.897,-5.8,0.891,1,injector_clog,4,0.46,23.52,84659.0
226.2,mission_cruise,72.48582545858811,3200.0,43.757087270705945,3822.0,825.6,834.4,835.8,940.8,190.7,192.7,196.3,192.1,4.5,73.9,2.886,3823.0,826.6,834.6,837.6,940.1,190.9,192.4,195.9,192.4,4.45,74.4,2.897,-5.8,0.891,1,injector_clog,4,0.46,23.49,84558.1
226.3,mission_cruise,72.48471372984991,3200.0,43.75764313507504,3823.3,826.4,831.6,839.5,939.8,192.0,191.5,195.1,193.0,4.46,74.0,2.866,3823.0,826.6,834.6,837.6,940.0,190.9,192.4,195.9,192.4,4.45,74.4,2.897,-5.8,0.891,1,injector_clog,4,0.46,23.46,84457.2
226.4,mission_cruise,72.48360200111173,3200.0,43.75819899944413,3822.9,826.1,834.2,839.5,938.7,190.3,192.1,194.9,191.8,4.46,74.9,2.973,3823.0,826.6,834.6,837.6,940.0,190.9,192.4,195.9,192.4,4.45,74.4,2.897,-5.8,0.891,1,injector_clog,4,0.46,23.43,84356.3
226.5,mission_cruise,72.48249027237354,3200.0,43.75875486381323,3823.6,823.3,836.4,840.2,940.0,191.9,192.0,196.5,192.2,4.45,74.7,2.88,3822.9,826.6,834.6,837.6,940.0,190.9,192.4,195.9,192.4,4.45,74.4,2.897,-5.8,0.891,1,injector_clog,4,0.46,23.4,84255.4
226.6,mission_cruise,72.48137854363536,3200.0,43.75931072818232,3823.8,825.8,835.1,839.4,939.1,189.9,192.1,195.6,193.1,4.41,74.9,2.933,3822.9,826.6,834.6,837.6,940.0,190.9,192.4,195.9,192.4,4.45,74.4,2.897,-5.8,0.891,1,injector_clog,4,0.46,23.38,84154.5
226.7,mission_cruise,72.48026681489716,3200.0,43.75986659255142,3827.9,829.0,836.4,837.6,938.8,191.7,191.9,195.3,192.4,4.41,74.1,2.851,3822.9,826.6,834.6,837.6,940.0,190.9,192.4,195.9,192.4,4.45,74.4,2.897,-5.8,0.891,1,injector_clog,4,0.46,23.35,84053.6
226.8,mission_cruise,72.47915508615898,3200.0,43.76042245692051,3824.9,827.1,834.9,836.7,941.2,191.0,192.5,196.0,191.7,4.43,75.2,2.916,3822.8,826.5,834.5,837.5,940.0,190.9,192.4,195.9,192.4,4.45,74.4,2.897,-5.8,0.891,1,injector_clog,4,0.46,23.32,83952.7
226.9,mission_cruise,72.47804335742079,3200.0,43.760978321289606,3815.1,826.3,834.2,838.1,941.9,190.1,192.8,196.9,192.8,4.45,74.2,2.906,3822.8,826.5,834.5,837.5,940.0,190.9,192.4,195.9,192.3,4.45,74.4,2.897,-5.8,0.891,1,injector_clog,4,0.46,23.29,83851.8
227.0,mission_cruise,72.4769316286826,3200.0,43.7615341856587,3834.6,827.0,834.6,838.4,941.3,190.2,192.5,196.9,192.3,4.48,73.3,2.874,3822.8,826.5,834.5,837.5,940.0,190.9,192.4,195.9,192.3,4.45,74.4,2.897,-5.8,0.891,1,injector_clog,4,0.46,23.26,83750.9
227.1,mission_cruise,72.47581989994441,3200.0,43.762090050027794,3831.0,825.2,835.4,838.6,940.8,190.9,194.2,196.4,192.6,4.4,74.3,2.905,3822.7,826.5,834.5,837.5,940.0,190.9,192.4,195.9,192.3,4.45,74.4,2.897,-5.8,0.891,1,injector_clog,4,0.46,23.24,83650.0
227.2,mission_cruise,72.47470817120623,3200.0,43.762645914396884,3822.9,825.6,833.3,837.1,939.1,190.0,192.4,196.3,192.7,4.48,74.2,2.917,3822.7,826.5,834.5,837.5,940.0,190.9,192.4,195.9,192.3,4.45,74.4,2.897,-5.8,0.891,1,injector_clog,4,0.46,23.21,83549.1
227.3,mission_cruise,72.47359644246804,3200.0,43.76320177876598,3827.1,826.6,832.7,838.9,939.6,192.0,192.3,194.7,192.5,4.46,74.6,2.918,3822.7,826.5,834.5,837.5,940.0,190.9,192.4,195.9,192.3,4.45,74.4,2.897,-5.8,0.891,1,injector_clog,4,0.46,23.18,83448.2
227.4,mission_cruise,72.47248471372986,3200.0,43.76375764313507,3819.1,825.8,833.2,837.1,940.1,190.4,191.8,197.1,194.1,4.48,74.4,2.893,3822.7,826.5,834.5,837.5,940.0,190.9,192.4,195.9,192.3,4.45,74.4,2.897,-5.8,0.891,1,injector_clog,4,0.46,23.15,83347.3
227.5,mission_cruise,72.47137298499166,3200.0,43.76431350750417,3830.7,826.1,837.2,837.6,939.4,190.6,191.7,195.6,191.8,4.52,74.4,2.921,3822.6,826.5,834.5,837.5,940.0,190.9,192.4,195.9,192.3,4.45,74.4,2.897,-5.8,0.891,1,injector_clog,4,0.46,23.12,83246.4
227.6,mission_cruise,72.47026125625348,3200.0,43.76486937187326,3821.8,825.6,834.4,839.3,943.7,191.4,191.8,196.0,191.6,4.46,75.0,2.947,3822.6,826.5,834.5,837.5,940.0,190.9,192.4,195.9,192.3,4.45,74.4,2.897,-5.8,0.891,1,injector_clog,4,0.46,23.1,83145.5
227.7,mission_cruise,72.46914952751528,3200.0,43.76542523624236,3812.5,829.0,832.4,839.1,938.8,191.6,190.7,196.3,192.8,4.46,74.1,2.846,3822.6,826.5,834.5,837.5,940.0,190.9,192.4,195.9,192.3,4.45,74.3,2.897,-5.8,0.891,1,injector_clog,4,0.46,23.07,83044.6
227.8,mission_cruise,72.4680377987771,3200.0,43.76598110061145,3814.8,826.4,834.1,838.3,939.3,191.7,192.3,196.3,192.2,4.48,74.3,2.911,3822.5,826.5,834.5,837.5,940.0,190.9,192.4,195.9,192.3,4.45,74.3,2.897,-5.8,0.891,1,injector_clog,4,0.46,23.04,82943.7
227.9,mission_cruise,72.46692607003891,3200.0,43.766536964980546,3827.0,827.3,834.4,839.0,939.1,190.8,192.5,196.6,192.2,4.43,74.2,2.887,3822.5,826.5,834.5,837.5,940.0,190.9,192.4,195.9,192.3,4.45,74.3,2.897,-5.8,0.891,1,injector_clog,4,0.46,23.01,82842.8
228.0,mission_cruise,72.46581434130073,3200.0,43.767092829349636,3824.1,827.4,834.2,837.7,939.9,190.9,192.8,195.0,192.9,4.46,74.0,2.816,3822.5,826.5,834.5,837.5,940.0,190.9,192.4,195.9,192.3,4.45,74.3,2.897,-5.8,0.891,1,injector_clog,4,0.46,22.98,82741.9
228.1,mission_cruise,72.46470261256253,3200.0,43.76764869371873,3820.8,826.3,835.5,837.4,940.7,190.2,193.1,195.4,191.4,4.41,74.3,2.902,3822.4,826.5,834.5,837.5,940.0,190.9,192.4,195.9,192.3,4.45,74.3,2.897,-5.8,0.891,1,injector_clog,4,0.46,22.96,82641.0
228.2,mission_cruise,72.46359088382435,3200.0,43.768204558087824,3816.7,826.5,835.8,837.6,939.2,191.3,191.5,196.6,192.9,4.45,74.8,2.902,3822.4,826.5,834.5,837.5,940.0,190.9,192.4,195.9,192.3,4.45,74.3,2.897,-5.8,0.891,1,injector_clog,4,0.46,22.93,82540.1
228.3,mission_cruise,72.46247915508616,3200.0,43.76876042245692,3822.7,826.3,836.7,837.5,939.2,190.9,192.2,195.9,192.5,4.46,74.5,2.892,3822.4,826.5,834.5,837.5,940.0,190.9,192.4,195.9,192.3,4.45,74.3,2.897,-5.8,0.891,1,injector_clog,4,0.46,22.9,82439.2
228.4,mission_cruise,72.46136742634798,3200.0,43.76931628682601,3816.2,825.9,835.5,839.3,940.4,190.5,190.3,195.2,192.4,4.5,74.0,2.931,3822.3,826.5,834.5,837.5,940.0,190.9,192.4,195.9,192.3,4.45,74.3,2.897,-5.8,0.891,1,injector_clog,4,0.46,22.87,82338.3
228.5,mission_cruise,72.46025569760978,3200.0,43.76987215119511,3815.9,825.6,834.9,835.0,939.8,191.3,193.3,195.8,192.3,4.46,74.4,2.845,3822.3,826.5,834.5,837.5,940.0,190.9,192.4,195.9,192.3,4.45,74.3,2.896,-5.8,0.891,1,injector_clog,4,0.46,22.84,82237.4
228.6,mission_cruise,72.4591439688716,3200.0,43.7704280155642,3825.7,824.3,834.9,837.0,941.1,191.5,193.0,195.8,192.3,4.43,74.5,2.915,3822.3,826.5,834.5,837.5,940.0,190.9,192.4,195.9,192.3,4.45,74.3,2.896,-5.8,0.891,1,injector_clog,4,0.46,22.82,82136.5
228.7,mission_cruise,72.4580322401334,3200.0,43.7709838799333,3826.9,826.7,834.8,838.2,938.9,190.6,192.9,196.3,192.2,4.46,74.6,2.865,3822.2,826.5,834.5,837.5,940.0,190.9,192.4,195.9,192.3,4.45,74.3,2.896,-5.8,0.891,1,injector_clog,4,0.46,22.79,82035.6
228.8,mission_cruise,72.45692051139523,3200.0,43.77153974430239,3820.5,825.9,835.4,835.9,940.1,191.4,192.0,195.8,192.0,4.47,74.1,2.897,3822.2,826.5,834.5,837.5,940.0,190.9,192.4,195.9,192.3,4.45,74.3,2.896,-5.8,0.891,1,injector_clog,4,0.46,22.76,81934.7
228.9,mission_cruise,72.45580878265703,3200.0,43.772095608671485,3813.3,826.1,835.2,838.8,939.9,191.1,192.6,195.9,191.6,4.47,73.8,2.878,3822.2,826.5,834.5,837.5,940.0,190.9,192.4,195.9,192.3,4.45,74.3,2.896,-5.8,0.891,1,injector_clog,4,0.46,22.73,81833.8
229.0,mission_cruise,72.45469705391885,3200.0,43.772651473040575,3827.4,826.1,834.8,838.9,939.3,190.8,192.2,195.5,193.3,4.43,75.1,2.924,3822.1,826.5,834.5,837.5,940.0,190.9,192.4,195.9,192.3,4.45,74.3,2.896,-5.8,0.891,1,injector_clog,4,0.46,22.7,81732.9
229.1,mission_cruise,72.45358532518065,3200.0,43.77320733740967,3827.9,825.8,833.7,836.7,938.7,191.2,191.6,195.9,191.3,4.49,74.4,2.948,3822.1,826.5,834.5,837.5,940.0,190.9,192.4,195.9,192.3,4.45,74.3,2.896,-5.8,0.891,1,injector_clog,4,0.46,22.68,81632.0
229.2,mission_cruise,72.45247359644247,3200.0,43.77376320177876,3815.4,825.3,834.2,834.8,943.2,191.2,193.9,195.3,191.2,4.46,74.5,2.929,3822.1,826.5,834.5,837.5,940.0,190.9,192.4,195.9,192.3,4.45,74.3,2.896,-5.8,0.891,1,injector_clog,4,0.46,22.65,81531.1
229.3,mission_cruise,72.45136186770428,3200.0,43.77431906614786,3819.8,826.3,835.0,839.8,942.5,190.6,192.6,196.8,192.6,4.45,73.9,2.931,3822.1,826.5,834.5,837.5,940.0,190.9,192.4,195.9,192.3,4.45,74.3,2.896,-5.8,0.891,1,injector_clog,4,0.46,22.62,81430.2
229.4,mission_cruise,72.4502501389661,3200.0,43.77487493051695,3821.4,827.1,834.4,837.0,938.8,190.8,192.8,196.2,192.7,4.49,74.8,2.893,3822.0,826.5,834.5,837.5,940.0,190.9,192.4,195.9,192.3,4.45,74.3,2.896,-5.8,0.891,1,injector_clog,4,0.46,22.59,81329.3
229.5,mission_cruise,72.4491384102279,3200.0,43.77543079488605,3824.6,825.5,835.8,834.5,941.0,191.4,192.0,196.1,192.0,4.48,74.3,2.834,3822.0,826.5,834.5,837.5,940.0,190.9,192.4,195.9,192.3,4.45,74.3,2.896,-5.8,0.891,1,injector_clog,4,0.46,22.56,81228.4
229.6,mission_cruise,72.44802668148972,3200.0,43.77598665925514,3819.3,824.5,835.3,838.1,941.2,189.1,193.1,195.0,193.5,4.41,73.5,2.919,3822.0,826.5,834.5,837.5,940.0,190.9,192.4,195.9,192.3,4.45,74.3,2.896,-5.8,0.891,1,injector_clog,4,0.46,22.54,81127.5
229.7,mission_cruise,72.44691495275153,3200.0,43.77654252362424,3823.0,826.3,833.1,836.8,942.4,190.0,191.7,195.7,192.4,4.49,74.3,2.904,3821.9,826.5,834.5,837.5,940.0,190.9,192.4,195.9,192.3,4.45,74.3,2.896,-5.8,0.891,1,injector_clog,4,0.46,22.51,81026.6
229.8,mission_cruise,72.44580322401335,3200.0,43.77709838799333,3820.9,826.0,834.9,834.9,940.5,190.4,192.6,195.5,192.8,4.47,73.7,2.876,3821.9,826.5,834.5,837.5,940.0,190.9,192.4,195.9,192.3,4.45,74.3,2.896,-5.8,0.891,1,injector_clog,4,0.46,22.48,80925.7
229.9,mission_cruise,72.44469149527515,3200.0,43.777654252362424,3817.7,827.6,835.3,837.7,935.8,191.8,192.2,196.5,193.0,4.44,73.5,2.909,3821.9,826.5,834.5,837.5,940.0,190.9,192.4,195.9,192.3,4.45,74.3,2.896,-5.8,0.891,1,injector_clog,4,0.46,22.45,80824.8
230.0,mission_cruise,72.44357976653697,3200.0,43.778210116731515,3824.2,829.1,833.7,836.0,942.6,189.3,192.6,196.3,191.5,4.5,73.6,2.85,3821.8,826.5,834.5,837.5,940.0,190.9,192.4,195.9,192.3,4.45,74.3,2.896,-5.8,0.891,1,injector_clog,4,0.46,22.42,80723.9
230.1,mission_cruise,72.44246803779878,3200.0,43.77876598110061,3813.0,827.2,832.6,837.8,939.5,191.6,192.8,195.9,192.6,4.49,74.3,2.92,3821.8,826.5,834.5,837.5,940.0,190.9,192.4,195.9,192.3,4.45,74.3,2.896,-5.8,0.891,1,injector_clog,4,0.46,22.4,80623.0
230.2,mission_cruise,72.4413563090606,3200.0,43.7793218454697,3830.1,827.3,835.3,836.2,941.2,190.8,192.8,195.1,191.8,4.44,74.8,2.893,3821.8,826.5,834.5,837.5,940.0,190.9,192.4,195.9,192.3,4.45,74.3,2.896,-5.8,0.891,1,injector_clog,4,0.46,22.37,80522.1
230.3,mission_cruise,72.4402445803224,3200.0,43.7798777098388,3818.6,827.3,833.4,836.2,940.4,190.9,191.6,195.8,192.5,4.47,74.1,2.87,3821.7,826.5,834.5,837.5,940.0,190.9,192.4,195.9,192.3,4.45,74.3,2.896,-5.8,0.891,1,injector_clog,4,0.46,22.34,80421.2
230.4,mission_cruise,72.43913285158422,3200.0,43.78043357420789,3835.2,825.4,834.7,837.7,940.8,191.4,192.8,196.1,193.0,4.46,74.1,2.838,3821.7,826.5,834.5,837.5,940.0,190.9,192.4,195.9,192.3,4.45,74.3,2.896,-5.8,0.891,1,injector_clog,4,0.46,22.31,80320.3
230.5,mission_cruise,72.43802112284602,3200.0,43.78098943857699,3818.8,829.1,836.7,836.8,938.2,190.0,192.9,196.2,192.5,4.44,74.3,2.889,3821.7,826.5,834.5,837.5,940.0,190.9,192.4,195.9,192.3,4.45,74.3,2.896,-5.8,0.891,1,injector_clog,4,0.46,22.28,80219.4
230.6,mission_cruise,72.43690939410784,3200.0,43.78154530294608,3813.8,827.3,833.6,837.6,939.6,191.2,192.5,196.0,192.3,4.44,75.1,2.868,3821.6,826.5,834.5,837.5,940.0,190.9,192.4,195.9,192.3,4.45,74.3,2.896,-5.8,0.891,1,injector_clog,4,0.46,22.26,80118.5
230.7,mission_cruise,72.43579766536965,3200.0,43.782101167315176,3818.9,828.5,833.5,831.8,940.3,190.7,191.4,195.4,193.7,4.45,74.1,2.88,3821.6,826.5,834.5,837.5,940.0,190.9,192.4,195.9,192.3,4.45,74.3,2.896,-5.8,0.891,1,injector_clog,4,0.46,22.23,80017.6
230.8,mission_cruise,72.43468593663147,3200.0,43.782657031684266,3833.0,828.0,834.6,838.4,937.0,191.2,192.7,195.1,191.4,4.43,74.5,2.905,3821.6,826.5,834.5,837.5,940.0,190.9,192.4,195.9,192.3,4.45,74.3,2.896,-5.8,0.891,1,injector_clog,4,0.46,22.2,79916.7
230.9,mission_cruise,72.43357420789327,3200.0,43.783212896053364,3819.4,824.9,835.3,838.3,942.0,192.4,192.3,196.0,193.1,4.4,73.9,2.892,3821.5,826.5,834.5,837.5,940.0,190.9,192.4,195.9,192.3,4.45,74.3,2.896,-5.8,0.891,1,injector_clog,4,0.46,22.17,79815.8
231.0,mission_cruise,72.43246247915509,3200.0,43.783768760422454,3821.2,824.2,835.9,839.1,941.5,190.5,192.6,195.4,191.8,4.42,75.2,2.845,3821.5,826.5,834.5,837.5,940.0,190.9,192.4,195.9,192.3,4.45,74.3,2.896,-5.8,0.891,1,injector_clog,4,0.46,22.14,79714.9
231.1,mission_cruise,72.4313507504169,3200.0,43.78432462479155,3825.3,824.7,833.5,839.3,939.3,190.8,191.8,196.5,192.7,4.45,73.5,2.94,3821.5,826.5,834.5,837.5,940.0,190.9,192.4,195.9,192.3,4.45,74.3,2.896,-5.8,0.891,1,injector_clog,4,0.46,22.12,79614.0
231.2,mission_cruise,72.43023902167872,3200.0,43.78488048916064,3817.6,827.0,834.2,837.7,936.8,191.6,192.3,195.5,192.3,4.42,74.5,2.911,3821.5,826.5,834.5,837.5,940.0,190.9,192.4,195.9,192.3,4.45,74.3,2.895,-5.8,0.891,1,injector_clog,4,0.46,22.09,79513.1
231.3,mission_cruise,72.42912729294052,3200.0,43.78543635352974,3815.5,827.4,832.5,839.4,939.4,192.5,192.7,196.5,192.0,4.45,74.5,2.892,3821.4,826.5,834.5,837.5,940.0,190.9,192.4,195.9,192.3,4.45,74.3,2.895,-5.8,0.891,1,injector_clog,4,0.46,22.06,79412.2
231.4,mission_cruise,72.42801556420234,3200.0,43.78599221789883,3829.9,825.2,832.8,836.3,939.0,191.8,192.5,195.2,191.9,4.47,74.8,2.945,3821.4,826.5,834.5,837.5,940.0,190.9,192.4,195.9,192.3,4.45,74.3,2.895,-5.8,0.891,1,injector_clog,4,0.46,22.03,79311.3
231.5,mission_cruise,72.42690383546415,3200.0,43.78654808226793,3815.0,826.1,836.2,838.0,939.5,191.7,193.4,196.4,191.2,4.45,75.2,2.915,3821.4,826.5,834.5,837.5,939.9,190.9,192.4,195.9,192.3,4.45,74.3,2.895,-5.8,0.891,1,injector_clog,4,0.46,22.0,79210.4
231.6,mission_cruise,72.42579210672596,3200.0,43.78710394663702,3819.7,825.5,833.8,839.9,938.1,190.7,193.4,195.5,192.3,4.44,73.9,2.902,3821.3,826.5,834.5,837.5,939.9,190.9,192.4,195.9,192.3,4.45,74.3,2.895,-5.8,0.891,1,injector_clog,4,0.46,21.97,79109.5
231.7,mission_cruise,72.42468037798777,3200.0,43.787659811006115,3822.3,825.0,833.4,838.0,938.3,191.7,192.4,196.3,192.0,4.41,73.4,2.896,3821.3,826.5,834.5,837.5,939.9,190.9,192.4,195.9,192.3,4.45,74.3,2.895,-5.8,0.891,1,injector_clog,4,0.46,21.95,79008.6
231.8,mission_cruise,72.42356864924959,3200.0,43.788215675375206,3814.0,826.1,834.1,836.0,939.5,190.1,191.8,195.5,192.3,4.44,74.5,2.912,3821.3,826.5,834.5,837.5,939.9,190.9,192.4,195.9,192.3,4.45,74.3,2.895,-5.8,0.891,1,injector_clog,4,0.46,21.92,78907.7
231.9,mission_cruise,72.4224569205114,3200.0,43.7887715397443,3834.0,828.5,833.3,836.5,941.4,191.4,191.7,195.1,191.9,4.45,74.8,2.915,3821.2,826.5,834.5,837.5,939.9,190.9,192.4,195.9,192.3,4.45,74.3,2.895,-5.8,0.891,1,injector_clog,4,0.46,21.89,78806.8
232.0,mission_cruise,72.42134519177321,3200.0,43.78932740411339,3815.2,824.6,834.7,836.4,941.3,191.1,193.8,195.6,191.9,4.45,73.6,2.92,3821.2,826.4,834.4,837.4,939.9,190.9,192.4,195.9,192.3,4.45,74.3,2.895,-5.8,0.891,1,injector_clog,4,0.46,21.86,78705.9
232.1,mission_cruise,72.42023346303502,3200.0,43.78988326848249,3815.8,827.4,831.1,839.5,938.7,190.7,192.0,195.9,193.6,4.46,74.1,2.91,3821.2,826.4,834.4,837.4,939.9,190.9,192.4,195.9,192.3,4.45,74.3,2.895,-5.8,0.891,1,injector_clog,4,0.46,21.83,78605.0
232.2,mission_cruise,72.41912173429684,3200.0,43.79043913285158,3826.6,827.6,835.5,840.1,937.3,190.4,192.5,195.7,193.7,4.44,75.3,2.909,3821.1,826.4,834.4,837.4,939.9,190.9,192.4,195.9,192.3,4.45,74.3,2.895,-5.8,0.891,1,injector_clog,4,0.46,21.81,78504.1
232.3,mission_cruise,72.41801000555864,3200.0,43.79099499722068,3810.2,826.1,833.5,836.0,939.2,191.4,192.2,196.0,192.7,4.43,74.6,2.868,3821.1,826.4,834.4,837.4,939.9,190.9,192.4,195.9,192.3,4.45,74.3,2.895,-5.8,0.891,1,injector_clog,4,0.46,21.78,78403.2
232.4,mission_cruise,72.41689827682046,3200.0,43.79155086158977,3822.6,825.4,832.8,836.8,940.0,191.1,192.2,195.6,192.8,4.46,74.0,2.864,3821.1,826.4,834.4,837.4,939.9,190.9,192.4,195.9,192.3,4.45,74.3,2.895,-5.8,0.891,1,injector_clog,4,0.46,21.75,78302.3
232.5,mission_cruise,72.41578654808227,3200.0,43.79210672595887,3818.6,826.8,831.7,837.0,940.3,190.4,192.6,195.6,192.8,4.42,75.1,2.91,3821.0,826.4,834.4,837.4,939.9,190.9,192.4,195.9,192.3,4.45,74.3,2.895,-5.8,0.891,1,injector_clog,4,0.46,21.72,78201.4
232.6,mission_cruise,72.41467481934409,3200.0,43.79266259032796,3825.5,827.0,835.8,837.4,940.5,190.6,193.7,196.6,192.7,4.45,74.3,2.903,3821.0,826.4,834.4,837.4,939.9,190.9,192.4,195.9,192.3,4.45,74.3,2.895,-5.8,0.891,1,injector_clog,4,0.46,21.69,78100.5
232.7,mission_cruise,72.41356309060589,3200.0,43.793218454697055,3817.1,826.4,832.3,836.3,941.1,190.2,192.4,196.5,191.7,4.44,73.8,2.889,3821.0,826.4,834.4,837.4,939.9,190.9,192.4,195.9,192.3,4.45,74.3,2.895,-5.8,0.891,1,injector_clog,4,0.46,21.67,77999.6
232.8,mission_cruise,72.41245136186771,3200.0,43.793774319066145,3815.5,825.9,835.1,838.5,940.0,190.5,192.6,195.3,192.6,4.48,73.9,2.953,3820.9,826.4,834.4,837.4,939.9,190.9,192.4,195.9,192.3,4.45,74.3,2.895,-5.8,0.891,1,injector_clog,4,0.46,21.64,77898.7
232.9,mission_cruise,72.41133963312951,3200.0,43.79433018343524,3811.7,825.1,838.0,835.6,940.0,191.9,192.5,196.5,192.8,4.47,74.1,2.913,3820.9,826.4,834.4,837.4,939.9,190.9,192.4,195.9,192.3,4.45,74.3,2.895,-5.8,0.891,1,injector_clog,4,0.46,21.61,77797.8
233.0,mission_cruise,72.41022790439133,3200.0,43.79488604780433,3814.4,828.4,833.1,837.3,941.6,190.6,193.3,196.9,192.8,4.46,73.0,2.914,3820.9,826.4,834.4,837.4,939.9,190.9,192.4,195.9,192.3,4.45,74.3,2.895,-5.8,0.891,1,injector_clog,4,0.46,21.58,77696.9
233.1,mission_cruise,72.40911617565314,3200.0,43.79544191217343,3824.1,827.7,838.7,836.8,940.5,189.7,191.9,196.1,192.4,4.44,74.0,2.897,3820.9,826.4,834.4,837.4,939.9,190.9,192.4,195.9,192.3,4.45,74.3,2.895,-5.8,0.891,1,injector_clog,4,0.46,21.55,77596.0
233.2,mission_cruise,72.40800444691496,3200.0,43.79599777654252,3821.9,826.7,833.6,838.6,939.0,190.7,191.7,195.7,192.1,4.46,74.4,2.83,3820.8,826.4,834.4,837.4,939.9,190.9,192.4,195.9,192.3,4.45,74.3,2.895,-5.8,0.891,1,injector_clog,4,0.46,21.53,77495.1
233.3,mission_cruise,72.40689271817676,3200.0,43.79655364091162,3813.0,825.7,835.0,838.2,941.1,191.1,192.4,194.6,192.5,4.44,74.4,2.847,3820.8,826.4,834.4,837.4,939.9,190.9,192.4,195.9,192.3,4.45,74.3,2.895,-5.8,0.891,1,injector_clog,4,0.46,21.5,77394.2
233.4,mission_cruise,72.40578098943858,3200.0,43.79710950528071,3822.9,826.2,833.0,839.2,936.6,190.2,191.9,196.3,192.6,4.47,73.9,2.875,3820.8,826.4,834.4,837.4,939.9,190.9,192.4,195.9,192.3,4.45,74.3,2.895,-5.8,0.891,1,injector_clog,4,0.46,21.47,77293.3
233.5,mission_cruise,72.40466926070039,3200.0,43.797665369649806,3822.7,826.3,834.1,838.7,938.5,190.8,191.8,195.3,191.9,4.43,74.7,2.944,3820.7,826.4,834.4,837.4,939.9,190.9,192.4,195.9,192.3,4.45,74.3,2.895,-5.8,0.891,1,injector_clog,4,0.46,21.44,77192.4
233.6,mission_cruise,72.4035575319622,3200.0,43.7982212340189,3816.2,828.0,834.2,838.7,939.5,190.1,191.9,196.1,192.1,4.44,75.3,2.92,3820.7,826.4,834.4,837.4,939.9,190.9,192.4,195.9,192.3,4.45,74.3,2.895,-5.8,0.891,1,injector_clog,4,0.46,21.41,77091.5
233.7,mission_cruise,72.40244580322401,3200.0,43.798777098387994,3819.2,827.8,832.3,839.1,940.5,189.1,192.1,196.5,191.8,4.44,73.8,2.894,3820.7,826.4,834.4,837.4,939.9,190.9,192.4,195.9,192.3,4.45,74.3,2.895,-5.8,0.891,1,injector_clog,4,0.46,21.39,76990.6
233.8,mission_cruise,72.40133407448583,3200.0,43.799332962757084,3814.8,824.0,835.3,838.4,941.6,190.8,191.7,195.9,192.6,4.4,74.2,2.916,3820.6,826.4,834.4,837.4,939.9,190.9,192.4,195.9,192.3,4.45,74.3,2.895,-5.8,0.891,1,injector_clog,4,0.46,21.36,76889.7
233.9,mission_cruise,72.40022234574764,3200.0,43.79988882712618,3818.4,826.7,834.2,836.9,941.2,192.3,192.3,196.2,192.2,4.42,73.8,2.875,3820.6,826.4,834.4,837.4,939.9,190.9,192.4,195.9,192.3,4.45,74.3,2.895,-5.8,0.891,1,injector_clog,4,0.46,21.33,76788.8
234.0,mission_cruise,72.39911061700946,3200.0,43.80044469149527,3825.5,827.7,835.2,839.8,939.4,190.2,191.7,196.3,193.7,4.45,74.2,2.881,3820.6,826.4,834.4,837.4,939.9,190.9,192.4,195.9,192.3,4.45,74.3,2.894,-5.8,0.891,1,injector_clog,4,0.46,21.3,76687.9
234.1,mission_cruise,72.39799888827126,3200.0,43.80100055586437,3828.1,825.3,834.2,837.1,938.3,191.8,192.3,195.5,193.5,4.48,74.6,2.865,3820.5,826.4,834.4,837.4,939.9,190.9,192.4,195.9,192.3,4.45,74.3,2.894,-5.8,0.891,1,injector_clog,4,0.46,21.27,76587.0
234.2,mission_cruise,72.39688715953308,3200.0,43.80155642023346,3821.1,827.6,835.0,838.4,938.2,190.0,192.1,195.8,191.9,4.44,73.5,2.86,3820.5,826.4,834.4,837.4,939.9,190.9,192.4,195.9,192.3,4.45,74.3,2.894,-5.8,0.891,1,injector_clog,4,0.46,21.25,76486.1
234.3,mission_cruise,72.39577543079488,3200.0,43.80211228460256,3818.3,823.9,834.3,837.6,940.0,190.1,192.4,196.5,193.0,4.45,74.2,2.933,3820.5,826.4,834.4,837.4,939.9,190.8,192.3,195.8,192.3,4.45,74.3,2.894,-5.8,0.891,1,injector_clog,4,0.46,21.22,76385.2
234.4,mission_cruise,72.3946637020567,3200.0,43.80266814897165,3827.4,826.5,834.9,837.5,939.3,190.6,192.5,195.7,192.4,4.48,74.1,2.899,3820.4,826.4,834.4,837.4,939.9,190.8,192.3,195.8,192.3,4.45,74.3,2.894,-5.8,0.891,1,injector_clog,4,0.46,21.19,76284.3
234.5,mission_cruise,72.39355197331851,3200.0,43.803224013340746,3820.6,827.8,835.2,839.9,938.7,190.1,191.6,195.9,192.5,4.49,74.6,2.885,3820.4,826.4,834.4,837.4,939.9,190.8,192.3,195.8,192.3,4.45,74.3,2.894,-5.8,0.891,1,injector_clog,4,0.46,21.16,76183.4
234.6,mission_cruise,72.39244024458033,3200.0,43.803779877709836,3816.0,828.5,833.6,837.0,941.1,190.6,191.9,196.2,192.7,4.42,73.3,2.922,3820.4,826.4,834.4,837.4,939.9,190.8,192.3,195.8,192.3,4.45,74.3,2.894,-5.8,0.891,1,injector_clog,4,0.46,21.13,76082.5
234.7,mission_cruise,72.39132851584213,3200.0,43.80433574207893,3818.2,826.3,836.9,836.3,938.2,189.7,192.8,196.0,192.0,4.44,73.5,2.876,3820.3,826.4,834.4,837.4,939.9,190.8,192.3,195.8,192.3,4.45,74.3,2.894,-5.8,0.891,1,injector_clog,4,0.46,21.11,75981.6
234.8,mission_cruise,72.39021678710395,3200.0,43.804891606448024,3812.6,825.3,836.7,838.2,938.0,190.4,192.3,195.4,191.1,4.47,74.8,2.855,3820.3,826.4,834.4,837.4,939.9,190.8,192.3,195.8,192.3,4.45,74.3,2.894,-5.8,0.891,1,injector_clog,4,0.46,21.08,75880.7
234.9,mission_cruise,72.38910505836576,3200.0,43.80544747081712,3821.3,826.7,833.7,835.9,939.9,191.0,192.8,195.6,192.7,4.43,73.8,2.956,3820.3,826.4,834.4,837.4,939.9,190.8,192.3,195.8,192.3,4.45,74.3,2.894,-5.8,0.891,1,injector_clog,4,0.46,21.05,75779.8
235.0,mission_cruise,72.38799332962758,3200.0,43.80600333518621,3811.6,824.7,834.3,839.1,941.5,189.9,192.7,196.2,192.5,4.44,73.3,2.849,3820.3,826.4,834.4,837.4,939.9,190.8,192.3,195.8,192.3,4.45,74.3,2.894,-5.8,0.891,1,injector_clog,4,0.46,21.02,75678.9
235.1,mission_cruise,72.38688160088938,3200.0,43.80655919955531,3823.0,826.1,836.5,835.1,938.5,189.6,192.0,196.3,192.0,4.44,74.0,2.828,3820.2,826.4,834.4,837.4,939.9,190.8,192.3,195.8,192.3,4.45,74.3,2.894,-5.8,0.891,1,injector_clog,4,0.46,20.99,75578.0
235.2,mission_cruise,72.3857698721512,3200.0,43.8071150639244,3814.6,826.4,833.1,838.0,941.2,189.6,193.3,196.1,193.0,4.44,74.0,2.884,3820.2,826.4,834.4,837.4,939.9,190.8,192.3,195.8,192.3,4.45,74.3,2.894,-5.8,0.891,1,injector_clog,4,0.46,20.97,75477.1
235.3,mission_cruise,72.384658143413,3200.0,43.8076709282935,3820.8,825.4,835.5,837.7,940.6,191.6,191.9,196.1,193.3,4.44,74.5,2.893,3820.2,826.4,834.4,837.4,939.9,190.8,192.3,195.8,192.3,4.45,74.3,2.894,-5.8,0.891,1,injector_clog,4,0.46,20.94,75376.2
235.4,mission_cruise,72.38354641467483,3200.0,43.80822679266259,3819.5,827.7,833.9,837.4,937.0,190.5,193.5,194.9,191.7,4.42,74.2,2.93,3820.1,826.4,834.4,837.4,939.9,190.8,192.3,195.8,192.3,4.45,74.3,2.894,-5.8,0.891,1,injector_clog,4,0.46,20.91,75275.3
235.5,mission_cruise,72.38243468593663,3200.0,43.808782657031685,3808.5,827.0,834.6,836.0,941.5,190.6,193.4,195.6,192.4,4.45,73.8,2.902,3820.1,826.4,834.4,837.4,939.9,190.8,192.3,195.8,192.3,4.45,74.3,2.894,-5.8,0.891,1,injector_clog,4,0.46,20.88,75174.4
235.6,mission_cruise,72.38132295719845,3200.0,43.809338521400775,3829.5,827.5,833.7,840.6,940.5,189.8,191.5,194.7,192.6,4.45,74.1,2.862,3820.1,826.4,834.4,837.4,939.9,190.8,192.3,195.8,192.3,4.45,74.3,2.894,-5.8,0.891,1,injector_clog,4,0.46,20.85,75073.5
235.7,mission_cruise,72.38021122846025,3200.0,43.80989438576987,3826.4,827.0,835.1,839.6,939.3,190.8,193.0,196.6,192.7,4.44,74.7,2.906,3820.0,826.4,834.4,837.4,939.9,190.8,192.3,195.8,192.3,4.45,74.3,2.894,-5.8,0.891,1,injector_clog,4,0.46,20.83,74972.6
235.8,mission_cruise,72.37909949972207,3200.0,43.81045025013896,3821.9,824.3,830.3,837.4,938.2,191.5,193.1,194.8,192.2,4.48,75.0,2.813,3820.0,826.4,834.4,837.4,939.9,190.8,192.3,195.8,192.3,4.45,74.3,2.894,-5.8,0.891,1,injector_clog,4,0.46,20.8,74871.7
235.9,mission_cruise,72.37798777098388,3200.0,43.81100611450806,3822.7,827.3,833.9,838.6,941.2,189.7,193.2,196.1,192.2,4.44,74.5,2.914,3820.0,826.4,834.4,837.4,939.9,190.8,192.3,195.8,192.3,4.45,74.3,2.894,-5.8,0.891,1,injector_clog,4,0.46,20.77,74770.8
236.0,mission_cruise,72.3768760422457,3200.0,43.81156197887715,3829.4,825.3,835.3,840.0,940.2,190.4,192.3,196.1,192.5,4.43,73.3,2.921,3819.9,826.4,834.4,837.4,939.9,190.8,192.3,195.8,192.3,4.45,74.3,2.894,-5.8,0.891,1,injector_clog,4,0.46,20.74,74669.9
236.1,mission_cruise,72.3757643135075,3200.0,43.81211784324625,3821.1,828.5,833.1,837.3,937.4,190.6,191.7,196.0,191.6,4.46,75.1,2.848,3819.9,826.4,834.4,837.4,939.9,190.8,192.3,195.8,192.3,4.45,74.3,2.894,-5.8,0.891,1,injector_clog,4,0.46,20.71,74569.0
236.2,mission_cruise,72.37465258476932,3200.0,43.81267370761534,3820.5,825.7,836.3,836.1,939.6,191.1,191.4,197.0,192.5,4.47,74.5,2.904,3819.9,826.4,834.4,837.4,939.9,190.8,192.3,195.8,192.3,4.45,74.3,2.894,-5.8,0.891,1,injector_clog,4,0.46,20.69,74468.1
236.3,mission_cruise,72.37354085603113,3200.0,43.81322957198444,3814.0,827.8,832.6,837.2,940.9,191.6,192.7,196.1,192.6,4.47,74.8,2.841,3819.8,826.4,834.4,837.4,939.9,190.8,192.3,195.8,192.3,4.45,74.3,2.894,-5.8,0.891,1,injector_clog,4,0.46,20.66,74367.2
236.4,mission_cruise,72.37242912729295,3200.0,43.81378543635353,3821.3,826.1,836.9,836.8,939.4,191.5,192.3,196.5,192.0,4.42,74.2,2.952,3819.8,826.4,834.4,837.4,939.9,190.8,192.3,195.8,192.3,4.45,74.3,2.894,-5.8,0.891,1,injector_clog,4,0.46,20.63,74266.3
236.5,mission_cruise,72.37131739855475,3200.0,43.814341300722624,3812.8,825.7,832.7,840.0,942.3,190.5,193.4,196.7,192.0,4.42,74.6,2.885,3819.8,826.4,834.4,837.4,939.9,190.8,192.3,195.8,192.3,4.45,74.3,2.894,-5.8,0.891,1,injector_clog,4,0.46,20.6,74165.4
236.6,mission_cruise,72.37020566981657,3200.0,43.814897165091715,3809.3,827.4,833.8,836.1,942.6,190.5,192.8,195.3,193.4,4.44,75.1,2.929,3819.7,826.4,834.4,837.4,939.9,190.8,192.3,195.8,192.3,4.45,74.3,2.894,-5.8,0.891,1,injector_clog,4,0.46,20.57,74064.5
236.7,mission_cruise,72.36909394107838,3200.0,43.81545302946081,3825.6,827.0,833.7,837.1,938.4,191.9,192.1,195.5,193.1,4.42,75.0,2.938,3819.7,826.4,834.4,837.4,939.8,190.8,192.3,195.8,192.3,4.45,74.3,2.894,-5.8,0.891,1,injector_clog,4,0.46,20.55,73963.6
236.8,mission_cruise,72.3679822123402,3200.0,43.8160088938299,3816.5,825.6,834.5,838.1,938.0,191.1,192.9,196.1,193.1,4.45,74.5,2.891,3819.7,826.4,834.4,837.4,939.8,190.8,192.3,195.8,192.3,4.45,74.3,2.893,-5.8,0.891,1,injector_clog,4,0.46,20.52,73862.7
236.9,mission_cruise,72.366870483602,3200.0,43.816564758199,3811.6,823.2,834.9,837.9,942.4,191.6,192.0,196.5,191.9,4.42,74.1,2.88,3819.7,826.4,834.4,837.4,939.8,190.8,192.3,195.8,192.3,4.45,74.3,2.893,-5.8,0.891,1,injector_clog,4,0.46,20.49,73761.8
237.0,mission_cruise,72.36575875486382,3200.0,43.81712062256809,3819.1,827.6,835.8,835.0,940.3,190.3,191.5,196.7,192.9,4.49,73.7,2.897,3819.6,826.4,834.4,837.4,939.8,190.8,192.3,195.8,192.3,4.45,74.3,2.893,-5.8,0.891,1,injector_clog,4,0.46,20.46,73660.9
237.1,mission_cruise,72.36464702612562,3200.0,43.81767648693719,3814.4,823.9,835.8,836.7,940.2,191.3,193.0,195.5,192.1,4.48,74.9,2.949,3819.6,826.3,834.3,837.3,939.8,190.8,192.3,195.8,192.3,4.45,74.3,2.893,-5.8,0.891,1,injector_clog,4,0.46,20.43,73560.0
237.2,mission_cruise,72.36353529738744,3200.0,43.81823235130628,3812.7,827.9,834.7,837.9,938.4,190.9,192.4,196.8,192.1,4.47,74.2,2.874,3819.6,826.3,834.3,837.3,939.8,190.8,192.3,195.8,192.3,4.45,74.3,2.893,-5.8,0.891,1,injector_clog,4,0.46,20.41,73459.1
237.3,mission_cruise,72.36242356864925,3200.0,43.818788215675376,3819.5,824.7,834.9,838.3,939.9,190.2,193.4,196.0,192.6,4.49,74.5,2.928,3819.5,826.3,834.3,837.3,939.8,190.8,192.3,195.8,192.3,4.45,74.3,2.893,-5.8,0.891,1,injector_clog,4,0.46,20.38,73358.2
237.4,mission_cruise,72.36131183991107,3200.0,43.819344080044466,3817.6,825.8,833.5,836.1,938.4,191.1,192.4,194.8,192.1,4.4,73.7,2.933,3819.5,826.3,834.3,837.3,939.8,190.8,192.3,195.8,192.3,4.45,74.3,2.893,-5.8,0.891,1,injector_clog,4,0.46,20.35,73257.3
237.5,mission_cruise,72.36020011117287,3200.0,43.819899944413564,3824.8,826.3,835.2,838.0,940.4,191.5,192.1,195.2,193.1,4.46,74.7,2.895,3819.5,826.3,834.3,837.3,939.8,190.8,192.3,195.8,192.3,4.45,74.3,2.893,-5.8,0.891,1,injector_clog,4,0.46,20.32,73156.4
237.6,mission_cruise,72.35908838243469,3200.0,43.820455808782654,3822.3,824.2,832.1,836.6,939.8,190.9,192.9,195.0,193.4,4.46,74.3,2.892,3819.4,826.3,834.3,837.3,939.8,190.8,192.3,195.8,192.3,4.45,74.3,2.893,-5.8,0.891,1,injector_clog,4,0.46,20.29,73055.5
237.7,mission_cruise,72.3579766536965,3200.0,43.82101167315175,3822.7,825.0,833.7,839.4,941.4,191.9,191.8,195.1,192.1,4.42,74.0,2.895,3819.4,826.3,834.3,837.3,939.8,190.8,192.3,195.8,192.3,4.45,74.3,2.893,-5.8,0.891,1,injector_clog,4,0.46,20.27,72954.6
237.8,mission_cruise,72.35686492495832,3200.0,43.82156753752084,3812.2,826.7,833.4,838.2,939.4,191.3,191.2,195.9,191.6,4.44,75.1,2.872,3819.4,826.3,834.3,837.3,939.8,190.8,192.3,195.8,192.3,4.45,74.3,2.893,-5.8,0.891,1,injector_clog,4,0.46,20.24,72853.7
237.9,mission_cruise,72.35575319622012,3200.0,43.82212340188994,3810.8,825.7,834.5,838.2,941.6,190.0,190.7,196.2,192.1,4.42,74.0,2.906,3819.3,826.3,834.3,837.3,939.8,190.8,192.3,195.8,192.2,4.45,74.3,2.893,-5.8,0.891,1,injector_clog,4,0.46,20.21,72752.8
238.0,mission_cruise,72.35464146748194,3200.0,43.82267926625903,3827.0,825.7,833.4,836.9,942.1,191.8,192.2,196.0,192.5,4.49,74.5,2.914,3819.3,826.3,834.3,837.3,939.8,190.8,192.3,195.8,192.2,4.45,74.3,2.893,-5.8,0.891,1,injector_clog,4,0.46,20.18,72651.9
238.1,mission_cruise,72.35352973874375,3200.0,43.82323513062813,3823.2,825.3,832.3,837.6,938.6,190.1,192.3,196.3,191.0,4.44,74.5,2.818,3819.3,826.3,834.3,837.3,939.8,190.8,192.3,195.8,192.2,4.45,74.3,2.893,-5.8,0.891,1,injector_clog,4,0.46,20.15,72551.0
238.2,mission_cruise,72.35241801000556,3200.0,43.82379099499722,3811.6,824.8,833.9,839.5,939.3,190.6,191.8,195.8,192.7,4.5,74.7,2.887,3819.2,826.3,834.3,837.3,939.8,190.8,192.3,195.8,192.2,4.45,74.3,2.893,-5.8,0.891,1,injector_clog,4,0.46,20.13,72450.1
238.3,mission_cruise,72.35130628126737,3200.0,43.824346859366315,3827.7,829.1,835.5,838.1,939.3,191.4,190.2,195.9,192.5,4.44,74.0,2.889,3819.2,826.3,834.3,837.3,939.8,190.8,192.3,195.8,192.2,4.45,74.3,2.893,-5.8,0.891,1,injector_clog,4,0.46,20.1,72349.2
238.4,mission_cruise,72.35019455252919,3200.0,43.824902723735406,3827.0,825.4,834.0,838.8,940.1,189.4,192.3,195.0,191.8,4.45,74.4,2.878,3819.2,826.3,834.3,837.3,939.8,190.8,192.3,195.8,192.2,4.45,74.3,2.893,-5.8,0.891,1,injector_clog,4,0.46,20.07,72248.3
238.5,mission_cruise,72.349082823791,3200.0,43.8254585881045,3818.0,826.2,833.9,838.9,940.3,190.5,193.3,195.6,192.7,4.46,75.0,2.887,3819.1,826.3,834.3,837.3,939.8,190.8,192.3,195.8,192.2,4.45,74.3,2.893,-5.8,0.891,1,injector_clog,4,0.46,20.04,72147.4
238.6,mission_cruise,72.34797109505281,3200.0,43.82601445247359,3822.8,826.2,832.3,839.5,940.0,190.8,192.6,196.9,192.1,4.48,73.7,2.948,3819.1,826.3,834.3,837.3,939.8,190.8,192.3,195.8,192.2,4.45,74.3,2.893,-5.8,0.891,1,injector_clog,4,0.46,20.01,72046.5
238.7,mission_cruise,72.34685936631462,3200.0,43.82657031684269,3811.9,826.6,835.3,837.9,938.5,190.0,191.6,196.5,192.4,4.41,73.8,2.913,3819.1,826.3,834.3,837.3,939.8,190.8,192.3,195.8,192.2,4.45,74.3,2.893,-5.8,0.891,1,injector_clog,4,0.46,19.98,71945.6
238.8,mission_cruise,72.34574763757644,3200.0,43.82712618121178,3813.0,827.1,834.2,837.6,939.0,191.5,192.0,195.2,192.5,4.41,73.8,2.924,3819.1,826.3,834.3,837.3,939.8,190.8,192.3,195.8,192.2,4.45,74.3,2.893,-5.8,0.891,1,injector_clog,4,0.46,19.96,71844.7
238.9,mission_cruise,72.34463590883824,3200.0,43.82768204558088,3815.5,826.3,833.0,838.7,939.0,190.6,192.4,195.7,192.4,4.49,73.0,2.894,3819.0,826.3,834.3,837.3,939.8,190.8,192.3,195.8,192.2,4.45,74.3,2.893,-5.8,0.891,1,injector_clog,4,0.46,19.93,71743.8
239.0,mission_cruise,72.34352418010006,3200.0,43.82823790994997,3817.7,827.0,833.3,835.0,940.6,190.6,192.8,196.4,191.6,4.47,74.9,2.876,3819.0,826.3,834.3,837.3,939.8,190.8,192.3,195.8,192.2,4.45,74.3,2.893,-5.8,0.891,1,injector_clog,4,0.46,19.9,71642.9
239.1,mission_cruise,72.34241245136187,3200.0,43.82879377431907,3816.4,826.6,834.9,836.5,941.9,191.4,193.0,195.6,190.9,4.45,74.4,2.874,3819.0,826.3,834.3,837.3,939.8,190.8,192.3,195.8,192.2,4.45,74.3,2.893,-5.8,0.891,1,injector_clog,4,0.46,19.87,71542.0
239.2,mission_cruise,72.34130072262369,3200.0,43.82934963868816,3831.8,827.0,835.6,837.5,940.7,192.1,192.9,196.6,193.5,4.45,74.7,2.884,3818.9,826.3,834.3,837.3,939.8,190.8,192.3,195.8,192.2,4.45,74.3,2.893,-5.8,0.891,1,injector_clog,4,0.46,19.84,71441.1
239.3,mission_cruise,72.34018899388549,3200.0,43.829905503057255,3817.0,824.4,834.9,836.2,938.2,191.7,191.0,195.1,193.5,4.41,74.0,2.89,3818.9,826.3,834.3,837.3,939.8,190.8,192.3,195.8,192.2,4.45,74.3,2.893,-5.8,0.891,1,injector_clog,4,0.46,19.82,71340.2
239.4,mission_cruise,72.33907726514731,3200.0,43.830461367426345,3824.4,827.0,833.1,837.0,941.6,189.5,191.9,195.8,192.2,4.42,74.8,2.923,3818.9,826.3,834.3,837.3,939.8,190.8,192.3,195.8,192.2,4.45,74.2,2.893,-5.8,0.891,1,injector_clog,4,0.46,19.79,71239.3
239.5,mission_cruise,72.33796553640911,3200.0,43.83101723179544,3815.8,825.1,832.1,836.8,937.7,189.5,192.0,195.6,192.6,4.4,74.6,2.882,3818.8,826.3,834.3,837.3,939.8,190.8,192.3,195.8,192.2,4.45,74.2,2.892,-5.8,0.891,1,injector_clog,4,0.46,19.76,71138.4
239.6,mission_cruise,72.33685380767093,3200.0,43.83157309616453,3826.8,826.4,835.0,836.1,939.6,191.0,192.9,195.6,191.5,4.46,75.0,2.86,3818.8,826.3,834.3,837.3,939.8,190.8,192.3,195.8,192.2,4.45,74.2,2.892,-5.8,0.891,1,injector_clog,4,0.46,19.73,71037.5
239.7,mission_cruise,72.33574207893274,3200.0,43.83212896053363,3817.6,828.9,833.7,834.7,942.0,191.3,191.9,195.9,192.0,4.43,74.7,2.871,3818.8,826.3,834.3,837.3,939.8,190.8,192.3,195.8,192.2,4.45,74.2,2.892,-5.8,0.891,1,injector_clog,4,0.46,19.7,70936.6
239.8,mission_cruise,72.33463035019456,3200.0,43.83268482490272,3807.6,825.5,834.6,838.3,940.6,190.9,191.9,195.7,193.0,4.47,74.3,2.956,3818.7,826.3,834.3,837.3,939.8,190.8,192.3,195.8,192.2,4.45,74.2,2.892,-5.8,0.891,1,injector_clog,4,0.46,19.68,70835.7
239.9,mission_cruise,72.33351862145636,3200.0,43.83324068927182,3814.9,824.5,833.9,836.1,938.1,190.7,192.9,195.0,192.3,4.48,75.0,2.882,3818.7,826.3,834.3,837.3,939.8,190.8,192.3,195.8,192.2,4.45,74.2,2.892,-5.8,0.891,1,injector_clog,4,0.46,19.65,70734.8
240.0,mission_cruise,72.33240689271818,3200.0,43.83379655364091,3821.5,825.1,831.6,836.8,939.4,190.4,191.2,195.0,191.6,4.44,74.4,2.873,3818.7,826.3,834.3,837.3,939.8,190.8,192.3,195.8,192.2,4.45,74.2,2.892,-5.8,0.891,1,injector_clog,4,0.46,19.62,70633.9
240.1,mission_cruise,72.33129516397999,3200.0,43.834352418010006,3817.7,827.3,833.4,837.8,939.3,191.0,192.0,195.7,191.2,4.47,74.8,2.838,3818.6,826.3,834.3,837.3,939.8,190.8,192.3,195.8,192.2,4.45,74.2,2.892,-5.8,0.891,1,injector_clog,4,0.46,19.59,70533.0
240.2,mission_cruise,72.3301834352418,3200.0,43.8349082823791,3818.1,826.9,832.0,836.9,940.2,190.5,192.2,194.5,192.2,4.47,73.4,2.9,3818.6,826.3,834.3,837.3,939.8,190.8,192.3,195.8,192.2,4.45,74.2,2.892,-5.8,0.891,1,injector_clog,4,0.46,19.56,70432.1
240.3,mission_cruise,72.32907170650361,3200.0,43.835464146748194,3809.0,827.1,834.4,837.5,939.7,191.8,193.0,195.9,192.1,4.46,74.0,2.901,3818.6,826.3,834.3,837.3,939.8,190.8,192.3,195.8,192.2,4.45,74.2,2.892,-5.8,0.891,1,injector_clog,4,0.46,19.54,70331.2
240.4,mission_cruise,72.32795997776543,3200.0,43.836020011117284,3822.1,826.3,836.9,834.3,941.4,190.2,192.7,196.4,191.7,4.45,74.6,2.866,3818.5,826.3,834.3,837.3,939.8,190.8,192.3,195.8,192.2,4.45,74.2,2.892,-5.8,0.891,1,injector_clog,4,0.46,19.51,70230.3
240.5,mission_cruise,72.32684824902724,3200.0,43.83657587548638,3822.6,829.0,831.8,838.6,937.4,190.6,192.6,194.4,192.3,4.49,74.3,2.921,3818.5,826.3,834.3,837.3,939.8,190.8,192.3,195.8,192.2,4.45,74.2,2.892,-5.8,0.891,1,injector_clog,4,0.46,19.48,70129.4
240.6,mission_cruise,72.32573652028906,3200.0,43.83713173985547,3808.9,824.8,836.0,840.2,938.8,190.6,193.4,195.7,192.8,4.42,74.9,2.864,3818.5,826.3,834.3,837.3,939.8,190.8,192.3,195.8,192.2,4.45,74.2,2.892,-5.8,0.891,1,injector_clog,4,0.46,19.45,70028.5
240.7,mission_cruise,72.32462479155086,3200.0,43.83768760422457,3820.7,827.7,835.2,836.2,938.0,190.8,192.2,195.9,191.4,4.44,73.9,2.888,3818.5,826.3,834.3,837.3,939.8,190.8,192.3,195.8,192.2,4.45,74.2,2.892,-5.8,0.891,1,injector_clog,4,0.46,19.42,69927.6
240.8,mission_cruise,72.32351306281268,3200.0,43.83824346859366,3814.1,824.7,834.7,838.7,942.7,190.9,192.3,195.8,191.2,4.48,73.5,2.891,3818.4,826.3,834.3,837.3,939.8,190.8,192.3,195.8,192.2,4.45,74.2,2.892,-5.8,0.891,1,injector_clog,4,0.46,19.4,69826.7
240.9,mission_cruise,72.32240133407448,3200.0,43.83879933296276,3815.7,827.4,833.8,838.6,938.3,190.8,192.3,196.2,192.3,4.47,74.6,2.867,3818.4,826.3,834.3,837.3,939.8,190.8,192.3,195.8,192.2,4.45,74.2,2.892,-5.8,0.891,1,injector_clog,4,0.46,19.37,69725.8
241.0,mission_cruise,72.3212896053363,3200.0,43.83935519733185,3817.7,826.3,835.4,836.6,940.5,190.6,193.8,195.8,192.4,4.44,74.1,2.848,3818.4,826.3,834.3,837.3,939.8,190.8,192.3,195.8,192.2,4.45,74.2,2.892,-5.8,0.891,1,injector_clog,4,0.46,19.34,69624.9
241.1,mission_cruise,72.32017787659811,3200.0,43.839911061700946,3821.4,827.0,833.6,837.3,939.4,190.3,192.4,195.4,192.8,4.47,74.3,2.934,3818.3,826.3,834.3,837.3,939.8,190.8,192.3,195.8,192.2,4.45,74.2,2.892,-5.8,0.891,1,injector_clog,4,0.46,19.31,69524.0
241.2,mission_cruise,72.31906614785993,3200.0,43.840466926070036,3821.6,826.3,834.2,838.3,941.2,191.4,193.0,196.1,192.7,4.43,74.1,2.923,3818.3,826.3,834.3,837.3,939.8,190.8,192.3,195.8,192.2,4.45,74.2,2.892,-5.8,0.891,1,injector_clog,4,0.46,19.28,69423.1
241.3,mission_cruise,72.31795441912173,3200.0,43.84102279043913,3816.6,826.6,832.9,838.3,939.8,191.2,192.0,195.1,192.0,4.46,73.5,2.945,3818.3,826.3,834.3,837.3,939.8,190.8,192.3,195.8,192.2,4.45,74.2,2.892,-5.8,0.891,1,injector_clog,4,0.46,19.26,69322.2
241.4,mission_cruise,72.31684269038355,3200.0,43.841578654808224,3819.5,828.3,834.0,839.9,940.3,191.0,192.8,196.0,192.1,4.48,74.4,2.88,3818.2,826.3,834.3,837.3,939.8,190.8,192.3,195.8,192.2,4.45,74.2,2.892,-5.8,0.891,1,injector_clog,4,0.46,19.23,69221.3
241.5,mission_cruise,72.31573096164536,3200.0,43.84213451917732,3815.9,826.8,836.1,836.1,935.9,190.9,193.1,196.3,191.6,4.52,74.2,2.906,3818.2,826.3,834.3,837.3,939.8,190.8,192.3,195.8,192.2,4.45,74.2,2.892,-5.8,0.891,1,injector_clog,4,0.46,19.2,69120.4
241.6,mission_cruise,72.31461923290718,3200.0,43.84269038354641,3819.8,826.3,836.0,835.8,940.7,191.0,192.1,195.8,193.2,4.49,74.0,2.906,3818.2,826.3,834.3,837.3,939.8,190.8,192.3,195.8,192.2,4.45,74.2,2.892,-5.8,0.891,1,injector_clog,4,0.46,19.17,69019.5
241.7,mission_cruise,72.31350750416898,3200.0,43.84324624791551,3816.9,825.7,833.5,837.4,940.6,191.1,192.0,196.0,192.8,4.45,75.0,2.903,3818.1,826.3,834.3,837.3,939.8,190.8,192.3,195.8,192.2,4.45,74.2,2.892,-5.8,0.891,1,injector_clog,4,0.46,19.14,68918.6
241.8,mission_cruise,72.3123957754308,3200.0,43.8438021122846,3823.5,826.9,834.9,836.5,941.2,189.6,192.3,195.4,192.1,4.43,73.8,2.866,3818.1,826.3,834.3,837.3,939.7,190.8,192.3,195.8,192.2,4.45,74.2,2.892,-5.8,0.891,1,injector_clog,4,0.46,19.12,68817.7
241.9,mission_cruise,72.3112840466926,3200.0,43.8443579766537,3813.9,827.1,835.7,838.0,942.6,190.2,192.3,194.4,192.6,4.44,74.4,2.921,3818.1,826.3,834.3,837.3,939.7,190.8,192.3,195.8,192.2,4.45,74.2,2.892,-5.8,0.891,1,injector_clog,4,0.46,19.09,68716.8
242.0,mission_cruise,72.31017231795443,3200.0,43.84491384102279,3833.4,825.4,833.7,837.9,938.7,190.6,191.7,196.2,192.7,4.42,74.5,2.938,3818.0,826.3,834.3,837.3,939.7,190.8,192.3,195.8,192.2,4.45,74.2,2.892,-5.8,0.891,1,injector_clog,4,0.46,19.06,68615.9
242.1,mission_cruise,72.30906058921623,3200.0,43.845469705391885,3822.0,824.8,836.9,835.2,941.9,190.9,191.6,196.4,193.3,4.49,73.6,2.853,3818.0,826.3,834.3,837.3,939.7,190.8,192.3,195.8,192.2,4.45,74.2,2.892,-5.8,0.891,1,injector_clog,4,0.46,19.03,68515.0
242.2,mission_cruise,72.30794886047805,3200.0,43.846025569760975,3812.5,826.2,832.2,836.2,941.0,190.6,192.8,196.7,191.5,4.45,74.7,2.861,3818.0,826.3,834.3,837.3,939.7,190.8,192.3,195.8,192.2,4.45,74.2,2.892,-5.8,0.891,1,injector_clog,4,0.46,19.0,68414.1
242.3,mission_cruise,72.30683713173985,3200.0,43.84658143413007,3815.9,824.9,834.7,835.6,937.9,191.1,191.3,195.9,192.7,4.44,74.0,2.946,3817.9,826.2,834.2,837.2,939.7,190.8,192.3,195.8,192.2,4.45,74.2,2.891,-5.8,0.891,1,injector_clog,4,0.46,18.98,68313.2
242.4,mission_cruise,72.30572540300167,3200.0,43.84713729849916,3820.5,825.6,832.2,837.7,940.2,190.8,191.1,195.8,192.1,4.45,73.7,2.89,3817.9,826.2,834.2,837.2,939.7,190.8,192.3,195.8,192.2,4.45,74.2,2.891,-5.8,0.891,1,injector_clog,4,0.46,18.95,68212.3
242.5,mission_cruise,72.30461367426348,3200.0,43.84769316286826,3820.5,827.7,834.4,838.8,944.2,191.1,192.1,196.9,192.5,4.48,74.2,2.872,3817.9,826.2,834.2,837.2,939.7,190.8,192.3,195.8,192.2,4.45,74.2,2.891,-5.8,0.891,1,injector_clog,4,0.46,18.92,68111.4
242.6,mission_cruise,72.3035019455253,3200.0,43.84824902723735,3817.3,823.7,835.3,837.1,938.5,190.5,192.6,195.6,191.5,4.44,74.4,2.864,3817.9,826.2,834.2,837.2,939.7,190.8,192.3,195.8,192.2,4.45,74.2,2.891,-5.8,0.891,1,injector_clog,4,0.46,18.89,68010.5
242.7,mission_cruise,72.3023902167871,3200.0,43.84880489160645,3820.1,824.4,834.7,839.8,939.2,191.0,191.8,195.7,192.3,4.45,74.4,2.875,3817.8,826.2,834.2,837.2,939.7,190.8,192.3,195.8,192.2,4.45,74.2,2.891,-5.8,0.891,1,injector_clog,4,0.46,18.86,67909.6
242.8,mission_cruise,72.30127848804892,3200.0,43.84936075597554,3804.1,826.0,832.6,837.4,939.6,191.0,192.1,195.5,192.6,4.47,74.1,2.898,3817.8,826.2,834.2,837.2,939.7,190.8,192.3,195.8,192.2,4.45,74.2,2.891,-5.8,0.891,1,injector_clog,4,0.46,18.84,67808.7
242.9,mission_cruise,72.30016675931073,3200.0,43.849916620344636,3817.1,826.4,834.3,835.7,941.0,189.4,192.1,196.3,192.2,4.42,73.7,2.898,3817.8,826.2,834.2,837.2,939.7,190.8,192.3,195.8,192.2,4.45,74.2,2.891,-5.8,0.891,1,injector_clog,4,0.46,18.81,67707.8
243.0,mission_cruise,72.29905503057255,3200.0,43.85047248471373,3819.9,827.7,832.4,837.7,941.2,190.5,192.6,195.7,192.2,4.43,74.3,2.894,3817.7,826.2,834.2,837.2,939.7,190.8,192.3,195.8,192.2,4.45,74.2,2.891,-5.8,0.891,1,injector_clog,4,0.46,18.78,67606.9
243.1,mission_cruise,72.29794330183435,3200.0,43.851028349082824,3822.3,827.9,833.1,837.7,939.5,190.4,192.7,196.6,191.2,4.45,74.5,2.89,3817.7,826.2,834.2,837.2,939.7,190.8,192.3,195.8,192.2,4.45,74.2,2.891,-5.8,0.891,1,injector_clog,4,0.46,18.75,67506.0
243.2,mission_cruise,72.29683157309617,3200.0,43.851584213451915,3807.3,824.3,834.8,837.7,938.8,191.6,192.5,195.3,192.2,4.44,73.4,2.87,3817.7,826.2,834.2,837.2,939.7,190.8,192.3,195.8,192.2,4.45,74.2,2.891,-5.8,0.891,1,injector_clog,4,0.46,18.72,67405.1
243.3,mission_cruise,72.29571984435798,3200.0,43.85214007782101,3813.6,827.3,836.8,838.1,938.4,190.4,192.8,196.6,192.4,4.45,74.2,2.863,3817.6,826.2,834.2,837.2,939.7,190.8,192.3,195.8,192.2,4.45,74.2,2.891,-5.8,0.891,1,injector_clog,4,0.46,18.7,67304.2
243.4,mission_cruise,72.2946081156198,3200.0,43.8526959421901,3814.6,824.5,834.4,836.3,939.4,191.4,192.6,196.7,193.3,4.43,74.7,2.904,3817.6,826.2,834.2,837.2,939.7,190.8,192.3,195.8,192.2,4.45,74.2,2.891,-5.8,0.891,1,injector_clog,4,0.46,18.67,67203.3
243.5,mission_cruise,72.2934963868816,3200.0,43.8532518065592,3823.9,826.0,833.1,836.6,939.7,190.6,192.9,196.3,192.9,4.47,74.1,2.891,3817.6,826.2,834.2,837.2,939.7,190.8,192.3,195.8,192.2,4.45,74.2,2.891,-5.8,0.891,1,injector_clog,4,0.46,18.64,67102.4
243.6,mission_cruise,72.29238465814342,3200.0,43.85380767092829,3818.2,825.3,836.9,835.0,940.5,191.7,192.9,196.7,192.4,4.45,74.3,2.873,3817.5,826.2,834.2,837.2,939.7,190.8,192.3,195.8,192.2,4.45,74.2,2.891,-5.8,0.891,1,injector_clog,4,0.46,18.61,67001.5
243.7,mission_cruise,72.29127292940522,3200.0,43.85436353529739,3822.0,828.5,832.8,837.9,940.6,191.0,192.0,195.7,192.6,4.42,73.6,2.892,3817.5,826.2,834.2,837.2,939.7,190.8,192.3,195.8,192.2,4.45,74.2,2.891,-5.8,0.891,1,injector_clog,4,0.46,18.58,66900.6
243.8,mission_cruise,72.29016120066704,3200.0,43.85491939966648,3809.6,825.4,834.0,835.9,939.8,190.6,192.1,195.7,191.8,4.51,74.5,2.86,3817.5,826.2,834.2,837.2,939.7,190.8,192.3,195.8,192.2,4.45,74.2,2.891,-5.8,0.891,1,injector_clog,4,0.46,18.56,66799.7
243.9,mission_cruise,72.28904947192885,3200.0,43.855475264035576,3814.8,823.2,835.6,835.7,940.1,191.0,193.2,195.1,193.6,4.47,74.4,2.899,3817.4,826.2,834.2,837.2,939.7,190.8,192.3,195.8,192.2,4.45,74.2,2.891,-5.8,0.891,1,injector_clog,4,0.46,18.53,66698.8
244.0,mission_cruise,72.28793774319067,3200.0,43.856031128404666,3815.1,826.3,834.1,838.1,941.1,190.7,193.0,196.2,192.0,4.44,74.3,2.866,3817.4,826.2,834.2,837.2,939.7,190.8,192.3,195.8,192.2,4.45,74.2,2.891,-5.8,0.891,1,injector_clog,4,0.46,18.5,66597.9
244.1,mission_cruise,72.28682601445247,3200.0,43.856586992773764,3807.8,827.2,836.1,836.4,939.5,191.1,192.0,194.7,191.7,4.42,74.5,2.892,3817.4,826.2,834.2,837.2,939.7,190.8,192.3,195.8,192.2,4.45,74.2,2.891,-5.8,0.891,1,injector_clog,4,0.46,18.47,66497.0
244.2,mission_cruise,72.28571428571429,3200.0,43.857142857142854,3825.7,824.9,834.0,838.3,940.5,190.3,193.4,194.7,192.5,4.42,73.9,2.893,3817.3,826.2,834.2,837.2,939.7,190.8,192.3,195.8,192.2,4.45,74.2,2.891,-5.8,0.891,1,injector_clog,4,0.46,18.44,66396.1
244.3,mission_cruise,72.2846025569761,3200.0,43.85769872151195,3825.6,825.6,833.4,836.2,940.8,191.0,192.9,195.3,192.5,4.47,74.6,2.9,3817.3,826.2,834.2,837.2,939.7,190.8,192.3,195.8,192.2,4.45,74.2,2.891,-5.8,0.891,1,injector_clog,4,0.46,18.42,66295.2
244.4,mission_cruise,72.28349082823792,3200.0,43.85825458588104,3817.1,827.7,835.6,837.6,938.2,190.8,191.5,196.5,192.4,4.45,74.2,2.87,3817.3,826.2,834.2,837.2,939.7,190.8,192.3,195.8,192.2,4.45,74.2,2.891,-5.8,0.891,1,injector_clog,4,0.46,18.39,66194.3
244.5,mission_cruise,72.28237909949972,3200.0,43.85881045025014,3819.3,827.0,834.3,837.3,941.2,190.6,192.8,195.6,192.7,4.43,73.8,2.915,3817.3,826.2,834.2,837.2,939.7,190.8,192.3,195.8,192.2,4.45,74.2,2.891,-5.8,0.891,1,injector_clog,4,0.46,18.36,66093.4
244.6,mission_cruise,72.28126737076154,3200.0,43.85936631461923,3822.8,826.0,832.5,835.1,938.4,190.9,192.7,196.6,192.5,4.43,74.3,2.913,3817.2,826.2,834.2,837.2,939.7,190.8,192.3,195.8,192.2,4.45,74.2,2.891,-5.8,0.891,1,injector_clog,4,0.46,18.33,65992.5
244.7,mission_cruise,72.28015564202335,3200.0,43.85992217898833,3807.4,824.6,834.3,840.5,940.6,191.4,191.8,195.5,192.0,4.44,74.9,2.886,3817.2,826.2,834.2,837.2,939.7,190.8,192.3,195.8,192.2,4.45,74.2,2.891,-5.8,0.891,1,injector_clog,4,0.46,18.3,65891.6
244.8,mission_cruise,72.27904391328516,3200.0,43.86047804335742,3814.2,824.7,834.8,840.8,939.5,191.5,192.9,195.5,192.9,4.45,73.9,2.852,3817.2,826.2,834.2,837.2,939.7,190.8,192.3,195.8,192.2,4.45,74.2,2.891,-5.8,0.891,1,injector_clog,4,0.46,18.28,65790.7
244.9,mission_cruise,72.27793218454697,3200.0,43.861033907726515,3818.6,827.4,833.6,837.5,937.9,192.0,192.7,195.9,191.4,4.47,74.1,2.918,3817.1,826.2,834.2,837.2,939.7,190.8,192.3,195.8,192.2,4.45,74.2,2.891,-5.8,0.891,1,injector_clog,4,0.46,18.25,65689.8
245.0,mission_cruise,72.27682045580879,3200.0,43.861589772095606,3816.5,824.8,837.0,837.7,938.8,190.4,192.7,197.5,192.7,4.45,74.4,2.881,3817.1,826.2,834.2,837.2,939.7,190.8,192.3,195.8,192.2,4.45,74.2,2.891,-5.8,0.891,1,injector_clog,4,0.46,18.22,65588.9
245.1,mission_cruise,72.2757087270706,3200.0,43.8621456364647,3824.5,828.1,833.4,838.0,938.9,191.2,192.5,196.1,193.3,4.44,75.0,2.891,3817.1,826.2,834.2,837.2,939.7,190.8,192.3,195.8,192.2,4.45,74.2,2.89,-5.8,0.891,1,injector_clog,4,0.46,18.19,65488.0
245.2,mission_cruise,72.27459699833241,3200.0,43.86270150083379,3810.8,829.3,834.2,836.9,939.4,191.4,192.9,195.8,193.1,4.48,74.1,2.887,3817.0,826.2,834.2,837.2,939.7,190.8,192.3,195.8,192.2,4.45,74.2,2.89,-5.8,0.891,1,injector_clog,4,0.46,18.16,65387.1
245.3,mission_cruise,72.27348526959422,3200.0,43.86325736520289,3826.5,826.4,833.0,839.3,941.2,191.4,192.2,195.6,192.1,4.5,74.3,2.889,3817.0,826.2,834.2,837.2,939.7,190.8,192.3,195.8,192.2,4.45,74.2,2.89,-5.8,0.891,1,injector_clog,4,0.46,18.14,65286.2
245.4,mission_cruise,72.27237354085604,3200.0,43.86381322957198,3808.0,826.5,832.3,837.5,937.9,190.5,193.0,194.8,190.9,4.45,74.2,2.916,3817.0,826.2,834.2,837.2,939.7,190.8,192.3,195.8,192.2,4.45,74.2,2.89,-5.8,0.891,1,injector_clog,4,0.46,18.11,65185.3
245.5,mission_cruise,72.27126181211784,3200.0,43.86436909394108,3812.6,824.1,833.0,834.8,939.2,190.9,191.4,196.7,191.8,4.47,73.5,2.853,3816.9,826.2,834.2,837.2,939.7,190.8,192.3,195.8,192.2,4.45,74.2,2.89,-5.8,0.891,1,injector_clog,4,0.46,18.08,65084.4
245.6,mission_cruise,72.27015008337966,3200.0,43.86492495831017,3812.5,825.1,833.6,835.8,940.5,190.4,192.2,195.0,192.3,4.41,74.6,2.884,3816.9,826.2,834.2,837.2,939.7,190.8,192.3,195.8,192.2,4.45,74.2,2.89,-5.8,0.891,1,injector_clog,4,0.46,18.05,64983.5
245.7,mission_cruise,72.26903835464147,3200.0,43.86548082267927,3828.2,824.1,832.2,836.6,937.8,190.6,191.1,196.9,192.4,4.44,74.3,2.93,3816.9,826.2,834.2,837.2,939.7,190.8,192.3,195.8,192.2,4.45,74.2,2.89,-5.8,0.891,1,injector_clog,4,0.46,18.02,64882.6
245.8,mission_cruise,72.26792662590329,3200.0,43.86603668704836,3813.0,825.8,832.6,837.8,940.8,190.9,192.4,195.8,191.8,4.44,74.6,2.891,3816.8,826.2,834.2,837.2,939.7,190.8,192.3,195.8,192.2,4.45,74.2,2.89,-5.8,0.891,1,injector_clog,4,0.46,17.99,64781.7
245.9,mission_cruise,72.26681489716509,3200.0,43.866592551417455,3819.9,827.1,833.2,838.0,938.6,191.1,192.0,196.6,191.4,4.46,74.7,2.869,3816.8,826.2,834.2,837.2,939.7,190.8,192.3,195.8,192.2,4.45,74.2,2.89,-5.8,0.891,1,injector_clog,4,0.46,17.97,64680.8
246.0,mission_cruise,72.26570316842691,3200.0,43.867148415786545,3813.7,826.1,832.7,836.4,938.1,191.3,192.7,194.8,192.5,4.43,74.7,2.932,3816.8,826.2,834.2,837.2,939.7,190.8,192.3,195.8,192.2,4.45,74.2,2.89,-5.8,0.891,1,injector_clog,4,0.46,17.94,64579.9
246.1,mission_cruise,72.26459143968872,3200.0,43.86770428015564,3814.7,826.3,834.2,838.1,940.7,189.9,192.6,195.4,192.9,4.45,74.4,2.862,3816.7,826.2,834.2,837.2,939.7,190.8,192.3,195.8,192.2,4.45,74.2,2.89,-5.8,0.891,1,injector_clog,4,0.46,17.91,64479.0
246.2,mission_cruise,72.26347971095053,3200.0,43.86826014452473,3812.5,826.7,833.4,835.4,941.8,191.4,192.3,196.0,192.6,4.48,73.9,2.871,3816.7,826.2,834.2,837.2,939.7,190.8,192.3,195.8,192.2,4.45,74.2,2.89,-5.8,0.891,1,injector_clog,4,0.46,17.88,64378.1
246.3,mission_cruise,72.26236798221234,3200.0,43.86881600889383,3817.4,827.2,834.5,834.5,939.1,190.2,193.5,195.8,192.1,4.45,74.5,2.892,3816.7,826.2,834.2,837.2,939.7,190.8,192.3,195.8,192.2,4.45,74.2,2.89,-5.8,0.891,1,injector_clog,4,0.46,17.85,64277.2
246.4,mission_cruise,72.26125625347416,3200.0,43.86937187326292,3828.0,827.5,833.8,838.8,941.4,190.8,192.6,197.1,192.1,4.47,74.7,2.896,3816.7,826.2,834.2,837.2,939.7,190.8,192.3,195.8,192.2,4.45,74.2,2.89,-5.8,0.891,1,injector_clog,4,0.46,17.83,64176.3
246.5,mission_cruise,72.26014452473596,3200.0,43.86992773763202,3818.9,824.8,834.2,837.3,939.9,190.2,191.8,195.8,192.4,4.42,74.5,2.844,3816.6,826.2,834.2,837.2,939.7,190.8,192.3,195.8,192.2,4.45,74.2,2.89,-5.8,0.891,1,injector_clog,4,0.46,17.8,64075.4
246.6,mission_cruise,72.25903279599778,3200.0,43.87048360200111,3825.4,826.3,832.0,837.4,940.3,191.1,193.1,195.9,191.8,4.48,73.9,2.906,3816.6,826.2,834.2,837.2,939.7,190.8,192.3,195.8,192.2,4.45,74.2,2.89,-5.8,0.891,1,injector_clog,4,0.46,17.77,63974.5
246.7,mission_cruise,72.25792106725959,3200.0,43.871039466370206,3819.3,826.2,835.4,835.6,939.7,191.6,190.9,195.7,191.8,4.44,74.4,2.833,3816.6,826.2,834.2,837.2,939.7,190.8,192.3,195.8,192.2,4.45,74.2,2.89,-5.8,0.891,1,injector_clog,4,0.46,17.74,63873.6
246.8,mission_cruise,72.2568093385214,3200.0,43.8715953307393,3828.1,827.1,833.9,837.6,936.5,191.1,192.6,196.1,192.6,4.45,74.9,2.867,3816.5,826.2,834.2,837.2,939.7,190.8,192.3,195.8,192.2,4.45,74.2,2.89,-5.8,0.891,1,injector_clog,4,0.46,17.71,63772.7
246.9,mission_cruise,72.25569760978321,3200.0,43.872151195108394,3820.1,827.3,832.5,837.0,939.7,190.5,191.4,196.1,192.8,4.47,74.8,2.884,3816.5,826.2,834.2,837.2,939.7,190.8,192.3,195.8,192.2,4.45,74.2,2.89,-5.8,0.891,1,injector_clog,4,0.46,17.69,63671.8
247.0,mission_cruise,72.25458588104503,3200.0,43.872707059477484,3813.6,827.3,834.9,838.7,939.1,190.6,192.2,197.0,192.0,4.47,73.8,2.877,3816.5,826.2,834.2,837.2,939.6,190.8,192.3,195.8,192.2,4.45,74.2,2.89,-5.8,0.891,1,injector_clog,4,0.46,17.66,63570.9
247.1,mission_cruise,72.25347415230684,3200.0,43.87326292384658,3822.2,826.8,836.9,834.2,940.9,190.7,191.6,196.2,192.3,4.44,73.8,2.873,3816.4,826.2,834.2,837.2,939.6,190.8,192.3,195.8,192.2,4.45,74.2,2.89,-5.8,0.891,1,injector_clog,4,0.46,17.63,63470.0
247.2,mission_cruise,72.25236242356866,3200.0,43.87381878821567,3817.6,827.1,835.8,837.5,939.9,190.5,192.2,195.7,192.5,4.49,74.4,2.851,3816.4,826.2,834.2,837.2,939.6,190.8,192.3,195.8,192.2,4.45,74.2,2.89,-5.8,0.891,1,injector_clog,4,0.46,17.6,63369.1
247.3,mission_cruise,72.25125069483046,3200.0,43.87437465258477,3819.0,829.1,834.3,836.6,938.7,190.4,192.3,197.0,192.5,4.46,73.8,2.894,3816.4,826.2,834.2,837.2,939.6,190.8,192.3,195.8,192.2,4.45,74.2,2.89,-5.8,0.891,1,injector_clog,4,0.46,17.57,63268.2
247.4,mission_cruise,72.25013896609228,3200.0,43.87493051695386,3815.3,824.1,831.6,840.1,937.9,191.0,192.2,195.2,192.0,4.43,74.5,2.88,3816.3,826.2,834.2,837.2,939.6,190.8,192.3,195.8,192.2,4.45,74.2,2.89,-5.8,0.891,1,injector_clog,4,0.46,17.55,63167.3
247.5,mission_cruise,72.24902723735408,3200.0,43.87548638132296,3820.5,824.7,834.8,839.7,940.0,190.6,192.8,195.6,192.1,4.44,74.2,2.891,3816.3,826.1,834.1,837.1,939.6,190.8,192.3,195.8,192.2,4.45,74.2,2.89,-5.8,0.891,1,injector_clog,4,0.46,17.52,63066.4
247.6,mission_cruise,72.2479155086159,3200.0,43.87604224569205,3816.3,827.0,834.6,838.2,939.4,191.5,192.4,195.5,191.2,4.5,74.2,2.853,3816.3,826.1,834.1,837.1,939.6,190.8,192.3,195.8,192.2,4.45,74.2,2.89,-5.8,0.891,1,injector_clog,4,0.46,17.49,62965.5
247.7,mission_cruise,72.24680377987771,3200.0,43.876598110061146,3823.6,824.9,837.2,839.7,938.2,190.2,190.8,195.7,192.2,4.44,73.5,2.901,3816.2,826.1,834.1,837.1,939.6,190.8,192.3,195.8,192.2,4.45,74.2,2.89,-5.8,0.891,1,injector_clog,4,0.46,17.46,62864.6
247.8,mission_cruise,72.24569205113953,3200.0,43.877153974430236,3814.4,827.7,832.4,835.8,940.6,191.2,191.5,195.9,191.9,4.4,74.0,2.942,3816.2,826.1,834.1,837.1,939.6,190.8,192.3,195.8,192.2,4.45,74.2,2.889,-5.8,0.891,1,injector_clog,4,0.46,17.43,62763.7
247.9,mission_cruise,72.24458032240133,3200.0,43.87770983879933,3808.9,828.0,834.1,839.8,942.3,190.5,191.9,196.6,192.7,4.45,75.3,2.898,3816.2,826.1,834.1,837.1,939.6,190.8,192.3,195.8,192.2,4.45,74.2,2.889,-5.8,0.891,1,injector_clog,4,0.46,17.41,62662.8
248.0,mission_cruise,72.24346859366315,3200.0,43.878265703168424,3819.3,826.9,835.7,836.9,938.9,191.7,191.7,194.9,193.0,4.48,74.2,2.868,3816.1,826.1,834.1,837.1,939.6,190.8,192.3,195.8,192.2,4.45,74.2,2.889,-5.8,0.891,1,injector_clog,4,0.46,17.38,62561.9
248.1,mission_cruise,72.24235686492496,3200.0,43.87882156753752,3811.2,825.5,835.8,838.0,940.5,192.3,191.6,196.1,191.1,4.43,73.6,2.869,3816.1,826.1,834.1,837.1,939.6,190.8,192.3,195.8,192.2,4.45,74.2,2.889,-5.8,0.891,1,injector_clog,4,0.46,17.35,62461.0
248.2,mission_cruise,72.24124513618678,3200.0,43.87937743190661,3823.8,826.0,834.8,836.6,940.0,191.1,192.0,195.7,192.0,4.44,74.5,2.879,3816.1,826.1,834.1,837.1,939.6,190.8,192.3,195.8,192.2,4.45,74.2,2.889,-5.8,0.891,1,injector_clog,4,0.46,17.32,62360.1
248.3,mission_cruise,72.24013340744858,3200.0,43.87993329627571,3814.7,828.7,835.2,836.7,939.7,190.9,193.2,196.2,192.1,4.44,74.2,2.903,3816.1,826.1,834.1,837.1,939.6,190.8,192.3,195.8,192.2,4.45,74.2,2.889,-5.8,0.891,1,injector_clog,4,0.46,17.29,62259.2
248.4,mission_cruise,72.2390216787104,3200.0,43.8804891606448,3813.3,827.3,833.0,841.4,939.1,189.8,192.5,196.1,192.2,4.42,74.6,2.894,3816.0,826.1,834.1,837.1,939.6,190.8,192.3,195.8,192.2,4.45,74.2,2.889,-5.8,0.891,1,injector_clog,4,0.46,17.27,62158.3
248.5,mission_cruise,72.2379099499722,3200.0,43.8810450250139,3809.1,828.6,834.8,837.8,940.7,191.3,191.9,195.8,193.3,4.46,74.1,2.889,3816.0,826.1,834.1,837.1,939.6,190.8,192.3,195.8,192.2,4.45,74.2,2.889,-5.8,0.891,1,injector_clog,4,0.46,17.24,62057.4
248.6,mission_cruise,72.23679822123403,3200.0,43.88160088938299,3832.1,827.1,835.0,837.1,939.0,191.0,191.5,195.8,192.2,4.42,74.2,2.911,3816.0,826.1,834.1,837.1,939.6,190.8,192.3,195.8,192.2,4.45,74.2,2.889,-5.8,0.891,1,injector_clog,4,0.46,17.21,61956.5
248.7,mission_cruise,72.23568649249583,3200.0,43.882156753752085,3818.6,825.8,832.6,836.0,940.3,191.6,191.5,196.1,192.1,4.44,74.3,2.907,3815.9,826.1,834.1,837.1,939.6,190.8,192.3,195.8,192.2,4.45,74.2,2.889,-5.8,0.891,1,injector_clog,4,0.46,17.18,61855.6
248.8,mission_cruise,72.23457476375765,3200.0,43.882712618121175,3821.7,824.7,835.5,838.5,941.3,190.3,191.4,196.0,192.3,4.43,74.5,2.922,3815.9,826.1,834.1,837.1,939.6,190.8,192.3,195.8,192.2,4.45,74.2,2.889,-5.8,0.891,1,injector_clog,4,0.46,17.15,61754.7
248.9,mission_cruise,72.23346303501945,3200.0,43.88326848249027,3813.6,826.0,835.4,837.8,939.6,190.2,191.0,196.2,192.4,4.41,74.1,2.887,3815.9,826.1,834.1,837.1,939.6,190.8,192.3,195.8,192.2,4.45,74.2,2.889,-5.8,0.891,1,injector_clog,4,0.46,17.13,61653.8
249.0,mission_cruise,72.23235130628127,3200.0,43.88382434685936,3811.1,826.2,833.7,839.7,939.4,189.3,193.3,195.1,192.0,4.45,73.9,2.924,3815.8,826.1,834.1,837.1,939.6,190.8,192.3,195.8,192.2,4.45,74.2,2.889,-5.8,0.891,1,injector_clog,4,0.46,17.1,61552.9
249.1,mission_cruise,72.23123957754308,3200.0,43.88438021122846,3815.5,826.7,836.5,835.5,940.0,190.2,192.1,196.0,192.4,4.46,74.0,2.923,3815.8,826.1,834.1,837.1,939.6,190.8,192.3,195.8,192.2,4.45,74.2,2.889,-5.8,0.891,1,injector_clog,4,0.46,17.07,61452.0
249.2,mission_cruise,72.2301278488049,3200.0,43.88493607559755,3815.7,823.7,834.2,836.7,940.5,191.9,192.2,194.9,192.2,4.47,74.3,2.916,3815.8,826.1,834.1,837.1,939.6,190.8,192.3,195.8,192.2,4.45,74.2,2.889,-5.8,0.891,1,injector_clog,4,0.46,17.04,61351.1
249.3,mission_cruise,72.2290161200667,3200.0,43.88549193996665,3805.1,826.3,834.8,836.5,942.1,190.5,192.0,196.1,191.6,4.45,74.1,2.868,3815.7,826.1,834.1,837.1,939.6,190.8,192.3,195.8,192.2,4.45,74.2,2.889,-5.8,0.891,1,injector_clog,4,0.46,17.01,61250.2
249.4,mission_cruise,72.22790439132852,3200.0,43.88604780433574,3822.9,827.8,833.9,837.3,939.4,191.5,192.0,194.9,192.0,4.45,74.6,2.905,3815.7,826.1,834.1,837.1,939.6,190.8,192.3,195.8,192.2,4.45,74.2,2.889,-5.8,0.891,1,injector_clog,4,0.46,16.99,61149.3
249.5,mission_cruise,72.22679266259033,3200.0,43.886603668704836,3821.9,823.1,834.3,837.9,938.5,191.5,191.7,196.0,192.5,4.44,74.1,2.871,3815.7,826.1,834.1,837.1,939.6,190.8,192.3,195.8,192.2,4.45,74.2,2.889,-5.8,0.891,1,injector_clog,4,0.46,16.96,61048.4
249.6,mission_cruise,72.22568093385215,3200.0,43.88715953307393,3812.6,828.2,836.1,837.3,940.9,190.3,192.8,195.6,192.2,4.48,74.1,2.892,3815.6,826.1,834.1,837.1,939.6,190.8,192.3,195.8,192.2,4.45,74.2,2.889,-5.8,0.891,1,injector_clog,4,0.46,16.93,60947.5
249.7,mission_cruise,72.22456920511395,3200.0,43.887715397443024,3807.1,825.1,834.1,836.7,938.7,190.5,192.5,195.7,191.2,4.45,74.7,2.903,3815.6,826.1,834.1,837.1,939.6,190.8,192.3,195.8,192.2,4.45,74.2,2.889,-5.8,0.891,1,injector_clog,4,0.46,16.9,60846.6
249.8,mission_cruise,72.22345747637577,3200.0,43.888271261812115,3815.3,826.2,832.9,836.8,938.5,192.0,193.7,196.1,191.7,4.48,74.6,2.85,3815.6,826.1,834.1,837.1,939.6,190.8,192.3,195.8,192.2,4.45,74.2,2.889,-5.8,0.891,1,injector_clog,4,0.46,16.87,60745.7
249.9,mission_cruise,72.22234574763758,3200.0,43.88882712618121,3808.3,828.5,833.1,837.1,941.2,190.6,191.3,195.9,192.0,4.5,73.6,2.875,3815.5,826.1,834.1,837.1,939.6,190.8,192.3,195.8,192.2,4.45,74.2,2.889,-5.8,0.891,1,injector_clog,4,0.46,16.85,60644.8
250.0,mission_cruise,72.2212340188994,3200.0,43.8893829905503,3825.7,825.6,831.8,836.5,938.9,191.6,192.9,195.1,191.5,4.46,73.9,2.919,3815.5,826.1,834.1,837.1,939.6,190.8,192.3,195.8,192.2,4.45,74.2,2.889,-5.8,0.891,1,injector_clog,4,0.46,16.82,60543.9
250.1,mission_cruise,72.2201222901612,3200.0,43.8899388549194,3809.2,825.6,833.6,837.1,939.2,189.9,191.9,195.3,192.4,4.42,73.5,2.876,3815.5,826.1,834.1,837.1,939.6,190.8,192.3,195.8,192.2,4.45,74.2,2.889,-5.8,0.891,1,injector_clog,4,0.46,16.79,60443.0
250.2,mission_cruise,72.21901056142302,3200.0,43.89049471928849,3814.2,824.8,832.1,837.0,939.5,191.6,193.0,195.8,193.0,4.47,74.4,2.873,3815.5,826.1,834.1,837.1,939.6,190.8,192.3,195.8,192.2,4.45,74.2,2.889,-5.8,0.891,1,injector_clog,4,0.46,16.76,60342.1
250.3,mission_cruise,72.21789883268482,3200.0,43.89105058365759,3817.7,823.7,833.4,838.0,940.8,191.4,191.9,195.1,192.0,4.41,74.1,2.92,3815.4,826.1,834.1,837.1,939.6,190.8,192.3,195.8,192.2,4.45,74.2,2.889,-5.8,0.891,1,injector_clog,4,0.46,16.73,60241.2
250.4,mission_cruise,72.21678710394664,3200.0,43.89160644802668,3819.7,825.6,833.2,839.4,938.7,190.8,191.5,196.0,191.5,4.48,74.5,2.912,3815.4,826.1,834.1,837.1,939.6,190.8,192.3,195.8,192.2,4.45,74.2,2.889,-5.8,0.891,1,injector_clog,4,0.46,16.71,60140.3
250.5,mission_cruise,72.21567537520845,3200.0,43.892162312395776,3825.1,825.6,835.8,836.7,938.7,190.6,192.0,195.6,192.5,4.46,74.5,2.963,3815.4,826.1,834.1,837.1,939.6,190.8,192.3,195.8,192.2,4.45,74.2,2.889,-5.8,0.891,1,injector_clog,4,0.46,16.68,60039.4
250.6,mission_cruise,72.21456364647027,3200.0,43.892718176764866,3817.6,825.3,836.7,837.0,940.4,190.6,192.5,196.1,191.5,4.42,74.8,2.89,3815.3,826.1,834.1,837.1,939.6,190.8,192.3,195.8,192.2,4.45,74.2,2.888,-5.8,0.891,1,injector_clog,4,0.46,16.65,59938.5
250.7,mission_cruise,72.21345191773207,3200.0,43.893274041133964,3814.3,828.0,833.0,834.1,941.9,190.5,192.3,195.5,192.4,4.43,75.1,2.866,3815.3,826.1,834.1,837.1,939.6,190.7,192.2,195.7,192.2,4.45,74.2,2.888,-5.8,0.891,1,injector_clog,4,0.46,16.62,59837.6
250.8,mission_cruise,72.21234018899389,3200.0,43.893829905503054,3813.0,826.0,831.2,838.9,939.5,190.1,191.7,195.2,192.5,4.47,73.9,2.911,3815.3,826.1,834.1,837.1,939.6,190.7,192.2,195.7,192.2,4.45,74.2,2.888,-5.8,0.891,1,injector_clog,4,0.46,16.59,59736.7
250.9,mission_cruise,72.2112284602557,3200.0,43.89438576987215,3811.7,825.6,833.2,835.6,939.5,190.3,191.6,195.6,192.9,4.44,73.1,2.889,3815.2,826.1,834.1,837.1,939.6,190.7,192.2,195.7,192.2,4.45,74.2,2.888,-5.8,0.891,1,injector_clog,4,0.46,16.57,59635.8
251.0,mission_cruise,72.21011673151752,3200.0,43.89494163424124,3808.9,826.7,835.2,836.3,937.6,191.7,192.0,195.9,191.9,4.48,74.0,2.848,3815.2,826.1,834.1,837.1,939.6,190.7,192.2,195.7,192.2,4.45,74.2,2.888,-5.8,0.891,1,injector_clog,4,0.46,16.54,59534.9
251.1,mission_cruise,72.20900500277932,3200.0,43.89549749861034,3816.8,826.9,836.7,837.4,938.6,190.7,192.3,195.0,192.1,4.48,74.6,2.932,3815.2,826.1,834.1,837.1,939.6,190.7,192.2,195.7,192.2,4.45,74.2,2.888,-5.8,0.891,1,injector_clog,4,0.46,16.51,59434.0
251.2,mission_cruise,72.20789327404114,3200.0,43.89605336297943,3817.1,824.4,832.1,838.2,939.2,190.1,192.2,194.9,192.2,4.44,74.9,2.861,3815.1,826.1,834.1,837.1,939.6,190.7,192.2,195.7,192.2,4.45,74.2,2.888,-5.8,0.891,1,injector_clog,4,0.46,16.48,59333.1
251.3,mission_cruise,72.20678154530295,3200.0,43.89660922734853,3814.1,827.7,832.2,837.1,941.4,190.6,192.3,195.2,193.0,4.41,74.3,2.815,3815.1,826.1,834.1,837.1,939.6,190.7,192.2,195.7,192.2,4.45,74.2,2.888,-5.8,0.891,1,injector_clog,4,0.46,16.45,59232.2
251.4,mission_cruise,72.20566981656476,3200.0,43.89716509171762,3805.3,827.1,833.6,838.0,938.4,190.4,191.5,195.2,191.7,4.46,74.5,2.925,3815.1,826.1,834.1,837.1,939.6,190.7,192.2,195.7,192.2,4.45,74.2,2.888,-5.8,0.891,1,injector_clog,4,0.46,16.43,59131.3
251.5,mission_cruise,72.20455808782657,3200.0,43.897720956086715,3811.5,825.8,835.1,837.7,940.2,190.8,191.7,196.5,192.0,4.48,73.9,2.909,3815.0,826.1,834.1,837.1,939.6,190.7,192.2,195.7,192.2,4.45,74.2,2.888,-5.8,0.891,1,injector_clog,4,0.46,16.4,59030.4
251.6,mission_cruise,72.20344635908839,3200.0,43.898276820455806,3821.1,827.1,835.5,837.7,938.2,190.8,192.7,196.3,192.3,4.48,73.5,2.858,3815.0,826.1,834.1,837.1,939.6,190.7,192.2,195.7,192.2,4.45,74.2,2.888,-5.8,0.891,1,injector_clog,4,0.46,16.37,58929.5
251.7,mission_cruise,72.2023346303502,3200.0,43.8988326848249,3815.6,826.3,834.2,836.9,938.7,190.6,191.5,196.0,191.8,4.46,73.9,2.951,3815.0,826.1,834.1,837.1,939.6,190.7,192.2,195.7,192.2,4.45,74.2,2.888,-5.8,0.891,1,injector_clog,4,0.46,16.34,58828.6
251.8,mission_cruise,72.20122290161201,3200.0,43.89938854919399,3811.4,828.4,831.9,836.4,939.3,189.7,192.9,195.3,192.4,4.48,73.8,2.865,3814.9,826.1,834.1,837.1,939.6,190.7,192.2,195.7,192.1,4.45,74.2,2.888,-5.8,0.891,1,injector_clog,4,0.46,16.31,58727.7
251.9,mission_cruise,72.20011117287382,3200.0,43.89994441356309,3823.8,825.9,833.9,837.0,939.7,190.9,193.0,194.2,192.8,4.44,73.8,2.916,3814.9,826.1,834.1,837.1,939.6,190.7,192.2,195.7,192.1,4.45,74.2,2.888,-5.8,0.891,1,injector_clog,4,0.46,16.29,58626.8
252.0,mission_cruise,72.19899944413564,3200.0,43.90050027793218,3820.7,824.4,835.2,837.8,939.8,191.2,193.6,195.6,192.3,4.46,73.2,2.864,3814.9,826.1,834.1,837.1,939.6,190.7,192.2,195.7,192.1,4.45,74.2,2.888,-5.8,0.891,1,injector_clog,4,0.46,16.26,58525.9
252.1,mission_cruise,72.19788771539744,3200.0,43.90105614230128,3812.4,826.7,835.3,837.1,937.7,190.6,191.7,196.9,191.8,4.46,74.7,2.848,3814.9,826.1,834.1,837.1,939.6,190.7,192.2,195.7,192.1,4.45,74.2,2.888,-5.8,0.891,1,injector_clog,4,0.46,16.23,58425.0
252.2,mission_cruise,72.19677598665926,3200.0,43.90161200667037,3815.9,826.1,833.3,835.5,938.4,191.1,192.5,196.6,193.0,4.44,74.2,2.856,3814.8,826.1,834.1,837.1,939.5,190.7,192.2,195.7,192.1,4.45,74.2,2.888,-5.8,0.891,1,injector_clog,4,0.46,16.2,58324.1
252.3,mission_cruise,72.19566425792107,3200.0,43.90216787103947,3816.1,824.8,834.5,836.2,941.3,190.3,192.6,194.6,191.5,4.42,74.6,2.863,3814.8,826.1,834.1,837.1,939.5,190.7,192.2,195.7,192.1,4.45,74.2,2.888,-5.8,0.891,1,injector_clog,4,0.46,16.17,58223.2
252.4,mission_cruise,72.19455252918289,3200.0,43.90272373540856,3812.3,826.4,835.1,838.0,939.8,190.3,193.3,196.5,192.5,4.47,74.3,2.857,3814.8,826.1,834.1,837.1,939.5,190.7,192.2,195.7,192.1,4.45,74.2,2.888,-5.8,0.891,1,injector_clog,4,0.46,16.15,58122.3
252.5,mission_cruise,72.19344080044469,3200.0,43.903279599777655,3825.4,824.1,832.3,836.6,942.8,190.1,192.2,195.0,192.3,4.47,74.1,2.913,3814.7,826.1,834.1,837.1,939.5,190.7,192.2,195.7,192.1,4.45,74.2,2.888,-5.8,0.891,1,injector_clog,4,0.46,16.12,58021.4
252.6,mission_cruise,72.19232907170651,3200.0,43.903835464146745,3814.8,828.8,832.5,838.7,941.7,191.6,191.9,195.0,192.1,4.43,74.1,2.888,3814.7,826.0,834.0,837.0,939.5,190.7,192.2,195.7,192.1,4.45,74.2,2.888,-5.8,0.891,1,injector_clog,4,0.46,16.09,57920.5
252.7,mission_cruise,72.19121734296832,3200.0,43.90439132851584,3818.1,826.6,834.1,838.2,940.4,190.1,192.2,195.4,191.4,4.52,74.1,2.871,3814.7,826.0,834.0,837.0,939.5,190.7,192.2,195.7,192.1,4.45,74.2,2.888,-5.8,0.891,1,injector_clog,4,0.46,16.06,57819.6
252.8,mission_cruise,72.19010561423013,3200.0,43.90494719288493,3813.6,827.2,832.8,834.2,939.8,189.5,190.9,195.2,191.7,4.44,73.9,2.875,3814.6,826.0,834.0,837.0,939.5,190.7,192.2,195.7,192.1,4.45,74.2,2.888,-5.8,0.891,1,injector_clog,4,0.46,16.03,57718.7
252.9,mission_cruise,72.18899388549194,3200.0,43.90550305725403,3809.6,827.8,835.0,837.9,939.8,190.6,191.8,194.7,193.3,4.45,73.9,2.904,3814.6,826.0,834.0,837.0,939.5,190.7,192.2,195.7,192.1,4.45,74.2,2.888,-5.8,0.891,1,injector_clog,4,0.46,16.0,57617.8
253.0,mission_cruise,72.18788215675376,3200.0,43.90605892162312,3808.7,824.3,836.3,836.6,936.6,190.8,191.4,195.4,193.1,4.45,73.6,2.899,3814.6,826.0,834.0,837.0,939.5,190.7,192.2,195.7,192.1,4.45,74.2,2.888,-5.8,0.891,1,injector_clog,4,0.46,15.98,57516.9
253.1,mission_cruise,72.18677042801556,3200.0,43.90661478599222,3820.8,826.0,833.5,836.3,939.5,190.5,192.2,195.4,192.4,4.43,74.9,2.885,3814.5,826.0,834.0,837.0,939.5,190.7,192.2,195.7,192.1,4.45,74.2,2.888,-5.8,0.891,1,injector_clog,4,0.46,15.95,57416.0
253.2,mission_cruise,72.18565869927738,3200.0,43.90717065036131,3810.1,826.2,834.3,835.4,938.6,192.1,191.5,196.5,192.6,4.45,74.0,2.917,3814.5,826.0,834.0,837.0,939.5,190.7,192.2,195.7,192.1,4.45,74.2,2.888,-5.8,0.891,1,injector_clog,4,0.46,15.92,57315.1
253.3,mission_cruise,72.18454697053919,3200.0,43.907726514730406,3818.8,824.1,832.9,836.6,937.7,190.5,192.3,194.9,191.8,4.43,72.9,2.9,3814.5,826.0,834.0,837.0,939.5,190.7,192.2,195.7,192.1,4.45,74.2,2.887,-5.8,0.891,1,injector_clog,4,0.46,15.89,57214.2
253.4,mission_cruise,72.183435241801,3200.0,43.9082823790995,3818.5,826.0,834.7,834.4,940.6,190.6,191.8,195.7,191.5,4.45,74.7,2.833,3814.4,826.0,834.0,837.0,939.5,190.7,192.2,195.7,192.1,4.45,74.2,2.887,-5.8,0.891,1,injector_clog,4,0.46,15.86,57113.3
253.5,mission_cruise,72.18232351306281,3200.0,43.908838243468594,3817.0,827.6,835.0,835.2,939.1,190.3,192.2,196.1,192.6,4.46,73.7,2.932,3814.4,826.0,834.0,837.0,939.5,190.7,192.2,195.7,192.1,4.45,74.2,2.887,-5.8,0.891,1,injector_clog,4,0.46,15.84,57012.4
253.6,mission_cruise,72.18121178432463,3200.0,43.909394107837684,3820.9,824.3,835.5,837.5,940.1,191.2,192.1,195.9,191.3,4.44,73.2,2.903,3814.4,826.0,834.0,837.0,939.5,190.7,192.2,195.7,192.1,4.45,74.2,2.887,-5.8,0.891,1,injector_clog,4,0.46,15.81,56911.5
253.7,mission_cruise,72.18010005558644,3200.0,43.90994997220678,3812.7,825.7,834.9,841.2,940.7,190.3,191.6,195.6,190.9,4.46,73.9,2.947,3814.3,826.0,834.0,837.0,939.5,190.7,192.2,195.7,192.1,4.45,74.2,2.887,-5.8,0.891,1,injector_clog,4,0.46,15.78,56810.6
253.8,mission_cruise,72.17898832684826,3200.0,43.91050583657587,3805.1,825.7,834.0,838.1,941.2,191.3,191.4,195.9,191.9,4.45,74.6,2.826,3814.3,826.0,834.0,837.0,939.5,190.7,192.2,195.7,192.1,4.45,74.2,2.887,-5.8,0.891,1,injector_clog,4,0.46,15.75,56709.7
253.9,mission_cruise,72.17787659811006,3200.0,43.91106170094497,3811.7,828.4,834.5,835.3,940.3,190.6,191.9,196.3,191.5,4.46,75.0,2.897,3814.3,826.0,834.0,837.0,939.5,190.7,192.2,195.7,192.1,4.45,74.2,2.887,-5.8,0.891,1,injector_clog,4,0.46,15.72,56608.8
254.0,mission_cruise,72.17676486937188,3200.0,43.91161756531406,3808.4,824.1,834.6,838.5,937.8,190.7,192.4,196.4,191.2,4.42,74.5,2.838,3814.2,826.0,834.0,837.0,939.5,190.7,192.2,195.7,192.1,4.45,74.2,2.887,-5.8,0.891,1,injector_clog,4,0.46,15.7,56507.9
254.1,mission_cruise,72.17565314063368,3200.0,43.91217342968316,3810.4,825.2,833.0,835.3,938.7,190.6,192.4,195.9,192.5,4.41,74.0,2.901,3814.2,826.0,834.0,837.0,939.5,190.7,192.2,195.7,192.1,4.45,74.2,2.887,-5.8,0.891,1,injector_clog,4,0.46,15.67,56407.0
254.2,mission_cruise,72.1745414118955,3200.0,43.91272929405225,3816.1,825.1,836.5,834.8,939.0,190.6,192.8,195.1,192.6,4.48,74.4,2.88,3814.2,826.0,834.0,837.0,939.5,190.7,192.2,195.7,192.1,4.45,74.2,2.887,-5.8,0.891,1,injector_clog,4,0.46,15.64,56306.1
254.3,mission_cruise,72.17342968315731,3200.0,43.913285158421345,3814.8,825.6,834.0,838.0,940.2,191.1,192.1,195.9,193.2,4.4,73.5,2.922,3814.2,826.0,834.0,837.0,939.5,190.7,192.2,195.7,192.1,4.45,74.2,2.887,-5.8,0.891,1,injector_clog,4,0.46,15.61,56205.2
254.4,mission_cruise,72.17231795441913,3200.0,43.913841022790436,3807.0,826.1,834.3,835.3,941.6,189.4,191.7,194.8,190.8,4.45,73.5,2.91,3814.1,826.0,834.0,837.0,939.5,190.7,192.2,195.7,192.1,4.45,74.2,2.887,-5.8,0.891,1,injector_clog,4,0.46,15.58,56104.3
254.5,mission_cruise,72.17120622568093,3200.0,43.91439688715953,3818.4,824.6,836.9,837.8,938.5,190.4,191.3,196.4,191.7,4.37,73.5,2.871,3814.1,826.0,834.0,837.0,939.5,190.7,192.2,195.7,192.1,4.45,74.2,2.887,-5.8,0.891,1,injector_clog,4,0.46,15.56,56003.4
254.6,mission_cruise,72.17009449694275,3200.0,43.914952751528624,3809.7,825.9,832.0,840.1,939.2,190.9,191.3,195.4,192.2,4.43,74.1,2.909,3814.1,826.0,834.0,837.0,939.5,190.7,192.2,195.7,192.1,4.45,74.2,2.887,-5.8,0.891,1,injector_clog,4,0.46,15.53,55902.5
254.7,mission_cruise,72.16898276820456,3200.0,43.91550861589772,3805.8,825.8,833.4,839.2,939.1,191.2,192.4,195.4,192.8,4.46,74.0,2.898,3814.0,826.0,834.0,837.0,939.5,190.7,192.2,195.7,192.1,4.45,74.2,2.887,-5.8,0.891,1,injector_clog,4,0.46,15.5,55801.6
254.8,mission_cruise,72.16787103946638,3200.0,43.91606448026681,3815.9,824.2,835.0,836.9,939.8,191.7,192.1,194.9,191.4,4.45,74.3,2.912,3814.0,826.0,834.0,837.0,939.5,190.7,192.2,195.7,192.1,4.45,74.2,2.887,-5.8,0.891,1,injector_clog,4,0.46,15.47,55700.7
254.9,mission_cruise,72.16675931072818,3200.0,43.91662034463591,3817.4,826.9,833.3,839.4,939.4,189.7,191.7,194.8,192.6,4.43,74.0,2.871,3814.0,826.0,834.0,837.0,939.5,190.7,192.2,195.7,192.1,4.45,74.2,2.887,-5.8,0.891,1,injector_clog,4,0.46,15.44,55599.8
255.0,mission_cruise,72.16564758199,3200.0,43.917176209005,3814.8,824.9,832.5,838.4,938.4,190.4,191.2,195.7,191.8,4.45,74.0,2.912,3813.9,826.0,834.0,837.0,939.5,190.7,192.2,195.7,192.1,4.45,74.2,2.887,-5.8,0.891,1,injector_clog,4,0.46,15.42,55498.9
255.1,mission_cruise,72.1645358532518,3200.0,43.9177320733741,3814.9,827.3,837.5,834.4,940.7,190.9,192.3,195.4,193.5,4.44,73.7,2.93,3813.9,826.0,834.0,837.0,939.5,190.7,192.2,195.7,192.1,4.45,74.2,2.887,-5.8,0.891,1,injector_clog,4,0.46,15.39,55398.0
255.2,mission_cruise,72.16342412451363,3200.0,43.91828793774319,3818.4,826.8,834.5,837.6,938.6,190.6,192.7,196.5,192.9,4.43,73.4,2.915,3813.9,826.0,834.0,837.0,939.5,190.7,192.2,195.7,192.1,4.45,74.2,2.887,-5.8,0.891,1,injector_clog,4,0.46,15.36,55297.1
255.3,mission_cruise,72.16231239577543,3200.0,43.918843802112285,3810.1,824.2,833.0,833.2,941.9,190.6,192.8,197.0,191.9,4.42,73.4,2.881,3813.8,826.0,834.0,837.0,939.5,190.7,192.2,195.7,192.1,4.45,74.2,2.887,-5.8,0.891,1,injector_clog,4,0.46,15.33,55196.2
255.4,mission_cruise,72.16120066703725,3200.0,43.919399666481375,3814.3,826.1,834.5,837.8,938.2,191.0,192.2,195.9,192.7,4.44,74.4,2.888,3813.8,826.0,834.0,837.0,939.5,190.7,192.2,195.7,192.1,4.45,74.2,2.887,-5.8,0.891,1,injector_clog,4,0.46,15.3,55095.3
255.5,mission_cruise,72.16008893829905,3200.0,43.91995553085047,3815.3,824.9,833.2,837.1,940.8,190.3,192.1,196.8,192.0,4.47,74.2,2.879,3813.8,826.0,834.0,837.0,939.5,190.7,192.2,195.7,192.1,4.45,74.2,2.887,-5.8,0.891,1,injector_clog,4,0.46,15.28,54994.4
255.6,mission_cruise,72.15897720956087,3200.0,43.92051139521956,3814.6,827.3,833.7,835.7,938.5,191.4,192.8,195.3,191.8,4.47,73.9,2.889,3813.7,826.0,834.0,837.0,939.5,190.7,192.2,195.7,192.1,4.45,74.2,2.887,-5.8,0.891,1,injector_clog,4,0.46,15.25,54893.5
255.7,mission_cruise,72.15786548082268,3200.0,43.92106725958866,3814.6,828.2,834.3,838.2,938.3,190.7,191.9,195.9,192.2,4.45,74.6,2.864,3813.7,826.0,834.0,837.0,939.5,190.7,192.2,195.7,192.1,4.45,74.2,2.887,-5.8,0.891,1,injector_clog,4,0.46,15.22,54792.6
255.8,mission_cruise,72.1567537520845,3200.0,43.92162312395775,3814.0,824.5,833.1,836.7,938.5,191.7,192.3,196.1,191.9,4.4,74.7,2.886,3813.7,826.0,834.0,837.0,939.5,190.7,192.2,195.7,192.1,4.45,74.2,2.887,-5.8,0.891,1,injector_clog,4,0.46,15.19,54691.7
255.9,mission_cruise,72.1556420233463,3200.0,43.92217898832685,3816.4,826.4,835.1,836.6,938.9,190.5,191.4,194.8,191.8,4.44,73.9,2.88,3813.6,826.0,834.0,837.0,939.5,190.7,192.2,195.7,192.1,4.45,74.2,2.887,-5.8,0.891,1,injector_clog,4,0.46,15.16,54590.8
256.0,mission_cruise,72.15453029460812,3200.0,43.92273485269594,3822.8,825.9,835.0,837.4,938.5,190.9,192.8,194.6,191.9,4.44,73.6,2.856,3813.6,826.0,834.0,837.0,939.5,190.7,192.2,195.7,192.1,4.45,74.2,2.887,-5.8,0.891,1,injector_clog,4,0.46,15.14,54489.9
256.1,mission_cruise,72.15341856586993,3200.0,43.923290717065036,3816.8,828.2,833.3,836.4,941.1,191.3,192.0,195.0,192.3,4.49,74.4,2.938,3813.6,826.0,834.0,837.0,939.5,190.7,192.2,195.7,192.1,4.45,74.2,2.886,-5.8,0.891,1,injector_clog,4,0.46,15.11,54389.0
256.2,mission_cruise,72.15230683713175,3200.0,43.92384658143413,3811.8,825.6,834.9,838.4,941.2,191.0,192.1,195.8,192.4,4.49,74.1,2.942,3813.6,826.0,834.0,837.0,939.5,190.7,192.2,195.7,192.1,4.45,74.2,2.886,-5.8,0.891,1,injector_clog,4,0.46,15.08,54288.1
256.3,mission_cruise,72.15119510839355,3200.0,43.924402445803224,3812.8,824.9,836.1,835.5,940.4,190.3,192.4,196.7,192.1,4.44,73.6,2.822,3813.5,826.0,834.0,837.0,939.5,190.7,192.2,195.7,192.1,4.45,74.2,2.886,-5.8,0.891,1,injector_clog,4,0.46,15.05,54187.2
256.4,mission_cruise,72.15008337965537,3200.0,43.924958310172315,3816.1,827.1,832.8,836.5,937.9,190.8,192.2,194.8,192.4,4.45,73.7,2.883,3813.5,826.0,834.0,837.0,939.5,190.7,192.2,195.7,192.1,4.45,74.2,2.886,-5.8,0.891,1,injector_clog,4,0.46,15.02,54086.3
256.5,mission_cruise,72.14897165091718,3200.0,43.92551417454141,3815.0,825.0,834.7,835.2,938.5,190.3,192.4,195.0,193.2,4.45,73.9,2.847,3813.5,826.0,834.0,837.0,939.5,190.7,192.2,195.7,192.1,4.45,74.2,2.886,-5.8,0.891,1,injector_clog,4,0.46,15.0,53985.4
256.6,mission_cruise,72.147859922179,3200.0,43.9260700389105,3810.5,827.0,835.6,838.7,938.9,190.7,192.9,195.8,192.1,4.44,75.0,2.847,3813.4,826.0,834.0,837.0,939.5,190.7,192.2,195.7,192.1,4.45,74.2,2.886,-5.8,0.891,1,injector_clog,4,0.46,14.97,53884.5
256.7,mission_cruise,72.1467481934408,3200.0,43.9266259032796,3801.7,824.9,833.9,841.0,940.5,189.9,192.2,195.5,191.8,4.43,74.2,2.884,3813.4,826.0,834.0,837.0,939.5,190.7,192.2,195.7,192.1,4.45,74.2,2.886,-5.8,0.891,1,injector_clog,4,0.46,14.94,53783.6
256.8,mission_cruise,72.14563646470262,3200.0,43.92718176764869,3815.2,826.6,834.0,838.6,937.1,190.3,192.8,195.4,192.3,4.46,73.8,2.895,3813.4,826.0,834.0,837.0,939.5,190.7,192.2,195.7,192.1,4.45,74.2,2.886,-5.8,0.891,1,injector_clog,4,0.46,14.91,53682.7
256.9,mission_cruise,72.14452473596442,3200.0,43.92773763201779,3816.5,826.5,834.8,834.8,940.5,190.3,192.4,195.2,193.1,4.44,73.6,2.871,3813.3,826.0,834.0,837.0,939.5,190.7,192.2,195.7,192.1,4.45,74.2,2.886,-5.8,0.891,1,injector_clog,4,0.46,14.88,53581.8
257.0,mission_cruise,72.14341300722624,3200.0,43.92829349638688,3819.3,825.1,833.6,837.4,940.9,190.8,191.5,196.0,191.7,4.42,74.0,2.877,3813.3,826.0,834.0,837.0,939.5,190.7,192.2,195.7,192.1,4.45,74.2,2.886,-5.8,0.891,1,injector_clog,4,0.46,14.86,53480.9
257.1,mission_cruise,72.14230127848805,3200.0,43.928849360755976,3805.4,826.3,833.1,837.9,943.0,190.9,192.3,196.6,191.4,4.47,74.6,2.91,3813.3,826.0,834.0,837.0,939.5,190.7,192.2,195.7,192.1,4.45,74.2,2.886,-5.8,0.891,1,injector_clog,4,0.46,14.83,53380.0
257.2,mission_cruise,72.14118954974987,3200.0,43.929405225125066,3815.0,824.7,831.7,835.3,938.2,190.7,191.5,195.1,192.6,4.47,74.5,2.887,3813.2,826.0,834.0,837.0,939.5,190.7,192.2,195.7,192.1,4.45,74.2,2.886,-5.8,0.891,1,injector_clog,4,0.46,14.8,53279.1
257.3,mission_cruise,72.14007782101167,3200.0,43.929961089494164,3817.5,825.6,835.0,834.5,940.2,191.0,192.6,196.4,191.7,4.45,74.0,2.863,3813.2,826.0,834.0,837.0,939.4,190.7,192.2,195.7,192.1,4.45,74.1,2.886,-5.8,0.891,1,injector_clog,4,0.46,14.77,53178.2
257.4,mission_cruise,72.13896609227349,3200.0,43.930516953863254,3813.8,826.7,833.3,839.1,937.0,190.8,192.8,195.6,193.0,4.44,73.4,2.843,3813.2,826.0,834.0,837.0,939.4,190.7,192.2,195.7,192.1,4.45,74.1,2.886,-5.8,0.891,1,injector_clog,4,0.46,14.74,53077.3
257.5,mission_cruise,72.1378543635353,3200.0,43.93107281823235,3814.6,825.3,833.1,837.4,938.7,189.6,192.5,195.4,192.9,4.46,74.1,2.855,3813.1,826.0,834.0,837.0,939.4,190.7,192.2,195.7,192.1,4.45,74.1,2.886,-5.8,0.891,1,injector_clog,4,0.46,14.72,52976.4
257.6,mission_cruise,72.13674263479712,3200.0,43.93162868260144,3824.4,823.2,832.8,838.7,937.2,190.5,192.1,196.1,192.7,4.47,74.7,2.857,3813.1,826.0,834.0,837.0,939.4,190.7,192.2,195.7,192.1,4.45,74.1,2.886,-5.8,0.891,1,injector_clog,4,0.46,14.69,52875.5
257.7,mission_cruise,72.13563090605892,3200.0,43.93218454697054,3818.0,825.4,834.6,838.9,939.9,190.9,192.3,196.6,192.7,4.46,73.8,2.885,3813.1,826.0,834.0,837.0,939.4,190.7,192.2,195.7,192.1,4.45,74.1,2.886,-5.8,0.891,1,injector_clog,4,0.46,14.66,52774.6
257.8,mission_cruise,72.13451917732074,3200.0,43.93274041133963,3810.6,824.4,831.5,837.1,936.8,190.6,192.3,195.0,191.9,4.49,74.3,2.904,3813.0,825.9,833.9,836.9,939.4,190.7,192.2,195.7,192.1,4.45,74.1,2.886,-5.8,0.891,1,injector_clog,4,0.46,14.63,52673.7
257.9,mission_cruise,72.13340744858255,3200.0,43.93329627570873,3816.3,827.3,836.0,836.6,939.4,190.5,193.2,195.1,191.8,4.45,74.2,2.9,3813.0,825.9,833.9,836.9,939.4,190.7,192.2,195.7,192.1,4.45,74.1,2.886,-5.8,0.891,1,injector_clog,4,0.46,14.6,52572.8
258.0,mission_cruise,72.13229571984436,3200.0,43.93385214007782,3812.3,825.7,832.4,837.2,940.2,191.1,192.1,194.9,191.9,4.43,74.5,2.857,3813.0,825.9,833.9,836.9,939.4,190.7,192.2,195.7,192.1,4.45,74.1,2.886,-5.8,0.891,1,injector_clog,4,0.46,14.58,52471.9
258.1,mission_cruise,72.13118399110617,3200.0,43.934408004446915,3827.1,823.7,833.8,835.7,937.9,190.0,193.4,196.2,192.6,4.42,74.1,2.908,3813.0,825.9,833.9,836.9,939.4,190.7,192.2,195.7,192.1,4.45,74.1,2.886,-5.8,0.891,1,injector_clog,4,0.46,14.55,52371.0
258.2,mission_cruise,72.13007226236799,3200.0,43.934963868816006,3820.5,826.3,835.2,837.5,941.5,190.1,193.0,195.5,192.3,4.43,74.6,2.901,3812.9,825.9,833.9,836.9,939.4,190.7,192.2,195.7,192.1,4.45,74.1,2.886,-5.8,0.891,1,injector_clog,4,0.46,14.52,52270.1
258.3,mission_cruise,72.1289605336298,3200.0,43.9355197331851,3817.8,825.3,831.6,835.7,940.2,190.5,192.4,196.4,191.2,4.41,74.1,2.913,3812.9,825.9,833.9,836.9,939.4,190.7,192.2,195.7,192.1,4.45,74.1,2.886,-5.8,0.891,1,injector_clog,4,0.46,14.49,52169.2
258.4,mission_cruise,72.12784880489161,3200.0,43.93607559755419,3822.8,825.5,834.7,837.6,939.3,189.9,191.7,195.8,190.8,4.43,74.0,2.891,3812.9,825.9,833.9,836.9,939.4,190.7,192.2,195.7,192.1,4.45,74.1,2.886,-5.8,0.891,1,injector_clog,4,0.46,14.46,52068.3
258.5,mission_cruise,72.12673707615342,3200.0,43.93663146192329,3812.1,826.8,832.2,838.4,941.2,190.5,191.9,195.9,191.9,4.45,74.1,2.879,3812.8,825.9,833.9,836.9,939.4,190.7,192.2,195.7,192.1,4.45,74.1,2.886,-5.8,0.891,1,injector_clog,4,0.46,14.44,51967.4
258.6,mission_cruise,72.12562534741524,3200.0,43.93718732629238,3804.5,827.1,834.9,836.6,944.4,191.0,192.4,195.7,191.9,4.47,74.3,2.83,3812.8,825.9,833.9,836.9,939.4,190.7,192.2,195.7,192.1,4.45,74.1,2.886,-5.8,0.891,1,injector_clog,4,0.46,14.41,51866.5
258.7,mission_cruise,72.12451361867704,3200.0,43.93774319066148,3812.9,826.8,832.4,835.8,936.9,191.0,192.3,194.6,192.3,4.43,75.3,2.848,3812.8,825.9,833.9,836.9,939.4,190.7,192.2,195.7,192.1,4.45,74.1,2.886,-5.8,0.891,1,injector_clog,4,0.46,14.38,51765.6
258.8,mission_cruise,72.12340188993886,3200.0,43.93829905503057,3805.2,823.8,831.2,836.5,939.2,190.6,192.0,195.4,192.0,4.45,74.1,2.86,3812.7,825.9,833.9,836.9,939.4,190.7,192.2,195.7,192.1,4.45,74.1,2.886,-5.8,0.891,1,injector_clog,4,0.46,14.35,51664.7
258.9,mission_cruise,72.12229016120067,3200.0,43.93885491939967,3809.4,826.0,835.0,838.3,939.3,189.8,192.0,196.2,192.3,4.46,74.4,2.885,3812.7,825.9,833.9,836.9,939.4,190.7,192.2,195.7,192.1,4.45,74.1,2.885,-5.8,0.891,1,injector_clog,4,0.46,14.32,51563.8
259.0,mission_cruise,72.12117843246249,3200.0,43.93941078376876,3811.8,824.8,830.5,835.3,938.5,190.1,192.4,195.0,192.0,4.45,73.9,2.883,3812.7,825.9,833.9,836.9,939.4,190.7,192.2,195.7,192.1,4.45,74.1,2.885,-5.8,0.891,1,injector_clog,4,0.46,14.3,51462.9
259.1,mission_cruise,72.12006670372429,3200.0,43.939966648137855,3808.2,824.9,833.1,837.6,937.1,190.8,191.3,195.4,192.1,4.43,73.9,2.924,3812.6,825.9,833.9,836.9,939.4,190.7,192.2,195.7,192.1,4.45,74.1,2.885,-5.8,0.891,1,injector_clog,4,0.46,14.27,51362.0
259.2,mission_cruise,72.11895497498611,3200.0,43.940522512506945,3809.5,827.1,834.2,837.4,940.3,190.5,191.4,194.8,191.2,4.47,74.2,2.889,3812.6,825.9,833.9,836.9,939.4,190.7,192.2,195.7,192.1,4.45,74.1,2.885,-5.8,0.891,1,injector_clog,4,0.46,14.24,51261.1
259.3,mission_cruise,72.11784324624792,3200.0,43.94107837687604,3806.4,826.7,835.3,837.0,939.9,191.7,192.3,194.5,192.0,4.43,73.8,2.866,3812.6,825.9,833.9,836.9,939.4,190.7,192.2,195.7,192.1,4.45,74.1,2.885,-5.8,0.891,1,injector_clog,4,0.46,14.21,51160.2
259.4,mission_cruise,72.11673151750973,3200.0,43.94163424124513,3808.2,828.1,834.7,837.9,940.9,190.8,192.6,196.0,191.3,4.44,74.9,2.909,3812.5,825.9,833.9,836.9,939.4,190.7,192.2,195.7,192.1,4.45,74.1,2.885,-5.8,0.891,1,injector_clog,4,0.46,14.18,51059.3
259.5,mission_cruise,72.11561978877154,3200.0,43.94219010561423,3810.9,827.1,835.3,837.5,939.7,190.1,193.1,195.4,192.9,4.45,74.8,2.87,3812.5,825.9,833.9,836.9,939.4,190.7,192.2,195.7,192.1,4.45,74.1,2.885,-5.8,0.891,1,injector_clog,4,0.46,14.16,50958.4
259.6,mission_cruise,72.11450806003336,3200.0,43.94274596998332,3813.9,826.1,833.7,839.2,937.8,189.8,192.7,197.3,192.2,4.47,74.0,2.88,3812.5,825.9,833.9,836.9,939.4,190.7,192.2,195.7,192.1,4.45,74.1,2.885,-5.8,0.891,1,injector_clog,4,0.46,14.13,50857.5
259.7,mission_cruise,72.11339633129516,3200.0,43.94330183435242,3816.2,827.2,834.5,836.8,937.9,190.4,193.0,195.4,192.9,4.39,74.5,2.919,3812.4,825.9,833.9,836.9,939.4,190.7,192.2,195.7,192.1,4.45,74.1,2.885,-5.8,0.891,1,injector_clog,4,0.46,14.1,50756.6
259.8,mission_cruise,72.11228460255698,3200.0,43.94385769872151,3815.3,824.8,834.7,838.0,940.7,191.5,192.1,195.3,192.7,4.46,73.9,2.867,3812.4,825.9,833.9,836.9,939.4,190.7,192.2,195.7,192.1,4.45,74.1,2.885,-5.8,0.891,1,injector_clog,4,0.46,14.07,50655.7
259.9,mission_cruise,72.11117287381879,3200.0,43.944413563090606,3810.1,826.0,835.2,836.3,939.8,190.6,191.6,196.0,192.4,4.45,74.6,2.882,3812.4,825.9,833.9,836.9,939.4,190.7,192.2,195.7,192.1,4.45,74.1,2.885,-5.8,0.891,1,injector_clog,4,0.46,14.04,50554.8
260.0,mission_cruise,72.1100611450806,3200.0,43.9449694274597,3810.0,824.8,833.1,838.6,938.8,189.9,192.9,196.2,192.6,4.43,74.1,2.859,3812.4,825.9,833.9,836.9,939.4,190.7,192.2,195.7,192.1,4.45,74.1,2.885,-5.8,0.891,1,injector_clog,4,0.46,14.01,50453.9
260.1,mission_cruise,72.10894941634241,3200.0,43.945525291828794,3815.5,826.4,833.5,834.5,939.7,190.3,191.0,196.6,191.8,4.46,74.6,2.859,3812.3,825.9,833.9,836.9,939.4,190.7,192.2,195.7,192.1,4.45,74.1,2.885,-5.8,0.891,1,injector_clog,4,0.46,13.99,50353.0
260.2,mission_cruise,72.10783768760423,3200.0,43.946081156197884,3801.0,826.5,834.8,834.4,939.2,189.3,192.1,196.3,193.5,4.43,74.1,2.904,3812.3,825.9,833.9,836.9,939.4,190.7,192.2,195.7,192.1,4.45,74.1,2.885,-5.8,0.891,1,injector_clog,4,0.46,13.96,50252.1
260.3,mission_cruise,72.10672595886604,3200.0,43.94663702056698,3815.4,824.3,833.1,834.7,941.3,191.4,192.2,195.5,192.2,4.47,74.2,2.905,3812.3,825.9,833.9,836.9,939.4,190.7,192.2,195.7,192.1,4.45,74.1,2.885,-5.8,0.891,1,injector_clog,4,0.46,13.93,50151.2
260.4,mission_cruise,72.10561423012786,3200.0,43.94719288493607,3809.2,824.0,833.8,836.7,940.1,191.2,192.1,194.5,192.6,4.44,73.3,2.902,3812.2,825.9,833.9,836.9,939.4,190.7,192.2,195.7,192.1,4.45,74.1,2.885,-5.8,0.891,1,injector_clog,4,0.46,13.9,50050.3
260.5,mission_cruise,72.10450250138966,3200.0,43.94774874930517,3815.6,826.0,834.1,836.6,938.3,191.0,193.0,196.9,192.6,4.43,73.8,2.873,3812.2,825.9,833.9,836.9,939.4,190.7,192.2,195.7,192.1,4.45,74.1,2.885,-5.8,0.891,1,injector_clog,4,0.46,13.87,49949.4
260.6,mission_cruise,72.10339077265148,3200.0,43.94830461367426,3814.8,826.8,833.8,837.2,939.9,190.0,191.9,195.3,191.8,4.46,73.9,2.94,3812.2,825.9,833.9,836.9,939.4,190.7,192.2,195.7,192.1,4.45,74.1,2.885,-5.8,0.891,1,injector_clog,4,0.46,13.85,49848.5
260.7,mission_cruise,72.10227904391328,3200.0,43.94886047804336,3807.4,826.5,833.4,837.4,935.5,190.7,192.0,195.6,191.5,4.42,73.6,2.906,3812.1,825.9,833.9,836.9,939.4,190.7,192.2,195.7,192.1,4.45,74.1,2.885,-5.8,0.891,1,injector_clog,4,0.46,13.82,49747.6
260.8,mission_cruise,72.1011673151751,3200.0,43.94941634241245,3816.7,825.0,832.8,840.3,940.5,191.5,192.3,195.6,193.1,4.42,73.6,2.887,3812.1,825.9,833.9,836.9,939.4,190.7,192.2,195.7,192.1,4.45,74.1,2.885,-5.8,0.891,1,injector_clog,4,0.46,13.79,49646.7
260.9,mission_cruise,72.10005558643691,3200.0,43.949972206781545,3819.2,824.9,832.2,837.4,937.9,190.8,191.2,196.0,191.1,4.46,74.7,2.934,3812.1,825.9,833.9,836.9,939.4,190.7,192.2,195.7,192.1,4.45,74.1,2.885,-5.8,0.891,1,injector_clog,4,0.46,13.76,49545.8
261.0,mission_cruise,72.09894385769873,3200.0,43.950528071150636,3816.4,825.9,835.9,833.9,939.2,190.6,193.3,196.9,192.0,4.44,73.8,2.861,3812.0,825.9,833.9,836.9,939.4,190.7,192.2,195.7,192.1,4.45,74.1,2.885,-5.8,0.891,1,injector_clog,4,0.46,13.73,49444.9
261.1,mission_cruise,72.09783212896053,3200.0,43.95108393551973,3821.5,823.2,833.6,836.0,941.2,190.4,191.5,195.4,192.8,4.43,74.4,2.869,3812.0,825.9,833.9,836.9,939.4,190.7,192.2,195.7,192.1,4.45,74.1,2.885,-5.8,0.891,1,injector_clog,4,0.46,13.71,49344.0
261.2,mission_cruise,72.09672040022235,3200.0,43.951639799888824,3815.2,825.3,832.7,836.1,939.8,190.0,191.9,196.3,191.6,4.46,72.7,2.938,3812.0,825.9,833.9,836.9,939.4,190.7,192.2,195.7,192.1,4.45,74.1,2.885,-5.8,0.891,1,injector_clog,4,0.46,13.68,49243.1
261.3,mission_cruise,72.09560867148416,3200.0,43.95219566425792,3811.5,826.1,834.2,837.9,934.7,191.1,192.0,195.1,191.9,4.47,74.0,2.866,3811.9,825.9,833.9,836.9,939.4,190.7,192.2,195.7,192.1,4.45,74.1,2.885,-5.8,0.891,1,injector_clog,4,0.46,13.65,49142.2
261.4,mission_cruise,72.09449694274598,3200.0,43.95275152862701,3818.9,825.2,835.0,836.2,938.3,190.6,192.3,195.6,192.0,4.46,74.2,2.915,3811.9,825.9,833.9,836.9,939.4,190.7,192.2,195.7,192.1,4.45,74.1,2.885,-5.8,0.891,1,injector_clog,4,0.46,13.62,49041.3
261.5,mission_cruise,72.09338521400778,3200.0,43.95330739299611,3817.3,823.7,832.7,837.9,940.3,190.1,193.3,195.5,192.2,4.46,74.3,2.856,3811.9,825.9,833.9,836.9,939.4,190.7,192.2,195.7,192.1,4.45,74.1,2.885,-5.8,0.891,1,injector_clog,4,0.46,13.59,48940.4
261.6,mission_cruise,72.0922734852696,3200.0,43.9538632573652,3812.1,824.8,834.0,837.0,944.4,190.9,193.2,195.5,192.5,4.45,74.0,2.893,3811.8,825.9,833.9,836.9,939.4,190.7,192.2,195.7,192.1,4.45,74.1,2.884,-5.8,0.891,1,injector_clog,4,0.46,13.57,48839.5
261.7,mission_cruise,72.0911617565314,3200.0,43.9544191217343,3813.9,827.1,832.4,836.7,938.3,189.3,192.6,196.1,192.0,4.46,73.8,2.859,3811.8,825.9,833.9,836.9,939.4,190.7,192.2,195.7,192.1,4.45,74.1,2.884,-5.8,0.891,1,injector_clog,4,0.46,13.54,48738.6
261.8,mission_cruise,72.09005002779323,3200.0,43.95497498610339,3811.8,827.3,833.8,837.0,939.5,189.7,191.6,195.9,191.7,4.44,74.4,2.876,3811.8,825.9,833.9,836.9,939.4,190.7,192.2,195.7,192.1,4.45,74.1,2.884,-5.8,0.891,1,injector_clog,4,0.46,13.51,48637.7
261.9,mission_cruise,72.08893829905503,3200.0,43.955530850472485,3808.0,825.2,834.4,836.5,938.2,190.4,192.8,195.1,192.3,4.49,75.3,2.859,3811.8,825.9,833.9,836.9,939.4,190.7,192.2,195.7,192.1,4.45,74.1,2.884,-5.8,0.891,1,injector_clog,4,0.46,13.48,48536.8
262.0,mission_cruise,72.08782657031685,3200.0,43.956086714841575,3805.7,826.5,833.7,836.7,939.7,190.0,191.2,194.8,192.5,4.47,74.1,2.904,3811.7,825.9,833.9,836.9,939.4,190.7,192.2,195.7,192.1,4.45,74.1,2.884,-5.8,0.891,1,injector_clog,4,0.46,13.45,48435.9
262.1,mission_cruise,72.08671484157865,3200.0,43.95664257921067,3817.9,826.8,832.9,836.8,938.1,191.1,192.4,195.6,192.0,4.42,74.3,2.852,3811.7,825.9,833.9,836.9,939.4,190.7,192.2,195.7,192.1,4.45,74.1,2.884,-5.8,0.891,1,injector_clog,4,0.46,13.43,48335.0
262.2,mission_cruise,72.08560311284047,3200.0,43.95719844357976,3816.5,826.3,832.2,834.0,939.0,190.5,192.0,195.9,191.2,4.46,74.3,2.906,3811.7,825.9,833.9,836.9,939.4,190.7,192.2,195.7,192.1,4.45,74.1,2.884,-5.8,0.891,1,injector_clog,4,0.46,13.4,48234.1
262.3,mission_cruise,72.08449138410228,3200.0,43.95775430794886,3807.4,825.0,835.7,837.9,941.3,190.8,191.7,195.4,191.6,4.42,73.6,2.885,3811.6,825.9,833.9,836.9,939.4,190.7,192.2,195.7,192.1,4.45,74.1,2.884,-5.8,0.891,1,injector_clog,4,0.46,13.37,48133.2
262.4,mission_cruise,72.0833796553641,3200.0,43.95831017231795,3813.5,823.9,833.7,838.5,941.0,189.7,192.8,195.5,192.2,4.46,74.2,2.888,3811.6,825.9,833.9,836.9,939.4,190.7,192.2,195.7,192.1,4.45,74.1,2.884,-5.8,0.891,1,injector_clog,4,0.46,13.34,48032.3
262.5,mission_cruise,72.0822679266259,3200.0,43.95886603668705,3809.9,825.7,832.8,837.9,939.9,190.6,192.2,194.4,192.4,4.45,73.7,2.924,3811.6,825.9,833.9,836.9,939.3,190.7,192.2,195.7,192.1,4.45,74.1,2.884,-5.8,0.891,1,injector_clog,4,0.46,13.31,47931.4
262.6,mission_cruise,72.08115619788772,3200.0,43.95942190105614,3817.8,826.7,834.0,835.1,938.3,190.9,191.8,196.0,191.9,4.44,73.7,2.918,3811.5,825.9,833.9,836.9,939.3,190.7,192.2,195.7,192.1,4.45,74.1,2.884,-5.8,0.891,1,injector_clog,4,0.46,13.29,47830.5
262.7,mission_cruise,72.08004446914953,3200.0,43.959977765425236,3809.0,827.4,833.9,837.5,938.6,190.6,191.6,197.0,192.0,4.45,74.1,2.895,3811.5,825.9,833.9,836.9,939.3,190.7,192.2,195.7,192.1,4.45,74.1,2.884,-5.8,0.891,1,injector_clog,4,0.46,13.26,47729.6
262.8,mission_cruise,72.07893274041135,3200.0,43.96053362979433,3813.5,825.4,832.8,836.5,938.7,190.7,192.5,196.2,192.7,4.4,73.9,2.912,3811.5,825.9,833.9,836.9,939.3,190.7,192.2,195.7,192.1,4.45,74.1,2.884,-5.8,0.891,1,injector_clog,4,0.46,13.23,47628.7
262.9,mission_cruise,72.07782101167315,3200.0,43.961089494163424,3815.6,824.9,833.2,834.3,938.2,191.2,192.4,196.4,191.5,4.44,73.9,2.875,3811.4,825.9,833.9,836.9,939.3,190.7,192.2,195.7,192.1,4.45,74.1,2.884,-5.8,0.891,1,injector_clog,4,0.46,13.2,47527.8
263.0,mission_cruise,72.07670928293497,3200.0,43.961645358532515,3812.0,825.9,834.2,838.5,939.8,190.1,191.5,196.3,192.6,4.44,74.4,2.853,3811.4,825.8,833.8,836.8,939.3,190.7,192.2,195.7,192.1,4.45,74.1,2.884,-5.8,0.891,1,injector_clog,4,0.46,13.17,47426.9
263.1,mission_cruise,72.07559755419678,3200.0,43.96220122290161,3807.3,823.7,834.1,838.1,940.1,190.7,191.3,195.9,191.8,4.49,74.5,2.886,3811.4,825.8,833.8,836.8,939.3,190.7,192.2,195.7,192.1,4.45,74.1,2.884,-5.8,0.891,1,injector_clog,4,0.46,13.15,47326.0
263.2,mission_cruise,72.0744858254586,3200.0,43.9627570872707,3812.0,826.7,833.4,834.4,941.0,190.7,192.3,195.4,191.3,4.47,74.0,2.926,3811.3,825.8,833.8,836.8,939.3,190.7,192.2,195.7,192.1,4.45,74.1,2.884,-5.8,0.891,1,injector_clog,4,0.46,13.12,47225.1
263.3,mission_cruise,72.0733740967204,3200.0,43.9633129516398,3819.8,825.5,833.6,836.6,942.1,191.2,192.0,196.3,191.9,4.47,75.4,2.926,3811.3,825.8,833.8,836.8,939.3,190.7,192.2,195.7,192.1,4.45,74.1,2.884,-5.8,0.891,1,injector_clog,4,0.46,13.09,47124.2
263.4,mission_cruise,72.07226236798222,3200.0,43.96386881600889,3810.3,827.6,835.7,835.7,938.4,190.2,192.1,195.6,192.3,4.45,73.7,2.895,3811.3,825.8,833.8,836.8,939.3,190.7,192.2,195.7,192.1,4.45,74.1,2.884,-5.8,0.891,1,injector_clog,4,0.46,13.06,47023.3
263.5,mission_cruise,72.07115063924402,3200.0,43.96442468037799,3808.4,827.3,834.8,836.2,937.2,191.3,192.3,195.7,192.1,4.42,74.4,2.913,3811.2,825.8,833.8,836.8,939.3,190.7,192.2,195.7,192.1,4.45,74.1,2.884,-5.8,0.891,1,injector_clog,4,0.46,13.03,46922.4
263.6,mission_cruise,72.07003891050584,3200.0,43.96498054474708,3805.1,825.7,834.8,838.5,939.0,190.1,191.3,195.9,191.0,4.44,74.1,2.877,3811.2,825.8,833.8,836.8,939.3,190.7,192.2,195.7,192.1,4.45,74.1,2.884,-5.8,0.891,1,injector_clog,4,0.46,13.01,46821.5
263.7,mission_cruise,72.06892718176765,3200.0,43.965536409116176,3808.1,826.6,835.1,833.6,938.3,191.6,191.5,196.1,192.5,4.45,74.1,2.913,3811.2,825.8,833.8,836.8,939.3,190.7,192.2,195.7,192.1,4.45,74.1,2.884,-5.8,0.891,1,injector_clog,4,0.46,12.98,46720.6
263.8,mission_cruise,72.06781545302947,3200.0,43.966092273485266,3811.0,825.8,833.0,834.9,941.7,190.4,192.4,196.1,191.9,4.43,73.9,2.884,3811.2,825.8,833.8,836.8,939.3,190.7,192.2,195.7,192.1,4.45,74.1,2.884,-5.8,0.891,1,injector_clog,4,0.46,12.95,46619.7
263.9,mission_cruise,72.06670372429127,3200.0,43.966648137854364,3807.5,824.1,834.9,838.3,937.9,190.1,192.2,195.9,192.3,4.43,74.8,2.905,3811.1,825.8,833.8,836.8,939.3,190.7,192.2,195.7,192.1,4.45,74.1,2.884,-5.8,0.891,1,injector_clog,4,0.46,12.92,46518.8
264.0,mission_cruise,72.06559199555309,3200.0,43.967204002223454,3817.3,824.6,832.8,836.6,940.1,191.4,192.3,195.8,192.7,4.48,74.4,2.89,3811.1,825.8,833.8,836.8,939.3,190.7,192.2,195.7,192.1,4.45,74.1,2.884,-5.8,0.891,1,injector_clog,4,0.46,12.89,46417.9
264.1,mission_cruise,72.0644802668149,3200.0,43.96775986659255,3810.7,824.4,832.5,838.1,939.6,191.4,191.7,195.2,191.6,4.48,74.2,2.86,3811.1,825.8,833.8,836.8,939.3,190.7,192.2,195.7,192.1,4.45,74.1,2.884,-5.8,0.891,1,injector_clog,4,0.46,12.87,46317.0
264.2,mission_cruise,72.06336853807672,3200.0,43.96831573096164,3807.1,826.4,835.0,835.6,938.7,190.9,192.7,195.5,191.2,4.42,75.2,2.897,3811.0,825.8,833.8,836.8,939.3,190.7,192.2,195.7,192.1,4.45,74.1,2.884,-5.8,0.891,1,injector_clog,4,0.46,12.84,46216.1
264.3,mission_cruise,72.06225680933852,3200.0,43.96887159533074,3806.9,825.3,834.1,833.9,939.2,190.1,192.9,196.2,191.3,4.47,73.4,2.912,3811.0,825.8,833.8,836.8,939.3,190.7,192.2,195.7,192.1,4.45,74.1,2.884,-5.8,0.891,1,injector_clog,4,0.46,12.81,46115.2
264.4,mission_cruise,72.06114508060034,3200.0,43.96942745969983,3824.3,827.0,834.5,835.8,939.8,190.8,192.9,196.5,192.6,4.45,75.1,2.906,3811.0,825.8,833.8,836.8,939.3,190.7,192.2,195.7,192.1,4.45,74.1,2.883,-5.8,0.891,1,injector_clog,4,0.46,12.78,46014.3
264.5,mission_cruise,72.06003335186215,3200.0,43.96998332406893,3810.5,824.2,833.6,836.0,937.3,190.2,192.1,197.0,192.4,4.45,73.9,2.815,3810.9,825.8,833.8,836.8,939.3,190.7,192.2,195.7,192.1,4.45,74.1,2.883,-5.8,0.891,1,injector_clog,4,0.46,12.75,45913.4
264.6,mission_cruise,72.05892162312396,3200.0,43.97053918843802,3806.0,828.2,834.9,836.2,939.2,190.5,191.9,195.7,192.6,4.44,74.7,2.928,3810.9,825.8,833.8,836.8,939.3,190.7,192.2,195.7,192.1,4.45,74.1,2.883,-5.8,0.891,1,injector_clog,4,0.46,12.73,45812.5
264.7,mission_cruise,72.05780989438577,3200.0,43.971095052807115,3799.2,827.5,833.5,837.2,939.8,190.6,192.9,196.0,192.3,4.48,74.0,2.844,3810.9,825.8,833.8,836.8,939.3,190.7,192.2,195.7,192.1,4.45,74.1,2.883,-5.8,0.891,1,injector_clog,4,0.46,12.7,45711.6
264.8,mission_cruise,72.05669816564759,3200.0,43.971650917176206,3802.4,830.5,832.4,836.7,936.9,190.8,192.2,195.6,192.0,4.48,75.2,2.851,3810.8,825.8,833.8,836.8,939.3,190.7,192.2,195.7,192.1,4.45,74.1,2.883,-5.8,0.891,1,injector_clog,4,0.46,12.67,45610.7
264.9,mission_cruise,72.0555864369094,3200.0,43.9722067815453,3798.1,825.4,833.6,837.7,940.1,190.0,191.4,194.9,193.3,4.45,75.1,2.905,3810.8,825.8,833.8,836.8,939.3,190.7,192.2,195.7,192.1,4.45,74.1,2.883,-5.8,0.891,1,injector_clog,4,0.46,12.64,45509.8
265.0,mission_cruise,72.05447470817121,3200.0,43.97276264591439,3811.1,827.8,835.3,837.5,940.6,191.4,192.6,196.2,193.1,4.45,73.5,2.873,3810.8,825.8,833.8,836.8,939.3,190.7,192.2,195.7,192.1,4.45,74.1,2.883,-5.8,0.891,1,injector_clog,4,0.46,12.61,45408.9
265.1,mission_cruise,72.05336297943302,3200.0,43.97331851028349,3814.3,824.1,833.0,836.7,940.6,191.2,191.6,195.3,191.5,4.43,74.5,2.861,3810.7,825.8,833.8,836.8,939.3,190.7,192.2,195.7,192.1,4.45,74.1,2.883,-5.8,0.891,1,injector_clog,4,0.46,12.59,45308.0
265.2,mission_cruise,72.05225125069484,3200.0,43.97387437465258,3810.0,825.4,835.1,840.0,940.2,189.1,191.8,196.8,192.4,4.41,74.3,2.831,3810.7,825.8,833.8,836.8,939.3,190.7,192.2,195.7,192.1,4.45,74.1,2.883,-5.8,0.891,1,injector_clog,4,0.46,12.56,45207.1
265.3,mission_cruise,72.05113952195664,3200.0,43.97443023902168,3816.3,825.8,835.0,838.5,937.8,191.6,191.9,196.1,192.9,4.41,74.4,2.845,3810.7,825.8,833.8,836.8,939.3,190.7,192.2,195.7,192.1,4.45,74.1,2.883,-5.8,0.891,1,injector_clog,4,0.46,12.53,45106.2
265.4,mission_cruise,72.05002779321846,3200.0,43.97498610339077,3801.3,826.2,831.3,834.8,939.8,190.4,192.0,194.5,192.2,4.47,74.6,2.888,3810.6,825.8,833.8,836.8,939.3,190.7,192.2,195.7,192.1,4.45,74.1,2.883,-5.8,0.891,1,injector_clog,4,0.46,12.5,45005.3
265.5,mission_cruise,72.04891606448027,3200.0,43.97554196775987,3809.0,823.6,833.0,835.5,937.3,191.4,191.7,195.1,192.0,4.5,74.2,2.944,3810.6,825.8,833.8,836.8,939.3,190.7,192.2,195.7,192.1,4.45,74.1,2.883,-5.8,0.891,1,injector_clog,4,0.46,12.47,44904.4
265.6,mission_cruise,72.04780433574209,3200.0,43.97609783212896,3814.9,826.0,833.2,838.0,938.2,190.8,192.5,195.5,191.4,4.47,73.8,2.871,3810.6,825.8,833.8,836.8,939.3,190.7,192.2,195.7,192.1,4.45,74.1,2.883,-5.8,0.891,1,injector_clog,4,0.46,12.45,44803.5
265.7,mission_cruise,72.04669260700389,3200.0,43.976653696498055,3803.9,824.3,833.6,836.0,937.6,191.1,192.7,195.8,191.9,4.38,73.3,2.885,3810.6,825.8,833.8,836.8,939.3,190.7,192.2,195.7,192.1,4.45,74.1,2.883,-5.8,0.891,1,injector_clog,4,0.46,12.42,44702.6
265.8,mission_cruise,72.04558087826571,3200.0,43.977209560867145,3803.0,825.5,833.0,837.2,938.6,192.0,192.1,195.8,191.8,4.42,74.3,2.889,3810.5,825.8,833.8,836.8,939.3,190.7,192.2,195.7,192.1,4.45,74.1,2.883,-5.8,0.891,1,injector_clog,4,0.46,12.39,44601.7
265.9,mission_cruise,72.04446914952752,3200.0,43.97776542523624,3811.0,826.2,833.6,836.8,936.5,190.3,191.9,197.1,191.7,4.43,74.1,2.892,3810.5,825.8,833.8,836.8,939.3,190.7,192.2,195.7,192.1,4.45,74.1,2.883,-5.8,0.891,1,injector_clog,4,0.46,12.36,44500.8
266.0,mission_cruise,72.04335742078933,3200.0,43.97832128960533,3811.5,825.9,834.4,835.1,937.4,190.4,191.1,196.2,192.2,4.47,74.0,2.902,3810.5,825.8,833.8,836.8,939.3,190.7,192.2,195.7,192.1,4.45,74.1,2.883,-5.8,0.891,1,injector_clog,4,0.46,12.33,44399.9
266.1,mission_cruise,72.04224569205114,3200.0,43.97887715397443,3816.1,825.2,835.2,835.5,937.1,191.0,191.5,195.6,191.2,4.44,73.8,2.859,3810.4,825.8,833.8,836.8,939.3,190.7,192.2,195.7,192.1,4.45,74.1,2.883,-5.8,0.891,1,injector_clog,4,0.46,12.31,44299.0
266.2,mission_cruise,72.04113396331296,3200.0,43.97943301834352,3809.4,825.4,832.1,837.6,939.8,190.2,192.0,194.9,191.9,4.47,73.9,2.905,3810.4,825.8,833.8,836.8,939.3,190.7,192.2,195.7,192.1,4.45,74.1,2.883,-5.8,0.891,1,injector_clog,4,0.46,12.28,44198.1
266.3,mission_cruise,72.04002223457476,3200.0,43.97998888271262,3805.4,823.8,834.8,834.9,942.2,190.5,192.4,196.9,191.6,4.5,73.7,2.879,3810.4,825.8,833.8,836.8,939.3,190.7,192.2,195.7,192.1,4.45,74.1,2.883,-5.8,0.891,1,injector_clog,4,0.46,12.25,44097.2
266.4,mission_cruise,72.03891050583658,3200.0,43.98054474708171,3815.0,825.9,835.9,837.4,937.6,190.3,191.8,195.9,192.5,4.45,74.5,2.858,3810.3,825.8,833.8,836.8,939.3,190.7,192.2,195.7,192.1,4.45,74.1,2.883,-5.8,0.891,1,injector_clog,4,0.46,12.22,43996.3
266.5,mission_cruise,72.03779877709839,3200.0,43.981100611450806,3803.2,826.6,835.1,837.1,938.5,190.7,192.2,195.7,192.3,4.44,74.5,2.882,3810.3,825.8,833.8,836.8,939.3,190.7,192.2,195.7,192.1,4.45,74.1,2.883,-5.8,0.891,1,injector_clog,4,0.46,12.19,43895.4
266.6,mission_cruise,72.0366870483602,3200.0,43.9816564758199,3805.8,828.0,835.7,838.9,938.4,191.2,192.1,195.4,192.0,4.45,73.3,2.906,3810.3,825.8,833.8,836.8,939.3,190.7,192.2,195.7,192.1,4.45,74.1,2.883,-5.8,0.891,1,injector_clog,4,0.46,12.17,43794.5
266.7,mission_cruise,72.03557531962201,3200.0,43.982212340188994,3810.5,825.2,831.4,838.5,937.5,190.1,191.1,194.2,191.9,4.48,73.9,2.914,3810.2,825.8,833.8,836.8,939.3,190.7,192.2,195.7,192.1,4.45,74.1,2.883,-5.8,0.891,1,injector_clog,4,0.46,12.14,43693.6
266.8,mission_cruise,72.03446359088383,3200.0,43.982768204558084,3805.5,830.1,834.2,837.1,940.9,190.4,191.2,197.5,190.9,4.42,74.4,2.893,3810.2,825.8,833.8,836.8,939.3,190.7,192.2,195.7,192.1,4.45,74.1,2.883,-5.8,0.891,1,injector_clog,4,0.46,12.11,43592.7
266.9,mission_cruise,72.03335186214564,3200.0,43.98332406892718,3807.6,826.5,834.1,837.0,938.8,191.6,191.7,195.8,192.2,4.47,74.6,2.843,3810.2,825.8,833.8,836.8,939.3,190.7,192.2,195.7,192.1,4.45,74.1,2.883,-5.8,0.891,1,injector_clog,4,0.46,12.08,43491.8
267.0,mission_cruise,72.03224013340746,3200.0,43.98387993329627,3811.4,826.4,833.3,837.3,939.3,190.0,191.9,196.4,190.7,4.5,73.9,2.888,3810.1,825.8,833.8,836.8,939.3,190.7,192.2,195.7,192.1,4.45,74.1,2.883,-5.8,0.891,1,injector_clog,4,0.46,12.05,43390.9
267.1,mission_cruise,72.03112840466926,3200.0,43.98443579766537,3821.9,825.4,832.9,834.9,937.9,191.2,192.5,196.7,191.6,4.42,73.6,2.905,3810.1,825.8,833.8,836.8,939.3,190.6,192.1,195.6,192.1,4.45,74.1,2.883,-5.8,0.891,1,injector_clog,4,0.46,12.03,43290.0
267.2,mission_cruise,72.03001667593108,3200.0,43.98499166203446,3812.2,824.1,835.7,838.0,938.0,189.5,193.2,195.6,192.2,4.43,73.2,2.853,3810.1,825.8,833.8,836.8,939.3,190.6,192.1,195.6,192.1,4.45,74.1,2.882,-5.8,0.891,1,injector_clog,4,0.46,12.0,43189.1
267.3,mission_cruise,72.02890494719288,3200.0,43.98554752640356,3816.8,827.7,835.2,835.8,937.8,190.2,192.6,196.4,191.3,4.46,74.5,2.828,3810.0,825.8,833.8,836.8,939.3,190.6,192.1,195.6,192.1,4.45,74.1,2.882,-5.8,0.891,1,injector_clog,4,0.46,11.97,43088.2
267.4,mission_cruise,72.0277932184547,3200.0,43.98610339077265,3796.7,826.2,834.4,837.5,941.3,190.2,191.7,194.7,191.8,4.47,74.2,2.87,3810.0,825.8,833.8,836.8,939.3,190.6,192.1,195.6,192.0,4.45,74.1,2.882,-5.8,0.891,1,injector_clog,4,0.46,11.94,42987.3
267.5,mission_cruise,72.02668148971651,3200.0,43.986659255141745,3813.4,824.2,835.4,834.1,939.5,189.7,191.2,195.1,191.4,4.45,73.8,2.914,3810.0,825.8,833.8,836.8,939.3,190.6,192.1,195.6,192.0,4.45,74.1,2.882,-5.8,0.891,1,injector_clog,4,0.46,11.91,42886.4
267.6,mission_cruise,72.02556976097833,3200.0,43.987215119510836,3806.9,825.9,833.5,837.2,938.6,190.0,192.4,196.3,192.0,4.42,74.6,2.884,3810.0,825.8,833.8,836.8,939.3,190.6,192.1,195.6,192.0,4.45,74.1,2.882,-5.8,0.891,1,injector_clog,4,0.46,11.88,42785.5
267.7,mission_cruise,72.02445803224013,3200.0,43.98777098387993,3824.9,827.0,834.2,836.8,940.3,190.9,191.6,195.1,191.3,4.46,74.4,2.902,3809.9,825.8,833.8,836.8,939.2,190.6,192.1,195.6,192.0,4.45,74.1,2.882,-5.8,0.891,1,injector_clog,4,0.46,11.86,42684.6
267.8,mission_cruise,72.02334630350195,3200.0,43.988326848249024,3827.3,825.7,834.4,836.1,940.0,191.1,192.4,196.2,191.8,4.45,74.2,2.891,3809.9,825.8,833.8,836.8,939.2,190.6,192.1,195.6,192.0,4.45,74.1,2.882,-5.8,0.891,1,injector_clog,4,0.46,11.83,42583.7
267.9,mission_cruise,72.02223457476376,3200.0,43.98888271261812,3810.8,826.4,833.6,836.9,938.7,190.6,192.2,195.8,190.8,4.44,74.3,2.955,3809.9,825.8,833.8,836.8,939.2,190.6,192.1,195.6,192.0,4.45,74.1,2.882,-5.8,0.891,1,injector_clog,4,0.46,11.8,42482.8
268.0,mission_cruise,72.02112284602558,3200.0,43.98943857698721,3805.4,826.6,832.6,833.4,937.5,190.5,192.7,196.1,191.1,4.39,74.2,2.88,3809.8,825.8,833.8,836.8,939.2,190.6,192.1,195.6,192.0,4.45,74.1,2.882,-5.8,0.891,1,injector_clog,4,0.46,11.77,42381.9
268.1,mission_cruise,72.02001111728738,3200.0,43.98999444135631,3806.2,825.5,834.4,835.8,939.7,191.4,191.0,195.5,192.8,4.44,74.1,2.846,3809.8,825.7,833.7,836.7,939.2,190.6,192.1,195.6,192.0,4.45,74.1,2.882,-5.8,0.891,1,injector_clog,4,0.46,11.74,42281.0
268.2,mission_cruise,72.0188993885492,3200.0,43.9905503057254,3811.2,825.3,833.8,838.1,939.5,190.8,192.8,195.2,191.3,4.47,73.6,2.844,3809.8,825.7,833.7,836.7,939.2,190.6,192.1,195.6,192.0,4.45,74.1,2.882,-5.8,0.891,1,injector_clog,4,0.46,11.72,42180.1
268.3,mission_cruise,72.017787659811,3200.0,43.9911061700945,3815.8,823.6,832.5,836.9,942.3,189.6,191.2,195.0,192.5,4.4,74.4,2.858,3809.7,825.7,833.7,836.7,939.2,190.6,192.1,195.6,192.0,4.45,74.1,2.882,-5.8,0.891,1,injector_clog,4,0.46,11.69,42079.2
268.4,mission_cruise,72.01667593107283,3200.0,43.99166203446359,3817.5,828.1,832.6,837.1,939.3,189.6,192.1,195.2,191.4,4.45,74.4,2.867,3809.7,825.7,833.7,836.7,939.2,190.6,192.1,195.6,192.0,4.45,74.1,2.882,-5.8,0.891,1,injector_clog,4,0.46,11.66,41978.3
268.5,mission_cruise,72.01556420233463,3200.0,43.992217898832685,3813.6,825.6,834.8,837.2,938.0,189.5,192.3,195.7,192.3,4.4,74.6,2.882,3809.7,825.7,833.7,836.7,939.2,190.6,192.1,195.6,192.0,4.45,74.1,2.882,-5.8,0.891,1,injector_clog,4,0.46,11.63,41877.4
268.6,mission_cruise,72.01445247359645,3200.0,43.992773763201775,3816.6,826.1,833.0,835.9,940.9,190.9,192.6,195.8,191.4,4.43,73.7,2.862,3809.6,825.7,833.7,836.7,939.2,190.6,192.1,195.6,192.0,4.45,74.1,2.882,-5.8,0.891,1,injector_clog,4,0.46,11.6,41776.5
268.7,mission_cruise,72.01334074485825,3200.0,43.99332962757087,3817.0,826.7,833.7,835.3,936.9,190.1,191.7,196.0,192.2,4.39,73.9,2.93,3809.6,825.7,833.7,836.7,939.2,190.6,192.1,195.6,192.0,4.45,74.1,2.882,-5.8,0.891,1,injector_clog,4,0.46,11.58,41675.6
268.8,mission_cruise,72.01222901612007,3200.0,43.99388549193996,3808.9,826.3,833.9,835.1,937.1,190.5,192.5,195.4,192.0,4.47,73.4,2.863,3809.6,825.7,833.7,836.7,939.2,190.6,192.1,195.6,192.0,4.45,74.1,2.882,-5.8,0.891,1,injector_clog,4,0.46,11.55,41574.7
268.9,mission_cruise,72.01111728738188,3200.0,43.99444135630906,3804.6,825.3,835.8,834.8,940.5,191.2,192.2,196.0,192.7,4.46,74.6,2.91,3809.5,825.7,833.7,836.7,939.2,190.6,192.1,195.6,192.0,4.45,74.1,2.882,-5.8,0.891,1,injector_clog,4,0.46,11.52,41473.8
269.0,mission_cruise,72.0100055586437,3200.0,43.99499722067815,3802.0,826.2,835.9,836.3,936.8,190.6,191.6,194.0,191.3,4.43,73.6,2.872,3809.5,825.7,833.7,836.7,939.2,190.6,192.1,195.6,192.0,4.45,74.1,2.882,-5.8,0.891,1,injector_clog,4,0.46,11.49,41372.9
269.1,mission_cruise,72.0088938299055,3200.0,43.99555308504725,3808.9,825.7,834.0,838.2,940.5,190.4,192.9,195.3,192.2,4.47,73.4,2.877,3809.5,825.7,833.7,836.7,939.2,190.6,192.1,195.6,192.0,4.45,74.1,2.882,-5.8,0.891,1,injector_clog,4,0.46,11.46,41272.0
269.2,mission_cruise,72.00778210116732,3200.0,43.99610894941634,3809.0,826.6,834.3,838.9,938.7,190.5,192.1,196.6,192.0,4.46,75.1,2.819,3809.4,825.7,833.7,836.7,939.2,190.6,192.1,195.6,192.0,4.45,74.1,2.882,-5.8,0.891,1,injector_clog,4,0.46,11.44,41171.1
269.3,mission_cruise,72.00667037242913,3200.0,43.996664813785436,3809.8,822.3,833.9,836.7,940.3,190.0,192.0,195.7,191.8,4.45,74.3,2.846,3809.4,825.7,833.7,836.7,939.2,190.6,192.1,195.6,192.0,4.45,74.1,2.882,-5.8,0.891,1,injector_clog,4,0.46,11.41,41070.2
269.4,mission_cruise,72.00555864369093,3200.0,43.997220678154534,3814.0,826.7,833.9,836.7,941.0,191.7,191.9,196.8,191.2,4.46,73.7,2.851,3809.4,825.7,833.7,836.7,939.2,190.6,192.1,195.6,192.0,4.45,74.1,2.882,-5.8,0.891,1,injector_clog,4,0.46,11.38,40969.3
269.5,mission_cruise,72.00444691495275,3200.0,43.997776542523624,3811.5,826.4,832.2,835.4,940.3,191.4,192.6,195.6,191.9,4.42,74.4,2.884,3809.4,825.7,833.7,836.7,939.2,190.6,192.1,195.6,192.0,4.45,74.1,2.882,-5.8,0.891,1,injector_clog,4,0.46,11.35,40868.4
269.6,mission_cruise,72.00333518621457,3200.0,43.998332406892715,3805.6,827.4,832.6,834.9,936.2,190.0,191.3,195.4,191.8,4.44,74.3,2.924,3809.3,825.7,833.7,836.7,939.2,190.6,192.1,195.6,192.0,4.45,74.1,2.882,-5.8,0.891,1,injector_clog,4,0.46,11.32,40767.5
269.7,mission_cruise,72.00222345747638,3200.0,43.99888827126181,3809.5,826.2,836.5,836.5,939.7,191.2,192.1,196.3,192.5,4.48,74.1,2.892,3809.3,825.7,833.7,836.7,939.2,190.6,192.1,195.6,192.0,4.45,74.1,2.882,-5.8,0.891,1,injector_clog,4,0.46,11.3,40666.6
269.8,mission_cruise,72.00111172873818,3200.0,43.99944413563091,3812.7,824.4,835.7,838.5,938.7,190.1,191.7,195.4,193.4,4.47,74.4,2.886,3809.3,825.7,833.7,836.7,939.2,190.6,192.1,195.6,192.0,4.45,74.1,2.882,-5.8,0.891,1,injector_clog,4,0.46,11.27,40565.7
269.9,mission_cruise,72.0,3200.0,44.0,3815.3,824.3,835.9,837.8,939.3,190.8,191.8,195.5,192.2,4.42,73.9,2.83,3809.2,825.7,833.7,836.7,939.2,190.6,192.1,195.6,192.0,4.45,74.1,2.881,-5.8,0.891,1,injector_clog,4,0.46,11.24,40464.8
270.0,descend_land,35.0,3200.0,40.0,3614.8,823.9,832.2,831.4,932.7,191.3,192.8,196.1,192.9,4.4,74.6,1.697,3610.6,822.0,830.0,833.0,935.4,190.5,192.0,195.5,191.9,4.43,74.1,1.715,-5.8,0.891,1,injector_clog,4,0.46,11.21,40363.9
270.1,descend_land,34.988876529477196,3196.496106785317,39.983314794215794,3444.6,818.9,825.9,829.3,931.0,189.8,192.9,195.6,191.3,4.36,73.8,1.695,3448.1,818.4,826.4,829.4,931.9,190.3,191.8,195.3,191.7,4.4,74.1,1.715,-5.8,0.891,1,injector_clog,4,0.46,11.18,40263.0
270.2,descend_land,34.97775305895439,3192.9922135706342,39.96662958843159,3313.3,814.0,822.7,825.9,929.2,190.5,191.2,195.9,192.0,4.34,73.5,1.7,3315.2,815.1,823.1,826.1,928.5,190.2,191.7,195.2,191.6,4.36,74.1,1.715,-5.8,0.891,1,injector_clog,4,0.46,11.16,40162.1
270.3,descend_land,34.96662958843159,3189.488320355951,39.94994438264739,3206.5,809.4,819.3,824.8,925.9,189.6,191.0,194.7,191.8,4.31,74.0,1.717,3206.4,811.9,819.9,822.9,925.4,190.1,191.6,195.1,191.5,4.32,74.1,1.715,-5.7,0.892,1,injector_clog,4,0.46,11.13,40061.2
270.4,descend_land,34.95550611790879,3185.984427141268,39.93325917686318,3115.4,809.8,819.2,820.3,921.8,190.0,191.0,195.0,190.1,4.27,74.2,1.693,3117.3,808.9,816.9,819.9,922.4,189.9,191.4,194.9,191.3,4.28,74.1,1.715,-5.7,0.892,1,injector_clog,4,0.46,11.1,39960.3
270.5,descend_land,34.944382647385986,3182.480533926585,39.916573971078975,3053.0,806.5,814.0,817.4,920.8,188.8,191.2,194.6,191.1,4.2,73.8,1.671,3044.5,806.1,814.1,817.1,919.5,189.8,191.3,194.8,191.2,4.23,74.1,1.715,-5.7,0.892,1,injector_clog,4,0.46,11.07,39859.4
270.6,descend_land,34.93325917686318,3178.9766407119023,39.89988876529477,2970.3,806.6,811.1,814.9,915.4,190.2,189.9,194.1,190.1,4.16,74.5,1.745,2984.9,803.4,811.4,814.4,916.9,189.6,191.1,194.6,191.0,4.19,74.1,1.715,-5.7,0.892,1,injector_clog,4,0.46,11.04,39758.5
270.7,descend_land,34.92213570634038,3175.472747497219,39.88320355951057,2934.2,800.7,808.2,813.3,914.1,189.6,190.0,194.4,190.7,4.13,73.8,1.736,2936.1,800.9,808.9,811.9,914.3,189.5,191.0,194.5,190.9,4.16,74.1,1.715,-5.6,0.893,1,injector_clog,4,0.46,11.02,39657.6
270.8,descend_land,34.91101223581757,3171.968854282536,39.86651835372636,2894.1,800.0,805.2,809.7,912.2,189.7,190.3,193.7,190.4,4.1,74.3,1.701,2896.2,798.5,806.5,809.5,912.0,189.4,190.9,194.4,190.8,4.12,74.1,1.715,-5.6,0.893,1,injector_clog,4,0.46,10.99,39556.7
270.9,descend_land,34.89988876529477,3168.464961067853,39.84983314794216,2859.7,793.6,802.3,806.9,908.9,190.3,190.0,195.2,191.3,4.11,74.0,1.759,2863.6,796.2,804.2,807.2,909.7,189.2,190.7,194.2,190.6,4.09,74.1,1.715,-5.6,0.893,1,injector_clog,4,0.46,10.96,39455.8
271.0,descend_land,34.88876529477197,3164.9610678531703,39.83314794215795,2827.0,792.7,803.5,805.5,906.7,188.9,189.5,194.3,190.2,4.05,74.8,1.773,2836.8,794.1,802.1,805.1,907.6,189.1,190.6,194.1,190.5,4.07,74.1,1.715,-5.6,0.894,1,injector_clog,4,0.46,10.93,39354.9
271.1,descend_land,34.87764182424917,3161.4571746384872,39.81646273637375,2817.9,792.5,801.2,804.6,907.4,190.5,189.9,193.5,191.1,4.05,74.5,1.78,2815.0,792.1,800.1,803.1,905.5,188.9,190.4,193.9,190.3,4.04,74.1,1.715,-5.5,0.894,1,injector_clog,4,0.46,10.9,39254.0
271.2,descend_land,34.86651835372636,3157.953281423804,39.799777530589544,2788.7,790.3,799.6,801.5,905.8,189.0,189.8,193.7,190.5,4.0,74.7,1.735,2797.1,790.1,798.1,801.1,903.6,188.8,190.3,193.8,190.2,4.02,74.1,1.715,-5.5,0.894,1,injector_clog,4,0.46,10.88,39153.1
271.3,descend_land,34.85539488320356,3154.449388209121,39.78309232480534,2786.5,788.6,796.4,799.9,903.9,189.6,190.4,193.3,190.0,4.02,73.6,1.695,2782.4,788.3,796.3,799.3,901.8,188.7,190.2,193.7,190.1,4.0,74.1,1.715,-5.5,0.895,1,injector_clog,4,0.46,10.85,39052.2
271.4,descend_land,34.844271412680754,3150.9454949944384,39.76640711902113,2770.2,786.5,793.2,795.7,900.6,187.8,189.5,194.6,189.4,3.98,73.3,1.748,2770.4,786.6,794.6,797.6,900.1,188.6,190.1,193.6,190.0,3.99,74.1,1.715,-5.5,0.895,1,injector_clog,4,0.46,10.82,38951.3
271.5,descend_land,34.83314794215795,3147.4416017797553,39.74972191323693,2753.9,784.8,790.4,795.9,897.3,188.5,190.2,193.3,189.2,3.97,74.0,1.681,2760.6,785.0,793.0,796.0,898.5,188.4,189.9,193.4,189.8,3.97,74.1,1.715,-5.5,0.895,1,injector_clog,4,0.46,10.79,38850.4
271.6,descend_land,34.82202447163515,3143.937708565072,39.733036707452726,2751.9,784.6,788.1,794.2,896.2,188.3,189.3,193.5,190.0,3.96,74.7,1.78,2752.6,783.5,791.5,794.5,897.0,188.3,189.8,193.3,189.7,3.96,74.1,1.715,-5.4,0.896,1,injector_clog,4,0.46,10.76,38749.5
271.7,descend_land,34.81090100111235,3140.4338153503895,39.71635150166852,2737.7,782.2,789.0,795.9,894.2,188.7,189.7,192.8,189.4,3.97,74.2,1.679,2746.0,782.1,790.1,793.1,895.6,188.2,189.7,193.2,189.6,3.95,74.1,1.715,-5.4,0.896,1,injector_clog,4,0.46,10.74,38648.6
271.8,descend_land,34.799777530589544,3136.9299221357064,39.69966629588431,2737.8,782.4,786.4,791.5,895.4,188.3,190.3,192.7,189.5,3.93,73.6,1.676,2740.6,780.7,788.7,791.7,894.2,188.0,189.5,193.0,189.4,3.95,74.1,1.715,-5.4,0.896,1,injector_clog,4,0.46,10.71,38547.7
271.9,descend_land,34.78865406006674,3133.4260289210233,39.682981090100114,2747.2,777.6,784.2,791.0,893.4,186.7,188.9,192.9,189.1,3.9,75.1,1.697,2736.2,779.4,787.4,790.4,892.9,187.9,189.4,192.9,189.3,3.94,74.1,1.715,-5.4,0.897,1,injector_clog,4,0.46,10.68,38446.8
272.0,descend_land,34.777530589543936,3129.92213570634,39.66629588431591,2728.2,777.9,787.5,787.2,891.5,187.9,189.6,193.8,189.2,3.92,74.4,1.712,2732.5,778.2,786.2,789.2,891.7,187.8,189.3,192.8,189.2,3.93,74.1,1.715,-5.3,0.897,1,injector_clog,4,0.46,10.65,38345.9
272.1,descend_land,34.76640711902113,3126.4182424916576,39.6496106785317,2720.2,777.2,783.2,788.9,891.3,187.6,190.7,192.3,188.1,3.96,74.0,1.719,2729.6,777.0,785.0,788.0,890.5,187.7,189.2,192.7,189.1,3.93,74.1,1.716,-5.3,0.897,1,injector_clog,4,0.46,10.62,38245.0
272.2,descend_land,34.755283648498335,3122.9143492769745,39.632925472747495,2726.6,775.4,784.2,787.9,889.2,187.5,190.3,192.5,188.8,3.9,73.2,1.745,2727.1,776.0,784.0,787.0,889.4,187.5,189.0,192.5,188.9,3.92,74.1,1.716,-5.3,0.898,1,injector_clog,4,0.46,10.6,38144.1
272.3,descend_land,34.74416017797553,3119.4104560622914,39.616240266963295,2710.8,774.3,785.6,786.3,887.2,187.4,188.4,192.0,188.6,3.92,74.9,1.779,2725.1,774.9,782.9,785.9,888.4,187.4,188.9,192.4,188.8,3.92,74.1,1.716,-5.3,0.898,1,injector_clog,4,0.46,10.57,38043.2
272.4,descend_land,34.733036707452726,3115.9065628476083,39.59955506117909,2721.0,772.9,783.4,784.5,887.6,187.5,189.4,191.3,188.4,3.9,74.4,1.714,2723.5,773.9,781.9,784.9,887.4,187.3,188.8,192.3,188.7,3.92,74.1,1.716,-5.3,0.898,1,injector_clog,4,0.46,10.54,37942.3
272.5,descend_land,34.72191323692992,3112.4026696329256,39.58286985539488,2709.4,773.4,782.5,785.8,886.9,188.5,188.9,191.9,188.6,3.93,73.9,1.723,2722.1,773.0,781.0,784.0,886.5,187.2,188.7,192.2,188.6,3.92,74.1,1.716,-5.2,0.899,1,injector_clog,4,0.46,10.51,37841.4
272.6,descend_land,34.71078976640712,3108.8987764182425,39.566184649610676,2729.0,771.3,781.2,782.1,885.4,187.6,188.0,191.3,187.8,3.92,74.8,1.671,2721.0,772.2,780.2,783.2,885.6,187.1,188.6,192.1,188.5,3.91,74.1,1.716,-5.2,0.899,1,injector_clog,4,0.46,10.48,37740.5
272.7,descend_land,34.69966629588431,3105.3948832035594,39.54949944382648,2721.6,771.1,776.0,780.7,883.6,187.5,188.2,192.0,188.4,3.9,74.3,1.759,2720.1,771.3,779.3,782.3,884.8,186.9,188.4,191.9,188.3,3.91,74.1,1.716,-5.2,0.899,1,injector_clog,4,0.46,10.46,37639.6
272.8,descend_land,34.688542825361516,3101.8909899888768,39.53281423804227,2715.5,769.4,779.9,784.4,884.3,186.5,188.5,191.1,188.9,3.93,73.2,1.665,2719.4,770.5,778.5,781.5,884.0,186.8,188.3,191.8,188.2,3.91,74.1,1.716,-5.2,0.9,1,injector_clog,4,0.46,10.43,37538.7
272.9,descend_land,34.67741935483871,3098.3870967741937,39.516129032258064,2721.3,769.0,778.3,780.7,882.5,186.1,187.6,191.4,187.3,3.89,73.9,1.702,2718.7,769.8,777.8,780.8,883.3,186.7,188.2,191.7,188.1,3.91,74.1,1.716,-5.1,0.9,1,injector_clog,4,0.46,10.4,37437.8
273.0,descend_land,34.66629588431591,3094.8832035595105,39.49944382647386,2720.6,770.5,775.4,778.9,884.1,187.0,188.6,191.5,188.5,3.92,74.4,1.732,2718.2,769.1,777.1,780.1,882.6,186.6,188.1,191.6,188.0,3.91,74.1,1.716,-5.1,0.9,1,injector_clog,4,0.46,10.37,37336.9
273.1,descend_land,34.6551724137931,3091.3793103448274,39.48275862068966,2724.7,766.5,776.2,778.8,881.3,184.5,187.6,191.3,188.5,3.93,74.2,1.744,2717.8,768.4,776.4,779.4,881.9,186.5,188.0,191.5,187.9,3.91,74.1,1.716,-5.1,0.901,1,injector_clog,4,0.46,10.34,37236.0
273.2,descend_land,34.6440489432703,3087.875417130145,39.46607341490545,2724.9,768.6,773.4,780.2,882.1,186.2,188.0,190.9,187.4,3.91,73.9,1.727,2717.4,767.8,775.8,778.8,881.3,186.4,187.9,191.4,187.8,3.91,74.1,1.716,-5.1,0.901,1,injector_clog,4,0.46,10.32,37135.1
273.3,descend_land,34.632925472747495,3084.3715239154617,39.449388209121246,2722.0,766.7,775.9,776.6,881.3,187.1,188.2,191.6,187.1,3.89,74.9,1.713,2717.1,767.2,775.2,778.2,880.7,186.2,187.7,191.2,187.6,3.91,74.1,1.716,-5.0,0.901,1,injector_clog,4,0.46,10.29,37034.2
273.4,descend_land,34.6218020022247,3080.8676307007786,39.43270300333704,2704.8,766.6,774.9,778.7,880.9,186.5,188.1,191.6,187.7,3.89,75.1,1.774,2716.9,766.7,774.7,777.7,880.1,186.1,187.6,191.1,187.5,3.91,74.1,1.716,-5.0,0.902,1,injector_clog,4,0.46,10.26,36933.3
273.5,descend_land,34.61067853170189,3077.3637374860955,39.41601779755284,2710.7,767.7,775.0,773.4,877.8,187.2,187.1,190.8,188.5,3.86,74.1,1.702,2716.7,766.1,774.1,777.1,879.6,186.0,187.5,191.0,187.4,3.91,74.1,1.716,-5.0,0.902,1,injector_clog,4,0.46,10.23,36832.4
273.6,descend_land,34.59955506117909,3073.859844271413,39.39933259176863,2706.2,765.3,773.7,776.7,878.0,184.4,187.0,189.5,187.9,3.91,74.2,1.689,2716.5,765.6,773.6,776.6,879.1,185.9,187.4,190.9,187.3,3.91,74.1,1.716,-5.0,0.902,1,injector_clog,4,0.46,10.2,36731.5
273.7,descend_land,34.588431590656285,3070.3559510567297,39.38264738598443,2724.1,764.5,774.2,778.1,878.4,185.3,188.5,191.3,187.8,3.88,73.3,1.687,2716.4,765.1,773.1,776.1,878.6,185.8,187.3,190.8,187.2,3.91,74.1,1.716,-5.0,0.903,1,injector_clog,4,0.46,10.18,36630.6
273.8,descend_land,34.57730812013348,3066.8520578420466,39.36596218020022,2704.4,765.3,772.9,774.8,879.1,186.1,188.0,190.4,186.7,3.93,74.9,1.69,2716.2,764.7,772.7,775.7,878.2,185.7,187.2,190.7,187.1,3.91,74.1,1.716,-4.9,0.903,1,injector_clog,4,0.46,10.15,36529.7
273.9,descend_land,34.566184649610676,3063.348164627364,39.349276974416014,2725.0,761.7,772.9,774.8,879.5,186.0,187.1,190.9,186.5,3.9,74.4,1.768,2716.1,764.3,772.3,775.3,877.7,185.6,187.1,190.6,187.0,3.91,74.1,1.716,-4.9,0.903,1,injector_clog,4,0.46,10.12,36428.8
274.0,descend_land,34.55506117908787,3059.844271412681,39.332591768631815,2723.1,762.3,771.4,772.5,876.8,185.1,187.2,190.4,187.6,3.88,74.1,1.75,2716.0,763.8,771.8,774.8,877.3,185.5,187.0,190.5,186.9,3.91,74.1,1.716,-4.9,0.904,1,injector_clog,4,0.46,10.09,36327.9
274.1,descend_land,34.543937708565075,3056.340378197998,39.31590656284761,2714.6,767.0,775.3,773.4,876.8,185.5,187.3,190.0,186.6,3.93,74.2,1.726,2715.9,763.5,771.5,774.5,876.9,185.4,186.9,190.4,186.8,3.91,74.1,1.716,-4.9,0.904,1,injector_clog,4,0.46,10.06,36227.0
274.2,descend_land,34.53281423804227,3052.8364849833147,39.2992213570634,2714.4,761.3,771.3,774.7,873.1,185.8,187.4,189.5,187.3,3.87,73.8,1.722,2715.8,763.1,771.1,774.1,876.6,185.3,186.8,190.3,186.7,3.91,74.1,1.716,-4.8,0.904,1,injector_clog,4,0.46,10.04,36126.1
274.3,descend_land,34.521690767519466,3049.332591768632,39.282536151279196,2715.2,762.0,771.1,773.2,877.5,186.3,186.3,189.9,187.7,3.94,73.3,1.716,2715.8,762.7,770.7,773.7,876.2,185.2,186.7,190.2,186.6,3.91,74.1,1.716,-4.8,0.905,1,injector_clog,4,0.46,10.01,36025.2
274.4,descend_land,34.51056729699666,3045.828698553949,39.265850945494996,2711.7,761.0,770.4,773.4,874.7,184.9,187.3,189.9,186.5,3.93,74.2,1.709,2715.7,762.4,770.4,773.4,875.9,185.1,186.6,190.1,186.5,3.91,74.1,1.716,-4.8,0.905,1,injector_clog,4,0.46,9.98,35924.3
274.5,descend_land,34.49944382647386,3042.324805339266,39.24916573971079,2722.9,762.4,770.3,771.3,874.9,185.7,186.1,190.5,187.0,3.92,74.7,1.666,2715.6,762.1,770.1,773.1,875.6,185.0,186.5,190.0,186.4,3.91,74.1,1.716,-4.8,0.905,1,injector_clog,4,0.46,9.95,35823.4
274.6,descend_land,34.48832035595105,3038.8209121245827,39.232480533926584,2716.7,765.0,769.2,774.6,874.9,185.3,186.2,189.8,187.1,3.92,74.1,1.722,2715.6,761.8,769.8,772.8,875.3,184.9,186.4,189.9,186.3,3.91,74.1,1.716,-4.8,0.905,1,injector_clog,4,0.46,9.92,35722.5
274.7,descend_land,34.477196885428256,3035.3170189099,39.21579532814238,2705.0,759.8,770.6,772.5,876.2,184.3,186.5,189.6,186.7,3.92,75.2,1.722,2715.5,761.5,769.5,772.5,875.0,184.8,186.3,189.8,186.2,3.9,74.1,1.716,-4.7,0.906,1,injector_clog,4,0.46,9.89,35621.6
274.8,descend_land,34.46607341490545,3031.813125695217,39.19911012235818,2723.9,760.8,768.2,772.7,876.1,184.9,185.5,190.6,186.0,3.89,73.9,1.695,2715.5,761.2,769.2,772.2,874.7,184.7,186.2,189.7,186.1,3.9,74.1,1.716,-4.7,0.906,1,injector_clog,4,0.46,9.87,35520.7
274.9,descend_land,34.45494994438265,3028.309232480534,39.18242491657397,2714.4,761.1,766.5,771.2,876.0,184.9,185.2,189.9,186.2,3.89,74.7,1.673,2715.4,761.0,769.0,772.0,874.5,184.6,186.1,189.6,186.0,3.9,74.1,1.716,-4.7,0.906,1,injector_clog,4,0.46,9.84,35419.8
275.0,descend_land,34.44382647385984,3024.8053392658508,39.165739710789765,2716.4,760.8,767.8,770.8,871.8,185.3,185.9,189.6,186.0,3.95,74.7,1.754,2715.4,760.7,768.7,771.7,874.2,184.5,186.0,189.5,185.9,3.9,74.1,1.716,-4.7,0.907,1,injector_clog,4,0.46,9.81,35318.9
275.1,descend_land,34.43270300333704,3021.301446051168,39.14905450500556,2722.9,758.5,770.2,772.0,873.6,183.6,185.9,188.8,186.9,3.88,74.1,1.686,2715.3,760.5,768.5,771.5,874.0,184.4,185.9,189.4,185.8,3.9,74.1,1.716,-4.6,0.907,1,injector_clog,4,0.46,9.78,35218.0
275.2,descend_land,34.421579532814235,3017.797552836485,39.13236929922136,2720.0,758.5,768.2,771.6,873.3,184.0,186.8,188.2,185.3,3.91,74.3,1.735,2715.3,760.3,768.3,771.3,873.8,184.3,185.8,189.3,185.7,3.9,74.1,1.716,-4.6,0.907,1,injector_clog,4,0.46,9.75,35117.1
275.3,descend_land,34.41045606229144,3014.293659621802,39.11568409343715,2718.8,758.5,768.8,770.5,872.4,184.6,184.9,188.6,186.0,3.91,74.5,1.752,2715.3,760.1,768.1,771.1,873.6,184.2,185.7,189.2,185.6,3.9,74.1,1.716,-4.6,0.908,1,injector_clog,4,0.46,9.73,35016.2
275.4,descend_land,34.39933259176863,3010.789766407119,39.09899888765295,2718.7,759.6,768.8,770.3,872.9,183.6,186.4,188.2,186.1,3.9,73.7,1.712,2715.2,759.9,767.9,770.9,873.4,184.1,185.6,189.1,185.5,3.9,74.1,1.716,-4.6,0.908,1,injector_clog,4,0.46,9.7,34915.3
275.5,descend_land,34.38820912124583,3007.285873192436,39.08231368186874,2721.5,758.8,769.6,768.7,874.8,184.1,186.4,188.1,185.4,3.9,73.9,1.723,2715.2,759.7,767.7,770.7,873.2,184.0,185.5,189.0,185.4,3.9,74.1,1.716,-4.5,0.908,1,injector_clog,4,0.46,9.67,34814.4
275.6,descend_land,34.377085650723025,3003.781979977753,39.06562847608454,2714.2,759.2,767.1,769.8,872.8,183.9,185.2,188.9,185.1,3.9,75.3,1.738,2715.1,759.5,767.5,770.5,873.0,183.9,185.4,188.9,185.3,3.9,74.1,1.716,-4.5,0.909,1,injector_clog,4,0.46,9.64,34713.5
275.7,descend_land,34.36596218020022,3000.27808676307,39.048943270300335,2711.0,756.8,768.5,769.6,872.4,183.8,185.8,188.4,185.5,3.88,73.7,1.673,2715.1,759.3,767.3,770.3,872.8,183.8,185.3,188.8,185.2,3.9,74.1,1.716,-4.5,0.909,1,injector_clog,4,0.46,9.61,34612.6
275.8,descend_land,34.354838709677416,2996.7741935483873,39.03225806451613,2710.6,758.9,765.4,771.3,874.8,183.5,185.0,188.1,186.6,3.9,74.3,1.755,2715.1,759.2,767.2,770.2,872.7,183.7,185.2,188.7,185.1,3.9,74.1,1.716,-4.5,0.909,1,injector_clog,4,0.46,9.59,34511.7
275.9,descend_land,34.34371523915462,2993.270300333704,39.01557285873192,2715.5,758.4,768.7,772.6,870.9,183.1,185.3,188.2,185.9,3.92,74.1,1.705,2715.0,759.0,767.0,770.0,872.5,183.6,185.1,188.6,185.0,3.9,74.1,1.716,-4.5,0.91,1,injector_clog,4,0.46,9.56,34410.8
276.0,descend_land,34.332591768631815,2989.766407119021,38.99888765294772,2712.4,759.0,766.9,768.6,872.3,183.5,185.0,188.6,184.5,3.92,74.1,1.779,2715.0,758.9,766.9,769.9,872.4,183.5,185.0,188.5,184.9,3.9,74.1,1.716,-4.4,0.91,1,injector_clog,4,0.46,9.53,34309.9
276.1,descend_land,34.32146829810901,2986.262513904338,38.982202447163516,2719.3,760.5,768.1,769.3,870.3,183.4,184.8,189.2,184.4,3.9,73.8,1.665,2714.9,758.7,766.7,769.7,872.2,183.4,184.9,188.4,184.8,3.9,74.1,1.716,-4.4,0.91,1,injector_clog,4,0.46,9.5,34209.0
276.2,descend_land,34.310344827586206,2982.7586206896553,38.96551724137931,2706.9,757.3,766.4,770.9,871.7,182.4,185.0,188.0,184.9,3.92,74.3,1.679,2714.9,758.6,766.6,769.6,872.1,183.3,184.8,188.3,184.7,3.9,74.1,1.716,-4.4,0.911,1,injector_clog,4,0.46,9.47,34108.1
276.3,descend_land,34.2992213570634,2979.2547274749722,38.9488320355951,2709.4,759.6,765.5,768.0,872.4,183.8,185.0,187.6,183.8,3.89,73.3,1.711,2714.9,758.5,766.5,769.5,871.9,183.2,184.7,188.2,184.6,3.9,74.1,1.716,-4.4,0.911,1,injector_clog,4,0.46,9.45,34007.2
276.4,descend_land,34.2880978865406,2975.750834260289,38.932146829810904,2710.8,757.0,766.0,766.9,869.1,184.5,184.0,187.7,184.9,3.94,73.2,1.737,2714.8,758.3,766.3,769.3,871.8,183.2,184.7,188.2,184.6,3.9,74.1,1.716,-4.3,0.911,1,injector_clog,4,0.46,9.42,33906.3
276.5,descend_land,34.2769744160178,2972.246941045606,38.9154616240267,2715.9,759.4,767.8,768.8,870.9,182.8,184.7,187.4,184.2,3.89,73.4,1.765,2714.8,758.2,766.2,769.2,871.7,183.1,184.6,188.1,184.5,3.9,74.1,1.716,-4.3,0.912,1,injector_clog,4,0.46,9.39,33805.4
276.6,descend_land,34.265850945494996,2968.7430478309234,38.89877641824249,2719.0,758.6,765.1,769.4,874.1,182.0,184.6,188.7,183.8,3.89,74.8,1.721,2714.7,758.1,766.1,769.1,871.6,183.0,184.5,188.0,184.4,3.9,74.1,1.716,-4.3,0.912,1,injector_clog,4,0.46,9.36,33704.5
276.7,descend_land,34.25472747497219,2965.2391546162403,38.882091212458285,2716.9,757.3,766.4,769.6,872.2,182.9,184.5,188.4,183.7,3.92,74.5,1.706,2714.7,758.0,766.0,769.0,871.5,182.9,184.4,187.9,184.3,3.9,74.1,1.716,-4.3,0.912,1,injector_clog,4,0.46,9.33,33603.6
276.8,descend_land,34.24360400444939,2961.735261401557,38.865406006674085,2715.7,759.7,763.3,766.3,870.1,182.6,184.6,187.8,184.3,3.87,73.6,1.718,2714.7,757.9,765.9,768.9,871.4,182.8,184.3,187.8,184.2,3.9,74.1,1.716,-4.3,0.913,1,injector_clog,4,0.46,9.31,33502.7
276.9,descend_land,34.232480533926584,2958.2313681868745,38.84872080088988,2714.6,759.7,767.5,765.9,872.1,183.7,185.0,187.4,184.0,3.94,74.6,1.711,2714.6,757.8,765.8,768.8,871.3,182.7,184.2,187.7,184.1,3.9,74.1,1.716,-4.2,0.913,1,injector_clog,4,0.46,9.28,33401.8
277.0,descend_land,34.22135706340378,2954.7274749721914,38.83203559510567,2705.8,759.7,766.9,767.0,871.3,183.1,184.8,187.8,183.1,3.9,75.1,1.697,2714.6,757.7,765.7,768.7,871.2,182.6,184.1,187.6,184.0,3.9,74.1,1.716,-4.2,0.913,1,injector_clog,4,0.46,9.25,33300.9
277.1,descend_land,34.21023359288098,2951.2235817575083,38.815350389321466,2714.6,757.0,766.3,770.2,870.3,181.5,182.8,188.4,184.0,3.92,75.0,1.676,2714.5,757.6,765.6,768.6,871.1,182.6,184.1,187.6,184.0,3.9,74.1,1.716,-4.2,0.914,1,injector_clog,4,0.46,9.22,33200.0
277.2,descend_land,34.19911012235818,2947.719688542825,38.79866518353727,2705.5,757.7,765.2,770.2,871.8,182.6,183.9,187.6,184.6,3.93,74.2,1.717,2714.5,757.5,765.5,768.5,871.0,182.5,184.0,187.5,183.9,3.9,74.1,1.716,-4.2,0.914,1,injector_clog,4,0.46,9.19,33099.1
277.3,descend_land,34.187986651835374,2944.2157953281426,38.78197997775306,2716.7,755.8,764.7,768.7,871.2,182.7,184.4,187.8,184.0,3.92,74.1,1.751,2714.5,757.4,765.4,768.4,870.9,182.4,183.9,187.4,183.8,3.9,74.1,1.716,-4.1,0.914,1,injector_clog,4,0.46,9.17,32998.2
277.4,descend_land,34.17686318131257,2940.7119021134595,38.765294771968854,2714.8,756.5,764.7,769.8,869.3,181.4,184.7,187.0,184.6,3.9,74.2,1.729,2714.4,757.3,765.3,768.3,870.8,182.3,183.8,187.3,183.7,3.9,74.1,1.716,-4.1,0.915,1,injector_clog,4,0.46,9.14,32897.3
277.5,descend_land,34.165739710789765,2937.2080088987764,38.74860956618465,2718.1,756.1,765.6,767.1,871.4,181.9,182.7,187.6,183.1,3.93,74.3,1.729,2714.4,757.2,765.2,768.2,870.7,182.2,183.7,187.2,183.6,3.9,74.1,1.716,-4.1,0.915,1,injector_clog,4,0.46,9.11,32796.4
277.6,descend_land,34.15461624026696,2933.7041156840933,38.73192436040045,2708.8,760.3,765.3,769.6,872.0,181.6,184.1,186.2,183.8,3.88,74.2,1.677,2714.3,757.2,765.2,768.2,870.6,182.1,183.6,187.1,183.6,3.9,74.1,1.716,-4.1,0.915,1,injector_clog,4,0.46,9.08,32695.5
277.7,descend_land,34.14349276974416,2930.2002224694106,38.71523915461624,2706.2,758.0,765.4,769.8,869.3,181.2,184.7,187.1,183.5,3.9,73.5,1.701,2714.3,757.1,765.1,768.1,870.6,182.1,183.6,187.1,183.5,3.9,74.1,1.716,-4.0,0.916,1,injector_clog,4,0.46,9.05,32594.6
277.8,descend_land,34.13236929922136,2926.6963292547275,38.698553948832036,2707.0,757.9,764.7,768.9,868.4,181.9,184.0,187.9,182.1,3.92,73.4,1.708,2714.3,757.0,765.0,768.0,870.5,182.0,183.5,187.0,183.4,3.9,74.1,1.716,-4.0,0.916,1,injector_clog,4,0.46,9.03,32493.7
277.9,descend_land,34.121245828698555,2923.1924360400444,38.68186874304783,2707.3,757.9,761.5,767.7,870.2,182.1,183.2,186.4,181.9,3.88,74.0,1.718,2714.2,756.9,764.9,767.9,870.4,181.9,183.4,186.9,183.3,3.9,74.1,1.716,-4.0,0.916,1,injector_clog,4,0.46,9.0,32392.8
278.0,descend_land,34.11012235817575,2919.6885428253618,38.66518353726363,2715.3,757.2,766.3,768.6,871.8,181.8,183.2,187.1,182.9,3.88,74.1,1.762,2714.2,756.9,764.9,767.9,870.4,181.8,183.3,186.8,183.2,3.9,74.1,1.716,-4.0,0.917,1,injector_clog,4,0.46,8.97,32291.9
278.1,descend_land,34.09899888765295,2916.1846496106787,38.64849833147942,2714.4,755.9,765.4,767.9,872.7,181.8,183.3,187.7,183.6,3.89,73.4,1.659,2714.1,756.8,764.8,767.8,870.3,181.8,183.3,186.8,183.2,3.9,74.1,1.716,-4.0,0.917,1,injector_clog,4,0.46,8.94,32191.0
278.2,descend_land,34.08787541713014,2912.6807563959956,38.63181312569522,2706.9,758.1,763.0,768.7,873.1,181.0,182.0,186.8,182.8,3.88,73.7,1.745,2714.1,756.7,764.7,767.7,870.2,181.7,183.2,186.7,183.1,3.9,74.1,1.716,-3.9,0.917,1,injector_clog,4,0.46,8.91,32090.1
278.3,descend_land,34.07675194660734,2909.1768631813125,38.61512791991101,2716.4,755.7,763.5,767.2,868.8,180.9,183.9,186.8,182.9,3.85,74.1,1.704,2714.1,756.7,764.7,767.7,870.2,181.6,183.1,186.6,183.0,3.9,74.1,1.716,-3.9,0.918,1,injector_clog,4,0.46,8.89,31989.2
278.4,descend_land,34.06562847608454,2905.6729699666294,38.598442714126804,2715.0,757.2,763.7,767.1,871.6,181.4,182.8,186.8,183.0,3.91,74.6,1.684,2714.0,756.6,764.6,767.6,870.1,181.5,183.0,186.5,182.9,3.9,74.1,1.716,-3.9,0.918,1,injector_clog,4,0.46,8.86,31888.3
278.5,descend_land,34.05450500556174,2902.1690767519467,38.581757508342605,2720.1,757.8,765.2,767.9,870.0,182.2,183.3,187.6,182.1,3.92,74.3,1.751,2714.0,756.6,764.6,767.6,870.1,181.5,183.0,186.5,182.9,3.9,74.1,1.716,-3.9,0.918,1,injector_clog,4,0.46,8.83,31787.4
278.6,descend_land,34.04338153503893,2898.6651835372636,38.5650723025584,2714.4,757.8,763.9,766.7,870.5,181.5,182.4,186.5,183.4,3.92,74.9,1.698,2713.9,756.5,764.5,767.5,870.0,181.4,182.9,186.4,182.8,3.9,74.1,1.716,-3.8,0.919,1,injector_clog,4,0.46,8.8,31686.5
278.7,descend_land,34.03225806451613,2895.1612903225805,38.54838709677419,2717.9,757.9,763.1,764.7,868.9,180.7,183.4,185.8,182.9,3.94,72.7,1.742,2713.9,756.4,764.4,767.4,869.9,181.3,182.8,186.3,182.7,3.9,74.1,1.716,-3.8,0.919,1,injector_clog,4,0.46,8.77,31585.6
278.8,descend_land,34.021134593993324,2891.657397107898,38.531701890989986,2724.6,757.7,763.5,767.6,870.6,182.2,182.3,186.5,182.6,3.95,74.2,1.689,2713.9,756.4,764.4,767.4,869.9,181.2,182.7,186.2,182.6,3.9,74.1,1.716,-3.8,0.919,1,injector_clog,4,0.46,8.75,31484.7
278.9,descend_land,34.01001112347052,2888.1535038932147,38.51501668520579,2707.8,755.9,764.2,765.8,870.2,181.1,182.9,185.9,182.3,3.87,73.5,1.724,2713.8,756.3,764.3,767.3,869.8,181.2,182.7,186.2,182.6,3.9,74.1,1.716,-3.8,0.92,1,injector_clog,4,0.46,8.72,31383.8
279.0,descend_land,33.99888765294772,2884.6496106785316,38.49833147942158,2711.0,757.8,762.9,766.0,871.6,181.5,182.3,185.5,182.9,3.86,74.1,1.752,2713.8,756.3,764.3,767.3,869.8,181.1,182.6,186.1,182.5,3.9,74.1,1.716,-3.8,0.92,1,injector_clog,4,0.46,8.69,31282.9
279.1,descend_land,33.98776418242492,2881.145717463849,38.481646273637374,2719.5,755.8,764.6,767.2,868.0,181.4,182.8,186.2,182.4,3.92,73.5,1.753,2713.7,756.2,764.2,767.2,869.7,181.0,182.5,186.0,182.4,3.9,74.1,1.716,-3.7,0.92,1,injector_clog,4,0.46,8.66,31182.0
279.2,descend_land,33.976640711902114,2877.641824249166,38.46496106785317,2715.2,758.2,765.4,765.0,868.2,180.6,182.1,186.1,181.6,3.93,74.7,1.74,2713.7,756.2,764.2,767.2,869.7,180.9,182.4,185.9,182.3,3.9,74.1,1.716,-3.7,0.921,1,injector_clog,4,0.46,8.63,31081.1
279.3,descend_land,33.96551724137931,2874.137931034483,38.44827586206897,2702.9,756.5,761.6,766.2,870.5,181.3,183.1,186.3,181.5,3.87,74.1,1.742,2713.6,756.1,764.1,767.1,869.6,180.9,182.4,185.9,182.3,3.9,74.1,1.716,-3.7,0.921,1,injector_clog,4,0.46,8.61,30980.2
279.4,descend_land,33.954393770856505,2870.6340378197997,38.43159065628476,2709.1,756.2,765.2,766.2,871.9,180.1,181.9,185.6,181.7,3.84,74.2,1.745,2713.6,756.1,764.1,767.1,869.6,180.8,182.3,185.8,182.2,3.9,74.1,1.716,-3.7,0.921,1,injector_clog,4,0.46,8.58,30879.3
279.5,descend_land,33.9432703003337,2867.1301446051166,38.414905450500555,2715.9,756.3,762.8,765.1,867.8,180.0,182.2,186.9,182.2,3.93,74.4,1.698,2713.6,756.0,764.0,767.0,869.5,180.7,182.2,185.7,182.1,3.9,74.1,1.716,-3.6,0.922,1,injector_clog,4,0.46,8.55,30778.4
279.6,descend_land,33.932146829810904,2863.626251390434,38.39822024471635,2709.2,757.4,764.9,765.5,872.0,181.2,182.6,185.8,182.0,3.91,74.2,1.736,2713.5,756.0,764.0,767.0,869.5,180.7,182.2,185.7,182.1,3.9,74.1,1.716,-3.6,0.922,1,injector_clog,4,0.46,8.52,30677.5
279.7,descend_land,33.9210233592881,2860.122358175751,38.38153503893215,2709.2,758.7,763.3,768.1,871.9,180.7,182.0,186.2,182.9,3.93,74.1,1.712,2713.5,756.0,764.0,767.0,869.4,180.6,182.1,185.6,182.0,3.9,74.1,1.716,-3.6,0.922,1,injector_clog,4,0.46,8.49,30576.6
279.8,descend_land,33.909899888765295,2856.6184649610677,38.36484983314794,2722.8,755.0,766.4,765.2,868.7,180.2,180.8,186.4,182.4,3.94,74.3,1.69,2713.4,755.9,763.9,766.9,869.4,180.5,182.0,185.5,181.9,3.9,74.1,1.716,-3.6,0.923,1,injector_clog,4,0.46,8.47,30475.7
279.9,descend_land,33.89877641824249,2853.114571746385,38.34816462736374,2718.0,754.8,764.7,769.6,869.8,180.8,181.0,185.6,182.1,3.94,73.9,1.735,2713.4,755.9,763.9,766.9,869.4,180.5,182.0,185.5,181.9,3.9,74.1,1.716,-3.5,0.923,1,injector_clog,4,0.46,8.44,30374.8
280.0,descend_land,33.88765294771969,2849.610678531702,38.33147942157953,2715.0,757.9,765.0,767.2,870.1,180.4,181.7,184.4,182.0,3.9,74.1,1.752,2713.3,755.8,763.8,766.8,869.3,180.4,181.9,185.4,181.8,3.9,74.1,1.716,-3.5,0.923,1,injector_clog,4,0.46,8.41,30273.9
280.1,descend_land,33.87652947719688,2846.106785317019,38.31479421579533,2708.3,757.1,763.0,767.6,868.6,180.0,181.8,185.3,181.6,3.94,74.3,1.704,2713.3,755.8,763.8,766.8,869.3,180.3,181.8,185.3,181.7,3.9,74.1,1.716,-3.5,0.924,1,injector_clog,4,0.46,8.38,30173.0
280.2,descend_land,33.865406006674085,2842.6028921023358,38.298109010011125,2719.2,754.9,762.8,766.6,867.8,180.0,180.8,185.0,181.5,3.9,74.5,1.684,2713.3,755.7,763.7,766.7,869.2,180.3,181.8,185.3,181.7,3.9,74.1,1.716,-3.5,0.924,1,injector_clog,4,0.46,8.35,30072.1
280.3,descend_land,33.85428253615128,2839.098998887653,38.28142380422692,2711.5,756.7,763.1,767.8,870.2,180.2,181.4,184.0,180.6,3.89,74.0,1.726,2713.2,755.7,763.7,766.7,869.2,180.2,181.7,185.2,181.6,3.9,74.1,1.716,-3.5,0.924,1,injector_clog,4,0.46,8.33,29971.2
280.4,descend_land,33.84315906562848,2835.59510567297,38.26473859844271,2714.7,752.7,762.4,768.9,867.7,179.5,180.9,184.9,182.3,3.9,74.0,1.712,2713.2,755.7,763.7,766.7,869.2,180.1,181.6,185.1,181.5,3.9,74.1,1.716,-3.4,0.925,1,injector_clog,4,0.46,8.3,29870.3
280.5,descend_land,33.83203559510567,2832.091212458287,38.24805339265851,2709.2,755.0,762.8,767.6,871.1,179.6,182.0,185.8,181.9,3.9,73.9,1.685,2713.1,755.6,763.6,766.6,869.1,180.1,181.6,185.1,181.5,3.9,74.1,1.716,-3.4,0.925,1,injector_clog,4,0.46,8.27,29769.4
280.6,descend_land,33.82091212458287,2828.587319243604,38.231368186874306,2716.8,755.3,762.2,768.4,871.0,180.5,181.5,184.4,180.0,3.91,73.9,1.746,2713.1,755.6,763.6,766.6,869.1,180.0,181.5,185.0,181.4,3.9,74.1,1.716,-3.4,0.925,1,injector_clog,4,0.46,8.24,29668.5
280.7,descend_land,33.809788654060064,2825.083426028921,38.2146829810901,2713.4,755.4,762.1,767.2,865.5,181.5,181.7,184.8,182.1,3.91,74.7,1.715,2713.0,755.6,763.6,766.6,869.0,179.9,181.4,184.9,181.3,3.9,74.1,1.716,-3.4,0.926,1,injector_clog,4,0.46,8.21,29567.6
280.8,descend_land,33.79866518353727,2821.579532814238,38.19799777530589,2711.2,756.2,764.2,764.4,869.9,180.3,180.6,184.8,181.3,3.91,74.1,1.767,2713.0,755.5,763.5,766.5,869.0,179.9,181.4,184.9,181.3,3.9,74.1,1.716,-3.3,0.926,1,injector_clog,4,0.46,8.19,29466.7
280.9,descend_land,33.78754171301446,2818.075639599555,38.181312569521694,2711.6,755.8,764.9,765.9,867.5,180.0,180.8,185.3,181.4,3.9,74.2,1.714,2712.9,755.5,763.5,766.5,869.0,179.8,181.3,184.8,181.2,3.9,74.1,1.716,-3.3,0.926,1,injector_clog,4,0.46,8.16,29365.8
281.0,descend_land,33.77641824249166,2814.5717463848723,38.16462736373749,2706.0,758.0,764.3,766.6,868.6,179.0,182.1,183.8,180.9,3.88,73.5,1.693,2712.9,755.4,763.4,766.4,868.9,179.7,181.2,184.7,181.1,3.9,74.1,1.716,-3.3,0.927,1,injector_clog,4,0.46,8.13,29264.9
281.1,descend_land,33.765294771968854,2811.067853170189,38.14794215795328,2713.8,754.3,762.8,768.6,868.0,179.8,180.9,183.5,181.2,3.9,73.6,1.682,2712.8,755.4,763.4,766.4,868.9,179.7,181.2,184.7,181.1,3.9,74.1,1.716,-3.3,0.927,1,injector_clog,4,0.46,8.1,29164.0
281.2,descend_land,33.75417130144605,2807.563959955506,38.131256952169075,2713.4,755.5,762.7,766.1,865.5,179.3,180.6,185.3,181.9,3.91,73.9,1.74,2712.8,755.4,763.4,766.4,868.9,179.6,181.1,184.6,181.0,3.9,74.1,1.716,-3.2,0.927,1,injector_clog,4,0.46,8.07,29063.1
281.3,descend_land,33.743047830923246,2804.060066740823,38.114571746384875,2707.0,755.8,762.3,763.7,869.4,178.6,181.3,184.0,181.1,3.91,73.8,1.674,2712.8,755.3,763.3,766.3,868.8,179.6,181.1,184.6,181.0,3.9,74.1,1.716,-3.2,0.928,1,injector_clog,4,0.46,8.05,28962.2
281.4,descend_land,33.73192436040044,2800.5561735261404,38.09788654060067,2707.8,754.9,765.4,764.0,866.5,179.5,179.8,184.0,181.0,3.91,73.3,1.731,2712.7,755.3,763.3,766.3,868.8,179.5,181.0,184.5,180.9,3.9,74.1,1.716,-3.2,0.928,1,injector_clog,4,0.46,8.02,28861.3
281.5,descend_land,33.720800889877644,2797.0522803114573,38.08120133481646,2723.9,754.3,763.2,765.1,865.9,178.6,181.9,184.1,181.5,3.93,73.9,1.683,2712.7,755.3,763.3,766.3,868.8,179.4,180.9,184.4,180.8,3.9,74.1,1.716,-3.2,0.928,1,injector_clog,4,0.46,7.99,28760.4
281.6,descend_land,33.70967741935484,2793.548387096774,38.064516129032256,2711.9,753.4,765.6,766.2,868.7,180.9,181.2,184.4,180.0,3.89,74.8,1.723,2712.6,755.2,763.2,766.2,868.7,179.4,180.9,184.4,180.8,3.9,74.1,1.716,-3.2,0.929,1,injector_clog,4,0.46,7.96,28659.5
281.7,descend_land,33.698553948832036,2790.044493882091,38.04783092324806,2716.6,754.3,761.8,766.5,867.9,178.5,180.6,185.0,180.2,3.92,74.7,1.728,2712.6,755.2,763.2,766.2,868.7,179.3,180.8,184.3,180.7,3.9,74.1,1.716,-3.1,0.929,1,injector_clog,4,0.46,7.93,28558.6
281.8,descend_land,33.68743047830923,2786.5406006674084,38.03114571746385,2706.0,755.5,763.7,765.2,865.8,178.6,180.7,184.9,180.4,3.9,75.3,1.688,2712.5,755.2,763.2,766.2,868.7,179.3,180.8,184.3,180.7,3.9,74.1,1.716,-3.1,0.929,1,injector_clog,4,0.46,7.9,28457.7
281.9,descend_land,33.67630700778643,2783.0367074527253,38.014460511679644,2719.9,755.1,763.4,765.0,869.8,179.7,180.6,183.0,180.2,3.9,74.0,1.7,2712.5,755.1,763.1,766.1,868.6,179.2,180.7,184.2,180.6,3.9,74.1,1.716,-3.1,0.93,1,injector_clog,4,0.46,7.88,28356.8
282.0,descend_land,33.66518353726362,2779.532814238042,37.99777530589544,2709.5,754.5,762.4,764.3,868.4,179.4,180.3,184.4,180.5,3.87,74.3,1.724,2712.4,755.1,763.1,766.1,868.6,179.2,180.7,184.2,180.6,3.9,74.1,1.716,-3.1,0.93,1,injector_clog,4,0.46,7.85,28255.9
282.1,descend_land,33.654060066740826,2776.0289210233595,37.98109010011123,2719.0,755.4,761.8,769.5,868.3,180.3,180.2,184.1,180.1,3.91,73.7,1.732,2712.4,755.1,763.1,766.1,868.5,179.1,180.6,184.1,180.5,3.9,74.1,1.716,-3.0,0.93,1,injector_clog,4,0.46,7.82,28155.0
282.2,descend_land,33.64293659621802,2772.5250278086764,37.96440489432703,2706.6,754.1,763.8,766.6,869.4,178.5,179.7,184.3,180.8,3.91,73.7,1.743,2712.3,755.0,763.0,766.0,868.5,179.0,180.5,184.0,180.4,3.9,74.1,1.716,-3.0,0.931,1,injector_clog,4,0.46,7.79,28054.1
282.3,descend_land,33.63181312569522,2769.0211345939933,37.947719688542826,2710.4,754.3,761.9,764.1,870.9,179.1,180.3,185.0,180.9,3.92,74.9,1.712,2712.3,755.0,763.0,766.0,868.5,179.0,180.5,184.0,180.4,3.9,74.1,1.716,-3.0,0.931,1,injector_clog,4,0.46,7.76,27953.2
282.4,descend_land,33.62068965517241,2765.5172413793102,37.93103448275862,2707.8,755.8,763.1,766.4,869.3,179.7,180.6,183.9,180.4,3.9,74.6,1.691,2712.2,755.0,763.0,766.0,868.5,178.9,180.4,183.9,180.3,3.9,74.1,1.716,-3.0,0.931,1,injector_clog,4,0.46,7.74,27852.3
282.5,descend_land,33.60956618464961,2762.0133481646276,37.91434927697441,2713.6,756.0,761.9,766.8,866.9,177.7,182.0,183.3,180.5,3.91,73.7,1.649,2712.2,754.9,762.9,765.9,868.4,178.9,180.4,183.9,180.3,3.9,74.1,1.716,-3.0,0.932,1,injector_clog,4,0.46,7.71,27751.4
282.6,descend_land,33.598442714126804,2758.5094549499445,37.89766407119021,2706.3,756.6,764.5,765.2,869.1,178.8,180.7,183.5,180.0,3.85,73.7,1.719,2712.2,754.9,762.9,765.9,868.4,178.8,180.3,183.8,180.2,3.9,74.1,1.716,-2.9,0.932,1,injector_clog,4,0.46,7.68,27650.5
282.7,descend_land,33.58731924360401,2755.0055617352614,37.88097886540601,2707.6,753.1,762.2,762.8,870.9,178.3,180.1,183.9,180.7,3.9,74.7,1.663,2712.1,754.9,762.9,765.9,868.4,178.8,180.3,183.8,180.2,3.9,74.1,1.716,-2.9,0.932,1,injector_clog,4,0.46,7.65,27549.6
282.8,descend_land,33.5761957730812,2751.5016685205783,37.8642936596218,2715.4,755.4,763.5,767.7,869.8,179.2,180.1,183.9,180.1,3.95,73.9,1.728,2712.1,754.8,762.8,765.8,868.3,178.7,180.2,183.7,180.1,3.9,74.1,1.716,-2.9,0.933,1,injector_clog,4,0.46,7.62,27448.7
282.9,descend_land,33.5650723025584,2747.9977753058956,37.847608453837594,2704.1,757.2,762.6,768.1,867.2,178.5,181.4,183.3,180.6,3.9,72.7,1.702,2712.0,754.8,762.8,765.8,868.3,178.7,180.2,183.7,180.1,3.9,74.1,1.716,-2.9,0.933,1,injector_clog,4,0.46,7.6,27347.8
283.0,descend_land,33.553948832035594,2744.4938820912125,37.830923248053395,2714.6,753.8,761.2,767.4,868.1,178.1,180.9,183.8,179.6,3.9,72.6,1.648,2712.0,754.8,762.8,765.8,868.3,178.6,180.1,183.6,180.0,3.9,74.1,1.716,-2.8,0.933,1,injector_clog,4,0.46,7.57,27246.9
283.1,descend_land,33.54282536151279,2740.9899888765294,37.81423804226919,2715.4,754.4,764.5,765.9,866.8,179.2,179.7,183.0,179.7,3.92,73.7,1.701,2711.9,754.7,762.7,765.7,868.2,178.5,180.0,183.5,179.9,3.9,74.1,1.716,-2.8,0.934,1,injector_clog,4,0.46,7.54,27146.0
283.2,descend_land,33.531701890989986,2737.486095661847,37.79755283648498,2712.1,753.5,763.5,766.5,869.6,177.9,179.7,183.6,179.3,3.86,74.0,1.675,2711.9,754.7,762.7,765.7,868.2,178.5,180.0,183.5,179.9,3.9,74.1,1.716,-2.8,0.934,1,injector_clog,4,0.46,7.51,27045.1
283.3,descend_land,33.52057842046719,2733.9822024471637,37.780867630700776,2711.9,755.9,763.6,767.7,868.8,178.6,179.3,182.9,180.1,3.86,74.0,1.705,2711.8,754.7,762.7,765.7,868.2,178.4,179.9,183.4,179.8,3.9,74.1,1.716,-2.8,0.934,1,injector_clog,4,0.46,7.48,26944.2
283.4,descend_land,33.509454949944384,2730.4783092324806,37.76418242491658,2710.3,753.9,764.8,766.1,868.3,179.3,180.3,182.7,180.0,3.97,73.9,1.723,2711.8,754.6,762.6,765.6,868.1,178.4,179.9,183.4,179.8,3.9,74.1,1.716,-2.7,0.935,1,injector_clog,4,0.46,7.46,26843.3
283.5,descend_land,33.49833147942158,2726.9744160177975,37.74749721913237,2711.8,754.4,762.9,764.4,870.2,178.6,179.0,183.6,179.3,3.88,73.9,1.714,2711.7,754.6,762.6,765.6,868.1,178.3,179.8,183.3,179.7,3.9,74.1,1.716,-2.7,0.935,1,injector_clog,4,0.46,7.43,26742.4
283.6,descend_land,33.487208008898776,2723.4705228031144,37.730812013348164,2717.0,755.4,762.7,765.8,867.4,179.1,180.1,183.0,179.3,3.9,73.8,1.75,2711.7,754.6,762.6,765.6,868.1,178.3,179.8,183.3,179.7,3.9,74.1,1.716,-2.7,0.935,1,injector_clog,4,0.46,7.4,26641.5
283.7,descend_land,33.47608453837597,2719.9666295884317,37.71412680756396,2714.6,754.9,761.0,763.4,867.6,178.1,179.8,182.0,180.7,3.92,74.0,1.69,2711.6,754.5,762.5,765.5,868.0,178.2,179.7,183.2,179.6,3.9,74.1,1.716,-2.7,0.936,1,injector_clog,4,0.46,7.37,26540.6
283.8,descend_land,33.46496106785317,2716.4627363737486,37.69744160177976,2699.6,756.9,762.0,766.4,867.8,178.5,180.2,182.5,179.0,3.89,74.4,1.742,2711.6,754.5,762.5,765.5,868.0,178.2,179.7,183.2,179.6,3.9,74.1,1.716,-2.7,0.936,1,injector_clog,4,0.46,7.34,26439.7
283.9,descend_land,33.45383759733037,2712.9588431590655,37.68075639599555,2709.3,755.1,763.2,766.8,867.1,178.0,178.7,183.4,179.7,3.89,74.0,1.75,2711.5,754.5,762.5,765.5,868.0,178.1,179.6,183.1,179.5,3.9,74.1,1.716,-2.6,0.936,1,injector_clog,4,0.46,7.32,26338.8
284.0,descend_land,33.442714126807566,2709.454949944383,37.664071190211345,2706.8,753.8,762.2,764.5,868.3,176.9,178.3,182.6,179.3,3.91,74.1,1.697,2711.5,754.4,762.4,765.4,867.9,178.1,179.6,183.1,179.5,3.9,74.1,1.716,-2.6,0.937,1,injector_clog,4,0.46,7.29,26237.9
284.1,descend_land,33.43159065628476,2705.9510567296998,37.64738598442714,2710.3,755.0,761.5,764.8,870.3,176.2,179.2,182.6,179.1,3.89,73.6,1.747,2711.4,754.4,762.4,765.4,867.9,178.0,179.5,183.0,179.4,3.9,74.1,1.716,-2.6,0.937,1,injector_clog,4,0.46,7.26,26137.0
284.2,descend_land,33.42046718576196,2702.4471635150167,37.63070077864294,2716.6,754.9,761.4,767.4,866.9,179.1,179.4,184.1,179.6,3.9,74.0,1.719,2711.4,754.4,762.4,765.4,867.9,178.0,179.5,183.0,179.4,3.9,74.1,1.716,-2.6,0.937,1,injector_clog,4,0.46,7.23,26036.1
284.3,descend_land,33.40934371523915,2698.9432703003336,37.61401557285873,2712.8,757.6,761.5,767.1,867.8,177.6,180.1,182.6,179.5,3.88,73.6,1.693,2711.3,754.4,762.4,765.4,867.8,177.9,179.4,182.9,179.3,3.9,74.1,1.716,-2.5,0.938,1,injector_clog,4,0.46,7.2,25935.2
284.4,descend_land,33.39822024471635,2695.439377085651,37.59733036707453,2716.0,753.7,760.9,763.9,869.8,177.1,178.6,182.3,179.6,3.89,73.8,1.739,2711.3,754.3,762.3,765.3,867.8,177.9,179.4,182.9,179.3,3.9,74.1,1.716,-2.5,0.938,1,injector_clog,4,0.46,7.18,25834.3
284.5,descend_land,33.38709677419355,2691.935483870968,37.58064516129032,2702.6,754.2,763.8,763.9,867.3,177.1,179.0,182.1,178.2,3.93,74.4,1.702,2711.2,754.3,762.3,765.3,867.8,177.8,179.3,182.8,179.2,3.9,74.1,1.716,-2.5,0.938,1,injector_clog,4,0.46,7.15,25733.4
284.6,descend_land,33.37597330367075,2688.4315906562847,37.56395995550612,2715.0,755.5,761.7,766.4,869.2,177.0,178.3,183.4,179.7,3.88,74.1,1.723,2711.2,754.3,762.3,765.3,867.8,177.8,179.3,182.8,179.2,3.9,74.1,1.716,-2.5,0.939,1,injector_clog,4,0.46,7.12,25632.5
284.7,descend_land,33.36484983314794,2684.9276974416016,37.547274749721915,2710.4,752.6,762.6,764.3,868.0,178.7,179.4,183.1,178.6,3.88,74.0,1.69,2711.1,754.2,762.2,765.2,867.7,177.7,179.2,182.7,179.1,3.9,74.1,1.716,-2.5,0.939,1,injector_clog,4,0.46,7.09,25531.6
284.8,descend_land,33.35372636262514,2681.423804226919,37.53058954393771,2708.7,755.1,761.4,765.5,868.0,176.8,179.6,183.5,179.4,3.96,73.7,1.73,2711.1,754.2,762.2,765.2,867.7,177.7,179.2,182.7,179.1,3.9,74.1,1.716,-2.4,0.939,1,injector_clog,4,0.46,7.06,25430.7
284.9,descend_land,33.342602892102335,2677.919911012236,37.5139043381535,2714.7,753.6,760.9,765.8,866.5,177.7,179.7,183.3,178.0,3.86,73.7,1.658,2711.0,754.2,762.2,765.2,867.7,177.7,179.2,182.7,179.1,3.9,74.1,1.716,-2.4,0.94,1,injector_clog,4,0.46,7.04,25329.8
285.0,descend_land,33.33147942157953,2674.4160177975527,37.4972191323693,2710.2,751.7,762.8,762.9,868.9,178.1,178.5,182.8,179.2,3.86,73.8,1.72,2711.0,754.1,762.1,765.1,867.6,177.6,179.1,182.6,179.0,3.9,74.1,1.716,-2.4,0.94,1,injector_clog,4,0.46,7.01,25228.9
285.1,descend_land,33.320355951056726,2670.91212458287,37.480533926585096,2710.3,755.0,762.1,764.2,867.5,176.8,180.0,182.4,179.2,3.88,74.3,1.714,2710.9,754.1,762.1,765.1,867.6,177.6,179.1,182.6,179.0,3.9,74.1,1.716,-2.4,0.94,1,injector_clog,4,0.46,6.98,25128.0
285.2,descend_land,33.30923248053393,2667.408231368187,37.46384872080089,2712.5,753.7,759.3,766.0,868.7,177.5,179.3,181.6,178.8,3.92,75.0,1.739,2710.9,754.1,762.1,765.1,867.6,177.5,179.0,182.5,178.9,3.9,74.1,1.716,-2.3,0.941,1,injector_clog,4,0.46,6.95,25027.1
285.3,descend_land,33.298109010011125,2663.904338153504,37.44716351501668,2705.2,752.0,761.8,766.6,869.3,177.3,179.2,181.9,179.5,3.89,73.9,1.719,2710.8,754.0,762.0,765.0,867.5,177.5,179.0,182.5,178.9,3.9,74.1,1.716,-2.3,0.941,1,injector_clog,4,0.46,6.92,24926.2
285.4,descend_land,33.28698553948832,2660.400444938821,37.430478309232484,2706.8,754.7,764.4,765.8,866.4,177.2,178.5,181.9,178.6,3.93,74.6,1.725,2710.8,754.0,762.0,765.0,867.5,177.4,178.9,182.4,178.8,3.9,74.1,1.716,-2.3,0.941,1,injector_clog,4,0.46,6.9,24825.3
285.5,descend_land,33.275862068965516,2656.896551724138,37.41379310344828,2715.9,752.0,763.4,764.6,870.5,176.6,179.2,183.0,178.5,3.88,74.0,1.703,2710.7,754.0,762.0,765.0,867.5,177.4,178.9,182.4,178.8,3.9,74.1,1.716,-2.3,0.942,1,injector_clog,4,0.46,6.87,24724.4
285.6,descend_land,33.26473859844271,2653.392658509455,37.39710789766407,2715.3,754.0,762.9,763.9,866.7,176.8,179.6,182.5,179.2,3.92,73.5,1.711,2710.7,754.0,762.0,765.0,867.4,177.3,178.8,182.3,178.7,3.9,74.1,1.716,-2.2,0.942,1,injector_clog,4,0.46,6.84,24623.5
285.7,descend_land,33.253615127919915,2649.888765294772,37.380422691879865,2716.2,753.0,764.2,765.1,868.1,177.0,179.5,181.6,179.3,3.85,73.5,1.759,2710.6,753.9,761.9,764.9,867.4,177.3,178.8,182.3,178.7,3.9,74.1,1.716,-2.2,0.942,1,injector_clog,4,0.46,6.81,24522.6
285.8,descend_land,33.24249165739711,2646.384872080089,37.36373748609566,2702.6,755.8,762.0,765.0,870.0,177.1,178.1,181.2,178.7,3.92,74.8,1.729,2710.6,753.9,761.9,764.9,867.4,177.2,178.7,182.2,178.6,3.9,74.1,1.715,-2.2,0.943,1,injector_clog,4,0.46,6.78,24421.7
285.9,descend_land,33.231368186874306,2642.880978865406,37.34705228031146,2700.7,753.0,765.0,762.2,866.3,176.1,178.7,183.7,180.0,3.94,74.6,1.76,2710.5,753.9,761.9,764.9,867.4,177.2,178.7,182.2,178.6,3.9,74.1,1.715,-2.2,0.943,1,injector_clog,4,0.46,6.76,24320.8
286.0,descend_land,33.2202447163515,2639.377085650723,37.33036707452725,2702.0,753.8,760.7,765.4,868.5,178.1,177.9,180.9,178.4,3.89,73.6,1.739,2710.5,753.8,761.8,764.8,867.3,177.2,178.7,182.2,178.6,3.9,74.1,1.715,-2.2,0.943,1,injector_clog,4,0.46,6.73,24219.9
286.1,descend_land,33.2091212458287,2635.87319243604,37.313681868743046,2696.5,753.2,762.2,765.9,868.0,176.9,178.0,183.1,178.3,3.88,74.2,1.724,2710.4,753.8,761.8,764.8,867.3,177.1,178.6,182.1,178.5,3.9,74.1,1.715,-2.1,0.944,1,injector_clog,4,0.46,6.7,24119.0
286.2,descend_land,33.19799777530589,2632.3692992213573,37.29699666295885,2709.5,755.2,762.6,767.2,868.2,177.1,178.6,182.4,178.3,3.86,73.6,1.762,2710.4,753.8,761.8,764.8,867.3,177.1,178.6,182.1,178.5,3.9,74.1,1.715,-2.1,0.944,1,injector_clog,4,0.46,6.67,24018.1
286.3,descend_land,33.18687430478309,2628.865406006674,37.28031145717464,2698.1,755.9,759.8,764.1,865.3,176.7,178.9,181.5,178.4,3.88,74.2,1.721,2710.3,753.7,761.7,764.7,867.2,177.0,178.5,182.0,178.4,3.9,74.1,1.715,-2.1,0.944,1,injector_clog,4,0.46,6.64,23917.2
286.4,descend_land,33.17575083426029,2625.361512791991,37.263626251390434,2708.9,754.8,762.3,765.9,866.7,177.9,177.5,182.7,177.9,3.9,74.1,1.754,2710.2,753.7,761.7,764.7,867.2,177.0,178.5,182.0,178.4,3.9,74.1,1.715,-2.1,0.945,1,injector_clog,4,0.46,6.62,23816.3
286.5,descend_land,33.16462736373749,2621.857619577308,37.24694104560623,2719.6,755.1,762.3,762.6,868.0,176.2,177.9,180.6,178.7,3.89,73.3,1.753,2710.2,753.7,761.7,764.7,867.2,176.9,178.4,181.9,178.4,3.9,74.1,1.715,-2.0,0.945,1,injector_clog,4,0.46,6.59,23715.4
286.6,descend_land,33.15350389321468,2618.353726362625,37.23025583982202,2707.4,753.2,763.3,764.7,869.3,176.4,178.4,181.8,178.8,3.93,73.9,1.73,2710.1,753.7,761.7,764.7,867.1,176.9,178.4,181.9,178.3,3.9,74.1,1.715,-2.0,0.945,1,injector_clog,4,0.46,6.56,23614.5
286.7,descend_land,33.14238042269188,2614.8498331479423,37.21357063403782,2719.5,755.9,762.3,766.6,867.1,177.0,179.3,181.3,177.9,3.89,73.7,1.691,2710.1,753.6,761.6,764.6,867.1,176.9,178.4,181.9,178.3,3.9,74.1,1.715,-2.0,0.946,1,injector_clog,4,0.46,6.53,23513.6
286.8,descend_land,33.131256952169075,2611.345939933259,37.196885428253616,2710.4,756.2,762.4,764.6,867.7,176.5,177.8,183.5,178.6,3.89,73.5,1.689,2710.0,753.6,761.6,764.6,867.1,176.8,178.3,181.8,178.2,3.9,74.1,1.715,-2.0,0.946,1,injector_clog,4,0.46,6.5,23412.7
286.9,descend_land,33.12013348164627,2607.842046718576,37.18020022246941,2705.4,752.6,764.2,762.8,867.4,177.4,177.7,181.3,177.8,3.91,74.5,1.788,2710.0,753.6,761.6,764.6,867.1,176.8,178.3,181.8,178.2,3.9,74.1,1.715,-2.0,0.946,1,injector_clog,4,0.46,6.48,23311.8
287.0,descend_land,33.10901001112347,2604.3381535038934,37.1635150166852,2713.7,755.2,760.3,764.7,868.9,177.0,178.3,181.3,178.2,3.89,73.3,1.718,2709.9,753.5,761.5,764.5,867.0,176.7,178.2,181.7,178.1,3.9,74.1,1.715,-1.9,0.947,1,injector_clog,4,0.46,6.45,23210.9
287.1,descend_land,33.09788654060067,2600.8342602892103,37.146829810901004,2702.5,754.4,759.9,767.0,869.4,176.9,178.5,181.1,177.4,3.93,73.6,1.661,2709.9,753.5,761.5,764.5,867.0,176.7,178.2,181.7,178.1,3.9,74.1,1.715,-1.9,0.947,1,injector_clog,4,0.46,6.42,23110.0
287.2,descend_land,33.086763070077865,2597.330367074527,37.1301446051168,2705.7,751.6,761.8,764.6,867.6,175.8,178.1,181.7,178.6,3.85,74.0,1.703,2709.8,753.5,761.5,764.5,867.0,176.7,178.2,181.7,178.1,3.9,74.1,1.715,-1.9,0.947,1,injector_clog,4,0.46,6.39,23009.1
287.3,descend_land,33.07563959955506,2593.8264738598446,37.11345939933259,2707.0,752.7,760.4,765.0,865.4,176.3,177.1,180.7,177.8,3.91,74.2,1.687,2709.8,753.4,761.4,764.4,866.9,176.6,178.1,181.6,178.0,3.9,74.1,1.715,-1.9,0.948,1,injector_clog,4,0.46,6.36,22908.2
287.4,descend_land,33.064516129032256,2590.3225806451615,37.096774193548384,2714.8,754.0,762.1,765.7,868.3,176.1,178.1,182.0,178.3,3.91,73.7,1.709,2709.7,753.4,761.4,764.4,866.9,176.6,178.1,181.6,178.0,3.9,74.1,1.715,-1.8,0.948,1,injector_clog,4,0.46,6.34,22807.3
287.5,descend_land,33.05339265850945,2586.8186874304783,37.080088987764185,2707.5,753.5,760.5,765.6,867.0,176.8,177.6,181.2,177.7,3.93,73.3,1.707,2709.7,753.4,761.4,764.4,866.9,176.6,178.1,181.6,178.0,3.9,74.1,1.715,-1.8,0.948,1,injector_clog,4,0.46,6.31,22706.4
287.6,descend_land,33.042269187986655,2583.3147942157952,37.06340378197998,2705.0,752.6,761.8,763.8,866.4,175.8,177.8,181.0,178.1,3.92,74.0,1.718,2709.6,753.4,761.4,764.4,866.8,176.5,178.0,181.5,177.9,3.9,74.1,1.715,-1.8,0.949,1,injector_clog,4,0.46,6.28,22605.5
287.7,descend_land,33.03114571746385,2579.810901001112,37.04671857619577,2709.2,753.9,759.3,763.5,868.2,176.2,178.3,180.4,178.1,3.91,74.0,1.705,2709.6,753.3,761.3,764.3,866.8,176.5,178.0,181.5,177.9,3.9,74.1,1.715,-1.8,0.949,1,injector_clog,4,0.46,6.25,22504.6
287.8,descend_land,33.020022246941046,2576.3070077864295,37.030033370411566,2717.2,751.8,759.9,765.3,867.8,177.4,178.7,182.7,177.7,3.9,73.7,1.736,2709.5,753.3,761.3,764.3,866.8,176.4,177.9,181.4,177.8,3.9,74.1,1.715,-1.7,0.949,1,injector_clog,4,0.46,6.22,22403.7
287.9,descend_land,33.00889877641824,2572.8031145717464,37.01334816462737,2721.0,754.3,759.5,764.2,867.6,175.7,177.8,181.3,178.8,3.91,73.5,1.697,2709.4,753.3,761.3,764.3,866.8,176.4,177.9,181.4,177.8,3.9,74.1,1.715,-1.7,0.95,1,injector_clog,4,0.46,6.2,22302.8
288.0,descend_land,32.99777530589544,2569.2992213570633,36.99666295884316,2708.6,754.2,761.5,766.1,865.1,176.5,178.7,181.4,177.2,3.89,74.3,1.75,2709.4,753.2,761.2,764.2,866.7,176.4,177.9,181.4,177.8,3.9,74.1,1.715,-1.7,0.95,1,injector_clog,4,0.46,6.17,22201.9
288.1,descend_land,32.98665183537263,2565.7953281423806,36.979977753058954,2697.6,751.3,761.2,764.4,863.9,176.0,178.1,181.0,177.8,3.89,74.1,1.773,2709.3,753.2,761.2,764.2,866.7,176.3,177.8,181.3,177.7,3.9,74.1,1.715,-1.7,0.95,1,injector_clog,4,0.46,6.14,22101.0
288.2,descend_land,32.975528364849836,2562.2914349276975,36.96329254727475,2710.0,751.7,758.3,763.0,864.5,175.9,177.2,180.6,178.2,3.88,74.1,1.689,2709.3,753.2,761.2,764.2,866.7,176.3,177.8,181.3,177.7,3.9,74.1,1.715,-1.7,0.951,1,injector_clog,4,0.46,6.11,22000.1
288.3,descend_land,32.96440489432703,2558.7875417130144,36.94660734149055,2700.7,754.0,761.4,762.4,867.6,176.2,177.5,181.6,177.1,3.92,74.1,1.638,2709.2,753.1,761.1,764.1,866.6,176.3,177.8,181.3,177.7,3.9,74.1,1.715,-1.6,0.951,1,injector_clog,4,0.46,6.08,21899.2
288.4,descend_land,32.95328142380423,2555.283648498332,36.92992213570634,2706.7,753.8,762.5,765.0,866.5,176.3,177.3,179.7,177.8,3.88,73.4,1.725,2709.2,753.1,761.1,764.1,866.6,176.2,177.7,181.2,177.6,3.9,74.1,1.715,-1.6,0.951,1,injector_clog,4,0.46,6.06,21798.3
288.5,descend_land,32.94215795328142,2551.7797552836487,36.913236929922135,2703.9,749.9,762.4,762.7,864.8,176.5,177.4,181.0,176.5,3.88,73.3,1.674,2709.1,753.1,761.1,764.1,866.6,176.2,177.7,181.2,177.6,3.9,74.1,1.715,-1.6,0.952,1,injector_clog,4,0.46,6.03,21697.4
288.6,descend_land,32.93103448275862,2548.2758620689656,36.89655172413793,2695.5,754.4,761.2,766.6,868.4,176.9,177.7,181.3,177.1,3.9,73.9,1.726,2709.1,753.1,761.1,764.1,866.5,176.1,177.6,181.1,177.5,3.9,74.1,1.715,-1.6,0.952,1,injector_clog,4,0.46,6.0,21596.5
288.7,descend_land,32.919911012235815,2544.7719688542825,36.87986651835373,2714.1,756.4,761.3,764.5,868.0,176.0,178.1,181.6,176.9,3.91,74.1,1.667,2709.0,753.0,761.0,764.0,866.5,176.1,177.6,181.1,177.5,3.9,74.1,1.715,-1.5,0.953,1,injector_clog,4,0.46,5.97,21495.6
288.8,descend_land,32.90878754171301,2541.2680756395994,36.86318131256952,2701.2,754.0,762.6,766.2,866.9,177.0,177.0,180.7,177.8,3.94,74.0,1.726,2708.9,753.0,761.0,764.0,866.5,176.1,177.6,181.1,177.5,3.9,74.1,1.715,-1.5,0.953,1,injector_clog,4,0.46,5.94,21394.7
288.9,descend_land,32.89766407119021,2537.7641824249167,36.84649610678532,2713.6,753.5,760.9,765.2,867.3,176.2,177.6,181.3,177.6,3.86,72.9,1.71,2708.9,753.0,761.0,764.0,866.5,176.0,177.5,181.0,177.4,3.9,74.1,1.715,-1.5,0.953,1,injector_clog,4,0.46,5.91,21293.8
289.0,descend_land,32.88654060066741,2534.2602892102336,36.82981090100111,2705.3,752.9,760.5,764.5,865.6,175.9,177.5,181.5,176.3,3.89,73.8,1.762,2708.8,752.9,760.9,763.9,866.4,176.0,177.5,181.0,177.4,3.9,74.1,1.715,-1.5,0.954,1,injector_clog,4,0.46,5.89,21192.9
289.1,descend_land,32.875417130144605,2530.7563959955505,36.81312569521691,2708.1,751.3,759.7,762.8,867.4,175.9,177.8,181.2,177.0,3.89,73.9,1.708,2708.8,752.9,760.9,763.9,866.4,176.0,177.5,181.0,177.4,3.9,74.1,1.715,-1.4,0.954,1,injector_clog,4,0.46,5.86,21092.0
289.2,descend_land,32.8642936596218,2527.252502780868,36.796440489432705,2714.6,751.5,760.4,766.0,865.9,175.9,177.8,180.2,176.9,3.87,73.7,1.729,2708.7,752.9,760.9,763.9,866.4,175.9,177.4,180.9,177.3,3.9,74.1,1.715,-1.4,0.954,1,injector_clog,4,0.46,5.83,20991.1
289.3,descend_land,32.853170189098996,2523.7486095661848,36.7797552836485,2712.6,756.1,761.7,765.5,863.9,177.1,178.2,180.9,177.7,3.91,73.8,1.719,2708.7,752.8,760.8,763.8,866.3,175.9,177.4,180.9,177.3,3.9,74.1,1.715,-1.4,0.955,1,injector_clog,4,0.46,5.8,20890.2
289.4,descend_land,32.8420467185762,2520.2447163515017,36.76307007786429,2702.5,752.7,761.8,763.0,864.9,175.1,176.3,181.4,177.2,3.92,73.8,1.728,2708.6,752.8,760.8,763.8,866.3,175.9,177.4,180.9,177.3,3.9,74.1,1.715,-1.4,0.955,1,injector_clog,4,0.46,5.77,20789.3
289.5,descend_land,32.830923248053395,2516.7408231368186,36.746384872080085,2706.3,752.1,759.2,763.0,866.8,175.5,177.8,180.7,177.0,3.91,73.4,1.669,2708.5,752.8,760.8,763.8,866.3,175.8,177.3,180.8,177.2,3.9,74.1,1.715,-1.4,0.955,1,injector_clog,4,0.46,5.75,20688.4
289.6,descend_land,32.81979977753059,2513.236929922136,36.729699666295886,2706.7,751.8,761.3,765.3,867.2,175.9,176.7,180.4,178.0,3.89,73.9,1.707,2708.5,752.8,760.8,763.8,866.2,175.8,177.3,180.8,177.2,3.9,74.1,1.715,-1.3,0.956,1,injector_clog,4,0.46,5.72,20587.5
289.7,descend_land,32.80867630700779,2509.733036707453,36.71301446051168,2708.2,754.2,756.8,761.8,867.6,175.3,177.0,179.4,177.8,3.86,74.4,1.714,2708.4,752.7,760.7,763.7,866.2,175.8,177.3,180.8,177.2,3.9,74.1,1.715,-1.3,0.956,1,injector_clog,4,0.46,5.69,20486.6
289.8,descend_land,32.79755283648498,2506.2291434927697,36.69632925472747,2702.4,750.6,761.1,763.5,866.4,175.0,176.7,180.4,177.8,3.95,73.9,1.768,2708.4,752.7,760.7,763.7,866.2,175.7,177.2,180.7,177.1,3.9,74.1,1.715,-1.3,0.956,1,injector_clog,4,0.46,5.66,20385.7
289.9,descend_land,32.78642936596218,2502.7252502780866,36.679644048943274,2711.2,751.5,759.1,763.0,866.4,175.2,176.7,181.1,177.6,3.88,74.3,1.691,2708.3,752.7,760.7,763.7,866.2,175.7,177.2,180.7,177.1,3.9,74.1,1.715,-1.3,0.957,1,injector_clog,4,0.46,5.63,20284.8
290.0,descend_land,32.775305895439374,2499.221357063404,36.66295884315907,2715.4,754.7,759.9,765.0,867.8,176.1,176.9,180.1,176.8,3.95,74.4,1.741,2708.3,752.6,760.6,763.6,866.1,175.7,177.2,180.7,177.1,3.9,74.1,1.715,-1.2,0.957,1,injector_clog,4,0.46,5.61,20183.9
290.1,descend_land,32.76418242491658,2495.717463848721,36.64627363737486,2714.1,752.1,760.3,764.5,864.1,175.3,177.5,179.5,177.9,3.86,74.4,1.667,2708.2,752.6,760.6,763.6,866.1,175.6,177.1,180.6,177.0,3.9,74.1,1.715,-1.2,0.957,1,injector_clog,4,0.46,5.58,20083.0
290.2,descend_land,32.75305895439377,2492.2135706340378,36.629588431590655,2710.5,755.6,762.2,763.7,866.2,174.7,177.9,181.2,177.6,3.87,74.0,1.732,2708.1,752.6,760.6,763.6,866.1,175.6,177.1,180.6,177.0,3.9,74.1,1.715,-1.2,0.958,1,injector_clog,4,0.46,5.55,19982.1
290.3,descend_land,32.74193548387097,2488.709677419355,36.61290322580645,2704.8,752.3,762.0,763.0,867.1,175.8,176.8,180.5,177.6,3.89,73.8,1.731,2708.1,752.5,760.5,763.5,866.0,175.6,177.1,180.6,177.0,3.9,74.1,1.715,-1.2,0.958,1,injector_clog,4,0.46,5.52,19881.2
290.4,descend_land,32.730812013348164,2485.205784204672,36.59621802002225,2704.7,753.6,760.7,761.3,866.1,175.3,176.4,179.6,176.8,3.9,73.6,1.699,2708.0,752.5,760.5,763.5,866.0,175.5,177.0,180.5,176.9,3.9,74.1,1.715,-1.2,0.958,1,injector_clog,4,0.46,5.49,19780.3
290.5,descend_land,32.71968854282536,2481.701890989989,36.57953281423804,2704.6,751.8,759.7,762.2,866.9,175.5,176.6,180.6,176.9,3.91,73.8,1.756,2708.0,752.5,760.5,763.5,866.0,175.5,177.0,180.5,176.9,3.9,74.1,1.715,-1.1,0.959,1,injector_clog,4,0.46,5.47,19679.4
290.6,descend_land,32.708565072302555,2478.197997775306,36.562847608453836,2700.0,750.9,760.6,765.2,865.2,175.3,177.1,179.8,176.9,3.86,73.1,1.697,2707.9,752.4,760.4,763.4,865.9,175.5,177.0,180.5,176.9,3.9,74.1,1.715,-1.1,0.959,1,injector_clog,4,0.46,5.44,19578.5
290.7,descend_land,32.69744160177976,2474.6941045606227,36.54616240266963,2704.4,753.2,761.2,764.2,864.6,174.3,176.2,181.8,176.7,3.95,73.9,1.73,2707.8,752.4,760.4,763.4,865.9,175.4,176.9,180.4,176.8,3.9,74.1,1.715,-1.1,0.959,1,injector_clog,4,0.46,5.41,19477.6
290.8,descend_land,32.686318131256954,2471.19021134594,36.52947719688543,2705.4,753.1,760.6,764.1,868.5,174.7,175.5,181.3,176.5,3.89,74.5,1.724,2707.8,752.4,760.4,763.4,865.9,175.4,176.9,180.4,176.8,3.9,74.1,1.715,-1.1,0.96,1,injector_clog,4,0.46,5.38,19376.7
290.9,descend_land,32.67519466073415,2467.686318131257,36.512791991101224,2719.6,749.7,759.1,761.4,864.0,175.5,177.7,179.7,176.9,3.88,73.0,1.718,2707.7,752.4,760.4,763.4,865.8,175.4,176.9,180.4,176.8,3.9,74.1,1.715,-1.0,0.96,1,injector_clog,4,0.46,5.35,19275.8
291.0,descend_land,32.664071190211345,2464.182424916574,36.49610678531702,2706.7,749.8,760.8,762.3,865.2,175.1,177.4,180.5,177.0,3.93,74.0,1.695,2707.7,752.3,760.3,763.3,865.8,175.4,176.9,180.4,176.8,3.9,74.1,1.715,-1.0,0.96,1,injector_clog,4,0.46,5.33,19174.9
291.1,descend_land,32.65294771968854,2460.678531701891,36.47942157953281,2704.5,752.9,762.0,765.2,863.6,175.8,176.7,180.5,176.0,3.91,73.4,1.727,2707.6,752.3,760.3,763.3,865.8,175.3,176.8,180.3,176.7,3.9,74.1,1.715,-1.0,0.961,1,injector_clog,4,0.46,5.3,19074.0
291.2,descend_land,32.64182424916574,2457.174638487208,36.46273637374861,2697.2,751.6,761.4,762.4,866.2,174.5,176.4,180.1,177.1,3.92,73.8,1.68,2707.5,752.3,760.3,763.3,865.8,175.3,176.8,180.3,176.7,3.9,74.1,1.715,-1.0,0.961,1,injector_clog,4,0.46,5.27,18973.1
291.3,descend_land,32.63070077864294,2453.670745272525,36.446051167964406,2703.7,751.4,760.3,764.6,865.3,174.8,177.3,180.1,176.1,3.88,74.7,1.675,2707.5,752.2,760.2,763.2,865.7,175.3,176.8,180.3,176.7,3.9,74.1,1.715,-0.9,0.961,1,injector_clog,4,0.46,5.24,18872.2
291.4,descend_land,32.619577308120135,2450.1668520578423,36.4293659621802,2702.5,753.2,761.8,764.1,866.8,175.5,178.2,181.4,175.5,3.92,73.7,1.689,2707.4,752.2,760.2,763.2,865.7,175.2,176.7,180.2,176.6,3.9,74.1,1.715,-0.9,0.962,1,injector_clog,4,0.46,5.21,18771.3
291.5,descend_land,32.60845383759733,2446.6629588431592,36.41268075639599,2704.7,753.3,761.9,763.4,864.9,175.0,177.2,180.3,176.1,3.93,73.8,1.744,2707.4,752.2,760.2,763.2,865.7,175.2,176.7,180.2,176.6,3.9,74.1,1.715,-0.9,0.962,1,injector_clog,4,0.46,5.19,18670.4
291.6,descend_land,32.59733036707453,2443.159065628476,36.395995550611794,2703.0,750.9,759.8,764.7,865.1,175.9,177.4,180.5,175.8,3.91,74.4,1.674,2707.3,752.1,760.1,763.1,865.6,175.2,176.7,180.2,176.6,3.9,74.1,1.715,-0.9,0.962,1,injector_clog,4,0.46,5.16,18569.5
291.7,descend_land,32.58620689655172,2439.655172413793,36.37931034482759,2703.0,751.6,759.7,761.7,866.0,175.0,176.2,181.2,176.5,3.92,73.4,1.683,2707.2,752.1,760.1,763.1,865.6,175.1,176.6,180.1,176.5,3.9,74.1,1.715,-0.9,0.963,1,injector_clog,4,0.46,5.13,18468.6
291.8,descend_land,32.57508342602892,2436.15127919911,36.36262513904338,2712.7,751.6,761.9,763.9,868.9,175.0,176.9,179.7,175.5,3.87,74.1,1.721,2707.2,752.1,760.1,763.1,865.6,175.1,176.6,180.1,176.5,3.9,74.1,1.715,-0.8,0.963,1,injector_clog,4,0.46,5.1,18367.7
291.9,descend_land,32.56395995550612,2432.6473859844273,36.345939933259174,2715.8,750.5,757.8,762.5,867.5,175.5,176.8,180.0,176.4,3.9,74.7,1.65,2707.1,752.1,760.1,763.1,865.5,175.1,176.6,180.1,176.5,3.9,74.1,1.715,-0.8,0.963,1,injector_clog,4,0.46,5.07,18266.8
292.0,descend_land,32.55283648498332,2429.143492769744,36.329254727474975,2702.0,752.2,758.7,762.0,865.0,173.7,175.8,180.3,176.2,3.9,74.6,1.739,2707.1,752.0,760.0,763.0,865.5,175.1,176.6,180.1,176.5,3.9,74.1,1.715,-0.8,0.964,1,injector_clog,4,0.46,5.05,18165.9
292.1,descend_land,32.54171301446051,2425.639599555061,36.31256952169077,2704.4,753.6,760.6,760.3,866.9,175.8,175.9,179.3,176.4,3.88,74.1,1.705,2707.0,752.0,760.0,763.0,865.5,175.0,176.5,180.0,176.4,3.9,74.1,1.715,-0.8,0.964,1,injector_clog,4,0.46,5.02,18065.0
292.2,descend_land,32.53058954393771,2422.1357063403784,36.29588431590656,2705.5,750.8,761.2,764.5,864.7,175.3,175.3,180.3,176.2,3.92,74.9,1.721,2706.9,752.0,760.0,763.0,865.5,175.0,176.5,180.0,176.4,3.9,74.1,1.715,-0.7,0.964,1,injector_clog,4,0.46,4.99,17964.1
292.3,descend_land,32.519466073414904,2418.6318131256953,36.279199110122356,2701.7,751.3,761.1,762.6,864.7,173.9,176.6,180.7,175.7,3.91,74.4,1.74,2706.9,751.9,759.9,762.9,865.4,175.0,176.5,180.0,176.4,3.9,74.1,1.715,-0.7,0.965,1,injector_clog,4,0.46,4.96,17863.2
292.4,descend_land,32.5083426028921,2415.127919911012,36.26251390433816,2699.8,752.7,763.8,763.5,864.9,175.2,176.5,180.4,175.8,3.91,73.7,1.703,2706.8,751.9,759.9,762.9,865.4,174.9,176.4,179.9,176.3,3.9,74.1,1.715,-0.7,0.965,1,injector_clog,4,0.46,4.93,17762.3
292.5,descend_land,32.497219132369295,2411.6240266963296,36.24582869855395,2704.8,753.2,760.0,763.7,862.8,176.0,176.9,179.6,176.5,3.95,74.2,1.696,2706.8,751.9,759.9,762.9,865.4,174.9,176.4,179.9,176.3,3.9,74.1,1.714,-0.7,0.965,1,injector_clog,4,0.46,4.91,17661.4
292.6,descend_land,32.4860956618465,2408.1201334816465,36.229143492769744,2711.7,751.3,760.6,761.6,864.3,174.3,176.6,179.4,175.5,3.86,74.3,1.717,2706.7,751.8,759.8,762.8,865.3,174.9,176.4,179.9,176.3,3.9,74.1,1.714,-0.7,0.966,1,injector_clog,4,0.46,4.88,17560.5
292.7,descend_land,32.474972191323694,2404.6162402669634,36.21245828698554,2705.5,750.3,757.9,760.8,866.2,176.0,177.0,180.3,175.9,3.87,73.9,1.722,2706.6,751.8,759.8,762.8,865.3,174.9,176.4,179.9,176.3,3.9,74.1,1.714,-0.6,0.966,1,injector_clog,4,0.46,4.85,17459.6
292.8,descend_land,32.46384872080089,2401.1123470522803,36.19577308120134,2700.2,752.5,758.2,761.5,863.9,175.3,176.5,180.0,176.5,3.87,74.5,1.7,2706.6,751.8,759.8,762.8,865.3,174.8,176.3,179.8,176.2,3.9,74.1,1.714,-0.6,0.967,1,injector_clog,4,0.46,4.82,17358.7
292.9,descend_land,32.452725250278085,2397.608453837597,36.17908787541713,2708.0,751.5,755.2,762.3,864.0,174.0,176.2,179.7,176.5,3.89,73.3,1.68,2706.5,751.8,759.8,762.8,865.2,174.8,176.3,179.8,176.2,3.9,74.1,1.714,-0.6,0.967,1,injector_clog,4,0.46,4.79,17257.8
293.0,descend_land,32.44160177975528,2394.1045606229145,36.162402669632925,2706.6,751.4,762.2,761.6,864.8,174.9,176.5,179.9,176.0,3.87,74.3,1.711,2706.4,751.7,759.7,762.7,865.2,174.8,176.3,179.8,176.2,3.9,74.1,1.714,-0.6,0.967,1,injector_clog,4,0.46,4.77,17156.9
293.1,descend_land,32.430478309232484,2390.6006674082314,36.14571746384872,2709.0,750.7,759.0,761.4,866.0,174.6,176.4,180.2,175.8,3.89,73.3,1.732,2706.4,751.7,759.7,762.7,865.2,174.8,176.3,179.8,176.2,3.9,74.1,1.714,-0.5,0.968,1,injector_clog,4,0.46,4.74,17056.0
293.2,descend_land,32.41935483870968,2387.0967741935483,36.12903225806451,2709.0,752.6,759.7,761.3,861.8,176.3,176.3,179.6,175.7,3.88,74.3,1.647,2706.3,751.7,759.7,762.7,865.2,174.7,176.2,179.7,176.1,3.9,74.1,1.714,-0.5,0.968,1,injector_clog,4,0.46,4.71,16955.1
293.3,descend_land,32.408231368186875,2383.5928809788657,36.11234705228031,2703.5,752.2,755.9,760.2,865.0,174.1,176.3,179.1,175.9,3.89,74.8,1.737,2706.3,751.6,759.6,762.6,865.1,174.7,176.2,179.7,176.1,3.9,74.1,1.714,-0.5,0.968,1,injector_clog,4,0.46,4.68,16854.2
293.4,descend_land,32.39710789766407,2380.0889877641825,36.09566184649611,2703.8,754.3,760.7,762.3,866.4,174.5,174.8,179.6,177.5,3.94,73.9,1.665,2706.2,751.6,759.6,762.6,865.1,174.7,176.2,179.7,176.1,3.9,74.1,1.714,-0.5,0.969,1,injector_clog,4,0.46,4.65,16753.3
293.5,descend_land,32.38598442714127,2376.5850945494994,36.0789766407119,2701.4,751.1,760.8,764.9,865.6,174.7,176.0,178.9,177.3,3.91,73.7,1.718,2706.1,751.6,759.6,762.6,865.1,174.7,176.2,179.7,176.1,3.9,74.1,1.714,-0.4,0.969,1,injector_clog,4,0.46,4.63,16652.4
293.6,descend_land,32.37486095661846,2373.081201334817,36.0622914349277,2709.4,750.6,762.2,762.1,866.7,173.9,176.8,179.9,176.2,3.89,73.9,1.72,2706.1,751.5,759.5,762.5,865.0,174.6,176.1,179.6,176.0,3.9,74.1,1.714,-0.4,0.969,1,injector_clog,4,0.46,4.6,16551.5
293.7,descend_land,32.36373748609566,2369.5773081201337,36.045606229143495,2714.7,751.6,761.3,763.2,864.1,174.1,176.0,178.1,176.0,3.93,74.0,1.674,2706.0,751.5,759.5,762.5,865.0,174.6,176.1,179.6,176.0,3.9,74.1,1.714,-0.4,0.97,1,injector_clog,4,0.46,4.57,16450.6
293.8,descend_land,32.35261401557286,2366.0734149054506,36.02892102335929,2704.7,750.4,760.2,760.9,867.5,174.6,175.9,180.1,176.0,3.92,73.5,1.732,2705.9,751.5,759.5,762.5,865.0,174.6,176.1,179.6,176.0,3.9,74.1,1.714,-0.4,0.97,1,injector_clog,4,0.46,4.54,16349.7
293.9,descend_land,32.34149054505006,2362.5695216907675,36.01223581757508,2697.0,749.9,759.8,763.0,864.8,175.1,176.4,179.0,176.2,3.91,74.8,1.733,2705.9,751.5,759.5,762.5,864.9,174.6,176.1,179.6,176.0,3.9,74.1,1.714,-0.4,0.97,1,injector_clog,4,0.46,4.51,16248.8
294.0,descend_land,32.33036707452725,2359.0656284760844,35.995550611790875,2701.7,751.6,760.2,765.6,865.2,174.9,176.4,180.2,176.6,3.92,74.3,1.697,2705.8,751.4,759.4,762.4,864.9,174.5,176.0,179.5,175.9,3.9,74.1,1.714,-0.3,0.971,1,injector_clog,4,0.46,4.49,16147.9
294.1,descend_land,32.31924360400445,2355.5617352614017,35.978865406006676,2697.6,749.0,757.9,764.0,861.5,174.4,176.6,179.6,175.6,3.88,74.7,1.704,2705.7,751.4,759.4,762.4,864.9,174.5,176.0,179.5,175.9,3.9,74.1,1.714,-0.3,0.971,1,injector_clog,4,0.46,4.46,16047.0
294.2,descend_land,32.308120133481644,2352.0578420467186,35.96218020022247,2704.3,749.2,758.7,759.4,863.8,174.5,176.2,179.6,175.7,3.91,73.8,1.668,2705.7,751.4,759.4,762.4,864.9,174.5,176.0,179.5,175.9,3.9,74.1,1.714,-0.3,0.971,1,injector_clog,4,0.46,4.43,15946.1
294.3,descend_land,32.29699666295884,2348.5539488320355,35.94549499443826,2708.8,748.5,758.6,762.5,863.4,174.8,176.8,179.2,175.9,3.89,73.5,1.74,2705.6,751.3,759.3,762.3,864.8,174.5,176.0,179.5,175.9,3.9,74.1,1.714,-0.3,0.972,1,injector_clog,4,0.46,4.4,15845.2
294.4,descend_land,32.28587319243604,2345.050055617353,35.928809788654064,2700.5,750.7,758.9,761.0,862.7,174.3,175.6,179.1,176.4,3.93,74.2,1.719,2705.6,751.3,759.3,762.3,864.8,174.4,175.9,179.4,175.8,3.9,74.1,1.714,-0.2,0.972,1,injector_clog,4,0.46,4.37,15744.3
294.5,descend_land,32.27474972191324,2341.54616240267,35.91212458286986,2700.6,752.3,759.1,760.6,865.2,174.4,176.4,179.4,176.8,3.89,74.5,1.679,2705.5,751.3,759.3,762.3,864.8,174.4,175.9,179.4,175.8,3.9,74.1,1.714,-0.2,0.972,1,injector_clog,4,0.46,4.35,15643.4
294.6,descend_land,32.263626251390434,2338.0422691879867,35.89543937708565,2708.3,750.1,760.1,762.9,866.8,174.3,174.8,179.6,175.5,3.9,73.9,1.744,2705.4,751.2,759.2,762.2,864.7,174.4,175.9,179.4,175.8,3.9,74.1,1.714,-0.2,0.973,1,injector_clog,4,0.46,4.32,15542.5
294.7,descend_land,32.25250278086763,2334.5383759733036,35.878754171301445,2703.9,749.4,757.8,763.5,863.5,174.3,175.1,178.8,175.3,3.91,74.0,1.668,2705.4,751.2,759.2,762.2,864.7,174.4,175.9,179.4,175.8,3.9,74.1,1.714,-0.2,0.973,1,injector_clog,4,0.46,4.29,15441.6
294.8,descend_land,32.241379310344826,2331.0344827586205,35.86206896551724,2691.4,754.1,758.6,760.5,864.6,174.0,175.8,178.5,175.9,3.92,73.6,1.756,2705.3,751.2,759.2,762.2,864.7,174.3,175.8,179.3,175.7,3.9,74.1,1.714,-0.2,0.973,1,injector_clog,4,0.46,4.26,15340.7
294.9,descend_land,32.23025583982202,2327.530589543938,35.84538375973304,2702.2,751.0,758.8,763.4,863.9,173.9,176.7,179.7,176.0,3.88,73.8,1.716,2705.2,751.2,759.2,762.2,864.6,174.3,175.8,179.3,175.7,3.9,74.1,1.714,-0.1,0.974,1,injector_clog,4,0.46,4.23,15239.8
295.0,descend_land,32.219132369299224,2324.0266963292547,35.82869855394883,2715.0,749.9,758.1,761.7,863.7,174.6,176.4,179.4,175.2,3.9,74.0,1.703,2705.2,751.1,759.1,762.1,864.6,174.3,175.8,179.3,175.7,3.9,74.1,1.714,-0.1,0.974,1,injector_clog,4,0.46,4.21,15138.9
295.1,descend_land,32.20800889877642,2320.5228031145716,35.812013348164626,2700.0,751.0,759.2,761.9,864.6,174.5,175.4,180.5,174.5,3.92,74.6,1.709,2705.1,751.1,759.1,762.1,864.6,174.3,175.8,179.3,175.7,3.9,74.1,1.714,-0.1,0.974,1,injector_clog,4,0.46,4.18,15038.0
295.2,descend_land,32.196885428253616,2317.018909899889,35.79532814238042,2712.3,750.4,759.1,763.6,864.8,174.3,176.8,179.7,175.1,3.89,73.8,1.72,2705.0,751.1,759.1,762.1,864.6,174.2,175.7,179.2,175.6,3.9,74.1,1.714,-0.1,0.975,1,injector_clog,4,0.46,4.15,14937.1
295.3,descend_land,32.18576195773081,2313.515016685206,35.77864293659622,2710.6,752.0,756.4,759.7,863.7,175.3,177.2,178.8,175.9,3.91,74.3,1.711,2705.0,751.0,759.0,762.0,864.5,174.2,175.7,179.2,175.6,3.9,74.1,1.714,-0.0,0.975,1,injector_clog,4,0.46,4.12,14836.2
295.4,descend_land,32.17463848720801,2310.0111234705228,35.761957730812014,2701.6,751.4,759.2,761.2,863.1,173.6,175.3,179.3,176.2,3.9,74.6,1.722,2704.9,751.0,759.0,762.0,864.5,174.2,175.7,179.2,175.6,3.9,74.1,1.714,-0.0,0.975,1,injector_clog,4,0.46,4.09,14735.3
295.5,descend_land,32.1635150166852,2306.50723025584,35.74527252502781,2704.2,752.0,757.7,760.6,863.8,173.0,176.1,179.6,175.9,3.88,73.5,1.751,2704.8,751.0,759.0,762.0,864.5,174.2,175.7,179.2,175.6,3.9,74.1,1.714,0.0,0.976,1,injector_clog,4,0.46,4.07,14634.4
295.6,descend_land,32.152391546162406,2303.003337041157,35.7285873192436,2712.2,749.7,757.4,759.6,865.1,173.2,176.9,178.2,175.0,3.88,74.2,1.802,2704.8,750.9,758.9,761.9,864.4,174.1,175.6,179.1,175.5,3.9,74.1,1.714,0.0,0.976,1,injector_clog,4,0.46,4.04,14533.5
295.7,descend_land,32.1412680756396,2299.499443826474,35.7119021134594,2717.9,750.8,757.0,761.6,863.0,173.3,175.5,178.3,175.2,3.9,73.5,1.71,2704.7,750.9,758.9,761.9,864.4,174.1,175.6,179.1,175.5,3.9,74.1,1.714,0.1,0.977,1,injector_clog,4,0.46,4.01,14432.6
295.8,descend_land,32.1301446051168,2295.995550611791,35.695216907675196,2698.2,748.7,761.5,761.1,861.6,174.2,174.9,179.7,175.3,3.88,74.4,1.771,2704.6,750.9,758.9,761.9,864.4,174.1,175.6,179.1,175.5,3.9,74.1,1.714,0.1,0.977,1,injector_clog,4,0.46,3.98,14331.7
295.9,descend_land,32.11902113459399,2292.4916573971077,35.67853170189099,2706.7,750.3,758.9,760.3,863.7,173.4,176.1,179.4,176.6,3.89,74.0,1.701,2704.6,750.8,758.8,761.8,864.3,174.1,175.6,179.1,175.5,3.9,74.1,1.714,0.1,0.977,1,injector_clog,4,0.46,3.95,14230.8
296.0,descend_land,32.10789766407119,2288.987764182425,35.66184649610678,2704.9,748.0,759.1,763.9,862.8,174.3,176.5,178.0,176.1,3.91,74.1,1.721,2704.5,750.8,758.8,761.8,864.3,174.1,175.6,179.1,175.5,3.9,74.1,1.714,0.1,0.978,1,injector_clog,4,0.46,3.92,14129.9
296.1,descend_land,32.096774193548384,2285.483870967742,35.645161290322584,2702.9,750.6,759.4,761.8,864.8,174.1,174.6,178.8,175.2,3.92,73.8,1.695,2704.4,750.8,758.8,761.8,864.3,174.0,175.5,179.0,175.4,3.9,74.1,1.714,0.1,0.978,1,injector_clog,4,0.46,3.9,14029.0
296.2,descend_land,32.08565072302559,2281.979977753059,35.62847608453838,2701.7,750.7,757.0,758.4,862.0,173.8,175.2,178.8,175.1,3.88,73.4,1.73,2704.4,750.8,758.8,761.8,864.2,174.0,175.5,179.0,175.4,3.9,74.1,1.714,0.2,0.978,1,injector_clog,4,0.46,3.87,13928.1
296.3,descend_land,32.07452725250278,2278.476084538376,35.61179087875417,2692.5,749.5,758.1,760.3,864.5,173.5,176.1,179.6,174.8,3.85,74.1,1.733,2704.3,750.7,758.7,761.7,864.2,174.0,175.5,179.0,175.4,3.9,74.1,1.714,0.2,0.979,1,injector_clog,4,0.46,3.84,13827.2
296.4,descend_land,32.06340378197998,2274.972191323693,35.595105672969964,2708.0,749.7,760.6,760.8,865.9,173.6,175.6,178.6,174.4,3.85,74.1,1.674,2704.2,750.7,758.7,761.7,864.2,174.0,175.5,179.0,175.4,3.9,74.1,1.714,0.2,0.979,1,injector_clog,4,0.46,3.81,13726.3
296.5,descend_land,32.052280311457174,2271.46829810901,35.578420467185765,2690.5,750.7,758.7,762.8,863.5,173.8,174.5,179.3,173.8,3.88,74.8,1.732,2704.2,750.7,758.7,761.7,864.2,173.9,175.4,178.9,175.3,3.9,74.1,1.714,0.2,0.979,1,injector_clog,4,0.46,3.78,13625.4
296.6,descend_land,32.04115684093437,2267.9644048943273,35.56173526140156,2709.0,749.9,757.6,761.8,863.7,174.7,175.4,179.2,175.5,3.91,74.1,1.774,2704.1,750.6,758.6,761.6,864.1,173.9,175.4,178.9,175.3,3.9,74.1,1.714,0.3,0.98,1,injector_clog,4,0.46,3.76,13524.5
296.7,descend_land,32.030033370411566,2264.4605116796442,35.54505005561735,2700.4,750.3,757.0,765.2,864.2,173.2,175.6,178.8,175.7,3.88,74.0,1.72,2704.0,750.6,758.6,761.6,864.1,173.9,175.4,178.9,175.3,3.9,74.1,1.714,0.3,0.98,1,injector_clog,4,0.46,3.73,13423.6
296.8,descend_land,32.01890989988877,2260.956618464961,35.528364849833146,2700.4,751.6,757.6,760.6,866.5,173.9,174.3,178.4,175.8,3.88,73.9,1.73,2704.0,750.6,758.6,761.6,864.1,173.9,175.4,178.9,175.3,3.9,74.1,1.713,0.3,0.98,1,injector_clog,4,0.46,3.7,13322.7
296.9,descend_land,32.007786429365964,2257.452725250278,35.51167964404894,2711.5,750.5,758.5,760.8,863.8,174.2,175.3,178.8,176.5,3.9,73.9,1.722,2703.9,750.5,758.5,761.5,864.0,173.9,175.4,178.9,175.3,3.9,74.1,1.713,0.3,0.981,1,injector_clog,4,0.46,3.67,13221.8
297.0,descend_land,31.99666295884316,2253.948832035595,35.49499443826474,2702.2,750.3,760.7,757.3,862.8,174.2,175.2,178.2,174.7,3.88,73.3,1.722,2703.8,750.5,758.5,761.5,864.0,173.8,175.3,178.8,175.2,3.9,74.1,1.713,0.3,0.981,1,injector_clog,4,0.46,3.64,13120.9
297.1,descend_land,31.985539488320356,2250.4449388209123,35.478309232480534,2705.5,752.5,760.3,760.9,860.7,174.0,175.1,178.7,174.9,3.92,74.2,1.687,2703.8,750.5,758.5,761.5,864.0,173.8,175.3,178.8,175.2,3.9,74.1,1.713,0.4,0.981,1,injector_clog,4,0.46,3.62,13020.0
297.2,descend_land,31.97441601779755,2246.941045606229,35.46162402669633,2704.6,751.4,758.5,762.7,862.9,175.1,175.6,179.5,175.3,3.88,74.2,1.682,2703.7,750.5,758.5,761.5,863.9,173.8,175.3,178.8,175.2,3.9,74.1,1.713,0.4,0.982,1,injector_clog,4,0.46,3.59,12919.1
297.3,descend_land,31.96329254727475,2243.437152391546,35.44493882091213,2712.4,751.4,758.9,760.1,866.3,172.3,175.7,178.9,175.5,3.86,74.3,1.648,2703.6,750.4,758.4,761.4,863.9,173.8,175.3,178.8,175.2,3.9,74.1,1.713,0.4,0.982,1,injector_clog,4,0.46,3.56,12818.2
297.4,descend_land,31.952169076751947,2239.9332591768634,35.42825361512792,2705.6,750.7,757.9,762.2,864.9,174.2,176.3,178.6,174.1,3.88,73.5,1.693,2703.6,750.4,758.4,761.4,863.9,173.8,175.3,178.8,175.2,3.9,74.1,1.713,0.4,0.982,1,injector_clog,4,0.46,3.53,12717.3
297.5,descend_land,31.941045606229142,2236.4293659621803,35.411568409343715,2709.9,749.7,757.7,762.9,865.8,174.3,174.7,178.3,175.2,3.89,73.7,1.717,2703.5,750.4,758.4,761.4,863.9,173.7,175.2,178.7,175.1,3.9,74.1,1.713,0.5,0.983,1,injector_clog,4,0.46,3.5,12616.4
297.6,descend_land,31.92992213570634,2232.925472747497,35.39488320355951,2699.1,749.5,758.5,759.7,861.8,174.2,174.7,180.3,174.9,3.9,74.4,1.662,2703.4,750.3,758.3,761.3,863.8,173.7,175.2,178.7,175.1,3.9,74.1,1.713,0.5,0.983,1,injector_clog,4,0.46,3.48,12515.5
297.7,descend_land,31.918798665183537,2229.4215795328146,35.3781979977753,2698.6,748.1,758.8,761.2,864.7,173.7,175.5,178.4,174.9,3.89,73.7,1.751,2703.3,750.3,758.3,761.3,863.8,173.7,175.2,178.7,175.1,3.9,74.1,1.713,0.5,0.983,1,injector_clog,4,0.46,3.45,12414.6
297.8,descend_land,31.907675194660733,2225.9176863181315,35.3615127919911,2696.9,749.0,756.4,761.8,864.1,173.7,175.6,177.9,174.3,3.92,74.5,1.758,2703.3,750.3,758.3,761.3,863.8,173.7,175.2,178.7,175.1,3.9,74.1,1.713,0.5,0.984,1,injector_clog,4,0.46,3.42,12313.7
297.9,descend_land,31.896551724137932,2222.4137931034484,35.3448275862069,2696.0,750.3,757.8,762.4,863.4,173.6,175.4,178.2,176.1,3.94,74.1,1.681,2703.2,750.2,758.2,761.2,863.7,173.7,175.2,178.7,175.1,3.9,74.1,1.713,0.6,0.984,1,injector_clog,4,0.46,3.39,12212.8
298.0,descend_land,31.885428253615128,2218.9098998887653,35.32814238042269,2707.2,748.3,757.1,761.9,864.4,173.7,174.1,178.3,174.6,3.92,74.6,1.688,2703.1,750.2,758.2,761.2,863.7,173.6,175.1,178.6,175.0,3.9,74.1,1.713,0.6,0.985,1,injector_clog,4,0.46,3.36,12111.9
298.1,descend_land,31.874304783092324,2215.406006674082,35.31145717463849,2704.3,750.0,756.4,762.3,862.1,173.1,176.4,177.5,175.3,3.87,73.9,1.693,2703.1,750.2,758.2,761.2,863.7,173.6,175.1,178.6,175.0,3.9,74.1,1.713,0.6,0.985,1,injector_clog,4,0.46,3.34,12011.0
298.2,descend_land,31.863181312569523,2211.9021134593995,35.294771968854285,2694.6,749.3,757.5,760.8,864.5,173.3,175.6,178.4,175.4,3.9,74.6,1.724,2703.0,750.1,758.1,761.1,863.6,173.6,175.1,178.6,175.0,3.9,74.1,1.713,0.6,0.985,1,injector_clog,4,0.46,3.31,11910.1
298.3,descend_land,31.85205784204672,2208.3982202447164,35.27808676307008,2706.3,747.2,758.1,761.5,863.3,173.9,175.4,178.0,175.2,3.86,73.7,1.65,2702.9,750.1,758.1,761.1,863.6,173.6,175.1,178.6,175.0,3.9,74.1,1.713,0.6,0.986,1,injector_clog,4,0.46,3.28,11809.2
298.4,descend_land,31.840934371523915,2204.8943270300333,35.26140155728587,2696.0,751.4,759.2,763.2,864.3,175.3,175.3,179.3,175.6,3.95,73.1,1.707,2702.9,750.1,758.1,761.1,863.6,173.6,175.1,178.6,175.0,3.9,74.1,1.713,0.7,0.986,1,injector_clog,4,0.46,3.25,11708.3
298.5,descend_land,31.82981090100111,2201.3904338153507,35.244716351501665,2701.0,750.2,757.7,759.5,862.4,173.7,175.3,178.5,175.2,3.88,73.6,1.701,2702.8,750.1,758.1,761.1,863.5,173.5,175.0,178.5,174.9,3.9,74.1,1.713,0.7,0.986,1,injector_clog,4,0.46,3.22,11607.4
298.6,descend_land,31.81868743047831,2197.8865406006676,35.228031145717466,2701.7,752.4,758.2,759.6,862.6,173.3,174.8,178.0,175.5,3.92,74.5,1.739,2702.7,750.0,758.0,761.0,863.5,173.5,175.0,178.5,174.9,3.9,74.1,1.713,0.7,0.987,1,injector_clog,4,0.46,3.2,11506.5
298.7,descend_land,31.807563959955505,2194.3826473859845,35.21134593993326,2698.4,747.5,761.0,763.2,865.1,174.0,175.7,178.0,175.0,3.92,74.0,1.721,2702.6,750.0,758.0,761.0,863.5,173.5,175.0,178.5,174.9,3.9,74.1,1.713,0.7,0.987,1,injector_clog,4,0.46,3.17,11405.6
298.8,descend_land,31.796440489432705,2190.8787541713014,35.19466073414905,2698.0,749.5,756.8,761.0,866.1,172.4,173.5,178.4,176.2,3.88,74.3,1.696,2702.6,750.0,758.0,761.0,863.5,173.5,175.0,178.5,174.9,3.9,74.1,1.713,0.8,0.987,1,injector_clog,4,0.46,3.14,11304.7
298.9,descend_land,31.7853170189099,2187.3748609566182,35.17797552836485,2703.2,748.4,757.4,761.5,863.5,174.7,175.0,178.9,175.3,3.91,75.1,1.708,2702.5,749.9,757.9,760.9,863.4,173.5,175.0,178.5,174.9,3.9,74.1,1.713,0.8,0.988,1,injector_clog,4,0.46,3.11,11203.8
299.0,descend_land,31.774193548387096,2183.8709677419356,35.16129032258065,2702.6,751.7,759.4,760.2,864.1,174.0,175.2,177.4,175.4,3.89,74.1,1.728,2702.4,749.9,757.9,760.9,863.4,173.5,175.0,178.5,174.9,3.9,74.1,1.713,0.8,0.988,1,injector_clog,4,0.46,3.08,11102.9
299.1,descend_land,31.763070077864292,2180.3670745272525,35.14460511679644,2694.4,752.0,757.6,758.5,862.5,174.0,174.9,178.6,175.6,3.93,73.4,1.689,2702.4,749.9,757.9,760.9,863.4,173.4,174.9,178.4,174.8,3.9,74.1,1.713,0.8,0.988,1,injector_clog,4,0.46,3.06,11002.0
299.2,descend_land,31.75194660734149,2176.8631813125694,35.127919911012235,2712.1,748.3,756.8,761.6,863.8,173.4,175.2,179.3,174.3,3.94,74.3,1.732,2702.3,749.8,757.8,760.8,863.3,173.4,174.9,178.4,174.8,3.9,74.1,1.713,0.9,0.989,1,injector_clog,4,0.46,3.03,10901.1
299.3,descend_land,31.740823136818687,2173.3592880978867,35.11123470522803,2702.6,750.8,755.8,758.7,862.1,173.0,174.9,178.5,174.9,3.91,75.1,1.667,2702.2,749.8,757.8,760.8,863.3,173.4,174.9,178.4,174.8,3.9,74.1,1.713,0.9,0.989,1,injector_clog,4,0.46,3.0,10800.2
299.4,descend_land,31.729699666295886,2169.8553948832036,35.09454949944383,2700.4,752.1,758.1,761.7,862.9,173.5,175.4,178.3,174.5,3.89,73.7,1.71,2702.1,749.8,757.8,760.8,863.3,173.4,174.9,178.4,174.8,3.9,74.1,1.713,0.9,0.989,1,injector_clog,4,0.46,3.0,10800.0
299.5,descend_land,31.718576195773082,2166.3515016685205,35.07786429365962,2705.5,747.4,758.9,761.3,863.5,172.6,173.7,178.8,174.9,3.92,74.2,1.674,2702.1,749.8,757.8,760.8,863.2,173.4,174.9,178.4,174.8,3.9,74.1,1.713,0.9,0.99,1,injector_clog,4,0.46,3.0,10800.0
299.6,descend_land,31.707452725250278,2162.847608453838,35.061179087875416,2696.7,748.9,757.4,760.7,864.7,173.3,175.4,179.0,174.0,3.92,73.7,1.625,2702.0,749.7,757.7,760.7,863.2,173.3,174.8,178.3,174.7,3.9,74.1,1.713,0.9,0.99,1,injector_clog,4,0.46,3.0,10800.0
299.7,descend_land,31.696329254727473,2159.343715239155,35.04449388209121,2704.3,750.9,755.0,760.1,863.1,173.1,174.5,178.9,173.9,3.92,73.8,1.756,2701.9,749.7,757.7,760.7,863.2,173.3,174.8,178.3,174.7,3.9,74.1,1.713,1.0,0.99,1,injector_clog,4,0.46,3.0,10800.0
299.8,descend_land,31.685205784204673,2155.8398220244717,35.02780867630701,2709.2,749.8,755.7,760.2,862.9,173.3,175.9,177.9,174.3,3.91,73.9,1.71,2701.9,749.7,757.7,760.7,863.2,173.3,174.8,178.3,174.7,3.9,74.1,1.713,1.0,0.991,1,injector_clog,4,0.46,3.0,10800.0
299.9,descend_land,31.67408231368187,2152.335928809789,35.011123470522804,2707.8,750.1,757.9,760.2,864.7,173.7,175.3,177.9,174.4,3.89,74.2,1.659,2701.8,749.6,757.6,760.6,863.1,173.3,174.8,178.3,174.7,3.9,74.1,1.713,1.0,0.991,1,injector_clog,4,0.46,3.0,10800.0
300.0,descend_land,31.662958843159064,2148.8320355951055,34.9944382647386,2705.7,747.8,757.1,760.0,861.4,173.4,175.4,178.8,174.7,3.91,74.0,1.716,2701.7,749.6,757.6,760.6,863.1,173.3,174.8,178.3,174.7,3.9,74.1,1.713,1.0,0.992,1,injector_clog,4,0.46,3.0,10800.0
300.1,descend_land,31.651835372636263,2145.328142380423,34.97775305895439,2706.4,745.5,759.1,761.1,862.0,174.3,174.1,178.1,174.8,3.91,74.5,1.742,2701.6,749.6,757.6,760.6,863.1,173.3,174.8,178.3,174.7,3.9,74.1,1.713,1.1,0.992,1,injector_clog,4,0.46,3.0,10800.0
300.2,descend_land,31.64071190211346,2141.8242491657397,34.96106785317019,2708.6,748.7,758.9,760.3,861.7,172.9,174.8,178.5,174.9,3.87,74.1,1.705,2701.6,749.5,757.5,760.5,863.0,173.2,174.7,178.2,174.6,3.9,74.1,1.712,1.1,0.992,1,injector_clog,4,0.46,3.0,10800.0
300.3,descend_land,31.629588431590655,2138.3203559510566,34.944382647385986,2691.5,749.5,759.1,759.2,864.5,172.1,175.1,178.3,175.7,3.84,73.9,1.721,2701.5,749.5,757.5,760.5,863.0,173.2,174.7,178.2,174.6,3.9,74.1,1.712,1.1,0.993,1,injector_clog,4,0.46,3.0,10800.0
300.4,descend_land,31.618464961067854,2134.816462736374,34.92769744160178,2699.2,749.6,759.4,762.9,862.4,173.2,174.3,177.9,174.4,3.92,74.2,1.72,2701.4,749.5,757.5,760.5,863.0,173.2,174.7,178.2,174.6,3.9,74.1,1.712,1.1,0.993,1,injector_clog,4,0.46,3.0,10800.0
300.5,descend_land,31.60734149054505,2131.312569521691,34.91101223581757,2702.7,752.9,756.1,760.8,863.9,173.8,174.7,178.2,174.7,3.89,73.7,1.732,2701.3,749.5,757.5,760.5,862.9,173.2,174.7,178.2,174.6,3.9,74.1,1.712,1.1,0.993,1,injector_clog,4,0.46,3.0,10800.0
300.6,descend_land,31.596218020022246,2127.8086763070078,34.89432703003337,2698.3,750.1,756.0,761.5,863.6,173.2,173.4,177.3,174.2,3.87,74.6,1.752,2701.3,749.4,757.4,760.4,862.9,173.2,174.7,178.2,174.6,3.9,74.1,1.712,1.2,0.994,1,injector_clog,4,0.46,3.0,10800.0
300.7,descend_land,31.585094549499445,2124.304783092325,34.87764182424917,2692.5,749.9,756.2,760.4,862.7,175.0,175.3,177.7,175.2,3.87,74.4,1.649,2701.2,749.4,757.4,760.4,862.9,173.2,174.7,178.2,174.6,3.9,74.1,1.712,1.2,0.994,1,injector_clog,4,0.46,3.0,10800.0
300.8,descend_land,31.57397107897664,2120.8008898776416,34.86095661846496,2699.5,748.8,756.1,759.6,863.9,172.7,174.2,177.6,174.2,3.9,73.2,1.745,2701.1,749.4,757.4,760.4,862.8,173.1,174.6,178.1,174.5,3.9,74.1,1.712,1.2,0.994,1,injector_clog,4,0.46,3.0,10800.0
300.9,descend_land,31.562847608453836,2117.296996662959,34.844271412680754,2700.1,750.2,759.0,761.4,860.0,171.8,175.3,177.5,174.7,3.83,74.5,1.739,2701.0,749.3,757.3,760.3,862.8,173.1,174.6,178.1,174.5,3.89,74.1,1.712,1.2,0.995,1,injector_clog,4,0.46,3.0,10800.0
301.0,descend_land,31.551724137931036,2113.7931034482763,34.827586206896555,2707.4,752.3,757.6,759.8,860.7,172.9,174.8,179.7,174.0,3.91,75.0,1.708,2701.0,749.3,757.3,760.3,862.8,173.1,174.6,178.1,174.5,3.89,74.1,1.712,1.3,0.995,1,injector_clog,4,0.46,3.0,10800.0
301.1,descend_land,31.54060066740823,2110.2892102335927,34.81090100111235,2710.4,747.6,755.0,761.7,863.8,172.9,173.5,177.6,174.9,3.92,73.9,1.725,2700.9,749.3,757.3,760.3,862.8,173.1,174.6,178.1,174.5,3.89,74.1,1.712,1.3,0.995,1,injector_clog,4,0.46,3.0,10800.0
301.2,descend_land,31.529477196885427,2106.78531701891,34.79421579532814,2700.8,750.7,757.4,760.0,860.9,172.7,174.2,177.4,175.0,3.93,74.8,1.625,2700.8,749.2,757.2,760.2,862.7,173.1,174.6,178.1,174.5,3.89,74.1,1.712,1.3,0.996,1,injector_clog,4,0.46,3.0,10800.0
301.3,descend_land,31.518353726362626,2103.281423804227,34.777530589543936,2698.2,751.8,759.3,761.8,862.8,171.9,174.1,178.7,174.6,3.86,74.0,1.754,2700.7,749.2,757.2,760.2,862.7,173.1,174.6,178.1,174.5,3.89,74.1,1.712,1.3,0.996,1,injector_clog,4,0.46,3.0,10800.0
301.4,descend_land,31.507230255839822,2099.777530589544,34.76084538375973,2703.5,749.0,759.0,761.1,863.3,172.3,174.9,178.0,174.2,3.91,74.2,1.727,2700.7,749.2,757.2,760.2,862.7,173.0,174.5,178.0,174.4,3.89,74.1,1.712,1.4,0.996,1,injector_clog,4,0.46,3.0,10800.0
301.5,descend_land,31.496106785317018,2096.273637374861,34.74416017797553,2699.0,751.6,758.7,760.6,864.4,172.8,174.1,178.1,174.9,3.89,73.7,1.716,2700.6,749.1,757.1,760.1,862.6,173.0,174.5,178.0,174.4,3.89,74.2,1.712,1.4,0.997,1,injector_clog,4,0.46,3.0,10800.0
301.6,descend_land,31.484983314794217,2092.769744160178,34.727474972191324,2706.2,748.7,756.5,759.8,863.7,171.9,174.7,177.3,174.1,3.93,73.8,1.702,2700.5,749.1,757.1,760.1,862.6,173.0,174.5,178.0,174.4,3.89,74.2,1.712,1.4,0.997,1,injector_clog,4,0.46,3.0,10800.0
301.7,descend_land,31.473859844271413,2089.265850945495,34.71078976640712,2705.1,747.7,759.1,759.6,861.9,173.3,174.6,179.1,175.0,3.86,74.4,1.718,2700.4,749.1,757.1,760.1,862.6,173.0,174.5,178.0,174.4,3.89,74.2,1.712,1.4,0.997,1,injector_clog,4,0.46,3.0,10800.0
301.8,descend_land,31.46273637374861,2085.7619577308124,34.69410456062292,2704.2,748.2,757.0,760.6,864.4,172.7,173.9,178.3,174.0,3.92,74.0,1.64,2700.4,749.1,757.1,760.1,862.5,173.0,174.5,178.0,174.4,3.89,74.2,1.712,1.4,0.998,1,injector_clog,4,0.46,3.0,10800.0
301.9,descend_land,31.451612903225808,2082.258064516129,34.67741935483871,2700.0,751.7,759.1,759.7,861.6,173.0,175.3,178.1,175.0,3.87,74.2,1.69,2700.3,749.0,757.0,760.0,862.5,173.0,174.5,178.0,174.4,3.89,74.2,1.712,1.5,0.998,1,injector_clog,4,0.46,3.0,10800.0
302.0,descend_land,31.440489432703004,2078.754171301446,34.660734149054505,2706.9,749.5,756.7,758.9,863.7,172.2,174.6,177.7,174.8,3.88,73.9,1.692,2700.2,749.0,757.0,760.0,862.5,172.9,174.4,177.9,174.3,3.89,74.2,1.712,1.5,0.999,1,injector_clog,4,0.46,3.0,10800.0
302.1,descend_land,31.4293659621802,2075.250278086763,34.6440489432703,2696.4,748.2,757.7,758.1,863.4,172.7,174.7,178.3,174.4,3.86,73.3,1.689,2700.1,749.0,757.0,760.0,862.5,172.9,174.4,177.9,174.3,3.89,74.2,1.712,1.5,0.999,1,injector_clog,4,0.46,3.0,10800.0
302.2,descend_land,31.418242491657395,2071.74638487208,34.62736373748609,2702.8,750.7,757.6,759.7,863.2,171.7,174.4,178.1,174.4,3.86,74.8,1.723,2700.1,748.9,756.9,759.9,862.4,172.9,174.4,177.9,174.3,3.89,74.2,1.712,1.5,0.999,1,injector_clog,4,0.46,3.0,10800.0
302.3,descend_land,31.407119021134594,2068.2424916573973,34.61067853170189,2696.1,748.9,756.6,761.0,859.4,172.0,174.1,177.2,175.0,3.87,74.3,1.738,2700.0,748.9,756.9,759.9,862.4,172.9,174.4,177.9,174.3,3.89,74.2,1.712,1.6,1.0,1,injector_clog,4,0.46,3.0,10800.0
302.4,descend_land,31.39599555061179,2064.738598442714,34.59399332591769,2703.2,748.2,758.0,758.3,862.8,172.3,174.5,178.1,172.5,3.86,74.5,1.675,2699.9,748.9,756.9,759.9,862.4,172.9,174.4,177.9,174.3,3.89,74.2,1.712,1.6,1.0,1,injector_clog,4,0.46,3.0,10800.0
302.5,descend_land,31.38487208008899,2061.234705228031,34.57730812013348,2699.0,749.4,759.0,760.9,863.6,173.4,174.2,178.2,174.1,3.93,74.4,1.692,2699.8,748.8,756.8,759.8,862.3,172.9,174.4,177.9,174.3,3.89,74.2,1.712,1.6,1.0,1,injector_clog,4,0.46,3.0,10800.0
302.6,descend_land,31.373748609566185,2057.7308120133484,34.560622914349274,2692.9,746.5,757.2,759.3,861.9,172.7,175.5,178.7,173.1,3.91,73.8,1.695,2699.8,748.8,756.8,759.8,862.3,172.8,174.3,177.8,174.2,3.89,74.2,1.712,1.6,1.001,1,injector_clog,4,0.46,3.0,10800.0
302.7,descend_land,31.36262513904338,2054.2269187986653,34.543937708565075,2692.6,747.5,758.1,758.5,862.2,172.9,174.2,178.0,174.8,3.87,74.7,1.73,2699.7,748.8,756.8,759.8,862.3,172.8,174.3,177.8,174.2,3.89,74.2,1.712,1.6,1.001,1,injector_clog,4,0.46,3.0,10800.0
302.8,descend_land,31.351501668520577,2050.7230255839822,34.52725250278087,2701.7,745.9,753.5,762.2,860.6,173.0,174.1,178.2,173.5,3.88,74.7,1.715,2699.6,748.7,756.7,759.7,862.2,172.8,174.3,177.8,174.2,3.89,74.2,1.712,1.7,1.001,1,injector_clog,4,0.46,3.0,10800.0
302.9,descend_land,31.340378197997776,2047.2191323692994,34.51056729699666,2696.4,746.7,757.2,759.7,860.6,172.3,174.7,177.3,174.0,3.9,74.5,1.695,2699.5,748.7,756.7,759.7,862.2,172.8,174.3,177.8,174.2,3.89,74.2,1.712,1.7,1.002,1,injector_clog,4,0.46,3.0,10800.0
303.0,descend_land,31.32925472747497,2043.7152391546163,34.493882091212456,2688.5,746.6,760.5,757.9,859.9,172.6,174.2,177.6,173.1,3.91,74.0,1.71,2699.5,748.7,756.7,759.7,862.2,172.8,174.3,177.8,174.2,3.89,74.2,1.712,1.7,1.002,1,injector_clog,4,0.46,3.0,10800.0
303.1,descend_land,31.31813125695217,2040.2113459399334,34.477196885428256,2692.1,747.4,755.6,760.6,862.2,172.5,174.9,178.2,174.7,3.86,74.7,1.708,2699.4,748.7,756.7,759.7,862.1,172.8,174.3,177.8,174.2,3.89,74.2,1.712,1.7,1.002,1,injector_clog,4,0.46,3.0,10800.0
303.2,descend_land,31.307007786429367,2036.7074527252503,34.46051167964405,2704.6,746.2,759.0,759.8,859.7,173.1,173.8,176.6,173.5,3.88,73.6,1.741,2699.3,748.6,756.6,759.6,862.1,172.8,174.3,177.8,174.2,3.89,74.2,1.711,1.8,1.003,1,injector_clog,4,0.46,3.0,10800.0
303.3,descend_land,31.295884315906562,2033.2035595105674,34.44382647385984,2706.1,749.1,757.8,759.5,862.9,173.0,174.8,177.8,173.9,3.88,74.3,1.76,2699.2,748.6,756.6,759.6,862.1,172.7,174.2,177.7,174.1,3.89,74.2,1.711,1.8,1.003,1,injector_clog,4,0.46,3.0,10800.0
303.4,descend_land,31.284760845383758,2029.6996662958843,34.42714126807564,2703.6,746.8,757.3,762.2,858.2,171.2,174.4,178.3,174.2,3.89,74.4,1.697,2699.1,748.6,756.6,759.6,862.1,172.7,174.2,177.7,174.1,3.89,74.2,1.711,1.8,1.003,1,injector_clog,4,0.46,3.0,10800.0
303.5,descend_land,31.273637374860957,2026.1957730812014,34.41045606229144,2696.7,747.0,760.0,759.5,861.1,172.4,173.5,177.5,173.2,3.89,74.0,1.733,2699.1,748.5,756.5,759.5,862.0,172.7,174.2,177.7,174.1,3.89,74.2,1.711,1.8,1.004,1,injector_clog,4,0.46,3.0,10800.0
303.6,descend_land,31.262513904338153,2022.6918798665183,34.39377085650723,2692.5,748.7,758.2,759.8,863.4,172.2,174.1,178.7,173.6,3.92,74.4,1.673,2699.0,748.5,756.5,759.5,862.0,172.7,174.2,177.7,174.1,3.89,74.2,1.711,1.9,1.004,1,injector_clog,4,0.46,3.0,10800.0
303.7,descend_land,31.25139043381535,2019.1879866518354,34.377085650723025,2692.3,749.9,755.7,760.1,862.8,172.6,173.8,178.7,174.4,3.87,74.8,1.717,2698.9,748.5,756.5,759.5,862.0,172.7,174.2,177.7,174.1,3.89,74.2,1.711,1.9,1.005,1,injector_clog,4,0.46,3.0,10800.0
303.8,descend_land,31.240266963292548,2015.6840934371526,34.36040044493882,2707.1,748.9,756.2,761.5,861.1,172.2,174.1,177.9,173.4,3.9,74.8,1.678,2698.8,748.4,756.4,759.4,861.9,172.7,174.2,177.7,174.1,3.89,74.2,1.711,1.9,1.005,1,injector_clog,4,0.46,3.0,10800.0
303.9,descend_land,31.229143492769744,2012.1802002224695,34.34371523915462,2700.7,750.9,755.3,759.2,861.9,172.4,173.7,177.4,174.0,3.89,74.4,1.665,2698.7,748.4,756.4,759.4,861.9,172.7,174.2,177.7,174.1,3.89,74.3,1.711,1.9,1.005,1,injector_clog,4,0.46,3.0,10800.0
304.0,descend_land,31.21802002224694,2008.6763070077866,34.32703003337041,2699.7,747.9,757.3,758.1,861.9,172.1,174.0,178.0,174.0,3.94,73.5,1.751,2698.7,748.4,756.4,759.4,861.9,172.6,174.1,177.6,174.0,3.89,74.3,1.711,1.9,1.006,1,injector_clog,4,0.46,3.0,10800.0
304.1,descend_land,31.20689655172414,2005.1724137931035,34.310344827586206,2695.9,746.6,756.7,760.3,862.3,172.2,174.3,178.5,174.6,3.96,75.2,1.715,2698.6,748.4,756.4,759.4,861.8,172.6,174.1,177.6,174.0,3.89,74.3,1.711,2.0,1.006,1,injector_clog,4,0.46,3.0,10800.0
304.2,descend_land,31.195773081201335,2001.6685205784206,34.293659621802,2713.4,747.4,756.0,759.5,861.4,173.7,173.9,177.4,174.2,3.92,74.5,1.722,2698.5,748.3,756.3,759.3,861.8,172.6,174.1,177.6,174.0,3.89,74.3,1.711,2.0,1.006,1,injector_clog,4,0.46,3.0,10800.0
304.3,descend_land,31.18464961067853,1998.1646273637375,34.2769744160178,2699.7,747.6,754.7,758.3,861.0,172.1,173.8,177.5,174.8,3.85,74.2,1.798,2698.4,748.3,756.3,759.3,861.8,172.6,174.1,177.6,174.0,3.89,74.3,1.711,2.0,1.007,1,injector_clog,4,0.46,3.0,10800.0
304.4,descend_land,31.17352614015573,1994.6607341490546,34.260289210233594,2707.8,746.6,754.9,758.4,861.7,172.0,174.1,176.8,173.7,3.88,74.4,1.754,2698.4,748.3,756.3,759.3,861.8,172.6,174.1,177.6,174.0,3.89,74.3,1.711,2.0,1.007,1,injector_clog,4,0.46,3.0,10800.0
304.5,descend_land,31.162402669632925,1991.1568409343715,34.24360400444939,2689.0,749.8,758.7,757.4,859.6,172.5,173.2,177.8,173.5,3.93,74.0,1.698,2698.3,748.2,756.2,759.2,861.7,172.6,174.1,177.6,174.0,3.89,74.3,1.711,2.1,1.007,1,injector_clog,4,0.46,3.0,10800.0
304.6,descend_land,31.15127919911012,1987.6529477196887,34.22691879866518,2700.6,747.9,754.6,759.5,863.0,172.0,173.9,177.9,174.8,3.94,74.7,1.706,2698.2,748.2,756.2,759.2,861.7,172.6,174.1,177.6,174.0,3.89,74.3,1.711,2.1,1.008,1,injector_clog,4,0.46,3.0,10800.0
304.7,descend_land,31.14015572858732,1984.1490545050056,34.21023359288098,2696.9,749.0,756.6,758.7,861.6,172.7,173.8,177.4,173.6,3.93,73.9,1.725,2698.1,748.2,756.2,759.2,861.7,172.5,174.0,177.5,173.9,3.89,74.3,1.711,2.1,1.008,1,injector_clog,4,0.46,3.0,10800.0
304.8,descend_land,31.129032258064516,1980.6451612903227,34.193548387096776,2702.5,746.7,756.7,759.1,860.5,172.1,174.5,176.8,173.9,3.88,74.3,1.683,2698.0,748.1,756.1,759.1,861.6,172.5,174.0,177.5,173.9,3.89,74.3,1.711,2.1,1.008,1,injector_clog,4,0.46,3.0,10800.0
304.9,descend_land,31.11790878754171,1977.1412680756396,34.17686318131257,2694.5,747.6,754.6,759.8,860.2,172.8,173.6,177.6,172.2,3.94,74.8,1.724,2698.0,748.1,756.1,759.1,861.6,172.5,174.0,177.5,173.9,3.89,74.3,1.711,2.1,1.009,1,injector_clog,4,0.46,3.0,10800.0
305.0,descend_land,31.10678531701891,1973.6373748609567,34.16017797552836,2695.8,749.0,753.9,757.9,861.3,173.0,174.0,176.6,173.0,3.87,74.9,1.699,2697.9,748.1,756.1,759.1,861.6,172.5,174.0,177.5,173.9,3.89,74.3,1.711,2.2,1.009,1,injector_clog,4,0.46,3.0,10800.0
305.1,descend_land,31.095661846496107,1970.1334816462738,34.14349276974416,2705.7,748.7,757.2,759.9,860.3,172.1,174.0,176.8,174.5,3.91,74.1,1.725,2697.8,748.0,756.0,759.0,861.5,172.5,174.0,177.5,173.9,3.89,74.3,1.711,2.2,1.01,1,injector_clog,4,0.46,3.0,10800.0
305.2,descend_land,31.084538375973302,1966.6295884315907,34.12680756395996,2699.0,749.8,756.1,757.3,860.5,172.6,174.8,178.4,174.0,3.88,74.4,1.736,2697.7,748.0,756.0,759.0,861.5,172.5,174.0,177.5,173.9,3.89,74.3,1.711,2.2,1.01,1,injector_clog,4,0.46,3.0,10800.0
305.3,descend_land,31.073414905450502,1963.1256952169078,34.11012235817575,2695.7,751.1,759.1,757.4,861.7,172.6,174.5,178.0,173.6,3.91,74.5,1.662,2697.6,748.0,756.0,759.0,861.5,172.5,174.0,177.5,173.9,3.89,74.3,1.711,2.2,1.01,1,injector_clog,4,0.46,3.0,10800.0
305.4,descend_land,31.062291434927698,1959.6218020022247,34.093437152391544,2704.7,747.6,756.4,758.5,861.2,172.8,172.9,177.0,173.1,3.9,73.8,1.694,2697.5,748.0,756.0,759.0,861.4,172.4,173.9,177.4,173.8,3.89,74.3,1.711,2.3,1.011,1,injector_clog,4,0.46,3.0,10800.0
305.5,descend_land,31.051167964404893,1956.1179087875419,34.076751946607345,2713.6,747.7,756.7,759.8,860.1,172.0,173.7,177.5,174.3,3.88,74.9,1.721,2697.5,747.9,755.9,758.9,861.4,172.4,173.9,177.4,173.8,3.89,74.3,1.711,2.3,1.011,1,injector_clog,4,0.46,3.0,10800.0
305.6,descend_land,31.040044493882093,1952.6140155728588,34.06006674082314,2709.7,748.9,756.3,759.4,860.5,171.9,174.8,175.9,174.0,3.89,74.3,1.697,2697.4,747.9,755.9,758.9,861.4,172.4,173.9,177.4,173.8,3.89,74.3,1.711,2.3,1.011,1,injector_clog,4,0.46,3.0,10800.0
305.7,descend_land,31.02892102335929,1949.1101223581759,34.04338153503893,2699.4,750.9,756.9,756.9,864.4,171.7,172.8,177.8,173.0,3.91,72.9,1.686,2697.3,747.9,755.9,758.9,861.4,172.4,173.9,177.4,173.8,3.89,74.3,1.71,2.3,1.012,1,injector_clog,4,0.46,3.0,10800.0
305.8,descend_land,31.017797552836484,1945.6062291434928,34.026696329254726,2702.1,747.7,756.1,758.1,860.9,173.2,174.3,179.1,172.4,3.92,74.2,1.701,2697.2,747.8,755.8,758.8,861.3,172.4,173.9,177.4,173.8,3.89,74.3,1.71,2.4,1.012,1,injector_clog,4,0.46,3.0,10800.0
305.9,descend_land,31.006674082313683,1942.10233592881,34.01001112347052,2694.0,748.8,753.8,760.4,860.5,171.0,173.4,178.6,174.2,3.9,73.9,1.708,2697.1,747.8,755.8,758.8,861.3,172.4,173.9,177.4,173.8,3.89,74.4,1.71,2.4,1.012,1,injector_clog,4,0.46,3.0,10800.0
306.0,descend_land,30.99555061179088,1938.5984427141268,33.99332591768632,2692.1,749.4,753.5,758.9,864.5,172.9,173.0,177.3,173.5,3.87,74.3,1.733,2697.1,747.8,755.8,758.8,861.3,172.4,173.9,177.4,173.8,3.89,74.4,1.71,2.4,1.013,1,injector_clog,4,0.46,3.0,10800.0
306.1,descend_land,30.984427141268075,1935.094549499444,33.976640711902114,2696.4,749.6,753.9,757.1,860.2,172.0,174.4,178.1,172.9,3.91,74.9,1.7,2697.0,747.7,755.7,758.7,861.2,172.4,173.9,177.4,173.8,3.89,74.4,1.71,2.4,1.013,1,injector_clog,4,0.46,3.0,10800.0
306.2,descend_land,30.973303670745274,1931.5906562847608,33.95995550611791,2701.6,745.1,756.8,758.1,861.1,172.5,174.2,177.6,173.7,3.87,74.2,1.733,2696.9,747.7,755.7,758.7,861.2,172.3,173.8,177.3,173.7,3.89,74.4,1.71,2.4,1.013,1,injector_clog,4,0.46,3.0,10800.0
306.3,descend_land,30.96218020022247,1928.086763070078,33.94327030033371,2696.3,749.2,753.9,759.6,863.0,172.0,172.7,177.1,172.9,3.94,74.7,1.701,2696.8,747.7,755.7,758.7,861.2,172.3,173.8,177.3,173.7,3.89,74.4,1.71,2.5,1.014,1,injector_clog,4,0.46,3.0,10800.0
306.4,descend_land,30.951056729699665,1924.582869855395,33.9265850945495,2691.4,748.1,755.5,758.2,861.5,172.2,173.8,177.3,175.3,3.93,74.7,1.746,2696.7,747.6,755.6,758.6,861.1,172.3,173.8,177.3,173.7,3.89,74.4,1.71,2.5,1.014,1,injector_clog,4,0.46,3.0,10800.0
306.5,descend_land,30.93993325917686,1921.078976640712,33.909899888765295,2697.9,747.3,756.9,759.1,860.7,172.6,174.0,176.7,173.7,3.82,74.8,1.711,2696.6,747.6,755.6,758.6,861.1,172.3,173.8,177.3,173.7,3.89,74.4,1.71,2.5,1.015,1,injector_clog,4,0.46,3.0,10800.0
306.6,descend_land,30.92880978865406,1917.575083426029,33.89321468298109,2702.0,745.9,752.8,761.5,861.6,171.9,172.7,176.7,173.7,3.95,75.1,1.722,2696.6,747.6,755.6,758.6,861.1,172.3,173.8,177.3,173.7,3.89,74.4,1.71,2.5,1.015,1,injector_clog,4,0.46,3.0,10800.0
306.7,descend_land,30.917686318131256,1914.071190211346,33.87652947719688,2692.5,746.8,754.7,759.5,860.7,172.3,173.4,177.7,174.2,3.87,74.5,1.71,2696.5,747.6,755.6,758.6,861.0,172.3,173.8,177.3,173.7,3.89,74.4,1.71,2.6,1.015,1,injector_clog,4,0.46,3.0,10800.0
306.8,descend_land,30.906562847608456,1910.5672969966631,33.85984427141268,2693.4,746.3,755.7,759.9,861.0,171.5,173.4,177.4,173.2,3.88,74.2,1.694,2696.4,747.5,755.5,758.5,861.0,172.3,173.8,177.3,173.7,3.89,74.4,1.71,2.6,1.016,1,injector_clog,4,0.46,3.0,10800.0
306.9,descend_land,30.89543937708565,1907.06340378198,33.84315906562848,2698.5,748.5,754.1,757.8,860.5,171.6,174.9,177.0,173.4,3.94,74.1,1.685,2696.3,747.5,755.5,758.5,861.0,172.3,173.8,177.3,173.7,3.89,74.4,1.71,2.6,1.016,1,injector_clog,4,0.46,3.0,10800.0
307.0,descend_land,30.884315906562847,1903.5595105672971,33.82647385984427,2696.8,747.2,754.9,759.5,857.0,172.8,172.9,177.6,173.3,3.85,74.5,1.698,2696.2,747.5,755.5,758.5,861.0,172.2,173.7,177.2,173.6,3.89,74.4,1.71,2.6,1.016,1,injector_clog,4,0.46,3.0,10800.0
307.1,descend_land,30.873192436040043,1900.055617352614,33.809788654060064,2701.2,747.7,758.2,759.5,862.3,173.4,173.9,177.7,174.6,3.86,74.0,1.659,2696.1,747.4,755.4,758.4,860.9,172.2,173.7,177.2,173.6,3.89,74.4,1.71,2.6,1.017,1,injector_clog,4,0.46,3.0,10800.0
307.2,descend_land,30.862068965517242,1896.5517241379312,33.793103448275865,2689.0,746.5,757.0,758.8,861.2,172.8,173.1,176.7,173.9,3.88,74.8,1.724,2696.1,747.4,755.4,758.4,860.9,172.2,173.7,177.2,173.6,3.89,74.4,1.71,2.7,1.017,1,injector_clog,4,0.46,3.0,10800.0
307.3,descend_land,30.850945494994438,1893.047830923248,33.77641824249166,2701.0,747.4,755.1,758.5,861.3,172.3,173.7,177.5,173.2,3.9,75.0,1.791,2696.0,747.4,755.4,758.4,860.9,172.2,173.7,177.2,173.6,3.89,74.4,1.71,2.7,1.017,1,injector_clog,4,0.46,3.0,10800.0
307.4,descend_land,30.839822024471637,1889.5439377085652,33.75973303670745,2704.2,747.2,756.5,760.3,861.0,172.3,173.3,176.8,173.5,3.91,74.9,1.734,2695.9,747.3,755.3,758.3,860.8,172.2,173.7,177.2,173.6,3.89,74.4,1.71,2.7,1.018,1,injector_clog,4,0.46,3.0,10800.0
307.5,descend_land,30.828698553948833,1886.040044493882,33.743047830923246,2698.4,746.8,754.6,756.9,860.5,172.4,173.6,176.4,173.9,3.89,74.5,1.737,2695.8,747.3,755.3,758.3,860.8,172.2,173.7,177.2,173.6,3.89,74.5,1.71,2.7,1.018,1,injector_clog,4,0.46,3.0,10800.0
307.6,descend_land,30.81757508342603,1882.5361512791992,33.726362625139046,2692.9,749.0,755.5,760.1,859.5,172.5,174.0,176.8,173.7,3.85,75.1,1.714,2695.7,747.3,755.3,758.3,860.8,172.2,173.7,177.2,173.6,3.89,74.5,1.71,2.8,1.018,1,injector_clog,4,0.46,3.0,10800.0
307.7,descend_land,30.806451612903224,1879.032258064516,33.70967741935484,2691.9,746.4,755.8,758.4,862.4,171.4,173.2,176.9,173.7,3.9,74.3,1.667,2695.6,747.2,755.2,758.2,860.7,172.2,173.7,177.2,173.6,3.89,74.5,1.71,2.8,1.019,1,injector_clog,4,0.46,3.0,10800.0
307.8,descend_land,30.795328142380423,1875.5283648498332,33.69299221357063,2695.6,748.3,756.3,759.6,860.4,171.9,173.4,176.9,172.7,3.85,74.1,1.689,2695.6,747.2,755.2,758.2,860.7,172.1,173.6,177.1,173.5,3.89,74.5,1.71,2.8,1.019,1,injector_clog,4,0.46,3.0,10800.0
307.9,descend_land,30.78420467185762,1872.0244716351503,33.67630700778643,2699.2,748.1,755.2,758.5,858.6,171.8,173.9,177.7,173.7,3.9,74.2,1.682,2695.5,747.2,755.2,758.2,860.7,172.1,173.6,177.1,173.5,3.89,74.5,1.71,2.8,1.02,1,injector_clog,4,0.46,3.0,10800.0
308.0,descend_land,30.77308120133482,1868.5205784204672,33.65962180200223,2701.4,747.1,754.8,758.6,862.4,172.0,174.1,177.0,174.1,3.89,75.2,1.706,2695.4,747.2,755.2,758.2,860.6,172.1,173.6,177.1,173.5,3.89,74.5,1.71,2.9,1.02,1,injector_clog,4,0.46,3.0,10800.0
308.1,descend_land,30.761957730812014,1865.0166852057844,33.64293659621802,2690.6,745.0,754.1,756.0,863.3,171.4,173.8,176.7,173.3,3.85,73.8,1.666,2695.3,747.1,755.1,758.1,860.6,172.1,173.6,177.1,173.5,3.89,74.5,1.709,2.9,1.02,1,injector_clog,4,0.46,3.0,10800.0
308.2,descend_land,30.75083426028921,1861.5127919911013,33.626251390433815,2692.1,746.4,756.7,757.8,862.6,172.4,173.6,176.7,173.9,3.93,74.9,1.722,2695.2,747.1,755.1,758.1,860.6,172.1,173.6,177.1,173.5,3.89,74.5,1.709,2.9,1.021,1,injector_clog,4,0.46,3.0,10800.0
308.3,descend_land,30.739710789766406,1858.0088987764184,33.60956618464961,2693.4,747.1,755.7,759.4,858.3,171.7,173.3,177.2,172.9,3.9,73.8,1.736,2695.1,747.1,755.1,758.1,860.6,172.1,173.6,177.1,173.5,3.89,74.5,1.709,2.9,1.021,1,injector_clog,4,0.46,3.0,10800.0
308.4,descend_land,30.728587319243605,1854.5050055617353,33.59288097886541,2698.4,747.1,756.1,758.9,860.3,171.6,173.7,177.6,173.2,3.92,74.1,1.641,2695.0,747.0,755.0,758.0,860.5,172.1,173.6,177.1,173.5,3.89,74.5,1.709,2.9,1.021,1,injector_clog,4,0.46,3.0,10800.0
308.5,descend_land,30.7174638487208,1851.0011123470524,33.5761957730812,2689.6,749.4,754.6,758.6,863.5,172.8,174.0,176.5,174.3,3.91,75.1,1.721,2695.0,747.0,755.0,758.0,860.5,172.1,173.6,177.1,173.5,3.89,74.5,1.709,3.0,1.022,1,injector_clog,4,0.46,3.0,10800.0
308.6,descend_land,30.706340378197996,1847.4972191323693,33.559510567296996,2697.2,747.0,755.9,755.4,861.5,172.6,173.2,176.7,173.1,3.91,74.1,1.696,2694.9,747.0,755.0,758.0,860.5,172.0,173.5,177.0,173.4,3.89,74.5,1.709,3.0,1.022,1,injector_clog,4,0.46,3.0,10800.0
308.7,descend_land,30.695216907675196,1843.9933259176864,33.54282536151279,2702.0,750.8,754.9,756.7,862.4,171.6,173.0,175.7,173.3,3.88,74.1,1.741,2694.8,746.9,754.9,757.9,860.4,172.0,173.5,177.0,173.4,3.89,74.5,1.709,3.0,1.022,1,injector_clog,4,0.46,3.0,10800.0
308.8,descend_land,30.68409343715239,1840.4894327030033,33.526140155728584,2705.0,747.8,754.5,761.7,860.6,171.4,172.5,177.3,172.7,3.89,74.8,1.672,2694.7,746.9,754.9,757.9,860.4,172.0,173.5,177.0,173.4,3.89,74.5,1.709,3.0,1.023,1,injector_clog,4,0.46,3.0,10800.0
308.9,descend_land,30.672969966629587,1836.9855394883205,33.509454949944384,2689.3,746.3,754.4,756.7,861.2,172.5,174.3,177.8,173.3,3.92,74.7,1.699,2694.6,746.9,754.9,757.9,860.4,172.0,173.5,177.0,173.4,3.89,74.5,1.709,3.1,1.023,1,injector_clog,4,0.46,3.0,10800.0
309.0,descend_land,30.661846496106786,1833.4816462736374,33.49276974416018,2693.7,747.0,755.4,758.6,859.9,172.3,173.6,177.2,173.4,3.91,74.9,1.719,2694.5,746.8,754.8,757.8,860.3,172.0,173.5,177.0,173.4,3.89,74.6,1.709,3.1,1.023,1,injector_clog,4,0.46,3.0,10800.0
309.1,descend_land,30.650723025583982,1829.9777530589545,33.47608453837597,2691.6,745.7,755.4,757.4,859.5,172.5,173.7,176.4,174.4,3.88,74.7,1.687,2694.4,746.8,754.8,757.8,860.3,172.0,173.5,177.0,173.4,3.89,74.6,1.709,3.1,1.024,1,injector_clog,4,0.46,3.0,10800.0
309.2,descend_land,30.639599555061178,1826.4738598442716,33.45939933259177,2696.7,749.2,755.6,757.0,860.1,172.3,172.9,176.7,173.4,3.91,75.3,1.752,2694.3,746.8,754.8,757.8,860.3,172.0,173.5,177.0,173.4,3.89,74.6,1.709,3.1,1.024,1,injector_clog,4,0.46,3.0,10800.0
309.3,descend_land,30.628476084538377,1822.9699666295885,33.442714126807566,2687.5,748.2,755.2,758.1,861.7,172.0,173.0,178.3,172.8,3.87,74.1,1.76,2694.3,746.8,754.8,757.8,860.2,172.0,173.5,177.0,173.4,3.89,74.6,1.709,3.2,1.025,1,injector_clog,4,0.46,3.0,10800.0
309.4,descend_land,30.617352614015573,1819.4660734149056,33.42602892102336,2700.0,746.6,753.4,758.2,859.3,172.7,172.3,178.2,172.5,3.87,74.3,1.701,2694.2,746.7,754.7,757.7,860.2,172.0,173.5,177.0,173.4,3.89,74.6,1.709,3.2,1.025,1,injector_clog,4,0.46,3.0,10800.0
309.5,descend_land,30.60622914349277,1815.9621802002225,33.40934371523915,2692.9,744.8,755.8,757.3,861.0,171.9,173.9,176.7,174.1,3.89,74.2,1.69,2694.1,746.7,754.7,757.7,860.2,171.9,173.4,176.9,173.3,3.89,74.6,1.709,3.2,1.025,1,injector_clog,4,0.46,3.0,10800.0
309.6,descend_land,30.595105672969964,1812.4582869855396,33.39265850945495,2687.8,743.6,753.9,760.1,863.1,172.3,174.1,176.2,173.6,3.93,74.1,1.697,2694.0,746.7,754.7,757.7,860.2,171.9,173.4,176.9,173.3,3.89,74.6,1.709,3.2,1.026,1,injector_clog,4,0.46,3.0,10800.0
309.7,descend_land,30.583982202447164,1808.9543937708565,33.37597330367075,2692.7,745.4,755.1,757.7,859.3,171.9,173.5,176.4,172.9,3.88,74.7,1.696,2693.9,746.6,754.6,757.6,860.1,171.9,173.4,176.9,173.3,3.89,74.6,1.709,3.2,1.026,1,injector_clog,4,0.46,3.0,10800.0
309.8,descend_land,30.57285873192436,1805.4505005561737,33.35928809788654,2695.7,746.9,755.6,757.7,860.7,172.7,173.5,175.9,173.2,3.9,74.0,1.693,2693.8,746.6,754.6,757.6,860.1,171.9,173.4,176.9,173.3,3.89,74.6,1.709,3.3,1.026,1,injector_clog,4,0.46,3.0,10800.0
309.9,descend_land,30.56173526140156,1801.9466073414906,33.342602892102335,2693.7,745.5,753.2,759.8,861.0,171.4,173.6,176.4,172.9,3.87,74.8,1.678,2693.7,746.6,754.6,757.6,860.1,171.9,173.4,176.9,173.3,3.89,74.6,1.709,3.3,1.027,1,injector_clog,4,0.46,3.0,10800.0
310.0,descend_land,30.550611790878754,1798.4427141268077,33.325917686318135,2697.7,745.9,754.0,757.0,860.0,171.5,174.0,177.5,173.3,3.96,75.0,1.718,2693.6,746.5,754.5,757.5,860.0,171.9,173.4,176.9,173.3,3.89,74.6,1.709,3.3,1.027,1,injector_clog,4,0.46,3.0,10800.0
310.1,descend_land,30.53948832035595,1794.9388209121246,33.30923248053393,2688.7,745.3,754.7,756.3,860.5,171.4,173.8,177.4,174.1,3.89,74.4,1.688,2693.6,746.5,754.5,757.5,860.0,171.9,173.4,176.9,173.3,3.89,74.6,1.709,3.3,1.027,1,injector_clog,4,0.46,3.0,10800.0
310.2,descend_land,30.528364849833146,1791.4349276974417,33.29254727474972,2688.1,746.1,754.6,757.7,861.9,172.2,172.5,177.1,173.8,3.88,74.8,1.72,2693.5,746.5,754.5,757.5,860.0,171.9,173.4,176.9,173.3,3.89,74.6,1.709,3.4,1.028,1,injector_clog,4,0.46,3.0,10800.0
310.3,descend_land,30.517241379310345,1787.9310344827586,33.275862068965516,2693.1,748.5,752.4,756.0,860.1,172.2,173.8,177.8,173.4,3.88,74.0,1.741,2693.4,746.4,754.4,757.4,859.9,171.9,173.4,176.9,173.3,3.89,74.6,1.708,3.4,1.028,1,injector_clog,4,0.46,3.0,10800.0
310.4,descend_land,30.50611790878754,1784.4271412680757,33.25917686318131,2700.8,745.5,754.9,756.7,860.5,172.6,174.4,176.2,173.1,3.87,75.4,1.65,2693.3,746.4,754.4,757.4,859.9,171.8,173.3,176.8,173.2,3.89,74.7,1.708,3.4,1.028,1,injector_clog,4,0.46,3.0,10800.0
310.5,descend_land,30.49499443826474,1780.9232480533929,33.24249165739711,2695.1,744.6,754.8,759.2,861.6,172.4,173.7,176.8,173.5,3.89,75.4,1.7,2693.2,746.4,754.4,757.4,859.9,171.8,173.3,176.8,173.2,3.89,74.7,1.708,3.4,1.029,1,injector_clog,4,0.46,3.0,10800.0
310.6,descend_land,30.483870967741936,1777.4193548387098,33.225806451612904,2695.3,746.4,754.5,760.2,860.7,172.0,173.0,177.0,171.9,3.9,74.9,1.712,2693.1,746.4,754.4,757.4,859.8,171.8,173.3,176.8,173.2,3.89,74.7,1.708,3.4,1.029,1,injector_clog,4,0.46,3.0,10800.0
310.7,descend_land,30.47274749721913,1773.9154616240269,33.2091212458287,2691.7,747.7,755.1,757.6,859.3,172.0,173.3,177.8,173.7,3.85,74.6,1.685,2693.0,746.3,754.3,757.3,859.8,171.8,173.3,176.8,173.2,3.89,74.7,1.708,3.5,1.03,1,injector_clog,4,0.46,3.0,10800.0
310.8,descend_land,30.461624026696327,1770.4115684093438,33.19243604004449,2683.2,745.6,755.2,756.7,861.4,170.9,174.0,177.3,173.7,3.83,74.1,1.695,2692.9,746.3,754.3,757.3,859.8,171.8,173.3,176.8,173.2,3.89,74.7,1.708,3.5,1.03,1,injector_clog,4,0.46,3.0,10800.0
310.9,descend_land,30.450500556173527,1766.907675194661,33.17575083426029,2694.5,747.1,754.6,756.8,858.8,172.3,173.6,176.5,173.5,3.87,74.6,1.744,2692.8,746.3,754.3,757.3,859.8,171.8,173.3,176.8,173.2,3.89,74.7,1.708,3.5,1.03,1,injector_clog,4,0.46,3.0,10800.0
311.0,descend_land,30.439377085650722,1763.4037819799778,33.159065628476085,2695.8,745.6,753.8,762.2,862.3,171.8,172.3,177.2,173.7,3.91,74.7,1.704,2692.8,746.2,754.2,757.2,859.7,171.8,173.3,176.8,173.2,3.89,74.7,1.708,3.5,1.031,1,injector_clog,4,0.46,3.0,10800.0
311.1,descend_land,30.42825361512792,1759.899888765295,33.14238042269188,2684.5,746.8,754.1,755.2,859.6,171.6,173.3,176.2,174.1,3.86,74.7,1.693,2692.7,746.2,754.2,757.2,859.7,171.8,173.3,176.8,173.2,3.89,74.7,1.708,3.6,1.031,1,injector_clog,4,0.46,3.0,10800.0
311.2,descend_land,30.417130144605117,1756.3959955506118,33.12569521690767,2689.0,747.3,753.8,755.3,857.9,171.0,172.6,176.7,172.6,3.84,75.1,1.711,2692.6,746.2,754.2,757.2,859.7,171.8,173.3,176.8,173.2,3.89,74.7,1.708,3.6,1.031,1,injector_clog,4,0.46,3.0,10800.0
311.3,descend_land,30.406006674082313,1752.892102335929,33.10901001112347,2697.5,746.4,755.5,754.3,857.7,171.9,173.6,177.4,172.9,3.91,75.9,1.691,2692.5,746.1,754.1,757.1,859.6,171.7,173.2,176.7,173.1,3.89,74.7,1.708,3.6,1.032,1,injector_clog,4,0.46,3.0,10800.0
311.4,descend_land,30.39488320355951,1749.3882091212458,33.09232480533927,2681.0,747.4,754.6,758.2,860.4,171.5,173.5,176.1,172.7,3.87,74.7,1.717,2692.4,746.1,754.1,757.1,859.6,171.7,173.2,176.7,173.1,3.89,74.7,1.708,3.6,1.032,1,injector_clog,4,0.46,3.0,10800.0
311.5,descend_land,30.383759733036708,1745.884315906563,33.07563959955506,2686.0,745.3,753.5,758.8,860.4,171.2,173.0,177.0,173.6,3.85,75.1,1.671,2692.3,746.1,754.1,757.1,859.6,171.7,173.2,176.7,173.1,3.89,74.7,1.708,3.7,1.032,1,injector_clog,4,0.46,3.0,10800.0
311.6,descend_land,30.372636262513904,1742.3804226918799,33.058954393770854,2698.2,746.4,752.6,758.8,862.0,171.3,173.2,176.6,172.9,3.9,74.5,1.76,2692.2,746.0,754.0,757.0,859.5,171.7,173.2,176.7,173.1,3.89,74.8,1.708,3.7,1.033,1,injector_clog,4,0.46,3.0,10800.0
311.7,descend_land,30.361512791991103,1738.876529477197,33.042269187986655,2685.0,747.1,756.0,757.8,856.1,171.3,173.2,176.0,172.9,3.89,74.4,1.719,2692.1,746.0,754.0,757.0,859.5,171.7,173.2,176.7,173.1,3.89,74.8,1.708,3.7,1.033,1,injector_clog,4,0.46,3.0,10800.0
311.8,descend_land,30.3503893214683,1735.372636262514,33.02558398220245,2686.1,744.5,753.5,757.6,858.3,171.8,173.4,176.4,172.5,3.9,74.7,1.636,2692.0,746.0,754.0,757.0,859.5,171.7,173.2,176.7,173.1,3.89,74.8,1.708,3.7,1.034,1,injector_clog,4,0.46,3.0,10800.0
311.9,descend_land,30.339265850945495,1731.868743047831,33.00889877641824,2684.6,747.9,754.0,755.8,860.0,171.1,172.9,177.0,172.9,3.86,74.7,1.693,2691.9,746.0,754.0,757.0,859.4,171.7,173.2,176.7,173.1,3.89,74.8,1.708,3.7,1.034,1,injector_clog,4,0.46,3.0,10800.0
312.0,descend_land,30.32814238042269,1728.3648498331481,32.992213570634036,2687.4,747.1,754.3,756.0,858.0,172.3,173.2,177.0,174.1,3.86,75.6,1.766,2691.8,745.9,753.9,756.9,859.4,171.7,173.2,176.7,173.1,3.89,74.8,1.708,3.8,1.034,1,injector_clog,4,0.46,3.0,10800.0
312.1,descend_land,30.31701890989989,1724.860956618465,32.975528364849836,2683.8,748.6,754.4,755.8,860.9,172.1,173.6,176.1,173.1,3.91,74.9,1.714,2691.8,745.9,753.9,756.9,859.4,171.7,173.2,176.7,173.1,3.89,74.8,1.708,3.8,1.035,1,injector_clog,4,0.46,3.0,10800.0
312.2,descend_land,30.305895439377085,1721.3570634037821,32.95884315906563,2693.0,745.7,752.4,757.2,859.1,171.3,173.3,178.4,173.3,3.9,74.7,1.729,2691.7,745.9,753.9,756.9,859.4,171.7,173.2,176.7,173.1,3.89,74.8,1.708,3.8,1.035,1,injector_clog,4,0.46,3.0,10800.0
312.3,descend_land,30.29477196885428,1717.853170189099,32.94215795328142,2701.8,743.8,754.0,758.3,856.8,171.5,173.1,177.2,172.8,3.88,75.0,1.734,2691.6,745.8,753.8,756.8,859.3,171.6,173.1,176.6,173.0,3.89,74.8,1.707,3.8,1.035,1,injector_clog,4,0.46,3.0,10800.0
312.4,descend_land,30.28364849833148,1714.3492769744162,32.92547274749722,2687.5,745.1,753.8,756.7,858.0,171.6,174.0,176.4,172.7,3.89,74.7,1.706,2691.5,745.8,753.8,756.8,859.3,171.6,173.1,176.6,173.0,3.89,74.8,1.707,3.9,1.036,1,injector_clog,4,0.46,3.0,10800.0
312.5,descend_land,30.272525027808676,1710.845383759733,32.90878754171301,2691.9,745.8,752.6,755.6,861.3,172.1,172.0,176.7,173.1,3.88,75.2,1.683,2691.4,745.8,753.8,756.8,859.3,171.6,173.1,176.6,173.0,3.89,74.8,1.707,3.9,1.036,1,injector_clog,4,0.46,3.0,10800.0
312.6,descend_land,30.261401557285872,1707.3414905450502,32.89210233592881,2687.9,747.6,757.6,756.3,856.6,172.1,173.3,177.2,173.5,3.82,74.7,1.678,2691.3,745.7,753.7,756.7,859.2,171.6,173.1,176.6,173.0,3.89,74.8,1.707,3.9,1.036,1,injector_clog,4,0.46,3.0,10800.0
312.7,descend_land,30.25027808676307,1703.837597330367,32.875417130144605,2696.0,744.7,754.9,757.8,861.5,171.2,172.6,177.2,173.0,3.9,74.5,1.715,2691.2,745.7,753.7,756.7,859.2,171.6,173.1,176.6,173.0,3.89,74.8,1.707,3.9,1.037,1,injector_clog,4,0.46,3.0,10800.0
312.8,descend_land,30.239154616240267,1700.3337041156842,32.8587319243604,2691.1,747.3,753.9,756.2,858.6,172.3,173.5,177.3,172.5,3.93,75.6,1.708,2691.1,745.7,753.7,756.7,859.2,171.6,173.1,176.6,173.0,3.89,74.9,1.707,3.9,1.037,1,injector_clog,4,0.46,3.0,10800.0
312.9,descend_land,30.228031145717463,1696.829810901001,32.8420467185762,2687.8,744.9,754.7,756.4,859.8,172.2,173.9,176.7,172.8,3.92,74.4,1.738,2691.0,745.6,753.6,756.6,859.1,171.6,173.1,176.6,173.0,3.89,74.9,1.707,4.0,1.038,1,injector_clog,4,0.46,3.0,10800.0
313.0,descend_land,30.216907675194662,1693.3259176863182,32.82536151279199,2690.3,745.6,753.5,756.1,861.2,171.0,173.2,177.0,173.5,3.86,74.5,1.658,2690.9,745.6,753.6,756.6,859.1,171.6,173.1,176.6,173.0,3.89,74.9,1.707,4.0,1.038,1,injector_clog,4,0.46,3.0,10800.0
313.1,descend_land,30.205784204671858,1689.8220244716351,32.80867630700779,2687.1,746.5,751.6,759.1,858.5,170.5,172.7,177.2,173.3,3.92,75.0,1.682,2690.8,745.6,753.6,756.6,859.1,171.6,173.1,176.6,173.0,3.89,74.9,1.707,4.0,1.038,1,injector_clog,4,0.46,3.0,10800.0
313.2,descend_land,30.194660734149053,1686.3181312569523,32.79199110122358,2682.2,747.7,753.2,756.5,858.9,172.0,172.8,176.7,173.4,3.88,75.3,1.712,2690.7,745.6,753.6,756.6,859.0,171.6,173.1,176.6,173.0,3.89,74.9,1.707,4.0,1.039,1,injector_clog,4,0.46,3.0,10800.0
313.3,descend_land,30.18353726362625,1682.8142380422694,32.775305895439374,2687.1,745.4,752.4,755.9,858.0,171.9,174.4,177.4,172.7,3.92,75.5,1.678,2690.6,745.5,753.5,756.5,859.0,171.5,173.0,176.5,172.9,3.89,74.9,1.707,4.1,1.039,1,injector_clog,4,0.46,3.0,10800.0
313.4,descend_land,30.17241379310345,1679.3103448275863,32.758620689655174,2680.3,744.1,750.7,758.9,860.7,171.3,173.4,175.7,172.7,3.88,75.0,1.724,2690.5,745.5,753.5,756.5,859.0,171.5,173.0,176.5,172.9,3.89,74.9,1.707,4.1,1.039,1,injector_clog,4,0.46,3.0,10800.0
313.5,descend_land,30.161290322580644,1675.8064516129034,32.74193548387097,2687.1,744.7,749.8,757.6,859.1,171.2,173.6,176.2,174.0,3.9,74.6,1.73,2690.5,745.5,753.5,756.5,859.0,171.5,173.0,176.5,172.9,3.89,74.9,1.707,4.1,1.04,1,injector_clog,4,0.46,3.0,10800.0
313.6,descend_land,30.150166852057843,1672.3025583982203,32.72525027808676,2682.4,744.7,752.7,757.2,861.1,171.8,173.0,176.9,173.2,3.88,74.5,1.663,2690.4,745.4,753.4,756.4,858.9,171.5,173.0,176.5,172.9,3.89,74.9,1.707,4.1,1.04,1,injector_clog,4,0.46,3.0,10800.0
313.7,descend_land,30.13904338153504,1668.7986651835374,32.70856507230256,2686.3,744.9,754.2,754.5,860.0,171.4,173.6,176.0,173.4,3.89,74.6,1.74,2690.3,745.4,753.4,756.4,858.9,171.5,173.0,176.5,172.9,3.89,74.9,1.707,4.2,1.04,1,injector_clog,4,0.46,3.0,10800.0
313.8,descend_land,30.127919911012235,1665.2947719688543,32.691879866518356,2686.2,746.1,752.5,757.2,859.1,172.4,174.4,176.5,172.2,3.9,75.0,1.742,2690.2,745.4,753.4,756.4,858.9,171.5,173.0,176.5,172.9,3.89,74.9,1.707,4.2,1.041,1,injector_clog,4,0.46,3.0,10800.0
313.9,descend_land,30.11679644048943,1661.7908787541714,32.67519466073415,2694.0,746.7,752.9,754.5,860.1,171.2,173.0,176.2,173.0,3.92,74.9,1.701,2690.1,745.3,753.3,756.3,858.8,171.5,173.0,176.5,172.9,3.89,74.9,1.707,4.2,1.041,1,injector_clog,4,0.46,3.0,10800.0
314.0,descend_land,30.10567296996663,1658.2869855394883,32.65850945494994,2691.0,746.3,750.9,759.5,860.2,171.3,172.3,177.2,172.5,3.88,75.2,1.753,2690.0,745.3,753.3,756.3,858.8,171.5,173.0,176.5,172.9,3.89,75.0,1.707,4.2,1.042,1,injector_clog,4,0.46,3.0,10800.0
314.1,descend_land,30.094549499443826,1654.7830923248055,32.64182424916574,2678.8,746.3,751.9,758.5,858.0,172.3,173.3,176.3,172.5,3.89,75.4,1.728,2689.9,745.3,753.3,756.3,858.8,171.5,173.0,176.5,172.9,3.89,75.0,1.707,4.2,1.042,1,injector_clog,4,0.46,3.0,10800.0
314.2,descend_land,30.083426028921025,1651.2791991101224,32.62513904338154,2687.4,745.0,754.1,757.1,857.4,171.7,172.7,176.0,172.4,3.82,74.2,1.696,2689.8,745.2,753.2,756.2,858.7,171.5,173.0,176.5,172.9,3.89,75.0,1.706,4.3,1.042,1,injector_clog,4,0.46,3.0,10800.0
314.3,descend_land,30.07230255839822,1647.7753058954395,32.60845383759733,2679.0,744.5,754.6,755.5,859.1,171.6,173.0,176.2,172.7,3.9,75.1,1.725,2689.7,745.2,753.2,756.2,858.7,171.4,172.9,176.4,172.8,3.89,75.0,1.706,4.3,1.043,1,injector_clog,4,0.46,3.0,10800.0
314.4,descend_land,30.061179087875416,1644.2714126807564,32.591768631813125,2685.3,744.7,752.1,755.3,856.8,172.0,173.6,177.0,172.0,3.87,74.7,1.754,2689.6,745.2,753.2,756.2,858.7,171.4,172.9,176.4,172.8,3.89,75.0,1.706,4.3,1.043,1,injector_clog,4,0.46,3.0,10800.0
314.5,descend_land,30.050055617352612,1640.7675194660735,32.57508342602892,2682.6,748.1,753.8,755.6,858.1,171.1,173.2,176.5,172.6,3.87,74.2,1.763,2689.5,745.2,753.2,756.2,858.6,171.4,172.9,176.4,172.8,3.89,75.0,1.706,4.3,1.043,1,injector_clog,4,0.46,3.0,10800.0
314.6,descend_land,30.03893214682981,1637.2636262513906,32.55839822024472,2686.2,744.6,750.3,757.6,856.5,172.8,172.5,176.7,172.7,3.88,75.6,1.736,2689.4,745.1,753.1,756.1,858.6,171.4,172.9,176.4,172.8,3.89,75.0,1.706,4.4,1.044,1,injector_clog,4,0.46,3.0,10800.0
314.7,descend_land,30.027808676307007,1633.7597330367075,32.54171301446051,2693.4,744.3,756.2,754.8,857.7,172.2,172.0,176.4,172.9,3.91,74.7,1.641,2689.3,745.1,753.1,756.1,858.6,171.4,172.9,176.4,172.8,3.89,75.0,1.706,4.4,1.044,1,injector_clog,4,0.46,3.0,10800.0
314.8,descend_land,30.016685205784206,1630.2558398220247,32.525027808676306,2686.6,746.1,752.4,754.8,858.0,172.1,172.7,176.2,172.8,3.85,75.1,1.737,2689.2,745.1,753.1,756.1,858.6,171.4,172.9,176.4,172.8,3.89,75.0,1.706,4.4,1.044,1,injector_clog,4,0.46,3.0,10800.0
314.9,descend_land,30.005561735261402,1626.7519466073416,32.5083426028921,2687.1,743.7,753.8,756.8,858.5,171.3,173.0,176.3,172.1,3.88,74.6,1.693,2689.1,745.0,753.0,756.0,858.5,171.4,172.9,176.4,172.8,3.89,75.0,1.706,4.4,1.045,1,injector_clog,4,0.46,3.0,10800.0
315.0,descend_land,29.994438264738598,1623.2480533926587,32.4916573971079,2689.4,743.4,755.3,758.1,856.4,170.4,171.7,175.6,172.3,3.91,75.0,1.724,2689.0,745.0,753.0,756.0,858.5,171.4,172.9,176.4,172.8,3.89,75.1,1.706,4.4,1.045,1,injector_clog,4,0.46,3.0,10800.0
315.1,descend_land,29.983314794215794,1619.7441601779756,32.474972191323694,2700.8,743.4,753.2,753.5,860.0,170.7,173.0,177.3,172.5,3.88,74.0,1.747,2688.9,745.0,753.0,756.0,858.5,171.4,172.9,176.4,172.8,3.89,75.1,1.706,4.5,1.046,1,injector_clog,4,0.46,3.0,10800.0
315.2,descend_land,29.972191323692993,1616.2402669632927,32.45828698553949,2694.5,747.6,754.5,754.0,857.3,170.7,172.7,177.6,171.2,3.89,74.8,1.68,2688.8,744.9,752.9,755.9,858.4,171.4,172.9,176.4,172.8,3.89,75.1,1.706,4.5,1.046,1,injector_clog,4,0.46,3.0,10800.0
315.3,descend_land,29.96106785317019,1612.7363737486096,32.44160177975528,2689.6,745.8,750.6,756.3,858.9,171.6,171.7,177.4,172.5,3.89,75.0,1.765,2688.7,744.9,752.9,755.9,858.4,171.4,172.9,176.4,172.8,3.89,75.1,1.706,4.5,1.046,1,injector_clog,4,0.46,3.0,10800.0
315.4,descend_land,29.949944382647388,1609.2324805339267,32.42491657397108,2692.1,744.6,754.2,756.4,856.5,171.1,172.3,176.9,172.5,3.94,75.0,1.736,2688.6,744.9,752.9,755.9,858.4,171.3,172.8,176.3,172.7,3.89,75.1,1.706,4.5,1.047,1,injector_clog,4,0.46,3.0,10800.0
315.5,descend_land,29.938820912124584,1605.7285873192436,32.408231368186875,2690.1,745.3,752.1,753.5,858.1,172.6,174.1,176.1,172.9,3.93,75.2,1.727,2688.5,744.8,752.8,755.8,858.3,171.3,172.8,176.3,172.7,3.89,75.1,1.706,4.6,1.047,1,injector_clog,4,0.46,3.0,10800.0
315.6,descend_land,29.92769744160178,1602.2246941045607,32.39154616240267,2684.7,746.5,754.3,755.9,859.7,171.4,172.5,176.7,173.3,3.84,74.5,1.674,2688.4,744.8,752.8,755.8,858.3,171.3,172.8,176.3,172.7,3.89,75.1,1.706,4.6,1.047,1,injector_clog,4,0.46,3.0,10800.0
315.7,descend_land,29.916573971078975,1598.7208008898776,32.37486095661846,2688.0,743.7,752.0,756.1,854.7,170.8,172.4,176.6,173.6,3.89,74.8,1.675,2688.3,744.8,752.8,755.8,858.3,171.3,172.8,176.3,172.7,3.89,75.1,1.706,4.6,1.048,1,injector_clog,4,0.46,3.0,10800.0
315.8,descend_land,29.905450500556174,1595.2169076751948,32.35817575083426,2676.1,744.3,753.0,758.3,859.6,170.3,173.5,176.3,172.9,3.86,74.2,1.687,2688.2,744.8,752.8,755.8,858.2,171.3,172.8,176.3,172.7,3.89,75.1,1.706,4.6,1.048,1,injector_clog,4,0.46,3.0,10800.0
315.9,descend_land,29.89432703003337,1591.7130144605119,32.34149054505006,2682.5,745.7,750.4,758.4,858.6,171.0,171.5,176.0,172.5,3.88,74.7,1.673,2688.1,744.7,752.7,755.7,858.2,171.3,172.8,176.3,172.7,3.89,75.1,1.705,4.7,1.048,1,injector_clog,4,0.46,3.0,10800.0
316.0,descend_land,29.883203559510566,1588.2091212458288,32.32480533926585,2689.7,746.6,753.2,755.5,859.2,170.2,173.1,175.1,173.3,3.93,75.5,1.713,2688.1,744.7,752.7,755.7,858.2,171.3,172.8,176.3,172.7,3.89,75.1,1.705,4.7,1.049,1,injector_clog,4,0.46,3.0,10800.0
316.1,descend_land,29.872080088987765,1584.705228031146,32.308120133481644,2699.4,744.9,752.4,754.4,856.6,172.3,174.0,176.7,173.2,3.89,74.5,1.749,2688.0,744.7,752.7,755.7,858.1,171.3,172.8,176.3,172.7,3.89,75.2,1.705,4.7,1.049,1,injector_clog,4,0.46,3.0,10800.0
316.2,descend_land,29.86095661846496,1581.2013348164628,32.291434927697445,2695.2,743.4,752.5,755.4,857.2,172.2,172.6,176.9,172.6,3.88,75.1,1.685,2687.9,744.6,752.6,755.6,858.1,171.3,172.8,176.3,172.7,3.89,75.2,1.705,4.7,1.05,1,injector_clog,4,0.46,3.0,10800.0
316.3,descend_land,29.849833147942157,1577.69744160178,32.27474972191324,2691.5,744.9,749.6,759.1,858.4,172.5,172.1,176.0,172.1,3.88,75.6,1.689,2687.8,744.6,752.6,755.6,858.1,171.3,172.8,176.3,172.7,3.89,75.2,1.705,4.7,1.05,1,injector_clog,4,0.46,3.0,10800.0
316.4,descend_land,29.838709677419356,1574.1935483870968,32.25806451612903,2694.8,744.5,751.6,752.4,859.8,169.6,173.5,177.0,173.3,3.91,75.6,1.772,2687.7,744.6,752.6,755.6,858.1,171.3,172.8,176.3,172.7,3.89,75.2,1.705,4.8,1.05,1,injector_clog,4,0.46,3.0,10800.0
316.5,descend_land,29.82758620689655,1570.689655172414,32.241379310344826,2682.9,743.3,753.0,754.1,856.4,170.2,172.8,175.7,171.9,3.92,75.0,1.705,2687.6,744.5,752.5,755.5,858.0,171.2,172.7,176.2,172.6,3.89,75.2,1.705,4.8,1.051,1,injector_clog,4,0.46,3.0,10800.0
316.6,descend_land,29.816462736373747,1567.1857619577308,32.224694104560626,2684.2,741.8,753.4,755.5,859.0,171.9,173.4,176.2,172.2,3.88,75.4,1.696,2687.5,744.5,752.5,755.5,858.0,171.2,172.7,176.2,172.6,3.89,75.2,1.705,4.8,1.051,1,injector_clog,4,0.46,3.0,10800.0
316.7,descend_land,29.805339265850947,1563.681868743048,32.20800889877642,2681.3,744.7,753.3,756.7,858.6,172.3,173.0,176.6,173.6,3.88,75.5,1.696,2687.4,744.5,752.5,755.5,858.0,171.2,172.7,176.2,172.6,3.89,75.2,1.705,4.8,1.051,1,injector_clog,4,0.46,3.0,10800.0
316.8,descend_land,29.794215795328142,1560.1779755283649,32.19132369299221,2679.5,745.0,752.7,754.4,856.8,171.6,172.7,177.2,171.8,3.92,76.2,1.752,2687.3,744.4,752.4,755.4,857.9,171.2,172.7,176.2,172.6,3.89,75.2,1.705,4.9,1.052,1,injector_clog,4,0.46,3.0,10800.0
316.9,descend_land,29.783092324805338,1556.674082313682,32.17463848720801,2689.9,742.1,752.9,755.6,856.4,171.9,173.0,177.4,172.5,3.84,75.3,1.687,2687.2,744.4,752.4,755.4,857.9,171.2,172.7,176.2,172.6,3.89,75.2,1.705,4.9,1.052,1,injector_clog,4,0.46,3.0,10800.0
317.0,descend_land,29.771968854282534,1553.170189098999,32.1579532814238,2684.0,746.5,755.0,756.2,857.9,171.1,173.0,176.3,172.9,3.87,75.3,1.637,2687.1,744.4,752.4,755.4,857.9,171.2,172.7,176.2,172.6,3.89,75.2,1.705,4.9,1.052,1,injector_clog,4,0.46,3.0,10800.0
317.1,descend_land,29.760845383759733,1549.666295884316,32.1412680756396,2679.0,742.5,753.6,756.6,858.7,171.0,171.1,176.2,173.1,3.92,75.0,1.68,2687.0,744.3,752.3,755.3,857.8,171.2,172.7,176.2,172.6,3.89,75.3,1.705,4.9,1.053,1,injector_clog,4,0.46,3.0,10800.0
317.2,descend_land,29.74972191323693,1546.1624026696331,32.124582869855395,2684.6,744.6,751.5,756.3,856.5,171.5,172.7,176.4,173.0,3.83,75.2,1.707,2686.9,744.3,752.3,755.3,857.8,171.2,172.7,176.2,172.6,3.89,75.3,1.705,4.9,1.053,1,injector_clog,4,0.46,3.0,10800.0
317.3,descend_land,29.738598442714128,1542.65850945495,32.10789766407119,2687.8,743.0,752.0,753.8,858.3,170.5,172.5,176.7,172.5,3.86,75.6,1.716,2686.8,744.3,752.3,755.3,857.8,171.2,172.7,176.2,172.6,3.89,75.3,1.705,5.0,1.054,1,injector_clog,4,0.46,3.0,10800.0
317.4,descend_land,29.727474972191324,1539.1546162402672,32.09121245828699,2692.8,742.5,754.8,754.9,859.0,171.0,172.3,176.7,172.7,3.85,75.3,1.711,2686.7,744.3,752.3,755.3,857.7,171.2,172.7,176.2,172.6,3.89,75.3,1.705,5.0,1.054,1,injector_clog,4,0.46,3.0,10800.0
317.5,descend_land,29.71635150166852,1535.650723025584,32.07452725250278,2679.2,744.2,749.2,756.6,857.5,172.1,170.9,175.7,171.7,3.87,75.6,1.674,2686.6,744.2,752.2,755.2,857.7,171.2,172.7,176.2,172.6,3.88,75.3,1.705,5.0,1.054,1,injector_clog,4,0.46,3.0,10800.0
317.6,descend_land,29.705228031145715,1532.1468298109012,32.05784204671858,2692.0,745.8,752.2,755.8,858.1,171.5,173.2,176.6,173.4,3.88,74.7,1.738,2686.5,744.2,752.2,755.2,857.7,171.1,172.6,176.1,172.5,3.88,75.3,1.704,5.0,1.055,1,injector_clog,4,0.46,3.0,10800.0
317.7,descend_land,29.694104560622915,1528.642936596218,32.04115684093437,2678.2,745.0,749.7,754.1,858.9,171.0,173.1,176.4,172.0,3.86,75.2,1.72,2686.4,744.2,752.2,755.2,857.7,171.1,172.6,176.1,172.5,3.88,75.3,1.704,5.1,1.055,1,injector_clog,4,0.46,3.0,10800.0
317.8,descend_land,29.68298109010011,1525.1390433815352,32.024471635150164,2681.6,743.9,750.8,756.0,859.5,171.8,174.0,176.6,172.9,3.9,75.1,1.685,2686.3,744.1,752.1,755.1,857.6,171.1,172.6,176.1,172.5,3.88,75.3,1.704,5.1,1.055,1,injector_clog,4,0.46,3.0,10800.0
317.9,descend_land,29.67185761957731,1521.635150166852,32.007786429365964,2682.1,744.5,754.1,754.2,858.1,170.9,172.1,176.3,172.9,3.88,74.9,1.669,2686.2,744.1,752.1,755.1,857.6,171.1,172.6,176.1,172.5,3.88,75.3,1.704,5.1,1.056,1,injector_clog,4,0.46,3.0,10800.0
318.0,descend_land,29.660734149054505,1518.1312569521692,31.991101223581758,2683.1,741.7,752.3,755.7,857.8,170.7,172.4,176.6,173.4,3.87,75.5,1.706,2686.1,744.1,752.1,755.1,857.6,171.1,172.6,176.1,172.5,3.88,75.4,1.704,5.1,1.056,1,injector_clog,4,0.46,3.0,10800.0
318.1,descend_land,29.6496106785317,1514.6273637374861,31.97441601779755,2687.0,743.5,751.8,755.0,858.6,170.0,173.2,175.2,172.6,3.88,76.2,1.695,2686.0,744.0,752.0,755.0,857.5,171.1,172.6,176.1,172.5,3.88,75.4,1.704,5.2,1.057,1,injector_clog,4,0.46,3.0,10800.0
318.2,descend_land,29.638487208008897,1511.1234705228032,31.95773081201335,2699.1,745.6,752.9,756.1,857.2,171.8,173.4,175.6,171.7,3.9,74.8,1.64,2685.9,744.0,752.0,755.0,857.5,171.1,172.6,176.1,172.5,3.88,75.4,1.704,5.2,1.057,1,injector_clog,4,0.46,3.0,10800.0
318.3,descend_land,29.627363737486096,1507.6195773081201,31.941045606229146,2686.7,743.5,752.3,752.6,857.7,171.9,172.0,175.4,172.9,3.86,76.1,1.703,2685.8,744.0,752.0,755.0,857.5,171.1,172.6,176.1,172.5,3.88,75.4,1.704,5.2,1.057,1,injector_clog,4,0.46,3.0,10800.0
318.4,descend_land,29.616240266963292,1504.1156840934373,31.92436040044494,2684.1,742.7,752.0,754.7,857.8,171.3,172.1,176.4,172.7,3.85,75.0,1.709,2685.7,743.9,751.9,754.9,857.4,171.1,172.6,176.1,172.5,3.88,75.4,1.704,5.2,1.058,1,injector_clog,4,0.46,3.0,10800.0
318.5,descend_land,29.60511679644049,1500.6117908787542,31.907675194660733,2678.0,741.5,749.3,755.8,858.5,171.4,174.2,175.3,173.2,3.92,75.2,1.719,2685.5,743.9,751.9,754.9,857.4,171.1,172.6,176.1,172.5,3.88,75.4,1.704,5.2,1.058,1,injector_clog,4,0.46,3.0,10800.0
318.6,descend_land,29.593993325917687,1497.1078976640713,31.89098998887653,2689.4,743.0,747.9,756.0,855.0,171.1,173.2,177.0,172.0,3.88,75.7,1.71,2685.4,743.9,751.9,754.9,857.4,171.1,172.6,176.1,172.5,3.88,75.4,1.704,5.3,1.058,1,injector_clog,4,0.46,3.0,10800.0
318.7,descend_land,29.582869855394883,1493.6040044493884,31.874304783092327,2686.4,744.6,748.7,756.3,854.2,170.8,172.4,175.8,173.1,3.91,75.6,1.711,2685.3,743.8,751.8,754.8,857.3,171.1,172.6,176.1,172.5,3.88,75.4,1.704,5.3,1.059,1,injector_clog,4,0.46,3.0,10800.0
318.8,descend_land,29.57174638487208,1490.1001112347053,31.85761957730812,2685.8,743.3,755.0,756.1,858.7,171.0,173.0,176.2,173.1,3.9,75.8,1.691,2685.2,743.8,751.8,754.8,857.3,171.0,172.5,176.0,172.4,3.88,75.4,1.704,5.3,1.059,1,injector_clog,4,0.46,3.0,10800.0
318.9,descend_land,29.560622914349278,1486.5962180200224,31.840934371523915,2678.1,743.2,752.3,757.1,855.3,171.2,173.0,176.6,172.9,3.87,75.4,1.71,2685.1,743.8,751.8,754.8,857.3,171.0,172.5,176.0,172.4,3.88,75.4,1.704,5.3,1.059,1,injector_clog,4,0.46,3.0,10800.0
319.0,descend_land,29.549499443826473,1483.0923248053393,31.82424916573971,2684.8,745.8,753.6,755.9,856.4,171.8,172.0,176.2,173.0,3.83,75.8,1.693,2685.0,743.8,751.8,754.8,857.2,171.0,172.5,176.0,172.4,3.88,75.5,1.704,5.4,1.06,1,injector_clog,4,0.46,3.0,10800.0
319.1,descend_land,29.538375973303673,1479.5884315906565,31.80756395995551,2689.9,743.6,753.5,751.7,858.0,169.6,172.6,176.0,173.0,3.84,75.5,1.674,2684.9,743.7,751.7,754.7,857.2,171.0,172.5,176.0,172.4,3.88,75.5,1.704,5.4,1.06,1,injector_clog,4,0.46,3.0,10800.0
319.2,descend_land,29.52725250278087,1476.0845383759734,31.790878754171302,2685.7,746.6,748.9,753.4,857.2,171.2,172.7,175.9,172.5,3.89,74.9,1.649,2684.8,743.7,751.7,754.7,857.2,171.0,172.5,176.0,172.4,3.88,75.5,1.704,5.4,1.061,1,injector_clog,4,0.46,3.0,10800.0
319.3,descend_land,29.516129032258064,1472.5806451612905,31.774193548387096,2687.4,743.5,751.8,757.8,857.3,171.1,172.4,175.4,172.8,3.88,75.7,1.717,2684.7,743.7,751.7,754.7,857.2,171.0,172.5,176.0,172.4,3.88,75.5,1.703,5.4,1.061,1,injector_clog,4,0.46,3.0,10800.0
319.4,descend_land,29.50500556173526,1469.0767519466074,31.75750834260289,2684.9,742.9,753.4,753.8,859.2,170.2,171.4,175.3,171.8,3.87,75.6,1.707,2684.6,743.6,751.6,754.6,857.1,171.0,172.5,176.0,172.4,3.88,75.5,1.703,5.5,1.061,1,injector_clog,4,0.46,3.0,10800.0
319.5,descend_land,29.49388209121246,1465.5728587319245,31.740823136818687,2688.6,742.7,752.4,754.9,859.5,170.9,172.2,175.4,171.9,3.87,75.4,1.716,2684.5,743.6,751.6,754.6,857.1,171.0,172.5,176.0,172.4,3.88,75.5,1.703,5.5,1.062,1,injector_clog,4,0.46,3.0,10800.0
319.6,descend_land,29.482758620689655,1462.0689655172414,31.724137931034484,2689.3,744.4,751.6,752.6,855.9,170.8,172.4,176.5,173.0,3.91,75.8,1.719,2684.4,743.6,751.6,754.6,857.1,171.0,172.5,176.0,172.4,3.88,75.5,1.703,5.5,1.062,1,injector_clog,4,0.46,3.0,10800.0
319.7,descend_land,29.471635150166854,1458.5650723025585,31.707452725250278,2685.8,744.9,752.5,753.9,858.7,170.8,172.6,176.0,172.6,3.83,75.7,1.698,2684.3,743.5,751.5,754.5,857.0,171.0,172.5,176.0,172.4,3.88,75.5,1.703,5.5,1.062,1,injector_clog,4,0.46,3.0,10800.0
319.8,descend_land,29.46051167964405,1455.0611790878754,31.69076751946607,2687.2,743.1,751.5,753.8,856.4,171.0,173.4,175.6,173.1,3.91,75.8,1.763,2684.2,743.5,751.5,754.5,857.0,171.0,172.5,176.0,172.4,3.88,75.5,1.703,5.5,1.063,1,injector_clog,4,0.46,3.0,10800.0
319.9,descend_land,29.449388209121246,1451.5572858731925,31.67408231368187,2689.9,742.7,751.9,752.8,857.4,170.3,173.7,176.2,172.3,3.86,75.1,1.73,2684.1,743.5,751.5,754.5,857.0,171.0,172.5,176.0,172.4,3.88,75.6,1.703,5.6,1.063,1,injector_clog,4,0.46,3.0,10800.0
320.0,descend_land,29.43826473859844,1448.0533926585097,31.657397107897665,2683.3,742.8,749.8,755.8,856.8,171.2,172.7,175.3,171.9,3.86,75.3,1.721,2684.0,743.4,751.4,754.4,856.9,170.9,172.4,175.9,172.3,3.88,75.6,1.703,5.6,1.064,1,injector_clog,4,0.46,3.0,10800.0
320.1,descend_land,29.42714126807564,1444.5494994438266,31.64071190211346,2682.7,744.4,749.1,756.1,855.2,169.8,172.4,175.9,171.1,3.88,75.3,1.738,2683.9,743.4,751.4,754.4,856.9,170.9,172.4,175.9,172.3,3.88,75.6,1.703,5.6,1.064,1,injector_clog,4,0.46,3.0,10800.0
320.2,descend_land,29.416017797552836,1441.0456062291437,31.624026696329253,2681.2,744.4,752.6,755.8,856.9,171.1,172.1,176.2,172.6,3.84,75.3,1.73,2683.8,743.4,751.4,754.4,856.9,170.9,172.4,175.9,172.3,3.88,75.6,1.703,5.6,1.064,1,injector_clog,4,0.46,3.0,10800.0
320.3,descend_land,29.404894327030032,1437.5417130144606,31.60734149054505,2680.9,743.7,750.1,753.3,853.4,170.5,172.6,176.6,172.8,3.89,75.9,1.719,2683.7,743.4,751.4,754.4,856.8,170.9,172.4,175.9,172.3,3.88,75.6,1.703,5.7,1.065,1,injector_clog,4,0.46,3.0,10800.0
320.4,descend_land,29.39377085650723,1434.0378197997777,31.590656284760847,2685.6,743.5,747.3,755.2,855.4,170.9,172.1,174.7,171.5,3.85,74.9,1.726,2683.6,743.3,751.3,754.3,856.8,170.9,172.4,175.9,172.3,3.88,75.6,1.703,5.7,1.065,1,injector_clog,4,0.46,3.0,10800.0
320.5,descend_land,29.382647385984427,1430.5339265850946,31.57397107897664,2684.2,742.3,749.6,757.2,855.5,171.3,171.5,175.9,173.3,3.83,74.6,1.734,2683.5,743.3,751.3,754.3,856.8,170.9,172.4,175.9,172.3,3.88,75.6,1.703,5.7,1.065,1,injector_clog,4,0.46,3.0,10800.0
320.6,descend_land,29.371523915461623,1427.0300333704117,31.557285873192434,2680.1,743.0,751.4,756.3,857.4,170.9,172.2,176.1,171.8,3.85,76.1,1.685,2683.4,743.3,751.3,754.3,856.7,170.9,172.4,175.9,172.3,3.88,75.6,1.703,5.7,1.066,1,injector_clog,4,0.46,3.0,10800.0
320.7,descend_land,29.360400444938822,1423.5261401557286,31.54060066740823,2681.5,743.3,753.3,754.1,858.7,171.3,172.7,175.7,172.1,3.87,76.0,1.712,2683.3,743.2,751.2,754.2,856.7,170.9,172.4,175.9,172.3,3.88,75.6,1.703,5.7,1.066,1,injector_clog,4,0.46,3.0,10800.0
320.8,descend_land,29.349276974416018,1420.0222469410458,31.52391546162403,2679.3,744.6,751.6,753.9,858.2,169.9,172.8,177.0,172.7,3.91,74.8,1.718,2683.2,743.2,751.2,754.2,856.7,170.9,172.4,175.9,172.3,3.88,75.7,1.702,5.8,1.067,1,injector_clog,4,0.46,3.0,10800.0
320.9,descend_land,29.338153503893214,1416.5183537263626,31.507230255839822,2681.9,744.1,749.9,756.8,857.5,171.2,171.8,176.7,172.4,3.89,75.9,1.743,2683.1,743.2,751.2,754.2,856.7,170.9,172.4,175.9,172.3,3.88,75.7,1.702,5.8,1.067,1,injector_clog,4,0.46,3.0,10800.0
321.0,descend_land,29.327030033370413,1413.0144605116798,31.490545050055616,2686.5,741.5,752.9,752.4,856.5,171.6,172.1,176.4,172.5,3.89,75.8,1.647,2682.9,743.1,751.1,754.1,856.6,170.9,172.4,175.9,172.3,3.88,75.7,1.702,5.8,1.067,1,injector_clog,4,0.46,3.0,10800.0
321.1,descend_land,29.31590656284761,1409.5105672969967,31.473859844271413,2677.8,743.0,753.6,756.2,856.4,170.2,172.8,176.1,172.6,3.89,75.7,1.729,2682.8,743.1,751.1,754.1,856.6,170.9,172.4,175.9,172.3,3.88,75.7,1.702,5.8,1.068,1,injector_clog,4,0.46,3.0,10800.0
321.2,descend_land,29.304783092324804,1406.0066740823138,31.45717463848721,2682.6,744.3,750.3,754.8,857.6,170.3,172.4,175.3,170.9,3.86,75.4,1.669,2682.7,743.1,751.1,754.1,856.6,170.8,172.3,175.8,172.2,3.88,75.7,1.702,5.9,1.068,1,injector_clog,4,0.46,3.0,10800.0
321.3,descend_land,29.293659621802,1402.502780867631,31.440489432703004,2682.9,743.7,752.1,755.2,857.0,170.9,172.2,174.6,172.3,3.87,76.8,1.753,2682.6,743.0,751.0,754.0,856.5,170.8,172.3,175.8,172.2,3.88,75.7,1.702,5.9,1.068,1,injector_clog,4,0.46,3.0,10800.0
321.4,descend_land,29.2825361512792,1398.9988876529478,31.423804226918797,2683.5,744.2,750.7,752.6,857.2,170.1,171.6,175.6,171.9,3.88,75.2,1.791,2682.5,743.0,751.0,754.0,856.5,170.8,172.3,175.8,172.2,3.88,75.7,1.702,5.9,1.069,1,injector_clog,4,0.46,3.0,10800.0
321.5,descend_land,29.271412680756395,1395.494994438265,31.407119021134594,2684.6,742.8,750.1,755.7,854.4,170.9,172.7,175.1,172.4,3.87,76.0,1.733,2682.4,743.0,751.0,754.0,856.5,170.8,172.3,175.8,172.2,3.88,75.7,1.702,5.9,1.069,1,injector_clog,4,0.46,3.0,10800.0
321.6,descend_land,29.260289210233594,1391.9911012235818,31.39043381535039,2688.1,743.1,751.0,754.4,855.3,170.1,171.9,175.9,173.1,3.83,74.9,1.749,2682.3,742.9,750.9,753.9,856.4,170.8,172.3,175.8,172.2,3.88,75.8,1.702,6.0,1.069,1,injector_clog,4,0.46,3.0,10800.0
321.7,descend_land,29.24916573971079,1388.487208008899,31.373748609566185,2684.7,741.2,751.8,751.1,858.5,171.0,172.6,175.6,173.4,3.88,75.9,1.709,2682.2,742.9,750.9,753.9,856.4,170.8,172.3,175.8,172.2,3.88,75.8,1.702,6.0,1.07,1,injector_clog,4,0.46,3.0,10800.0
321.8,descend_land,29.238042269187986,1384.9833147942159,31.35706340378198,2671.5,742.8,749.9,757.3,856.8,171.2,172.5,175.4,171.5,3.89,76.1,1.698,2682.1,742.9,750.9,753.9,856.4,170.8,172.3,175.8,172.2,3.88,75.8,1.702,6.0,1.07,1,injector_clog,4,0.46,3.0,10800.0
321.9,descend_land,29.22691879866518,1381.479421579533,31.340378197997776,2678.8,744.0,750.8,754.3,855.8,170.8,172.6,176.3,171.6,3.88,75.6,1.706,2682.0,742.9,750.9,753.9,856.3,170.8,172.3,175.8,172.2,3.88,75.8,1.702,6.0,1.071,1,injector_clog,4,0.46,3.0,10800.0
322.0,descend_land,29.21579532814238,1377.9755283648499,31.323692992213573,2681.2,743.3,753.8,753.2,857.3,169.5,172.2,174.6,171.1,3.85,75.9,1.711,2681.9,742.8,750.8,753.8,856.3,170.8,172.3,175.8,172.2,3.88,75.8,1.702,6.0,1.071,1,injector_clog,4,0.46,3.0,10800.0
322.1,descend_land,29.204671857619577,1374.471635150167,31.307007786429367,2690.1,743.6,749.6,752.8,855.5,171.5,172.5,175.7,171.7,3.81,75.4,1.729,2681.8,742.8,750.8,753.8,856.3,170.8,172.3,175.8,172.2,3.88,75.8,1.702,6.1,1.071,1,injector_clog,4,0.46,3.0,10800.0
322.2,descend_land,29.193548387096776,1370.967741935484,31.29032258064516,2681.7,744.1,751.4,753.5,855.3,170.7,172.5,176.2,171.7,3.86,75.4,1.648,2681.7,742.8,750.8,753.8,856.3,170.8,172.3,175.8,172.2,3.88,75.8,1.702,6.1,1.072,1,injector_clog,4,0.46,3.0,10800.0
322.3,descend_land,29.18242491657397,1367.463848720801,31.273637374860957,2681.5,742.4,752.8,753.7,855.7,170.4,173.6,175.9,171.7,3.87,75.6,1.651,2681.6,742.7,750.7,753.7,856.2,170.8,172.3,175.8,172.2,3.88,75.8,1.701,6.1,1.072,1,injector_clog,4,0.46,3.0,10800.0
322.4,descend_land,29.171301446051167,1363.959955506118,31.256952169076754,2689.3,743.5,751.0,754.1,857.7,170.2,172.1,176.3,171.7,3.87,76.0,1.728,2681.4,742.7,750.7,753.7,856.2,170.8,172.3,175.8,172.2,3.88,75.8,1.701,6.1,1.072,1,injector_clog,4,0.46,3.0,10800.0
322.5,descend_land,29.160177975528363,1360.456062291435,31.240266963292548,2678.5,742.4,749.6,754.1,854.8,171.4,172.4,175.4,172.3,3.92,75.5,1.67,2681.3,742.7,750.7,753.7,856.2,170.7,172.2,175.7,172.1,3.88,75.9,1.701,6.2,1.073,1,injector_clog,4,0.46,3.0,10800.0
322.6,descend_land,29.149054505005562,1356.9521690767522,31.22358175750834,2671.1,743.1,750.3,754.0,855.7,171.6,172.9,175.7,172.6,3.85,75.3,1.757,2681.2,742.6,750.6,753.6,856.1,170.7,172.2,175.7,172.1,3.88,75.9,1.701,6.2,1.073,1,injector_clog,4,0.46,3.0,10800.0
322.7,descend_land,29.137931034482758,1353.448275862069,31.20689655172414,2686.4,742.9,752.4,751.5,857.5,171.4,173.0,176.7,171.8,3.86,76.6,1.722,2681.1,742.6,750.6,753.6,856.1,170.7,172.2,175.7,172.1,3.88,75.9,1.701,6.2,1.074,1,injector_clog,4,0.46,3.0,10800.0
322.8,descend_land,29.126807563959957,1349.9443826473862,31.190211345939936,2689.6,743.6,749.7,753.2,857.3,170.6,172.2,174.6,171.1,3.9,75.7,1.693,2681.0,742.6,750.6,753.6,856.1,170.7,172.2,175.7,172.1,3.88,75.9,1.701,6.2,1.074,1,injector_clog,4,0.46,3.0,10800.0
322.9,descend_land,29.115684093437153,1346.440489432703,31.17352614015573,2682.4,742.1,749.6,753.8,854.5,170.6,170.9,175.4,171.5,3.83,76.3,1.722,2680.9,742.5,750.5,753.5,856.0,170.7,172.2,175.7,172.1,3.88,75.9,1.701,6.2,1.074,1,injector_clog,4,0.46,3.0,10800.0
323.0,descend_land,29.10456062291435,1342.9365962180202,31.156840934371523,2675.7,744.3,749.5,753.1,855.2,171.4,171.7,176.6,173.1,3.88,76.1,1.731,2680.8,742.5,750.5,753.5,856.0,170.7,172.2,175.7,172.1,3.88,75.9,1.701,6.3,1.075,1,injector_clog,4,0.46,3.0,10800.0
323.1,descend_land,29.093437152391544,1339.432703003337,31.14015572858732,2686.4,742.6,750.5,750.4,855.3,170.3,172.0,174.7,172.5,3.88,76.2,1.731,2680.7,742.5,750.5,753.5,856.0,170.7,172.2,175.7,172.1,3.88,75.9,1.701,6.3,1.075,1,injector_clog,4,0.46,3.0,10800.0
323.2,descend_land,29.082313681868744,1335.9288097886542,31.123470522803114,2687.5,742.8,749.9,753.1,856.7,169.8,173.1,175.9,173.2,3.86,76.4,1.712,2680.6,742.4,750.4,753.4,855.9,170.7,172.2,175.7,172.1,3.88,75.9,1.701,6.3,1.075,1,injector_clog,4,0.46,3.0,10800.0
323.3,descend_land,29.07119021134594,1332.4249165739711,31.10678531701891,2679.8,742.3,750.4,755.1,857.4,170.7,173.1,175.8,172.9,3.9,75.8,1.726,2680.5,742.4,750.4,753.4,855.9,170.7,172.2,175.7,172.1,3.88,76.0,1.701,6.3,1.076,1,injector_clog,4,0.46,3.0,10800.0
323.4,descend_land,29.06006674082314,1328.9210233592883,31.090100111234705,2677.5,744.1,751.1,753.0,855.7,170.7,172.6,175.2,171.9,3.89,75.4,1.687,2680.3,742.4,750.4,753.4,855.9,170.7,172.2,175.7,172.1,3.88,76.0,1.701,6.4,1.076,1,injector_clog,4,0.46,3.0,10800.0
323.5,descend_land,29.048943270300335,1325.4171301446052,31.0734149054505,2675.7,743.7,751.4,756.9,857.3,170.3,173.3,176.8,172.2,3.85,76.3,1.732,2680.2,742.4,750.4,753.4,855.8,170.7,172.2,175.7,172.1,3.88,76.0,1.701,6.4,1.077,1,injector_clog,4,0.46,3.0,10800.0
323.6,descend_land,29.03781979977753,1321.9132369299223,31.056729699666295,2674.8,742.4,748.9,754.5,857.9,170.6,171.2,175.6,172.4,3.89,75.9,1.705,2680.1,742.3,750.3,753.3,855.8,170.7,172.2,175.7,172.1,3.88,76.0,1.701,6.4,1.077,1,injector_clog,4,0.46,3.0,10800.0
323.7,descend_land,29.026696329254726,1318.4093437152392,31.040044493882093,2676.0,742.9,753.0,751.8,856.1,170.3,173.4,175.6,172.2,3.9,75.7,1.693,2680.0,742.3,750.3,753.3,855.8,170.7,172.2,175.7,172.1,3.88,76.0,1.7,6.4,1.077,1,injector_clog,4,0.46,3.0,10800.0
323.8,descend_land,29.015572858731925,1314.9054505005563,31.023359288097886,2677.0,740.5,750.2,754.3,855.3,170.0,172.7,175.4,170.9,3.86,75.7,1.64,2679.9,742.3,750.3,753.3,855.8,170.6,172.1,175.6,172.0,3.88,76.0,1.7,6.5,1.078,1,injector_clog,4,0.46,3.0,10800.0
323.9,descend_land,29.00444938820912,1311.4015572858734,31.00667408231368,2676.6,743.9,748.8,754.3,857.2,170.0,172.1,175.8,172.9,3.88,75.9,1.707,2679.8,742.2,750.2,753.2,855.7,170.6,172.1,175.6,172.0,3.88,76.0,1.7,6.5,1.078,1,injector_clog,4,0.46,3.0,10800.0
324.0,descend_land,28.993325917686317,1307.8976640711903,30.989988876529477,2673.5,741.5,749.1,753.2,858.2,171.6,172.0,176.0,172.5,3.91,76.5,1.713,2679.7,742.2,750.2,753.2,855.7,170.6,172.1,175.6,172.0,3.88,76.0,1.7,6.5,1.078,1,injector_clog,4,0.46,3.0,10800.0
324.1,descend_land,28.982202447163516,1304.3937708565074,30.973303670745274,2674.3,741.0,750.5,755.0,854.9,169.5,172.8,175.6,171.8,3.88,75.7,1.711,2679.6,742.2,750.2,753.2,855.7,170.6,172.1,175.6,172.0,3.88,76.1,1.7,6.5,1.079,1,injector_clog,4,0.46,3.0,10800.0
324.2,descend_land,28.97107897664071,1300.8898776418243,30.956618464961068,2680.2,743.3,747.2,751.9,855.1,171.5,172.8,175.1,171.4,3.87,76.4,1.671,2679.5,742.1,750.1,753.1,855.6,170.6,172.1,175.6,172.0,3.88,76.1,1.7,6.5,1.079,1,injector_clog,4,0.46,3.0,10800.0
324.3,descend_land,28.959955506117907,1297.3859844271415,30.93993325917686,2691.3,741.1,751.2,753.0,856.9,171.1,172.4,175.2,171.2,3.88,76.8,1.704,2679.4,742.1,750.1,753.1,855.6,170.6,172.1,175.6,172.0,3.88,76.1,1.7,6.6,1.08,1,injector_clog,4,0.46,3.0,10800.0
324.4,descend_land,28.948832035595107,1293.8820912124584,30.92324805339266,2677.4,741.7,748.7,752.9,856.9,170.4,171.3,175.4,171.7,3.9,75.8,1.655,2679.2,742.1,750.1,753.1,855.6,170.6,172.1,175.6,172.0,3.88,76.1,1.7,6.6,1.08,1,injector_clog,4,0.46,3.0,10800.0
324.5,descend_land,28.937708565072302,1290.3781979977755,30.906562847608456,2676.0,742.2,749.6,751.4,860.2,169.8,173.3,175.5,172.3,3.87,76.4,1.665,2679.1,742.0,750.0,753.0,855.5,170.6,172.1,175.6,172.0,3.88,76.1,1.7,6.6,1.08,1,injector_clog,4,0.46,3.0,10800.0
324.6,descend_land,28.926585094549498,1286.8743047830924,30.88987764182425,2672.5,740.2,747.9,751.2,855.5,171.2,171.1,176.1,172.3,3.89,76.4,1.701,2679.0,742.0,750.0,753.0,855.5,170.6,172.1,175.6,172.0,3.88,76.1,1.7,6.6,1.081,1,injector_clog,4,0.46,3.0,10800.0
324.7,descend_land,28.915461624026698,1283.3704115684095,30.873192436040043,2683.0,741.1,750.8,751.7,857.2,169.9,171.2,175.0,171.9,3.87,76.0,1.728,2678.9,742.0,750.0,753.0,855.5,170.6,172.1,175.6,172.0,3.88,76.1,1.7,6.7,1.081,1,injector_clog,4,0.46,3.0,10800.0
324.8,descend_land,28.904338153503893,1279.8665183537264,30.85650723025584,2680.5,742.6,749.2,751.1,854.2,170.2,171.5,175.4,172.3,3.87,75.8,1.675,2678.8,741.9,749.9,752.9,855.4,170.6,172.1,175.6,172.0,3.88,76.1,1.7,6.7,1.081,1,injector_clog,4,0.46,3.0,10800.0
324.9,descend_land,28.89321468298109,1276.3626251390435,30.839822024471637,2680.7,741.8,751.2,752.9,853.4,171.3,173.0,176.0,172.5,3.87,75.9,1.695,2678.7,741.9,749.9,752.9,855.4,170.6,172.1,175.6,172.0,3.88,76.2,1.7,6.7,1.082,1,injector_clog,4,0.46,3.0,10800.0
325.0,descend_land,28.882091212458285,1272.8587319243604,30.82313681868743,2681.2,744.0,749.9,753.8,857.9,170.0,170.2,174.1,171.2,3.86,76.5,1.69,2678.6,741.9,749.9,752.9,855.4,170.6,172.1,175.6,172.0,3.88,76.2,1.7,6.7,1.082,1,injector_clog,4,0.46,3.0,10800.0
325.1,descend_land,28.870967741935484,1269.3548387096776,30.806451612903224,2673.5,741.6,749.1,751.5,855.2,170.3,172.1,176.4,172.9,3.87,76.1,1.702,2678.5,741.9,749.9,752.9,855.3,170.5,172.0,175.5,171.9,3.88,76.2,1.699,6.7,1.083,1,injector_clog,4,0.46,3.0,10800.0
325.2,descend_land,28.85984427141268,1265.8509454949944,30.78976640711902,2676.8,742.7,749.2,752.4,857.7,170.8,172.8,176.0,171.4,3.9,76.1,1.678,2678.3,741.8,749.8,752.8,855.3,170.5,172.0,175.5,171.9,3.88,76.2,1.699,6.8,1.083,1,injector_clog,4,0.46,3.0,10800.0
325.3,descend_land,28.84872080088988,1262.3470522803116,30.77308120133482,2676.8,742.3,751.0,756.3,855.9,171.5,172.5,175.9,170.8,3.9,76.4,1.669,2678.2,741.8,749.8,752.8,855.3,170.5,172.0,175.5,171.9,3.88,76.2,1.699,6.8,1.083,1,injector_clog,4,0.46,3.0,10800.0
325.4,descend_land,28.837597330367075,1258.8431590656287,30.756395995550612,2663.4,739.5,749.5,750.5,857.2,170.2,172.3,175.1,172.4,3.88,76.4,1.667,2678.1,741.8,749.8,752.8,855.2,170.5,172.0,175.5,171.9,3.88,76.2,1.699,6.8,1.084,1,injector_clog,4,0.46,3.0,10800.0
325.5,descend_land,28.82647385984427,1255.3392658509456,30.739710789766406,2672.8,740.4,749.5,753.7,856.9,171.1,171.7,176.2,171.1,3.93,76.8,1.666,2678.0,741.7,749.7,752.7,855.2,170.5,172.0,175.5,171.9,3.88,76.2,1.699,6.8,1.084,1,injector_clog,4,0.46,3.0,10800.0
325.6,descend_land,28.815350389321466,1251.8353726362627,30.723025583982203,2676.0,743.3,750.3,754.7,854.4,170.2,172.2,174.4,172.3,3.88,75.8,1.701,2677.9,741.7,749.7,752.7,855.2,170.5,172.0,175.5,171.9,3.88,76.2,1.699,6.9,1.084,1,injector_clog,4,0.46,3.0,10800.0
325.7,descend_land,28.804226918798665,1248.3314794215796,30.706340378198,2677.9,744.0,750.4,753.8,855.7,171.2,171.4,176.1,171.8,3.85,76.6,1.732,2677.8,741.7,749.7,752.7,855.2,170.5,172.0,175.5,171.9,3.88,76.3,1.699,6.9,1.085,1,injector_clog,4,0.46,3.0,10800.0
325.8,descend_land,28.79310344827586,1244.8275862068967,30.689655172413794,2681.4,741.8,751.3,754.3,854.0,172.1,171.9,175.8,172.5,3.84,75.9,1.663,2677.7,741.6,749.6,752.6,855.1,170.5,172.0,175.5,171.9,3.88,76.3,1.699,6.9,1.085,1,injector_clog,4,0.46,3.0,10800.0
325.9,descend_land,28.78197997775306,1241.3236929922136,30.672969966629587,2680.7,744.3,747.2,751.5,853.9,168.9,172.0,175.4,171.0,3.87,76.2,1.696,2677.5,741.6,749.6,752.6,855.1,170.5,172.0,175.5,171.9,3.88,76.3,1.699,6.9,1.086,1,injector_clog,4,0.46,3.0,10800.0
326.0,descend_land,28.770856507230256,1237.8197997775308,30.656284760845384,2690.3,742.7,752.3,754.2,854.5,170.8,171.2,175.2,171.7,3.87,75.9,1.698,2677.4,741.6,749.6,752.6,855.1,170.5,172.0,175.5,171.9,3.88,76.3,1.699,7.0,1.086,1,injector_clog,4,0.46,3.0,10800.0
326.1,descend_land,28.759733036707452,1234.3159065628477,30.63959955506118,2675.2,740.7,748.3,753.9,853.4,171.5,172.1,174.9,172.4,3.82,76.4,1.711,2677.3,741.5,749.5,752.5,855.0,170.5,172.0,175.5,171.9,3.88,76.3,1.699,7.0,1.086,1,injector_clog,4,0.46,3.0,10800.0
326.2,descend_land,28.748609566184648,1230.8120133481648,30.622914349276975,2682.3,741.8,751.2,753.9,854.9,170.8,173.0,175.3,171.6,3.88,77.0,1.698,2677.2,741.5,749.5,752.5,855.0,170.5,172.0,175.5,171.9,3.88,76.3,1.699,7.0,1.087,1,injector_clog,4,0.46,3.0,10800.0
326.3,descend_land,28.737486095661847,1227.3081201334817,30.60622914349277,2681.2,741.2,749.3,751.1,853.6,169.7,171.6,175.4,172.2,3.88,75.7,1.687,2677.1,741.5,749.5,752.5,855.0,170.5,172.0,175.5,171.9,3.88,76.3,1.699,7.0,1.087,1,injector_clog,4,0.46,3.0,10800.0
326.4,descend_land,28.726362625139043,1223.8042269187988,30.589543937708566,2673.4,741.6,752.0,749.2,857.1,170.7,171.5,175.8,171.2,3.87,76.5,1.727,2677.0,741.4,749.4,752.4,854.9,170.5,172.0,175.5,171.9,3.88,76.3,1.699,7.0,1.087,1,injector_clog,4,0.46,3.0,10800.0
326.5,descend_land,28.715239154616242,1220.3003337041157,30.572858731924363,2678.0,743.0,748.8,752.4,855.2,169.9,172.7,176.1,171.0,3.91,76.5,1.641,2676.9,741.4,749.4,752.4,854.9,170.4,171.9,175.4,171.8,3.88,76.4,1.698,7.1,1.088,1,injector_clog,4,0.46,3.0,10800.0
326.6,descend_land,28.704115684093438,1216.7964404894328,30.556173526140157,2670.5,741.9,748.5,753.9,853.8,170.7,173.4,174.6,172.5,3.88,76.3,1.755,2676.7,741.4,749.4,752.4,854.9,170.4,171.9,175.4,171.8,3.88,76.4,1.698,7.1,1.088,1,injector_clog,4,0.46,3.0,10800.0
326.7,descend_land,28.692992213570633,1213.29254727475,30.53948832035595,2679.4,741.5,749.8,747.8,855.4,169.7,173.1,175.9,172.0,3.86,75.9,1.668,2676.6,741.4,749.4,752.4,854.8,170.4,171.9,175.4,171.8,3.88,76.4,1.698,7.1,1.089,1,injector_clog,4,0.46,3.0,10800.0
326.8,descend_land,28.68186874304783,1209.7886540600668,30.522803114571747,2672.4,739.3,749.3,752.0,857.9,169.8,171.8,175.5,172.6,3.92,77.1,1.745,2676.5,741.3,749.3,752.3,854.8,170.4,171.9,175.4,171.8,3.88,76.4,1.698,7.1,1.089,1,injector_clog,4,0.46,3.0,10800.0
326.9,descend_land,28.67074527252503,1206.284760845384,30.506117908787544,2689.2,740.4,748.4,753.3,855.1,170.2,172.8,176.2,172.1,3.86,75.8,1.741,2676.4,741.3,749.3,752.3,854.8,170.4,171.9,175.4,171.8,3.88,76.4,1.698,7.2,1.089,1,injector_clog,4,0.46,3.0,10800.0
327.0,descend_land,28.659621802002224,1202.7808676307009,30.489432703003338,2684.0,740.7,749.3,752.0,855.0,169.6,171.7,176.7,171.8,3.89,76.2,1.684,2676.3,741.3,749.3,752.3,854.7,170.4,171.9,175.4,171.8,3.88,76.4,1.698,7.2,1.09,1,injector_clog,4,0.46,3.0,10800.0
327.1,descend_land,28.648498331479423,1199.276974416018,30.47274749721913,2687.8,740.3,748.8,752.3,856.2,170.0,171.9,174.7,172.3,3.88,77.5,1.749,2676.2,741.2,749.2,752.2,854.7,170.4,171.9,175.4,171.8,3.88,76.4,1.698,7.2,1.09,1,injector_clog,4,0.46,3.0,10800.0
327.2,descend_land,28.63737486095662,1195.773081201335,30.456062291434925,2673.1,740.0,747.8,751.0,857.0,170.5,171.9,174.6,170.3,3.87,77.0,1.679,2676.0,741.2,749.2,752.2,854.7,170.4,171.9,175.4,171.8,3.88,76.5,1.698,7.2,1.09,1,injector_clog,4,0.46,3.0,10800.0
327.3,descend_land,28.626251390433815,1192.269187986652,30.439377085650722,2676.9,742.5,751.4,752.5,853.1,170.6,172.0,174.3,171.8,3.84,76.8,1.713,2675.9,741.2,749.2,752.2,854.7,170.4,171.9,175.4,171.8,3.88,76.5,1.698,7.3,1.091,1,injector_clog,4,0.46,3.0,10800.0
327.4,descend_land,28.61512791991101,1188.765294771969,30.42269187986652,2683.3,741.0,749.2,751.9,854.0,170.6,172.3,174.9,172.4,3.87,76.8,1.718,2675.8,741.1,749.1,752.1,854.6,170.4,171.9,175.4,171.8,3.88,76.5,1.698,7.3,1.091,1,injector_clog,4,0.46,3.0,10800.0
327.5,descend_land,28.60400444938821,1185.261401557286,30.406006674082313,2683.4,740.1,749.2,749.2,852.4,170.4,171.6,175.4,172.1,3.9,76.8,1.712,2675.7,741.1,749.1,752.1,854.6,170.4,171.9,175.4,171.8,3.88,76.5,1.698,7.3,1.092,1,injector_clog,4,0.46,3.0,10800.0
327.6,descend_land,28.592880978865406,1181.757508342603,30.389321468298107,2670.6,740.4,750.4,752.0,852.9,170.7,171.9,175.9,171.8,3.87,76.9,1.739,2675.6,741.1,749.1,752.1,854.6,170.4,171.9,175.4,171.8,3.88,76.5,1.698,7.3,1.092,1,injector_clog,4,0.46,3.0,10800.0
327.7,descend_land,28.5817575083426,1178.25361512792,30.372636262513904,2679.5,740.5,749.4,750.0,856.6,170.9,172.2,175.9,171.9,3.9,77.1,1.684,2675.5,741.0,749.0,752.0,854.5,170.4,171.9,175.4,171.8,3.88,76.5,1.698,7.3,1.092,1,injector_clog,4,0.46,3.0,10800.0
327.8,descend_land,28.5706340378198,1174.749721913237,30.3559510567297,2673.7,740.7,748.1,753.8,853.2,170.4,172.3,176.2,171.7,3.87,76.5,1.69,2675.3,741.0,749.0,752.0,854.5,170.3,171.8,175.3,171.7,3.88,76.5,1.697,7.4,1.093,1,injector_clog,4,0.46,3.0,10800.0
327.9,descend_land,28.559510567296996,1171.245828698554,30.339265850945495,2685.6,740.3,747.1,751.4,852.6,170.7,171.1,175.9,172.4,3.88,77.3,1.774,2675.2,741.0,749.0,752.0,854.5,170.3,171.8,175.3,171.7,3.88,76.5,1.697,7.4,1.093,1,injector_clog,4,0.46,3.0,10800.0
328.0,descend_land,28.548387096774192,1167.7419354838712,30.32258064516129,2679.8,740.5,747.5,751.3,852.7,170.9,172.0,174.1,171.3,3.89,75.5,1.663,2675.1,740.9,748.9,751.9,854.4,170.3,171.8,175.3,171.7,3.88,76.6,1.697,7.4,1.093,1,injector_clog,4,0.46,3.0,10800.0
328.1,descend_land,28.53726362625139,1164.238042269188,30.305895439377085,2678.4,744.1,749.9,750.8,853.7,169.2,172.3,175.5,171.6,3.84,77.3,1.703,2675.0,740.9,748.9,751.9,854.4,170.3,171.8,175.3,171.7,3.88,76.6,1.697,7.4,1.094,1,injector_clog,4,0.46,3.0,10800.0
328.2,descend_land,28.526140155728587,1160.7341490545052,30.289210233592883,2674.6,742.2,749.0,752.8,854.0,169.3,173.0,175.1,171.0,3.86,76.9,1.67,2674.9,740.9,748.9,751.9,854.4,170.3,171.8,175.3,171.7,3.88,76.6,1.697,7.5,1.094,1,injector_clog,4,0.46,3.0,10800.0
328.3,descend_land,28.515016685205783,1157.2302558398221,30.272525027808676,2656.2,739.0,749.3,749.7,854.2,169.8,172.4,175.2,173.4,3.85,76.9,1.71,2674.7,740.8,748.8,751.8,854.3,170.3,171.8,175.3,171.7,3.88,76.6,1.697,7.5,1.095,1,injector_clog,4,0.46,3.0,10800.0
328.4,descend_land,28.503893214682982,1153.7263626251392,30.25583982202447,2669.2,740.7,746.2,754.0,852.7,169.1,171.1,175.1,171.8,3.88,77.3,1.652,2674.6,740.8,748.8,751.8,854.3,170.3,171.8,175.3,171.7,3.88,76.6,1.697,7.5,1.095,1,injector_clog,4,0.46,3.0,10800.0
328.5,descend_land,28.492769744160178,1150.2224694104561,30.239154616240267,2675.1,742.1,747.9,750.1,854.5,169.8,171.7,175.0,171.5,3.9,76.7,1.68,2674.5,740.8,748.8,751.8,854.3,170.3,171.8,175.3,171.7,3.88,76.6,1.697,7.5,1.095,1,injector_clog,4,0.46,3.0,10800.0
328.6,descend_land,28.481646273637374,1146.718576195773,30.222469410456064,2671.8,740.8,747.5,751.6,855.2,170.1,172.5,177.1,171.1,3.87,76.6,1.723,2674.4,740.8,748.8,751.8,854.2,170.3,171.8,175.3,171.7,3.88,76.6,1.697,7.5,1.096,1,injector_clog,4,0.46,3.0,10800.0
328.7,descend_land,28.47052280311457,1143.2146829810904,30.205784204671858,2672.0,739.9,749.0,750.5,855.9,170.2,172.4,175.0,171.2,3.85,76.3,1.675,2674.3,740.7,748.7,751.7,854.2,170.3,171.8,175.3,171.7,3.88,76.7,1.697,7.6,1.096,1,injector_clog,4,0.46,3.0,10800.0
328.8,descend_land,28.45939933259177,1139.7107897664073,30.18909899888765,2679.2,741.5,748.3,751.7,854.5,170.7,171.3,175.7,171.8,3.9,77.0,1.654,2674.2,740.7,748.7,751.7,854.2,170.3,171.8,175.3,171.7,3.88,76.7,1.697,7.6,1.096,1,injector_clog,4,0.46,3.0,10800.0
328.9,descend_land,28.448275862068964,1136.2068965517242,30.17241379310345,2680.3,741.1,748.6,752.6,853.0,170.9,171.5,174.6,171.8,3.82,76.4,1.636,2674.0,740.7,748.7,751.7,854.1,170.3,171.8,175.3,171.7,3.88,76.7,1.697,7.6,1.097,1,injector_clog,4,0.46,3.0,10800.0
329.0,descend_land,28.437152391546164,1132.703003337041,30.155728587319246,2675.5,741.6,748.4,751.1,853.0,169.9,172.2,174.7,171.7,3.88,77.2,1.738,2673.9,740.6,748.6,751.6,854.1,170.3,171.8,175.3,171.7,3.88,76.7,1.696,7.6,1.097,1,injector_clog,4,0.46,3.0,10800.0
329.1,descend_land,28.42602892102336,1129.1991101223584,30.13904338153504,2669.5,740.3,747.1,752.0,852.5,170.1,171.6,175.7,171.3,3.91,76.1,1.751,2673.8,740.6,748.6,751.6,854.1,170.3,171.8,175.3,171.7,3.88,76.7,1.696,7.7,1.098,1,injector_clog,4,0.46,3.0,10800.0
329.2,descend_land,28.414905450500555,1125.6952169076753,30.122358175750833,2668.8,739.5,749.2,748.8,854.7,170.8,171.0,174.9,171.9,3.92,76.6,1.667,2673.7,740.6,748.6,751.6,854.1,170.3,171.8,175.3,171.7,3.88,76.7,1.696,7.7,1.098,1,injector_clog,4,0.46,3.0,10800.0
329.3,descend_land,28.40378197997775,1122.1913236929922,30.10567296996663,2676.8,741.5,749.6,752.0,852.9,169.4,171.7,174.9,171.6,3.87,76.3,1.655,2673.6,740.5,748.5,751.5,854.0,170.2,171.7,175.2,171.6,3.88,76.7,1.696,7.7,1.098,1,injector_clog,4,0.46,3.0,10800.0
329.4,descend_land,28.39265850945495,1118.6874304783096,30.088987764182427,2678.3,738.9,749.8,752.4,853.5,169.1,171.7,175.4,171.3,3.87,76.2,1.705,2673.4,740.5,748.5,751.5,854.0,170.2,171.7,175.2,171.6,3.88,76.7,1.696,7.7,1.099,1,injector_clog,4,0.46,3.0,10800.0
329.5,descend_land,28.381535038932146,1115.1835372636265,30.07230255839822,2671.8,742.5,750.1,751.8,853.8,170.2,171.0,175.2,171.7,3.88,76.8,1.7,2673.3,740.5,748.5,751.5,854.0,170.2,171.7,175.2,171.6,3.88,76.8,1.696,7.8,1.099,1,injector_clog,4,0.46,3.0,10800.0
329.6,descend_land,28.370411568409345,1111.6796440489434,30.055617352614014,2676.7,742.8,748.1,752.6,852.5,170.1,172.1,176.0,171.0,3.87,77.3,1.705,2673.2,740.4,748.4,751.4,853.9,170.2,171.7,175.2,171.6,3.88,76.8,1.696,7.8,1.1,1,injector_clog,4,0.46,3.0,10800.0
329.7,descend_land,28.35928809788654,1108.1757508342603,30.03893214682981,2667.4,739.9,747.3,752.0,855.3,169.8,171.9,175.0,170.5,3.88,76.1,1.715,2673.1,740.4,748.4,751.4,853.9,170.2,171.7,175.2,171.6,3.88,76.8,1.696,7.8,1.1,1,injector_clog,4,0.46,3.0,10800.0
329.8,descend_land,28.348164627363737,1104.6718576195776,30.02224694104561,2681.2,738.0,747.4,750.3,855.5,170.0,171.5,174.5,170.7,3.9,77.8,1.666,2673.0,740.4,748.4,751.4,853.9,170.2,171.7,175.2,171.6,3.88,76.8,1.696,7.8,1.1,1,injector_clog,4,0.46,3.0,10800.0
329.9,descend_land,28.337041156840932,1101.1679644048945,30.005561735261402,2658.5,739.1,749.4,750.8,852.9,170.7,172.5,174.9,171.9,3.86,77.6,1.676,2672.8,740.3,748.3,751.3,853.8,170.2,171.7,175.2,171.6,3.88,76.8,1.696,7.8,1.101,1,injector_clog,4,0.46,3.0,10800.0
330.0,descend_land,28.32591768631813,1097.6640711902114,29.988876529477196,2680.4,740.5,747.1,752.8,854.7,169.5,171.7,175.6,172.1,3.87,77.1,1.713,2672.7,740.3,748.3,751.3,853.8,170.2,171.7,175.2,171.6,3.88,76.8,1.696,7.9,1.101,1,injector_clog,4,0.46,3.0,10800.0
330.1,descend_land,28.314794215795327,1094.1601779755283,29.972191323692993,2667.6,740.9,748.9,753.7,854.3,170.4,171.8,175.4,172.0,3.92,77.1,1.698,2672.6,740.3,748.3,751.3,853.8,170.2,171.7,175.2,171.6,3.88,76.8,1.696,7.9,1.101,1,injector_clog,4,0.46,3.0,10800.0
330.2,descend_land,28.303670745272527,1090.6562847608457,29.95550611790879,2671.3,739.6,749.2,751.4,853.3,170.9,171.1,174.9,171.6,3.89,77.2,1.693,2672.5,740.2,748.2,751.2,853.7,170.2,171.7,175.2,171.6,3.88,76.9,1.695,7.9,1.102,1,injector_clog,4,0.46,3.0,10800.0
330.3,descend_land,28.292547274749722,1087.1523915461626,29.938820912124584,2678.1,740.5,748.4,754.9,852.4,170.8,172.2,174.7,171.6,3.9,77.6,1.711,2672.3,740.2,748.2,751.2,853.7,170.2,171.7,175.2,171.6,3.88,76.9,1.695,7.9,1.102,1,injector_clog,4,0.46,3.0,10800.0
330.4,descend_land,28.281423804226918,1083.6484983314795,29.922135706340377,2665.8,739.5,747.7,752.3,854.8,169.4,171.8,174.3,171.5,3.87,76.5,1.667,2672.2,740.2,748.2,751.2,853.7,170.2,171.7,175.2,171.6,3.88,76.9,1.695,8.0,1.103,1,injector_clog,4,0.46,3.0,10800.0
330.5,descend_land,28.270300333704114,1080.1446051167964,29.905450500556174,2670.8,738.6,748.7,752.1,853.6,170.7,171.6,175.6,171.6,3.82,76.1,1.654,2672.1,740.2,748.2,751.2,853.6,170.2,171.7,175.2,171.6,3.87,76.9,1.695,8.0,1.103,1,injector_clog,4,0.46,3.0,10800.0
330.6,descend_land,28.259176863181313,1076.6407119021137,29.88876529477197,2672.3,740.4,747.5,752.0,855.3,169.3,172.0,173.4,171.1,3.84,76.7,1.715,2672.0,740.1,748.1,751.1,853.6,170.2,171.7,175.2,171.6,3.87,76.9,1.695,8.0,1.103,1,injector_clog,4,0.46,3.0,10800.0
330.7,descend_land,28.24805339265851,1073.1368186874306,29.872080088987765,2667.0,740.7,748.6,750.0,853.5,169.6,172.1,175.0,171.2,3.86,76.9,1.756,2671.9,740.1,748.1,751.1,853.6,170.1,171.6,175.1,171.5,3.87,76.9,1.695,8.0,1.104,1,injector_clog,4,0.46,3.0,10800.0
330.8,descend_land,28.236929922135708,1069.6329254727475,29.85539488320356,2675.7,740.0,749.0,751.2,854.5,170.8,171.6,175.0,171.4,3.85,76.7,1.641,2671.7,740.1,748.1,751.1,853.6,170.1,171.6,175.1,171.5,3.87,76.9,1.695,8.0,1.104,1,injector_clog,4,0.46,3.0,10800.0
330.9,descend_land,28.225806451612904,1066.1290322580649,29.838709677419356,2663.1,739.0,749.2,752.2,851.6,169.7,172.1,175.1,171.7,3.9,76.7,1.711,2671.6,740.0,748.0,751.0,853.5,170.1,171.6,175.1,171.5,3.87,77.0,1.695,8.1,1.104,1,injector_clog,4,0.46,3.0,10800.0
331.0,descend_land,28.2146829810901,1062.6251390433818,29.822024471635153,2671.9,739.4,748.9,748.2,852.8,170.6,172.1,175.8,171.2,3.85,77.4,1.651,2671.5,740.0,748.0,751.0,853.5,170.1,171.6,175.1,171.5,3.87,77.0,1.695,8.1,1.105,1,injector_clog,4,0.46,3.0,10800.0
331.1,descend_land,28.203559510567295,1059.1212458286986,29.805339265850947,2669.7,738.2,750.7,753.4,856.7,169.7,171.7,174.8,172.3,3.86,77.0,1.745,2671.4,740.0,748.0,751.0,853.5,170.1,171.6,175.1,171.5,3.87,77.0,1.695,8.1,1.105,1,injector_clog,4,0.46,3.0,10800.0
331.2,descend_land,28.192436040044495,1055.6173526140155,29.78865406006674,2681.6,738.3,748.0,748.4,852.4,169.1,170.6,175.6,173.2,3.89,77.2,1.659,2671.2,739.9,747.9,750.9,853.4,170.1,171.6,175.1,171.5,3.87,77.0,1.695,8.1,1.106,1,injector_clog,4,0.46,3.0,10800.0
331.3,descend_land,28.18131256952169,1052.113459399333,29.771968854282534,2666.2,738.9,748.1,751.5,855.6,171.3,170.4,174.6,171.4,3.84,76.4,1.7,2671.1,739.9,747.9,750.9,853.4,170.1,171.6,175.1,171.5,3.87,77.0,1.695,8.2,1.106,1,injector_clog,4,0.46,3.0,10800.0
331.4,descend_land,28.170189098998886,1048.6095661846498,29.75528364849833,2665.7,739.9,746.5,750.2,851.4,169.6,172.5,175.2,170.8,3.86,77.4,1.689,2671.0,739.9,747.9,750.9,853.4,170.1,171.6,175.1,171.5,3.87,77.0,1.694,8.2,1.106,1,injector_clog,4,0.46,3.0,10800.0
331.5,descend_land,28.159065628476085,1045.1056729699667,29.738598442714128,2666.2,739.4,748.6,751.8,853.7,169.9,171.3,176.4,172.0,3.88,76.8,1.729,2670.9,739.8,747.8,750.8,853.3,170.1,171.6,175.1,171.5,3.87,77.0,1.694,8.2,1.107,1,injector_clog,4,0.46,3.0,10800.0
331.6,descend_land,28.14794215795328,1041.6017797552836,29.72191323692992,2676.3,741.5,747.3,750.6,852.3,170.4,170.8,175.1,171.2,3.88,76.7,1.668,2670.7,739.8,747.8,750.8,853.3,170.1,171.6,175.1,171.5,3.87,77.1,1.694,8.2,1.107,1,injector_clog,4,0.46,3.0,10800.0
331.7,descend_land,28.136818687430477,1038.097886540601,29.705228031145715,2671.7,740.3,746.9,753.8,851.6,169.1,171.2,174.7,170.9,3.84,76.9,1.7,2670.6,739.8,747.8,750.8,853.3,170.1,171.6,175.1,171.5,3.87,77.1,1.694,8.3,1.107,1,injector_clog,4,0.46,3.0,10800.0
331.8,descend_land,28.125695216907676,1034.5939933259178,29.688542825361512,2677.1,740.9,748.2,750.3,853.3,171.1,171.3,174.8,170.9,3.9,77.1,1.67,2670.5,739.7,747.7,750.7,853.2,170.1,171.6,175.1,171.5,3.87,77.1,1.694,8.3,1.108,1,injector_clog,4,0.46,3.0,10800.0
331.9,descend_land,28.114571746384872,1031.0901001112347,29.67185761957731,2677.3,741.5,744.8,751.0,854.0,170.3,171.0,175.4,172.6,3.88,76.8,1.721,2670.4,739.7,747.7,750.7,853.2,170.1,171.6,175.1,171.5,3.87,77.1,1.694,8.3,1.108,1,injector_clog,4,0.46,3.0,10800.0
332.0,descend_land,28.103448275862068,1027.586206896552,29.655172413793103,2681.2,738.7,744.9,750.1,853.0,170.5,172.2,174.6,171.7,3.87,77.0,1.723,2670.3,739.7,747.7,750.7,853.2,170.1,171.6,175.1,171.5,3.87,77.1,1.694,8.3,1.109,1,injector_clog,4,0.46,3.0,10800.0
332.1,descend_land,28.092324805339267,1024.082313681869,29.638487208008897,2665.9,739.6,748.2,750.0,854.6,170.6,170.8,176.5,172.2,3.89,77.2,1.738,2670.1,739.6,747.6,750.6,853.1,170.0,171.5,175.0,171.4,3.87,77.1,1.694,8.3,1.109,1,injector_clog,4,0.46,3.0,10800.0
332.2,descend_land,28.081201334816463,1020.5784204671859,29.621802002224694,2671.2,741.0,751.2,750.1,852.5,169.7,172.0,175.1,171.2,3.85,77.2,1.66,2670.0,739.6,747.6,750.6,853.1,170.0,171.5,175.0,171.4,3.87,77.1,1.694,8.4,1.109,1,injector_clog,4,0.46,3.0,10800.0
332.3,descend_land,28.07007786429366,1017.0745272525028,29.60511679644049,2669.2,740.3,747.6,750.3,852.5,171.2,171.8,175.0,171.4,3.86,77.5,1.677,2669.9,739.6,747.6,750.6,853.1,170.0,171.5,175.0,171.4,3.87,77.2,1.694,8.4,1.11,1,injector_clog,4,0.46,3.0,10800.0
332.4,descend_land,28.058954393770854,1013.5706340378201,29.588431590656285,2680.7,737.8,747.4,748.8,853.9,170.3,171.9,175.8,171.4,3.81,77.2,1.676,2669.8,739.6,747.6,750.6,853.0,170.0,171.5,175.0,171.4,3.87,77.2,1.694,8.4,1.11,1,injector_clog,4,0.46,3.0,10800.0
332.5,descend_land,28.047830923248053,1010.066740823137,29.57174638487208,2668.8,739.7,749.6,749.8,850.3,170.3,171.1,175.8,170.2,3.91,77.0,1.701,2669.6,739.5,747.5,750.5,853.0,170.0,171.5,175.0,171.4,3.87,77.2,1.694,8.4,1.111,1,injector_clog,4,0.46,3.0,10800.0
332.6,descend_land,28.03670745272525,1006.5628476084539,29.555061179087875,2669.9,740.4,747.0,753.2,852.9,169.2,172.2,174.8,172.7,3.81,76.4,1.696,2669.5,739.5,747.5,750.5,853.0,170.0,171.5,175.0,171.4,3.87,77.2,1.693,8.5,1.111,1,injector_clog,4,0.46,3.0,10800.0
332.7,descend_land,28.02558398220245,1003.0589543937708,29.538375973303673,2668.2,739.9,747.3,749.2,852.2,168.8,173.1,173.5,171.9,3.83,77.1,1.75,2669.4,739.5,747.5,750.5,853.0,170.0,171.5,175.0,171.4,3.87,77.2,1.693,8.5,1.111,1,injector_clog,4,0.46,3.0,10800.0
332.8,descend_land,28.014460511679644,999.5550611790882,29.521690767519466,2681.3,740.0,748.5,751.2,851.8,170.8,172.1,175.0,171.3,3.87,76.9,1.702,2669.2,739.4,747.4,750.4,852.9,170.0,171.5,175.0,171.4,3.87,77.2,1.693,8.5,1.112,1,injector_clog,4,0.46,3.0,10800.0
332.9,descend_land,28.00333704115684,996.0511679644051,29.50500556173526,2666.5,740.1,749.1,748.7,852.0,169.4,171.8,175.4,171.8,3.88,77.6,1.621,2669.1,739.4,747.4,750.4,852.9,170.0,171.5,175.0,171.4,3.87,77.2,1.693,8.5,1.112,1,injector_clog,4,0.46,3.0,10800.0
333.0,descend_land,27.992213570634036,992.547274749722,29.488320355951057,2672.0,739.9,746.9,749.5,852.7,170.0,171.9,174.7,170.7,3.89,76.8,1.711,2669.0,739.4,747.4,750.4,852.9,170.0,171.5,175.0,171.4,3.87,77.3,1.693,8.5,1.112,1,injector_clog,4,0.46,3.0,10800.0
333.1,descend_land,27.981090100111235,989.0433815350389,29.471635150166854,2668.3,739.6,745.6,751.2,854.3,170.0,170.9,175.4,171.7,3.86,77.4,1.68,2668.9,739.3,747.3,750.3,852.8,170.0,171.5,175.0,171.4,3.87,77.3,1.693,8.6,1.113,1,injector_clog,4,0.46,3.0,10800.0
333.2,descend_land,27.96996662958843,985.5394883203562,29.454949944382648,2671.3,738.8,745.2,751.9,852.2,170.3,171.4,176.6,171.3,3.88,77.2,1.778,2668.7,739.3,747.3,750.3,852.8,170.0,171.5,175.0,171.4,3.87,77.3,1.693,8.6,1.113,1,injector_clog,4,0.46,3.0,10800.0
333.3,descend_land,27.95884315906563,982.0355951056731,29.43826473859844,2666.8,738.4,746.7,752.0,852.5,169.5,172.0,175.3,170.9,3.88,77.3,1.732,2668.6,739.3,747.3,750.3,852.8,170.0,171.5,175.0,171.4,3.87,77.3,1.693,8.6,1.114,1,injector_clog,4,0.46,3.0,10800.0
333.4,descend_land,27.947719688542826,978.53170189099,29.42157953281424,2660.6,739.9,745.5,750.1,850.7,169.8,171.0,174.9,171.0,3.93,77.9,1.692,2668.5,739.2,747.2,750.2,852.7,170.0,171.5,175.0,171.4,3.87,77.3,1.693,8.6,1.114,1,injector_clog,4,0.46,3.0,10800.0
333.5,descend_land,27.93659621802002,975.0278086763074,29.404894327030036,2673.1,737.9,745.6,752.5,853.8,170.1,171.3,175.5,171.8,3.9,77.5,1.717,2668.4,739.2,747.2,750.2,852.7,170.0,171.5,175.0,171.4,3.87,77.3,1.693,8.7,1.114,1,injector_clog,4,0.46,3.0,10800.0
333.6,descend_land,27.925472747497217,971.5239154616243,29.38820912124583,2668.7,738.6,748.1,750.7,854.6,170.5,170.6,174.7,171.4,3.86,77.4,1.706,2668.2,739.2,747.2,750.2,852.7,169.9,171.4,174.9,171.3,3.87,77.3,1.693,8.7,1.115,1,injector_clog,4,0.46,3.0,10800.0
333.7,descend_land,27.914349276974416,968.0200222469412,29.371523915461623,2682.9,739.7,745.5,748.4,853.1,169.9,171.5,175.5,171.1,3.87,77.5,1.703,2668.1,739.1,747.1,750.1,852.6,169.9,171.4,174.9,171.3,3.87,77.4,1.693,8.7,1.115,1,injector_clog,4,0.46,3.0,10800.0
333.8,descend_land,27.903225806451612,964.516129032258,29.35483870967742,2669.4,738.8,745.9,749.9,854.5,169.8,171.5,174.5,172.0,3.85,78.3,1.692,2668.0,739.1,747.1,750.1,852.6,169.9,171.4,174.9,171.3,3.87,77.4,1.692,8.7,1.116,1,injector_clog,4,0.46,3.0,10800.0
333.9,descend_land,27.89210233592881,961.0122358175754,29.338153503893217,2675.1,740.4,749.6,751.1,853.2,170.7,171.0,175.0,169.9,3.87,76.9,1.688,2667.8,739.1,747.1,750.1,852.6,169.9,171.4,174.9,171.3,3.87,77.4,1.692,8.8,1.116,1,injector_clog,4,0.46,3.0,10800.0
334.0,descend_land,27.880978865406007,957.5083426028923,29.32146829810901,2671.9,738.1,744.9,751.3,850.5,170.1,171.9,174.4,171.7,3.86,77.0,1.711,2667.7,739.0,747.0,750.0,852.5,169.9,171.4,174.9,171.3,3.87,77.4,1.692,8.8,1.116,1,injector_clog,4,0.46,3.0,10800.0
334.1,descend_land,27.869855394883203,954.0044493882092,29.304783092324804,2667.2,739.0,746.3,752.0,853.4,170.0,171.7,174.9,171.7,3.88,76.9,1.659,2667.6,739.0,747.0,750.0,852.5,169.9,171.4,174.9,171.3,3.87,77.4,1.692,8.8,1.117,1,injector_clog,4,0.46,3.0,10800.0
334.2,descend_land,27.8587319243604,950.5005561735261,29.2880978865406,2664.0,740.7,748.8,751.2,854.2,169.3,171.6,174.3,171.4,3.87,78.1,1.748,2667.5,739.0,747.0,750.0,852.5,169.9,171.4,174.9,171.3,3.87,77.4,1.692,8.8,1.117,1,injector_clog,4,0.46,3.0,10800.0
334.3,descend_land,27.847608453837598,946.9966629588434,29.2714126807564,2665.8,740.0,748.6,750.5,853.7,168.6,170.5,174.7,170.2,3.88,77.5,1.691,2667.3,739.0,747.0,750.0,852.4,169.9,171.4,174.9,171.3,3.87,77.5,1.692,8.8,1.117,1,injector_clog,4,0.46,3.0,10800.0
334.4,descend_land,27.836484983314794,943.4927697441603,29.254727474972192,2666.9,740.2,746.0,750.3,851.8,170.0,171.0,174.1,170.8,3.88,78.1,1.718,2667.2,738.9,746.9,749.9,852.4,169.9,171.4,174.9,171.3,3.87,77.5,1.692,8.9,1.118,1,injector_clog,4,0.46,3.0,10800.0
334.5,descend_land,27.825361512791993,939.9888765294772,29.238042269187986,2671.4,740.8,745.9,749.7,853.2,170.6,171.9,175.8,171.9,3.87,77.6,1.688,2667.1,738.9,746.9,749.9,852.4,169.9,171.4,174.9,171.3,3.87,77.5,1.692,8.9,1.118,1,injector_clog,4,0.46,3.0,10800.0
334.6,descend_land,27.81423804226919,936.4849833147941,29.221357063403783,2671.3,740.8,746.4,749.7,853.0,169.4,171.2,175.6,170.8,3.86,77.8,1.73,2666.9,738.9,746.9,749.9,852.3,169.9,171.4,174.9,171.3,3.87,77.5,1.692,8.9,1.119,1,injector_clog,4,0.46,3.0,10800.0
334.7,descend_land,27.803114571746384,932.9810901001115,29.20467185761958,2671.6,740.3,745.9,752.4,851.2,169.3,171.3,174.4,171.5,3.91,76.9,1.692,2666.8,738.8,746.8,749.8,852.3,169.9,171.4,174.9,171.3,3.87,77.5,1.692,8.9,1.119,1,injector_clog,4,0.46,3.0,10800.0
334.8,descend_land,27.79199110122358,929.4771968854284,29.187986651835374,2665.0,739.3,746.7,748.5,850.3,170.0,172.0,175.1,171.7,3.88,77.7,1.646,2666.7,738.8,746.8,749.8,852.3,169.9,171.4,174.9,171.3,3.87,77.5,1.692,9.0,1.119,1,injector_clog,4,0.46,3.0,10800.0
334.9,descend_land,27.78086763070078,925.9733036707453,29.171301446051167,2663.9,737.2,746.1,750.5,851.2,167.9,171.4,175.1,170.2,3.87,77.9,1.721,2666.6,738.8,746.8,749.8,852.3,169.9,171.4,174.9,171.3,3.87,77.5,1.691,9.0,1.12,1,injector_clog,4,0.46,3.0,10800.0
335.0,descend_land,27.769744160177975,922.4694104560626,29.15461624026696,2665.4,738.8,744.6,750.1,850.9,169.2,171.1,174.9,171.3,3.92,77.6,1.661,2666.4,738.7,746.7,749.7,852.2,169.9,171.4,174.9,171.3,3.87,77.6,1.691,9.0,1.12,1,injector_clog,4,0.46,3.0,10800.0
335.1,descend_land,27.758620689655174,918.9655172413795,29.137931034482758,2666.7,739.6,747.4,751.8,853.4,169.4,172.5,174.1,171.3,3.92,77.3,1.716,2666.3,738.7,746.7,749.7,852.2,169.8,171.3,174.8,171.2,3.87,77.6,1.691,9.0,1.121,1,injector_clog,4,0.46,3.0,10800.0
335.2,descend_land,27.74749721913237,915.4616240266964,29.121245828698555,2669.9,739.3,747.4,747.4,851.3,170.8,171.9,175.4,170.7,3.82,77.6,1.692,2666.2,738.7,746.7,749.7,852.2,169.8,171.3,174.8,171.2,3.87,77.6,1.691,9.0,1.121,1,injector_clog,4,0.46,3.0,10800.0
335.3,descend_land,27.736373748609566,911.9577308120133,29.10456062291435,2671.0,739.7,746.6,749.9,849.6,170.8,170.3,173.8,171.5,3.88,78.2,1.672,2666.0,738.6,746.6,749.6,852.1,169.8,171.3,174.8,171.2,3.87,77.6,1.691,9.1,1.121,1,injector_clog,4,0.46,3.0,10800.0
335.4,descend_land,27.72525027808676,908.4538375973307,29.087875417130142,2663.4,737.1,744.5,750.5,849.3,170.0,172.1,174.0,171.0,3.89,78.0,1.637,2665.9,738.6,746.6,749.6,852.1,169.8,171.3,174.8,171.2,3.87,77.6,1.691,9.1,1.122,1,injector_clog,4,0.46,3.0,10800.0
335.5,descend_land,27.71412680756396,904.9499443826476,29.07119021134594,2670.0,739.3,749.0,750.5,852.1,170.5,172.9,174.0,171.4,3.84,77.8,1.709,2665.8,738.6,746.6,749.6,852.1,169.8,171.3,174.8,171.2,3.87,77.6,1.691,9.1,1.122,1,injector_clog,4,0.46,3.0,10800.0
335.6,descend_land,27.703003337041157,901.4460511679645,29.054505005561737,2665.6,740.7,747.0,752.1,852.1,169.9,170.6,175.6,171.1,3.85,77.2,1.657,2665.6,738.5,746.5,749.5,852.0,169.8,171.3,174.8,171.2,3.87,77.6,1.691,9.1,1.122,1,injector_clog,4,0.46,3.0,10800.0
335.7,descend_land,27.691879866518352,897.9421579532814,29.03781979977753,2660.1,741.4,746.8,748.7,853.4,170.1,171.2,175.9,171.9,3.85,78.2,1.661,2665.5,738.5,746.5,749.5,852.0,169.8,171.3,174.8,171.2,3.87,77.7,1.691,9.2,1.123,1,injector_clog,4,0.46,3.0,10800.0
335.8,descend_land,27.68075639599555,894.4382647385987,29.021134593993324,2662.3,739.6,745.6,749.9,852.6,171.4,171.7,174.3,172.0,3.91,77.0,1.704,2665.4,738.5,746.5,749.5,852.0,169.8,171.3,174.8,171.2,3.87,77.7,1.691,9.2,1.123,1,injector_clog,4,0.46,3.0,10800.0
335.9,descend_land,27.669632925472747,890.9343715239156,29.00444938820912,2664.5,741.0,746.9,752.2,853.1,169.3,171.8,173.8,170.0,3.86,77.3,1.659,2665.3,738.4,746.4,749.4,851.9,169.8,171.3,174.8,171.2,3.87,77.7,1.691,9.2,1.124,1,injector_clog,4,0.46,3.0,10800.0
336.0,descend_land,27.658509454949943,887.4304783092325,28.987764182424918,2662.4,739.9,746.8,752.3,851.2,170.4,171.1,174.7,171.6,3.87,78.4,1.685,2665.1,738.4,746.4,749.4,851.9,169.8,171.3,174.8,171.2,3.87,77.7,1.69,9.2,1.124,1,injector_clog,4,0.46,3.0,10800.0
336.1,descend_land,27.647385984427142,883.9265850945499,28.97107897664071,2665.1,736.7,748.3,748.5,851.4,169.5,170.2,174.7,171.1,3.89,77.9,1.677,2665.0,738.4,746.4,749.4,851.9,169.8,171.3,174.8,171.2,3.87,77.7,1.69,9.3,1.124,1,injector_clog,4,0.46,3.0,10800.0
336.2,descend_land,27.636262513904338,880.4226918798668,28.954393770856505,2677.3,738.8,746.5,750.2,850.5,170.0,171.5,174.5,170.8,3.83,77.7,1.678,2664.9,738.4,746.4,749.4,851.8,169.8,171.3,174.8,171.2,3.87,77.7,1.69,9.3,1.125,1,injector_clog,4,0.46,3.0,10800.0
336.3,descend_land,27.625139043381534,876.9187986651837,28.937708565072302,2666.4,737.5,747.0,748.9,852.2,170.3,170.5,175.8,171.3,3.85,77.7,1.66,2664.7,738.3,746.3,749.3,851.8,169.8,171.3,174.8,171.2,3.87,77.8,1.69,9.3,1.125,1,injector_clog,4,0.46,3.0,10800.0
336.4,descend_land,27.614015572858733,873.4149054505006,28.9210233592881,2660.0,738.3,745.4,750.3,850.1,170.1,171.1,175.0,172.2,3.9,77.9,1.693,2664.6,738.3,746.3,749.3,851.8,169.8,171.3,174.8,171.2,3.87,77.8,1.69,9.3,1.126,1,injector_clog,4,0.46,3.0,10800.0
336.5,descend_land,27.60289210233593,869.9110122358179,28.904338153503893,2668.1,739.6,746.3,748.9,853.2,170.5,170.8,175.3,170.4,3.83,77.6,1.724,2664.5,738.3,746.3,749.3,851.7,169.8,171.3,174.8,171.2,3.87,77.8,1.69,9.3,1.126,1,injector_clog,4,0.46,3.0,10800.0
336.6,descend_land,27.591768631813125,866.4071190211348,28.887652947719687,2651.8,736.0,742.6,750.5,850.9,169.6,171.0,174.5,171.7,3.87,77.8,1.728,2664.3,738.2,746.2,749.2,851.7,169.8,171.3,174.8,171.2,3.87,77.8,1.69,9.4,1.126,1,injector_clog,4,0.46,3.0,10800.0
336.7,descend_land,27.58064516129032,862.9032258064517,28.870967741935484,2661.6,740.0,745.7,749.5,852.6,169.2,171.2,174.8,171.3,3.84,77.4,1.673,2664.2,738.2,746.2,749.2,851.7,169.7,171.2,174.7,171.1,3.87,77.8,1.69,9.4,1.127,1,injector_clog,4,0.46,3.0,10800.0
336.8,descend_land,27.56952169076752,859.3993325917686,28.85428253615128,2671.8,736.6,746.4,749.6,853.3,168.9,170.6,174.5,171.6,3.87,77.6,1.668,2664.1,738.2,746.2,749.2,851.7,169.7,171.2,174.7,171.1,3.87,77.8,1.69,9.4,1.127,1,injector_clog,4,0.46,3.0,10800.0
336.9,descend_land,27.558398220244715,855.895439377086,28.837597330367075,2671.3,739.3,746.8,747.1,852.9,169.2,171.0,174.3,170.9,3.9,78.3,1.68,2663.9,738.1,746.1,749.1,851.6,169.7,171.2,174.7,171.1,3.87,77.8,1.69,9.4,1.127,1,injector_clog,4,0.46,3.0,10800.0
337.0,descend_land,27.547274749721915,852.3915461624028,28.82091212458287,2668.7,737.4,745.3,747.6,853.7,170.7,170.8,174.3,171.1,3.85,78.1,1.675,2663.8,738.1,746.1,749.1,851.6,169.7,171.2,174.7,171.1,3.87,77.9,1.689,9.5,1.128,1,injector_clog,4,0.46,3.0,10800.0
337.1,descend_land,27.53615127919911,848.8876529477197,28.804226918798665,2661.3,738.7,747.7,750.0,850.5,170.9,172.0,175.3,170.5,3.89,77.7,1.651,2663.7,738.1,746.1,749.1,851.6,169.7,171.2,174.7,171.1,3.87,77.9,1.689,9.5,1.128,1,injector_clog,4,0.46,3.0,10800.0
337.2,descend_land,27.525027808676306,845.3837597330366,28.787541713014463,2670.3,739.0,747.1,749.3,850.6,169.1,170.6,175.7,171.5,3.92,77.1,1.663,2663.5,738.0,746.0,749.0,851.5,169.7,171.2,174.7,171.1,3.87,77.9,1.689,9.5,1.129,1,injector_clog,4,0.46,3.0,10800.0
337.3,descend_land,27.513904338153502,841.879866518354,28.770856507230256,2667.3,737.3,746.9,749.8,849.5,170.5,172.2,175.2,171.0,3.85,78.9,1.684,2663.4,738.0,746.0,749.0,851.5,169.7,171.2,174.7,171.1,3.87,77.9,1.689,9.5,1.129,1,injector_clog,4,0.46,3.0,10800.0
337.4,descend_land,27.5027808676307,838.3759733036709,28.75417130144605,2662.3,739.4,746.8,750.0,849.0,169.8,170.8,174.7,171.7,3.85,77.4,1.69,2663.3,738.0,746.0,749.0,851.5,169.7,171.2,174.7,171.1,3.87,77.9,1.689,9.6,1.129,1,injector_clog,4,0.46,3.0,10800.0
337.5,descend_land,27.491657397107897,834.8720800889878,28.737486095661847,2668.0,735.5,744.8,750.6,850.9,170.7,171.0,174.5,171.7,3.88,78.1,1.651,2663.1,737.9,745.9,748.9,851.4,169.7,171.2,174.7,171.1,3.87,77.9,1.689,9.6,1.13,1,injector_clog,4,0.46,3.0,10800.0
337.6,descend_land,27.480533926585096,831.3681868743051,28.720800889877644,2666.2,734.9,746.2,749.2,852.5,170.0,171.4,174.1,171.1,3.9,77.6,1.686,2663.0,737.9,745.9,748.9,851.4,169.7,171.2,174.7,171.1,3.87,78.0,1.689,9.6,1.13,1,injector_clog,4,0.46,3.0,10800.0
337.7,descend_land,27.469410456062292,827.864293659622,28.704115684093438,2664.8,737.2,747.2,749.2,851.9,168.9,172.0,175.1,171.3,3.86,77.8,1.607,2662.9,737.9,745.9,748.9,851.4,169.7,171.2,174.7,171.1,3.87,78.0,1.689,9.6,1.131,1,injector_clog,4,0.46,3.0,10800.0
337.8,descend_land,27.458286985539488,824.3604004449389,28.68743047830923,2660.1,739.7,745.8,748.5,849.2,169.2,170.7,175.1,171.3,3.87,78.1,1.693,2662.7,737.8,745.8,748.8,851.3,169.7,171.2,174.7,171.1,3.87,78.0,1.689,9.6,1.131,1,injector_clog,4,0.46,3.0,10800.0
337.9,descend_land,27.447163515016683,820.8565072302558,28.67074527252503,2671.3,738.3,745.0,747.4,851.4,169.2,171.9,175.3,170.9,3.84,77.5,1.643,2662.6,737.8,745.8,748.8,851.3,169.7,171.2,174.7,171.1,3.87,78.0,1.689,9.7,1.131,1,injector_clog,4,0.46,3.0,10800.0
338.0,descend_land,27.436040044493883,817.3526140155732,28.654060066740826,2665.1,736.1,745.5,748.9,851.4,169.2,171.6,174.5,171.2,3.84,78.0,1.684,2662.5,737.8,745.8,748.8,851.3,169.7,171.2,174.7,171.1,3.87,78.0,1.689,9.7,1.132,1,injector_clog,4,0.46,3.0,10800.0
338.1,descend_land,27.42491657397108,813.8487208008901,28.63737486095662,2664.0,738.3,748.2,745.7,850.6,169.4,171.1,175.1,170.6,3.82,78.5,1.698,2662.3,737.7,745.7,748.7,851.2,169.7,171.2,174.7,171.1,3.87,78.0,1.688,9.7,1.132,1,injector_clog,4,0.46,3.0,10800.0
338.2,descend_land,27.413793103448278,810.344827586207,28.620689655172413,2668.1,739.0,746.1,749.1,850.8,170.1,170.9,174.4,170.8,3.89,78.7,1.717,2662.2,737.7,745.7,748.7,851.2,169.6,171.1,174.6,171.0,3.87,78.0,1.688,9.7,1.133,1,injector_clog,4,0.46,3.0,10800.0
338.3,descend_land,27.402669632925473,806.8409343715239,28.60400444938821,2661.8,735.8,745.5,748.7,852.6,168.8,171.6,174.5,170.3,3.89,78.5,1.65,2662.0,737.7,745.7,748.7,851.2,169.6,171.1,174.6,171.0,3.87,78.0,1.688,9.8,1.133,1,injector_clog,4,0.46,3.0,10800.0
338.4,descend_land,27.39154616240267,803.3370411568412,28.587319243604007,2656.8,736.5,745.5,747.9,851.1,169.4,171.3,174.0,170.5,3.87,78.6,1.696,2661.9,737.7,745.7,748.7,851.1,169.6,171.1,174.6,171.0,3.87,78.0,1.688,9.8,1.133,1,injector_clog,4,0.46,3.0,10800.0
338.5,descend_land,27.380422691879865,799.8331479421581,28.5706340378198,2665.5,737.0,745.1,749.4,851.0,169.0,171.2,174.7,171.5,3.84,78.8,1.726,2661.8,737.6,745.6,748.6,851.1,169.6,171.1,174.6,171.0,3.87,78.0,1.688,9.8,1.134,1,injector_clog,4,0.46,3.0,10800.0
338.6,descend_land,27.369299221357064,796.329254727475,28.553948832035594,2655.0,736.8,743.3,746.3,853.7,169.9,169.8,173.5,170.5,3.86,78.2,1.702,2661.6,737.6,745.6,748.6,851.1,169.6,171.1,174.6,171.0,3.87,78.0,1.688,9.8,1.134,1,injector_clog,4,0.46,3.0,10800.0
338.7,descend_land,27.35817575083426,792.8253615127919,28.53726362625139,2659.4,737.5,744.1,745.3,850.5,169.9,171.0,174.4,169.8,3.9,77.4,1.698,2661.5,737.6,745.6,748.6,851.0,169.6,171.1,174.6,171.0,3.87,78.0,1.688,9.8,1.134,1,injector_clog,4,0.46,3.0,10800.0
338.8,descend_land,27.34705228031146,789.3214682981093,28.52057842046719,2652.1,735.0,746.0,749.4,850.7,170.3,171.8,173.9,170.8,3.87,78.1,1.666,2661.4,737.5,745.5,748.5,851.0,169.6,171.1,174.6,171.0,3.87,78.0,1.688,9.9,1.135,1,injector_clog,4,0.46,3.0,10800.0
338.9,descend_land,27.335928809788655,785.8175750834262,28.503893214682982,2663.2,738.2,746.6,748.4,851.8,169.6,170.4,175.5,171.0,3.93,77.1,1.71,2661.2,737.5,745.5,748.5,851.0,169.6,171.1,174.6,171.0,3.87,78.0,1.688,9.9,1.135,1,injector_clog,4,0.46,3.0,10800.0
339.0,descend_land,27.32480533926585,782.3136818687431,28.487208008898776,2661.7,735.2,743.8,747.0,851.3,169.2,171.5,174.4,171.4,3.86,78.4,1.68,2661.1,737.5,745.5,748.5,851.0,169.6,171.1,174.6,171.0,3.87,78.0,1.688,9.9,1.136,1,injector_clog,4,0.46,3.0,10800.0
339.1,descend_land,27.313681868743046,778.8097886540604,28.47052280311457,2664.2,736.4,744.5,746.3,852.4,169.5,169.9,175.2,171.0,3.91,77.8,1.657,2661.0,737.4,745.4,748.4,850.9,169.6,171.1,174.6,171.0,3.87,78.0,1.687,9.9,1.136,1,injector_clog,4,0.46,3.0,10800.0
339.2,descend_land,27.302558398220246,775.3058954393773,28.453837597330367,2653.4,737.4,745.3,747.4,849.3,169.3,170.5,175.2,171.2,3.84,78.0,1.653,2660.8,737.4,745.4,748.4,850.9,169.6,171.1,174.6,171.0,3.87,78.0,1.687,10.0,1.136,1,injector_clog,4,0.46,3.0,10800.0
339.3,descend_land,27.29143492769744,771.8020022246942,28.437152391546164,2661.3,739.7,745.1,749.3,850.8,169.1,171.8,175.1,170.3,3.85,78.3,1.684,2660.7,737.4,745.4,748.4,850.9,169.6,171.1,174.6,171.0,3.87,78.0,1.687,10.0,1.137,1,injector_clog,4,0.46,3.0,10800.0
339.4,descend_land,27.280311457174637,768.2981090100111,28.420467185761957,2652.3,737.1,746.9,746.7,852.5,169.0,170.9,174.4,171.2,3.84,77.4,1.709,2660.5,737.3,745.3,748.3,850.8,169.6,171.1,174.6,171.0,3.87,78.0,1.687,10.0,1.137,1,injector_clog,4,0.46,3.0,10800.0
339.5,descend_land,27.269187986651836,764.7942157953285,28.40378197997775,2652.1,737.2,746.7,749.0,849.6,169.6,171.3,173.5,171.1,3.87,78.4,1.714,2660.4,737.3,745.3,748.3,850.8,169.6,171.1,174.6,171.0,3.87,78.0,1.687,10.0,1.138,1,injector_clog,4,0.46,3.0,10800.0
339.6,descend_land,27.258064516129032,761.2903225806454,28.387096774193548,2647.7,737.8,745.1,747.6,851.1,168.9,170.7,173.9,170.1,3.9,77.8,1.709,2660.3,737.3,745.3,748.3,850.8,169.6,171.1,174.6,171.0,3.87,78.0,1.687,10.1,1.138,1,injector_clog,4,0.46,3.0,10800.0
339.7,descend_land,27.246941045606228,757.7864293659622,28.370411568409345,2663.3,736.6,744.8,750.0,850.2,169.9,171.4,175.4,170.2,3.88,77.8,1.693,2660.1,737.2,745.2,748.2,850.7,169.5,171.0,174.5,170.9,3.87,78.0,1.687,10.1,1.138,1,injector_clog,4,0.46,3.0,10800.0
339.8,descend_land,27.235817575083427,754.2825361512791,28.35372636262514,2661.2,735.6,744.7,747.9,851.3,169.1,172.2,173.3,170.3,3.86,77.7,1.707,2660.0,737.2,745.2,748.2,850.7,169.5,171.0,174.5,170.9,3.87,78.0,1.687,10.1,1.139,1,injector_clog,4,0.46,3.0,10800.0
339.9,descend_land,27.224694104560623,750.7786429365965,28.337041156840932,2666.8,736.9,744.5,745.9,851.3,169.6,170.6,174.0,170.7,3.93,78.3,1.685,2659.9,737.2,745.2,748.2,850.7,169.5,171.0,174.5,170.9,3.87,78.0,1.687,10.1,1.139,1,injector_clog,4,0.46,3.0,10800.0
340.0,descend_land,27.21357063403782,747.2747497219134,28.32035595105673,2666.0,737.3,743.0,748.9,848.8,169.3,171.1,174.1,171.2,3.89,78.2,1.672,2659.7,737.1,745.1,748.1,850.6,169.5,171.0,174.5,170.9,3.87,78.0,1.687,10.1,1.14,1,injector_clog,4,0.46,3.0,10800.0
340.1,descend_land,27.202447163515018,743.7708565072303,28.303670745272527,2653.0,736.5,744.6,745.6,849.6,170.1,169.9,173.2,171.1,3.86,78.2,1.675,2659.6,737.1,745.1,748.1,850.6,169.5,171.0,174.5,170.9,3.87,78.0,1.686,10.2,1.14,1,injector_clog,4,0.46,3.0,10800.0
340.2,descend_land,27.191323692992214,740.2669632925476,28.28698553948832,2647.9,736.2,745.3,748.0,852.2,169.4,170.9,174.4,170.9,3.86,77.0,1.636,2659.4,737.1,745.1,748.1,850.6,169.5,171.0,174.5,170.9,3.87,78.0,1.686,10.2,1.14,1,injector_clog,4,0.46,3.0,10800.0
340.3,descend_land,27.18020022246941,736.7630700778645,28.270300333704114,2651.7,738.3,742.6,747.0,851.6,169.3,171.1,174.9,170.5,3.85,78.0,1.689,2659.3,737.0,745.0,748.0,850.5,169.5,171.0,174.5,170.9,3.87,78.0,1.686,10.2,1.141,1,injector_clog,4,0.46,3.0,10800.0
340.4,descend_land,27.169076751946605,733.2591768631814,28.25361512791991,2663.6,737.5,745.7,749.1,852.3,169.4,171.4,175.2,171.3,3.88,78.2,1.733,2659.2,737.0,745.0,748.0,850.5,169.5,171.0,174.5,170.9,3.87,78.0,1.686,10.2,1.141,1,injector_clog,4,0.46,3.0,10800.0
340.5,descend_land,27.157953281423804,729.7552836484983,28.236929922135708,2664.3,737.7,742.3,747.8,849.9,169.6,171.1,174.8,171.7,3.88,77.5,1.65,2659.0,737.0,745.0,748.0,850.5,169.5,171.0,174.5,170.9,3.87,78.0,1.686,10.3,1.141,1,injector_clog,4,0.46,3.0,10800.0
340.6,descend_land,27.146829810901,726.2513904338157,28.220244716351502,2656.5,738.8,744.1,746.6,849.4,169.5,171.2,174.5,170.4,3.86,78.1,1.694,2658.9,737.0,745.0,748.0,850.4,169.5,171.0,174.5,170.9,3.87,78.0,1.686,10.3,1.142,1,injector_clog,4,0.46,3.0,10800.0
340.7,descend_land,27.1357063403782,722.7474972191326,28.203559510567295,2651.2,737.5,744.6,748.0,851.0,170.5,170.3,175.5,170.2,3.85,77.4,1.63,2658.7,736.9,744.9,747.9,850.4,169.5,171.0,174.5,170.9,3.87,78.0,1.686,10.3,1.142,1,injector_clog,4,0.46,3.0,10800.0
340.8,descend_land,27.124582869855395,719.2436040044495,28.186874304783093,2660.2,736.0,744.8,749.6,849.4,168.0,170.4,174.4,170.1,3.89,78.5,1.698,2658.6,736.9,744.9,747.9,850.4,169.5,171.0,174.5,170.9,3.87,78.0,1.686,10.3,1.143,1,injector_clog,4,0.46,3.0,10800.0
340.9,descend_land,27.11345939933259,715.7397107897664,28.17018909899889,2656.6,738.5,744.7,748.3,852.1,169.6,172.0,174.1,171.7,3.83,77.6,1.668,2658.5,736.9,744.9,747.9,850.3,169.5,171.0,174.5,170.9,3.87,78.0,1.686,10.3,1.143,1,injector_clog,4,0.46,3.0,10800.0
341.0,descend_land,27.102335928809786,712.2358175750837,28.153503893214683,2662.1,738.0,743.1,748.9,849.1,169.8,170.7,174.6,170.8,3.89,78.8,1.697,2658.3,736.8,744.8,747.8,850.3,169.5,171.0,174.5,170.9,3.87,78.0,1.686,10.4,1.143,1,injector_clog,4,0.46,3.0,10800.0
341.1,descend_land,27.091212458286986,708.7319243604006,28.136818687430477,2662.4,734.8,743.1,747.4,852.3,169.2,170.1,173.8,170.9,3.85,77.7,1.668,2658.2,736.8,744.8,747.8,850.3,169.5,171.0,174.5,170.9,3.87,78.0,1.685,10.4,1.144,1,injector_clog,4,0.46,3.0,10800.0
341.2,descend_land,27.08008898776418,705.2280311457175,28.120133481646274,2656.3,734.2,746.5,748.4,850.0,169.1,169.7,174.4,171.3,3.87,78.1,1.641,2658.0,736.8,744.8,747.8,850.3,169.5,171.0,174.5,170.9,3.87,78.0,1.685,10.4,1.144,1,injector_clog,4,0.46,3.0,10800.0
341.3,descend_land,27.06896551724138,701.7241379310344,28.10344827586207,2656.1,738.1,745.0,751.5,848.1,169.1,170.9,173.8,171.0,3.85,77.9,1.736,2657.9,736.7,744.7,747.7,850.2,169.4,170.9,174.4,170.8,3.86,78.0,1.685,10.4,1.145,1,injector_clog,4,0.46,3.0,10800.0
341.4,descend_land,27.057842046718577,698.2202447163518,28.086763070077865,2666.8,734.5,744.9,747.6,850.7,169.6,170.7,174.5,169.3,3.83,78.8,1.669,2657.8,736.7,744.7,747.7,850.2,169.4,170.9,174.4,170.8,3.86,78.0,1.685,10.5,1.145,1,injector_clog,4,0.46,3.0,10800.0
341.5,descend_land,27.046718576195772,694.7163515016687,28.07007786429366,2665.9,737.3,746.8,748.5,851.0,169.4,170.1,174.3,169.8,3.81,77.5,1.751,2657.6,736.7,744.7,747.7,850.2,169.4,170.9,174.4,170.8,3.86,78.0,1.685,10.5,1.145,1,injector_clog,4,0.46,3.0,10800.0
341.6,descend_land,27.035595105672968,691.2124582869856,28.053392658509456,2660.0,735.3,746.2,747.8,852.4,170.3,170.5,173.8,171.5,3.86,77.9,1.704,2657.5,736.6,744.6,747.6,850.1,169.4,170.9,174.4,170.8,3.86,78.0,1.685,10.5,1.146,1,injector_clog,4,0.46,3.0,10800.0
341.7,descend_land,27.024471635150167,687.7085650723029,28.036707452725253,2660.9,737.1,745.7,749.5,848.1,169.2,170.7,174.1,170.8,3.89,78.2,1.686,2657.3,736.6,744.6,747.6,850.1,169.4,170.9,174.4,170.8,3.86,78.0,1.685,10.5,1.146,1,injector_clog,4,0.46,3.0,10800.0
341.8,descend_land,27.013348164627363,684.2046718576198,28.020022246941046,2656.3,734.4,744.0,747.9,852.4,169.4,171.0,174.6,171.4,3.87,78.4,1.637,2657.2,736.6,744.6,747.6,850.1,169.4,170.9,174.4,170.8,3.86,78.0,1.685,10.6,1.147,1,injector_clog,4,0.46,3.0,10800.0
341.9,descend_land,27.002224694104562,680.7007786429367,28.00333704115684,2660.5,735.0,745.9,745.9,850.8,170.3,172.0,174.7,171.2,3.88,77.8,1.671,2657.0,736.5,744.5,747.5,850.0,169.4,170.9,174.4,170.8,3.86,78.0,1.685,10.6,1.147,1,injector_clog,4,0.46,3.0,10800.0
342.0,descend_land,26.991101223581758,677.1968854282536,27.986651835372637,2652.7,738.2,746.0,746.7,851.6,169.5,170.4,175.3,171.4,3.87,77.0,1.683,2656.9,736.5,744.5,747.5,850.0,169.4,170.9,174.4,170.8,3.86,78.0,1.684,10.6,1.147,1,injector_clog,4,0.46,3.0,10800.0
342.1,descend_land,26.979977753058954,673.692992213571,27.969966629588434,2650.3,737.4,743.0,748.2,850.0,168.4,170.2,174.2,170.6,3.87,77.8,1.695,2656.8,736.5,744.5,747.5,850.0,169.4,170.9,174.4,170.8,3.86,78.0,1.684,10.6,1.148,1,injector_clog,4,0.46,3.0,10800.0
342.2,descend_land,26.96885428253615,670.1890989988879,27.953281423804228,2659.0,734.2,746.3,750.6,850.2,170.0,170.5,174.7,170.7,3.91,78.0,1.672,2656.6,736.4,744.4,747.4,849.9,169.4,170.9,174.4,170.8,3.86,78.0,1.684,10.6,1.148,1,injector_clog,4,0.46,3.0,10800.0
342.3,descend_land,26.95773081201335,666.6852057842048,27.93659621802002,2659.2,738.5,741.0,747.5,849.3,168.2,170.9,174.8,170.0,3.91,78.4,1.698,2656.5,736.4,744.4,747.4,849.9,169.4,170.9,174.4,170.8,3.86,78.0,1.684,10.7,1.149,1,injector_clog,4,0.46,3.0,10800.0
342.4,descend_land,26.946607341490544,663.1813125695217,27.91991101223582,2650.4,735.1,743.8,749.7,849.1,169.5,170.5,173.6,170.4,3.88,77.8,1.654,2656.3,736.4,744.4,747.4,849.9,169.4,170.9,174.4,170.8,3.86,78.0,1.684,10.7,1.149,1,injector_clog,4,0.46,3.0,10800.0
342.5,descend_land,26.935483870967744,659.677419354839,27.903225806451616,2660.3,736.8,744.8,747.4,850.1,169.9,171.2,173.7,170.4,3.85,78.1,1.645,2656.2,736.3,744.3,747.3,849.8,169.4,170.9,174.4,170.8,3.86,78.0,1.684,10.7,1.149,1,injector_clog,4,0.46,3.0,10800.0
342.6,descend_land,26.92436040044494,656.1735261401559,27.88654060066741,2660.1,736.1,745.6,749.1,847.5,168.8,171.0,175.1,170.9,3.84,78.0,1.719,2656.0,736.3,744.3,747.3,849.8,169.4,170.9,174.4,170.8,3.86,78.0,1.684,10.7,1.15,1,injector_clog,4,0.46,3.0,10800.0
342.7,descend_land,26.913236929922135,652.6696329254728,27.869855394883203,2665.8,736.6,744.7,746.6,853.4,169.0,171.7,174.2,171.0,3.85,77.1,1.666,2655.9,736.3,744.3,747.3,849.8,169.4,170.9,174.4,170.8,3.86,78.0,1.684,10.8,1.15,1,injector_clog,4,0.46,3.0,10800.0
342.8,descend_land,26.90211345939933,649.1657397107901,27.853170189099,2661.4,736.9,742.8,747.9,848.3,168.8,170.9,174.4,170.7,3.85,77.0,1.668,2655.8,736.2,744.2,747.2,849.7,169.4,170.9,174.4,170.8,3.86,78.0,1.684,10.8,1.15,1,injector_clog,4,0.46,3.0,10800.0
342.9,descend_land,26.890989988876527,645.661846496107,27.836484983314794,2655.3,737.8,746.4,747.6,848.7,169.1,171.3,174.4,170.0,3.86,77.8,1.685,2655.6,736.2,744.2,747.2,849.7,169.3,170.8,174.3,170.7,3.86,78.0,1.684,10.8,1.151,1,injector_clog,4,0.46,3.0,10800.0
343.0,descend_land,26.879866518353726,642.1579532814239,27.81979977753059,2647.6,739.4,743.5,746.5,850.2,170.2,170.2,174.0,170.9,3.84,78.3,1.642,2655.5,736.2,744.2,747.2,849.7,169.3,170.8,174.3,170.7,3.86,78.0,1.683,10.8,1.151,1,injector_clog,4,0.46,3.0,10800.0
343.1,descend_land,26.868743047830925,638.6540600667408,27.803114571746384,2668.1,738.7,743.7,748.1,849.0,170.3,169.8,175.1,171.2,3.86,78.1,1.715,2655.3,736.2,744.2,747.2,849.6,169.3,170.8,174.3,170.7,3.86,78.0,1.683,10.8,1.152,1,injector_clog,4,0.46,3.0,10800.0
343.2,descend_land,26.85761957730812,635.1501668520582,27.786429365962178,2649.8,737.9,745.2,747.0,853.3,169.5,170.2,174.6,169.6,3.83,77.5,1.658,2655.2,736.1,744.1,747.1,849.6,169.3,170.8,174.3,170.7,3.86,78.0,1.683,10.9,1.152,1,injector_clog,4,0.46,3.0,10800.0
343.3,descend_land,26.846496106785317,631.6462736373751,27.769744160177975,2664.0,737.8,746.0,746.4,848.9,168.7,171.3,174.4,171.2,3.86,78.1,1.693,2655.0,736.1,744.1,747.1,849.6,169.3,170.8,174.3,170.7,3.86,78.0,1.683,10.9,1.152,1,injector_clog,4,0.46,3.0,10800.0
343.4,descend_land,26.835372636262512,628.142380422692,27.753058954393772,2654.8,736.1,741.3,745.3,847.3,168.5,170.4,174.5,171.1,3.86,78.5,1.666,2654.9,736.1,744.1,747.1,849.5,169.3,170.8,174.3,170.7,3.86,78.0,1.683,10.9,1.153,1,injector_clog,4,0.46,3.0,10800.0
343.5,descend_land,26.824249165739708,624.6384872080089,27.736373748609566,2647.8,735.4,744.4,747.9,851.3,168.8,170.9,175.1,171.2,3.86,77.7,1.688,2654.7,736.0,744.0,747.0,849.5,169.3,170.8,174.3,170.7,3.86,78.0,1.683,10.9,1.153,1,injector_clog,4,0.46,3.0,10800.0
343.6,descend_land,26.813125695216907,621.1345939933262,27.71968854282536,2657.9,735.6,745.8,746.3,849.7,170.1,170.7,174.3,170.8,3.88,77.5,1.68,2654.6,736.0,744.0,747.0,849.5,169.3,170.8,174.3,170.7,3.86,78.0,1.683,11.0,1.154,1,injector_clog,4,0.46,3.0,10800.0
343.7,descend_land,26.802002224694107,617.6307007786431,27.703003337041157,2651.9,735.4,743.7,745.2,847.4,168.7,170.9,174.4,171.3,3.88,77.6,1.635,2654.5,736.0,744.0,747.0,849.5,169.3,170.8,174.3,170.7,3.86,78.0,1.683,11.0,1.154,1,injector_clog,4,0.46,3.0,10800.0
343.8,descend_land,26.790878754171302,614.12680756396,27.686318131256954,2665.2,734.3,746.3,747.0,849.8,169.8,170.9,173.2,170.1,3.84,78.1,1.639,2654.3,735.9,743.9,746.9,849.4,169.3,170.8,174.3,170.7,3.86,78.0,1.683,11.0,1.154,1,injector_clog,4,0.46,3.0,10800.0
343.9,descend_land,26.779755283648498,610.6229143492769,27.669632925472747,2651.4,735.9,743.5,748.2,849.8,168.7,171.2,174.8,170.0,3.88,77.8,1.685,2654.2,735.9,743.9,746.9,849.4,169.3,170.8,174.3,170.7,3.86,78.0,1.682,11.0,1.155,1,injector_clog,4,0.46,3.0,10800.0
344.0,descend_land,26.768631813125694,607.1190211345943,27.65294771968854,2649.1,738.3,743.9,747.5,849.0,169.1,170.5,174.9,170.8,3.85,77.8,1.692,2654.0,735.9,743.9,746.9,849.4,169.3,170.8,174.3,170.7,3.86,78.0,1.682,11.1,1.155,1,injector_clog,4,0.46,3.0,10800.0
344.1,descend_land,26.75750834260289,603.6151279199112,27.636262513904338,2650.3,734.3,744.3,747.9,848.3,169.8,171.1,173.2,170.9,3.86,77.9,1.72,2653.9,735.8,743.8,746.8,849.3,169.3,170.8,174.3,170.7,3.86,78.0,1.682,11.1,1.156,1,injector_clog,4,0.46,3.0,10800.0
344.2,descend_land,26.74638487208009,600.1112347052281,27.619577308120135,2642.4,735.0,742.9,747.7,848.9,169.5,172.0,174.1,170.2,3.82,78.2,1.686,2653.7,735.8,743.8,746.8,849.3,169.3,170.8,174.3,170.7,3.86,78.0,1.682,11.1,1.156,1,injector_clog,4,0.46,3.0,10800.0
344.3,descend_land,26.73526140155729,596.6073414905454,27.60289210233593,2656.0,736.9,741.7,747.7,849.0,169.0,170.0,174.1,170.4,3.89,76.9,1.686,2653.6,735.8,743.8,746.8,849.3,169.3,170.8,174.3,170.7,3.86,78.0,1.682,11.1,1.156,1,injector_clog,4,0.46,3.0,10800.0
344.4,descend_land,26.724137931034484,593.1034482758623,27.586206896551722,2654.4,734.5,744.0,745.0,850.2,170.0,169.9,174.0,171.4,3.82,78.9,1.68,2653.4,735.7,743.7,746.7,849.2,169.3,170.8,174.3,170.7,3.86,78.0,1.682,11.1,1.157,1,injector_clog,4,0.46,3.0,10800.0
344.5,descend_land,26.71301446051168,589.5995550611792,27.56952169076752,2654.9,732.1,744.9,745.8,848.1,169.3,170.6,173.2,170.7,3.86,78.2,1.687,2653.3,735.7,743.7,746.7,849.2,169.2,170.7,174.2,170.6,3.86,78.0,1.682,11.2,1.157,1,injector_clog,4,0.46,3.0,10800.0
344.6,descend_land,26.701890989988875,586.0956618464961,27.552836484983317,2653.1,735.2,742.9,745.0,847.6,169.6,170.2,174.8,171.6,3.89,78.4,1.683,2653.1,735.7,743.7,746.7,849.2,169.2,170.7,174.2,170.6,3.86,78.0,1.682,11.2,1.158,1,injector_clog,4,0.46,3.0,10800.0
344.7,descend_land,26.69076751946607,582.5917686318135,27.53615127919911,2649.1,733.4,743.4,746.6,852.9,169.3,171.4,174.5,171.0,3.88,78.6,1.71,2653.0,735.6,743.6,746.6,849.1,169.2,170.7,174.2,170.6,3.86,78.0,1.682,11.2,1.158,1,injector_clog,4,0.46,3.0,10800.0
344.8,descend_land,26.67964404894327,579.0878754171304,27.519466073414904,2655.8,738.4,744.0,747.6,849.7,169.8,171.8,173.9,169.7,3.85,78.1,1.686,2652.8,735.6,743.6,746.6,849.1,169.2,170.7,174.2,170.6,3.86,78.0,1.682,11.2,1.158,1,injector_clog,4,0.46,3.0,10800.0
344.9,descend_land,26.668520578420466,575.5839822024473,27.5027808676307,2657.1,736.9,744.1,745.9,850.6,170.0,170.9,174.7,170.9,3.86,77.5,1.737,2652.7,735.6,743.6,746.6,849.1,169.2,170.7,174.2,170.6,3.86,78.0,1.681,11.3,1.159,1,injector_clog,4,0.46,3.0,10800.0
345.0,descend_land,26.657397107897665,572.0800889877642,27.486095661846498,2656.5,734.1,743.8,744.7,849.6,169.2,170.8,173.3,171.2,3.85,78.2,1.643,2652.6,735.5,743.5,746.5,849.0,169.2,170.7,174.2,170.6,3.86,78.0,1.681,11.3,1.159,1,injector_clog,4,0.46,3.0,10800.0
345.1,descend_land,26.64627363737486,568.5761957730815,27.469410456062292,2652.4,733.0,742.6,749.9,846.3,169.2,171.8,173.6,170.6,3.85,78.1,1.666,2652.4,735.5,743.5,746.5,849.0,169.2,170.7,174.2,170.6,3.86,78.0,1.681,11.3,1.16,1,injector_clog,4,0.46,3.0,10800.0
345.2,descend_land,26.635150166852057,565.0723025583984,27.452725250278085,2652.1,736.4,741.9,744.5,850.1,168.9,171.9,174.1,171.1,3.86,78.4,1.602,2652.3,735.5,743.5,746.5,849.0,169.2,170.7,174.2,170.6,3.86,78.0,1.681,11.3,1.16,1,injector_clog,4,0.46,3.0,10800.0
345.3,descend_land,26.624026696329253,561.5684093437153,27.436040044493883,2648.0,736.6,743.5,744.4,849.0,168.6,170.1,174.2,170.4,3.89,77.9,1.716,2652.1,735.4,743.4,746.4,848.9,169.2,170.7,174.2,170.6,3.86,78.0,1.681,11.3,1.16,1,injector_clog,4,0.46,3.0,10800.0
345.4,descend_land,26.612903225806452,558.0645161290322,27.41935483870968,2651.4,736.2,741.3,749.3,847.4,170.0,171.1,174.7,170.9,3.84,77.8,1.692,2652.0,735.4,743.4,746.4,848.9,169.2,170.7,174.2,170.6,3.86,78.0,1.681,11.4,1.161,1,injector_clog,4,0.46,3.0,10800.0
345.5,descend_land,26.601779755283648,554.5606229143496,27.402669632925473,2655.5,737.9,743.2,746.5,848.2,168.6,170.7,174.2,169.8,3.89,77.8,1.687,2651.8,735.4,743.4,746.4,848.9,169.2,170.7,174.2,170.6,3.86,78.0,1.681,11.4,1.161,1,injector_clog,4,0.46,3.0,10800.0
345.6,descend_land,26.590656284760847,551.0567296996664,27.385984427141267,2643.8,736.9,740.7,748.6,847.8,168.9,171.7,173.9,170.7,3.87,78.6,1.693,2651.7,735.3,743.3,746.3,848.8,169.2,170.7,174.2,170.6,3.86,78.0,1.681,11.4,1.162,1,injector_clog,4,0.46,3.0,10800.0
345.7,descend_land,26.579532814238043,547.5528364849833,27.369299221357064,2650.3,734.7,742.3,744.4,849.8,169.0,171.1,174.4,171.2,3.83,77.1,1.703,2651.5,735.3,743.3,746.3,848.8,169.2,170.7,174.2,170.6,3.86,78.0,1.681,11.4,1.162,1,injector_clog,4,0.46,3.0,10800.0
345.8,descend_land,26.56840934371524,544.0489432703007,27.35261401557286,2647.5,734.7,744.4,748.2,848.0,170.7,171.0,174.3,171.0,3.86,77.3,1.62,2651.4,735.3,743.3,746.3,848.8,169.2,170.7,174.2,170.6,3.86,78.0,1.68,11.5,1.162,1,injector_clog,4,0.46,3.0,10800.0
345.9,descend_land,26.557285873192434,540.5450500556176,27.335928809788655,2644.3,736.3,742.1,746.5,850.4,169.8,171.2,175.1,170.6,3.86,77.8,1.706,2651.2,735.3,743.3,746.3,848.7,169.2,170.7,174.2,170.6,3.86,78.0,1.68,11.5,1.163,1,injector_clog,4,0.46,3.0,10800.0
346.0,descend_land,26.546162402669633,537.0411568409345,27.31924360400445,2641.4,735.0,741.4,749.9,848.1,168.7,171.4,173.4,170.9,3.88,78.3,1.659,2651.1,735.2,743.2,746.2,848.7,169.2,170.7,174.2,170.6,3.86,78.0,1.68,11.5,1.163,1,injector_clog,4,0.46,3.0,10800.0
346.1,descend_land,26.53503893214683,533.5372636262514,27.302558398220246,2654.4,736.2,743.1,745.7,849.8,169.1,171.0,174.0,170.5,3.9,78.0,1.689,2650.9,735.2,743.2,746.2,848.7,169.1,170.6,174.1,170.5,3.86,78.0,1.68,11.5,1.163,1,injector_clog,4,0.46,3.0,10800.0
346.2,descend_land,26.52391546162403,530.0333704115687,27.285873192436043,2645.5,736.4,746.8,745.6,849.0,169.0,170.2,173.7,170.0,3.84,76.8,1.642,2650.8,735.2,743.2,746.2,848.6,169.1,170.6,174.1,170.5,3.86,78.0,1.68,11.6,1.164,1,injector_clog,4,0.46,3.0,10800.0
346.3,descend_land,26.512791991101224,526.5294771968856,27.269187986651836,2644.3,734.8,740.7,744.4,847.0,169.1,171.1,174.3,171.2,3.88,77.9,1.724,2650.6,735.1,743.1,746.1,848.6,169.1,170.6,174.1,170.5,3.86,78.0,1.68,11.6,1.164,1,injector_clog,4,0.46,3.0,10800.0
346.4,descend_land,26.50166852057842,523.0255839822025,27.25250278086763,2657.4,734.7,744.1,747.7,846.8,170.8,170.7,174.3,171.2,3.84,78.1,1.673,2650.5,735.1,743.1,746.1,848.6,169.1,170.6,174.1,170.5,3.86,78.0,1.68,11.6,1.165,1,injector_clog,4,0.46,3.0,10800.0
346.5,descend_land,26.490545050055616,519.5216907675194,27.235817575083427,2650.8,738.6,743.1,747.7,846.8,169.4,170.4,173.0,170.2,3.88,78.3,1.669,2650.3,735.1,743.1,746.1,848.6,169.1,170.6,174.1,170.5,3.86,78.0,1.68,11.6,1.165,1,injector_clog,4,0.46,3.0,10800.0
346.6,descend_land,26.47942157953281,516.0177975528368,27.219132369299224,2645.3,732.9,741.3,746.1,847.2,169.2,171.3,173.6,171.5,3.84,78.4,1.657,2650.2,735.0,743.0,746.0,848.5,169.1,170.6,174.1,170.5,3.86,78.0,1.68,11.6,1.165,1,injector_clog,4,0.46,3.0,10800.0
346.7,descend_land,26.46829810901001,512.5139043381537,27.202447163515018,2655.1,734.4,742.4,745.5,848.5,169.2,169.8,174.2,170.1,3.85,77.5,1.67,2650.0,735.0,743.0,746.0,848.5,169.1,170.6,174.1,170.5,3.86,78.0,1.679,11.7,1.166,1,injector_clog,4,0.46,3.0,10800.0
346.8,descend_land,26.45717463848721,509.0100111234706,27.18576195773081,2653.9,734.9,744.7,748.1,848.3,169.2,170.1,174.7,170.4,3.86,77.0,1.7,2649.9,735.0,743.0,746.0,848.5,169.1,170.6,174.1,170.5,3.86,78.0,1.679,11.7,1.166,1,injector_clog,4,0.46,3.0,10800.0
346.9,descend_land,26.446051167964406,505.5061179087879,27.169076751946605,2650.0,735.8,741.9,746.0,851.3,168.0,170.6,175.1,170.7,3.85,77.8,1.723,2649.7,734.9,742.9,745.9,848.4,169.1,170.6,174.1,170.5,3.86,78.0,1.679,11.7,1.167,1,injector_clog,4,0.46,3.0,10800.0
347.0,descend_land,26.4349276974416,502.0022246941048,27.152391546162402,2646.1,732.4,744.8,743.8,847.2,168.5,170.9,175.0,170.9,3.87,78.0,1.705,2649.6,734.9,742.9,745.9,848.4,169.1,170.6,174.1,170.5,3.86,78.0,1.679,11.7,1.167,1,injector_clog,4,0.46,3.0,10800.0
347.1,descend_land,26.423804226918797,498.4983314794217,27.1357063403782,2648.2,734.1,741.0,747.6,849.0,168.3,170.1,173.3,170.7,3.85,78.4,1.7,2649.4,734.9,742.9,745.9,848.4,169.1,170.6,174.1,170.5,3.86,78.0,1.679,11.8,1.167,1,injector_clog,4,0.46,3.0,10800.0
347.2,descend_land,26.412680756395993,494.9944382647386,27.119021134593993,2650.9,734.0,744.7,747.3,846.9,168.4,170.0,174.0,170.4,3.9,78.2,1.669,2649.3,734.8,742.8,745.8,848.3,169.1,170.6,174.1,170.5,3.86,78.0,1.679,11.8,1.168,1,injector_clog,4,0.46,3.0,10800.0
347.3,descend_land,26.401557285873192,491.49054505005597,27.102335928809786,2657.5,732.5,743.6,744.1,848.1,169.1,171.4,173.8,170.2,3.85,77.6,1.69,2649.1,734.8,742.8,745.8,848.3,169.1,170.6,174.1,170.5,3.86,78.0,1.679,11.8,1.168,1,injector_clog,4,0.46,3.0,10800.0
347.4,descend_land,26.39043381535039,487.98665183537287,27.085650723025584,2648.4,733.3,744.4,746.8,848.9,169.7,171.2,174.0,170.8,3.85,77.4,1.687,2649.0,734.8,742.8,745.8,848.3,169.1,170.6,174.1,170.5,3.86,78.0,1.679,11.8,1.169,1,injector_clog,4,0.46,3.0,10800.0
347.5,descend_land,26.379310344827587,484.48275862068976,27.06896551724138,2650.6,734.8,741.2,743.7,847.5,169.9,170.1,174.3,170.7,3.85,78.1,1.696,2648.8,734.7,742.7,745.7,848.2,169.1,170.6,174.1,170.5,3.86,78.0,1.678,11.9,1.169,1,injector_clog,4,0.46,3.0,10800.0
347.6,descend_land,26.368186874304783,480.97886540600666,27.052280311457174,2644.5,735.2,744.1,744.7,849.8,169.5,171.2,174.0,170.3,3.84,78.0,1.697,2648.7,734.7,742.7,745.7,848.2,169.1,170.6,174.1,170.5,3.86,78.0,1.678,11.9,1.169,1,injector_clog,4,0.46,3.0,10800.0
347.7,descend_land,26.35706340378198,477.474972191324,27.035595105672968,2654.1,732.8,743.2,745.8,847.0,168.5,170.7,174.4,169.3,3.86,77.9,1.681,2648.5,734.7,742.7,745.7,848.2,169.0,170.5,174.0,170.4,3.86,78.0,1.678,11.9,1.17,1,injector_clog,4,0.46,3.0,10800.0
347.8,descend_land,26.345939933259174,473.9710789766409,27.018909899888765,2646.3,735.9,741.8,745.5,846.4,170.3,170.9,174.3,170.7,3.86,78.0,1.667,2648.3,734.6,742.6,745.6,848.1,169.0,170.5,174.0,170.4,3.86,78.0,1.678,11.9,1.17,1,injector_clog,4,0.46,3.0,10800.0
347.9,descend_land,26.334816462736374,470.4671857619578,27.002224694104562,2648.4,737.2,741.0,745.0,847.1,168.2,170.7,174.3,170.7,3.87,77.9,1.723,2648.2,734.6,742.6,745.6,848.1,169.0,170.5,174.0,170.4,3.86,78.0,1.678,11.9,1.171,1,injector_clog,4,0.46,3.0,10800.0
348.0,descend_land,26.323692992213573,466.9632925472747,26.985539488320356,2643.4,736.5,741.3,748.8,844.8,168.7,169.9,174.9,170.8,3.9,78.4,1.635,2648.0,734.6,742.6,745.6,848.1,169.0,170.5,174.0,170.4,3.86,78.0,1.678,12.0,1.171,1,injector_clog,4,0.46,3.0,10800.0
348.1,descend_land,26.31256952169077,463.45939933259206,26.96885428253615,2650.2,733.4,741.7,746.7,847.0,168.9,170.5,173.7,169.5,3.86,78.9,1.695,2647.9,734.5,742.5,745.5,848.0,169.0,170.5,174.0,170.4,3.86,78.0,1.678,12.0,1.171,1,injector_clog,4,0.46,3.0,10800.0
348.2,descend_land,26.301446051167964,459.95550611790895,26.952169076751947,2643.3,736.9,743.6,746.8,846.9,168.2,170.2,172.4,170.2,3.86,78.6,1.709,2647.7,734.5,742.5,745.5,848.0,169.0,170.5,174.0,170.4,3.86,78.0,1.678,12.0,1.172,1,injector_clog,4,0.46,3.0,10800.0
348.3,descend_land,26.29032258064516,456.45161290322585,26.935483870967744,2646.5,732.6,742.2,744.8,847.2,168.4,170.3,173.5,170.6,3.86,77.4,1.687,2647.6,734.5,742.5,745.5,848.0,169.0,170.5,174.0,170.4,3.86,78.0,1.678,12.0,1.172,1,injector_clog,4,0.46,3.0,10800.0
348.4,descend_land,26.279199110122356,452.9477196885432,26.918798665183537,2647.6,734.5,744.9,747.0,850.8,168.8,171.0,173.5,171.0,3.87,78.7,1.677,2647.4,734.4,742.4,745.4,847.9,169.0,170.5,174.0,170.4,3.86,78.0,1.677,12.1,1.173,1,injector_clog,4,0.46,3.0,10800.0
348.5,descend_land,26.268075639599555,449.4438264738601,26.90211345939933,2645.5,733.8,739.6,743.9,849.0,169.0,170.2,174.1,170.7,3.88,78.9,1.7,2647.3,734.4,742.4,745.4,847.9,169.0,170.5,174.0,170.4,3.86,78.0,1.677,12.1,1.173,1,injector_clog,4,0.46,3.0,10800.0
348.6,descend_land,26.25695216907675,445.939933259177,26.885428253615128,2652.8,734.9,742.5,743.5,847.9,169.3,170.5,175.6,170.5,3.88,77.8,1.718,2647.1,734.4,742.4,745.4,847.9,169.0,170.5,174.0,170.4,3.86,78.0,1.677,12.1,1.173,1,injector_clog,4,0.46,3.0,10800.0
348.7,descend_land,26.24582869855395,442.4360400444939,26.868743047830925,2641.0,735.2,742.0,746.2,846.7,167.7,170.9,174.2,170.3,3.84,77.8,1.64,2647.0,734.4,742.4,745.4,847.8,169.0,170.5,174.0,170.4,3.86,78.0,1.677,12.1,1.174,1,injector_clog,4,0.46,3.0,10800.0
348.8,descend_land,26.234705228031146,438.93214682981124,26.85205784204672,2646.7,733.3,741.8,746.0,845.8,169.6,169.3,174.4,169.7,3.86,78.0,1.69,2646.8,734.3,742.3,745.3,847.8,169.0,170.5,174.0,170.4,3.86,78.0,1.677,12.1,1.174,1,injector_clog,4,0.46,3.0,10800.0
348.9,descend_land,26.22358175750834,435.42825361512814,26.835372636262512,2638.5,734.5,742.0,746.4,847.2,168.9,169.3,175.2,171.0,3.87,78.6,1.688,2646.7,734.3,742.3,745.3,847.8,169.0,170.5,174.0,170.4,3.86,78.0,1.677,12.2,1.175,1,injector_clog,4,0.46,3.0,10800.0
349.0,descend_land,26.212458286985537,431.92436040044504,26.81868743047831,2650.0,734.1,742.0,746.2,849.2,168.7,171.2,173.1,171.3,3.87,77.8,1.68,2646.5,734.3,742.3,745.3,847.7,169.0,170.5,174.0,170.4,3.86,78.0,1.677,12.2,1.175,1,injector_clog,4,0.46,3.0,10800.0
349.1,descend_land,26.201334816462737,428.42046718576194,26.802002224694107,2646.1,733.6,741.5,745.3,845.7,168.4,171.1,174.4,169.7,3.86,78.0,1.602,2646.3,734.2,742.2,745.2,847.7,169.0,170.5,174.0,170.4,3.86,78.0,1.677,12.2,1.175,1,injector_clog,4,0.46,3.0,10800.0
349.2,descend_land,26.190211345939932,424.9165739710793,26.7853170189099,2639.6,735.3,745.4,745.0,849.5,168.0,171.3,174.7,169.7,3.89,78.6,1.658,2646.2,734.2,742.2,745.2,847.7,169.0,170.5,174.0,170.4,3.86,78.0,1.677,12.2,1.176,1,injector_clog,4,0.46,3.0,10800.0
349.3,descend_land,26.17908787541713,421.4126807563962,26.768631813125694,2636.2,736.7,740.7,743.1,847.8,169.3,170.8,174.3,169.6,3.8,78.0,1.741,2646.0,734.2,742.2,745.2,847.7,168.9,170.4,173.9,170.3,3.86,78.0,1.676,12.3,1.176,1,injector_clog,4,0.46,3.0,10800.0
349.4,descend_land,26.167964404894327,417.9087875417131,26.75194660734149,2648.6,731.4,742.2,744.9,846.8,169.4,168.8,173.7,170.5,3.87,77.6,1.647,2645.9,734.1,742.1,745.1,847.6,168.9,170.4,173.9,170.3,3.86,78.0,1.676,12.3,1.177,1,injector_clog,4,0.46,3.0,10800.0
349.5,descend_land,26.156840934371523,414.40489432703043,26.73526140155729,2652.5,733.8,745.0,741.7,847.8,170.0,170.7,173.7,170.9,3.9,78.5,1.752,2645.7,734.1,742.1,745.1,847.6,168.9,170.4,173.9,170.3,3.86,78.0,1.676,12.3,1.177,1,injector_clog,4,0.46,3.0,10800.0
349.6,descend_land,26.14571746384872,410.90100111234733,26.718576195773082,2637.9,734.5,742.7,745.8,846.4,169.1,170.9,173.3,169.9,3.87,77.6,1.647,2645.6,734.1,742.1,745.1,847.6,168.9,170.4,173.9,170.3,3.86,78.0,1.676,12.3,1.177,1,injector_clog,4,0.46,3.0,10800.0
349.7,descend_land,26.134593993325918,407.3971078976642,26.701890989988875,2650.3,732.4,740.1,744.5,846.7,168.2,170.3,173.6,170.7,3.87,78.3,1.697,2645.4,734.0,742.0,745.0,847.5,168.9,170.4,173.9,170.3,3.86,78.0,1.676,12.4,1.178,1,injector_clog,4,0.46,3.0,10800.0
349.8,descend_land,26.123470522803114,403.8932146829811,26.685205784204673,2635.7,736.0,742.1,744.1,846.7,169.2,170.6,173.7,170.4,3.85,78.2,1.674,2645.3,734.0,742.0,745.0,847.5,168.9,170.4,173.9,170.3,3.86,78.0,1.676,12.4,1.178,1,injector_clog,4,0.46,3.0,10800.0
349.9,descend_land,26.112347052280313,400.3893214682985,26.66852057842047,2642.3,734.8,741.2,746.8,847.9,167.4,170.5,174.4,170.4,3.84,77.6,1.67,2645.1,734.0,742.0,745.0,847.5,168.9,170.4,173.9,170.3,3.86,78.0,1.676,12.4,1.179,1,injector_clog,4,0.46,3.0,10800.0
350.0,descend_land,26.10122358175751,396.8854282536154,26.651835372636263,2641.4,732.1,742.8,743.7,848.3,168.3,171.3,173.7,170.5,3.91,78.6,1.655,2644.9,733.9,741.9,744.9,847.4,168.9,170.4,173.9,170.3,3.86,78.0,1.676,12.4,1.179,1,injector_clog,4,0.46,3.0,10800.0
350.1,descend_land,26.090100111234705,393.38153503893227,26.635150166852057,2644.6,736.4,744.6,741.9,848.7,170.2,169.6,174.2,171.3,3.84,78.1,1.658,2644.8,733.9,741.9,744.9,847.4,168.9,170.4,173.9,170.3,3.86,78.0,1.675,12.4,1.179,1,injector_clog,4,0.46,3.0,10800.0
350.2,descend_land,26.0789766407119,389.87764182424917,26.618464961067854,2653.5,732.8,741.9,743.3,847.5,168.3,169.6,174.7,170.7,3.82,77.8,1.666,2644.6,733.9,741.9,744.9,847.4,168.9,170.4,173.9,170.3,3.86,78.0,1.675,12.5,1.18,1,injector_clog,4,0.46,3.0,10800.0
350.3,descend_land,26.067853170189096,386.3737486095665,26.60177975528365,2641.1,734.0,741.8,745.6,847.6,169.6,170.1,173.4,168.5,3.86,78.2,1.619,2644.5,733.8,741.8,744.8,847.3,168.9,170.4,173.9,170.3,3.86,78.0,1.675,12.5,1.18,1,injector_clog,4,0.46,3.0,10800.0
350.4,descend_land,26.056729699666295,382.8698553948834,26.585094549499445,2653.4,735.4,741.6,744.4,846.4,170.1,170.4,174.9,170.8,3.86,78.7,1.636,2644.3,733.8,741.8,744.8,847.3,168.9,170.4,173.9,170.3,3.86,78.0,1.675,12.5,1.181,1,injector_clog,4,0.46,3.0,10800.0
350.5,descend_land,26.045606229143495,379.3659621802003,26.56840934371524,2642.3,732.7,743.2,743.9,847.6,169.2,169.5,173.5,170.5,3.87,78.1,1.715,2644.2,733.8,741.8,744.8,847.3,168.9,170.4,173.9,170.3,3.86,78.0,1.675,12.5,1.181,1,injector_clog,4,0.46,3.0,10800.0
350.6,descend_land,26.03448275862069,375.8620689655172,26.551724137931036,2646.4,732.7,741.7,746.3,849.0,168.6,170.7,173.8,170.0,3.86,77.9,1.636,2644.0,733.7,741.7,744.7,847.2,168.9,170.4,173.9,170.3,3.86,78.0,1.675,12.6,1.181,1,injector_clog,4,0.46,3.0,10800.0
350.7,descend_land,26.023359288097886,372.35817575083456,26.535038932146833,2648.7,731.5,744.9,743.4,847.6,169.3,170.9,173.2,170.5,3.88,77.6,1.669,2643.8,733.7,741.7,744.7,847.2,168.9,170.4,173.9,170.3,3.85,78.0,1.675,12.6,1.182,1,injector_clog,4,0.46,3.0,10800.0
350.8,descend_land,26.012235817575082,368.85428253615146,26.518353726362626,2645.7,732.6,742.8,744.0,847.9,169.7,170.4,174.0,170.7,3.88,77.5,1.654,2643.7,733.7,741.7,744.7,847.2,168.9,170.4,173.9,170.3,3.85,78.0,1.675,12.6,1.182,1,injector_clog,4,0.46,3.0,10800.0
350.9,descend_land,26.001112347052278,365.35038932146836,26.50166852057842,2639.9,734.7,742.4,744.0,847.7,169.2,171.2,174.7,169.9,3.83,77.5,1.659,2643.5,733.6,741.6,744.6,847.1,168.9,170.4,173.9,170.3,3.85,78.0,1.674,12.6,1.183,1,injector_clog,4,0.46,3.0,10800.0
351.0,descend_land,25.989988876529477,361.8464961067857,26.484983314794214,2638.8,735.0,739.3,744.2,846.0,168.3,170.8,174.3,170.1,3.89,78.4,1.707,2643.4,733.6,741.6,744.6,847.1,168.8,170.3,173.8,170.2,3.85,78.0,1.674,12.6,1.183,1,injector_clog,4,0.46,3.0,10800.0
351.1,descend_land,25.978865406006676,358.3426028921026,26.46829810901001,2640.5,732.6,739.4,744.0,847.9,168.6,169.8,175.1,170.9,3.86,78.3,1.717,2643.2,733.6,741.6,744.6,847.1,168.8,170.3,173.8,170.2,3.85,78.0,1.674,12.7,1.183,1,injector_clog,4,0.46,3.0,10800.0
351.2,descend_land,25.967741935483872,354.8387096774195,26.451612903225808,2645.6,732.6,740.2,745.9,844.6,168.2,170.3,173.0,170.7,3.85,78.1,1.705,2643.0,733.5,741.5,744.5,847.0,168.8,170.3,173.8,170.2,3.85,78.0,1.674,12.7,1.184,1,injector_clog,4,0.46,3.0,10800.0
351.3,descend_land,25.956618464961068,351.3348164627364,26.4349276974416,2641.7,735.6,739.9,746.4,845.7,167.8,170.3,173.8,170.6,3.89,77.8,1.654,2642.9,733.5,741.5,744.5,847.0,168.8,170.3,173.8,170.2,3.85,78.0,1.674,12.7,1.184,1,injector_clog,4,0.46,3.0,10800.0
351.4,descend_land,25.945494994438263,347.83092324805375,26.418242491657395,2637.0,734.7,743.0,745.0,848.8,168.3,169.3,173.6,170.0,3.87,78.2,1.627,2642.7,733.5,741.5,744.5,847.0,168.8,170.3,173.8,170.2,3.85,78.0,1.674,12.7,1.185,1,injector_clog,4,0.46,3.0,10800.0
351.5,descend_land,25.93437152391546,344.32703003337065,26.401557285873192,2634.7,731.6,742.4,746.3,847.1,169.2,170.1,174.0,171.0,3.83,78.5,1.688,2642.6,733.4,741.4,744.4,846.9,168.8,170.3,173.8,170.2,3.85,78.0,1.674,12.8,1.185,1,injector_clog,4,0.46,3.0,10800.0
351.6,descend_land,25.92324805339266,340.82313681868754,26.38487208008899,2639.1,734.6,741.0,744.2,845.4,168.2,171.0,173.9,170.8,3.87,77.7,1.662,2642.4,733.4,741.4,744.4,846.9,168.8,170.3,173.8,170.2,3.85,78.0,1.674,12.8,1.185,1,injector_clog,4,0.46,3.0,10800.0
351.7,descend_land,25.912124582869858,337.31924360400444,26.368186874304783,2651.5,735.8,740.7,743.2,845.3,168.9,169.3,173.7,169.9,3.83,78.2,1.661,2642.2,733.4,741.4,744.4,846.9,168.8,170.3,173.8,170.2,3.85,78.0,1.673,12.8,1.186,1,injector_clog,4,0.46,3.0,10800.0
351.8,descend_land,25.901001112347053,333.8153503893218,26.351501668520577,2640.0,733.9,744.8,746.3,849.3,169.1,170.1,174.4,170.5,3.83,77.9,1.677,2642.1,733.4,741.4,744.4,846.8,168.8,170.3,173.8,170.2,3.85,78.0,1.673,12.8,1.186,1,injector_clog,4,0.46,3.0,10800.0
351.9,descend_land,25.88987764182425,330.3114571746387,26.334816462736374,2642.1,733.9,741.5,745.1,846.0,169.2,170.1,173.9,170.9,3.84,78.5,1.684,2641.9,733.3,741.3,744.3,846.8,168.8,170.3,173.8,170.2,3.85,78.0,1.673,12.9,1.187,1,injector_clog,4,0.46,3.0,10800.0
352.0,descend_land,25.878754171301445,326.8075639599556,26.31813125695217,2637.5,733.7,740.3,747.0,848.1,169.2,170.7,174.3,169.9,3.84,78.2,1.689,2641.8,733.3,741.3,744.3,846.8,168.8,170.3,173.8,170.2,3.85,78.0,1.673,12.9,1.187,1,injector_clog,4,0.46,3.0,10800.0
352.1,descend_land,25.86763070077864,323.3036707452725,26.301446051167964,2637.3,733.9,742.0,742.0,847.8,169.8,170.4,174.7,169.9,3.86,78.0,1.67,2641.6,733.3,741.3,744.3,846.7,168.8,170.3,173.8,170.2,3.85,78.0,1.673,12.9,1.187,1,injector_clog,4,0.46,3.0,10800.0
352.2,descend_land,25.85650723025584,319.79977753058984,26.284760845383758,2638.5,735.2,740.3,744.3,847.5,168.0,170.6,173.9,170.7,3.85,78.7,1.697,2641.4,733.2,741.2,744.2,846.7,168.8,170.3,173.8,170.2,3.85,78.0,1.673,12.9,1.188,1,injector_clog,4,0.46,3.0,10800.0
352.3,descend_land,25.845383759733036,316.29588431590673,26.268075639599555,2638.5,734.3,743.4,743.4,845.3,168.5,170.0,174.0,170.0,3.84,78.6,1.743,2641.3,733.2,741.2,744.2,846.7,168.8,170.3,173.8,170.2,3.85,78.0,1.673,12.9,1.188,1,injector_clog,4,0.46,3.0,10800.0
352.4,descend_land,25.834260289210235,312.79199110122363,26.251390433815352,2638.6,732.2,740.1,743.7,848.1,168.1,170.4,173.0,171.2,3.84,77.7,1.636,2641.1,733.2,741.2,744.2,846.6,168.8,170.3,173.8,170.2,3.85,78.0,1.673,13.0,1.189,1,injector_clog,4,0.46,3.0,10800.0
352.5,descend_land,25.82313681868743,309.288097886541,26.234705228031146,2647.0,734.8,739.0,742.8,845.7,169.2,170.1,173.2,169.5,3.79,78.7,1.694,2641.0,733.1,741.1,744.1,846.6,168.8,170.3,173.8,170.2,3.85,78.0,1.673,13.0,1.189,1,injector_clog,4,0.46,3.0,10800.0
352.6,descend_land,25.812013348164626,305.7842046718579,26.21802002224694,2645.4,732.4,740.5,745.3,846.6,168.7,170.8,173.7,169.6,3.82,77.9,1.635,2640.8,733.1,741.1,744.1,846.6,168.7,170.2,173.7,170.1,3.85,78.0,1.672,13.0,1.189,1,injector_clog,4,0.46,3.0,10800.0
352.7,descend_land,25.800889877641822,302.2803114571748,26.201334816462737,2648.1,734.6,742.6,743.0,846.2,168.8,170.2,173.5,169.7,3.87,77.5,1.683,2640.6,733.1,741.1,744.1,846.6,168.7,170.2,173.7,170.1,3.85,78.0,1.672,13.0,1.19,1,injector_clog,4,0.46,3.0,10800.0
352.8,descend_land,25.78976640711902,298.7764182424917,26.184649610678534,2645.5,734.8,742.3,746.1,844.8,169.3,170.4,173.6,170.0,3.87,77.9,1.684,2640.5,733.0,741.0,744.0,846.5,168.7,170.2,173.7,170.1,3.85,78.0,1.672,13.1,1.19,1,injector_clog,4,0.46,3.0,10800.0
352.9,descend_land,25.778642936596217,295.272525027809,26.167964404894327,2640.7,734.6,738.4,742.2,845.5,169.1,169.7,172.0,170.9,3.86,78.4,1.695,2640.3,733.0,741.0,744.0,846.5,168.7,170.2,173.7,170.1,3.85,78.0,1.672,13.1,1.191,1,injector_clog,4,0.46,3.0,10800.0
353.0,descend_land,25.767519466073416,291.7686318131259,26.15127919911012,2630.8,732.9,739.9,743.0,847.4,169.2,170.8,172.8,171.3,3.84,77.2,1.639,2640.2,733.0,741.0,744.0,846.5,168.7,170.2,173.7,170.1,3.85,78.0,1.672,13.1,1.191,1,injector_clog,4,0.46,3.0,10800.0
353.1,descend_land,25.756395995550612,288.2647385984428,26.134593993325918,2653.8,731.1,742.4,743.9,847.5,168.8,170.2,172.7,170.5,3.86,78.6,1.673,2640.0,732.9,740.9,743.9,846.4,168.7,170.2,173.7,170.1,3.85,78.0,1.672,13.1,1.191,1,injector_clog,4,0.46,3.0,10800.0
353.2,descend_land,25.745272525027808,284.7608453837597,26.117908787541715,2649.0,732.9,738.3,742.5,845.7,168.9,169.5,173.8,170.1,3.82,77.9,1.726,2639.8,732.9,740.9,743.9,846.4,168.7,170.2,173.7,170.1,3.85,78.0,1.672,13.1,1.192,1,injector_clog,4,0.46,3.0,10800.0
353.3,descend_land,25.734149054505004,281.25695216907707,26.10122358175751,2642.1,735.4,741.2,741.8,846.3,168.5,171.1,173.5,170.1,3.83,78.4,1.678,2639.7,732.9,740.9,743.9,846.4,168.7,170.2,173.7,170.1,3.85,78.0,1.672,13.2,1.192,1,injector_clog,4,0.46,3.0,10800.0
353.4,descend_land,25.723025583982203,277.75305895439396,26.084538375973302,2643.5,731.5,741.8,743.7,846.8,167.7,170.1,174.5,170.2,3.88,78.2,1.654,2639.5,732.8,740.8,743.8,846.3,168.7,170.2,173.7,170.1,3.85,78.0,1.671,13.2,1.193,1,injector_clog,4,0.46,3.0,10800.0
353.5,descend_land,25.7119021134594,274.24916573971086,26.0678531701891,2633.1,733.0,742.3,743.0,848.3,168.4,170.7,174.4,170.2,3.85,78.4,1.684,2639.3,732.8,740.8,743.8,846.3,168.7,170.2,173.7,170.1,3.85,78.0,1.671,13.2,1.193,1,injector_clog,4,0.46,3.0,10800.0
353.6,descend_land,25.700778642936598,270.7452725250282,26.051167964404897,2641.2,734.8,741.9,741.8,849.7,168.2,169.1,172.6,170.4,3.86,77.8,1.676,2639.2,732.8,740.8,743.8,846.3,168.7,170.2,173.7,170.1,3.85,78.0,1.671,13.2,1.193,1,injector_clog,4,0.46,3.0,10800.0
353.7,descend_land,25.689655172413794,267.2413793103451,26.03448275862069,2637.0,732.6,741.4,745.5,844.8,168.3,170.3,173.8,169.8,3.84,77.6,1.635,2639.0,732.7,740.7,743.7,846.2,168.7,170.2,173.7,170.1,3.85,78.0,1.671,13.3,1.194,1,injector_clog,4,0.46,3.0,10800.0
353.8,descend_land,25.67853170189099,263.737486095662,26.017797552836484,2636.3,731.8,738.5,744.5,847.0,168.7,170.3,172.8,169.8,3.92,77.9,1.742,2638.8,732.7,740.7,743.7,846.2,168.7,170.2,173.7,170.1,3.85,78.0,1.671,13.3,1.194,1,injector_clog,4,0.46,3.0,10800.0
353.9,descend_land,25.667408231368185,260.2335928809789,26.00111234705228,2640.2,732.0,742.4,745.3,844.3,169.3,170.9,173.4,170.3,3.88,78.1,1.662,2638.7,732.7,740.7,743.7,846.2,168.7,170.2,173.7,170.1,3.85,78.0,1.671,13.3,1.195,1,injector_clog,4,0.46,3.0,10800.0
354.0,descend_land,25.656284760845384,256.72969966629626,25.98442714126808,2643.5,733.0,737.8,744.6,845.5,169.4,169.3,172.5,169.3,3.87,78.9,1.692,2638.5,732.6,740.6,743.6,846.1,168.7,170.2,173.7,170.1,3.85,78.0,1.671,13.3,1.195,1,injector_clog,4,0.46,3.0,10800.0
354.1,descend_land,25.64516129032258,253.22580645161315,25.967741935483872,2628.7,732.6,741.8,744.6,844.6,168.8,170.3,172.9,170.5,3.89,77.7,1.675,2638.4,732.6,740.6,743.6,846.1,168.7,170.2,173.7,170.1,3.85,78.0,1.67,13.4,1.196,1,injector_clog,4,0.46,3.0,10800.0
354.2,descend_land,25.63403781979978,249.72191323693005,25.951056729699665,2632.4,733.3,739.0,741.9,845.2,169.2,169.5,172.7,170.0,3.81,78.1,1.668,2638.2,732.6,740.6,743.6,846.1,168.6,170.1,173.6,170.0,3.85,78.0,1.67,13.4,1.196,1,injector_clog,4,0.46,3.0,10800.0
354.3,descend_land,25.622914349276975,246.21802002224695,25.934371523915463,2636.4,732.0,743.3,743.3,844.7,168.5,169.9,172.5,169.5,3.85,78.0,1.651,2638.0,732.5,740.5,743.5,846.0,168.6,170.1,173.6,170.0,3.85,78.0,1.67,13.4,1.196,1,injector_clog,4,0.46,3.0,10800.0
354.4,descend_land,25.61179087875417,242.7141268075643,25.91768631813126,2628.5,732.9,742.5,743.3,847.6,169.0,170.9,173.6,169.4,3.86,77.5,1.682,2637.9,732.5,740.5,743.5,846.0,168.6,170.1,173.6,170.0,3.85,78.0,1.67,13.4,1.197,1,injector_clog,4,0.46,3.0,10800.0
354.5,descend_land,25.600667408231367,239.2102335928812,25.901001112347053,2638.9,732.7,743.5,741.9,847.0,168.1,170.2,173.7,169.7,3.85,77.9,1.693,2637.7,732.5,740.5,743.5,846.0,168.6,170.1,173.6,170.0,3.85,78.0,1.67,13.4,1.197,1,injector_clog,4,0.46,3.0,10800.0
354.6,descend_land,25.589543937708562,235.7063403781981,25.884315906562847,2640.8,730.1,741.8,743.2,849.5,169.1,169.6,173.7,169.1,3.81,78.5,1.655,2637.5,732.4,740.4,743.4,845.9,168.6,170.1,173.6,170.0,3.85,78.0,1.67,13.5,1.198,1,injector_clog,4,0.46,3.0,10800.0
354.7,descend_land,25.57842046718576,232.202447163515,25.86763070077864,2631.5,731.4,739.9,742.9,847.3,167.7,169.5,173.4,169.8,3.8,77.6,1.669,2637.4,732.4,740.4,743.4,845.9,168.6,170.1,173.6,170.0,3.85,78.0,1.67,13.5,1.198,1,injector_clog,4,0.46,3.0,10800.0
354.8,descend_land,25.56729699666296,228.69855394883234,25.850945494994438,2641.7,732.4,742.3,746.8,848.1,168.4,170.5,173.7,169.9,3.84,77.6,1.645,2637.2,732.4,740.4,743.4,845.9,168.6,170.1,173.6,170.0,3.85,78.0,1.67,13.5,1.198,1,injector_clog,4,0.46,3.0,10800.0
354.9,descend_land,25.556173526140157,225.19466073414924,25.834260289210235,2634.1,733.6,741.8,743.8,845.9,168.5,169.9,173.7,170.7,3.83,78.7,1.646,2637.0,732.3,740.3,743.3,845.8,168.6,170.1,173.6,170.0,3.85,78.0,1.669,13.5,1.199,1,injector_clog,4,0.46,3.0,10800.0
355.0,descend_land,25.545050055617352,221.69076751946614,25.81757508342603,2627.9,731.7,739.9,744.0,845.9,168.9,170.9,172.4,169.7,3.84,77.0,1.649,2636.9,732.3,740.3,743.3,845.8,168.6,170.1,173.6,170.0,3.85,78.0,1.669,13.6,1.199,1,injector_clog,4,0.46,3.0,10800.0
355.1,descend_land,25.533926585094548,218.1868743047835,25.800889877641822,2636.8,733.9,739.4,744.7,846.4,168.4,170.6,173.7,169.6,3.82,78.0,1.71,2636.7,732.3,740.3,743.3,845.8,168.6,170.1,173.6,170.0,3.85,78.0,1.669,13.6,1.2,1,injector_clog,4,0.46,3.0,10800.0
355.2,descend_land,25.522803114571744,214.68298109010038,25.78420467185762,2633.3,732.1,741.9,743.1,844.5,168.3,170.5,172.9,169.1,3.83,77.9,1.692,2636.5,732.2,740.2,743.2,845.7,168.6,170.1,173.6,170.0,3.85,78.0,1.669,13.6,1.2,1,injector_clog,4,0.46,3.0,10800.0
355.3,descend_land,25.511679644048943,211.17908787541728,25.767519466073416,2636.6,732.7,739.4,738.4,844.8,167.7,169.8,173.6,170.0,3.85,76.9,1.64,2636.4,732.2,740.2,743.2,845.7,168.6,170.1,173.6,170.0,3.85,78.0,1.669,13.6,1.2,1,injector_clog,4,0.46,3.0,10800.0
355.4,descend_land,25.500556173526142,207.67519466073418,25.75083426028921,2634.8,733.9,740.9,742.9,847.3,169.5,170.0,173.8,170.2,3.85,78.2,1.716,2636.2,732.2,740.2,743.2,845.7,168.6,170.1,173.6,170.0,3.85,78.0,1.669,13.7,1.201,1,injector_clog,4,0.46,3.0,10800.0
355.5,descend_land,25.489432703003338,204.17130144605153,25.734149054505004,2623.2,733.9,741.0,743.2,848.6,168.9,170.1,174.6,169.7,3.85,77.7,1.646,2636.0,732.2,740.2,743.2,845.6,168.6,170.1,173.6,170.0,3.85,78.0,1.669,13.7,1.201,1,injector_clog,4,0.46,3.0,10800.0
355.6,descend_land,25.478309232480534,200.66740823136843,25.7174638487208,2633.4,733.3,739.7,740.7,845.8,169.2,170.8,173.1,171.4,3.81,77.5,1.633,2635.9,732.1,740.1,743.1,845.6,168.6,170.1,173.6,170.0,3.85,78.0,1.669,13.7,1.202,1,injector_clog,4,0.46,3.0,10800.0
355.7,descend_land,25.46718576195773,197.16351501668532,25.700778642936598,2625.3,731.5,738.0,743.0,843.4,168.4,170.7,174.4,170.6,3.84,77.2,1.676,2635.7,732.1,740.1,743.1,845.6,168.6,170.1,173.6,170.0,3.85,78.0,1.668,13.7,1.202,1,injector_clog,4,0.46,3.0,10800.0
355.8,descend_land,25.456062291434925,193.65962180200222,25.68409343715239,2631.8,732.4,738.9,744.7,845.3,169.2,170.3,173.0,169.3,3.86,78.1,1.644,2635.5,732.1,740.1,743.1,845.5,168.6,170.1,173.6,170.0,3.85,78.0,1.668,13.7,1.202,1,injector_clog,4,0.46,3.0,10800.0
355.9,descend_land,25.444938820912125,190.15572858731957,25.667408231368185,2636.9,733.1,739.6,744.0,847.5,168.4,169.6,174.2,169.6,3.83,77.9,1.669,2635.4,732.0,740.0,743.0,845.5,168.5,170.0,173.5,169.9,3.85,78.0,1.668,13.8,1.203,1,injector_clog,4,0.46,3.0,10800.0
356.0,descend_land,25.43381535038932,186.65183537263647,25.650723025583982,2642.4,730.6,738.7,742.5,846.3,168.4,169.5,173.4,170.0,3.87,78.0,1.631,2635.2,732.0,740.0,743.0,845.5,168.5,170.0,173.5,169.9,3.85,78.0,1.668,13.8,1.203,1,injector_clog,4,0.46,3.0,10800.0
356.1,descend_land,25.42269187986652,183.14794215795337,25.63403781979978,2637.7,732.1,740.6,744.2,845.5,169.3,168.9,175.1,170.9,3.85,77.7,1.63,2635.0,732.0,740.0,743.0,845.4,168.5,170.0,173.5,169.9,3.85,78.0,1.668,13.8,1.204,1,injector_clog,4,0.46,3.0,10800.0
356.2,descend_land,25.411568409343715,179.64404894327026,25.617352614015573,2643.9,733.7,739.6,741.9,843.6,168.5,171.4,173.8,169.8,3.84,78.0,1.72,2634.9,731.9,739.9,742.9,845.4,168.5,170.0,173.5,169.9,3.85,78.0,1.668,13.8,1.204,1,injector_clog,4,0.46,3.0,10800.0
356.3,descend_land,25.40044493882091,176.14015572858762,25.600667408231367,2642.2,731.5,740.0,742.0,845.8,167.8,169.9,173.9,170.0,3.85,78.5,1.636,2634.7,731.9,739.9,742.9,845.4,168.5,170.0,173.5,169.9,3.85,78.0,1.668,13.9,1.204,1,injector_clog,4,0.46,3.0,10800.0
356.4,descend_land,25.389321468298107,172.6362625139045,25.583982202447164,2627.7,733.8,740.3,743.2,843.6,169.2,169.7,173.4,169.8,3.87,77.9,1.673,2634.5,731.9,739.9,742.9,845.3,168.5,170.0,173.5,169.9,3.85,78.0,1.668,13.9,1.205,1,injector_clog,4,0.46,3.0,10800.0
356.5,descend_land,25.378197997775306,169.1323692992214,25.56729699666296,2635.1,734.4,738.8,742.9,846.3,168.8,169.6,172.8,170.6,3.85,77.2,1.698,2634.4,731.8,739.8,742.8,845.3,168.5,170.0,173.5,169.9,3.85,78.0,1.667,13.9,1.205,1,injector_clog,4,0.46,3.0,10800.0
356.6,descend_land,25.367074527252502,165.62847608453876,25.550611790878754,2631.7,728.8,741.3,742.2,847.3,168.6,170.1,173.7,169.4,3.8,78.5,1.67,2634.2,731.8,739.8,742.8,845.3,168.5,170.0,173.5,169.9,3.85,78.0,1.667,13.9,1.206,1,injector_clog,4,0.46,3.0,10800.0
356.7,descend_land,25.3559510567297,162.12458286985566,25.533926585094548,2623.0,728.3,741.1,742.6,845.7,167.7,171.3,174.3,170.5,3.9,78.2,1.69,2634.0,731.8,739.8,742.8,845.3,168.5,170.0,173.5,169.9,3.85,78.0,1.667,13.9,1.206,1,injector_clog,4,0.46,3.0,10800.0
356.8,descend_land,25.344827586206897,158.62068965517255,25.517241379310345,2631.5,732.5,739.9,742.4,845.7,169.0,170.9,173.0,171.4,3.85,78.5,1.707,2633.8,731.7,739.7,742.7,845.2,168.5,170.0,173.5,169.9,3.85,78.0,1.667,14.0,1.206,1,injector_clog,4,0.46,3.0,10800.0
356.9,descend_land,25.333704115684093,155.11679644048945,25.500556173526142,2634.5,729.9,740.5,740.3,845.5,168.2,169.0,173.7,170.1,3.84,78.3,1.667,2633.7,731.7,739.7,742.7,845.2,168.5,170.0,173.5,169.9,3.85,78.0,1.667,14.0,1.207,1,injector_clog,4,0.46,3.0,10800.0
357.0,descend_land,25.32258064516129,151.6129032258068,25.483870967741936,2635.2,730.9,739.8,740.9,844.9,168.9,169.3,173.5,169.5,3.87,79.0,1.704,2633.5,731.7,739.7,742.7,845.2,168.5,170.0,173.5,169.9,3.85,78.0,1.667,14.0,1.207,1,injector_clog,4,0.46,3.0,10800.0
357.1,descend_land,25.311457174638488,148.1090100111237,25.46718576195773,2631.7,732.4,737.8,743.5,845.2,169.4,169.9,173.4,169.1,3.89,78.2,1.684,2633.3,731.6,739.6,742.6,845.1,168.5,170.0,173.5,169.9,3.85,78.0,1.667,14.0,1.208,1,injector_clog,4,0.46,3.0,10800.0
357.2,descend_land,25.300333704115683,144.6051167964406,25.450500556173527,2634.7,732.6,738.8,742.7,842.5,168.8,169.5,174.4,169.5,3.84,78.6,1.697,2633.2,731.6,739.6,742.6,845.1,168.5,170.0,173.5,169.9,3.85,78.0,1.666,14.1,1.208,1,injector_clog,4,0.46,3.0,10800.0
357.3,descend_land,25.289210233592883,141.1012235817575,25.433815350389324,2630.2,732.5,741.5,743.4,846.6,169.5,169.3,173.9,169.7,3.86,77.3,1.676,2633.0,731.6,739.6,742.6,845.1,168.5,170.0,173.5,169.9,3.85,78.0,1.666,14.1,1.209,1,injector_clog,4,0.46,3.0,10800.0
357.4,descend_land,25.27808676307008,137.59733036707485,25.417130144605117,2624.3,733.4,741.2,742.6,845.3,167.9,169.2,173.0,168.8,3.83,77.9,1.652,2632.8,731.5,739.5,742.5,845.0,168.5,170.0,173.5,169.9,3.85,78.0,1.666,14.1,1.209,1,injector_clog,4,0.46,3.0,10800.0
357.5,descend_land,25.266963292547274,134.09343715239174,25.40044493882091,2632.2,732.3,738.5,742.5,843.6,169.5,170.1,173.9,169.5,3.85,77.1,1.693,2632.7,731.5,739.5,742.5,845.0,168.5,170.0,173.5,169.9,3.85,78.0,1.666,14.1,1.209,1,injector_clog,4,0.46,3.0,10800.0
357.6,descend_land,25.25583982202447,130.58954393770864,25.383759733036708,2623.6,732.3,739.0,744.4,846.5,168.3,169.2,174.3,169.8,3.83,78.1,1.672,2632.5,731.5,739.5,742.5,845.0,168.4,169.9,173.4,169.8,3.85,78.0,1.666,14.2,1.21,1,injector_clog,4,0.46,3.0,10800.0
357.7,descend_land,25.24471635150167,127.08565072302599,25.367074527252505,2621.4,731.7,737.7,744.5,845.0,168.5,169.7,173.9,171.1,3.83,78.3,1.651,2632.3,731.4,739.4,742.4,844.9,168.4,169.9,173.4,169.8,3.85,78.0,1.666,14.2,1.21,1,injector_clog,4,0.46,3.0,10800.0
357.8,descend_land,25.233592880978865,123.58175750834289,25.3503893214683,2634.1,733.0,739.5,745.7,845.5,168.6,169.7,173.1,168.9,3.88,78.1,1.696,2632.1,731.4,739.4,742.4,844.9,168.4,169.9,173.4,169.8,3.85,78.0,1.666,14.2,1.211,1,injector_clog,4,0.46,3.0,10800.0
357.9,descend_land,25.222469410456064,120.07786429365979,25.333704115684093,2629.0,736.9,737.6,743.4,841.4,168.5,169.6,174.2,170.6,3.83,77.0,1.713,2632.0,731.4,739.4,742.4,844.9,168.4,169.9,173.4,169.8,3.85,78.0,1.666,14.2,1.211,1,injector_clog,4,0.46,3.0,10800.0
358.0,descend_land,25.21134593993326,116.57397107897668,25.31701890989989,2636.1,729.5,739.8,743.3,846.4,168.4,168.5,173.2,169.5,3.88,78.3,1.692,2631.8,731.3,739.3,742.3,844.8,168.4,169.9,173.4,169.8,3.85,78.0,1.665,14.2,1.211,1,injector_clog,4,0.46,3.0,10800.0
358.1,descend_land,25.200222469410456,113.07007786429403,25.300333704115687,2624.6,730.3,738.5,741.1,848.6,167.6,169.1,173.7,170.2,3.85,77.9,1.693,2631.6,731.3,739.3,742.3,844.8,168.4,169.9,173.4,169.8,3.85,78.0,1.665,14.3,1.212,1,injector_clog,4,0.46,3.0,10800.0
358.2,descend_land,25.18909899888765,109.56618464961093,25.28364849833148,2626.9,731.3,739.5,738.9,843.6,168.7,169.9,174.2,169.6,3.84,78.8,1.662,2631.4,731.3,739.3,742.3,844.8,168.4,169.9,173.4,169.8,3.85,78.0,1.665,14.3,1.212,1,injector_clog,4,0.46,3.0,10800.0
358.3,descend_land,25.177975528364847,106.06229143492783,25.266963292547274,2632.9,732.4,739.1,742.8,842.6,167.8,169.2,174.3,170.9,3.86,78.0,1.647,2631.3,731.2,739.2,742.2,844.7,168.4,169.9,173.4,169.8,3.85,78.0,1.665,14.3,1.213,1,injector_clog,4,0.46,3.0,10800.0
358.4,descend_land,25.166852057842046,102.55839822024473,25.25027808676307,2637.9,732.5,740.1,740.5,844.8,169.2,170.6,173.6,170.5,3.9,77.8,1.678,2631.1,731.2,739.2,742.2,844.7,168.4,169.9,173.4,169.8,3.85,78.0,1.665,14.3,1.213,1,injector_clog,4,0.46,3.0,10800.0
358.5,descend_land,25.155728587319246,99.05450500556208,25.23359288097887,2631.4,731.3,738.6,742.5,843.0,168.1,169.9,173.0,169.3,3.82,77.6,1.683,2630.9,731.2,739.2,742.2,844.7,168.4,169.9,173.4,169.8,3.85,78.0,1.665,14.4,1.213,1,injector_clog,4,0.46,3.0,10800.0
358.6,descend_land,25.14460511679644,95.55061179087897,25.216907675194662,2637.1,732.3,739.1,742.1,844.9,167.8,169.0,172.9,169.2,3.85,77.8,1.66,2630.8,731.1,739.1,742.1,844.6,168.4,169.9,173.4,169.8,3.85,78.0,1.665,14.4,1.214,1,injector_clog,4,0.46,3.0,10800.0
358.7,descend_land,25.133481646273637,92.04671857619587,25.200222469410456,2634.9,731.2,740.3,739.8,843.5,168.5,169.4,173.3,170.9,3.84,77.6,1.65,2630.6,731.1,739.1,742.1,844.6,168.4,169.9,173.4,169.8,3.85,78.0,1.664,14.4,1.214,1,injector_clog,4,0.46,3.0,10800.0
358.8,descend_land,25.122358175750833,88.54282536151277,25.18353726362625,2623.3,732.2,739.6,741.6,841.8,169.3,169.9,173.7,169.3,3.83,78.0,1.662,2630.4,731.1,739.1,742.1,844.6,168.4,169.9,173.4,169.8,3.85,78.0,1.664,14.4,1.215,1,injector_clog,4,0.46,3.0,10800.0
358.9,descend_land,25.11123470522803,85.03893214683012,25.166852057842046,2629.4,733.7,739.2,743.5,844.2,168.0,169.6,172.9,170.2,3.86,77.6,1.677,2630.2,731.0,739.0,742.0,844.5,168.4,169.9,173.4,169.8,3.85,78.0,1.664,14.4,1.215,1,injector_clog,4,0.46,3.0,10800.0
359.0,descend_land,25.100111234705228,81.53503893214702,25.150166852057843,2642.4,728.1,736.3,742.3,843.3,168.5,170.6,173.3,170.4,3.81,77.6,1.659,2630.1,731.0,739.0,742.0,844.5,168.4,169.9,173.4,169.8,3.85,78.0,1.664,14.5,1.215,1,injector_clog,4,0.46,3.0,10800.0
359.1,descend_land,25.088987764182427,78.03114571746391,25.133481646273637,2630.7,731.8,740.2,741.6,845.1,168.8,169.8,174.9,168.6,3.86,78.5,1.729,2629.9,731.0,739.0,742.0,844.5,168.4,169.9,173.4,169.8,3.84,78.0,1.664,14.5,1.216,1,injector_clog,4,0.46,3.0,10800.0
359.2,descend_land,25.077864293659623,74.52725250278127,25.11679644048943,2635.7,729.8,740.1,741.8,845.7,168.6,168.4,173.5,169.8,3.87,78.0,1.702,2629.7,730.9,738.9,741.9,844.4,168.3,169.8,173.3,169.7,3.84,78.0,1.664,14.5,1.216,1,injector_clog,4,0.46,3.0,10800.0
359.3,descend_land,25.06674082313682,71.02335928809816,25.100111234705228,2636.5,731.8,738.2,741.5,844.4,168.3,168.6,172.3,168.1,3.79,78.7,1.706,2629.5,730.9,738.9,741.9,844.4,168.3,169.8,173.3,169.7,3.84,78.0,1.664,14.5,1.217,1,injector_clog,4,0.46,3.0,10800.0
359.4,descend_land,25.055617352614014,67.51946607341506,25.083426028921025,2623.7,727.6,739.8,741.9,846.8,168.6,169.7,173.5,170.0,3.88,78.3,1.63,2629.4,730.9,738.9,741.9,844.4,168.3,169.8,173.3,169.7,3.84,78.0,1.663,14.6,1.217,1,injector_clog,4,0.46,3.0,10800.0
359.5,descend_land,25.04449388209121,64.01557285873196,25.06674082313682,2615.0,729.3,738.0,742.5,843.2,168.8,169.6,173.1,169.8,3.8,78.3,1.676,2629.2,730.8,738.8,741.8,844.3,168.3,169.8,173.3,169.7,3.84,78.0,1.663,14.6,1.218,1,injector_clog,4,0.46,3.0,10800.0
359.6,descend_land,25.03337041156841,60.51167964404931,25.050055617352612,2633.9,731.3,739.0,741.4,844.2,167.9,170.1,173.3,169.8,3.86,78.2,1.659,2629.0,730.8,738.8,741.8,844.3,168.3,169.8,173.3,169.7,3.84,78.0,1.663,14.6,1.218,1,injector_clog,4,0.46,3.0,10800.0
359.7,descend_land,25.02224694104561,57.007786429366206,25.03337041156841,2619.7,732.6,738.3,743.9,844.6,168.7,169.6,174.3,168.9,3.88,78.3,1.616,2628.8,730.8,738.8,741.8,844.3,168.3,169.8,173.3,169.7,3.84,78.0,1.663,14.6,1.218,1,injector_clog,4,0.46,3.0,10800.0
359.8,descend_land,25.011123470522804,53.5038932146831,25.016685205784206,2623.0,731.5,741.1,742.9,841.3,168.6,170.4,174.0,169.6,3.87,78.7,1.71,2628.7,730.8,738.8,741.8,844.2,168.3,169.8,173.3,169.7,3.84,78.0,1.663,14.7,1.219,1,injector_clog,4,0.46,3.0,10800.0
359.9,descend_land,25.0,50.0,25.0,2622.5,730.2,739.2,742.7,844.6,168.7,170.5,173.1,169.9,3.84,77.8,1.67,2628.5,730.7,738.7,741.7,844.2,168.3,169.8,173.3,169.7,3.84,78.0,1.663,14.7,1.219,1,injector_clog,4,0.46,3.0,10800.0
