timestamp_sec,flight_phase,throttle_pct,altitude_m,airspeed_mps,rpm,egt1,egt2,egt3,egt4,cht1,cht2,cht3,cht4,oil_press_bar,oil_temp_c,fuel_flow_gps,rpm_true,egt1_true,egt2_true,egt3_true,egt4_true,cht1_true,cht2_true,cht3_true,cht4_true,oil_press_bar_true,oil_temp_c_true,fuel_flow_gps_true,ambient_temp_c,air_density_kg_m3,is_faulty,fault_type,fault_cylinder,fault_severity,rul_remaining_hours,rul_remaining_sec
0.0,takeoff_climb,98.0,0.0,28.0,2352.6,692.2,697.2,698.8,695.4,160.7,161.3,164.1,164.1,2.71,78.0,5.481,2350.2,690.1,695.3,698.3,692.0,160.3,161.4,163.4,164.4,2.71,78.0,5.496,15.0,1.225,0,nominal,0,0.0,195.0,702000.0
0.1,takeoff_climb,97.99110122358175,2.7808676307007785,28.015572858731925,2960.0,700.2,704.2,708.4,699.4,160.7,161.9,163.9,165.6,3.04,78.1,5.505,2963.8,699.6,704.9,707.9,701.5,160.7,161.7,163.7,164.7,3.05,78.0,5.494,15.0,1.225,0,nominal,0,0.0,195.0,701999.9
0.2,takeoff_climb,97.98220244716352,5.561735261401557,28.031145717463847,3468.9,711.9,713.5,715.3,711.5,161.1,162.4,165.2,165.3,3.35,78.1,5.48,3465.6,708.6,714.1,717.1,710.5,161.0,162.1,164.1,165.1,3.36,78.0,5.492,15.0,1.224,0,nominal,0,0.0,195.0,701999.8
0.3,takeoff_climb,97.97330367074527,8.342602892102335,28.046718576195772,3872.6,717.0,722.7,726.2,718.8,160.4,162.7,164.1,164.4,3.68,78.3,5.541,3876.0,717.1,722.7,725.7,718.9,161.4,162.4,164.4,165.4,3.64,78.1,5.491,14.9,1.224,0,nominal,0,0.0,195.0,701999.7
0.4,takeoff_climb,97.96440489432703,11.123470522803114,28.062291434927698,4206.4,724.5,731.0,734.0,726.9,161.2,163.1,165.4,165.8,3.92,77.7,5.488,4211.6,725.2,730.9,733.9,726.9,161.7,162.7,164.8,165.8,3.87,78.1,5.489,14.9,1.224,0,nominal,0,0.0,195.0,701999.6
0.5,takeoff_climb,97.95550611790878,13.904338153503893,28.077864293659623,4488.0,731.8,740.5,741.1,732.4,162.5,162.7,165.1,166.6,4.06,78.6,5.481,4485.9,732.7,738.6,741.6,734.5,162.0,163.1,165.1,166.1,4.06,78.1,5.487,14.9,1.223,0,nominal,0,0.0,195.0,701999.5
0.6,takeoff_climb,97.94660734149055,16.68520578420467,28.093437152391544,4708.3,738.7,745.6,749.0,740.2,162.6,163.9,164.2,166.4,4.21,77.7,5.549,4710.2,739.9,745.9,748.9,741.6,162.4,163.4,165.5,166.5,4.22,78.1,5.485,14.9,1.223,0,nominal,0,0.0,195.0,701999.4
0.7,takeoff_climb,97.9377085650723,19.46607341490545,28.10901001112347,4901.0,746.3,750.2,757.1,751.4,163.2,164.4,165.8,167.6,4.3,78.5,5.481,4893.5,746.7,752.8,755.8,748.3,162.7,163.7,165.8,166.8,4.34,78.1,5.484,14.9,1.223,0,nominal,0,0.0,195.0,701999.3
0.8,takeoff_climb,97.92880978865406,22.246941045606228,28.124582869855395,5041.2,751.9,760.2,760.0,752.6,162.3,165.1,165.5,167.2,4.44,77.9,5.478,5043.3,753.1,759.3,762.3,754.6,163.0,164.1,166.2,167.2,4.44,78.2,5.482,14.9,1.222,0,nominal,0,0.0,195.0,701999.2
0.9,takeoff_climb,97.91991101223581,25.027808676307007,28.14015572858732,5166.7,756.0,764.0,769.9,761.7,164.3,164.2,166.6,166.7,4.51,77.9,5.463,5165.6,759.1,765.4,768.4,760.6,163.4,164.4,166.5,167.5,4.52,78.2,5.48,14.8,1.222,0,nominal,0,0.0,195.0,701999.1
1.0,takeoff_climb,97.91101223581758,27.808676307007786,28.155728587319242,5267.0,762.8,770.1,775.2,763.8,163.2,164.4,165.9,168.1,4.57,78.6,5.52,5265.5,764.8,771.2,774.2,766.3,163.7,164.7,166.9,167.9,4.59,78.2,5.479,14.8,1.222,0,nominal,0,0.0,195.0,701999.0
1.1,takeoff_climb,97.90211345939933,30.589543937708562,28.171301446051167,5348.3,768.1,776.0,781.7,772.5,163.5,165.8,166.9,167.4,4.61,77.5,5.465,5347.0,770.2,776.6,779.6,771.7,164.0,165.0,167.2,168.2,4.64,78.3,5.477,14.8,1.221,0,nominal,0,0.0,195.0,701998.9
1.2,takeoff_climb,97.8932146829811,33.37041156840934,28.186874304783093,5407.7,774.4,783.3,784.5,775.4,164.3,164.7,168.4,167.5,4.72,77.6,5.451,5413.5,775.2,781.8,784.8,776.7,164.3,165.4,167.5,168.5,4.68,78.3,5.475,14.8,1.221,0,nominal,0,0.0,195.0,701998.8
1.3,takeoff_climb,97.88431590656285,36.15127919911012,28.202447163515018,5455.8,779.7,788.6,790.3,783.5,165.6,166.4,168.1,169.1,4.73,78.1,5.418,5467.8,780.0,786.7,789.7,781.5,164.6,165.7,167.8,168.8,4.71,78.3,5.474,14.8,1.221,0,nominal,0,0.0,195.0,701998.7
1.4,takeoff_climb,97.87541713014461,38.9321468298109,28.21802002224694,5512.9,786.3,790.6,795.0,785.5,165.0,164.6,167.8,169.4,4.74,78.0,5.49,5511.9,784.6,791.3,794.3,786.0,164.9,166.0,168.2,169.2,4.73,78.4,5.472,14.7,1.22,0,nominal,0,0.0,195.0,701998.6
1.5,takeoff_climb,97.86651835372636,41.71301446051168,28.233592880978865,5532.7,789.8,794.5,798.7,789.6,165.8,166.4,169.1,170.7,4.74,78.7,5.499,5547.8,788.8,795.6,798.6,790.2,165.2,166.3,168.5,169.5,4.75,78.4,5.47,14.7,1.22,0,nominal,0,0.0,195.0,701998.5
1.6,takeoff_climb,97.85761957730811,44.493882091212456,28.24916573971079,5574.4,794.5,800.1,804.9,794.1,166.0,167.1,169.8,168.6,4.76,79.4,5.419,5577.0,792.9,799.7,802.7,794.3,165.5,166.6,168.8,169.8,4.77,78.4,5.468,14.7,1.22,0,nominal,0,0.0,195.0,701998.4
1.7,takeoff_climb,97.84872080088988,47.27474972191323,28.264738598442715,5601.0,795.9,804.6,808.2,798.8,164.6,166.1,169.4,170.3,4.78,78.5,5.468,5600.7,796.7,803.6,806.6,798.1,165.8,166.9,169.1,170.1,4.78,78.5,5.467,14.7,1.219,0,nominal,0,0.0,195.0,701998.3
1.8,takeoff_climb,97.83982202447163,50.055617352614014,28.280311457174637,5619.5,803.0,808.1,811.3,801.9,166.0,167.4,170.1,170.4,4.78,79.2,5.455,5619.9,800.3,807.3,810.3,801.6,166.1,167.2,169.4,170.4,4.79,78.5,5.465,14.7,1.219,0,nominal,0,0.0,195.0,701998.2
1.9,takeoff_climb,97.8309232480534,52.83648498331479,28.295884315906562,5635.9,808.9,810.1,814.3,803.4,165.2,166.8,169.9,171.8,4.77,78.7,5.453,5635.4,803.7,810.7,813.7,805.0,166.4,167.5,169.8,170.8,4.8,78.6,5.463,14.7,1.219,0,nominal,0,0.0,195.0,701998.1
2.0,takeoff_climb,97.82202447163515,55.61735261401557,28.311457174638488,5652.1,808.6,810.9,817.5,806.8,165.9,168.1,171.0,170.7,4.78,77.9,5.406,5647.9,806.9,814.0,817.0,808.2,166.7,167.8,170.1,171.1,4.81,78.6,5.462,14.6,1.218,0,nominal,0,0.0,195.0,701998.0
2.1,takeoff_climb,97.81312569521691,58.39822024471635,28.327030033370413,5656.8,811.6,815.9,818.4,814.4,168.9,167.9,169.8,171.3,4.82,78.6,5.467,5657.9,810.0,817.1,820.1,811.2,167.0,168.1,170.4,171.4,4.81,78.6,5.46,14.6,1.218,0,nominal,0,0.0,195.0,701997.9
2.2,takeoff_climb,97.80422691879866,61.179087875417125,28.342602892102335,5667.2,811.1,820.6,824.7,811.4,166.7,167.8,170.6,172.4,4.81,78.8,5.413,5665.9,812.8,820.0,823.0,814.1,167.3,168.4,170.7,171.7,4.81,78.7,5.458,14.6,1.218,0,nominal,0,0.0,195.0,701997.8
2.3,takeoff_climb,97.79532814238043,63.95995550611791,28.35817575083426,5673.7,814.1,822.7,826.5,817.2,168.0,168.3,170.3,172.3,4.85,79.2,5.429,5672.2,815.5,822.8,825.8,816.8,167.6,168.7,171.0,172.0,4.82,78.7,5.457,14.6,1.218,0,nominal,0,0.0,195.0,701997.7
2.4,takeoff_climb,97.78642936596218,66.74082313681868,28.373748609566185,5666.5,817.6,827.1,828.9,819.0,167.0,169.1,171.5,171.6,4.82,79.3,5.465,5677.2,818.1,825.4,828.4,819.3,167.9,169.0,171.3,172.3,4.82,78.7,5.455,14.6,1.217,0,nominal,0,0.0,195.0,701997.6
2.5,takeoff_climb,97.77753058954394,69.52169076751946,28.38932146829811,5684.9,820.4,824.5,831.2,824.0,167.3,168.1,171.9,173.2,4.82,79.7,5.437,5681.1,820.5,827.8,830.8,821.7,168.2,169.3,171.6,172.6,4.82,78.8,5.453,14.5,1.217,0,nominal,0,0.0,195.0,701997.5
2.6,takeoff_climb,97.7686318131257,72.30255839822024,28.404894327030032,5676.9,823.9,827.3,833.3,823.7,168.6,169.0,172.2,173.1,4.86,78.8,5.386,5684.1,822.8,830.1,833.1,824.0,168.5,169.6,171.9,172.9,4.82,78.8,5.452,14.5,1.217,0,nominal,0,0.0,195.0,701997.4
2.7,takeoff_climb,97.75973303670746,75.08342602892102,28.420467185761957,5684.9,822.9,834.1,835.1,826.6,169.1,170.2,172.0,173.2,4.82,78.9,5.468,5686.3,824.9,832.3,835.3,826.1,168.7,169.8,172.1,173.1,4.83,78.8,5.45,14.5,1.216,0,nominal,0,0.0,195.0,701997.3
2.8,takeoff_climb,97.75083426028921,77.8642936596218,28.436040044493883,5681.3,826.4,835.7,836.3,827.4,169.4,169.8,172.0,173.0,4.79,79.0,5.438,5687.9,827.0,834.4,837.4,828.1,169.0,170.1,172.4,173.4,4.83,78.9,5.448,14.5,1.216,0,nominal,0,0.0,195.0,701997.2
2.9,takeoff_climb,97.74193548387096,80.64516129032258,28.451612903225808,5684.9,829.1,836.0,839.7,828.9,169.2,170.8,173.1,173.8,4.85,79.3,5.434,5689.1,828.9,836.3,839.3,830.1,169.3,170.4,172.7,173.7,4.83,78.9,5.446,14.5,1.216,0,nominal,0,0.0,195.0,701997.1
3.0,takeoff_climb,97.73303670745273,83.42602892102336,28.46718576195773,5691.1,830.7,841.1,842.1,832.0,169.7,170.8,172.8,173.1,4.77,78.8,5.469,5689.8,830.7,838.2,841.2,831.9,169.5,170.7,173.0,174.0,4.83,78.9,5.445,14.5,1.215,0,nominal,0,0.0,195.0,701997.0
3.1,takeoff_climb,97.72413793103448,86.20689655172413,28.482758620689655,5685.5,832.2,840.0,843.4,833.3,169.9,171.2,172.5,174.0,4.83,78.4,5.463,5690.2,832.4,839.9,842.9,833.6,169.8,170.9,173.3,174.3,4.83,79.0,5.443,14.4,1.215,0,nominal,0,0.0,195.0,701996.9
3.2,takeoff_climb,97.71523915461624,88.98776418242491,28.49833147942158,5694.8,831.7,839.3,843.9,836.0,170.1,172.9,172.2,175.9,4.79,79.5,5.485,5690.3,834.0,841.6,844.6,835.2,170.1,171.2,173.6,174.6,4.83,79.0,5.441,14.4,1.215,0,nominal,0,0.0,195.0,701996.8
3.3,takeoff_climb,97.70634037819799,91.7686318131257,28.513904338153505,5681.4,836.5,845.4,846.5,835.4,169.9,171.7,174.7,174.4,4.81,79.7,5.465,5690.2,835.5,843.1,846.1,836.7,170.3,171.5,173.8,174.8,4.83,79.0,5.44,14.4,1.214,0,nominal,0,0.0,195.0,701996.7
3.4,takeoff_climb,97.69744160177976,94.54949944382646,28.529477196885427,5701.2,837.1,844.4,846.8,839.0,169.9,171.4,173.6,174.5,4.86,79.0,5.432,5690.0,837.0,844.6,847.6,838.1,170.6,171.7,174.1,175.1,4.83,79.1,5.438,14.4,1.214,0,nominal,0,0.0,195.0,701996.6
3.5,takeoff_climb,97.68854282536151,97.33036707452725,28.545050055617352,5689.9,836.7,848.0,850.2,840.5,171.8,171.8,174.1,175.2,4.84,78.8,5.403,5689.5,838.3,845.9,848.9,839.5,170.9,172.0,174.4,175.4,4.83,79.1,5.436,14.4,1.214,0,nominal,0,0.0,195.0,701996.5
3.6,takeoff_climb,97.67964404894327,100.11123470522803,28.560622914349278,5688.8,840.2,844.7,849.0,842.1,171.1,172.8,174.7,175.9,4.84,78.9,5.474,5689.0,839.6,847.3,850.3,840.7,171.1,172.3,174.7,175.7,4.83,79.1,5.435,14.3,1.213,0,nominal,0,0.0,195.0,701996.4
3.7,takeoff_climb,97.67074527252502,102.8921023359288,28.576195773081203,5683.9,843.0,847.4,853.7,844.7,171.2,171.8,175.6,174.9,4.87,79.0,5.428,5688.3,840.8,848.5,851.5,841.9,171.4,172.5,174.9,175.9,4.83,79.2,5.433,14.3,1.213,0,nominal,0,0.0,195.0,701996.3
3.8,takeoff_climb,97.66184649610679,105.67296996662958,28.591768631813125,5677.1,841.3,849.1,853.3,843.6,171.6,172.4,174.4,176.6,4.84,79.4,5.402,5687.6,842.0,849.6,852.6,843.1,171.6,172.8,175.2,176.2,4.83,79.2,5.431,14.3,1.213,0,nominal,0,0.0,195.0,701996.2
3.9,takeoff_climb,97.65294771968854,108.45383759733036,28.60734149054505,5691.5,843.8,849.9,853.8,844.9,171.4,172.4,175.5,177.4,4.79,78.8,5.473,5686.8,843.1,850.7,853.7,844.2,171.9,173.0,175.5,176.5,4.83,79.2,5.43,14.3,1.212,0,nominal,0,0.0,195.0,701996.1
4.0,takeoff_climb,97.6440489432703,111.23470522803115,28.622914349276975,5684.5,842.9,852.5,855.4,846.8,172.8,174.0,175.1,176.4,4.83,79.1,5.387,5686.0,844.1,851.8,854.8,845.2,172.1,173.3,175.7,176.7,4.83,79.3,5.428,14.3,1.212,0,nominal,0,0.0,195.0,701996.0
4.1,takeoff_climb,97.63515016685206,114.01557285873191,28.6384872080089,5689.5,845.7,853.5,855.9,846.8,172.4,173.7,175.7,176.8,4.83,78.8,5.437,5685.1,845.0,852.8,855.8,846.1,172.4,173.5,176.0,177.0,4.83,79.3,5.426,14.3,1.212,0,nominal,0,0.0,195.0,701995.9
4.2,takeoff_climb,97.62625139043382,116.7964404894327,28.654060066740822,5688.3,848.6,854.1,855.3,847.9,172.2,173.3,176.2,177.5,4.88,79.9,5.394,5684.2,845.9,853.7,856.7,847.0,172.6,173.8,176.2,177.2,4.83,79.3,5.425,14.2,1.211,0,nominal,0,0.0,195.0,701995.8
4.3,takeoff_climb,97.61735261401557,119.57730812013348,28.669632925472747,5681.6,845.7,856.5,855.7,849.9,172.0,174.0,176.1,177.2,4.8,79.4,5.408,5683.2,846.8,854.6,857.6,847.9,172.9,174.0,176.5,177.5,4.83,79.4,5.423,14.2,1.211,0,nominal,0,0.0,195.0,701995.7
4.4,takeoff_climb,97.60845383759732,122.35817575083425,28.685205784204673,5675.5,847.4,856.0,856.8,849.0,173.0,173.1,177.5,177.4,4.87,78.7,5.442,5682.2,847.6,855.4,858.4,848.7,173.1,174.3,176.7,177.7,4.83,79.4,5.421,14.2,1.211,0,nominal,0,0.0,195.0,701995.6
4.5,takeoff_climb,97.59955506117909,125.13904338153503,28.700778642936598,5681.9,848.8,853.2,859.0,849.0,172.9,174.0,176.9,178.5,4.85,79.0,5.475,5681.2,848.4,856.2,859.2,849.4,173.3,174.5,177.0,178.0,4.83,79.4,5.419,14.2,1.21,0,nominal,0,0.0,195.0,701995.5
4.6,takeoff_climb,97.59065628476084,127.91991101223581,28.71635150166852,5673.4,849.1,855.2,858.1,851.8,172.9,175.3,177.4,178.7,4.87,78.8,5.415,5680.2,849.1,856.9,859.9,850.2,173.6,174.7,177.2,178.2,4.83,79.5,5.418,14.2,1.21,0,nominal,0,0.0,195.0,701995.4
4.7,takeoff_climb,97.5817575083426,130.7007786429366,28.731924360400445,5677.3,847.7,856.2,859.2,848.9,173.5,176.0,178.1,177.6,4.81,79.7,5.429,5679.2,849.8,857.6,860.6,850.8,173.8,175.0,177.5,178.5,4.83,79.5,5.416,14.2,1.21,0,nominal,0,0.0,195.0,701995.3
4.8,takeoff_climb,97.57285873192436,133.48164627363735,28.74749721913237,5681.1,851.1,857.5,859.4,852.7,174.4,175.7,177.6,179.9,4.85,79.6,5.441,5678.1,850.4,858.2,861.2,851.5,174.0,175.2,177.7,178.7,4.83,79.5,5.414,14.1,1.209,0,nominal,0,0.0,195.0,701995.2
4.9,takeoff_climb,97.56395995550612,136.26251390433814,28.763070077864292,5678.0,852.8,858.2,861.1,850.6,174.1,175.4,179.0,179.4,4.83,80.2,5.395,5677.1,851.0,858.9,861.9,852.1,174.3,175.4,178.0,179.0,4.83,79.6,5.413,14.1,1.209,0,nominal,0,0.0,195.0,701995.1
5.0,takeoff_climb,97.55506117908787,139.04338153503892,28.778642936596217,5679.4,852.7,859.3,862.3,851.6,174.2,175.8,178.9,178.8,4.83,79.4,5.412,5676.0,851.6,859.4,862.4,852.7,174.5,175.7,178.2,179.2,4.83,79.6,5.411,14.1,1.209,0,nominal,0,0.0,195.0,701995.0
5.1,takeoff_climb,97.54616240266964,141.8242491657397,28.794215795328142,5675.6,853.1,859.1,859.6,856.1,175.0,175.4,179.0,179.3,4.84,79.4,5.405,5675.0,852.1,860.0,863.0,853.2,174.7,175.9,178.4,179.4,4.83,79.6,5.409,14.1,1.208,0,nominal,0,0.0,195.0,701994.9
5.2,takeoff_climb,97.53726362625139,144.60511679644048,28.809788654060068,5672.6,853.1,859.0,864.6,853.9,174.1,176.4,178.9,179.7,4.84,80.7,5.414,5673.9,852.7,860.5,863.5,853.7,175.0,176.1,178.7,179.7,4.83,79.7,5.408,14.1,1.208,0,nominal,0,0.0,195.0,701994.8
5.3,takeoff_climb,97.52836484983315,147.38598442714127,28.825361512791993,5669.3,852.9,862.1,864.8,854.1,174.9,176.0,178.3,179.5,4.8,78.6,5.429,5672.8,853.1,861.0,864.0,854.2,175.2,176.4,178.9,179.9,4.83,79.7,5.406,14.0,1.208,0,nominal,0,0.0,195.0,701994.7
5.4,takeoff_climb,97.5194660734149,150.16685205784205,28.840934371523915,5670.7,851.8,861.2,865.8,856.5,175.2,176.9,178.7,180.5,4.81,79.5,5.441,5671.7,853.6,861.5,864.5,854.6,175.4,176.6,179.1,180.1,4.83,79.7,5.404,14.0,1.207,0,nominal,0,0.0,195.0,701994.6
5.5,takeoff_climb,97.51056729699667,152.9477196885428,28.85650723025584,5673.5,854.1,861.3,863.4,856.8,175.4,176.4,178.6,179.3,4.81,80.8,5.473,5670.7,854.0,861.9,864.9,855.1,175.6,176.8,179.4,180.4,4.83,79.7,5.403,14.0,1.207,0,nominal,0,0.0,195.0,701994.5
5.6,takeoff_climb,97.50166852057842,155.7285873192436,28.872080088987765,5679.8,852.7,861.2,865.2,854.4,175.4,176.7,179.6,180.3,4.81,79.8,5.469,5669.6,854.4,862.3,865.3,855.5,175.8,177.0,179.6,180.6,4.83,79.8,5.401,14.0,1.207,0,nominal,0,0.0,195.0,701994.4
5.7,takeoff_climb,97.49276974416017,158.50945494994437,28.887652947719687,5667.2,857.0,863.5,866.0,857.1,174.7,177.3,179.3,181.9,4.83,80.6,5.412,5668.5,854.8,862.7,865.7,855.8,176.0,177.2,179.8,180.8,4.83,79.8,5.399,14.0,1.206,0,nominal,0,0.0,195.0,701994.3
5.8,takeoff_climb,97.48387096774194,161.29032258064515,28.903225806451612,5665.4,854.1,864.6,866.4,855.9,176.6,176.3,179.9,181.9,4.86,80.0,5.368,5667.4,855.2,863.1,866.1,856.2,176.3,177.5,180.0,181.0,4.83,79.8,5.398,14.0,1.206,0,nominal,0,0.0,195.0,701994.2
5.9,takeoff_climb,97.47497219132369,164.07119021134594,28.918798665183537,5668.7,854.8,861.6,866.6,854.3,176.7,177.4,180.3,181.3,4.82,79.4,5.403,5666.3,855.5,863.4,866.4,856.5,176.5,177.7,180.3,181.3,4.83,79.9,5.396,13.9,1.206,0,nominal,0,0.0,195.0,701994.1
6.0,takeoff_climb,97.46607341490545,166.85205784204672,28.934371523915463,5665.2,855.9,865.6,865.9,860.5,176.1,177.0,179.9,181.4,4.81,80.5,5.39,5665.2,855.8,863.7,866.7,856.9,176.7,177.9,180.5,181.5,4.83,79.9,5.394,13.9,1.206,0,nominal,0,0.0,195.0,701994.0
6.1,takeoff_climb,97.4571746384872,169.63292547274747,28.949944382647384,5655.2,856.7,861.9,866.5,855.9,176.6,179.0,180.4,181.5,4.82,80.2,5.402,5664.2,856.1,864.0,867.0,857.2,176.9,178.1,180.7,181.7,4.83,79.9,5.393,13.9,1.205,0,nominal,0,0.0,195.0,701993.9
6.2,takeoff_climb,97.44827586206897,172.41379310344826,28.96551724137931,5668.7,854.6,865.0,867.6,857.8,177.8,177.9,181.7,182.7,4.82,79.5,5.37,5663.1,856.4,864.3,867.3,857.4,177.1,178.3,180.9,181.9,4.83,80.0,5.391,13.9,1.205,0,nominal,0,0.0,195.0,701993.8
6.3,takeoff_climb,97.43937708565072,175.19466073414904,28.981090100111235,5665.6,855.4,864.9,867.4,859.2,178.5,177.4,180.5,182.0,4.82,80.3,5.379,5662.0,856.7,864.6,867.6,857.7,177.3,178.5,181.1,182.1,4.83,80.0,5.389,13.9,1.205,0,nominal,0,0.0,195.0,701993.7
6.4,takeoff_climb,97.43047830923248,177.97552836484982,28.99666295884316,5657.8,855.4,863.7,866.5,861.8,178.6,178.8,181.0,181.8,4.85,80.5,5.396,5660.9,856.9,864.9,867.9,858.0,177.5,178.7,181.3,182.3,4.83,80.0,5.388,13.8,1.204,0,nominal,0,0.0,195.0,701993.6
6.5,takeoff_climb,97.42157953281423,180.7563959955506,29.012235817575082,5663.0,856.0,865.2,869.3,855.9,177.6,179.5,181.7,182.3,4.83,80.2,5.376,5659.8,857.2,865.1,868.1,858.2,177.7,178.9,181.5,182.5,4.83,80.0,5.386,13.8,1.204,0,nominal,0,0.0,195.0,701993.5
6.6,takeoff_climb,97.412680756396,183.5372636262514,29.027808676307007,5650.4,857.9,863.3,868.9,859.1,176.7,179.7,182.2,183.3,4.86,79.3,5.4,5658.7,857.4,865.3,868.3,858.4,177.9,179.1,181.8,182.8,4.83,80.1,5.384,13.8,1.204,0,nominal,0,0.0,195.0,701993.4
6.7,takeoff_climb,97.40378197997775,186.31813125695217,29.043381535038932,5655.6,857.0,866.1,866.5,858.9,177.8,179.5,182.4,181.6,4.78,80.4,5.445,5657.6,857.6,865.5,868.5,858.6,178.1,179.3,182.0,183.0,4.83,80.1,5.383,13.8,1.203,0,nominal,0,0.0,195.0,701993.3
6.8,takeoff_climb,97.39488320355952,189.09899888765293,29.058954393770858,5654.9,856.8,864.7,870.3,853.9,178.5,180.2,181.5,182.9,4.82,79.5,5.397,5656.6,857.8,865.8,868.8,858.8,178.3,179.5,182.2,183.2,4.83,80.1,5.381,13.8,1.203,0,nominal,0,0.0,195.0,701993.2
6.9,takeoff_climb,97.38598442714127,191.8798665183537,29.07452725250278,5656.2,858.3,867.7,869.8,857.0,178.6,178.8,182.0,182.4,4.83,80.2,5.335,5655.5,858.0,865.9,868.9,859.0,178.5,179.7,182.4,183.4,4.82,80.2,5.379,13.8,1.203,0,nominal,0,0.0,195.0,701993.1
7.0,takeoff_climb,97.37708565072303,194.6607341490545,29.090100111234705,5655.5,857.1,867.3,870.9,863.5,179.2,181.1,181.6,183.5,4.84,80.7,5.403,5654.4,858.2,866.1,869.1,859.2,178.7,179.9,182.6,183.6,4.82,80.2,5.378,13.7,1.202,0,nominal,0,0.0,195.0,701993.0
7.1,takeoff_climb,97.36818687430478,197.44160177975527,29.10567296996663,5662.0,859.4,867.8,867.0,858.6,178.5,180.4,183.8,184.2,4.88,80.1,5.378,5653.3,858.3,866.3,869.3,859.4,178.9,180.1,182.8,183.8,4.82,80.2,5.376,13.7,1.202,0,nominal,0,0.0,195.0,701992.9
7.2,takeoff_climb,97.35928809788653,200.22246941045606,29.121245828698555,5647.9,859.1,864.3,867.4,859.2,178.3,180.5,183.4,183.8,4.82,79.9,5.408,5652.2,858.5,866.5,869.5,859.5,179.1,180.3,183.0,184.0,4.82,80.2,5.374,13.7,1.202,0,nominal,0,0.0,195.0,701992.8
7.3,takeoff_climb,97.3503893214683,203.00333704115684,29.136818687430477,5650.7,856.4,866.9,869.8,859.3,178.7,181.0,182.8,184.4,4.82,79.7,5.339,5651.1,858.7,866.6,869.6,859.7,179.2,180.5,183.2,184.2,4.82,80.3,5.373,13.7,1.201,0,nominal,0,0.0,195.0,701992.7
7.4,takeoff_climb,97.34149054505005,205.7842046718576,29.152391546162402,5644.1,860.2,866.7,868.8,859.0,179.0,179.7,182.2,184.1,4.84,80.1,5.378,5650.0,858.8,866.7,869.7,859.8,179.4,180.7,183.4,184.4,4.82,80.3,5.371,13.7,1.201,0,nominal,0,0.0,195.0,701992.6
7.5,takeoff_climb,97.33259176863181,208.56507230255838,29.167964404894327,5648.4,857.0,869.6,871.2,860.7,179.2,181.2,183.9,184.5,4.78,80.4,5.362,5649.0,858.9,866.9,869.9,859.9,179.6,180.8,183.6,184.6,4.82,80.3,5.369,13.6,1.201,0,nominal,0,0.0,195.0,701992.5
7.6,takeoff_climb,97.32369299221357,211.34593993325916,29.183537263626253,5655.5,859.2,866.4,869.3,861.4,179.4,181.2,184.3,185.1,4.85,79.6,5.461,5647.9,859.0,867.0,870.0,860.1,179.8,181.0,183.7,184.7,4.82,80.3,5.368,13.6,1.2,0,nominal,0,0.0,195.0,701992.4
7.7,takeoff_climb,97.31479421579533,214.12680756395994,29.199110122358174,5652.9,859.8,869.6,870.3,861.5,180.3,180.7,184.1,184.2,4.82,80.2,5.409,5646.8,859.2,867.1,870.1,860.2,180.0,181.2,183.9,184.9,4.82,80.4,5.366,13.6,1.2,0,nominal,0,0.0,195.0,701992.3
7.8,takeoff_climb,97.30589543937708,216.90767519466073,29.2146829810901,5645.8,858.3,868.2,870.1,859.7,181.1,181.1,183.6,185.3,4.82,80.0,5.373,5645.7,859.3,867.2,870.2,860.3,180.2,181.4,184.1,185.1,4.82,80.4,5.364,13.6,1.2,0,nominal,0,0.0,195.0,701992.2
7.9,takeoff_climb,97.29699666295885,219.6885428253615,29.230255839822025,5642.8,860.3,866.5,870.7,863.0,180.0,181.2,184.3,186.1,4.82,80.4,5.326,5644.6,859.4,867.3,870.3,860.4,180.3,181.6,184.3,185.3,4.82,80.4,5.363,13.6,1.199,0,nominal,0,0.0,195.0,701992.1
8.0,takeoff_climb,97.2880978865406,222.4694104560623,29.24582869855395,5645.8,858.4,870.1,871.1,860.3,181.7,180.8,184.6,185.2,4.87,80.2,5.355,5643.5,859.5,867.4,870.4,860.5,180.5,181.8,184.5,185.5,4.82,80.5,5.361,13.6,1.199,0,nominal,0,0.0,195.0,701992.0
8.1,takeoff_climb,97.27919911012236,225.25027808676305,29.261401557285872,5644.0,859.7,868.8,871.4,863.0,181.3,182.7,184.1,186.4,4.86,79.3,5.352,5642.4,859.6,867.5,870.5,860.6,180.7,181.9,184.7,185.7,4.82,80.5,5.359,13.5,1.199,0,nominal,0,0.0,195.0,701991.9
8.2,takeoff_climb,97.27030033370411,228.03114571746383,29.276974416017797,5646.5,860.3,866.6,868.9,861.3,180.6,182.4,185.2,186.0,4.8,80.3,5.338,5641.4,859.7,867.6,870.6,860.7,180.9,182.1,184.9,185.9,4.82,80.5,5.358,13.5,1.198,0,nominal,0,0.0,195.0,701991.8
8.3,takeoff_climb,97.26140155728588,230.8120133481646,29.292547274749722,5641.9,858.2,868.0,869.1,861.3,180.6,182.2,183.9,185.9,4.8,80.4,5.322,5640.3,859.7,867.7,870.7,860.7,181.0,182.3,185.0,186.0,4.82,80.5,5.356,13.5,1.198,0,nominal,0,0.0,195.0,701991.7
8.4,takeoff_climb,97.25250278086763,233.5928809788654,29.308120133481648,5647.7,859.0,867.1,872.9,860.0,180.7,183.9,183.8,185.8,4.78,80.6,5.375,5639.2,859.8,867.8,870.8,860.8,181.2,182.5,185.2,186.2,4.82,80.6,5.354,13.5,1.198,0,nominal,0,0.0,195.0,701991.6
8.5,takeoff_climb,97.2436040044494,236.37374860956618,29.32369299221357,5638.7,857.7,868.2,870.4,860.0,180.5,182.7,185.8,185.3,4.81,80.2,5.359,5638.1,859.9,867.9,870.9,860.9,181.4,182.6,185.4,186.4,4.82,80.6,5.353,13.5,1.197,0,nominal,0,0.0,195.0,701991.5
8.6,takeoff_climb,97.23470522803115,239.15461624026696,29.339265850945495,5642.6,858.2,867.6,871.0,861.3,180.8,183.8,185.2,186.9,4.86,80.6,5.374,5637.0,859.9,867.9,870.9,861.0,181.5,182.8,185.6,186.6,4.82,80.6,5.351,13.4,1.197,0,nominal,0,0.0,195.0,701991.4
8.7,takeoff_climb,97.2258064516129,241.93548387096772,29.35483870967742,5633.2,859.5,866.7,871.2,860.5,180.8,182.0,185.3,187.3,4.81,80.8,5.351,5635.9,860.0,868.0,871.0,861.0,181.7,183.0,185.7,186.7,4.81,80.6,5.349,13.4,1.197,0,nominal,0,0.0,195.0,701991.3
8.8,takeoff_climb,97.21690767519466,244.7163515016685,29.370411568409345,5625.2,858.4,870.5,870.9,861.7,183.3,182.4,185.7,186.7,4.83,80.2,5.312,5634.9,860.1,868.1,871.1,861.1,181.9,183.1,185.9,186.9,4.81,80.7,5.348,13.4,1.196,0,nominal,0,0.0,195.0,701991.2
8.9,takeoff_climb,97.20800889877641,247.49721913236928,29.385984427141267,5638.4,861.1,867.8,869.6,862.4,182.7,182.6,186.7,187.2,4.82,80.6,5.32,5633.8,860.1,868.1,871.1,861.1,182.0,183.3,186.1,187.1,4.81,80.7,5.346,13.4,1.196,0,nominal,0,0.0,195.0,701991.1
9.0,takeoff_climb,97.19911012235818,250.27808676307006,29.401557285873192,5636.2,859.5,868.8,871.9,858.9,182.9,183.3,186.6,187.4,4.81,80.0,5.371,5632.7,860.2,868.2,871.2,861.2,182.2,183.5,186.3,187.3,4.81,80.7,5.344,13.4,1.196,0,nominal,0,0.0,195.0,701991.0
9.1,takeoff_climb,97.19021134593993,253.05895439377085,29.417130144605117,5645.5,859.1,865.9,870.0,858.9,182.6,181.9,186.8,187.9,4.79,80.4,5.304,5631.6,860.2,868.2,871.2,861.2,182.3,183.6,186.4,187.4,4.81,80.7,5.343,13.4,1.196,0,nominal,0,0.0,195.0,701990.9
9.2,takeoff_climb,97.1813125695217,255.83982202447163,29.432703003337043,5624.1,860.2,869.9,873.9,861.6,181.7,183.7,186.8,187.9,4.83,80.8,5.277,5630.5,860.3,868.3,871.3,861.3,182.5,183.8,186.6,187.6,4.81,80.8,5.341,13.3,1.195,0,nominal,0,0.0,195.0,701990.8
9.3,takeoff_climb,97.17241379310344,258.6206896551724,29.448275862068964,5630.4,860.5,865.3,870.4,860.6,183.9,183.9,186.4,187.4,4.83,80.9,5.339,5629.4,860.3,868.3,871.3,861.3,182.7,183.9,186.8,187.8,4.81,80.8,5.339,13.3,1.195,0,nominal,0,0.0,195.0,701990.7
9.4,takeoff_climb,97.16351501668521,261.4015572858732,29.46384872080089,5629.7,859.2,869.1,871.5,862.2,182.5,183.1,186.5,187.7,4.81,81.1,5.308,5628.4,860.4,868.3,871.3,861.4,182.8,184.1,186.9,187.9,4.81,80.8,5.338,13.3,1.195,0,nominal,0,0.0,195.0,701990.6
9.5,takeoff_climb,97.15461624026696,264.18242491657395,29.479421579532815,5629.1,861.2,869.4,871.1,861.9,183.0,185.0,186.4,187.9,4.75,80.7,5.266,5627.3,860.4,868.4,871.4,861.4,183.0,184.3,187.1,188.1,4.81,80.8,5.336,13.3,1.194,0,nominal,0,0.0,195.0,701990.5
9.6,takeoff_climb,97.14571746384873,266.9632925472747,29.49499443826474,5637.2,858.0,867.7,871.3,861.6,182.8,184.1,187.6,187.5,4.85,81.0,5.358,5626.2,860.4,868.4,871.4,861.4,183.1,184.4,187.2,188.2,4.81,80.9,5.334,13.3,1.194,0,nominal,0,0.0,195.0,701990.4
9.7,takeoff_climb,97.13681868743048,269.7441601779755,29.510567296996662,5618.4,859.3,867.7,871.3,860.3,183.5,184.4,187.2,187.5,4.81,81.3,5.343,5625.1,860.5,868.4,871.4,861.5,183.3,184.6,187.4,188.4,4.81,80.9,5.333,13.2,1.194,0,nominal,0,0.0,195.0,701990.3
9.8,takeoff_climb,97.12791991101224,272.52502780867627,29.526140155728587,5626.1,859.6,867.6,872.3,864.1,183.8,185.1,187.0,188.5,4.78,81.2,5.354,5624.0,860.5,868.5,871.5,861.5,183.4,184.7,187.6,188.6,4.81,80.9,5.331,13.2,1.193,0,nominal,0,0.0,195.0,701990.2
9.9,takeoff_climb,97.11902113459399,275.3058954393771,29.541713014460512,5625.4,862.8,870.6,869.9,859.2,183.9,184.8,187.6,189.1,4.82,80.5,5.285,5623.0,860.5,868.5,871.5,861.5,183.6,184.9,187.7,188.7,4.81,80.9,5.329,13.2,1.193,0,nominal,0,0.0,195.0,701990.1
10.0,takeoff_climb,97.11012235817574,278.08676307007784,29.557285873192434,5622.7,859.0,865.9,871.6,861.0,183.1,185.4,188.0,188.2,4.81,80.7,5.373,5621.9,860.5,868.5,871.5,861.5,183.7,185.0,187.9,188.9,4.81,80.9,5.328,13.2,1.193,0,nominal,0,0.0,195.0,701990.0
10.1,takeoff_climb,97.10122358175751,280.86763070077865,29.57285873192436,5616.1,859.9,868.7,870.2,862.5,183.3,185.8,187.8,188.4,4.79,81.6,5.362,5620.8,860.6,868.6,871.6,861.6,183.9,185.2,188.0,189.0,4.81,81.0,5.326,13.2,1.192,0,nominal,0,0.0,195.0,701989.9
10.2,takeoff_climb,97.09232480533926,283.6484983314794,29.588431590656285,5614.9,862.6,866.2,871.2,863.2,184.5,184.7,188.3,188.5,4.82,81.2,5.282,5619.7,860.6,868.6,871.6,861.6,184.0,185.3,188.2,189.2,4.81,81.0,5.324,13.2,1.192,0,nominal,0,0.0,195.0,701989.8
10.3,takeoff_climb,97.08342602892102,286.42936596218016,29.60400444938821,5608.9,861.1,870.8,871.3,861.4,184.7,186.8,189.0,189.0,4.78,81.9,5.337,5618.6,860.6,868.6,871.6,861.6,184.2,185.5,188.3,189.3,4.81,81.0,5.323,13.1,1.192,0,nominal,0,0.0,195.0,701989.7
10.4,takeoff_climb,97.07452725250278,289.21023359288097,29.619577308120135,5611.6,861.1,869.4,870.8,859.2,183.9,186.0,188.4,190.3,4.8,80.6,5.347,5617.6,860.6,868.6,871.6,861.6,184.3,185.6,188.5,189.5,4.81,81.0,5.321,13.1,1.191,0,nominal,0,0.0,195.0,701989.6
10.5,takeoff_climb,97.06562847608454,291.9911012235817,29.635150166852057,5610.8,860.6,868.1,872.3,862.5,184.5,185.8,189.4,190.4,4.78,81.4,5.258,5616.5,860.7,868.6,871.6,861.7,184.5,185.7,188.6,189.6,4.81,81.1,5.319,13.1,1.191,0,nominal,0,0.0,195.0,701989.5
10.6,takeoff_climb,97.05672969966629,294.77196885428253,29.650723025583982,5615.0,861.3,866.0,871.4,861.2,184.9,184.9,188.3,189.2,4.81,81.5,5.335,5615.4,860.7,868.7,871.7,861.7,184.6,185.9,188.8,189.8,4.81,81.1,5.318,13.1,1.191,0,nominal,0,0.0,195.0,701989.4
10.7,takeoff_climb,97.04783092324806,297.5528364849833,29.666295884315907,5615.6,859.9,868.1,871.3,861.8,184.4,186.1,188.1,189.8,4.84,81.7,5.301,5614.3,860.7,868.7,871.7,861.7,184.7,186.0,188.9,189.9,4.8,81.1,5.316,13.1,1.19,0,nominal,0,0.0,195.0,701989.3
10.8,takeoff_climb,97.03893214682981,300.3337041156841,29.68186874304783,5614.6,862.0,869.7,872.7,860.9,186.5,186.0,188.2,191.0,4.84,80.8,5.314,5613.2,860.7,868.7,871.7,861.7,184.9,186.2,189.1,190.1,4.8,81.1,5.315,13.0,1.19,0,nominal,0,0.0,195.0,701989.2
10.9,takeoff_climb,97.03003337041157,303.11457174638485,29.697441601779754,5612.8,860.5,868.4,871.4,862.3,184.7,186.0,189.9,190.3,4.8,81.0,5.292,5612.2,860.7,868.7,871.7,861.7,185.0,186.3,189.2,190.2,4.8,81.2,5.313,13.0,1.19,0,nominal,0,0.0,195.0,701989.1
11.0,takeoff_climb,97.02113459399332,305.8954393770856,29.71301446051168,5608.7,863.3,868.8,870.8,862.4,183.9,186.0,190.3,190.8,4.81,81.3,5.365,5611.1,860.7,868.7,871.7,861.7,185.1,186.5,189.4,190.4,4.8,81.2,5.311,13.0,1.189,0,nominal,0,0.0,195.0,701989.0
11.1,takeoff_climb,97.01223581757509,308.6763070077864,29.728587319243605,5620.9,863.7,869.7,873.5,862.2,186.4,185.5,189.3,189.6,4.83,80.6,5.312,5610.0,860.7,868.7,871.7,861.7,185.3,186.6,189.5,190.5,4.8,81.2,5.31,13.0,1.189,0,nominal,0,0.0,195.0,701988.9
11.2,takeoff_climb,97.00333704115684,311.4571746384872,29.744160177975527,5608.8,860.8,867.1,873.9,862.3,185.2,187.4,189.9,190.1,4.78,81.2,5.276,5608.9,860.7,868.7,871.7,861.7,185.4,186.7,189.6,190.6,4.8,81.2,5.308,13.0,1.189,0,nominal,0,0.0,195.0,701988.8
11.3,takeoff_climb,96.9944382647386,314.238042269188,29.759733036707452,5606.0,861.5,868.4,872.8,862.6,185.9,187.6,189.5,190.8,4.78,81.0,5.26,5607.9,860.8,868.7,871.7,861.8,185.5,186.9,189.8,190.8,4.8,81.2,5.306,13.0,1.188,0,nominal,0,0.0,195.0,701988.7
11.4,takeoff_climb,96.98553948832036,317.01890989988874,29.775305895439377,5603.9,857.9,869.3,872.2,861.2,185.2,187.3,189.1,191.5,4.77,81.3,5.293,5606.8,860.8,868.8,871.8,861.8,185.7,187.0,189.9,190.9,4.8,81.3,5.305,12.9,1.188,0,nominal,0,0.0,195.0,701988.6
11.5,takeoff_climb,96.9766407119021,319.79977753058955,29.790878754171302,5614.8,859.9,868.3,870.3,864.5,185.4,186.4,189.3,190.7,4.75,81.5,5.295,5605.7,860.8,868.8,871.8,861.8,185.8,187.1,190.1,191.1,4.8,81.3,5.303,12.9,1.188,0,nominal,0,0.0,195.0,701988.5
11.6,takeoff_climb,96.96774193548387,322.5806451612903,29.806451612903224,5606.3,859.8,870.9,871.2,860.7,185.8,187.4,190.2,191.8,4.78,82.0,5.329,5604.6,860.8,868.8,871.8,861.8,185.9,187.3,190.2,191.2,4.8,81.3,5.301,12.9,1.188,0,nominal,0,0.0,195.0,701988.4
11.7,takeoff_climb,96.95884315906562,325.36151279199106,29.82202447163515,5602.8,862.2,871.8,872.0,861.8,184.8,186.4,189.9,191.4,4.82,81.0,5.276,5603.5,860.8,868.8,871.8,861.8,186.1,187.4,190.3,191.3,4.8,81.3,5.3,12.9,1.187,0,nominal,0,0.0,195.0,701988.3
11.8,takeoff_climb,96.94994438264739,328.1423804226919,29.837597330367075,5599.8,859.0,867.5,873.2,860.4,184.4,187.9,189.9,191.7,4.81,81.0,5.295,5602.5,860.8,868.8,871.8,861.8,186.2,187.5,190.5,191.5,4.8,81.3,5.298,12.9,1.187,0,nominal,0,0.0,195.0,701988.2
11.9,takeoff_climb,96.94104560622914,330.9232480533926,29.853170189099,5606.6,861.9,868.6,873.0,862.5,186.0,188.2,190.6,190.4,4.82,82.3,5.309,5601.4,860.8,868.8,871.8,861.8,186.3,187.6,190.6,191.6,4.8,81.4,5.296,12.8,1.187,0,nominal,0,0.0,195.0,701988.1
12.0,takeoff_climb,96.9321468298109,333.70411568409344,29.86874304783092,5592.8,861.2,867.5,873.1,862.1,187.8,188.2,190.5,191.2,4.8,81.1,5.254,5600.3,860.8,868.8,871.8,861.8,186.4,187.8,190.7,191.7,4.8,81.4,5.295,12.8,1.186,0,nominal,0,0.0,195.0,701988.0
12.1,takeoff_climb,96.92324805339265,336.4849833147942,29.884315906562847,5592.0,862.3,865.4,871.8,862.8,186.8,188.7,190.8,191.7,4.82,81.6,5.311,5599.2,860.8,868.8,871.8,861.8,186.6,187.9,190.9,191.9,4.8,81.4,5.293,12.8,1.186,0,nominal,0,0.0,195.0,701987.9
12.2,takeoff_climb,96.91434927697442,339.26585094549495,29.899888765294772,5603.8,861.3,868.8,872.7,861.0,186.8,187.5,190.9,192.7,4.8,82.3,5.288,5598.2,860.8,868.8,871.8,861.8,186.7,188.0,191.0,192.0,4.8,81.4,5.291,12.8,1.186,0,nominal,0,0.0,195.0,701987.8
12.3,takeoff_climb,96.90545050055617,342.04671857619576,29.915461624026698,5597.3,859.9,870.1,871.9,859.4,186.7,187.9,191.3,192.2,4.81,81.9,5.293,5597.1,860.8,868.8,871.8,861.8,186.8,188.1,191.1,192.1,4.8,81.4,5.29,12.8,1.185,0,nominal,0,0.0,195.0,701987.7
12.4,takeoff_climb,96.89655172413794,344.8275862068965,29.93103448275862,5591.5,860.4,867.3,871.3,861.5,188.2,188.7,190.7,191.8,4.77,82.0,5.338,5596.0,860.8,868.8,871.8,861.8,186.9,188.3,191.2,192.2,4.8,81.5,5.288,12.8,1.185,0,nominal,0,0.0,195.0,701987.6
12.5,takeoff_climb,96.88765294771969,347.6084538375973,29.946607341490544,5593.5,862.3,868.8,874.6,864.4,187.1,188.3,192.9,192.3,4.79,82.0,5.288,5594.9,860.8,868.8,871.8,861.8,187.1,188.4,191.4,192.4,4.8,81.5,5.287,12.7,1.185,0,nominal,0,0.0,195.0,701987.5
12.6,takeoff_climb,96.87875417130145,350.3893214682981,29.96218020022247,5595.6,864.2,868.6,869.9,860.9,187.6,188.3,191.4,193.2,4.81,81.7,5.243,5593.9,860.8,868.8,871.8,861.8,187.2,188.5,191.5,192.5,4.8,81.5,5.285,12.7,1.184,0,nominal,0,0.0,195.0,701987.4
12.7,takeoff_climb,96.8698553948832,353.1701890989989,29.977753058954395,5592.2,863.3,866.6,869.3,863.2,188.2,188.3,191.9,192.1,4.81,82.2,5.297,5592.8,860.8,868.8,871.8,861.8,187.3,188.6,191.6,192.6,4.8,81.5,5.283,12.7,1.184,0,nominal,0,0.0,195.0,701987.3
12.8,takeoff_climb,96.86095661846497,355.95105672969964,29.993325917686317,5592.2,860.3,869.8,871.9,862.6,187.9,189.5,191.7,193.2,4.78,81.5,5.305,5591.7,860.8,868.8,871.8,861.8,187.4,188.7,191.7,192.7,4.8,81.5,5.282,12.7,1.184,0,nominal,0,0.0,195.0,701987.2
12.9,takeoff_climb,96.85205784204672,358.7319243604004,30.008898776418242,5591.0,859.4,868.7,871.7,862.0,186.9,188.8,192.3,193.0,4.8,81.6,5.255,5590.6,860.8,868.8,871.8,861.8,187.5,188.9,191.8,192.8,4.79,81.6,5.28,12.7,1.183,0,nominal,0,0.0,195.0,701987.1
13.0,takeoff_climb,96.84315906562847,361.5127919911012,30.024471635150167,5591.2,858.7,867.1,873.3,859.5,186.7,189.2,192.3,193.5,4.78,82.4,5.307,5589.6,860.8,868.8,871.8,861.8,187.6,189.0,192.0,193.0,4.79,81.6,5.278,12.7,1.183,0,nominal,0,0.0,195.0,701987.0
13.1,takeoff_climb,96.83426028921023,364.29365962180196,30.040044493882093,5589.0,860.2,869.8,872.0,862.4,187.2,188.6,192.4,192.3,4.79,81.4,5.259,5588.5,860.8,868.8,871.8,861.8,187.8,189.1,192.1,193.1,4.79,81.6,5.277,12.6,1.183,0,nominal,0,0.0,195.0,701986.9
13.2,takeoff_climb,96.82536151279199,367.0745272525028,30.055617352614014,5577.6,860.0,869.0,872.7,864.1,187.4,190.3,192.4,193.1,4.8,81.7,5.243,5587.4,860.8,868.8,871.8,861.8,187.9,189.2,192.2,193.2,4.79,81.6,5.275,12.6,1.182,0,nominal,0,0.0,195.0,701986.8
13.3,takeoff_climb,96.81646273637375,369.85539488320353,30.07119021134594,5579.8,860.8,868.3,871.3,859.7,187.2,189.2,191.5,193.6,4.81,82.3,5.309,5586.3,860.8,868.8,871.8,861.8,188.0,189.3,192.3,193.3,4.79,81.6,5.273,12.6,1.182,0,nominal,0,0.0,195.0,701986.7
13.4,takeoff_climb,96.8075639599555,372.63626251390434,30.086763070077865,5584.5,860.3,871.5,870.9,860.5,188.3,189.5,192.4,192.8,4.75,82.3,5.341,5585.3,860.8,868.8,871.8,861.8,188.1,189.4,192.4,193.4,4.79,81.7,5.272,12.6,1.182,0,nominal,0,0.0,195.0,701986.6
13.5,takeoff_climb,96.79866518353727,375.4171301446051,30.10233592880979,5590.8,860.3,868.1,871.9,861.4,187.8,189.7,192.6,193.1,4.83,82.0,5.336,5584.2,860.8,868.8,871.8,861.8,188.2,189.5,192.6,193.6,4.79,81.7,5.27,12.6,1.181,0,nominal,0,0.0,195.0,701986.5
13.6,takeoff_climb,96.78976640711902,378.19799777530585,30.11790878754171,5581.5,863.9,867.1,873.9,861.1,187.7,188.7,192.6,193.0,4.77,81.5,5.306,5583.1,860.8,868.8,871.8,861.8,188.3,189.6,192.7,193.7,4.79,81.7,5.268,12.5,1.181,0,nominal,0,0.0,195.0,701986.4
13.7,takeoff_climb,96.78086763070078,380.97886540600666,30.133481646273637,5592.8,861.2,866.7,870.4,863.7,188.5,189.9,192.2,194.1,4.79,82.0,5.298,5582.1,860.8,868.8,871.8,861.8,188.4,189.8,192.8,193.8,4.79,81.7,5.267,12.5,1.181,0,nominal,0,0.0,195.0,701986.3
13.8,takeoff_climb,96.77196885428253,383.7597330367074,30.149054505005562,5590.6,861.0,869.6,870.5,861.4,188.7,189.7,192.7,193.7,4.76,81.7,5.219,5581.0,860.8,868.8,871.8,861.8,188.5,189.9,192.9,193.9,4.79,81.7,5.265,12.5,1.181,0,nominal,0,0.0,195.0,701986.2
13.9,takeoff_climb,96.7630700778643,386.5406006674082,30.164627363737488,5578.8,858.1,868.1,871.4,864.0,189.6,190.7,192.8,193.4,4.78,81.7,5.216,5579.9,860.8,868.8,871.8,861.8,188.6,190.0,193.0,194.0,4.79,81.8,5.264,12.5,1.18,0,nominal,0,0.0,195.0,701986.1
14.0,takeoff_climb,96.75417130144605,389.321468298109,30.18020022246941,5572.9,858.5,870.1,873.9,861.9,188.4,190.3,193.8,194.6,4.78,81.8,5.266,5578.8,860.8,868.8,871.8,861.8,188.7,190.1,193.1,194.1,4.79,81.8,5.262,12.5,1.18,0,nominal,0,0.0,195.0,701986.0
14.1,takeoff_climb,96.74527252502781,392.10233592880974,30.195773081201335,5576.9,860.8,867.5,869.7,862.4,188.2,190.6,194.3,194.5,4.78,82.0,5.259,5577.8,860.8,868.8,871.8,861.8,188.8,190.2,193.2,194.2,4.79,81.8,5.26,12.5,1.18,0,nominal,0,0.0,195.0,701985.9
14.2,takeoff_climb,96.73637374860957,394.88320355951055,30.21134593993326,5577.1,861.6,868.4,870.7,861.5,188.1,190.2,194.4,195.0,4.78,81.8,5.295,5576.7,860.8,868.8,871.8,861.8,188.9,190.3,193.3,194.3,4.79,81.8,5.259,12.4,1.179,0,nominal,0,0.0,195.0,701985.8
14.3,takeoff_climb,96.72747497219132,397.6640711902113,30.22691879866518,5576.1,860.6,869.3,873.1,861.5,188.5,190.5,192.9,195.5,4.77,82.0,5.288,5575.6,860.8,868.8,871.8,861.8,189.0,190.4,193.4,194.4,4.79,81.8,5.257,12.4,1.179,0,nominal,0,0.0,195.0,701985.7
14.4,takeoff_climb,96.71857619577308,400.4449388209121,30.242491657397107,5568.3,863.6,869.5,869.7,862.0,189.2,190.0,193.8,193.1,4.78,81.5,5.259,5574.6,860.8,868.8,871.8,861.8,189.1,190.5,193.5,194.5,4.79,81.8,5.255,12.4,1.179,0,nominal,0,0.0,195.0,701985.6
14.5,takeoff_climb,96.70967741935483,403.22580645161287,30.258064516129032,5571.5,860.2,868.3,869.9,863.5,188.4,189.6,194.0,195.3,4.83,82.0,5.245,5573.5,860.8,868.8,871.8,861.8,189.2,190.6,193.7,194.7,4.79,81.9,5.254,12.4,1.178,0,nominal,0,0.0,195.0,701985.5
14.6,takeoff_climb,96.7007786429366,406.0066740823137,30.273637374860957,5573.7,860.7,869.8,872.0,862.2,188.9,191.3,194.4,195.2,4.77,81.3,5.272,5572.4,860.7,868.7,871.7,861.7,189.3,190.7,193.8,194.8,4.79,81.9,5.252,12.4,1.178,0,nominal,0,0.0,195.0,701985.4
14.7,takeoff_climb,96.69187986651835,408.78754171301443,30.289210233592883,5574.1,863.3,867.1,873.3,861.6,190.3,189.7,195.2,194.3,4.73,82.1,5.228,5571.3,860.7,868.7,871.7,861.7,189.4,190.8,193.9,194.9,4.79,81.9,5.251,12.3,1.178,0,nominal,0,0.0,195.0,701985.3
14.8,takeoff_climb,96.68298109010011,411.5684093437152,30.304783092324804,5572.1,859.7,866.4,872.7,862.3,189.9,190.6,193.6,193.7,4.81,82.1,5.267,5570.3,860.7,868.7,871.7,861.7,189.5,190.9,194.0,195.0,4.79,81.9,5.249,12.3,1.177,0,nominal,0,0.0,195.0,701985.2
14.9,takeoff_climb,96.67408231368186,414.349276974416,30.32035595105673,5567.3,860.4,871.1,870.1,863.4,188.9,190.6,194.8,195.4,4.81,81.5,5.273,5569.2,860.7,868.7,871.7,861.7,189.6,191.0,194.1,195.1,4.79,81.9,5.247,12.3,1.177,0,nominal,0,0.0,195.0,701985.1
15.0,takeoff_climb,96.66518353726363,417.13014460511675,30.335928809788655,5561.4,859.4,869.7,869.1,861.3,189.1,190.3,194.4,195.3,4.79,82.2,5.235,5568.1,860.7,868.7,871.7,861.7,189.7,191.1,194.2,195.2,4.79,81.9,5.246,12.3,1.177,0,nominal,0,0.0,195.0,701985.0
15.1,takeoff_climb,96.65628476084538,419.91101223581757,30.351501668520577,5558.1,858.2,870.0,871.8,862.9,189.9,191.0,195.1,195.1,4.8,81.9,5.264,5567.1,860.7,868.7,871.7,861.7,189.8,191.2,194.3,195.3,4.79,82.0,5.244,12.3,1.176,0,nominal,0,0.0,195.0,701984.9
15.2,takeoff_climb,96.64738598442715,422.6918798665183,30.367074527252502,5564.4,860.3,868.1,869.7,861.6,190.7,192.4,193.8,195.4,4.78,81.7,5.253,5566.0,860.7,868.7,871.7,861.7,189.9,191.3,194.4,195.4,4.79,82.0,5.242,12.3,1.176,0,nominal,0,0.0,195.0,701984.8
15.3,takeoff_climb,96.6384872080089,425.47274749721913,30.382647385984427,5579.0,858.8,869.5,871.4,861.9,190.1,192.0,194.7,194.4,4.76,82.2,5.181,5564.9,860.7,868.7,871.7,861.7,190.0,191.4,194.5,195.5,4.78,82.0,5.241,12.2,1.176,0,nominal,0,0.0,195.0,701984.7
15.4,takeoff_climb,96.62958843159066,428.2536151279199,30.398220244716352,5565.7,861.4,869.0,872.8,860.9,190.3,191.8,194.9,195.3,4.74,81.6,5.164,5563.9,860.7,868.7,871.7,861.7,190.1,191.5,194.6,195.6,4.78,82.0,5.239,12.2,1.175,0,nominal,0,0.0,195.0,701984.6
15.5,takeoff_climb,96.62068965517241,431.03448275862064,30.413793103448278,5571.7,860.2,869.0,870.0,859.8,191.1,192.0,194.1,195.3,4.79,82.0,5.243,5562.8,860.7,868.7,871.7,861.7,190.2,191.6,194.7,195.7,4.78,82.0,5.237,12.2,1.175,0,nominal,0,0.0,195.0,701984.5
15.6,takeoff_climb,96.61179087875418,433.81535038932145,30.4293659621802,5554.7,861.8,866.7,870.7,859.4,189.5,192.1,194.6,196.0,4.82,81.4,5.229,5561.7,860.7,868.7,871.7,861.7,190.3,191.7,194.8,195.8,4.78,82.0,5.236,12.2,1.175,0,nominal,0,0.0,195.0,701984.4
15.7,takeoff_climb,96.60289210233593,436.5962180200222,30.444938820912125,5562.5,859.8,869.1,871.2,863.6,189.7,191.9,194.3,195.0,4.76,82.6,5.198,5560.7,860.7,868.7,871.7,861.7,190.4,191.7,194.8,195.8,4.78,82.1,5.234,12.2,1.174,0,nominal,0,0.0,195.0,701984.3
15.8,takeoff_climb,96.59399332591768,439.377085650723,30.46051167964405,5555.1,859.9,867.6,871.7,860.4,191.8,191.7,196.0,196.3,4.78,82.2,5.274,5559.6,860.7,868.7,871.7,861.7,190.5,191.8,194.9,195.9,4.78,82.1,5.233,12.1,1.174,0,nominal,0,0.0,195.0,701984.2
15.9,takeoff_climb,96.58509454949944,442.1579532814238,30.47608453837597,5552.9,863.0,868.3,873.4,863.6,190.4,191.6,195.8,196.1,4.81,81.8,5.248,5558.5,860.7,868.7,871.7,861.7,190.6,191.9,195.0,196.0,4.78,82.1,5.231,12.1,1.174,0,nominal,0,0.0,195.0,701984.1
16.0,takeoff_climb,96.5761957730812,444.9388209121246,30.491657397107897,5557.5,861.4,867.5,868.2,862.5,190.3,192.2,194.7,196.6,4.77,82.0,5.264,5557.4,860.7,868.7,871.7,861.7,190.6,192.0,195.1,196.1,4.78,82.1,5.229,12.1,1.174,0,nominal,0,0.0,195.0,701984.0
16.1,takeoff_climb,96.56729699666296,447.71968854282534,30.507230255839822,5559.1,861.8,866.7,870.4,863.7,190.2,191.3,195.5,196.8,4.76,81.9,5.233,5556.4,860.7,868.7,871.7,861.7,190.7,192.1,195.2,196.2,4.78,82.1,5.228,12.1,1.173,0,nominal,0,0.0,195.0,701983.9
16.2,takeoff_climb,96.55839822024471,450.5005561735261,30.522803114571747,5561.9,860.9,868.7,871.3,860.3,191.2,192.7,194.9,196.3,4.74,82.6,5.25,5555.3,860.7,868.7,871.7,861.7,190.8,192.2,195.3,196.3,4.78,82.1,5.226,12.1,1.173,0,nominal,0,0.0,195.0,701983.8
16.3,takeoff_climb,96.54949944382648,453.2814238042269,30.538375973303673,5556.6,860.2,868.4,872.4,862.4,191.2,191.8,194.8,195.3,4.8,82.4,5.216,5554.2,860.7,868.7,871.7,861.7,190.9,192.3,195.4,196.4,4.78,82.1,5.224,12.1,1.173,0,nominal,0,0.0,195.0,701983.7
16.4,takeoff_climb,96.54060066740823,456.06229143492766,30.553948832035594,5562.1,857.9,870.5,870.3,861.8,191.8,193.4,194.7,197.3,4.78,81.0,5.234,5553.2,860.6,868.6,871.6,861.6,191.0,192.4,195.5,196.5,4.78,82.2,5.223,12.0,1.172,0,nominal,0,0.0,195.0,701983.6
16.5,takeoff_climb,96.53170189098999,458.84315906562847,30.56952169076752,5549.9,859.1,866.9,873.5,863.7,189.5,192.0,195.6,195.9,4.77,82.2,5.226,5552.1,860.6,868.6,871.6,861.6,191.1,192.4,195.6,196.6,4.78,82.2,5.221,12.0,1.172,0,nominal,0,0.0,195.0,701983.5
16.6,takeoff_climb,96.52280311457174,461.6240266963292,30.585094549499445,5557.2,862.3,867.5,871.0,862.6,190.9,193.4,196.2,196.3,4.77,81.9,5.285,5551.0,860.6,868.6,871.6,861.6,191.2,192.5,195.7,196.7,4.78,82.2,5.22,12.0,1.172,0,nominal,0,0.0,195.0,701983.4
16.7,takeoff_climb,96.51390433815351,464.40489432703,30.600667408231367,5549.0,858.6,868.2,872.3,861.4,190.9,191.6,195.5,196.4,4.81,81.6,5.22,5550.0,860.6,868.6,871.6,861.6,191.2,192.6,195.8,196.8,4.78,82.2,5.218,12.0,1.171,0,nominal,0,0.0,195.0,701983.3
16.8,takeoff_climb,96.50500556173526,467.1857619577308,30.616240266963292,5546.3,860.6,865.3,871.4,861.1,190.6,192.4,195.3,197.4,4.76,82.1,5.257,5548.9,860.6,868.6,871.6,861.6,191.3,192.7,195.8,196.8,4.78,82.2,5.216,12.0,1.171,0,nominal,0,0.0,195.0,701983.2
16.9,takeoff_climb,96.49610678531702,469.96662958843154,30.631813125695217,5554.6,863.5,867.0,869.7,856.8,191.6,193.2,195.8,196.4,4.76,82.6,5.176,5547.8,860.6,868.6,871.6,861.6,191.4,192.8,195.9,196.9,4.78,82.2,5.215,11.9,1.171,0,nominal,0,0.0,195.0,701983.1
17.0,takeoff_climb,96.48720800889878,472.74749721913236,30.647385984427142,5543.3,859.7,867.7,872.3,862.4,191.6,191.5,196.6,196.4,4.84,82.4,5.239,5546.8,860.6,868.6,871.6,861.6,191.5,192.9,196.0,197.0,4.78,82.3,5.213,11.9,1.17,0,nominal,0,0.0,195.0,701983.0
17.1,takeoff_climb,96.47830923248054,475.5283648498331,30.662958843159064,5546.6,859.2,871.4,868.1,863.2,191.2,193.8,196.9,197.5,4.81,82.3,5.197,5545.7,860.6,868.6,871.6,861.6,191.6,192.9,196.1,197.1,4.78,82.3,5.212,11.9,1.17,0,nominal,0,0.0,195.0,701982.9
17.2,takeoff_climb,96.46941045606229,478.3092324805339,30.67853170189099,5546.3,862.3,870.6,872.5,861.3,192.0,193.4,196.1,197.6,4.79,82.4,5.183,5544.7,860.6,868.6,871.6,861.6,191.6,193.0,196.2,197.2,4.78,82.3,5.21,11.9,1.17,0,nominal,0,0.0,195.0,701982.8
17.3,takeoff_climb,96.46051167964404,481.0901001112347,30.694104560622915,5551.8,858.2,868.4,870.6,861.7,192.1,192.8,196.8,197.2,4.78,82.3,5.183,5543.6,860.6,868.6,871.6,861.6,191.7,193.1,196.3,197.3,4.78,82.3,5.208,11.9,1.169,0,nominal,0,0.0,195.0,701982.7
17.4,takeoff_climb,96.45161290322581,483.87096774193543,30.70967741935484,5537.6,863.0,867.5,874.0,860.9,191.2,194.1,196.6,197.6,4.82,82.8,5.214,5542.5,860.6,868.6,871.6,861.6,191.8,193.2,196.3,197.3,4.78,82.3,5.207,11.9,1.169,0,nominal,0,0.0,195.0,701982.6
17.5,takeoff_climb,96.44271412680756,486.65183537263624,30.72525027808676,5542.6,858.7,869.3,872.1,862.5,191.9,193.6,195.9,197.6,4.82,82.6,5.161,5541.5,860.6,868.6,871.6,861.6,191.9,193.3,196.4,197.4,4.78,82.3,5.205,11.8,1.169,0,nominal,0,0.0,195.0,701982.5
17.6,takeoff_climb,96.43381535038932,489.432703003337,30.740823136818687,5535.9,861.1,868.1,871.1,860.5,192.3,192.4,196.9,196.9,4.79,82.7,5.251,5540.4,860.6,868.6,871.6,861.6,192.0,193.3,196.5,197.5,4.78,82.3,5.203,11.8,1.168,0,nominal,0,0.0,195.0,701982.4
17.7,takeoff_climb,96.42491657397107,492.2135706340378,30.756395995550612,5539.2,860.6,867.2,872.0,862.5,192.6,193.9,197.7,197.1,4.79,83.0,5.241,5539.3,860.6,868.6,871.6,861.6,192.0,193.4,196.6,197.6,4.78,82.3,5.202,11.8,1.168,0,nominal,0,0.0,195.0,701982.3
17.8,takeoff_climb,96.41601779755284,494.99443826473856,30.771968854282537,5560.1,859.9,870.3,871.0,860.6,192.4,194.5,196.2,197.4,4.81,82.5,5.192,5538.3,860.6,868.6,871.6,861.6,192.1,193.5,196.7,197.7,4.78,82.4,5.2,11.8,1.168,0,nominal,0,0.0,195.0,701982.2
17.9,takeoff_climb,96.40711902113459,497.7753058954394,30.78754171301446,5545.2,865.5,867.6,870.3,862.4,191.7,193.4,196.3,197.6,4.78,82.1,5.21,5537.2,860.6,868.5,871.5,861.6,192.2,193.6,196.7,197.7,4.78,82.4,5.199,11.8,1.168,0,nominal,0,0.0,195.0,701982.1
18.0,takeoff_climb,96.39822024471636,500.5561735261401,30.803114571746384,5539.9,859.5,867.5,873.7,860.6,190.7,193.9,196.3,196.6,4.74,81.9,5.21,5536.1,860.5,868.5,871.5,861.5,192.3,193.6,196.8,197.8,4.77,82.4,5.197,11.7,1.167,0,nominal,0,0.0,195.0,701982.0
18.1,takeoff_climb,96.3893214682981,503.3370411568409,30.81868743047831,5533.0,863.4,867.9,874.0,862.2,192.3,192.8,197.5,197.9,4.78,81.3,5.185,5535.1,860.5,868.5,871.5,861.5,192.3,193.7,196.9,197.9,4.77,82.4,5.195,11.7,1.167,0,nominal,0,0.0,194.99,701981.9
18.2,takeoff_climb,96.38042269187987,506.1179087875417,30.834260289210235,5530.3,859.8,868.9,871.9,863.3,193.4,193.8,197.0,197.9,4.82,82.5,5.249,5534.0,860.5,868.5,871.5,861.5,192.4,193.8,197.0,198.0,4.77,82.4,5.194,11.7,1.167,0,nominal,0,0.0,194.99,701981.8
18.3,takeoff_climb,96.37152391546162,508.89877641824245,30.849833147942157,5533.9,859.3,867.1,868.9,858.5,193.6,194.4,197.5,197.6,4.78,82.4,5.253,5532.9,860.5,868.5,871.5,861.5,192.5,193.9,197.0,198.0,4.77,82.4,5.192,11.7,1.166,0,nominal,0,0.0,194.99,701981.7
18.4,takeoff_climb,96.36262513904339,511.67964404894326,30.865406006674082,5541.5,861.3,865.3,871.5,861.9,193.3,194.1,197.4,197.5,4.76,83.1,5.213,5531.9,860.5,868.5,871.5,861.5,192.5,193.9,197.1,198.1,4.77,82.4,5.19,11.7,1.166,0,nominal,0,0.0,194.99,701981.6
18.5,takeoff_climb,96.35372636262514,514.460511679644,30.880978865406007,5520.4,861.0,865.8,871.8,861.6,193.2,193.6,197.3,198.8,4.78,82.0,5.238,5530.8,860.5,868.5,871.5,861.5,192.6,194.0,197.2,198.2,4.77,82.5,5.189,11.7,1.166,0,nominal,0,0.0,194.99,701981.5
18.6,takeoff_climb,96.34482758620689,517.2413793103448,30.896551724137932,5525.6,861.4,869.2,870.5,862.7,192.3,195.0,197.7,198.8,4.79,82.9,5.138,5529.8,860.5,868.5,871.5,861.5,192.7,194.1,197.3,198.3,4.77,82.5,5.187,11.6,1.165,0,nominal,0,0.0,194.99,701981.4
18.7,takeoff_climb,96.33592880978865,520.0222469410455,30.912124582869854,5518.3,859.3,866.4,872.9,860.4,192.8,193.8,196.8,197.2,4.78,82.6,5.173,5528.7,860.5,868.5,871.5,861.5,192.8,194.1,197.3,198.3,4.77,82.5,5.186,11.6,1.165,0,nominal,0,0.0,194.99,701981.3
18.8,takeoff_climb,96.3270300333704,522.8031145717464,30.92769744160178,5533.4,861.3,870.9,874.0,863.4,192.3,193.1,197.0,197.4,4.74,83.0,5.178,5527.6,860.5,868.5,871.5,861.5,192.8,194.2,197.4,198.4,4.77,82.5,5.184,11.6,1.165,0,nominal,0,0.0,194.99,701981.2
18.9,takeoff_climb,96.31813125695217,525.5839822024471,30.943270300333705,5531.3,861.0,869.0,873.5,860.5,193.6,194.3,197.3,198.4,4.73,82.8,5.15,5526.6,860.5,868.5,871.5,861.5,192.9,194.3,197.5,198.5,4.77,82.5,5.182,11.6,1.164,0,nominal,0,0.0,194.99,701981.1
19.0,takeoff_climb,96.30923248053392,528.3648498331479,30.95884315906563,5533.9,859.6,867.5,868.2,861.6,193.2,194.5,198.2,197.8,4.77,83.0,5.22,5525.5,860.5,868.5,871.5,861.5,193.0,194.4,197.6,198.6,4.77,82.5,5.181,11.6,1.164,0,nominal,0,0.0,194.99,701981.0
19.1,takeoff_climb,96.30033370411569,531.1457174638487,30.97441601779755,5533.4,860.1,869.9,870.1,860.2,194.3,194.0,197.2,198.6,4.77,82.1,5.191,5524.5,860.5,868.5,871.5,861.5,193.0,194.4,197.6,198.6,4.77,82.5,5.179,11.5,1.164,0,nominal,0,0.0,194.99,701980.9
19.2,takeoff_climb,96.29143492769744,533.9265850945494,30.989988876529477,5522.4,860.3,867.1,872.1,864.8,193.6,193.9,197.3,198.2,4.79,82.5,5.158,5523.4,860.5,868.5,871.5,861.5,193.1,194.5,197.7,198.7,4.77,82.5,5.178,11.5,1.163,0,nominal,0,0.0,194.99,701980.8
19.3,takeoff_climb,96.2825361512792,536.7074527252503,31.005561735261402,5516.1,860.3,872.0,872.7,860.4,193.6,194.1,198.7,199.9,4.73,82.6,5.228,5522.3,860.5,868.5,871.5,861.5,193.2,194.6,197.8,198.8,4.77,82.5,5.176,11.5,1.163,0,nominal,0,0.0,194.99,701980.7
19.4,takeoff_climb,96.27363737486095,539.488320355951,31.021134593993324,5515.0,863.4,869.3,870.4,858.9,192.7,193.8,198.5,198.3,4.74,82.9,5.212,5521.3,860.4,868.4,871.4,861.4,193.2,194.6,197.8,198.8,4.77,82.6,5.174,11.5,1.163,0,nominal,0,0.0,194.99,701980.6
19.5,takeoff_climb,96.26473859844272,542.2691879866518,31.03670745272525,5519.0,861.0,869.9,871.0,862.0,192.1,194.3,197.3,198.9,4.74,82.9,5.205,5520.2,860.4,868.4,871.4,861.4,193.3,194.7,197.9,198.9,4.77,82.6,5.173,11.5,1.162,0,nominal,0,0.0,194.99,701980.5
19.6,takeoff_climb,96.25583982202447,545.0500556173525,31.052280311457174,5514.4,862.2,867.3,871.8,862.0,193.3,194.7,198.4,199.6,4.82,82.4,5.19,5519.2,860.4,868.4,871.4,861.4,193.3,194.8,198.0,199.0,4.77,82.6,5.171,11.5,1.162,0,nominal,0,0.0,194.99,701980.4
19.7,takeoff_climb,96.24694104560623,547.8309232480534,31.0678531701891,5523.5,860.0,867.3,870.5,862.2,192.8,195.4,198.5,199.1,4.72,82.4,5.192,5518.1,860.4,868.4,871.4,861.4,193.4,194.8,198.0,199.0,4.77,82.6,5.17,11.4,1.162,0,nominal,0,0.0,194.99,701980.3
19.8,takeoff_climb,96.23804226918799,550.6117908787542,31.083426028921025,5522.6,861.9,865.6,873.2,861.4,193.0,195.1,197.5,198.5,4.75,82.4,5.181,5517.0,860.4,868.4,871.4,861.4,193.5,194.9,198.1,199.1,4.77,82.6,5.168,11.4,1.162,0,nominal,0,0.0,194.99,701980.2
19.9,takeoff_climb,96.22914349276975,553.3926585094549,31.098998887652947,5517.8,860.1,866.6,872.2,861.2,194.0,195.2,198.6,198.5,4.74,82.9,5.181,5516.0,860.4,868.4,871.4,861.4,193.5,194.9,198.2,199.2,4.77,82.6,5.166,11.4,1.161,0,nominal,0,0.0,194.99,701980.1
20.0,takeoff_climb,96.2202447163515,556.1735261401557,31.114571746384872,5518.4,858.6,866.5,869.8,861.4,194.8,194.7,197.9,199.6,4.78,84.0,5.18,5514.9,860.4,868.4,871.4,861.4,193.6,195.0,198.2,199.2,4.77,82.6,5.165,11.4,1.161,0,nominal,0,0.0,194.99,701980.0
20.1,takeoff_climb,96.21134593993325,558.9543937708564,31.130144605116797,5512.3,859.8,867.2,870.8,864.1,194.0,194.9,198.0,199.1,4.78,83.5,5.179,5513.9,860.4,868.4,871.4,861.4,193.7,195.1,198.3,199.3,4.77,82.6,5.163,11.4,1.161,0,nominal,0,0.0,194.99,701979.9
20.2,takeoff_climb,96.20244716351502,561.7352614015573,31.14571746384872,5517.5,859.9,865.4,872.1,862.1,194.2,195.5,197.8,199.3,4.76,82.4,5.168,5512.8,860.4,868.4,871.4,861.4,193.7,195.1,198.4,199.4,4.77,82.6,5.162,11.3,1.16,0,nominal,0,0.0,194.99,701979.8
20.3,takeoff_climb,96.19354838709677,564.516129032258,31.161290322580644,5511.9,860.2,872.3,873.3,860.6,192.9,194.4,197.1,199.1,4.8,82.3,5.126,5511.7,860.4,868.4,871.4,861.4,193.8,195.2,198.4,199.4,4.77,82.7,5.16,11.3,1.16,0,nominal,0,0.0,194.99,701979.7
20.4,takeoff_climb,96.18464961067853,567.2969966629588,31.17686318131257,5505.0,860.5,868.1,871.6,862.6,195.1,195.0,198.3,198.9,4.78,83.2,5.198,5510.7,860.4,868.4,871.4,861.4,193.8,195.2,198.5,199.5,4.77,82.7,5.158,11.3,1.16,0,nominal,0,0.0,194.99,701979.6
20.5,takeoff_climb,96.17575083426028,570.0778642936596,31.192436040044495,5509.9,860.4,868.4,870.2,858.8,193.4,195.3,199.5,198.8,4.77,82.5,5.167,5509.6,860.4,868.4,871.4,861.4,193.9,195.3,198.5,199.5,4.77,82.7,5.157,11.3,1.159,0,nominal,0,0.0,194.99,701979.5
20.6,takeoff_climb,96.16685205784205,572.8587319243603,31.20800889877642,5504.8,858.8,868.3,870.9,860.4,193.7,195.0,198.9,200.4,4.77,82.1,5.086,5508.6,860.4,868.4,871.4,861.4,194.0,195.4,198.6,199.6,4.77,82.7,5.155,11.3,1.159,0,nominal,0,0.0,194.99,701979.4
20.7,takeoff_climb,96.1579532814238,575.6395995550612,31.22358175750834,5510.4,861.9,868.9,871.9,861.1,193.6,195.1,198.4,200.6,4.75,82.6,5.115,5507.5,860.4,868.4,871.4,861.4,194.0,195.4,198.7,199.7,4.77,82.7,5.154,11.3,1.159,0,nominal,0,0.0,194.99,701979.3
20.8,takeoff_climb,96.14905450500557,578.4204671857619,31.239154616240267,5507.0,860.3,869.0,870.2,861.4,194.5,195.5,198.6,200.3,4.76,83.6,5.152,5506.4,860.3,868.3,871.3,861.3,194.1,195.5,198.7,199.7,4.77,82.7,5.152,11.2,1.158,0,nominal,0,0.0,194.99,701979.2
20.9,takeoff_climb,96.14015572858732,581.2013348164627,31.254727474972192,5505.4,859.2,868.0,872.6,860.6,194.0,196.0,199.0,199.3,4.77,84.0,5.129,5505.4,860.3,868.3,871.3,861.3,194.1,195.5,198.8,199.8,4.77,82.7,5.15,11.2,1.158,0,nominal,0,0.0,194.99,701979.1
21.0,takeoff_climb,96.13125695216908,583.9822024471634,31.270300333704114,5516.9,861.7,869.3,870.4,862.1,194.1,195.4,198.5,199.6,4.77,82.0,5.183,5504.3,860.3,868.3,871.3,861.3,194.2,195.6,198.8,199.8,4.77,82.7,5.149,11.2,1.158,0,nominal,0,0.0,194.99,701979.0
21.1,takeoff_climb,96.12235817575083,586.7630700778643,31.28587319243604,5504.1,859.8,867.0,870.2,859.7,194.5,195.7,198.4,199.2,4.79,82.2,5.175,5503.3,860.3,868.3,871.3,861.3,194.2,195.7,198.9,199.9,4.77,82.7,5.147,11.2,1.157,0,nominal,0,0.0,194.99,701978.9
21.2,takeoff_climb,96.1134593993326,589.5439377085651,31.301446051167964,5501.6,862.5,867.4,872.0,859.0,194.4,195.6,199.5,199.0,4.75,82.8,5.177,5502.2,860.3,868.3,871.3,861.3,194.3,195.7,199.0,200.0,4.76,82.8,5.146,11.2,1.157,0,nominal,0,0.0,194.99,701978.8
21.3,takeoff_climb,96.10456062291435,592.3248053392658,31.31701890989989,5497.7,861.5,868.2,872.3,861.2,193.2,195.4,199.6,199.5,4.76,83.1,5.121,5501.2,860.3,868.3,871.3,861.3,194.4,195.8,199.0,200.0,4.76,82.8,5.144,11.1,1.157,0,nominal,0,0.0,194.99,701978.7
21.4,takeoff_climb,96.09566184649611,595.1056729699666,31.332591768631815,5501.3,863.4,866.5,871.1,863.2,194.3,195.8,199.4,199.8,4.75,83.1,5.13,5500.1,860.3,868.3,871.3,861.3,194.4,195.8,199.1,200.1,4.76,82.8,5.142,11.1,1.157,0,nominal,0,0.0,194.99,701978.6
21.5,takeoff_climb,96.08676307007786,597.8865406006673,31.348164627363737,5495.4,860.9,868.0,870.8,863.4,194.0,196.4,198.9,199.8,4.75,83.0,5.165,5499.0,860.3,868.3,871.3,861.3,194.5,195.9,199.1,200.1,4.76,82.8,5.141,11.1,1.156,0,nominal,0,0.0,194.99,701978.5
21.6,takeoff_climb,96.07786429365962,600.6674082313682,31.363737486095662,5500.9,862.8,867.2,873.3,862.9,194.4,196.7,199.7,199.8,4.76,83.3,5.177,5498.0,860.3,868.3,871.3,861.3,194.5,195.9,199.2,200.2,4.76,82.8,5.139,11.1,1.156,0,nominal,0,0.0,194.99,701978.4
21.7,takeoff_climb,96.06896551724138,603.448275862069,31.379310344827587,5501.5,859.8,866.2,872.6,862.1,195.7,195.1,199.7,200.7,4.8,83.2,5.135,5496.9,860.3,868.3,871.3,861.3,194.6,196.0,199.2,200.2,4.76,82.8,5.138,11.1,1.156,0,nominal,0,0.0,194.99,701978.3
21.8,takeoff_climb,96.06006674082313,606.2291434927697,31.39488320355951,5490.1,861.4,869.5,870.1,862.8,196.3,196.1,199.2,200.8,4.75,82.6,5.098,5495.9,860.3,868.3,871.3,861.3,194.6,196.0,199.3,200.3,4.76,82.8,5.136,11.1,1.155,0,nominal,0,0.0,194.99,701978.2
21.9,takeoff_climb,96.0511679644049,609.0100111234705,31.410456062291434,5498.3,862.3,865.4,872.8,861.6,194.9,196.4,200.0,200.8,4.75,83.2,5.139,5494.8,860.3,868.3,871.3,861.3,194.7,196.1,199.4,200.4,4.76,82.8,5.134,11.0,1.155,0,nominal,0,0.0,194.99,701978.1
22.0,takeoff_climb,96.04226918798665,611.7908787541712,31.42602892102336,5489.0,861.5,869.1,870.1,861.1,194.7,195.5,200.3,201.3,4.71,82.1,5.179,5493.8,860.3,868.3,871.3,861.3,194.7,196.1,199.4,200.4,4.76,82.8,5.133,11.0,1.155,0,nominal,0,0.0,194.99,701978.0
22.1,takeoff_climb,96.03337041156841,614.5717463848721,31.441601779755285,5488.2,860.6,866.8,869.4,861.7,196.1,195.9,198.8,199.8,4.8,82.6,5.079,5492.7,860.3,868.3,871.3,861.3,194.8,196.2,199.5,200.5,4.76,82.8,5.131,11.0,1.154,0,nominal,0,0.0,194.99,701977.9
22.2,takeoff_climb,96.02447163515016,617.3526140155728,31.457174638487206,5491.3,861.7,871.0,871.0,860.8,194.8,194.7,199.9,201.1,4.75,82.3,5.151,5491.7,860.2,868.2,871.2,861.2,194.8,196.2,199.5,200.5,4.76,82.8,5.13,11.0,1.154,0,nominal,0,0.0,194.99,701977.8
22.3,takeoff_climb,96.01557285873193,620.1334816462736,31.47274749721913,5499.1,859.7,869.5,870.0,860.1,194.7,196.4,200.4,200.8,4.75,82.6,5.12,5490.6,860.2,868.2,871.2,861.2,194.9,196.3,199.6,200.6,4.76,82.9,5.128,11.0,1.154,0,nominal,0,0.0,194.99,701977.7
22.4,takeoff_climb,96.00667408231368,622.9143492769743,31.488320355951057,5480.9,860.2,869.8,871.4,860.3,194.5,197.2,199.9,202.2,4.76,83.2,5.089,5489.6,860.2,868.2,871.2,861.2,194.9,196.3,199.6,200.6,4.76,82.9,5.126,11.0,1.153,0,nominal,0,0.0,194.99,701977.6
22.5,takeoff_climb,95.99777530589544,625.6952169076751,31.503893214682982,5483.9,860.6,866.7,871.0,859.8,194.2,195.7,199.6,201.1,4.76,83.3,5.12,5488.5,860.2,868.2,871.2,861.2,195.0,196.4,199.7,200.7,4.76,82.9,5.125,10.9,1.153,0,nominal,0,0.0,194.99,701977.5
22.6,takeoff_climb,95.9888765294772,628.476084538376,31.519466073414904,5490.1,859.1,867.5,869.4,861.3,194.2,196.2,200.1,200.2,4.69,83.6,5.144,5487.4,860.2,868.2,871.2,861.2,195.0,196.4,199.7,200.7,4.76,82.9,5.123,10.9,1.153,0,nominal,0,0.0,194.99,701977.4
22.7,takeoff_climb,95.97997775305896,631.2569521690767,31.53503893214683,5473.7,859.6,870.4,870.5,861.8,195.0,196.2,200.3,200.4,4.74,82.4,5.1,5486.4,860.2,868.2,871.2,861.2,195.1,196.5,199.8,200.8,4.76,82.9,5.122,10.9,1.152,0,nominal,0,0.0,194.99,701977.3
22.8,takeoff_climb,95.97107897664071,634.0378197997775,31.550611790878754,5482.7,859.8,867.6,870.6,861.1,195.1,195.7,199.3,200.6,4.75,82.5,5.126,5485.3,860.2,868.2,871.2,861.2,195.1,196.5,199.8,200.8,4.76,82.9,5.12,10.9,1.152,0,nominal,0,0.0,194.99,701977.2
22.9,takeoff_climb,95.96218020022246,636.8186874304782,31.56618464961068,5475.6,858.6,868.7,870.4,861.7,194.0,196.7,200.1,201.8,4.73,83.0,5.104,5484.3,860.2,868.2,871.2,861.2,195.2,196.6,199.9,200.9,4.76,82.9,5.118,10.9,1.152,0,nominal,0,0.0,194.99,701977.1
23.0,takeoff_climb,95.95328142380423,639.5995550611791,31.5817575083426,5476.4,861.1,867.4,870.0,860.7,196.0,197.0,200.9,200.5,4.73,82.1,5.138,5483.2,860.2,868.2,871.2,861.2,195.2,196.6,199.9,200.9,4.76,82.9,5.117,10.8,1.152,0,nominal,0,0.0,194.99,701977.0
23.1,takeoff_climb,95.94438264738598,642.3804226918799,31.597330367074527,5487.5,860.9,870.9,871.2,860.2,194.9,196.3,200.0,201.1,4.71,82.9,5.091,5482.2,860.2,868.2,871.2,861.2,195.3,196.7,200.0,201.0,4.76,82.9,5.115,10.8,1.151,0,nominal,0,0.0,194.99,701976.9
23.2,takeoff_climb,95.93548387096774,645.1612903225806,31.612903225806452,5484.1,861.7,870.2,872.3,860.3,196.0,197.6,199.2,200.2,4.79,83.1,5.103,5481.1,860.2,868.2,871.2,861.2,195.3,196.7,200.0,201.0,4.76,82.9,5.114,10.8,1.151,0,nominal,0,0.0,194.99,701976.8
23.3,takeoff_climb,95.9265850945495,647.9421579532814,31.628476084538377,5478.1,859.7,870.8,866.3,860.5,196.2,196.4,198.2,200.3,4.78,82.6,5.163,5480.1,860.2,868.2,871.2,861.2,195.4,196.8,200.1,201.1,4.76,82.9,5.112,10.8,1.151,0,nominal,0,0.0,194.99,701976.7
23.4,takeoff_climb,95.91768631813126,650.7230255839821,31.6440489432703,5481.2,860.8,867.9,871.8,859.9,195.0,197.9,200.5,202.2,4.74,83.1,5.108,5479.0,860.2,868.2,871.2,861.2,195.4,196.8,200.1,201.1,4.76,82.9,5.11,10.8,1.15,0,nominal,0,0.0,194.99,701976.6
23.5,takeoff_climb,95.90878754171301,653.503893214683,31.659621802002224,5480.5,858.1,864.8,869.1,860.8,194.5,196.5,199.9,201.7,4.79,82.6,5.098,5478.0,860.2,868.2,871.2,861.2,195.4,196.9,200.2,201.2,4.76,82.9,5.109,10.8,1.15,0,nominal,0,0.0,194.99,701976.5
23.6,takeoff_climb,95.89988876529478,656.2847608453837,31.67519466073415,5474.0,861.1,869.8,870.2,862.6,195.3,197.6,200.9,201.3,4.73,83.5,5.066,5476.9,860.1,868.1,871.1,861.1,195.5,196.9,200.2,201.2,4.76,83.0,5.107,10.7,1.15,0,nominal,0,0.0,194.99,701976.4
23.7,takeoff_climb,95.89098998887653,659.0656284760845,31.690767519466075,5483.3,861.7,869.5,872.2,862.2,194.7,197.2,201.0,202.1,4.7,83.1,5.123,5475.9,860.1,868.1,871.1,861.1,195.5,197.0,200.3,201.3,4.76,83.0,5.106,10.7,1.149,0,nominal,0,0.0,194.99,701976.3
23.8,takeoff_climb,95.88209121245829,661.8464961067853,31.706340378197996,5473.1,860.5,866.1,868.8,862.0,195.9,196.7,200.0,202.3,4.78,82.8,5.12,5474.8,860.1,868.1,871.1,861.1,195.6,197.0,200.3,201.3,4.76,83.0,5.104,10.7,1.149,0,nominal,0,0.0,194.99,701976.2
23.9,takeoff_climb,95.87319243604004,664.627363737486,31.72191323692992,5473.0,861.5,866.0,870.2,861.5,195.4,197.5,199.9,200.7,4.75,82.9,5.126,5473.8,860.1,868.1,871.1,861.1,195.6,197.1,200.3,201.3,4.76,83.0,5.102,10.7,1.149,0,nominal,0,0.0,194.99,701976.1
24.0,takeoff_climb,95.86429365962181,667.4082313681869,31.737486095661847,5471.7,860.2,869.3,870.3,860.5,196.2,197.1,200.9,200.9,4.77,83.2,5.087,5472.7,860.1,868.1,871.1,861.1,195.7,197.1,200.4,201.4,4.76,83.0,5.101,10.7,1.148,0,nominal,0,0.0,194.99,701976.0
24.1,takeoff_climb,95.85539488320356,670.1890989988876,31.753058954393772,5471.4,855.8,868.8,872.9,862.5,195.4,197.6,200.9,201.5,4.77,83.2,5.141,5471.7,860.1,868.1,871.1,861.1,195.7,197.1,200.4,201.4,4.76,83.0,5.099,10.6,1.148,0,nominal,0,0.0,194.99,701975.9
24.2,takeoff_climb,95.84649610678532,672.9699666295884,31.768631813125694,5476.6,860.0,866.2,871.0,860.2,195.0,196.9,200.0,199.9,4.76,83.0,5.132,5470.6,860.1,868.1,871.1,861.1,195.7,197.2,200.5,201.5,4.76,83.0,5.098,10.6,1.148,0,nominal,0,0.0,194.99,701975.8
24.3,takeoff_climb,95.83759733036707,675.7508342602891,31.78420467185762,5463.4,860.7,869.3,872.7,859.5,195.8,197.5,200.9,201.6,4.8,82.8,5.065,5469.6,860.1,868.1,871.1,861.1,195.8,197.2,200.5,201.5,4.76,83.0,5.096,10.6,1.147,0,nominal,0,0.0,194.99,701975.7
24.4,takeoff_climb,95.82869855394883,678.5317018909899,31.799777530589544,5471.9,859.3,866.6,871.8,862.3,195.7,197.2,201.1,202.0,4.76,82.9,5.11,5468.5,860.1,868.1,871.1,861.1,195.8,197.3,200.6,201.6,4.76,83.0,5.095,10.6,1.147,0,nominal,0,0.0,194.99,701975.6
24.5,takeoff_climb,95.81979977753059,681.3125695216908,31.815350389321466,5464.5,861.5,869.1,872.1,861.0,195.2,196.7,201.9,201.2,4.75,82.6,5.103,5467.5,860.1,868.1,871.1,861.1,195.9,197.3,200.6,201.6,4.76,83.0,5.093,10.6,1.147,0,nominal,0,0.0,194.99,701975.5
24.6,takeoff_climb,95.81090100111234,684.0934371523915,31.83092324805339,5467.3,862.1,866.8,870.9,861.2,195.5,196.9,200.9,201.9,4.73,83.3,5.068,5466.4,860.1,868.1,871.1,861.1,195.9,197.3,200.7,201.7,4.76,83.0,5.091,10.6,1.147,0,nominal,0,0.0,194.99,701975.4
24.7,takeoff_climb,95.8020022246941,686.8743047830923,31.846496106785317,5464.3,859.6,869.9,871.3,861.7,195.5,196.7,200.7,201.7,4.75,82.3,5.024,5465.4,860.1,868.1,871.1,861.1,196.0,197.4,200.7,201.7,4.76,83.0,5.09,10.5,1.146,0,nominal,0,0.0,194.99,701975.3
24.8,takeoff_climb,95.79310344827586,689.655172413793,31.862068965517242,5465.3,861.0,869.9,873.2,860.5,195.1,197.7,201.5,201.1,4.73,82.5,5.102,5464.3,860.1,868.1,871.1,861.1,196.0,197.4,200.7,201.7,4.76,83.0,5.088,10.5,1.146,0,nominal,0,0.0,194.99,701975.2
24.9,takeoff_climb,95.78420467185762,692.4360400444939,31.877641824249167,5469.3,860.1,867.3,872.7,859.9,195.8,197.9,200.2,201.2,4.76,82.4,5.123,5463.3,860.1,868.1,871.1,861.1,196.0,197.5,200.8,201.8,4.76,83.0,5.087,10.5,1.146,0,nominal,0,0.0,194.99,701975.1
25.0,takeoff_climb,95.77530589543937,695.2169076751946,31.89321468298109,5458.1,861.9,870.7,873.1,862.1,196.0,197.5,200.9,202.2,4.73,83.1,5.137,5462.2,860.0,868.0,871.0,861.0,196.1,197.5,200.8,201.8,4.76,83.0,5.085,10.5,1.145,0,nominal,0,0.0,194.99,701975.0
25.1,takeoff_climb,95.76640711902114,697.9977753058954,31.908787541713014,5456.4,860.6,867.0,871.6,862.7,197.0,197.3,201.3,203.0,4.74,83.8,5.035,5461.2,860.0,868.0,871.0,861.0,196.1,197.5,200.9,201.9,4.75,83.1,5.083,10.5,1.145,0,nominal,0,0.0,194.99,701974.9
25.2,takeoff_climb,95.75750834260289,700.7786429365962,31.92436040044494,5459.9,861.7,869.4,872.3,859.5,196.4,197.8,199.9,202.5,4.76,83.3,5.089,5460.1,860.0,868.0,871.0,861.0,196.1,197.6,200.9,201.9,4.75,83.1,5.082,10.4,1.145,0,nominal,0,0.0,194.99,701974.8
25.3,takeoff_climb,95.74860956618465,703.5595105672969,31.93993325917686,5448.8,859.5,868.7,870.8,860.8,195.2,196.2,200.5,201.6,4.8,83.5,5.047,5459.1,860.0,868.0,871.0,861.0,196.2,197.6,200.9,201.9,4.75,83.1,5.08,10.4,1.144,0,nominal,0,0.0,194.99,701974.7
25.4,takeoff_climb,95.7397107897664,706.3403781979978,31.955506117908786,5460.6,860.4,865.1,870.7,862.6,195.7,198.1,200.9,201.8,4.79,82.7,5.131,5458.0,860.0,868.0,871.0,861.0,196.2,197.7,201.0,202.0,4.75,83.1,5.079,10.4,1.144,0,nominal,0,0.0,194.99,701974.6
25.5,takeoff_climb,95.73081201334817,709.1212458286985,31.97107897664071,5452.6,861.5,870.5,868.7,860.3,197.7,197.2,201.4,202.1,4.75,83.4,5.102,5457.0,860.0,868.0,871.0,861.0,196.3,197.7,201.0,202.0,4.75,83.1,5.077,10.4,1.144,0,nominal,0,0.0,194.99,701974.5
25.6,takeoff_climb,95.72191323692992,711.9021134593993,31.986651835372637,5437.7,858.1,869.5,869.7,861.0,195.4,197.6,200.5,201.5,4.77,83.2,5.084,5455.9,860.0,868.0,871.0,861.0,196.3,197.7,201.1,202.1,4.75,83.1,5.076,10.4,1.143,0,nominal,0,0.0,194.99,701974.4
25.7,takeoff_climb,95.71301446051169,714.6829810901,32.00222469410456,5462.9,861.4,868.6,869.9,858.1,197.1,197.1,201.5,202.4,4.74,82.6,5.11,5454.9,860.0,868.0,871.0,861.0,196.3,197.8,201.1,202.1,4.75,83.1,5.074,10.4,1.143,0,nominal,0,0.0,194.99,701974.3
25.8,takeoff_climb,95.70411568409344,717.4638487208008,32.017797552836484,5454.6,858.6,870.5,870.4,862.2,195.7,197.6,200.9,202.8,4.74,82.9,5.112,5453.8,860.0,868.0,871.0,861.0,196.4,197.8,201.1,202.1,4.75,83.1,5.072,10.3,1.143,0,nominal,0,0.0,194.99,701974.2
25.9,takeoff_climb,95.69521690767519,720.2447163515017,32.03337041156841,5453.6,859.5,868.4,873.8,861.9,196.1,198.5,201.7,202.9,4.72,83.4,5.092,5452.8,860.0,868.0,871.0,861.0,196.4,197.8,201.2,202.2,4.75,83.1,5.071,10.3,1.143,0,nominal,0,0.0,194.99,701974.1
26.0,takeoff_climb,95.68631813125695,723.0255839822024,32.048943270300335,5446.1,859.4,867.8,869.1,860.3,195.9,198.1,201.1,202.8,4.74,82.2,5.124,5451.7,860.0,868.0,871.0,861.0,196.4,197.9,201.2,202.2,4.75,83.1,5.069,10.3,1.142,0,nominal,0,0.0,194.99,701974.0
26.1,takeoff_climb,95.6774193548387,725.8064516129032,32.064516129032256,5450.8,861.1,867.8,871.7,860.9,196.4,197.9,200.8,202.4,4.69,82.8,5.048,5450.7,860.0,868.0,871.0,861.0,196.5,197.9,201.3,202.3,4.75,83.1,5.068,10.3,1.142,0,nominal,0,0.0,194.99,701973.9
26.2,takeoff_climb,95.66852057842047,728.5873192436039,32.080088987764185,5451.2,859.9,870.1,870.3,858.9,195.9,198.3,200.7,202.6,4.72,82.7,5.038,5449.6,860.0,868.0,871.0,861.0,196.5,198.0,201.3,202.3,4.75,83.1,5.066,10.3,1.142,0,nominal,0,0.0,194.99,701973.8
26.3,takeoff_climb,95.65962180200222,731.3681868743047,32.09566184649611,5441.4,860.0,870.1,869.2,860.1,196.6,198.4,201.6,201.5,4.74,83.3,5.066,5448.6,860.0,868.0,871.0,861.0,196.5,198.0,201.3,202.3,4.75,83.1,5.065,10.2,1.141,0,nominal,0,0.0,194.99,701973.7
26.4,takeoff_climb,95.65072302558399,734.1490545050056,32.11123470522803,5449.8,858.9,867.8,871.2,860.9,198.0,196.7,201.2,204.0,4.78,83.1,5.039,5447.6,859.9,867.9,870.9,860.9,196.6,198.0,201.4,202.4,4.75,83.1,5.063,10.2,1.141,0,nominal,0,0.0,194.99,701973.6
26.5,takeoff_climb,95.64182424916574,736.9299221357063,32.12680756395996,5444.6,859.6,869.3,869.6,861.2,196.4,197.9,201.6,203.3,4.77,83.7,5.052,5446.5,859.9,867.9,870.9,860.9,196.6,198.1,201.4,202.4,4.75,83.1,5.061,10.2,1.141,0,nominal,0,0.0,194.99,701973.5
26.6,takeoff_climb,95.6329254727475,739.7107897664071,32.14238042269188,5437.2,862.2,867.9,869.8,862.3,196.4,198.4,202.4,203.3,4.77,83.4,5.006,5445.5,859.9,867.9,870.9,860.9,196.6,198.1,201.4,202.4,4.75,83.1,5.06,10.2,1.14,0,nominal,0,0.0,194.99,701973.4
26.7,takeoff_climb,95.62402669632925,742.4916573971078,32.1579532814238,5446.1,864.0,865.4,872.3,861.1,197.2,197.8,202.2,202.0,4.75,83.1,5.083,5444.4,859.9,867.9,870.9,860.9,196.7,198.1,201.5,202.5,4.75,83.1,5.058,10.2,1.14,0,nominal,0,0.0,194.99,701973.3
26.8,takeoff_climb,95.61512791991102,745.2725250278087,32.17352614015573,5444.9,861.0,866.5,873.0,861.2,197.2,197.9,201.9,202.3,4.71,84.0,5.121,5443.4,859.9,867.9,870.9,860.9,196.7,198.2,201.5,202.5,4.75,83.1,5.057,10.2,1.14,0,nominal,0,0.0,194.99,701973.2
26.9,takeoff_climb,95.60622914349277,748.0533926585094,32.18909899888765,5436.0,858.7,864.6,871.9,861.8,197.6,198.8,202.6,202.0,4.76,83.1,5.009,5442.3,859.9,867.9,870.9,860.9,196.7,198.2,201.5,202.5,4.75,83.1,5.055,10.1,1.139,0,nominal,0,0.0,194.99,701973.1
27.0,takeoff_climb,95.59733036707453,750.8342602892102,32.20467185761958,5442.3,860.6,868.6,871.2,861.4,195.9,198.3,201.3,201.2,4.79,83.5,5.038,5441.3,859.9,867.9,870.9,860.9,196.8,198.2,201.6,202.6,4.75,83.1,5.054,10.1,1.139,0,nominal,0,0.0,194.99,701973.0
27.1,takeoff_climb,95.58843159065628,753.615127919911,32.2202447163515,5442.2,861.2,870.2,870.3,861.9,197.3,198.0,201.4,202.8,4.75,82.8,5.043,5440.2,859.9,867.9,870.9,860.9,196.8,198.3,201.6,202.6,4.75,83.2,5.052,10.1,1.139,0,nominal,0,0.0,194.99,701972.9
27.2,takeoff_climb,95.57953281423804,756.3959955506117,32.23581757508342,5435.8,860.1,870.2,868.2,860.6,197.3,198.3,201.4,203.6,4.73,83.5,5.054,5439.2,859.9,867.9,870.9,860.9,196.8,198.3,201.6,202.6,4.75,83.2,5.05,10.1,1.138,0,nominal,0,0.0,194.99,701972.8
27.3,takeoff_climb,95.5706340378198,759.1768631813126,32.25139043381535,5448.3,859.5,867.3,870.7,860.8,196.3,197.9,201.3,202.2,4.8,83.3,5.027,5438.2,859.9,867.9,870.9,860.9,196.9,198.3,201.7,202.7,4.75,83.2,5.049,10.1,1.138,0,nominal,0,0.0,194.99,701972.7
27.4,takeoff_climb,95.56173526140155,761.9577308120133,32.266963292547274,5440.7,857.8,866.8,869.1,860.5,197.4,199.2,201.6,201.5,4.74,82.6,5.017,5437.1,859.9,867.9,870.9,860.9,196.9,198.4,201.7,202.7,4.75,83.2,5.047,10.0,1.138,0,nominal,0,0.0,194.99,701972.6
27.5,takeoff_climb,95.55283648498332,764.7385984427141,32.2825361512792,5433.2,860.8,866.9,869.3,861.5,196.9,197.0,200.5,203.3,4.73,83.1,5.085,5436.1,859.9,867.9,870.9,860.9,196.9,198.4,201.7,202.7,4.75,83.2,5.046,10.0,1.138,0,nominal,0,0.0,194.99,701972.5
27.6,takeoff_climb,95.54393770856507,767.5194660734148,32.298109010011125,5431.4,859.3,869.4,873.2,861.6,196.5,198.4,201.4,203.3,4.73,83.1,5.077,5435.0,859.9,867.9,870.9,860.9,197.0,198.4,201.8,202.8,4.75,83.2,5.044,10.0,1.137,0,nominal,0,0.0,194.99,701972.4
27.7,takeoff_climb,95.53503893214683,770.3003337041156,32.313681868743046,5434.5,858.8,868.1,869.4,860.9,196.5,198.4,201.6,203.1,4.77,83.3,5.063,5434.0,859.9,867.9,870.9,860.9,197.0,198.4,201.8,202.8,4.75,83.2,5.043,10.0,1.137,0,nominal,0,0.0,194.99,701972.3
27.8,takeoff_climb,95.52614015572858,773.0812013348165,32.329254727474975,5431.0,857.7,870.0,872.1,860.1,196.0,198.5,202.0,202.2,4.77,83.8,5.073,5432.9,859.8,867.8,870.8,860.8,197.0,198.5,201.8,202.8,4.75,83.2,5.041,10.0,1.137,0,nominal,0,0.0,194.99,701972.2
27.9,takeoff_climb,95.51724137931035,775.8620689655172,32.3448275862069,5430.4,856.7,866.7,871.2,860.3,196.9,199.1,201.0,203.2,4.78,82.9,5.044,5431.9,859.8,867.8,870.8,860.8,197.1,198.5,201.9,202.9,4.75,83.2,5.039,10.0,1.136,0,nominal,0,0.0,194.99,701972.1
28.0,takeoff_climb,95.5083426028921,778.642936596218,32.36040044493882,5434.7,860.4,867.8,870.2,861.5,198.1,197.4,201.1,201.5,4.77,82.4,5.053,5430.9,859.8,867.8,870.8,860.8,197.1,198.5,201.9,202.9,4.75,83.2,5.038,9.9,1.136,0,nominal,0,0.0,194.99,701972.0
28.1,takeoff_climb,95.49944382647386,781.4238042269187,32.37597330367075,5417.9,861.6,867.3,871.7,859.5,196.7,198.7,200.8,203.5,4.74,83.0,5.008,5429.8,859.8,867.8,870.8,860.8,197.1,198.6,201.9,202.9,4.75,83.2,5.036,9.9,1.136,0,nominal,0,0.0,194.99,701971.9
28.2,takeoff_climb,95.49054505005562,784.2046718576195,32.39154616240267,5432.5,859.4,868.1,868.6,858.6,197.2,198.8,202.0,203.7,4.7,83.0,5.099,5428.8,859.8,867.8,870.8,860.8,197.1,198.6,202.0,203.0,4.75,83.2,5.035,9.9,1.135,0,nominal,0,0.0,194.99,701971.8
28.3,takeoff_climb,95.48164627363738,786.9855394883203,32.40711902113459,5428.9,858.1,869.2,867.8,861.8,197.7,199.1,201.4,203.3,4.72,83.5,5.033,5427.7,859.8,867.8,870.8,860.8,197.2,198.6,202.0,203.0,4.75,83.2,5.033,9.9,1.135,0,nominal,0,0.0,194.99,701971.7
28.4,takeoff_climb,95.47274749721913,789.7664071190211,32.42269187986652,5431.8,860.4,867.5,874.6,860.9,196.6,198.6,201.8,203.9,4.73,83.5,5.027,5426.7,859.8,867.8,870.8,860.8,197.2,198.7,202.0,203.0,4.75,83.2,5.032,9.9,1.135,0,nominal,0,0.0,194.99,701971.6
28.5,takeoff_climb,95.46384872080088,792.5472747497219,32.43826473859844,5432.2,858.6,869.4,870.3,860.0,197.2,198.7,202.2,202.9,4.76,83.5,5.035,5425.6,859.8,867.8,870.8,860.8,197.2,198.7,202.0,203.0,4.75,83.2,5.03,9.8,1.134,0,nominal,0,0.0,194.99,701971.5
28.6,takeoff_climb,95.45494994438265,795.3281423804226,32.45383759733036,5427.8,858.0,868.2,868.7,858.8,197.1,199.0,201.9,203.2,4.74,83.1,5.035,5424.6,859.8,867.8,870.8,860.8,197.3,198.7,202.1,203.1,4.75,83.2,5.028,9.8,1.134,0,nominal,0,0.0,194.99,701971.4
28.7,takeoff_climb,95.4460511679644,798.1090100111235,32.46941045606229,5413.6,861.0,867.3,870.4,858.7,196.6,200.2,201.6,202.7,4.74,82.8,5.046,5423.6,859.8,867.8,870.8,860.8,197.3,198.7,202.1,203.1,4.75,83.2,5.027,9.8,1.134,0,nominal,0,0.0,194.99,701971.3
28.8,takeoff_climb,95.43715239154616,800.8898776418242,32.48498331479421,5424.4,859.1,867.6,870.3,860.9,197.4,198.7,202.3,202.6,4.74,84.0,5.002,5422.5,859.8,867.8,870.8,860.8,197.3,198.8,202.1,203.1,4.75,83.2,5.025,9.8,1.134,0,nominal,0,0.0,194.99,701971.2
28.9,takeoff_climb,95.42825361512791,803.670745272525,32.50055617352614,5421.4,859.4,867.2,872.4,861.4,197.7,198.6,202.3,202.7,4.73,83.0,5.035,5421.5,859.8,867.8,870.8,860.8,197.3,198.8,202.2,203.2,4.75,83.2,5.024,9.8,1.133,0,nominal,0,0.0,194.99,701971.1
29.0,takeoff_climb,95.41935483870968,806.4516129032257,32.516129032258064,5421.0,859.6,866.8,869.9,860.9,198.7,199.1,202.6,204.0,4.79,83.2,5.026,5420.4,859.8,867.8,870.8,860.8,197.4,198.8,202.2,203.2,4.75,83.2,5.022,9.8,1.133,0,nominal,0,0.0,194.99,701971.0
29.1,takeoff_climb,95.41045606229143,809.2324805339265,32.531701890989986,5423.2,860.7,870.0,871.5,859.3,197.0,199.7,201.4,203.5,4.72,83.9,5.04,5419.4,859.8,867.8,870.8,860.8,197.4,198.8,202.2,203.2,4.75,83.2,5.021,9.7,1.133,0,nominal,0,0.0,194.99,701970.9
29.2,takeoff_climb,95.4015572858732,812.0133481646274,32.547274749721915,5417.7,859.4,866.7,871.2,860.8,197.5,198.9,203.0,203.5,4.74,83.2,4.996,5418.4,859.7,867.7,870.7,860.7,197.4,198.9,202.2,203.2,4.75,83.2,5.019,9.7,1.132,0,nominal,0,0.0,194.99,701970.8
29.3,takeoff_climb,95.39265850945495,814.7942157953281,32.562847608453836,5426.1,859.0,867.8,870.9,861.4,198.3,200.0,201.7,201.5,4.76,84.4,5.023,5417.3,859.7,867.7,870.7,860.7,197.4,198.9,202.3,203.3,4.75,83.2,5.018,9.7,1.132,0,nominal,0,0.0,194.99,701970.7
29.4,takeoff_climb,95.38375973303671,817.5750834260289,32.578420467185765,5424.8,861.9,864.0,869.4,859.7,197.8,197.8,202.8,202.9,4.78,82.7,5.026,5416.3,859.7,867.7,870.7,860.7,197.5,198.9,202.3,203.3,4.75,83.2,5.016,9.7,1.132,0,nominal,0,0.0,194.99,701970.6
29.5,takeoff_climb,95.37486095661846,820.3559510567296,32.59399332591769,5415.2,856.7,867.6,868.4,864.9,196.6,198.7,201.0,203.4,4.75,83.3,5.011,5415.2,859.7,867.7,870.7,860.7,197.5,199.0,202.3,203.3,4.75,83.2,5.014,9.7,1.131,0,nominal,0,0.0,194.99,701970.5
29.6,takeoff_climb,95.36596218020023,823.1368186874304,32.60956618464961,5417.0,862.2,867.4,871.0,861.0,198.5,198.7,202.3,203.4,4.73,82.7,5.053,5414.2,859.7,867.7,870.7,860.7,197.5,199.0,202.4,203.4,4.75,83.2,5.013,9.6,1.131,0,nominal,0,0.0,194.99,701970.4
29.7,takeoff_climb,95.35706340378198,825.9176863181312,32.62513904338154,5416.6,859.9,866.6,873.1,860.9,197.3,199.6,203.0,202.4,4.74,83.4,5.023,5413.2,859.7,867.7,870.7,860.7,197.5,199.0,202.4,203.4,4.75,83.2,5.011,9.6,1.131,0,nominal,0,0.0,194.99,701970.3
29.8,takeoff_climb,95.34816462736374,828.698553948832,32.64071190211346,5411.4,859.7,866.7,870.5,859.6,198.7,198.7,203.5,202.5,4.83,83.3,4.98,5412.1,859.7,867.7,870.7,860.7,197.6,199.0,202.4,203.4,4.75,83.2,5.01,9.6,1.13,0,nominal,0,0.0,194.99,701970.2
29.9,takeoff_climb,95.3392658509455,831.4794215795328,32.65628476084538,5404.7,861.8,871.1,870.0,862.0,197.1,198.8,202.9,204.6,4.77,83.5,5.02,5411.1,859.7,867.7,870.7,860.7,197.6,199.1,202.4,203.4,4.75,83.2,5.008,9.6,1.13,0,nominal,0,0.0,194.99,701970.1
30.0,takeoff_climb,95.33036707452726,834.2602892102335,32.67185761957731,5417.3,859.7,867.1,872.5,859.9,198.0,198.5,203.1,203.9,4.8,82.9,5.0,5410.0,859.7,867.7,870.7,860.7,197.6,199.1,202.5,203.5,4.75,83.2,5.007,9.6,1.13,0,nominal,0,0.0,194.99,701970.0
30.1,takeoff_climb,95.32146829810901,837.0411568409343,32.68743047830923,5408.8,857.4,868.5,871.6,859.1,197.5,198.6,202.2,203.4,4.79,82.8,5.009,5409.0,859.7,867.7,870.7,860.7,197.6,199.1,202.5,203.5,4.75,83.2,5.005,9.6,1.13,0,nominal,0,0.0,194.99,701969.9
30.2,takeoff_climb,95.31256952169076,839.8220244716351,32.70300333704115,5406.8,857.4,868.0,871.5,861.0,197.8,199.0,202.8,203.5,4.74,84.4,5.078,5408.0,859.7,867.7,870.7,860.7,197.7,199.1,202.5,203.5,4.75,83.2,5.003,9.5,1.129,0,nominal,0,0.0,194.99,701969.8
30.3,takeoff_climb,95.30367074527253,842.6028921023359,32.71857619577308,5406.9,858.8,867.7,869.9,859.2,197.6,198.8,202.2,204.7,4.71,83.4,5.02,5406.9,859.7,867.7,870.7,860.7,197.7,199.2,202.5,203.5,4.74,83.2,5.002,9.5,1.129,0,nominal,0,0.0,194.99,701969.7
30.4,takeoff_climb,95.29477196885428,845.3837597330366,32.734149054505004,5396.7,859.0,867.3,870.2,862.6,198.3,199.3,203.1,204.8,4.73,83.0,4.989,5405.9,859.7,867.7,870.7,860.7,197.7,199.2,202.6,203.6,4.74,83.2,5.0,9.5,1.129,0,nominal,0,0.0,194.99,701969.6
30.5,takeoff_climb,95.28587319243604,848.1646273637374,32.74972191323693,5411.8,857.8,867.4,870.8,858.1,197.9,199.9,203.0,203.9,4.74,83.5,4.934,5404.9,859.6,867.6,870.6,860.6,197.7,199.2,202.6,203.6,4.74,83.2,4.999,9.5,1.128,0,nominal,0,0.0,194.99,701969.5
30.6,takeoff_climb,95.2769744160178,850.9454949944383,32.765294771968854,5403.8,858.1,869.4,872.4,859.2,197.1,199.2,202.1,203.2,4.71,82.9,4.997,5403.8,859.6,867.6,870.6,860.6,197.8,199.2,202.6,203.6,4.74,83.2,4.997,9.5,1.128,0,nominal,0,0.0,194.99,701969.4
30.7,takeoff_climb,95.26807563959956,853.726362625139,32.780867630700776,5403.8,859.4,865.7,871.4,859.4,197.9,199.9,202.6,204.0,4.76,83.3,4.939,5402.8,859.6,867.6,870.6,860.6,197.8,199.2,202.6,203.6,4.74,83.2,4.996,9.5,1.128,0,nominal,0,0.0,194.99,701969.3
30.8,takeoff_climb,95.25917686318131,856.5072302558398,32.796440489432705,5412.9,860.2,864.5,869.6,859.1,198.3,199.3,202.1,202.8,4.75,83.4,4.991,5401.7,859.6,867.6,870.6,860.6,197.8,199.3,202.7,203.7,4.74,83.2,4.994,9.4,1.127,0,nominal,0,0.0,194.99,701969.2
30.9,takeoff_climb,95.25027808676307,859.2880978865405,32.812013348164626,5401.8,859.5,867.8,870.5,863.6,197.8,198.5,203.0,203.4,4.78,83.7,5.015,5400.7,859.6,867.6,870.6,860.6,197.8,199.3,202.7,203.7,4.74,83.3,4.993,9.4,1.127,0,nominal,0,0.0,194.99,701969.1
31.0,takeoff_climb,95.24137931034483,862.0689655172413,32.827586206896555,5396.4,857.6,868.9,871.9,861.3,198.1,199.6,203.5,203.6,4.79,82.6,4.987,5399.7,859.6,867.6,870.6,860.6,197.9,199.3,202.7,203.7,4.74,83.3,4.991,9.4,1.127,0,nominal,0,0.0,194.99,701969.0
31.1,takeoff_climb,95.23248053392659,864.8498331479421,32.84315906562848,5396.6,859.5,866.9,869.3,859.5,197.5,198.6,203.2,203.6,4.77,82.9,5.005,5398.6,859.6,867.6,870.6,860.6,197.9,199.3,202.7,203.7,4.74,83.3,4.989,9.4,1.126,0,nominal,0,0.0,194.99,701968.9
31.2,takeoff_climb,95.22358175750834,867.6307007786429,32.8587319243604,5400.9,861.1,868.5,870.2,860.5,197.5,198.7,202.8,204.6,4.7,83.7,5.036,5397.6,859.6,867.6,870.6,860.6,197.9,199.4,202.7,203.7,4.74,83.3,4.988,9.4,1.126,0,nominal,0,0.0,194.99,701968.8
31.3,takeoff_climb,95.2146829810901,870.4115684093437,32.87430478309233,5400.3,859.5,868.9,871.1,861.1,198.0,200.3,202.3,203.1,4.76,83.0,4.958,5396.6,859.6,867.6,870.6,860.6,197.9,199.4,202.8,203.8,4.74,83.3,4.986,9.3,1.126,0,nominal,0,0.0,194.99,701968.7
31.4,takeoff_climb,95.20578420467186,873.1924360400444,32.88987764182425,5399.6,857.4,869.8,870.8,861.7,197.1,199.0,203.5,204.9,4.71,83.0,5.024,5395.5,859.6,867.6,870.6,860.6,197.9,199.4,202.8,203.8,4.74,83.3,4.985,9.3,1.126,0,nominal,0,0.0,194.99,701968.6
31.5,takeoff_climb,95.19688542825361,875.9733036707452,32.90545050055617,5399.3,858.2,867.1,871.1,861.7,198.2,199.4,203.5,203.8,4.8,83.4,5.003,5394.5,859.6,867.6,870.6,860.6,198.0,199.4,202.8,203.8,4.74,83.3,4.983,9.3,1.125,0,nominal,0,0.0,194.99,701968.5
31.6,takeoff_climb,95.18798665183537,878.754171301446,32.9210233592881,5393.5,857.8,869.1,872.4,857.9,197.4,199.9,202.5,203.8,4.71,83.3,4.976,5393.5,859.6,867.6,870.6,860.6,198.0,199.4,202.8,203.8,4.74,83.3,4.982,9.3,1.125,0,nominal,0,0.0,194.99,701968.4
31.7,takeoff_climb,95.17908787541712,881.5350389321468,32.93659621802002,5398.0,859.1,866.5,871.8,862.0,198.3,200.6,202.1,205.4,4.75,83.1,4.956,5392.4,859.6,867.6,870.6,860.6,198.0,199.5,202.9,203.9,4.74,83.3,4.98,9.3,1.125,0,nominal,0,0.0,194.99,701968.3
31.8,takeoff_climb,95.17018909899889,884.3159065628475,32.95216907675194,5399.0,859.0,870.6,872.2,859.6,198.5,199.7,202.7,204.2,4.79,82.8,4.963,5391.4,859.6,867.6,870.6,860.6,198.0,199.5,202.9,203.9,4.74,83.3,4.979,9.3,1.124,0,nominal,0,0.0,194.99,701968.2
31.9,takeoff_climb,95.16129032258064,887.0967741935483,32.96774193548387,5385.6,860.5,867.8,869.6,861.7,198.5,198.6,203.0,203.4,4.73,82.7,4.976,5390.4,859.5,867.5,870.5,860.5,198.0,199.5,202.9,203.9,4.74,83.3,4.977,9.2,1.124,0,nominal,0,0.0,194.99,701968.1
32.0,takeoff_climb,95.1523915461624,889.8776418242492,32.983314794215794,5387.8,859.6,868.4,870.7,861.6,197.1,199.2,202.8,203.7,4.73,82.3,4.966,5389.3,859.5,867.5,870.5,860.5,198.1,199.5,202.9,203.9,4.74,83.3,4.976,9.2,1.124,0,nominal,0,0.0,194.99,701968.0
32.1,takeoff_climb,95.14349276974416,892.6585094549499,32.99888765294772,5389.1,858.1,869.1,871.0,860.9,196.7,199.1,202.6,203.5,4.72,83.9,5.037,5388.3,859.5,867.5,870.5,860.5,198.1,199.5,202.9,203.9,4.74,83.3,4.974,9.2,1.123,0,nominal,0,0.0,194.99,701967.9
32.2,takeoff_climb,95.13459399332592,895.4393770856507,33.014460511679644,5380.8,859.5,865.8,869.9,858.6,197.6,200.5,202.5,203.1,4.74,83.3,4.91,5387.3,859.5,867.5,870.5,860.5,198.1,199.6,203.0,204.0,4.74,83.3,4.972,9.2,1.123,0,nominal,0,0.0,194.99,701967.8
32.3,takeoff_climb,95.12569521690767,898.2202447163514,33.030033370411566,5381.5,858.3,866.6,869.5,860.4,198.4,199.1,202.3,204.7,4.75,84.6,4.937,5386.2,859.5,867.5,870.5,860.5,198.1,199.6,203.0,204.0,4.74,83.3,4.971,9.2,1.123,0,nominal,0,0.0,194.99,701967.7
32.4,takeoff_climb,95.11679644048944,901.0011123470522,33.045606229143495,5383.7,859.8,865.2,871.4,860.1,198.3,199.0,202.3,204.0,4.74,83.0,4.951,5385.2,859.5,867.5,870.5,860.5,198.1,199.6,203.0,204.0,4.74,83.3,4.969,9.1,1.123,0,nominal,0,0.0,194.99,701967.6
32.5,takeoff_climb,95.10789766407119,903.781979977753,33.061179087875416,5382.0,860.6,866.8,871.9,858.9,199.4,199.7,203.0,203.7,4.7,83.8,4.967,5384.2,859.5,867.5,870.5,860.5,198.2,199.6,203.0,204.0,4.74,83.3,4.968,9.1,1.122,0,nominal,0,0.0,194.99,701967.5
32.6,takeoff_climb,95.09899888765295,906.5628476084538,33.076751946607345,5382.8,860.1,868.0,870.9,861.6,196.9,199.8,202.3,204.5,4.73,83.0,4.992,5383.1,859.5,867.5,870.5,860.5,198.2,199.6,203.0,204.0,4.74,83.3,4.966,9.1,1.122,0,nominal,0,0.0,194.99,701967.4
32.7,takeoff_climb,95.0901001112347,909.3437152391546,33.09232480533927,5384.4,859.4,866.9,871.8,860.6,197.9,199.5,203.9,204.5,4.77,82.8,4.926,5382.1,859.5,867.5,870.5,860.5,198.2,199.7,203.1,204.1,4.74,83.3,4.965,9.1,1.122,0,nominal,0,0.0,194.99,701967.3
32.8,takeoff_climb,95.08120133481646,912.1245828698553,33.10789766407119,5392.6,860.4,866.9,871.6,861.1,198.8,201.5,202.7,204.0,4.72,82.3,4.992,5381.1,859.5,867.5,870.5,860.5,198.2,199.7,203.1,204.1,4.74,83.3,4.963,9.1,1.121,0,nominal,0,0.0,194.99,701967.2
32.9,takeoff_climb,95.07230255839822,914.9054505005561,33.12347052280312,5394.4,858.5,867.8,872.5,861.6,197.4,199.3,203.8,203.7,4.74,83.6,4.924,5380.0,859.5,867.5,870.5,860.5,198.2,199.7,203.1,204.1,4.74,83.3,4.962,9.1,1.121,0,nominal,0,0.0,194.99,701967.1
33.0,takeoff_climb,95.06340378197997,917.6863181312569,33.13904338153504,5367.8,861.5,868.6,869.5,860.2,198.6,199.8,204.7,202.4,4.69,83.3,4.971,5379.0,859.5,867.5,870.5,860.5,198.2,199.7,203.1,204.1,4.74,83.3,4.96,9.0,1.121,0,nominal,0,0.0,194.99,701967.0
33.1,takeoff_climb,95.05450500556174,920.4671857619577,33.15461624026696,5366.7,861.2,867.8,869.8,859.9,198.9,199.8,203.7,203.9,4.74,82.7,4.972,5378.0,859.5,867.5,870.5,860.5,198.3,199.7,203.1,204.1,4.74,83.3,4.959,9.0,1.12,0,nominal,0,0.0,194.99,701966.9
33.2,takeoff_climb,95.04560622914349,923.2480533926584,33.17018909899889,5383.0,858.0,868.3,871.1,862.1,198.5,200.3,203.4,203.8,4.75,83.6,4.998,5376.9,859.5,867.5,870.5,860.5,198.3,199.8,203.2,204.2,4.74,83.3,4.957,9.0,1.12,0,nominal,0,0.0,194.99,701966.8
33.3,takeoff_climb,95.03670745272525,926.0289210233592,33.18576195773081,5366.4,859.5,866.6,872.9,859.5,199.1,199.9,203.4,204.7,4.75,82.6,4.937,5375.9,859.4,867.4,870.4,860.4,198.3,199.8,203.2,204.2,4.74,83.3,4.955,9.0,1.12,0,nominal,0,0.0,194.99,701966.7
33.4,takeoff_climb,95.027808676307,928.80978865406,33.20133481646273,5367.9,858.7,867.8,870.1,859.5,198.9,199.9,203.3,201.8,4.75,84.0,4.915,5374.9,859.4,867.4,870.4,860.4,198.3,199.8,203.2,204.2,4.74,83.3,4.954,9.0,1.119,0,nominal,0,0.0,194.99,701966.6
33.5,takeoff_climb,95.01890989988877,931.5906562847608,33.21690767519466,5367.7,860.0,869.7,869.9,862.5,198.3,201.1,204.4,204.5,4.73,83.2,4.893,5373.8,859.4,867.4,870.4,860.4,198.3,199.8,203.2,204.2,4.74,83.3,4.952,8.9,1.119,0,nominal,0,0.0,194.99,701966.5
33.6,takeoff_climb,95.01001112347052,934.3715239154616,33.232480533926584,5374.4,859.7,865.6,870.6,861.2,197.7,197.9,202.5,204.5,4.77,83.1,4.922,5372.8,859.4,867.4,870.4,860.4,198.4,199.8,203.2,204.2,4.74,83.3,4.951,8.9,1.119,0,nominal,0,0.0,194.99,701966.4
33.7,takeoff_climb,95.00111234705228,937.1523915461623,33.248053392658505,5365.0,860.4,869.5,871.7,860.9,197.2,199.5,202.4,204.0,4.78,83.4,5.01,5371.8,859.4,867.4,870.4,860.4,198.4,199.8,203.2,204.2,4.74,83.3,4.949,8.9,1.119,0,nominal,0,0.0,194.99,701966.3
33.8,takeoff_climb,94.99221357063404,939.9332591768631,33.263626251390434,5377.3,861.0,867.4,871.4,860.1,198.2,198.4,203.2,204.9,4.73,83.5,4.874,5370.7,859.4,867.4,870.4,860.4,198.4,199.9,203.3,204.3,4.74,83.2,4.948,8.9,1.118,0,nominal,0,0.0,194.99,701966.2
33.9,takeoff_climb,94.9833147942158,942.714126807564,33.279199110122356,5369.4,858.4,865.7,871.5,862.0,197.8,200.0,203.2,206.4,4.72,83.1,5.008,5369.7,859.4,867.4,870.4,860.4,198.4,199.9,203.3,204.3,4.74,83.2,4.946,8.9,1.118,0,nominal,0,0.0,194.99,701966.1
34.0,takeoff_climb,94.97441601779755,945.4949944382647,33.294771968854285,5365.3,860.3,868.9,870.4,858.3,199.0,200.1,203.5,204.3,4.74,83.8,4.958,5368.7,859.4,867.4,870.4,860.4,198.4,199.9,203.3,204.3,4.74,83.2,4.945,8.9,1.118,0,nominal,0,0.0,194.99,701966.0
34.1,takeoff_climb,94.96551724137932,948.2758620689655,33.310344827586206,5375.1,858.9,869.6,869.9,859.3,198.8,199.5,203.0,203.9,4.73,83.1,4.932,5367.6,859.4,867.4,870.4,860.4,198.4,199.9,203.3,204.3,4.74,83.2,4.943,8.8,1.117,0,nominal,0,0.0,194.99,701965.9
34.2,takeoff_climb,94.95661846496107,951.0567296996662,33.32591768631813,5359.6,860.4,868.5,868.4,859.8,197.9,199.3,202.6,205.5,4.68,82.8,4.954,5366.6,859.4,867.4,870.4,860.4,198.4,199.9,203.3,204.3,4.74,83.2,4.942,8.8,1.117,0,nominal,0,0.0,194.99,701965.8
34.3,takeoff_climb,94.94771968854282,953.837597330367,33.34149054505006,5374.9,862.1,868.1,869.2,861.7,198.8,200.1,203.4,204.3,4.71,82.5,4.969,5365.6,859.4,867.4,870.4,860.4,198.5,199.9,203.4,204.4,4.74,83.2,4.94,8.8,1.117,0,nominal,0,0.0,194.99,701965.7
34.4,takeoff_climb,94.93882091212458,956.6184649610678,33.35706340378198,5354.7,858.1,869.8,869.5,858.3,198.7,200.3,204.1,204.6,4.78,83.2,4.944,5364.6,859.4,867.4,870.4,860.4,198.5,200.0,203.4,204.4,4.74,83.2,4.939,8.8,1.116,0,nominal,0,0.0,194.99,701965.6
34.5,takeoff_climb,94.92992213570633,959.3993325917686,33.37263626251391,5376.7,859.0,867.7,869.2,860.7,197.8,200.8,203.1,203.7,4.71,82.4,4.97,5363.5,859.4,867.4,870.4,860.4,198.5,200.0,203.4,204.4,4.74,83.2,4.937,8.8,1.116,0,nominal,0,0.0,194.99,701965.5
34.6,takeoff_climb,94.9210233592881,962.1802002224694,33.38820912124583,5355.9,861.2,867.0,871.1,860.0,197.6,199.1,202.8,203.8,4.71,83.5,4.951,5362.5,859.3,867.3,870.3,860.3,198.5,200.0,203.4,204.4,4.74,83.2,4.935,8.7,1.116,0,nominal,0,0.0,194.99,701965.4
34.7,takeoff_climb,94.91212458286985,964.9610678531701,33.40378197997775,5352.0,860.1,869.9,868.9,860.8,198.5,199.4,203.6,205.2,4.75,82.2,4.879,5361.5,859.3,867.3,870.3,860.3,198.5,200.0,203.4,204.4,4.74,83.2,4.934,8.7,1.115,0,nominal,0,0.0,194.99,701965.3
34.8,takeoff_climb,94.90322580645162,967.7419354838709,33.41935483870968,5353.4,858.3,867.3,870.3,858.3,196.5,200.1,203.2,205.4,4.77,83.2,4.939,5360.4,859.3,867.3,870.3,860.3,198.5,200.0,203.4,204.4,4.74,83.2,4.932,8.7,1.115,0,nominal,0,0.0,194.99,701965.2
34.9,takeoff_climb,94.89432703003337,970.5228031145717,33.4349276974416,5358.1,857.4,867.1,869.4,860.9,198.0,200.5,202.9,203.9,4.72,83.6,4.901,5359.4,859.3,867.3,870.3,860.3,198.6,200.0,203.4,204.4,4.74,83.2,4.931,8.7,1.115,0,nominal,0,0.0,194.99,701965.1
35.0,takeoff_climb,94.88542825361513,973.3036707452725,33.45050055617352,5352.2,860.1,868.6,872.4,859.7,198.3,200.1,203.5,204.6,4.73,83.4,4.913,5358.4,859.3,867.3,870.3,860.3,198.6,200.0,203.5,204.5,4.74,83.2,4.929,8.7,1.115,0,nominal,0,0.0,194.99,701965.0
35.1,takeoff_climb,94.87652947719688,976.0845383759732,33.46607341490545,5356.9,860.1,868.1,871.1,859.5,197.5,199.6,204.2,205.2,4.75,82.5,4.905,5357.4,859.3,867.3,870.3,860.3,198.6,200.1,203.5,204.5,4.74,83.2,4.928,8.7,1.114,0,nominal,0,0.0,194.99,701964.9
35.2,takeoff_climb,94.86763070077865,978.865406006674,33.481646273637374,5368.4,859.6,867.9,871.2,859.5,198.8,199.4,203.3,203.8,4.77,83.3,4.885,5356.3,859.3,867.3,870.3,860.3,198.6,200.1,203.5,204.5,4.74,83.2,4.926,8.6,1.114,0,nominal,0,0.0,194.99,701964.8
35.3,takeoff_climb,94.8587319243604,981.6462736373747,33.497219132369295,5357.6,859.9,868.3,870.6,860.3,198.5,201.4,203.8,203.9,4.72,83.5,4.937,5355.3,859.3,867.3,870.3,860.3,198.6,200.1,203.5,204.5,4.74,83.2,4.925,8.6,1.114,0,nominal,0,0.0,194.99,701964.7
35.4,takeoff_climb,94.84983314794216,984.4271412680756,33.512791991101224,5358.3,863.0,869.4,869.5,860.7,197.5,200.4,202.8,204.5,4.7,82.9,4.92,5354.3,859.3,867.3,870.3,860.3,198.6,200.1,203.5,204.5,4.74,83.2,4.923,8.6,1.113,0,nominal,0,0.0,194.99,701964.6
35.5,takeoff_climb,94.84093437152391,987.2080088987764,33.528364849833146,5359.9,859.2,869.3,871.9,860.5,199.7,200.1,203.9,204.2,4.74,83.3,4.913,5353.3,859.3,867.3,870.3,860.3,198.6,200.1,203.5,204.5,4.74,83.2,4.922,8.6,1.113,0,nominal,0,0.0,194.99,701964.5
35.6,takeoff_climb,94.83203559510568,989.9888765294771,33.543937708565075,5355.3,860.6,867.4,871.1,862.2,200.2,199.9,204.4,204.4,4.74,82.6,4.914,5352.2,859.3,867.3,870.3,860.3,198.7,200.1,203.6,204.6,4.74,83.2,4.92,8.6,1.113,0,nominal,0,0.0,194.99,701964.4
35.7,takeoff_climb,94.82313681868743,992.7697441601779,33.559510567296996,5354.3,858.7,867.0,869.7,860.3,198.2,200.9,203.6,203.5,4.78,82.6,4.902,5351.2,859.3,867.3,870.3,860.3,198.7,200.1,203.6,204.6,4.74,83.2,4.919,8.5,1.112,0,nominal,0,0.0,194.99,701964.3
35.8,takeoff_climb,94.81423804226918,995.5506117908787,33.57508342602892,5343.2,857.7,869.1,868.1,863.1,198.7,199.9,203.2,204.6,4.77,82.8,4.903,5350.2,859.3,867.3,870.3,860.3,198.7,200.2,203.6,204.6,4.74,83.2,4.917,8.5,1.112,0,nominal,0,0.0,194.99,701964.2
35.9,takeoff_climb,94.80533926585095,998.3314794215795,33.59065628476085,5358.1,860.7,868.5,868.4,859.8,199.7,199.6,202.6,204.8,4.7,82.6,4.912,5349.1,859.3,867.3,870.3,860.3,198.7,200.2,203.6,204.6,4.74,83.2,4.915,8.5,1.112,0,nominal,0,0.0,194.99,701964.1
36.0,takeoff_climb,94.7964404894327,1001.1123470522803,33.60622914349277,5336.2,857.0,868.4,869.8,862.5,197.9,200.7,203.3,204.4,4.71,83.1,4.929,5348.1,859.2,867.2,870.2,860.2,198.7,200.2,203.6,204.6,4.74,83.2,4.914,8.5,1.112,0,nominal,0,0.0,194.99,701964.0
36.1,takeoff_climb,94.78754171301446,1003.893214682981,33.6218020022247,5357.4,861.4,872.3,871.2,862.4,198.9,200.4,203.2,204.9,4.72,82.8,4.967,5347.1,859.2,867.2,870.2,860.2,198.7,200.2,203.6,204.6,4.74,83.2,4.912,8.5,1.111,0,nominal,0,0.0,194.99,701963.9
36.2,takeoff_climb,94.77864293659621,1006.6740823136818,33.63737486095662,5350.9,860.1,868.2,869.9,858.1,199.2,199.6,202.9,204.5,4.77,82.7,4.874,5346.1,859.2,867.2,870.2,860.2,198.7,200.2,203.6,204.6,4.74,83.2,4.911,8.5,1.111,0,nominal,0,0.0,194.99,701963.8
36.3,takeoff_climb,94.76974416017798,1009.4549499443826,33.65294771968854,5346.9,859.2,868.3,870.8,858.6,198.4,199.6,204.3,204.8,4.77,83.6,4.901,5345.0,859.2,867.2,870.2,860.2,198.7,200.2,203.6,204.6,4.74,83.2,4.909,8.4,1.111,0,nominal,0,0.0,194.99,701963.7
36.4,takeoff_climb,94.76084538375973,1012.2358175750834,33.66852057842047,5338.8,857.4,866.5,868.7,860.3,198.3,200.3,203.6,205.0,4.74,83.1,4.957,5344.0,859.2,867.2,870.2,860.2,198.8,200.2,203.7,204.7,4.74,83.2,4.908,8.4,1.11,0,nominal,0,0.0,194.99,701963.6
36.5,takeoff_climb,94.7519466073415,1015.0166852057841,33.68409343715239,5348.0,861.2,865.2,874.6,857.7,199.0,200.8,203.2,204.8,4.75,83.4,4.881,5343.0,859.2,867.2,870.2,860.2,198.8,200.2,203.7,204.7,4.74,83.2,4.906,8.4,1.11,0,nominal,0,0.0,194.99,701963.5
36.6,takeoff_climb,94.74304783092325,1017.7975528364849,33.69966629588431,5341.6,859.4,868.0,868.7,859.3,199.6,200.1,203.5,205.3,4.73,82.9,4.868,5342.0,859.2,867.2,870.2,860.2,198.8,200.3,203.7,204.7,4.74,83.2,4.905,8.4,1.11,0,nominal,0,0.0,194.99,701963.4
36.7,takeoff_climb,94.73414905450501,1020.5784204671857,33.71523915461624,5337.7,861.1,866.7,871.0,860.8,199.7,200.7,204.1,205.2,4.76,83.5,4.871,5340.9,859.2,867.2,870.2,860.2,198.8,200.3,203.7,204.7,4.74,83.2,4.903,8.4,1.109,0,nominal,0,0.0,194.99,701963.3
36.8,takeoff_climb,94.72525027808676,1023.3592880978865,33.730812013348164,5343.9,859.4,866.8,870.7,859.3,198.0,199.8,203.9,205.8,4.71,82.9,4.914,5339.9,859.2,867.2,870.2,860.2,198.8,200.3,203.7,204.7,4.74,83.2,4.902,8.3,1.109,0,nominal,0,0.0,194.99,701963.2
36.9,takeoff_climb,94.71635150166853,1026.1401557285872,33.746384872080085,5329.1,861.2,866.1,872.0,858.8,199.7,198.9,203.5,204.7,4.73,82.8,4.865,5338.9,859.2,867.2,870.2,860.2,198.8,200.3,203.7,204.7,4.74,83.2,4.9,8.3,1.109,0,nominal,0,0.0,194.99,701963.1
37.0,takeoff_climb,94.70745272525028,1028.921023359288,33.761957730812014,5337.2,860.7,866.6,871.1,861.3,198.5,200.2,203.5,204.7,4.77,84.0,4.931,5337.9,859.2,867.2,870.2,860.2,198.8,200.3,203.7,204.7,4.74,83.2,4.899,8.3,1.108,0,nominal,0,0.0,194.99,701963.0
37.1,takeoff_climb,94.69855394883203,1031.701890989989,33.777530589543936,5343.5,858.9,867.8,871.7,858.3,198.7,200.0,203.8,205.1,4.75,83.7,4.922,5336.8,859.2,867.2,870.2,860.2,198.8,200.3,203.8,204.8,4.74,83.2,4.897,8.3,1.108,0,nominal,0,0.0,194.99,701962.9
37.2,takeoff_climb,94.6896551724138,1034.4827586206895,33.793103448275865,5337.5,860.2,869.2,870.1,860.1,199.3,200.3,204.1,204.7,4.75,83.6,4.911,5335.8,859.2,867.2,870.2,860.2,198.9,200.3,203.8,204.8,4.74,83.2,4.896,8.3,1.108,0,nominal,0,0.0,194.99,701962.8
37.3,takeoff_climb,94.68075639599554,1037.2636262513904,33.80867630700779,5346.2,859.8,867.8,870.9,857.7,198.5,201.4,203.4,204.8,4.75,83.9,4.821,5334.8,859.1,867.1,870.1,860.1,198.9,200.3,203.8,204.8,4.74,83.2,4.894,8.3,1.108,0,nominal,0,0.0,194.99,701962.7
37.4,takeoff_climb,94.67185761957731,1040.044493882091,33.82424916573971,5335.8,859.5,869.0,871.0,859.6,198.4,201.1,203.8,205.7,4.71,82.8,4.925,5333.8,859.1,867.1,870.1,860.1,198.9,200.4,203.8,204.8,4.74,83.2,4.893,8.2,1.107,0,nominal,0,0.0,194.99,701962.6
37.5,takeoff_climb,94.66295884315906,1042.825361512792,33.83982202447164,5328.2,858.4,868.4,870.9,858.1,198.5,200.6,203.6,205.8,4.74,82.9,4.919,5332.8,859.1,867.1,870.1,860.1,198.9,200.4,203.8,204.8,4.74,83.2,4.891,8.2,1.107,0,nominal,0,0.0,194.99,701962.5
37.6,takeoff_climb,94.65406006674083,1045.6062291434928,33.85539488320356,5337.4,859.4,870.5,868.5,859.1,198.8,200.3,204.2,204.7,4.74,83.3,4.839,5331.7,859.1,867.1,870.1,860.1,198.9,200.4,203.8,204.8,4.74,83.2,4.89,8.2,1.107,0,nominal,0,0.0,194.99,701962.4
37.7,takeoff_climb,94.64516129032258,1048.3870967741934,33.87096774193549,5325.7,859.1,868.6,869.5,860.3,199.3,199.4,204.3,205.1,4.72,83.3,4.883,5330.7,859.1,867.1,870.1,860.1,198.9,200.4,203.8,204.8,4.74,83.2,4.888,8.2,1.106,0,nominal,0,0.0,194.99,701962.3
37.8,takeoff_climb,94.63626251390434,1051.1679644048943,33.88654060066741,5327.8,859.3,866.8,871.0,859.6,199.1,201.2,203.6,205.4,4.69,83.4,4.893,5329.7,859.1,867.1,870.1,860.1,198.9,200.4,203.8,204.8,4.74,83.2,4.887,8.2,1.106,0,nominal,0,0.0,194.99,701962.2
37.9,takeoff_climb,94.62736373748609,1053.948832035595,33.90211345939933,5325.6,857.0,867.7,870.0,859.9,198.8,200.1,203.8,205.1,4.77,83.4,4.871,5328.7,859.1,867.1,870.1,860.1,198.9,200.4,203.8,204.8,4.74,83.1,4.885,8.1,1.106,0,nominal,0,0.0,194.99,701962.1
38.0,takeoff_climb,94.61846496106786,1056.7296996662958,33.91768631813126,5325.9,860.3,866.0,870.3,860.3,199.1,201.2,203.3,204.7,4.76,82.8,4.877,5327.6,859.1,867.1,870.1,860.1,198.9,200.4,203.9,204.9,4.74,83.1,4.883,8.1,1.105,0,nominal,0,0.0,194.99,701962.0
38.1,takeoff_climb,94.60956618464961,1059.5105672969967,33.93325917686318,5334.3,859.9,867.0,873.0,861.5,199.1,199.0,204.0,205.2,4.72,83.1,4.912,5326.6,859.1,867.1,870.1,860.1,198.9,200.4,203.9,204.9,4.74,83.1,4.882,8.1,1.105,0,nominal,0,0.0,194.99,701961.9
38.2,takeoff_climb,94.60066740823137,1062.2914349276973,33.9488320355951,5333.8,860.3,865.3,870.0,859.7,199.4,199.9,204.0,204.9,4.75,83.6,4.854,5325.6,859.1,867.1,870.1,860.1,199.0,200.4,203.9,204.9,4.74,83.1,4.88,8.1,1.105,0,nominal,0,0.0,194.99,701961.8
38.3,takeoff_climb,94.59176863181312,1065.0723025583982,33.96440489432703,5328.7,860.2,865.5,870.9,857.6,198.7,201.0,203.8,205.5,4.69,83.3,4.934,5324.6,859.1,867.1,870.1,860.1,199.0,200.4,203.9,204.9,4.74,83.1,4.879,8.1,1.105,0,nominal,0,0.0,194.99,701961.7
38.4,takeoff_climb,94.58286985539489,1067.8531701890988,33.979977753058954,5328.2,859.3,867.3,868.7,860.0,198.6,201.1,204.1,205.3,4.79,83.1,4.898,5323.6,859.1,867.1,870.1,860.1,199.0,200.5,203.9,204.9,4.74,83.1,4.877,8.1,1.104,0,nominal,0,0.0,194.99,701961.6
38.5,takeoff_climb,94.57397107897664,1070.6340378197997,33.995550611790875,5322.9,860.3,866.3,869.7,860.5,198.9,200.1,203.9,205.8,4.76,83.0,4.854,5322.5,859.1,867.1,870.1,860.1,199.0,200.5,203.9,204.9,4.74,83.1,4.876,8.0,1.104,0,nominal,0,0.0,194.99,701961.5
38.6,takeoff_climb,94.56507230255839,1073.4149054505006,34.011123470522804,5324.9,857.6,868.7,871.5,860.5,198.7,200.6,203.5,204.6,4.7,83.3,4.866,5321.5,859.1,867.1,870.1,860.1,199.0,200.5,203.9,204.9,4.74,83.1,4.874,8.0,1.104,0,nominal,0,0.0,194.99,701961.4
38.7,takeoff_climb,94.55617352614016,1076.1957730812012,34.026696329254726,5313.6,857.2,867.1,869.4,856.4,198.9,200.2,204.2,204.9,4.71,82.3,4.848,5320.5,859.0,867.0,870.0,860.0,199.0,200.5,203.9,204.9,4.74,83.1,4.873,8.0,1.103,0,nominal,0,0.0,194.99,701961.3
38.8,takeoff_climb,94.54727474972191,1078.976640711902,34.04226918798665,5317.0,860.3,868.2,871.6,859.9,200.0,199.9,202.8,204.9,4.77,83.1,4.881,5319.5,859.0,867.0,870.0,860.0,199.0,200.5,203.9,204.9,4.74,83.1,4.871,8.0,1.103,0,nominal,0,0.0,194.99,701961.2
38.9,takeoff_climb,94.53837597330367,1081.757508342603,34.05784204671858,5319.4,859.5,867.3,869.8,858.7,199.0,200.3,203.0,205.0,4.7,83.3,4.894,5318.5,859.0,867.0,870.0,860.0,199.0,200.5,203.9,204.9,4.74,83.1,4.87,8.0,1.103,0,nominal,0,0.0,194.99,701961.1
39.0,takeoff_climb,94.52947719688542,1084.5383759733036,34.0734149054505,5322.0,861.2,866.5,871.6,859.0,198.9,201.8,204.9,204.6,4.77,83.9,4.841,5317.4,859.0,867.0,870.0,860.0,199.0,200.5,204.0,205.0,4.74,83.1,4.868,8.0,1.102,0,nominal,0,0.0,194.99,701961.0
39.1,takeoff_climb,94.52057842046719,1087.3192436040044,34.08898776418243,5310.8,856.6,866.2,871.3,861.4,199.5,201.0,203.0,205.3,4.73,83.0,4.835,5316.4,859.0,867.0,870.0,860.0,199.0,200.5,204.0,205.0,4.74,83.1,4.867,7.9,1.102,0,nominal,0,0.0,194.99,701960.9
39.2,takeoff_climb,94.51167964404894,1090.100111234705,34.10456062291435,5307.8,857.9,869.2,871.7,858.7,200.0,201.5,204.5,204.4,4.72,82.3,4.881,5315.4,859.0,867.0,870.0,860.0,199.1,200.5,204.0,205.0,4.74,83.1,4.865,7.9,1.102,0,nominal,0,0.0,194.99,701960.8
39.3,takeoff_climb,94.5027808676307,1092.880978865406,34.12013348164627,5312.0,860.3,866.0,869.6,860.9,199.3,200.5,203.4,204.8,4.76,83.4,4.842,5314.4,859.0,867.0,870.0,860.0,199.1,200.5,204.0,205.0,4.73,83.1,4.864,7.9,1.102,0,nominal,0,0.0,194.99,701960.7
39.4,takeoff_climb,94.49388209121246,1095.6618464961068,34.1357063403782,5312.3,860.4,867.5,872.7,858.5,199.8,200.9,205.1,204.7,4.75,83.0,4.858,5313.4,859.0,867.0,870.0,860.0,199.1,200.6,204.0,205.0,4.73,83.1,4.862,7.9,1.101,0,nominal,0,0.0,194.99,701960.6
39.5,takeoff_climb,94.48498331479422,1098.4427141268075,34.15127919911012,5310.5,858.2,866.1,869.3,860.3,200.0,200.1,203.8,205.6,4.74,83.1,4.833,5312.3,859.0,867.0,870.0,860.0,199.1,200.6,204.0,205.0,4.73,83.1,4.861,7.9,1.101,0,nominal,0,0.0,194.99,701960.5
39.6,takeoff_climb,94.47608453837597,1101.2235817575083,34.16685205784205,5318.9,860.7,867.6,869.2,858.1,198.3,200.4,204.3,204.8,4.75,83.4,4.83,5311.3,859.0,867.0,870.0,860.0,199.1,200.6,204.0,205.0,4.73,83.1,4.859,7.8,1.101,0,nominal,0,0.0,194.99,701960.4
39.7,takeoff_climb,94.46718576195774,1104.004449388209,34.18242491657397,5303.5,861.1,866.9,871.0,861.2,198.2,199.3,203.7,205.3,4.71,82.9,4.92,5310.3,859.0,867.0,870.0,860.0,199.1,200.6,204.0,205.0,4.73,83.1,4.858,7.8,1.1,0,nominal,0,0.0,194.99,701960.3
39.8,takeoff_climb,94.45828698553949,1106.7853170189098,34.19799777530589,5306.1,858.5,866.4,870.6,860.4,198.6,200.9,204.7,205.0,4.74,82.8,4.853,5309.3,859.0,867.0,870.0,860.0,199.1,200.6,204.0,205.0,4.73,83.1,4.856,7.8,1.1,0,nominal,0,0.0,194.99,701960.2
39.9,takeoff_climb,94.44938820912125,1109.5661846496107,34.21357063403782,5309.7,860.5,865.4,870.7,860.7,198.9,200.6,203.8,204.8,4.71,83.6,4.853,5308.3,859.0,867.0,870.0,860.0,199.1,200.6,204.0,205.0,4.73,83.1,4.855,7.8,1.1,0,nominal,0,0.0,194.99,701960.1
40.0,takeoff_climb,94.440489432703,1112.3470522803113,34.229143492769744,5308.1,859.3,866.4,869.8,858.9,199.0,200.8,203.2,204.8,4.77,83.0,4.798,5307.3,858.9,866.9,869.9,859.9,199.1,200.6,204.1,205.1,4.73,83.1,4.853,7.8,1.099,0,nominal,0,0.0,194.99,701960.0
40.1,takeoff_climb,94.43159065628475,1115.1279199110122,34.244716351501665,5300.6,859.7,866.2,873.4,859.1,198.5,200.8,204.9,204.6,4.71,83.2,4.854,5306.2,858.9,866.9,869.9,859.9,199.1,200.6,204.1,205.1,4.73,83.1,4.852,7.8,1.099,0,nominal,0,0.0,194.99,701959.9
40.2,takeoff_climb,94.42269187986652,1117.9087875417129,34.260289210233594,5303.0,858.0,868.0,870.5,860.5,199.2,201.0,204.1,204.2,4.75,82.8,4.903,5305.2,858.9,866.9,869.9,859.9,199.1,200.6,204.1,205.1,4.73,83.0,4.85,7.7,1.099,0,nominal,0,0.0,194.99,701959.8
40.3,takeoff_climb,94.41379310344827,1120.6896551724137,34.275862068965516,5291.0,859.0,866.2,870.0,857.9,199.1,201.0,202.2,205.1,4.75,83.2,4.851,5304.2,858.9,866.9,869.9,859.9,199.1,200.6,204.1,205.1,4.73,83.0,4.849,7.7,1.099,0,nominal,0,0.0,194.99,701959.7
40.4,takeoff_climb,94.40489432703004,1123.4705228031146,34.29143492769744,5309.1,857.1,866.5,870.6,862.0,199.8,200.8,203.5,206.3,4.76,83.2,4.84,5303.2,858.9,866.9,869.9,859.9,199.2,200.6,204.1,205.1,4.73,83.0,4.847,7.7,1.098,0,nominal,0,0.0,194.99,701959.6
40.5,takeoff_climb,94.39599555061179,1126.2513904338152,34.30700778642937,5297.9,858.1,869.3,867.8,861.6,198.3,201.9,204.2,204.6,4.73,82.7,4.818,5302.2,858.9,866.9,869.9,859.9,199.2,200.6,204.1,205.1,4.73,83.0,4.846,7.7,1.098,0,nominal,0,0.0,194.99,701959.5
40.6,takeoff_climb,94.38709677419355,1129.032258064516,34.32258064516129,5295.9,859.1,867.6,868.6,860.6,199.3,200.3,205.0,205.1,4.74,82.4,4.81,5301.1,858.9,866.9,869.9,859.9,199.2,200.7,204.1,205.1,4.73,83.0,4.844,7.7,1.098,0,nominal,0,0.0,194.99,701959.4
40.7,takeoff_climb,94.3781979977753,1131.8131256952167,34.33815350389322,5299.7,856.4,866.8,868.8,860.0,200.1,201.8,204.4,205.8,4.75,83.4,4.858,5300.1,858.9,866.9,869.9,859.9,199.2,200.7,204.1,205.1,4.73,83.0,4.843,7.6,1.097,0,nominal,0,0.0,194.99,701959.3
40.8,takeoff_climb,94.36929922135707,1134.5939933259176,34.35372636262514,5288.9,860.5,866.8,874.3,862.1,198.7,200.9,204.4,206.0,4.74,82.6,4.888,5299.1,858.9,866.9,869.9,859.9,199.2,200.7,204.1,205.1,4.73,83.0,4.841,7.6,1.097,0,nominal,0,0.0,194.99,701959.2
40.9,takeoff_climb,94.36040044493882,1137.3748609566185,34.36929922135706,5302.2,858.5,865.8,870.1,860.6,200.4,200.2,203.9,205.7,4.74,83.0,4.864,5298.1,858.9,866.9,869.9,859.9,199.2,200.7,204.1,205.1,4.73,83.0,4.84,7.6,1.097,0,nominal,0,0.0,194.99,701959.1
41.0,takeoff_climb,94.35150166852058,1140.1557285873191,34.38487208008899,5302.6,861.4,867.4,867.9,859.9,199.2,200.4,204.7,205.8,4.8,83.1,4.871,5297.1,858.9,866.9,869.9,859.9,199.2,200.7,204.1,205.1,4.73,83.0,4.838,7.6,1.096,0,nominal,0,0.0,194.99,701959.0
41.1,takeoff_climb,94.34260289210233,1142.93659621802,34.40044493882091,5305.4,858.3,866.6,866.7,860.5,199.7,201.5,203.9,205.1,4.8,82.3,4.866,5296.1,858.9,866.9,869.9,859.9,199.2,200.7,204.1,205.1,4.73,83.0,4.837,7.6,1.096,0,nominal,0,0.0,194.99,701958.9
41.2,takeoff_climb,94.3337041156841,1145.7174638487206,34.41601779755284,5292.9,858.5,867.9,870.1,859.2,199.6,201.0,204.6,205.8,4.75,82.6,4.833,5295.1,858.9,866.9,869.9,859.9,199.2,200.7,204.1,205.1,4.73,83.0,4.835,7.6,1.096,0,nominal,0,0.0,194.99,701958.8
41.3,takeoff_climb,94.32480533926585,1148.4983314794215,34.43159065628476,5295.6,860.7,863.7,871.8,860.1,199.8,200.6,204.1,205.6,4.77,82.9,4.876,5294.0,858.9,866.9,869.9,859.9,199.2,200.7,204.2,205.2,4.73,83.0,4.834,7.5,1.096,0,nominal,0,0.0,194.99,701958.7
41.4,takeoff_climb,94.3159065628476,1151.2791991101224,34.44716351501668,5297.7,862.4,867.4,867.7,861.6,199.3,201.0,204.7,204.6,4.74,82.2,4.843,5293.0,858.8,866.8,869.8,859.8,199.2,200.7,204.2,205.2,4.73,83.0,4.832,7.5,1.095,0,nominal,0,0.0,194.99,701958.6
41.5,takeoff_climb,94.30700778642937,1154.060066740823,34.46273637374861,5295.2,858.6,867.6,871.9,859.6,199.2,201.3,204.0,205.1,4.73,83.4,4.812,5292.0,858.8,866.8,869.8,859.8,199.2,200.7,204.2,205.2,4.73,83.0,4.831,7.5,1.095,0,nominal,0,0.0,194.99,701958.5
41.6,takeoff_climb,94.29810901001112,1156.8409343715239,34.478309232480534,5288.7,856.1,865.7,868.9,858.1,199.6,200.2,203.8,205.7,4.76,82.3,4.849,5291.0,858.8,866.8,869.8,859.8,199.2,200.7,204.2,205.2,4.73,83.0,4.829,7.5,1.095,0,nominal,0,0.0,194.99,701958.4
41.7,takeoff_climb,94.28921023359288,1159.6218020022245,34.493882091212456,5293.7,858.5,869.0,872.4,860.4,199.3,200.4,205.3,205.3,4.76,82.4,4.844,5290.0,858.8,866.8,869.8,859.8,199.2,200.7,204.2,205.2,4.73,83.0,4.828,7.5,1.094,0,nominal,0,0.0,194.99,701958.3
41.8,takeoff_climb,94.28031145717463,1162.4026696329254,34.509454949944384,5294.2,858.0,865.8,872.6,859.8,199.2,200.5,204.0,205.0,4.7,83.6,4.847,5289.0,858.8,866.8,869.8,859.8,199.3,200.7,204.2,205.2,4.73,83.0,4.826,7.4,1.094,0,nominal,0,0.0,194.99,701958.2
41.9,takeoff_climb,94.2714126807564,1165.1835372636262,34.525027808676306,5293.1,856.7,865.2,868.9,859.5,198.5,200.6,203.6,205.0,4.73,82.7,4.834,5288.0,858.8,866.8,869.8,859.8,199.3,200.7,204.2,205.2,4.73,82.9,4.825,7.4,1.094,0,nominal,0,0.0,194.99,701958.1
42.0,takeoff_climb,94.26251390433815,1167.964404894327,34.54060066740823,5290.0,859.1,865.6,869.2,856.4,198.0,200.6,204.7,205.4,4.69,82.7,4.832,5286.9,858.8,866.8,869.8,859.8,199.3,200.7,204.2,205.2,4.73,82.9,4.823,7.4,1.093,0,nominal,0,0.0,194.99,701958.0
42.1,takeoff_climb,94.25361512791991,1170.7452725250278,34.55617352614016,5274.6,857.6,868.1,868.6,859.7,198.6,199.9,204.0,204.7,4.72,82.6,4.818,5285.9,858.8,866.8,869.8,859.8,199.3,200.8,204.2,205.2,4.73,82.9,4.822,7.4,1.093,0,nominal,0,0.0,194.99,701957.9
42.2,takeoff_climb,94.24471635150167,1173.5261401557286,34.57174638487208,5284.7,857.8,866.9,871.8,861.8,199.5,201.2,203.8,205.0,4.72,83.1,4.781,5284.9,858.8,866.8,869.8,859.8,199.3,200.8,204.2,205.2,4.73,82.9,4.82,7.4,1.093,0,nominal,0,0.0,194.99,701957.8
42.3,takeoff_climb,94.23581757508343,1176.3070077864293,34.58731924360401,5276.1,858.9,867.7,871.4,857.0,199.6,200.8,203.6,205.0,4.71,82.8,4.836,5283.9,858.8,866.8,869.8,859.8,199.3,200.8,204.2,205.2,4.73,82.9,4.819,7.4,1.093,0,nominal,0,0.0,194.99,701957.7
42.4,takeoff_climb,94.22691879866518,1179.0878754171301,34.60289210233593,5290.5,857.4,864.4,870.6,858.6,199.3,200.3,203.4,205.7,4.71,83.0,4.781,5282.9,858.8,866.8,869.8,859.8,199.3,200.8,204.2,205.2,4.73,82.9,4.817,7.3,1.092,0,nominal,0,0.0,194.99,701957.6
42.5,takeoff_climb,94.21802002224695,1181.8687430478308,34.61846496106785,5281.0,856.9,865.1,868.1,857.2,200.1,199.6,205.2,206.2,4.75,83.2,4.762,5281.9,858.8,866.8,869.8,859.8,199.3,200.8,204.2,205.2,4.73,82.9,4.816,7.3,1.092,0,nominal,0,0.0,194.99,701957.5
42.6,takeoff_climb,94.2091212458287,1184.6496106785316,34.63403781979978,5283.3,858.3,868.1,870.2,858.5,198.3,201.4,204.5,205.0,4.73,83.1,4.802,5280.9,858.8,866.8,869.8,859.8,199.3,200.8,204.2,205.2,4.73,82.9,4.814,7.3,1.092,0,nominal,0,0.0,194.99,701957.4
42.7,takeoff_climb,94.20022246941046,1187.4304783092325,34.6496106785317,5275.9,858.0,866.0,870.7,861.6,198.8,201.2,205.2,204.8,4.75,83.3,4.825,5279.8,858.7,866.7,869.7,859.7,199.3,200.8,204.2,205.2,4.73,82.9,4.813,7.3,1.091,0,nominal,0,0.0,194.99,701957.3
42.8,takeoff_climb,94.19132369299221,1190.2113459399332,34.66518353726363,5280.0,861.8,868.1,871.3,859.7,200.4,201.2,204.4,205.4,4.76,82.6,4.805,5278.8,858.7,866.7,869.7,859.7,199.3,200.8,204.3,205.3,4.73,82.9,4.811,7.3,1.091,0,nominal,0,0.0,194.99,701957.2
42.9,takeoff_climb,94.18242491657396,1192.992213570634,34.68075639599555,5277.5,855.9,871.0,867.4,859.5,199.7,200.8,205.0,205.2,4.74,82.1,4.816,5277.8,858.7,866.7,869.7,859.7,199.3,200.8,204.3,205.3,4.73,82.9,4.81,7.2,1.091,0,nominal,0,0.0,194.99,701957.1
43.0,takeoff_climb,94.17352614015573,1195.7730812013347,34.69632925472747,5288.8,858.3,868.2,869.5,859.5,198.6,200.9,204.1,204.8,4.7,82.2,4.784,5276.8,858.7,866.7,869.7,859.7,199.3,200.8,204.3,205.3,4.73,82.9,4.808,7.2,1.09,0,nominal,0,0.0,194.99,701957.0
43.1,takeoff_climb,94.16462736373748,1198.5539488320355,34.7119021134594,5279.0,861.0,863.5,873.1,860.5,200.3,199.9,205.2,205.2,4.73,83.2,4.794,5275.8,858.7,866.7,869.7,859.7,199.3,200.8,204.3,205.3,4.73,82.9,4.807,7.2,1.09,0,nominal,0,0.0,194.99,701956.9
43.2,takeoff_climb,94.15572858731925,1201.3348164627364,34.727474972191324,5266.1,858.4,868.3,869.5,859.6,197.8,201.0,204.3,205.3,4.76,81.9,4.833,5274.8,858.7,866.7,869.7,859.7,199.3,200.8,204.3,205.3,4.73,82.9,4.805,7.2,1.09,0,nominal,0,0.0,194.99,701956.8
43.3,takeoff_climb,94.146829810901,1204.115684093437,34.743047830923246,5282.5,857.8,868.0,870.1,862.0,199.0,199.9,203.3,206.1,4.73,81.9,4.8,5273.8,858.7,866.7,869.7,859.7,199.3,200.8,204.3,205.3,4.73,82.9,4.804,7.2,1.09,0,nominal,0,0.0,194.99,701956.7
43.4,takeoff_climb,94.13793103448276,1206.896551724138,34.758620689655174,5276.1,859.7,866.9,865.9,860.9,198.9,200.7,203.9,204.8,4.72,83.0,4.796,5272.8,858.7,866.7,869.7,859.7,199.3,200.8,204.3,205.3,4.73,82.9,4.802,7.2,1.089,0,nominal,0,0.0,194.99,701956.6
43.5,takeoff_climb,94.12903225806451,1209.6774193548385,34.774193548387096,5263.9,856.7,866.8,870.1,859.0,199.6,200.0,203.5,205.7,4.69,82.2,4.848,5271.8,858.7,866.7,869.7,859.7,199.3,200.8,204.3,205.3,4.73,82.8,4.801,7.1,1.089,0,nominal,0,0.0,194.99,701956.5
43.6,takeoff_climb,94.12013348164628,1212.4582869855394,34.78976640711902,5269.5,858.6,868.9,867.8,860.2,198.8,200.6,203.7,206.5,4.75,82.6,4.813,5270.7,858.7,866.7,869.7,859.7,199.4,200.8,204.3,205.3,4.73,82.8,4.799,7.1,1.089,0,nominal,0,0.0,194.99,701956.4
43.7,takeoff_climb,94.11123470522803,1215.2391546162403,34.80533926585095,5265.9,857.2,866.4,869.0,861.7,199.1,200.3,204.3,205.0,4.75,82.0,4.826,5269.7,858.7,866.7,869.7,859.7,199.4,200.8,204.3,205.3,4.73,82.8,4.798,7.1,1.088,0,nominal,0,0.0,194.99,701956.3
43.8,takeoff_climb,94.1023359288098,1218.020022246941,34.82091212458287,5259.2,859.0,865.6,870.4,859.9,200.6,202.0,204.9,205.7,4.74,83.5,4.831,5268.7,858.7,866.7,869.7,859.7,199.4,200.8,204.3,205.3,4.73,82.8,4.796,7.1,1.088,0,nominal,0,0.0,194.99,701956.2
43.9,takeoff_climb,94.09343715239154,1220.8008898776418,34.83648498331479,5264.5,861.2,867.8,868.6,859.9,199.7,201.2,204.0,205.4,4.7,82.3,4.776,5267.7,858.7,866.7,869.7,859.7,199.4,200.9,204.3,205.3,4.73,82.8,4.795,7.1,1.088,0,nominal,0,0.0,194.99,701956.1
44.0,takeoff_climb,94.08453837597331,1223.5817575083424,34.85205784204672,5270.7,858.7,865.6,869.1,858.2,200.2,201.4,204.0,204.8,4.74,83.1,4.784,5266.7,858.6,866.6,869.6,859.6,199.4,200.9,204.3,205.3,4.73,82.8,4.793,7.0,1.087,0,nominal,0,0.0,194.99,701956.0
44.1,takeoff_climb,94.07563959955506,1226.3626251390433,34.86763070077864,5260.9,859.9,866.2,868.2,861.3,200.7,199.6,203.3,204.5,4.78,83.2,4.765,5265.7,858.6,866.6,869.6,859.6,199.4,200.9,204.3,205.3,4.73,82.8,4.792,7.0,1.087,0,nominal,0,0.0,194.99,701955.9
44.2,takeoff_climb,94.06674082313683,1229.1434927697442,34.88320355951057,5255.3,859.6,868.7,869.5,860.9,198.9,200.4,204.8,205.6,4.75,82.9,4.786,5264.7,858.6,866.6,869.6,859.6,199.4,200.9,204.3,205.3,4.73,82.8,4.79,7.0,1.087,0,nominal,0,0.0,194.99,701955.8
44.3,takeoff_climb,94.05784204671858,1231.9243604004448,34.89877641824249,5257.2,857.1,866.0,871.2,859.5,199.9,201.2,204.4,205.1,4.75,82.7,4.824,5263.7,858.6,866.6,869.6,859.6,199.4,200.9,204.3,205.3,4.73,82.8,4.789,7.0,1.087,0,nominal,0,0.0,194.99,701955.7
44.4,takeoff_climb,94.04894327030033,1234.7052280311457,34.91434927697441,5258.6,858.1,867.8,869.3,859.6,199.6,201.1,204.1,205.6,4.75,83.3,4.812,5262.7,858.6,866.6,869.6,859.6,199.4,200.9,204.3,205.3,4.73,82.8,4.787,7.0,1.086,0,nominal,0,0.0,194.99,701955.6
44.5,takeoff_climb,94.04004449388209,1237.4860956618463,34.92992213570634,5263.4,858.2,865.7,870.2,860.3,200.8,201.3,204.8,204.6,4.74,83.8,4.775,5261.7,858.6,866.6,869.6,859.6,199.4,200.9,204.3,205.3,4.73,82.8,4.786,7.0,1.086,0,nominal,0,0.0,194.99,701955.5
44.6,takeoff_climb,94.03114571746384,1240.2669632925472,34.94549499443826,5264.8,859.0,866.2,866.1,860.8,199.7,200.3,203.8,204.4,4.7,83.2,4.841,5260.7,858.6,866.6,869.6,859.6,199.4,200.9,204.3,205.3,4.73,82.8,4.784,6.9,1.086,0,nominal,0,0.0,194.99,701955.4
44.7,takeoff_climb,94.02224694104561,1243.047830923248,34.96106785317019,5257.0,860.8,867.6,869.9,858.9,199.6,200.7,203.5,205.1,4.74,82.0,4.802,5259.6,858.6,866.6,869.6,859.6,199.4,200.9,204.4,205.4,4.73,82.8,4.783,6.9,1.085,0,nominal,0,0.0,194.99,701955.3
44.8,takeoff_climb,94.01334816462736,1245.8286985539487,34.976640711902114,5257.9,859.7,868.3,869.9,858.4,199.5,200.2,204.3,205.2,4.79,83.0,4.758,5258.6,858.6,866.6,869.6,859.6,199.4,200.9,204.4,205.4,4.73,82.8,4.781,6.9,1.085,0,nominal,0,0.0,194.99,701955.2
44.9,takeoff_climb,94.00444938820912,1248.6095661846496,34.992213570634036,5258.2,859.0,867.6,870.6,859.5,199.7,200.7,204.5,206.0,4.7,83.0,4.781,5257.6,858.6,866.6,869.6,859.6,199.4,200.9,204.4,205.4,4.73,82.7,4.78,6.9,1.085,0,nominal,0,0.0,194.99,701955.1
45.0,takeoff_climb,93.99555061179088,1251.3904338153502,35.007786429365964,5246.3,859.5,867.5,870.1,858.8,200.2,200.9,204.4,206.1,4.78,82.6,4.788,5256.6,858.6,866.6,869.6,859.6,199.4,200.9,204.4,205.4,4.73,82.7,4.778,6.9,1.084,0,nominal,0,0.0,194.99,701955.0
45.1,takeoff_climb,93.98665183537264,1254.171301446051,35.023359288097886,5256.9,858.3,867.9,869.7,860.7,199.4,200.4,205.0,204.8,4.74,82.8,4.816,5255.6,858.6,866.6,869.6,859.6,199.4,200.9,204.4,205.4,4.73,82.7,4.777,6.8,1.084,0,nominal,0,0.0,194.99,701954.9
45.2,takeoff_climb,93.97775305895439,1256.952169076752,35.03893214682981,5249.2,859.6,864.6,870.5,857.1,199.6,200.6,204.9,204.8,4.74,82.9,4.811,5254.6,858.6,866.6,869.6,859.6,199.4,200.9,204.4,205.4,4.73,82.7,4.775,6.8,1.084,0,nominal,0,0.0,194.99,701954.8
45.3,takeoff_climb,93.96885428253616,1259.7330367074526,35.05450500556174,5255.9,856.7,868.9,870.1,858.8,199.7,201.3,203.4,205.5,4.75,82.4,4.746,5253.6,858.5,866.5,869.5,859.5,199.4,200.9,204.4,205.4,4.73,82.7,4.774,6.8,1.084,0,nominal,0,0.0,194.99,701954.7
45.4,takeoff_climb,93.95995550611791,1262.5139043381535,35.07007786429366,5256.7,858.5,864.8,868.4,857.9,198.7,201.1,204.1,204.5,4.71,83.1,4.73,5252.6,858.5,866.5,869.5,859.5,199.4,200.9,204.4,205.4,4.73,82.7,4.772,6.8,1.083,0,nominal,0,0.0,194.99,701954.6
45.5,takeoff_climb,93.95105672969967,1265.294771968854,35.08565072302558,5256.1,858.3,865.6,870.3,858.4,198.8,201.0,204.2,205.2,4.7,82.8,4.762,5251.6,858.5,866.5,869.5,859.5,199.4,200.9,204.4,205.4,4.73,82.7,4.771,6.8,1.083,0,nominal,0,0.0,194.99,701954.5
45.6,takeoff_climb,93.94215795328142,1268.075639599555,35.10122358175751,5243.9,857.3,867.1,868.6,856.1,199.5,201.1,204.0,205.3,4.75,82.4,4.755,5250.6,858.5,866.5,869.5,859.5,199.4,200.9,204.4,205.4,4.73,82.7,4.769,6.8,1.083,0,nominal,0,0.0,194.99,701954.4
45.7,takeoff_climb,93.93325917686317,1270.8565072302558,35.11679644048943,5249.2,856.9,866.4,871.1,859.6,200.8,200.9,203.5,206.0,4.73,81.8,4.765,5249.6,858.5,866.5,869.5,859.5,199.4,200.9,204.4,205.4,4.73,82.7,4.768,6.7,1.082,0,nominal,0,0.0,194.99,701954.3
45.8,takeoff_climb,93.92436040044494,1273.6373748609565,35.13236929922136,5244.0,858.4,866.0,871.9,859.2,200.3,200.6,205.2,205.1,4.7,82.6,4.721,5248.6,858.5,866.5,869.5,859.5,199.4,200.9,204.4,205.4,4.73,82.7,4.766,6.7,1.082,0,nominal,0,0.0,194.99,701954.2
45.9,takeoff_climb,93.91546162402669,1276.4182424916573,35.14794215795328,5246.4,859.3,864.2,869.8,860.0,199.3,200.6,203.9,205.6,4.73,82.6,4.778,5247.6,858.5,866.5,869.5,859.5,199.4,200.9,204.4,205.4,4.73,82.7,4.765,6.7,1.082,0,nominal,0,0.0,194.99,701954.1
46.0,takeoff_climb,93.90656284760846,1279.1991101223582,35.1635150166852,5248.0,857.2,865.4,870.1,858.7,199.6,200.7,204.5,204.9,4.68,82.4,4.766,5246.6,858.5,866.5,869.5,859.5,199.4,200.9,204.4,205.4,4.73,82.7,4.763,6.7,1.081,0,nominal,0,0.0,194.99,701954.0
46.1,takeoff_climb,93.8976640711902,1281.9799777530588,35.17908787541713,5247.0,860.0,866.5,866.8,861.0,198.5,201.1,204.8,205.2,4.75,83.0,4.758,5245.6,858.5,866.5,869.5,859.5,199.5,200.9,204.4,205.4,4.73,82.6,4.762,6.7,1.081,0,nominal,0,0.0,194.99,701953.9
46.2,takeoff_climb,93.88876529477197,1284.7608453837597,35.19466073414905,5255.4,859.4,865.9,868.5,860.6,198.4,200.1,204.6,203.4,4.77,83.2,4.764,5244.5,858.5,866.5,869.5,859.5,199.5,200.9,204.4,205.4,4.73,82.6,4.76,6.6,1.081,0,nominal,0,0.0,194.99,701953.8
46.3,takeoff_climb,93.87986651835372,1287.5417130144604,35.21023359288098,5233.8,858.5,866.0,870.6,860.0,200.6,201.4,204.8,205.3,4.69,82.6,4.789,5243.5,858.5,866.5,869.5,859.5,199.5,200.9,204.4,205.4,4.73,82.6,4.759,6.6,1.081,0,nominal,0,0.0,194.99,701953.7
46.4,takeoff_climb,93.87096774193549,1290.3225806451612,35.225806451612904,5243.2,860.6,865.0,870.1,858.5,199.4,200.4,204.2,204.8,4.72,82.8,4.782,5242.5,858.5,866.5,869.5,859.5,199.5,201.0,204.4,205.4,4.73,82.6,4.757,6.6,1.08,0,nominal,0,0.0,194.99,701953.6
46.5,takeoff_climb,93.86206896551724,1293.103448275862,35.241379310344826,5242.7,860.1,863.6,870.0,860.6,199.9,200.8,204.5,205.8,4.75,82.4,4.763,5241.5,858.5,866.5,869.5,859.5,199.5,201.0,204.4,205.4,4.73,82.6,4.756,6.6,1.08,0,nominal,0,0.0,194.99,701953.5
46.6,takeoff_climb,93.853170189099,1295.8843159065627,35.256952169076754,5241.6,857.7,866.3,868.5,858.6,199.0,202.2,204.0,205.5,4.75,82.5,4.756,5240.5,858.5,866.5,869.5,859.5,199.5,201.0,204.4,205.4,4.73,82.6,4.754,6.6,1.08,0,nominal,0,0.0,194.99,701953.4
46.7,takeoff_climb,93.84427141268075,1298.6651835372636,35.272525027808676,5241.5,859.5,866.7,870.6,858.0,199.3,200.5,205.2,205.2,4.76,81.5,4.766,5239.5,858.4,866.4,869.4,859.4,199.5,201.0,204.4,205.4,4.73,82.6,4.753,6.6,1.079,0,nominal,0,0.0,194.99,701953.3
46.8,takeoff_climb,93.83537263626252,1301.4460511679642,35.2880978865406,5235.8,857.7,869.3,868.9,857.9,199.9,200.8,204.2,205.7,4.71,82.1,4.709,5238.5,858.4,866.4,869.4,859.4,199.5,201.0,204.4,205.4,4.73,82.6,4.751,6.5,1.079,0,nominal,0,0.0,194.99,701953.2
46.9,takeoff_climb,93.82647385984427,1304.226918798665,35.30367074527253,5235.9,858.8,867.1,870.3,859.6,200.1,201.7,204.7,206.1,4.76,82.6,4.716,5237.5,858.4,866.4,869.4,859.4,199.5,201.0,204.4,205.4,4.73,82.6,4.75,6.5,1.079,0,nominal,0,0.0,194.99,701953.1
47.0,takeoff_climb,93.81757508342604,1307.007786429366,35.31924360400445,5235.5,855.9,867.8,868.9,857.9,200.2,200.6,204.6,205.6,4.72,82.0,4.681,5236.5,858.4,866.4,869.4,859.4,199.5,201.0,204.4,205.4,4.73,82.6,4.748,6.5,1.079,0,nominal,0,0.0,194.99,701953.0
47.1,takeoff_climb,93.80867630700779,1309.7886540600666,35.33481646273637,5225.4,856.5,864.7,868.6,859.7,199.9,201.6,204.4,204.8,4.69,82.8,4.705,5235.5,858.4,866.4,869.4,859.4,199.5,201.0,204.4,205.4,4.73,82.6,4.747,6.5,1.078,0,nominal,0,0.0,194.99,701952.9
47.2,takeoff_climb,93.79977753058954,1312.5695216907675,35.3503893214683,5233.2,859.6,865.4,867.6,860.0,198.6,200.8,204.7,205.7,4.79,82.0,4.727,5234.5,858.4,866.4,869.4,859.4,199.5,201.0,204.4,205.4,4.73,82.6,4.746,6.5,1.078,0,nominal,0,0.0,194.99,701952.8
47.3,takeoff_climb,93.7908787541713,1315.3503893214681,35.36596218020022,5238.9,858.0,866.1,869.6,861.1,199.2,200.3,204.7,206.1,4.73,82.5,4.768,5233.5,858.4,866.4,869.4,859.4,199.5,201.0,204.4,205.4,4.73,82.5,4.744,6.5,1.078,0,nominal,0,0.0,194.99,701952.7
47.4,takeoff_climb,93.78197997775305,1318.131256952169,35.38153503893215,5225.7,859.1,866.0,868.5,860.4,199.6,200.4,204.6,205.6,4.73,83.2,4.736,5232.5,858.4,866.4,869.4,859.4,199.5,201.0,204.5,205.5,4.73,82.5,4.743,6.4,1.077,0,nominal,0,0.0,194.99,701952.6
47.5,takeoff_climb,93.77308120133482,1320.9121245828699,35.39710789766407,5234.4,858.7,868.5,868.7,860.4,198.3,201.7,204.8,205.7,4.76,81.8,4.809,5231.5,858.4,866.4,869.4,859.4,199.5,201.0,204.5,205.5,4.73,82.5,4.741,6.4,1.077,0,nominal,0,0.0,194.99,701952.5
47.6,takeoff_climb,93.76418242491657,1323.6929922135705,35.41268075639599,5229.9,857.2,867.1,870.6,860.1,199.5,200.8,204.5,205.1,4.73,81.7,4.691,5230.5,858.4,866.4,869.4,859.4,199.5,201.0,204.5,205.5,4.73,82.5,4.74,6.4,1.077,0,nominal,0,0.0,194.99,701952.4
47.7,takeoff_climb,93.75528364849833,1326.4738598442714,35.42825361512792,5228.1,858.8,868.2,868.7,860.6,199.5,200.7,204.3,206.0,4.71,82.1,4.728,5229.5,858.4,866.4,869.4,859.4,199.5,201.0,204.5,205.5,4.73,82.5,4.738,6.4,1.076,0,nominal,0,0.0,194.99,701952.3
47.8,takeoff_climb,93.74638487208009,1329.254727474972,35.44382647385984,5232.4,858.9,867.8,870.6,858.0,199.3,200.9,205.0,204.8,4.75,84.0,4.746,5228.5,858.4,866.4,869.4,859.4,199.5,201.0,204.5,205.5,4.73,82.5,4.737,6.4,1.076,0,nominal,0,0.0,194.99,701952.2
47.9,takeoff_climb,93.73748609566185,1332.0355951056729,35.45939933259177,5227.3,860.7,866.0,871.2,857.3,200.2,200.2,204.7,204.5,4.76,83.1,4.697,5227.5,858.4,866.4,869.4,859.4,199.5,201.0,204.5,205.5,4.73,82.5,4.735,6.3,1.076,0,nominal,0,0.0,194.99,701952.1
48.0,takeoff_climb,93.7285873192436,1334.8164627363738,35.474972191323694,5222.0,858.9,866.4,869.0,859.4,200.0,201.6,204.4,205.5,4.73,82.2,4.766,5226.5,858.3,866.3,869.3,859.3,199.5,201.0,204.5,205.5,4.73,82.5,4.734,6.3,1.076,0,nominal,0,0.0,194.99,701952.0
48.1,takeoff_climb,93.71968854282537,1337.5973303670744,35.490545050055616,5228.7,857.1,866.3,870.4,859.2,200.0,201.2,206.5,204.8,4.71,82.3,4.763,5225.5,858.3,866.3,869.3,859.3,199.5,201.0,204.5,205.5,4.73,82.5,4.732,6.3,1.075,0,nominal,0,0.0,194.99,701951.9
48.2,takeoff_climb,93.71078976640712,1340.3781979977753,35.506117908787544,5216.2,859.6,866.8,867.3,860.8,199.0,200.5,204.2,205.4,4.76,82.0,4.702,5224.5,858.3,866.3,869.3,859.3,199.5,201.0,204.5,205.5,4.73,82.5,4.731,6.3,1.075,0,nominal,0,0.0,194.99,701951.8
48.3,takeoff_climb,93.70189098998888,1343.159065628476,35.521690767519466,5221.3,858.7,864.9,870.0,860.7,198.7,201.4,205.2,205.7,4.74,82.9,4.773,5223.5,858.3,866.3,869.3,859.3,199.5,201.0,204.5,205.5,4.73,82.5,4.729,6.3,1.075,0,nominal,0,0.0,194.99,701951.7
48.4,takeoff_climb,93.69299221357063,1345.9399332591768,35.53726362625139,5228.6,858.9,865.5,868.5,862.8,199.7,200.3,204.3,205.3,4.72,82.0,4.73,5222.5,858.3,866.3,869.3,859.3,199.5,201.0,204.5,205.5,4.73,82.4,4.728,6.3,1.074,0,nominal,0,0.0,194.99,701951.6
48.5,takeoff_climb,93.6840934371524,1348.7208008898776,35.55283648498332,5227.2,857.3,865.9,870.0,860.0,200.1,201.4,205.0,204.8,4.72,83.2,4.778,5221.5,858.3,866.3,869.3,859.3,199.5,201.0,204.5,205.5,4.73,82.4,4.726,6.2,1.074,0,nominal,0,0.0,194.99,701951.5
48.6,takeoff_climb,93.67519466073415,1351.5016685205783,35.56840934371524,5217.5,859.2,866.5,870.3,857.5,198.1,200.3,204.8,205.8,4.76,82.9,4.72,5220.5,858.3,866.3,869.3,859.3,199.5,201.0,204.5,205.5,4.73,82.4,4.725,6.2,1.074,0,nominal,0,0.0,194.99,701951.4
48.7,takeoff_climb,93.6662958843159,1354.2825361512791,35.58398220244716,5219.4,856.9,865.8,867.5,860.7,199.2,200.8,204.5,205.7,4.76,81.9,4.732,5219.5,858.3,866.3,869.3,859.3,199.5,201.0,204.5,205.5,4.73,82.4,4.723,6.2,1.073,0,nominal,0,0.0,194.99,701951.3
48.8,takeoff_climb,93.65739710789767,1357.0634037819798,35.59955506117909,5218.5,862.4,865.9,872.4,862.0,199.6,200.8,204.8,205.5,4.71,82.5,4.729,5218.5,858.3,866.3,869.3,859.3,199.5,201.0,204.5,205.5,4.73,82.4,4.722,6.2,1.073,0,nominal,0,0.0,194.99,701951.2
48.9,takeoff_climb,93.64849833147942,1359.8442714126807,35.61512791991101,5209.8,856.4,866.4,871.0,857.1,199.5,200.9,203.8,205.2,4.71,82.6,4.763,5217.5,858.3,866.3,869.3,859.3,199.5,201.0,204.5,205.5,4.73,82.4,4.72,6.2,1.073,0,nominal,0,0.0,194.99,701951.1
49.0,takeoff_climb,93.63959955506118,1362.6251390433815,35.63070077864293,5214.4,856.9,866.6,869.8,860.7,200.2,201.0,205.2,206.1,4.7,82.8,4.754,5216.5,858.3,866.3,869.3,859.3,199.5,201.0,204.5,205.5,4.73,82.4,4.719,6.1,1.073,0,nominal,0,0.0,194.99,701951.0
49.1,takeoff_climb,93.63070077864293,1365.4060066740822,35.64627363737486,5218.0,856.0,864.6,869.0,858.0,199.3,201.6,204.3,205.4,4.74,82.5,4.756,5215.5,858.3,866.3,869.3,859.3,199.5,201.0,204.5,205.5,4.73,82.4,4.718,6.1,1.072,0,nominal,0,0.0,194.99,701950.9
49.2,takeoff_climb,93.6218020022247,1368.186874304783,35.66184649610678,5217.7,856.5,866.8,869.4,857.5,199.9,202.0,204.7,206.4,4.74,82.0,4.705,5214.5,858.3,866.3,869.3,859.3,199.5,201.0,204.5,205.5,4.73,82.4,4.716,6.1,1.072,0,nominal,0,0.0,194.99,701950.8
49.3,takeoff_climb,93.61290322580645,1370.9677419354837,35.67741935483871,5205.6,860.7,865.7,869.2,859.5,199.3,200.8,204.1,205.9,4.73,81.8,4.757,5213.5,858.2,866.2,869.2,859.2,199.5,201.0,204.5,205.5,4.73,82.4,4.715,6.1,1.072,0,nominal,0,0.0,194.99,701950.7
49.4,takeoff_climb,93.60400444938821,1373.7486095661845,35.69299221357063,5214.7,857.3,867.1,869.3,859.3,200.3,200.4,205.4,205.3,4.71,82.7,4.639,5212.5,858.2,866.2,869.2,859.2,199.5,201.0,204.5,205.5,4.73,82.3,4.713,6.1,1.071,0,nominal,0,0.0,194.99,701950.6
49.5,takeoff_climb,93.59510567296996,1376.5294771968854,35.708565072302555,5211.6,856.3,866.6,868.9,857.5,199.0,201.1,204.2,205.0,4.77,81.6,4.729,5211.5,858.2,866.2,869.2,859.2,199.5,201.0,204.5,205.5,4.73,82.3,4.712,6.1,1.071,0,nominal,0,0.0,194.99,701950.5
49.6,takeoff_climb,93.58620689655173,1379.310344827586,35.724137931034484,5213.3,856.8,867.8,870.1,857.1,199.2,201.4,205.0,206.7,4.76,82.3,4.735,5210.5,858.2,866.2,869.2,859.2,199.5,201.0,204.5,205.5,4.73,82.3,4.71,6.0,1.071,0,nominal,0,0.0,194.99,701950.4
49.7,takeoff_climb,93.57730812013348,1382.091212458287,35.739710789766406,5209.6,858.7,864.7,868.5,861.3,199.3,201.0,204.4,205.7,4.69,82.3,4.746,5209.5,858.2,866.2,869.2,859.2,199.5,201.0,204.5,205.5,4.73,82.3,4.709,6.0,1.071,0,nominal,0,0.0,194.99,701950.3
49.8,takeoff_climb,93.56840934371525,1384.8720800889878,35.755283648498335,5209.6,860.5,865.3,868.6,860.0,200.0,201.2,206.0,206.3,4.75,81.8,4.678,5208.5,858.2,866.2,869.2,859.2,199.5,201.0,204.5,205.5,4.73,82.3,4.707,6.0,1.07,0,nominal,0,0.0,194.99,701950.2
49.9,takeoff_climb,93.559510567297,1387.6529477196884,35.770856507230256,5207.4,860.4,866.9,868.3,861.8,199.3,201.3,204.8,205.4,4.75,82.7,4.694,5207.5,858.2,866.2,869.2,859.2,199.5,201.0,204.5,205.5,4.73,82.3,4.706,6.0,1.07,0,nominal,0,0.0,194.99,701950.1
50.0,takeoff_climb,93.55061179087875,1390.4338153503893,35.78642936596218,5205.3,858.4,865.6,873.2,858.7,198.8,201.8,204.0,205.9,4.74,82.3,4.671,5206.5,858.2,866.2,869.2,859.2,199.5,201.0,204.5,205.5,4.73,82.3,4.704,6.0,1.07,0,nominal,0,0.0,194.99,701950.0
50.1,takeoff_climb,93.54171301446051,1393.21468298109,35.80200222469411,5209.0,857.2,865.4,872.1,859.0,200.0,201.5,204.9,205.2,4.75,82.3,4.682,5205.5,858.2,866.2,869.2,859.2,199.5,201.0,204.5,205.5,4.73,82.3,4.703,5.9,1.069,0,nominal,0,0.0,194.99,701949.9
50.2,takeoff_climb,93.53281423804226,1395.9955506117908,35.81757508342603,5194.6,858.3,865.7,869.5,856.8,199.3,201.6,204.9,205.6,4.71,83.0,4.684,5204.5,858.2,866.2,869.2,859.2,199.5,201.0,204.5,205.5,4.73,82.3,4.701,5.9,1.069,0,nominal,0,0.0,194.99,701949.8
50.3,takeoff_climb,93.52391546162403,1398.7764182424917,35.83314794215795,5200.6,857.7,865.0,868.7,858.9,199.4,200.3,205.4,205.0,4.74,82.5,4.676,5203.5,858.2,866.2,869.2,859.2,199.5,201.0,204.5,205.5,4.73,82.3,4.7,5.9,1.069,0,nominal,0,0.0,194.99,701949.7
50.4,takeoff_climb,93.51501668520578,1401.5572858731923,35.84872080088988,5198.9,858.0,867.5,869.2,859.0,198.2,200.9,204.9,205.8,4.74,82.9,4.668,5202.5,858.2,866.2,869.2,859.2,199.5,201.0,204.5,205.5,4.73,82.2,4.698,5.9,1.068,0,nominal,0,0.0,194.99,701949.6
50.5,takeoff_climb,93.50611790878754,1404.3381535038932,35.8642936596218,5206.2,858.6,867.6,868.5,858.9,199.7,201.6,204.1,205.7,4.78,82.0,4.731,5201.5,858.2,866.2,869.2,859.2,199.5,201.0,204.5,205.5,4.73,82.2,4.697,5.9,1.068,0,nominal,0,0.0,194.99,701949.5
50.6,takeoff_climb,93.4972191323693,1407.1190211345938,35.87986651835372,5205.8,857.0,865.3,870.1,859.8,199.0,200.6,204.7,205.8,4.71,83.5,4.698,5200.5,858.1,866.1,869.1,859.1,199.5,201.0,204.5,205.5,4.73,82.2,4.696,5.9,1.068,0,nominal,0,0.0,194.99,701949.4
50.7,takeoff_climb,93.48832035595106,1409.8998887652947,35.89543937708565,5205.9,858.8,866.7,869.4,859.2,199.3,202.0,204.3,204.6,4.74,81.8,4.694,5199.5,858.1,866.1,869.1,859.1,199.5,201.0,204.5,205.5,4.73,82.2,4.694,5.8,1.068,0,nominal,0,0.0,194.99,701949.3
50.8,takeoff_climb,93.47942157953281,1412.6807563959956,35.91101223581757,5199.6,856.1,867.5,868.3,858.5,198.5,201.3,205.1,205.4,4.76,81.8,4.746,5198.5,858.1,866.1,869.1,859.1,199.5,201.0,204.5,205.5,4.73,82.2,4.693,5.8,1.067,0,nominal,0,0.0,194.99,701949.2
50.9,takeoff_climb,93.47052280311458,1415.4616240266962,35.9265850945495,5191.1,857.6,865.9,869.3,861.7,199.6,200.7,205.4,205.2,4.78,82.0,4.644,5197.5,858.1,866.1,869.1,859.1,199.5,201.0,204.5,205.5,4.73,82.2,4.691,5.8,1.067,0,nominal,0,0.0,194.99,701949.1
51.0,takeoff_climb,93.46162402669633,1418.242491657397,35.94215795328142,5189.3,859.4,865.4,869.0,859.4,198.3,200.9,205.2,205.5,4.74,82.6,4.746,5196.5,858.1,866.1,869.1,859.1,199.5,201.0,204.5,205.5,4.73,82.2,4.69,5.8,1.067,0,nominal,0,0.0,194.99,701949.0
51.1,takeoff_climb,93.45272525027809,1421.0233592880977,35.957730812013345,5196.6,858.3,863.7,868.7,857.2,199.0,200.3,204.2,206.1,4.73,83.2,4.719,5195.5,858.1,866.1,869.1,859.1,199.5,201.0,204.5,205.5,4.73,82.2,4.688,5.8,1.066,0,nominal,0,0.0,194.99,701948.9
51.2,takeoff_climb,93.44382647385984,1423.8042269187986,35.973303670745274,5201.1,857.7,865.6,865.5,858.6,200.2,201.0,204.0,206.7,4.7,82.0,4.692,5194.6,858.1,866.1,869.1,859.1,199.5,201.0,204.5,205.5,4.73,82.2,4.687,5.7,1.066,0,nominal,0,0.0,194.99,701948.8
51.3,takeoff_climb,93.4349276974416,1426.5850945494994,35.988876529477196,5192.5,860.0,865.8,867.6,859.1,198.8,199.8,204.9,204.2,4.76,82.2,4.726,5193.6,858.1,866.1,869.1,859.1,199.5,201.0,204.5,205.5,4.73,82.2,4.685,5.7,1.066,0,nominal,0,0.0,194.99,701948.7
51.4,takeoff_climb,93.42602892102336,1429.3659621802,36.004449388209125,5189.3,856.2,865.4,869.7,859.7,199.7,201.1,205.4,205.9,4.69,81.8,4.643,5192.6,858.1,866.1,869.1,859.1,199.5,201.0,204.5,205.5,4.73,82.1,4.684,5.7,1.066,0,nominal,0,0.0,194.99,701948.6
51.5,takeoff_climb,93.41713014460511,1432.146829810901,36.020022246941046,5187.5,858.0,866.4,872.2,857.9,199.3,201.6,205.8,205.2,4.77,82.2,4.709,5191.6,858.1,866.1,869.1,859.1,199.6,201.0,204.5,205.5,4.73,82.1,4.682,5.7,1.065,0,nominal,0,0.0,194.99,701948.5
51.6,takeoff_climb,93.40823136818688,1434.9276974416016,36.03559510567297,5188.3,858.8,866.3,868.9,859.2,199.6,201.4,203.9,205.5,4.76,82.8,4.645,5190.6,858.1,866.1,869.1,859.1,199.6,201.0,204.5,205.5,4.73,82.1,4.681,5.7,1.065,0,nominal,0,0.0,194.99,701948.4
51.7,takeoff_climb,93.39933259176863,1437.7085650723025,36.0511679644049,5181.3,855.8,867.3,868.9,859.7,200.0,201.2,204.9,205.9,4.74,82.1,4.661,5189.6,858.1,866.1,869.1,859.1,199.6,201.0,204.5,205.5,4.73,82.1,4.679,5.7,1.065,0,nominal,0,0.0,194.99,701948.3
51.8,takeoff_climb,93.39043381535039,1440.4894327030033,36.06674082313682,5195.7,858.8,865.6,870.7,857.2,199.2,200.9,204.8,205.7,4.7,82.3,4.719,5188.6,858.1,866.1,869.1,859.1,199.6,201.0,204.5,205.5,4.73,82.1,4.678,5.6,1.064,0,nominal,0,0.0,194.99,701948.2
51.9,takeoff_climb,93.38153503893214,1443.270300333704,36.08231368186874,5187.0,857.8,866.6,867.8,860.0,199.9,201.3,204.2,205.3,4.75,82.6,4.653,5187.6,858.0,866.0,869.0,859.0,199.6,201.0,204.5,205.5,4.73,82.1,4.677,5.6,1.064,0,nominal,0,0.0,194.99,701948.1
52.0,takeoff_climb,93.37263626251391,1446.0511679644048,36.09788654060067,5189.8,860.6,866.1,867.1,856.9,199.1,201.1,204.1,204.7,4.73,81.8,4.714,5186.6,858.0,866.0,869.0,859.0,199.6,201.0,204.5,205.5,4.73,82.1,4.675,5.6,1.064,0,nominal,0,0.0,194.99,701948.0
52.1,takeoff_climb,93.36373748609566,1448.8320355951055,36.11345939933259,5167.2,857.6,865.2,868.1,858.5,199.9,201.1,204.8,205.1,4.72,82.2,4.724,5185.6,858.0,866.0,869.0,859.0,199.6,201.0,204.5,205.5,4.73,82.1,4.674,5.6,1.063,0,nominal,0,0.0,194.99,701947.9
52.2,takeoff_climb,93.35483870967742,1451.6129032258063,36.12903225806451,5188.2,858.5,864.9,869.1,858.0,199.6,200.7,204.1,205.2,4.72,81.8,4.685,5184.6,858.0,866.0,869.0,859.0,199.6,201.0,204.5,205.5,4.73,82.1,4.672,5.6,1.063,0,nominal,0,0.0,194.99,701947.8
52.3,takeoff_climb,93.34593993325917,1454.3937708565072,36.14460511679644,5180.5,858.4,863.4,868.6,860.1,199.2,201.6,205.6,204.9,4.74,82.4,4.703,5183.6,858.0,866.0,869.0,859.0,199.6,201.0,204.5,205.5,4.73,82.0,4.671,5.5,1.063,0,nominal,0,0.0,194.99,701947.7
52.4,takeoff_climb,93.33704115684094,1457.1746384872079,36.16017797552836,5179.0,857.8,866.4,867.6,860.6,200.0,200.2,204.6,205.9,4.71,82.5,4.668,5182.6,858.0,866.0,869.0,859.0,199.6,201.0,204.5,205.5,4.73,82.0,4.669,5.5,1.063,0,nominal,0,0.0,194.99,701947.6
52.5,takeoff_climb,93.32814238042269,1459.9555061179087,36.175750834260285,5177.8,859.0,865.6,867.6,860.1,199.3,201.5,205.6,205.7,4.73,81.8,4.733,5181.6,858.0,866.0,869.0,859.0,199.6,201.0,204.5,205.5,4.73,82.0,4.668,5.5,1.062,0,nominal,0,0.0,194.99,701947.5
52.6,takeoff_climb,93.31924360400446,1462.7363737486094,36.19132369299221,5181.2,858.8,866.8,868.7,857.7,200.1,202.0,205.2,205.2,4.74,82.0,4.673,5180.6,858.0,866.0,869.0,859.0,199.6,201.0,204.5,205.5,4.73,82.0,4.666,5.5,1.062,0,nominal,0,0.0,194.99,701947.4
52.7,takeoff_climb,93.3103448275862,1465.5172413793102,36.206896551724135,5187.3,857.3,868.2,867.6,859.2,198.2,199.3,205.1,204.4,4.71,81.7,4.628,5179.7,858.0,866.0,869.0,859.0,199.6,201.0,204.5,205.5,4.73,82.0,4.665,5.5,1.062,0,nominal,0,0.0,194.99,701947.3
52.8,takeoff_climb,93.30144605116797,1468.298109010011,36.222469410456064,5177.2,857.6,865.0,870.1,858.1,200.5,201.4,204.8,205.5,4.71,81.7,4.668,5178.7,858.0,866.0,869.0,859.0,199.6,201.0,204.5,205.5,4.73,82.0,4.663,5.5,1.061,0,nominal,0,0.0,194.99,701947.2
52.9,takeoff_climb,93.29254727474972,1471.0789766407117,36.238042269187986,5173.7,858.6,865.4,870.8,858.4,199.7,201.3,204.6,205.8,4.71,81.7,4.686,5177.7,858.0,866.0,869.0,859.0,199.6,201.0,204.5,205.5,4.73,82.0,4.662,5.4,1.061,0,nominal,0,0.0,194.99,701947.1
53.0,takeoff_climb,93.28364849833147,1473.8598442714126,36.253615127919915,5169.8,860.0,865.8,868.7,859.2,199.0,202.0,204.5,205.8,4.72,81.6,4.654,5176.7,858.0,866.0,869.0,859.0,199.6,201.0,204.5,205.5,4.73,82.0,4.661,5.4,1.061,0,nominal,0,0.0,194.99,701947.0
53.1,takeoff_climb,93.27474972191324,1476.6407119021135,36.269187986651836,5170.1,855.7,864.7,868.7,858.9,200.2,199.8,205.2,205.5,4.72,82.6,4.63,5175.7,858.0,866.0,869.0,859.0,199.6,201.0,204.5,205.5,4.73,82.0,4.659,5.4,1.061,0,nominal,0,0.0,194.99,701946.9
53.2,takeoff_climb,93.26585094549499,1479.4215795328141,36.28476084538376,5182.5,858.5,865.5,868.3,857.0,199.4,200.0,204.7,205.5,4.75,81.9,4.647,5174.7,857.9,865.9,868.9,858.9,199.6,201.0,204.5,205.5,4.73,81.9,4.658,5.4,1.06,0,nominal,0,0.0,194.99,701946.8
53.3,takeoff_climb,93.25695216907675,1482.202447163515,36.30033370411569,5175.6,855.0,867.4,866.5,858.5,199.3,201.8,204.3,206.6,4.73,82.1,4.646,5173.7,857.9,865.9,868.9,858.9,199.6,201.0,204.5,205.5,4.73,81.9,4.656,5.4,1.06,0,nominal,0,0.0,194.99,701946.7
53.4,takeoff_climb,93.2480533926585,1484.9833147942156,36.31590656284761,5179.8,857.3,862.8,870.2,860.2,200.0,200.5,204.1,206.3,4.73,82.1,4.678,5172.7,857.9,865.9,868.9,858.9,199.6,201.0,204.5,205.5,4.73,81.9,4.655,5.3,1.06,0,nominal,0,0.0,194.99,701946.6
53.5,takeoff_climb,93.23915461624027,1487.7641824249165,36.33147942157953,5173.6,856.6,865.7,871.6,857.7,199.3,202.2,204.8,205.5,4.75,80.5,4.693,5171.7,857.9,865.9,868.9,858.9,199.6,201.0,204.5,205.5,4.73,81.9,4.653,5.3,1.059,0,nominal,0,0.0,194.99,701946.5
53.6,takeoff_climb,93.23025583982202,1490.5450500556174,36.34705228031146,5172.2,859.0,867.7,866.0,859.9,199.3,201.1,204.3,205.3,4.73,81.6,4.662,5170.7,857.9,865.9,868.9,858.9,199.6,201.0,204.5,205.5,4.73,81.9,4.652,5.3,1.059,0,nominal,0,0.0,194.99,701946.4
53.7,takeoff_climb,93.22135706340379,1493.325917686318,36.36262513904338,5165.4,857.2,863.8,864.1,857.8,198.9,201.5,204.5,206.3,4.72,81.7,4.621,5169.7,857.9,865.9,868.9,858.9,199.6,201.0,204.5,205.5,4.73,81.9,4.65,5.3,1.059,0,nominal,0,0.0,194.99,701946.3
53.8,takeoff_climb,93.21245828698554,1496.1067853170189,36.3781979977753,5167.4,858.4,867.4,867.7,857.6,199.4,199.5,204.2,205.5,4.73,82.7,4.643,5168.8,857.9,865.9,868.9,858.9,199.6,201.0,204.5,205.5,4.73,81.9,4.649,5.3,1.058,0,nominal,0,0.0,194.99,701946.2
53.9,takeoff_climb,93.2035595105673,1498.8876529477195,36.39377085650723,5175.9,859.0,864.7,868.4,856.0,199.2,200.7,204.9,205.2,4.7,81.9,4.643,5167.8,857.9,865.9,868.9,858.9,199.6,201.0,204.5,205.5,4.73,81.9,4.648,5.3,1.058,0,nominal,0,0.0,194.99,701946.1
54.0,takeoff_climb,93.19466073414905,1501.6685205784204,36.40934371523915,5168.4,859.6,864.1,868.6,856.8,199.5,200.3,204.1,205.7,4.71,82.1,4.694,5166.8,857.9,865.9,868.9,858.9,199.6,201.0,204.5,205.5,4.73,81.9,4.646,5.2,1.058,0,nominal,0,0.0,194.99,701946.0
54.1,takeoff_climb,93.18576195773082,1504.4493882091213,36.424916573971075,5169.2,860.4,866.5,869.5,859.8,199.9,201.1,205.2,206.0,4.73,81.9,4.637,5165.8,857.9,865.9,868.9,858.9,199.6,201.0,204.5,205.5,4.73,81.8,4.645,5.2,1.058,0,nominal,0,0.0,194.98,701945.9
54.2,takeoff_climb,93.17686318131257,1507.230255839822,36.440489432703004,5169.6,858.4,865.0,869.0,859.5,199.9,200.3,205.3,205.5,4.71,81.2,4.606,5164.8,857.9,865.9,868.9,858.9,199.6,201.0,204.5,205.5,4.73,81.8,4.643,5.2,1.057,0,nominal,0,0.0,194.98,701945.8
54.3,takeoff_climb,93.16796440489432,1510.0111234705228,36.456062291434925,5166.9,857.5,863.6,869.6,859.8,200.1,200.2,204.9,205.4,4.71,81.4,4.599,5163.8,857.9,865.9,868.9,858.9,199.6,201.0,204.5,205.5,4.73,81.8,4.642,5.2,1.057,0,nominal,0,0.0,194.98,701945.7
54.4,takeoff_climb,93.15906562847609,1512.7919911012234,36.471635150166854,5167.6,857.1,866.1,870.3,860.2,198.4,200.1,204.4,205.8,4.73,82.1,4.613,5162.8,857.9,865.9,868.9,858.9,199.6,201.0,204.5,205.5,4.73,81.8,4.64,5.2,1.057,0,nominal,0,0.0,194.98,701945.6
54.5,takeoff_climb,93.15016685205784,1515.5728587319243,36.487208008898776,5161.7,856.8,863.6,870.2,857.6,198.8,200.1,204.2,205.7,4.73,82.4,4.632,5161.8,857.8,865.8,868.8,858.8,199.6,201.0,204.5,205.5,4.73,81.8,4.639,5.1,1.056,0,nominal,0,0.0,194.98,701945.5
54.6,takeoff_climb,93.1412680756396,1518.3537263626251,36.502780867630705,5165.9,859.4,867.7,868.8,859.9,199.4,201.0,205.0,203.9,4.75,81.2,4.621,5160.8,857.8,865.8,868.8,858.8,199.6,201.0,204.5,205.5,4.73,81.8,4.637,5.1,1.056,0,nominal,0,0.0,194.98,701945.4
54.7,takeoff_climb,93.13236929922135,1521.1345939933258,36.518353726362626,5157.8,858.3,866.8,869.1,860.2,198.9,200.3,204.2,205.9,4.74,81.9,4.711,5159.9,857.8,865.8,868.8,858.8,199.6,201.0,204.5,205.5,4.73,81.8,4.636,5.1,1.056,0,nominal,0,0.0,194.98,701945.3
54.8,takeoff_climb,93.12347052280312,1523.9154616240266,36.53392658509455,5160.5,858.8,865.9,870.3,857.4,199.8,202.0,204.1,205.7,4.68,81.9,4.655,5158.9,857.8,865.8,868.8,858.8,199.6,201.0,204.5,205.5,4.73,81.8,4.634,5.1,1.056,0,nominal,0,0.0,194.98,701945.2
54.9,takeoff_climb,93.11457174638487,1526.6963292547273,36.54949944382648,5160.1,857.1,866.7,869.6,859.0,199.7,201.1,204.9,204.8,4.76,82.4,4.656,5157.9,857.8,865.8,868.8,858.8,199.6,201.0,204.5,205.5,4.73,81.7,4.633,5.1,1.055,0,nominal,0,0.0,194.98,701945.1
55.0,takeoff_climb,93.10567296996663,1529.4771968854282,36.5650723025584,5152.5,857.9,867.3,866.3,860.6,200.5,200.7,204.3,206.2,4.77,81.4,4.662,5156.9,857.8,865.8,868.8,858.8,199.6,201.0,204.5,205.5,4.73,81.7,4.632,5.1,1.055,0,nominal,0,0.0,194.98,701945.0
55.1,takeoff_climb,93.09677419354838,1532.258064516129,36.58064516129032,5159.8,857.6,866.3,868.5,859.4,198.7,199.7,205.0,206.5,4.7,82.8,4.623,5155.9,857.8,865.8,868.8,858.8,199.5,201.0,204.5,205.5,4.73,81.7,4.63,5.0,1.055,0,nominal,0,0.0,194.98,701944.9
55.2,takeoff_climb,93.08787541713015,1535.0389321468297,36.59621802002225,5169.6,857.3,864.8,868.9,856.9,199.4,200.7,205.6,204.9,4.7,81.5,4.613,5154.9,857.8,865.8,868.8,858.8,199.5,201.0,204.5,205.5,4.73,81.7,4.629,5.0,1.054,0,nominal,0,0.0,194.98,701944.8
55.3,takeoff_climb,93.0789766407119,1537.8197997775305,36.61179087875417,5165.6,856.8,866.6,869.7,857.8,199.7,202.2,204.5,205.2,4.71,81.9,4.62,5153.9,857.8,865.8,868.8,858.8,199.5,201.0,204.5,205.5,4.73,81.7,4.627,5.0,1.054,0,nominal,0,0.0,194.98,701944.7
55.4,takeoff_climb,93.07007786429367,1540.6006674082312,36.62736373748609,5158.5,858.6,863.3,868.1,860.7,199.3,200.4,204.4,205.3,4.76,82.0,4.634,5152.9,857.8,865.8,868.8,858.8,199.5,201.0,204.5,205.5,4.73,81.7,4.626,5.0,1.054,0,nominal,0,0.0,194.98,701944.6
55.5,takeoff_climb,93.06117908787542,1543.381535038932,36.64293659621802,5156.2,859.8,865.4,869.0,857.9,200.0,201.7,205.6,206.1,4.77,81.7,4.565,5152.0,857.8,865.8,868.8,858.8,199.5,201.0,204.5,205.5,4.73,81.7,4.624,5.0,1.054,0,nominal,0,0.0,194.98,701944.5
55.6,takeoff_climb,93.05228031145717,1546.162402669633,36.65850945494994,5151.8,857.3,867.9,870.2,859.5,200.1,201.2,204.6,204.9,4.73,82.2,4.675,5151.0,857.8,865.8,868.8,858.8,199.5,201.0,204.5,205.5,4.73,81.7,4.623,4.9,1.053,0,nominal,0,0.0,194.98,701944.4
55.7,takeoff_climb,93.04338153503893,1548.9432703003336,36.674082313681865,5155.3,856.8,867.9,870.3,855.3,200.8,201.0,204.2,205.8,4.76,81.8,4.643,5150.0,857.8,865.8,868.8,858.8,199.5,201.0,204.5,205.5,4.73,81.7,4.622,4.9,1.053,0,nominal,0,0.0,194.98,701944.3
55.8,takeoff_climb,93.03448275862068,1551.7241379310344,36.689655172413794,5143.4,861.5,862.5,868.5,859.1,199.5,202.1,204.5,206.3,4.72,81.0,4.687,5149.0,857.7,865.7,868.7,858.7,199.5,201.0,204.5,205.5,4.73,81.6,4.62,4.9,1.053,0,nominal,0,0.0,194.98,701944.2
55.9,takeoff_climb,93.02558398220245,1554.505005561735,36.705228031145715,5149.9,858.3,863.4,872.8,857.0,201.7,201.0,204.7,205.2,4.76,81.3,4.57,5148.0,857.7,865.7,868.7,858.7,199.5,201.0,204.5,205.5,4.73,81.6,4.619,4.9,1.052,0,nominal,0,0.0,194.98,701944.1
56.0,takeoff_climb,93.0166852057842,1557.285873192436,36.720800889877644,5147.7,859.6,866.2,869.9,856.8,199.7,201.2,204.8,206.1,4.71,81.8,4.603,5147.0,857.7,865.7,868.7,858.7,199.5,201.0,204.5,205.5,4.73,81.6,4.617,4.9,1.052,0,nominal,0,0.0,194.98,701944.0
56.1,takeoff_climb,93.00778642936596,1560.0667408231368,36.736373748609566,5134.8,857.4,864.8,869.2,857.9,199.6,201.3,204.2,204.8,4.76,81.8,4.577,5146.0,857.7,865.7,868.7,858.7,199.5,201.0,204.5,205.5,4.73,81.6,4.616,4.9,1.052,0,nominal,0,0.0,194.98,701943.9
56.2,takeoff_climb,92.99888765294772,1562.8476084538374,36.751946607341495,5146.6,858.4,866.1,867.2,858.8,199.8,201.1,203.7,205.7,4.7,80.3,4.63,5145.1,857.7,865.7,868.7,858.7,199.5,201.0,204.5,205.5,4.73,81.6,4.614,4.8,1.051,0,nominal,0,0.0,194.98,701943.8
56.3,takeoff_climb,92.98998887652948,1565.6284760845383,36.767519466073416,5136.0,855.4,866.4,868.8,856.9,199.3,201.1,204.2,205.6,4.72,81.2,4.586,5144.1,857.7,865.7,868.7,858.7,199.5,201.0,204.5,205.5,4.73,81.6,4.613,4.8,1.051,0,nominal,0,0.0,194.98,701943.7
56.4,takeoff_climb,92.98109010011123,1568.409343715239,36.78309232480534,5133.8,859.6,866.7,868.4,858.0,199.0,200.5,204.5,206.2,4.68,81.2,4.622,5143.1,857.7,865.7,868.7,858.7,199.5,201.0,204.5,205.5,4.73,81.6,4.611,4.8,1.051,0,nominal,0,0.0,194.98,701943.6
56.5,takeoff_climb,92.972191323693,1571.1902113459398,36.79866518353727,5139.7,857.6,865.8,867.8,860.7,198.5,200.0,204.1,206.0,4.73,81.8,4.539,5142.1,857.7,865.7,868.7,858.7,199.5,201.0,204.5,205.5,4.73,81.6,4.61,4.8,1.051,0,nominal,0,0.0,194.98,701943.5
56.6,takeoff_climb,92.96329254727475,1573.9710789766407,36.81423804226919,5150.6,856.7,862.9,867.1,861.3,199.3,201.4,204.4,204.9,4.71,81.7,4.614,5141.1,857.7,865.7,868.7,858.7,199.5,201.0,204.5,205.5,4.73,81.5,4.609,4.8,1.05,0,nominal,0,0.0,194.98,701943.4
56.7,takeoff_climb,92.95439377085651,1576.7519466073413,36.82981090100111,5138.9,858.0,865.3,868.6,858.0,199.8,201.2,204.7,205.7,4.7,81.5,4.614,5140.1,857.7,865.7,868.7,858.7,199.5,201.0,204.5,205.5,4.73,81.5,4.607,4.8,1.05,0,nominal,0,0.0,194.98,701943.3
56.8,takeoff_climb,92.94549499443826,1579.5328142380422,36.84538375973304,5136.7,858.1,864.9,868.6,859.0,199.4,201.0,203.5,205.1,4.75,81.9,4.618,5139.2,857.7,865.7,868.7,858.7,199.5,201.0,204.5,205.5,4.73,81.5,4.606,4.7,1.05,0,nominal,0,0.0,194.98,701943.2
56.9,takeoff_climb,92.93659621802003,1582.313681868743,36.86095661846496,5143.1,860.2,866.8,866.6,860.3,200.0,201.2,205.2,206.1,4.67,82.1,4.626,5138.2,857.7,865.7,868.7,858.7,199.5,201.0,204.5,205.5,4.73,81.5,4.604,4.7,1.049,0,nominal,0,0.0,194.98,701943.1
57.0,takeoff_climb,92.92769744160178,1585.0945494994437,36.87652947719688,5133.8,857.8,864.7,870.1,858.2,199.4,201.5,203.5,205.3,4.72,81.2,4.603,5137.2,857.7,865.7,868.7,858.7,199.5,201.0,204.5,205.5,4.73,81.5,4.603,4.7,1.049,0,nominal,0,0.0,194.98,701943.0
57.1,takeoff_climb,92.91879866518354,1587.8754171301446,36.89210233592881,5133.1,860.7,866.2,871.8,859.3,198.7,201.3,204.3,205.2,4.77,80.9,4.589,5136.2,857.6,865.6,868.6,858.6,199.5,201.0,204.5,205.5,4.73,81.5,4.601,4.7,1.049,0,nominal,0,0.0,194.98,701942.9
57.2,takeoff_climb,92.9098998887653,1590.6562847608452,36.90767519466073,5139.4,856.7,865.3,869.9,859.7,199.4,200.8,204.1,206.4,4.72,82.0,4.622,5135.2,857.6,865.6,868.6,858.6,199.5,201.0,204.5,205.5,4.74,81.5,4.6,4.7,1.049,0,nominal,0,0.0,194.98,701942.8
57.3,takeoff_climb,92.90100111234705,1593.437152391546,36.923248053392655,5137.2,862.5,866.0,869.1,855.6,199.2,201.1,205.2,205.9,4.75,81.7,4.589,5134.2,857.6,865.6,868.6,858.6,199.5,201.0,204.5,205.5,4.74,81.5,4.599,4.6,1.048,0,nominal,0,0.0,194.98,701942.7
57.4,takeoff_climb,92.89210233592881,1596.218020022247,36.938820912124584,5141.5,856.1,864.7,869.8,860.4,199.5,202.3,204.6,205.6,4.71,81.1,4.605,5133.3,857.6,865.6,868.6,858.6,199.5,201.0,204.5,205.5,4.74,81.4,4.597,4.6,1.048,0,nominal,0,0.0,194.98,701942.6
57.5,takeoff_climb,92.88320355951056,1598.9988876529476,36.954393770856505,5127.5,858.5,866.8,868.8,861.8,199.2,201.7,205.3,205.2,4.73,80.5,4.589,5132.3,857.6,865.6,868.6,858.6,199.5,201.0,204.5,205.5,4.74,81.4,4.596,4.6,1.048,0,nominal,0,0.0,194.98,701942.5
57.6,takeoff_climb,92.87430478309233,1601.7797552836485,36.96996662958843,5133.7,855.6,864.3,868.6,856.5,200.6,201.7,204.6,205.8,4.73,81.6,4.596,5131.3,857.6,865.6,868.6,858.6,199.5,201.0,204.5,205.5,4.74,81.4,4.594,4.6,1.047,0,nominal,0,0.0,194.98,701942.4
57.7,takeoff_climb,92.86540600667408,1604.560622914349,36.985539488320356,5134.6,857.6,863.8,868.9,860.8,200.1,200.3,203.8,205.8,4.72,81.0,4.585,5130.3,857.6,865.6,868.6,858.6,199.5,201.0,204.5,205.5,4.74,81.4,4.593,4.6,1.047,0,nominal,0,0.0,194.98,701942.3
57.8,takeoff_climb,92.85650723025584,1607.34149054505,37.00111234705228,5135.5,859.6,866.2,869.4,860.0,199.8,201.1,204.9,205.6,4.69,81.7,4.569,5129.3,857.6,865.6,868.6,858.6,199.5,201.0,204.5,205.5,4.74,81.4,4.591,4.6,1.047,0,nominal,0,0.0,194.98,701942.2
57.9,takeoff_climb,92.8476084538376,1610.1223581757508,37.016685205784206,5134.5,859.5,866.0,868.3,857.0,199.8,202.4,205.3,205.0,4.73,81.2,4.603,5128.3,857.6,865.6,868.6,858.6,199.5,201.0,204.5,205.5,4.74,81.4,4.59,4.5,1.047,0,nominal,0,0.0,194.98,701942.1
58.0,takeoff_climb,92.83870967741936,1612.9032258064515,37.03225806451613,5125.9,857.5,864.1,868.8,856.5,199.6,201.3,204.4,206.0,4.73,81.2,4.582,5127.4,857.6,865.6,868.6,858.6,199.5,201.0,204.5,205.5,4.74,81.4,4.589,4.5,1.046,0,nominal,0,0.0,194.98,701942.0
58.1,takeoff_climb,92.82981090100111,1615.6840934371523,37.04783092324806,5133.0,858.5,864.9,868.2,858.1,200.1,201.8,205.3,205.4,4.69,81.9,4.638,5126.4,857.6,865.6,868.6,858.6,199.5,201.0,204.5,205.5,4.74,81.3,4.587,4.5,1.046,0,nominal,0,0.0,194.98,701941.9
58.2,takeoff_climb,92.82091212458288,1618.464961067853,37.06340378197998,5137.7,859.2,866.7,868.7,857.0,199.4,199.7,203.5,204.6,4.72,81.5,4.596,5125.4,857.6,865.6,868.6,858.6,199.5,201.0,204.5,205.5,4.74,81.3,4.586,4.5,1.046,0,nominal,0,0.0,194.98,701941.8
58.3,takeoff_climb,92.81201334816463,1621.2458286985539,37.0789766407119,5120.8,857.7,866.9,869.1,857.9,198.9,200.7,204.0,204.8,4.77,81.8,4.581,5124.4,857.6,865.6,868.6,858.6,199.5,201.0,204.5,205.5,4.74,81.3,4.584,4.5,1.045,0,nominal,0,0.0,194.98,701941.7
58.4,takeoff_climb,92.80311457174639,1624.0266963292547,37.09454949944383,5125.9,857.9,865.0,868.4,862.6,199.5,200.6,204.5,205.5,4.7,81.9,4.519,5123.4,857.5,865.5,868.5,858.5,199.5,201.0,204.5,205.5,4.74,81.3,4.583,4.4,1.045,0,nominal,0,0.0,194.98,701941.6
58.5,takeoff_climb,92.79421579532814,1626.8075639599554,37.11012235817575,5121.8,858.1,864.0,866.3,858.2,198.8,200.7,206.2,205.7,4.69,80.8,4.605,5122.5,857.5,865.5,868.5,858.5,199.5,201.0,204.5,205.5,4.74,81.3,4.581,4.4,1.045,0,nominal,0,0.0,194.98,701941.5
58.6,takeoff_climb,92.7853170189099,1629.5884315906562,37.12569521690767,5129.0,859.1,865.5,870.7,859.3,199.4,202.2,204.5,205.3,4.75,80.8,4.596,5121.5,857.5,865.5,868.5,858.5,199.5,201.0,204.5,205.5,4.74,81.3,4.58,4.4,1.045,0,nominal,0,0.0,194.98,701941.4
58.7,takeoff_climb,92.77641824249166,1632.3692992213569,37.1412680756396,5123.3,858.4,864.6,869.6,859.7,199.0,201.9,205.0,205.1,4.71,81.5,4.601,5120.5,857.5,865.5,868.5,858.5,199.5,201.0,204.5,205.5,4.74,81.3,4.579,4.4,1.044,0,nominal,0,0.0,194.98,701941.3
58.8,takeoff_climb,92.76751946607341,1635.1501668520577,37.15684093437152,5118.9,856.0,865.9,869.4,856.1,199.8,201.2,203.7,205.0,4.75,82.4,4.585,5119.5,857.5,865.5,868.5,858.5,199.5,201.0,204.5,205.5,4.74,81.3,4.577,4.4,1.044,0,nominal,0,0.0,194.98,701941.2
58.9,takeoff_climb,92.75862068965517,1637.9310344827586,37.172413793103445,5125.4,854.5,866.4,869.0,859.2,199.4,201.6,204.1,205.6,4.74,81.3,4.652,5118.5,857.5,865.5,868.5,858.5,199.5,201.0,204.5,205.5,4.74,81.2,4.576,4.4,1.044,0,nominal,0,0.0,194.98,701941.1
59.0,takeoff_climb,92.74972191323693,1640.7119021134592,37.187986651835374,5115.7,858.5,865.0,867.8,858.4,199.5,200.4,204.8,205.8,4.75,81.8,4.595,5117.6,857.5,865.5,868.5,858.5,199.5,201.0,204.5,205.5,4.74,81.2,4.574,4.3,1.043,0,nominal,0,0.0,194.98,701941.0
59.1,takeoff_climb,92.74082313681869,1643.4927697441601,37.203559510567295,5116.7,858.3,863.9,870.0,861.0,200.2,200.8,204.8,206.4,4.7,81.8,4.556,5116.6,857.5,865.5,868.5,858.5,199.5,201.0,204.5,205.5,4.74,81.2,4.573,4.3,1.043,0,nominal,0,0.0,194.98,701940.9
59.2,takeoff_climb,92.73192436040044,1646.2736373748608,37.21913236929922,5118.1,859.3,868.3,868.6,857.6,200.0,201.1,204.6,205.1,4.73,81.0,4.558,5115.6,857.5,865.5,868.5,858.5,199.5,201.0,204.5,205.5,4.74,81.2,4.571,4.3,1.043,0,nominal,0,0.0,194.98,701940.8
59.3,takeoff_climb,92.7230255839822,1649.0545050055616,37.234705228031146,5109.8,859.2,864.4,868.7,858.2,198.8,201.7,204.6,205.5,4.74,81.0,4.555,5114.6,857.5,865.5,868.5,858.5,199.5,201.0,204.5,205.5,4.74,81.2,4.57,4.3,1.042,0,nominal,0,0.0,194.98,701940.7
59.4,takeoff_climb,92.71412680756396,1651.8353726362625,37.25027808676307,5127.0,858.4,864.5,868.6,859.3,199.0,201.5,205.4,206.9,4.76,80.4,4.54,5113.6,857.5,865.5,868.5,858.5,199.5,201.0,204.5,205.5,4.74,81.2,4.569,4.3,1.042,0,nominal,0,0.0,194.98,701940.6
59.5,takeoff_climb,92.70522803114572,1654.6162402669631,37.265850945494996,5109.1,855.7,864.0,869.5,855.6,199.0,200.9,205.0,205.3,4.74,81.6,4.57,5112.7,857.5,865.5,868.5,858.5,199.5,201.0,204.5,205.5,4.74,81.2,4.567,4.2,1.042,0,nominal,0,0.0,194.98,701940.5
59.6,takeoff_climb,92.69632925472747,1657.397107897664,37.28142380422692,5111.4,856.9,866.7,869.8,857.7,199.4,201.0,204.4,205.4,4.73,81.3,4.613,5111.7,857.4,865.4,868.4,858.4,199.5,201.0,204.5,205.5,4.74,81.1,4.566,4.2,1.042,0,nominal,0,0.0,194.98,701940.4
59.7,takeoff_climb,92.68743047830924,1660.1779755283646,37.29699666295885,5101.3,855.2,863.1,870.1,857.2,200.5,202.1,204.8,205.8,4.73,81.5,4.586,5110.7,857.4,865.4,868.4,858.4,199.5,201.0,204.5,205.5,4.74,81.1,4.564,4.2,1.041,0,nominal,0,0.0,194.98,701940.3
59.8,takeoff_climb,92.67853170189099,1662.9588431590655,37.31256952169077,5108.3,858.0,864.7,869.1,857.6,199.5,201.4,204.2,205.7,4.74,81.0,4.578,5109.7,857.4,865.4,868.4,858.4,199.5,201.0,204.5,205.5,4.74,81.1,4.563,4.2,1.041,0,nominal,0,0.0,194.98,701940.2
59.9,takeoff_climb,92.66963292547274,1665.7397107897664,37.32814238042269,5112.8,857.0,865.8,868.5,857.7,199.6,200.2,205.6,206.1,4.75,81.6,4.525,5108.8,857.4,865.4,868.4,858.4,199.5,201.0,204.5,205.5,4.74,81.1,4.561,4.2,1.041,0,nominal,0,0.0,194.98,701940.1
60.0,takeoff_climb,92.6607341490545,1668.520578420467,37.34371523915462,5101.1,857.9,864.4,869.3,858.7,200.2,201.6,204.0,205.7,4.73,80.7,4.593,5107.8,857.4,865.4,868.4,858.4,199.5,201.0,204.5,205.5,4.74,81.1,4.56,4.2,1.04,0,nominal,0,0.0,194.98,701940.0
60.1,takeoff_climb,92.65183537263626,1671.3014460511679,37.35928809788654,5106.1,856.7,864.7,868.4,860.9,200.5,200.5,204.3,205.7,4.76,80.2,4.549,5106.8,857.4,865.4,868.4,858.4,199.5,201.0,204.5,205.5,4.74,81.1,4.559,4.1,1.04,0,nominal,0,0.0,194.98,701939.9
60.2,takeoff_climb,92.64293659621802,1674.0823136818685,37.37486095661846,5106.9,856.6,866.1,868.0,860.3,198.9,201.0,205.0,206.1,4.74,81.2,4.63,5105.8,857.4,865.4,868.4,858.4,199.5,201.0,204.5,205.5,4.74,81.1,4.557,4.1,1.04,0,nominal,0,0.0,194.98,701939.8
60.3,takeoff_climb,92.63403781979977,1676.8631813125694,37.39043381535039,5096.7,858.7,864.4,867.8,857.4,199.9,199.6,205.3,204.1,4.72,80.8,4.583,5104.9,857.4,865.4,868.4,858.4,199.5,201.0,204.5,205.5,4.74,81.1,4.556,4.1,1.04,0,nominal,0,0.0,194.98,701939.7
60.4,takeoff_climb,92.62513904338154,1679.6440489432703,37.40600667408231,5102.2,859.2,864.9,868.0,859.2,200.4,201.7,204.5,206.8,4.74,80.3,4.549,5103.9,857.4,865.4,868.4,858.4,199.5,201.0,204.5,205.5,4.74,81.0,4.554,4.1,1.039,0,nominal,0,0.0,194.98,701939.6
60.5,takeoff_climb,92.61624026696329,1682.424916573971,37.421579532814235,5115.8,856.9,864.9,868.7,861.2,198.7,201.7,204.7,205.2,4.73,81.0,4.559,5102.9,857.4,865.4,868.4,858.4,199.5,201.0,204.5,205.5,4.74,81.0,4.553,4.1,1.039,0,nominal,0,0.0,194.98,701939.5
60.6,takeoff_climb,92.60734149054505,1685.2057842046718,37.437152391546164,5099.8,854.8,867.7,869.1,859.9,198.2,201.5,203.9,205.1,4.72,80.8,4.613,5101.9,857.4,865.4,868.4,858.4,199.5,201.0,204.5,205.5,4.74,81.0,4.551,4.0,1.039,0,nominal,0,0.0,194.98,701939.4
60.7,takeoff_climb,92.5984427141268,1687.9866518353726,37.452725250278085,5099.7,857.7,865.1,868.3,859.0,200.1,201.2,204.8,205.2,4.76,80.7,4.551,5100.9,857.4,865.4,868.4,858.4,199.5,201.0,204.5,205.5,4.74,81.0,4.55,4.0,1.038,0,nominal,0,0.0,194.98,701939.3
60.8,takeoff_climb,92.58954393770857,1690.7675194660733,37.46829810901001,5101.5,855.9,864.6,868.9,862.2,199.2,201.1,203.7,205.0,4.68,81.0,4.569,5100.0,857.4,865.4,868.4,858.4,199.5,201.0,204.5,205.5,4.74,81.0,4.549,4.0,1.038,0,nominal,0,0.0,194.98,701939.2
60.9,takeoff_climb,92.58064516129032,1693.5483870967741,37.483870967741936,5100.8,859.5,868.6,869.0,859.1,199.7,200.8,203.7,204.7,4.71,80.8,4.572,5099.0,857.3,865.3,868.3,858.3,199.5,201.0,204.5,205.5,4.74,81.0,4.547,4.0,1.038,0,nominal,0,0.0,194.98,701939.1
61.0,takeoff_climb,92.57174638487209,1696.3292547274748,37.49944382647386,5097.3,859.4,867.6,870.3,859.7,199.6,200.4,203.7,204.2,4.75,80.7,4.535,5098.0,857.3,865.3,868.3,858.3,199.5,201.0,204.5,205.5,4.74,81.0,4.546,4.0,1.038,0,nominal,0,0.0,194.98,701939.0
61.1,takeoff_climb,92.56284760845384,1699.1101223581757,37.51501668520579,5096.1,858.6,870.1,864.8,860.0,199.2,201.9,204.4,204.5,4.71,81.2,4.548,5097.0,857.3,865.3,868.3,858.3,199.5,201.0,204.5,205.5,4.74,80.9,4.544,4.0,1.037,0,nominal,0,0.0,194.98,701938.9
61.2,takeoff_climb,92.5539488320356,1701.8909899888765,37.53058954393771,5102.5,855.7,864.7,868.6,859.3,200.4,201.2,204.7,205.1,4.75,81.1,4.558,5096.1,857.3,865.3,868.3,858.3,199.5,201.0,204.5,205.5,4.74,80.9,4.543,3.9,1.037,0,nominal,0,0.0,194.98,701938.8
61.3,takeoff_climb,92.54505005561735,1704.6718576195772,37.54616240266964,5083.1,858.4,864.3,869.8,858.8,199.3,200.1,204.7,205.8,4.72,81.0,4.545,5095.1,857.3,865.3,868.3,858.3,199.5,201.0,204.5,205.5,4.74,80.9,4.542,3.9,1.037,0,nominal,0,0.0,194.98,701938.7
61.4,takeoff_climb,92.53615127919912,1707.452725250278,37.56173526140156,5081.8,857.0,865.5,868.8,860.2,198.5,200.9,204.6,205.1,4.8,80.9,4.545,5094.1,857.3,865.3,868.3,858.3,199.5,201.0,204.5,205.5,4.74,80.9,4.54,3.9,1.036,0,nominal,0,0.0,194.98,701938.6
61.5,takeoff_climb,92.52725250278087,1710.2335928809787,37.57730812013348,5093.1,855.9,866.8,865.7,858.4,200.6,201.6,204.3,204.6,4.73,81.3,4.537,5093.1,857.3,865.3,868.3,858.3,199.5,201.0,204.5,205.5,4.74,80.9,4.539,3.9,1.036,0,nominal,0,0.0,194.98,701938.5
61.6,takeoff_climb,92.51835372636262,1713.0144605116795,37.59288097886541,5086.2,858.0,865.1,868.1,857.8,199.2,201.3,205.4,205.5,4.76,81.0,4.559,5092.2,857.3,865.3,868.3,858.3,199.5,201.0,204.5,205.5,4.74,80.9,4.537,3.9,1.036,0,nominal,0,0.0,194.98,701938.4
61.7,takeoff_climb,92.50945494994438,1715.7953281423804,37.60845383759733,5082.4,855.2,866.9,867.1,858.1,200.3,200.2,203.8,206.2,4.76,81.2,4.525,5091.2,857.3,865.3,868.3,858.3,199.5,201.0,204.4,205.4,4.74,80.9,4.536,3.8,1.036,0,nominal,0,0.0,194.98,701938.3
61.8,takeoff_climb,92.50055617352614,1718.576195773081,37.62402669632925,5083.4,858.0,864.5,867.3,859.3,199.2,201.4,204.6,205.4,4.72,80.8,4.453,5090.2,857.3,865.3,868.3,858.3,199.5,201.0,204.4,205.4,4.74,80.8,4.534,3.8,1.035,0,nominal,0,0.0,194.98,701938.2
61.9,takeoff_climb,92.4916573971079,1721.357063403782,37.63959955506118,5094.6,856.4,863.5,868.5,856.4,198.5,200.5,205.7,204.7,4.72,79.9,4.592,5089.3,857.3,865.3,868.3,858.3,199.5,201.0,204.4,205.4,4.74,80.8,4.533,3.8,1.035,0,nominal,0,0.0,194.98,701938.1
62.0,takeoff_climb,92.48275862068965,1724.1379310344826,37.6551724137931,5090.6,857.0,865.4,867.0,860.0,199.4,200.8,203.3,206.0,4.74,80.7,4.466,5088.3,857.3,865.3,868.3,858.3,199.5,201.0,204.4,205.4,4.74,80.8,4.532,3.8,1.035,0,nominal,0,0.0,194.98,701938.0
62.1,takeoff_climb,92.47385984427142,1726.9187986651834,37.670745272525025,5087.2,857.9,864.5,869.0,857.8,199.3,200.5,204.3,205.2,4.73,81.7,4.545,5087.3,857.3,865.3,868.3,858.3,199.5,200.9,204.4,205.4,4.74,80.8,4.53,3.8,1.034,0,nominal,0,0.0,194.98,701937.9
62.2,takeoff_climb,92.46496106785317,1729.6996662958843,37.686318131256954,5094.7,858.4,865.3,867.8,856.8,200.6,200.7,204.1,206.1,4.71,80.9,4.504,5086.3,857.2,865.2,868.2,858.2,199.5,200.9,204.4,205.4,4.74,80.8,4.529,3.8,1.034,0,nominal,0,0.0,194.98,701937.8
62.3,takeoff_climb,92.45606229143493,1732.480533926585,37.701890989988875,5085.4,859.7,865.3,868.0,859.7,200.1,200.4,203.5,205.5,4.77,80.7,4.501,5085.4,857.2,865.2,868.2,858.2,199.4,200.9,204.4,205.4,4.74,80.8,4.527,3.7,1.034,0,nominal,0,0.0,194.98,701937.7
62.4,takeoff_climb,92.44716351501668,1735.2614015572858,37.7174638487208,5073.9,857.1,865.9,869.7,857.9,200.0,201.0,204.2,204.9,4.77,80.9,4.592,5084.4,857.2,865.2,868.2,858.2,199.4,200.9,204.4,205.4,4.74,80.8,4.526,3.7,1.034,0,nominal,0,0.0,194.98,701937.6
62.5,takeoff_climb,92.43826473859845,1738.0422691879864,37.733036707452726,5089.7,856.8,865.3,868.4,858.3,200.0,201.2,204.9,206.4,4.7,79.8,4.473,5083.4,857.2,865.2,868.2,858.2,199.4,200.9,204.4,205.4,4.74,80.7,4.525,3.7,1.033,0,nominal,0,0.0,194.98,701937.5
62.6,takeoff_climb,92.4293659621802,1740.8231368186873,37.74860956618465,5085.4,855.3,864.3,867.3,857.4,199.8,201.3,204.5,205.0,4.71,81.7,4.507,5082.4,857.2,865.2,868.2,858.2,199.4,200.9,204.4,205.4,4.74,80.7,4.523,3.7,1.033,0,nominal,0,0.0,194.98,701937.4
62.7,takeoff_climb,92.42046718576196,1743.6040044493882,37.76418242491657,5080.2,860.2,863.6,869.1,859.7,199.0,200.5,204.6,204.9,4.73,80.9,4.554,5081.5,857.2,865.2,868.2,858.2,199.4,200.9,204.4,205.4,4.74,80.7,4.522,3.7,1.033,0,nominal,0,0.0,194.98,701937.3
62.8,takeoff_climb,92.41156840934372,1746.3848720800888,37.7797552836485,5068.8,856.7,863.6,868.4,856.8,200.1,201.3,204.7,205.2,4.76,80.6,4.517,5080.5,857.2,865.2,868.2,858.2,199.4,200.9,204.4,205.4,4.74,80.7,4.52,3.6,1.032,0,nominal,0,0.0,194.98,701937.2
62.9,takeoff_climb,92.40266963292547,1749.1657397107897,37.79532814238042,5084.1,858.0,864.8,869.0,858.2,199.5,200.5,203.6,206.9,4.75,81.3,4.52,5079.5,857.2,865.2,868.2,858.2,199.4,200.9,204.4,205.4,4.74,80.7,4.519,3.6,1.032,0,nominal,0,0.0,194.98,701937.1
63.0,takeoff_climb,92.39377085650723,1751.9466073414903,37.81090100111235,5084.7,856.4,866.0,867.0,857.9,198.7,201.0,204.3,206.1,4.72,80.2,4.526,5078.6,857.2,865.2,868.2,858.2,199.4,200.9,204.4,205.4,4.74,80.7,4.518,3.6,1.032,0,nominal,0,0.0,194.98,701937.0
63.1,takeoff_climb,92.38487208008898,1754.7274749721912,37.82647385984427,5085.6,858.4,866.0,869.6,857.7,198.9,201.6,204.4,204.7,4.74,80.2,4.504,5077.6,857.2,865.2,868.2,858.2,199.4,200.9,204.4,205.4,4.74,80.7,4.516,3.6,1.032,0,nominal,0,0.0,194.98,701936.9
63.2,takeoff_climb,92.37597330367075,1757.508342602892,37.8420467185762,5070.7,857.4,864.1,867.4,858.7,198.8,202.0,203.9,205.0,4.78,80.5,4.519,5076.6,857.2,865.2,868.2,858.2,199.4,200.9,204.4,205.4,4.74,80.6,4.515,3.6,1.031,0,nominal,0,0.0,194.98,701936.8
63.3,takeoff_climb,92.3670745272525,1760.2892102335927,37.85761957730812,5079.0,855.7,863.3,869.3,857.9,198.8,201.0,204.4,205.8,4.71,80.7,4.461,5075.6,857.2,865.2,868.2,858.2,199.4,200.9,204.4,205.4,4.74,80.6,4.513,3.6,1.031,0,nominal,0,0.0,194.98,701936.7
63.4,takeoff_climb,92.35817575083426,1763.0700778642936,37.87319243604004,5084.1,859.3,865.5,868.2,860.1,199.8,200.6,204.4,205.0,4.73,80.4,4.463,5074.7,857.2,865.2,868.2,858.2,199.4,200.9,204.4,205.4,4.74,80.6,4.512,3.5,1.031,0,nominal,0,0.0,194.98,701936.6
63.5,takeoff_climb,92.34927697441601,1765.8509454949942,37.88876529477197,5069.5,855.7,864.4,869.1,858.4,198.4,202.1,203.3,205.0,4.73,80.3,4.565,5073.7,857.1,865.1,868.1,858.1,199.4,200.9,204.4,205.4,4.74,80.6,4.511,3.5,1.03,0,nominal,0,0.0,194.98,701936.5
63.6,takeoff_climb,92.34037819799778,1768.631813125695,37.90433815350389,5079.4,855.8,864.4,866.3,858.5,199.6,200.2,203.6,205.7,4.75,81.0,4.523,5072.7,857.1,865.1,868.1,858.1,199.4,200.9,204.4,205.4,4.74,80.6,4.509,3.5,1.03,0,nominal,0,0.0,194.98,701936.4
63.7,takeoff_climb,92.33147942157953,1771.412680756396,37.919911012235815,5059.7,859.5,867.1,866.8,854.7,199.1,200.4,204.7,205.6,4.71,80.2,4.527,5071.8,857.1,865.1,868.1,858.1,199.4,200.9,204.4,205.4,4.74,80.6,4.508,3.5,1.03,0,nominal,0,0.0,194.98,701936.3
63.8,takeoff_climb,92.3225806451613,1774.1935483870966,37.935483870967744,5069.9,855.2,865.6,864.9,856.9,199.9,202.1,204.8,205.3,4.71,80.1,4.481,5070.8,857.1,865.1,868.1,858.1,199.4,200.9,204.4,205.4,4.74,80.6,4.506,3.5,1.03,0,nominal,0,0.0,194.98,701936.2
63.9,takeoff_climb,92.31368186874305,1776.9744160177975,37.951056729699665,5064.6,855.8,866.3,868.8,857.6,200.4,200.8,205.2,205.5,4.78,80.6,4.47,5069.8,857.1,865.1,868.1,858.1,199.4,200.9,204.4,205.4,4.74,80.5,4.505,3.4,1.029,0,nominal,0,0.0,194.98,701936.1
64.0,takeoff_climb,92.30478309232481,1779.7552836484983,37.96662958843159,5072.6,858.5,861.6,865.2,858.2,199.1,200.8,204.1,205.2,4.7,81.2,4.512,5068.9,857.1,865.1,868.1,858.1,199.4,200.9,204.4,205.4,4.74,80.5,4.503,3.4,1.029,0,nominal,0,0.0,194.98,701936.0
64.1,takeoff_climb,92.29588431590656,1782.536151279199,37.982202447163516,5070.9,856.8,866.7,867.0,858.6,200.2,201.3,203.7,205.1,4.67,80.3,4.48,5067.9,857.1,865.1,868.1,858.1,199.4,200.9,204.4,205.4,4.74,80.5,4.502,3.4,1.029,0,nominal,0,0.0,194.98,701935.9
64.2,takeoff_climb,92.28698553948831,1785.3170189098998,37.99777530589544,5061.2,855.4,864.0,868.4,858.5,198.9,200.8,204.9,205.3,4.71,80.5,4.483,5066.9,857.1,865.1,868.1,858.1,199.4,200.9,204.4,205.4,4.74,80.5,4.501,3.4,1.028,0,nominal,0,0.0,194.98,701935.8
64.3,takeoff_climb,92.27808676307008,1788.0978865406005,38.01334816462736,5075.8,855.2,864.9,868.1,857.5,199.9,201.1,205.1,204.8,4.73,79.9,4.5,5065.9,857.1,865.1,868.1,858.1,199.4,200.9,204.4,205.4,4.74,80.5,4.499,3.4,1.028,0,nominal,0,0.0,194.98,701935.7
64.4,takeoff_climb,92.26918798665183,1790.8787541713014,38.02892102335929,5067.0,857.3,865.6,869.0,857.2,199.5,200.8,204.8,204.6,4.75,81.1,4.512,5065.0,857.1,865.1,868.1,858.1,199.4,200.9,204.4,205.4,4.74,80.5,4.498,3.4,1.028,0,nominal,0,0.0,194.98,701935.6
64.5,takeoff_climb,92.2602892102336,1793.6596218020022,38.04449388209121,5073.3,857.0,862.2,867.2,856.3,200.1,200.7,203.9,204.8,4.75,81.2,4.458,5064.0,857.1,865.1,868.1,858.1,199.4,200.9,204.4,205.4,4.74,80.4,4.496,3.3,1.028,0,nominal,0,0.0,194.98,701935.5
64.6,takeoff_climb,92.25139043381535,1796.4404894327029,38.06006674082314,5063.7,856.6,865.4,869.1,858.8,199.8,200.4,205.4,204.6,4.74,81.1,4.443,5063.0,857.1,865.1,868.1,858.1,199.4,200.9,204.4,205.4,4.74,80.4,4.495,3.3,1.027,0,nominal,0,0.0,194.98,701935.4
64.7,takeoff_climb,92.24249165739711,1799.2213570634037,38.07563959955506,5065.4,858.4,863.2,868.9,858.8,199.1,201.0,204.6,205.4,4.73,80.1,4.508,5062.1,857.0,865.0,868.0,858.0,199.4,200.9,204.4,205.4,4.74,80.4,4.494,3.3,1.027,0,nominal,0,0.0,194.98,701935.3
64.8,takeoff_climb,92.23359288097886,1802.0022246941044,38.09121245828699,5067.9,858.0,867.5,868.3,858.1,199.6,201.8,204.7,204.7,4.67,79.6,4.483,5061.1,857.0,865.0,868.0,858.0,199.4,200.9,204.4,205.4,4.74,80.4,4.492,3.3,1.027,0,nominal,0,0.0,194.98,701935.2
64.9,takeoff_climb,92.22469410456063,1804.7830923248052,38.10678531701891,5047.4,856.2,866.1,868.0,857.7,200.3,200.2,204.7,206.1,4.74,81.1,4.531,5060.1,857.0,865.0,868.0,858.0,199.4,200.9,204.4,205.4,4.74,80.4,4.491,3.3,1.026,0,nominal,0,0.0,194.98,701935.1
65.0,takeoff_climb,92.21579532814238,1807.563959955506,38.12235817575083,5061.5,860.4,862.1,866.1,858.1,198.7,199.6,203.7,205.2,4.73,79.6,4.512,5059.2,857.0,865.0,868.0,858.0,199.4,200.9,204.4,205.4,4.74,80.4,4.489,3.3,1.026,0,nominal,0,0.0,194.98,701935.0
65.1,takeoff_climb,92.20689655172414,1810.3448275862067,38.13793103448276,5060.6,857.2,863.9,866.5,859.5,200.0,200.8,205.4,205.4,4.73,81.0,4.471,5058.2,857.0,865.0,868.0,858.0,199.4,200.9,204.4,205.4,4.74,80.4,4.488,3.2,1.026,0,nominal,0,0.0,194.98,701934.9
65.2,takeoff_climb,92.1979977753059,1813.1256952169076,38.15350389321468,5054.6,855.3,863.9,867.9,858.0,199.4,201.4,204.4,204.9,4.75,79.3,4.466,5057.2,857.0,865.0,868.0,858.0,199.4,200.9,204.4,205.4,4.74,80.3,4.487,3.2,1.026,0,nominal,0,0.0,194.98,701934.8
65.3,takeoff_climb,92.18909899888766,1815.9065628476083,38.169076751946605,5057.6,856.6,865.5,870.7,855.7,198.7,199.8,203.9,205.9,4.78,80.9,4.469,5056.3,857.0,865.0,868.0,858.0,199.4,200.9,204.4,205.4,4.74,80.3,4.485,3.2,1.025,0,nominal,0,0.0,194.98,701934.7
65.4,takeoff_climb,92.18020022246941,1818.6874304783091,38.184649610678534,5054.2,857.7,863.5,868.2,858.1,199.0,200.9,205.0,205.1,4.77,79.7,4.453,5055.3,857.0,865.0,868.0,858.0,199.4,200.9,204.4,205.4,4.74,80.3,4.484,3.2,1.025,0,nominal,0,0.0,194.98,701934.6
65.5,takeoff_climb,92.17130144605117,1821.46829810901,38.200222469410456,5050.9,857.8,866.1,870.8,857.4,199.3,199.8,203.8,205.4,4.74,80.2,4.446,5054.3,857.0,865.0,868.0,858.0,199.4,200.9,204.4,205.4,4.74,80.3,4.482,3.2,1.025,0,nominal,0,0.0,194.98,701934.5
65.6,takeoff_climb,92.16240266963293,1824.2491657397106,38.21579532814238,5062.7,855.2,864.5,866.3,860.3,199.7,201.0,204.6,204.6,4.7,80.8,4.476,5053.4,857.0,865.0,868.0,858.0,199.4,200.9,204.4,205.4,4.74,80.3,4.481,3.1,1.024,0,nominal,0,0.0,194.98,701934.4
65.7,takeoff_climb,92.15350389321469,1827.0300333704115,38.231368186874306,5058.1,857.5,865.0,870.5,855.1,198.9,199.6,203.8,205.9,4.76,79.8,4.422,5052.4,857.0,865.0,868.0,858.0,199.4,200.9,204.4,205.4,4.74,80.3,4.48,3.1,1.024,0,nominal,0,0.0,194.98,701934.3
65.8,takeoff_climb,92.14460511679644,1829.8109010011121,38.24694104560623,5051.3,857.3,865.1,868.2,861.4,199.3,201.8,204.6,205.8,4.7,81.0,4.508,5051.4,857.0,865.0,868.0,858.0,199.4,200.9,204.4,205.4,4.74,80.3,4.478,3.1,1.024,0,nominal,0,0.0,194.98,701934.2
65.9,takeoff_climb,92.13570634037819,1832.591768631813,38.26251390433815,5040.7,858.2,866.7,867.1,859.1,198.6,202.0,205.4,205.9,4.71,80.1,4.432,5050.5,857.0,865.0,868.0,858.0,199.4,200.9,204.4,205.4,4.74,80.2,4.477,3.1,1.024,0,nominal,0,0.0,194.98,701934.1
66.0,takeoff_climb,92.12680756395996,1835.3726362625139,38.27808676307008,5054.2,854.7,862.7,867.3,856.5,199.3,200.9,204.6,204.9,4.74,81.1,4.445,5049.5,856.9,864.9,867.9,857.9,199.4,200.9,204.4,205.4,4.74,80.2,4.476,3.1,1.023,0,nominal,0,0.0,194.98,701934.0
66.1,takeoff_climb,92.11790878754171,1838.1535038932145,38.293659621802,5045.8,856.7,863.6,866.7,859.1,198.9,201.0,203.2,206.0,4.73,80.0,4.496,5048.5,856.9,864.9,867.9,857.9,199.4,200.9,204.4,205.4,4.74,80.2,4.474,3.1,1.023,0,nominal,0,0.0,194.98,701933.9
66.2,takeoff_climb,92.10901001112347,1840.9343715239154,38.30923248053393,5045.9,857.3,861.3,866.3,856.6,198.9,200.5,204.1,205.8,4.76,80.4,4.448,5047.6,856.9,864.9,867.9,857.9,199.4,200.9,204.4,205.4,4.74,80.2,4.473,3.0,1.023,0,nominal,0,0.0,194.98,701933.8
66.3,takeoff_climb,92.10011123470522,1843.715239154616,38.32480533926585,5044.9,856.4,863.3,868.8,855.4,199.5,202.1,205.1,204.9,4.7,80.4,4.466,5046.6,856.9,864.9,867.9,857.9,199.4,200.9,204.3,205.3,4.74,80.2,4.471,3.0,1.022,0,nominal,0,0.0,194.98,701933.7
66.4,takeoff_climb,92.09121245828699,1846.496106785317,38.34037819799778,5038.9,857.6,864.8,868.9,858.4,198.5,201.6,204.5,203.7,4.74,80.0,4.452,5045.6,856.9,864.9,867.9,857.9,199.4,200.9,204.3,205.3,4.74,80.2,4.47,3.0,1.022,0,nominal,0,0.0,194.98,701933.6
66.5,takeoff_climb,92.08231368186874,1849.2769744160178,38.3559510567297,5056.2,858.9,865.3,868.7,856.8,199.3,201.0,204.2,204.1,4.72,79.4,4.517,5044.7,856.9,864.9,867.9,857.9,199.4,200.8,204.3,205.3,4.74,80.1,4.469,3.0,1.022,0,nominal,0,0.0,194.98,701933.5
66.6,takeoff_climb,92.0734149054505,1852.0578420467184,38.37152391546162,5043.6,859.1,866.4,866.4,857.7,199.2,201.0,204.2,205.8,4.73,79.9,4.477,5043.7,856.9,864.9,867.9,857.9,199.3,200.8,204.3,205.3,4.74,80.1,4.467,3.0,1.022,0,nominal,0,0.0,194.98,701933.4
66.7,takeoff_climb,92.06451612903226,1854.8387096774193,38.38709677419355,5042.4,856.6,864.9,865.9,858.7,199.3,200.0,204.2,204.9,4.75,80.3,4.437,5042.8,856.9,864.9,867.9,857.9,199.3,200.8,204.3,205.3,4.74,80.1,4.466,2.9,1.021,0,nominal,0,0.0,194.98,701933.3
66.8,takeoff_climb,92.05561735261402,1857.61957730812,38.40266963292547,5037.2,854.3,865.5,868.7,857.0,198.3,201.5,204.0,204.8,4.78,80.2,4.48,5041.8,856.9,864.9,867.9,857.9,199.3,200.8,204.3,205.3,4.74,80.1,4.464,2.9,1.021,0,nominal,0,0.0,194.98,701933.2
66.9,takeoff_climb,92.04671857619577,1860.4004449388208,38.418242491657395,5029.7,858.5,865.2,868.7,854.6,199.3,201.3,204.8,206.3,4.72,79.7,4.457,5040.8,856.9,864.9,867.9,857.9,199.3,200.8,204.3,205.3,4.74,80.1,4.463,2.9,1.021,0,nominal,0,0.0,194.98,701933.1
67.0,takeoff_climb,92.03781979977754,1863.1813125695217,38.433815350389324,5027.2,857.3,866.9,868.1,857.7,198.2,201.5,204.5,205.0,4.72,80.0,4.487,5039.9,856.9,864.9,867.9,857.9,199.3,200.8,204.3,205.3,4.74,80.1,4.462,2.9,1.02,0,nominal,0,0.0,194.98,701933.0
67.1,takeoff_climb,92.02892102335929,1865.9621802002223,38.449388209121246,5027.7,857.5,864.9,865.8,858.4,198.2,200.3,203.7,204.9,4.75,79.9,4.436,5038.9,856.9,864.9,867.9,857.9,199.3,200.8,204.3,205.3,4.74,80.0,4.46,2.9,1.02,0,nominal,0,0.0,194.98,701932.9
67.2,takeoff_climb,92.02002224694104,1868.7430478309232,38.46496106785317,5034.9,854.3,863.8,867.5,855.8,198.4,201.5,204.7,205.7,4.74,79.0,4.469,5037.9,856.9,864.9,867.9,857.9,199.3,200.8,204.3,205.3,4.74,80.0,4.459,2.9,1.02,0,nominal,0,0.0,194.98,701932.8
67.3,takeoff_climb,92.0111234705228,1871.5239154616238,38.480533926585096,5034.1,853.9,865.7,870.5,859.1,199.2,200.5,205.8,205.1,4.75,79.7,4.436,5037.0,856.8,864.8,867.8,857.8,199.3,200.8,204.3,205.3,4.74,80.0,4.457,2.8,1.02,0,nominal,0,0.0,194.98,701932.7
67.4,takeoff_climb,92.00222469410456,1874.3047830923247,38.49610678531702,5030.7,859.0,864.4,871.4,858.5,199.9,201.0,204.3,205.2,4.74,79.9,4.478,5036.0,856.8,864.8,867.8,857.8,199.3,200.8,204.3,205.3,4.74,80.0,4.456,2.8,1.019,0,nominal,0,0.0,194.98,701932.6
67.5,takeoff_climb,91.99332591768632,1877.0856507230255,38.51167964404894,5037.3,856.0,864.1,867.4,859.2,198.1,201.1,204.5,204.5,4.71,79.9,4.472,5035.1,856.8,864.8,867.8,857.8,199.3,200.8,204.3,205.3,4.74,80.0,4.455,2.8,1.019,0,nominal,0,0.0,194.98,701932.5
67.6,takeoff_climb,91.98442714126807,1879.8665183537262,38.52725250278087,5033.5,858.7,863.6,870.1,859.4,199.2,200.9,204.5,205.7,4.74,79.8,4.423,5034.1,856.8,864.8,867.8,857.8,199.3,200.8,204.3,205.3,4.74,80.0,4.453,2.8,1.019,0,nominal,0,0.0,194.98,701932.4
67.7,takeoff_climb,91.97552836484984,1882.647385984427,38.54282536151279,5034.2,856.4,866.7,867.7,859.7,199.7,200.3,204.6,205.3,4.74,79.2,4.467,5033.1,856.8,864.8,867.8,857.8,199.3,200.8,204.3,205.3,4.74,80.0,4.452,2.8,1.018,0,nominal,0,0.0,194.98,701932.3
67.8,takeoff_climb,91.96662958843159,1885.428253615128,38.55839822024471,5042.3,855.9,861.9,868.8,855.6,199.0,200.9,205.2,205.6,4.73,80.6,4.453,5032.2,856.8,864.8,867.8,857.8,199.3,200.8,204.3,205.3,4.74,79.9,4.45,2.7,1.018,0,nominal,0,0.0,194.98,701932.2
67.9,takeoff_climb,91.95773081201335,1888.2091212458286,38.57397107897664,5039.3,855.5,864.7,870.3,856.7,198.7,200.8,205.0,206.2,4.78,79.6,4.465,5031.2,856.8,864.8,867.8,857.8,199.3,200.8,204.3,205.3,4.74,79.9,4.449,2.7,1.018,0,nominal,0,0.0,194.98,701932.1
68.0,takeoff_climb,91.9488320355951,1890.9899888765294,38.58954393770856,5035.4,856.7,869.0,869.2,855.4,200.7,199.3,204.4,205.1,4.73,79.7,4.49,5030.2,856.8,864.8,867.8,857.8,199.3,200.8,204.3,205.3,4.74,79.9,4.448,2.7,1.018,0,nominal,0,0.0,194.98,701932.0
68.1,takeoff_climb,91.93993325917687,1893.77085650723,38.60511679644049,5022.6,857.4,860.8,868.0,860.4,198.3,201.0,203.4,206.0,4.77,80.1,4.429,5029.3,856.8,864.8,867.8,857.8,199.3,200.8,204.3,205.3,4.74,79.9,4.446,2.7,1.017,0,nominal,0,0.0,194.98,701931.9
68.2,takeoff_climb,91.93103448275862,1896.551724137931,38.62068965517241,5023.7,856.1,866.8,870.6,860.2,199.0,201.2,204.1,205.9,4.76,79.8,4.439,5028.3,856.8,864.8,867.8,857.8,199.3,200.8,204.3,205.3,4.74,79.9,4.445,2.7,1.017,0,nominal,0,0.0,194.98,701931.8
68.3,takeoff_climb,91.92213570634038,1899.3325917686318,38.63626251390434,5026.5,858.1,866.8,866.0,859.0,199.3,201.4,205.2,205.7,4.73,79.1,4.467,5027.4,856.8,864.8,867.8,857.8,199.3,200.8,204.3,205.3,4.74,79.9,4.444,2.7,1.017,0,nominal,0,0.0,194.98,701931.7
68.4,takeoff_climb,91.91323692992214,1902.1134593993324,38.65183537263626,5022.2,856.9,865.2,867.7,856.6,198.8,200.2,205.1,205.2,4.75,80.0,4.472,5026.4,856.8,864.8,867.8,857.8,199.3,200.8,204.3,205.3,4.74,79.8,4.442,2.6,1.016,0,nominal,0,0.0,194.98,701931.6
68.5,takeoff_climb,91.90433815350389,1904.8943270300333,38.667408231368185,5020.8,856.6,866.2,867.8,856.8,198.8,201.2,205.3,205.0,4.76,80.1,4.365,5025.4,856.7,864.7,867.7,857.7,199.3,200.8,204.3,205.3,4.74,79.8,4.441,2.6,1.016,0,nominal,0,0.0,194.98,701931.5
68.6,takeoff_climb,91.89543937708565,1907.675194660734,38.682981090100114,5016.0,856.0,863.8,870.5,856.9,199.6,200.6,204.9,205.5,4.72,79.2,4.394,5024.5,856.7,864.7,867.7,857.7,199.3,200.8,204.3,205.3,4.74,79.8,4.439,2.6,1.016,0,nominal,0,0.0,194.98,701931.4
68.7,takeoff_climb,91.8865406006674,1910.4560622914348,38.698553948832036,5020.8,857.8,864.4,868.1,854.9,199.8,200.5,204.1,205.2,4.77,79.5,4.394,5023.5,856.7,864.7,867.7,857.7,199.3,200.8,204.3,205.3,4.74,79.8,4.438,2.6,1.016,0,nominal,0,0.0,194.98,701931.3
68.8,takeoff_climb,91.87764182424917,1913.2369299221357,38.71412680756396,5026.5,856.7,865.5,867.2,859.2,199.9,200.3,205.0,205.4,4.77,79.9,4.411,5022.6,856.7,864.7,867.7,857.7,199.3,200.8,204.3,205.3,4.74,79.8,4.437,2.6,1.015,0,nominal,0,0.0,194.98,701931.2
68.9,takeoff_climb,91.86874304783092,1916.0177975528363,38.729699666295886,5025.3,856.7,866.2,870.1,855.9,199.6,200.9,204.4,205.8,4.76,80.2,4.481,5021.6,856.7,864.7,867.7,857.7,199.3,200.8,204.3,205.3,4.74,79.8,4.435,2.5,1.015,0,nominal,0,0.0,194.98,701931.1
69.0,takeoff_climb,91.85984427141268,1918.7986651835372,38.74527252502781,5026.0,857.3,863.0,866.0,855.4,200.0,200.9,204.4,204.9,4.75,79.9,4.458,5020.6,856.7,864.7,867.7,857.7,199.3,200.8,204.3,205.3,4.74,79.7,4.434,2.5,1.015,0,nominal,0,0.0,194.98,701931.0
69.1,takeoff_climb,91.85094549499443,1921.5795328142378,38.76084538375973,5010.0,855.2,863.7,869.4,857.7,198.3,201.6,204.9,205.5,4.73,80.0,4.445,5019.7,856.7,864.7,867.7,857.7,199.3,200.8,204.3,205.3,4.74,79.7,4.432,2.5,1.014,0,nominal,0,0.0,194.98,701930.9
69.2,takeoff_climb,91.8420467185762,1924.3604004449387,38.77641824249166,5011.0,857.6,865.3,869.2,855.0,198.4,200.6,203.8,205.1,4.78,80.0,4.41,5018.7,856.7,864.7,867.7,857.7,199.3,200.8,204.3,205.3,4.74,79.7,4.431,2.5,1.014,0,nominal,0,0.0,194.98,701930.8
69.3,takeoff_climb,91.83314794215795,1927.1412680756396,38.79199110122358,5020.5,855.4,865.6,866.1,857.2,198.8,199.7,205.3,205.0,4.74,79.6,4.421,5017.8,856.7,864.7,867.7,857.7,199.3,200.8,204.3,205.3,4.74,79.7,4.43,2.5,1.014,0,nominal,0,0.0,194.98,701930.7
69.4,takeoff_climb,91.82424916573972,1929.9221357063402,38.8075639599555,5018.1,856.4,864.4,867.5,858.3,198.7,201.2,203.0,204.2,4.74,79.8,4.5,5016.8,856.7,864.7,867.7,857.7,199.3,200.8,204.3,205.3,4.74,79.7,4.428,2.5,1.014,0,nominal,0,0.0,194.98,701930.6
69.5,takeoff_climb,91.81535038932147,1932.703003337041,38.82313681868743,5014.9,854.4,865.0,868.1,857.3,198.5,201.1,203.9,205.2,4.68,81.0,4.463,5015.8,856.7,864.7,867.7,857.7,199.3,200.8,204.3,205.3,4.74,79.7,4.427,2.4,1.013,0,nominal,0,0.0,194.98,701930.5
69.6,takeoff_climb,91.80645161290323,1935.4838709677417,38.83870967741935,5015.5,855.3,866.6,866.4,857.9,198.6,198.9,204.3,205.0,4.77,79.4,4.387,5014.9,856.7,864.7,867.7,857.7,199.3,200.8,204.3,205.3,4.74,79.7,4.426,2.4,1.013,0,nominal,0,0.0,194.98,701930.4
69.7,takeoff_climb,91.79755283648498,1938.2647385984426,38.85428253615128,5011.1,858.5,863.9,866.8,857.3,199.6,201.0,204.9,205.0,4.72,79.8,4.39,5013.9,856.7,864.7,867.7,857.7,199.3,200.8,204.3,205.3,4.74,79.6,4.424,2.4,1.013,0,nominal,0,0.0,194.98,701930.3
69.8,takeoff_climb,91.78865406006675,1941.0456062291435,38.8698553948832,5002.7,858.2,864.8,869.7,856.7,198.9,200.4,204.5,204.6,4.77,79.3,4.4,5013.0,856.6,864.6,867.6,857.6,199.3,200.8,204.3,205.3,4.74,79.6,4.423,2.4,1.012,0,nominal,0,0.0,194.98,701930.2
69.9,takeoff_climb,91.7797552836485,1943.826473859844,38.88542825361513,5011.7,857.1,866.2,868.3,855.9,198.9,200.1,204.6,205.3,4.71,80.5,4.421,5012.0,856.6,864.6,867.6,857.6,199.3,200.8,204.3,205.3,4.74,79.6,4.421,2.4,1.012,0,nominal,0,0.0,194.98,701930.1
70.0,takeoff_climb,91.77085650723026,1946.607341490545,38.90100111234705,5005.4,856.6,864.9,866.7,857.8,201.1,201.6,204.9,205.2,4.7,79.5,4.402,5011.1,856.6,864.6,867.6,857.6,199.3,200.8,204.2,205.2,4.74,79.6,4.42,2.3,1.012,0,nominal,0,0.0,194.98,701930.0
70.1,takeoff_climb,91.76195773081201,1949.3882091212456,38.916573971078975,5015.2,856.7,867.2,867.2,859.1,199.5,200.5,203.8,205.5,4.72,79.9,4.418,5010.1,856.6,864.6,867.6,857.6,199.3,200.8,204.2,205.2,4.74,79.6,4.419,2.3,1.012,0,nominal,0,0.0,194.98,701929.9
70.2,takeoff_climb,91.75305895439377,1952.1690767519465,38.932146829810904,5019.0,856.9,862.8,868.0,856.7,200.3,200.2,204.5,204.9,4.74,79.9,4.422,5009.1,856.6,864.6,867.6,857.6,199.2,200.7,204.2,205.2,4.74,79.6,4.417,2.3,1.011,0,nominal,0,0.0,194.98,701929.8
70.3,takeoff_climb,91.74416017797553,1954.9499443826473,38.947719688542826,5001.1,857.3,864.5,866.3,854.5,200.0,200.8,204.5,204.6,4.7,79.2,4.452,5008.2,856.6,864.6,867.6,857.6,199.2,200.7,204.2,205.2,4.74,79.5,4.416,2.3,1.011,0,nominal,0,0.0,194.98,701929.7
70.4,takeoff_climb,91.73526140155728,1957.730812013348,38.96329254727475,4999.6,856.1,863.1,867.5,857.3,200.6,200.3,204.8,205.3,4.78,80.1,4.435,5007.2,856.6,864.6,867.6,857.6,199.2,200.7,204.2,205.2,4.74,79.5,4.415,2.3,1.011,0,nominal,0,0.0,194.98,701929.6
70.5,takeoff_climb,91.72636262513905,1960.5116796440489,38.978865406006676,5003.0,856.4,863.9,867.0,855.4,200.8,201.0,204.1,205.7,4.77,79.9,4.403,5006.3,856.6,864.6,867.6,857.6,199.2,200.7,204.2,205.2,4.74,79.5,4.413,2.3,1.01,0,nominal,0,0.0,194.98,701929.5
70.6,takeoff_climb,91.7174638487208,1963.2925472747495,38.9944382647386,5008.2,859.5,863.5,866.5,856.7,199.4,200.5,204.5,205.2,4.7,79.0,4.413,5005.3,856.6,864.6,867.6,857.6,199.2,200.7,204.2,205.2,4.74,79.5,4.412,2.2,1.01,0,nominal,0,0.0,194.98,701929.4
70.7,takeoff_climb,91.70856507230256,1966.0734149054504,39.01001112347052,5010.6,859.8,865.4,868.2,855.6,198.5,200.1,203.7,206.0,4.73,79.8,4.385,5004.4,856.6,864.6,867.6,857.6,199.2,200.7,204.2,205.2,4.74,79.5,4.41,2.2,1.01,0,nominal,0,0.0,194.98,701929.3
70.8,takeoff_climb,91.69966629588431,1968.8542825361512,39.02558398220245,4998.0,858.3,863.9,865.9,858.3,200.0,200.7,205.0,204.2,4.72,79.1,4.372,5003.4,856.6,864.6,867.6,857.6,199.2,200.7,204.2,205.2,4.74,79.5,4.409,2.2,1.01,0,nominal,0,0.0,194.98,701929.2
70.9,takeoff_climb,91.69076751946608,1971.6351501668519,39.04115684093437,5006.4,855.5,864.5,866.2,856.0,199.8,201.2,205.1,205.2,4.76,79.2,4.396,5002.4,856.6,864.6,867.6,857.6,199.2,200.7,204.2,205.2,4.74,79.4,4.408,2.2,1.009,0,nominal,0,0.0,194.98,701929.1
71.0,takeoff_climb,91.68186874304783,1974.4160177975527,39.05672969966629,5000.5,855.0,866.4,865.5,857.1,199.2,201.1,205.5,204.0,4.7,79.0,4.444,5001.5,856.5,864.5,867.5,857.5,199.2,200.7,204.2,205.2,4.74,79.4,4.406,2.2,1.009,0,nominal,0,0.0,194.98,701929.0
71.1,takeoff_climb,91.6729699666296,1977.1968854282534,39.07230255839822,5007.6,857.3,864.7,867.8,854.4,199.0,201.3,204.8,205.2,4.75,79.0,4.408,5000.5,856.5,864.5,867.5,857.5,199.2,200.7,204.2,205.2,4.74,79.4,4.405,2.1,1.009,0,nominal,0,0.0,194.98,701928.9
71.2,takeoff_climb,91.66407119021135,1979.9777530589542,39.08787541713014,5002.8,855.8,864.4,866.8,859.6,199.4,200.2,203.6,205.7,4.71,79.3,4.428,4999.6,856.5,864.5,867.5,857.5,199.2,200.7,204.2,205.2,4.74,79.4,4.404,2.1,1.009,0,nominal,0,0.0,194.98,701928.8
71.3,takeoff_climb,91.65517241379311,1982.7586206896551,39.10344827586207,5000.1,855.5,863.7,867.6,855.5,198.8,200.7,205.2,205.4,4.76,79.4,4.447,4998.6,856.5,864.5,867.5,857.5,199.2,200.7,204.2,205.2,4.74,79.4,4.402,2.1,1.008,0,nominal,0,0.0,194.98,701928.7
71.4,takeoff_climb,91.64627363737486,1985.5394883203558,39.11902113459399,4988.7,853.7,864.3,866.6,858.0,199.0,200.9,204.7,206.0,4.72,80.0,4.423,4997.7,856.5,864.5,867.5,857.5,199.2,200.7,204.2,205.2,4.74,79.4,4.401,2.1,1.008,0,nominal,0,0.0,194.98,701928.6
71.5,takeoff_climb,91.63737486095661,1988.3203559510566,39.13459399332592,5007.9,857.9,864.0,867.2,855.3,199.3,200.1,203.6,205.0,4.75,80.0,4.442,4996.7,856.5,864.5,867.5,857.5,199.2,200.7,204.2,205.2,4.74,79.3,4.399,2.1,1.008,0,nominal,0,0.0,194.98,701928.5
71.6,takeoff_climb,91.62847608453838,1991.1012235817575,39.15016685205784,4998.0,857.3,866.5,871.0,857.3,199.8,200.8,204.8,206.1,4.72,78.7,4.418,4995.8,856.5,864.5,867.5,857.5,199.2,200.7,204.2,205.2,4.74,79.3,4.398,2.1,1.007,0,nominal,0,0.0,194.98,701928.4
71.7,takeoff_climb,91.61957730812013,1993.8820912124581,39.165739710789765,5001.5,858.5,865.8,869.5,857.7,198.9,200.3,204.2,204.8,4.76,78.8,4.419,4994.8,856.5,864.5,867.5,857.5,199.2,200.7,204.2,205.2,4.74,79.3,4.397,2.0,1.007,0,nominal,0,0.0,194.98,701928.3
71.8,takeoff_climb,91.6106785317019,1996.662958843159,39.181312569521694,4985.6,856.9,865.0,868.1,858.1,199.2,200.4,203.4,204.4,4.76,79.3,4.417,4993.9,856.5,864.5,867.5,857.5,199.2,200.7,204.2,205.2,4.74,79.3,4.395,2.0,1.007,0,nominal,0,0.0,194.98,701928.2
71.9,takeoff_climb,91.60177975528364,1999.4438264738596,39.196885428253616,4990.2,856.9,861.8,868.6,856.6,199.4,200.8,204.4,204.9,4.73,79.5,4.431,4992.9,856.5,864.5,867.5,857.5,199.2,200.7,204.2,205.2,4.74,79.3,4.394,2.0,1.007,0,nominal,0,0.0,194.98,701928.1
72.0,takeoff_climb,91.59288097886541,2002.2246941045605,39.21245828698554,4991.6,854.3,864.3,867.9,858.6,199.5,201.5,204.0,205.2,4.7,78.6,4.389,4991.9,856.5,864.5,867.5,857.5,199.2,200.7,204.2,205.2,4.74,79.3,4.393,2.0,1.006,0,nominal,0,0.0,194.98,701928.0
72.1,takeoff_climb,91.58398220244716,2005.0055617352614,39.228031145717466,4988.2,855.4,864.0,867.8,854.8,199.5,199.8,204.3,205.8,4.75,79.6,4.376,4991.0,856.5,864.5,867.5,857.5,199.2,200.7,204.2,205.2,4.74,79.2,4.391,2.0,1.006,0,nominal,0,0.0,194.98,701927.9
72.2,takeoff_climb,91.57508342602893,2007.786429365962,39.24360400444939,4985.0,854.9,863.3,868.9,854.4,199.7,200.3,203.8,205.4,4.7,79.5,4.367,4990.0,856.5,864.5,867.5,857.5,199.2,200.7,204.2,205.2,4.74,79.2,4.39,1.9,1.006,0,nominal,0,0.0,194.98,701927.8
72.3,takeoff_climb,91.56618464961068,2010.567296996663,39.25917686318131,4989.1,854.9,863.8,867.9,858.2,199.9,200.4,203.5,205.2,4.72,79.0,4.414,4989.1,856.4,864.4,867.4,857.4,199.2,200.7,204.2,205.2,4.74,79.2,4.388,1.9,1.005,0,nominal,0,0.0,194.98,701927.7
72.4,takeoff_climb,91.55728587319244,2013.3481646273635,39.27474972191324,4987.4,854.8,865.1,869.7,856.5,199.1,200.7,204.0,205.1,4.71,79.6,4.386,4988.1,856.4,864.4,867.4,857.4,199.2,200.7,204.2,205.2,4.74,79.2,4.387,1.9,1.005,0,nominal,0,0.0,194.98,701927.6
72.5,takeoff_climb,91.54838709677419,2016.1290322580644,39.29032258064516,4996.8,854.5,865.9,867.0,856.9,199.6,200.5,204.3,204.3,4.72,79.2,4.391,4987.2,856.4,864.4,867.4,857.4,199.2,200.7,204.2,205.2,4.74,79.2,4.386,1.9,1.005,0,nominal,0,0.0,194.98,701927.5
72.6,takeoff_climb,91.53948832035596,2018.9098998887653,39.30589543937708,4983.5,856.6,860.9,866.3,854.4,199.9,201.0,204.2,204.8,4.76,79.1,4.359,4986.2,856.4,864.4,867.4,857.4,199.2,200.7,204.2,205.2,4.74,79.2,4.384,1.9,1.005,0,nominal,0,0.0,194.98,701927.4
72.7,takeoff_climb,91.53058954393771,2021.690767519466,39.32146829810901,4981.0,855.4,863.0,868.3,857.9,199.8,201.0,204.2,205.8,4.75,78.4,4.405,4985.3,856.4,864.4,867.4,857.4,199.2,200.7,204.2,205.2,4.74,79.1,4.383,1.9,1.004,0,nominal,0,0.0,194.98,701927.3
72.8,takeoff_climb,91.52169076751946,2024.4716351501668,39.33704115684093,4985.3,855.3,865.9,869.1,856.0,199.1,201.7,203.7,206.1,4.72,80.1,4.404,4984.3,856.4,864.4,867.4,857.4,199.2,200.7,204.2,205.2,4.74,79.1,4.382,1.8,1.004,0,nominal,0,0.0,194.98,701927.2
72.9,takeoff_climb,91.51279199110122,2027.2525027808674,39.352614015572854,4985.8,855.7,863.7,868.1,861.6,199.9,200.5,204.2,204.6,4.73,78.9,4.367,4983.4,856.4,864.4,867.4,857.4,199.2,200.7,204.2,205.2,4.74,79.1,4.38,1.8,1.004,0,nominal,0,0.0,194.98,701927.1
73.0,takeoff_climb,91.50389321468298,2030.0333704115683,39.36818687430478,4987.6,857.5,865.6,868.8,854.7,199.7,200.6,204.6,205.6,4.76,78.9,4.39,4982.4,856.4,864.4,867.4,857.4,199.2,200.7,204.2,205.2,4.73,79.1,4.379,1.8,1.003,0,nominal,0,0.0,194.98,701927.0
73.1,takeoff_climb,91.49499443826474,2032.8142380422692,39.383759733036705,4973.8,855.4,864.5,868.5,854.8,199.4,200.4,203.1,205.3,4.72,79.3,4.395,4981.5,856.4,864.4,867.4,857.4,199.2,200.7,204.2,205.2,4.73,79.1,4.378,1.8,1.003,0,nominal,0,0.0,194.98,701926.9
73.2,takeoff_climb,91.48609566184649,2035.5951056729698,39.39933259176863,4983.6,855.6,866.1,868.9,856.1,198.8,200.9,204.2,204.9,4.77,80.1,4.385,4980.5,856.4,864.4,867.4,857.4,199.2,200.7,204.2,205.2,4.73,79.1,4.376,1.8,1.003,0,nominal,0,0.0,194.98,701926.8
73.3,takeoff_climb,91.47719688542826,2038.3759733036707,39.414905450500555,4974.9,856.3,861.9,869.0,856.4,198.8,201.1,204.0,205.5,4.69,79.1,4.391,4979.6,856.4,864.4,867.4,857.4,199.2,200.7,204.2,205.2,4.73,79.0,4.375,1.8,1.003,0,nominal,0,0.0,194.98,701926.7
73.4,takeoff_climb,91.46829810901001,2041.1568409343713,39.430478309232484,4984.2,857.1,864.4,869.2,855.4,198.8,200.5,204.6,206.4,4.75,79.0,4.372,4978.6,856.4,864.4,867.4,857.4,199.2,200.7,204.1,205.1,4.73,79.0,4.373,1.7,1.002,0,nominal,0,0.0,194.98,701926.6
73.5,takeoff_climb,91.45939933259177,2043.9377085650722,39.446051167964406,4982.1,855.9,863.2,866.9,858.3,199.8,201.2,204.9,204.8,4.74,78.9,4.337,4977.7,856.3,864.3,867.3,857.3,199.1,200.6,204.1,205.1,4.73,79.0,4.372,1.7,1.002,0,nominal,0,0.0,194.98,701926.5
73.6,takeoff_climb,91.45050055617352,2046.718576195773,39.46162402669633,4974.4,856.0,865.4,865.8,858.6,199.1,200.3,204.4,206.3,4.7,79.0,4.382,4976.7,856.3,864.3,867.3,857.3,199.1,200.6,204.1,205.1,4.73,79.0,4.371,1.7,1.002,0,nominal,0,0.0,194.98,701926.4
73.7,takeoff_climb,91.44160177975529,2049.499443826474,39.477196885428256,4971.9,856.2,865.2,870.1,857.8,198.8,200.2,204.5,205.6,4.69,78.9,4.348,4975.8,856.3,864.3,867.3,857.3,199.1,200.6,204.1,205.1,4.73,79.0,4.369,1.7,1.001,0,nominal,0,0.0,194.98,701926.3
73.8,takeoff_climb,91.43270300333704,2052.2803114571743,39.49276974416018,4971.8,855.4,864.8,865.4,858.8,199.1,201.6,203.7,204.2,4.76,79.1,4.39,4974.8,856.3,864.3,867.3,857.3,199.1,200.6,204.1,205.1,4.73,79.0,4.368,1.7,1.001,0,nominal,0,0.0,194.98,701926.2
73.9,takeoff_climb,91.4238042269188,2055.061179087875,39.5083426028921,4978.9,855.7,864.4,866.6,856.9,199.8,201.1,205.0,205.4,4.75,78.9,4.314,4973.9,856.3,864.3,867.3,857.3,199.1,200.6,204.1,205.1,4.73,78.9,4.367,1.6,1.001,0,nominal,0,0.0,194.98,701926.1
74.0,takeoff_climb,91.41490545050056,2057.842046718576,39.52391546162403,4967.6,855.4,865.4,866.3,856.7,198.7,199.7,202.5,204.6,4.74,79.2,4.37,4972.9,856.3,864.3,867.3,857.3,199.1,200.6,204.1,205.1,4.73,78.9,4.365,1.6,1.001,0,nominal,0,0.0,194.98,701926.0
74.1,takeoff_climb,91.40600667408232,2060.622914349277,39.53948832035595,4967.7,858.9,867.3,867.3,856.0,199.6,200.6,203.7,204.9,4.71,78.5,4.386,4972.0,856.3,864.3,867.3,857.3,199.1,200.6,204.1,205.1,4.73,78.9,4.364,1.6,1.0,0,nominal,0,0.0,194.98,701925.9
74.2,takeoff_climb,91.39710789766407,2063.403781979978,39.55506117908787,4965.4,859.2,863.4,870.3,857.5,199.5,200.0,204.7,205.9,4.72,78.2,4.319,4971.0,856.3,864.3,867.3,857.3,199.1,200.6,204.1,205.1,4.73,78.9,4.363,1.6,1.0,0,nominal,0,0.0,194.98,701925.8
74.3,takeoff_climb,91.38820912124584,2066.184649610678,39.5706340378198,4963.3,854.8,863.7,867.8,854.8,199.1,199.9,205.1,205.8,4.72,78.3,4.324,4970.1,856.3,864.3,867.3,857.3,199.1,200.6,204.1,205.1,4.73,78.9,4.361,1.6,1.0,0,nominal,0,0.0,194.98,701925.7
74.4,takeoff_climb,91.37931034482759,2068.965517241379,39.58620689655172,4958.0,856.1,865.0,865.1,858.8,199.4,200.9,204.6,205.8,4.7,79.2,4.394,4969.1,856.3,864.3,867.3,857.3,199.1,200.6,204.1,205.1,4.73,78.8,4.36,1.6,1.0,0,nominal,0,0.0,194.98,701925.6
74.5,takeoff_climb,91.37041156840934,2071.74638487208,39.601779755283644,4978.6,857.0,865.4,867.6,856.0,198.9,201.1,204.2,205.2,4.76,78.4,4.312,4968.2,856.3,864.3,867.3,857.3,199.1,200.6,204.1,205.1,4.73,78.8,4.358,1.5,0.999,0,nominal,0,0.0,194.98,701925.5
74.6,takeoff_climb,91.3615127919911,2074.527252502781,39.61735261401557,4955.6,857.6,864.9,868.6,856.3,198.9,200.4,204.0,206.2,4.72,78.4,4.331,4967.2,856.3,864.3,867.3,857.3,199.1,200.6,204.1,205.1,4.73,78.8,4.357,1.5,0.999,0,nominal,0,0.0,194.98,701925.4
74.7,takeoff_climb,91.35261401557285,2077.3081201334817,39.632925472747495,4979.5,855.7,866.1,868.0,858.1,198.2,201.2,203.4,205.2,4.73,80.2,4.381,4966.3,856.3,864.3,867.3,857.3,199.1,200.6,204.1,205.1,4.73,78.8,4.356,1.5,0.999,0,nominal,0,0.0,194.98,701925.3
74.8,takeoff_climb,91.34371523915462,2080.088987764182,39.64849833147942,4968.2,856.1,863.9,865.5,857.3,199.4,201.2,204.5,205.1,4.71,77.9,4.375,4965.3,856.2,864.2,867.2,857.2,199.1,200.6,204.1,205.1,4.73,78.8,4.354,1.5,0.998,0,nominal,0,0.0,194.98,701925.2
74.9,takeoff_climb,91.33481646273637,2082.869855394883,39.664071190211345,4951.4,855.3,865.3,867.2,858.6,198.6,200.7,203.8,204.8,4.75,78.9,4.345,4964.4,856.2,864.2,867.2,857.2,199.1,200.6,204.1,205.1,4.73,78.8,4.353,1.5,0.998,0,nominal,0,0.0,194.98,701925.1
75.0,takeoff_climb,91.32591768631814,2085.650723025584,39.679644048943274,4970.8,856.3,864.8,868.6,855.7,199.1,200.7,204.2,205.7,4.71,78.6,4.277,4963.4,856.2,864.2,867.2,857.2,199.1,200.6,204.1,205.1,4.73,78.7,4.352,1.4,0.998,0,nominal,0,0.0,194.98,701925.0
75.1,takeoff_climb,91.31701890989989,2088.4315906562847,39.695216907675196,4965.3,856.0,861.0,865.6,858.3,200.1,201.1,204.4,205.4,4.73,78.8,4.353,4962.5,856.2,864.2,867.2,857.2,199.1,200.6,204.1,205.1,4.73,78.7,4.35,1.4,0.998,0,nominal,0,0.0,194.98,701924.9
75.2,takeoff_climb,91.30812013348165,2091.2124582869856,39.71078976640712,4961.0,856.3,862.8,868.2,855.3,198.2,201.6,203.3,205.3,4.75,78.7,4.373,4961.5,856.2,864.2,867.2,857.2,199.1,200.6,204.1,205.1,4.73,78.7,4.349,1.4,0.997,0,nominal,0,0.0,194.98,701924.8
75.3,takeoff_climb,91.2992213570634,2093.993325917686,39.726362625139046,4955.7,854.9,862.3,868.0,856.3,198.8,200.5,204.4,205.7,4.76,79.1,4.359,4960.6,856.2,864.2,867.2,857.2,199.1,200.6,204.1,205.1,4.73,78.7,4.348,1.4,0.997,0,nominal,0,0.0,194.98,701924.7
75.4,takeoff_climb,91.29032258064517,2096.774193548387,39.74193548387097,4953.1,856.9,866.5,867.5,858.6,199.1,201.0,204.3,204.4,4.69,78.2,4.329,4959.6,856.2,864.2,867.2,857.2,199.1,200.6,204.1,205.1,4.73,78.7,4.346,1.4,0.997,0,nominal,0,0.0,194.98,701924.6
75.5,takeoff_climb,91.28142380422692,2099.5550611790877,39.75750834260289,4962.8,858.3,864.6,864.3,856.2,198.9,200.1,204.4,204.6,4.72,78.3,4.345,4958.7,856.2,864.2,867.2,857.2,199.1,200.6,204.1,205.1,4.73,78.7,4.345,1.4,0.996,0,nominal,0,0.0,194.98,701924.5
75.6,takeoff_climb,91.27252502780868,2102.3359288097886,39.77308120133482,4965.1,857.8,864.3,865.4,857.6,198.9,200.1,204.5,205.3,4.74,77.6,4.357,4957.7,856.2,864.2,867.2,857.2,199.1,200.6,204.1,205.1,4.73,78.6,4.344,1.3,0.996,0,nominal,0,0.0,194.98,701924.4
75.7,takeoff_climb,91.26362625139043,2105.1167964404895,39.78865406006674,4954.0,856.9,865.9,868.5,858.2,199.2,201.3,203.9,205.4,4.77,78.3,4.355,4956.8,856.2,864.2,867.2,857.2,199.1,200.6,204.1,205.1,4.73,78.6,4.342,1.3,0.996,0,nominal,0,0.0,194.98,701924.3
75.8,takeoff_climb,91.25472747497219,2107.89766407119,39.80422691879866,4955.3,857.1,863.4,868.4,856.9,198.4,200.3,205.8,205.8,4.75,78.5,4.34,4955.9,856.2,864.2,867.2,857.2,199.1,200.6,204.1,205.1,4.73,78.6,4.341,1.3,0.996,0,nominal,0,0.0,194.98,701924.2
75.9,takeoff_climb,91.24582869855395,2110.6785317018907,39.81979977753059,4957.0,856.7,862.7,868.2,859.1,199.4,201.1,203.4,205.2,4.68,78.6,4.378,4954.9,856.2,864.2,867.2,857.2,199.1,200.6,204.1,205.1,4.73,78.6,4.34,1.3,0.995,0,nominal,0,0.0,194.98,701924.1
76.0,takeoff_climb,91.2369299221357,2113.4593993325916,39.83537263626251,4949.6,852.9,866.1,865.5,857.4,198.3,199.6,204.4,205.8,4.75,79.8,4.308,4954.0,856.1,864.1,867.1,857.1,199.1,200.6,204.1,205.1,4.73,78.6,4.338,1.3,0.995,0,nominal,0,0.0,194.98,701924.0
76.1,takeoff_climb,91.22803114571747,2116.2402669632925,39.850945494994434,4953.8,856.5,863.9,865.9,857.8,198.4,199.9,202.5,205.7,4.74,78.4,4.28,4953.0,856.1,864.1,867.1,857.1,199.1,200.6,204.1,205.1,4.73,78.6,4.337,1.2,0.995,0,nominal,0,0.0,194.98,701923.9
76.2,takeoff_climb,91.21913236929922,2119.0211345939933,39.86651835372636,4959.9,855.4,864.5,865.1,856.3,198.7,200.6,203.3,205.3,4.73,79.0,4.424,4952.1,856.1,864.1,867.1,857.1,199.1,200.6,204.1,205.1,4.73,78.5,4.335,1.2,0.995,0,nominal,0,0.0,194.98,701923.8
76.3,takeoff_climb,91.21023359288098,2121.8020022246938,39.882091212458285,4955.1,858.5,861.5,865.9,859.2,198.6,200.7,204.6,204.6,4.71,79.0,4.314,4951.1,856.1,864.1,867.1,857.1,199.1,200.6,204.1,205.1,4.73,78.5,4.334,1.2,0.994,0,nominal,0,0.0,194.98,701923.7
76.4,takeoff_climb,91.20133481646273,2124.5828698553946,39.89766407119021,4950.1,856.1,864.8,866.7,859.0,198.9,200.2,204.9,204.9,4.75,78.3,4.338,4950.2,856.1,864.1,867.1,857.1,199.1,200.6,204.1,205.1,4.73,78.5,4.333,1.2,0.994,0,nominal,0,0.0,194.98,701923.6
76.5,takeoff_climb,91.1924360400445,2127.3637374860955,39.913236929922135,4958.0,857.8,863.3,866.7,857.6,199.7,200.4,204.7,204.1,4.71,77.8,4.355,4949.2,856.1,864.1,867.1,857.1,199.1,200.6,204.1,205.1,4.73,78.5,4.331,1.2,0.994,0,nominal,0,0.0,194.98,701923.5
76.6,takeoff_climb,91.18353726362625,2130.1446051167964,39.928809788654064,4949.5,856.2,862.7,868.2,856.6,199.3,201.6,203.8,203.4,4.72,78.3,4.316,4948.3,856.1,864.1,867.1,857.1,199.1,200.6,204.0,205.0,4.73,78.5,4.33,1.2,0.993,0,nominal,0,0.0,194.98,701923.4
76.7,takeoff_climb,91.17463848720801,2132.925472747497,39.944382647385986,4948.9,856.7,861.8,867.6,856.2,199.1,199.7,204.0,204.9,4.71,78.5,4.37,4947.4,856.1,864.1,867.1,857.1,199.0,200.5,204.0,205.0,4.73,78.4,4.329,1.1,0.993,0,nominal,0,0.0,194.98,701923.3
76.8,takeoff_climb,91.16573971078977,2135.7063403781976,39.95995550611791,4947.8,856.9,864.1,865.0,859.4,199.3,201.1,204.3,204.4,4.73,78.2,4.333,4946.4,856.1,864.1,867.1,857.1,199.0,200.5,204.0,205.0,4.73,78.4,4.327,1.1,0.993,0,nominal,0,0.0,194.98,701923.2
76.9,takeoff_climb,91.15684093437153,2138.4872080088985,39.975528364849836,4941.1,857.7,860.0,864.3,857.1,198.7,200.3,203.7,205.1,4.7,78.3,4.339,4945.5,856.1,864.1,867.1,857.1,199.0,200.5,204.0,205.0,4.73,78.4,4.326,1.1,0.993,0,nominal,0,0.0,194.98,701923.1
77.0,takeoff_climb,91.14794215795328,2141.2680756395994,39.99110122358176,4940.2,855.6,863.4,867.8,857.5,198.0,201.3,204.2,205.8,4.71,78.3,4.371,4944.5,856.1,864.1,867.1,857.1,199.0,200.5,204.0,205.0,4.73,78.4,4.325,1.1,0.992,0,nominal,0,0.0,194.98,701923.0
77.1,takeoff_climb,91.13904338153503,2144.0489432703002,40.00667408231368,4946.0,856.0,865.0,865.6,856.3,198.3,200.2,204.4,205.2,4.71,79.1,4.367,4943.6,856.1,864.1,867.1,857.1,199.0,200.5,204.0,205.0,4.73,78.4,4.323,1.1,0.992,0,nominal,0,0.0,194.98,701922.9
77.2,takeoff_climb,91.1301446051168,2146.829810901001,40.02224694104561,4942.6,857.1,863.6,865.2,857.8,198.8,200.6,204.0,206.3,4.74,77.8,4.381,4942.6,856.0,864.0,867.0,857.0,199.0,200.5,204.0,205.0,4.73,78.4,4.322,1.0,0.992,0,nominal,0,0.0,194.98,701922.8
77.3,takeoff_climb,91.12124582869855,2149.610678531702,40.03781979977753,4922.2,854.5,864.5,865.4,856.6,199.4,200.4,204.6,205.3,4.77,77.6,4.277,4941.7,856.0,864.0,867.0,857.0,199.0,200.5,204.0,205.0,4.73,78.3,4.321,1.0,0.991,0,nominal,0,0.0,194.98,701922.7
77.4,takeoff_climb,91.11234705228031,2152.3915461624024,40.05339265850945,4944.7,858.7,863.6,864.8,858.8,200.3,200.1,203.4,204.0,4.72,78.9,4.301,4940.7,856.0,864.0,867.0,857.0,199.0,200.5,204.0,205.0,4.73,78.3,4.319,1.0,0.991,0,nominal,0,0.0,194.98,701922.6
77.5,takeoff_climb,91.10344827586206,2155.1724137931033,40.06896551724138,4944.3,857.3,861.8,867.3,857.0,198.4,200.2,204.1,205.3,4.73,77.9,4.273,4939.8,856.0,864.0,867.0,857.0,199.0,200.5,204.0,205.0,4.73,78.3,4.318,1.0,0.991,0,nominal,0,0.0,194.98,701922.5
77.6,takeoff_climb,91.09454949944383,2157.953281423804,40.0845383759733,4947.2,855.9,864.9,864.6,856.9,200.3,200.2,204.1,205.2,4.74,78.3,4.317,4938.9,856.0,864.0,867.0,857.0,199.0,200.5,204.0,205.0,4.73,78.3,4.317,1.0,0.991,0,nominal,0,0.0,194.98,701922.4
77.7,takeoff_climb,91.08565072302558,2160.734149054505,40.100111234705224,4940.6,856.8,863.4,868.1,859.2,199.6,201.4,203.4,204.6,4.72,78.2,4.323,4937.9,856.0,864.0,867.0,857.0,199.0,200.5,204.0,205.0,4.73,78.3,4.315,1.0,0.99,0,nominal,0,0.0,194.98,701922.3
77.8,takeoff_climb,91.07675194660735,2163.515016685206,40.11568409343715,4938.8,855.0,864.7,866.4,855.9,199.0,199.2,205.2,204.3,4.74,78.0,4.271,4937.0,856.0,864.0,867.0,857.0,199.0,200.5,204.0,205.0,4.73,78.3,4.314,0.9,0.99,0,nominal,0,0.0,194.98,701922.2
77.9,takeoff_climb,91.0678531701891,2166.2958843159063,40.131256952169075,4948.5,856.9,863.1,868.4,857.4,198.9,201.2,204.3,204.9,4.69,78.7,4.311,4936.0,856.0,864.0,867.0,857.0,199.0,200.5,204.0,205.0,4.73,78.2,4.313,0.9,0.99,0,nominal,0,0.0,194.98,701922.1
78.0,takeoff_climb,91.05895439377086,2169.076751946607,40.146829810901,4939.0,857.6,863.7,869.6,858.8,198.9,199.4,203.8,205.5,4.72,78.6,4.289,4935.1,856.0,864.0,867.0,857.0,199.0,200.5,204.0,205.0,4.73,78.2,4.311,0.9,0.989,0,nominal,0,0.0,194.98,701922.0
78.1,takeoff_climb,91.05005561735261,2171.857619577308,40.162402669632925,4941.0,858.2,865.3,867.5,854.8,197.9,200.7,204.4,204.7,4.73,78.0,4.3,4934.2,856.0,864.0,867.0,857.0,199.0,200.5,204.0,205.0,4.73,78.2,4.31,0.9,0.989,0,nominal,0,0.0,194.98,701921.9
78.2,takeoff_climb,91.04115684093438,2174.638487208009,40.17797552836485,4947.4,856.6,862.9,867.2,854.7,199.0,200.0,204.6,205.2,4.7,77.8,4.327,4933.2,856.0,864.0,867.0,857.0,199.0,200.5,204.0,205.0,4.73,78.2,4.309,0.9,0.989,0,nominal,0,0.0,194.98,701921.8
78.3,takeoff_climb,91.03225806451613,2177.4193548387098,40.193548387096776,4940.1,856.5,868.2,866.7,857.0,198.5,200.4,203.6,204.2,4.78,77.7,4.313,4932.3,856.0,864.0,867.0,857.0,199.0,200.5,204.0,205.0,4.73,78.2,4.307,0.8,0.989,0,nominal,0,0.0,194.98,701921.7
78.4,takeoff_climb,91.0233592880979,2180.20022246941,40.2091212458287,4925.0,855.6,862.5,867.6,857.0,198.3,201.2,204.1,205.4,4.7,77.9,4.325,4931.3,856.0,864.0,867.0,857.0,199.0,200.5,204.0,205.0,4.73,78.1,4.306,0.8,0.988,0,nominal,0,0.0,194.98,701921.6
78.5,takeoff_climb,91.01446051167964,2182.981090100111,40.224694104560626,4926.9,853.5,864.2,866.7,856.4,199.0,200.6,204.3,205.5,4.75,77.6,4.281,4930.4,855.9,863.9,866.9,856.9,199.0,200.5,204.0,205.0,4.73,78.1,4.304,0.8,0.988,0,nominal,0,0.0,194.98,701921.5
78.6,takeoff_climb,91.0055617352614,2185.761957730812,40.24026696329255,4926.9,857.1,863.0,865.3,859.1,198.2,201.1,204.9,205.2,4.75,78.2,4.342,4929.4,855.9,863.9,866.9,856.9,199.0,200.5,204.0,205.0,4.73,78.1,4.303,0.8,0.988,0,nominal,0,0.0,194.98,701921.4
78.7,takeoff_climb,90.99666295884316,2188.5428253615128,40.25583982202447,4928.9,857.4,866.4,866.2,859.1,198.8,200.1,204.0,205.4,4.73,77.6,4.299,4928.5,855.9,863.9,866.9,856.9,199.0,200.5,204.0,205.0,4.73,78.1,4.302,0.8,0.988,0,nominal,0,0.0,194.98,701921.3
78.8,takeoff_climb,90.98776418242491,2191.3236929922136,40.2714126807564,4931.2,856.3,862.3,866.7,858.0,199.2,200.0,204.6,204.6,4.72,78.0,4.315,4927.6,855.9,863.9,866.9,856.9,199.0,200.5,204.0,205.0,4.73,78.1,4.3,0.8,0.987,0,nominal,0,0.0,194.98,701921.2
78.9,takeoff_climb,90.97886540600668,2194.104560622914,40.28698553948832,4922.2,854.3,862.2,867.0,858.5,198.6,199.6,204.1,205.5,4.74,77.8,4.349,4926.6,855.9,863.9,866.9,856.9,199.0,200.5,204.0,205.0,4.73,78.1,4.299,0.7,0.987,0,nominal,0,0.0,194.98,701921.1
79.0,takeoff_climb,90.96996662958843,2196.885428253615,40.30255839822024,4923.5,853.3,865.6,866.3,857.3,199.3,200.7,204.2,203.8,4.72,78.1,4.32,4925.7,855.9,863.9,866.9,856.9,199.0,200.5,204.0,205.0,4.73,78.0,4.298,0.7,0.987,0,nominal,0,0.0,194.98,701921.0
79.1,takeoff_climb,90.96106785317019,2199.666295884316,40.31813125695217,4926.6,859.2,862.7,866.2,855.8,198.1,199.7,203.9,205.6,4.71,77.9,4.285,4924.7,855.9,863.9,866.9,856.9,199.0,200.5,204.0,205.0,4.73,78.0,4.296,0.7,0.986,0,nominal,0,0.0,194.98,701920.9
79.2,takeoff_climb,90.95216907675194,2202.4471635150167,40.33370411568409,4914.1,855.2,864.7,867.8,855.5,198.7,201.1,203.8,204.5,4.71,77.8,4.265,4923.8,855.9,863.9,866.9,856.9,199.0,200.5,204.0,205.0,4.73,78.0,4.295,0.7,0.986,0,nominal,0,0.0,194.98,701920.8
79.3,takeoff_climb,90.94327030033371,2205.2280311457175,40.349276974416014,4929.1,856.3,864.5,867.0,858.6,198.3,200.6,202.9,203.9,4.71,77.5,4.305,4922.9,855.9,863.9,866.9,856.9,199.0,200.5,204.0,205.0,4.72,78.0,4.294,0.7,0.986,0,nominal,0,0.0,194.98,701920.7
79.4,takeoff_climb,90.93437152391546,2208.008898776418,40.36484983314794,4920.8,854.8,863.7,867.5,859.0,198.9,200.4,204.8,204.8,4.74,77.7,4.335,4921.9,855.9,863.9,866.9,856.9,199.0,200.5,204.0,205.0,4.72,78.0,4.292,0.6,0.986,0,nominal,0,0.0,194.98,701920.6
79.5,takeoff_climb,90.92547274749722,2210.789766407119,40.380422691879865,4920.7,855.6,864.1,864.6,857.4,198.7,200.9,202.9,205.3,4.71,77.5,4.307,4921.0,855.9,863.9,866.9,856.9,199.0,200.5,204.0,205.0,4.72,78.0,4.291,0.6,0.985,0,nominal,0,0.0,194.98,701920.5
79.6,takeoff_climb,90.91657397107898,2213.5706340378197,40.39599555061179,4925.6,853.5,864.1,868.1,855.8,198.6,200.6,204.2,205.9,4.73,78.0,4.305,4920.0,855.9,863.9,866.9,856.9,199.0,200.5,204.0,205.0,4.72,78.0,4.29,0.6,0.985,0,nominal,0,0.0,194.98,701920.4
79.7,takeoff_climb,90.90767519466074,2216.3515016685205,40.411568409343715,4922.1,857.6,863.8,866.0,859.1,200.2,201.2,203.8,206.5,4.76,78.2,4.293,4919.1,855.8,863.8,866.8,856.8,198.9,200.4,203.9,204.9,4.72,78.0,4.288,0.6,0.985,0,nominal,0,0.0,194.98,701920.3
79.8,takeoff_climb,90.89877641824249,2219.1323692992214,40.42714126807564,4926.9,856.2,865.6,868.8,857.1,198.9,201.3,204.3,205.3,4.68,78.2,4.273,4918.2,855.8,863.8,866.8,856.8,198.9,200.4,203.9,204.9,4.72,78.0,4.287,0.6,0.985,0,nominal,0,0.0,194.98,701920.2
79.9,takeoff_climb,90.88987764182426,2221.913236929922,40.442714126807566,4911.6,854.5,865.4,865.5,857.4,198.0,200.8,203.9,204.6,4.71,78.2,4.287,4917.2,855.8,863.8,866.8,856.8,198.9,200.4,203.9,204.9,4.72,78.0,4.286,0.6,0.984,0,nominal,0,0.0,194.98,701920.1
80.0,takeoff_climb,90.88097886540601,2224.6941045606227,40.45828698553949,4907.3,855.0,864.5,867.2,858.9,198.8,201.4,204.1,204.6,4.73,78.2,4.246,4916.3,855.8,863.8,866.8,856.8,198.9,200.4,203.9,204.9,4.72,78.0,4.284,0.5,0.984,0,nominal,0,0.0,194.98,701920.0
80.1,takeoff_climb,90.87208008898776,2227.4749721913236,40.473859844271416,4922.8,856.7,863.5,865.3,856.4,199.5,201.2,202.8,205.7,4.7,78.0,4.294,4915.4,855.8,863.8,866.8,856.8,198.9,200.4,203.9,204.9,4.72,78.0,4.283,0.5,0.984,0,nominal,0,0.0,194.98,701919.9
80.2,takeoff_climb,90.86318131256952,2230.2558398220244,40.48943270300334,4905.8,852.5,862.0,866.5,854.5,200.0,199.7,204.2,205.2,4.75,77.6,4.267,4914.4,855.8,863.8,866.8,856.8,198.9,200.4,203.9,204.9,4.72,78.0,4.282,0.5,0.983,0,nominal,0,0.0,194.98,701919.8
80.3,takeoff_climb,90.85428253615127,2233.0367074527253,40.50500556173526,4918.9,854.6,861.7,868.9,857.6,199.1,201.2,203.5,204.8,4.69,77.7,4.287,4913.5,855.8,863.8,866.8,856.8,198.9,200.4,203.9,204.9,4.72,78.0,4.28,0.5,0.983,0,nominal,0,0.0,194.98,701919.7
80.4,takeoff_climb,90.84538375973304,2235.8175750834257,40.52057842046719,4910.5,855.4,861.4,868.0,856.4,199.1,201.0,204.1,203.7,4.7,78.5,4.265,4912.5,855.8,863.8,866.8,856.8,198.9,200.4,203.9,204.9,4.72,78.0,4.279,0.5,0.983,0,nominal,0,0.0,194.98,701919.6
80.5,takeoff_climb,90.83648498331479,2238.5984427141266,40.53615127919911,4919.2,855.3,863.1,867.1,857.3,199.1,200.6,204.5,205.4,4.73,78.9,4.271,4911.6,855.8,863.8,866.8,856.8,198.9,200.4,203.9,204.9,4.72,78.0,4.278,0.4,0.983,0,nominal,0,0.0,194.98,701919.5
80.6,takeoff_climb,90.82758620689656,2241.3793103448274,40.55172413793103,4911.2,859.5,863.5,867.2,857.2,199.3,200.2,204.1,204.6,4.72,78.0,4.272,4910.7,855.8,863.8,866.8,856.8,198.9,200.4,203.9,204.9,4.72,78.0,4.276,0.4,0.982,0,nominal,0,0.0,194.98,701919.4
80.7,takeoff_climb,90.8186874304783,2244.1601779755283,40.56729699666296,4908.2,856.9,863.5,863.9,858.3,199.8,199.7,204.0,206.7,4.73,78.0,4.279,4909.7,855.8,863.8,866.8,856.8,198.9,200.4,203.9,204.9,4.72,78.0,4.275,0.4,0.982,0,nominal,0,0.0,194.98,701919.3
80.8,takeoff_climb,90.80978865406007,2246.941045606229,40.58286985539488,4909.7,857.8,860.5,867.2,858.5,199.1,201.5,204.0,205.8,4.75,77.7,4.262,4908.8,855.8,863.8,866.8,856.8,198.9,200.4,203.9,204.9,4.72,78.0,4.274,0.4,0.982,0,nominal,0,0.0,194.98,701919.2
80.9,takeoff_climb,90.80088987764182,2249.7219132369296,40.598442714126804,4915.3,857.1,864.6,865.0,854.5,199.3,200.7,204.3,205.1,4.69,77.6,4.286,4907.9,855.7,863.7,866.7,856.7,198.9,200.4,203.9,204.9,4.72,78.0,4.272,0.4,0.981,0,nominal,0,0.0,194.98,701919.1
81.0,takeoff_climb,90.79199110122359,2252.5027808676305,40.61401557285873,4902.6,856.0,866.6,870.3,856.3,199.5,201.3,203.9,206.3,4.72,78.5,4.269,4906.9,855.7,863.7,866.7,856.7,198.9,200.4,203.9,204.9,4.72,78.0,4.271,0.4,0.981,0,nominal,0,0.0,194.98,701919.0
81.1,takeoff_climb,90.78309232480534,2255.2836484983313,40.629588431590655,4908.8,855.9,863.3,865.1,857.0,198.4,199.1,205.3,205.7,4.72,77.4,4.23,4906.0,855.7,863.7,866.7,856.7,198.9,200.4,203.9,204.9,4.72,78.0,4.27,0.3,0.981,0,nominal,0,0.0,194.98,701918.9
81.2,takeoff_climb,90.7741935483871,2258.064516129032,40.64516129032258,4919.5,856.8,866.0,866.1,859.6,198.9,200.8,202.8,205.2,4.7,77.9,4.24,4905.1,855.7,863.7,866.7,856.7,198.9,200.4,203.9,204.9,4.72,78.0,4.268,0.3,0.981,0,nominal,0,0.0,194.98,701918.8
81.3,takeoff_climb,90.76529477196885,2260.845383759733,40.660734149054505,4897.4,856.3,860.7,868.0,853.9,198.8,200.3,204.1,204.6,4.76,78.3,4.314,4904.1,855.7,863.7,866.7,856.7,198.9,200.4,203.9,204.9,4.72,78.0,4.267,0.3,0.98,0,nominal,0,0.0,194.98,701918.7
81.4,takeoff_climb,90.7563959955506,2263.6262513904335,40.67630700778643,4892.4,854.7,867.2,866.6,856.0,197.6,200.3,204.7,202.7,4.73,77.9,4.287,4903.2,855.7,863.7,866.7,856.7,198.9,200.4,203.9,204.9,4.72,78.0,4.266,0.3,0.98,0,nominal,0,0.0,194.98,701918.6
81.5,takeoff_climb,90.74749721913237,2266.4071190211343,40.691879866518356,4909.4,856.7,863.1,867.0,857.2,198.1,200.4,204.0,205.5,4.73,78.3,4.325,4902.3,855.7,863.7,866.7,856.7,198.9,200.4,203.9,204.9,4.72,78.0,4.264,0.3,0.98,0,nominal,0,0.0,194.98,701918.5
81.6,takeoff_climb,90.73859844271412,2269.187986651835,40.70745272525028,4899.7,856.9,861.5,865.6,856.9,198.3,200.9,204.5,204.1,4.73,77.6,4.285,4901.3,855.7,863.7,866.7,856.7,198.9,200.4,203.9,204.9,4.72,78.0,4.263,0.3,0.98,0,nominal,0,0.0,194.98,701918.4
81.7,takeoff_climb,90.72969966629589,2271.968854282536,40.723025583982206,4904.0,856.5,863.4,866.2,855.8,197.9,200.4,203.1,204.8,4.76,78.1,4.259,4900.4,855.7,863.7,866.7,856.7,198.9,200.4,203.9,204.9,4.72,78.0,4.262,0.2,0.979,0,nominal,0,0.0,194.98,701918.3
81.8,takeoff_climb,90.72080088987764,2274.749721913237,40.73859844271413,4908.9,855.3,862.4,868.6,856.2,199.1,200.4,204.0,205.2,4.74,78.9,4.265,4899.4,855.7,863.7,866.7,856.7,198.9,200.4,203.9,204.9,4.72,78.0,4.26,0.2,0.979,0,nominal,0,0.0,194.98,701918.2
81.9,takeoff_climb,90.7119021134594,2277.5305895439374,40.75417130144605,4900.8,857.7,862.6,866.9,853.9,199.5,199.2,202.9,206.2,4.72,77.7,4.227,4898.5,855.7,863.7,866.7,856.7,198.9,200.4,203.9,204.9,4.72,78.0,4.259,0.2,0.979,0,nominal,0,0.0,194.98,701918.1
82.0,takeoff_climb,90.70300333704115,2280.3114571746382,40.76974416017798,4901.8,855.0,861.9,865.8,855.5,199.6,200.4,204.7,205.0,4.74,77.9,4.252,4897.6,855.7,863.7,866.7,856.7,198.9,200.4,203.9,204.9,4.72,78.0,4.258,0.2,0.978,0,nominal,0,0.0,194.98,701918.0
82.1,takeoff_climb,90.69410456062292,2283.092324805339,40.7853170189099,4889.1,854.8,862.2,866.0,856.7,198.2,200.7,203.6,204.9,4.73,77.9,4.28,4896.6,855.6,863.6,866.6,856.6,198.9,200.4,203.9,204.9,4.72,78.0,4.256,0.2,0.978,0,nominal,0,0.0,194.98,701917.9
82.2,takeoff_climb,90.68520578420467,2285.87319243604,40.80088987764182,4898.0,853.5,863.0,868.0,858.2,199.9,201.3,204.4,206.2,4.7,78.0,4.274,4895.7,855.6,863.6,866.6,856.6,198.9,200.4,203.9,204.9,4.72,78.0,4.255,0.1,0.978,0,nominal,0,0.0,194.98,701917.8
82.3,takeoff_climb,90.67630700778643,2288.654060066741,40.81646273637375,4904.5,853.8,862.7,866.2,857.3,198.6,199.8,204.0,205.9,4.73,77.5,4.26,4894.8,855.6,863.6,866.6,856.6,198.9,200.4,203.9,204.9,4.72,78.0,4.254,0.1,0.978,0,nominal,0,0.0,194.98,701917.7
82.4,takeoff_climb,90.66740823136819,2291.4349276974413,40.83203559510567,4891.0,854.5,863.9,868.2,855.4,199.6,200.3,203.5,205.0,4.72,78.5,4.259,4893.8,855.6,863.6,866.6,856.6,198.9,200.4,203.9,204.9,4.72,78.0,4.252,0.1,0.977,0,nominal,0,0.0,194.98,701917.6
82.5,takeoff_climb,90.65850945494995,2294.215795328142,40.847608453837594,4892.6,852.9,863.0,867.1,856.5,199.3,200.1,204.4,205.9,4.7,77.9,4.167,4892.9,855.6,863.6,866.6,856.6,198.9,200.4,203.9,204.9,4.72,78.0,4.251,0.1,0.977,0,nominal,0,0.0,194.98,701917.5
82.6,takeoff_climb,90.6496106785317,2296.996662958843,40.86318131256952,4895.9,859.2,865.2,866.2,856.7,198.6,200.6,204.4,203.9,4.71,78.0,4.254,4892.0,855.6,863.6,866.6,856.6,198.9,200.4,203.9,204.9,4.72,78.0,4.25,0.1,0.977,0,nominal,0,0.0,194.98,701917.4
82.7,takeoff_climb,90.64071190211345,2299.777530589544,40.878754171301445,4889.8,856.7,862.9,869.4,858.2,199.6,201.6,204.1,204.7,4.72,78.4,4.228,4891.0,855.6,863.6,866.6,856.6,198.8,200.3,203.8,204.8,4.72,78.0,4.249,0.1,0.977,0,nominal,0,0.0,194.98,701917.3
82.8,takeoff_climb,90.63181312569522,2302.5583982202447,40.89432703003337,4889.5,854.6,866.1,865.9,854.5,198.3,199.3,204.3,204.2,4.69,78.6,4.256,4890.1,855.6,863.6,866.6,856.6,198.8,200.3,203.8,204.8,4.72,78.0,4.247,0.0,0.976,0,nominal,0,0.0,194.98,701917.2
82.9,takeoff_climb,90.62291434927697,2305.339265850945,40.909899888765295,4892.8,857.1,863.0,866.2,857.2,199.3,199.2,204.1,204.6,4.72,78.8,4.265,4889.2,855.6,863.6,866.6,856.6,198.8,200.3,203.8,204.8,4.72,78.0,4.246,0.0,0.976,0,nominal,0,0.0,194.98,701917.1
83.0,takeoff_climb,90.61401557285873,2308.120133481646,40.92547274749722,4893.3,857.1,865.7,864.9,857.1,199.4,199.1,204.1,204.0,4.73,77.6,4.281,4888.2,855.6,863.6,866.6,856.6,198.8,200.3,203.8,204.8,4.72,78.0,4.245,-0.0,0.976,0,nominal,0,0.0,194.98,701917.0
83.1,takeoff_climb,90.60511679644048,2310.901001112347,40.94104560622914,4887.9,855.9,863.3,865.4,855.3,199.3,200.9,204.2,204.5,4.72,78.5,4.242,4887.3,855.6,863.6,866.6,856.6,198.8,200.3,203.8,204.8,4.72,78.0,4.243,-0.0,0.975,0,nominal,0,0.0,194.98,701916.9
83.2,takeoff_climb,90.59621802002225,2313.6818687430477,40.95661846496107,4883.2,855.2,864.3,868.1,854.6,199.4,200.2,204.5,203.6,4.7,77.6,4.205,4886.4,855.6,863.6,866.6,856.6,198.8,200.3,203.8,204.8,4.72,78.0,4.242,-0.0,0.975,0,nominal,0,0.0,194.98,701916.8
83.3,takeoff_climb,90.587319243604,2316.4627363737486,40.97219132369299,4888.7,856.7,861.8,865.3,856.8,198.5,199.9,204.7,204.6,4.78,78.4,4.207,4885.5,855.5,863.5,866.5,856.5,198.8,200.3,203.8,204.8,4.72,78.0,4.241,-0.1,0.975,0,nominal,0,0.0,194.98,701916.7
83.4,takeoff_climb,90.57842046718577,2319.243604004449,40.98776418242492,4899.5,854.0,861.9,866.1,858.8,198.9,200.0,203.4,204.7,4.75,78.1,4.294,4884.5,855.5,863.5,866.5,856.5,198.8,200.3,203.8,204.8,4.72,78.0,4.239,-0.1,0.975,0,nominal,0,0.0,194.98,701916.6
83.5,takeoff_climb,90.56952169076752,2322.02447163515,41.00333704115684,4891.6,856.5,862.9,868.5,855.1,198.6,201.0,203.6,205.3,4.74,77.5,4.241,4883.6,855.5,863.5,866.5,856.5,198.8,200.3,203.8,204.8,4.72,78.0,4.238,-0.1,0.974,0,nominal,0,0.0,194.98,701916.5
83.6,takeoff_climb,90.56062291434928,2324.8053392658508,41.01890989988877,4876.8,856.0,864.7,866.4,853.9,197.9,200.6,203.4,205.3,4.71,78.0,4.225,4882.7,855.5,863.5,866.5,856.5,198.8,200.3,203.8,204.8,4.72,78.0,4.237,-0.1,0.974,0,nominal,0,0.0,194.98,701916.4
83.7,takeoff_climb,90.55172413793103,2327.5862068965516,41.03448275862069,4871.3,854.6,859.5,866.2,856.9,199.2,200.4,203.6,204.5,4.7,77.7,4.27,4881.7,855.5,863.5,866.5,856.5,198.8,200.3,203.8,204.8,4.72,78.0,4.235,-0.1,0.974,0,nominal,0,0.0,194.98,701916.3
83.8,takeoff_climb,90.5428253615128,2330.3670745272525,41.05005561735261,4877.9,855.2,863.7,865.1,855.2,199.1,199.7,204.4,204.1,4.72,78.3,4.196,4880.8,855.5,863.5,866.5,856.5,198.8,200.3,203.8,204.8,4.72,78.0,4.234,-0.1,0.973,0,nominal,0,0.0,194.98,701916.2
83.9,takeoff_climb,90.53392658509455,2333.147942157953,41.06562847608454,4883.7,855.0,865.8,864.4,858.1,199.3,200.2,204.0,205.4,4.72,79.0,4.209,4879.9,855.5,863.5,866.5,856.5,198.8,200.3,203.8,204.8,4.72,78.0,4.233,-0.2,0.973,0,nominal,0,0.0,194.98,701916.1
84.0,takeoff_climb,90.52502780867631,2335.928809788654,41.08120133481646,4882.5,854.8,860.6,865.0,856.3,199.3,200.2,204.3,204.8,4.66,78.0,4.263,4878.9,855.5,863.5,866.5,856.5,198.8,200.3,203.8,204.8,4.72,78.0,4.231,-0.2,0.973,0,nominal,0,0.0,194.98,701916.0
84.1,takeoff_climb,90.51612903225806,2338.7096774193546,41.096774193548384,4873.8,857.3,861.9,867.1,856.9,198.0,199.9,204.8,204.8,4.76,78.0,4.226,4878.0,855.5,863.5,866.5,856.5,198.8,200.3,203.8,204.8,4.72,78.0,4.23,-0.2,0.973,0,nominal,0,0.0,194.98,701915.9
84.2,takeoff_climb,90.50723025583983,2341.4905450500555,41.11234705228031,4874.9,853.5,862.2,868.3,854.9,198.1,200.6,203.6,203.9,4.76,77.4,4.221,4877.1,855.5,863.5,866.5,856.5,198.8,200.3,203.8,204.8,4.72,78.0,4.229,-0.2,0.972,0,nominal,0,0.0,194.98,701915.8
84.3,takeoff_climb,90.49833147942158,2344.2714126807564,41.127919911012235,4874.4,857.3,863.3,866.8,855.6,198.6,200.0,204.6,202.9,4.71,77.7,4.195,4876.1,855.5,863.5,866.5,856.5,198.8,200.3,203.8,204.8,4.72,78.0,4.227,-0.2,0.972,0,nominal,0,0.0,194.98,701915.7
84.4,takeoff_climb,90.48943270300333,2347.0522803114573,41.14349276974416,4870.8,856.0,864.5,869.0,857.1,198.3,201.9,204.6,204.2,4.71,78.5,4.187,4875.2,855.5,863.5,866.5,856.5,198.8,200.3,203.8,204.8,4.72,78.0,4.226,-0.3,0.972,0,nominal,0,0.0,194.98,701915.6
84.5,takeoff_climb,90.4805339265851,2349.8331479421577,41.159065628476085,4886.7,856.9,862.4,866.2,857.4,198.7,200.1,203.7,205.2,4.72,77.9,4.254,4874.3,855.5,863.5,866.5,856.5,198.8,200.3,203.8,204.8,4.72,78.0,4.225,-0.3,0.972,0,nominal,0,0.0,194.98,701915.5
84.6,takeoff_climb,90.47163515016685,2352.6140155728585,41.17463848720801,4882.9,856.8,863.7,866.0,857.3,198.3,200.0,203.0,205.0,4.71,78.3,4.186,4873.4,855.4,863.4,866.4,856.4,198.8,200.3,203.8,204.8,4.72,78.0,4.223,-0.3,0.971,0,nominal,0,0.0,194.98,701915.4
84.7,takeoff_climb,90.46273637374861,2355.3948832035594,41.19021134593993,4865.0,853.3,863.6,865.8,857.9,198.4,201.4,203.6,205.3,4.73,77.4,4.277,4872.4,855.4,863.4,866.4,856.4,198.8,200.3,203.8,204.8,4.72,78.0,4.222,-0.3,0.971,0,nominal,0,0.0,194.98,701915.3
84.8,takeoff_climb,90.45383759733036,2358.1757508342603,41.20578420467186,4872.2,856.8,863.3,867.1,857.9,197.7,200.9,204.7,204.9,4.7,77.5,4.207,4871.5,855.4,863.4,866.4,856.4,198.8,200.3,203.8,204.8,4.72,78.0,4.221,-0.3,0.971,0,nominal,0,0.0,194.98,701915.2
84.9,takeoff_climb,90.44493882091213,2360.956618464961,41.22135706340378,4879.9,857.2,865.1,866.7,855.8,198.9,200.2,204.0,205.4,4.73,78.6,4.258,4870.6,855.4,863.4,866.4,856.4,198.8,200.3,203.8,204.8,4.72,78.0,4.219,-0.3,0.97,0,nominal,0,0.0,194.98,701915.1
85.0,takeoff_climb,90.43604004449388,2363.7374860956616,41.23692992213571,4866.2,853.5,861.2,865.6,858.9,198.6,199.6,203.7,205.0,4.71,78.1,4.196,4869.6,855.4,863.4,866.4,856.4,198.8,200.3,203.8,204.8,4.72,78.0,4.218,-0.4,0.97,0,nominal,0,0.0,194.98,701915.0
85.1,takeoff_climb,90.42714126807564,2366.5183537263624,41.25250278086763,4863.9,855.8,865.1,866.8,857.6,198.9,198.9,203.8,204.4,4.72,78.0,4.223,4868.7,855.4,863.4,866.4,856.4,198.8,200.3,203.8,204.8,4.72,78.0,4.217,-0.4,0.97,0,nominal,0,0.0,194.98,701914.9
85.2,takeoff_climb,90.4182424916574,2369.2992213570633,41.26807563959956,4860.9,855.6,863.1,869.1,859.2,199.7,200.5,203.3,205.9,4.68,77.6,4.179,4867.8,855.4,863.4,866.4,856.4,198.8,200.3,203.8,204.8,4.72,78.0,4.216,-0.4,0.97,0,nominal,0,0.0,194.98,701914.8
85.3,takeoff_climb,90.40934371523916,2372.080088987764,41.28364849833148,4864.9,855.6,861.7,866.4,857.1,198.5,200.5,203.1,205.3,4.74,78.7,4.225,4866.9,855.4,863.4,866.4,856.4,198.8,200.3,203.8,204.8,4.72,78.0,4.214,-0.4,0.969,0,nominal,0,0.0,194.98,701914.7
85.4,takeoff_climb,90.40044493882091,2374.860956618465,41.2992213570634,4863.6,855.9,863.9,863.3,853.9,197.0,199.2,203.4,204.3,4.76,77.5,4.178,4865.9,855.4,863.4,866.4,856.4,198.8,200.3,203.8,204.8,4.71,78.0,4.213,-0.4,0.969,0,nominal,0,0.0,194.98,701914.6
85.5,takeoff_climb,90.39154616240268,2377.6418242491654,41.31479421579533,4860.6,853.4,862.2,865.2,855.7,198.1,200.6,204.4,205.2,4.72,77.8,4.241,4865.0,855.4,863.4,866.4,856.4,198.8,200.3,203.8,204.8,4.71,78.0,4.212,-0.5,0.969,0,nominal,0,0.0,194.98,701914.5
85.6,takeoff_climb,90.38264738598443,2380.4226918798663,41.33036707452725,4865.4,855.2,865.0,865.1,857.5,197.1,200.4,203.4,204.6,4.7,77.8,4.22,4864.1,855.4,863.4,866.4,856.4,198.8,200.3,203.7,204.7,4.71,78.0,4.21,-0.5,0.969,0,nominal,0,0.0,194.98,701914.4
85.7,takeoff_climb,90.37374860956618,2383.203559510567,41.345939933259174,4855.5,856.9,862.9,867.5,855.6,199.0,200.9,203.9,206.0,4.74,78.2,4.221,4863.2,855.4,863.4,866.4,856.4,198.7,200.2,203.7,204.7,4.71,78.0,4.209,-0.5,0.968,0,nominal,0,0.0,194.98,701914.3
85.8,takeoff_climb,90.36484983314794,2385.984427141268,41.3615127919911,4869.9,854.4,861.0,867.4,856.4,199.0,200.4,204.1,203.4,4.73,77.7,4.193,4862.2,855.3,863.3,866.3,856.3,198.7,200.2,203.7,204.7,4.71,78.0,4.208,-0.5,0.968,0,nominal,0,0.0,194.98,701914.2
85.9,takeoff_climb,90.3559510567297,2388.765294771969,41.377085650723025,4858.9,855.8,861.3,866.2,855.9,197.8,201.1,203.7,205.4,4.72,78.4,4.203,4861.3,855.3,863.3,866.3,856.3,198.7,200.2,203.7,204.7,4.71,78.0,4.206,-0.5,0.968,0,nominal,0,0.0,194.98,701914.1
86.0,takeoff_climb,90.34705228031146,2391.5461624026693,41.39265850945495,4864.4,854.8,865.2,866.0,855.7,198.5,199.9,204.6,205.2,4.72,78.7,4.267,4860.4,855.3,863.3,866.3,856.3,198.7,200.2,203.7,204.7,4.71,78.0,4.205,-0.5,0.967,0,nominal,0,0.0,194.98,701914.0
86.1,takeoff_climb,90.33815350389321,2394.32703003337,41.408231368186875,4860.7,856.5,863.7,864.5,855.4,199.0,199.7,204.8,204.5,4.7,78.3,4.157,4859.5,855.3,863.3,866.3,856.3,198.7,200.2,203.7,204.7,4.71,78.0,4.204,-0.6,0.967,0,nominal,0,0.0,194.98,701913.9
86.2,takeoff_climb,90.32925472747498,2397.107897664071,41.4238042269188,4855.7,856.4,865.2,866.6,856.2,200.1,200.1,203.6,205.4,4.73,78.1,4.206,4858.5,855.3,863.3,866.3,856.3,198.7,200.2,203.7,204.7,4.71,78.0,4.202,-0.6,0.967,0,nominal,0,0.0,194.98,701913.8
86.3,takeoff_climb,90.32035595105673,2399.888765294772,41.43937708565072,4853.3,855.6,861.5,865.8,857.3,198.6,199.9,203.5,205.2,4.76,77.3,4.205,4857.6,855.3,863.3,866.3,856.3,198.7,200.2,203.7,204.7,4.71,78.0,4.201,-0.6,0.967,0,nominal,0,0.0,194.98,701913.7
86.4,takeoff_climb,90.31145717463849,2402.669632925473,41.45494994438265,4859.9,856.4,863.5,868.0,854.9,199.5,201.1,204.6,204.6,4.73,77.5,4.198,4856.7,855.3,863.3,866.3,856.3,198.7,200.2,203.7,204.7,4.71,78.0,4.2,-0.6,0.966,0,nominal,0,0.0,194.98,701913.6
86.5,takeoff_climb,90.30255839822024,2405.450500556173,41.47052280311457,4851.9,854.8,863.7,865.0,857.4,198.3,200.6,204.1,205.5,4.7,77.6,4.193,4855.7,855.3,863.3,866.3,856.3,198.7,200.2,203.7,204.7,4.71,78.0,4.199,-0.6,0.966,0,nominal,0,0.0,194.98,701913.5
86.6,takeoff_climb,90.29365962180201,2408.231368186874,41.4860956618465,4852.8,855.7,863.8,865.6,856.2,198.7,200.8,203.3,204.2,4.73,78.4,4.214,4854.8,855.3,863.3,866.3,856.3,198.7,200.2,203.7,204.7,4.71,78.0,4.197,-0.7,0.966,0,nominal,0,0.0,194.98,701913.4
86.7,takeoff_climb,90.28476084538376,2411.012235817575,41.50166852057842,4850.5,854.6,865.5,865.5,855.7,198.0,200.7,204.7,203.8,4.7,77.9,4.218,4853.9,855.3,863.3,866.3,856.3,198.7,200.2,203.7,204.7,4.71,78.0,4.196,-0.7,0.966,0,nominal,0,0.0,194.98,701913.3
86.8,takeoff_climb,90.27586206896552,2413.793103448276,41.51724137931035,4840.1,855.1,863.1,864.7,860.6,197.8,199.1,204.0,204.1,4.72,78.9,4.151,4853.0,855.3,863.3,866.3,856.3,198.7,200.2,203.7,204.7,4.71,78.0,4.195,-0.7,0.965,0,nominal,0,0.0,194.98,701913.2
86.9,takeoff_climb,90.26696329254727,2416.5739710789767,41.53281423804227,4858.1,854.5,865.8,863.6,858.0,198.5,198.7,203.6,204.7,4.7,77.6,4.204,4852.0,855.3,863.3,866.3,856.3,198.7,200.2,203.7,204.7,4.71,78.0,4.193,-0.7,0.965,0,nominal,0,0.0,194.98,701913.1
87.0,takeoff_climb,90.25806451612902,2419.354838709677,41.54838709677419,4851.1,855.7,864.5,865.3,856.5,199.7,200.4,203.6,205.1,4.69,78.1,4.194,4851.1,855.2,863.2,866.2,856.2,198.7,200.2,203.7,204.7,4.71,78.0,4.192,-0.7,0.965,0,nominal,0,0.0,194.98,701913.0
87.1,takeoff_climb,90.24916573971079,2422.135706340378,41.56395995550612,4846.2,850.7,865.6,866.4,854.5,198.9,200.9,203.1,205.2,4.7,78.0,4.193,4850.2,855.2,863.2,866.2,856.2,198.7,200.2,203.7,204.7,4.71,78.0,4.191,-0.7,0.964,0,nominal,0,0.0,194.98,701912.9
87.2,takeoff_climb,90.24026696329254,2424.916573971079,41.57953281423804,4857.5,855.4,863.3,868.2,856.3,198.6,199.2,202.9,204.7,4.68,77.6,4.232,4849.3,855.2,863.2,866.2,856.2,198.7,200.2,203.7,204.7,4.71,78.0,4.189,-0.8,0.964,0,nominal,0,0.0,194.98,701912.8
87.3,takeoff_climb,90.2313681868743,2427.6974416017797,41.595105672969964,4855.5,853.6,863.1,866.7,855.7,197.7,200.1,203.3,204.9,4.65,77.7,4.246,4848.4,855.2,863.2,866.2,856.2,198.7,200.2,203.7,204.7,4.71,78.0,4.188,-0.8,0.964,0,nominal,0,0.0,194.98,701912.7
87.4,takeoff_climb,90.22246941045606,2430.4783092324806,41.61067853170189,4839.1,855.9,864.0,864.8,856.9,199.4,200.0,203.0,204.0,4.73,78.3,4.212,4847.4,855.2,863.2,866.2,856.2,198.7,200.2,203.7,204.7,4.71,78.0,4.187,-0.8,0.964,0,nominal,0,0.0,194.98,701912.6
87.5,takeoff_climb,90.21357063403782,2433.259176863181,41.626251390433815,4839.1,858.1,865.1,864.8,857.9,198.4,200.7,204.3,203.9,4.72,77.9,4.215,4846.5,855.2,863.2,866.2,856.2,198.7,200.2,203.7,204.7,4.71,78.0,4.185,-0.8,0.963,0,nominal,0,0.0,194.98,701912.5
87.6,takeoff_climb,90.20467185761957,2436.040044493882,41.64182424916574,4852.1,853.6,863.3,863.0,855.8,198.1,200.3,204.1,204.4,4.71,77.9,4.201,4845.6,855.2,863.2,866.2,856.2,198.7,200.2,203.7,204.7,4.71,78.0,4.184,-0.8,0.963,0,nominal,0,0.0,194.98,701912.4
87.7,takeoff_climb,90.19577308120134,2438.8209121245827,41.657397107897665,4841.5,855.0,862.6,865.0,856.4,199.5,199.8,203.1,204.6,4.73,78.9,4.175,4844.7,855.2,863.2,866.2,856.2,198.7,200.2,203.7,204.7,4.71,78.0,4.183,-0.9,0.963,0,nominal,0,0.0,194.98,701912.3
87.8,takeoff_climb,90.18687430478309,2441.6017797552836,41.67296996662959,4843.4,854.2,860.5,868.8,855.8,198.6,199.7,204.0,204.8,4.7,78.1,4.165,4843.7,855.2,863.2,866.2,856.2,198.7,200.2,203.7,204.7,4.71,78.0,4.182,-0.9,0.963,0,nominal,0,0.0,194.98,701912.2
87.9,takeoff_climb,90.17797552836485,2444.3826473859845,41.68854282536151,4845.3,854.5,861.7,868.2,855.2,199.1,200.9,203.8,204.6,4.7,77.5,4.165,4842.8,855.2,863.2,866.2,856.2,198.7,200.2,203.7,204.7,4.71,78.0,4.18,-0.9,0.962,0,nominal,0,0.0,194.98,701912.1
88.0,takeoff_climb,90.1690767519466,2447.163515016685,41.70411568409344,4843.7,856.5,862.5,865.2,855.5,198.0,199.1,204.0,204.0,4.71,78.1,4.158,4841.9,855.2,863.2,866.2,856.2,198.7,200.2,203.7,204.7,4.71,78.0,4.179,-0.9,0.962,0,nominal,0,0.0,194.98,701912.0
88.1,takeoff_climb,90.16017797552837,2449.9443826473857,41.71968854282536,4849.1,854.5,863.8,866.2,856.7,198.6,200.0,203.5,204.2,4.7,78.4,4.137,4841.0,855.2,863.2,866.2,856.2,198.7,200.2,203.7,204.7,4.71,78.0,4.178,-0.9,0.962,0,nominal,0,0.0,194.98,701911.9
88.2,takeoff_climb,90.15127919911012,2452.7252502780866,41.73526140155728,4845.7,856.5,861.2,867.5,856.2,198.9,199.1,203.6,204.9,4.68,78.3,4.159,4840.0,855.1,863.1,866.1,856.1,198.7,200.2,203.7,204.7,4.71,78.0,4.176,-0.9,0.961,0,nominal,0,0.0,194.98,701911.8
88.3,takeoff_climb,90.14238042269189,2455.5061179087875,41.75083426028921,4829.6,854.2,864.8,866.6,856.4,198.1,200.9,203.7,205.3,4.74,77.4,4.219,4839.1,855.1,863.1,866.1,856.1,198.7,200.2,203.7,204.7,4.71,78.0,4.175,-1.0,0.961,0,nominal,0,0.0,194.98,701911.7
88.4,takeoff_climb,90.13348164627364,2458.2869855394883,41.76640711902113,4837.2,853.2,861.2,869.5,855.1,198.4,200.1,204.2,206.1,4.69,78.3,4.144,4838.2,855.1,863.1,866.1,856.1,198.7,200.2,203.7,204.7,4.71,78.0,4.174,-1.0,0.961,0,nominal,0,0.0,194.98,701911.6
88.5,takeoff_climb,90.1245828698554,2461.0678531701888,41.78197997775306,4839.8,854.6,863.8,864.1,855.9,197.9,200.6,204.8,205.3,4.72,77.9,4.158,4837.3,855.1,863.1,866.1,856.1,198.7,200.2,203.6,204.6,4.71,78.0,4.172,-1.0,0.961,0,nominal,0,0.0,194.98,701911.5
88.6,takeoff_climb,90.11568409343715,2463.8487208008896,41.79755283648498,4836.0,855.5,862.0,866.9,855.2,198.5,199.6,204.0,204.7,4.71,78.1,4.175,4836.4,855.1,863.1,866.1,856.1,198.6,200.1,203.6,204.6,4.71,78.0,4.171,-1.0,0.96,0,nominal,0,0.0,194.98,701911.4
88.7,takeoff_climb,90.1067853170189,2466.6295884315905,41.81312569521691,4827.3,853.1,864.0,866.7,856.7,198.4,200.2,203.9,204.7,4.73,77.9,4.187,4835.4,855.1,863.1,866.1,856.1,198.6,200.1,203.6,204.6,4.71,78.0,4.17,-1.0,0.96,0,nominal,0,0.0,194.98,701911.3
88.8,takeoff_climb,90.09788654060067,2469.4104560622914,41.82869855394883,4828.6,854.6,864.3,866.3,854.5,199.8,200.3,204.1,204.5,4.71,78.2,4.161,4834.5,855.1,863.1,866.1,856.1,198.6,200.1,203.6,204.6,4.71,78.0,4.169,-1.1,0.96,0,nominal,0,0.0,194.98,701911.2
88.9,takeoff_climb,90.08898776418242,2472.1913236929922,41.844271412680754,4829.8,853.1,863.4,867.9,856.2,197.6,200.6,204.0,204.7,4.73,77.3,4.209,4833.6,855.1,863.1,866.1,856.1,198.6,200.1,203.6,204.6,4.71,78.0,4.167,-1.1,0.96,0,nominal,0,0.0,194.98,701911.1
89.0,takeoff_climb,90.08008898776419,2474.9721913236926,41.85984427141268,4826.5,854.9,864.0,866.8,858.7,199.3,199.9,203.5,204.5,4.75,77.9,4.108,4832.7,855.1,863.1,866.1,856.1,198.6,200.1,203.6,204.6,4.71,78.0,4.166,-1.1,0.959,0,nominal,0,0.0,194.98,701911.0
89.1,takeoff_climb,90.07119021134594,2477.7530589543935,41.875417130144605,4834.6,854.6,860.9,865.8,857.2,198.3,200.4,203.3,205.4,4.69,78.5,4.179,4831.8,855.1,863.1,866.1,856.1,198.6,200.1,203.6,204.6,4.71,78.0,4.165,-1.1,0.959,0,nominal,0,0.0,194.98,701910.9
89.2,takeoff_climb,90.0622914349277,2480.5339265850944,41.89098998887653,4837.2,854.2,861.8,865.4,857.0,198.3,200.8,203.9,203.8,4.7,77.3,4.167,4830.8,855.1,863.1,866.1,856.1,198.6,200.1,203.6,204.6,4.71,78.0,4.163,-1.1,0.959,0,nominal,0,0.0,194.98,701910.8
89.3,takeoff_climb,90.05339265850945,2483.3147942157952,41.906562847608456,4830.2,854.9,863.2,862.6,855.9,198.8,200.7,203.5,204.8,4.7,77.6,4.082,4829.9,855.1,863.1,866.1,856.1,198.6,200.1,203.6,204.6,4.71,78.0,4.162,-1.1,0.958,0,nominal,0,0.0,194.98,701910.7
89.4,takeoff_climb,90.04449388209122,2486.095661846496,41.92213570634038,4830.4,854.7,863.8,865.9,856.2,198.6,200.9,202.8,203.5,4.68,78.5,4.164,4829.0,855.0,863.0,866.0,856.0,198.6,200.1,203.6,204.6,4.71,78.0,4.161,-1.2,0.958,0,nominal,0,0.0,194.98,701910.6
89.5,takeoff_climb,90.03559510567297,2488.8765294771965,41.9377085650723,4822.6,855.8,861.3,865.8,854.8,199.0,200.3,203.9,204.6,4.74,77.8,4.203,4828.1,855.0,863.0,866.0,856.0,198.6,200.1,203.6,204.6,4.71,78.0,4.159,-1.2,0.958,0,nominal,0,0.0,194.98,701910.5
89.6,takeoff_climb,90.02669632925473,2491.6573971078974,41.95328142380423,4821.4,856.1,863.0,866.9,855.7,197.8,200.0,201.9,205.1,4.73,78.4,4.155,4827.2,855.0,863.0,866.0,856.0,198.6,200.1,203.6,204.6,4.71,78.0,4.158,-1.2,0.958,0,nominal,0,0.0,194.98,701910.4
89.7,takeoff_climb,90.01779755283648,2494.4382647385983,41.96885428253615,4823.5,856.6,860.3,866.8,856.0,198.4,199.5,204.0,205.3,4.71,77.8,4.219,4826.2,855.0,863.0,866.0,856.0,198.6,200.1,203.6,204.6,4.71,78.0,4.157,-1.2,0.957,0,nominal,0,0.0,194.98,701910.3
89.8,takeoff_climb,90.00889877641825,2497.219132369299,41.98442714126807,4828.0,855.7,861.8,866.2,858.1,198.5,200.4,203.8,204.4,4.7,77.9,4.147,4825.3,855.0,863.0,866.0,856.0,198.6,200.1,203.6,204.6,4.71,78.0,4.156,-1.2,0.957,0,nominal,0,0.0,194.98,701910.2
89.9,takeoff_climb,90.0,2500.0,42.0,4824.2,855.7,863.5,866.8,857.4,198.7,199.7,203.2,205.3,4.73,77.1,4.188,4824.4,855.0,863.0,866.0,856.0,198.6,200.1,203.6,204.6,4.71,78.0,4.154,-1.2,0.957,0,nominal,0,0.0,194.98,701910.1
90.0,mission_cruise,74.0,2500.0,43.0,4728.6,853.9,859.9,865.2,855.7,197.9,199.3,203.6,204.6,4.73,78.4,3.557,4731.1,853.5,861.5,864.5,854.5,198.5,200.0,203.5,204.5,4.7,78.0,3.514,-1.2,0.957,0,nominal,0,0.0,194.97,701910.0
90.1,mission_cruise,73.9988882712618,2500.0,43.0005558643691,4657.2,853.5,856.9,863.7,849.9,198.5,200.2,202.9,204.9,4.67,78.2,3.488,4654.7,852.0,860.0,863.0,853.0,198.5,200.0,203.5,204.5,4.7,78.0,3.514,-1.2,0.957,0,nominal,0,0.0,194.97,701909.9
90.2,mission_cruise,73.99777654252362,2500.0,43.00111172873819,4597.9,849.9,858.3,859.8,850.1,199.3,200.4,203.0,204.4,4.68,78.3,3.541,4592.2,850.7,858.7,861.7,851.7,198.4,199.9,203.4,204.4,4.69,78.0,3.514,-1.2,0.957,0,nominal,0,0.0,194.97,701909.8
90.3,mission_cruise,73.99666481378543,2500.0,43.001667593107285,4541.2,845.9,856.8,861.1,852.2,199.6,200.4,203.2,204.7,4.68,77.9,3.521,4541.1,849.4,857.4,860.4,850.4,198.3,199.8,203.3,204.3,4.68,78.0,3.514,-1.2,0.957,0,nominal,0,0.0,194.97,701909.7
90.4,mission_cruise,73.99555308504725,2500.0,43.002223457476376,4501.9,848.2,855.9,860.0,849.5,198.6,199.9,202.9,205.2,4.65,78.0,3.524,4499.2,848.2,856.2,859.2,849.2,198.3,199.8,203.3,204.3,4.67,78.0,3.514,-1.2,0.957,0,nominal,0,0.0,194.97,701909.6
90.5,mission_cruise,73.99444135630905,2500.0,43.00277932184547,4462.9,847.1,852.9,857.6,847.4,199.2,198.8,203.4,205.0,4.63,78.1,3.522,4465.0,847.0,855.0,858.0,848.0,198.2,199.7,203.2,204.2,4.66,78.0,3.514,-1.2,0.957,0,nominal,0,0.0,194.97,701909.5
90.6,mission_cruise,73.99332962757087,2500.0,43.003335186214564,4433.3,846.3,855.4,859.3,845.4,198.3,199.1,203.8,202.6,4.67,78.4,3.482,4437.0,845.9,853.9,856.9,846.9,198.2,199.7,203.2,204.2,4.65,78.0,3.514,-1.2,0.957,0,nominal,0,0.0,194.97,701909.4
90.7,mission_cruise,73.99221789883268,2500.0,43.00389105058366,4407.1,844.2,852.8,854.1,844.5,197.9,199.6,202.7,205.0,4.65,78.5,3.493,4414.0,844.9,852.9,855.9,845.9,198.1,199.6,203.1,204.1,4.64,78.0,3.514,-1.2,0.957,0,nominal,0,0.0,194.97,701909.3
90.8,mission_cruise,73.9911061700945,2500.0,43.00444691495275,4392.0,845.5,850.5,854.0,844.8,198.9,199.8,202.5,204.6,4.62,78.2,3.53,4395.3,844.0,852.0,855.0,845.0,198.0,199.5,203.0,204.0,4.64,78.0,3.514,-1.2,0.957,0,nominal,0,0.0,194.97,701909.2
90.9,mission_cruise,73.9899944413563,2500.0,43.00500277932185,4380.9,845.5,851.5,854.6,845.3,197.7,199.6,202.9,204.1,4.61,78.1,3.502,4379.9,843.0,851.0,854.0,844.0,198.0,199.5,203.0,204.0,4.63,78.0,3.514,-1.2,0.957,0,nominal,0,0.0,194.97,701909.1
91.0,mission_cruise,73.98888271261812,2500.0,43.00555864369094,4378.2,843.3,850.3,853.4,844.2,197.8,198.5,202.6,204.0,4.64,77.6,3.531,4367.3,842.2,850.2,853.2,843.2,197.9,199.4,202.9,203.9,4.63,78.0,3.514,-1.2,0.957,0,nominal,0,0.0,194.97,701909.0
91.1,mission_cruise,73.98777098387993,2500.0,43.00611450806004,4354.0,841.0,847.9,853.4,843.6,197.9,198.6,202.1,204.3,4.6,77.3,3.534,4357.0,841.4,849.4,852.4,842.4,197.9,199.4,202.9,203.9,4.62,78.0,3.514,-1.2,0.957,0,nominal,0,0.0,194.97,701908.9
91.2,mission_cruise,73.98665925514175,2500.0,43.00667037242913,4342.1,843.1,848.9,851.2,842.8,198.8,199.4,202.8,204.0,4.6,78.4,3.521,4348.6,840.6,848.6,851.6,841.6,197.8,199.3,202.8,203.8,4.62,78.0,3.514,-1.2,0.957,0,nominal,0,0.0,194.97,701908.8
91.3,mission_cruise,73.98554752640355,2500.0,43.007226236798225,4344.0,840.4,847.9,850.8,841.2,197.9,200.2,203.9,203.9,4.66,77.8,3.495,4341.7,839.9,847.9,850.9,840.9,197.7,199.2,202.7,203.7,4.61,78.0,3.514,-1.2,0.957,0,nominal,0,0.0,194.97,701908.7
91.4,mission_cruise,73.98443579766537,2500.0,43.007782101167315,4336.4,841.5,848.2,849.2,841.0,197.4,198.7,203.6,204.5,4.6,77.8,3.484,4336.0,839.2,847.2,850.2,840.2,197.7,199.2,202.7,203.7,4.61,78.0,3.514,-1.2,0.957,0,nominal,0,0.0,194.97,701908.6
91.5,mission_cruise,73.98332406892717,2500.0,43.00833796553641,4330.1,837.3,846.6,850.9,837.0,197.9,198.7,202.6,202.8,4.6,77.9,3.532,4331.4,838.5,846.5,849.5,839.5,197.6,199.1,202.6,203.6,4.61,78.0,3.514,-1.2,0.957,0,nominal,0,0.0,194.97,701908.5
91.6,mission_cruise,73.982212340189,2500.0,43.0088938299055,4333.5,837.1,845.9,849.4,839.5,197.6,199.1,202.8,203.6,4.64,78.4,3.479,4327.6,837.9,845.9,848.9,838.9,197.6,199.1,202.6,203.6,4.61,78.0,3.513,-1.2,0.957,0,nominal,0,0.0,194.97,701908.4
91.7,mission_cruise,73.9811006114508,2500.0,43.0094496942746,4325.3,835.1,845.7,845.3,838.5,197.5,199.2,202.3,203.7,4.65,78.2,3.509,4324.5,837.3,845.3,848.3,838.3,197.5,199.0,202.5,203.5,4.6,78.0,3.513,-1.2,0.957,0,nominal,0,0.0,194.97,701908.3
91.8,mission_cruise,73.97998888271262,2500.0,43.01000555864369,4323.0,838.1,845.8,846.2,838.8,197.3,199.8,201.4,202.9,4.6,77.9,3.48,4321.9,836.8,844.8,847.8,837.8,197.5,199.0,202.5,203.5,4.6,78.0,3.513,-1.2,0.957,0,nominal,0,0.0,194.97,701908.2
91.9,mission_cruise,73.97887715397442,2500.0,43.01056142301279,4325.5,835.7,842.8,847.1,833.7,198.9,199.5,202.2,203.4,4.6,77.6,3.515,4319.8,836.3,844.3,847.3,837.3,197.4,198.9,202.4,203.4,4.6,78.0,3.513,-1.2,0.957,0,nominal,0,0.0,194.97,701908.1
92.0,mission_cruise,73.97776542523624,2500.0,43.01111728738188,4323.8,835.7,842.8,848.7,835.1,197.6,198.9,202.2,202.3,4.59,77.5,3.534,4318.1,835.8,843.8,846.8,836.8,197.4,198.9,202.4,203.4,4.6,78.0,3.513,-1.2,0.957,0,nominal,0,0.0,194.97,701908.0
92.1,mission_cruise,73.97665369649805,2500.0,43.011673151750976,4315.6,836.6,844.1,847.8,837.2,196.8,198.9,203.9,202.6,4.63,77.5,3.515,4316.7,835.3,843.3,846.3,836.3,197.3,198.8,202.3,203.3,4.6,78.0,3.513,-1.2,0.957,0,nominal,0,0.0,194.97,701907.9
92.2,mission_cruise,73.97554196775987,2500.0,43.01222901612007,4311.9,833.8,843.3,846.1,834.7,196.2,199.8,203.1,203.3,4.57,77.4,3.487,4315.5,834.9,842.9,845.9,835.9,197.2,198.7,202.2,203.2,4.6,78.0,3.513,-1.2,0.957,0,nominal,0,0.0,194.97,701907.8
92.3,mission_cruise,73.97443023902167,2500.0,43.012784880489164,4320.1,831.9,843.5,844.8,836.3,197.2,196.8,202.6,202.5,4.58,77.7,3.492,4314.6,834.5,842.5,845.5,835.5,197.2,198.7,202.2,203.2,4.6,78.0,3.513,-1.2,0.957,0,nominal,0,0.0,194.97,701907.7
92.4,mission_cruise,73.97331851028349,2500.0,43.013340744858255,4309.7,832.2,841.7,846.3,833.9,197.1,198.5,203.0,203.3,4.61,77.9,3.436,4313.8,834.1,842.1,845.1,835.1,197.1,198.6,202.1,203.1,4.6,78.0,3.513,-1.2,0.957,0,nominal,0,0.0,194.97,701907.6
92.5,mission_cruise,73.9722067815453,2500.0,43.01389660922735,4317.8,835.6,841.1,844.2,833.0,196.8,199.5,201.7,203.9,4.63,77.6,3.517,4313.1,833.7,841.7,844.7,834.7,197.1,198.6,202.1,203.1,4.6,78.0,3.513,-1.2,0.957,0,nominal,0,0.0,194.97,701907.5
92.6,mission_cruise,73.97109505280712,2500.0,43.01445247359644,4320.4,832.3,842.5,843.3,835.1,195.9,198.2,202.0,203.8,4.56,77.8,3.5,4312.6,833.4,841.4,844.4,834.4,197.0,198.5,202.0,203.0,4.6,78.0,3.513,-1.2,0.957,0,nominal,0,0.0,194.97,701907.4
92.7,mission_cruise,73.96998332406892,2500.0,43.01500833796554,4312.4,833.1,842.5,843.9,832.9,196.7,198.9,202.2,203.1,4.62,78.9,3.526,4312.1,833.1,841.1,844.1,834.1,197.0,198.5,202.0,203.0,4.6,78.0,3.513,-1.2,0.957,0,nominal,0,0.0,194.97,701907.3
92.8,mission_cruise,73.96887159533074,2500.0,43.01556420233463,4318.8,832.2,841.0,845.5,832.3,197.1,198.4,202.4,202.5,4.6,78.2,3.507,4311.8,832.7,840.7,843.7,833.7,196.9,198.4,201.9,202.9,4.6,78.0,3.513,-1.2,0.957,0,nominal,0,0.0,194.97,701907.2
92.9,mission_cruise,73.96775986659254,2500.0,43.01612006670373,4310.5,832.6,842.0,844.4,834.9,196.9,197.7,201.8,203.8,4.58,78.3,3.477,4311.5,832.4,840.4,843.4,833.4,196.9,198.4,201.9,202.9,4.6,78.0,3.513,-1.2,0.957,0,nominal,0,0.0,194.97,701907.1
93.0,mission_cruise,73.96664813785436,2500.0,43.01667593107282,4307.4,831.2,837.7,844.2,832.4,196.2,198.6,203.5,203.3,4.61,78.9,3.544,4311.2,832.2,840.2,843.2,833.2,196.8,198.3,201.8,202.8,4.6,78.0,3.513,-1.2,0.957,0,nominal,0,0.0,194.97,701907.0
93.1,mission_cruise,73.96553640911617,2500.0,43.017231795441916,4304.6,835.8,839.2,843.7,832.1,196.6,197.7,202.0,202.6,4.61,78.4,3.474,4311.0,831.9,839.9,842.9,832.9,196.8,198.3,201.8,202.8,4.6,78.0,3.513,-1.2,0.957,0,nominal,0,0.0,194.97,701906.9
93.2,mission_cruise,73.96442468037799,2500.0,43.017787659811006,4317.6,831.8,840.4,842.7,833.0,196.4,198.0,200.5,202.4,4.59,78.2,3.484,4310.8,831.7,839.7,842.7,832.7,196.7,198.2,201.7,202.7,4.6,78.0,3.513,-1.2,0.957,0,nominal,0,0.0,194.97,701906.8
93.3,mission_cruise,73.9633129516398,2500.0,43.0183435241801,4310.6,829.1,839.0,843.9,833.8,196.9,199.0,201.9,202.5,4.61,78.3,3.498,4310.6,831.4,839.4,842.4,832.4,196.7,198.2,201.7,202.7,4.6,78.0,3.513,-1.2,0.957,0,nominal,0,0.0,194.97,701906.7
93.4,mission_cruise,73.96220122290161,2500.0,43.018899388549194,4307.9,831.8,838.6,839.5,832.5,195.9,198.7,202.0,202.8,4.59,77.0,3.547,4310.5,831.2,839.2,842.2,832.2,196.6,198.1,201.6,202.6,4.6,78.0,3.513,-1.2,0.957,0,nominal,0,0.0,194.97,701906.6
93.5,mission_cruise,73.96108949416342,2500.0,43.01945525291829,4302.2,832.2,840.5,841.8,832.3,196.1,197.3,200.6,202.1,4.61,77.5,3.596,4310.4,831.0,839.0,842.0,832.0,196.6,198.1,201.6,202.6,4.6,78.0,3.513,-1.2,0.957,0,nominal,0,0.0,194.97,701906.5
93.6,mission_cruise,73.95997776542524,2500.0,43.02001111728738,4307.7,830.4,836.9,841.4,834.0,196.6,198.1,201.0,202.7,4.62,77.8,3.495,4310.3,830.8,838.8,841.8,831.8,196.5,198.0,201.5,202.5,4.6,78.0,3.513,-1.2,0.957,0,nominal,0,0.0,194.97,701906.4
93.7,mission_cruise,73.95886603668704,2500.0,43.02056698165648,4321.8,831.8,837.6,842.8,833.6,197.1,197.9,200.8,203.0,4.55,77.3,3.511,4310.2,830.6,838.6,841.6,831.6,196.5,198.0,201.5,202.5,4.6,78.0,3.513,-1.2,0.957,0,nominal,0,0.0,194.97,701906.3
93.8,mission_cruise,73.95775430794886,2500.0,43.02112284602557,4315.0,827.1,837.0,841.6,828.8,195.9,197.9,201.8,203.6,4.6,78.8,3.52,4310.1,830.4,838.4,841.4,831.4,196.4,197.9,201.4,202.4,4.6,78.0,3.513,-1.2,0.957,0,nominal,0,0.0,194.97,701906.2
93.9,mission_cruise,73.95664257921067,2500.0,43.02167871039467,4316.2,832.2,839.9,841.9,831.4,197.0,198.2,200.5,202.7,4.57,77.9,3.541,4310.0,830.3,838.3,841.3,831.3,196.4,197.9,201.4,202.4,4.6,78.0,3.512,-1.2,0.957,0,nominal,0,0.0,194.97,701906.1
94.0,mission_cruise,73.95553085047248,2500.0,43.02223457476376,4316.2,827.6,834.1,840.0,830.5,197.0,198.7,200.6,203.3,4.61,77.6,3.507,4310.0,830.1,838.1,841.1,831.1,196.3,197.8,201.3,202.3,4.6,78.0,3.512,-1.2,0.957,0,nominal,0,0.0,194.97,701906.0
94.1,mission_cruise,73.95441912173429,2500.0,43.022790439132855,4309.2,828.8,836.2,841.9,828.3,196.9,198.0,201.4,202.3,4.57,78.2,3.503,4309.9,830.0,838.0,841.0,831.0,196.3,197.8,201.3,202.3,4.6,78.0,3.512,-1.2,0.957,0,nominal,0,0.0,194.97,701905.9
94.2,mission_cruise,73.95330739299611,2500.0,43.023346303501945,4302.4,830.7,839.2,838.2,829.6,196.8,198.1,201.5,202.3,4.57,77.9,3.481,4309.8,829.8,837.8,840.8,830.8,196.3,197.8,201.3,202.3,4.6,78.0,3.512,-1.2,0.957,0,nominal,0,0.0,194.97,701905.8
94.3,mission_cruise,73.95219566425791,2500.0,43.02390216787104,4316.3,829.9,837.8,840.2,828.7,196.2,197.5,200.9,201.7,4.57,77.9,3.525,4309.8,829.7,837.7,840.7,830.7,196.2,197.7,201.2,202.2,4.6,78.0,3.512,-1.2,0.957,0,nominal,0,0.0,194.97,701905.7
94.4,mission_cruise,73.95108393551973,2500.0,43.02445803224013,4302.6,830.5,838.6,841.4,829.1,197.3,197.1,199.9,202.7,4.57,77.7,3.502,4309.7,829.6,837.6,840.6,830.6,196.2,197.7,201.2,202.2,4.6,78.0,3.512,-1.2,0.957,0,nominal,0,0.0,194.97,701905.6
94.5,mission_cruise,73.94997220678154,2500.0,43.02501389660923,4306.8,827.8,840.1,841.2,831.4,195.8,197.4,200.8,202.7,4.58,77.7,3.499,4309.7,829.5,837.5,840.5,830.5,196.1,197.6,201.1,202.1,4.6,78.0,3.512,-1.2,0.957,0,nominal,0,0.0,194.97,701905.5
94.6,mission_cruise,73.94886047804336,2500.0,43.02556976097832,4302.3,829.0,836.8,841.3,829.0,195.5,198.2,200.9,202.5,4.59,78.6,3.488,4309.6,829.3,837.3,840.3,830.3,196.1,197.6,201.1,202.1,4.6,78.0,3.512,-1.2,0.957,0,nominal,0,0.0,194.97,701905.4
94.7,mission_cruise,73.94774874930516,2500.0,43.02612562534742,4300.3,828.3,839.6,840.4,829.6,196.2,197.7,201.2,201.4,4.6,78.1,3.52,4309.6,829.2,837.2,840.2,830.2,196.0,197.5,201.0,202.0,4.6,78.0,3.512,-1.2,0.957,0,nominal,0,0.0,194.97,701905.3
94.8,mission_cruise,73.94663702056698,2500.0,43.02668148971651,4306.6,830.4,836.4,840.0,829.2,195.7,197.2,201.5,202.2,4.58,78.2,3.452,4309.6,829.1,837.1,840.1,830.1,196.0,197.5,201.0,202.0,4.6,78.0,3.512,-1.2,0.957,0,nominal,0,0.0,194.97,701905.2
94.9,mission_cruise,73.94552529182879,2500.0,43.02723735408561,4306.8,829.1,836.9,838.6,830.6,196.3,198.2,200.6,202.6,4.59,78.1,3.498,4309.5,829.0,837.0,840.0,830.0,195.9,197.4,200.9,201.9,4.6,78.0,3.512,-1.2,0.957,0,nominal,0,0.0,194.97,701905.1
95.0,mission_cruise,73.9444135630906,2500.0,43.0277932184547,4307.3,830.3,839.1,839.4,829.6,196.7,196.5,200.9,201.1,4.55,78.2,3.541,4309.5,829.0,837.0,840.0,830.0,195.9,197.4,200.9,201.9,4.6,78.0,3.512,-1.2,0.957,0,nominal,0,0.0,194.97,701905.0
95.1,mission_cruise,73.94330183435241,2500.0,43.028349082823794,4313.4,829.6,837.3,840.5,828.2,194.7,197.8,201.2,201.4,4.62,77.6,3.545,4309.4,828.9,836.9,839.9,829.9,195.9,197.4,200.9,201.9,4.6,78.0,3.512,-1.2,0.957,0,nominal,0,0.0,194.97,701904.9
95.2,mission_cruise,73.94219010561423,2500.0,43.028904947192885,4305.0,830.2,836.3,841.1,830.4,196.3,198.0,200.9,202.4,4.59,78.0,3.511,4309.4,828.8,836.8,839.8,829.8,195.8,197.3,200.8,201.8,4.6,78.0,3.512,-1.2,0.957,0,nominal,0,0.0,194.97,701904.8
95.3,mission_cruise,73.94107837687604,2500.0,43.02946081156198,4309.7,830.0,835.7,842.6,828.3,195.4,197.7,200.4,201.6,4.55,78.5,3.542,4309.4,828.7,836.7,839.7,829.7,195.8,197.3,200.8,201.8,4.6,78.0,3.512,-1.2,0.957,0,nominal,0,0.0,194.97,701904.7
95.4,mission_cruise,73.93996664813785,2500.0,43.03001667593107,4311.3,829.1,838.7,840.3,829.1,196.1,197.8,200.1,202.9,4.59,78.6,3.537,4309.3,828.6,836.6,839.6,829.6,195.7,197.2,200.7,201.7,4.6,78.0,3.512,-1.2,0.957,0,nominal,0,0.0,194.97,701904.6
95.5,mission_cruise,73.93885491939966,2500.0,43.03057254030017,4308.6,826.2,833.9,842.6,830.2,196.0,197.6,200.6,202.3,4.62,78.0,3.475,4309.3,828.6,836.6,839.6,829.6,195.7,197.2,200.7,201.7,4.6,78.0,3.512,-1.2,0.957,0,nominal,0,0.0,194.97,701904.5
95.6,mission_cruise,73.93774319066148,2500.0,43.03112840466926,4305.6,827.3,836.4,840.3,829.7,195.3,198.0,201.6,202.1,4.62,77.7,3.545,4309.3,828.5,836.5,839.5,829.5,195.7,197.2,200.7,201.7,4.6,78.0,3.512,-1.2,0.957,0,nominal,0,0.0,194.97,701904.4
95.7,mission_cruise,73.93663146192328,2500.0,43.03168426903836,4306.9,828.4,836.7,838.6,828.5,195.6,197.5,200.1,201.5,4.58,78.6,3.508,4309.2,828.5,836.5,839.5,829.5,195.6,197.1,200.6,201.6,4.6,78.0,3.512,-1.2,0.957,0,nominal,0,0.0,194.97,701904.3
95.8,mission_cruise,73.9355197331851,2500.0,43.03224013340745,4313.5,830.7,836.1,837.4,829.5,196.0,196.3,200.6,202.9,4.63,78.7,3.468,4309.2,828.4,836.4,839.4,829.4,195.6,197.1,200.6,201.6,4.6,78.0,3.512,-1.2,0.957,0,nominal,0,0.0,194.97,701904.2
95.9,mission_cruise,73.93440800444691,2500.0,43.032795997776546,4309.3,831.4,834.5,837.5,828.5,196.2,196.6,201.3,201.0,4.56,77.3,3.547,4309.1,828.3,836.3,839.3,829.3,195.5,197.0,200.5,201.5,4.6,78.0,3.512,-1.2,0.957,0,nominal,0,0.0,194.97,701904.1
96.0,mission_cruise,73.93329627570873,2500.0,43.033351862145636,4302.9,828.8,835.6,836.8,830.0,195.3,196.3,200.9,200.8,4.6,77.7,3.472,4309.1,828.3,836.3,839.3,829.3,195.5,197.0,200.5,201.5,4.6,78.0,3.512,-1.2,0.957,0,nominal,0,0.0,194.97,701904.0
96.1,mission_cruise,73.93218454697053,2500.0,43.033907726514734,4311.1,829.9,835.2,838.6,831.1,195.1,196.9,199.8,201.3,4.6,78.1,3.536,4309.1,828.2,836.2,839.2,829.2,195.5,197.0,200.5,201.5,4.6,78.0,3.511,-1.2,0.957,0,nominal,0,0.0,194.97,701903.9
96.2,mission_cruise,73.93107281823235,2500.0,43.034463590883824,4302.8,829.4,834.7,840.3,830.6,195.3,196.1,200.5,201.7,4.61,77.5,3.503,4309.0,828.2,836.2,839.2,829.2,195.4,196.9,200.4,201.4,4.6,78.0,3.511,-1.2,0.957,0,nominal,0,0.0,194.97,701903.8
96.3,mission_cruise,73.92996108949416,2500.0,43.03501945525292,4313.1,829.2,836.5,838.2,829.6,194.7,195.8,200.9,201.8,4.56,77.3,3.561,4309.0,828.2,836.2,839.2,829.2,195.4,196.9,200.4,201.4,4.6,78.0,3.511,-1.2,0.957,0,nominal,0,0.0,194.97,701903.7
96.4,mission_cruise,73.92884936075598,2500.0,43.03557531962201,4316.4,826.6,837.9,839.3,827.2,195.8,196.4,200.5,200.9,4.6,77.8,3.535,4309.0,828.1,836.1,839.1,829.1,195.3,196.8,200.3,201.3,4.6,78.0,3.511,-1.2,0.957,0,nominal,0,0.0,194.97,701903.6
96.5,mission_cruise,73.92773763201778,2500.0,43.03613118399111,4306.5,824.4,835.0,838.4,827.5,194.8,197.3,201.0,202.1,4.63,78.6,3.471,4308.9,828.1,836.1,839.1,829.1,195.3,196.8,200.3,201.3,4.6,78.0,3.511,-1.2,0.957,0,nominal,0,0.0,194.97,701903.5
96.6,mission_cruise,73.9266259032796,2500.0,43.0366870483602,4305.6,827.9,833.6,837.2,831.1,195.6,197.0,200.3,201.5,4.61,77.5,3.536,4308.9,828.0,836.0,839.0,829.0,195.3,196.8,200.3,201.3,4.6,78.0,3.511,-1.2,0.957,0,nominal,0,0.0,194.97,701903.4
96.7,mission_cruise,73.9255141745414,2500.0,43.0372429127293,4301.9,827.0,836.1,838.9,826.4,195.5,197.4,201.1,200.9,4.62,78.2,3.463,4308.9,828.0,836.0,839.0,829.0,195.2,196.7,200.2,201.2,4.6,78.0,3.511,-1.2,0.957,0,nominal,0,0.0,194.97,701903.3
96.8,mission_cruise,73.92440244580322,2500.0,43.03779877709839,4307.4,825.3,835.4,840.5,830.2,194.7,196.4,199.4,201.5,4.58,78.2,3.539,4308.8,828.0,836.0,839.0,829.0,195.2,196.7,200.2,201.2,4.6,78.0,3.511,-1.2,0.957,0,nominal,0,0.0,194.97,701903.2
96.9,mission_cruise,73.92329071706503,2500.0,43.038354641467485,4313.8,830.1,835.4,838.8,829.1,195.1,195.5,199.8,200.5,4.55,78.0,3.533,4308.8,827.9,835.9,838.9,828.9,195.2,196.7,200.2,201.2,4.6,78.0,3.511,-1.2,0.957,0,nominal,0,0.0,194.97,701903.1
97.0,mission_cruise,73.92217898832685,2500.0,43.038910505836576,4309.0,828.2,836.8,838.7,830.8,195.4,196.3,201.2,200.6,4.59,78.4,3.521,4308.7,827.9,835.9,838.9,828.9,195.1,196.6,200.1,201.1,4.6,78.0,3.511,-1.2,0.957,0,nominal,0,0.0,194.97,701903.0
97.1,mission_cruise,73.92106725958865,2500.0,43.03946637020567,4316.1,829.3,836.3,839.4,829.9,194.6,196.4,200.7,201.5,4.61,78.4,3.538,4308.7,827.9,835.9,838.9,828.9,195.1,196.6,200.1,201.1,4.6,78.0,3.511,-1.2,0.957,0,nominal,0,0.0,194.97,701902.9
97.2,mission_cruise,73.91995553085047,2500.0,43.040022234574764,4312.1,826.4,834.8,835.9,829.6,194.7,196.6,199.5,200.2,4.59,77.6,3.501,4308.7,827.9,835.9,838.9,828.9,195.0,196.5,200.0,201.0,4.6,78.0,3.511,-1.2,0.957,0,nominal,0,0.0,194.97,701902.8
97.3,mission_cruise,73.91884380211228,2500.0,43.04057809894386,4310.1,828.8,836.6,840.1,829.6,195.1,196.4,199.3,200.6,4.57,78.4,3.497,4308.6,827.8,835.8,838.8,828.8,195.0,196.5,200.0,201.0,4.6,78.0,3.511,-1.2,0.957,0,nominal,0,0.0,194.97,701902.7
97.4,mission_cruise,73.9177320733741,2500.0,43.04113396331295,4303.6,827.8,835.8,839.3,829.0,193.8,196.6,199.9,201.5,4.61,78.0,3.558,4308.6,827.8,835.8,838.8,828.8,195.0,196.5,200.0,201.0,4.6,78.0,3.511,-1.2,0.957,0,nominal,0,0.0,194.97,701902.6
97.5,mission_cruise,73.9166203446359,2500.0,43.04168982768205,4312.5,827.1,836.3,837.7,827.5,194.7,197.1,200.4,201.9,4.61,78.2,3.517,4308.6,827.8,835.8,838.8,828.8,194.9,196.4,199.9,200.9,4.6,78.0,3.511,-1.2,0.957,0,nominal,0,0.0,194.97,701902.5
97.6,mission_cruise,73.91550861589772,2500.0,43.04224569205114,4306.3,824.7,837.1,836.9,825.9,194.2,196.4,199.0,200.8,4.6,77.9,3.565,4308.5,827.8,835.8,838.8,828.8,194.9,196.4,199.9,200.9,4.6,78.0,3.511,-1.2,0.957,0,nominal,0,0.0,194.97,701902.4
97.7,mission_cruise,73.91439688715953,2500.0,43.04280155642024,4303.7,825.1,838.1,836.7,828.8,195.3,194.4,199.9,200.5,4.65,78.1,3.476,4308.5,827.7,835.7,838.7,828.7,194.9,196.4,199.9,200.9,4.6,78.0,3.511,-1.2,0.957,0,nominal,0,0.0,194.97,701902.3
97.8,mission_cruise,73.91328515842135,2500.0,43.04335742078933,4299.9,828.2,835.1,838.0,830.3,195.3,196.7,200.3,200.4,4.59,78.4,3.568,4308.5,827.7,835.7,838.7,828.7,194.8,196.3,199.8,200.8,4.6,78.0,3.511,-1.2,0.957,0,nominal,0,0.0,194.97,701902.2
97.9,mission_cruise,73.91217342968315,2500.0,43.043913285158425,4304.7,828.4,836.8,840.4,829.6,194.5,196.3,199.6,200.5,4.57,78.4,3.545,4308.4,827.7,835.7,838.7,828.7,194.8,196.3,199.8,200.8,4.6,78.0,3.511,-1.2,0.957,0,nominal,0,0.0,194.97,701902.1
98.0,mission_cruise,73.91106170094497,2500.0,43.044469149527515,4316.9,826.6,835.1,837.7,829.2,194.8,196.3,199.1,200.2,4.63,77.9,3.498,4308.4,827.7,835.7,838.7,828.7,194.8,196.3,199.8,200.8,4.6,78.0,3.511,-1.2,0.957,0,nominal,0,0.0,194.97,701902.0
98.1,mission_cruise,73.90994997220677,2500.0,43.04502501389661,4311.8,828.9,833.6,837.1,825.5,194.2,195.3,199.4,200.6,4.59,78.4,3.478,4308.4,827.7,835.7,838.7,828.7,194.7,196.2,199.7,200.7,4.6,78.0,3.511,-1.2,0.957,0,nominal,0,0.0,194.97,701901.9
98.2,mission_cruise,73.9088382434686,2500.0,43.0455808782657,4303.5,828.3,837.8,839.5,828.3,195.3,196.8,199.5,201.1,4.61,78.4,3.519,4308.3,827.6,835.6,838.6,828.6,194.7,196.2,199.7,200.7,4.6,78.0,3.511,-1.2,0.957,0,nominal,0,0.0,194.97,701901.8
98.3,mission_cruise,73.9077265147304,2500.0,43.0461367426348,4309.2,827.8,837.3,840.4,830.1,195.4,196.2,199.4,200.4,4.62,77.7,3.527,4308.3,827.6,835.6,838.6,828.6,194.7,196.2,199.7,200.7,4.6,78.0,3.511,-1.2,0.957,0,nominal,0,0.0,194.97,701901.7
98.4,mission_cruise,73.90661478599222,2500.0,43.04669260700389,4303.2,826.9,836.0,839.9,829.0,194.5,196.0,200.3,200.5,4.58,77.7,3.485,4308.2,827.6,835.6,838.6,828.6,194.6,196.1,199.6,200.6,4.6,78.0,3.51,-1.2,0.957,0,nominal,0,0.0,194.97,701901.6
98.5,mission_cruise,73.90550305725402,2500.0,43.04724847137299,4301.6,829.2,835.8,838.8,827.5,194.1,195.9,200.2,200.1,4.59,79.0,3.512,4308.2,827.6,835.6,838.6,828.6,194.6,196.1,199.6,200.6,4.6,78.0,3.51,-1.2,0.957,0,nominal,0,0.0,194.97,701901.5
98.6,mission_cruise,73.90439132851584,2500.0,43.04780433574208,4311.2,825.4,836.6,838.6,829.0,194.9,197.8,199.6,200.6,4.57,78.3,3.512,4308.2,827.6,835.6,838.6,828.6,194.6,196.1,199.6,200.6,4.6,78.0,3.51,-1.2,0.957,0,nominal,0,0.0,194.97,701901.4
98.7,mission_cruise,73.90327959977765,2500.0,43.048360200111176,4314.2,827.1,833.4,837.0,828.1,194.9,195.3,199.6,201.9,4.66,77.9,3.487,4308.1,827.6,835.6,838.6,828.6,194.5,196.0,199.5,200.5,4.6,78.0,3.51,-1.2,0.957,0,nominal,0,0.0,194.97,701901.3
98.8,mission_cruise,73.90216787103947,2500.0,43.04891606448027,4309.7,827.1,832.9,837.2,829.9,195.2,195.6,199.9,200.3,4.6,77.5,3.535,4308.1,827.6,835.6,838.6,828.6,194.5,196.0,199.5,200.5,4.6,78.0,3.51,-1.2,0.957,0,nominal,0,0.0,194.97,701901.2
98.9,mission_cruise,73.90105614230127,2500.0,43.049471928849364,4313.3,827.5,834.9,840.0,824.8,194.5,195.8,199.0,200.6,4.57,78.6,3.495,4308.1,827.6,835.6,838.6,828.6,194.5,196.0,199.5,200.5,4.6,78.0,3.51,-1.2,0.957,0,nominal,0,0.0,194.97,701901.1
99.0,mission_cruise,73.89994441356309,2500.0,43.050027793218455,4307.8,828.1,835.5,836.0,832.3,194.5,195.8,199.2,200.0,4.59,78.3,3.488,4308.0,827.5,835.5,838.5,828.5,194.5,196.0,199.5,200.5,4.6,78.0,3.51,-1.2,0.957,0,nominal,0,0.0,194.97,701901.0
99.1,mission_cruise,73.8988326848249,2500.0,43.05058365758755,4302.0,828.7,835.9,838.6,826.5,193.9,194.8,198.5,200.0,4.6,77.8,3.547,4308.0,827.5,835.5,838.5,828.5,194.4,195.9,199.4,200.4,4.6,78.0,3.51,-1.2,0.957,0,nominal,0,0.0,194.97,701900.9
99.2,mission_cruise,73.89772095608672,2500.0,43.05113952195664,4300.4,824.2,835.8,839.9,828.2,194.7,196.0,199.6,201.0,4.54,78.3,3.518,4308.0,827.5,835.5,838.5,828.5,194.4,195.9,199.4,200.4,4.6,78.0,3.51,-1.2,0.957,0,nominal,0,0.0,194.97,701900.8
99.3,mission_cruise,73.89660922734852,2500.0,43.05169538632574,4309.9,826.4,833.4,838.0,830.0,193.3,195.5,200.4,200.4,4.6,77.2,3.548,4307.9,827.5,835.5,838.5,828.5,194.4,195.9,199.4,200.4,4.6,78.0,3.51,-1.2,0.957,0,nominal,0,0.0,194.97,701900.7
99.4,mission_cruise,73.89549749861034,2500.0,43.05225125069483,4302.7,827.6,837.6,840.8,828.7,193.8,195.9,199.5,200.0,4.62,78.2,3.48,4307.9,827.5,835.5,838.5,828.5,194.3,195.8,199.3,200.3,4.6,78.0,3.51,-1.2,0.957,0,nominal,0,0.0,194.97,701900.6
99.5,mission_cruise,73.89438576987214,2500.0,43.05280711506393,4307.4,825.9,837.1,837.3,829.0,195.3,196.0,199.2,200.6,4.57,77.3,3.445,4307.8,827.5,835.5,838.5,828.5,194.3,195.8,199.3,200.3,4.6,78.0,3.51,-1.2,0.957,0,nominal,0,0.0,194.97,701900.5
99.6,mission_cruise,73.89327404113396,2500.0,43.05336297943302,4307.5,828.5,834.8,838.9,827.0,194.2,195.4,199.8,200.4,4.57,78.0,3.573,4307.8,827.5,835.5,838.5,828.5,194.3,195.8,199.3,200.3,4.6,78.0,3.51,-1.2,0.957,0,nominal,0,0.0,194.97,701900.4
99.7,mission_cruise,73.89216231239577,2500.0,43.053918843802116,4309.6,825.7,836.5,839.6,830.3,194.5,195.1,198.8,200.1,4.62,78.7,3.536,4307.8,827.5,835.5,838.5,828.5,194.2,195.7,199.2,200.2,4.6,78.0,3.51,-1.2,0.957,0,nominal,0,0.0,194.97,701900.3
99.8,mission_cruise,73.89105058365759,2500.0,43.054474708171206,4311.0,827.1,836.3,839.1,829.4,195.2,195.8,199.6,199.8,4.62,78.1,3.565,4307.7,827.5,835.5,838.5,828.5,194.2,195.7,199.2,200.2,4.6,78.0,3.51,-1.2,0.957,0,nominal,0,0.0,194.97,701900.2
99.9,mission_cruise,73.8899388549194,2500.0,43.0550305725403,4306.3,825.1,833.3,836.1,828.1,193.4,195.4,198.7,201.4,4.6,78.2,3.505,4307.7,827.5,835.5,838.5,828.5,194.2,195.7,199.2,200.2,4.6,78.0,3.51,-1.2,0.957,0,nominal,0,0.0,194.97,701900.1
100.0,mission_cruise,73.88882712618121,2500.0,43.055586436909394,4318.1,828.0,837.5,838.6,829.0,194.8,195.0,198.8,200.3,4.62,77.7,3.474,4307.7,827.5,835.5,838.5,828.5,194.2,195.7,199.2,200.2,4.6,78.0,3.51,-1.2,0.957,0,nominal,0,0.0,194.97,701900.0
100.1,mission_cruise,73.88771539744302,2500.0,43.05614230127849,4313.0,827.1,836.6,837.2,830.9,194.7,195.5,198.9,200.8,4.62,78.5,3.552,4307.6,827.5,835.5,838.5,828.5,194.1,195.6,199.1,200.1,4.6,78.0,3.51,-1.2,0.957,0,nominal,0,0.0,194.97,701899.9
100.2,mission_cruise,73.88660366870484,2500.0,43.05669816564758,4304.5,825.7,834.2,840.3,827.9,194.8,196.0,198.7,201.0,4.64,78.0,3.515,4307.6,827.4,835.4,838.4,828.4,194.1,195.6,199.1,200.1,4.6,78.0,3.51,-1.2,0.957,0,nominal,0,0.0,194.97,701899.8
100.3,mission_cruise,73.88549193996664,2500.0,43.05725403001668,4303.6,828.7,834.9,838.4,829.5,193.9,195.8,198.5,199.7,4.61,78.4,3.517,4307.6,827.4,835.4,838.4,828.4,194.1,195.6,199.1,200.1,4.6,78.0,3.51,-1.2,0.957,0,nominal,0,0.0,194.97,701899.7
100.4,mission_cruise,73.88438021122846,2500.0,43.05780989438577,4294.7,828.8,833.6,838.4,827.4,195.0,195.2,199.4,200.4,4.58,77.6,3.514,4307.5,827.4,835.4,838.4,828.4,194.0,195.5,199.0,200.0,4.6,78.0,3.51,-1.2,0.957,0,nominal,0,0.0,194.97,701899.6
100.5,mission_cruise,73.88326848249027,2500.0,43.05836575875487,4312.2,827.5,836.9,839.6,827.3,192.9,196.1,198.8,199.6,4.58,78.5,3.503,4307.5,827.4,835.4,838.4,828.4,194.0,195.5,199.0,200.0,4.6,78.0,3.51,-1.2,0.957,0,nominal,0,0.0,194.97,701899.5
100.6,mission_cruise,73.88215675375208,2500.0,43.05892162312396,4313.0,827.9,836.8,836.8,827.7,192.7,196.2,199.6,199.4,4.58,78.0,3.478,4307.5,827.4,835.4,838.4,828.4,194.0,195.5,199.0,200.0,4.6,78.0,3.51,-1.2,0.957,0,nominal,0,0.0,194.97,701899.4
100.7,mission_cruise,73.88104502501389,2500.0,43.059477487493055,4304.5,827.5,832.6,837.0,826.6,193.8,194.9,198.5,199.3,4.63,78.3,3.491,4307.4,827.4,835.4,838.4,828.4,194.0,195.5,199.0,200.0,4.6,78.0,3.509,-1.2,0.957,0,nominal,0,0.0,194.97,701899.3
100.8,mission_cruise,73.87993329627571,2500.0,43.060033351862145,4311.7,827.3,837.6,839.4,828.5,193.1,195.0,199.7,199.2,4.55,78.0,3.474,4307.4,827.4,835.4,838.4,828.4,193.9,195.4,198.9,199.9,4.6,78.0,3.509,-1.2,0.957,0,nominal,0,0.0,194.97,701899.2
100.9,mission_cruise,73.87882156753751,2500.0,43.06058921623124,4298.4,828.9,834.5,839.1,829.0,194.3,195.8,198.9,200.0,4.57,78.1,3.538,4307.3,827.4,835.4,838.4,828.4,193.9,195.4,198.9,199.9,4.6,78.0,3.509,-1.2,0.957,0,nominal,0,0.0,194.97,701899.1
101.0,mission_cruise,73.87770983879933,2500.0,43.06114508060033,4316.4,829.6,837.9,837.4,831.7,193.1,195.0,197.9,199.5,4.59,79.1,3.532,4307.3,827.4,835.4,838.4,828.4,193.9,195.4,198.9,199.9,4.6,78.0,3.509,-1.2,0.957,0,nominal,0,0.0,194.97,701899.0
101.1,mission_cruise,73.87659811006114,2500.0,43.06170094496943,4308.1,828.5,837.2,837.7,829.3,193.7,195.0,199.1,200.8,4.59,78.7,3.5,4307.3,827.4,835.4,838.4,828.4,193.9,195.4,198.9,199.9,4.6,78.0,3.509,-1.2,0.957,0,nominal,0,0.0,194.97,701898.9
101.2,mission_cruise,73.87548638132296,2500.0,43.06225680933852,4306.8,827.1,836.4,837.4,827.4,192.7,194.6,199.0,199.9,4.56,77.2,3.528,4307.2,827.4,835.4,838.4,828.4,193.8,195.3,198.8,199.8,4.6,78.0,3.509,-1.2,0.957,0,nominal,0,0.0,194.97,701898.8
101.3,mission_cruise,73.87437465258476,2500.0,43.06281267370762,4312.5,825.9,832.1,836.7,828.3,193.9,195.4,199.3,199.7,4.58,78.3,3.456,4307.2,827.4,835.4,838.4,828.4,193.8,195.3,198.8,199.8,4.6,78.0,3.509,-1.2,0.957,0,nominal,0,0.0,194.97,701898.7
101.4,mission_cruise,73.87326292384658,2500.0,43.06336853807671,4316.7,827.7,836.0,837.1,829.4,193.2,195.3,197.3,199.5,4.6,77.8,3.533,4307.2,827.4,835.4,838.4,828.4,193.8,195.3,198.8,199.8,4.6,78.0,3.509,-1.2,0.957,0,nominal,0,0.0,194.97,701898.6
101.5,mission_cruise,73.87215119510839,2500.0,43.06392440244581,4304.2,828.6,835.4,835.6,824.5,193.3,196.1,198.6,199.7,4.59,77.6,3.527,4307.1,827.4,835.4,838.4,828.4,193.8,195.3,198.8,199.8,4.6,78.0,3.509,-1.2,0.957,0,nominal,0,0.0,194.97,701898.5
101.6,mission_cruise,73.8710394663702,2500.0,43.0644802668149,4309.7,827.6,834.1,839.3,824.4,193.6,194.3,198.5,200.8,4.56,78.2,3.52,4307.1,827.4,835.4,838.4,828.4,193.7,195.2,198.7,199.7,4.59,78.0,3.509,-1.2,0.957,0,nominal,0,0.0,194.97,701898.4
101.7,mission_cruise,73.86992773763201,2500.0,43.065036131183994,4307.2,827.1,835.2,838.1,829.1,194.9,195.6,199.5,200.2,4.59,77.9,3.553,4307.1,827.4,835.4,838.4,828.4,193.7,195.2,198.7,199.7,4.59,78.0,3.509,-1.2,0.957,0,nominal,0,0.0,194.97,701898.3
101.8,mission_cruise,73.86881600889383,2500.0,43.065591995553085,4308.4,826.5,837.7,838.8,828.7,193.2,195.6,199.4,200.1,4.58,77.9,3.539,4307.0,827.4,835.4,838.4,828.4,193.7,195.2,198.7,199.7,4.59,78.0,3.509,-1.2,0.957,0,nominal,0,0.0,194.97,701898.2
101.9,mission_cruise,73.86770428015564,2500.0,43.06614785992218,4307.1,826.5,832.6,838.4,827.4,194.6,194.9,198.1,200.2,4.59,77.8,3.475,4307.0,827.4,835.4,838.4,828.4,193.7,195.2,198.7,199.7,4.59,78.0,3.509,-1.2,0.957,0,nominal,0,0.0,194.97,701898.1
102.0,mission_cruise,73.86659255141745,2500.0,43.06670372429127,4308.7,826.9,837.1,839.8,828.2,193.3,195.1,199.2,200.5,4.59,78.0,3.572,4307.0,827.4,835.4,838.4,828.4,193.6,195.1,198.6,199.6,4.59,78.0,3.509,-1.2,0.957,0,nominal,0,0.0,194.97,701898.0
102.1,mission_cruise,73.86548082267926,2500.0,43.06725958866037,4311.3,827.8,835.2,838.7,828.9,192.9,195.6,198.4,199.2,4.6,78.1,3.5,4306.9,827.4,835.4,838.4,828.4,193.6,195.1,198.6,199.6,4.59,78.0,3.509,-1.2,0.957,0,nominal,0,0.0,194.97,701897.9
102.2,mission_cruise,73.86436909394108,2500.0,43.06781545302946,4309.3,827.3,834.1,837.1,829.6,194.0,194.7,197.7,200.0,4.57,77.9,3.533,4306.9,827.4,835.4,838.4,828.4,193.6,195.1,198.6,199.6,4.59,78.0,3.509,-1.2,0.957,0,nominal,0,0.0,194.97,701897.8
102.3,mission_cruise,73.86325736520288,2500.0,43.06837131739856,4302.8,826.3,836.2,839.4,830.0,193.8,194.7,197.8,199.0,4.61,77.6,3.497,4306.8,827.4,835.4,838.4,828.4,193.6,195.1,198.6,199.6,4.59,78.0,3.509,-1.2,0.957,0,nominal,0,0.0,194.97,701897.7
102.4,mission_cruise,73.8621456364647,2500.0,43.06892718176765,4310.0,826.6,833.1,837.0,825.6,193.8,195.3,198.9,199.7,4.59,78.0,3.531,4306.8,827.3,835.3,838.3,828.3,193.5,195.0,198.5,199.5,4.59,78.0,3.509,-1.2,0.957,0,nominal,0,0.0,194.97,701897.6
102.5,mission_cruise,73.86103390772651,2500.0,43.069483046136746,4302.8,826.9,834.4,836.8,827.2,193.1,194.7,198.5,200.6,4.63,77.7,3.541,4306.8,827.3,835.3,838.3,828.3,193.5,195.0,198.5,199.5,4.59,78.0,3.509,-1.2,0.957,0,nominal,0,0.0,194.97,701897.5
102.6,mission_cruise,73.85992217898833,2500.0,43.070038910505836,4317.3,827.0,833.2,838.2,827.8,193.5,194.9,198.5,200.0,4.61,77.9,3.511,4306.7,827.3,835.3,838.3,828.3,193.5,195.0,198.5,199.5,4.59,78.0,3.509,-1.2,0.957,0,nominal,0,0.0,194.97,701897.4
102.7,mission_cruise,73.85881045025013,2500.0,43.070594774874934,4308.9,827.3,831.6,839.0,828.9,193.1,195.7,198.9,199.3,4.59,78.6,3.502,4306.7,827.3,835.3,838.3,828.3,193.5,195.0,198.5,199.5,4.59,78.0,3.509,-1.2,0.957,0,nominal,0,0.0,194.97,701897.3
102.8,mission_cruise,73.85769872151195,2500.0,43.071150639244024,4296.3,824.5,836.6,839.0,824.8,192.6,195.6,198.9,199.2,4.6,77.1,3.513,4306.7,827.3,835.3,838.3,828.3,193.5,195.0,198.5,199.5,4.59,78.0,3.509,-1.2,0.957,0,nominal,0,0.0,194.97,701897.2
102.9,mission_cruise,73.85658699277376,2500.0,43.07170650361312,4300.6,828.8,833.8,839.0,826.3,193.6,195.1,198.6,199.6,4.59,77.5,3.49,4306.6,827.3,835.3,838.3,828.3,193.4,194.9,198.4,199.4,4.59,78.0,3.508,-1.2,0.957,0,nominal,0,0.0,194.97,701897.1
103.0,mission_cruise,73.85547526403558,2500.0,43.07226236798221,4301.3,825.2,835.7,838.7,828.1,194.2,195.4,198.3,198.8,4.55,78.9,3.54,4306.6,827.3,835.3,838.3,828.3,193.4,194.9,198.4,199.4,4.59,78.0,3.508,-1.2,0.957,0,nominal,0,0.0,194.97,701897.0
103.1,mission_cruise,73.85436353529738,2500.0,43.07281823235131,4310.5,828.5,835.0,840.9,828.5,193.4,195.5,198.6,199.8,4.62,77.6,3.571,4306.6,827.3,835.3,838.3,828.3,193.4,194.9,198.4,199.4,4.59,78.0,3.508,-1.2,0.957,0,nominal,0,0.0,194.97,701896.9
103.2,mission_cruise,73.8532518065592,2500.0,43.0733740967204,4310.6,825.4,836.5,837.8,827.1,193.0,194.6,199.0,199.3,4.65,78.2,3.512,4306.5,827.3,835.3,838.3,828.3,193.4,194.9,198.4,199.4,4.59,78.0,3.508,-1.2,0.957,0,nominal,0,0.0,194.97,701896.8
103.3,mission_cruise,73.852140077821,2500.0,43.0739299610895,4305.2,826.4,836.3,837.3,829.2,193.0,194.5,197.8,199.2,4.57,77.5,3.489,4306.5,827.3,835.3,838.3,828.3,193.3,194.8,198.3,199.3,4.59,78.0,3.508,-1.2,0.957,0,nominal,0,0.0,194.97,701896.7
103.4,mission_cruise,73.85102834908282,2500.0,43.07448582545859,4315.1,827.7,833.5,835.7,828.8,193.3,194.8,198.0,199.6,4.61,78.3,3.472,4306.5,827.3,835.3,838.3,828.3,193.3,194.8,198.3,199.3,4.59,78.0,3.508,-1.2,0.957,0,nominal,0,0.0,194.97,701896.6
103.5,mission_cruise,73.84991662034463,2500.0,43.075041689827685,4304.9,828.6,838.7,838.9,829.4,193.2,195.3,198.1,199.4,4.56,78.8,3.51,4306.4,827.3,835.3,838.3,828.3,193.3,194.8,198.3,199.3,4.59,78.0,3.508,-1.2,0.957,0,nominal,0,0.0,194.97,701896.5
103.6,mission_cruise,73.84880489160645,2500.0,43.075597554196776,4308.7,826.5,834.4,841.0,828.2,194.1,195.2,198.3,199.1,4.6,78.1,3.567,4306.4,827.3,835.3,838.3,828.3,193.3,194.8,198.3,199.3,4.59,78.0,3.508,-1.2,0.957,0,nominal,0,0.0,194.97,701896.4
103.7,mission_cruise,73.84769316286825,2500.0,43.07615341856587,4302.7,827.8,835.2,836.2,829.5,193.6,193.6,197.8,199.6,4.64,78.3,3.525,4306.3,827.3,835.3,838.3,828.3,193.3,194.8,198.3,199.3,4.59,78.0,3.508,-1.2,0.957,0,nominal,0,0.0,194.97,701896.3
103.8,mission_cruise,73.84658143413007,2500.0,43.076709282934964,4301.6,825.7,837.6,840.2,829.0,192.6,194.6,198.6,199.2,4.61,76.7,3.504,4306.3,827.3,835.3,838.3,828.3,193.2,194.7,198.2,199.2,4.59,78.0,3.508,-1.2,0.957,0,nominal,0,0.0,194.97,701896.2
103.9,mission_cruise,73.84546970539188,2500.0,43.07726514730406,4309.7,826.6,834.9,837.2,829.6,192.6,195.2,197.5,199.1,4.63,78.3,3.549,4306.3,827.3,835.3,838.3,828.3,193.2,194.7,198.2,199.2,4.59,78.0,3.508,-1.2,0.957,0,nominal,0,0.0,194.97,701896.1
104.0,mission_cruise,73.8443579766537,2500.0,43.07782101167315,4311.8,826.7,833.0,838.2,826.8,193.5,195.2,197.8,198.6,4.57,77.4,3.54,4306.2,827.3,835.3,838.3,828.3,193.2,194.7,198.2,199.2,4.59,78.0,3.508,-1.2,0.957,0,nominal,0,0.0,194.97,701896.0
104.1,mission_cruise,73.8432462479155,2500.0,43.07837687604225,4296.0,825.6,837.6,837.8,824.3,193.4,194.3,198.1,199.0,4.59,77.6,3.524,4306.2,827.3,835.3,838.3,828.3,193.2,194.7,198.2,199.2,4.59,78.0,3.508,-1.2,0.957,0,nominal,0,0.0,194.97,701895.9
104.2,mission_cruise,73.84213451917732,2500.0,43.07893274041134,4317.5,826.9,834.3,836.9,827.4,194.0,194.1,198.0,199.0,4.6,77.2,3.521,4306.2,827.3,835.3,838.3,828.3,193.2,194.7,198.2,199.2,4.59,78.0,3.508,-1.2,0.957,0,nominal,0,0.0,194.97,701895.8
104.3,mission_cruise,73.84102279043913,2500.0,43.07948860478044,4320.8,823.7,835.1,838.9,827.5,194.4,194.5,197.3,198.8,4.54,78.1,3.567,4306.1,827.3,835.3,838.3,828.3,193.1,194.6,198.1,199.1,4.59,78.0,3.508,-1.2,0.957,0,nominal,0,0.0,194.97,701895.7
104.4,mission_cruise,73.83991106170095,2500.0,43.08004446914953,4306.0,826.5,837.5,840.9,829.2,192.4,194.9,198.1,199.1,4.55,77.6,3.557,4306.1,827.3,835.3,838.3,828.3,193.1,194.6,198.1,199.1,4.59,78.0,3.508,-1.2,0.957,0,nominal,0,0.0,194.97,701895.6
104.5,mission_cruise,73.83879933296275,2500.0,43.080600333518625,4307.9,828.2,835.7,839.9,826.7,193.2,194.5,198.8,199.1,4.59,78.3,3.519,4306.1,827.3,835.3,838.3,828.3,193.1,194.6,198.1,199.1,4.59,78.0,3.508,-1.2,0.957,0,nominal,0,0.0,194.97,701895.5
104.6,mission_cruise,73.83768760422457,2500.0,43.081156197887715,4306.1,825.8,835.3,838.5,830.8,193.1,194.1,199.3,199.1,4.61,77.7,3.515,4306.0,827.3,835.3,838.3,828.3,193.1,194.6,198.1,199.1,4.59,78.0,3.508,-1.2,0.957,0,nominal,0,0.0,194.97,701895.4
104.7,mission_cruise,73.83657587548637,2500.0,43.08171206225681,4303.1,829.5,837.1,837.7,829.6,193.0,194.1,198.6,199.0,4.58,77.7,3.534,4306.0,827.3,835.3,838.3,828.3,193.1,194.6,198.1,199.1,4.59,78.0,3.508,-1.2,0.957,0,nominal,0,0.0,194.97,701895.3
104.8,mission_cruise,73.8354641467482,2500.0,43.0822679266259,4314.8,829.5,833.6,839.4,825.2,192.6,195.1,198.5,198.4,4.59,78.5,3.499,4306.0,827.3,835.3,838.3,828.3,193.0,194.5,198.0,199.0,4.59,78.0,3.508,-1.2,0.957,0,nominal,0,0.0,194.97,701895.2
104.9,mission_cruise,73.83435241801,2500.0,43.082823790995,4301.8,829.7,833.9,839.3,827.9,194.0,194.2,198.8,199.0,4.6,78.4,3.533,4305.9,827.3,835.3,838.3,828.3,193.0,194.5,198.0,199.0,4.59,78.0,3.508,-1.2,0.957,0,nominal,0,0.0,194.97,701895.1
105.0,mission_cruise,73.83324068927182,2500.0,43.08337965536409,4310.9,826.0,834.5,838.0,829.1,194.3,194.1,198.6,199.4,4.63,78.4,3.504,4305.9,827.3,835.3,838.3,828.3,193.0,194.5,198.0,199.0,4.59,78.0,3.508,-1.2,0.957,0,nominal,0,0.0,194.97,701895.0
105.1,mission_cruise,73.83212896053362,2500.0,43.08393551973319,4310.0,827.7,836.5,840.6,830.0,192.6,194.0,198.8,198.8,4.61,77.7,3.483,4305.8,827.3,835.3,838.3,828.3,193.0,194.5,198.0,199.0,4.59,78.0,3.508,-1.2,0.957,0,nominal,0,0.0,194.97,701894.9
105.2,mission_cruise,73.83101723179544,2500.0,43.08449138410228,4306.0,827.7,835.2,841.7,828.2,193.1,194.9,197.5,200.7,4.6,77.9,3.484,4305.8,827.3,835.3,838.3,828.3,193.0,194.5,198.0,199.0,4.59,78.0,3.507,-1.2,0.957,0,nominal,0,0.0,194.97,701894.8
105.3,mission_cruise,73.82990550305725,2500.0,43.085047248471376,4300.3,825.0,836.3,839.9,827.9,193.0,195.0,197.3,198.7,4.57,78.7,3.536,4305.8,827.3,835.3,838.3,828.3,192.9,194.4,197.9,198.9,4.59,78.0,3.507,-1.2,0.957,0,nominal,0,0.0,194.97,701894.7
105.4,mission_cruise,73.82879377431907,2500.0,43.08560311284047,4298.2,826.5,834.0,839.9,827.2,193.0,193.5,198.7,198.4,4.58,78.2,3.559,4305.7,827.3,835.3,838.3,828.3,192.9,194.4,197.9,198.9,4.59,78.0,3.507,-1.2,0.957,0,nominal,0,0.0,194.97,701894.6
105.5,mission_cruise,73.82768204558087,2500.0,43.086158977209564,4301.8,826.6,834.4,838.1,829.1,193.7,194.8,197.6,198.4,4.59,77.9,3.444,4305.7,827.3,835.3,838.3,828.3,192.9,194.4,197.9,198.9,4.59,78.0,3.507,-1.2,0.957,0,nominal,0,0.0,194.97,701894.5
105.6,mission_cruise,73.82657031684269,2500.0,43.086714841578655,4304.7,824.6,836.7,838.3,827.4,194.3,194.7,197.2,197.9,4.59,77.3,3.497,4305.7,827.3,835.3,838.3,828.3,192.9,194.4,197.9,198.9,4.59,78.0,3.507,-1.2,0.957,0,nominal,0,0.0,194.97,701894.4
105.7,mission_cruise,73.8254585881045,2500.0,43.08727070594775,4297.0,828.8,834.4,836.0,827.6,193.2,194.6,198.2,198.6,4.61,77.9,3.484,4305.6,827.3,835.3,838.3,828.3,192.9,194.4,197.9,198.9,4.59,78.0,3.507,-1.2,0.957,0,nominal,0,0.0,194.97,701894.3
105.8,mission_cruise,73.82434685936632,2500.0,43.08782657031684,4299.6,828.7,835.1,838.1,826.1,192.4,194.3,198.0,198.1,4.63,77.7,3.457,4305.6,827.3,835.3,838.3,828.3,192.9,194.4,197.9,198.9,4.59,78.0,3.507,-1.2,0.957,0,nominal,0,0.0,194.97,701894.2
105.9,mission_cruise,73.82323513062812,2500.0,43.08838243468594,4306.4,829.6,836.5,839.1,829.7,193.6,194.8,199.0,197.4,4.62,77.7,3.531,4305.6,827.3,835.3,838.3,828.3,192.8,194.3,197.8,198.8,4.59,78.0,3.507,-1.2,0.957,0,nominal,0,0.0,194.97,701894.1
106.0,mission_cruise,73.82212340188994,2500.0,43.08893829905503,4303.6,830.9,835.0,838.2,826.7,193.0,193.6,196.9,198.6,4.62,77.2,3.48,4305.5,827.3,835.3,838.3,828.3,192.8,194.3,197.8,198.8,4.59,78.0,3.507,-1.2,0.957,0,nominal,0,0.0,194.97,701894.0
106.1,mission_cruise,73.82101167315174,2500.0,43.08949416342413,4296.1,828.8,838.0,837.9,827.5,192.9,194.4,198.7,197.9,4.56,77.8,3.5,4305.5,827.3,835.3,838.3,828.3,192.8,194.3,197.8,198.8,4.59,78.0,3.507,-1.2,0.957,0,nominal,0,0.0,194.97,701893.9
106.2,mission_cruise,73.81989994441356,2500.0,43.09005002779322,4298.5,828.9,835.3,836.3,825.3,192.6,195.2,197.7,198.6,4.54,78.4,3.511,4305.4,827.3,835.3,838.3,828.3,192.8,194.3,197.8,198.8,4.59,78.0,3.507,-1.2,0.957,0,nominal,0,0.0,194.97,701893.8
106.3,mission_cruise,73.81878821567537,2500.0,43.090605892162316,4302.6,828.1,835.7,838.2,828.9,192.4,194.1,197.7,198.6,4.54,77.8,3.511,4305.4,827.3,835.3,838.3,828.3,192.8,194.3,197.8,198.8,4.59,78.0,3.507,-1.2,0.957,0,nominal,0,0.0,194.97,701893.7
106.4,mission_cruise,73.81767648693719,2500.0,43.091161756531406,4307.9,827.2,835.6,839.7,827.1,193.2,194.1,197.8,199.6,4.62,77.4,3.553,4305.4,827.3,835.3,838.3,828.3,192.8,194.3,197.8,198.8,4.59,78.0,3.507,-1.2,0.957,0,nominal,0,0.0,194.97,701893.6
106.5,mission_cruise,73.816564758199,2500.0,43.0917176209005,4303.0,827.0,832.4,837.6,828.3,192.3,194.4,198.5,198.5,4.61,78.0,3.554,4305.3,827.3,835.3,838.3,828.3,192.7,194.2,197.7,198.7,4.59,78.0,3.507,-1.2,0.957,0,nominal,0,0.0,194.97,701893.5
106.6,mission_cruise,73.81545302946081,2500.0,43.092273485269594,4321.3,826.1,833.4,839.9,827.3,192.0,193.5,197.6,198.2,4.61,77.9,3.467,4305.3,827.2,835.2,838.2,828.2,192.7,194.2,197.7,198.7,4.59,78.0,3.507,-1.2,0.957,0,nominal,0,0.0,194.97,701893.4
106.7,mission_cruise,73.81434130072262,2500.0,43.09282934963869,4294.1,828.1,835.9,837.7,827.2,193.8,194.9,196.5,197.5,4.61,78.4,3.502,4305.3,827.2,835.2,838.2,828.2,192.7,194.2,197.7,198.7,4.59,78.0,3.507,-1.2,0.957,0,nominal,0,0.0,194.97,701893.3
106.8,mission_cruise,73.81322957198444,2500.0,43.09338521400778,4290.3,828.5,836.9,836.3,828.3,192.3,194.5,197.8,199.9,4.64,77.9,3.515,4305.2,827.2,835.2,838.2,828.2,192.7,194.2,197.7,198.7,4.59,78.0,3.507,-1.2,0.957,0,nominal,0,0.0,194.97,701893.2
106.9,mission_cruise,73.81211784324624,2500.0,43.09394107837688,4299.8,827.2,837.6,841.5,830.9,193.0,193.4,197.4,198.4,4.56,77.1,3.432,4305.2,827.2,835.2,838.2,828.2,192.7,194.2,197.7,198.7,4.59,78.0,3.507,-1.2,0.957,0,nominal,0,0.0,194.97,701893.1
107.0,mission_cruise,73.81100611450806,2500.0,43.09449694274597,4312.9,827.0,833.9,837.5,829.4,192.2,194.6,198.2,198.2,4.61,77.9,3.512,4305.2,827.2,835.2,838.2,828.2,192.7,194.2,197.7,198.7,4.59,78.0,3.507,-1.2,0.957,0,nominal,0,0.0,194.97,701893.0
107.1,mission_cruise,73.80989438576987,2500.0,43.09505280711507,4312.1,829.4,831.7,839.2,827.4,192.9,195.1,196.4,198.0,4.57,77.8,3.52,4305.1,827.2,835.2,838.2,828.2,192.6,194.1,197.6,198.6,4.59,78.0,3.507,-1.2,0.957,0,nominal,0,0.0,194.97,701892.9
107.2,mission_cruise,73.80878265703168,2500.0,43.09560867148416,4312.8,826.1,835.5,839.3,828.8,193.0,194.3,196.7,197.8,4.62,78.1,3.555,4305.1,827.2,835.2,838.2,828.2,192.6,194.1,197.6,198.6,4.59,78.0,3.507,-1.2,0.957,0,nominal,0,0.0,194.97,701892.8
107.3,mission_cruise,73.80767092829349,2500.0,43.096164535853255,4320.1,825.8,835.9,837.7,827.2,193.3,193.3,197.1,199.6,4.57,78.1,3.506,4305.1,827.2,835.2,838.2,828.2,192.6,194.1,197.6,198.6,4.59,78.0,3.507,-1.2,0.957,0,nominal,0,0.0,194.97,701892.7
107.4,mission_cruise,73.80655919955531,2500.0,43.096720400222345,4302.0,827.5,835.9,837.3,829.8,192.4,194.3,197.3,198.9,4.58,78.0,3.495,4305.0,827.2,835.2,838.2,828.2,192.6,194.1,197.6,198.6,4.59,78.0,3.507,-1.2,0.957,0,nominal,0,0.0,194.97,701892.6
107.5,mission_cruise,73.80544747081711,2500.0,43.09727626459144,4294.5,827.8,835.7,838.8,830.8,192.3,193.7,197.8,198.8,4.63,77.7,3.488,4305.0,827.2,835.2,838.2,828.2,192.6,194.1,197.6,198.6,4.59,78.0,3.506,-1.2,0.957,0,nominal,0,0.0,194.97,701892.5
107.6,mission_cruise,73.80433574207893,2500.0,43.09783212896053,4303.6,829.1,833.2,837.2,830.7,192.1,195.2,197.9,199.2,4.61,77.6,3.501,4304.9,827.2,835.2,838.2,828.2,192.6,194.1,197.6,198.6,4.59,78.0,3.506,-1.2,0.957,0,nominal,0,0.0,194.97,701892.4
107.7,mission_cruise,73.80322401334074,2500.0,43.09838799332963,4304.2,825.6,835.3,837.7,829.2,191.8,194.2,198.2,199.1,4.64,78.7,3.549,4304.9,827.2,835.2,838.2,828.2,192.5,194.0,197.5,198.5,4.59,78.0,3.506,-1.2,0.957,0,nominal,0,0.0,194.97,701892.3
107.8,mission_cruise,73.80211228460256,2500.0,43.09894385769872,4301.9,828.9,836.7,837.7,829.2,192.0,194.9,197.1,198.2,4.64,78.3,3.526,4304.9,827.2,835.2,838.2,828.2,192.5,194.0,197.5,198.5,4.59,78.0,3.506,-1.2,0.957,0,nominal,0,0.0,194.97,701892.2
107.9,mission_cruise,73.80100055586436,2500.0,43.09949972206782,4313.0,826.9,833.1,837.5,828.4,192.6,193.8,197.8,197.8,4.57,78.3,3.507,4304.8,827.2,835.2,838.2,828.2,192.5,194.0,197.5,198.5,4.59,78.0,3.506,-1.2,0.957,0,nominal,0,0.0,194.97,701892.1
108.0,mission_cruise,73.79988882712618,2500.0,43.10005558643691,4304.6,827.7,833.7,838.3,828.6,192.3,194.6,197.6,198.1,4.62,77.9,3.531,4304.8,827.2,835.2,838.2,828.2,192.5,194.0,197.5,198.5,4.59,78.0,3.506,-1.2,0.957,0,nominal,0,0.0,194.97,701892.0
108.1,mission_cruise,73.79877709838799,2500.0,43.10061145080601,4312.3,828.5,835.0,837.2,828.5,192.6,194.9,197.0,198.6,4.64,78.3,3.501,4304.8,827.2,835.2,838.2,828.2,192.5,194.0,197.5,198.5,4.59,78.0,3.506,-1.2,0.957,0,nominal,0,0.0,194.97,701891.9
108.2,mission_cruise,73.7976653696498,2500.0,43.1011673151751,4296.2,826.8,835.7,838.7,831.0,192.0,193.4,196.6,198.4,4.63,78.4,3.511,4304.7,827.2,835.2,838.2,828.2,192.5,194.0,197.5,198.5,4.59,78.0,3.506,-1.2,0.957,0,nominal,0,0.0,194.97,701891.8
108.3,mission_cruise,73.79655364091161,2500.0,43.101723179544194,4296.2,827.1,836.4,837.6,828.3,192.3,193.2,196.9,198.1,4.59,77.5,3.474,4304.7,827.2,835.2,838.2,828.2,192.5,194.0,197.5,198.5,4.59,78.0,3.506,-1.2,0.957,0,nominal,0,0.0,194.97,701891.7
108.4,mission_cruise,73.79544191217343,2500.0,43.102279043913285,4306.7,829.5,836.0,839.3,829.0,192.6,194.1,197.1,198.8,4.59,78.4,3.511,4304.7,827.2,835.2,838.2,828.2,192.4,193.9,197.4,198.4,4.59,78.0,3.506,-1.2,0.957,0,nominal,0,0.0,194.97,701891.6
108.5,mission_cruise,73.79433018343524,2500.0,43.10283490828238,4311.1,826.6,837.4,839.7,827.1,192.2,192.6,197.9,198.0,4.55,77.8,3.508,4304.6,827.2,835.2,838.2,828.2,192.4,193.9,197.4,198.4,4.59,78.0,3.506,-1.2,0.957,0,nominal,0,0.0,194.97,701891.5
108.6,mission_cruise,73.79321845469705,2500.0,43.10339077265147,4307.0,824.4,834.8,839.0,828.1,191.1,193.6,197.3,198.2,4.61,77.7,3.501,4304.6,827.2,835.2,838.2,828.2,192.4,193.9,197.4,198.4,4.59,78.0,3.506,-1.2,0.957,0,nominal,0,0.0,194.97,701891.4
108.7,mission_cruise,73.79210672595886,2500.0,43.10394663702057,4310.5,830.8,834.3,840.5,829.7,192.7,194.7,197.5,199.0,4.59,78.0,3.488,4304.6,827.2,835.2,838.2,828.2,192.4,193.9,197.4,198.4,4.59,78.0,3.506,-1.2,0.957,0,nominal,0,0.0,194.97,701891.3
108.8,mission_cruise,73.79099499722068,2500.0,43.10450250138966,4309.6,826.0,835.0,836.3,831.3,192.6,192.0,196.7,197.2,4.61,78.5,3.553,4304.5,827.2,835.2,838.2,828.2,192.4,193.9,197.4,198.4,4.59,78.0,3.506,-1.2,0.957,0,nominal,0,0.0,194.97,701891.2
108.9,mission_cruise,73.78988326848248,2500.0,43.10505836575876,4303.8,826.6,833.3,837.7,830.6,191.6,193.2,197.2,199.3,4.61,78.0,3.478,4304.5,827.2,835.2,838.2,828.2,192.4,193.9,197.4,198.4,4.59,78.0,3.506,-1.2,0.957,0,nominal,0,0.0,194.97,701891.1
109.0,mission_cruise,73.7887715397443,2500.0,43.10561423012785,4300.4,826.2,834.6,838.6,828.5,192.2,194.5,196.0,197.0,4.62,77.7,3.482,4304.4,827.2,835.2,838.2,828.2,192.4,193.9,197.4,198.4,4.59,78.0,3.506,-1.2,0.957,0,nominal,0,0.0,194.97,701891.0
109.1,mission_cruise,73.78765981100611,2500.0,43.106170094496946,4307.9,825.9,835.3,837.9,828.6,191.8,193.1,198.1,198.9,4.61,77.8,3.482,4304.4,827.2,835.2,838.2,828.2,192.3,193.8,197.3,198.3,4.59,78.0,3.506,-1.2,0.957,0,nominal,0,0.0,194.97,701890.9
109.2,mission_cruise,73.78654808226793,2500.0,43.106725958866036,4308.7,827.5,836.5,839.2,826.1,191.5,194.6,195.3,197.3,4.56,77.4,3.55,4304.4,827.2,835.2,838.2,828.2,192.3,193.8,197.3,198.3,4.59,78.0,3.506,-1.2,0.957,0,nominal,0,0.0,194.97,701890.8
109.3,mission_cruise,73.78543635352973,2500.0,43.107281823235134,4305.8,827.4,836.2,840.9,829.3,192.1,193.2,196.8,197.7,4.54,77.9,3.548,4304.3,827.2,835.2,838.2,828.2,192.3,193.8,197.3,198.3,4.59,78.0,3.506,-1.2,0.957,0,nominal,0,0.0,194.97,701890.7
109.4,mission_cruise,73.78432462479155,2500.0,43.107837687604224,4306.3,827.2,835.4,839.0,830.9,192.4,193.4,196.0,198.0,4.6,78.0,3.513,4304.3,827.2,835.2,838.2,828.2,192.3,193.8,197.3,198.3,4.59,78.0,3.506,-1.2,0.957,0,nominal,0,0.0,194.97,701890.6
109.5,mission_cruise,73.78321289605336,2500.0,43.10839355197332,4309.0,826.7,834.1,840.9,830.3,192.6,193.7,197.3,198.4,4.61,78.0,3.492,4304.3,827.2,835.2,838.2,828.2,192.3,193.8,197.3,198.3,4.59,78.0,3.506,-1.2,0.957,0,nominal,0,0.0,194.97,701890.5
109.6,mission_cruise,73.78210116731518,2500.0,43.10894941634241,4304.2,826.5,835.0,837.5,828.8,191.3,193.2,197.5,198.3,4.57,78.2,3.534,4304.2,827.2,835.2,838.2,828.2,192.3,193.8,197.3,198.3,4.59,78.0,3.506,-1.2,0.957,0,nominal,0,0.0,194.97,701890.4
109.7,mission_cruise,73.78098943857698,2500.0,43.10950528071151,4304.6,825.2,836.8,836.7,826.9,191.9,193.7,198.5,198.4,4.62,78.3,3.453,4304.2,827.2,835.2,838.2,828.2,192.3,193.8,197.3,198.3,4.59,78.0,3.506,-1.2,0.957,0,nominal,0,0.0,194.97,701890.3
109.8,mission_cruise,73.7798777098388,2500.0,43.1100611450806,4305.7,827.4,832.8,837.9,827.0,192.2,193.1,197.9,198.1,4.63,77.7,3.522,4304.2,827.2,835.2,838.2,828.2,192.3,193.8,197.3,198.3,4.59,78.0,3.505,-1.2,0.957,0,nominal,0,0.0,194.97,701890.2
109.9,mission_cruise,73.7787659811006,2500.0,43.1106170094497,4301.5,825.7,833.7,839.0,828.4,192.8,192.8,196.6,198.1,4.61,77.3,3.523,4304.1,827.2,835.2,838.2,828.2,192.2,193.7,197.2,198.2,4.59,78.0,3.505,-1.2,0.957,0,nominal,0,0.0,194.97,701890.1
110.0,mission_cruise,73.77765425236242,2500.0,43.11117287381879,4297.1,826.2,836.4,837.3,828.4,191.9,194.7,197.8,198.1,4.58,78.5,3.55,4304.1,827.2,835.2,838.2,828.2,192.2,193.7,197.2,198.2,4.59,78.0,3.505,-1.2,0.957,0,nominal,0,0.0,194.97,701890.0
110.1,mission_cruise,73.77654252362423,2500.0,43.111728738187885,4293.6,827.9,837.7,839.9,826.7,191.0,194.1,198.2,197.8,4.57,78.3,3.537,4304.1,827.2,835.2,838.2,828.2,192.2,193.7,197.2,198.2,4.59,78.0,3.505,-1.2,0.957,0,nominal,0,0.0,194.97,701889.9
110.2,mission_cruise,73.77543079488605,2500.0,43.112284602556976,4299.4,828.1,834.2,835.8,827.6,192.1,193.2,197.5,198.2,4.6,78.2,3.483,4304.0,827.2,835.2,838.2,828.2,192.2,193.7,197.2,198.2,4.59,78.0,3.505,-1.2,0.957,0,nominal,0,0.0,194.97,701889.8
110.3,mission_cruise,73.77431906614785,2500.0,43.11284046692607,4296.9,825.6,836.1,838.9,828.9,191.6,194.2,196.6,197.5,4.63,78.1,3.486,4304.0,827.2,835.2,838.2,828.2,192.2,193.7,197.2,198.2,4.59,78.0,3.505,-1.2,0.957,0,nominal,0,0.0,194.97,701889.7
110.4,mission_cruise,73.77320733740967,2500.0,43.113396331295164,4306.0,826.9,834.0,838.0,830.1,191.9,192.4,197.1,200.1,4.6,77.8,3.5,4303.9,827.2,835.2,838.2,828.2,192.2,193.7,197.2,198.2,4.59,78.0,3.505,-1.2,0.957,0,nominal,0,0.0,194.97,701889.6
110.5,mission_cruise,73.77209560867148,2500.0,43.11395219566426,4318.9,825.7,836.7,838.8,828.5,190.8,194.6,195.9,197.6,4.56,78.2,3.493,4303.9,827.2,835.2,838.2,828.2,192.2,193.7,197.2,198.2,4.59,78.0,3.505,-1.2,0.957,0,nominal,0,0.0,194.97,701889.5
110.6,mission_cruise,73.7709838799333,2500.0,43.11450806003335,4298.3,829.1,835.9,839.3,826.7,193.3,194.0,197.7,197.9,4.6,77.0,3.491,4303.9,827.2,835.2,838.2,828.2,192.2,193.7,197.2,198.2,4.59,78.0,3.505,-1.2,0.957,0,nominal,0,0.0,194.97,701889.4
110.7,mission_cruise,73.7698721511951,2500.0,43.11506392440245,4307.3,825.8,835.4,839.4,828.9,191.8,193.2,198.5,197.2,4.58,77.6,3.54,4303.8,827.2,835.2,838.2,828.2,192.1,193.6,197.1,198.1,4.59,78.0,3.505,-1.2,0.957,0,nominal,0,0.0,194.97,701889.3
110.8,mission_cruise,73.76876042245692,2500.0,43.11561978877154,4293.5,827.1,835.2,837.6,827.5,192.1,192.9,196.3,197.5,4.57,79.0,3.51,4303.8,827.2,835.2,838.2,828.2,192.1,193.6,197.1,198.1,4.59,78.0,3.505,-1.2,0.957,0,nominal,0,0.0,194.97,701889.2
110.9,mission_cruise,73.76764869371873,2500.0,43.11617565314064,4305.2,828.0,833.7,837.2,826.7,192.6,194.2,196.9,197.3,4.59,78.0,3.442,4303.8,827.2,835.2,838.2,828.2,192.1,193.6,197.1,198.1,4.59,78.0,3.505,-1.2,0.957,0,nominal,0,0.0,194.97,701889.1
111.0,mission_cruise,73.76653696498055,2500.0,43.11673151750973,4300.0,826.1,834.6,837.0,828.6,191.6,194.4,196.0,198.1,4.59,77.3,3.52,4303.7,827.2,835.2,838.2,828.2,192.1,193.6,197.1,198.1,4.59,78.0,3.505,-1.2,0.957,0,nominal,0,0.0,194.97,701889.0
111.1,mission_cruise,73.76542523624235,2500.0,43.117287381878825,4304.6,825.1,834.8,838.5,827.1,192.3,194.6,196.8,198.5,4.55,77.4,3.511,4303.7,827.2,835.2,838.2,828.2,192.1,193.6,197.1,198.1,4.59,78.0,3.505,-1.2,0.957,0,nominal,0,0.0,194.97,701888.9
111.2,mission_cruise,73.76431350750417,2500.0,43.117843246247915,4305.3,828.3,834.8,837.6,826.7,191.7,192.4,197.8,198.4,4.63,77.9,3.419,4303.7,827.2,835.2,838.2,828.2,192.1,193.6,197.1,198.1,4.59,78.0,3.505,-1.2,0.957,0,nominal,0,0.0,194.97,701888.8
111.3,mission_cruise,73.76320177876597,2500.0,43.11839911061701,4305.1,829.0,835.7,839.1,828.1,191.9,193.4,196.8,199.0,4.63,78.2,3.518,4303.6,827.2,835.2,838.2,828.2,192.1,193.6,197.1,198.1,4.59,78.0,3.505,-1.2,0.957,0,nominal,0,0.0,194.97,701888.7
111.4,mission_cruise,73.7620900500278,2500.0,43.1189549749861,4299.6,826.5,834.1,839.0,828.1,192.7,194.3,197.0,197.9,4.59,77.8,3.485,4303.6,827.2,835.2,838.2,828.2,192.1,193.6,197.1,198.1,4.59,78.0,3.505,-1.2,0.957,0,nominal,0,0.0,194.97,701888.6
111.5,mission_cruise,73.7609783212896,2500.0,43.1195108393552,4306.8,827.1,836.7,836.5,826.5,192.2,193.2,197.5,197.1,4.6,77.8,3.507,4303.6,827.2,835.2,838.2,828.2,192.1,193.6,197.1,198.1,4.59,78.0,3.505,-1.2,0.957,0,nominal,0,0.0,194.97,701888.5
111.6,mission_cruise,73.75986659255142,2500.0,43.12006670372429,4306.4,827.4,836.3,836.8,827.6,191.2,193.3,197.1,198.4,4.61,77.9,3.47,4303.5,827.1,835.1,838.1,828.1,192.0,193.5,197.0,198.0,4.59,78.0,3.505,-1.2,0.957,0,nominal,0,0.0,194.97,701888.4
111.7,mission_cruise,73.75875486381322,2500.0,43.12062256809339,4306.1,828.4,831.8,836.6,826.4,192.7,194.2,196.3,198.1,4.58,77.0,3.533,4303.5,827.1,835.1,838.1,828.1,192.0,193.5,197.0,198.0,4.59,78.0,3.505,-1.2,0.957,0,nominal,0,0.0,194.97,701888.3
111.8,mission_cruise,73.75764313507504,2500.0,43.12117843246248,4304.6,825.8,833.5,837.3,827.8,191.6,192.4,196.3,198.5,4.6,77.1,3.542,4303.4,827.1,835.1,838.1,828.1,192.0,193.5,197.0,198.0,4.59,78.0,3.505,-1.2,0.957,0,nominal,0,0.0,194.97,701888.2
111.9,mission_cruise,73.75653140633685,2500.0,43.121734296831576,4300.8,824.1,834.0,838.0,828.8,190.4,192.5,196.9,196.7,4.61,78.4,3.486,4303.4,827.1,835.1,838.1,828.1,192.0,193.5,197.0,198.0,4.59,78.0,3.505,-1.2,0.957,0,nominal,0,0.0,194.97,701888.1
112.0,mission_cruise,73.75541967759867,2500.0,43.12229016120067,4311.3,827.2,834.9,838.2,826.2,192.2,193.8,196.4,198.1,4.58,79.0,3.48,4303.4,827.1,835.1,838.1,828.1,192.0,193.5,197.0,198.0,4.59,78.0,3.504,-1.2,0.957,0,nominal,0,0.0,194.97,701888.0
112.1,mission_cruise,73.75430794886047,2500.0,43.122846025569764,4309.1,827.1,836.3,836.0,828.4,191.8,193.6,195.8,198.4,4.61,79.3,3.506,4303.3,827.1,835.1,838.1,828.1,192.0,193.5,197.0,198.0,4.59,78.0,3.504,-1.2,0.957,0,nominal,0,0.0,194.97,701887.9
112.2,mission_cruise,73.75319622012229,2500.0,43.123401889938854,4305.6,827.5,835.5,837.2,828.8,192.0,193.2,197.8,197.7,4.6,77.3,3.487,4303.3,827.1,835.1,838.1,828.1,192.0,193.5,197.0,198.0,4.59,78.0,3.504,-1.2,0.957,0,nominal,0,0.0,194.97,701887.8
112.3,mission_cruise,73.7520844913841,2500.0,43.12395775430795,4306.4,827.1,836.9,837.3,827.4,192.0,193.9,197.1,197.8,4.61,78.0,3.524,4303.3,827.1,835.1,838.1,828.1,192.0,193.5,197.0,198.0,4.59,78.0,3.504,-1.2,0.957,0,nominal,0,0.0,194.97,701887.7
112.4,mission_cruise,73.75097276264592,2500.0,43.12451361867704,4303.2,827.0,837.6,838.9,827.7,192.4,192.2,196.2,198.3,4.6,77.8,3.514,4303.2,827.1,835.1,838.1,828.1,192.0,193.5,197.0,198.0,4.59,78.0,3.504,-1.2,0.957,0,nominal,0,0.0,194.97,701887.6
112.5,mission_cruise,73.74986103390772,2500.0,43.12506948304614,4304.5,826.1,835.4,838.8,829.3,191.4,192.8,196.5,197.8,4.61,78.7,3.526,4303.2,827.1,835.1,838.1,828.1,191.9,193.4,196.9,197.9,4.59,78.0,3.504,-1.2,0.957,0,nominal,0,0.0,194.97,701887.5
112.6,mission_cruise,73.74874930516954,2500.0,43.12562534741523,4300.9,826.1,837.1,837.0,827.8,191.2,194.0,196.9,197.9,4.58,78.6,3.523,4303.2,827.1,835.1,838.1,828.1,191.9,193.4,196.9,197.9,4.59,78.0,3.504,-1.2,0.957,0,nominal,0,0.0,194.97,701887.4
112.7,mission_cruise,73.74763757643134,2500.0,43.12618121178433,4305.2,827.8,836.7,839.1,828.7,191.5,192.6,197.3,198.5,4.62,78.5,3.499,4303.1,827.1,835.1,838.1,828.1,191.9,193.4,196.9,197.9,4.59,78.0,3.504,-1.2,0.957,0,nominal,0,0.0,194.97,701887.3
112.8,mission_cruise,73.74652584769316,2500.0,43.12673707615342,4291.9,829.3,835.8,837.3,828.8,192.4,194.5,196.9,198.0,4.6,78.3,3.507,4303.1,827.1,835.1,838.1,828.1,191.9,193.4,196.9,197.9,4.59,78.0,3.504,-1.2,0.957,0,nominal,0,0.0,194.97,701887.2
112.9,mission_cruise,73.74541411895497,2500.0,43.127292940522516,4306.7,829.5,834.5,838.0,828.8,191.7,193.0,197.9,197.9,4.61,78.2,3.48,4303.1,827.1,835.1,838.1,828.1,191.9,193.4,196.9,197.9,4.59,78.0,3.504,-1.2,0.957,0,nominal,0,0.0,194.97,701887.1
113.0,mission_cruise,73.74430239021679,2500.0,43.127848804891606,4304.1,827.3,834.5,836.2,831.0,192.5,193.7,195.9,197.1,4.6,77.7,3.499,4303.0,827.1,835.1,838.1,828.1,191.9,193.4,196.9,197.9,4.59,78.0,3.504,-1.2,0.957,0,nominal,0,0.0,194.97,701887.0
113.1,mission_cruise,73.7431906614786,2500.0,43.1284046692607,4312.8,827.4,833.2,838.5,825.3,192.5,193.6,197.5,198.5,4.57,77.9,3.533,4303.0,827.1,835.1,838.1,828.1,191.9,193.4,196.9,197.9,4.59,78.0,3.504,-1.2,0.957,0,nominal,0,0.0,194.97,701886.9
113.2,mission_cruise,73.74207893274041,2500.0,43.128960533629794,4295.5,827.6,835.9,839.2,829.2,193.2,194.5,196.3,197.3,4.62,77.9,3.571,4302.9,827.1,835.1,838.1,828.1,191.9,193.4,196.9,197.9,4.59,78.0,3.504,-1.2,0.957,0,nominal,0,0.0,194.97,701886.8
113.3,mission_cruise,73.74096720400222,2500.0,43.12951639799889,4311.2,826.8,835.9,838.3,827.2,191.8,193.6,196.1,196.7,4.6,77.8,3.508,4302.9,827.1,835.1,838.1,828.1,191.9,193.4,196.9,197.9,4.59,78.0,3.504,-1.2,0.957,0,nominal,0,0.0,194.97,701886.7
113.4,mission_cruise,73.73985547526404,2500.0,43.13007226236798,4303.3,827.0,835.7,838.0,826.0,193.1,193.0,197.5,197.9,4.6,78.3,3.515,4302.9,827.1,835.1,838.1,828.1,191.9,193.4,196.9,197.9,4.59,78.0,3.504,-1.2,0.957,0,nominal,0,0.0,194.97,701886.6
113.5,mission_cruise,73.73874374652584,2500.0,43.13062812673708,4304.8,826.8,837.0,840.3,830.1,191.8,193.2,197.2,198.2,4.62,78.4,3.491,4302.8,827.1,835.1,838.1,828.1,191.8,193.3,196.8,197.8,4.59,78.0,3.504,-1.2,0.957,0,nominal,0,0.0,194.97,701886.5
113.6,mission_cruise,73.73763201778766,2500.0,43.13118399110617,4305.1,825.9,835.0,838.9,828.9,191.5,192.7,196.5,198.0,4.54,77.8,3.519,4302.8,827.1,835.1,838.1,828.1,191.8,193.3,196.8,197.8,4.59,78.0,3.504,-1.2,0.957,0,nominal,0,0.0,194.97,701886.4
113.7,mission_cruise,73.73652028904947,2500.0,43.13173985547527,4302.5,828.7,834.4,838.6,825.9,191.7,195.0,197.5,197.5,4.6,77.7,3.513,4302.8,827.1,835.1,838.1,828.1,191.8,193.3,196.8,197.8,4.59,78.0,3.504,-1.2,0.957,0,nominal,0,0.0,194.97,701886.3
113.8,mission_cruise,73.73540856031128,2500.0,43.13229571984436,4308.4,827.6,837.8,838.7,830.2,190.9,194.8,197.2,198.8,4.63,77.9,3.557,4302.7,827.1,835.1,838.1,828.1,191.8,193.3,196.8,197.8,4.59,78.0,3.504,-1.2,0.957,0,nominal,0,0.0,194.97,701886.2
113.9,mission_cruise,73.73429683157309,2500.0,43.132851584213455,4302.5,828.0,832.2,837.7,828.6,191.4,191.5,197.3,196.4,4.58,78.1,3.495,4302.7,827.1,835.1,838.1,828.1,191.8,193.3,196.8,197.8,4.59,78.0,3.504,-1.2,0.957,0,nominal,0,0.0,194.97,701886.1
114.0,mission_cruise,73.73318510283491,2500.0,43.133407448582545,4300.9,829.1,834.9,838.6,830.9,190.9,193.7,196.6,198.0,4.61,78.0,3.505,4302.7,827.1,835.1,838.1,828.1,191.8,193.3,196.8,197.8,4.59,78.0,3.504,-1.2,0.957,0,nominal,0,0.0,194.97,701886.0
114.1,mission_cruise,73.73207337409671,2500.0,43.13396331295164,4296.7,828.5,833.2,838.4,827.3,192.1,193.9,196.6,197.1,4.61,77.6,3.566,4302.6,827.1,835.1,838.1,828.1,191.8,193.3,196.8,197.8,4.59,78.0,3.504,-1.2,0.957,0,nominal,0,0.0,194.97,701885.9
114.2,mission_cruise,73.73096164535853,2500.0,43.13451917732073,4300.4,826.8,835.3,837.9,829.7,192.7,193.6,197.3,199.0,4.59,78.4,3.503,4302.6,827.1,835.1,838.1,828.1,191.8,193.3,196.8,197.8,4.59,78.0,3.504,-1.2,0.957,0,nominal,0,0.0,194.97,701885.8
114.3,mission_cruise,73.72984991662034,2500.0,43.13507504168983,4304.6,827.9,835.4,837.8,826.2,191.3,193.0,196.7,198.6,4.6,77.2,3.516,4302.5,827.1,835.1,838.1,828.1,191.8,193.3,196.8,197.8,4.59,78.0,3.503,-1.2,0.957,0,nominal,0,0.0,194.97,701885.7
114.4,mission_cruise,73.72873818788216,2500.0,43.13563090605892,4312.4,827.3,834.8,837.8,826.9,191.1,193.0,197.0,198.5,4.59,78.5,3.508,4302.5,827.1,835.1,838.1,828.1,191.8,193.3,196.8,197.8,4.59,78.0,3.503,-1.2,0.957,0,nominal,0,0.0,194.97,701885.6
114.5,mission_cruise,73.72762645914396,2500.0,43.13618677042802,4300.5,824.6,834.3,839.4,827.7,192.7,192.9,197.0,197.4,4.56,78.2,3.512,4302.5,827.1,835.1,838.1,828.1,191.8,193.3,196.8,197.8,4.59,78.0,3.503,-1.2,0.957,0,nominal,0,0.0,194.97,701885.5
114.6,mission_cruise,73.72651473040578,2500.0,43.13674263479711,4311.1,828.2,834.3,835.6,829.0,191.1,194.5,197.5,197.8,4.63,78.7,3.566,4302.4,827.1,835.1,838.1,828.1,191.7,193.2,196.7,197.7,4.59,78.0,3.503,-1.2,0.957,0,nominal,0,0.0,194.97,701885.4
114.7,mission_cruise,73.72540300166759,2500.0,43.13729849916621,4300.3,827.3,835.9,836.6,827.4,191.2,193.5,197.2,197.3,4.54,78.0,3.383,4302.4,827.1,835.1,838.1,828.1,191.7,193.2,196.7,197.7,4.59,78.0,3.503,-1.2,0.957,0,nominal,0,0.0,194.97,701885.3
114.8,mission_cruise,73.7242912729294,2500.0,43.1378543635353,4296.2,828.0,836.4,837.1,828.9,191.0,193.9,197.1,197.2,4.66,77.8,3.48,4302.4,827.1,835.1,838.1,828.1,191.7,193.2,196.7,197.7,4.59,78.0,3.503,-1.2,0.957,0,nominal,0,0.0,194.97,701885.2
114.9,mission_cruise,73.72317954419121,2500.0,43.138410227904394,4303.8,825.5,835.2,839.3,829.7,192.5,193.0,196.3,198.0,4.6,77.9,3.457,4302.3,827.1,835.1,838.1,828.1,191.7,193.2,196.7,197.7,4.59,78.0,3.503,-1.2,0.957,0,nominal,0,0.0,194.97,701885.1
115.0,mission_cruise,73.72206781545303,2500.0,43.138966092273485,4299.2,826.8,833.8,838.9,829.9,191.8,194.0,196.2,197.7,4.6,77.5,3.49,4302.3,827.1,835.1,838.1,828.1,191.7,193.2,196.7,197.7,4.59,78.0,3.503,-1.2,0.957,0,nominal,0,0.0,194.97,701885.0
115.1,mission_cruise,73.72095608671484,2500.0,43.13952195664258,4305.9,828.4,831.9,839.6,828.6,191.8,192.9,196.6,197.5,4.61,77.7,3.503,4302.3,827.1,835.1,838.1,828.1,191.7,193.2,196.7,197.7,4.59,78.0,3.503,-1.2,0.957,0,nominal,0,0.0,194.97,701884.9
115.2,mission_cruise,73.71984435797665,2500.0,43.14007782101167,4304.5,826.7,831.7,839.6,826.3,192.7,191.7,196.2,197.1,4.6,78.3,3.507,4302.2,827.1,835.1,838.1,828.1,191.7,193.2,196.7,197.7,4.59,78.0,3.503,-1.2,0.957,0,nominal,0,0.0,194.97,701884.8
115.3,mission_cruise,73.71873262923846,2500.0,43.14063368538077,4290.0,827.8,834.2,837.4,827.5,192.9,192.6,196.6,197.7,4.62,78.1,3.509,4302.2,827.1,835.1,838.1,828.1,191.7,193.2,196.7,197.7,4.59,78.0,3.503,-1.2,0.957,0,nominal,0,0.0,194.97,701884.7
115.4,mission_cruise,73.71762090050028,2500.0,43.14118954974986,4300.4,826.3,832.7,836.7,828.9,190.9,193.3,195.2,198.3,4.61,78.2,3.544,4302.2,827.1,835.1,838.1,828.1,191.7,193.2,196.7,197.7,4.59,78.0,3.503,-1.2,0.957,0,nominal,0,0.0,194.97,701884.6
115.5,mission_cruise,73.71650917176208,2500.0,43.14174541411896,4299.0,825.7,835.7,838.3,827.2,192.6,192.5,198.1,197.2,4.59,78.5,3.47,4302.1,827.1,835.1,838.1,828.1,191.7,193.2,196.7,197.7,4.59,78.0,3.503,-1.2,0.957,0,nominal,0,0.0,194.97,701884.5
115.6,mission_cruise,73.7153974430239,2500.0,43.14230127848805,4308.6,827.3,833.5,838.4,828.8,191.7,193.3,196.4,196.9,4.6,78.4,3.558,4302.1,827.1,835.1,838.1,828.1,191.7,193.2,196.7,197.7,4.59,78.0,3.503,-1.2,0.957,0,nominal,0,0.0,194.97,701884.4
115.7,mission_cruise,73.71428571428571,2500.0,43.142857142857146,4294.1,827.3,832.3,839.0,828.7,191.1,193.0,197.1,198.5,4.62,78.2,3.479,4302.0,827.1,835.1,838.1,828.1,191.7,193.2,196.7,197.7,4.59,78.0,3.503,-1.2,0.957,0,nominal,0,0.0,194.97,701884.3
115.8,mission_cruise,73.71317398554753,2500.0,43.143413007226236,4307.0,826.0,834.5,838.4,828.7,191.6,192.5,196.6,198.1,4.58,78.1,3.534,4302.0,827.1,835.1,838.1,828.1,191.6,193.1,196.6,197.6,4.59,78.0,3.503,-1.2,0.957,0,nominal,0,0.0,194.97,701884.2
115.9,mission_cruise,73.71206225680933,2500.0,43.143968871595334,4302.8,827.0,834.5,837.9,828.5,190.6,192.5,197.0,197.4,4.61,78.6,3.521,4302.0,827.1,835.1,838.1,828.1,191.6,193.1,196.6,197.6,4.59,78.0,3.503,-1.2,0.957,0,nominal,0,0.0,194.97,701884.1
116.0,mission_cruise,73.71095052807115,2500.0,43.144524735964424,4306.1,826.6,835.4,838.9,828.9,190.8,193.1,196.4,198.3,4.56,78.3,3.501,4301.9,827.1,835.1,838.1,828.1,191.6,193.1,196.6,197.6,4.59,78.0,3.503,-1.2,0.957,0,nominal,0,0.0,194.97,701884.0
116.1,mission_cruise,73.70983879933296,2500.0,43.14508060033352,4291.3,829.5,835.0,837.9,825.9,192.4,192.8,195.7,197.7,4.59,78.3,3.496,4301.9,827.1,835.1,838.1,828.1,191.6,193.1,196.6,197.6,4.59,78.0,3.503,-1.2,0.957,0,nominal,0,0.0,194.97,701883.9
116.2,mission_cruise,73.70872707059478,2500.0,43.14563646470261,4292.1,828.0,835.2,837.4,826.9,192.3,193.9,197.3,198.0,4.57,77.9,3.526,4301.9,827.1,835.1,838.1,828.1,191.6,193.1,196.6,197.6,4.59,78.0,3.503,-1.2,0.957,0,nominal,0,0.0,194.97,701883.8
116.3,mission_cruise,73.70761534185658,2500.0,43.14619232907171,4303.6,828.2,834.8,836.9,827.5,190.8,193.3,196.4,197.2,4.57,77.1,3.506,4301.8,827.1,835.1,838.1,828.1,191.6,193.1,196.6,197.6,4.59,78.0,3.503,-1.2,0.957,0,nominal,0,0.0,194.97,701883.7
116.4,mission_cruise,73.7065036131184,2500.0,43.1467481934408,4302.9,828.4,832.6,837.9,828.1,191.9,192.7,197.1,198.2,4.58,77.1,3.49,4301.8,827.1,835.1,838.1,828.1,191.6,193.1,196.6,197.6,4.59,78.0,3.503,-1.2,0.957,0,nominal,0,0.0,194.97,701883.6
116.5,mission_cruise,73.7053918843802,2500.0,43.1473040578099,4301.4,827.8,835.9,839.0,826.9,192.6,192.4,196.3,197.7,4.61,77.7,3.479,4301.8,827.1,835.1,838.1,828.1,191.6,193.1,196.6,197.6,4.59,78.0,3.503,-1.2,0.957,0,nominal,0,0.0,194.97,701883.5
116.6,mission_cruise,73.70428015564202,2500.0,43.14785992217899,4309.3,828.5,836.4,836.1,828.1,191.9,192.4,195.7,197.8,4.62,79.0,3.509,4301.7,827.1,835.1,838.1,828.1,191.6,193.1,196.6,197.6,4.59,78.0,3.502,-1.2,0.957,0,nominal,0,0.0,194.97,701883.4
116.7,mission_cruise,73.70316842690383,2500.0,43.148415786548085,4306.0,828.9,835.7,835.8,828.0,191.6,192.6,196.8,198.0,4.62,78.4,3.477,4301.7,827.1,835.1,838.1,828.1,191.6,193.1,196.6,197.6,4.59,78.0,3.502,-1.2,0.957,0,nominal,0,0.0,194.97,701883.3
116.8,mission_cruise,73.70205669816565,2500.0,43.148971650917176,4302.2,825.1,832.6,838.4,827.7,192.1,193.6,196.7,197.5,4.59,77.9,3.497,4301.7,827.0,835.0,838.0,828.0,191.6,193.1,196.6,197.6,4.59,78.0,3.502,-1.2,0.957,0,nominal,0,0.0,194.97,701883.2
116.9,mission_cruise,73.70094496942745,2500.0,43.14952751528627,4311.9,827.2,836.3,837.7,829.8,190.8,193.1,197.2,197.7,4.61,78.7,3.518,4301.6,827.0,835.0,838.0,828.0,191.6,193.1,196.6,197.6,4.59,78.0,3.502,-1.2,0.957,0,nominal,0,0.0,194.97,701883.1
117.0,mission_cruise,73.69983324068927,2500.0,43.150083379655364,4297.6,826.6,835.8,840.2,828.0,191.9,192.4,197.0,197.3,4.57,77.6,3.453,4301.6,827.0,835.0,838.0,828.0,191.6,193.1,196.6,197.6,4.59,78.0,3.502,-1.2,0.957,0,nominal,0,0.0,194.97,701883.0
117.1,mission_cruise,73.69872151195108,2500.0,43.15063924402446,4300.8,827.3,834.1,841.4,829.2,191.0,192.6,196.4,196.9,4.56,77.9,3.49,4301.5,827.0,835.0,838.0,828.0,191.5,193.0,196.5,197.5,4.59,78.0,3.502,-1.2,0.957,0,nominal,0,0.0,194.97,701882.9
117.2,mission_cruise,73.6976097832129,2500.0,43.15119510839355,4307.8,827.1,835.3,836.6,828.9,191.6,193.4,197.2,197.7,4.64,77.4,3.528,4301.5,827.0,835.0,838.0,828.0,191.5,193.0,196.5,197.5,4.59,78.0,3.502,-1.2,0.957,0,nominal,0,0.0,194.97,701882.8
117.3,mission_cruise,73.6964980544747,2500.0,43.15175097276265,4301.7,826.8,834.3,838.6,829.0,191.6,192.5,196.5,197.5,4.59,78.0,3.485,4301.5,827.0,835.0,838.0,828.0,191.5,193.0,196.5,197.5,4.59,78.0,3.502,-1.2,0.957,0,nominal,0,0.0,194.97,701882.7
117.4,mission_cruise,73.69538632573652,2500.0,43.15230683713174,4298.2,827.8,834.8,839.4,832.1,191.8,193.4,196.4,198.1,4.6,77.8,3.494,4301.4,827.0,835.0,838.0,828.0,191.5,193.0,196.5,197.5,4.59,78.0,3.502,-1.2,0.957,0,nominal,0,0.0,194.97,701882.6
117.5,mission_cruise,73.69427459699833,2500.0,43.15286270150084,4299.5,828.8,834.3,839.5,827.0,191.4,194.2,197.1,197.6,4.6,78.5,3.498,4301.4,827.0,835.0,838.0,828.0,191.5,193.0,196.5,197.5,4.59,78.0,3.502,-1.2,0.957,0,nominal,0,0.0,194.97,701882.5
117.6,mission_cruise,73.69316286826015,2500.0,43.15341856586993,4302.7,826.8,837.6,835.0,828.7,192.0,193.3,196.8,198.0,4.56,79.5,3.548,4301.4,827.0,835.0,838.0,828.0,191.5,193.0,196.5,197.5,4.59,78.0,3.502,-1.2,0.957,0,nominal,0,0.0,194.97,701882.4
117.7,mission_cruise,73.69205113952195,2500.0,43.153974430239025,4307.5,830.4,834.3,835.7,828.0,190.8,193.5,197.2,197.5,4.62,77.8,3.568,4301.3,827.0,835.0,838.0,828.0,191.5,193.0,196.5,197.5,4.59,78.0,3.502,-1.2,0.957,0,nominal,0,0.0,194.97,701882.3
117.8,mission_cruise,73.69093941078377,2500.0,43.154530294608115,4300.3,827.4,834.3,835.3,827.8,192.1,192.0,195.8,197.6,4.56,77.8,3.495,4301.3,827.0,835.0,838.0,828.0,191.5,193.0,196.5,197.5,4.59,78.0,3.502,-1.2,0.957,0,nominal,0,0.0,194.97,701882.2
117.9,mission_cruise,73.68982768204557,2500.0,43.15508615897721,4303.8,826.4,833.7,837.0,827.6,192.2,192.4,197.4,198.3,4.6,77.2,3.538,4301.3,827.0,835.0,838.0,828.0,191.5,193.0,196.5,197.5,4.59,78.0,3.502,-1.2,0.957,0,nominal,0,0.0,194.97,701882.1
118.0,mission_cruise,73.6887159533074,2500.0,43.1556420233463,4301.5,827.8,833.2,838.5,828.6,190.8,194.0,195.9,198.2,4.62,77.8,3.494,4301.2,827.0,835.0,838.0,828.0,191.5,193.0,196.5,197.5,4.59,78.0,3.502,-1.2,0.957,0,nominal,0,0.0,194.97,701882.0
118.1,mission_cruise,73.6876042245692,2500.0,43.1561978877154,4306.7,826.9,833.1,841.0,827.6,191.3,192.8,196.6,197.3,4.57,78.5,3.513,4301.2,827.0,835.0,838.0,828.0,191.5,193.0,196.5,197.5,4.59,78.0,3.502,-1.2,0.957,0,nominal,0,0.0,194.97,701881.9
118.2,mission_cruise,73.68649249583102,2500.0,43.15675375208449,4306.4,827.0,831.5,839.5,826.8,190.0,192.4,195.9,197.3,4.63,78.7,3.522,4301.2,827.0,835.0,838.0,828.0,191.5,193.0,196.5,197.5,4.59,78.0,3.502,-1.2,0.957,0,nominal,0,0.0,194.97,701881.8
118.3,mission_cruise,73.68538076709282,2500.0,43.15730961645359,4295.1,828.1,834.6,839.0,826.9,192.4,193.2,197.0,197.8,4.61,78.5,3.492,4301.1,827.0,835.0,838.0,828.0,191.5,193.0,196.5,197.5,4.59,78.0,3.502,-1.2,0.957,0,nominal,0,0.0,194.97,701881.7
118.4,mission_cruise,73.68426903835464,2500.0,43.15786548082268,4305.8,825.9,832.6,837.3,827.7,192.5,192.7,196.6,198.0,4.6,77.2,3.502,4301.1,827.0,835.0,838.0,828.0,191.5,193.0,196.5,197.5,4.59,78.0,3.502,-1.2,0.957,0,nominal,0,0.0,194.97,701881.6
118.5,mission_cruise,73.68315730961645,2500.0,43.158421345191776,4299.9,827.7,834.8,835.3,828.3,191.9,192.7,196.7,197.1,4.61,78.8,3.556,4301.0,827.0,835.0,838.0,828.0,191.4,192.9,196.4,197.4,4.59,78.0,3.502,-1.2,0.957,0,nominal,0,0.0,194.97,701881.5
118.6,mission_cruise,73.68204558087827,2500.0,43.15897720956087,4299.6,828.1,835.5,839.5,827.5,192.4,192.1,197.0,198.6,4.63,78.1,3.498,4301.0,827.0,835.0,838.0,828.0,191.4,192.9,196.4,197.4,4.59,78.0,3.502,-1.2,0.957,0,nominal,0,0.0,194.97,701881.4
118.7,mission_cruise,73.68093385214007,2500.0,43.159533073929964,4296.5,827.2,834.3,837.9,826.7,192.5,192.2,196.3,197.8,4.59,77.8,3.523,4301.0,827.0,835.0,838.0,828.0,191.4,192.9,196.4,197.4,4.59,78.0,3.502,-1.2,0.957,0,nominal,0,0.0,194.97,701881.3
118.8,mission_cruise,73.67982212340189,2500.0,43.160088938299054,4296.2,826.7,834.9,841.2,826.5,192.0,193.1,196.9,197.0,4.57,77.7,3.486,4300.9,827.0,835.0,838.0,828.0,191.4,192.9,196.4,197.4,4.59,78.0,3.502,-1.2,0.957,0,nominal,0,0.0,194.97,701881.2
118.9,mission_cruise,73.6787103946637,2500.0,43.16064480266815,4306.4,826.8,835.3,840.8,830.4,191.1,193.9,196.1,197.2,4.53,77.7,3.501,4300.9,827.0,835.0,838.0,828.0,191.4,192.9,196.4,197.4,4.59,78.0,3.501,-1.2,0.957,0,nominal,0,0.0,194.97,701881.1
119.0,mission_cruise,73.67759866592552,2500.0,43.16120066703724,4293.8,828.2,836.5,838.8,827.9,191.4,192.6,196.4,196.5,4.57,77.5,3.484,4300.9,827.0,835.0,838.0,828.0,191.4,192.9,196.4,197.4,4.59,78.0,3.501,-1.2,0.957,0,nominal,0,0.0,194.97,701881.0
119.1,mission_cruise,73.67648693718732,2500.0,43.16175653140634,4310.6,825.4,834.4,839.5,828.5,191.5,193.4,195.8,197.4,4.6,77.9,3.516,4300.8,827.0,835.0,838.0,828.0,191.4,192.9,196.4,197.4,4.59,78.0,3.501,-1.2,0.957,0,nominal,0,0.0,194.97,701880.9
119.2,mission_cruise,73.67537520844914,2500.0,43.16231239577543,4295.4,826.3,832.5,837.2,829.6,191.3,192.7,196.3,197.6,4.57,77.9,3.483,4300.8,827.0,835.0,838.0,828.0,191.4,192.9,196.4,197.4,4.59,78.0,3.501,-1.2,0.957,0,nominal,0,0.0,194.97,701880.8
119.3,mission_cruise,73.67426347971094,2500.0,43.16286826014453,4295.2,826.6,833.7,839.0,827.3,191.2,191.6,195.3,197.9,4.59,78.9,3.528,4300.8,827.0,835.0,838.0,828.0,191.4,192.9,196.4,197.4,4.59,78.0,3.501,-1.2,0.957,0,nominal,0,0.0,194.97,701880.7
119.4,mission_cruise,73.67315175097276,2500.0,43.16342412451362,4300.3,827.0,835.7,838.2,827.9,191.3,193.3,195.7,198.9,4.61,78.2,3.548,4300.7,827.0,835.0,838.0,828.0,191.4,192.9,196.4,197.4,4.59,78.0,3.501,-1.2,0.957,0,nominal,0,0.0,194.97,701880.6
119.5,mission_cruise,73.67204002223457,2500.0,43.163979988882716,4302.9,827.1,835.2,836.0,831.1,192.8,191.9,196.8,195.9,4.61,78.4,3.515,4300.7,827.0,835.0,838.0,828.0,191.4,192.9,196.4,197.4,4.59,78.0,3.501,-1.2,0.957,0,nominal,0,0.0,194.97,701880.5
119.6,mission_cruise,73.67092829349639,2500.0,43.164535853251806,4302.6,826.3,836.0,835.9,829.1,191.6,192.8,194.6,197.8,4.62,78.2,3.481,4300.7,827.0,835.0,838.0,828.0,191.4,192.9,196.4,197.4,4.59,78.0,3.501,-1.2,0.957,0,nominal,0,0.0,194.97,701880.4
119.7,mission_cruise,73.6698165647582,2500.0,43.1650917176209,4301.2,827.9,838.0,836.4,827.4,191.3,192.0,197.1,198.0,4.63,78.8,3.454,4300.6,827.0,835.0,838.0,828.0,191.4,192.9,196.4,197.4,4.59,78.0,3.501,-1.2,0.957,0,nominal,0,0.0,194.97,701880.3
119.8,mission_cruise,73.66870483602001,2500.0,43.165647581989994,4304.6,826.9,834.3,839.8,826.8,191.7,192.6,196.4,197.7,4.65,77.8,3.5,4300.6,827.0,835.0,838.0,828.0,191.4,192.9,196.4,197.4,4.59,78.0,3.501,-1.2,0.957,0,nominal,0,0.0,194.97,701880.2
119.9,mission_cruise,73.66759310728182,2500.0,43.16620344635909,4300.0,829.5,837.3,837.4,826.2,191.6,193.3,196.7,198.7,4.61,78.1,3.472,4300.5,827.0,835.0,838.0,828.0,191.4,192.9,196.4,197.4,4.59,78.0,3.501,-1.2,0.957,0,nominal,0,0.0,194.97,701880.1
120.0,mission_cruise,73.66648137854364,2500.0,43.16675931072818,4303.1,827.2,834.2,840.6,828.8,191.4,192.6,195.3,197.6,4.58,78.1,3.463,4300.5,827.0,835.0,838.0,828.0,191.4,192.9,196.4,197.4,4.59,78.0,3.501,-1.2,0.957,0,nominal,0,0.0,194.97,701880.0
120.1,mission_cruise,73.66536964980544,2500.0,43.16731517509728,4307.3,825.5,835.0,838.1,827.4,191.6,191.9,196.4,197.7,4.65,79.0,3.542,4300.5,827.0,835.0,838.0,828.0,191.4,192.9,196.4,197.4,4.59,78.0,3.501,-1.2,0.957,0,nominal,0,0.0,194.97,701879.9
120.2,mission_cruise,73.66425792106726,2500.0,43.16787103946637,4295.1,825.8,832.8,838.6,825.0,191.1,193.8,197.0,198.0,4.62,78.0,3.493,4300.4,827.0,835.0,838.0,828.0,191.3,192.8,196.3,197.3,4.59,78.0,3.501,-1.2,0.957,0,nominal,0,0.0,194.97,701879.8
120.3,mission_cruise,73.66314619232907,2500.0,43.16842690383547,4304.1,827.3,832.4,837.4,828.2,190.9,193.4,197.1,196.9,4.57,78.0,3.521,4300.4,827.0,835.0,838.0,828.0,191.3,192.8,196.3,197.3,4.59,78.0,3.501,-1.2,0.957,0,nominal,0,0.0,194.97,701879.7
120.4,mission_cruise,73.66203446359089,2500.0,43.16898276820456,4297.7,825.5,830.3,838.4,828.1,191.3,192.4,195.9,196.2,4.65,78.1,3.466,4300.4,827.0,835.0,838.0,828.0,191.3,192.8,196.3,197.3,4.59,78.0,3.501,-1.2,0.957,0,nominal,0,0.0,194.97,701879.6
120.5,mission_cruise,73.66092273485269,2500.0,43.169538632573655,4293.1,828.6,834.5,838.3,828.2,191.9,192.3,196.1,197.9,4.64,77.7,3.515,4300.3,827.0,835.0,838.0,828.0,191.3,192.8,196.3,197.3,4.59,78.0,3.501,-1.2,0.957,0,nominal,0,0.0,194.97,701879.5
120.6,mission_cruise,73.65981100611451,2500.0,43.170094496942745,4302.0,824.6,836.8,837.8,826.1,191.3,193.1,195.7,196.8,4.62,77.5,3.502,4300.3,827.0,835.0,838.0,828.0,191.3,192.8,196.3,197.3,4.59,78.0,3.501,-1.2,0.957,0,nominal,0,0.0,194.97,701879.4
120.7,mission_cruise,73.65869927737631,2500.0,43.17065036131184,4301.3,829.6,835.9,837.1,826.0,192.3,193.0,195.9,198.0,4.62,78.3,3.493,4300.3,827.0,835.0,838.0,828.0,191.3,192.8,196.3,197.3,4.59,78.0,3.501,-1.2,0.957,0,nominal,0,0.0,194.97,701879.3
120.8,mission_cruise,73.65758754863813,2500.0,43.17120622568093,4301.4,826.1,836.5,836.2,827.8,190.6,192.3,196.3,197.1,4.58,78.1,3.511,4300.2,827.0,835.0,838.0,828.0,191.3,192.8,196.3,197.3,4.59,78.0,3.501,-1.2,0.957,0,nominal,0,0.0,194.97,701879.2
120.9,mission_cruise,73.65647581989994,2500.0,43.17176209005003,4300.7,827.4,832.7,837.1,829.8,190.6,192.2,197.1,196.7,4.61,78.2,3.482,4300.2,827.0,835.0,838.0,828.0,191.3,192.8,196.3,197.3,4.59,78.0,3.501,-1.2,0.957,0,nominal,0,0.0,194.97,701879.1
121.0,mission_cruise,73.65536409116176,2500.0,43.17231795441912,4303.9,828.5,836.9,838.4,828.5,192.4,192.8,196.6,197.1,4.64,77.6,3.53,4300.1,827.0,835.0,838.0,828.0,191.3,192.8,196.3,197.3,4.59,78.0,3.501,-1.2,0.957,0,nominal,0,0.0,194.97,701879.0
121.1,mission_cruise,73.65425236242356,2500.0,43.17287381878822,4305.7,827.9,834.6,836.6,827.0,192.1,192.7,195.9,196.5,4.6,77.1,3.466,4300.1,827.0,835.0,838.0,828.0,191.3,192.8,196.3,197.3,4.59,78.0,3.5,-1.2,0.957,0,nominal,0,0.0,194.97,701878.9
121.2,mission_cruise,73.65314063368538,2500.0,43.17342968315731,4306.6,826.6,834.5,837.7,828.8,189.6,193.0,195.5,197.4,4.62,76.6,3.461,4300.1,827.0,835.0,838.0,828.0,191.3,192.8,196.3,197.3,4.59,78.0,3.5,-1.2,0.957,0,nominal,0,0.0,194.97,701878.8
121.3,mission_cruise,73.65202890494719,2500.0,43.17398554752641,4288.6,827.8,834.3,838.2,831.2,190.9,191.8,195.8,197.8,4.59,78.0,3.475,4300.0,827.0,835.0,838.0,828.0,191.3,192.8,196.3,197.3,4.59,78.0,3.5,-1.2,0.957,0,nominal,0,0.0,194.97,701878.7
121.4,mission_cruise,73.650917176209,2500.0,43.1745414118955,4306.4,827.4,833.2,837.6,828.5,191.6,193.2,195.4,196.6,4.61,77.7,3.519,4300.0,827.0,835.0,838.0,828.0,191.3,192.8,196.3,197.3,4.59,78.0,3.5,-1.2,0.957,0,nominal,0,0.0,194.97,701878.6
121.5,mission_cruise,73.64980544747081,2500.0,43.175097276264594,4303.4,830.3,836.2,839.5,828.4,190.9,192.3,197.0,198.3,4.64,78.1,3.533,4300.0,827.0,835.0,838.0,828.0,191.3,192.8,196.3,197.3,4.59,78.0,3.5,-1.2,0.957,0,nominal,0,0.0,194.97,701878.5
121.6,mission_cruise,73.64869371873263,2500.0,43.175653140633685,4296.8,825.2,835.5,838.2,829.9,191.4,192.3,196.0,197.2,4.61,78.1,3.556,4299.9,827.0,835.0,838.0,828.0,191.3,192.8,196.3,197.3,4.59,78.0,3.5,-1.2,0.957,0,nominal,0,0.0,194.97,701878.4
121.7,mission_cruise,73.64758198999444,2500.0,43.17620900500278,4305.8,824.4,836.4,838.4,830.1,191.8,192.7,196.9,197.7,4.64,77.6,3.506,4299.9,827.0,835.0,838.0,828.0,191.3,192.8,196.3,197.3,4.59,78.0,3.5,-1.2,0.957,0,nominal,0,0.0,194.97,701878.3
121.8,mission_cruise,73.64647026125625,2500.0,43.17676486937187,4295.2,827.9,835.6,838.5,826.0,191.1,192.3,196.3,197.6,4.59,77.3,3.534,4299.9,827.0,835.0,838.0,828.0,191.3,192.8,196.3,197.3,4.59,78.0,3.5,-1.2,0.957,0,nominal,0,0.0,194.97,701878.2
121.9,mission_cruise,73.64535853251806,2500.0,43.17732073374097,4304.1,827.8,833.2,837.4,828.9,191.5,192.3,195.8,197.3,4.6,77.6,3.474,4299.8,827.0,835.0,838.0,828.0,191.3,192.8,196.3,197.3,4.59,78.0,3.5,-1.2,0.957,0,nominal,0,0.0,194.97,701878.1
122.0,mission_cruise,73.64424680377988,2500.0,43.17787659811006,4287.3,825.7,834.6,835.9,829.7,190.7,193.0,195.9,197.4,4.6,78.1,3.487,4299.8,826.9,834.9,837.9,827.9,191.3,192.8,196.3,197.3,4.59,78.0,3.5,-1.2,0.957,0,nominal,0,0.0,194.97,701878.0
122.1,mission_cruise,73.64313507504168,2500.0,43.17843246247916,4311.5,829.0,833.8,836.5,829.2,190.7,192.8,194.7,198.1,4.57,78.4,3.524,4299.8,826.9,834.9,837.9,827.9,191.2,192.7,196.2,197.2,4.59,78.0,3.5,-1.2,0.957,0,nominal,0,0.0,194.97,701877.9
122.2,mission_cruise,73.6420233463035,2500.0,43.17898832684825,4305.8,825.9,833.8,837.9,827.4,191.6,193.9,195.7,196.9,4.55,78.1,3.456,4299.7,826.9,834.9,837.9,827.9,191.2,192.7,196.2,197.2,4.59,78.0,3.5,-1.2,0.957,0,nominal,0,0.0,194.97,701877.8
122.3,mission_cruise,73.64091161756531,2500.0,43.179544191217346,4299.3,826.4,835.3,837.7,828.7,191.7,192.6,196.6,196.4,4.58,78.1,3.505,4299.7,826.9,834.9,837.9,827.9,191.2,192.7,196.2,197.2,4.59,78.0,3.5,-1.2,0.957,0,nominal,0,0.0,194.97,701877.7
122.4,mission_cruise,73.63979988882713,2500.0,43.180100055586436,4301.4,826.6,834.3,837.2,828.6,191.9,194.0,196.6,198.1,4.61,77.4,3.465,4299.6,826.9,834.9,837.9,827.9,191.2,192.7,196.2,197.2,4.59,78.0,3.5,-1.2,0.957,0,nominal,0,0.0,194.97,701877.6
122.5,mission_cruise,73.63868816008893,2500.0,43.180655919955534,4293.5,828.3,837.2,837.4,828.3,190.3,193.0,196.4,197.0,4.6,78.0,3.466,4299.6,826.9,834.9,837.9,827.9,191.2,192.7,196.2,197.2,4.59,78.0,3.5,-1.2,0.957,0,nominal,0,0.0,194.97,701877.5
122.6,mission_cruise,73.63757643135075,2500.0,43.181211784324624,4294.6,828.4,836.2,841.5,828.2,190.4,191.8,196.9,196.9,4.59,77.6,3.487,4299.6,826.9,834.9,837.9,827.9,191.2,192.7,196.2,197.2,4.59,78.0,3.5,-1.2,0.957,0,nominal,0,0.0,194.97,701877.4
122.7,mission_cruise,73.63646470261256,2500.0,43.18176764869372,4293.9,826.3,832.6,837.5,828.1,191.1,192.4,196.3,196.9,4.67,77.4,3.504,4299.5,826.9,834.9,837.9,827.9,191.2,192.7,196.2,197.2,4.59,78.0,3.5,-1.2,0.957,0,nominal,0,0.0,194.97,701877.3
122.8,mission_cruise,73.63535297387438,2500.0,43.18232351306281,4295.2,825.9,832.8,839.2,827.5,191.5,193.4,196.0,197.2,4.59,77.9,3.501,4299.5,826.9,834.9,837.9,827.9,191.2,192.7,196.2,197.2,4.59,78.0,3.5,-1.2,0.957,0,nominal,0,0.0,194.97,701877.2
122.9,mission_cruise,73.63424124513618,2500.0,43.18287937743191,4301.1,825.9,834.3,837.1,826.0,192.2,191.8,196.5,197.3,4.62,77.9,3.441,4299.5,826.9,834.9,837.9,827.9,191.2,192.7,196.2,197.2,4.59,78.0,3.5,-1.2,0.957,0,nominal,0,0.0,194.97,701877.1
123.0,mission_cruise,73.633129516398,2500.0,43.183435241801,4296.4,826.9,835.6,839.2,827.4,190.9,191.9,196.0,197.6,4.6,78.1,3.508,4299.4,826.9,834.9,837.9,827.9,191.2,192.7,196.2,197.2,4.59,78.0,3.5,-1.2,0.957,0,nominal,0,0.0,194.97,701877.0
123.1,mission_cruise,73.6320177876598,2500.0,43.1839911061701,4292.2,827.5,834.0,837.2,827.6,191.9,192.0,196.2,197.4,4.62,77.5,3.479,4299.4,826.9,834.9,837.9,827.9,191.2,192.7,196.2,197.2,4.59,78.0,3.5,-1.2,0.957,0,nominal,0,0.0,194.97,701876.9
123.2,mission_cruise,73.63090605892162,2500.0,43.18454697053919,4304.2,825.5,833.0,836.2,826.6,191.7,192.7,196.3,197.6,4.6,78.4,3.509,4299.4,826.9,834.9,837.9,827.9,191.2,192.7,196.2,197.2,4.59,78.0,3.5,-1.2,0.957,0,nominal,0,0.0,194.97,701876.8
123.3,mission_cruise,73.62979433018343,2500.0,43.185102834908285,4298.4,826.9,836.4,838.7,827.8,192.3,192.9,195.6,197.4,4.6,78.7,3.488,4299.3,826.9,834.9,837.9,827.9,191.2,192.7,196.2,197.2,4.59,78.0,3.5,-1.2,0.957,0,nominal,0,0.0,194.97,701876.7
123.4,mission_cruise,73.62868260144525,2500.0,43.185658699277376,4303.1,827.1,836.4,837.9,827.2,191.2,192.8,196.4,197.0,4.54,77.9,3.449,4299.3,826.9,834.9,837.9,827.9,191.2,192.7,196.2,197.2,4.59,78.0,3.499,-1.2,0.957,0,nominal,0,0.0,194.97,701876.6
123.5,mission_cruise,73.62757087270705,2500.0,43.18621456364647,4296.4,826.2,834.3,839.1,828.4,191.5,192.5,196.7,197.9,4.64,78.2,3.525,4299.3,826.9,834.9,837.9,827.9,191.2,192.7,196.2,197.2,4.59,78.0,3.499,-1.2,0.957,0,nominal,0,0.0,194.97,701876.5
123.6,mission_cruise,73.62645914396887,2500.0,43.18677042801556,4302.6,829.9,835.8,836.6,826.2,191.9,192.3,197.0,196.3,4.61,78.8,3.486,4299.2,826.9,834.9,837.9,827.9,191.2,192.7,196.2,197.2,4.59,78.0,3.499,-1.2,0.957,0,nominal,0,0.0,194.97,701876.4
123.7,mission_cruise,73.62534741523068,2500.0,43.18732629238466,4301.4,826.4,835.6,837.5,824.9,192.2,192.7,195.6,196.8,4.62,78.0,3.503,4299.2,826.9,834.9,837.9,827.9,191.2,192.7,196.2,197.2,4.59,78.0,3.499,-1.2,0.957,0,nominal,0,0.0,194.97,701876.3
123.8,mission_cruise,73.6242356864925,2500.0,43.18788215675375,4299.7,828.2,835.0,837.1,829.7,191.6,192.0,195.9,196.0,4.58,77.7,3.501,4299.1,826.9,834.9,837.9,827.9,191.2,192.7,196.2,197.2,4.59,78.0,3.499,-1.2,0.957,0,nominal,0,0.0,194.97,701876.2
123.9,mission_cruise,73.6231239577543,2500.0,43.18843802112285,4302.1,826.1,836.0,838.5,828.7,191.0,193.0,196.2,197.2,4.6,78.5,3.512,4299.1,826.9,834.9,837.9,827.9,191.2,192.7,196.2,197.2,4.59,78.0,3.499,-1.2,0.957,0,nominal,0,0.0,194.97,701876.1
124.0,mission_cruise,73.62201222901612,2500.0,43.18899388549194,4301.5,826.9,834.2,836.2,828.4,191.7,192.2,196.7,197.5,4.6,78.0,3.51,4299.1,826.9,834.9,837.9,827.9,191.2,192.7,196.2,197.2,4.59,78.0,3.499,-1.2,0.957,0,nominal,0,0.0,194.97,701876.0
124.1,mission_cruise,73.62090050027793,2500.0,43.18954974986104,4301.0,824.1,834.6,839.4,827.9,191.5,191.0,195.9,198.0,4.58,78.4,3.487,4299.0,826.9,834.9,837.9,827.9,191.2,192.7,196.2,197.2,4.59,78.0,3.499,-1.2,0.957,0,nominal,0,0.0,194.97,701875.9
124.2,mission_cruise,73.61978877153975,2500.0,43.19010561423013,4298.7,826.0,833.9,836.2,829.0,189.8,191.6,196.1,197.3,4.58,78.2,3.502,4299.0,826.9,834.9,837.9,827.9,191.1,192.6,196.1,197.1,4.59,78.0,3.499,-1.2,0.957,0,nominal,0,0.0,194.97,701875.8
124.3,mission_cruise,73.61867704280155,2500.0,43.190661478599225,4292.9,826.7,833.5,838.2,828.4,191.3,193.1,196.5,196.5,4.61,78.2,3.481,4299.0,826.9,834.9,837.9,827.9,191.1,192.6,196.1,197.1,4.59,78.0,3.499,-1.2,0.957,0,nominal,0,0.0,194.97,701875.7
124.4,mission_cruise,73.61756531406337,2500.0,43.191217342968315,4299.7,825.0,835.3,836.1,827.5,190.8,192.4,195.9,196.2,4.62,77.6,3.471,4298.9,826.9,834.9,837.9,827.9,191.1,192.6,196.1,197.1,4.59,78.0,3.499,-1.2,0.957,0,nominal,0,0.0,194.97,701875.6
124.5,mission_cruise,73.61645358532517,2500.0,43.19177320733741,4294.9,828.0,833.3,837.0,827.3,192.5,191.8,195.5,197.1,4.54,78.6,3.485,4298.9,826.9,834.9,837.9,827.9,191.1,192.6,196.1,197.1,4.59,78.0,3.499,-1.2,0.957,0,nominal,0,0.0,194.97,701875.5
124.6,mission_cruise,73.615341856587,2500.0,43.1923290717065,4303.6,825.4,832.8,840.0,826.7,191.3,192.8,195.0,196.8,4.62,78.3,3.472,4298.9,826.9,834.9,837.9,827.9,191.1,192.6,196.1,197.1,4.59,78.0,3.499,-1.2,0.957,0,nominal,0,0.0,194.97,701875.4
124.7,mission_cruise,73.6142301278488,2500.0,43.1928849360756,4311.2,825.2,835.6,838.6,828.6,190.6,191.9,196.9,197.6,4.58,77.8,3.485,4298.8,826.9,834.9,837.9,827.9,191.1,192.6,196.1,197.1,4.59,78.0,3.499,-1.2,0.957,0,nominal,0,0.0,194.97,701875.3
124.8,mission_cruise,73.61311839911062,2500.0,43.19344080044469,4299.5,828.8,834.7,837.9,828.5,189.6,193.1,197.0,197.0,4.63,78.6,3.537,4298.8,826.9,834.9,837.9,827.9,191.1,192.6,196.1,197.1,4.59,78.0,3.499,-1.2,0.957,0,nominal,0,0.0,194.97,701875.2
124.9,mission_cruise,73.61200667037242,2500.0,43.19399666481379,4304.4,826.6,835.0,835.7,827.5,190.4,193.0,195.6,198.2,4.6,78.6,3.497,4298.8,826.9,834.9,837.9,827.9,191.1,192.6,196.1,197.1,4.59,78.0,3.499,-1.2,0.957,0,nominal,0,0.0,194.97,701875.1
125.0,mission_cruise,73.61089494163424,2500.0,43.19455252918288,4297.5,827.3,837.1,837.4,830.4,190.5,193.3,194.7,197.1,4.62,78.6,3.54,4298.7,826.9,834.9,837.9,827.9,191.1,192.6,196.1,197.1,4.59,78.0,3.499,-1.2,0.957,0,nominal,0,0.0,194.97,701875.0
125.1,mission_cruise,73.60978321289605,2500.0,43.195108393551976,4293.5,824.6,835.0,836.7,829.4,190.2,193.7,196.7,196.6,4.61,77.9,3.484,4298.7,826.9,834.9,837.9,827.9,191.1,192.6,196.1,197.1,4.59,78.0,3.499,-1.2,0.957,0,nominal,0,0.0,194.97,701874.9
125.2,mission_cruise,73.60867148415787,2500.0,43.19566425792107,4302.4,828.5,837.3,837.7,828.3,191.7,193.7,196.5,196.5,4.57,77.8,3.513,4298.6,826.9,834.9,837.9,827.9,191.1,192.6,196.1,197.1,4.59,78.0,3.499,-1.2,0.957,0,nominal,0,0.0,194.97,701874.8
125.3,mission_cruise,73.60755975541967,2500.0,43.196220122290164,4298.9,828.5,836.4,838.4,826.2,191.9,193.1,196.0,197.5,4.58,77.2,3.543,4298.6,826.9,834.9,837.9,827.9,191.1,192.6,196.1,197.1,4.59,78.0,3.499,-1.2,0.957,0,nominal,0,0.0,194.97,701874.7
125.4,mission_cruise,73.60644802668149,2500.0,43.196775986659254,4287.6,825.5,835.6,838.3,832.5,191.2,193.4,195.5,197.6,4.56,77.1,3.463,4298.6,826.9,834.9,837.9,827.9,191.1,192.6,196.1,197.1,4.59,78.0,3.499,-1.2,0.957,0,nominal,0,0.0,194.97,701874.6
125.5,mission_cruise,73.6053362979433,2500.0,43.19733185102835,4300.1,826.7,830.7,835.9,828.6,191.4,192.5,196.6,197.0,4.63,77.9,3.566,4298.5,826.9,834.9,837.9,827.9,191.1,192.6,196.1,197.1,4.59,78.0,3.499,-1.2,0.957,0,nominal,0,0.0,194.97,701874.5
125.6,mission_cruise,73.60422456920512,2500.0,43.19788771539744,4296.6,827.3,837.2,837.3,829.7,190.9,193.2,195.8,197.8,4.59,77.2,3.554,4298.5,826.9,834.9,837.9,827.9,191.1,192.6,196.1,197.1,4.59,78.0,3.499,-1.2,0.957,0,nominal,0,0.0,194.97,701874.4
125.7,mission_cruise,73.60311284046692,2500.0,43.19844357976654,4293.6,831.0,836.2,837.3,829.4,191.1,192.8,195.5,198.1,4.57,77.9,3.526,4298.5,826.9,834.9,837.9,827.9,191.1,192.6,196.1,197.1,4.59,78.0,3.498,-1.2,0.957,0,nominal,0,0.0,194.97,701874.3
125.8,mission_cruise,73.60200111172874,2500.0,43.19899944413563,4304.8,827.4,835.0,837.6,829.4,190.7,191.9,196.2,197.7,4.62,77.6,3.468,4298.4,826.9,834.9,837.9,827.9,191.1,192.6,196.1,197.1,4.59,78.0,3.498,-1.2,0.957,0,nominal,0,0.0,194.97,701874.2
125.9,mission_cruise,73.60088938299054,2500.0,43.19955530850473,4287.1,830.0,836.7,836.9,828.1,191.5,192.7,196.8,197.1,4.62,78.8,3.482,4298.4,826.9,834.9,837.9,827.9,191.1,192.6,196.1,197.1,4.59,78.0,3.498,-1.2,0.957,0,nominal,0,0.0,194.97,701874.1
126.0,mission_cruise,73.59977765425236,2500.0,43.20011117287382,4292.2,827.4,834.4,836.3,828.4,190.7,193.2,196.5,197.8,4.6,77.4,3.553,4298.4,826.9,834.9,837.9,827.9,191.1,192.6,196.1,197.1,4.59,78.0,3.498,-1.2,0.957,0,nominal,0,0.0,194.97,701874.0
126.1,mission_cruise,73.59866592551417,2500.0,43.200667037242916,4295.8,825.7,834.6,837.6,828.3,190.3,192.5,196.7,196.7,4.6,78.6,3.48,4298.3,826.9,834.9,837.9,827.9,191.1,192.6,196.1,197.1,4.59,78.0,3.498,-1.2,0.957,0,nominal,0,0.0,194.96,701873.9
126.2,mission_cruise,73.59755419677599,2500.0,43.201222901612006,4298.4,824.3,834.1,837.0,826.4,190.7,192.9,195.7,197.5,4.58,78.5,3.508,4298.3,826.9,834.9,837.9,827.9,191.1,192.6,196.1,197.1,4.59,78.0,3.498,-1.2,0.957,0,nominal,0,0.0,194.96,701873.8
126.3,mission_cruise,73.5964424680378,2500.0,43.2017787659811,4297.3,825.3,835.7,837.2,828.6,189.9,192.5,196.7,196.6,4.56,78.4,3.434,4298.3,826.9,834.9,837.9,827.9,191.1,192.6,196.1,197.1,4.59,78.0,3.498,-1.2,0.957,0,nominal,0,0.0,194.96,701873.7
126.4,mission_cruise,73.59533073929961,2500.0,43.202334630350194,4292.4,824.8,835.1,839.4,828.1,191.7,192.4,196.4,197.5,4.64,77.7,3.529,4298.2,826.9,834.9,837.9,827.9,191.1,192.6,196.1,197.1,4.59,78.0,3.498,-1.2,0.957,0,nominal,0,0.0,194.96,701873.6
126.5,mission_cruise,73.59421901056142,2500.0,43.20289049471929,4295.7,827.5,834.6,835.9,825.2,190.6,192.5,195.6,196.8,4.6,78.2,3.536,4298.2,826.9,834.9,837.9,827.9,191.1,192.6,196.1,197.1,4.59,78.0,3.498,-1.2,0.957,0,nominal,0,0.0,194.96,701873.5
126.6,mission_cruise,73.59310728182324,2500.0,43.20344635908838,4304.6,825.3,833.9,838.2,830.0,190.8,192.9,195.5,197.4,4.63,78.1,3.53,4298.1,826.9,834.9,837.9,827.9,191.1,192.6,196.1,197.1,4.59,78.0,3.498,-1.2,0.957,0,nominal,0,0.0,194.96,701873.4
126.7,mission_cruise,73.59199555308504,2500.0,43.20400222345748,4292.5,827.2,835.6,837.5,827.7,190.7,192.7,196.0,197.6,4.59,78.0,3.46,4298.1,826.9,834.9,837.9,827.9,191.1,192.6,196.1,197.1,4.59,78.0,3.498,-1.2,0.957,0,nominal,0,0.0,194.96,701873.3
126.8,mission_cruise,73.59088382434686,2500.0,43.20455808782657,4308.6,826.4,835.0,838.2,827.7,191.2,192.4,196.9,196.9,4.65,78.0,3.51,4298.1,826.9,834.9,837.9,827.9,191.0,192.5,196.0,197.0,4.59,78.0,3.498,-1.2,0.957,0,nominal,0,0.0,194.96,701873.2
126.9,mission_cruise,73.58977209560867,2500.0,43.20511395219567,4292.3,825.1,834.1,835.8,828.7,191.0,192.6,195.6,197.6,4.58,78.2,3.553,4298.0,826.9,834.9,837.9,827.9,191.0,192.5,196.0,197.0,4.59,78.0,3.498,-1.2,0.957,0,nominal,0,0.0,194.96,701873.1
127.0,mission_cruise,73.58866036687049,2500.0,43.20566981656476,4304.5,825.6,836.1,836.8,827.9,191.6,190.9,196.7,196.2,4.63,77.4,3.44,4298.0,826.9,834.9,837.9,827.9,191.0,192.5,196.0,197.0,4.59,78.0,3.498,-1.2,0.957,0,nominal,0,0.0,194.96,701873.0
127.1,mission_cruise,73.58754863813229,2500.0,43.206225680933855,4295.9,826.9,835.0,840.7,827.8,190.6,192.9,196.9,197.2,4.61,77.7,3.522,4298.0,826.9,834.9,837.9,827.9,191.0,192.5,196.0,197.0,4.59,78.0,3.498,-1.2,0.957,0,nominal,0,0.0,194.96,701872.9
127.2,mission_cruise,73.58643690939411,2500.0,43.206781545302945,4304.1,826.2,836.5,837.7,828.8,190.6,193.3,195.9,196.7,4.56,78.4,3.501,4297.9,826.8,834.8,837.8,827.8,191.0,192.5,196.0,197.0,4.59,78.0,3.498,-1.2,0.957,0,nominal,0,0.0,194.96,701872.8
127.3,mission_cruise,73.58532518065591,2500.0,43.20733740967204,4288.9,828.6,836.4,836.5,829.3,191.4,193.0,196.4,197.0,4.65,78.2,3.439,4297.9,826.8,834.8,837.8,827.8,191.0,192.5,196.0,197.0,4.59,78.0,3.498,-1.2,0.957,0,nominal,0,0.0,194.96,701872.7
127.4,mission_cruise,73.58421345191773,2500.0,43.20789327404113,4292.8,827.2,834.8,836.8,828.7,191.0,192.1,195.1,197.3,4.59,77.7,3.479,4297.9,826.8,834.8,837.8,827.8,191.0,192.5,196.0,197.0,4.59,78.0,3.498,-1.2,0.957,0,nominal,0,0.0,194.96,701872.6
127.5,mission_cruise,73.58310172317954,2500.0,43.20844913841023,4299.8,824.9,832.8,840.9,826.2,191.0,192.2,196.1,197.3,4.58,78.0,3.476,4297.8,826.8,834.8,837.8,827.8,191.0,192.5,196.0,197.0,4.59,78.0,3.498,-1.2,0.957,0,nominal,0,0.0,194.96,701872.5
127.6,mission_cruise,73.58198999444136,2500.0,43.20900500277932,4300.3,824.9,835.6,838.5,826.6,191.4,193.0,196.5,196.6,4.58,78.5,3.464,4297.8,826.8,834.8,837.8,827.8,191.0,192.5,196.0,197.0,4.59,78.0,3.498,-1.2,0.957,0,nominal,0,0.0,194.96,701872.4
127.7,mission_cruise,73.58087826570316,2500.0,43.20956086714842,4302.3,827.5,835.6,838.4,829.2,190.8,193.6,195.6,196.6,4.56,77.3,3.5,4297.7,826.8,834.8,837.8,827.8,191.0,192.5,196.0,197.0,4.59,78.0,3.498,-1.2,0.957,0,nominal,0,0.0,194.96,701872.3
127.8,mission_cruise,73.57976653696498,2500.0,43.21011673151751,4298.1,825.6,835.9,834.4,828.7,191.2,192.3,195.7,197.0,4.59,78.0,3.535,4297.7,826.8,834.8,837.8,827.8,191.0,192.5,196.0,197.0,4.59,78.0,3.498,-1.2,0.957,0,nominal,0,0.0,194.96,701872.2
127.9,mission_cruise,73.57865480822679,2500.0,43.21067259588661,4293.2,829.2,834.3,837.6,828.8,190.5,193.1,196.2,196.2,4.57,77.6,3.481,4297.7,826.8,834.8,837.8,827.8,191.0,192.5,196.0,197.0,4.59,78.0,3.497,-1.2,0.957,0,nominal,0,0.0,194.96,701872.1
128.0,mission_cruise,73.5775430794886,2500.0,43.2112284602557,4294.1,829.4,834.2,836.9,826.8,191.0,193.2,195.6,197.2,4.54,78.1,3.485,4297.6,826.8,834.8,837.8,827.8,191.0,192.5,196.0,197.0,4.59,78.0,3.497,-1.2,0.957,0,nominal,0,0.0,194.96,701872.0
128.1,mission_cruise,73.57643135075041,2500.0,43.211784324624794,4298.5,829.2,834.0,837.3,825.6,190.3,192.7,196.1,196.6,4.59,77.5,3.47,4297.6,826.8,834.8,837.8,827.8,191.0,192.5,196.0,197.0,4.59,78.0,3.497,-1.2,0.957,0,nominal,0,0.0,194.96,701871.9
128.2,mission_cruise,73.57531962201223,2500.0,43.212340188993885,4291.0,826.5,835.3,837.7,825.2,191.0,192.5,196.3,196.5,4.54,78.8,3.499,4297.6,826.8,834.8,837.8,827.8,191.0,192.5,196.0,197.0,4.59,78.0,3.497,-1.2,0.957,0,nominal,0,0.0,194.96,701871.8
128.3,mission_cruise,73.57420789327404,2500.0,43.21289605336298,4293.0,824.9,836.7,836.7,827.9,191.0,191.9,194.9,197.0,4.61,77.7,3.471,4297.5,826.8,834.8,837.8,827.8,191.0,192.5,196.0,197.0,4.59,78.0,3.497,-1.2,0.957,0,nominal,0,0.0,194.96,701871.7
128.4,mission_cruise,73.57309616453585,2500.0,43.21345191773207,4288.3,826.9,836.0,838.5,827.7,191.7,192.5,196.5,196.8,4.58,78.9,3.545,4297.5,826.8,834.8,837.8,827.8,191.0,192.5,196.0,197.0,4.59,78.0,3.497,-1.2,0.957,0,nominal,0,0.0,194.96,701871.6
128.5,mission_cruise,73.57198443579766,2500.0,43.21400778210117,4295.2,826.4,836.5,839.0,828.2,191.0,193.0,195.3,196.8,4.6,78.4,3.449,4297.5,826.8,834.8,837.8,827.8,191.0,192.5,196.0,197.0,4.59,78.0,3.497,-1.2,0.957,0,nominal,0,0.0,194.96,701871.5
128.6,mission_cruise,73.57087270705948,2500.0,43.21456364647026,4298.0,827.7,835.8,837.5,828.4,192.3,192.4,196.3,197.3,4.58,77.0,3.497,4297.4,826.8,834.8,837.8,827.8,191.0,192.5,196.0,197.0,4.59,78.0,3.497,-1.2,0.957,0,nominal,0,0.0,194.96,701871.4
128.7,mission_cruise,73.56976097832128,2500.0,43.21511951083936,4302.5,827.4,834.9,839.8,824.5,190.9,192.7,195.9,196.8,4.61,77.7,3.476,4297.4,826.8,834.8,837.8,827.8,191.0,192.5,196.0,197.0,4.59,78.0,3.497,-1.2,0.957,0,nominal,0,0.0,194.96,701871.3
128.8,mission_cruise,73.5686492495831,2500.0,43.21567537520845,4292.4,829.6,834.4,839.0,829.0,191.2,191.8,196.3,197.8,4.62,79.0,3.499,4297.4,826.8,834.8,837.8,827.8,191.0,192.5,196.0,197.0,4.59,78.0,3.497,-1.2,0.957,0,nominal,0,0.0,194.96,701871.2
128.9,mission_cruise,73.56753752084491,2500.0,43.216231239577546,4311.2,826.9,835.9,838.7,830.9,191.5,192.3,195.4,196.9,4.56,77.7,3.478,4297.3,826.8,834.8,837.8,827.8,191.0,192.5,196.0,197.0,4.59,78.0,3.497,-1.2,0.957,0,nominal,0,0.0,194.96,701871.1
129.0,mission_cruise,73.56642579210673,2500.0,43.216787103946636,4302.8,827.4,834.7,839.5,827.5,190.2,192.5,195.9,195.8,4.6,77.8,3.524,4297.3,826.8,834.8,837.8,827.8,191.0,192.5,196.0,197.0,4.59,78.0,3.497,-1.2,0.957,0,nominal,0,0.0,194.96,701871.0
129.1,mission_cruise,73.56531406336853,2500.0,43.217342968315734,4301.1,826.4,836.8,838.9,829.7,191.2,191.5,194.6,196.9,4.58,77.5,3.516,4297.2,826.8,834.8,837.8,827.8,191.0,192.5,196.0,197.0,4.59,78.0,3.497,-1.2,0.957,0,nominal,0,0.0,194.96,701870.9
129.2,mission_cruise,73.56420233463035,2500.0,43.217898832684824,4306.0,827.4,836.6,839.9,829.0,190.3,191.8,197.1,197.3,4.66,78.3,3.505,4297.2,826.8,834.8,837.8,827.8,191.0,192.5,196.0,197.0,4.59,78.0,3.497,-1.2,0.957,0,nominal,0,0.0,194.96,701870.8
129.3,mission_cruise,73.56309060589216,2500.0,43.21845469705392,4300.6,825.5,834.5,837.2,828.0,191.7,192.7,195.0,195.8,4.62,77.9,3.55,4297.2,826.8,834.8,837.8,827.8,191.0,192.5,196.0,197.0,4.59,78.0,3.497,-1.2,0.957,0,nominal,0,0.0,194.96,701870.7
129.4,mission_cruise,73.56197887715398,2500.0,43.21901056142301,4296.1,828.1,834.6,838.9,828.0,190.7,192.0,194.9,197.9,4.55,78.3,3.471,4297.1,826.8,834.8,837.8,827.8,191.0,192.5,196.0,197.0,4.59,78.0,3.497,-1.2,0.957,0,nominal,0,0.0,194.96,701870.6
129.5,mission_cruise,73.56086714841578,2500.0,43.21956642579211,4299.7,831.1,833.6,837.9,826.7,191.2,192.5,195.8,196.8,4.6,78.4,3.552,4297.1,826.8,834.8,837.8,827.8,191.0,192.5,196.0,197.0,4.59,78.0,3.497,-1.2,0.957,0,nominal,0,0.0,194.96,701870.5
129.6,mission_cruise,73.5597554196776,2500.0,43.2201222901612,4305.4,826.8,834.8,838.8,828.4,190.5,192.9,195.8,197.2,4.63,77.8,3.468,4297.1,826.8,834.8,837.8,827.8,191.0,192.5,196.0,197.0,4.59,78.0,3.497,-1.2,0.957,0,nominal,0,0.0,194.96,701870.4
129.7,mission_cruise,73.5586436909394,2500.0,43.2206781545303,4301.0,825.2,834.9,837.9,828.7,190.8,192.8,195.9,197.4,4.56,78.2,3.491,4297.0,826.8,834.8,837.8,827.8,191.0,192.5,196.0,197.0,4.59,78.0,3.497,-1.2,0.957,0,nominal,0,0.0,194.96,701870.3
129.8,mission_cruise,73.55753196220122,2500.0,43.22123401889939,4291.0,826.4,836.2,840.3,827.0,192.0,191.5,195.9,197.6,4.59,77.9,3.567,4297.0,826.8,834.8,837.8,827.8,191.0,192.5,196.0,197.0,4.59,78.0,3.497,-1.2,0.957,0,nominal,0,0.0,194.96,701870.2
129.9,mission_cruise,73.55642023346303,2500.0,43.221789883268485,4294.9,828.1,834.3,837.4,827.3,190.9,191.2,196.9,197.4,4.57,78.3,3.475,4297.0,826.8,834.8,837.8,827.8,190.9,192.4,195.9,196.9,4.59,78.0,3.497,-1.2,0.957,0,nominal,0,0.0,194.96,701870.1
130.0,mission_cruise,73.55530850472485,2500.0,43.222345747637576,4285.7,827.7,834.5,836.3,826.9,190.8,192.5,195.3,197.0,4.6,76.8,3.544,4296.9,826.8,834.8,837.8,827.8,190.9,192.4,195.9,196.9,4.59,78.0,3.497,-1.2,0.957,0,nominal,0,0.0,194.96,701870.0
130.1,mission_cruise,73.55419677598665,2500.0,43.22290161200667,4291.6,825.9,832.8,837.5,828.5,189.7,192.4,196.4,196.1,4.57,78.3,3.512,4296.9,826.8,834.8,837.8,827.8,190.9,192.4,195.9,196.9,4.59,78.0,3.497,-1.2,0.957,0,nominal,0,0.0,194.96,701869.9
130.2,mission_cruise,73.55308504724847,2500.0,43.22345747637576,4302.2,825.1,836.5,838.1,826.7,190.6,191.6,197.4,195.4,4.62,77.7,3.503,4296.9,826.8,834.8,837.8,827.8,190.9,192.4,195.9,196.9,4.59,78.0,3.496,-1.2,0.957,0,nominal,0,0.0,194.96,701869.8
130.3,mission_cruise,73.55197331851028,2500.0,43.22401334074486,4299.8,827.0,832.9,838.8,825.5,190.7,192.7,196.1,195.9,4.54,77.7,3.495,4296.8,826.8,834.8,837.8,827.8,190.9,192.4,195.9,196.9,4.59,78.0,3.496,-1.2,0.957,0,nominal,0,0.0,194.96,701869.7
130.4,mission_cruise,73.5508615897721,2500.0,43.22456920511395,4295.8,827.6,835.6,838.7,826.2,191.3,193.1,195.3,197.5,4.63,77.9,3.493,4296.8,826.8,834.8,837.8,827.8,190.9,192.4,195.9,196.9,4.59,78.0,3.496,-1.2,0.957,0,nominal,0,0.0,194.96,701869.6
130.5,mission_cruise,73.5497498610339,2500.0,43.22512506948305,4298.5,826.0,835.4,837.4,827.7,189.9,193.6,196.3,196.7,4.61,78.6,3.531,4296.7,826.8,834.8,837.8,827.8,190.9,192.4,195.9,196.9,4.59,78.0,3.496,-1.2,0.957,0,nominal,0,0.0,194.96,701869.5
130.6,mission_cruise,73.54863813229572,2500.0,43.22568093385214,4290.9,826.1,833.7,838.2,827.2,189.5,193.3,195.9,197.0,4.62,77.5,3.479,4296.7,826.8,834.8,837.8,827.8,190.9,192.4,195.9,196.9,4.59,78.0,3.496,-1.2,0.957,0,nominal,0,0.0,194.96,701869.4
130.7,mission_cruise,73.54752640355753,2500.0,43.22623679822124,4295.1,825.6,836.2,839.9,826.6,191.9,192.7,196.5,196.8,4.59,77.8,3.517,4296.7,826.8,834.8,837.8,827.8,190.9,192.4,195.9,196.9,4.59,78.0,3.496,-1.2,0.957,0,nominal,0,0.0,194.96,701869.3
130.8,mission_cruise,73.54641467481935,2500.0,43.22679266259033,4301.3,826.7,835.6,839.9,828.0,190.0,191.6,196.2,196.2,4.59,78.6,3.542,4296.6,826.8,834.8,837.8,827.8,190.9,192.4,195.9,196.9,4.59,78.0,3.496,-1.2,0.957,0,nominal,0,0.0,194.96,701869.2
130.9,mission_cruise,73.54530294608115,2500.0,43.227348526959425,4297.3,827.8,833.3,837.2,828.0,191.3,191.5,197.3,197.0,4.55,77.8,3.504,4296.6,826.8,834.8,837.8,827.8,190.9,192.4,195.9,196.9,4.59,78.0,3.496,-1.2,0.957,0,nominal,0,0.0,194.96,701869.1
131.0,mission_cruise,73.54419121734297,2500.0,43.227904391328515,4292.8,826.3,833.9,836.5,830.5,191.1,191.7,196.2,196.9,4.6,77.7,3.51,4296.6,826.8,834.8,837.8,827.8,190.9,192.4,195.9,196.9,4.59,78.0,3.496,-1.2,0.957,0,nominal,0,0.0,194.96,701869.0
131.1,mission_cruise,73.54307948860477,2500.0,43.22846025569761,4290.7,826.5,836.6,838.3,828.1,190.0,192.6,195.2,196.0,4.57,78.0,3.462,4296.5,826.8,834.8,837.8,827.8,190.9,192.4,195.9,196.9,4.59,78.0,3.496,-1.2,0.957,0,nominal,0,0.0,194.96,701868.9
131.2,mission_cruise,73.5419677598666,2500.0,43.2290161200667,4297.3,823.1,836.7,837.5,827.1,190.8,192.7,195.2,197.0,4.62,78.1,3.437,4296.5,826.8,834.8,837.8,827.8,190.9,192.4,195.9,196.9,4.59,78.0,3.496,-1.2,0.957,0,nominal,0,0.0,194.96,701868.8
131.3,mission_cruise,73.5408560311284,2500.0,43.2295719844358,4295.2,828.1,833.5,837.4,829.4,191.2,192.4,195.5,196.6,4.62,78.1,3.451,4296.5,826.8,834.8,837.8,827.8,190.9,192.4,195.9,196.9,4.59,78.0,3.496,-1.2,0.957,0,nominal,0,0.0,194.96,701868.7
131.4,mission_cruise,73.53974430239022,2500.0,43.23012784880489,4299.1,826.2,837.2,839.8,826.1,192.2,191.6,195.0,196.9,4.53,78.4,3.487,4296.4,826.8,834.8,837.8,827.8,190.9,192.4,195.9,196.9,4.59,78.0,3.496,-1.2,0.957,0,nominal,0,0.0,194.96,701868.6
131.5,mission_cruise,73.53863257365202,2500.0,43.23068371317399,4299.4,828.1,834.0,837.4,825.5,191.5,192.9,196.2,197.4,4.59,78.6,3.519,4296.4,826.8,834.8,837.8,827.8,190.9,192.4,195.9,196.9,4.59,78.0,3.496,-1.2,0.957,0,nominal,0,0.0,194.96,701868.5
131.6,mission_cruise,73.53752084491384,2500.0,43.23123957754308,4302.5,828.0,834.6,836.4,829.4,192.1,191.9,196.3,195.4,4.6,77.7,3.486,4296.4,826.8,834.8,837.8,827.8,190.9,192.4,195.9,196.9,4.59,78.0,3.496,-1.2,0.957,0,nominal,0,0.0,194.96,701868.4
131.7,mission_cruise,73.53640911617565,2500.0,43.231795441912176,4290.7,826.5,836.4,836.7,827.8,190.6,192.7,195.8,197.0,4.58,77.5,3.524,4296.3,826.8,834.8,837.8,827.8,190.9,192.4,195.9,196.9,4.59,78.0,3.496,-1.2,0.957,0,nominal,0,0.0,194.96,701868.3
131.8,mission_cruise,73.53529738743747,2500.0,43.23235130628127,4298.8,830.0,835.9,838.3,828.0,191.4,191.9,196.5,197.6,4.58,77.6,3.565,4296.3,826.8,834.8,837.8,827.8,190.9,192.4,195.9,196.9,4.59,78.0,3.496,-1.2,0.957,0,nominal,0,0.0,194.96,701868.2
131.9,mission_cruise,73.53418565869927,2500.0,43.232907170650364,4298.2,828.6,835.2,839.8,826.6,192.2,193.1,196.6,197.0,4.62,78.0,3.493,4296.2,826.8,834.8,837.8,827.8,190.9,192.4,195.9,196.9,4.59,78.0,3.496,-1.2,0.957,0,nominal,0,0.0,194.96,701868.1
132.0,mission_cruise,73.53307392996109,2500.0,43.233463035019454,4292.0,827.8,835.0,837.7,826.2,190.0,191.4,195.6,196.7,4.62,78.0,3.517,4296.2,826.8,834.8,837.8,827.8,190.9,192.4,195.9,196.9,4.59,78.0,3.496,-1.2,0.957,0,nominal,0,0.0,194.96,701868.0
132.1,mission_cruise,73.5319622012229,2500.0,43.23401889938855,4295.0,825.5,834.1,837.6,829.2,190.0,192.0,196.4,197.5,4.61,78.1,3.498,4296.2,826.8,834.8,837.8,827.8,190.9,192.4,195.9,196.9,4.59,78.0,3.496,-1.2,0.957,0,nominal,0,0.0,194.96,701867.9
132.2,mission_cruise,73.53085047248472,2500.0,43.23457476375764,4309.4,826.3,835.6,837.3,828.3,190.9,191.9,196.1,197.3,4.58,77.8,3.521,4296.1,826.8,834.8,837.8,827.8,190.9,192.4,195.9,196.9,4.59,78.0,3.496,-1.2,0.957,0,nominal,0,0.0,194.96,701867.8
132.3,mission_cruise,73.52973874374652,2500.0,43.23513062812674,4302.7,828.0,834.5,837.5,830.4,191.0,193.0,195.2,195.9,4.63,77.6,3.451,4296.1,826.8,834.8,837.8,827.8,190.9,192.4,195.9,196.9,4.59,78.0,3.496,-1.2,0.957,0,nominal,0,0.0,194.96,701867.7
132.4,mission_cruise,73.52862701500834,2500.0,43.23568649249583,4292.0,824.4,834.0,839.1,827.2,191.1,192.4,195.7,196.8,4.57,77.9,3.511,4296.1,826.7,834.7,837.7,827.7,190.9,192.4,195.9,196.9,4.59,78.0,3.496,-1.2,0.957,0,nominal,0,0.0,194.96,701867.6
132.5,mission_cruise,73.52751528627014,2500.0,43.23624235686493,4296.2,826.1,832.1,839.1,827.9,191.0,191.9,196.1,196.0,4.6,78.1,3.437,4296.0,826.7,834.7,837.7,827.7,190.9,192.4,195.9,196.9,4.59,78.0,3.495,-1.2,0.957,0,nominal,0,0.0,194.96,701867.5
132.6,mission_cruise,73.52640355753196,2500.0,43.23679822123402,4298.8,827.3,833.1,836.6,826.6,189.8,192.3,194.9,196.8,4.58,78.2,3.456,4296.0,826.7,834.7,837.7,827.7,190.9,192.4,195.9,196.9,4.59,78.0,3.495,-1.2,0.957,0,nominal,0,0.0,194.96,701867.4
132.7,mission_cruise,73.52529182879377,2500.0,43.237354085603116,4304.5,822.8,833.9,841.1,825.8,191.9,192.9,195.4,196.7,4.59,78.1,3.481,4296.0,826.7,834.7,837.7,827.7,190.9,192.4,195.9,196.9,4.59,78.0,3.495,-1.2,0.957,0,nominal,0,0.0,194.96,701867.3
132.8,mission_cruise,73.52418010005559,2500.0,43.237909949972206,4290.5,824.7,835.6,835.7,828.6,190.6,192.5,195.0,196.7,4.63,77.5,3.485,4295.9,826.7,834.7,837.7,827.7,190.9,192.4,195.9,196.9,4.59,78.0,3.495,-1.2,0.957,0,nominal,0,0.0,194.96,701867.2
132.9,mission_cruise,73.5230683713174,2500.0,43.2384658143413,4289.2,826.3,832.8,835.4,828.9,190.6,192.6,196.1,197.1,4.56,78.1,3.511,4295.9,826.7,834.7,837.7,827.7,190.9,192.4,195.9,196.9,4.59,78.0,3.495,-1.2,0.957,0,nominal,0,0.0,194.96,701867.1
133.0,mission_cruise,73.52195664257921,2500.0,43.239021678710394,4301.0,826.3,835.1,838.0,826.7,191.0,191.7,195.5,196.9,4.6,78.4,3.504,4295.9,826.7,834.7,837.7,827.7,190.9,192.4,195.9,196.9,4.59,78.0,3.495,-1.2,0.957,0,nominal,0,0.0,194.96,701867.0
133.1,mission_cruise,73.52084491384102,2500.0,43.23957754307949,4295.2,827.2,834.7,838.5,828.8,191.1,192.4,195.3,198.3,4.63,77.7,3.53,4295.8,826.7,834.7,837.7,827.7,190.9,192.4,195.9,196.9,4.59,78.0,3.495,-1.2,0.957,0,nominal,0,0.0,194.96,701866.9
133.2,mission_cruise,73.51973318510284,2500.0,43.24013340744858,4292.6,825.8,833.7,837.1,824.8,191.6,192.7,196.5,196.8,4.56,77.7,3.503,4295.8,826.7,834.7,837.7,827.7,190.9,192.4,195.9,196.9,4.59,78.0,3.495,-1.2,0.957,0,nominal,0,0.0,194.96,701866.8
133.3,mission_cruise,73.51862145636464,2500.0,43.24068927181768,4295.6,826.1,834.7,838.2,827.7,190.6,191.3,195.3,196.7,4.58,77.7,3.496,4295.7,826.7,834.7,837.7,827.7,190.9,192.4,195.9,196.9,4.59,78.0,3.495,-1.2,0.957,0,nominal,0,0.0,194.96,701866.7
133.4,mission_cruise,73.51750972762646,2500.0,43.24124513618677,4301.4,828.1,833.7,838.0,828.2,191.4,192.6,196.4,196.6,4.52,77.7,3.46,4295.7,826.7,834.7,837.7,827.7,190.9,192.4,195.9,196.9,4.59,78.0,3.495,-1.2,0.957,0,nominal,0,0.0,194.96,701866.6
133.5,mission_cruise,73.51639799888827,2500.0,43.24180100055587,4293.0,827.4,831.5,839.0,827.0,190.5,192.2,195.0,196.5,4.63,78.1,3.466,4295.7,826.7,834.7,837.7,827.7,190.9,192.4,195.9,196.9,4.59,78.0,3.495,-1.2,0.957,0,nominal,0,0.0,194.96,701866.5
133.6,mission_cruise,73.51528627015009,2500.0,43.24235686492496,4309.9,827.2,835.0,836.3,828.2,190.9,193.3,195.5,196.8,4.59,78.0,3.524,4295.6,826.7,834.7,837.7,827.7,190.9,192.4,195.9,196.9,4.59,78.0,3.495,-1.2,0.957,0,nominal,0,0.0,194.96,701866.4
133.7,mission_cruise,73.51417454141189,2500.0,43.242912729294055,4307.7,823.9,834.9,838.2,827.5,190.5,192.3,196.3,197.3,4.64,77.6,3.516,4295.6,826.7,834.7,837.7,827.7,190.9,192.4,195.9,196.9,4.59,78.0,3.495,-1.2,0.957,0,nominal,0,0.0,194.96,701866.3
133.8,mission_cruise,73.51306281267371,2500.0,43.243468593663145,4300.0,826.2,832.7,836.7,829.1,191.3,191.8,195.1,196.4,4.59,77.5,3.518,4295.6,826.7,834.7,837.7,827.7,190.9,192.4,195.9,196.9,4.59,78.0,3.495,-1.2,0.957,0,nominal,0,0.0,194.96,701866.2
133.9,mission_cruise,73.51195108393551,2500.0,43.24402445803224,4297.6,826.8,836.8,837.7,826.9,191.1,192.5,195.7,196.9,4.57,78.3,3.518,4295.5,826.7,834.7,837.7,827.7,190.8,192.3,195.8,196.8,4.59,78.0,3.495,-1.2,0.957,0,nominal,0,0.0,194.96,701866.1
134.0,mission_cruise,73.51083935519733,2500.0,43.24458032240133,4302.6,827.1,836.3,836.8,830.7,190.7,191.5,195.1,196.8,4.58,78.2,3.526,4295.5,826.7,834.7,837.7,827.7,190.8,192.3,195.8,196.8,4.59,78.0,3.495,-1.2,0.957,0,nominal,0,0.0,194.96,701866.0
134.1,mission_cruise,73.50972762645914,2500.0,43.24513618677043,4297.2,829.6,835.7,835.9,827.4,190.2,193.2,196.9,197.1,4.61,77.5,3.402,4295.5,826.7,834.7,837.7,827.7,190.8,192.3,195.8,196.8,4.59,78.0,3.495,-1.2,0.957,0,nominal,0,0.0,194.96,701865.9
134.2,mission_cruise,73.50861589772096,2500.0,43.24569205113952,4295.0,828.7,835.7,838.1,827.0,191.3,192.9,195.3,196.0,4.57,78.0,3.524,4295.4,826.7,834.7,837.7,827.7,190.8,192.3,195.8,196.8,4.59,78.0,3.495,-1.2,0.957,0,nominal,0,0.0,194.96,701865.8
134.3,mission_cruise,73.50750416898276,2500.0,43.24624791550862,4302.4,825.7,836.2,834.6,828.6,190.5,191.6,194.9,197.0,4.59,77.9,3.508,4295.4,826.7,834.7,837.7,827.7,190.8,192.3,195.8,196.8,4.59,78.0,3.495,-1.2,0.957,0,nominal,0,0.0,194.96,701865.7
134.4,mission_cruise,73.50639244024458,2500.0,43.24680377987771,4292.2,827.9,835.3,838.3,825.8,191.0,192.9,196.4,197.3,4.65,78.5,3.467,4295.3,826.7,834.7,837.7,827.7,190.8,192.3,195.8,196.8,4.59,78.0,3.495,-1.2,0.957,0,nominal,0,0.0,194.96,701865.6
134.5,mission_cruise,73.50528071150639,2500.0,43.24735964424681,4297.6,826.6,834.4,837.8,827.5,190.7,190.7,196.2,195.5,4.55,77.9,3.498,4295.3,826.7,834.7,837.7,827.7,190.8,192.3,195.8,196.8,4.59,78.0,3.495,-1.2,0.957,0,nominal,0,0.0,194.96,701865.5
134.6,mission_cruise,73.5041689827682,2500.0,43.2479155086159,4291.9,828.2,834.4,838.7,826.0,191.4,192.6,194.6,197.2,4.54,78.0,3.478,4295.3,826.7,834.7,837.7,827.7,190.8,192.3,195.8,196.8,4.59,78.0,3.495,-1.2,0.957,0,nominal,0,0.0,194.96,701865.4
134.7,mission_cruise,73.50305725403001,2500.0,43.248471372984994,4299.2,823.9,835.9,838.0,830.1,190.8,193.3,195.0,197.1,4.65,78.0,3.511,4295.2,826.7,834.7,837.7,827.7,190.8,192.3,195.8,196.8,4.59,78.0,3.495,-1.2,0.957,0,nominal,0,0.0,194.96,701865.3
134.8,mission_cruise,73.50194552529183,2500.0,43.249027237354085,4295.8,824.6,836.8,836.3,828.0,190.3,192.3,196.6,196.0,4.58,78.9,3.514,4295.2,826.7,834.7,837.7,827.7,190.8,192.3,195.8,196.8,4.59,78.0,3.494,-1.2,0.957,0,nominal,0,0.0,194.96,701865.2
134.9,mission_cruise,73.50083379655364,2500.0,43.24958310172318,4300.1,827.4,836.8,837.5,825.7,190.9,192.9,195.7,196.6,4.6,78.2,3.493,4295.2,826.7,834.7,837.7,827.7,190.8,192.3,195.8,196.8,4.59,78.0,3.494,-1.2,0.957,0,nominal,0,0.0,194.96,701865.1
135.0,mission_cruise,73.49972206781545,2500.0,43.25013896609227,4292.6,826.1,835.0,838.0,828.1,190.6,192.6,196.1,197.1,4.61,77.9,3.468,4295.1,826.7,834.7,837.7,827.7,190.8,192.3,195.8,196.8,4.59,78.0,3.494,-1.2,0.957,0,nominal,0,0.0,194.96,701865.0
135.1,mission_cruise,73.49861033907726,2500.0,43.25069483046137,4295.5,825.5,837.4,835.2,825.9,191.5,191.2,195.7,196.4,4.58,78.2,3.446,4295.1,826.7,834.7,837.7,827.7,190.8,192.3,195.8,196.8,4.59,78.0,3.494,-1.2,0.957,0,nominal,0,0.0,194.96,701864.9
135.2,mission_cruise,73.49749861033908,2500.0,43.25125069483046,4288.4,827.1,834.5,838.4,827.2,190.7,193.1,195.5,197.5,4.6,77.7,3.467,4295.1,826.7,834.7,837.7,827.7,190.8,192.3,195.8,196.8,4.59,78.0,3.494,-1.2,0.957,0,nominal,0,0.0,194.96,701864.8
135.3,mission_cruise,73.49638688160088,2500.0,43.25180655919956,4293.4,826.7,835.5,839.1,827.5,191.5,191.0,196.6,196.2,4.61,77.5,3.552,4295.0,826.7,834.7,837.7,827.7,190.8,192.3,195.8,196.8,4.59,78.0,3.494,-1.2,0.957,0,nominal,0,0.0,194.96,701864.7
135.4,mission_cruise,73.4952751528627,2500.0,43.25236242356865,4299.9,825.8,834.9,839.7,829.5,190.6,193.1,195.0,197.8,4.62,77.7,3.481,4295.0,826.7,834.7,837.7,827.7,190.8,192.3,195.8,196.8,4.59,78.0,3.494,-1.2,0.957,0,nominal,0,0.0,194.96,701864.6
135.5,mission_cruise,73.49416342412451,2500.0,43.252918287937746,4285.9,829.6,835.7,840.0,829.2,190.7,193.0,194.9,197.4,4.61,77.6,3.525,4295.0,826.7,834.7,837.7,827.7,190.8,192.3,195.8,196.8,4.59,78.0,3.494,-1.2,0.957,0,nominal,0,0.0,194.96,701864.5
135.6,mission_cruise,73.49305169538633,2500.0,43.253474152306836,4295.8,827.0,837.1,839.4,828.6,191.0,192.0,196.0,197.1,4.59,78.2,3.487,4294.9,826.7,834.7,837.7,827.7,190.8,192.3,195.8,196.8,4.59,78.0,3.494,-1.2,0.957,0,nominal,0,0.0,194.96,701864.4
135.7,mission_cruise,73.49193996664813,2500.0,43.254030016675934,4292.4,824.8,834.0,837.9,828.8,191.3,192.6,196.1,197.1,4.61,78.1,3.58,4294.9,826.7,834.7,837.7,827.7,190.8,192.3,195.8,196.8,4.59,78.0,3.494,-1.2,0.957,0,nominal,0,0.0,194.96,701864.3
135.8,mission_cruise,73.49082823790995,2500.0,43.254585881045024,4295.6,825.7,837.2,836.1,826.9,191.0,192.2,194.8,196.1,4.59,77.9,3.489,4294.8,826.7,834.7,837.7,827.7,190.8,192.3,195.8,196.8,4.59,78.0,3.494,-1.2,0.957,0,nominal,0,0.0,194.96,701864.2
135.9,mission_cruise,73.48971650917176,2500.0,43.25514174541412,4294.4,826.0,836.5,835.2,827.5,190.9,191.9,196.1,196.3,4.61,77.4,3.475,4294.8,826.7,834.7,837.7,827.7,190.8,192.3,195.8,196.8,4.59,78.0,3.494,-1.2,0.957,0,nominal,0,0.0,194.96,701864.1
136.0,mission_cruise,73.48860478043358,2500.0,43.25569760978321,4290.9,825.4,837.6,837.4,824.3,190.4,193.0,195.0,197.5,4.6,78.2,3.5,4294.8,826.7,834.7,837.7,827.7,190.8,192.3,195.8,196.8,4.59,78.0,3.494,-1.2,0.957,0,nominal,0,0.0,194.96,701864.0
136.1,mission_cruise,73.48749305169538,2500.0,43.25625347415231,4297.1,825.4,836.5,839.6,827.7,188.8,192.4,195.5,196.7,4.58,78.6,3.461,4294.7,826.7,834.7,837.7,827.7,190.8,192.3,195.8,196.8,4.59,78.0,3.494,-1.2,0.957,0,nominal,0,0.0,194.96,701863.9
136.2,mission_cruise,73.4863813229572,2500.0,43.2568093385214,4288.3,826.4,836.0,836.8,823.7,190.5,192.9,196.3,196.4,4.61,78.7,3.487,4294.7,826.7,834.7,837.7,827.7,190.8,192.3,195.8,196.8,4.59,78.0,3.494,-1.2,0.957,0,nominal,0,0.0,194.96,701863.8
136.3,mission_cruise,73.485269594219,2500.0,43.2573652028905,4302.9,827.3,833.8,838.9,828.0,190.9,192.4,195.8,196.8,4.56,78.3,3.469,4294.7,826.7,834.7,837.7,827.7,190.8,192.3,195.8,196.8,4.59,78.0,3.494,-1.2,0.957,0,nominal,0,0.0,194.96,701863.7
136.4,mission_cruise,73.48415786548082,2500.0,43.25792106725959,4288.1,827.1,834.3,837.3,828.3,190.8,192.8,195.4,196.7,4.61,78.4,3.521,4294.6,826.7,834.7,837.7,827.7,190.8,192.3,195.8,196.8,4.59,78.0,3.494,-1.2,0.957,0,nominal,0,0.0,194.96,701863.6
136.5,mission_cruise,73.48304613674263,2500.0,43.258476931628685,4295.8,826.7,834.1,837.3,825.7,190.0,191.4,196.3,198.0,4.62,77.7,3.488,4294.6,826.7,834.7,837.7,827.7,190.8,192.3,195.8,196.8,4.59,78.0,3.494,-1.2,0.957,0,nominal,0,0.0,194.96,701863.5
136.6,mission_cruise,73.48193440800445,2500.0,43.259032795997776,4302.5,827.1,833.6,836.3,824.9,190.8,191.2,196.9,197.8,4.62,78.3,3.452,4294.6,826.7,834.7,837.7,827.7,190.8,192.3,195.8,196.8,4.59,78.0,3.494,-1.2,0.957,0,nominal,0,0.0,194.96,701863.4
136.7,mission_cruise,73.48082267926625,2500.0,43.25958866036687,4294.2,824.5,836.2,835.2,828.1,190.1,192.1,195.6,197.0,4.59,78.1,3.449,4294.5,826.7,834.7,837.7,827.7,190.8,192.3,195.8,196.8,4.59,78.0,3.494,-1.2,0.957,0,nominal,0,0.0,194.96,701863.3
136.8,mission_cruise,73.47971095052807,2500.0,43.26014452473596,4298.3,826.9,836.0,836.5,827.1,190.4,192.8,195.9,197.5,4.62,78.0,3.533,4294.5,826.7,834.7,837.7,827.7,190.8,192.3,195.8,196.8,4.59,78.0,3.494,-1.2,0.957,0,nominal,0,0.0,194.96,701863.2
136.9,mission_cruise,73.47859922178988,2500.0,43.26070038910506,4284.1,827.3,834.3,837.0,827.9,190.6,192.0,195.1,198.3,4.62,78.3,3.498,4294.5,826.7,834.7,837.7,827.7,190.8,192.3,195.8,196.8,4.59,78.0,3.494,-1.2,0.957,0,nominal,0,0.0,194.96,701863.1
137.0,mission_cruise,73.4774874930517,2500.0,43.26125625347415,4298.2,825.3,834.1,836.8,828.9,192.3,192.6,196.3,196.7,4.56,78.1,3.493,4294.4,826.7,834.7,837.7,827.7,190.8,192.3,195.8,196.8,4.59,78.0,3.493,-1.2,0.957,0,nominal,0,0.0,194.96,701863.0
137.1,mission_cruise,73.4763757643135,2500.0,43.26181211784325,4291.9,826.2,834.4,837.8,829.3,190.2,191.9,195.4,197.6,4.6,78.0,3.464,4294.4,826.7,834.7,837.7,827.7,190.8,192.3,195.8,196.8,4.59,78.0,3.493,-1.2,0.957,0,nominal,0,0.0,194.96,701862.9
137.2,mission_cruise,73.47526403557532,2500.0,43.26236798221234,4291.3,826.6,837.4,836.3,829.0,191.5,192.4,195.2,196.7,4.59,77.6,3.506,4294.3,826.7,834.7,837.7,827.7,190.8,192.3,195.8,196.8,4.59,78.0,3.493,-1.2,0.957,0,nominal,0,0.0,194.96,701862.8
137.3,mission_cruise,73.47415230683713,2500.0,43.26292384658144,4291.5,826.0,833.5,837.6,824.6,189.0,193.1,195.7,195.1,4.58,78.3,3.45,4294.3,826.7,834.7,837.7,827.7,190.8,192.3,195.8,196.8,4.59,78.0,3.493,-1.2,0.957,0,nominal,0,0.0,194.96,701862.7
137.4,mission_cruise,73.47304057809895,2500.0,43.26347971095053,4295.8,827.4,832.4,839.4,829.7,191.3,192.3,196.0,196.8,4.59,78.6,3.48,4294.3,826.7,834.7,837.7,827.7,190.8,192.3,195.8,196.8,4.59,78.0,3.493,-1.2,0.957,0,nominal,0,0.0,194.96,701862.6
137.5,mission_cruise,73.47192884936075,2500.0,43.264035575319625,4286.1,828.2,832.1,836.3,827.2,190.5,191.2,196.0,196.2,4.62,78.3,3.552,4294.2,826.7,834.7,837.7,827.7,190.8,192.3,195.8,196.8,4.59,78.0,3.493,-1.2,0.957,0,nominal,0,0.0,194.96,701862.5
137.6,mission_cruise,73.47081712062257,2500.0,43.264591439688715,4291.9,826.2,835.3,834.9,828.5,190.7,193.3,195.7,197.2,4.59,78.4,3.524,4294.2,826.6,834.6,837.6,827.6,190.8,192.3,195.8,196.8,4.59,78.0,3.493,-1.2,0.957,0,nominal,0,0.0,194.96,701862.4
137.7,mission_cruise,73.46970539188437,2500.0,43.26514730405781,4295.5,824.5,833.0,839.4,832.0,190.6,192.7,196.1,196.3,4.59,77.9,3.461,4294.2,826.6,834.6,837.6,827.6,190.8,192.3,195.8,196.8,4.59,78.0,3.493,-1.2,0.957,0,nominal,0,0.0,194.96,701862.3
137.8,mission_cruise,73.4685936631462,2500.0,43.2657031684269,4292.8,825.7,832.9,838.1,827.3,191.1,191.7,195.8,197.1,4.65,77.8,3.464,4294.1,826.6,834.6,837.6,827.6,190.8,192.3,195.8,196.8,4.59,78.0,3.493,-1.2,0.957,0,nominal,0,0.0,194.96,701862.2
137.9,mission_cruise,73.467481934408,2500.0,43.266259032796,4293.0,823.9,835.2,839.9,823.3,190.6,192.0,196.1,196.7,4.57,79.0,3.493,4294.1,826.6,834.6,837.6,827.6,190.8,192.3,195.8,196.8,4.59,78.0,3.493,-1.2,0.957,0,nominal,0,0.0,194.96,701862.1
138.0,mission_cruise,73.46637020566982,2500.0,43.26681489716509,4303.2,828.3,834.9,836.0,825.5,191.0,192.9,196.0,196.6,4.58,77.7,3.48,4294.1,826.6,834.6,837.6,827.6,190.8,192.3,195.8,196.8,4.59,78.0,3.493,-1.2,0.957,0,nominal,0,0.0,194.96,701862.0
138.1,mission_cruise,73.46525847693162,2500.0,43.26737076153419,4296.1,828.3,834.6,837.5,828.1,190.9,191.9,195.7,195.9,4.55,77.4,3.576,4294.0,826.6,834.6,837.6,827.6,190.8,192.3,195.8,196.8,4.59,78.0,3.493,-1.2,0.957,0,nominal,0,0.0,194.96,701861.9
138.2,mission_cruise,73.46414674819344,2500.0,43.26792662590328,4284.4,824.5,835.1,837.9,826.9,189.7,191.1,195.8,196.3,4.59,78.7,3.508,4294.0,826.6,834.6,837.6,827.6,190.8,192.3,195.8,196.8,4.59,78.0,3.493,-1.2,0.957,0,nominal,0,0.0,194.96,701861.8
138.3,mission_cruise,73.46303501945525,2500.0,43.268482490272376,4288.2,827.6,837.1,838.3,828.6,190.6,192.1,195.4,196.7,4.64,78.0,3.468,4294.0,826.6,834.6,837.6,827.6,190.8,192.3,195.8,196.8,4.59,78.0,3.493,-1.2,0.957,0,nominal,0,0.0,194.96,701861.7
138.4,mission_cruise,73.46192329071707,2500.0,43.26903835464147,4294.3,827.2,836.3,839.0,828.5,191.1,192.4,195.5,197.1,4.59,78.4,3.504,4293.9,826.6,834.6,837.6,827.6,190.8,192.3,195.8,196.8,4.59,78.0,3.493,-1.2,0.957,0,nominal,0,0.0,194.96,701861.6
138.5,mission_cruise,73.46081156197887,2500.0,43.269594219010564,4294.1,825.6,835.3,836.4,826.2,191.1,191.5,195.0,195.5,4.58,78.2,3.481,4293.9,826.6,834.6,837.6,827.6,190.8,192.3,195.8,196.8,4.59,78.0,3.493,-1.2,0.957,0,nominal,0,0.0,194.96,701861.5
138.6,mission_cruise,73.45969983324069,2500.0,43.270150083379654,4295.2,823.9,835.0,838.2,826.1,191.3,192.9,194.8,196.0,4.59,78.7,3.446,4293.8,826.6,834.6,837.6,827.6,190.8,192.3,195.8,196.8,4.59,78.0,3.493,-1.2,0.957,0,nominal,0,0.0,194.96,701861.4
138.7,mission_cruise,73.4585881045025,2500.0,43.27070594774875,4295.9,825.7,835.0,836.9,827.0,191.0,190.5,195.8,196.2,4.54,77.6,3.456,4293.8,826.6,834.6,837.6,827.6,190.8,192.3,195.8,196.8,4.59,78.0,3.493,-1.2,0.957,0,nominal,0,0.0,194.96,701861.3
138.8,mission_cruise,73.45747637576432,2500.0,43.27126181211784,4287.3,825.5,836.7,834.9,827.9,190.3,192.5,195.7,198.0,4.59,78.3,3.459,4293.8,826.6,834.6,837.6,827.6,190.8,192.3,195.8,196.8,4.59,78.0,3.493,-1.2,0.957,0,nominal,0,0.0,194.96,701861.2
138.9,mission_cruise,73.45636464702612,2500.0,43.27181767648694,4290.8,826.1,835.3,837.6,823.7,190.7,192.8,196.3,196.7,4.6,78.3,3.508,4293.7,826.6,834.6,837.6,827.6,190.8,192.3,195.8,196.8,4.59,78.0,3.493,-1.2,0.957,0,nominal,0,0.0,194.96,701861.1
139.0,mission_cruise,73.45525291828794,2500.0,43.27237354085603,4288.2,829.1,834.1,836.9,828.1,190.4,192.1,195.4,196.8,4.61,77.3,3.51,4293.7,826.6,834.6,837.6,827.6,190.8,192.3,195.8,196.8,4.59,78.0,3.493,-1.2,0.957,0,nominal,0,0.0,194.96,701861.0
139.1,mission_cruise,73.45414118954974,2500.0,43.27292940522513,4293.1,826.2,835.4,839.0,828.0,190.4,192.3,196.3,197.3,4.59,77.5,3.464,4293.7,826.6,834.6,837.6,827.6,190.7,192.2,195.7,196.7,4.59,78.0,3.493,-1.2,0.957,1,oil_leak,0,0.0,194.96,701860.9
139.2,mission_cruise,73.45302946081156,2500.0,43.27348526959422,4284.3,823.2,834.1,838.2,826.1,191.5,192.5,196.0,196.9,4.6,77.8,3.484,4293.6,826.6,834.6,837.6,827.6,190.7,192.2,195.7,196.7,4.59,78.0,3.493,-1.2,0.957,1,oil_leak,0,0.002,193.96,698269.8
139.3,mission_cruise,73.45191773207337,2500.0,43.274041133963316,4302.2,825.2,836.1,839.0,827.6,190.6,191.5,196.0,196.9,4.65,78.4,3.471,4293.6,826.6,834.6,837.6,827.6,190.7,192.2,195.7,196.7,4.59,78.0,3.492,-1.2,0.957,1,oil_leak,0,0.004,192.97,694678.7
139.4,mission_cruise,73.45080600333519,2500.0,43.274596998332406,4298.6,827.0,834.4,836.9,826.9,191.3,193.0,196.0,196.8,4.58,78.7,3.481,4293.6,826.6,834.6,837.6,827.6,190.7,192.2,195.7,196.7,4.58,78.0,3.492,-1.2,0.957,1,oil_leak,0,0.007,191.97,691087.6
139.5,mission_cruise,73.449694274597,2500.0,43.2751528627015,4284.1,824.8,835.0,839.1,827.2,191.6,193.1,196.1,197.0,4.58,78.2,3.443,4293.5,826.6,834.6,837.6,827.6,190.7,192.2,195.7,196.7,4.58,78.0,3.492,-1.2,0.957,1,oil_leak,0,0.009,190.97,687496.5
139.6,mission_cruise,73.44858254585881,2500.0,43.275708727070594,4288.4,826.7,834.4,838.7,824.7,190.4,191.8,194.7,198.0,4.6,78.1,3.521,4293.5,826.6,834.6,837.6,827.6,190.7,192.2,195.7,196.7,4.57,78.0,3.492,-1.2,0.957,1,oil_leak,0,0.011,189.97,683905.4
139.7,mission_cruise,73.44747081712062,2500.0,43.27626459143969,4291.2,823.4,834.5,838.2,827.3,191.4,192.1,196.5,196.2,4.6,79.5,3.439,4293.5,826.6,834.6,837.6,827.6,190.7,192.2,195.7,196.7,4.57,78.0,3.492,-1.2,0.957,1,oil_leak,0,0.013,188.98,680314.3
139.8,mission_cruise,73.44635908838244,2500.0,43.27682045580878,4297.9,826.6,834.0,836.3,829.5,190.8,191.9,195.0,195.9,4.55,77.9,3.479,4293.4,826.6,834.6,837.6,827.6,190.7,192.2,195.7,196.7,4.56,78.0,3.492,-1.2,0.957,1,oil_leak,0,0.015,187.98,676723.2
139.9,mission_cruise,73.44524735964424,2500.0,43.27737632017788,4300.0,828.6,833.8,835.6,827.7,190.6,192.2,196.7,197.9,4.61,78.3,3.5,4293.4,826.6,834.6,837.6,827.6,190.7,192.2,195.7,196.7,4.56,78.0,3.492,-1.2,0.957,1,oil_leak,0,0.018,186.98,673132.1
140.0,mission_cruise,73.44413563090606,2500.0,43.27793218454697,4296.3,825.5,834.0,836.2,826.8,191.1,192.0,194.9,196.7,4.56,78.2,3.467,4293.3,826.6,834.6,837.6,827.6,190.7,192.2,195.7,196.7,4.55,78.0,3.492,-1.2,0.957,1,oil_leak,0,0.02,185.98,669541.0
140.1,mission_cruise,73.44302390216787,2500.0,43.27848804891607,4293.5,826.5,831.5,838.1,826.6,189.6,192.0,195.2,196.6,4.55,78.4,3.545,4293.3,826.6,834.6,837.6,827.6,190.7,192.2,195.7,196.7,4.55,78.0,3.492,-1.2,0.957,1,oil_leak,0,0.022,184.99,665949.9
140.2,mission_cruise,73.44191217342969,2500.0,43.27904391328516,4287.7,825.6,834.7,838.4,828.4,190.5,190.2,195.9,197.0,4.54,78.1,3.49,4293.3,826.6,834.6,837.6,827.6,190.7,192.2,195.7,196.7,4.54,78.0,3.492,-1.2,0.957,1,oil_leak,0,0.024,183.99,662358.8
140.3,mission_cruise,73.44080044469149,2500.0,43.279599777654255,4292.4,825.8,834.2,840.5,828.2,191.5,191.9,195.7,196.9,4.53,78.4,3.521,4293.2,826.6,834.6,837.6,827.6,190.7,192.2,195.7,196.7,4.54,78.0,3.492,-1.2,0.957,1,oil_leak,0,0.026,182.99,658767.7
140.4,mission_cruise,73.43968871595331,2500.0,43.280155642023345,4303.3,827.8,835.8,836.1,828.7,189.9,192.7,196.0,196.3,4.55,78.1,3.49,4293.2,826.6,834.6,837.6,827.6,190.7,192.2,195.7,196.7,4.53,78.0,3.492,-1.2,0.957,1,oil_leak,0,0.029,181.99,655176.6
140.5,mission_cruise,73.43857698721511,2500.0,43.28071150639244,4297.0,827.7,834.6,836.2,826.1,190.8,192.2,195.5,195.8,4.53,78.5,3.428,4293.2,826.6,834.6,837.6,827.6,190.7,192.2,195.7,196.7,4.52,78.0,3.492,-1.2,0.957,1,oil_leak,0,0.031,181.0,651585.5
140.6,mission_cruise,73.43746525847693,2500.0,43.28126737076153,4292.1,827.3,832.7,836.0,828.7,191.0,192.7,195.7,197.6,4.57,78.0,3.515,4293.1,826.6,834.6,837.6,827.6,190.7,192.2,195.7,196.7,4.52,78.0,3.492,-1.2,0.957,1,oil_leak,0,0.033,180.0,647994.4
140.7,mission_cruise,73.43635352973874,2500.0,43.28182323513063,4296.0,827.4,834.2,835.9,828.2,190.3,191.3,195.0,196.4,4.52,78.2,3.513,4293.1,826.6,834.6,837.6,827.6,190.7,192.2,195.7,196.7,4.51,78.0,3.492,-1.2,0.957,1,oil_leak,0,0.035,179.0,644403.3
140.8,mission_cruise,73.43524180100056,2500.0,43.28237909949972,4297.2,825.7,833.2,834.9,826.4,191.8,191.2,196.7,197.5,4.5,77.3,3.464,4293.1,826.6,834.6,837.6,827.6,190.7,192.2,195.7,196.7,4.51,78.0,3.492,-1.2,0.957,1,oil_leak,0,0.037,178.0,640812.2
140.9,mission_cruise,73.43413007226236,2500.0,43.28293496386882,4295.5,825.6,836.6,839.9,827.9,190.5,191.6,196.5,196.2,4.52,77.2,3.514,4293.0,826.6,834.6,837.6,827.6,190.7,192.2,195.7,196.7,4.5,78.0,3.492,-1.2,0.957,1,oil_leak,0,0.04,177.01,637221.1
141.0,mission_cruise,73.43301834352418,2500.0,43.28349082823791,4291.7,826.8,835.0,836.4,830.7,189.1,192.8,195.8,196.6,4.55,78.4,3.521,4293.0,826.6,834.6,837.6,827.6,190.7,192.2,195.7,196.7,4.49,78.0,3.492,-1.2,0.957,1,oil_leak,0,0.042,176.01,633630.0
141.1,mission_cruise,73.43190661478599,2500.0,43.284046692607006,4289.0,827.3,836.2,838.6,826.3,191.8,191.8,194.9,197.1,4.46,78.1,3.5,4292.9,826.6,834.6,837.6,827.6,190.7,192.2,195.7,196.7,4.49,78.0,3.492,-1.2,0.957,1,oil_leak,0,0.044,175.01,630038.9
141.2,mission_cruise,73.4307948860478,2500.0,43.2846025569761,4297.4,825.7,831.7,837.9,827.7,191.0,192.6,195.8,196.0,4.47,78.1,3.459,4292.9,826.6,834.6,837.6,827.6,190.7,192.2,195.7,196.7,4.48,78.0,3.492,-1.2,0.957,1,oil_leak,0,0.046,174.01,626447.8
141.3,mission_cruise,73.42968315730961,2500.0,43.285158421345194,4290.4,826.1,833.2,836.6,829.4,190.6,192.5,195.5,197.1,4.46,78.3,3.497,4292.9,826.6,834.6,837.6,827.6,190.7,192.2,195.7,196.7,4.47,78.0,3.492,-1.2,0.957,1,oil_leak,0,0.048,173.02,622856.7
141.4,mission_cruise,73.42857142857143,2500.0,43.285714285714285,4285.3,826.1,835.1,838.7,829.4,190.4,191.7,195.3,196.4,4.51,77.8,3.537,4292.8,826.6,834.6,837.6,827.6,190.7,192.2,195.7,196.7,4.47,78.0,3.492,-1.2,0.957,1,oil_leak,0,0.051,172.02,619265.6
141.5,mission_cruise,73.42745969983324,2500.0,43.28627015008338,4284.4,825.5,832.2,839.3,831.0,190.6,191.4,195.8,196.1,4.46,78.3,3.504,4292.8,826.6,834.6,837.6,827.6,190.7,192.2,195.7,196.7,4.46,78.0,3.492,-1.2,0.957,1,oil_leak,0,0.053,171.02,615674.5
141.6,mission_cruise,73.42634797109505,2500.0,43.28682601445247,4291.8,826.9,836.2,838.5,828.2,190.3,192.2,195.5,196.4,4.53,78.2,3.514,4292.8,826.6,834.6,837.6,827.6,190.7,192.2,195.7,196.7,4.46,78.0,3.491,-1.2,0.957,1,oil_leak,0,0.055,170.02,612083.4
141.7,mission_cruise,73.42523624235686,2500.0,43.28738187882157,4291.6,826.2,835.3,837.9,830.3,191.4,192.6,195.1,196.6,4.47,77.4,3.499,4292.7,826.6,834.6,837.6,827.6,190.7,192.2,195.7,196.7,4.45,78.0,3.491,-1.2,0.957,1,oil_leak,0,0.057,169.03,608492.3
141.8,mission_cruise,73.42412451361868,2500.0,43.28793774319066,4286.6,827.0,833.3,836.9,826.8,190.8,192.6,195.9,197.4,4.48,78.2,3.489,4292.7,826.6,834.6,837.6,827.6,190.7,192.2,195.7,196.7,4.44,78.0,3.491,-1.2,0.957,1,oil_leak,0,0.059,168.03,604901.2
141.9,mission_cruise,73.42301278488048,2500.0,43.28849360755976,4288.5,824.1,835.0,836.6,826.1,189.9,192.5,195.1,196.5,4.41,77.8,3.5,4292.7,826.6,834.6,837.6,827.6,190.7,192.2,195.7,196.7,4.44,78.0,3.491,-1.2,0.957,1,oil_leak,0,0.062,167.03,601310.1
142.0,mission_cruise,73.4219010561423,2500.0,43.28904947192885,4284.9,826.8,832.6,835.3,826.1,191.2,192.3,195.9,195.7,4.43,77.9,3.464,4292.6,826.6,834.6,837.6,827.6,190.7,192.2,195.7,196.7,4.43,78.0,3.491,-1.2,0.957,1,oil_leak,0,0.064,166.03,597719.0
142.1,mission_cruise,73.42078932740411,2500.0,43.289605336297946,4295.8,826.4,834.6,835.9,825.9,191.6,192.5,195.9,196.7,4.42,77.7,3.528,4292.6,826.6,834.6,837.6,827.6,190.7,192.2,195.7,196.7,4.42,78.0,3.491,-1.2,0.957,1,oil_leak,0,0.066,165.04,594127.9
142.2,mission_cruise,73.41967759866593,2500.0,43.290161200667036,4290.8,826.1,833.3,834.4,828.9,190.9,191.7,196.0,195.8,4.4,77.7,3.521,4292.6,826.6,834.6,837.6,827.6,190.7,192.2,195.7,196.7,4.42,78.0,3.491,-1.2,0.957,1,oil_leak,0,0.068,164.04,590536.8
142.3,mission_cruise,73.41856586992773,2500.0,43.290717065036134,4300.3,825.3,832.5,837.4,828.4,190.7,190.9,194.9,195.9,4.39,78.0,3.506,4292.5,826.6,834.6,837.6,827.6,190.7,192.2,195.7,196.7,4.41,78.0,3.491,-1.2,0.957,1,oil_leak,0,0.07,163.04,586945.7
142.4,mission_cruise,73.41745414118955,2500.0,43.291272929405224,4299.2,826.2,837.8,839.0,827.7,191.6,191.4,196.6,196.2,4.39,77.3,3.499,4292.5,826.6,834.6,837.6,827.6,190.7,192.2,195.7,196.7,4.41,78.0,3.491,-1.2,0.957,1,oil_leak,0,0.073,162.04,583354.6
142.5,mission_cruise,73.41634241245136,2500.0,43.29182879377432,4292.3,828.7,836.8,839.4,826.1,191.3,191.6,195.4,197.3,4.4,78.8,3.437,4292.4,826.6,834.6,837.6,827.6,190.7,192.2,195.7,196.7,4.4,78.0,3.491,-1.2,0.957,1,oil_leak,0,0.075,161.05,579763.5
142.6,mission_cruise,73.41523068371318,2500.0,43.29238465814341,4292.8,821.6,832.0,837.3,825.4,190.1,192.4,194.5,195.4,4.37,77.4,3.483,4292.4,826.6,834.6,837.6,827.6,190.7,192.2,195.7,196.7,4.39,78.0,3.491,-1.2,0.957,1,oil_leak,0,0.077,160.05,576172.4
142.7,mission_cruise,73.41411895497498,2500.0,43.29294052251251,4292.8,822.0,833.3,838.9,827.5,191.1,193.2,195.9,195.6,4.35,78.5,3.448,4292.4,826.5,834.5,837.5,827.5,190.7,192.2,195.7,196.7,4.39,78.0,3.491,-1.2,0.957,1,oil_leak,0,0.079,159.05,572581.3
142.8,mission_cruise,73.4130072262368,2500.0,43.2934963868816,4292.3,825.4,835.0,837.3,827.3,190.9,191.7,195.5,196.4,4.4,78.5,3.453,4292.3,826.5,834.5,837.5,827.5,190.7,192.2,195.7,196.7,4.38,78.0,3.491,-1.2,0.957,1,oil_leak,0,0.081,158.05,568990.2
142.9,mission_cruise,73.4118954974986,2500.0,43.2940522512507,4288.5,826.9,833.7,837.1,827.1,191.1,191.4,196.0,197.2,4.36,77.8,3.452,4292.3,826.5,834.5,837.5,827.5,190.7,192.2,195.7,196.7,4.38,78.0,3.491,-1.2,0.957,1,oil_leak,0,0.084,157.06,565399.1
143.0,mission_cruise,73.41078376876042,2500.0,43.29460811561979,4304.3,824.2,833.2,835.3,828.8,191.4,191.8,194.5,196.2,4.35,78.4,3.528,4292.3,826.5,834.5,837.5,827.5,190.7,192.2,195.7,196.7,4.37,78.0,3.491,-1.2,0.957,1,oil_leak,0,0.086,156.06,561808.0
143.1,mission_cruise,73.40967204002223,2500.0,43.295163979988885,4300.5,828.4,836.3,836.1,827.2,190.8,191.7,195.2,196.6,4.35,77.6,3.486,4292.2,826.5,834.5,837.5,827.5,190.7,192.2,195.7,196.7,4.36,78.0,3.491,-1.2,0.957,1,oil_leak,0,0.088,155.06,558216.9
143.2,mission_cruise,73.40856031128405,2500.0,43.295719844357976,4291.3,826.3,834.7,835.1,825.3,190.8,192.0,194.7,196.8,4.34,78.1,3.473,4292.2,826.5,834.5,837.5,827.5,190.7,192.2,195.7,196.7,4.36,78.0,3.491,-1.2,0.957,1,oil_leak,0,0.09,154.06,554625.8
143.3,mission_cruise,73.40744858254585,2500.0,43.29627570872707,4294.8,826.3,833.9,837.4,828.7,191.4,192.7,194.8,196.5,4.33,78.2,3.452,4292.2,826.5,834.5,837.5,827.5,190.7,192.2,195.7,196.7,4.35,78.0,3.491,-1.2,0.957,1,oil_leak,0,0.092,153.07,551034.7
143.4,mission_cruise,73.40633685380767,2500.0,43.29683157309616,4292.0,827.9,835.1,836.4,825.3,190.9,191.5,194.4,196.1,4.38,78.2,3.494,4292.1,826.5,834.5,837.5,827.5,190.7,192.2,195.7,196.7,4.34,78.0,3.491,-1.2,0.957,1,oil_leak,0,0.095,152.07,547443.6
143.5,mission_cruise,73.40522512506948,2500.0,43.29738743746526,4286.0,825.8,835.0,839.9,827.0,190.8,192.5,195.9,197.2,4.37,77.9,3.524,4292.1,826.5,834.5,837.5,827.5,190.7,192.2,195.7,196.7,4.34,78.0,3.491,-1.2,0.957,1,oil_leak,0,0.097,151.07,543852.5
143.6,mission_cruise,73.4041133963313,2500.0,43.29794330183435,4294.5,827.5,834.2,836.5,827.4,190.5,191.8,195.4,196.3,4.33,78.0,3.484,4292.1,826.5,834.5,837.5,827.5,190.7,192.2,195.7,196.7,4.33,78.0,3.491,-1.2,0.957,1,oil_leak,0,0.099,150.07,540261.4
143.7,mission_cruise,73.4030016675931,2500.0,43.29849916620345,4295.9,824.9,831.2,837.6,828.5,190.8,192.6,194.8,196.5,4.36,77.9,3.491,4292.0,826.5,834.5,837.5,827.5,190.7,192.2,195.7,196.7,4.33,78.0,3.491,-1.2,0.957,1,oil_leak,0,0.101,149.08,536670.3
143.8,mission_cruise,73.40188993885492,2500.0,43.29905503057254,4289.4,830.2,837.0,839.1,826.6,190.9,191.7,195.6,196.8,4.32,77.9,3.462,4292.0,826.5,834.5,837.5,827.5,190.7,192.2,195.7,196.7,4.32,78.0,3.491,-1.2,0.957,1,oil_leak,0,0.103,148.08,533079.2
143.9,mission_cruise,73.40077821011673,2500.0,43.29961089494164,4294.8,826.0,833.9,836.1,829.0,191.1,192.5,195.5,197.1,4.33,78.0,3.489,4291.9,826.5,834.5,837.5,827.5,190.7,192.2,195.7,196.7,4.31,78.0,3.49,-1.2,0.957,1,oil_leak,0,0.106,147.08,529488.1
144.0,mission_cruise,73.39966648137855,2500.0,43.30016675931073,4290.8,826.6,835.8,837.8,830.8,190.3,193.0,196.6,196.8,4.27,77.8,3.463,4291.9,826.5,834.5,837.5,827.5,190.7,192.2,195.7,196.7,4.31,78.0,3.49,-1.2,0.957,1,oil_leak,0,0.108,146.08,525897.0
144.1,mission_cruise,73.39855475264035,2500.0,43.300722623679825,4295.8,826.5,831.9,832.7,827.5,190.9,192.9,195.9,196.6,4.29,77.5,3.521,4291.9,826.5,834.5,837.5,827.5,190.7,192.2,195.7,196.7,4.3,78.0,3.49,-1.2,0.957,1,oil_leak,0,0.11,145.08,522305.9
144.2,mission_cruise,73.39744302390217,2500.0,43.301278488048915,4291.7,827.2,835.4,836.3,825.5,190.5,191.3,195.7,197.1,4.31,77.7,3.487,4291.8,826.5,834.5,837.5,827.5,190.7,192.2,195.7,196.7,4.3,78.0,3.49,-1.2,0.957,1,oil_leak,0,0.112,144.09,518714.8
144.3,mission_cruise,73.39633129516398,2500.0,43.30183435241801,4303.4,824.5,835.4,836.2,828.7,190.6,192.5,194.9,195.9,4.23,78.2,3.482,4291.8,826.5,834.5,837.5,827.5,190.7,192.2,195.7,196.7,4.29,78.0,3.49,-1.2,0.957,1,oil_leak,0,0.114,143.09,515123.7
144.4,mission_cruise,73.3952195664258,2500.0,43.3023902167871,4294.6,827.3,836.7,837.6,828.6,190.6,192.3,195.3,196.1,4.32,77.7,3.461,4291.8,826.5,834.5,837.5,827.5,190.7,192.2,195.7,196.7,4.28,78.0,3.49,-1.2,0.957,1,oil_leak,0,0.117,142.09,511532.6
144.5,mission_cruise,73.3941078376876,2500.0,43.3029460811562,4289.3,826.3,834.4,837.7,827.1,191.1,192.9,195.6,195.8,4.28,77.5,3.539,4291.7,826.5,834.5,837.5,827.5,190.7,192.2,195.7,196.7,4.28,78.0,3.49,-1.2,0.957,1,oil_leak,0,0.119,141.09,507941.5
144.6,mission_cruise,73.39299610894942,2500.0,43.30350194552529,4294.8,827.3,834.7,836.0,824.6,190.4,192.2,196.4,196.1,4.26,78.3,3.469,4291.7,826.5,834.5,837.5,827.5,190.7,192.2,195.7,196.7,4.27,78.0,3.49,-1.2,0.957,1,oil_leak,0,0.121,140.1,504350.4
144.7,mission_cruise,73.39188438021122,2500.0,43.30405780989439,4283.2,828.1,836.8,836.3,826.6,192.0,192.4,196.2,196.6,4.28,77.7,3.46,4291.7,826.5,834.5,837.5,827.5,190.7,192.2,195.7,196.7,4.26,78.0,3.49,-1.2,0.957,1,oil_leak,0,0.123,139.1,500759.3
144.8,mission_cruise,73.39077265147304,2500.0,43.30461367426348,4292.5,825.3,831.9,837.6,828.1,191.4,192.2,195.6,197.1,4.27,77.5,3.457,4291.6,826.5,834.5,837.5,827.5,190.7,192.2,195.7,196.7,4.26,78.0,3.49,-1.2,0.957,1,oil_leak,0,0.125,138.1,497168.2
144.9,mission_cruise,73.38966092273485,2500.0,43.305169538632576,4288.5,826.9,832.1,838.4,826.2,190.5,192.2,194.7,197.0,4.26,77.9,3.506,4291.6,826.5,834.5,837.5,827.5,190.7,192.2,195.7,196.7,4.25,78.0,3.49,-1.2,0.957,1,oil_leak,0,0.128,137.1,493577.1
145.0,mission_cruise,73.38854919399667,2500.0,43.30572540300167,4280.8,824.4,834.7,837.2,829.1,191.0,193.7,195.9,196.2,4.21,77.9,3.455,4291.6,826.5,834.5,837.5,827.5,190.7,192.2,195.7,196.7,4.25,78.0,3.49,-1.2,0.957,1,oil_leak,0,0.13,136.11,489986.0
145.1,mission_cruise,73.38743746525847,2500.0,43.306281267370764,4295.7,825.8,835.7,836.5,828.3,190.3,191.9,195.5,195.6,4.25,77.5,3.502,4291.5,826.5,834.5,837.5,827.5,190.7,192.2,195.7,196.7,4.24,78.0,3.49,-1.2,0.957,1,oil_leak,0,0.132,135.11,486394.9
145.2,mission_cruise,73.38632573652029,2500.0,43.306837131739854,4287.9,825.1,837.2,836.1,828.6,189.1,192.5,195.9,196.9,4.22,77.9,3.438,4291.5,826.5,834.5,837.5,827.5,190.7,192.2,195.7,196.7,4.23,78.0,3.49,-1.2,0.957,1,oil_leak,0,0.134,134.11,482803.8
145.3,mission_cruise,73.3852140077821,2500.0,43.30739299610895,4295.7,824.5,835.0,837.5,825.7,190.3,192.8,195.3,196.2,4.21,78.4,3.531,4291.4,826.5,834.5,837.5,827.5,190.7,192.2,195.7,196.7,4.23,78.0,3.49,-1.2,0.957,1,oil_leak,0,0.136,133.11,479212.7
145.4,mission_cruise,73.38410227904392,2500.0,43.30794886047804,4292.5,826.5,833.3,839.0,825.8,191.5,193.0,195.5,196.9,4.25,78.5,3.508,4291.4,826.5,834.5,837.5,827.5,190.7,192.2,195.7,196.7,4.22,78.0,3.49,-1.2,0.957,1,oil_leak,0,0.139,132.12,475621.6
145.5,mission_cruise,73.38299055030572,2500.0,43.30850472484714,4291.8,828.8,835.6,837.1,826.6,189.3,192.1,194.8,196.0,4.22,78.7,3.501,4291.4,826.5,834.5,837.5,827.5,190.7,192.2,195.7,196.7,4.22,78.0,3.49,-1.2,0.957,1,oil_leak,0,0.141,131.12,472030.5
145.6,mission_cruise,73.38187882156754,2500.0,43.30906058921623,4286.7,824.8,836.2,837.7,825.7,191.0,191.7,195.8,196.1,4.21,78.2,3.477,4291.3,826.5,834.5,837.5,827.5,190.7,192.2,195.7,196.7,4.21,78.0,3.49,-1.2,0.957,1,oil_leak,0,0.143,130.12,468439.4
145.7,mission_cruise,73.38076709282934,2500.0,43.30961645358533,4296.9,825.3,833.2,836.5,827.9,191.1,192.5,194.4,195.9,4.2,78.2,3.55,4291.3,826.5,834.5,837.5,827.5,190.7,192.2,195.7,196.7,4.2,78.0,3.49,-1.2,0.957,1,oil_leak,0,0.145,129.12,464848.3
145.8,mission_cruise,73.37965536409116,2500.0,43.31017231795442,4287.3,830.0,834.3,837.2,825.3,190.2,193.0,195.7,196.3,4.19,77.8,3.464,4291.3,826.5,834.5,837.5,827.5,190.7,192.2,195.7,196.7,4.2,78.0,3.49,-1.2,0.957,1,oil_leak,0,0.147,128.13,461257.2
145.9,mission_cruise,73.37854363535297,2500.0,43.310728182323516,4297.4,827.6,833.7,837.5,827.7,190.4,192.1,196.7,196.8,4.18,77.2,3.499,4291.2,826.5,834.5,837.5,827.5,190.7,192.2,195.7,196.7,4.19,78.0,3.49,-1.2,0.957,1,oil_leak,0,0.15,127.13,457666.1
146.0,mission_cruise,73.37743190661479,2500.0,43.311284046692606,4286.0,825.5,834.4,838.0,828.2,190.2,191.1,196.1,196.3,4.19,77.9,3.517,4291.2,826.5,834.5,837.5,827.5,190.7,192.2,195.7,196.7,4.18,78.0,3.49,-1.2,0.957,1,oil_leak,0,0.152,126.13,454075.0
146.1,mission_cruise,73.3763201778766,2500.0,43.3118399110617,4292.4,825.0,834.0,837.8,827.6,190.0,192.2,195.7,196.9,4.18,78.2,3.485,4291.2,826.5,834.5,837.5,827.5,190.7,192.2,195.7,196.7,4.18,78.0,3.489,-1.2,0.957,1,oil_leak,0,0.154,125.13,450483.9
146.2,mission_cruise,73.37520844913841,2500.0,43.312395775430794,4294.7,826.1,836.8,835.4,825.6,191.0,193.0,195.4,197.6,4.18,77.9,3.504,4291.1,826.5,834.5,837.5,827.5,190.6,192.1,195.6,196.6,4.17,78.0,3.489,-1.2,0.957,1,oil_leak,0,0.156,124.14,446892.8
146.3,mission_cruise,73.37409672040022,2500.0,43.31295163979989,4291.1,825.8,835.4,836.2,829.6,189.4,192.0,194.8,196.6,4.18,78.1,3.503,4291.1,826.5,834.5,837.5,827.5,190.6,192.1,195.6,196.6,4.17,78.0,3.489,-1.2,0.957,1,oil_leak,0,0.158,123.14,443301.7
146.4,mission_cruise,73.37298499166204,2500.0,43.31350750416898,4293.1,828.2,836.9,837.6,825.4,191.0,192.7,196.4,196.6,4.12,77.8,3.48,4291.0,826.5,834.5,837.5,827.5,190.6,192.1,195.6,196.6,4.16,78.0,3.489,-1.2,0.957,1,oil_leak,0,0.161,122.14,439710.6
146.5,mission_cruise,73.37187326292384,2500.0,43.31406336853808,4293.9,823.9,834.6,837.2,828.9,191.2,193.0,195.6,198.0,4.16,78.0,3.488,4291.0,826.5,834.5,837.5,827.5,190.6,192.1,195.6,196.6,4.15,78.0,3.489,-1.2,0.957,1,oil_leak,0,0.163,121.14,436119.5
146.6,mission_cruise,73.37076153418566,2500.0,43.31461923290717,4294.1,827.3,833.4,838.1,827.4,190.5,192.3,194.8,196.5,4.12,78.1,3.526,4291.0,826.5,834.5,837.5,827.5,190.6,192.1,195.6,196.6,4.15,78.0,3.489,-1.2,0.957,1,oil_leak,0,0.165,120.15,432528.4
146.7,mission_cruise,73.36964980544747,2500.0,43.31517509727627,4281.8,825.9,835.9,838.6,828.5,190.4,191.8,195.7,196.4,4.14,78.5,3.428,4290.9,826.5,834.5,837.5,827.5,190.6,192.1,195.6,196.6,4.14,78.0,3.489,-1.2,0.957,1,oil_leak,0,0.167,119.15,428937.3
146.8,mission_cruise,73.36853807670929,2500.0,43.31573096164536,4288.3,827.8,833.2,838.8,829.3,191.1,192.1,194.5,197.2,4.15,78.4,3.49,4290.9,826.5,834.5,837.5,827.5,190.6,192.1,195.6,196.6,4.14,78.0,3.489,-1.2,0.957,1,oil_leak,0,0.169,118.15,425346.2
146.9,mission_cruise,73.36742634797109,2500.0,43.316286826014455,4297.8,827.2,835.1,836.5,827.9,189.5,190.9,195.7,196.5,4.14,78.1,3.544,4290.9,826.5,834.5,837.5,827.5,190.6,192.1,195.6,196.6,4.13,78.0,3.489,-1.2,0.957,1,oil_leak,0,0.172,117.15,421755.1
147.0,mission_cruise,73.36631461923291,2500.0,43.316842690383545,4283.6,826.3,834.5,838.0,828.0,189.6,192.0,195.9,196.0,4.12,77.8,3.491,4290.8,826.5,834.5,837.5,827.5,190.6,192.1,195.6,196.6,4.12,78.0,3.489,-1.2,0.957,1,oil_leak,0,0.174,116.16,418164.0
147.1,mission_cruise,73.36520289049471,2500.0,43.31739855475264,4299.8,827.8,833.8,837.2,828.6,191.4,192.1,195.5,197.8,4.13,77.9,3.518,4290.8,826.5,834.5,837.5,827.5,190.6,192.1,195.6,196.6,4.12,78.0,3.489,-1.2,0.957,1,oil_leak,0,0.176,115.16,414572.9
147.2,mission_cruise,73.36409116175653,2500.0,43.31795441912173,4290.2,823.8,832.9,836.3,827.1,190.0,191.7,195.6,196.5,4.1,77.4,3.463,4290.8,826.5,834.5,837.5,827.5,190.6,192.1,195.6,196.6,4.11,78.0,3.489,-1.2,0.957,1,oil_leak,0,0.178,114.16,410981.8
147.3,mission_cruise,73.36297943301834,2500.0,43.31851028349083,4294.7,825.9,837.1,838.4,828.1,190.7,192.8,195.4,196.9,4.11,77.9,3.472,4290.7,826.5,834.5,837.5,827.5,190.6,192.1,195.6,196.6,4.1,78.0,3.489,-1.2,0.957,1,oil_leak,0,0.18,113.16,407390.7
147.4,mission_cruise,73.36186770428016,2500.0,43.31906614785992,4294.4,826.6,833.4,835.9,826.4,190.4,192.8,195.9,196.9,4.12,78.5,3.505,4290.7,826.5,834.5,837.5,827.5,190.6,192.1,195.6,196.6,4.1,78.0,3.489,-1.2,0.957,1,oil_leak,0,0.183,112.17,403799.6
147.5,mission_cruise,73.36075597554196,2500.0,43.31962201222902,4298.5,824.2,833.2,838.3,828.6,190.8,192.1,195.1,196.0,4.07,78.0,3.521,4290.7,826.5,834.5,837.5,827.5,190.6,192.1,195.6,196.6,4.09,78.0,3.489,-1.2,0.957,1,oil_leak,0,0.185,111.17,400208.5
147.6,mission_cruise,73.35964424680378,2500.0,43.32017787659811,4292.0,829.7,833.0,835.4,829.0,190.1,191.2,194.7,197.3,4.12,78.2,3.489,4290.6,826.5,834.5,837.5,827.5,190.6,192.1,195.6,196.6,4.09,78.0,3.489,-1.2,0.957,1,oil_leak,0,0.187,110.17,396617.4
147.7,mission_cruise,73.35853251806559,2500.0,43.320733740967206,4299.8,826.3,833.5,838.6,827.7,191.6,191.9,196.1,195.4,4.08,77.8,3.482,4290.6,826.5,834.5,837.5,827.5,190.6,192.1,195.6,196.6,4.08,78.0,3.489,-1.2,0.957,1,oil_leak,0,0.189,109.17,393026.3
147.8,mission_cruise,73.3574207893274,2500.0,43.3212896053363,4291.4,827.4,835.1,834.0,828.7,190.4,192.3,195.5,196.6,4.05,77.4,3.519,4290.5,826.5,834.5,837.5,827.5,190.6,192.1,195.6,196.6,4.07,78.0,3.489,-1.2,0.957,1,oil_leak,0,0.191,108.18,389435.2
147.9,mission_cruise,73.35630906058921,2500.0,43.321845469705394,4291.0,826.5,833.6,836.6,825.0,190.3,191.8,196.5,196.7,4.08,78.1,3.466,4290.5,826.4,834.4,837.4,827.4,190.6,192.1,195.6,196.6,4.07,78.0,3.489,-1.2,0.957,1,oil_leak,0,0.194,107.18,385844.1
148.0,mission_cruise,73.35519733185103,2500.0,43.322401334074485,4286.6,826.1,832.0,838.6,830.2,191.6,192.5,195.1,197.1,4.05,77.8,3.464,4290.5,826.4,834.4,837.4,827.4,190.6,192.1,195.6,196.6,4.06,78.0,3.489,-1.2,0.957,1,oil_leak,0,0.196,106.18,382253.0
148.1,mission_cruise,73.35408560311284,2500.0,43.32295719844358,4288.1,828.1,835.8,838.6,826.0,190.2,191.9,195.6,196.6,4.05,78.7,3.478,4290.4,826.4,834.4,837.4,827.4,190.6,192.1,195.6,196.6,4.05,78.0,3.489,-1.2,0.957,1,oil_leak,0,0.198,105.18,378661.9
148.2,mission_cruise,73.35297387437465,2500.0,43.32351306281267,4295.2,828.0,833.2,837.6,824.4,191.5,192.7,196.7,196.5,4.03,78.4,3.473,4290.4,826.4,834.4,837.4,827.4,190.6,192.1,195.6,196.6,4.05,78.0,3.489,-1.2,0.957,1,oil_leak,0,0.2,104.19,375070.8
148.3,mission_cruise,73.35186214563646,2500.0,43.32406892718177,4284.6,826.0,833.6,837.8,829.1,190.6,192.0,195.6,196.9,4.05,78.2,3.476,4290.4,826.4,834.4,837.4,827.4,190.6,192.1,195.6,196.6,4.04,78.0,3.489,-1.2,0.957,1,oil_leak,0,0.202,103.19,371479.7
148.4,mission_cruise,73.35075041689828,2500.0,43.32462479155086,4287.1,825.9,834.7,837.0,827.1,190.9,191.6,195.5,196.5,4.07,78.3,3.54,4290.3,826.4,834.4,837.4,827.4,190.6,192.1,195.6,196.6,4.04,78.0,3.488,-1.2,0.957,1,oil_leak,0,0.205,102.19,367888.6
148.5,mission_cruise,73.34963868816008,2500.0,43.32518065591996,4288.9,826.6,834.7,837.4,826.6,190.0,191.7,196.0,196.7,4.01,77.7,3.419,4290.3,826.4,834.4,837.4,827.4,190.6,192.1,195.6,196.6,4.03,78.0,3.488,-1.2,0.957,1,oil_leak,0,0.207,101.19,364297.5
148.6,mission_cruise,73.3485269594219,2500.0,43.32573652028905,4293.9,828.6,832.4,837.1,827.2,190.0,192.3,195.6,196.8,4.01,78.6,3.462,4290.3,826.4,834.4,837.4,827.4,190.6,192.1,195.6,196.6,4.02,78.0,3.488,-1.2,0.957,1,oil_leak,0,0.209,100.2,360706.4
148.7,mission_cruise,73.34741523068371,2500.0,43.326292384658146,4282.9,826.9,832.2,836.3,826.4,191.0,191.6,195.2,196.5,3.97,78.1,3.475,4290.2,826.4,834.4,837.4,827.4,190.6,192.1,195.6,196.6,4.02,78.0,3.488,-1.2,0.957,1,oil_leak,0,0.211,99.2,357115.3
148.8,mission_cruise,73.34630350194553,2500.0,43.326848249027236,4292.4,826.0,836.0,837.3,828.1,190.4,191.9,195.9,197.3,4.04,77.0,3.481,4290.2,826.4,834.4,837.4,827.4,190.6,192.1,195.6,196.6,4.01,78.0,3.488,-1.2,0.957,1,oil_leak,0,0.213,98.2,353524.2
148.9,mission_cruise,73.34519177320733,2500.0,43.327404113396334,4283.0,825.6,836.7,836.5,829.1,191.1,191.9,196.5,197.0,4.02,78.4,3.452,4290.2,826.4,834.4,837.4,827.4,190.6,192.1,195.6,196.6,4.01,78.0,3.488,-1.2,0.957,1,oil_leak,0,0.216,97.2,349933.1
149.0,mission_cruise,73.34408004446915,2500.0,43.327959977765424,4292.0,826.4,835.6,836.9,829.5,190.8,192.0,196.0,196.6,3.97,77.6,3.474,4290.1,826.4,834.4,837.4,827.4,190.6,192.1,195.6,196.6,4.0,78.0,3.488,-1.2,0.957,1,oil_leak,0,0.218,96.21,346342.0
149.1,mission_cruise,73.34296831573096,2500.0,43.32851584213452,4282.8,824.6,835.4,839.4,825.8,190.2,192.7,195.2,197.3,3.98,78.6,3.492,4290.1,826.4,834.4,837.4,827.4,190.6,192.1,195.6,196.6,3.99,78.0,3.488,-1.2,0.957,1,oil_leak,0,0.22,95.21,342750.9
149.2,mission_cruise,73.34185658699278,2500.0,43.32907170650361,4297.3,825.6,832.8,836.6,824.9,191.1,192.4,195.4,196.4,4.01,78.3,3.472,4290.0,826.4,834.4,837.4,827.4,190.6,192.1,195.6,196.6,3.99,78.0,3.488,-1.2,0.957,1,oil_leak,0,0.222,94.21,339159.8
149.3,mission_cruise,73.34074485825458,2500.0,43.32962757087271,4294.8,824.8,834.0,837.7,826.8,191.1,193.3,196.1,196.7,3.99,77.7,3.531,4290.0,826.4,834.4,837.4,827.4,190.6,192.1,195.6,196.6,3.98,78.0,3.488,-1.2,0.957,1,oil_leak,0,0.224,93.21,335568.7
149.4,mission_cruise,73.3396331295164,2500.0,43.3301834352418,4302.7,824.5,834.9,836.3,825.7,190.1,192.0,195.2,195.5,4.02,77.2,3.523,4290.0,826.4,834.4,837.4,827.4,190.6,192.1,195.6,196.6,3.97,78.0,3.488,-1.2,0.957,1,oil_leak,0,0.227,92.22,331977.6
149.5,mission_cruise,73.3385214007782,2500.0,43.3307392996109,4291.9,826.8,833.4,835.7,825.7,190.3,191.3,196.1,196.6,3.9,77.7,3.504,4289.9,826.4,834.4,837.4,827.4,190.6,192.1,195.6,196.6,3.97,78.0,3.488,-1.2,0.957,1,oil_leak,0,0.229,91.22,328386.5
149.6,mission_cruise,73.33740967204002,2500.0,43.33129516397999,4285.4,827.7,835.1,838.0,829.1,191.0,192.9,195.6,196.4,3.95,78.7,3.517,4289.9,826.4,834.4,837.4,827.4,190.6,192.1,195.6,196.6,3.96,78.0,3.488,-1.2,0.957,1,oil_leak,0,0.231,90.22,324795.4
149.7,mission_cruise,73.33629794330183,2500.0,43.331851028349085,4291.4,826.5,835.0,839.4,823.9,190.3,191.3,196.9,195.8,3.93,77.6,3.473,4289.9,826.4,834.4,837.4,827.4,190.6,192.1,195.6,196.6,3.96,78.0,3.488,-1.2,0.957,1,oil_leak,0,0.233,89.22,321204.3
149.8,mission_cruise,73.33518621456365,2500.0,43.332406892718176,4296.0,825.9,833.8,838.5,830.5,189.5,192.7,194.3,196.8,3.93,77.6,3.43,4289.8,826.4,834.4,837.4,827.4,190.6,192.1,195.6,196.6,3.95,78.0,3.488,-1.2,0.957,1,oil_leak,0,0.235,88.23,317613.2
149.9,mission_cruise,73.33407448582545,2500.0,43.33296275708727,4286.3,825.5,835.7,835.3,828.7,191.7,191.9,195.6,196.9,3.91,78.5,3.472,4289.8,826.4,834.4,837.4,827.4,190.6,192.1,195.6,196.6,3.94,78.0,3.488,-1.2,0.957,1,oil_leak,0,0.238,87.23,314022.1
150.0,mission_cruise,73.33296275708727,2500.0,43.33351862145636,4287.5,827.1,832.1,838.0,828.9,191.8,191.9,195.4,196.6,3.97,78.3,3.451,4289.8,826.4,834.4,837.4,827.4,190.6,192.1,195.6,196.6,3.94,78.0,3.488,-1.2,0.957,1,oil_leak,0,0.24,86.23,310431.0
150.1,mission_cruise,73.33185102834908,2500.0,43.33407448582546,4289.2,828.2,836.2,838.0,826.0,191.9,191.7,195.2,196.1,3.92,78.1,3.47,4289.7,826.4,834.4,837.4,827.4,190.6,192.1,195.6,196.6,3.93,78.0,3.488,-1.2,0.957,1,oil_leak,0,0.242,85.23,306839.9
150.2,mission_cruise,73.3307392996109,2500.0,43.33463035019455,4283.4,827.8,833.6,837.7,826.8,190.6,193.2,196.3,196.5,3.89,76.9,3.49,4289.7,826.4,834.4,837.4,827.4,190.6,192.1,195.6,196.6,3.93,78.0,3.488,-1.2,0.957,1,oil_leak,0,0.244,84.24,303248.8
150.3,mission_cruise,73.3296275708727,2500.0,43.33518621456365,4299.9,827.5,834.4,836.6,827.9,191.4,191.6,195.5,196.7,3.93,77.4,3.463,4289.7,826.4,834.4,837.4,827.4,190.6,192.1,195.6,196.6,3.92,78.0,3.488,-1.2,0.957,1,oil_leak,0,0.246,83.24,299657.7
150.4,mission_cruise,73.32851584213452,2500.0,43.33574207893274,4290.1,825.5,835.3,836.8,827.5,190.7,191.6,195.9,197.2,3.9,78.2,3.447,4289.6,826.4,834.4,837.4,827.4,190.6,192.1,195.6,196.6,3.91,78.0,3.488,-1.2,0.957,1,oil_leak,0,0.249,82.24,296066.6
150.5,mission_cruise,73.32740411339633,2500.0,43.33629794330184,4288.7,827.5,836.6,835.9,828.0,190.2,192.7,196.8,197.6,3.92,77.9,3.492,4289.6,826.4,834.4,837.4,827.4,190.6,192.1,195.6,196.6,3.91,78.0,3.488,-1.2,0.957,1,oil_leak,0,0.251,81.24,292475.5
150.6,mission_cruise,73.32629238465815,2500.0,43.33685380767093,4287.5,826.1,834.1,838.7,829.7,190.2,192.5,195.1,195.7,3.92,78.2,3.483,4289.5,826.4,834.4,837.4,827.4,190.6,192.1,195.6,196.6,3.9,78.0,3.488,-1.2,0.957,1,oil_leak,0,0.253,80.25,288884.4
150.7,mission_cruise,73.32518065591995,2500.0,43.337409672040025,4292.4,828.5,833.7,837.9,826.7,190.1,192.2,196.5,195.4,3.89,78.5,3.477,4289.5,826.4,834.4,837.4,827.4,190.6,192.1,195.6,196.6,3.89,78.0,3.487,-1.2,0.957,1,oil_leak,0,0.255,79.25,285293.3
150.8,mission_cruise,73.32406892718177,2500.0,43.337965536409115,4292.5,824.5,835.5,835.1,829.1,190.9,192.4,195.4,196.5,3.85,77.2,3.498,4289.5,826.4,834.4,837.4,827.4,190.6,192.1,195.6,196.6,3.89,78.0,3.487,-1.2,0.957,1,oil_leak,0,0.257,78.25,281702.2
150.9,mission_cruise,73.32295719844358,2500.0,43.33852140077821,4285.5,826.3,832.2,838.5,825.8,190.5,191.6,196.0,197.1,3.87,77.7,3.522,4289.4,826.4,834.4,837.4,827.4,190.6,192.1,195.6,196.6,3.88,78.0,3.487,-1.2,0.957,1,oil_leak,0,0.26,77.25,278111.1
151.0,mission_cruise,73.3218454697054,2500.0,43.3390772651473,4288.1,826.6,835.4,837.4,828.0,191.2,192.4,195.3,197.2,3.81,78.0,3.453,4289.4,826.4,834.4,837.4,827.4,190.6,192.1,195.6,196.6,3.88,78.0,3.487,-1.2,0.957,1,oil_leak,0,0.262,76.26,274520.0
151.1,mission_cruise,73.3207337409672,2500.0,43.3396331295164,4286.7,827.3,833.0,837.5,826.1,190.5,192.8,197.3,197.0,3.86,77.9,3.499,4289.4,826.4,834.4,837.4,827.4,190.6,192.1,195.6,196.6,3.87,78.0,3.487,-1.2,0.957,1,oil_leak,0,0.264,75.26,270928.9
151.2,mission_cruise,73.31962201222902,2500.0,43.34018899388549,4292.5,828.0,835.3,839.1,826.6,190.5,192.2,194.4,196.0,3.85,77.2,3.449,4289.3,826.4,834.4,837.4,827.4,190.6,192.1,195.6,196.6,3.86,78.0,3.487,-1.2,0.957,1,oil_leak,0,0.266,74.26,267337.8
151.3,mission_cruise,73.31851028349082,2500.0,43.34074485825459,4289.0,827.1,834.7,837.5,827.4,191.8,191.3,195.6,197.0,3.9,78.7,3.496,4289.3,826.4,834.4,837.4,827.4,190.6,192.1,195.6,196.6,3.86,78.0,3.487,-1.2,0.957,1,oil_leak,0,0.268,73.26,263746.7
151.4,mission_cruise,73.31739855475264,2500.0,43.34130072262368,4287.1,826.4,834.8,835.5,825.9,189.0,191.2,196.5,196.0,3.82,78.6,3.49,4289.3,826.4,834.4,837.4,827.4,190.6,192.1,195.6,196.6,3.85,78.0,3.487,-1.2,0.957,1,oil_leak,0,0.271,72.27,260155.6
151.5,mission_cruise,73.31628682601445,2500.0,43.341856586992776,4294.8,827.5,834.0,836.4,825.2,191.0,191.8,195.1,196.1,3.87,78.5,3.511,4289.2,826.4,834.4,837.4,827.4,190.6,192.1,195.6,196.6,3.85,78.0,3.487,-1.2,0.957,1,oil_leak,0,0.273,71.27,256564.5
151.6,mission_cruise,73.31517509727627,2500.0,43.34241245136187,4277.3,826.7,834.1,837.4,826.4,190.0,191.8,196.1,197.4,3.78,78.3,3.447,4289.2,826.4,834.4,837.4,827.4,190.6,192.1,195.6,196.6,3.84,78.0,3.487,-1.2,0.957,1,oil_leak,0,0.275,70.27,252973.4
151.7,mission_cruise,73.31406336853807,2500.0,43.342968315730964,4289.0,824.2,835.0,837.8,828.8,190.3,192.9,194.8,195.9,3.85,79.0,3.476,4289.2,826.4,834.4,837.4,827.4,190.6,192.1,195.6,196.6,3.83,78.0,3.487,-1.2,0.957,1,oil_leak,0,0.277,69.27,249382.3
151.8,mission_cruise,73.31295163979989,2500.0,43.343524180100054,4289.8,827.0,835.3,838.6,827.1,190.2,192.3,195.2,197.5,3.83,78.4,3.486,4289.1,826.4,834.4,837.4,827.4,190.6,192.1,195.6,196.6,3.83,78.0,3.487,-1.2,0.957,1,oil_leak,0,0.279,68.28,245791.2
151.9,mission_cruise,73.3118399110617,2500.0,43.34408004446915,4289.1,827.1,836.5,838.9,827.5,191.2,192.9,195.9,196.7,3.79,78.2,3.55,4289.1,826.4,834.4,837.4,827.4,190.6,192.1,195.6,196.6,3.82,78.0,3.487,-1.2,0.957,1,oil_leak,0,0.282,67.28,242200.1
152.0,mission_cruise,73.31072818232352,2500.0,43.34463590883824,4287.7,827.3,833.2,837.6,829.0,190.7,192.4,196.0,196.5,3.84,78.4,3.469,4289.0,826.4,834.4,837.4,827.4,190.6,192.1,195.6,196.6,3.81,78.0,3.487,-1.2,0.957,1,oil_leak,0,0.284,66.28,238609.0
152.1,mission_cruise,73.30961645358532,2500.0,43.34519177320734,4283.3,829.7,834.5,838.2,830.1,190.8,192.5,195.2,196.3,3.82,78.9,3.481,4289.0,826.4,834.4,837.4,827.4,190.6,192.1,195.6,196.6,3.81,78.0,3.487,-1.2,0.957,1,oil_leak,0,0.286,65.28,235017.9
152.2,mission_cruise,73.30850472484714,2500.0,43.34574763757643,4281.0,825.5,832.9,839.5,826.2,189.9,192.9,194.9,196.9,3.81,77.9,3.503,4289.0,826.4,834.4,837.4,827.4,190.6,192.1,195.6,196.6,3.8,78.0,3.487,-1.2,0.957,1,oil_leak,0,0.288,64.29,231426.8
152.3,mission_cruise,73.30739299610894,2500.0,43.34630350194553,4282.2,826.4,835.0,834.9,828.2,190.4,192.3,194.9,196.6,3.79,77.6,3.556,4288.9,826.4,834.4,837.4,827.4,190.6,192.1,195.6,196.6,3.8,78.1,3.487,-1.2,0.957,1,oil_leak,0,0.29,63.29,227835.7
152.4,mission_cruise,73.30628126737076,2500.0,43.34685936631462,4293.8,825.2,833.3,838.4,825.8,190.6,192.1,195.4,196.6,3.76,78.5,3.476,4288.9,826.4,834.4,837.4,827.4,190.6,192.1,195.6,196.6,3.79,78.1,3.487,-1.2,0.957,1,oil_leak,0,0.293,62.29,224244.6
152.5,mission_cruise,73.30516953863257,2500.0,43.347415230683715,4289.8,825.5,833.6,837.6,827.0,191.5,191.8,194.8,196.4,3.78,77.9,3.464,4288.9,826.4,834.4,837.4,827.4,190.6,192.1,195.6,196.6,3.78,78.1,3.487,-1.2,0.957,1,oil_leak,0,0.295,61.29,220653.5
152.6,mission_cruise,73.30405780989439,2500.0,43.347971095052806,4286.5,825.1,836.7,838.3,827.5,189.6,192.6,194.9,197.0,3.76,78.7,3.451,4288.8,826.4,834.4,837.4,827.4,190.6,192.1,195.6,196.6,3.78,78.1,3.487,-1.2,0.957,1,oil_leak,0,0.297,60.3,217062.4
152.7,mission_cruise,73.3029460811562,2500.0,43.3485269594219,4286.2,825.9,831.9,837.0,827.2,191.5,192.7,195.2,195.8,3.77,78.2,3.531,4288.8,826.4,834.4,837.4,827.4,190.6,192.1,195.6,196.6,3.77,78.1,3.487,-1.2,0.957,1,oil_leak,0,0.299,59.3,213471.3
152.8,mission_cruise,73.30183435241801,2500.0,43.349082823790994,4286.1,825.9,834.7,835.6,827.9,190.3,192.6,195.4,196.2,3.71,77.9,3.498,4288.8,826.4,834.4,837.4,827.4,190.6,192.1,195.6,196.6,3.76,78.1,3.487,-1.2,0.957,1,oil_leak,0,0.301,58.3,209880.2
152.9,mission_cruise,73.30072262367982,2500.0,43.34963868816009,4284.1,826.5,834.7,837.2,827.5,190.6,192.8,196.4,195.6,3.79,77.7,3.446,4288.7,826.4,834.4,837.4,827.4,190.6,192.1,195.6,196.6,3.76,78.1,3.486,-1.2,0.957,1,oil_leak,0,0.304,57.3,206289.1
153.0,mission_cruise,73.29961089494164,2500.0,43.35019455252918,4289.2,825.4,835.1,838.0,827.4,190.1,191.3,194.8,197.1,3.74,78.2,3.502,4288.7,826.4,834.4,837.4,827.4,190.6,192.1,195.6,196.6,3.75,78.1,3.486,-1.2,0.957,1,oil_leak,0,0.306,56.3,202698.0
153.1,mission_cruise,73.29849916620344,2500.0,43.35075041689828,4284.9,827.9,835.3,837.6,829.9,191.2,193.4,195.6,196.5,3.73,78.0,3.507,4288.6,826.3,834.3,837.3,827.3,190.6,192.1,195.6,196.6,3.75,78.1,3.486,-1.2,0.957,1,oil_leak,0,0.308,55.31,199106.9
153.2,mission_cruise,73.29738743746526,2500.0,43.35130628126737,4284.8,823.6,833.7,835.7,828.1,190.6,193.0,195.9,196.4,3.74,78.8,3.466,4288.6,826.3,834.3,837.3,827.3,190.6,192.1,195.6,196.6,3.74,78.1,3.486,-1.2,0.957,1,oil_leak,0,0.31,54.31,195515.8
153.3,mission_cruise,73.29627570872707,2500.0,43.35186214563647,4297.8,824.1,833.0,839.3,829.2,191.2,191.7,195.6,197.0,3.71,78.0,3.528,4288.6,826.3,834.3,837.3,827.3,190.6,192.1,195.6,196.6,3.73,78.1,3.486,-1.2,0.957,1,oil_leak,0,0.312,53.31,191924.7
153.4,mission_cruise,73.29516397998889,2500.0,43.35241801000556,4290.6,828.0,834.5,839.0,827.6,191.0,192.3,195.8,196.1,3.72,77.5,3.474,4288.5,826.3,834.3,837.3,827.3,190.6,192.1,195.6,196.6,3.73,78.1,3.486,-1.2,0.957,1,oil_leak,0,0.315,52.31,188333.6
153.5,mission_cruise,73.29405225125069,2500.0,43.352973874374655,4287.7,826.4,834.7,837.5,826.9,189.9,191.6,195.8,196.4,3.71,78.0,3.441,4288.5,826.3,834.3,837.3,827.3,190.6,192.1,195.6,196.6,3.72,78.1,3.486,-1.2,0.957,1,oil_leak,0,0.317,51.32,184742.5
153.6,mission_cruise,73.29294052251251,2500.0,43.353529738743745,4292.1,828.0,835.9,836.5,826.6,191.2,193.2,196.1,196.9,3.77,78.7,3.499,4288.5,826.3,834.3,837.3,827.3,190.6,192.1,195.6,196.6,3.72,78.1,3.486,-1.2,0.957,1,oil_leak,0,0.319,50.32,181151.4
153.7,mission_cruise,73.29182879377431,2500.0,43.35408560311284,4283.1,827.2,832.5,836.5,827.1,190.1,192.5,195.5,196.4,3.69,77.8,3.516,4288.4,826.3,834.3,837.3,827.3,190.6,192.1,195.6,196.6,3.71,78.1,3.486,-1.2,0.957,1,oil_leak,0,0.321,49.32,177560.3
153.8,mission_cruise,73.29071706503613,2500.0,43.35464146748193,4286.1,824.8,835.1,838.3,826.2,189.7,192.1,195.9,197.0,3.7,78.4,3.478,4288.4,826.3,834.3,837.3,827.3,190.6,192.1,195.6,196.6,3.7,78.2,3.486,-1.2,0.957,1,oil_leak,0,0.323,48.32,173969.2
153.9,mission_cruise,73.28960533629794,2500.0,43.35519733185103,4284.7,828.1,833.7,838.0,827.2,190.0,192.3,195.5,196.6,3.72,78.3,3.491,4288.4,826.3,834.3,837.3,827.3,190.6,192.1,195.6,196.6,3.7,78.2,3.486,-1.2,0.957,1,oil_leak,0,0.326,47.33,170378.1
154.0,mission_cruise,73.28849360755976,2500.0,43.35575319622012,4286.3,824.4,833.2,838.2,827.1,190.5,192.6,195.3,196.7,3.7,77.4,3.475,4288.3,826.3,834.3,837.3,827.3,190.6,192.1,195.6,196.6,3.69,78.2,3.486,-1.2,0.957,1,oil_leak,0,0.328,46.33,166787.0
154.1,mission_cruise,73.28738187882156,2500.0,43.35630906058922,4285.8,828.0,833.5,838.6,829.2,191.5,193.0,194.9,195.2,3.7,79.6,3.484,4288.3,826.3,834.3,837.3,827.3,190.6,192.1,195.6,196.6,3.68,78.2,3.486,-1.2,0.957,1,oil_leak,0,0.33,45.33,163195.9
154.2,mission_cruise,73.28627015008338,2500.0,43.35686492495831,4289.4,827.5,835.9,834.9,825.9,190.5,192.8,195.1,195.7,3.65,78.6,3.475,4288.3,826.3,834.3,837.3,827.3,190.6,192.1,195.6,196.6,3.68,78.2,3.486,-1.2,0.957,1,oil_leak,0,0.332,44.33,159604.8
154.3,mission_cruise,73.28515842134519,2500.0,43.357420789327406,4286.7,828.2,836.6,838.1,827.9,190.9,191.3,195.1,197.1,3.67,78.0,3.559,4288.2,826.3,834.3,837.3,827.3,190.6,192.1,195.6,196.6,3.67,78.2,3.486,-1.2,0.957,1,oil_leak,0,0.334,43.34,156013.7
154.4,mission_cruise,73.284046692607,2500.0,43.3579766536965,4286.1,826.0,832.7,835.4,830.4,191.4,191.6,195.6,196.7,3.67,77.1,3.51,4288.2,826.3,834.3,837.3,827.3,190.6,192.1,195.6,196.6,3.67,78.2,3.486,-1.2,0.957,1,oil_leak,0,0.337,42.34,152422.6
154.5,mission_cruise,73.28293496386881,2500.0,43.358532518065594,4294.6,827.0,833.5,835.7,827.8,190.6,192.3,196.4,197.1,3.62,78.4,3.569,4288.1,826.3,834.3,837.3,827.3,190.6,192.1,195.6,196.6,3.66,78.2,3.486,-1.2,0.957,1,oil_leak,0,0.339,41.34,148831.5
154.6,mission_cruise,73.28182323513063,2500.0,43.359088382434685,4279.9,825.9,835.4,836.1,826.2,190.5,190.9,196.5,196.6,3.68,77.9,3.474,4288.1,826.3,834.3,837.3,827.3,190.6,192.1,195.6,196.6,3.65,78.2,3.486,-1.2,0.957,1,oil_leak,0,0.341,40.34,145240.4
154.7,mission_cruise,73.28071150639244,2500.0,43.35964424680378,4291.6,826.7,835.3,835.4,827.9,190.8,192.8,196.0,196.3,3.64,78.1,3.48,4288.1,826.3,834.3,837.3,827.3,190.6,192.1,195.6,196.6,3.65,78.2,3.486,-1.2,0.957,1,oil_leak,0,0.343,39.35,141649.3
154.8,mission_cruise,73.27959977765425,2500.0,43.36020011117287,4291.3,826.1,836.1,834.4,826.8,190.6,191.9,195.8,197.7,3.64,77.9,3.461,4288.0,826.3,834.3,837.3,827.3,190.6,192.1,195.6,196.6,3.64,78.2,3.486,-1.2,0.957,1,oil_leak,0,0.345,38.35,138058.2
154.9,mission_cruise,73.27848804891606,2500.0,43.36075597554197,4286.2,824.7,833.4,839.0,828.8,190.1,192.9,195.2,196.2,3.64,78.9,3.521,4288.0,826.3,834.3,837.3,827.3,190.6,192.1,195.6,196.6,3.64,78.3,3.486,-1.2,0.957,1,oil_leak,0,0.348,37.35,134467.1
155.0,mission_cruise,73.27737632017788,2500.0,43.36131183991106,4292.9,824.8,832.2,839.4,826.6,189.9,192.0,195.3,196.5,3.6,77.4,3.477,4288.0,826.3,834.3,837.3,827.3,190.6,192.1,195.6,196.6,3.63,78.3,3.486,-1.2,0.957,1,oil_leak,0,0.35,36.35,130876.0
155.1,mission_cruise,73.27626459143968,2500.0,43.36186770428016,4295.0,825.2,837.9,839.2,829.4,191.1,192.1,196.4,195.4,3.62,78.3,3.499,4287.9,826.3,834.3,837.3,827.3,190.6,192.1,195.6,196.6,3.62,78.3,3.486,-1.2,0.957,1,oil_leak,0,0.352,35.36,127284.9
155.2,mission_cruise,73.2751528627015,2500.0,43.36242356864925,4285.3,826.1,831.8,839.5,828.1,189.7,192.3,194.9,197.3,3.61,79.0,3.479,4287.9,826.3,834.3,837.3,827.3,190.6,192.1,195.6,196.6,3.62,78.3,3.485,-1.2,0.957,1,oil_leak,0,0.354,34.36,123693.8
155.3,mission_cruise,73.27404113396331,2500.0,43.362979433018346,4293.2,825.9,834.6,841.4,828.1,189.8,190.8,194.6,197.7,3.62,78.6,3.587,4287.9,826.3,834.3,837.3,827.3,190.6,192.1,195.6,196.6,3.61,78.3,3.485,-1.2,0.957,1,oil_leak,0,0.356,33.36,120102.7
155.4,mission_cruise,73.27292940522513,2500.0,43.363535297387436,4286.2,825.3,834.2,836.0,827.0,189.4,192.0,195.7,197.0,3.6,78.7,3.561,4287.8,826.3,834.3,837.3,827.3,190.6,192.1,195.6,196.6,3.6,78.3,3.485,-1.2,0.957,1,oil_leak,0,0.359,32.36,116511.6
155.5,mission_cruise,73.27181767648693,2500.0,43.364091161756534,4295.4,825.3,839.4,836.6,826.9,190.3,191.4,195.4,197.6,3.67,78.3,3.521,4287.8,826.3,834.3,837.3,827.3,190.6,192.1,195.6,196.6,3.6,78.3,3.485,-1.2,0.957,1,oil_leak,0,0.361,31.37,112920.5
155.6,mission_cruise,73.27070594774875,2500.0,43.364647026125624,4279.5,827.8,832.0,836.6,827.9,191.8,192.1,195.7,196.8,3.59,77.9,3.529,4287.8,826.3,834.3,837.3,827.3,190.6,192.1,195.6,196.6,3.59,78.3,3.485,-1.2,0.957,1,oil_leak,0,0.363,30.37,109329.4
155.7,mission_cruise,73.26959421901056,2500.0,43.36520289049472,4298.7,826.8,833.4,836.7,827.1,191.2,192.8,195.2,196.3,3.59,77.6,3.507,4287.7,826.3,834.3,837.3,827.3,190.6,192.1,195.6,196.6,3.59,78.4,3.485,-1.2,0.957,1,oil_leak,0,0.365,29.37,105738.3
155.8,mission_cruise,73.26848249027238,2500.0,43.36575875486381,4291.0,828.5,833.5,836.9,826.7,189.3,191.8,195.5,197.1,3.55,78.7,3.499,4287.7,826.3,834.3,837.3,827.3,190.6,192.1,195.6,196.6,3.58,78.4,3.485,-1.2,0.957,1,oil_leak,0,0.367,28.37,102147.2
155.9,mission_cruise,73.26737076153418,2500.0,43.36631461923291,4293.3,825.0,835.3,836.2,830.1,190.2,191.9,196.8,196.6,3.59,78.4,3.457,4287.6,826.3,834.3,837.3,827.3,190.6,192.1,195.6,196.6,3.57,78.4,3.485,-1.2,0.957,1,oil_leak,0,0.37,27.38,98556.1
156.0,mission_cruise,73.266259032796,2500.0,43.366870483602,4300.1,826.4,834.8,837.5,826.9,190.6,192.6,195.0,197.0,3.57,78.7,3.462,4287.6,826.3,834.3,837.3,827.3,190.6,192.1,195.6,196.6,3.57,78.4,3.485,-1.2,0.957,1,oil_leak,0,0.372,26.38,94965.0
156.1,mission_cruise,73.2651473040578,2500.0,43.3674263479711,4293.5,827.8,833.0,840.3,826.5,190.0,191.9,196.5,198.0,3.58,79.4,3.461,4287.6,826.3,834.3,837.3,827.3,190.6,192.1,195.6,196.6,3.56,78.4,3.485,-1.2,0.957,1,oil_leak,0,0.374,25.38,91373.9
156.2,mission_cruise,73.26403557531962,2500.0,43.36798221234019,4282.2,827.2,834.3,837.9,826.5,190.8,191.6,195.6,196.7,3.58,78.2,3.464,4287.5,826.3,834.3,837.3,827.3,190.6,192.1,195.6,196.6,3.56,78.4,3.485,-1.2,0.957,1,oil_leak,0,0.376,24.38,87782.8
156.3,mission_cruise,73.26292384658143,2500.0,43.368538076709285,4281.3,825.8,832.2,837.7,826.6,189.8,192.9,196.0,196.0,3.54,78.8,3.453,4287.5,826.3,834.3,837.3,827.3,190.5,192.0,195.5,196.5,3.55,78.4,3.485,-1.2,0.957,1,oil_leak,0,0.378,23.39,84191.7
156.4,mission_cruise,73.26181211784325,2500.0,43.369093941078376,4287.3,829.0,836.0,836.5,826.4,190.7,192.3,195.3,197.6,3.55,78.0,3.522,4287.5,826.3,834.3,837.3,827.3,190.5,192.0,195.5,196.5,3.54,78.5,3.485,-1.2,0.957,1,oil_leak,0,0.381,22.39,80600.6
156.5,mission_cruise,73.26070038910505,2500.0,43.36964980544747,4287.4,827.9,832.1,838.4,826.9,189.9,192.4,196.3,197.1,3.57,79.4,3.514,4287.4,826.3,834.3,837.3,827.3,190.5,192.0,195.5,196.5,3.54,78.5,3.485,-1.2,0.957,1,oil_leak,0,0.383,21.39,77009.5
156.6,mission_cruise,73.25958866036687,2500.0,43.37020566981656,4294.2,828.5,833.0,838.8,826.6,190.5,192.0,196.5,196.3,3.52,78.6,3.504,4287.4,826.3,834.3,837.3,827.3,190.5,192.0,195.5,196.5,3.53,78.5,3.485,-1.2,0.957,1,oil_leak,0,0.385,20.39,73418.4
156.7,mission_cruise,73.25847693162868,2500.0,43.37076153418566,4290.0,824.2,833.0,835.9,830.2,190.7,193.6,195.8,196.5,3.48,78.6,3.549,4287.4,826.3,834.3,837.3,827.3,190.5,192.0,195.5,196.5,3.52,78.5,3.485,-1.2,0.957,1,oil_leak,0,0.387,19.4,69827.3
156.8,mission_cruise,73.2573652028905,2500.0,43.37131739855475,4291.7,827.1,833.0,837.3,828.0,191.2,192.2,196.6,196.2,3.47,78.5,3.488,4287.3,826.3,834.3,837.3,827.3,190.5,192.0,195.5,196.5,3.52,78.5,3.485,-1.2,0.957,1,oil_leak,0,0.389,18.4,66236.2
156.9,mission_cruise,73.2562534741523,2500.0,43.37187326292385,4280.2,825.2,835.2,837.1,827.8,190.9,192.1,195.3,196.0,3.52,78.3,3.492,4287.3,826.3,834.3,837.3,827.3,190.5,192.0,195.5,196.5,3.51,78.5,3.485,-1.2,0.957,1,oil_leak,0,0.392,17.4,62645.1
157.0,mission_cruise,73.25514174541412,2500.0,43.37242912729294,4288.5,826.0,834.1,839.9,828.6,189.4,191.9,195.1,196.0,3.53,78.7,3.547,4287.3,826.3,834.3,837.3,827.3,190.5,192.0,195.5,196.5,3.51,78.6,3.485,-1.2,0.957,1,oil_leak,0,0.394,16.4,59054.0
157.1,mission_cruise,73.25403001667593,2500.0,43.37298499166204,4284.2,827.1,836.0,836.7,827.2,189.7,192.8,195.5,195.9,3.54,78.6,3.485,4287.2,826.3,834.3,837.3,827.3,190.5,192.0,195.5,196.5,3.5,78.6,3.485,-1.2,0.957,1,oil_leak,0,0.396,15.41,55462.9
157.2,mission_cruise,73.25291828793775,2500.0,43.37354085603113,4281.2,826.9,834.7,836.1,831.4,190.8,193.1,195.8,197.4,3.47,78.4,3.476,4287.2,826.3,834.3,837.3,827.3,190.5,192.0,195.5,196.5,3.49,78.6,3.485,-1.2,0.957,1,oil_leak,0,0.398,14.41,51871.8
157.3,mission_cruise,73.25180655919955,2500.0,43.374096720400225,4290.5,826.0,833.9,838.5,831.6,191.6,192.9,195.7,196.4,3.47,78.0,3.475,4287.1,826.3,834.3,837.3,827.3,190.5,192.0,195.5,196.5,3.49,78.6,3.485,-1.2,0.957,1,oil_leak,0,0.4,13.41,48280.7
157.4,mission_cruise,73.25069483046137,2500.0,43.374652584769315,4283.5,825.3,834.8,834.4,824.8,190.4,192.5,195.1,196.4,3.53,78.7,3.463,4287.1,826.3,834.3,837.3,827.3,190.5,192.0,195.5,196.5,3.48,78.6,3.485,-1.2,0.957,1,oil_leak,0,0.403,12.41,44689.6
157.5,mission_cruise,73.24958310172318,2500.0,43.37520844913841,4298.9,823.7,833.6,836.6,824.7,190.0,193.5,195.5,195.2,3.49,78.5,3.491,4287.1,826.3,834.3,837.3,827.3,190.5,192.0,195.5,196.5,3.47,78.6,3.484,-1.2,0.957,1,oil_leak,0,0.405,11.42,41098.5
157.6,mission_cruise,73.248471372985,2500.0,43.3757643135075,4288.4,826.3,836.2,839.9,826.5,191.7,191.4,194.8,196.7,3.46,78.7,3.464,4287.0,826.3,834.3,837.3,827.3,190.5,192.0,195.5,196.5,3.47,78.7,3.484,-1.2,0.957,1,oil_leak,0,0.407,10.42,37507.4
157.7,mission_cruise,73.2473596442468,2500.0,43.3763201778766,4284.8,827.5,834.5,838.5,828.0,190.5,192.7,195.2,196.5,3.48,78.4,3.484,4287.0,826.3,834.3,837.3,827.3,190.5,192.0,195.5,196.5,3.46,78.7,3.484,-1.2,0.957,1,oil_leak,0,0.409,9.42,33916.3
157.8,mission_cruise,73.24624791550862,2500.0,43.37687604224569,4283.7,827.6,832.0,841.1,828.0,190.4,191.2,195.6,197.2,3.47,79.1,3.46,4287.0,826.3,834.3,837.3,827.3,190.5,192.0,195.5,196.5,3.46,78.7,3.484,-1.2,0.957,1,oil_leak,0,0.411,8.42,30325.2
157.9,mission_cruise,73.24513618677042,2500.0,43.37743190661479,4290.2,824.4,832.8,837.3,827.8,190.2,191.1,196.5,196.1,3.47,78.4,3.533,4286.9,826.3,834.3,837.3,827.3,190.5,192.0,195.5,196.5,3.45,78.7,3.484,-1.2,0.957,1,oil_leak,0,0.414,7.43,26734.1
158.0,mission_cruise,73.24402445803224,2500.0,43.37798777098388,4282.8,826.3,833.9,840.2,829.1,189.5,192.0,193.9,196.4,3.44,79.1,3.514,4286.9,826.3,834.3,837.3,827.3,190.5,192.0,195.5,196.5,3.44,78.7,3.484,-1.2,0.957,1,oil_leak,0,0.416,6.43,23143.0
158.1,mission_cruise,73.24291272929405,2500.0,43.378543635352976,4286.5,827.3,834.6,837.4,825.0,190.7,193.2,196.3,196.5,3.47,79.3,3.515,4286.9,826.3,834.3,837.3,827.3,190.5,192.0,195.5,196.5,3.44,78.7,3.484,-1.2,0.957,1,oil_leak,0,0.418,5.43,19551.9
158.2,mission_cruise,73.24180100055587,2500.0,43.37909949972207,4286.9,825.7,834.4,836.7,828.8,189.4,191.2,195.5,196.1,3.41,78.4,3.439,4286.8,826.3,834.3,837.3,827.3,190.5,192.0,195.5,196.5,3.43,78.8,3.484,-1.2,0.957,1,oil_leak,0,0.42,4.43,15960.8
158.3,mission_cruise,73.24068927181767,2500.0,43.379655364091164,4285.5,827.1,835.4,836.0,827.1,190.2,192.0,195.9,196.7,3.41,79.0,3.462,4286.8,826.2,834.2,837.2,827.2,190.5,192.0,195.5,196.5,3.43,78.8,3.484,-1.2,0.957,1,oil_leak,0,0.422,3.44,12369.7
158.4,mission_cruise,73.23957754307949,2500.0,43.380211228460254,4288.4,825.3,834.5,836.5,827.2,190.4,193.5,194.6,195.9,3.42,78.6,3.5,4286.7,826.2,834.2,837.2,827.2,190.5,192.0,195.5,196.5,3.42,78.8,3.484,-1.2,0.957,1,oil_leak,0,0.425,2.44,8778.6
158.5,mission_cruise,73.2384658143413,2500.0,43.38076709282935,4287.8,828.1,837.4,836.9,827.1,190.5,192.2,195.0,197.2,3.43,78.9,3.508,4286.7,826.2,834.2,837.2,827.2,190.5,192.0,195.5,196.5,3.41,78.8,3.484,-1.2,0.957,1,oil_leak,0,0.427,1.44,5187.5
158.6,mission_cruise,73.23735408560312,2500.0,43.38132295719844,4279.1,824.3,833.0,837.2,826.1,190.8,190.8,195.7,196.1,3.42,78.7,3.478,4286.7,826.2,834.2,837.2,827.2,190.5,192.0,195.5,196.5,3.41,78.8,3.484,-1.2,0.957,1,oil_leak,0,0.429,0.5,1800.0
158.7,mission_cruise,73.23624235686492,2500.0,43.38187882156754,4286.0,827.5,834.5,834.0,828.9,191.0,192.3,195.0,197.6,3.39,78.4,3.463,4286.6,826.2,834.2,837.2,827.2,190.5,192.0,195.5,196.5,3.4,78.9,3.484,-1.2,0.957,1,oil_leak,0,0.431,0.5,1800.0
158.8,mission_cruise,73.23513062812674,2500.0,43.38243468593663,4272.9,826.2,836.3,838.3,827.4,190.4,191.3,195.7,196.8,3.41,79.0,3.474,4286.6,826.2,834.2,837.2,827.2,190.5,192.0,195.5,196.5,3.39,78.9,3.484,-1.2,0.957,1,oil_leak,0,0.433,0.5,1800.0
158.9,mission_cruise,73.23401889938854,2500.0,43.38299055030573,4281.3,825.3,833.8,836.4,826.7,190.3,192.8,196.3,196.0,3.4,78.8,3.509,4286.6,826.2,834.2,837.2,827.2,190.5,192.0,195.5,196.5,3.39,78.9,3.484,-1.2,0.957,1,oil_leak,0,0.436,0.5,1800.0
159.0,mission_cruise,73.23290717065036,2500.0,43.38354641467482,4291.3,827.1,833.0,836.8,827.3,190.8,192.1,195.5,196.0,3.39,78.8,3.458,4286.5,826.2,834.2,837.2,827.2,190.5,192.0,195.5,196.5,3.38,78.9,3.484,-1.2,0.957,1,oil_leak,0,0.438,0.5,1800.0
159.1,mission_cruise,73.23179544191217,2500.0,43.384102279043915,4288.6,827.9,834.6,839.3,826.1,190.2,192.7,195.7,197.3,3.4,79.7,3.467,4286.5,826.2,834.2,837.2,827.2,190.5,192.0,195.5,196.5,3.38,78.9,3.484,-1.2,0.957,1,oil_leak,0,0.44,0.5,1800.0
159.2,mission_cruise,73.23068371317399,2500.0,43.384658143413006,4284.7,825.6,835.1,838.9,825.8,190.8,192.0,195.9,197.9,3.39,79.6,3.528,4286.5,826.2,834.2,837.2,827.2,190.5,192.0,195.5,196.5,3.37,79.0,3.484,-1.2,0.957,1,oil_leak,0,0.442,0.5,1800.0
159.3,mission_cruise,73.2295719844358,2500.0,43.3852140077821,4289.2,825.3,833.2,836.6,825.9,189.6,191.8,196.3,198.8,3.39,79.1,3.456,4286.4,826.2,834.2,837.2,827.2,190.5,192.0,195.5,196.5,3.36,79.0,3.484,-1.2,0.957,1,oil_leak,0,0.444,0.5,1800.0
159.4,mission_cruise,73.22846025569761,2500.0,43.385769872151194,4282.4,828.1,833.2,835.0,828.4,189.0,191.3,195.9,195.7,3.36,79.5,3.529,4286.4,826.2,834.2,837.2,827.2,190.5,192.0,195.5,196.5,3.36,79.0,3.484,-1.2,0.957,1,oil_leak,0,0.447,0.5,1800.0
159.5,mission_cruise,73.22734852695942,2500.0,43.38632573652029,4300.1,826.7,832.7,839.3,827.4,190.6,191.8,196.8,196.6,3.37,78.7,3.503,4286.4,826.2,834.2,837.2,827.2,190.5,192.0,195.5,196.5,3.35,79.0,3.484,-1.2,0.957,1,oil_leak,0,0.449,0.5,1800.0
159.6,mission_cruise,73.22623679822124,2500.0,43.38688160088938,4279.4,825.7,834.8,837.4,828.2,189.9,191.8,195.6,196.5,3.3,79.1,3.505,4286.3,826.2,834.2,837.2,827.2,190.5,192.0,195.5,196.5,3.35,79.1,3.484,-1.2,0.957,1,oil_leak,0,0.451,0.5,1800.0
159.7,mission_cruise,73.22512506948304,2500.0,43.38743746525848,4288.4,829.3,833.8,835.7,825.8,191.0,193.4,195.4,197.3,3.31,78.9,3.481,4286.3,826.2,834.2,837.2,827.2,190.5,192.0,195.5,196.5,3.34,79.1,3.484,-1.2,0.957,1,oil_leak,0,0.453,0.5,1800.0
159.8,mission_cruise,73.22401334074486,2500.0,43.38799332962757,4274.6,825.7,832.7,836.3,826.9,190.5,192.2,196.1,196.9,3.34,79.0,3.492,4286.2,826.2,834.2,837.2,827.2,190.5,192.0,195.5,196.5,3.33,79.1,3.483,-1.2,0.957,1,oil_leak,0,0.455,0.5,1800.0
159.9,mission_cruise,73.22290161200667,2500.0,43.38854919399667,4296.2,823.6,836.7,836.5,827.6,190.8,192.2,196.0,196.1,3.29,79.1,3.444,4286.2,826.2,834.2,837.2,827.2,190.5,192.0,195.5,196.5,3.33,79.1,3.483,-1.2,0.957,1,oil_leak,0,0.458,0.5,1800.0
160.0,mission_cruise,73.22178988326849,2500.0,43.38910505836576,4286.1,827.4,833.2,838.3,829.9,190.4,191.8,196.6,195.6,3.31,78.9,3.485,4286.2,826.2,834.2,837.2,827.2,190.5,192.0,195.5,196.5,3.32,79.1,3.483,-1.2,0.957,1,oil_leak,0,0.46,0.5,1800.0
160.1,mission_cruise,73.22067815453029,2500.0,43.389660922734855,4289.5,824.5,833.5,838.3,829.7,191.6,191.7,194.8,195.8,3.3,79.1,3.528,4286.1,826.2,834.2,837.2,827.2,190.5,192.0,195.5,196.5,3.31,79.2,3.483,-1.2,0.957,1,oil_leak,0,0.462,0.5,1800.0
160.2,mission_cruise,73.21956642579211,2500.0,43.390216787103945,4286.0,826.5,834.5,838.1,827.4,190.5,191.4,194.3,196.0,3.3,79.1,3.534,4286.1,826.2,834.2,837.2,827.2,190.5,192.0,195.5,196.5,3.31,79.2,3.483,-1.2,0.957,1,oil_leak,0,0.464,0.5,1800.0
160.3,mission_cruise,73.21845469705391,2500.0,43.39077265147304,4285.5,826.0,833.6,837.9,826.7,190.1,192.4,195.6,196.6,3.31,79.2,3.42,4286.1,826.2,834.2,837.2,827.2,190.5,192.0,195.5,196.5,3.3,79.2,3.483,-1.2,0.957,1,oil_leak,0,0.466,0.5,1800.0
160.4,mission_cruise,73.21734296831573,2500.0,43.39132851584213,4282.2,827.8,832.5,837.6,825.6,191.1,192.3,195.5,196.7,3.32,79.4,3.515,4286.0,826.2,834.2,837.2,827.2,190.5,192.0,195.5,196.5,3.3,79.2,3.483,-1.2,0.957,1,oil_leak,0,0.469,0.5,1800.0
160.5,mission_cruise,73.21623123957754,2500.0,43.39188438021123,4286.9,826.3,831.6,834.9,830.2,190.7,191.6,194.2,196.7,3.32,78.9,3.477,4286.0,826.2,834.2,837.2,827.2,190.5,192.0,195.5,196.5,3.29,79.3,3.483,-1.2,0.957,1,oil_leak,0,0.471,0.5,1800.0
160.6,mission_cruise,73.21511951083936,2500.0,43.39244024458032,4291.6,824.3,834.7,836.0,827.8,190.5,190.5,195.8,195.7,3.29,79.9,3.452,4286.0,826.2,834.2,837.2,827.2,190.5,192.0,195.5,196.5,3.28,79.3,3.483,-1.2,0.957,1,oil_leak,0,0.473,0.5,1800.0
160.7,mission_cruise,73.21400778210116,2500.0,43.39299610894942,4276.9,824.2,833.2,833.9,827.4,190.7,191.9,195.5,196.4,3.26,79.3,3.503,4285.9,826.2,834.2,837.2,827.2,190.5,192.0,195.5,196.5,3.28,79.3,3.483,-1.2,0.957,1,oil_leak,0,0.475,0.5,1800.0
160.8,mission_cruise,73.21289605336298,2500.0,43.39355197331851,4275.4,825.6,832.5,836.8,826.5,190.6,192.1,194.8,196.3,3.27,79.3,3.462,4285.9,826.2,834.2,837.2,827.2,190.5,192.0,195.5,196.5,3.27,79.3,3.483,-1.2,0.957,1,oil_leak,0,0.477,0.5,1800.0
160.9,mission_cruise,73.21178432462479,2500.0,43.394107837687606,4278.7,826.1,836.4,835.7,829.0,190.0,191.6,195.7,196.7,3.3,79.3,3.55,4285.9,826.2,834.2,837.2,827.2,190.5,192.0,195.5,196.5,3.27,79.4,3.483,-1.2,0.957,1,oil_leak,0,0.48,0.5,1800.0
161.0,mission_cruise,73.2106725958866,2500.0,43.3946637020567,4287.0,828.6,834.4,836.7,830.1,190.9,191.3,195.1,195.8,3.25,79.4,3.475,4285.8,826.2,834.2,837.2,827.2,190.5,192.0,195.5,196.5,3.26,79.4,3.483,-1.2,0.957,1,oil_leak,0,0.482,0.5,1800.0
161.1,mission_cruise,73.20956086714841,2500.0,43.395219566425794,4284.9,826.0,832.6,837.3,828.8,190.5,193.6,194.7,197.3,3.21,79.0,3.502,4285.8,826.2,834.2,837.2,827.2,190.5,192.0,195.5,196.5,3.25,79.4,3.483,-1.2,0.957,1,oil_leak,0,0.484,0.5,1800.0
161.2,mission_cruise,73.20844913841023,2500.0,43.395775430794885,4278.9,827.5,832.6,837.7,825.3,189.6,192.1,195.3,195.9,3.26,79.2,3.525,4285.7,826.2,834.2,837.2,827.2,190.5,192.0,195.5,196.5,3.25,79.4,3.483,-1.2,0.957,1,oil_leak,0,0.486,0.5,1800.0
161.3,mission_cruise,73.20733740967204,2500.0,43.39633129516398,4293.0,824.3,835.8,835.4,828.6,189.7,192.2,196.1,197.3,3.21,79.8,3.543,4285.7,826.2,834.2,837.2,827.2,190.5,192.0,195.5,196.5,3.24,79.5,3.483,-1.2,0.957,1,oil_leak,0,0.488,0.5,1800.0
161.4,mission_cruise,73.20622568093385,2500.0,43.39688715953307,4281.5,825.8,833.8,837.4,826.8,190.6,191.3,195.5,195.5,3.27,79.3,3.513,4285.7,826.2,834.2,837.2,827.2,190.5,192.0,195.5,196.5,3.23,79.5,3.483,-1.2,0.957,1,oil_leak,0,0.491,0.5,1800.0
161.5,mission_cruise,73.20511395219566,2500.0,43.39744302390217,4280.1,824.5,833.9,835.7,825.6,189.5,190.5,196.0,197.6,3.26,79.3,3.502,4285.6,826.2,834.2,837.2,827.2,190.5,192.0,195.5,196.5,3.23,79.5,3.483,-1.2,0.957,1,oil_leak,0,0.493,0.5,1800.0
161.6,mission_cruise,73.20400222345748,2500.0,43.39799888827126,4288.3,827.5,831.3,837.6,826.7,190.8,192.4,196.2,197.2,3.2,80.1,3.446,4285.6,826.2,834.2,837.2,827.2,190.5,192.0,195.5,196.5,3.22,79.5,3.483,-1.2,0.957,1,oil_leak,0,0.495,0.5,1800.0
161.7,mission_cruise,73.20289049471928,2500.0,43.39855475264036,4283.8,824.1,833.5,834.5,825.3,190.4,192.2,194.9,197.0,3.19,79.9,3.5,4285.6,826.2,834.2,837.2,827.2,190.5,192.0,195.5,196.5,3.22,79.6,3.483,-1.2,0.957,1,oil_leak,0,0.497,0.5,1800.0
161.8,mission_cruise,73.2017787659811,2500.0,43.39911061700945,4290.4,826.4,833.6,837.3,827.8,190.7,192.5,196.2,196.7,3.24,78.6,3.507,4285.5,826.2,834.2,837.2,827.2,190.5,192.0,195.5,196.5,3.21,79.6,3.483,-1.2,0.957,1,oil_leak,0,0.499,0.5,1800.0
161.9,mission_cruise,73.20066703724291,2500.0,43.399666481378546,4289.2,825.3,834.1,837.3,829.3,190.3,191.9,196.1,196.9,3.22,79.6,3.414,4285.5,826.2,834.2,837.2,827.2,190.5,192.0,195.5,196.5,3.2,79.6,3.483,-1.2,0.957,1,oil_leak,0,0.502,0.5,1800.0
162.0,mission_cruise,73.19955530850473,2500.0,43.400222345747636,4284.1,825.4,833.6,837.9,825.5,191.5,191.6,196.2,196.1,3.17,79.8,3.492,4285.5,826.2,834.2,837.2,827.2,190.5,192.0,195.5,196.5,3.2,79.7,3.482,-1.2,0.957,1,oil_leak,0,0.504,0.5,1800.0
162.1,mission_cruise,73.19844357976653,2500.0,43.400778210116734,4287.9,824.5,834.0,838.4,826.8,191.2,191.7,195.6,196.5,3.17,80.0,3.48,4285.4,826.2,834.2,837.2,827.2,190.5,192.0,195.5,196.5,3.19,79.7,3.482,-1.2,0.957,1,oil_leak,0,0.506,0.5,1800.0
162.2,mission_cruise,73.19733185102835,2500.0,43.401334074485824,4284.2,825.4,835.5,837.0,827.3,192.0,192.8,195.2,196.1,3.15,79.9,3.47,4285.4,826.2,834.2,837.2,827.2,190.5,192.0,195.5,196.5,3.18,79.7,3.482,-1.2,0.957,1,oil_leak,0,0.508,0.5,1800.0
162.3,mission_cruise,73.19622012229016,2500.0,43.40188993885492,4284.4,825.8,834.7,838.5,826.9,190.3,192.0,195.6,195.9,3.17,79.6,3.463,4285.4,826.2,834.2,837.2,827.2,190.5,192.0,195.5,196.5,3.18,79.7,3.482,-1.2,0.957,1,oil_leak,0,0.51,0.5,1800.0
162.4,mission_cruise,73.19510839355198,2500.0,43.40244580322401,4300.2,825.5,834.5,838.3,826.4,190.3,192.3,196.1,196.7,3.2,80.4,3.486,4285.3,826.2,834.2,837.2,827.2,190.5,192.0,195.5,196.5,3.17,79.8,3.482,-1.2,0.957,1,oil_leak,0,0.513,0.5,1800.0
162.5,mission_cruise,73.19399666481378,2500.0,43.40300166759311,4284.5,824.5,834.4,836.5,826.7,190.8,192.1,194.4,195.1,3.2,80.3,3.497,4285.3,826.2,834.2,837.2,827.2,190.5,192.0,195.5,196.5,3.17,79.8,3.482,-1.2,0.957,1,oil_leak,0,0.515,0.5,1800.0
162.6,mission_cruise,73.1928849360756,2500.0,43.4035575319622,4274.9,825.5,834.9,839.2,826.9,190.3,192.0,195.1,195.9,3.13,78.4,3.492,4285.2,826.2,834.2,837.2,827.2,190.5,192.0,195.5,196.5,3.16,79.8,3.482,-1.2,0.957,1,oil_leak,0,0.517,0.5,1800.0
162.7,mission_cruise,73.1917732073374,2500.0,43.4041133963313,4281.3,825.2,832.5,838.7,829.2,190.8,191.2,195.3,196.3,3.16,79.7,3.469,4285.2,826.2,834.2,837.2,827.2,190.5,192.0,195.5,196.5,3.15,79.8,3.482,-1.2,0.957,1,oil_leak,0,0.519,0.5,1800.0
162.8,mission_cruise,73.19066147859922,2500.0,43.40466926070039,4274.6,824.6,835.0,838.4,827.7,190.6,190.7,195.3,197.0,3.19,80.3,3.503,4285.2,826.2,834.2,837.2,827.2,190.5,192.0,195.5,196.5,3.15,79.9,3.482,-1.2,0.957,1,oil_leak,0,0.521,0.5,1800.0
162.9,mission_cruise,73.18954974986103,2500.0,43.405225125069485,4285.3,825.5,833.4,835.2,829.5,191.0,191.0,195.3,196.3,3.18,80.1,3.555,4285.1,826.2,834.2,837.2,827.2,190.5,192.0,195.5,196.5,3.14,79.9,3.482,-1.2,0.957,1,oil_leak,0,0.524,0.5,1800.0
163.0,mission_cruise,73.18843802112285,2500.0,43.405780989438576,4278.8,827.0,835.7,835.4,828.4,190.0,191.3,195.6,196.8,3.11,80.4,3.504,4285.1,826.2,834.2,837.2,827.2,190.5,192.0,195.5,196.5,3.14,79.9,3.482,-1.2,0.957,1,oil_leak,0,0.526,0.5,1800.0
163.1,mission_cruise,73.18732629238465,2500.0,43.40633685380767,4278.4,828.7,833.3,837.1,824.4,190.1,191.6,195.8,196.4,3.15,80.2,3.51,4285.1,826.2,834.2,837.2,827.2,190.5,192.0,195.5,196.5,3.13,80.0,3.482,-1.2,0.957,1,oil_leak,0,0.528,0.5,1800.0
163.2,mission_cruise,73.18621456364647,2500.0,43.40689271817676,4292.2,824.7,836.8,836.1,828.4,190.6,191.9,195.2,196.8,3.11,80.3,3.477,4285.0,826.2,834.2,837.2,827.2,190.5,192.0,195.5,196.5,3.12,80.0,3.482,-1.2,0.957,1,oil_leak,0,0.53,0.5,1800.0
163.3,mission_cruise,73.18510283490828,2500.0,43.40744858254586,4286.3,826.1,835.4,837.5,827.0,190.1,193.3,195.7,195.9,3.11,79.4,3.477,4285.0,826.2,834.2,837.2,827.2,190.5,192.0,195.5,196.5,3.12,80.0,3.482,-1.2,0.957,1,oil_leak,0,0.532,0.5,1800.0
163.4,mission_cruise,73.1839911061701,2500.0,43.40800444691495,4288.5,828.5,832.6,838.1,827.5,191.7,191.1,195.0,196.2,3.1,79.2,3.478,4285.0,826.2,834.2,837.2,827.2,190.5,192.0,195.5,196.5,3.11,80.1,3.482,-1.2,0.957,1,oil_leak,0,0.535,0.5,1800.0
163.5,mission_cruise,73.1828793774319,2500.0,43.40856031128405,4281.4,826.7,834.1,836.3,825.9,190.1,192.6,196.0,196.1,3.11,80.2,3.468,4284.9,826.1,834.1,837.1,827.1,190.5,192.0,195.5,196.5,3.1,80.1,3.482,-1.2,0.957,1,oil_leak,0,0.537,0.5,1800.0
163.6,mission_cruise,73.18176764869372,2500.0,43.40911617565314,4289.3,827.2,832.6,834.3,828.1,190.1,191.9,195.1,195.3,3.09,80.7,3.415,4284.9,826.1,834.1,837.1,827.1,190.5,192.0,195.5,196.5,3.1,80.1,3.482,-1.2,0.957,1,oil_leak,0,0.539,0.5,1800.0
163.7,mission_cruise,73.18065591995553,2500.0,43.40967204002224,4285.9,828.5,833.7,837.0,828.0,190.3,191.2,194.9,197.2,3.1,79.9,3.467,4284.8,826.1,834.1,837.1,827.1,190.5,192.0,195.5,196.5,3.09,80.1,3.482,-1.2,0.957,1,oil_leak,0,0.541,0.5,1800.0
163.8,mission_cruise,73.17954419121735,2500.0,43.41022790439133,4283.7,826.0,833.5,839.5,827.4,190.4,191.7,195.6,195.9,3.09,79.6,3.506,4284.8,826.1,834.1,837.1,827.1,190.5,192.0,195.5,196.5,3.08,80.2,3.482,-1.2,0.957,1,oil_leak,0,0.543,0.5,1800.0
163.9,mission_cruise,73.17843246247915,2500.0,43.410783768760425,4292.1,826.9,832.0,835.7,830.1,190.7,191.6,195.2,195.5,3.11,79.8,3.46,4284.8,826.1,834.1,837.1,827.1,190.5,192.0,195.5,196.5,3.08,80.2,3.482,-1.2,0.957,1,oil_leak,0,0.546,0.5,1800.0
164.0,mission_cruise,73.17732073374097,2500.0,43.411339633129515,4278.7,825.8,836.7,836.4,827.8,189.8,192.0,194.9,197.2,3.05,79.9,3.432,4284.7,826.1,834.1,837.1,827.1,190.5,192.0,195.5,196.5,3.07,80.2,3.482,-1.2,0.957,1,oil_leak,0,0.548,0.5,1800.0
164.1,mission_cruise,73.17620900500278,2500.0,43.41189549749861,4284.8,827.4,835.4,837.0,829.5,191.4,191.1,195.8,195.9,3.07,80.5,3.502,4284.7,826.1,834.1,837.1,827.1,190.5,192.0,195.5,196.5,3.06,80.3,3.482,-1.2,0.957,1,oil_leak,0,0.55,0.5,1800.0
164.2,mission_cruise,73.1750972762646,2500.0,43.4124513618677,4282.5,827.7,834.7,835.2,829.1,190.6,192.4,195.4,195.9,3.08,80.0,3.505,4284.7,826.1,834.1,837.1,827.1,190.5,192.0,195.5,196.5,3.06,80.3,3.482,-1.2,0.957,1,oil_leak,0,0.55,0.5,1800.0
164.3,mission_cruise,73.1739855475264,2500.0,43.4130072262368,4287.4,825.6,834.5,836.8,826.5,190.1,191.8,195.1,196.7,3.09,80.3,3.473,4284.6,826.1,834.1,837.1,827.1,190.5,192.0,195.5,196.5,3.06,80.3,3.481,-1.2,0.957,1,oil_leak,0,0.55,0.5,1800.0
164.4,mission_cruise,73.17287381878822,2500.0,43.41356309060589,4287.9,826.1,833.5,835.1,825.4,190.4,193.6,194.3,196.0,3.03,79.9,3.415,4284.6,826.1,834.1,837.1,827.1,190.5,192.0,195.5,196.5,3.05,80.4,3.481,-1.2,0.957,1,oil_leak,0,0.55,0.5,1800.0
164.5,mission_cruise,73.17176209005002,2500.0,43.41411895497499,4276.5,825.0,834.2,837.7,828.2,190.9,191.7,195.2,196.6,3.09,80.3,3.442,4284.6,826.1,834.1,837.1,827.1,190.5,192.0,195.5,196.5,3.05,80.4,3.481,-1.2,0.957,1,oil_leak,0,0.55,0.5,1800.0
164.6,mission_cruise,73.17065036131184,2500.0,43.41467481934408,4287.1,827.6,836.4,837.1,825.9,190.3,191.5,194.2,196.1,3.03,79.8,3.411,4284.5,826.1,834.1,837.1,827.1,190.5,192.0,195.5,196.5,3.05,80.4,3.481,-1.2,0.957,1,oil_leak,0,0.55,0.5,1800.0
164.7,mission_cruise,73.16953863257365,2500.0,43.415230683713176,4286.6,828.0,832.9,836.2,826.4,189.8,192.5,195.4,196.3,3.04,81.2,3.482,4284.5,826.1,834.1,837.1,827.1,190.5,192.0,195.5,196.5,3.05,80.5,3.481,-1.2,0.957,1,oil_leak,0,0.55,0.5,1800.0
164.8,mission_cruise,73.16842690383547,2500.0,43.41578654808227,4290.8,825.4,833.4,837.0,831.5,189.8,192.6,195.6,195.5,3.05,80.5,3.465,4284.5,826.1,834.1,837.1,827.1,190.5,192.0,195.5,196.5,3.05,80.5,3.481,-1.2,0.957,1,oil_leak,0,0.55,0.5,1800.0
164.9,mission_cruise,73.16731517509727,2500.0,43.416342412451364,4282.9,827.1,835.0,838.7,829.5,190.4,192.9,195.5,196.3,3.08,80.2,3.529,4284.4,826.1,834.1,837.1,827.1,190.5,192.0,195.5,196.5,3.04,80.5,3.481,-1.2,0.957,1,oil_leak,0,0.55,0.5,1800.0
165.0,mission_cruise,73.16620344635909,2500.0,43.416898276820454,4281.7,826.7,835.3,838.6,826.8,191.1,192.0,194.5,197.2,3.08,80.1,3.449,4284.4,826.1,834.1,837.1,827.1,190.5,192.0,195.5,196.5,3.04,80.5,3.481,-1.2,0.957,1,oil_leak,0,0.55,0.5,1800.0
165.1,mission_cruise,73.1650917176209,2500.0,43.41745414118955,4298.0,825.0,834.8,837.5,827.8,189.6,192.4,195.3,196.8,3.02,80.5,3.455,4284.3,826.1,834.1,837.1,827.1,190.5,192.0,195.5,196.5,3.04,80.6,3.481,-1.2,0.957,1,oil_leak,0,0.55,0.5,1800.0
165.2,mission_cruise,73.16397998888272,2500.0,43.41801000555864,4290.9,823.2,833.5,836.1,825.8,189.9,192.9,195.1,196.5,3.04,80.3,3.461,4284.3,826.1,834.1,837.1,827.1,190.5,192.0,195.5,196.5,3.04,80.6,3.481,-1.2,0.957,1,oil_leak,0,0.55,0.5,1800.0
165.3,mission_cruise,73.16286826014452,2500.0,43.41856586992774,4278.6,828.4,833.4,835.3,826.0,191.0,192.0,195.3,196.4,3.05,80.5,3.445,4284.3,826.1,834.1,837.1,827.1,190.5,192.0,195.5,196.5,3.04,80.6,3.481,-1.2,0.957,1,oil_leak,0,0.55,0.5,1800.0
165.4,mission_cruise,73.16175653140634,2500.0,43.41912173429683,4286.7,827.0,835.4,834.4,826.2,190.5,193.1,194.7,195.5,3.05,80.1,3.519,4284.2,826.1,834.1,837.1,827.1,190.5,192.0,195.5,196.5,3.04,80.7,3.481,-1.2,0.957,1,oil_leak,0,0.55,0.5,1800.0
165.5,mission_cruise,73.16064480266814,2500.0,43.41967759866593,4277.5,827.8,834.9,836.6,826.6,191.4,192.1,195.5,196.1,3.04,80.9,3.464,4284.2,826.1,834.1,837.1,827.1,190.5,192.0,195.5,196.5,3.04,80.7,3.481,-1.2,0.957,1,oil_leak,0,0.55,0.5,1800.0
165.6,mission_cruise,73.15953307392996,2500.0,43.42023346303502,4289.0,829.6,833.7,840.2,822.6,190.6,192.0,195.1,195.7,3.08,81.0,3.466,4284.2,826.1,834.1,837.1,827.1,190.5,192.0,195.5,196.5,3.04,80.7,3.481,-1.2,0.957,1,oil_leak,0,0.55,0.5,1800.0
165.7,mission_cruise,73.15842134519177,2500.0,43.420789327404115,4286.2,825.5,834.3,838.3,826.5,189.2,192.1,196.1,195.9,3.01,81.5,3.498,4284.1,826.1,834.1,837.1,827.1,190.5,192.0,195.5,196.5,3.04,80.8,3.481,-1.2,0.957,1,oil_leak,0,0.55,0.5,1800.0
165.8,mission_cruise,73.15730961645359,2500.0,43.421345191773206,4282.7,826.9,833.0,837.2,823.8,190.5,192.0,196.2,197.0,3.02,81.2,3.461,4284.1,826.1,834.1,837.1,827.1,190.5,192.0,195.5,196.5,3.04,80.8,3.481,-1.2,0.957,1,oil_leak,0,0.55,0.5,1800.0
165.9,mission_cruise,73.1561978877154,2500.0,43.4219010561423,4282.0,827.5,834.5,837.5,825.6,190.1,190.6,195.8,195.8,3.05,80.7,3.478,4284.1,826.1,834.1,837.1,827.1,190.5,192.0,195.5,196.5,3.04,80.8,3.481,-1.2,0.957,1,oil_leak,0,0.55,0.5,1800.0
166.0,mission_cruise,73.15508615897721,2500.0,43.422456920511394,4281.4,825.9,835.5,835.2,827.6,191.4,192.4,196.2,196.9,3.03,80.8,3.519,4284.0,826.1,834.1,837.1,827.1,190.5,192.0,195.5,196.5,3.04,80.8,3.481,-1.2,0.957,1,oil_leak,0,0.55,0.5,1800.0
166.1,mission_cruise,73.15397443023902,2500.0,43.42301278488049,4291.2,824.0,834.7,840.1,823.8,190.2,192.7,196.1,195.2,3.03,81.5,3.463,4284.0,826.1,834.1,837.1,827.1,190.5,192.0,195.5,196.5,3.04,80.9,3.481,-1.2,0.957,1,oil_leak,0,0.55,0.5,1800.0
166.2,mission_cruise,73.15286270150084,2500.0,43.42356864924958,4288.6,829.3,835.1,836.5,826.3,190.2,191.7,195.2,196.3,3.01,80.3,3.526,4284.0,826.1,834.1,837.1,827.1,190.5,192.0,195.5,196.5,3.04,80.9,3.481,-1.2,0.957,1,oil_leak,0,0.55,0.5,1800.0
166.3,mission_cruise,73.15175097276264,2500.0,43.42412451361868,4286.5,826.7,834.2,837.9,827.0,190.6,191.7,195.8,195.7,3.01,80.8,3.48,4283.9,826.1,834.1,837.1,827.1,190.5,192.0,195.5,196.5,3.04,80.9,3.481,-1.2,0.957,1,oil_leak,0,0.55,0.5,1800.0
166.4,mission_cruise,73.15063924402446,2500.0,43.42468037798777,4285.3,825.9,831.3,837.1,828.0,190.6,192.0,194.7,195.8,3.02,80.6,3.447,4283.9,826.1,834.1,837.1,827.1,190.5,192.0,195.5,196.5,3.04,81.0,3.481,-1.2,0.957,1,oil_leak,0,0.55,0.5,1800.0
166.5,mission_cruise,73.14952751528627,2500.0,43.42523624235687,4291.0,826.1,834.8,837.5,825.4,190.2,192.1,196.2,196.9,3.01,81.5,3.479,4283.8,826.1,834.1,837.1,827.1,190.5,192.0,195.5,196.5,3.03,81.0,3.481,-1.2,0.957,1,oil_leak,0,0.55,0.5,1800.0
166.6,mission_cruise,73.14841578654809,2500.0,43.42579210672596,4288.1,827.1,835.0,839.3,829.6,190.3,192.6,195.7,196.6,3.0,81.2,3.47,4283.8,826.1,834.1,837.1,827.1,190.5,192.0,195.5,196.5,3.03,81.0,3.48,-1.2,0.957,1,oil_leak,0,0.55,0.5,1800.0
166.7,mission_cruise,73.14730405780989,2500.0,43.426347971095055,4280.9,826.0,834.2,836.8,825.6,191.3,192.4,196.2,196.3,3.04,81.1,3.499,4283.8,826.1,834.1,837.1,827.1,190.5,192.0,195.5,196.5,3.03,81.1,3.48,-1.2,0.957,1,oil_leak,0,0.55,0.5,1800.0
166.8,mission_cruise,73.14619232907171,2500.0,43.426903835464145,4286.9,826.9,834.4,837.4,827.1,191.0,192.1,195.5,196.6,2.98,81.7,3.413,4283.7,826.1,834.1,837.1,827.1,190.5,192.0,195.5,196.5,3.03,81.1,3.48,-1.2,0.957,1,oil_leak,0,0.55,0.5,1800.0
166.9,mission_cruise,73.14508060033351,2500.0,43.42745969983324,4283.3,824.8,834.6,840.2,829.3,190.3,192.8,194.6,197.5,3.06,80.5,3.532,4283.7,826.1,834.1,837.1,827.1,190.5,192.0,195.5,196.5,3.03,81.1,3.48,-1.2,0.957,1,oil_leak,0,0.55,0.5,1800.0
167.0,mission_cruise,73.14396887159533,2500.0,43.42801556420233,4286.5,825.5,834.3,836.6,828.3,190.6,191.3,195.8,196.9,3.03,81.7,3.483,4283.7,826.1,834.1,837.1,827.1,190.5,192.0,195.5,196.5,3.03,81.1,3.48,-1.2,0.957,1,oil_leak,0,0.55,0.5,1800.0
167.1,mission_cruise,73.14285714285714,2500.0,43.42857142857143,4286.2,826.9,834.7,837.9,828.0,190.2,192.1,194.7,196.8,3.02,80.5,3.479,4283.6,826.1,834.1,837.1,827.1,190.5,192.0,195.5,196.5,3.03,81.2,3.48,-1.2,0.957,1,oil_leak,0,0.55,0.5,1800.0
167.2,mission_cruise,73.14174541411896,2500.0,43.42912729294052,4279.5,827.1,834.7,837.7,826.6,189.7,192.5,196.0,196.4,3.07,81.3,3.488,4283.6,826.1,834.1,837.1,827.1,190.5,192.0,195.5,196.5,3.03,81.2,3.48,-1.2,0.957,1,oil_leak,0,0.55,0.5,1800.0
167.3,mission_cruise,73.14063368538076,2500.0,43.42968315730962,4268.7,828.5,836.5,837.5,828.1,189.8,192.5,194.8,197.1,3.09,80.7,3.519,4283.6,826.1,834.1,837.1,827.1,190.5,192.0,195.5,196.5,3.03,81.2,3.48,-1.2,0.957,1,oil_leak,0,0.55,0.5,1800.0
167.4,mission_cruise,73.13952195664258,2500.0,43.43023902167871,4283.1,827.9,833.8,838.6,826.7,191.2,193.2,195.7,196.9,3.06,81.7,3.562,4283.5,826.1,834.1,837.1,827.1,190.5,192.0,195.5,196.5,3.03,81.3,3.48,-1.2,0.957,1,oil_leak,0,0.55,0.5,1800.0
167.5,mission_cruise,73.13841022790439,2500.0,43.430794886047806,4270.0,826.4,833.7,837.2,825.1,190.8,192.8,194.9,196.3,3.06,81.7,3.449,4283.5,826.1,834.1,837.1,827.1,190.5,192.0,195.5,196.5,3.03,81.3,3.48,-1.2,0.957,1,oil_leak,0,0.55,0.5,1800.0
167.6,mission_cruise,73.1372984991662,2500.0,43.4313507504169,4285.5,826.8,834.9,838.4,828.0,189.7,192.4,196.0,197.0,3.05,81.0,3.482,4283.5,826.1,834.1,837.1,827.1,190.5,192.0,195.5,196.5,3.03,81.3,3.48,-1.2,0.957,1,oil_leak,0,0.55,0.5,1800.0
167.7,mission_cruise,73.13618677042801,2500.0,43.431906614785994,4283.9,825.0,836.7,835.0,827.0,190.2,192.5,194.9,195.5,2.97,82.6,3.514,4283.4,826.1,834.1,837.1,827.1,190.5,192.0,195.5,196.5,3.03,81.3,3.48,-1.2,0.957,1,oil_leak,0,0.55,0.5,1800.0
167.8,mission_cruise,73.13507504168983,2500.0,43.432462479155085,4288.9,825.6,835.9,835.6,827.4,190.5,190.9,196.4,196.1,3.04,80.5,3.435,4283.4,826.1,834.1,837.1,827.1,190.5,192.0,195.5,196.5,3.03,81.4,3.48,-1.2,0.957,1,oil_leak,0,0.55,0.5,1800.0
167.9,mission_cruise,73.13396331295164,2500.0,43.43301834352418,4277.3,826.0,835.8,837.9,828.3,190.0,193.8,194.7,196.4,3.02,81.1,3.45,4283.3,826.1,834.1,837.1,827.1,190.5,192.0,195.5,196.5,3.03,81.4,3.48,-1.2,0.957,1,oil_leak,0,0.55,0.5,1800.0
168.0,mission_cruise,73.13285158421345,2500.0,43.43357420789327,4275.2,825.0,834.9,838.1,825.6,191.1,191.3,195.1,196.3,3.0,81.4,3.444,4283.3,826.1,834.1,837.1,827.1,190.5,192.0,195.5,196.5,3.03,81.4,3.48,-1.2,0.957,1,oil_leak,0,0.55,0.5,1800.0
168.1,mission_cruise,73.13173985547526,2500.0,43.43413007226237,4283.7,828.0,832.6,837.3,826.6,190.8,191.5,195.4,197.5,3.04,81.0,3.428,4283.3,826.1,834.1,837.1,827.1,190.5,192.0,195.5,196.5,3.03,81.5,3.48,-1.2,0.957,1,oil_leak,0,0.55,0.5,1800.0
168.2,mission_cruise,73.13062812673708,2500.0,43.43468593663146,4286.6,825.9,833.3,835.7,827.5,190.4,191.3,195.1,195.9,3.04,81.4,3.489,4283.2,826.1,834.1,837.1,827.1,190.5,192.0,195.5,196.5,3.03,81.5,3.48,-1.2,0.957,1,oil_leak,0,0.55,0.5,1800.0
168.3,mission_cruise,73.12951639799888,2500.0,43.43524180100056,4286.8,825.3,833.2,834.5,825.5,190.5,192.4,195.1,197.0,3.04,80.4,3.451,4283.2,826.1,834.1,837.1,827.1,190.5,192.0,195.5,196.5,3.03,81.5,3.48,-1.2,0.957,1,oil_leak,0,0.55,0.5,1800.0
168.4,mission_cruise,73.1284046692607,2500.0,43.43579766536965,4286.5,827.7,834.5,835.5,829.9,190.1,192.7,195.5,197.0,3.0,80.7,3.482,4283.2,826.1,834.1,837.1,827.1,190.5,192.0,195.5,196.5,3.03,81.5,3.48,-1.2,0.957,1,oil_leak,0,0.55,0.5,1800.0
168.5,mission_cruise,73.12729294052251,2500.0,43.436353529738746,4276.9,828.2,833.6,837.5,827.1,190.5,192.0,196.5,196.8,3.0,81.6,3.482,4283.1,826.1,834.1,837.1,827.1,190.5,192.0,195.5,196.5,3.03,81.6,3.48,-1.2,0.957,1,oil_leak,0,0.55,0.5,1800.0
168.6,mission_cruise,73.12618121178433,2500.0,43.436909394107836,4286.0,824.8,834.3,836.4,828.6,189.5,191.8,194.9,196.4,3.05,81.9,3.472,4283.1,826.0,834.0,837.0,827.0,190.5,192.0,195.5,196.5,3.02,81.6,3.48,-1.2,0.957,1,oil_leak,0,0.55,0.5,1800.0
168.7,mission_cruise,73.12506948304613,2500.0,43.437465258476934,4290.2,827.3,833.9,837.4,827.0,190.1,192.0,196.4,196.8,3.01,81.9,3.503,4283.1,826.0,834.0,837.0,827.0,190.5,192.0,195.5,196.5,3.02,81.6,3.48,-1.2,0.957,1,oil_leak,0,0.55,0.5,1800.0
168.8,mission_cruise,73.12395775430795,2500.0,43.438021122846024,4282.8,825.8,834.0,835.5,827.3,189.8,190.9,195.2,196.5,3.03,82.0,3.527,4283.0,826.0,834.0,837.0,827.0,190.5,192.0,195.5,196.5,3.02,81.6,3.48,-1.2,0.957,1,oil_leak,0,0.55,0.5,1800.0
168.9,mission_cruise,73.12284602556976,2500.0,43.43857698721512,4283.9,824.7,834.9,837.2,827.4,189.6,192.0,195.8,195.1,3.09,82.1,3.529,4283.0,826.0,834.0,837.0,827.0,190.5,192.0,195.5,196.5,3.02,81.7,3.479,-1.2,0.957,1,oil_leak,0,0.55,0.5,1800.0
169.0,mission_cruise,73.12173429683158,2500.0,43.43913285158421,4289.8,827.9,835.0,837.6,826.4,190.1,192.1,195.6,195.6,3.02,81.6,3.523,4282.9,826.0,834.0,837.0,827.0,190.5,192.0,195.5,196.5,3.02,81.7,3.479,-1.2,0.957,1,oil_leak,0,0.55,0.5,1800.0
169.1,mission_cruise,73.12062256809338,2500.0,43.43968871595331,4282.2,827.2,833.6,839.6,827.3,190.1,191.1,195.1,197.0,3.06,80.9,3.466,4282.9,826.0,834.0,837.0,827.0,190.5,192.0,195.5,196.5,3.02,81.7,3.479,-1.2,0.957,1,oil_leak,0,0.55,0.5,1800.0
169.2,mission_cruise,73.1195108393552,2500.0,43.4402445803224,4300.2,824.8,834.2,838.7,827.1,190.9,192.9,194.3,196.7,3.07,82.0,3.419,4282.9,826.0,834.0,837.0,827.0,190.5,192.0,195.5,196.5,3.02,81.8,3.479,-1.2,0.957,1,oil_leak,0,0.55,0.5,1800.0
169.3,mission_cruise,73.118399110617,2500.0,43.4408004446915,4280.2,826.9,831.1,836.7,826.7,190.6,191.9,195.4,197.1,3.06,81.7,3.429,4282.8,826.0,834.0,837.0,827.0,190.5,192.0,195.5,196.5,3.02,81.8,3.479,-1.2,0.957,1,oil_leak,0,0.55,0.5,1800.0
169.4,mission_cruise,73.11728738187882,2500.0,43.44135630906059,4280.3,826.1,832.2,836.0,823.7,190.7,191.5,196.3,196.4,2.99,82.3,3.451,4282.8,826.0,834.0,837.0,827.0,190.5,192.0,195.5,196.5,3.02,81.8,3.479,-1.2,0.957,1,oil_leak,0,0.55,0.5,1800.0
169.5,mission_cruise,73.11617565314063,2500.0,43.441912173429685,4282.4,825.4,832.7,838.0,824.3,191.2,192.3,195.2,196.3,3.0,81.2,3.478,4282.8,826.0,834.0,837.0,827.0,190.4,191.9,195.4,196.4,3.02,81.8,3.479,-1.2,0.957,1,oil_leak,0,0.55,0.5,1800.0
169.6,mission_cruise,73.11506392440245,2500.0,43.442468037798776,4286.4,823.1,835.5,836.6,827.6,190.3,192.3,195.7,196.4,3.0,81.9,3.492,4282.7,826.0,834.0,837.0,827.0,190.4,191.9,195.4,196.4,3.02,81.9,3.479,-1.2,0.957,1,oil_leak,0,0.55,0.5,1800.0
169.7,mission_cruise,73.11395219566425,2500.0,43.44302390216787,4281.6,824.8,834.2,836.7,827.7,190.1,192.2,195.0,196.0,3.02,82.5,3.533,4282.7,826.0,834.0,837.0,827.0,190.4,191.9,195.4,196.4,3.02,81.9,3.479,-1.2,0.957,1,oil_leak,0,0.55,0.5,1800.0
169.8,mission_cruise,73.11284046692607,2500.0,43.44357976653696,4279.5,825.9,834.8,835.7,825.8,191.1,192.1,196.4,195.9,3.03,82.5,3.496,4282.7,826.0,834.0,837.0,827.0,190.4,191.9,195.4,196.4,3.02,81.9,3.479,-1.2,0.957,1,oil_leak,0,0.55,0.5,1800.0
169.9,mission_cruise,73.11172873818788,2500.0,43.44413563090606,4283.2,826.6,833.3,836.1,827.9,190.4,192.2,195.6,195.9,3.04,81.7,3.46,4282.6,826.0,834.0,837.0,827.0,190.4,191.9,195.4,196.4,3.02,81.9,3.479,-1.2,0.957,1,oil_leak,0,0.55,0.5,1800.0
170.0,mission_cruise,73.1106170094497,2500.0,43.44469149527515,4278.0,826.3,830.7,836.4,828.1,189.8,192.1,195.6,198.4,3.0,82.0,3.535,4282.6,826.0,834.0,837.0,827.0,190.4,191.9,195.4,196.4,3.02,82.0,3.479,-1.2,0.957,1,oil_leak,0,0.55,0.5,1800.0
170.1,mission_cruise,73.1095052807115,2500.0,43.44524735964425,4288.3,826.2,837.7,840.0,828.2,190.1,192.5,194.5,197.6,3.05,81.5,3.52,4282.6,826.0,834.0,837.0,827.0,190.4,191.9,195.4,196.4,3.02,82.0,3.479,-1.2,0.957,1,oil_leak,0,0.55,0.5,1800.0
170.2,mission_cruise,73.10839355197332,2500.0,43.44580322401334,4285.2,825.8,833.5,837.3,830.0,190.5,192.2,195.1,196.3,3.03,82.5,3.467,4282.5,826.0,834.0,837.0,827.0,190.4,191.9,195.4,196.4,3.02,82.0,3.479,-1.2,0.957,1,oil_leak,0,0.55,0.5,1800.0
170.3,mission_cruise,73.10728182323513,2500.0,43.44635908838244,4281.5,826.4,835.3,837.4,826.7,191.1,190.8,196.0,195.3,3.03,82.5,3.42,4282.5,826.0,834.0,837.0,827.0,190.4,191.9,195.4,196.4,3.02,82.0,3.479,-1.2,0.957,1,oil_leak,0,0.55,0.5,1800.0
170.4,mission_cruise,73.10617009449695,2500.0,43.44691495275153,4282.0,825.3,832.7,838.0,828.1,189.9,192.1,194.9,196.6,3.02,82.0,3.476,4282.4,826.0,834.0,837.0,827.0,190.4,191.9,195.4,196.4,3.02,82.1,3.479,-1.2,0.957,1,oil_leak,0,0.55,0.5,1800.0
170.5,mission_cruise,73.10505836575875,2500.0,43.447470817120625,4282.3,826.1,835.3,836.4,827.8,190.5,191.1,196.8,195.3,3.01,81.7,3.481,4282.4,826.0,834.0,837.0,827.0,190.4,191.9,195.4,196.4,3.02,82.1,3.479,-1.2,0.957,1,oil_leak,0,0.55,0.5,1800.0
170.6,mission_cruise,73.10394663702057,2500.0,43.448026681489715,4269.6,827.2,833.5,837.2,825.1,190.6,192.6,195.7,196.2,3.0,81.6,3.465,4282.4,826.0,834.0,837.0,827.0,190.4,191.9,195.4,196.4,3.02,82.1,3.479,-1.2,0.957,1,oil_leak,0,0.55,0.5,1800.0
170.7,mission_cruise,73.10283490828238,2500.0,43.44858254585881,4281.4,824.8,835.8,839.8,828.9,190.8,192.2,195.7,195.6,3.0,82.2,3.528,4282.3,826.0,834.0,837.0,827.0,190.4,191.9,195.4,196.4,3.02,82.2,3.479,-1.2,0.957,1,oil_leak,0,0.55,0.5,1800.0
170.8,mission_cruise,73.1017231795442,2500.0,43.4491384102279,4289.9,826.4,835.7,838.2,826.3,190.3,190.4,196.2,196.1,3.04,81.7,3.44,4282.3,826.0,834.0,837.0,827.0,190.4,191.9,195.4,196.4,3.02,82.2,3.479,-1.2,0.957,1,oil_leak,0,0.55,0.5,1800.0
170.9,mission_cruise,73.100611450806,2500.0,43.449694274597,4278.9,825.7,833.8,835.9,826.1,190.2,192.7,195.2,196.5,3.05,81.9,3.521,4282.3,826.0,834.0,837.0,827.0,190.4,191.9,195.4,196.4,3.01,82.2,3.479,-1.2,0.957,1,oil_leak,0,0.55,0.5,1800.0
171.0,mission_cruise,73.09949972206782,2500.0,43.45025013896609,4284.9,828.8,834.1,836.2,826.6,189.7,191.7,196.3,196.9,3.02,83.0,3.403,4282.2,826.0,834.0,837.0,827.0,190.4,191.9,195.4,196.4,3.01,82.2,3.479,-1.2,0.957,1,oil_leak,0,0.55,0.5,1800.0
171.1,mission_cruise,73.09838799332962,2500.0,43.45080600333519,4279.4,823.6,834.2,835.9,822.5,190.2,192.2,195.8,196.3,3.02,82.8,3.448,4282.2,826.0,834.0,837.0,827.0,190.4,191.9,195.4,196.4,3.01,82.3,3.478,-1.2,0.957,1,oil_leak,0,0.55,0.5,1800.0
171.2,mission_cruise,73.09727626459144,2500.0,43.45136186770428,4275.7,825.8,833.1,835.3,827.4,189.7,191.6,196.0,196.1,3.03,82.2,3.497,4282.2,826.0,834.0,837.0,827.0,190.4,191.9,195.4,196.4,3.01,82.3,3.478,-1.2,0.957,1,oil_leak,0,0.55,0.5,1800.0
171.3,mission_cruise,73.09616453585325,2500.0,43.451917732073376,4290.7,827.0,836.5,836.5,827.3,190.6,191.8,194.5,195.6,3.03,82.5,3.447,4282.1,826.0,834.0,837.0,827.0,190.4,191.9,195.4,196.4,3.01,82.3,3.478,-1.2,0.957,1,oil_leak,0,0.55,0.5,1800.0
171.4,mission_cruise,73.09505280711507,2500.0,43.452473596442466,4271.0,825.9,833.7,838.0,829.1,191.6,191.4,194.7,198.7,3.02,82.7,3.455,4282.1,826.0,834.0,837.0,827.0,190.4,191.9,195.4,196.4,3.01,82.3,3.478,-1.2,0.957,1,oil_leak,0,0.55,0.5,1800.0
171.5,mission_cruise,73.09394107837687,2500.0,43.453029460811564,4270.3,826.3,833.4,836.4,827.6,189.4,192.6,194.9,195.9,2.97,81.7,3.416,4282.1,826.0,834.0,837.0,827.0,190.4,191.9,195.4,196.4,3.01,82.4,3.478,-1.2,0.957,1,oil_leak,0,0.55,0.5,1800.0
171.6,mission_cruise,73.09282934963869,2500.0,43.453585325180654,4278.5,824.5,833.5,835.9,825.1,190.9,191.9,195.2,195.7,3.05,82.8,3.499,4282.0,826.0,834.0,837.0,827.0,190.4,191.9,195.4,196.4,3.01,82.4,3.478,-1.2,0.957,1,oil_leak,0,0.55,0.5,1800.0
171.7,mission_cruise,73.0917176209005,2500.0,43.45414118954975,4281.4,827.1,830.5,835.3,826.8,190.0,192.6,194.6,196.2,3.05,82.5,3.488,4282.0,826.0,834.0,837.0,827.0,190.4,191.9,195.4,196.4,3.01,82.4,3.478,-1.2,0.957,1,oil_leak,0,0.55,0.5,1800.0
171.8,mission_cruise,73.09060589216232,2500.0,43.45469705391884,4286.0,826.1,834.6,838.9,827.6,190.0,191.4,195.5,196.4,3.04,82.0,3.503,4281.9,826.0,834.0,837.0,827.0,190.4,191.9,195.4,196.4,3.01,82.4,3.478,-1.2,0.957,1,oil_leak,0,0.55,0.5,1800.0
171.9,mission_cruise,73.08949416342412,2500.0,43.45525291828794,4288.2,826.8,834.8,836.5,825.9,190.1,192.6,195.6,196.5,3.01,82.3,3.465,4281.9,826.0,834.0,837.0,827.0,190.4,191.9,195.4,196.4,3.01,82.5,3.478,-1.2,0.957,1,oil_leak,0,0.55,0.5,1800.0
172.0,mission_cruise,73.08838243468594,2500.0,43.45580878265703,4277.8,823.6,833.0,836.4,829.1,189.2,192.5,195.7,196.4,3.0,82.7,3.424,4281.9,826.0,834.0,837.0,827.0,190.4,191.9,195.4,196.4,3.01,82.5,3.478,-1.2,0.957,1,oil_leak,0,0.55,0.5,1800.0
172.1,mission_cruise,73.08727070594774,2500.0,43.45636464702613,4280.4,826.4,835.9,837.4,827.4,190.0,192.3,195.3,196.6,3.04,81.9,3.522,4281.8,826.0,834.0,837.0,827.0,190.4,191.9,195.4,196.4,3.01,82.5,3.478,-1.2,0.957,1,oil_leak,0,0.55,0.5,1800.0
172.2,mission_cruise,73.08615897720956,2500.0,43.45692051139522,4282.4,825.9,832.6,836.6,827.2,191.5,191.3,194.9,195.8,3.01,82.7,3.457,4281.8,826.0,834.0,837.0,827.0,190.4,191.9,195.4,196.4,3.01,82.5,3.478,-1.2,0.957,1,oil_leak,0,0.55,0.5,1800.0
172.3,mission_cruise,73.08504724847137,2500.0,43.457476375764315,4286.1,826.4,835.0,836.4,824.8,189.7,193.0,196.0,195.2,2.95,82.9,3.427,4281.8,826.0,834.0,837.0,827.0,190.4,191.9,195.4,196.4,3.01,82.6,3.478,-1.2,0.957,1,oil_leak,0,0.55,0.5,1800.0
172.4,mission_cruise,73.08393551973319,2500.0,43.458032240133406,4283.6,828.5,834.9,837.0,828.5,190.6,192.6,195.1,195.3,3.01,82.2,3.484,4281.7,826.0,834.0,837.0,827.0,190.4,191.9,195.4,196.4,3.01,82.6,3.478,-1.2,0.957,1,oil_leak,0,0.55,0.5,1800.0
172.5,mission_cruise,73.082823790995,2500.0,43.4585881045025,4294.4,825.8,832.5,835.9,827.0,191.3,192.2,195.6,195.9,3.0,82.8,3.478,4281.7,826.0,834.0,837.0,827.0,190.4,191.9,195.4,196.4,3.01,82.6,3.478,-1.2,0.957,1,oil_leak,0,0.55,0.5,1800.0
172.6,mission_cruise,73.08171206225681,2500.0,43.459143968871594,4293.7,826.8,831.1,834.6,827.0,189.4,191.8,196.6,195.6,3.03,82.5,3.464,4281.7,826.0,834.0,837.0,827.0,190.4,191.9,195.4,196.4,3.01,82.6,3.478,-1.2,0.957,1,oil_leak,0,0.55,0.5,1800.0
172.7,mission_cruise,73.08060033351862,2500.0,43.45969983324069,4281.8,827.0,835.5,835.3,825.9,190.0,191.9,196.8,195.9,3.04,82.9,3.537,4281.6,826.0,834.0,837.0,827.0,190.4,191.9,195.4,196.4,3.01,82.7,3.478,-1.2,0.957,1,oil_leak,0,0.55,0.5,1800.0
172.8,mission_cruise,73.07948860478044,2500.0,43.46025569760978,4280.3,828.1,833.3,832.8,829.5,190.4,192.7,195.4,196.0,2.99,82.7,3.459,4281.6,826.0,834.0,837.0,827.0,190.4,191.9,195.4,196.4,3.01,82.7,3.478,-1.2,0.957,1,oil_leak,0,0.55,0.5,1800.0
172.9,mission_cruise,73.07837687604224,2500.0,43.46081156197888,4287.6,827.4,834.1,837.8,829.7,190.8,192.2,195.3,195.5,3.03,81.8,3.449,4281.6,826.0,834.0,837.0,827.0,190.4,191.9,195.4,196.4,3.01,82.7,3.478,-1.2,0.957,1,oil_leak,0,0.55,0.5,1800.0
173.0,mission_cruise,73.07726514730406,2500.0,43.46136742634797,4289.7,825.1,834.0,838.4,829.3,190.6,191.8,196.4,196.6,2.99,82.9,3.449,4281.5,826.0,834.0,837.0,827.0,190.4,191.9,195.4,196.4,3.01,82.7,3.478,-1.2,0.957,1,oil_leak,0,0.55,0.5,1800.0
173.1,mission_cruise,73.07615341856587,2500.0,43.46192329071707,4286.7,823.5,832.5,837.2,825.1,190.2,190.7,195.7,196.6,3.06,82.9,3.526,4281.5,826.0,834.0,837.0,827.0,190.4,191.9,195.4,196.4,3.01,82.8,3.478,-1.2,0.957,1,oil_leak,0,0.55,0.5,1800.0
173.2,mission_cruise,73.07504168982769,2500.0,43.46247915508616,4275.2,826.3,833.0,840.0,824.7,190.5,192.9,194.5,196.2,2.99,83.0,3.423,4281.4,826.0,834.0,837.0,827.0,190.4,191.9,195.4,196.4,3.01,82.8,3.478,-1.2,0.957,1,oil_leak,0,0.55,0.5,1800.0
173.3,mission_cruise,73.07392996108949,2500.0,43.463035019455255,4264.6,825.7,833.9,838.2,826.2,190.9,191.0,195.4,196.9,3.05,82.6,3.443,4281.4,826.0,834.0,837.0,827.0,190.4,191.9,195.4,196.4,3.0,82.8,3.478,-1.2,0.957,1,oil_leak,0,0.55,0.5,1800.0
173.4,mission_cruise,73.07281823235131,2500.0,43.463590883824345,4278.5,826.5,833.5,838.4,828.0,190.4,192.1,194.7,195.2,3.0,83.1,3.425,4281.4,826.0,834.0,837.0,827.0,190.4,191.9,195.4,196.4,3.0,82.8,3.477,-1.2,0.957,1,oil_leak,0,0.55,0.5,1800.0
173.5,mission_cruise,73.07170650361311,2500.0,43.46414674819344,4282.3,825.8,832.6,839.4,825.0,191.6,191.8,196.1,196.5,3.02,83.2,3.503,4281.3,826.0,834.0,837.0,827.0,190.4,191.9,195.4,196.4,3.0,82.9,3.477,-1.2,0.957,1,oil_leak,0,0.55,0.5,1800.0
173.6,mission_cruise,73.07059477487493,2500.0,43.46470261256253,4283.5,828.7,835.1,837.1,826.6,190.8,191.8,195.0,196.3,3.0,83.0,3.47,4281.3,826.0,834.0,837.0,827.0,190.4,191.9,195.4,196.4,3.0,82.9,3.477,-1.2,0.957,1,oil_leak,0,0.55,0.5,1800.0
173.7,mission_cruise,73.06948304613674,2500.0,43.46525847693163,4276.5,825.5,833.4,839.4,827.5,190.3,192.3,195.6,196.8,3.02,82.8,3.539,4281.3,826.0,834.0,837.0,827.0,190.4,191.9,195.4,196.4,3.0,82.9,3.477,-1.2,0.957,1,oil_leak,0,0.55,0.5,1800.0
173.8,mission_cruise,73.06837131739856,2500.0,43.46581434130072,4285.2,827.7,835.2,837.0,827.4,189.2,191.1,195.6,196.6,3.03,82.8,3.502,4281.2,825.9,833.9,836.9,826.9,190.4,191.9,195.4,196.4,3.0,82.9,3.477,-1.2,0.957,1,oil_leak,0,0.55,0.5,1800.0
173.9,mission_cruise,73.06725958866036,2500.0,43.46637020566982,4283.0,825.9,833.6,838.4,824.8,189.9,192.1,196.0,196.5,3.03,83.5,3.442,4281.2,825.9,833.9,836.9,826.9,190.4,191.9,195.4,196.4,3.0,82.9,3.477,-1.2,0.957,1,oil_leak,0,0.55,0.5,1800.0
174.0,mission_cruise,73.06614785992218,2500.0,43.46692607003891,4282.9,824.9,834.7,837.1,828.1,189.8,192.9,196.3,196.7,3.04,82.4,3.468,4281.2,825.9,833.9,836.9,826.9,190.4,191.9,195.4,196.4,3.0,83.0,3.477,-1.2,0.957,1,oil_leak,0,0.55,0.5,1800.0
174.1,mission_cruise,73.06503613118399,2500.0,43.467481934408006,4280.8,823.7,833.6,837.3,827.2,190.1,192.0,196.0,197.4,2.99,82.9,3.48,4281.1,825.9,833.9,836.9,826.9,190.4,191.9,195.4,196.4,3.0,83.0,3.477,-1.2,0.957,1,oil_leak,0,0.55,0.5,1800.0
174.2,mission_cruise,73.0639244024458,2500.0,43.4680377987771,4274.1,825.3,833.3,836.9,826.9,190.4,191.5,195.6,196.3,2.98,82.7,3.47,4281.1,825.9,833.9,836.9,826.9,190.4,191.9,195.4,196.4,3.0,83.0,3.477,-1.2,0.957,1,oil_leak,0,0.55,0.5,1800.0
174.3,mission_cruise,73.06281267370761,2500.0,43.468593663146194,4279.7,823.7,832.4,837.3,826.3,189.8,191.5,195.8,195.7,2.98,82.5,3.531,4281.0,825.9,833.9,836.9,826.9,190.4,191.9,195.4,196.4,3.0,83.0,3.477,-1.2,0.957,1,oil_leak,0,0.55,0.5,1800.0
174.4,mission_cruise,73.06170094496943,2500.0,43.469149527515285,4286.1,824.4,835.4,835.0,828.0,190.0,192.1,195.0,196.8,3.0,82.5,3.513,4281.0,825.9,833.9,836.9,826.9,190.4,191.9,195.4,196.4,3.0,83.1,3.477,-1.2,0.957,1,oil_leak,0,0.55,0.5,1800.0
174.5,mission_cruise,73.06058921623124,2500.0,43.46970539188438,4281.9,828.3,832.2,837.9,827.0,189.9,192.5,195.1,197.4,3.0,82.6,3.524,4281.0,825.9,833.9,836.9,826.9,190.4,191.9,195.4,196.4,3.0,83.1,3.477,-1.2,0.957,1,oil_leak,0,0.55,0.5,1800.0
174.6,mission_cruise,73.05947748749306,2500.0,43.47026125625347,4284.5,826.9,832.1,838.7,827.2,189.7,192.0,196.0,196.3,2.99,83.3,3.472,4280.9,825.9,833.9,836.9,826.9,190.4,191.9,195.4,196.4,3.0,83.1,3.477,-1.2,0.957,1,oil_leak,0,0.55,0.5,1800.0
174.7,mission_cruise,73.05836575875486,2500.0,43.47081712062257,4281.9,825.3,834.9,837.2,827.3,190.9,192.5,195.7,196.5,3.0,83.5,3.467,4280.9,825.9,833.9,836.9,826.9,190.4,191.9,195.4,196.4,3.0,83.1,3.477,-1.2,0.957,1,oil_leak,0,0.55,0.5,1800.0
174.8,mission_cruise,73.05725403001668,2500.0,43.47137298499166,4289.6,824.3,833.5,837.3,827.8,190.3,192.6,196.0,195.8,3.0,83.0,3.487,4280.9,825.9,833.9,836.9,826.9,190.4,191.9,195.4,196.4,3.0,83.2,3.477,-1.2,0.957,1,oil_leak,0,0.55,0.5,1800.0
174.9,mission_cruise,73.05614230127848,2500.0,43.47192884936076,4278.4,825.2,833.0,839.1,828.9,190.4,192.3,195.5,196.3,3.01,83.9,3.47,4280.8,825.9,833.9,836.9,826.9,190.4,191.9,195.4,196.4,3.0,83.2,3.477,-1.2,0.957,1,oil_leak,0,0.55,0.5,1800.0
175.0,mission_cruise,73.0550305725403,2500.0,43.47248471372985,4280.6,825.2,836.0,838.2,827.6,190.8,192.8,196.0,196.4,3.01,83.5,3.483,4280.8,825.9,833.9,836.9,826.9,190.4,191.9,195.4,196.4,3.0,83.2,3.477,-1.2,0.957,1,oil_leak,0,0.55,0.5,1800.0
175.1,mission_cruise,73.05391884380211,2500.0,43.473040578098946,4280.6,825.2,832.9,837.3,826.6,190.0,191.2,195.9,197.1,2.98,82.7,3.531,4280.8,825.9,833.9,836.9,826.9,190.4,191.9,195.4,196.4,3.0,83.2,3.477,-1.2,0.957,1,oil_leak,0,0.55,0.5,1800.0
175.2,mission_cruise,73.05280711506393,2500.0,43.473596442468036,4280.9,825.1,836.9,837.6,827.5,190.3,192.0,193.4,196.3,3.01,83.6,3.485,4280.7,825.9,833.9,836.9,826.9,190.4,191.9,195.4,196.4,3.0,83.2,3.477,-1.2,0.957,1,oil_leak,0,0.55,0.5,1800.0
175.3,mission_cruise,73.05169538632573,2500.0,43.474152306837134,4287.3,828.4,834.9,837.5,827.3,190.2,191.7,195.9,196.7,3.03,83.1,3.482,4280.7,825.9,833.9,836.9,826.9,190.4,191.9,195.4,196.4,3.0,83.3,3.477,-1.2,0.957,1,oil_leak,0,0.55,0.5,1800.0
175.4,mission_cruise,73.05058365758755,2500.0,43.474708171206224,4282.6,826.6,833.2,834.9,828.1,191.4,192.2,195.0,198.0,3.01,83.6,3.464,4280.7,825.9,833.9,836.9,826.9,190.4,191.9,195.4,196.4,3.0,83.3,3.477,-1.2,0.957,1,oil_leak,0,0.55,0.5,1800.0
175.5,mission_cruise,73.04947192884936,2500.0,43.47526403557532,4278.4,827.5,834.1,836.7,826.1,191.0,191.1,195.5,197.0,3.03,83.3,3.518,4280.6,825.9,833.9,836.9,826.9,190.4,191.9,195.4,196.4,3.0,83.3,3.477,-1.2,0.957,1,oil_leak,0,0.55,0.5,1800.0
175.6,mission_cruise,73.04836020011118,2500.0,43.47581989994441,4286.6,824.4,833.7,836.8,828.3,190.1,191.7,195.0,196.5,2.98,83.9,3.509,4280.6,825.9,833.9,836.9,826.9,190.4,191.9,195.4,196.4,3.0,83.3,3.477,-1.2,0.957,1,oil_leak,0,0.55,0.5,1800.0
175.7,mission_cruise,73.04724847137298,2500.0,43.47637576431351,4281.4,824.5,834.3,838.1,826.8,191.0,192.5,194.5,196.4,3.02,83.5,3.47,4280.5,825.9,833.9,836.9,826.9,190.4,191.9,195.4,196.4,3.0,83.4,3.476,-1.2,0.957,1,oil_leak,0,0.55,0.5,1800.0
175.8,mission_cruise,73.0461367426348,2500.0,43.4769316286826,4283.1,825.6,833.0,838.2,827.3,190.8,191.5,196.6,196.2,2.97,83.4,3.454,4280.5,825.9,833.9,836.9,826.9,190.4,191.9,195.4,196.4,3.0,83.4,3.476,-1.2,0.957,1,oil_leak,0,0.55,0.5,1800.0
175.9,mission_cruise,73.0450250138966,2500.0,43.4774874930517,4280.1,825.2,834.2,840.1,827.5,191.3,192.1,195.1,196.2,3.02,82.8,3.492,4280.5,825.9,833.9,836.9,826.9,190.4,191.9,195.4,196.4,2.99,83.4,3.476,-1.2,0.957,1,oil_leak,0,0.55,0.5,1800.0
176.0,mission_cruise,73.04391328515842,2500.0,43.47804335742079,4286.7,826.3,835.4,835.9,826.2,190.0,190.9,195.6,197.4,2.99,83.2,3.497,4280.4,825.9,833.9,836.9,826.9,190.4,191.9,195.4,196.4,2.99,83.4,3.476,-1.2,0.957,1,oil_leak,0,0.55,0.5,1800.0
176.1,mission_cruise,73.04280155642023,2500.0,43.478599221789885,4288.5,823.1,836.0,837.7,828.5,190.3,190.5,195.8,196.1,2.99,83.9,3.457,4280.4,825.9,833.9,836.9,826.9,190.4,191.9,195.4,196.4,2.99,83.4,3.476,-1.2,0.957,1,oil_leak,0,0.55,0.5,1800.0
176.2,mission_cruise,73.04168982768205,2500.0,43.479155086158976,4284.4,827.7,836.2,839.1,826.9,189.9,191.2,195.9,196.1,2.99,83.0,3.451,4280.4,825.9,833.9,836.9,826.9,190.4,191.9,195.4,196.4,2.99,83.5,3.476,-1.2,0.957,1,oil_leak,0,0.55,0.5,1800.0
176.3,mission_cruise,73.04057809894385,2500.0,43.47971095052807,4280.1,825.8,834.2,837.4,825.8,190.2,191.7,195.8,196.0,3.0,84.1,3.488,4280.3,825.9,833.9,836.9,826.9,190.4,191.9,195.4,196.4,2.99,83.5,3.476,-1.2,0.957,1,oil_leak,0,0.55,0.5,1800.0
176.4,mission_cruise,73.03946637020567,2500.0,43.48026681489716,4278.7,826.2,833.4,834.5,827.0,188.6,192.3,196.0,196.6,3.03,83.2,3.455,4280.3,825.9,833.9,836.9,826.9,190.4,191.9,195.4,196.4,2.99,83.5,3.476,-1.2,0.957,1,oil_leak,0,0.55,0.5,1800.0
176.5,mission_cruise,73.03835464146748,2500.0,43.48082267926626,4279.0,823.0,833.9,835.0,825.8,189.1,190.9,197.5,196.4,3.0,83.1,3.478,4280.3,825.9,833.9,836.9,826.9,190.4,191.9,195.4,196.4,2.99,83.5,3.476,-1.2,0.957,1,oil_leak,0,0.55,0.5,1800.0
176.6,mission_cruise,73.0372429127293,2500.0,43.48137854363535,4284.9,825.5,834.6,840.0,827.0,190.3,192.2,194.8,196.8,3.02,83.2,3.459,4280.2,825.9,833.9,836.9,826.9,190.4,191.9,195.4,196.4,2.99,83.6,3.476,-1.2,0.957,1,oil_leak,0,0.55,0.5,1800.0
176.7,mission_cruise,73.0361311839911,2500.0,43.48193440800445,4277.3,825.1,835.9,834.7,826.9,189.9,192.1,195.3,196.8,2.98,82.9,3.437,4280.2,825.9,833.9,836.9,826.9,190.4,191.9,195.4,196.4,2.99,83.6,3.476,-1.2,0.957,1,oil_leak,0,0.55,0.5,1800.0
176.8,mission_cruise,73.03501945525292,2500.0,43.48249027237354,4284.3,822.6,831.3,837.3,824.9,189.5,190.8,195.6,196.3,3.01,83.5,3.505,4280.2,825.9,833.9,836.9,826.9,190.4,191.9,195.4,196.4,2.99,83.6,3.476,-1.2,0.957,1,oil_leak,0,0.55,0.5,1800.0
176.9,mission_cruise,73.03390772651473,2500.0,43.48304613674264,4267.7,825.2,833.2,836.2,827.2,190.2,190.9,195.9,198.2,3.02,83.4,3.488,4280.1,825.9,833.9,836.9,826.9,190.4,191.9,195.4,196.4,2.99,83.6,3.476,-1.2,0.957,1,oil_leak,0,0.55,0.5,1800.0
177.0,mission_cruise,73.03279599777655,2500.0,43.48360200111173,4274.3,826.1,832.0,836.3,829.6,190.3,191.3,196.0,197.3,3.01,82.4,3.51,4280.1,825.9,833.9,836.9,826.9,190.4,191.9,195.4,196.4,2.99,83.6,3.476,-1.2,0.957,1,oil_leak,0,0.55,0.5,1800.0
177.1,mission_cruise,73.03168426903835,2500.0,43.484157865480825,4278.6,826.2,833.3,838.6,828.8,190.7,190.6,196.0,196.0,3.06,83.4,3.455,4280.0,825.9,833.9,836.9,826.9,190.4,191.9,195.4,196.4,2.99,83.7,3.476,-1.2,0.957,1,oil_leak,0,0.55,0.5,1800.0
177.2,mission_cruise,73.03057254030017,2500.0,43.484713729849915,4280.9,826.5,835.4,838.1,825.0,190.6,191.7,195.1,197.3,2.99,82.8,3.48,4280.0,825.9,833.9,836.9,826.9,190.4,191.9,195.4,196.4,2.99,83.7,3.476,-1.2,0.957,1,oil_leak,0,0.55,0.5,1800.0
177.3,mission_cruise,73.02946081156198,2500.0,43.48526959421901,4277.5,824.7,833.1,837.0,826.4,191.4,191.2,196.3,196.7,2.98,84.8,3.473,4280.0,825.9,833.9,836.9,826.9,190.4,191.9,195.4,196.4,2.99,83.7,3.476,-1.2,0.957,1,oil_leak,0,0.55,0.5,1800.0
177.4,mission_cruise,73.0283490828238,2500.0,43.4858254585881,4285.2,824.0,836.0,835.3,826.9,190.0,193.3,195.9,197.0,3.01,83.5,3.471,4279.9,825.9,833.9,836.9,826.9,190.4,191.9,195.4,196.4,2.99,83.7,3.476,-1.2,0.957,1,oil_leak,0,0.55,0.5,1800.0
177.5,mission_cruise,73.0272373540856,2500.0,43.4863813229572,4276.5,826.1,834.6,836.6,824.5,190.2,192.5,195.2,196.7,2.97,84.9,3.543,4279.9,825.9,833.9,836.9,826.9,190.4,191.9,195.4,196.4,2.99,83.8,3.476,-1.2,0.957,1,oil_leak,0,0.55,0.5,1800.0
177.6,mission_cruise,73.02612562534742,2500.0,43.48693718732629,4277.8,824.9,835.6,834.5,827.3,190.6,191.6,194.7,196.1,2.99,83.8,3.469,4279.9,825.9,833.9,836.9,826.9,190.4,191.9,195.4,196.4,2.99,83.8,3.476,-1.2,0.957,1,oil_leak,0,0.55,0.5,1800.0
177.7,mission_cruise,73.02501389660922,2500.0,43.48749305169539,4279.2,827.2,832.6,836.0,827.7,190.2,191.5,195.0,197.0,2.96,84.0,3.454,4279.8,825.9,833.9,836.9,826.9,190.4,191.9,195.4,196.4,2.99,83.8,3.476,-1.2,0.957,1,oil_leak,0,0.55,0.5,1800.0
177.8,mission_cruise,73.02390216787104,2500.0,43.48804891606448,4278.8,829.2,832.8,836.1,827.0,191.2,191.6,195.1,196.7,3.02,83.4,3.464,4279.8,825.9,833.9,836.9,826.9,190.4,191.9,195.4,196.4,2.99,83.8,3.476,-1.2,0.957,1,oil_leak,0,0.55,0.5,1800.0
177.9,mission_cruise,73.02279043913285,2500.0,43.488604780433576,4275.0,825.7,833.3,836.7,828.8,190.1,191.6,196.4,196.5,2.99,83.7,3.412,4279.8,825.9,833.9,836.9,826.9,190.4,191.9,195.4,196.4,2.99,83.8,3.476,-1.2,0.957,1,oil_leak,0,0.55,0.5,1800.0
178.0,mission_cruise,73.02167871039467,2500.0,43.489160644802666,4275.9,823.1,835.4,835.4,826.3,190.0,192.9,194.8,196.2,3.01,83.8,3.432,4279.7,825.9,833.9,836.9,826.9,190.4,191.9,195.4,196.4,2.99,83.9,3.475,-1.2,0.957,1,oil_leak,0,0.55,0.5,1800.0
178.1,mission_cruise,73.02056698165647,2500.0,43.489716509171764,4275.9,824.3,831.4,840.8,828.0,190.9,191.0,195.0,196.4,3.02,84.0,3.438,4279.7,825.9,833.9,836.9,826.9,190.4,191.9,195.4,196.4,2.99,83.9,3.475,-1.2,0.957,1,oil_leak,0,0.55,0.5,1800.0
178.2,mission_cruise,73.01945525291829,2500.0,43.490272373540854,4284.1,826.5,834.3,834.0,823.2,190.7,191.0,196.0,196.8,3.02,83.7,3.426,4279.7,825.9,833.9,836.9,826.9,190.4,191.9,195.4,196.4,2.99,83.9,3.475,-1.2,0.957,1,oil_leak,0,0.55,0.5,1800.0
178.3,mission_cruise,73.0183435241801,2500.0,43.49082823790995,4276.3,825.4,835.9,838.6,826.3,190.3,191.7,194.7,195.9,3.02,83.9,3.481,4279.6,825.9,833.9,836.9,826.9,190.4,191.9,195.4,196.4,2.99,83.9,3.475,-1.2,0.957,1,oil_leak,0,0.55,0.5,1800.0
178.4,mission_cruise,73.01723179544192,2500.0,43.49138410227904,4283.8,825.3,835.3,837.4,823.9,189.3,191.1,196.8,196.4,3.01,84.5,3.455,4279.6,825.9,833.9,836.9,826.9,190.4,191.9,195.4,196.4,2.99,83.9,3.475,-1.2,0.957,1,oil_leak,0,0.55,0.5,1800.0
178.5,mission_cruise,73.01612006670372,2500.0,43.49193996664814,4275.2,824.7,834.7,837.1,827.1,189.6,191.9,195.8,196.7,2.99,84.3,3.48,4279.5,825.9,833.9,836.9,826.9,190.4,191.9,195.4,196.4,2.99,84.0,3.475,-1.2,0.957,1,oil_leak,0,0.55,0.5,1800.0
178.6,mission_cruise,73.01500833796554,2500.0,43.49249583101723,4281.7,827.5,834.6,839.4,826.4,191.3,191.5,195.9,195.8,2.99,83.0,3.459,4279.5,825.9,833.9,836.9,826.9,190.4,191.9,195.4,196.4,2.99,84.0,3.475,-1.2,0.957,1,oil_leak,0,0.55,0.5,1800.0
178.7,mission_cruise,73.01389660922734,2500.0,43.49305169538633,4286.1,827.2,835.4,838.5,827.7,190.4,193.1,195.6,196.1,2.98,84.5,3.461,4279.5,825.9,833.9,836.9,826.9,190.4,191.9,195.4,196.4,2.98,84.0,3.475,-1.2,0.957,1,oil_leak,0,0.55,0.5,1800.0
178.8,mission_cruise,73.01278488048916,2500.0,43.49360755975542,4274.5,825.9,836.1,836.4,823.8,189.4,191.9,195.3,196.4,2.96,83.0,3.43,4279.4,825.9,833.9,836.9,826.9,190.4,191.9,195.4,196.4,2.98,84.0,3.475,-1.2,0.957,1,oil_leak,0,0.55,0.5,1800.0
178.9,mission_cruise,73.01167315175097,2500.0,43.494163424124515,4278.3,824.1,833.6,837.5,828.7,191.1,191.9,195.3,195.6,2.99,84.7,3.494,4279.4,825.9,833.9,836.9,826.9,190.4,191.9,195.4,196.4,2.98,84.0,3.475,-1.2,0.957,1,oil_leak,0,0.55,0.5,1800.0
179.0,mission_cruise,73.01056142301279,2500.0,43.494719288493606,4287.9,825.3,833.5,835.7,824.9,192.1,190.6,195.1,196.4,3.08,84.7,3.436,4279.4,825.8,833.8,836.8,826.8,190.4,191.9,195.4,196.4,2.98,84.1,3.475,-1.2,0.957,1,oil_leak,0,0.55,0.5,1800.0
179.1,mission_cruise,73.0094496942746,2500.0,43.4952751528627,4282.6,828.0,835.9,837.0,824.9,190.0,191.9,194.8,195.6,2.98,84.2,3.49,4279.3,825.8,833.8,836.8,826.8,190.4,191.9,195.4,196.4,2.98,84.1,3.475,-1.2,0.957,1,oil_leak,0,0.55,0.5,1800.0
179.2,mission_cruise,73.00833796553641,2500.0,43.495831017231794,4278.2,824.6,834.1,838.8,826.8,191.7,191.8,195.2,196.6,2.97,84.0,3.494,4279.3,825.8,833.8,836.8,826.8,190.4,191.9,195.4,196.4,2.98,84.1,3.475,-1.2,0.957,1,oil_leak,0,0.55,0.5,1800.0
179.3,mission_cruise,73.00722623679822,2500.0,43.49638688160089,4279.2,828.6,834.1,838.0,827.6,190.7,192.4,195.4,195.9,2.95,84.1,3.516,4279.3,825.8,833.8,836.8,826.8,190.4,191.9,195.4,196.4,2.98,84.1,3.475,-1.2,0.957,1,oil_leak,0,0.55,0.5,1800.0
179.4,mission_cruise,73.00611450806004,2500.0,43.49694274596998,4273.8,829.1,833.7,836.0,826.1,190.1,191.9,195.4,196.6,2.96,83.1,3.444,4279.2,825.8,833.8,836.8,826.8,190.4,191.9,195.4,196.4,2.98,84.1,3.475,-1.2,0.957,1,oil_leak,0,0.55,0.5,1800.0
179.5,mission_cruise,73.00500277932184,2500.0,43.49749861033908,4275.2,827.8,837.0,833.3,828.9,191.0,190.6,194.6,197.2,2.99,83.0,3.48,4279.2,825.8,833.8,836.8,826.8,190.4,191.9,195.4,196.4,2.98,84.2,3.475,-1.2,0.957,1,oil_leak,0,0.55,0.5,1800.0
179.6,mission_cruise,73.00389105058366,2500.0,43.49805447470817,4277.9,827.3,830.3,837.2,827.8,190.8,192.5,194.9,195.8,2.98,83.7,3.471,4279.1,825.8,833.8,836.8,826.8,190.4,191.9,195.4,196.4,2.98,84.2,3.475,-1.2,0.957,1,oil_leak,0,0.55,0.5,1800.0
179.7,mission_cruise,73.00277932184547,2500.0,43.49861033907727,4280.7,826.4,834.8,836.4,827.2,190.1,190.9,194.9,196.9,3.01,84.2,3.482,4279.1,825.8,833.8,836.8,826.8,190.4,191.9,195.4,196.4,2.98,84.2,3.475,-1.2,0.957,1,oil_leak,0,0.55,0.5,1800.0
179.8,mission_cruise,73.00166759310729,2500.0,43.49916620344636,4284.3,826.4,836.2,836.8,827.2,191.8,193.1,195.5,196.3,3.02,85.0,3.5,4279.1,825.8,833.8,836.8,826.8,190.4,191.9,195.4,196.4,2.98,84.2,3.475,-1.2,0.957,1,oil_leak,0,0.55,0.5,1800.0
179.9,mission_cruise,73.00055586436909,2500.0,43.499722067815455,4276.4,824.4,834.4,836.1,828.6,191.5,192.0,195.4,196.7,3.01,84.0,3.508,4279.0,825.8,833.8,836.8,826.8,190.4,191.9,195.4,196.4,2.98,84.2,3.475,-1.2,0.957,1,oil_leak,0,0.55,0.5,1800.0
180.0,mission_cruise,72.99944413563091,2500.0,43.500277932184545,4277.1,824.8,833.7,834.9,825.8,190.3,191.6,194.9,195.3,2.97,84.0,3.515,4279.0,825.8,833.8,836.8,826.8,190.4,191.9,195.4,196.4,2.98,84.3,3.475,-1.2,0.957,1,oil_leak,0,0.55,0.5,1800.0
180.1,mission_cruise,72.99833240689271,2500.0,43.50083379655364,4269.7,826.1,833.5,839.6,826.4,191.4,191.7,196.0,196.0,3.01,84.9,3.482,4279.0,825.8,833.8,836.8,826.8,190.4,191.9,195.4,196.4,2.98,84.3,3.475,-1.2,0.957,1,oil_leak,0,0.55,0.5,1800.0
180.2,mission_cruise,72.99722067815453,2500.0,43.50138966092273,4288.0,825.2,836.8,838.1,827.8,189.5,192.0,195.1,195.8,2.98,84.8,3.462,4278.9,825.8,833.8,836.8,826.8,190.4,191.9,195.4,196.4,2.98,84.3,3.474,-1.2,0.957,1,oil_leak,0,0.55,0.5,1800.0
180.3,mission_cruise,72.99610894941634,2500.0,43.50194552529183,4268.8,827.6,832.5,837.8,827.6,189.2,191.8,195.3,196.1,3.02,84.3,3.512,4278.9,825.8,833.8,836.8,826.8,190.4,191.9,195.4,196.4,2.98,84.3,3.474,-1.2,0.957,1,oil_leak,0,0.55,0.5,1800.0
180.4,mission_cruise,72.99499722067816,2500.0,43.50250138966092,4277.1,825.3,833.2,838.1,827.6,190.3,191.1,195.4,197.3,2.98,85.0,3.487,4278.9,825.8,833.8,836.8,826.8,190.4,191.9,195.4,196.4,2.98,84.3,3.474,-1.2,0.957,1,oil_leak,0,0.55,0.5,1800.0
180.5,mission_cruise,72.99388549193996,2500.0,43.50305725403002,4277.5,827.0,837.2,836.3,823.6,190.6,191.1,194.2,196.0,2.95,84.7,3.452,4278.8,825.8,833.8,836.8,826.8,190.4,191.9,195.4,196.4,2.98,84.4,3.474,-1.2,0.957,1,oil_leak,0,0.55,0.5,1800.0
180.6,mission_cruise,72.99277376320178,2500.0,43.50361311839911,4283.1,826.6,832.7,835.9,825.0,189.9,192.7,195.1,196.5,2.98,84.7,3.449,4278.8,825.8,833.8,836.8,826.8,190.4,191.9,195.4,196.4,2.98,84.4,3.474,-1.2,0.957,1,oil_leak,0,0.55,0.5,1800.0
180.7,mission_cruise,72.99166203446359,2500.0,43.504168982768206,4271.5,825.5,834.1,838.5,825.7,190.4,190.9,195.3,197.4,2.99,84.8,3.487,4278.8,825.8,833.8,836.8,826.8,190.4,191.9,195.4,196.4,2.98,84.4,3.474,-1.2,0.957,1,oil_leak,0,0.55,0.5,1800.0
180.8,mission_cruise,72.9905503057254,2500.0,43.5047248471373,4282.1,825.6,832.8,837.6,827.9,189.1,192.5,194.5,197.1,2.96,84.4,3.477,4278.7,825.8,833.8,836.8,826.8,190.4,191.9,195.4,196.4,2.98,84.4,3.474,-1.2,0.957,1,oil_leak,0,0.55,0.5,1800.0
180.9,mission_cruise,72.98943857698721,2500.0,43.505280711506394,4266.6,824.8,833.0,833.9,828.2,190.1,191.9,194.1,196.3,2.98,83.8,3.42,4278.7,825.8,833.8,836.8,826.8,190.4,191.9,195.4,196.4,2.98,84.4,3.474,-1.2,0.957,1,oil_leak,0,0.55,0.5,1800.0
181.0,mission_cruise,72.98832684824903,2500.0,43.505836575875485,4277.2,826.7,834.9,836.9,828.8,190.4,191.6,195.7,195.8,2.97,84.4,3.458,4278.6,825.8,833.8,836.8,826.8,190.4,191.9,195.4,196.4,2.98,84.5,3.474,-1.2,0.957,1,oil_leak,0,0.55,0.5,1800.0
181.1,mission_cruise,72.98721511951084,2500.0,43.50639244024458,4272.8,825.2,834.5,838.6,825.2,189.4,192.7,195.3,196.5,2.99,84.9,3.503,4278.6,825.8,833.8,836.8,826.8,190.4,191.9,195.4,196.4,2.98,84.5,3.474,-1.2,0.957,1,oil_leak,0,0.55,0.5,1800.0
181.2,mission_cruise,72.98610339077266,2500.0,43.50694830461367,4281.7,825.4,834.3,837.0,826.7,189.8,192.0,195.5,196.6,2.99,84.9,3.477,4278.6,825.8,833.8,836.8,826.8,190.4,191.9,195.4,196.4,2.98,84.5,3.474,-1.2,0.957,1,oil_leak,0,0.55,0.5,1800.0
181.3,mission_cruise,72.98499166203446,2500.0,43.50750416898277,4269.7,823.0,832.9,836.2,827.6,190.4,191.9,194.5,196.5,3.01,84.5,3.467,4278.5,825.8,833.8,836.8,826.8,190.4,191.9,195.4,196.4,2.98,84.5,3.474,-1.2,0.957,1,oil_leak,0,0.55,0.5,1800.0
181.4,mission_cruise,72.98387993329628,2500.0,43.50806003335186,4279.6,824.1,834.1,840.4,828.0,190.6,192.0,195.5,196.7,2.94,84.5,3.517,4278.5,825.8,833.8,836.8,826.8,190.4,191.9,195.4,196.4,2.98,84.5,3.474,-1.2,0.957,1,oil_leak,0,0.55,0.5,1800.0
181.5,mission_cruise,72.98276820455808,2500.0,43.50861589772096,4271.1,826.6,833.6,835.1,829.8,191.3,192.4,195.5,196.3,3.01,84.4,3.514,4278.5,825.8,833.8,836.8,826.8,190.4,191.9,195.4,196.4,2.98,84.6,3.474,-1.2,0.957,1,oil_leak,0,0.55,0.5,1800.0
181.6,mission_cruise,72.9816564758199,2500.0,43.50917176209005,4273.4,826.0,833.5,835.1,826.5,189.6,192.1,194.5,197.3,3.0,84.6,3.438,4278.4,825.8,833.8,836.8,826.8,190.4,191.9,195.4,196.4,2.98,84.6,3.474,-1.2,0.957,1,oil_leak,0,0.55,0.5,1800.0
181.7,mission_cruise,72.98054474708171,2500.0,43.509727626459146,4276.5,827.6,836.7,838.0,824.5,191.4,191.9,194.8,197.2,3.02,85.1,3.501,4278.4,825.8,833.8,836.8,826.8,190.4,191.9,195.4,196.4,2.98,84.6,3.474,-1.2,0.957,1,oil_leak,0,0.55,0.5,1800.0
181.8,mission_cruise,72.97943301834353,2500.0,43.510283490828236,4282.1,827.4,834.3,836.9,826.2,190.4,191.5,194.9,195.9,2.97,85.0,3.492,4278.4,825.8,833.8,836.8,826.8,190.4,191.9,195.4,196.4,2.97,84.6,3.474,-1.2,0.957,1,oil_leak,0,0.55,0.5,1800.0
181.9,mission_cruise,72.97832128960533,2500.0,43.510839355197334,4278.0,828.6,833.0,837.2,827.7,191.2,191.3,196.2,196.3,2.98,84.7,3.469,4278.3,825.8,833.8,836.8,826.8,190.4,191.9,195.4,196.4,2.97,84.6,3.474,-1.2,0.957,1,oil_leak,0,0.55,0.5,1800.0
182.0,mission_cruise,72.97720956086715,2500.0,43.511395219566424,4279.3,826.1,834.0,836.5,827.5,190.2,192.4,195.4,195.6,2.95,84.9,3.488,4278.3,825.8,833.8,836.8,826.8,190.4,191.9,195.4,196.4,2.97,84.7,3.474,-1.2,0.957,1,oil_leak,0,0.55,0.5,1800.0
182.1,mission_cruise,72.97609783212896,2500.0,43.51195108393552,4280.9,823.9,832.8,836.5,826.7,190.2,191.1,195.8,195.1,2.99,84.6,3.468,4278.3,825.8,833.8,836.8,826.8,190.4,191.9,195.4,196.4,2.97,84.7,3.474,-1.2,0.957,1,oil_leak,0,0.55,0.5,1800.0
182.2,mission_cruise,72.97498610339078,2500.0,43.51250694830461,4267.0,826.6,836.1,839.1,824.6,190.5,191.5,195.5,196.6,3.01,85.0,3.467,4278.2,825.8,833.8,836.8,826.8,190.4,191.9,195.4,196.4,2.97,84.7,3.474,-1.2,0.957,1,oil_leak,0,0.55,0.5,1800.0
182.3,mission_cruise,72.97387437465258,2500.0,43.51306281267371,4272.0,827.1,833.0,837.9,826.8,191.5,192.1,194.6,196.3,2.96,84.4,3.437,4278.2,825.8,833.8,836.8,826.8,190.4,191.9,195.4,196.4,2.97,84.7,3.474,-1.2,0.957,1,oil_leak,0,0.55,0.5,1800.0
182.4,mission_cruise,72.9727626459144,2500.0,43.5136186770428,4269.2,827.0,834.8,839.3,825.1,189.8,190.9,195.8,197.3,2.98,84.1,3.494,4278.1,825.8,833.8,836.8,826.8,190.4,191.9,195.4,196.4,2.97,84.7,3.474,-1.2,0.957,1,oil_leak,0,0.55,0.5,1800.0
182.5,mission_cruise,72.9716509171762,2500.0,43.5141745414119,4272.3,824.9,834.6,839.1,826.8,190.8,192.0,195.3,195.7,2.96,84.9,3.474,4278.1,825.8,833.8,836.8,826.8,190.4,191.9,195.4,196.4,2.97,84.7,3.473,-1.2,0.957,1,oil_leak,0,0.55,0.5,1800.0
182.6,mission_cruise,72.97053918843802,2500.0,43.51473040578099,4272.1,829.9,833.5,836.4,827.4,189.2,191.7,195.3,196.3,2.96,84.8,3.461,4278.1,825.8,833.8,836.8,826.8,190.4,191.9,195.4,196.4,2.97,84.8,3.473,-1.2,0.957,1,oil_leak,0,0.55,0.5,1800.0
182.7,mission_cruise,72.96942745969983,2500.0,43.515286270150085,4287.1,823.7,833.4,839.7,825.7,190.0,191.2,194.5,195.9,2.98,84.3,3.417,4278.0,825.8,833.8,836.8,826.8,190.4,191.9,195.4,196.4,2.97,84.8,3.473,-1.2,0.957,1,oil_leak,0,0.55,0.5,1800.0
182.8,mission_cruise,72.96831573096165,2500.0,43.515842134519175,4275.7,826.3,832.7,835.9,824.3,190.4,191.6,196.1,194.8,2.98,85.0,3.456,4278.0,825.8,833.8,836.8,826.8,190.4,191.9,195.4,196.4,2.97,84.8,3.473,-1.2,0.957,1,oil_leak,0,0.55,0.5,1800.0
182.9,mission_cruise,72.96720400222345,2500.0,43.51639799888827,4271.9,825.1,834.9,837.3,828.3,191.7,191.1,194.9,197.0,2.95,84.9,3.484,4278.0,825.8,833.8,836.8,826.8,190.4,191.9,195.4,196.4,2.97,84.8,3.473,-1.2,0.957,1,oil_leak,0,0.55,0.5,1800.0
183.0,mission_cruise,72.96609227348527,2500.0,43.51695386325736,4288.5,826.3,834.8,837.9,825.9,190.7,192.8,195.7,198.1,3.01,85.2,3.514,4277.9,825.8,833.8,836.8,826.8,190.4,191.9,195.4,196.4,2.97,84.8,3.473,-1.2,0.957,1,oil_leak,0,0.55,0.5,1800.0
183.1,mission_cruise,72.96498054474708,2500.0,43.51750972762646,4274.3,823.0,833.7,837.0,826.6,191.8,191.8,196.6,196.3,2.96,85.5,3.516,4277.9,825.8,833.8,836.8,826.8,190.4,191.9,195.4,196.4,2.97,84.9,3.473,-1.2,0.957,1,oil_leak,0,0.55,0.5,1800.0
183.2,mission_cruise,72.9638688160089,2500.0,43.51806559199555,4286.2,826.5,832.2,837.4,826.2,190.4,191.6,194.6,196.5,2.97,84.6,3.485,4277.9,825.8,833.8,836.8,826.8,190.4,191.9,195.4,196.4,2.97,84.9,3.473,-1.2,0.957,1,oil_leak,0,0.55,0.5,1800.0
183.3,mission_cruise,72.9627570872707,2500.0,43.51862145636465,4278.7,826.8,833.7,838.4,828.1,190.7,192.3,194.9,196.0,2.97,85.4,3.493,4277.8,825.8,833.8,836.8,826.8,190.4,191.9,195.4,196.4,2.97,84.9,3.473,-1.2,0.957,1,oil_leak,0,0.55,0.5,1800.0
183.4,mission_cruise,72.96164535853252,2500.0,43.51917732073374,4275.5,826.9,834.7,836.7,826.0,190.7,191.6,195.9,195.8,3.01,85.8,3.459,4277.8,825.8,833.8,836.8,826.8,190.4,191.9,195.4,196.4,2.97,84.9,3.473,-1.2,0.957,1,oil_leak,0,0.55,0.5,1800.0
183.5,mission_cruise,72.96053362979433,2500.0,43.51973318510284,4282.0,824.5,832.8,836.6,827.2,189.8,191.9,194.0,196.7,2.94,85.3,3.527,4277.8,825.8,833.8,836.8,826.8,190.4,191.9,195.4,196.4,2.97,84.9,3.473,-1.2,0.957,1,oil_leak,0,0.55,0.5,1800.0
183.6,mission_cruise,72.95942190105615,2500.0,43.52028904947193,4283.7,826.8,833.0,835.9,823.8,190.4,191.6,194.8,197.0,2.96,84.7,3.447,4277.7,825.8,833.8,836.8,826.8,190.4,191.9,195.4,196.4,2.97,84.9,3.473,-1.2,0.957,1,oil_leak,0,0.55,0.5,1800.0
183.7,mission_cruise,72.95831017231795,2500.0,43.520844913841024,4273.5,828.6,831.8,837.6,827.4,190.8,191.8,194.8,196.4,2.97,84.9,3.451,4277.7,825.8,833.8,836.8,826.8,190.4,191.9,195.4,196.4,2.97,85.0,3.473,-1.2,0.957,1,oil_leak,0,0.55,0.5,1800.0
183.8,mission_cruise,72.95719844357977,2500.0,43.521400778210115,4275.2,822.5,833.9,837.0,827.3,188.8,191.0,194.4,196.4,2.96,85.1,3.443,4277.6,825.8,833.8,836.8,826.8,190.4,191.9,195.4,196.4,2.97,85.0,3.473,-1.2,0.957,1,oil_leak,0,0.55,0.5,1800.0
183.9,mission_cruise,72.95608671484158,2500.0,43.52195664257921,4279.9,825.8,835.6,834.7,827.7,190.2,191.0,196.2,196.0,2.99,84.7,3.462,4277.6,825.8,833.8,836.8,826.8,190.4,191.9,195.4,196.4,2.97,85.0,3.473,-1.2,0.957,1,oil_leak,0,0.55,0.5,1800.0
184.0,mission_cruise,72.9549749861034,2500.0,43.5225125069483,4276.2,824.6,835.6,835.2,824.8,189.4,192.0,195.3,196.3,2.98,85.2,3.511,4277.6,825.8,833.8,836.8,826.8,190.4,191.9,195.4,196.4,2.97,85.0,3.473,-1.2,0.957,1,oil_leak,0,0.55,0.5,1800.0
184.1,mission_cruise,72.9538632573652,2500.0,43.5230683713174,4287.1,826.1,835.0,837.9,828.2,191.8,191.9,194.7,196.1,3.0,85.1,3.515,4277.5,825.8,833.8,836.8,826.8,190.4,191.9,195.4,196.4,2.97,85.0,3.473,-1.2,0.957,1,oil_leak,0,0.55,0.5,1800.0
184.2,mission_cruise,72.95275152862702,2500.0,43.52362423568649,4269.5,827.2,833.5,837.2,826.8,189.9,191.3,195.8,195.8,2.91,84.8,3.45,4277.5,825.7,833.7,836.7,826.7,190.4,191.9,195.4,196.4,2.97,85.0,3.473,-1.2,0.957,1,oil_leak,0,0.55,0.5,1800.0
184.3,mission_cruise,72.95163979988882,2500.0,43.52418010005559,4283.2,827.2,832.9,839.4,827.4,191.3,192.0,196.0,195.7,2.95,85.7,3.51,4277.5,825.7,833.7,836.7,826.7,190.4,191.9,195.4,196.4,2.97,85.1,3.473,-1.2,0.957,1,oil_leak,0,0.55,0.5,1800.0
184.4,mission_cruise,72.95052807115064,2500.0,43.52473596442468,4268.8,825.8,833.1,836.4,828.9,190.5,191.7,195.0,196.7,2.98,85.1,3.476,4277.4,825.7,833.7,836.7,826.7,190.4,191.9,195.4,196.4,2.97,85.1,3.473,-1.2,0.957,1,oil_leak,0,0.55,0.5,1800.0
184.5,mission_cruise,72.94941634241245,2500.0,43.525291828793776,4283.4,825.8,834.9,835.4,826.6,190.8,192.8,195.3,196.0,3.0,84.7,3.469,4277.4,825.7,833.7,836.7,826.7,190.4,191.9,195.4,196.4,2.97,85.1,3.473,-1.2,0.957,1,oil_leak,0,0.55,0.5,1800.0
184.6,mission_cruise,72.94830461367427,2500.0,43.525847693162866,4272.0,825.4,832.9,838.2,824.8,189.9,192.4,195.8,195.8,2.94,85.6,3.485,4277.4,825.7,833.7,836.7,826.7,190.4,191.9,195.4,196.4,2.97,85.1,3.473,-1.2,0.957,1,oil_leak,0,0.55,0.5,1800.0
184.7,mission_cruise,72.94719288493607,2500.0,43.526403557531964,4277.3,826.1,834.6,837.9,828.7,190.7,192.4,195.6,195.4,2.99,85.5,3.504,4277.3,825.7,833.7,836.7,826.7,190.4,191.9,195.4,196.4,2.97,85.1,3.473,-1.2,0.957,1,oil_leak,0,0.55,0.5,1800.0
184.8,mission_cruise,72.94608115619789,2500.0,43.526959421901054,4276.4,826.0,833.5,834.7,825.9,191.2,192.1,196.3,196.4,2.92,84.6,3.526,4277.3,825.7,833.7,836.7,826.7,190.4,191.9,195.4,196.4,2.97,85.2,3.472,-1.2,0.957,1,oil_leak,0,0.55,0.5,1800.0
184.9,mission_cruise,72.9449694274597,2500.0,43.52751528627015,4270.1,827.5,834.0,836.5,826.6,190.7,192.4,194.7,196.0,2.93,85.7,3.427,4277.2,825.7,833.7,836.7,826.7,190.3,191.8,195.3,196.3,2.97,85.2,3.472,-1.2,0.957,1,oil_leak,0,0.55,0.5,1800.0
185.0,mission_cruise,72.94385769872152,2500.0,43.52807115063924,4280.9,826.5,833.8,836.1,825.9,190.6,192.0,196.7,195.7,2.98,85.4,3.471,4277.2,825.7,833.7,836.7,826.7,190.3,191.8,195.3,196.3,2.97,85.2,3.472,-1.2,0.957,1,oil_leak,0,0.55,0.5,1800.0
185.1,mission_cruise,72.94274596998332,2500.0,43.52862701500834,4274.4,826.4,833.8,836.7,825.3,190.5,191.0,195.0,195.5,2.95,85.1,3.453,4277.2,825.7,833.7,836.7,826.7,190.3,191.8,195.3,196.3,2.96,85.2,3.472,-1.2,0.957,1,oil_leak,0,0.55,0.5,1800.0
185.2,mission_cruise,72.94163424124514,2500.0,43.52918287937743,4276.9,824.7,835.6,835.9,827.1,190.7,191.6,195.6,196.0,2.94,85.1,3.42,4277.1,825.7,833.7,836.7,826.7,190.3,191.8,195.3,196.3,2.96,85.2,3.472,-1.2,0.957,1,oil_leak,0,0.55,0.5,1800.0
185.3,mission_cruise,72.94052251250694,2500.0,43.52973874374653,4277.9,826.5,833.1,837.8,826.0,190.8,193.1,195.8,196.2,2.93,85.7,3.463,4277.1,825.7,833.7,836.7,826.7,190.3,191.8,195.3,196.3,2.96,85.2,3.472,-1.2,0.957,1,oil_leak,0,0.55,0.5,1800.0
185.4,mission_cruise,72.93941078376876,2500.0,43.53029460811562,4279.4,824.5,833.9,838.1,825.5,190.4,192.3,195.6,196.6,2.97,85.9,3.484,4277.1,825.7,833.7,836.7,826.7,190.3,191.8,195.3,196.3,2.96,85.3,3.472,-1.2,0.957,1,oil_leak,0,0.55,0.5,1800.0
185.5,mission_cruise,72.93829905503057,2500.0,43.530850472484715,4281.3,824.3,832.9,838.0,827.7,189.4,192.3,196.1,196.6,2.96,85.2,3.489,4277.0,825.7,833.7,836.7,826.7,190.3,191.8,195.3,196.3,2.96,85.3,3.472,-1.2,0.957,1,oil_leak,0,0.55,0.5,1800.0
185.6,mission_cruise,72.93718732629239,2500.0,43.531406336853806,4276.3,827.5,832.7,836.8,826.6,190.4,191.6,195.2,196.4,2.95,85.2,3.449,4277.0,825.7,833.7,836.7,826.7,190.3,191.8,195.3,196.3,2.96,85.3,3.472,-1.2,0.957,1,oil_leak,0,0.55,0.5,1800.0
185.7,mission_cruise,72.9360755975542,2500.0,43.5319622012229,4280.9,826.0,834.3,837.4,825.6,190.0,192.2,195.2,195.5,2.98,84.6,3.534,4277.0,825.7,833.7,836.7,826.7,190.3,191.8,195.3,196.3,2.96,85.3,3.472,-1.2,0.957,1,oil_leak,0,0.55,0.5,1800.0
185.8,mission_cruise,72.93496386881601,2500.0,43.532518065591994,4273.8,827.7,833.2,837.5,827.0,190.3,191.7,194.5,196.7,2.97,85.5,3.404,4276.9,825.7,833.7,836.7,826.7,190.3,191.8,195.3,196.3,2.96,85.3,3.472,-1.2,0.957,1,oil_leak,0,0.55,0.5,1800.0
185.9,mission_cruise,72.93385214007782,2500.0,43.53307392996109,4284.0,826.5,836.6,838.8,824.9,190.0,191.5,194.5,195.1,2.93,85.3,3.481,4276.9,825.7,833.7,836.7,826.7,190.3,191.8,195.3,196.3,2.96,85.3,3.472,-1.2,0.957,1,oil_leak,0,0.55,0.5,1800.0
186.0,mission_cruise,72.93274041133964,2500.0,43.53362979433018,4287.0,827.7,831.1,834.4,824.3,189.2,191.1,196.3,194.9,2.95,85.1,3.463,4276.9,825.7,833.7,836.7,826.7,190.3,191.8,195.3,196.3,2.96,85.4,3.472,-1.2,0.957,1,oil_leak,0,0.55,0.5,1800.0
186.1,mission_cruise,72.93162868260144,2500.0,43.53418565869928,4287.7,824.2,831.8,837.2,825.1,190.7,192.3,196.3,196.1,3.02,84.8,3.514,4276.8,825.7,833.7,836.7,826.7,190.3,191.8,195.3,196.3,2.96,85.4,3.472,-1.2,0.957,1,oil_leak,0,0.55,0.5,1800.0
186.2,mission_cruise,72.93051695386326,2500.0,43.53474152306837,4281.0,826.1,833.4,838.1,826.8,191.0,191.4,194.7,196.7,2.97,86.0,3.446,4276.8,825.7,833.7,836.7,826.7,190.3,191.8,195.3,196.3,2.96,85.4,3.472,-1.2,0.957,1,oil_leak,0,0.55,0.5,1800.0
186.3,mission_cruise,72.92940522512507,2500.0,43.53529738743747,4283.8,824.7,834.3,834.2,825.2,190.5,192.4,195.7,195.7,2.99,85.4,3.461,4276.7,825.7,833.7,836.7,826.7,190.3,191.8,195.3,196.3,2.96,85.4,3.472,-1.2,0.957,1,oil_leak,0,0.55,0.5,1800.0
186.4,mission_cruise,72.92829349638689,2500.0,43.53585325180656,4270.4,828.7,833.7,840.5,826.1,189.0,193.0,195.2,194.9,2.99,85.7,3.47,4276.7,825.7,833.7,836.7,826.7,190.3,191.8,195.3,196.3,2.96,85.4,3.472,-1.2,0.957,1,oil_leak,0,0.55,0.5,1800.0
186.5,mission_cruise,72.92718176764869,2500.0,43.536409116175655,4269.6,825.3,831.4,833.7,827.2,189.3,191.4,195.3,197.1,2.99,85.4,3.457,4276.7,825.7,833.7,836.7,826.7,190.3,191.8,195.3,196.3,2.96,85.4,3.472,-1.2,0.957,1,oil_leak,0,0.55,0.5,1800.0
186.6,mission_cruise,72.92607003891051,2500.0,43.536964980544745,4270.5,827.5,833.3,838.9,827.9,190.0,191.8,196.5,195.2,2.91,85.2,3.439,4276.6,825.7,833.7,836.7,826.7,190.3,191.8,195.3,196.3,2.96,85.5,3.472,-1.2,0.957,1,oil_leak,0,0.55,0.5,1800.0
186.7,mission_cruise,72.92495831017231,2500.0,43.53752084491384,4277.6,825.0,834.0,836.1,824.7,189.7,192.1,195.8,195.9,2.93,85.4,3.484,4276.6,825.7,833.7,836.7,826.7,190.3,191.8,195.3,196.3,2.96,85.5,3.472,-1.2,0.957,1,oil_leak,0,0.55,0.5,1800.0
186.8,mission_cruise,72.92384658143413,2500.0,43.53807670928293,4279.2,822.8,830.5,838.2,828.0,189.9,191.6,195.4,195.9,2.94,85.3,3.463,4276.6,825.7,833.7,836.7,826.7,190.3,191.8,195.3,196.3,2.96,85.5,3.472,-1.2,0.957,1,oil_leak,0,0.55,0.5,1800.0
186.9,mission_cruise,72.92273485269594,2500.0,43.53863257365203,4274.4,826.9,832.9,835.5,827.0,190.3,192.3,196.2,195.8,2.96,84.8,3.454,4276.5,825.7,833.7,836.7,826.7,190.3,191.8,195.3,196.3,2.96,85.5,3.472,-1.2,0.957,1,oil_leak,0,0.55,0.5,1800.0
187.0,mission_cruise,72.92162312395776,2500.0,43.53918843802112,4281.4,826.2,835.1,834.2,826.9,190.6,192.4,195.6,195.5,2.98,85.0,3.482,4276.5,825.7,833.7,836.7,826.7,190.3,191.8,195.3,196.3,2.96,85.5,3.472,-1.2,0.957,1,oil_leak,0,0.55,0.5,1800.0
187.1,mission_cruise,72.92051139521956,2500.0,43.53974430239022,4282.4,824.8,834.2,836.6,825.6,189.1,191.9,195.5,195.8,3.02,85.6,3.488,4276.5,825.7,833.7,836.7,826.7,190.3,191.8,195.3,196.3,2.96,85.5,3.471,-1.2,0.957,1,oil_leak,0,0.55,0.5,1800.0
187.2,mission_cruise,72.91939966648138,2500.0,43.54030016675931,4274.8,827.9,833.2,837.0,825.8,189.3,191.9,196.8,196.3,2.95,85.7,3.465,4276.4,825.7,833.7,836.7,826.7,190.3,191.8,195.3,196.3,2.96,85.6,3.471,-1.2,0.957,1,oil_leak,0,0.55,0.5,1800.0
187.3,mission_cruise,72.91828793774319,2500.0,43.540856031128406,4274.9,826.0,830.2,837.5,826.9,190.2,191.9,194.2,196.6,2.95,85.8,3.445,4276.4,825.7,833.7,836.7,826.7,190.3,191.8,195.3,196.3,2.96,85.6,3.471,-1.2,0.957,1,oil_leak,0,0.55,0.5,1800.0
187.4,mission_cruise,72.917176209005,2500.0,43.5414118954975,4281.1,828.9,834.6,835.3,827.1,190.9,191.6,195.9,196.3,2.95,85.4,3.501,4276.4,825.7,833.7,836.7,826.7,190.3,191.8,195.3,196.3,2.96,85.6,3.471,-1.2,0.957,1,oil_leak,0,0.55,0.5,1800.0
187.5,mission_cruise,72.91606448026681,2500.0,43.541967759866594,4281.0,827.1,834.9,838.3,827.4,191.2,192.5,195.1,197.1,2.99,85.1,3.457,4276.3,825.7,833.7,836.7,826.7,190.3,191.8,195.3,196.3,2.96,85.6,3.471,-1.2,0.957,1,oil_leak,0,0.55,0.5,1800.0
187.6,mission_cruise,72.91495275152863,2500.0,43.542523624235685,4274.8,825.4,833.6,839.0,825.1,190.9,190.9,194.8,195.9,2.98,85.8,3.494,4276.3,825.7,833.7,836.7,826.7,190.3,191.8,195.3,196.3,2.96,85.6,3.471,-1.2,0.957,1,oil_leak,0,0.55,0.5,1800.0
187.7,mission_cruise,72.91384102279044,2500.0,43.54307948860478,4286.3,826.3,834.1,835.6,827.0,190.2,191.1,195.6,196.3,2.92,85.3,3.52,4276.2,825.7,833.7,836.7,826.7,190.3,191.8,195.3,196.3,2.96,85.6,3.471,-1.2,0.957,1,oil_leak,0,0.55,0.5,1800.0
187.8,mission_cruise,72.91272929405226,2500.0,43.54363535297387,4272.0,825.0,832.6,836.2,825.9,189.5,192.0,195.5,196.7,2.99,85.3,3.54,4276.2,825.7,833.7,836.7,826.7,190.3,191.8,195.3,196.3,2.96,85.6,3.471,-1.2,0.957,1,oil_leak,0,0.55,0.5,1800.0
187.9,mission_cruise,72.91161756531406,2500.0,43.54419121734297,4273.8,825.8,831.7,837.6,824.8,191.0,192.1,195.3,196.7,2.9,85.4,3.465,4276.2,825.7,833.7,836.7,826.7,190.3,191.8,195.3,196.3,2.96,85.7,3.471,-1.2,0.957,1,oil_leak,0,0.55,0.5,1800.0
188.0,mission_cruise,72.91050583657588,2500.0,43.54474708171206,4275.5,826.4,834.9,837.1,826.5,190.6,191.0,195.1,195.4,2.94,85.6,3.509,4276.1,825.7,833.7,836.7,826.7,190.3,191.8,195.3,196.3,2.96,85.7,3.471,-1.2,0.957,1,oil_leak,0,0.55,0.5,1800.0
188.1,mission_cruise,72.90939410783768,2500.0,43.54530294608116,4273.3,826.7,833.9,837.5,822.9,190.6,191.6,195.7,196.6,2.95,85.7,3.456,4276.1,825.7,833.7,836.7,826.7,190.3,191.8,195.3,196.3,2.96,85.7,3.471,-1.2,0.957,1,oil_leak,0,0.55,0.5,1800.0
188.2,mission_cruise,72.9082823790995,2500.0,43.54585881045025,4277.9,824.1,833.6,836.7,826.0,190.8,192.4,194.6,194.9,2.93,86.5,3.516,4276.1,825.7,833.7,836.7,826.7,190.3,191.8,195.3,196.3,2.96,85.7,3.471,-1.2,0.957,1,oil_leak,0,0.55,0.5,1800.0
188.3,mission_cruise,72.90717065036131,2500.0,43.546414674819346,4277.7,825.7,832.8,833.5,825.4,190.7,192.3,195.5,196.2,2.95,85.3,3.427,4276.0,825.7,833.7,836.7,826.7,190.3,191.8,195.3,196.3,2.96,85.7,3.471,-1.2,0.957,1,oil_leak,0,0.55,0.5,1800.0
188.4,mission_cruise,72.90605892162313,2500.0,43.546970539188436,4274.9,825.0,834.3,836.8,826.2,190.2,191.8,195.3,196.8,2.95,85.5,3.426,4276.0,825.7,833.7,836.7,826.7,190.3,191.8,195.3,196.3,2.96,85.7,3.471,-1.2,0.957,1,oil_leak,0,0.55,0.5,1800.0
188.5,mission_cruise,72.90494719288493,2500.0,43.547526403557534,4282.0,827.5,834.7,834.3,826.8,190.2,191.7,195.2,196.0,2.99,86.5,3.454,4276.0,825.7,833.7,836.7,826.7,190.3,191.8,195.3,196.3,2.96,85.8,3.471,-1.2,0.957,1,oil_leak,0,0.55,0.5,1800.0
188.6,mission_cruise,72.90383546414675,2500.0,43.548082267926624,4271.7,822.8,833.1,838.0,826.9,190.9,190.7,195.9,195.3,3.0,85.5,3.485,4275.9,825.7,833.7,836.7,826.7,190.3,191.8,195.3,196.3,2.96,85.8,3.471,-1.2,0.957,1,oil_leak,0,0.55,0.5,1800.0
188.7,mission_cruise,72.90272373540856,2500.0,43.54863813229572,4284.0,825.3,831.5,833.9,828.8,190.5,191.4,194.9,196.7,2.95,85.8,3.494,4275.9,825.7,833.7,836.7,826.7,190.3,191.8,195.3,196.3,2.96,85.8,3.471,-1.2,0.957,1,oil_leak,0,0.55,0.5,1800.0
188.8,mission_cruise,72.90161200667038,2500.0,43.54919399666481,4258.9,825.6,834.6,837.3,827.2,191.2,191.6,195.5,197.1,2.92,86.1,3.465,4275.9,825.7,833.7,836.7,826.7,190.3,191.8,195.3,196.3,2.95,85.8,3.471,-1.2,0.957,1,oil_leak,0,0.55,0.5,1800.0
188.9,mission_cruise,72.90050027793218,2500.0,43.54974986103391,4273.8,823.4,833.8,836.2,828.2,189.8,191.7,195.9,196.3,2.91,86.0,3.48,4275.8,825.7,833.7,836.7,826.7,190.3,191.8,195.3,196.3,2.95,85.8,3.471,-1.2,0.957,1,oil_leak,0,0.55,0.5,1800.0
189.0,mission_cruise,72.899388549194,2500.0,43.550305725403,4279.2,828.2,833.7,837.8,825.1,190.9,191.8,194.8,196.9,3.0,85.5,3.426,4275.8,825.7,833.7,836.7,826.7,190.3,191.8,195.3,196.3,2.95,85.8,3.471,-1.2,0.957,1,oil_leak,0,0.55,0.5,1800.0
189.1,mission_cruise,72.8982768204558,2500.0,43.5508615897721,4270.5,825.4,836.3,835.5,825.7,190.0,191.6,195.4,196.1,2.95,85.7,3.523,4275.7,825.7,833.7,836.7,826.7,190.3,191.8,195.3,196.3,2.95,85.8,3.471,-1.2,0.957,1,oil_leak,0,0.55,0.5,1800.0
189.2,mission_cruise,72.89716509171762,2500.0,43.55141745414119,4283.2,827.0,834.9,836.1,827.3,190.6,191.5,196.3,195.5,2.95,85.9,3.485,4275.7,825.7,833.7,836.7,826.7,190.3,191.8,195.3,196.3,2.95,85.9,3.471,-1.2,0.957,1,oil_leak,0,0.55,0.5,1800.0
189.3,mission_cruise,72.89605336297943,2500.0,43.551973318510285,4280.7,826.5,833.5,838.5,828.3,190.7,192.1,195.9,195.7,2.96,85.9,3.475,4275.7,825.6,833.6,836.6,826.6,190.3,191.8,195.3,196.3,2.95,85.9,3.47,-1.2,0.957,1,oil_leak,0,0.55,0.5,1800.0
189.4,mission_cruise,72.89494163424125,2500.0,43.552529182879375,4273.9,826.1,834.0,838.0,827.7,190.7,192.2,194.9,197.0,2.95,86.2,3.463,4275.6,825.6,833.6,836.6,826.6,190.3,191.8,195.3,196.3,2.95,85.9,3.47,-1.2,0.957,1,oil_leak,0,0.55,0.5,1800.0
189.5,mission_cruise,72.89382990550305,2500.0,43.55308504724847,4283.3,825.3,832.6,836.0,826.3,191.4,191.2,195.1,196.3,2.94,86.1,3.452,4275.6,825.6,833.6,836.6,826.6,190.3,191.8,195.3,196.3,2.95,85.9,3.47,-1.2,0.957,1,oil_leak,0,0.55,0.5,1800.0
189.6,mission_cruise,72.89271817676487,2500.0,43.55364091161756,4281.8,824.8,830.4,838.7,826.0,191.5,191.7,195.1,195.6,2.97,86.3,3.458,4275.6,825.6,833.6,836.6,826.6,190.3,191.8,195.3,196.3,2.95,85.9,3.47,-1.2,0.957,1,oil_leak,0,0.55,0.5,1800.0
189.7,mission_cruise,72.89160644802668,2500.0,43.55419677598666,4272.9,824.5,833.6,838.6,825.1,190.7,191.9,195.8,196.9,2.98,86.4,3.529,4275.5,825.6,833.6,836.6,826.6,190.3,191.8,195.3,196.3,2.95,85.9,3.47,-1.2,0.957,1,oil_leak,0,0.55,0.5,1800.0
189.8,mission_cruise,72.8904947192885,2500.0,43.55475264035575,4275.9,824.5,832.4,838.0,826.7,190.7,191.5,195.2,196.6,2.96,86.1,3.487,4275.5,825.6,833.6,836.6,826.6,190.3,191.8,195.3,196.3,2.95,86.0,3.47,-1.2,0.957,1,oil_leak,0,0.55,0.5,1800.0
189.9,mission_cruise,72.8893829905503,2500.0,43.55530850472485,4263.0,826.8,836.2,836.9,824.9,190.9,192.5,195.4,196.8,2.99,86.7,3.478,4275.5,825.6,833.6,836.6,826.6,190.3,191.8,195.3,196.3,2.95,86.0,3.47,-1.2,0.957,1,oil_leak,0,0.55,0.5,1800.0
190.0,mission_cruise,72.88827126181212,2500.0,43.55586436909394,4273.8,827.6,834.3,836.0,827.4,190.5,192.5,196.0,197.2,2.95,85.2,3.436,4275.4,825.6,833.6,836.6,826.6,190.3,191.8,195.3,196.3,2.95,86.0,3.47,-1.2,0.957,1,oil_leak,0,0.55,0.5,1800.0
190.1,mission_cruise,72.88715953307393,2500.0,43.55642023346304,4277.0,825.9,832.8,837.0,824.7,190.5,191.3,196.0,196.6,2.96,85.9,3.43,4275.4,825.6,833.6,836.6,826.6,190.3,191.8,195.3,196.3,2.95,86.0,3.47,-1.2,0.957,1,oil_leak,0,0.55,0.5,1800.0
190.2,mission_cruise,72.88604780433575,2500.0,43.55697609783213,4269.5,826.1,833.6,837.3,826.2,189.5,192.5,196.1,196.0,2.94,85.2,3.448,4275.3,825.6,833.6,836.6,826.6,190.3,191.8,195.3,196.3,2.95,86.0,3.47,-1.2,0.957,1,oil_leak,0,0.55,0.5,1800.0
190.3,mission_cruise,72.88493607559755,2500.0,43.557531962201224,4270.1,827.5,833.6,836.8,826.7,190.1,192.6,196.2,196.6,2.93,86.2,3.465,4275.3,825.6,833.6,836.6,826.6,190.3,191.8,195.3,196.3,2.95,86.0,3.47,-1.2,0.957,1,oil_leak,0,0.55,0.5,1800.0
190.4,mission_cruise,72.88382434685937,2500.0,43.558087826570315,4272.9,826.5,833.6,836.5,825.9,191.0,192.1,196.1,196.8,2.95,86.2,3.465,4275.3,825.6,833.6,836.6,826.6,190.3,191.8,195.3,196.3,2.95,86.0,3.47,-1.2,0.957,1,oil_leak,0,0.55,0.5,1800.0
190.5,mission_cruise,72.88271261812118,2500.0,43.55864369093941,4272.0,829.3,832.9,834.6,825.3,191.1,192.7,196.0,195.5,2.93,86.6,3.478,4275.2,825.6,833.6,836.6,826.6,190.3,191.8,195.3,196.3,2.95,86.1,3.47,-1.2,0.957,1,oil_leak,0,0.55,0.5,1800.0
190.6,mission_cruise,72.881600889383,2500.0,43.5591995553085,4268.3,827.0,833.7,837.9,826.7,190.1,192.1,195.2,196.5,2.98,85.4,3.526,4275.2,825.6,833.6,836.6,826.6,190.3,191.8,195.3,196.3,2.95,86.1,3.47,-1.2,0.957,1,oil_leak,0,0.55,0.5,1800.0
190.7,mission_cruise,72.8804891606448,2500.0,43.5597554196776,4262.4,825.7,835.0,836.9,825.9,189.1,191.3,194.4,196.5,2.93,86.2,3.475,4275.2,825.6,833.6,836.6,826.6,190.3,191.8,195.3,196.3,2.95,86.1,3.47,-1.2,0.957,1,oil_leak,0,0.55,0.5,1800.0
190.8,mission_cruise,72.87937743190662,2500.0,43.56031128404669,4268.5,827.2,833.1,837.3,826.8,189.7,191.9,195.5,196.4,2.95,86.3,3.462,4275.1,825.6,833.6,836.6,826.6,190.3,191.8,195.3,196.3,2.95,86.1,3.47,-1.2,0.957,1,oil_leak,0,0.55,0.5,1800.0
190.9,mission_cruise,72.87826570316842,2500.0,43.56086714841579,4272.3,823.3,835.0,837.9,826.8,188.9,190.9,193.7,196.7,2.97,86.5,3.487,4275.1,825.6,833.6,836.6,826.6,190.3,191.8,195.3,196.3,2.95,86.1,3.47,-1.2,0.957,1,oil_leak,0,0.55,0.5,1800.0
191.0,mission_cruise,72.87715397443024,2500.0,43.56142301278488,4273.3,823.6,834.6,836.1,827.3,190.9,191.7,195.5,196.9,2.99,85.5,3.422,4275.1,825.6,833.6,836.6,826.6,190.3,191.8,195.3,196.3,2.95,86.1,3.47,-1.2,0.957,1,oil_leak,0,0.55,0.5,1800.0
191.1,mission_cruise,72.87604224569205,2500.0,43.561978877153976,4269.2,827.8,837.0,835.7,825.7,190.9,192.3,194.7,196.0,2.92,86.1,3.482,4275.0,825.6,833.6,836.6,826.6,190.3,191.8,195.3,196.3,2.95,86.1,3.47,-1.2,0.957,1,oil_leak,0,0.55,0.5,1800.0
191.2,mission_cruise,72.87493051695387,2500.0,43.562534741523066,4272.0,825.2,833.8,837.1,826.4,190.7,192.7,195.9,196.0,2.88,86.2,3.464,4275.0,825.6,833.6,836.6,826.6,190.3,191.8,195.3,196.3,2.95,86.2,3.47,-1.2,0.957,1,oil_leak,0,0.55,0.5,1800.0
191.3,mission_cruise,72.87381878821567,2500.0,43.563090605892164,4275.8,826.2,834.2,838.0,826.2,190.1,191.5,195.0,196.7,2.95,86.2,3.441,4275.0,825.6,833.6,836.6,826.6,190.3,191.8,195.3,196.3,2.95,86.2,3.47,-1.2,0.957,1,oil_leak,0,0.55,0.5,1800.0
191.4,mission_cruise,72.87270705947749,2500.0,43.563646470261254,4272.8,827.1,834.4,831.5,827.1,190.2,190.8,195.0,196.8,2.99,85.7,3.478,4274.9,825.6,833.6,836.6,826.6,190.3,191.8,195.3,196.3,2.95,86.2,3.47,-1.2,0.957,1,oil_leak,0,0.55,0.5,1800.0
191.5,mission_cruise,72.8715953307393,2500.0,43.56420233463035,4282.7,825.4,832.5,835.4,827.1,188.8,191.5,194.4,196.9,3.01,85.8,3.482,4274.9,825.6,833.6,836.6,826.6,190.3,191.8,195.3,196.3,2.95,86.2,3.47,-1.2,0.957,1,oil_leak,0,0.55,0.5,1800.0
191.6,mission_cruise,72.87048360200112,2500.0,43.56475819899944,4275.4,827.3,832.8,835.3,826.2,190.0,192.3,196.1,196.0,2.94,86.6,3.487,4274.8,825.6,833.6,836.6,826.6,190.3,191.8,195.3,196.3,2.95,86.2,3.469,-1.2,0.957,1,oil_leak,0,0.55,0.5,1800.0
191.7,mission_cruise,72.86937187326292,2500.0,43.56531406336854,4268.3,825.5,832.7,835.0,827.1,190.7,192.0,194.5,197.0,2.98,87.0,3.519,4274.8,825.6,833.6,836.6,826.6,190.3,191.8,195.3,196.3,2.95,86.2,3.469,-1.2,0.957,1,oil_leak,0,0.55,0.5,1800.0
191.8,mission_cruise,72.86826014452474,2500.0,43.56586992773763,4269.8,824.8,833.3,837.7,827.0,190.3,191.2,195.1,196.7,2.94,86.0,3.402,4274.8,825.6,833.6,836.6,826.6,190.3,191.8,195.3,196.3,2.95,86.2,3.469,-1.2,0.957,1,oil_leak,0,0.55,0.5,1800.0
191.9,mission_cruise,72.86714841578655,2500.0,43.56642579210673,4274.8,828.8,833.1,838.2,825.1,190.8,191.9,195.8,196.1,2.93,86.7,3.449,4274.7,825.6,833.6,836.6,826.6,190.3,191.8,195.3,196.3,2.95,86.3,3.469,-1.2,0.957,1,oil_leak,0,0.55,0.5,1800.0
192.0,mission_cruise,72.86603668704836,2500.0,43.56698165647582,4270.7,825.8,833.5,835.6,825.8,189.5,192.4,195.6,196.6,2.94,86.3,3.482,4274.7,825.6,833.6,836.6,826.6,190.3,191.8,195.3,196.3,2.95,86.3,3.469,-1.2,0.957,1,oil_leak,0,0.55,0.5,1800.0
192.1,mission_cruise,72.86492495831017,2500.0,43.567537520844915,4266.5,827.0,833.0,837.8,824.8,190.8,191.3,195.6,196.4,2.93,86.1,3.407,4274.7,825.6,833.6,836.6,826.6,190.3,191.8,195.3,196.3,2.95,86.3,3.469,-1.2,0.957,1,oil_leak,0,0.55,0.5,1800.0
192.2,mission_cruise,72.86381322957199,2500.0,43.568093385214006,4277.5,825.0,835.5,836.6,826.8,190.4,191.4,194.7,197.8,2.96,85.8,3.443,4274.6,825.6,833.6,836.6,826.6,190.3,191.8,195.3,196.3,2.95,86.3,3.469,-1.2,0.957,1,oil_leak,0,0.55,0.5,1800.0
192.3,mission_cruise,72.8627015008338,2500.0,43.5686492495831,4275.1,824.3,833.7,835.7,826.6,189.9,191.8,195.5,196.6,2.97,86.5,3.428,4274.6,825.6,833.6,836.6,826.6,190.3,191.8,195.3,196.3,2.95,86.3,3.469,-1.2,0.957,1,oil_leak,0,0.55,0.5,1800.0
192.4,mission_cruise,72.86158977209561,2500.0,43.569205113952194,4278.5,828.1,833.8,835.9,825.8,190.3,191.1,196.0,195.7,2.98,86.4,3.436,4274.6,825.6,833.6,836.6,826.6,190.3,191.8,195.3,196.3,2.95,86.3,3.469,-1.2,0.957,1,oil_leak,0,0.55,0.5,1800.0
192.5,mission_cruise,72.86047804335742,2500.0,43.56976097832129,4273.8,825.9,834.5,839.9,825.5,190.8,192.2,195.9,195.8,2.91,85.8,3.531,4274.5,825.6,833.6,836.6,826.6,190.3,191.8,195.3,196.3,2.95,86.3,3.469,-1.2,0.957,1,oil_leak,0,0.55,0.5,1800.0
192.6,mission_cruise,72.85936631461924,2500.0,43.57031684269038,4269.4,825.6,833.0,837.2,827.8,190.0,191.4,194.7,196.4,2.95,86.0,3.41,4274.5,825.6,833.6,836.6,826.6,190.3,191.8,195.3,196.3,2.95,86.4,3.469,-1.2,0.957,1,oil_leak,0,0.55,0.5,1800.0
192.7,mission_cruise,72.85825458588104,2500.0,43.57087270705948,4277.2,826.8,833.2,835.9,828.8,190.1,191.6,195.3,197.0,2.93,86.2,3.414,4274.5,825.6,833.6,836.6,826.6,190.3,191.8,195.3,196.3,2.95,86.4,3.469,-1.2,0.957,1,oil_leak,0,0.55,0.5,1800.0
192.8,mission_cruise,72.85714285714286,2500.0,43.57142857142857,4274.5,826.3,832.4,834.1,825.3,190.4,190.9,194.4,196.0,2.93,85.5,3.45,4274.4,825.6,833.6,836.6,826.6,190.3,191.8,195.3,196.3,2.95,86.4,3.469,-1.2,0.957,1,oil_leak,0,0.55,0.5,1800.0
192.9,mission_cruise,72.85603112840467,2500.0,43.57198443579767,4274.3,826.5,833.7,838.7,827.2,190.3,191.8,196.0,196.5,2.94,85.8,3.4,4274.4,825.6,833.6,836.6,826.6,190.3,191.8,195.3,196.3,2.94,86.4,3.469,-1.2,0.957,1,oil_leak,0,0.55,0.5,1800.0
193.0,mission_cruise,72.85491939966649,2500.0,43.57254030016676,4269.6,824.9,832.4,838.9,826.2,190.0,191.0,195.4,195.4,2.94,86.2,3.504,4274.3,825.6,833.6,836.6,826.6,190.3,191.8,195.3,196.3,2.94,86.4,3.469,-1.2,0.957,1,oil_leak,0,0.55,0.5,1800.0
193.1,mission_cruise,72.85380767092829,2500.0,43.573096164535855,4276.6,825.3,831.9,837.7,826.8,191.1,192.5,195.5,195.8,2.93,86.9,3.444,4274.3,825.6,833.6,836.6,826.6,190.3,191.8,195.3,196.3,2.94,86.4,3.469,-1.2,0.957,1,oil_leak,0,0.55,0.5,1800.0
193.2,mission_cruise,72.85269594219011,2500.0,43.573652028904945,4275.4,822.8,835.2,836.1,825.7,190.4,192.5,195.9,198.2,2.92,86.5,3.481,4274.3,825.6,833.6,836.6,826.6,190.3,191.8,195.3,196.3,2.94,86.4,3.469,-1.2,0.957,1,oil_leak,0,0.55,0.5,1800.0
193.3,mission_cruise,72.85158421345191,2500.0,43.57420789327404,4273.6,823.9,833.2,837.0,826.7,190.7,192.6,195.4,196.3,2.96,86.2,3.493,4274.2,825.6,833.6,836.6,826.6,190.3,191.8,195.3,196.3,2.94,86.4,3.469,-1.2,0.957,1,oil_leak,0,0.55,0.5,1800.0
193.4,mission_cruise,72.85047248471373,2500.0,43.57476375764313,4275.3,823.6,832.5,836.4,826.9,190.3,192.1,195.0,196.7,2.91,86.7,3.464,4274.2,825.6,833.6,836.6,826.6,190.3,191.8,195.3,196.3,2.94,86.5,3.469,-1.2,0.957,1,oil_leak,0,0.55,0.5,1800.0
193.5,mission_cruise,72.84936075597554,2500.0,43.57531962201223,4273.6,826.3,831.9,839.1,825.6,189.7,190.4,196.5,194.9,2.93,86.0,3.449,4274.2,825.6,833.6,836.6,826.6,190.3,191.8,195.3,196.3,2.94,86.5,3.469,-1.2,0.957,1,oil_leak,0,0.55,0.5,1800.0
193.6,mission_cruise,72.84824902723736,2500.0,43.57587548638132,4278.0,825.2,831.4,836.7,826.2,190.7,191.9,196.0,195.8,2.95,87.2,3.463,4274.1,825.6,833.6,836.6,826.6,190.3,191.8,195.3,196.3,2.94,86.5,3.469,-1.2,0.957,1,oil_leak,0,0.55,0.5,1800.0
193.7,mission_cruise,72.84713729849916,2500.0,43.57643135075042,4270.4,825.4,832.5,837.1,825.7,190.6,190.8,195.2,197.0,2.96,86.1,3.471,4274.1,825.6,833.6,836.6,826.6,190.3,191.8,195.3,196.3,2.94,86.5,3.469,-1.2,0.957,1,oil_leak,0,0.55,0.5,1800.0
193.8,mission_cruise,72.84602556976098,2500.0,43.57698721511951,4274.7,825.3,832.2,834.3,826.3,191.4,191.4,194.7,196.2,2.98,87.6,3.442,4274.1,825.6,833.6,836.6,826.6,190.3,191.8,195.3,196.3,2.94,86.5,3.469,-1.2,0.957,1,oil_leak,0,0.55,0.5,1800.0
193.9,mission_cruise,72.84491384102279,2500.0,43.577543079488606,4278.9,827.0,834.3,837.6,830.1,190.6,191.3,195.0,197.1,2.95,86.5,3.499,4274.0,825.6,833.6,836.6,826.6,190.3,191.8,195.3,196.3,2.94,86.5,3.468,-1.2,0.957,1,oil_leak,0,0.55,0.5,1800.0
194.0,mission_cruise,72.8438021122846,2500.0,43.5780989438577,4273.6,828.3,834.4,835.7,828.4,189.5,191.2,196.3,196.6,2.98,87.1,3.457,4274.0,825.6,833.6,836.6,826.6,190.3,191.8,195.3,196.3,2.94,86.5,3.468,-1.2,0.957,1,oil_leak,0,0.55,0.5,1800.0
194.1,mission_cruise,72.84269038354641,2500.0,43.578654808226794,4274.5,824.9,834.8,838.5,826.1,189.6,192.1,194.6,196.4,2.91,86.7,3.518,4273.9,825.6,833.6,836.6,826.6,190.3,191.8,195.3,196.3,2.94,86.6,3.468,-1.2,0.957,1,oil_leak,0,0.55,0.5,1800.0
194.2,mission_cruise,72.84157865480823,2500.0,43.579210672595885,4265.5,826.4,832.9,837.9,826.9,189.8,191.8,195.7,195.8,2.9,86.9,3.52,4273.9,825.6,833.6,836.6,826.6,190.3,191.8,195.3,196.3,2.94,86.6,3.468,-1.2,0.957,1,oil_leak,0,0.55,0.5,1800.0
194.3,mission_cruise,72.84046692607004,2500.0,43.57976653696498,4274.9,823.1,835.1,835.0,825.4,190.9,191.5,195.9,196.4,2.95,86.5,3.442,4273.9,825.6,833.6,836.6,826.6,190.3,191.8,195.3,196.3,2.94,86.6,3.468,-1.2,0.957,1,oil_leak,0,0.55,0.5,1800.0
194.4,mission_cruise,72.83935519733186,2500.0,43.58032240133407,4276.8,822.7,831.9,833.3,823.4,190.6,191.9,195.9,196.3,2.94,87.1,3.514,4273.8,825.6,833.6,836.6,826.6,190.3,191.8,195.3,196.3,2.94,86.6,3.468,-1.2,0.957,1,oil_leak,0,0.55,0.5,1800.0
194.5,mission_cruise,72.83824346859366,2500.0,43.58087826570317,4278.3,825.2,832.8,836.6,826.6,191.3,191.8,195.3,197.3,2.91,86.1,3.466,4273.8,825.5,833.5,836.5,826.5,190.3,191.8,195.3,196.3,2.94,86.6,3.468,-1.2,0.957,1,oil_leak,0,0.55,0.5,1800.0
194.6,mission_cruise,72.83713173985548,2500.0,43.58143413007226,4268.4,824.9,834.4,837.4,826.0,189.6,192.7,194.8,195.1,2.95,86.2,3.463,4273.8,825.5,833.5,836.5,826.5,190.3,191.8,195.3,196.3,2.94,86.6,3.468,-1.2,0.957,1,oil_leak,0,0.55,0.5,1800.0
194.7,mission_cruise,72.83602001111728,2500.0,43.58198999444136,4280.6,827.3,836.9,835.1,826.6,190.4,191.8,194.5,196.6,2.97,86.6,3.478,4273.7,825.5,833.5,836.5,826.5,190.3,191.8,195.3,196.3,2.94,86.6,3.468,-1.2,0.957,1,oil_leak,0,0.55,0.5,1800.0
194.8,mission_cruise,72.8349082823791,2500.0,43.58254585881045,4285.1,826.7,833.1,836.2,826.0,189.7,191.9,194.7,197.0,2.92,86.6,3.414,4273.7,825.5,833.5,836.5,826.5,190.3,191.8,195.3,196.3,2.94,86.6,3.468,-1.2,0.957,1,oil_leak,0,0.55,0.5,1800.0
194.9,mission_cruise,72.83379655364091,2500.0,43.583101723179546,4270.1,826.5,833.0,837.2,828.6,189.5,192.6,195.3,196.1,2.92,86.7,3.451,4273.7,825.5,833.5,836.5,826.5,190.3,191.8,195.3,196.3,2.94,86.7,3.468,-1.2,0.957,1,oil_leak,0,0.55,0.5,1800.0
195.0,mission_cruise,72.83268482490273,2500.0,43.583657587548636,4271.5,825.5,833.2,838.0,826.9,189.9,191.1,195.5,195.9,2.97,86.5,3.481,4273.6,825.5,833.5,836.5,826.5,190.3,191.8,195.3,196.3,2.94,86.7,3.468,-1.2,0.957,1,oil_leak,0,0.55,0.5,1800.0
195.1,mission_cruise,72.83157309616453,2500.0,43.58421345191773,4279.0,822.7,834.2,837.7,824.2,190.8,192.1,195.3,196.9,2.92,86.7,3.428,4273.6,825.5,833.5,836.5,826.5,190.3,191.8,195.3,196.3,2.94,86.7,3.468,-1.2,0.957,1,oil_leak,0,0.55,0.5,1800.0
195.2,mission_cruise,72.83046136742635,2500.0,43.584769316286824,4276.5,825.9,834.1,836.4,828.1,190.7,192.5,195.1,196.8,2.98,86.0,3.446,4273.6,825.5,833.5,836.5,826.5,190.3,191.8,195.3,196.3,2.94,86.7,3.468,-1.2,0.957,1,oil_leak,0,0.55,0.5,1800.0
195.3,mission_cruise,72.82934963868816,2500.0,43.58532518065592,4281.9,824.2,833.6,836.7,826.7,189.7,191.7,196.0,195.8,2.9,86.3,3.48,4273.5,825.5,833.5,836.5,826.5,190.3,191.8,195.3,196.3,2.94,86.7,3.468,-1.2,0.957,1,oil_leak,0,0.55,0.5,1800.0
195.4,mission_cruise,72.82823790994998,2500.0,43.58588104502501,4280.2,824.8,833.7,836.8,827.1,190.2,192.5,195.4,195.9,2.91,86.2,3.453,4273.5,825.5,833.5,836.5,826.5,190.3,191.8,195.3,196.3,2.94,86.7,3.468,-1.2,0.957,1,oil_leak,0,0.55,0.5,1800.0
195.5,mission_cruise,72.82712618121178,2500.0,43.58643690939411,4283.2,823.4,835.5,838.9,829.2,190.2,192.1,195.0,196.7,2.93,86.1,3.467,4273.4,825.5,833.5,836.5,826.5,190.3,191.8,195.3,196.3,2.94,86.7,3.468,-1.2,0.957,1,oil_leak,0,0.55,0.5,1800.0
195.6,mission_cruise,72.8260144524736,2500.0,43.5869927737632,4277.1,827.3,834.8,837.0,827.0,190.0,191.4,195.2,195.7,2.94,86.8,3.474,4273.4,825.5,833.5,836.5,826.5,190.3,191.8,195.3,196.3,2.94,86.7,3.468,-1.2,0.957,1,oil_leak,0,0.55,0.5,1800.0
195.7,mission_cruise,72.8249027237354,2500.0,43.5875486381323,4269.1,827.0,835.2,834.2,826.7,189.7,191.6,195.9,195.6,2.95,86.5,3.466,4273.4,825.5,833.5,836.5,826.5,190.3,191.8,195.3,196.3,2.94,86.8,3.468,-1.2,0.957,1,oil_leak,0,0.55,0.5,1800.0
195.8,mission_cruise,72.82379099499722,2500.0,43.58810450250139,4283.7,824.9,831.7,837.1,827.7,190.5,191.3,195.3,197.2,2.91,86.3,3.515,4273.3,825.5,833.5,836.5,826.5,190.3,191.8,195.3,196.3,2.94,86.8,3.468,-1.2,0.957,1,oil_leak,0,0.55,0.5,1800.0
195.9,mission_cruise,72.82267926625903,2500.0,43.588660366870485,4265.0,822.2,833.9,836.9,826.0,191.1,191.9,195.8,196.9,2.97,86.7,3.414,4273.3,825.5,833.5,836.5,826.5,190.3,191.8,195.3,196.3,2.94,86.8,3.468,-1.2,0.957,1,oil_leak,0,0.55,0.5,1800.0
196.0,mission_cruise,72.82156753752085,2500.0,43.589216231239575,4284.8,824.6,834.6,838.1,827.0,189.9,191.9,195.5,196.7,2.92,87.1,3.491,4273.3,825.5,833.5,836.5,826.5,190.3,191.8,195.3,196.3,2.94,86.8,3.468,-1.2,0.957,1,oil_leak,0,0.55,0.5,1800.0
196.1,mission_cruise,72.82045580878265,2500.0,43.58977209560867,4274.7,825.2,834.3,834.3,824.5,191.0,191.1,195.8,196.5,2.96,86.7,3.487,4273.2,825.5,833.5,836.5,826.5,190.3,191.8,195.3,196.3,2.94,86.8,3.468,-1.2,0.957,1,oil_leak,0,0.55,0.5,1800.0
196.2,mission_cruise,72.81934408004447,2500.0,43.59032795997776,4268.7,825.4,830.7,837.8,828.4,190.2,191.3,195.2,195.9,2.93,86.9,3.479,4273.2,825.5,833.5,836.5,826.5,190.3,191.8,195.3,196.3,2.94,86.8,3.467,-1.2,0.957,1,oil_leak,0,0.55,0.5,1800.0
196.3,mission_cruise,72.81823235130628,2500.0,43.59088382434686,4275.2,826.0,831.4,836.4,826.1,190.0,190.5,195.7,195.2,2.92,86.5,3.446,4273.2,825.5,833.5,836.5,826.5,190.3,191.8,195.3,196.3,2.94,86.8,3.467,-1.2,0.957,1,oil_leak,0,0.55,0.5,1800.0
196.4,mission_cruise,72.8171206225681,2500.0,43.59143968871595,4270.9,825.8,833.3,836.0,828.4,191.0,190.8,195.2,195.7,3.01,87.6,3.465,4273.1,825.5,833.5,836.5,826.5,190.3,191.8,195.3,196.3,2.94,86.8,3.467,-1.2,0.957,1,oil_leak,0,0.55,0.5,1800.0
196.5,mission_cruise,72.8160088938299,2500.0,43.59199555308505,4271.9,824.4,834.4,836.4,826.4,190.0,191.9,195.9,196.0,2.98,87.2,3.442,4273.1,825.5,833.5,836.5,826.5,190.3,191.8,195.3,196.3,2.94,86.9,3.467,-1.2,0.957,1,oil_leak,0,0.55,0.5,1800.0
196.6,mission_cruise,72.81489716509172,2500.0,43.59255141745414,4274.3,826.6,830.8,835.6,828.1,189.4,190.8,195.1,197.0,2.9,86.8,3.503,4273.1,825.5,833.5,836.5,826.5,190.3,191.8,195.3,196.3,2.94,86.9,3.467,-1.2,0.957,1,oil_leak,0,0.55,0.5,1800.0
196.7,mission_cruise,72.81378543635353,2500.0,43.59310728182324,4271.2,825.5,836.3,834.8,826.8,191.2,192.1,195.2,196.6,2.96,87.8,3.498,4273.0,825.5,833.5,836.5,826.5,190.3,191.8,195.3,196.3,2.94,86.9,3.467,-1.2,0.957,1,oil_leak,0,0.55,0.5,1800.0
196.8,mission_cruise,72.81267370761535,2500.0,43.59366314619233,4264.6,823.7,831.9,836.7,825.8,190.0,191.5,195.3,195.9,2.96,86.9,3.457,4273.0,825.5,833.5,836.5,826.5,190.3,191.8,195.3,196.3,2.94,86.9,3.467,-1.2,0.957,1,oil_leak,0,0.55,0.5,1800.0
196.9,mission_cruise,72.81156197887715,2500.0,43.594219010561424,4272.9,825.3,832.6,834.4,823.5,189.4,191.2,195.2,195.0,2.93,86.8,3.452,4272.9,825.5,833.5,836.5,826.5,190.3,191.8,195.3,196.3,2.94,86.9,3.467,-1.2,0.957,1,oil_leak,0,0.55,0.5,1800.0
197.0,mission_cruise,72.81045025013897,2500.0,43.594774874930515,4277.5,823.8,833.4,838.8,826.4,190.3,190.9,195.5,195.2,2.91,87.3,3.44,4272.9,825.5,833.5,836.5,826.5,190.3,191.8,195.3,196.3,2.94,86.9,3.467,-1.2,0.957,1,oil_leak,0,0.55,0.5,1800.0
197.1,mission_cruise,72.80933852140078,2500.0,43.59533073929961,4274.3,825.5,832.0,837.3,826.4,190.3,192.4,196.2,195.9,2.91,86.4,3.459,4272.9,825.5,833.5,836.5,826.5,190.3,191.8,195.3,196.3,2.94,86.9,3.467,-1.2,0.957,1,oil_leak,0,0.55,0.5,1800.0
197.2,mission_cruise,72.8082267926626,2500.0,43.5958866036687,4275.2,822.7,833.7,832.6,826.1,190.0,192.7,195.0,195.4,2.89,86.5,3.423,4272.8,825.5,833.5,836.5,826.5,190.3,191.8,195.3,196.3,2.94,86.9,3.467,-1.2,0.957,1,oil_leak,0,0.55,0.5,1800.0
197.3,mission_cruise,72.8071150639244,2500.0,43.5964424680378,4268.2,828.0,834.1,834.7,825.5,190.6,192.2,194.8,197.3,2.93,86.6,3.472,4272.8,825.5,833.5,836.5,826.5,190.3,191.8,195.3,196.3,2.94,87.0,3.467,-1.2,0.957,1,oil_leak,0,0.55,0.5,1800.0
197.4,mission_cruise,72.80600333518622,2500.0,43.59699833240689,4268.8,828.5,836.6,836.1,826.7,191.7,190.9,195.7,197.4,2.92,87.2,3.436,4272.8,825.5,833.5,836.5,826.5,190.3,191.8,195.3,196.3,2.94,87.0,3.467,-1.2,0.957,1,oil_leak,0,0.55,0.5,1800.0
197.5,mission_cruise,72.80489160644802,2500.0,43.59755419677599,4264.8,825.8,834.4,836.1,825.9,190.2,191.1,195.2,195.7,2.89,86.9,3.419,4272.7,825.5,833.5,836.5,826.5,190.3,191.8,195.3,196.3,2.94,87.0,3.467,-1.2,0.957,1,oil_leak,0,0.55,0.5,1800.0
197.6,mission_cruise,72.80377987770984,2500.0,43.59811006114508,4275.7,826.2,832.7,835.7,826.0,189.5,191.8,195.8,197.4,2.96,86.3,3.453,4272.7,825.5,833.5,836.5,826.5,190.3,191.8,195.3,196.3,2.93,87.0,3.467,-1.2,0.957,1,oil_leak,0,0.55,0.5,1800.0
197.7,mission_cruise,72.80266814897165,2500.0,43.598665925514176,4264.8,827.0,832.3,834.5,827.6,189.6,191.5,194.7,196.2,2.97,86.4,3.477,4272.7,825.5,833.5,836.5,826.5,190.3,191.8,195.3,196.3,2.93,87.0,3.467,-1.2,0.957,1,oil_leak,0,0.55,0.5,1800.0
197.8,mission_cruise,72.80155642023347,2500.0,43.599221789883266,4266.2,826.5,834.2,837.1,828.5,190.1,192.6,196.0,195.7,2.95,87.3,3.458,4272.6,825.5,833.5,836.5,826.5,190.3,191.8,195.3,196.3,2.93,87.0,3.467,-1.2,0.957,1,oil_leak,0,0.55,0.5,1800.0
197.9,mission_cruise,72.80044469149527,2500.0,43.599777654252364,4272.3,826.4,833.2,835.2,827.1,190.2,192.0,194.8,195.3,2.92,87.8,3.449,4272.6,825.5,833.5,836.5,826.5,190.3,191.8,195.3,196.3,2.93,87.0,3.467,-1.2,0.957,1,oil_leak,0,0.55,0.5,1800.0
198.0,mission_cruise,72.79933296275709,2500.0,43.600333518621454,4266.4,826.2,835.9,838.4,824.9,191.3,192.0,195.7,195.7,2.92,87.2,3.472,4272.6,825.5,833.5,836.5,826.5,190.3,191.8,195.3,196.3,2.93,87.0,3.467,-1.2,0.957,1,oil_leak,0,0.55,0.5,1800.0
198.1,mission_cruise,72.7982212340189,2500.0,43.60088938299055,4275.1,825.5,836.4,837.2,825.6,190.1,192.4,196.5,196.0,2.94,87.5,3.474,4272.5,825.5,833.5,836.5,826.5,190.3,191.8,195.3,196.3,2.93,87.1,3.467,-1.2,0.957,1,oil_leak,0,0.55,0.5,1800.0
198.2,mission_cruise,72.79710950528072,2500.0,43.60144524735964,4273.9,826.2,834.2,837.5,824.3,190.6,191.5,195.7,195.7,2.92,87.8,3.483,4272.5,825.5,833.5,836.5,826.5,190.3,191.8,195.3,196.3,2.93,87.1,3.467,-1.2,0.957,1,oil_leak,0,0.55,0.5,1800.0
198.3,mission_cruise,72.79599777654252,2500.0,43.60200111172874,4275.4,824.4,832.4,837.0,826.9,190.0,191.8,194.7,195.2,2.9,87.0,3.402,4272.4,825.5,833.5,836.5,826.5,190.3,191.8,195.3,196.3,2.93,87.1,3.467,-1.2,0.957,1,oil_leak,0,0.55,0.5,1800.0
198.4,mission_cruise,72.79488604780434,2500.0,43.60255697609783,4266.4,824.4,831.2,836.7,828.5,189.7,190.9,195.9,195.8,2.88,87.4,3.475,4272.4,825.5,833.5,836.5,826.5,190.3,191.8,195.3,196.3,2.93,87.1,3.466,-1.2,0.957,1,oil_leak,0,0.55,0.5,1800.0
198.5,mission_cruise,72.79377431906615,2500.0,43.60311284046693,4273.8,824.9,832.8,836.4,827.3,191.0,191.9,195.1,196.4,2.92,86.2,3.451,4272.4,825.5,833.5,836.5,826.5,190.3,191.8,195.3,196.3,2.93,87.1,3.466,-1.2,0.957,1,oil_leak,0,0.55,0.5,1800.0
198.6,mission_cruise,72.79266259032796,2500.0,43.60366870483602,4265.1,826.4,832.8,836.6,825.7,189.7,192.1,196.0,195.5,2.93,87.3,3.483,4272.3,825.5,833.5,836.5,826.5,190.3,191.8,195.3,196.3,2.93,87.1,3.466,-1.2,0.957,1,oil_leak,0,0.55,0.5,1800.0
198.7,mission_cruise,72.79155086158977,2500.0,43.604224569205115,4269.8,827.4,833.5,835.4,825.7,190.0,191.7,195.2,195.9,2.93,86.6,3.509,4272.3,825.5,833.5,836.5,826.5,190.3,191.8,195.3,196.3,2.93,87.1,3.466,-1.2,0.957,1,oil_leak,0,0.55,0.5,1800.0
198.8,mission_cruise,72.79043913285159,2500.0,43.604780433574206,4276.9,825.2,835.7,834.2,824.2,190.3,192.6,195.5,197.1,2.94,87.4,3.433,4272.3,825.5,833.5,836.5,826.5,190.3,191.8,195.3,196.3,2.93,87.1,3.466,-1.2,0.957,1,oil_leak,0,0.55,0.5,1800.0
198.9,mission_cruise,72.7893274041134,2500.0,43.6053362979433,4272.1,826.9,832.8,837.8,826.0,190.8,192.1,195.6,196.3,2.96,86.4,3.477,4272.2,825.5,833.5,836.5,826.5,190.3,191.8,195.3,196.3,2.93,87.1,3.466,-1.2,0.957,1,oil_leak,0,0.55,0.5,1800.0
199.0,mission_cruise,72.78821567537521,2500.0,43.605892162312394,4272.2,825.0,837.4,836.7,825.3,189.8,191.4,194.8,195.5,2.92,87.3,3.451,4272.2,825.5,833.5,836.5,826.5,190.3,191.8,195.3,196.3,2.93,87.2,3.466,-1.2,0.957,1,oil_leak,0,0.55,0.5,1800.0
199.1,mission_cruise,72.78710394663702,2500.0,43.60644802668149,4268.7,825.8,834.8,838.1,826.3,190.0,192.1,194.9,196.3,2.95,87.4,3.442,4272.2,825.5,833.5,836.5,826.5,190.3,191.8,195.3,196.3,2.93,87.2,3.466,-1.2,0.957,1,oil_leak,0,0.55,0.5,1800.0
199.2,mission_cruise,72.78599221789884,2500.0,43.60700389105058,4272.7,828.6,831.2,837.3,825.3,190.7,192.1,194.9,196.5,2.93,87.1,3.425,4272.1,825.5,833.5,836.5,826.5,190.3,191.8,195.3,196.3,2.93,87.2,3.466,-1.2,0.957,1,oil_leak,0,0.55,0.5,1800.0
199.3,mission_cruise,72.78488048916064,2500.0,43.60755975541968,4272.4,827.1,834.9,835.8,828.6,189.9,192.5,195.1,196.2,2.94,87.5,3.491,4272.1,825.5,833.5,836.5,826.5,190.3,191.8,195.3,196.3,2.93,87.2,3.466,-1.2,0.957,1,oil_leak,0,0.55,0.5,1800.0
199.4,mission_cruise,72.78376876042246,2500.0,43.60811561978877,4275.8,824.9,834.3,838.2,827.9,191.3,191.2,195.7,196.7,2.94,87.9,3.505,4272.0,825.5,833.5,836.5,826.5,190.3,191.8,195.3,196.3,2.93,87.2,3.466,-1.2,0.957,1,oil_leak,0,0.55,0.5,1800.0
199.5,mission_cruise,72.78265703168427,2500.0,43.60867148415787,4274.1,826.8,833.1,835.6,827.0,190.1,192.4,196.2,196.1,2.9,86.4,3.5,4272.0,825.5,833.5,836.5,826.5,190.3,191.8,195.3,196.3,2.93,87.2,3.466,-1.2,0.957,1,oil_leak,0,0.55,0.5,1800.0
199.6,mission_cruise,72.78154530294609,2500.0,43.60922734852696,4275.8,824.5,832.7,835.2,825.2,190.0,191.6,194.7,196.8,2.92,86.7,3.44,4272.0,825.5,833.5,836.5,826.5,190.3,191.8,195.3,196.3,2.93,87.2,3.466,-1.2,0.957,1,oil_leak,0,0.55,0.5,1800.0
199.7,mission_cruise,72.78043357420789,2500.0,43.609783212896055,4267.7,825.4,834.7,837.8,827.2,190.8,192.5,194.9,197.0,2.91,87.0,3.498,4271.9,825.4,833.4,836.4,826.4,190.3,191.8,195.3,196.3,2.93,87.2,3.466,-1.2,0.957,1,oil_leak,0,0.55,0.5,1800.0
199.8,mission_cruise,72.77932184546971,2500.0,43.610339077265145,4270.5,824.2,834.2,836.0,824.7,190.9,191.4,196.4,197.5,2.93,87.3,3.452,4271.9,825.4,833.4,836.4,826.4,190.3,191.8,195.3,196.3,2.93,87.2,3.466,-1.2,0.957,1,oil_leak,0,0.55,0.5,1800.0
199.9,mission_cruise,72.77821011673151,2500.0,43.61089494163424,4273.7,827.8,831.9,838.9,825.1,189.7,191.3,194.8,195.1,2.98,87.8,3.42,4271.9,825.4,833.4,836.4,826.4,190.3,191.8,195.3,196.3,2.93,87.3,3.466,-1.2,0.957,1,oil_leak,0,0.55,0.5,1800.0
200.0,mission_cruise,72.77709838799333,2500.0,43.61145080600333,4277.1,827.3,834.8,832.9,827.1,189.5,192.6,195.0,195.9,2.9,87.3,3.418,4271.8,825.4,833.4,836.4,826.4,190.3,191.8,195.3,196.3,2.93,87.3,3.466,-1.2,0.957,1,oil_leak,0,0.55,0.5,1800.0
200.1,mission_cruise,72.77598665925514,2500.0,43.61200667037243,4274.0,823.6,831.3,835.3,827.9,190.7,191.0,194.5,195.9,2.96,87.7,3.462,4271.8,825.4,833.4,836.4,826.4,190.3,191.8,195.3,196.3,2.93,87.3,3.466,-1.2,0.957,1,oil_leak,0,0.55,0.5,1800.0
200.2,mission_cruise,72.77487493051696,2500.0,43.61256253474152,4264.2,823.9,832.2,834.8,827.2,190.6,192.2,194.6,196.9,2.92,87.8,3.408,4271.8,825.4,833.4,836.4,826.4,190.3,191.8,195.3,196.3,2.93,87.3,3.466,-1.2,0.957,1,oil_leak,0,0.55,0.5,1800.0
200.3,mission_cruise,72.77376320177876,2500.0,43.61311839911062,4276.5,825.1,832.4,836.6,829.4,189.9,191.5,196.0,195.0,2.98,87.8,3.478,4271.7,825.4,833.4,836.4,826.4,190.3,191.8,195.3,196.3,2.93,87.3,3.466,-1.2,0.957,1,oil_leak,0,0.55,0.5,1800.0
200.4,mission_cruise,72.77265147304058,2500.0,43.61367426347971,4262.1,825.2,833.7,836.7,826.6,190.7,191.9,196.2,196.6,2.94,87.7,3.445,4271.7,825.4,833.4,836.4,826.4,190.3,191.8,195.3,196.3,2.93,87.3,3.466,-1.2,0.957,1,oil_leak,0,0.55,0.5,1800.0
200.5,mission_cruise,72.77153974430239,2500.0,43.614230127848806,4268.2,826.7,833.1,837.6,826.0,189.8,193.0,194.2,196.9,2.91,87.6,3.486,4271.7,825.4,833.4,836.4,826.4,190.3,191.8,195.3,196.3,2.93,87.3,3.466,-1.2,0.957,1,oil_leak,0,0.55,0.5,1800.0
200.6,mission_cruise,72.7704280155642,2500.0,43.6147859922179,4271.7,826.8,833.4,836.6,824.2,189.9,192.0,195.5,195.3,2.93,86.8,3.434,4271.6,825.4,833.4,836.4,826.4,190.3,191.8,195.3,196.3,2.93,87.3,3.466,-1.2,0.957,1,oil_leak,0,0.55,0.5,1800.0
200.7,mission_cruise,72.76931628682601,2500.0,43.615341856586994,4266.0,823.7,833.7,836.9,827.8,189.9,192.2,196.0,194.7,2.91,86.3,3.486,4271.6,825.4,833.4,836.4,826.4,190.3,191.8,195.3,196.3,2.93,87.3,3.465,-1.2,0.957,1,oil_leak,0,0.55,0.5,1800.0
200.8,mission_cruise,72.76820455808783,2500.0,43.615897720956085,4270.8,825.6,833.5,838.0,826.0,189.1,192.0,194.5,196.0,2.94,87.4,3.478,4271.5,825.4,833.4,836.4,826.4,190.3,191.8,195.3,196.3,2.93,87.4,3.465,-1.2,0.957,1,oil_leak,0,0.55,0.5,1800.0
200.9,mission_cruise,72.76709282934964,2500.0,43.61645358532518,4268.6,827.8,832.5,836.7,824.9,190.0,192.4,195.5,195.2,2.9,87.0,3.458,4271.5,825.4,833.4,836.4,826.4,190.3,191.8,195.3,196.3,2.93,87.4,3.465,-1.2,0.957,1,oil_leak,0,0.55,0.5,1800.0
201.0,mission_cruise,72.76598110061146,2500.0,43.61700944969427,4271.8,826.5,832.1,834.5,824.4,189.9,191.2,194.8,196.2,2.95,86.5,3.456,4271.5,825.4,833.4,836.4,826.4,190.3,191.8,195.3,196.3,2.93,87.4,3.465,-1.2,0.957,1,oil_leak,0,0.55,0.5,1800.0
201.1,mission_cruise,72.76486937187326,2500.0,43.61756531406337,4276.2,825.5,833.6,835.6,825.9,190.2,191.5,194.9,196.7,2.93,87.5,3.487,4271.4,825.4,833.4,836.4,826.4,190.2,191.7,195.2,196.2,2.93,87.4,3.465,-1.2,0.957,1,oil_leak,0,0.55,0.5,1800.0
201.2,mission_cruise,72.76375764313508,2500.0,43.61812117843246,4274.1,824.0,831.6,835.6,826.1,190.3,191.1,194.6,196.2,2.93,87.4,3.484,4271.4,825.4,833.4,836.4,826.4,190.2,191.7,195.2,196.2,2.93,87.4,3.465,-1.2,0.957,1,oil_leak,0,0.55,0.5,1800.0
201.3,mission_cruise,72.76264591439688,2500.0,43.61867704280156,4277.2,825.4,835.4,833.2,827.0,190.2,191.3,194.2,195.5,2.96,87.8,3.462,4271.4,825.4,833.4,836.4,826.4,190.2,191.7,195.2,196.2,2.93,87.4,3.465,-1.2,0.957,1,oil_leak,0,0.55,0.5,1800.0
201.4,mission_cruise,72.7615341856587,2500.0,43.61923290717065,4261.6,824.9,833.5,836.0,825.3,189.0,191.4,195.5,197.3,2.87,87.7,3.466,4271.3,825.4,833.4,836.4,826.4,190.2,191.7,195.2,196.2,2.93,87.4,3.465,-1.2,0.957,1,oil_leak,0,0.55,0.5,1800.0
201.5,mission_cruise,72.76042245692051,2500.0,43.619788771539746,4268.8,824.9,834.6,836.1,826.1,190.1,191.2,195.3,196.2,2.92,87.8,3.504,4271.3,825.4,833.4,836.4,826.4,190.2,191.7,195.2,196.2,2.93,87.4,3.465,-1.2,0.957,1,oil_leak,0,0.55,0.5,1800.0
201.6,mission_cruise,72.75931072818233,2500.0,43.620344635908836,4275.6,824.9,836.4,835.8,826.6,190.6,191.1,194.9,195.1,2.95,88.0,3.459,4271.3,825.4,833.4,836.4,826.4,190.2,191.7,195.2,196.2,2.93,87.4,3.465,-1.2,0.957,1,oil_leak,0,0.55,0.5,1800.0
201.7,mission_cruise,72.75819899944413,2500.0,43.62090050027793,4271.3,825.7,834.4,836.4,824.9,190.8,190.1,195.5,197.0,2.93,87.5,3.502,4271.2,825.4,833.4,836.4,826.4,190.2,191.7,195.2,196.2,2.93,87.4,3.465,-1.2,0.957,1,oil_leak,0,0.55,0.5,1800.0
201.8,mission_cruise,72.75708727070595,2500.0,43.621456364647024,4271.0,821.6,833.9,836.1,826.2,189.0,190.6,195.1,196.6,2.94,87.8,3.474,4271.2,825.4,833.4,836.4,826.4,190.2,191.7,195.2,196.2,2.93,87.5,3.465,-1.2,0.957,1,oil_leak,0,0.55,0.5,1800.0
201.9,mission_cruise,72.75597554196776,2500.0,43.62201222901612,4279.2,826.0,834.3,835.9,827.3,190.5,191.5,194.9,197.2,2.93,87.1,3.444,4271.2,825.4,833.4,836.4,826.4,190.2,191.7,195.2,196.2,2.93,87.5,3.465,-1.2,0.957,1,oil_leak,0,0.55,0.5,1800.0
202.0,mission_cruise,72.75486381322958,2500.0,43.62256809338521,4275.5,825.8,834.6,836.4,824.9,190.3,190.4,195.2,196.1,2.92,87.0,3.502,4271.1,825.4,833.4,836.4,826.4,190.2,191.7,195.2,196.2,2.93,87.5,3.465,-1.2,0.957,1,oil_leak,0,0.55,0.5,1800.0
202.1,mission_cruise,72.75375208449138,2500.0,43.62312395775431,4277.0,825.4,833.6,836.1,825.9,189.8,192.3,195.1,197.0,2.92,88.8,3.442,4271.1,825.4,833.4,836.4,826.4,190.2,191.7,195.2,196.2,2.93,87.5,3.465,-1.2,0.957,1,oil_leak,0,0.55,0.5,1800.0
202.2,mission_cruise,72.7526403557532,2500.0,43.6236798221234,4269.8,824.1,832.6,835.5,829.6,189.6,190.4,195.2,196.0,2.91,88.1,3.443,4271.0,825.4,833.4,836.4,826.4,190.2,191.7,195.2,196.2,2.93,87.5,3.465,-1.2,0.957,1,oil_leak,0,0.55,0.5,1800.0
202.3,mission_cruise,72.751528627015,2500.0,43.6242356864925,4273.3,824.3,835.6,837.2,825.2,190.6,192.0,196.2,196.5,2.93,87.8,3.474,4271.0,825.4,833.4,836.4,826.4,190.2,191.7,195.2,196.2,2.93,87.5,3.465,-1.2,0.957,1,oil_leak,0,0.55,0.5,1800.0
202.4,mission_cruise,72.75041689827682,2500.0,43.62479155086159,4275.5,825.8,834.3,838.3,828.0,190.5,191.3,194.9,195.8,2.98,87.5,3.452,4271.0,825.4,833.4,836.4,826.4,190.2,191.7,195.2,196.2,2.93,87.5,3.465,-1.2,0.957,1,oil_leak,0,0.55,0.5,1800.0
202.5,mission_cruise,72.74930516953863,2500.0,43.625347415230685,4272.8,828.2,833.3,836.7,824.2,190.8,191.2,194.5,196.0,2.91,87.4,3.45,4270.9,825.4,833.4,836.4,826.4,190.2,191.7,195.2,196.2,2.93,87.5,3.465,-1.2,0.957,1,oil_leak,0,0.55,0.5,1800.0
202.6,mission_cruise,72.74819344080045,2500.0,43.625903279599775,4265.6,825.1,835.2,836.6,827.6,189.9,192.4,194.9,195.7,2.92,86.8,3.463,4270.9,825.4,833.4,836.4,826.4,190.2,191.7,195.2,196.2,2.93,87.5,3.465,-1.2,0.957,1,oil_leak,0,0.55,0.5,1800.0
202.7,mission_cruise,72.74708171206225,2500.0,43.62645914396887,4272.6,828.0,833.9,837.1,825.3,190.2,193.3,194.0,196.7,2.92,87.2,3.436,4270.9,825.4,833.4,836.4,826.4,190.2,191.7,195.2,196.2,2.93,87.6,3.465,-1.2,0.957,1,oil_leak,0,0.55,0.5,1800.0
202.8,mission_cruise,72.74596998332407,2500.0,43.62701500833796,4265.8,826.1,833.4,836.8,824.0,190.8,191.7,195.6,197.6,2.94,87.7,3.485,4270.8,825.4,833.4,836.4,826.4,190.2,191.7,195.2,196.2,2.93,87.6,3.465,-1.2,0.957,1,oil_leak,0,0.55,0.5,1800.0
202.9,mission_cruise,72.74485825458588,2500.0,43.62757087270706,4275.9,828.2,833.4,836.9,829.3,190.5,191.4,195.7,196.0,2.92,87.4,3.436,4270.8,825.4,833.4,836.4,826.4,190.2,191.7,195.2,196.2,2.93,87.6,3.465,-1.2,0.957,1,oil_leak,0,0.55,0.5,1800.0
203.0,mission_cruise,72.7437465258477,2500.0,43.62812673707615,4275.6,824.6,833.9,835.3,828.3,189.7,192.1,196.3,195.6,2.9,87.3,3.47,4270.8,825.4,833.4,836.4,826.4,190.2,191.7,195.2,196.2,2.92,87.6,3.464,-1.2,0.957,1,oil_leak,0,0.55,0.5,1800.0
203.1,mission_cruise,72.7426347971095,2500.0,43.62868260144525,4275.8,822.1,833.6,835.5,827.2,190.3,191.3,195.4,197.2,2.94,88.4,3.447,4270.7,825.4,833.4,836.4,826.4,190.2,191.7,195.2,196.2,2.92,87.6,3.464,-1.2,0.957,1,oil_leak,0,0.55,0.5,1800.0
203.2,mission_cruise,72.74152306837132,2500.0,43.62923846581434,4278.3,827.0,829.4,837.0,827.4,190.2,191.3,196.1,195.2,2.9,87.4,3.481,4270.7,825.4,833.4,836.4,826.4,190.2,191.7,195.2,196.2,2.92,87.6,3.464,-1.2,0.957,1,oil_leak,0,0.55,0.5,1800.0
203.3,mission_cruise,72.74041133963313,2500.0,43.62979433018344,4281.6,823.7,830.8,835.7,826.1,190.8,192.4,195.1,195.9,2.96,87.2,3.484,4270.7,825.4,833.4,836.4,826.4,190.2,191.7,195.2,196.2,2.92,87.6,3.464,-1.2,0.957,1,oil_leak,0,0.55,0.5,1800.0
203.4,mission_cruise,72.73929961089495,2500.0,43.63035019455253,4264.7,826.4,832.2,838.9,827.1,191.1,191.0,195.1,196.2,2.97,87.4,3.453,4270.6,825.4,833.4,836.4,826.4,190.2,191.7,195.2,196.2,2.92,87.6,3.464,-1.2,0.957,1,oil_leak,0,0.55,0.5,1800.0
203.5,mission_cruise,72.73818788215675,2500.0,43.630906058921624,4281.2,824.5,833.1,839.6,828.3,189.8,190.9,195.0,196.7,2.87,87.2,3.48,4270.6,825.4,833.4,836.4,826.4,190.2,191.7,195.2,196.2,2.92,87.6,3.464,-1.2,0.957,1,oil_leak,0,0.55,0.5,1800.0
203.6,mission_cruise,72.73707615341857,2500.0,43.631461923290715,4271.0,825.7,831.4,838.3,824.7,190.7,191.9,195.5,196.0,2.94,88.1,3.455,4270.5,825.4,833.4,836.4,826.4,190.2,191.7,195.2,196.2,2.92,87.6,3.464,-1.2,0.957,1,oil_leak,0,0.55,0.5,1800.0
203.7,mission_cruise,72.73596442468038,2500.0,43.63201778765981,4277.9,828.2,831.6,834.7,824.7,190.7,192.2,195.3,195.9,2.91,88.1,3.505,4270.5,825.4,833.4,836.4,826.4,190.2,191.7,195.2,196.2,2.92,87.7,3.464,-1.2,0.957,1,oil_leak,0,0.55,0.5,1800.0
203.8,mission_cruise,72.7348526959422,2500.0,43.6325736520289,4274.0,826.6,835.4,838.1,826.6,190.2,191.4,195.2,196.5,2.91,88.2,3.459,4270.5,825.4,833.4,836.4,826.4,190.2,191.7,195.2,196.2,2.92,87.7,3.464,-1.2,0.957,1,oil_leak,0,0.55,0.5,1800.0
203.9,mission_cruise,72.733740967204,2500.0,43.633129516398,4277.2,825.4,834.9,837.5,828.3,189.3,191.1,194.4,195.7,2.95,87.6,3.452,4270.4,825.4,833.4,836.4,826.4,190.2,191.7,195.2,196.2,2.92,87.7,3.464,-1.2,0.957,1,oil_leak,0,0.55,0.5,1800.0
204.0,mission_cruise,72.73262923846582,2500.0,43.63368538076709,4269.1,826.2,834.7,838.3,824.4,189.8,192.8,195.8,196.2,2.92,87.4,3.482,4270.4,825.4,833.4,836.4,826.4,190.2,191.7,195.2,196.2,2.92,87.7,3.464,-1.2,0.957,1,oil_leak,0,0.55,0.5,1800.0
204.1,mission_cruise,72.73151750972762,2500.0,43.63424124513619,4270.1,825.6,833.3,837.6,828.2,189.8,191.7,194.8,195.7,2.91,88.1,3.472,4270.4,825.4,833.4,836.4,826.4,190.2,191.7,195.2,196.2,2.92,87.7,3.464,-1.2,0.957,1,oil_leak,0,0.55,0.5,1800.0
204.2,mission_cruise,72.73040578098944,2500.0,43.63479710950528,4274.8,823.6,833.6,833.4,825.5,190.1,192.3,196.3,196.4,2.92,87.1,3.419,4270.3,825.4,833.4,836.4,826.4,190.2,191.7,195.2,196.2,2.92,87.7,3.464,-1.2,0.957,1,oil_leak,0,0.55,0.5,1800.0
204.3,mission_cruise,72.72929405225125,2500.0,43.635352973874376,4261.2,826.6,832.0,837.4,825.6,190.4,191.7,194.3,196.7,2.91,88.0,3.486,4270.3,825.4,833.4,836.4,826.4,190.2,191.7,195.2,196.2,2.92,87.7,3.464,-1.2,0.957,1,oil_leak,0,0.55,0.5,1800.0
204.4,mission_cruise,72.72818232351307,2500.0,43.635908838243466,4275.8,824.6,833.4,834.9,827.5,191.0,192.2,195.2,197.0,2.91,87.8,3.444,4270.3,825.4,833.4,836.4,826.4,190.2,191.7,195.2,196.2,2.92,87.7,3.464,-1.2,0.957,1,oil_leak,0,0.55,0.5,1800.0
204.5,mission_cruise,72.72707059477487,2500.0,43.636464702612564,4279.9,824.3,831.8,837.2,828.4,191.1,191.8,195.4,196.1,2.93,87.7,3.438,4270.2,825.4,833.4,836.4,826.4,190.2,191.7,195.2,196.2,2.92,87.7,3.464,-1.2,0.957,1,oil_leak,0,0.55,0.5,1800.0
204.6,mission_cruise,72.72595886603669,2500.0,43.637020566981654,4265.4,825.4,832.8,836.6,824.8,190.5,192.7,194.2,196.4,2.88,87.3,3.39,4270.2,825.4,833.4,836.4,826.4,190.2,191.7,195.2,196.2,2.92,87.7,3.464,-1.2,0.957,1,oil_leak,0,0.55,0.5,1800.0
204.7,mission_cruise,72.7248471372985,2500.0,43.63757643135075,4274.6,826.8,830.6,836.7,828.3,190.9,190.3,194.5,196.8,2.91,88.0,3.488,4270.1,825.4,833.4,836.4,826.4,190.2,191.7,195.2,196.2,2.92,87.8,3.464,-1.2,0.957,1,oil_leak,0,0.55,0.5,1800.0
204.8,mission_cruise,72.72373540856032,2500.0,43.63813229571984,4270.3,829.1,836.9,835.8,826.5,190.4,191.4,195.0,195.6,2.89,87.4,3.453,4270.1,825.4,833.4,836.4,826.4,190.2,191.7,195.2,196.2,2.92,87.8,3.464,-1.2,0.957,1,oil_leak,0,0.55,0.5,1800.0
204.9,mission_cruise,72.72262367982212,2500.0,43.63868816008894,4279.8,824.7,831.7,835.3,824.8,189.7,191.7,194.2,195.5,2.9,87.6,3.396,4270.1,825.3,833.3,836.3,826.3,190.2,191.7,195.2,196.2,2.92,87.8,3.464,-1.2,0.957,1,oil_leak,0,0.55,0.5,1800.0
205.0,mission_cruise,72.72151195108394,2500.0,43.63924402445803,4262.2,827.7,831.7,834.7,825.7,190.0,191.7,194.9,196.4,2.96,87.5,3.483,4270.0,825.3,833.3,836.3,826.3,190.2,191.7,195.2,196.2,2.92,87.8,3.464,-1.2,0.957,1,oil_leak,0,0.55,0.5,1800.0
205.1,mission_cruise,72.72040022234575,2500.0,43.63979988882713,4258.0,826.7,832.7,833.8,830.2,189.8,191.6,194.7,195.9,2.94,88.4,3.474,4270.0,825.3,833.3,836.3,826.3,190.2,191.7,195.2,196.2,2.92,87.8,3.464,-1.2,0.957,1,oil_leak,0,0.55,0.5,1800.0
205.2,mission_cruise,72.71928849360756,2500.0,43.64035575319622,4271.9,826.0,832.3,838.3,824.2,189.2,190.9,195.4,196.1,2.92,87.3,3.46,4270.0,825.3,833.3,836.3,826.3,190.2,191.7,195.2,196.2,2.92,87.8,3.464,-1.2,0.957,1,oil_leak,0,0.55,0.5,1800.0
205.3,mission_cruise,72.71817676486937,2500.0,43.640911617565315,4276.2,822.9,831.4,838.1,825.5,189.8,191.3,194.8,197.4,2.95,88.5,3.45,4269.9,825.3,833.3,836.3,826.3,190.2,191.7,195.2,196.2,2.92,87.8,3.463,-1.2,0.957,1,oil_leak,0,0.55,0.5,1800.0
205.4,mission_cruise,72.71706503613119,2500.0,43.641467481934406,4271.0,823.6,834.4,838.4,826.2,190.9,191.3,194.8,196.8,2.93,88.5,3.424,4269.9,825.3,833.3,836.3,826.3,190.2,191.7,195.2,196.2,2.92,87.8,3.463,-1.2,0.957,1,oil_leak,0,0.55,0.5,1800.0
205.5,mission_cruise,72.715953307393,2500.0,43.6420233463035,4260.4,824.5,832.9,835.4,829.0,189.6,192.1,194.2,197.0,2.97,88.6,3.449,4269.9,825.3,833.3,836.3,826.3,190.2,191.7,195.2,196.2,2.92,87.8,3.463,-1.2,0.957,1,oil_leak,0,0.55,0.5,1800.0
205.6,mission_cruise,72.71484157865481,2500.0,43.642579210672594,4269.4,825.1,834.3,837.6,827.6,190.5,193.1,195.3,196.6,2.9,88.0,3.445,4269.8,825.3,833.3,836.3,826.3,190.2,191.7,195.2,196.2,2.92,87.8,3.463,-1.2,0.957,1,oil_leak,0,0.55,0.5,1800.0
205.7,mission_cruise,72.71372984991662,2500.0,43.64313507504169,4270.7,826.1,834.5,836.6,824.7,190.9,191.0,194.9,196.5,2.89,87.4,3.424,4269.8,825.3,833.3,836.3,826.3,190.2,191.7,195.2,196.2,2.92,87.8,3.463,-1.2,0.957,1,oil_leak,0,0.55,0.5,1800.0
205.8,mission_cruise,72.71261812117844,2500.0,43.64369093941078,4271.8,825.3,833.6,836.1,824.8,189.8,192.1,195.4,196.4,2.89,87.4,3.471,4269.8,825.3,833.3,836.3,826.3,190.2,191.7,195.2,196.2,2.92,87.9,3.463,-1.2,0.957,1,oil_leak,0,0.55,0.5,1800.0
205.9,mission_cruise,72.71150639244024,2500.0,43.64424680377988,4267.0,826.1,833.3,833.9,827.6,189.5,191.8,195.6,195.2,2.94,87.5,3.454,4269.7,825.3,833.3,836.3,826.3,190.2,191.7,195.2,196.2,2.92,87.9,3.463,-1.2,0.957,1,oil_leak,0,0.55,0.5,1800.0
206.0,mission_cruise,72.71039466370206,2500.0,43.64480266814897,4272.4,824.6,834.1,839.0,827.8,190.5,192.0,195.6,195.8,2.87,87.9,3.534,4269.7,825.3,833.3,836.3,826.3,190.2,191.7,195.2,196.2,2.92,87.9,3.463,-1.2,0.957,1,oil_leak,0,0.55,0.5,1800.0
206.1,mission_cruise,72.70928293496387,2500.0,43.64535853251807,4270.4,824.2,835.3,836.2,828.2,191.3,191.2,195.1,196.5,2.94,87.6,3.481,4269.6,825.3,833.3,836.3,826.3,190.2,191.7,195.2,196.2,2.92,87.9,3.463,-1.2,0.957,1,oil_leak,0,0.55,0.5,1800.0
206.2,mission_cruise,72.70817120622569,2500.0,43.64591439688716,4276.3,824.7,833.6,833.8,825.4,191.1,191.5,195.7,196.0,2.97,87.5,3.428,4269.6,825.3,833.3,836.3,826.3,190.2,191.7,195.2,196.2,2.92,87.9,3.463,-1.2,0.957,1,oil_leak,0,0.55,0.5,1800.0
206.3,mission_cruise,72.70705947748749,2500.0,43.646470261256255,4271.3,823.9,831.7,833.6,826.4,190.9,191.9,194.9,196.4,2.91,87.7,3.49,4269.6,825.3,833.3,836.3,826.3,190.2,191.7,195.2,196.2,2.92,87.9,3.463,-1.2,0.957,1,oil_leak,0,0.55,0.5,1800.0
206.4,mission_cruise,72.70594774874931,2500.0,43.647026125625345,4275.5,826.8,831.1,836.5,827.7,191.8,192.2,196.1,195.3,2.91,87.3,3.447,4269.5,825.3,833.3,836.3,826.3,190.2,191.7,195.2,196.2,2.92,87.9,3.463,-1.2,0.957,1,oil_leak,0,0.55,0.5,1800.0
206.5,mission_cruise,72.70483602001111,2500.0,43.64758198999444,4267.0,826.0,836.9,835.4,826.7,190.5,191.3,195.2,195.9,2.96,88.0,3.474,4269.5,825.3,833.3,836.3,826.3,190.2,191.7,195.2,196.2,2.92,87.9,3.463,-1.2,0.957,1,oil_leak,0,0.55,0.5,1800.0
206.6,mission_cruise,72.70372429127293,2500.0,43.64813785436353,4267.8,825.2,831.7,836.1,827.8,190.4,191.0,194.8,196.4,2.97,87.9,3.492,4269.5,825.3,833.3,836.3,826.3,190.2,191.7,195.2,196.2,2.92,87.9,3.463,-1.2,0.957,1,oil_leak,0,0.55,0.5,1800.0
206.7,mission_cruise,72.70261256253474,2500.0,43.64869371873263,4271.6,824.7,832.2,836.4,826.1,189.7,191.2,195.8,196.3,2.9,87.8,3.445,4269.4,825.3,833.3,836.3,826.3,190.2,191.7,195.2,196.2,2.92,87.9,3.463,-1.2,0.957,1,oil_leak,0,0.55,0.5,1800.0
206.8,mission_cruise,72.70150083379656,2500.0,43.64924958310172,4268.9,823.8,833.3,836.7,826.4,190.5,192.5,195.0,195.7,2.89,88.0,3.501,4269.4,825.3,833.3,836.3,826.3,190.2,191.7,195.2,196.2,2.92,87.9,3.463,-1.2,0.957,1,oil_leak,0,0.55,0.5,1800.0
206.9,mission_cruise,72.70038910505836,2500.0,43.64980544747082,4269.4,824.7,833.5,836.2,826.5,190.7,191.2,195.1,196.3,2.93,88.2,3.44,4269.4,825.3,833.3,836.3,826.3,190.2,191.7,195.2,196.2,2.92,88.0,3.463,-1.2,0.957,1,oil_leak,0,0.55,0.5,1800.0
207.0,mission_cruise,72.69927737632018,2500.0,43.65036131183991,4275.0,823.1,833.0,837.7,824.7,190.1,191.9,196.3,195.8,2.91,88.1,3.459,4269.3,825.3,833.3,836.3,826.3,190.2,191.7,195.2,196.2,2.92,88.0,3.463,-1.2,0.957,1,oil_leak,0,0.55,0.5,1800.0
207.1,mission_cruise,72.69816564758199,2500.0,43.650917176209006,4269.6,825.4,834.6,835.8,827.6,190.5,191.8,195.7,196.2,2.93,87.4,3.393,4269.3,825.3,833.3,836.3,826.3,190.2,191.7,195.2,196.2,2.92,88.0,3.463,-1.2,0.957,1,oil_leak,0,0.55,0.5,1800.0
207.2,mission_cruise,72.6970539188438,2500.0,43.6514730405781,4265.9,826.2,834.7,835.5,824.1,190.5,191.7,195.5,195.9,2.87,87.8,3.506,4269.3,825.3,833.3,836.3,826.3,190.2,191.7,195.2,196.2,2.92,88.0,3.463,-1.2,0.957,1,oil_leak,0,0.55,0.5,1800.0
207.3,mission_cruise,72.69594219010561,2500.0,43.652028904947194,4266.6,824.3,830.8,836.1,825.5,189.9,192.4,196.3,196.1,2.94,88.7,3.478,4269.2,825.3,833.3,836.3,826.3,190.2,191.7,195.2,196.2,2.92,88.0,3.463,-1.2,0.957,1,oil_leak,0,0.55,0.5,1800.0
207.4,mission_cruise,72.69483046136743,2500.0,43.652584769316285,4252.4,823.8,831.5,834.7,828.2,190.3,193.1,194.6,196.2,2.91,88.0,3.49,4269.2,825.3,833.3,836.3,826.3,190.2,191.7,195.2,196.2,2.92,88.0,3.463,-1.2,0.957,1,oil_leak,0,0.55,0.5,1800.0
207.5,mission_cruise,72.69371873262924,2500.0,43.65314063368538,4265.5,823.7,833.1,838.4,828.7,190.0,191.4,196.4,196.7,2.91,88.2,3.475,4269.1,825.3,833.3,836.3,826.3,190.2,191.7,195.2,196.2,2.92,88.0,3.462,-1.2,0.957,1,oil_leak,0,0.55,0.5,1800.0
207.6,mission_cruise,72.69260700389106,2500.0,43.65369649805447,4269.4,822.8,833.4,834.9,825.4,191.1,191.6,195.6,196.5,2.92,87.7,3.466,4269.1,825.3,833.3,836.3,826.3,190.2,191.7,195.2,196.2,2.92,88.0,3.462,-1.2,0.957,1,oil_leak,0,0.55,0.5,1800.0
207.7,mission_cruise,72.69149527515286,2500.0,43.65425236242357,4267.5,827.4,832.1,836.5,830.4,190.1,191.4,195.9,196.5,2.9,88.4,3.472,4269.1,825.3,833.3,836.3,826.3,190.2,191.7,195.2,196.2,2.92,88.0,3.462,-1.2,0.957,1,oil_leak,0,0.55,0.5,1800.0
207.8,mission_cruise,72.69038354641468,2500.0,43.65480822679266,4269.0,823.4,834.4,836.3,824.4,190.9,191.5,194.7,196.2,2.9,88.4,3.447,4269.0,825.3,833.3,836.3,826.3,190.2,191.7,195.2,196.2,2.92,88.0,3.462,-1.2,0.957,1,oil_leak,0,0.55,0.5,1800.0
207.9,mission_cruise,72.68927181767648,2500.0,43.65536409116176,4272.5,824.6,833.6,833.8,825.1,189.6,192.1,194.9,195.7,2.95,87.7,3.486,4269.0,825.3,833.3,836.3,826.3,190.2,191.7,195.2,196.2,2.92,88.0,3.462,-1.2,0.957,1,oil_leak,0,0.55,0.5,1800.0
208.0,mission_cruise,72.6881600889383,2500.0,43.65591995553085,4269.2,823.1,833.4,837.6,824.8,190.7,192.9,195.8,196.5,2.88,88.1,3.484,4269.0,825.3,833.3,836.3,826.3,190.2,191.7,195.2,196.2,2.92,88.1,3.462,-1.2,0.957,1,oil_leak,0,0.55,0.5,1800.0
208.1,mission_cruise,72.68704836020011,2500.0,43.656475819899946,4271.1,825.0,832.0,834.7,827.8,191.3,192.7,195.9,196.0,2.9,87.7,3.483,4268.9,825.3,833.3,836.3,826.3,190.2,191.7,195.2,196.2,2.92,88.1,3.462,-1.2,0.957,1,oil_leak,0,0.55,0.5,1800.0
208.2,mission_cruise,72.68593663146193,2500.0,43.657031684269036,4269.8,826.1,832.1,832.9,825.9,189.5,191.3,194.9,197.1,2.92,88.8,3.449,4268.9,825.3,833.3,836.3,826.3,190.2,191.7,195.2,196.2,2.92,88.1,3.462,-1.2,0.957,1,oil_leak,0,0.55,0.5,1800.0
208.3,mission_cruise,72.68482490272373,2500.0,43.65758754863813,4261.8,825.5,834.0,839.4,827.2,190.5,191.8,194.0,194.8,2.9,87.8,3.462,4268.9,825.3,833.3,836.3,826.3,190.2,191.7,195.2,196.2,2.92,88.1,3.462,-1.2,0.957,1,oil_leak,0,0.55,0.5,1800.0
208.4,mission_cruise,72.68371317398555,2500.0,43.658143413007224,4266.3,823.9,836.1,834.7,828.2,189.0,190.3,194.9,195.4,2.93,87.5,3.519,4268.8,825.3,833.3,836.3,826.3,190.2,191.7,195.2,196.2,2.92,88.1,3.462,-1.2,0.957,1,oil_leak,0,0.55,0.5,1800.0
208.5,mission_cruise,72.68260144524736,2500.0,43.65869927737632,4269.8,826.6,836.0,835.6,828.0,189.8,191.3,196.3,196.4,2.91,87.9,3.452,4268.8,825.3,833.3,836.3,826.3,190.2,191.7,195.2,196.2,2.92,88.1,3.462,-1.2,0.957,1,oil_leak,0,0.55,0.5,1800.0
208.6,mission_cruise,72.68148971650918,2500.0,43.65925514174541,4266.4,824.3,833.0,834.3,826.7,190.4,191.2,195.7,195.4,2.93,87.9,3.488,4268.7,825.3,833.3,836.3,826.3,190.2,191.7,195.2,196.2,2.92,88.1,3.462,-1.2,0.957,1,oil_leak,0,0.55,0.5,1800.0
208.7,mission_cruise,72.68037798777098,2500.0,43.65981100611451,4264.7,825.7,834.3,834.8,824.7,191.0,191.7,195.2,196.4,2.92,87.9,3.392,4268.7,825.3,833.3,836.3,826.3,190.2,191.7,195.2,196.2,2.92,88.1,3.462,-1.2,0.957,1,oil_leak,0,0.55,0.5,1800.0
208.8,mission_cruise,72.6792662590328,2500.0,43.6603668704836,4271.4,825.4,833.8,838.3,824.9,190.9,191.7,195.5,195.8,2.94,88.7,3.551,4268.7,825.3,833.3,836.3,826.3,190.2,191.7,195.2,196.2,2.92,88.1,3.462,-1.2,0.957,1,oil_leak,0,0.55,0.5,1800.0
208.9,mission_cruise,72.6781545302946,2500.0,43.6609227348527,4273.2,826.3,833.9,836.4,823.0,190.9,191.8,195.2,196.8,2.91,88.0,3.521,4268.6,825.3,833.3,836.3,826.3,190.2,191.7,195.2,196.2,2.92,88.1,3.462,-1.2,0.957,1,oil_leak,0,0.55,0.5,1800.0
209.0,mission_cruise,72.67704280155642,2500.0,43.66147859922179,4275.2,825.1,834.6,837.5,827.1,191.6,191.3,194.5,195.7,2.93,87.9,3.449,4268.6,825.3,833.3,836.3,826.3,190.2,191.7,195.2,196.2,2.92,88.1,3.462,-1.2,0.957,1,oil_leak,0,0.55,0.5,1800.0
209.1,mission_cruise,72.67593107281823,2500.0,43.662034463590885,4265.6,822.1,832.0,837.7,829.3,191.3,192.0,194.6,195.5,2.92,88.8,3.444,4268.6,825.3,833.3,836.3,826.3,190.2,191.7,195.2,196.2,2.92,88.1,3.462,-1.2,0.957,1,oil_leak,0,0.55,0.5,1800.0
209.2,mission_cruise,72.67481934408005,2500.0,43.662590327959975,4274.7,824.0,834.9,838.5,825.2,189.1,190.9,196.3,195.7,2.93,88.2,3.425,4268.5,825.3,833.3,836.3,826.3,190.2,191.7,195.2,196.2,2.92,88.2,3.462,-1.2,0.957,1,oil_leak,0,0.55,0.5,1800.0
209.3,mission_cruise,72.67370761534185,2500.0,43.66314619232907,4267.0,825.2,834.3,838.2,826.2,190.7,192.7,194.8,195.4,2.88,88.9,3.433,4268.5,825.3,833.3,836.3,826.3,190.2,191.7,195.2,196.2,2.91,88.2,3.462,-1.2,0.957,1,oil_leak,0,0.55,0.5,1800.0
209.4,mission_cruise,72.67259588660367,2500.0,43.66370205669816,4268.5,825.8,832.4,836.7,828.2,190.0,192.1,195.3,197.1,2.88,87.4,3.391,4268.5,825.3,833.3,836.3,826.3,190.2,191.7,195.2,196.2,2.91,88.2,3.462,-1.2,0.957,1,oil_leak,0,0.55,0.5,1800.0
209.5,mission_cruise,72.67148415786548,2500.0,43.66425792106726,4264.9,826.5,834.0,836.9,825.4,190.5,192.0,194.8,196.7,2.93,87.6,3.513,4268.4,825.3,833.3,836.3,826.3,190.2,191.7,195.2,196.2,2.91,88.2,3.462,-1.2,0.957,1,oil_leak,0,0.55,0.5,1800.0
209.6,mission_cruise,72.6703724291273,2500.0,43.66481378543635,4267.2,824.5,830.5,836.2,828.0,190.1,192.4,195.5,196.2,2.93,87.6,3.458,4268.4,825.3,833.3,836.3,826.3,190.2,191.7,195.2,196.2,2.91,88.2,3.462,-1.2,0.957,1,oil_leak,0,0.55,0.5,1800.0
209.7,mission_cruise,72.6692607003891,2500.0,43.66536964980545,4272.3,825.9,833.2,837.0,824.2,190.1,192.3,196.0,195.3,2.91,87.6,3.452,4268.4,825.3,833.3,836.3,826.3,190.2,191.7,195.2,196.2,2.91,88.2,3.462,-1.2,0.957,1,oil_leak,0,0.55,0.5,1800.0
209.8,mission_cruise,72.66814897165092,2500.0,43.66592551417454,4267.4,823.9,835.9,838.0,825.9,191.2,191.8,195.2,196.5,2.96,88.3,3.521,4268.3,825.3,833.3,836.3,826.3,190.2,191.7,195.2,196.2,2.91,88.2,3.461,-1.2,0.957,1,oil_leak,0,0.55,0.5,1800.0
209.9,mission_cruise,72.66703724291273,2500.0,43.66648137854364,4264.8,826.8,834.3,839.4,827.2,190.3,191.2,195.7,195.8,2.92,88.5,3.473,4268.3,825.3,833.3,836.3,826.3,190.2,191.7,195.2,196.2,2.91,88.2,3.461,-1.2,0.957,1,oil_leak,0,0.55,0.5,1800.0
210.0,mission_cruise,72.66592551417455,2500.0,43.66703724291273,4267.1,824.2,831.6,836.2,824.9,190.5,191.4,196.3,196.5,2.91,88.2,3.472,4268.2,825.2,833.2,836.2,826.2,190.2,191.7,195.2,196.2,2.91,88.2,3.461,-1.2,0.957,1,oil_leak,0,0.55,0.5,1800.0
210.1,mission_cruise,72.66481378543635,2500.0,43.667593107281824,4250.9,826.9,834.4,834.5,826.7,190.5,191.3,195.4,196.6,2.91,88.2,3.385,4268.2,825.2,833.2,836.2,826.2,190.2,191.7,195.2,196.2,2.91,88.2,3.461,-1.2,0.957,1,oil_leak,0,0.55,0.5,1800.0
210.2,mission_cruise,72.66370205669817,2500.0,43.668148971650915,4273.8,826.0,835.3,835.1,825.6,189.6,191.6,195.1,196.9,2.96,88.2,3.472,4268.2,825.2,833.2,836.2,826.2,190.2,191.7,195.2,196.2,2.91,88.2,3.461,-1.2,0.957,1,oil_leak,0,0.55,0.5,1800.0
210.3,mission_cruise,72.66259032795998,2500.0,43.66870483602001,4262.6,826.2,834.6,837.5,826.9,190.6,192.2,194.6,195.7,2.91,88.9,3.469,4268.1,825.2,833.2,836.2,826.2,190.2,191.7,195.2,196.2,2.91,88.2,3.461,-1.2,0.957,1,oil_leak,0,0.55,0.5,1800.0
210.4,mission_cruise,72.6614785992218,2500.0,43.6692607003891,4270.6,825.6,831.1,835.8,827.6,190.4,192.0,195.3,196.7,2.97,87.7,3.457,4268.1,825.2,833.2,836.2,826.2,190.2,191.7,195.2,196.2,2.91,88.3,3.461,-1.2,0.957,1,oil_leak,0,0.55,0.5,1800.0
210.5,mission_cruise,72.6603668704836,2500.0,43.6698165647582,4267.1,826.2,834.2,836.9,825.7,189.4,190.4,195.1,196.1,2.94,87.7,3.569,4268.1,825.2,833.2,836.2,826.2,190.2,191.7,195.2,196.2,2.91,88.3,3.461,-1.2,0.957,1,oil_leak,0,0.55,0.5,1800.0
210.6,mission_cruise,72.65925514174542,2500.0,43.67037242912729,4263.8,826.1,833.2,836.5,825.2,189.5,192.8,194.2,196.5,2.89,88.5,3.431,4268.0,825.2,833.2,836.2,826.2,190.2,191.7,195.2,196.2,2.91,88.3,3.461,-1.2,0.957,1,oil_leak,0,0.55,0.5,1800.0
210.7,mission_cruise,72.65814341300722,2500.0,43.67092829349639,4265.9,825.0,834.2,832.9,825.1,190.4,192.6,194.6,195.8,2.98,88.2,3.456,4268.0,825.2,833.2,836.2,826.2,190.2,191.7,195.2,196.2,2.91,88.3,3.461,-1.2,0.957,1,oil_leak,0,0.55,0.5,1800.0
210.8,mission_cruise,72.65703168426904,2500.0,43.67148415786548,4268.2,824.9,831.9,837.7,827.2,190.0,191.7,196.8,196.5,2.9,88.3,3.474,4268.0,825.2,833.2,836.2,826.2,190.2,191.7,195.2,196.2,2.91,88.3,3.461,-1.2,0.957,1,oil_leak,0,0.55,0.5,1800.0
210.9,mission_cruise,72.65591995553085,2500.0,43.672040022234576,4267.4,824.6,833.2,833.2,828.3,189.4,191.9,195.7,196.0,2.88,88.6,3.479,4267.9,825.2,833.2,836.2,826.2,190.2,191.7,195.2,196.2,2.91,88.3,3.461,-1.2,0.957,1,oil_leak,0,0.55,0.5,1800.0
211.0,mission_cruise,72.65480822679267,2500.0,43.672595886603666,4275.9,827.9,834.0,833.5,828.0,188.9,191.3,195.1,195.7,2.91,88.9,3.408,4267.9,825.2,833.2,836.2,826.2,190.2,191.7,195.2,196.2,2.91,88.3,3.461,-1.2,0.957,1,oil_leak,0,0.55,0.5,1800.0
211.1,mission_cruise,72.65369649805447,2500.0,43.673151750972764,4273.2,825.4,831.7,838.0,826.6,190.3,191.7,194.8,196.1,2.94,88.3,3.502,4267.9,825.2,833.2,836.2,826.2,190.2,191.7,195.2,196.2,2.91,88.3,3.461,-1.2,0.957,1,oil_leak,0,0.55,0.5,1800.0
211.2,mission_cruise,72.65258476931629,2500.0,43.673707615341854,4261.7,824.3,833.0,838.1,825.8,189.8,191.5,195.3,197.0,2.95,88.5,3.46,4267.8,825.2,833.2,836.2,826.2,190.2,191.7,195.2,196.2,2.91,88.3,3.461,-1.2,0.957,1,oil_leak,0,0.55,0.5,1800.0
211.3,mission_cruise,72.6514730405781,2500.0,43.67426347971095,4278.2,823.8,835.0,834.8,824.4,191.6,190.8,194.9,196.0,2.91,88.0,3.441,4267.8,825.2,833.2,836.2,826.2,190.2,191.7,195.2,196.2,2.91,88.3,3.461,-1.2,0.957,1,oil_leak,0,0.55,0.5,1800.0
211.4,mission_cruise,72.65036131183992,2500.0,43.67481934408004,4275.9,824.5,832.4,835.3,824.0,189.5,191.7,194.5,196.6,2.9,88.4,3.479,4267.7,825.2,833.2,836.2,826.2,190.2,191.7,195.2,196.2,2.91,88.3,3.461,-1.2,0.957,1,oil_leak,0,0.55,0.5,1800.0
211.5,mission_cruise,72.64924958310172,2500.0,43.67537520844914,4270.2,822.5,832.1,834.8,826.5,190.2,191.8,193.8,196.7,2.94,88.5,3.411,4267.7,825.2,833.2,836.2,826.2,190.2,191.7,195.2,196.2,2.91,88.3,3.461,-1.2,0.957,1,oil_leak,0,0.55,0.5,1800.0
211.6,mission_cruise,72.64813785436354,2500.0,43.67593107281823,4269.2,826.0,832.9,837.8,824.2,189.2,191.7,195.2,196.3,2.9,87.9,3.507,4267.7,825.2,833.2,836.2,826.2,190.2,191.7,195.2,196.2,2.91,88.3,3.461,-1.2,0.957,1,oil_leak,0,0.55,0.5,1800.0
211.7,mission_cruise,72.64702612562535,2500.0,43.67648693718733,4259.3,824.6,832.3,839.0,824.9,190.4,192.8,195.2,197.3,2.96,88.6,3.462,4267.6,825.2,833.2,836.2,826.2,190.2,191.7,195.2,196.2,2.91,88.4,3.461,-1.2,0.957,1,oil_leak,0,0.55,0.5,1800.0
211.8,mission_cruise,72.64591439688716,2500.0,43.67704280155642,4264.5,824.4,832.2,832.3,827.9,190.2,191.4,195.0,196.1,2.92,88.0,3.503,4267.6,825.2,833.2,836.2,826.2,190.2,191.7,195.2,196.2,2.91,88.4,3.461,-1.2,0.957,1,oil_leak,0,0.55,0.5,1800.0
211.9,mission_cruise,72.64480266814897,2500.0,43.677598665925515,4265.8,825.4,835.0,837.0,825.4,189.6,191.8,194.6,195.4,2.96,88.7,3.409,4267.6,825.2,833.2,836.2,826.2,190.2,191.7,195.2,196.2,2.91,88.4,3.461,-1.2,0.957,1,oil_leak,0,0.55,0.5,1800.0
212.0,mission_cruise,72.64369093941079,2500.0,43.678154530294606,4267.6,824.9,832.0,836.8,827.6,190.0,192.8,196.4,194.7,2.93,89.1,3.417,4267.5,825.2,833.2,836.2,826.2,190.2,191.7,195.2,196.2,2.91,88.4,3.461,-1.2,0.957,1,oil_leak,0,0.55,0.5,1800.0
212.1,mission_cruise,72.6425792106726,2500.0,43.6787103946637,4262.8,826.4,830.5,836.6,825.9,190.4,191.9,195.8,196.1,2.9,88.5,3.463,4267.5,825.2,833.2,836.2,826.2,190.2,191.7,195.2,196.2,2.91,88.4,3.46,-1.2,0.957,1,oil_leak,0,0.55,0.5,1800.0
212.2,mission_cruise,72.64146748193441,2500.0,43.679266259032794,4267.9,826.8,832.7,837.6,827.4,191.0,190.8,195.8,196.2,2.87,88.4,3.403,4267.5,825.2,833.2,836.2,826.2,190.2,191.7,195.2,196.2,2.91,88.4,3.46,-1.2,0.957,1,oil_leak,0,0.55,0.5,1800.0
212.3,mission_cruise,72.64035575319622,2500.0,43.67982212340189,4257.8,826.1,832.1,835.2,824.3,189.9,192.8,196.1,195.7,2.89,87.7,3.419,4267.4,825.2,833.2,836.2,826.2,190.2,191.7,195.2,196.2,2.91,88.4,3.46,-1.2,0.957,1,oil_leak,0,0.55,0.5,1800.0
212.4,mission_cruise,72.63924402445804,2500.0,43.68037798777098,4273.6,825.6,833.2,835.0,823.9,190.0,191.5,194.9,195.9,2.93,88.5,3.441,4267.4,825.2,833.2,836.2,826.2,190.2,191.7,195.2,196.2,2.91,88.4,3.46,-1.2,0.957,1,oil_leak,0,0.55,0.5,1800.0
212.5,mission_cruise,72.63813229571984,2500.0,43.68093385214008,4271.1,827.4,835.2,837.8,826.1,189.7,191.1,194.9,196.0,2.91,88.2,3.49,4267.3,825.2,833.2,836.2,826.2,190.2,191.7,195.2,196.2,2.91,88.4,3.46,-1.2,0.957,1,oil_leak,0,0.55,0.5,1800.0
212.6,mission_cruise,72.63702056698166,2500.0,43.68148971650917,4273.7,825.5,832.3,837.8,826.9,190.4,192.7,195.2,196.7,2.91,88.2,3.489,4267.3,825.2,833.2,836.2,826.2,190.2,191.7,195.2,196.2,2.91,88.4,3.46,-1.2,0.957,1,oil_leak,0,0.55,0.5,1800.0
212.7,mission_cruise,72.63590883824347,2500.0,43.68204558087827,4269.2,824.3,834.0,839.3,824.6,190.0,192.2,196.0,195.6,2.92,88.1,3.398,4267.3,825.2,833.2,836.2,826.2,190.2,191.7,195.2,196.2,2.91,88.4,3.46,-1.2,0.957,1,oil_leak,0,0.55,0.5,1800.0
212.8,mission_cruise,72.63479710950529,2500.0,43.68260144524736,4263.6,825.2,832.2,836.7,826.8,191.0,192.0,194.8,195.7,2.91,88.6,3.454,4267.2,825.2,833.2,836.2,826.2,190.2,191.7,195.2,196.2,2.91,88.4,3.46,-1.2,0.957,1,oil_leak,0,0.55,0.5,1800.0
212.9,mission_cruise,72.63368538076709,2500.0,43.683157309616455,4263.0,824.3,834.2,837.3,827.1,189.1,191.5,194.4,196.1,2.93,88.6,3.534,4267.2,825.2,833.2,836.2,826.2,190.2,191.7,195.2,196.2,2.91,88.4,3.46,-1.2,0.957,1,oil_leak,0,0.55,0.5,1800.0
213.0,mission_cruise,72.63257365202891,2500.0,43.683713173985545,4265.1,824.7,834.0,834.7,826.0,190.4,191.2,196.1,195.2,2.92,88.3,3.516,4267.2,825.2,833.2,836.2,826.2,190.2,191.7,195.2,196.2,2.91,88.5,3.46,-1.2,0.957,1,oil_leak,0,0.55,0.5,1800.0
213.1,mission_cruise,72.63146192329071,2500.0,43.68426903835464,4261.5,823.6,834.9,836.0,827.2,190.7,193.6,195.5,195.8,2.92,88.8,3.449,4267.1,825.2,833.2,836.2,826.2,190.2,191.7,195.2,196.2,2.91,88.5,3.46,-1.2,0.957,1,oil_leak,0,0.55,0.5,1800.0
213.2,mission_cruise,72.63035019455253,2500.0,43.68482490272373,4268.3,824.6,833.0,838.2,827.3,191.0,191.1,195.6,196.5,2.87,87.6,3.425,4267.1,825.2,833.2,836.2,826.2,190.2,191.7,195.2,196.2,2.91,88.5,3.46,-1.2,0.957,1,oil_leak,0,0.55,0.5,1800.0
213.3,mission_cruise,72.62923846581434,2500.0,43.68538076709283,4272.7,824.5,833.6,836.1,826.2,190.8,191.5,195.1,196.1,2.94,89.1,3.47,4267.1,825.2,833.2,836.2,826.2,190.2,191.7,195.2,196.2,2.91,88.5,3.46,-1.2,0.957,1,oil_leak,0,0.55,0.5,1800.0
213.4,mission_cruise,72.62812673707616,2500.0,43.68593663146192,4272.5,824.9,832.9,833.7,827.1,190.1,191.5,196.4,196.3,2.9,88.5,3.451,4267.0,825.2,833.2,836.2,826.2,190.2,191.7,195.2,196.2,2.91,88.5,3.46,-1.2,0.957,1,oil_leak,0,0.55,0.5,1800.0
213.5,mission_cruise,72.62701500833796,2500.0,43.68649249583102,4268.1,824.3,829.9,834.3,824.5,190.8,191.4,195.1,197.0,2.91,89.0,3.496,4267.0,825.2,833.2,836.2,826.2,190.2,191.7,195.2,196.2,2.91,88.5,3.46,-1.2,0.957,1,oil_leak,0,0.55,0.5,1800.0
213.6,mission_cruise,72.62590327959978,2500.0,43.68704836020011,4274.3,825.5,834.8,837.1,826.6,190.6,192.6,194.5,196.8,2.9,88.6,3.468,4267.0,825.2,833.2,836.2,826.2,190.2,191.7,195.2,196.2,2.91,88.5,3.46,-1.2,0.957,1,oil_leak,0,0.55,0.5,1800.0
213.7,mission_cruise,72.62479155086159,2500.0,43.687604224569206,4267.5,823.9,831.9,835.4,825.5,189.5,192.0,195.7,196.8,2.9,87.8,3.438,4266.9,825.2,833.2,836.2,826.2,190.2,191.7,195.2,196.2,2.91,88.5,3.46,-1.2,0.957,1,oil_leak,0,0.55,0.5,1800.0
213.8,mission_cruise,72.6236798221234,2500.0,43.6881600889383,4273.1,826.1,833.0,837.3,826.9,190.2,191.6,195.3,195.7,2.89,88.3,3.487,4266.9,825.2,833.2,836.2,826.2,190.2,191.7,195.2,196.2,2.91,88.5,3.46,-1.2,0.957,1,oil_leak,0,0.55,0.5,1800.0
213.9,mission_cruise,72.62256809338521,2500.0,43.688715953307394,4265.4,825.2,834.7,835.7,824.9,189.9,191.9,195.1,197.4,2.91,88.1,3.487,4266.8,825.2,833.2,836.2,826.2,190.2,191.7,195.2,196.2,2.91,88.5,3.46,-1.2,0.957,1,oil_leak,0,0.55,0.5,1800.0
214.0,mission_cruise,72.62145636464703,2500.0,43.689271817676484,4269.5,824.8,830.2,837.0,827.3,190.0,192.2,195.5,196.6,2.92,88.3,3.48,4266.8,825.2,833.2,836.2,826.2,190.2,191.7,195.2,196.2,2.91,88.5,3.46,-1.2,0.957,1,oil_leak,0,0.55,0.5,1800.0
214.1,mission_cruise,72.62034463590884,2500.0,43.68982768204558,4271.7,823.2,832.8,836.5,825.9,190.8,192.0,194.9,196.4,2.9,89.5,3.479,4266.8,825.2,833.2,836.2,826.2,190.2,191.7,195.2,196.2,2.91,88.5,3.46,-1.2,0.957,1,oil_leak,0,0.55,0.5,1800.0
214.2,mission_cruise,72.61923290717066,2500.0,43.69038354641467,4271.0,825.5,831.2,837.2,825.2,189.4,191.4,195.0,196.7,2.92,88.5,3.459,4266.7,825.2,833.2,836.2,826.2,190.2,191.7,195.2,196.2,2.91,88.5,3.46,-1.2,0.957,1,oil_leak,0,0.55,0.5,1800.0
214.3,mission_cruise,72.61812117843246,2500.0,43.69093941078377,4266.9,824.3,831.1,836.1,825.4,189.9,192.0,193.5,195.4,2.91,89.5,3.381,4266.7,825.2,833.2,836.2,826.2,190.2,191.7,195.2,196.2,2.91,88.6,3.46,-1.2,0.957,1,oil_leak,0,0.55,0.5,1800.0
214.4,mission_cruise,72.61700944969428,2500.0,43.69149527515286,4279.8,824.5,833.3,835.8,826.8,189.9,191.2,195.1,196.3,2.89,89.5,3.439,4266.7,825.2,833.2,836.2,826.2,190.2,191.7,195.2,196.2,2.91,88.6,3.459,-1.2,0.957,1,oil_leak,0,0.55,0.5,1800.0
214.5,mission_cruise,72.61589772095608,2500.0,43.69205113952196,4265.9,826.6,835.5,836.0,826.8,190.4,191.5,194.7,195.9,2.91,89.1,3.471,4266.6,825.2,833.2,836.2,826.2,190.2,191.7,195.2,196.2,2.91,88.6,3.459,-1.2,0.957,1,oil_leak,0,0.55,0.5,1800.0
214.6,mission_cruise,72.6147859922179,2500.0,43.69260700389105,4263.4,825.5,834.6,834.5,827.1,190.1,191.6,194.3,195.8,2.9,88.3,3.436,4266.6,825.2,833.2,836.2,826.2,190.2,191.7,195.2,196.2,2.91,88.6,3.459,-1.2,0.957,1,oil_leak,0,0.55,0.5,1800.0
214.7,mission_cruise,72.61367426347971,2500.0,43.693162868260146,4261.2,825.1,833.2,835.7,827.0,190.8,192.0,195.8,195.9,2.87,88.2,3.387,4266.6,825.2,833.2,836.2,826.2,190.2,191.7,195.2,196.2,2.91,88.6,3.459,-1.2,0.957,1,oil_leak,0,0.55,0.5,1800.0
214.8,mission_cruise,72.61256253474153,2500.0,43.693718732629236,4273.7,825.8,832.8,835.6,826.4,190.7,192.2,194.5,197.2,2.92,88.6,3.432,4266.5,825.2,833.2,836.2,826.2,190.2,191.7,195.2,196.2,2.91,88.6,3.459,-1.2,0.957,1,oil_leak,0,0.55,0.5,1800.0
214.9,mission_cruise,72.61145080600333,2500.0,43.69427459699833,4269.7,824.9,835.8,836.3,824.9,190.6,191.6,195.0,195.6,2.92,88.5,3.488,4266.5,825.2,833.2,836.2,826.2,190.2,191.7,195.2,196.2,2.91,88.6,3.459,-1.2,0.957,1,oil_leak,0,0.55,0.5,1800.0
215.0,mission_cruise,72.61033907726515,2500.0,43.694830461367424,4269.6,825.5,831.0,838.0,827.1,191.2,191.5,195.0,196.0,2.88,88.5,3.555,4266.5,825.2,833.2,836.2,826.2,190.2,191.7,195.2,196.2,2.91,88.6,3.459,-1.2,0.957,1,oil_leak,0,0.55,0.5,1800.0
215.1,mission_cruise,72.60922734852696,2500.0,43.69538632573652,4259.1,825.5,831.6,834.4,823.4,190.0,192.7,195.3,196.9,2.92,89.2,3.413,4266.4,825.2,833.2,836.2,826.2,190.2,191.7,195.2,196.2,2.91,88.6,3.459,-1.2,0.957,1,oil_leak,0,0.55,0.5,1800.0
215.2,mission_cruise,72.60811561978878,2500.0,43.69594219010561,4275.3,823.0,832.3,836.4,825.7,190.6,191.3,195.2,196.0,2.89,88.2,3.493,4266.4,825.1,833.1,836.1,826.1,190.2,191.7,195.2,196.2,2.91,88.6,3.459,-1.2,0.957,1,oil_leak,0,0.55,0.5,1800.0
215.3,mission_cruise,72.60700389105058,2500.0,43.69649805447471,4265.8,825.6,831.1,835.1,828.9,190.8,191.2,193.7,196.5,2.88,89.0,3.435,4266.3,825.1,833.1,836.1,826.1,190.2,191.7,195.2,196.2,2.91,88.6,3.459,-1.2,0.957,1,oil_leak,0,0.55,0.5,1800.0
215.4,mission_cruise,72.6058921623124,2500.0,43.6970539188438,4266.5,824.6,833.6,835.4,824.2,190.0,191.5,194.8,197.0,2.88,88.7,3.456,4266.3,825.1,833.1,836.1,826.1,190.2,191.7,195.2,196.2,2.91,88.6,3.459,-1.2,0.957,1,oil_leak,0,0.55,0.5,1800.0
215.5,mission_cruise,72.6047804335742,2500.0,43.6976097832129,4268.5,821.7,833.6,837.3,825.3,189.6,191.9,195.9,194.6,2.91,88.8,3.456,4266.3,825.1,833.1,836.1,826.1,190.2,191.7,195.2,196.2,2.91,88.6,3.459,-1.2,0.957,1,oil_leak,0,0.55,0.5,1800.0
215.6,mission_cruise,72.60366870483602,2500.0,43.69816564758199,4265.6,826.1,832.6,836.2,825.3,190.3,191.8,195.0,196.6,2.91,88.6,3.434,4266.2,825.1,833.1,836.1,826.1,190.2,191.7,195.2,196.2,2.91,88.6,3.459,-1.2,0.957,1,oil_leak,0,0.55,0.5,1800.0
215.7,mission_cruise,72.60255697609783,2500.0,43.698721511951085,4271.4,828.2,833.7,835.2,826.2,191.7,191.2,194.3,196.5,2.92,88.6,3.507,4266.2,825.1,833.1,836.1,826.1,190.2,191.7,195.2,196.2,2.91,88.7,3.459,-1.2,0.957,1,oil_leak,0,0.55,0.5,1800.0
215.8,mission_cruise,72.60144524735965,2500.0,43.699277376320175,4270.3,824.8,832.5,835.2,823.6,189.6,191.9,195.3,196.6,2.91,88.7,3.466,4266.2,825.1,833.1,836.1,826.1,190.2,191.7,195.2,196.2,2.91,88.7,3.459,-1.2,0.957,1,oil_leak,0,0.55,0.5,1800.0
215.9,mission_cruise,72.60033351862145,2500.0,43.69983324068927,4268.4,826.0,831.0,838.2,825.5,189.9,191.7,196.3,195.1,2.94,89.5,3.489,4266.1,825.1,833.1,836.1,826.1,190.2,191.7,195.2,196.2,2.91,88.7,3.459,-1.2,0.957,1,oil_leak,0,0.55,0.5,1800.0
216.0,mission_cruise,72.59922178988327,2500.0,43.70038910505836,4271.6,827.6,832.9,836.9,827.3,190.4,191.4,196.3,196.9,2.9,89.0,3.44,4266.1,825.1,833.1,836.1,826.1,190.2,191.7,195.2,196.2,2.91,88.7,3.459,-1.2,0.957,1,oil_leak,0,0.55,0.5,1800.0
216.1,mission_cruise,72.59811006114508,2500.0,43.70094496942746,4267.6,822.8,835.4,834.7,826.5,189.6,191.5,195.2,196.4,2.95,88.8,3.476,4266.1,825.1,833.1,836.1,826.1,190.2,191.7,195.2,196.2,2.91,88.7,3.459,-1.2,0.957,1,oil_leak,0,0.55,0.5,1800.0
216.2,mission_cruise,72.5969983324069,2500.0,43.70150083379655,4272.2,825.4,832.5,840.0,823.1,190.9,192.4,195.5,196.1,2.92,89.5,3.446,4266.0,825.1,833.1,836.1,826.1,190.2,191.7,195.2,196.2,2.91,88.7,3.459,-1.2,0.957,1,oil_leak,0,0.55,0.5,1800.0
216.3,mission_cruise,72.5958866036687,2500.0,43.70205669816565,4273.6,825.2,831.8,837.2,826.0,190.6,191.7,195.5,195.9,2.87,88.2,3.448,4266.0,825.1,833.1,836.1,826.1,190.2,191.7,195.2,196.2,2.91,88.7,3.459,-1.2,0.957,1,oil_leak,0,0.55,0.5,1800.0
216.4,mission_cruise,72.59477487493052,2500.0,43.70261256253474,4268.7,826.1,832.7,836.5,827.1,189.3,192.9,195.1,196.8,2.88,88.5,3.489,4266.0,825.1,833.1,836.1,826.1,190.2,191.7,195.2,196.2,2.91,88.7,3.459,-1.2,0.957,1,oil_leak,0,0.55,0.5,1800.0
216.5,mission_cruise,72.59366314619233,2500.0,43.70316842690384,4263.1,824.0,833.2,834.7,824.9,189.3,192.5,195.3,197.0,2.92,88.4,3.491,4265.9,825.1,833.1,836.1,826.1,190.2,191.7,195.2,196.2,2.91,88.7,3.459,-1.2,0.957,1,oil_leak,0,0.55,0.5,1800.0
216.6,mission_cruise,72.59255141745415,2500.0,43.70372429127293,4260.3,826.4,832.6,838.0,829.2,190.7,191.5,195.2,196.1,2.92,88.5,3.356,4265.9,825.1,833.1,836.1,826.1,190.2,191.7,195.2,196.2,2.91,88.7,3.458,-1.2,0.957,1,oil_leak,0,0.55,0.5,1800.0
216.7,mission_cruise,72.59143968871595,2500.0,43.704280155642024,4258.8,825.8,832.9,836.0,827.2,190.3,191.9,194.9,196.3,2.89,88.4,3.48,4265.8,825.1,833.1,836.1,826.1,190.2,191.7,195.2,196.2,2.91,88.7,3.458,-1.2,0.957,1,oil_leak,0,0.55,0.5,1800.0
216.8,mission_cruise,72.59032795997777,2500.0,43.704836020011115,4270.9,826.9,833.0,837.6,827.8,190.5,191.2,194.9,195.3,2.95,89.1,3.442,4265.8,825.1,833.1,836.1,826.1,190.2,191.7,195.2,196.2,2.91,88.7,3.458,-1.2,0.957,1,oil_leak,0,0.55,0.5,1800.0
216.9,mission_cruise,72.58921623123958,2500.0,43.70539188438021,4261.7,825.4,833.8,838.2,825.0,189.9,190.7,195.1,196.1,2.92,88.1,3.458,4265.8,825.1,833.1,836.1,826.1,190.2,191.7,195.2,196.2,2.9,88.7,3.458,-1.2,0.957,1,oil_leak,0,0.55,0.5,1800.0
217.0,mission_cruise,72.5881045025014,2500.0,43.7059477487493,4269.8,826.3,830.3,834.1,826.8,189.9,192.0,195.8,196.3,2.91,88.6,3.469,4265.7,825.1,833.1,836.1,826.1,190.2,191.7,195.2,196.2,2.9,88.7,3.458,-1.2,0.957,1,oil_leak,0,0.55,0.5,1800.0
217.1,mission_cruise,72.5869927737632,2500.0,43.7065036131184,4261.9,822.0,831.7,833.8,823.8,190.8,191.6,195.9,197.5,2.91,88.6,3.419,4265.7,825.1,833.1,836.1,826.1,190.2,191.7,195.2,196.2,2.9,88.7,3.458,-1.2,0.957,1,oil_leak,0,0.55,0.5,1800.0
217.2,mission_cruise,72.58588104502502,2500.0,43.70705947748749,4267.5,824.5,832.7,831.4,825.2,190.2,191.1,195.8,195.5,2.9,88.9,3.449,4265.7,825.1,833.1,836.1,826.1,190.2,191.7,195.2,196.2,2.9,88.8,3.458,-1.2,0.957,1,oil_leak,0,0.55,0.5,1800.0
217.3,mission_cruise,72.58476931628682,2500.0,43.70761534185659,4261.9,826.2,833.9,837.1,823.8,189.9,191.3,195.8,195.8,2.92,88.9,3.453,4265.6,825.1,833.1,836.1,826.1,190.2,191.7,195.2,196.2,2.9,88.8,3.458,-1.2,0.957,1,oil_leak,0,0.55,0.5,1800.0
217.4,mission_cruise,72.58365758754864,2500.0,43.70817120622568,4262.4,825.1,832.5,837.1,825.3,190.5,191.6,196.2,195.3,2.91,89.2,3.422,4265.6,825.1,833.1,836.1,826.1,190.2,191.7,195.2,196.2,2.9,88.8,3.458,-1.2,0.957,1,oil_leak,0,0.55,0.5,1800.0
217.5,mission_cruise,72.58254585881045,2500.0,43.708727070594776,4267.8,826.6,832.5,837.6,826.3,190.8,192.2,195.9,196.4,2.9,89.2,3.47,4265.6,825.1,833.1,836.1,826.1,190.2,191.7,195.2,196.2,2.9,88.8,3.458,-1.2,0.957,1,oil_leak,0,0.55,0.5,1800.0
217.6,mission_cruise,72.58143413007227,2500.0,43.709282934963866,4267.0,823.9,831.7,835.9,825.6,189.9,191.5,194.5,195.2,2.92,88.9,3.471,4265.5,825.1,833.1,836.1,826.1,190.2,191.7,195.2,196.2,2.9,88.8,3.458,-1.2,0.957,1,oil_leak,0,0.55,0.5,1800.0
217.7,mission_cruise,72.58032240133407,2500.0,43.709838799332964,4271.4,823.7,833.8,836.9,825.8,190.6,191.5,195.2,196.7,2.89,88.0,3.422,4265.5,825.1,833.1,836.1,826.1,190.1,191.6,195.1,196.1,2.9,88.8,3.458,-1.2,0.957,1,oil_leak,0,0.55,0.5,1800.0
217.8,mission_cruise,72.57921067259589,2500.0,43.710394663702054,4263.0,828.4,834.2,836.2,825.8,190.2,192.2,194.9,195.8,2.9,88.9,3.418,4265.4,825.1,833.1,836.1,826.1,190.1,191.6,195.1,196.1,2.9,88.8,3.458,-1.2,0.957,1,oil_leak,0,0.55,0.5,1800.0
217.9,mission_cruise,72.5780989438577,2500.0,43.71095052807115,4274.6,822.5,832.8,835.5,825.5,190.0,191.4,194.6,196.5,2.9,89.1,3.484,4265.4,825.1,833.1,836.1,826.1,190.1,191.6,195.1,196.1,2.9,88.8,3.458,-1.2,0.957,1,oil_leak,0,0.55,0.5,1800.0
218.0,mission_cruise,72.57698721511952,2500.0,43.71150639244024,4269.2,824.2,832.6,836.6,825.6,190.3,191.4,195.2,195.5,2.92,88.7,3.47,4265.4,825.1,833.1,836.1,826.1,190.1,191.6,195.1,196.1,2.9,88.8,3.458,-1.2,0.957,1,oil_leak,0,0.55,0.5,1800.0
218.1,mission_cruise,72.57587548638132,2500.0,43.71206225680934,4262.6,822.2,833.7,836.1,826.5,189.5,191.9,194.8,196.7,2.93,90.4,3.473,4265.3,825.1,833.1,836.1,826.1,190.1,191.6,195.1,196.1,2.9,88.8,3.458,-1.2,0.957,1,oil_leak,0,0.55,0.5,1800.0
218.2,mission_cruise,72.57476375764314,2500.0,43.71261812117843,4254.8,824.4,832.6,836.6,827.4,190.4,192.9,195.2,196.2,2.92,88.8,3.509,4265.3,825.1,833.1,836.1,826.1,190.1,191.6,195.1,196.1,2.9,88.8,3.458,-1.2,0.957,1,oil_leak,0,0.55,0.5,1800.0
218.3,mission_cruise,72.57365202890495,2500.0,43.71317398554753,4262.9,825.1,832.3,835.7,825.1,190.6,190.7,196.1,196.5,2.9,88.7,3.471,4265.3,825.1,833.1,836.1,826.1,190.1,191.6,195.1,196.1,2.9,88.8,3.458,-1.2,0.957,1,oil_leak,0,0.55,0.5,1800.0
218.4,mission_cruise,72.57254030016676,2500.0,43.71372984991662,4272.5,826.1,832.4,834.2,826.5,190.1,192.0,194.0,196.2,2.92,88.7,3.433,4265.2,825.1,833.1,836.1,826.1,190.1,191.6,195.1,196.1,2.9,88.8,3.458,-1.2,0.957,1,oil_leak,0,0.55,0.5,1800.0
218.5,mission_cruise,72.57142857142857,2500.0,43.714285714285715,4272.6,824.1,831.8,837.1,825.1,190.1,190.9,195.1,196.4,2.9,88.2,3.457,4265.2,825.1,833.1,836.1,826.1,190.1,191.6,195.1,196.1,2.9,88.8,3.458,-1.2,0.957,1,oil_leak,0,0.55,0.5,1800.0
218.6,mission_cruise,72.57031684269039,2500.0,43.714841578654806,4268.8,825.5,832.1,835.1,825.5,191.0,191.6,195.3,196.3,2.9,88.9,3.461,4265.2,825.1,833.1,836.1,826.1,190.1,191.6,195.1,196.1,2.9,88.8,3.458,-1.2,0.957,1,oil_leak,0,0.55,0.5,1800.0
218.7,mission_cruise,72.5692051139522,2500.0,43.7153974430239,4269.9,823.9,831.8,835.2,825.9,189.2,190.9,195.4,196.9,2.88,87.7,3.493,4265.1,825.1,833.1,836.1,826.1,190.1,191.6,195.1,196.1,2.9,88.9,3.458,-1.2,0.957,1,oil_leak,0,0.55,0.5,1800.0
218.8,mission_cruise,72.56809338521401,2500.0,43.715953307392994,4263.8,826.8,831.5,836.9,827.6,189.5,191.7,194.8,195.4,2.89,87.5,3.427,4265.1,825.1,833.1,836.1,826.1,190.1,191.6,195.1,196.1,2.9,88.9,3.458,-1.2,0.957,1,oil_leak,0,0.55,0.5,1800.0
218.9,mission_cruise,72.56698165647582,2500.0,43.71650917176209,4264.2,824.4,829.7,834.6,824.2,190.4,192.3,196.5,197.3,2.91,89.2,3.414,4265.1,825.1,833.1,836.1,826.1,190.1,191.6,195.1,196.1,2.9,88.9,3.457,-1.2,0.957,1,oil_leak,0,0.55,0.5,1800.0
219.0,mission_cruise,72.56586992773764,2500.0,43.71706503613118,4267.1,824.2,834.0,836.1,826.5,190.2,191.6,194.7,196.6,2.91,89.2,3.449,4265.0,825.1,833.1,836.1,826.1,190.1,191.6,195.1,196.1,2.9,88.9,3.457,-1.2,0.957,1,oil_leak,0,0.55,0.5,1800.0
219.1,mission_cruise,72.56475819899944,2500.0,43.71762090050028,4253.7,826.5,832.8,837.8,827.7,191.0,191.4,194.1,195.6,2.91,88.7,3.483,4265.0,825.1,833.1,836.1,826.1,190.1,191.6,195.1,196.1,2.9,88.9,3.457,-1.2,0.957,1,oil_leak,0,0.55,0.5,1800.0
219.2,mission_cruise,72.56364647026126,2500.0,43.71817676486937,4267.9,825.6,834.7,838.0,828.2,189.5,191.6,195.7,195.9,2.9,88.7,3.44,4264.9,825.1,833.1,836.1,826.1,190.1,191.6,195.1,196.1,2.9,88.9,3.457,-1.2,0.957,1,oil_leak,0,0.55,0.5,1800.0
219.3,mission_cruise,72.56253474152307,2500.0,43.71873262923847,4265.8,826.2,831.6,836.5,824.7,189.9,191.9,195.1,195.7,2.93,89.4,3.465,4264.9,825.1,833.1,836.1,826.1,190.1,191.6,195.1,196.1,2.9,88.9,3.457,-1.2,0.957,1,oil_leak,0,0.55,0.5,1800.0
219.4,mission_cruise,72.56142301278489,2500.0,43.71928849360756,4277.9,825.4,832.1,837.8,826.8,190.0,192.8,195.2,197.2,2.9,89.4,3.488,4264.9,825.1,833.1,836.1,826.1,190.1,191.6,195.1,196.1,2.9,88.9,3.457,-1.2,0.957,1,oil_leak,0,0.55,0.5,1800.0
219.5,mission_cruise,72.56031128404669,2500.0,43.719844357976655,4266.8,828.5,834.3,836.2,826.8,189.7,191.9,195.5,195.6,2.87,88.1,3.503,4264.8,825.1,833.1,836.1,826.1,190.1,191.6,195.1,196.1,2.9,88.9,3.457,-1.2,0.957,1,oil_leak,0,0.55,0.5,1800.0
219.6,mission_cruise,72.55919955530851,2500.0,43.720400222345745,4264.5,825.3,833.7,835.4,825.2,189.2,191.5,194.6,196.5,2.93,87.9,3.448,4264.8,825.1,833.1,836.1,826.1,190.1,191.6,195.1,196.1,2.9,88.9,3.457,-1.2,0.957,1,oil_leak,0,0.55,0.5,1800.0
219.7,mission_cruise,72.55808782657031,2500.0,43.72095608671484,4270.8,826.6,830.8,832.2,825.2,190.2,192.2,195.3,196.5,2.87,88.3,3.459,4264.8,825.1,833.1,836.1,826.1,190.1,191.6,195.1,196.1,2.9,88.9,3.457,-1.2,0.957,1,oil_leak,0,0.55,0.5,1800.0
219.8,mission_cruise,72.55697609783213,2500.0,43.72151195108393,4266.3,826.4,833.9,836.3,826.3,191.1,191.7,196.3,197.2,2.9,88.0,3.462,4264.7,825.1,833.1,836.1,826.1,190.1,191.6,195.1,196.1,2.9,88.9,3.457,-1.2,0.957,1,oil_leak,0,0.55,0.5,1800.0
219.9,mission_cruise,72.55586436909394,2500.0,43.72206781545303,4263.2,826.2,831.8,834.0,827.4,190.1,192.1,195.0,196.1,2.9,89.2,3.419,4264.7,825.1,833.1,836.1,826.1,190.1,191.6,195.1,196.1,2.9,88.9,3.457,-1.2,0.957,1,oil_leak,0,0.55,0.5,1800.0
220.0,mission_cruise,72.55475264035576,2500.0,43.72262367982212,4259.8,824.5,833.5,834.8,829.8,190.4,191.6,194.6,196.6,2.93,90.0,3.509,4264.7,825.1,833.1,836.1,826.1,190.1,191.6,195.1,196.1,2.9,88.9,3.457,-1.2,0.957,1,oil_leak,0,0.55,0.5,1800.0
220.1,mission_cruise,72.55364091161756,2500.0,43.72317954419122,4260.8,824.7,834.3,837.2,827.1,189.5,190.8,195.2,196.8,2.91,88.2,3.497,4264.6,825.1,833.1,836.1,826.1,190.1,191.6,195.1,196.1,2.9,88.9,3.457,-1.2,0.957,1,oil_leak,0,0.55,0.5,1800.0
220.2,mission_cruise,72.55252918287938,2500.0,43.72373540856031,4260.3,827.1,836.9,833.7,826.2,189.5,191.9,195.0,195.2,2.92,89.1,3.458,4264.6,825.1,833.1,836.1,826.1,190.1,191.6,195.1,196.1,2.9,88.9,3.457,-1.2,0.957,1,oil_leak,0,0.55,0.5,1800.0
220.3,mission_cruise,72.55141745414119,2500.0,43.724291272929406,4262.1,824.9,832.5,837.9,828.5,189.8,189.9,194.7,196.2,2.9,88.8,3.445,4264.6,825.1,833.1,836.1,826.1,190.1,191.6,195.1,196.1,2.9,89.0,3.457,-1.2,0.957,1,oil_leak,0,0.55,0.5,1800.0
220.4,mission_cruise,72.550305725403,2500.0,43.7248471372985,4265.1,825.0,834.3,837.6,826.4,189.6,191.5,195.9,195.4,2.91,88.8,3.465,4264.5,825.0,833.0,836.0,826.0,190.1,191.6,195.1,196.1,2.9,89.0,3.457,-1.2,0.957,1,oil_leak,0,0.55,0.5,1800.0
220.5,mission_cruise,72.54919399666481,2500.0,43.725403001667594,4256.2,825.2,832.7,834.8,828.8,189.9,191.9,195.8,196.7,2.91,89.4,3.437,4264.5,825.0,833.0,836.0,826.0,190.1,191.6,195.1,196.1,2.9,89.0,3.457,-1.2,0.957,1,oil_leak,0,0.55,0.5,1800.0
220.6,mission_cruise,72.54808226792663,2500.0,43.725958866036684,4266.4,824.8,832.7,835.9,824.6,190.0,191.6,194.9,197.9,2.88,89.1,3.482,4264.4,825.0,833.0,836.0,826.0,190.1,191.6,195.1,196.1,2.9,89.0,3.457,-1.2,0.957,1,oil_leak,0,0.55,0.5,1800.0
220.7,mission_cruise,72.54697053918844,2500.0,43.72651473040578,4267.3,826.8,834.1,836.4,826.7,189.4,191.8,194.7,196.7,2.89,89.3,3.48,4264.4,825.0,833.0,836.0,826.0,190.1,191.6,195.1,196.1,2.9,89.0,3.457,-1.2,0.957,1,oil_leak,0,0.55,0.5,1800.0
220.8,mission_cruise,72.54585881045026,2500.0,43.72707059477487,4268.4,823.3,835.4,837.0,825.1,189.3,192.5,194.3,196.2,2.93,87.8,3.42,4264.4,825.0,833.0,836.0,826.0,190.1,191.6,195.1,196.1,2.9,89.0,3.457,-1.2,0.957,1,oil_leak,0,0.55,0.5,1800.0
220.9,mission_cruise,72.54474708171206,2500.0,43.72762645914397,4272.3,827.4,832.1,834.4,825.7,191.7,192.0,195.4,195.8,2.88,89.1,3.482,4264.3,825.0,833.0,836.0,826.0,190.1,191.6,195.1,196.1,2.9,89.0,3.457,-1.2,0.957,1,oil_leak,0,0.55,0.5,1800.0
221.0,mission_cruise,72.54363535297388,2500.0,43.72818232351306,4269.1,826.5,833.3,836.1,825.7,190.0,191.8,194.9,196.5,2.89,89.0,3.432,4264.3,825.0,833.0,836.0,826.0,190.1,191.6,195.1,196.1,2.9,89.0,3.457,-1.2,0.957,1,oil_leak,0,0.55,0.5,1800.0
221.1,mission_cruise,72.54252362423568,2500.0,43.72873818788216,4269.2,825.3,834.4,835.8,827.0,190.5,191.3,194.7,196.0,2.94,88.1,3.439,4264.3,825.0,833.0,836.0,826.0,190.1,191.6,195.1,196.1,2.9,89.0,3.457,-1.2,0.957,1,oil_leak,0,0.55,0.5,1800.0
221.2,mission_cruise,72.5414118954975,2500.0,43.72929405225125,4255.9,824.0,834.0,837.3,826.4,190.8,192.9,195.7,196.3,2.91,89.2,3.483,4264.2,825.0,833.0,836.0,826.0,190.1,191.6,195.1,196.1,2.9,89.0,3.456,-1.2,0.957,1,oil_leak,0,0.55,0.5,1800.0
221.3,mission_cruise,72.54030016675931,2500.0,43.729849916620346,4266.0,824.5,834.8,837.4,827.5,190.2,191.9,195.1,196.2,2.87,89.1,3.473,4264.2,825.0,833.0,836.0,826.0,190.1,191.6,195.1,196.1,2.9,89.0,3.456,-1.2,0.957,1,oil_leak,0,0.55,0.5,1800.0
221.4,mission_cruise,72.53918843802113,2500.0,43.730405780989436,4261.3,823.9,836.8,836.4,828.3,189.4,192.1,194.6,195.4,2.94,88.7,3.415,4264.2,825.0,833.0,836.0,826.0,190.1,191.6,195.1,196.1,2.9,89.0,3.456,-1.2,0.957,1,oil_leak,0,0.55,0.5,1800.0
221.5,mission_cruise,72.53807670928293,2500.0,43.73096164535853,4278.5,825.5,834.7,837.0,825.8,190.5,192.1,195.3,196.6,2.94,89.1,3.473,4264.1,825.0,833.0,836.0,826.0,190.1,191.6,195.1,196.1,2.9,89.0,3.456,-1.2,0.957,1,oil_leak,0,0.55,0.5,1800.0
221.6,mission_cruise,72.53696498054475,2500.0,43.731517509727624,4273.6,826.9,833.5,836.2,824.6,190.6,191.5,195.8,196.0,2.87,88.7,3.433,4264.1,825.0,833.0,836.0,826.0,190.1,191.6,195.1,196.1,2.9,89.0,3.456,-1.2,0.957,1,oil_leak,0,0.55,0.5,1800.0
221.7,mission_cruise,72.53585325180656,2500.0,43.73207337409672,4258.9,821.4,833.5,837.7,827.5,190.9,192.1,195.1,196.5,2.89,89.3,3.472,4264.0,825.0,833.0,836.0,826.0,190.1,191.6,195.1,196.1,2.9,89.0,3.456,-1.2,0.957,1,oil_leak,0,0.55,0.5,1800.0
221.8,mission_cruise,72.53474152306838,2500.0,43.73262923846581,4265.5,824.8,835.3,836.1,825.0,190.2,192.6,195.7,196.2,2.85,89.2,3.503,4264.0,825.0,833.0,836.0,826.0,190.1,191.6,195.1,196.1,2.9,89.0,3.456,-1.2,0.957,1,oil_leak,0,0.55,0.5,1800.0
221.9,mission_cruise,72.53362979433018,2500.0,43.73318510283491,4262.7,825.9,832.2,835.3,827.1,189.6,190.9,195.8,196.8,2.91,89.3,3.483,4264.0,825.0,833.0,836.0,826.0,190.1,191.6,195.1,196.1,2.9,89.0,3.456,-1.2,0.957,1,oil_leak,0,0.55,0.5,1800.0
222.0,mission_cruise,72.532518065592,2500.0,43.733740967204,4260.1,826.1,831.8,838.0,824.8,190.0,191.6,194.8,196.3,2.88,89.3,3.439,4263.9,825.0,833.0,836.0,826.0,190.1,191.6,195.1,196.1,2.9,89.1,3.456,-1.2,0.957,1,oil_leak,0,0.55,0.5,1800.0
222.1,mission_cruise,72.5314063368538,2500.0,43.7342968315731,4257.6,823.8,831.3,835.8,823.8,189.9,191.8,194.8,195.2,2.87,89.1,3.465,4263.9,825.0,833.0,836.0,826.0,190.1,191.6,195.1,196.1,2.9,89.1,3.456,-1.2,0.957,1,oil_leak,0,0.55,0.5,1800.0
222.2,mission_cruise,72.53029460811563,2500.0,43.73485269594219,4258.2,823.9,832.2,837.0,828.2,190.0,190.8,195.1,194.8,2.87,89.3,3.458,4263.9,825.0,833.0,836.0,826.0,190.1,191.6,195.1,196.1,2.9,89.1,3.456,-1.2,0.957,1,oil_leak,0,0.55,0.5,1800.0
222.3,mission_cruise,72.52918287937743,2500.0,43.735408560311285,4261.1,826.2,834.9,837.9,828.5,189.8,191.8,194.8,196.6,2.93,88.5,3.367,4263.8,825.0,833.0,836.0,826.0,190.1,191.6,195.1,196.1,2.9,89.1,3.456,-1.2,0.957,1,oil_leak,0,0.55,0.5,1800.0
222.4,mission_cruise,72.52807115063925,2500.0,43.735964424680375,4270.9,824.7,832.0,837.2,826.7,190.4,192.5,194.7,196.5,2.89,89.2,3.466,4263.8,825.0,833.0,836.0,826.0,190.1,191.6,195.1,196.1,2.9,89.1,3.456,-1.2,0.957,1,oil_leak,0,0.55,0.5,1800.0
222.5,mission_cruise,72.52695942190105,2500.0,43.73652028904947,4264.0,824.6,832.9,835.3,826.0,190.8,191.1,194.5,195.7,2.91,89.0,3.456,4263.8,825.0,833.0,836.0,826.0,190.1,191.6,195.1,196.1,2.9,89.1,3.456,-1.2,0.957,1,oil_leak,0,0.55,0.5,1800.0
222.6,mission_cruise,72.52584769316287,2500.0,43.73707615341856,4260.9,823.6,833.0,834.6,825.4,190.8,191.8,195.5,197.0,2.88,89.5,3.458,4263.7,825.0,833.0,836.0,826.0,190.1,191.6,195.1,196.1,2.9,89.1,3.456,-1.2,0.957,1,oil_leak,0,0.55,0.5,1800.0
222.7,mission_cruise,72.52473596442468,2500.0,43.73763201778766,4255.7,825.6,832.2,836.9,827.1,190.5,191.5,194.5,195.8,2.9,89.7,3.47,4263.7,825.0,833.0,836.0,826.0,190.1,191.6,195.1,196.1,2.9,89.1,3.456,-1.2,0.957,1,oil_leak,0,0.55,0.5,1800.0
222.8,mission_cruise,72.5236242356865,2500.0,43.73818788215675,4263.0,825.3,832.5,837.1,826.7,189.9,191.9,195.8,196.4,2.91,88.9,3.462,4263.7,825.0,833.0,836.0,826.0,190.1,191.6,195.1,196.1,2.9,89.1,3.456,-1.2,0.957,1,oil_leak,0,0.55,0.5,1800.0
222.9,mission_cruise,72.5225125069483,2500.0,43.73874374652585,4273.8,825.7,832.4,836.4,824.2,190.1,192.2,195.3,196.7,2.88,89.1,3.418,4263.6,825.0,833.0,836.0,826.0,190.1,191.6,195.1,196.1,2.9,89.1,3.456,-1.2,0.957,1,oil_leak,0,0.55,0.5,1800.0
223.0,mission_cruise,72.52140077821012,2500.0,43.73929961089494,4263.5,822.9,833.5,836.4,824.6,191.0,191.7,195.4,197.3,2.89,89.0,3.497,4263.6,825.0,833.0,836.0,826.0,190.1,191.6,195.1,196.1,2.9,89.1,3.456,-1.2,0.957,1,oil_leak,0,0.55,0.5,1800.0
223.1,mission_cruise,72.52028904947193,2500.0,43.73985547526404,4264.7,826.0,832.9,834.6,826.5,190.2,191.1,196.6,197.0,2.85,89.5,3.474,4263.5,825.0,833.0,836.0,826.0,190.1,191.6,195.1,196.1,2.9,89.1,3.456,-1.2,0.957,1,oil_leak,0,0.55,0.5,1800.0
223.2,mission_cruise,72.51917732073375,2500.0,43.74041133963313,4268.9,824.5,830.5,834.9,827.5,190.8,192.6,195.0,195.8,2.92,88.9,3.406,4263.5,825.0,833.0,836.0,826.0,190.1,191.6,195.1,196.1,2.9,89.1,3.456,-1.2,0.957,1,oil_leak,0,0.55,0.5,1800.0
223.3,mission_cruise,72.51806559199555,2500.0,43.740967204002224,4261.5,826.4,834.8,836.1,825.7,190.2,191.7,194.5,196.4,2.88,89.7,3.458,4263.5,825.0,833.0,836.0,826.0,190.1,191.6,195.1,196.1,2.9,89.1,3.456,-1.2,0.957,1,oil_leak,0,0.55,0.5,1800.0
223.4,mission_cruise,72.51695386325737,2500.0,43.741523068371315,4259.2,824.0,833.5,834.1,828.0,189.8,192.0,194.4,196.6,2.92,88.8,3.436,4263.4,825.0,833.0,836.0,826.0,190.1,191.6,195.1,196.1,2.9,89.1,3.456,-1.2,0.957,1,oil_leak,0,0.55,0.5,1800.0
223.5,mission_cruise,72.51584213451918,2500.0,43.74207893274041,4263.3,821.9,834.3,837.9,825.1,189.7,191.6,196.2,196.7,2.93,89.5,3.465,4263.4,825.0,833.0,836.0,826.0,190.1,191.6,195.1,196.1,2.9,89.1,3.455,-1.2,0.957,1,oil_leak,0,0.55,0.5,1800.0
223.6,mission_cruise,72.514730405781,2500.0,43.7426347971095,4266.4,823.8,831.3,837.3,826.8,190.8,191.4,194.7,196.2,2.89,89.2,3.486,4263.4,825.0,833.0,836.0,826.0,190.1,191.6,195.1,196.1,2.9,89.1,3.455,-1.2,0.957,1,oil_leak,0,0.55,0.5,1800.0
223.7,mission_cruise,72.5136186770428,2500.0,43.7431906614786,4259.5,822.2,832.6,835.3,822.7,191.6,191.4,195.2,195.4,2.89,88.8,3.413,4263.3,825.0,833.0,836.0,826.0,190.1,191.6,195.1,196.1,2.9,89.1,3.455,-1.2,0.957,1,oil_leak,0,0.55,0.5,1800.0
223.8,mission_cruise,72.51250694830462,2500.0,43.74374652584769,4275.8,823.6,832.3,835.7,825.9,190.4,190.7,194.3,196.7,2.9,89.5,3.516,4263.3,825.0,833.0,836.0,826.0,190.1,191.6,195.1,196.1,2.9,89.2,3.455,-1.2,0.957,1,oil_leak,0,0.55,0.5,1800.0
223.9,mission_cruise,72.51139521956642,2500.0,43.74430239021679,4262.9,822.9,834.1,836.4,826.0,188.9,191.0,195.4,195.3,2.89,88.4,3.486,4263.3,825.0,833.0,836.0,826.0,190.1,191.6,195.1,196.1,2.9,89.2,3.455,-1.2,0.957,1,oil_leak,0,0.55,0.5,1800.0
224.0,mission_cruise,72.51028349082824,2500.0,43.74485825458588,4259.2,824.2,834.4,836.8,826.8,190.2,190.9,194.8,196.7,2.92,89.8,3.48,4263.2,825.0,833.0,836.0,826.0,190.1,191.6,195.1,196.1,2.9,89.2,3.455,-1.2,0.957,1,oil_leak,0,0.55,0.5,1800.0
224.1,mission_cruise,72.50917176209005,2500.0,43.745414118954976,4256.0,823.1,832.9,834.5,826.2,191.1,191.7,195.4,197.2,2.89,89.1,3.53,4263.2,825.0,833.0,836.0,826.0,190.1,191.6,195.1,196.1,2.9,89.2,3.455,-1.2,0.957,1,oil_leak,0,0.55,0.5,1800.0
224.2,mission_cruise,72.50806003335187,2500.0,43.745969983324066,4261.4,821.4,834.5,836.8,826.3,189.7,191.0,195.5,196.0,2.96,88.7,3.481,4263.2,825.0,833.0,836.0,826.0,190.1,191.6,195.1,196.1,2.9,89.2,3.455,-1.2,0.957,1,oil_leak,0,0.55,0.5,1800.0
224.3,mission_cruise,72.50694830461367,2500.0,43.746525847693164,4260.0,824.1,831.6,834.6,823.1,190.1,191.3,195.8,197.7,2.89,89.8,3.445,4263.1,825.0,833.0,836.0,826.0,190.1,191.6,195.1,196.1,2.9,89.2,3.455,-1.2,0.957,1,oil_leak,0,0.55,0.5,1800.0
224.4,mission_cruise,72.50583657587549,2500.0,43.747081712062254,4260.2,825.4,832.0,835.8,825.5,190.3,191.6,193.9,195.7,2.93,88.9,3.397,4263.1,825.0,833.0,836.0,826.0,190.1,191.6,195.1,196.1,2.9,89.2,3.455,-1.2,0.957,1,oil_leak,0,0.55,0.5,1800.0
224.5,mission_cruise,72.5047248471373,2500.0,43.74763757643135,4252.7,824.3,829.9,835.9,828.0,189.9,191.0,195.2,195.6,2.89,88.9,3.428,4263.0,825.0,833.0,836.0,826.0,190.1,191.6,195.1,196.1,2.9,89.2,3.455,-1.2,0.957,1,oil_leak,0,0.55,0.5,1800.0
224.6,mission_cruise,72.50361311839912,2500.0,43.74819344080044,4254.0,826.6,833.5,838.3,826.6,190.0,191.0,195.2,197.0,2.9,88.7,3.457,4263.0,825.0,833.0,836.0,826.0,190.1,191.6,195.1,196.1,2.9,89.2,3.455,-1.2,0.957,1,oil_leak,0,0.55,0.5,1800.0
224.7,mission_cruise,72.50250138966092,2500.0,43.74874930516954,4260.6,826.8,834.5,835.9,827.2,190.1,191.5,194.8,196.2,2.91,89.5,3.449,4263.0,825.0,833.0,836.0,826.0,190.1,191.6,195.1,196.1,2.9,89.2,3.455,-1.2,0.957,1,oil_leak,0,0.55,0.5,1800.0
224.8,mission_cruise,72.50138966092274,2500.0,43.74930516953863,4260.4,822.7,835.6,834.0,823.6,189.4,191.6,195.4,196.1,2.92,88.8,3.473,4262.9,825.0,833.0,836.0,826.0,190.1,191.6,195.1,196.1,2.9,89.2,3.455,-1.2,0.957,1,oil_leak,0,0.55,0.5,1800.0
224.9,mission_cruise,72.50027793218455,2500.0,43.74986103390773,4261.7,824.5,832.8,835.1,825.6,190.3,192.4,194.9,196.2,2.89,89.4,3.526,4262.9,825.0,833.0,836.0,826.0,190.1,191.6,195.1,196.1,2.9,89.2,3.455,-1.2,0.957,1,oil_leak,0,0.55,0.5,1800.0
225.0,mission_cruise,72.49916620344636,2500.0,43.75041689827682,4249.6,826.0,831.8,835.3,826.5,189.9,191.4,195.1,196.4,2.9,90.2,3.477,4262.9,825.0,833.0,836.0,826.0,190.1,191.6,195.1,196.1,2.9,89.2,3.455,-1.2,0.957,1,oil_leak,0,0.55,0.5,1800.0
225.1,mission_cruise,72.49805447470817,2500.0,43.750972762645915,4263.7,825.5,834.5,835.6,825.0,190.4,191.5,194.7,196.2,2.89,89.0,3.446,4262.8,825.0,833.0,836.0,826.0,190.1,191.6,195.1,196.1,2.9,89.2,3.455,-1.2,0.957,1,oil_leak,0,0.55,0.5,1800.0
225.2,mission_cruise,72.49694274596999,2500.0,43.751528627015006,4259.1,822.7,833.6,834.4,826.5,190.6,190.9,195.0,196.7,2.91,89.1,3.462,4262.8,825.0,833.0,836.0,826.0,190.1,191.6,195.1,196.1,2.9,89.2,3.455,-1.2,0.957,1,oil_leak,0,0.55,0.5,1800.0
225.3,mission_cruise,72.4958310172318,2500.0,43.7520844913841,4266.9,824.4,834.3,834.3,825.0,190.3,191.0,194.4,195.9,2.92,88.8,3.464,4262.8,825.0,833.0,836.0,826.0,190.1,191.6,195.1,196.1,2.9,89.2,3.455,-1.2,0.957,1,oil_leak,0,0.55,0.5,1800.0
225.4,mission_cruise,72.49471928849361,2500.0,43.75264035575319,4257.4,827.4,832.0,836.5,828.0,189.2,191.7,195.9,196.7,2.92,89.0,3.46,4262.7,825.0,833.0,836.0,826.0,190.1,191.6,195.1,196.1,2.9,89.2,3.455,-1.2,0.957,1,oil_leak,0,0.55,0.5,1800.0
225.5,mission_cruise,72.49360755975542,2500.0,43.75319622012229,4258.5,825.3,830.7,837.2,827.9,189.8,191.9,194.7,196.8,2.88,89.0,3.524,4262.7,825.0,833.0,836.0,826.0,190.1,191.6,195.1,196.1,2.9,89.2,3.455,-1.2,0.957,1,oil_leak,0,0.55,0.5,1800.0
225.6,mission_cruise,72.49249583101724,2500.0,43.75375208449138,4265.7,823.5,833.3,835.0,828.9,190.6,192.6,195.6,195.5,2.88,89.7,3.495,4262.6,824.9,832.9,835.9,825.9,190.1,191.6,195.1,196.1,2.9,89.2,3.455,-1.2,0.957,1,oil_leak,0,0.55,0.5,1800.0
225.7,mission_cruise,72.49138410227904,2500.0,43.75430794886048,4260.4,825.4,831.6,835.6,825.0,191.3,192.7,195.5,196.3,2.91,88.1,3.483,4262.6,824.9,832.9,835.9,825.9,190.1,191.6,195.1,196.1,2.9,89.3,3.454,-1.2,0.957,1,oil_leak,0,0.55,0.5,1800.0
225.8,mission_cruise,72.49027237354086,2500.0,43.75486381322957,4254.1,824.7,833.8,838.6,826.3,190.0,191.1,195.3,196.0,2.85,88.6,3.448,4262.6,824.9,832.9,835.9,825.9,190.1,191.6,195.1,196.1,2.9,89.3,3.454,-1.2,0.957,1,oil_leak,0,0.55,0.5,1800.0
225.9,mission_cruise,72.48916064480267,2500.0,43.75541967759867,4263.8,824.4,831.9,835.1,825.7,190.4,191.0,195.7,195.3,2.89,89.9,3.441,4262.5,824.9,832.9,835.9,825.9,190.1,191.6,195.1,196.1,2.9,89.3,3.454,-1.2,0.957,1,oil_leak,0,0.55,0.5,1800.0
226.0,mission_cruise,72.48804891606449,2500.0,43.75597554196776,4251.3,827.8,833.1,835.5,824.0,188.8,191.6,195.3,195.2,2.89,89.4,3.447,4262.5,824.9,832.9,835.9,825.9,190.1,191.6,195.1,196.1,2.9,89.3,3.454,-1.2,0.957,1,oil_leak,0,0.55,0.5,1800.0
226.1,mission_cruise,72.48693718732629,2500.0,43.756531406336855,4265.0,825.9,833.7,836.4,828.3,190.2,191.5,195.2,196.4,2.88,89.4,3.475,4262.5,824.9,832.9,835.9,825.9,190.1,191.6,195.1,196.1,2.9,89.3,3.454,-1.2,0.957,1,oil_leak,0,0.55,0.5,1800.0
226.2,mission_cruise,72.48582545858811,2500.0,43.757087270705945,4256.3,823.7,829.7,835.2,825.3,189.4,191.7,196.1,196.9,2.88,88.7,3.457,4262.4,824.9,832.9,835.9,825.9,190.1,191.6,195.1,196.1,2.9,89.3,3.454,-1.2,0.957,1,oil_leak,0,0.55,0.5,1800.0
226.3,mission_cruise,72.48471372984991,2500.0,43.75764313507504,4272.3,825.4,832.0,834.8,827.9,189.9,192.8,195.1,195.5,2.87,89.1,3.475,4262.4,824.9,832.9,835.9,825.9,190.1,191.6,195.1,196.1,2.9,89.3,3.454,-1.2,0.957,1,oil_leak,0,0.55,0.5,1800.0
226.4,mission_cruise,72.48360200111173,2500.0,43.75819899944413,4261.9,825.2,832.3,838.3,826.8,190.4,192.1,195.3,195.8,2.86,88.9,3.483,4262.4,824.9,832.9,835.9,825.9,190.1,191.6,195.1,196.1,2.9,89.3,3.454,-1.2,0.957,1,oil_leak,0,0.55,0.5,1800.0
226.5,mission_cruise,72.48249027237354,2500.0,43.75875486381323,4257.1,825.0,832.8,836.3,825.7,189.9,191.3,194.7,195.3,2.86,89.2,3.446,4262.3,824.9,832.9,835.9,825.9,190.1,191.6,195.1,196.1,2.9,89.3,3.454,-1.2,0.957,1,oil_leak,0,0.55,0.5,1800.0
226.6,mission_cruise,72.48137854363536,2500.0,43.75931072818232,4265.5,823.4,836.2,834.7,822.8,189.8,191.6,195.2,196.2,2.9,89.2,3.482,4262.3,824.9,832.9,835.9,825.9,190.1,191.6,195.1,196.1,2.89,89.3,3.454,-1.2,0.957,1,oil_leak,0,0.55,0.5,1800.0
226.7,mission_cruise,72.48026681489716,2500.0,43.75986659255142,4266.4,824.0,832.7,835.9,825.0,188.4,192.2,193.7,195.9,2.88,89.4,3.485,4262.3,824.9,832.9,835.9,825.9,190.1,191.6,195.1,196.1,2.89,89.3,3.454,-1.2,0.957,1,oil_leak,0,0.55,0.5,1800.0
226.8,mission_cruise,72.47915508615898,2500.0,43.76042245692051,4270.2,825.9,833.7,835.8,829.1,189.9,190.4,195.6,195.2,2.94,89.2,3.482,4262.2,824.9,832.9,835.9,825.9,190.1,191.6,195.1,196.1,2.89,89.3,3.454,-1.2,0.957,1,oil_leak,0,0.55,0.5,1800.0
226.9,mission_cruise,72.47804335742079,2500.0,43.760978321289606,4269.3,827.0,830.6,834.6,824.5,189.6,191.2,195.3,196.5,2.94,89.5,3.496,4262.2,824.9,832.9,835.9,825.9,190.1,191.6,195.1,196.1,2.89,89.3,3.454,-1.2,0.957,1,oil_leak,0,0.55,0.5,1800.0
227.0,mission_cruise,72.4769316286826,2500.0,43.7615341856587,4264.8,826.7,834.5,838.2,825.8,190.9,191.2,195.8,197.1,2.9,89.2,3.402,4262.1,824.9,832.9,835.9,825.9,190.1,191.6,195.1,196.1,2.89,89.3,3.454,-1.2,0.957,1,oil_leak,0,0.55,0.5,1800.0
227.1,mission_cruise,72.47581989994441,2500.0,43.762090050027794,4265.8,824.9,832.9,833.4,823.9,190.3,191.8,195.2,196.2,2.95,89.0,3.5,4262.1,824.9,832.9,835.9,825.9,190.1,191.6,195.1,196.1,2.89,89.3,3.454,-1.2,0.957,1,oil_leak,0,0.55,0.5,1800.0
227.2,mission_cruise,72.47470817120623,2500.0,43.762645914396884,4252.5,825.6,833.2,835.8,827.7,189.4,190.4,195.4,195.3,2.85,89.5,3.462,4262.1,824.9,832.9,835.9,825.9,190.1,191.6,195.1,196.1,2.89,89.3,3.454,-1.2,0.957,1,oil_leak,0,0.55,0.5,1800.0
227.3,mission_cruise,72.47359644246804,2500.0,43.76320177876598,4270.2,825.3,834.8,836.5,824.2,190.3,191.5,195.4,196.3,2.91,88.9,3.505,4262.0,824.9,832.9,835.9,825.9,190.1,191.6,195.1,196.1,2.89,89.3,3.454,-1.2,0.957,1,oil_leak,0,0.55,0.5,1800.0
227.4,mission_cruise,72.47248471372986,2500.0,43.76375764313507,4261.8,825.7,833.7,836.5,826.3,190.3,191.4,195.0,195.8,2.89,88.9,3.476,4262.0,824.9,832.9,835.9,825.9,190.1,191.6,195.1,196.1,2.89,89.3,3.454,-1.2,0.957,1,oil_leak,0,0.55,0.5,1800.0
227.5,mission_cruise,72.47137298499166,2500.0,43.76431350750417,4259.4,826.0,831.5,834.1,824.1,190.5,191.3,196.4,195.8,2.93,89.4,3.483,4262.0,824.9,832.9,835.9,825.9,190.1,191.6,195.1,196.1,2.89,89.3,3.454,-1.2,0.957,1,oil_leak,0,0.55,0.5,1800.0
227.6,mission_cruise,72.47026125625348,2500.0,43.76486937187326,4251.0,824.7,833.8,838.2,824.7,190.3,191.7,195.5,195.1,2.91,89.6,3.418,4261.9,824.9,832.9,835.9,825.9,190.1,191.6,195.1,196.1,2.89,89.3,3.454,-1.2,0.957,1,oil_leak,0,0.55,0.5,1800.0
227.7,mission_cruise,72.46914952751528,2500.0,43.76542523624236,4258.4,824.9,829.8,836.8,824.5,190.4,190.7,195.3,196.2,2.92,89.7,3.437,4261.9,824.9,832.9,835.9,825.9,190.1,191.6,195.1,196.1,2.89,89.4,3.454,-1.2,0.957,1,oil_leak,0,0.55,0.5,1800.0
227.8,mission_cruise,72.4680377987771,2500.0,43.76598110061145,4259.1,824.7,831.5,836.1,827.0,191.0,192.1,194.2,195.5,2.9,89.1,3.418,4261.9,824.9,832.9,835.9,825.9,190.1,191.6,195.1,196.1,2.89,89.4,3.454,-1.2,0.957,1,oil_leak,0,0.55,0.5,1800.0
227.9,mission_cruise,72.46692607003891,2500.0,43.766536964980546,4255.0,824.6,833.2,837.3,825.5,190.7,192.0,196.5,196.3,2.89,89.5,3.474,4261.8,824.9,832.9,835.9,825.9,190.1,191.6,195.1,196.1,2.89,89.4,3.454,-1.2,0.957,1,oil_leak,0,0.55,0.5,1800.0
228.0,mission_cruise,72.46581434130073,2500.0,43.767092829349636,4261.1,828.4,833.3,839.3,824.4,189.4,190.7,194.8,195.5,2.91,88.8,3.428,4261.8,824.9,832.9,835.9,825.9,190.1,191.6,195.1,196.1,2.89,89.4,3.453,-1.2,0.957,1,oil_leak,0,0.55,0.5,1800.0
228.1,mission_cruise,72.46470261256253,2500.0,43.76764869371873,4263.2,825.7,832.6,835.3,824.1,189.5,191.9,194.3,195.6,2.89,89.9,3.484,4261.8,824.9,832.9,835.9,825.9,190.1,191.6,195.1,196.1,2.89,89.4,3.453,-1.2,0.957,1,oil_leak,0,0.55,0.5,1800.0
228.2,mission_cruise,72.46359088382435,2500.0,43.768204558087824,4262.3,824.5,832.7,834.6,827.1,190.1,192.1,194.6,195.0,2.92,89.7,3.451,4261.7,824.9,832.9,835.9,825.9,190.1,191.6,195.1,196.1,2.89,89.4,3.453,-1.2,0.957,1,oil_leak,0,0.55,0.5,1800.0
228.3,mission_cruise,72.46247915508616,2500.0,43.76876042245692,4258.2,823.4,834.7,836.1,825.5,189.8,190.1,195.4,195.2,2.84,89.0,3.454,4261.7,824.9,832.9,835.9,825.9,190.1,191.6,195.1,196.1,2.89,89.4,3.453,-1.2,0.957,1,oil_leak,0,0.55,0.5,1800.0
228.4,mission_cruise,72.46136742634798,2500.0,43.76931628682601,4249.6,825.1,835.1,836.0,824.9,189.6,192.9,195.2,195.7,2.89,89.0,3.466,4261.6,824.9,832.9,835.9,825.9,190.1,191.6,195.1,196.1,2.89,89.4,3.453,-1.2,0.957,1,oil_leak,0,0.55,0.5,1800.0
228.5,mission_cruise,72.46025569760978,2500.0,43.76987215119511,4256.9,827.1,831.2,835.1,825.1,189.6,192.4,194.9,196.3,2.93,89.2,3.455,4261.6,824.9,832.9,835.9,825.9,190.1,191.6,195.1,196.1,2.89,89.4,3.453,-1.2,0.957,1,oil_leak,0,0.55,0.5,1800.0
228.6,mission_cruise,72.4591439688716,2500.0,43.7704280155642,4261.6,826.3,833.1,835.4,826.1,190.7,191.4,195.0,196.8,2.87,89.3,3.407,4261.6,824.9,832.9,835.9,825.9,190.1,191.6,195.1,196.1,2.89,89.4,3.453,-1.2,0.957,1,oil_leak,0,0.55,0.5,1800.0
228.7,mission_cruise,72.4580322401334,2500.0,43.7709838799333,4253.1,825.9,831.9,835.8,824.8,190.3,192.4,195.1,195.7,2.9,88.6,3.421,4261.5,824.9,832.9,835.9,825.9,190.1,191.6,195.1,196.1,2.89,89.4,3.453,-1.2,0.957,1,oil_leak,0,0.55,0.5,1800.0
228.8,mission_cruise,72.45692051139523,2500.0,43.77153974430239,4264.2,826.4,833.0,837.8,826.2,190.2,191.9,194.6,195.8,2.91,89.5,3.437,4261.5,824.9,832.9,835.9,825.9,190.1,191.6,195.1,196.1,2.89,89.4,3.453,-1.2,0.957,1,oil_leak,0,0.55,0.5,1800.0
228.9,mission_cruise,72.45580878265703,2500.0,43.772095608671485,4269.5,822.0,835.0,836.7,827.1,190.2,191.9,195.4,195.3,2.91,89.6,3.49,4261.5,824.9,832.9,835.9,825.9,190.1,191.6,195.1,196.1,2.89,89.4,3.453,-1.2,0.957,1,oil_leak,0,0.55,0.5,1800.0
229.0,mission_cruise,72.45469705391885,2500.0,43.772651473040575,4258.8,825.0,835.0,835.0,826.7,190.3,192.7,193.9,195.9,2.94,88.7,3.484,4261.4,824.9,832.9,835.9,825.9,190.1,191.6,195.1,196.1,2.89,89.4,3.453,-1.2,0.957,1,oil_leak,0,0.55,0.5,1800.0
229.1,mission_cruise,72.45358532518065,2500.0,43.77320733740967,4264.1,828.3,833.8,835.2,826.2,190.0,190.9,195.7,195.1,2.93,89.0,3.457,4261.4,824.9,832.9,835.9,825.9,190.1,191.6,195.1,196.1,2.89,89.4,3.453,-1.2,0.957,1,oil_leak,0,0.55,0.5,1800.0
229.2,mission_cruise,72.45247359644247,2500.0,43.77376320177876,4258.8,823.6,833.5,839.1,823.1,189.7,190.2,195.4,196.5,2.91,89.6,3.454,4261.4,824.9,832.9,835.9,825.9,190.1,191.6,195.1,196.1,2.89,89.4,3.453,-1.2,0.957,1,oil_leak,0,0.55,0.5,1800.0
229.3,mission_cruise,72.45136186770428,2500.0,43.77431906614786,4255.1,825.2,833.7,835.5,825.0,190.1,191.5,194.8,196.9,2.89,89.3,3.445,4261.3,824.9,832.9,835.9,825.9,190.1,191.6,195.1,196.1,2.89,89.4,3.453,-1.2,0.957,1,oil_leak,0,0.55,0.5,1800.0
229.4,mission_cruise,72.4502501389661,2500.0,43.77487493051695,4258.7,827.1,834.2,836.6,824.4,190.2,191.0,195.5,197.4,2.94,89.4,3.41,4261.3,824.9,832.9,835.9,825.9,190.1,191.6,195.1,196.1,2.89,89.4,3.453,-1.2,0.957,1,oil_leak,0,0.55,0.5,1800.0
229.5,mission_cruise,72.4491384102279,2500.0,43.77543079488605,4262.4,824.2,833.6,836.9,826.4,191.3,190.8,194.6,195.6,2.94,90.0,3.491,4261.2,824.9,832.9,835.9,825.9,190.1,191.6,195.1,196.1,2.89,89.4,3.453,-1.2,0.957,1,oil_leak,0,0.55,0.5,1800.0
229.6,mission_cruise,72.44802668148972,2500.0,43.77598665925514,4269.6,825.2,833.7,833.5,826.2,190.4,190.6,195.5,195.1,2.88,89.2,3.442,4261.2,824.9,832.9,835.9,825.9,190.1,191.6,195.1,196.1,2.89,89.4,3.453,-1.2,0.957,1,oil_leak,0,0.55,0.5,1800.0
229.7,mission_cruise,72.44691495275153,2500.0,43.77654252362424,4257.9,827.1,832.6,836.0,825.6,190.1,190.4,194.4,196.4,2.91,88.5,3.435,4261.2,824.9,832.9,835.9,825.9,190.1,191.6,195.1,196.1,2.89,89.4,3.453,-1.2,0.957,1,oil_leak,0,0.55,0.5,1800.0
229.8,mission_cruise,72.44580322401335,2500.0,43.77709838799333,4263.7,825.3,834.1,835.2,825.7,191.2,192.1,195.6,196.3,2.86,89.4,3.486,4261.1,824.9,832.9,835.9,825.9,190.1,191.6,195.1,196.1,2.89,89.4,3.453,-1.2,0.957,1,oil_leak,0,0.55,0.5,1800.0
229.9,mission_cruise,72.44469149527515,2500.0,43.777654252362424,4258.7,824.8,831.5,835.3,826.2,189.7,191.2,195.1,195.7,2.88,88.7,3.436,4261.1,824.9,832.9,835.9,825.9,190.1,191.6,195.1,196.1,2.89,89.5,3.453,-1.2,0.957,1,oil_leak,0,0.55,0.5,1800.0
230.0,mission_cruise,72.44357976653697,2500.0,43.778210116731515,4254.1,825.0,831.1,835.0,825.9,190.1,190.9,195.2,195.5,2.86,89.3,3.42,4261.1,824.9,832.9,835.9,825.9,190.1,191.6,195.1,196.1,2.89,89.5,3.453,-1.2,0.957,1,oil_leak,0,0.55,0.5,1800.0
230.1,mission_cruise,72.44246803779878,2500.0,43.77876598110061,4270.6,826.3,833.3,833.8,824.2,189.9,191.6,194.5,196.4,2.92,90.0,3.437,4261.0,824.9,832.9,835.9,825.9,190.1,191.6,195.1,196.1,2.89,89.5,3.453,-1.2,0.957,1,oil_leak,0,0.55,0.5,1800.0
230.2,mission_cruise,72.4413563090606,2500.0,43.7793218454697,4260.7,825.0,833.4,836.9,825.3,189.4,190.7,196.0,196.4,2.89,89.2,3.458,4261.0,824.9,832.9,835.9,825.9,190.1,191.6,195.1,196.1,2.89,89.5,3.453,-1.2,0.957,1,oil_leak,0,0.55,0.5,1800.0
230.3,mission_cruise,72.4402445803224,2500.0,43.7798777098388,4253.2,824.6,833.1,837.4,825.9,190.5,191.1,195.3,196.1,2.86,89.8,3.459,4261.0,824.9,832.9,835.9,825.9,190.1,191.6,195.1,196.1,2.89,89.5,3.452,-1.2,0.957,1,oil_leak,0,0.55,0.5,1800.0
230.4,mission_cruise,72.43913285158422,2500.0,43.78043357420789,4265.9,822.6,832.1,836.7,823.4,189.4,189.8,195.4,195.8,2.91,89.5,3.438,4260.9,824.9,832.9,835.9,825.9,190.1,191.6,195.1,196.1,2.89,89.5,3.452,-1.2,0.957,1,oil_leak,0,0.55,0.5,1800.0
230.5,mission_cruise,72.43802112284602,2500.0,43.78098943857699,4266.8,825.0,833.8,835.7,825.6,190.3,190.8,194.5,196.0,2.91,89.3,3.493,4260.9,824.9,832.9,835.9,825.9,190.1,191.6,195.1,196.1,2.89,89.5,3.452,-1.2,0.957,1,oil_leak,0,0.55,0.5,1800.0
230.6,mission_cruise,72.43690939410784,2500.0,43.78154530294608,4267.6,827.3,833.3,835.2,824.9,189.4,191.5,194.5,195.5,2.9,89.8,3.415,4260.9,824.9,832.9,835.9,825.9,190.1,191.6,195.1,196.1,2.89,89.5,3.452,-1.2,0.957,1,oil_leak,0,0.55,0.5,1800.0
230.7,mission_cruise,72.43579766536965,2500.0,43.782101167315176,4266.7,828.1,835.9,836.7,828.3,190.1,190.3,195.4,195.4,2.85,89.4,3.47,4260.8,824.8,832.8,835.8,825.8,190.1,191.6,195.1,196.1,2.89,89.5,3.452,-1.2,0.957,1,oil_leak,0,0.55,0.5,1800.0
230.8,mission_cruise,72.43468593663147,2500.0,43.782657031684266,4263.0,824.3,834.3,837.2,823.8,190.8,190.2,195.5,196.6,2.86,88.8,3.476,4260.8,824.8,832.8,835.8,825.8,190.1,191.6,195.1,196.1,2.89,89.5,3.452,-1.2,0.957,1,oil_leak,0,0.55,0.5,1800.0
230.9,mission_cruise,72.43357420789327,2500.0,43.783212896053364,4269.1,824.6,833.6,836.3,827.6,190.2,192.3,195.1,196.4,2.87,89.1,3.4,4260.7,824.8,832.8,835.8,825.8,190.1,191.6,195.1,196.1,2.89,89.5,3.452,-1.2,0.957,1,oil_leak,0,0.55,0.5,1800.0
231.0,mission_cruise,72.43246247915509,2500.0,43.783768760422454,4264.6,827.0,832.5,836.6,825.0,189.1,192.4,194.2,196.2,2.88,88.7,3.488,4260.7,824.8,832.8,835.8,825.8,190.1,191.6,195.1,196.1,2.89,89.5,3.452,-1.2,0.957,1,oil_leak,0,0.55,0.5,1800.0
231.1,mission_cruise,72.4313507504169,2500.0,43.78432462479155,4264.0,826.9,831.5,835.6,826.8,189.3,190.8,193.8,196.3,2.88,89.8,3.463,4260.7,824.8,832.8,835.8,825.8,190.1,191.6,195.1,196.1,2.89,89.5,3.452,-1.2,0.957,1,oil_leak,0,0.55,0.5,1800.0
231.2,mission_cruise,72.43023902167872,2500.0,43.78488048916064,4274.7,823.4,833.9,833.1,827.0,189.5,192.0,194.2,195.3,2.85,89.9,3.434,4260.6,824.8,832.8,835.8,825.8,190.1,191.6,195.1,196.1,2.89,89.5,3.452,-1.2,0.957,1,oil_leak,0,0.55,0.5,1800.0
231.3,mission_cruise,72.42912729294052,2500.0,43.78543635352974,4268.9,823.8,834.1,836.2,823.3,191.2,192.1,195.1,195.6,2.89,89.9,3.47,4260.6,824.8,832.8,835.8,825.8,190.1,191.6,195.1,196.1,2.89,89.5,3.452,-1.2,0.957,1,oil_leak,0,0.55,0.5,1800.0
231.4,mission_cruise,72.42801556420234,2500.0,43.78599221789883,4255.5,825.6,831.4,836.5,825.1,189.5,191.8,194.0,196.0,2.89,89.9,3.466,4260.6,824.8,832.8,835.8,825.8,190.1,191.6,195.1,196.1,2.89,89.5,3.452,-1.2,0.957,1,oil_leak,0,0.55,0.5,1800.0
231.5,mission_cruise,72.42690383546415,2500.0,43.78654808226793,4260.4,825.0,832.3,837.9,828.2,190.6,191.8,195.4,196.3,2.88,89.7,3.453,4260.5,824.8,832.8,835.8,825.8,190.1,191.6,195.1,196.1,2.89,89.5,3.452,-1.2,0.957,1,oil_leak,0,0.55,0.5,1800.0
231.6,mission_cruise,72.42579210672596,2500.0,43.78710394663702,4258.0,825.7,831.5,835.7,826.1,191.1,191.2,195.2,196.9,2.92,89.4,3.475,4260.5,824.8,832.8,835.8,825.8,190.1,191.6,195.1,196.1,2.89,89.5,3.452,-1.2,0.957,1,oil_leak,0,0.55,0.5,1800.0
231.7,mission_cruise,72.42468037798777,2500.0,43.787659811006115,4259.0,826.5,830.0,834.0,826.8,190.5,192.1,196.2,195.9,2.91,89.7,3.484,4260.5,824.8,832.8,835.8,825.8,190.1,191.6,195.1,196.1,2.89,89.5,3.452,-1.2,0.957,1,oil_leak,0,0.55,0.5,1800.0
231.8,mission_cruise,72.42356864924959,2500.0,43.788215675375206,4275.0,825.8,834.8,834.0,826.1,189.1,191.3,195.6,196.1,2.91,89.6,3.469,4260.4,824.8,832.8,835.8,825.8,190.1,191.6,195.1,196.1,2.89,89.5,3.452,-1.2,0.957,1,oil_leak,0,0.55,0.5,1800.0
231.9,mission_cruise,72.4224569205114,2500.0,43.7887715397443,4266.2,821.5,834.1,834.4,826.8,189.9,190.3,195.5,194.7,2.85,89.4,3.46,4260.4,824.8,832.8,835.8,825.8,190.1,191.6,195.1,196.1,2.89,89.5,3.452,-1.2,0.957,1,oil_leak,0,0.55,0.5,1800.0
232.0,mission_cruise,72.42134519177321,2500.0,43.78932740411339,4266.6,825.0,830.3,835.5,823.7,189.7,191.9,194.9,195.9,2.9,88.7,3.457,4260.4,824.8,832.8,835.8,825.8,190.1,191.6,195.1,196.1,2.89,89.5,3.452,-1.2,0.957,1,oil_leak,0,0.55,0.5,1800.0
232.1,mission_cruise,72.42023346303502,2500.0,43.78988326848249,4255.2,824.3,833.4,835.3,825.9,189.4,191.5,195.7,196.8,2.85,89.8,3.494,4260.3,824.8,832.8,835.8,825.8,190.1,191.6,195.1,196.1,2.89,89.5,3.452,-1.2,0.957,1,oil_leak,0,0.55,0.5,1800.0
232.2,mission_cruise,72.41912173429684,2500.0,43.79043913285158,4258.7,823.0,832.7,836.4,826.2,189.7,190.6,195.0,196.4,2.91,89.9,3.441,4260.3,824.8,832.8,835.8,825.8,190.1,191.6,195.1,196.1,2.89,89.6,3.452,-1.2,0.957,1,oil_leak,0,0.55,0.5,1800.0
232.3,mission_cruise,72.41801000555864,2500.0,43.79099499722068,4259.4,823.3,833.3,833.9,825.8,189.8,191.8,194.9,195.6,2.9,90.0,3.441,4260.2,824.8,832.8,835.8,825.8,190.1,191.6,195.1,196.1,2.89,89.6,3.452,-1.2,0.957,1,oil_leak,0,0.55,0.5,1800.0
232.4,mission_cruise,72.41689827682046,2500.0,43.79155086158977,4264.2,827.1,831.3,833.9,826.7,189.7,192.4,194.8,196.2,2.9,89.0,3.436,4260.2,824.8,832.8,835.8,825.8,190.1,191.6,195.1,196.1,2.89,89.6,3.452,-1.2,0.957,1,oil_leak,0,0.55,0.5,1800.0
232.5,mission_cruise,72.41578654808227,2500.0,43.79210672595887,4260.5,824.4,833.7,837.5,825.1,190.0,191.6,194.0,196.8,2.88,89.9,3.473,4260.2,824.8,832.8,835.8,825.8,190.1,191.6,195.1,196.1,2.89,89.6,3.452,-1.2,0.957,1,oil_leak,0,0.55,0.5,1800.0
232.6,mission_cruise,72.41467481934409,2500.0,43.79266259032796,4254.3,825.7,835.2,837.7,825.8,190.6,192.8,195.6,196.4,2.9,89.7,3.511,4260.1,824.8,832.8,835.8,825.8,190.1,191.6,195.1,196.1,2.89,89.6,3.451,-1.2,0.957,1,oil_leak,0,0.55,0.5,1800.0
232.7,mission_cruise,72.41356309060589,2500.0,43.793218454697055,4254.5,824.4,832.9,833.1,827.6,189.1,190.8,195.2,195.8,2.96,89.6,3.478,4260.1,824.8,832.8,835.8,825.8,190.1,191.6,195.1,196.1,2.89,89.6,3.451,-1.2,0.957,1,oil_leak,0,0.55,0.5,1800.0
232.8,mission_cruise,72.41245136186771,2500.0,43.793774319066145,4258.3,823.2,832.5,834.2,824.3,189.5,191.3,194.3,196.1,2.92,89.4,3.451,4260.1,824.8,832.8,835.8,825.8,190.1,191.6,195.1,196.1,2.89,89.6,3.451,-1.2,0.957,1,oil_leak,0,0.55,0.5,1800.0
232.9,mission_cruise,72.41133963312951,2500.0,43.79433018343524,4256.9,825.6,831.6,835.9,825.2,189.4,192.2,194.8,195.0,2.9,89.8,3.466,4260.0,824.8,832.8,835.8,825.8,190.1,191.6,195.1,196.1,2.89,89.6,3.451,-1.2,0.957,1,oil_leak,0,0.55,0.5,1800.0
233.0,mission_cruise,72.41022790439133,2500.0,43.79488604780433,4258.7,828.2,833.1,837.3,825.0,189.8,190.9,194.4,195.8,2.88,89.2,3.419,4260.0,824.8,832.8,835.8,825.8,190.1,191.6,195.1,196.1,2.89,89.6,3.451,-1.2,0.957,1,oil_leak,0,0.55,0.5,1800.0
233.1,mission_cruise,72.40911617565314,2500.0,43.79544191217343,4248.9,826.5,836.9,833.3,824.1,189.9,191.5,195.7,196.7,2.92,90.0,3.453,4260.0,824.8,832.8,835.8,825.8,190.1,191.6,195.1,196.1,2.89,89.6,3.451,-1.2,0.957,1,oil_leak,0,0.55,0.5,1800.0
233.2,mission_cruise,72.40800444691496,2500.0,43.79599777654252,4267.7,827.2,832.6,834.1,827.5,190.5,191.9,195.2,195.9,2.9,90.0,3.43,4259.9,824.8,832.8,835.8,825.8,190.1,191.6,195.1,196.1,2.89,89.6,3.451,-1.2,0.957,1,oil_leak,0,0.55,0.5,1800.0
233.3,mission_cruise,72.40689271817676,2500.0,43.79655364091162,4263.1,824.4,834.6,837.0,826.4,190.6,191.8,195.5,197.0,2.89,89.4,3.457,4259.9,824.8,832.8,835.8,825.8,190.1,191.6,195.1,196.1,2.89,89.6,3.451,-1.2,0.957,1,oil_leak,0,0.55,0.5,1800.0
233.4,mission_cruise,72.40578098943858,2500.0,43.79710950528071,4258.5,824.1,833.3,837.1,828.1,191.1,191.6,194.1,196.9,2.89,89.6,3.41,4259.9,824.8,832.8,835.8,825.8,190.1,191.6,195.1,196.1,2.89,89.6,3.451,-1.2,0.957,1,oil_leak,0,0.55,0.5,1800.0
233.5,mission_cruise,72.40466926070039,2500.0,43.797665369649806,4257.4,824.7,834.5,835.3,826.7,188.7,190.5,195.0,196.7,2.94,89.5,3.47,4259.8,824.8,832.8,835.8,825.8,190.1,191.6,195.1,196.1,2.89,89.6,3.451,-1.2,0.957,1,oil_leak,0,0.55,0.5,1800.0
233.6,mission_cruise,72.4035575319622,2500.0,43.7982212340189,4263.7,825.8,833.4,835.5,823.7,189.3,191.3,195.5,196.8,2.86,89.4,3.453,4259.8,824.8,832.8,835.8,825.8,190.1,191.6,195.1,196.1,2.89,89.6,3.451,-1.2,0.957,1,oil_leak,0,0.55,0.5,1800.0
233.7,mission_cruise,72.40244580322401,2500.0,43.798777098387994,4263.3,825.0,831.0,835.7,826.0,189.5,191.4,195.5,195.6,2.88,89.6,3.47,4259.7,824.8,832.8,835.8,825.8,190.1,191.6,195.1,196.1,2.89,89.6,3.451,-1.2,0.957,1,oil_leak,0,0.55,0.5,1800.0
233.8,mission_cruise,72.40133407448583,2500.0,43.799332962757084,4254.2,822.3,834.8,836.3,826.7,189.1,192.0,195.3,196.2,2.86,89.2,3.443,4259.7,824.8,832.8,835.8,825.8,190.1,191.6,195.1,196.1,2.89,89.6,3.451,-1.2,0.957,1,oil_leak,0,0.55,0.5,1800.0
233.9,mission_cruise,72.40022234574764,2500.0,43.79988882712618,4263.9,827.2,832.8,837.0,824.6,189.2,192.0,195.6,196.1,2.91,90.4,3.392,4259.7,824.8,832.8,835.8,825.8,190.1,191.6,195.1,196.1,2.89,89.6,3.451,-1.2,0.957,1,oil_leak,0,0.55,0.5,1800.0
234.0,mission_cruise,72.39911061700946,2500.0,43.80044469149527,4253.8,825.6,833.0,835.6,827.1,190.0,191.4,195.7,196.4,2.91,89.8,3.415,4259.6,824.8,832.8,835.8,825.8,190.1,191.6,195.1,196.1,2.89,89.6,3.451,-1.2,0.957,1,oil_leak,0,0.55,0.5,1800.0
234.1,mission_cruise,72.39799888827126,2500.0,43.80100055586437,4263.6,823.6,833.2,835.7,823.5,189.3,191.5,195.0,195.5,2.91,89.6,3.448,4259.6,824.8,832.8,835.8,825.8,190.1,191.6,195.1,196.1,2.89,89.6,3.451,-1.2,0.957,1,oil_leak,0,0.55,0.5,1800.0
234.2,mission_cruise,72.39688715953308,2500.0,43.80155642023346,4260.8,824.3,832.7,835.2,823.9,189.7,192.0,195.3,196.6,2.88,89.9,3.446,4259.6,824.8,832.8,835.8,825.8,190.0,191.5,195.0,196.0,2.89,89.6,3.451,-1.2,0.957,1,oil_leak,0,0.55,0.5,1800.0
234.3,mission_cruise,72.39577543079488,2500.0,43.80211228460256,4249.3,825.4,833.6,834.7,825.7,190.3,192.4,195.6,195.6,2.85,89.4,3.419,4259.5,824.8,832.8,835.8,825.8,190.0,191.5,195.0,196.0,2.89,89.6,3.451,-1.2,0.957,1,oil_leak,0,0.55,0.5,1800.0
234.4,mission_cruise,72.3946637020567,2500.0,43.80266814897165,4271.7,825.3,829.4,832.7,826.7,190.1,191.6,195.3,195.0,2.86,89.5,3.481,4259.5,824.8,832.8,835.8,825.8,190.0,191.5,195.0,196.0,2.89,89.6,3.451,-1.2,0.957,1,oil_leak,0,0.55,0.5,1800.0
234.5,mission_cruise,72.39355197331851,2500.0,43.803224013340746,4259.2,824.5,832.3,836.3,825.2,189.7,192.1,194.2,196.8,2.89,90.0,3.46,4259.5,824.8,832.8,835.8,825.8,190.0,191.5,195.0,196.0,2.89,89.6,3.451,-1.2,0.957,1,oil_leak,0,0.55,0.5,1800.0
234.6,mission_cruise,72.39244024458033,2500.0,43.803779877709836,4258.5,825.5,830.1,835.8,825.3,191.0,191.3,195.4,195.0,2.9,89.9,3.475,4259.4,824.8,832.8,835.8,825.8,190.0,191.5,195.0,196.0,2.89,89.7,3.451,-1.2,0.957,1,oil_leak,0,0.55,0.5,1800.0
234.7,mission_cruise,72.39132851584213,2500.0,43.80433574207893,4263.9,826.8,830.5,833.4,825.9,190.4,192.1,195.0,196.4,2.87,89.5,3.428,4259.4,824.8,832.8,835.8,825.8,190.0,191.5,195.0,196.0,2.89,89.7,3.451,-1.2,0.957,1,oil_leak,0,0.55,0.5,1800.0
234.8,mission_cruise,72.39021678710395,2500.0,43.804891606448024,4252.6,822.3,834.0,836.4,826.8,189.4,191.5,194.3,195.8,2.9,89.8,3.423,4259.3,824.8,832.8,835.8,825.8,190.0,191.5,195.0,196.0,2.89,89.7,3.45,-1.2,0.957,1,oil_leak,0,0.55,0.5,1800.0
234.9,mission_cruise,72.38910505836576,2500.0,43.80544747081712,4266.4,824.9,834.5,837.3,826.6,189.4,192.3,195.5,196.1,2.9,89.1,3.452,4259.3,824.8,832.8,835.8,825.8,190.0,191.5,195.0,196.0,2.89,89.7,3.45,-1.2,0.957,1,oil_leak,0,0.55,0.5,1800.0
235.0,mission_cruise,72.38799332962758,2500.0,43.80600333518621,4260.0,823.5,835.9,834.3,825.4,189.5,190.7,195.2,196.4,2.9,88.5,3.434,4259.3,824.8,832.8,835.8,825.8,190.0,191.5,195.0,196.0,2.89,89.7,3.45,-1.2,0.957,1,oil_leak,0,0.55,0.5,1800.0
235.1,mission_cruise,72.38688160088938,2500.0,43.80655919955531,4257.6,825.6,832.4,833.8,826.4,189.6,192.0,195.0,195.8,2.89,89.0,3.469,4259.2,824.8,832.8,835.8,825.8,190.0,191.5,195.0,196.0,2.89,89.7,3.45,-1.2,0.957,1,oil_leak,0,0.55,0.5,1800.0
235.2,mission_cruise,72.3857698721512,2500.0,43.8071150639244,4267.3,824.2,833.3,839.2,827.0,190.2,191.4,195.3,196.7,2.94,89.4,3.457,4259.2,824.8,832.8,835.8,825.8,190.0,191.5,195.0,196.0,2.89,89.7,3.45,-1.2,0.957,1,oil_leak,0,0.55,0.5,1800.0
235.3,mission_cruise,72.384658143413,2500.0,43.8076709282935,4253.0,825.4,834.8,838.6,825.2,191.2,192.1,194.5,195.2,2.88,89.6,3.427,4259.2,824.8,832.8,835.8,825.8,190.0,191.5,195.0,196.0,2.89,89.7,3.45,-1.2,0.957,1,oil_leak,0,0.55,0.5,1800.0
235.4,mission_cruise,72.38354641467483,2500.0,43.80822679266259,4256.2,821.2,829.7,835.0,825.5,189.8,191.5,194.8,195.9,2.89,90.0,3.474,4259.1,824.8,832.8,835.8,825.8,190.0,191.5,195.0,196.0,2.89,89.7,3.45,-1.2,0.957,1,oil_leak,0,0.55,0.5,1800.0
235.5,mission_cruise,72.38243468593663,2500.0,43.808782657031685,4257.1,821.8,830.6,837.7,825.4,190.2,191.9,195.1,195.9,2.85,90.1,3.43,4259.1,824.8,832.8,835.8,825.8,190.0,191.5,195.0,196.0,2.89,89.7,3.45,-1.2,0.957,1,oil_leak,0,0.55,0.5,1800.0
235.6,mission_cruise,72.38132295719845,2500.0,43.809338521400775,4256.9,826.5,831.5,835.5,824.9,189.9,191.6,195.8,195.8,2.88,89.8,3.492,4259.1,824.8,832.8,835.8,825.8,190.0,191.5,195.0,196.0,2.89,89.7,3.45,-1.2,0.957,1,oil_leak,0,0.55,0.5,1800.0
235.7,mission_cruise,72.38021122846025,2500.0,43.80989438576987,4253.2,822.8,832.5,836.1,827.7,191.3,191.0,195.2,195.9,2.9,90.5,3.481,4259.0,824.8,832.8,835.8,825.8,190.0,191.5,195.0,196.0,2.89,89.7,3.45,-1.2,0.957,1,oil_leak,0,0.55,0.5,1800.0
235.8,mission_cruise,72.37909949972207,2500.0,43.81045025013896,4262.1,823.6,831.6,836.2,826.0,189.7,191.0,195.9,196.4,2.87,89.9,3.521,4259.0,824.8,832.8,835.8,825.8,190.0,191.5,195.0,196.0,2.89,89.7,3.45,-1.2,0.957,1,oil_leak,0,0.55,0.5,1800.0
235.9,mission_cruise,72.37798777098388,2500.0,43.81100611450806,4259.5,823.3,832.3,832.2,827.4,189.8,190.9,195.1,195.3,2.87,89.1,3.421,4259.0,824.7,832.7,835.7,825.7,190.0,191.5,195.0,196.0,2.89,89.7,3.45,-1.2,0.957,1,oil_leak,0,0.55,0.5,1800.0
236.0,mission_cruise,72.3768760422457,2500.0,43.81156197887715,4247.7,824.9,834.8,837.1,826.1,189.8,191.3,195.4,195.8,2.84,90.3,3.408,4258.9,824.7,832.7,835.7,825.7,190.0,191.5,195.0,196.0,2.89,89.7,3.45,-1.2,0.957,1,oil_leak,0,0.55,0.5,1800.0
236.1,mission_cruise,72.3757643135075,2500.0,43.81211784324625,4260.1,823.0,831.6,836.3,825.6,190.0,192.0,195.1,196.1,2.87,89.5,3.421,4258.9,824.7,832.7,835.7,825.7,190.0,191.5,195.0,196.0,2.89,89.7,3.45,-1.2,0.957,1,oil_leak,0,0.55,0.5,1800.0
236.2,mission_cruise,72.37465258476932,2500.0,43.81267370761534,4266.3,824.7,834.6,835.7,826.2,190.0,191.2,195.3,195.7,2.93,89.5,3.464,4258.8,824.7,832.7,835.7,825.7,190.0,191.5,195.0,196.0,2.89,89.7,3.45,-1.2,0.957,1,oil_leak,0,0.55,0.5,1800.0
236.3,mission_cruise,72.37354085603113,2500.0,43.81322957198444,4260.3,824.9,829.1,836.6,824.7,191.0,193.1,195.4,196.1,2.88,90.2,3.448,4258.8,824.7,832.7,835.7,825.7,190.0,191.5,195.0,196.0,2.89,89.7,3.45,-1.2,0.957,1,oil_leak,0,0.55,0.5,1800.0
236.4,mission_cruise,72.37242912729295,2500.0,43.81378543635353,4259.0,826.9,832.1,838.9,825.3,190.7,190.9,194.8,194.6,2.87,88.9,3.467,4258.8,824.7,832.7,835.7,825.7,190.0,191.5,195.0,196.0,2.89,89.7,3.45,-1.2,0.957,1,oil_leak,0,0.55,0.5,1800.0
236.5,mission_cruise,72.37131739855475,2500.0,43.814341300722624,4249.9,823.3,833.9,837.2,824.2,190.2,192.8,195.6,196.4,2.88,90.2,3.423,4258.7,824.7,832.7,835.7,825.7,190.0,191.5,195.0,196.0,2.89,89.7,3.45,-1.2,0.957,1,oil_leak,0,0.55,0.5,1800.0
236.6,mission_cruise,72.37020566981657,2500.0,43.814897165091715,4252.3,826.1,831.4,836.7,822.5,189.9,192.7,194.2,196.6,2.88,89.6,3.389,4258.7,824.7,832.7,835.7,825.7,190.0,191.5,195.0,196.0,2.89,89.7,3.45,-1.2,0.957,1,oil_leak,0,0.55,0.5,1800.0
236.7,mission_cruise,72.36909394107838,2500.0,43.81545302946081,4257.1,824.1,834.3,837.9,823.4,188.9,191.4,194.5,195.3,2.9,89.2,3.49,4258.7,824.7,832.7,835.7,825.7,190.0,191.5,195.0,196.0,2.89,89.7,3.45,-1.2,0.957,1,oil_leak,0,0.55,0.5,1800.0
236.8,mission_cruise,72.3679822123402,2500.0,43.8160088938299,4251.8,823.9,836.0,835.2,825.7,190.4,191.8,194.9,195.6,2.85,88.9,3.493,4258.6,824.7,832.7,835.7,825.7,190.0,191.5,195.0,196.0,2.89,89.7,3.45,-1.2,0.957,1,oil_leak,0,0.55,0.5,1800.0
236.9,mission_cruise,72.366870483602,2500.0,43.816564758199,4259.6,826.2,832.8,838.0,824.9,190.1,191.3,195.7,196.1,2.85,89.7,3.444,4258.6,824.7,832.7,835.7,825.7,190.0,191.5,195.0,196.0,2.89,89.7,3.45,-1.2,0.957,1,oil_leak,0,0.55,0.5,1800.0
237.0,mission_cruise,72.36575875486382,2500.0,43.81712062256809,4252.7,823.2,832.2,835.9,824.8,189.6,191.8,194.9,196.3,2.92,89.7,3.446,4258.6,824.7,832.7,835.7,825.7,190.0,191.5,195.0,196.0,2.89,89.7,3.45,-1.2,0.957,1,oil_leak,0,0.55,0.5,1800.0
237.1,mission_cruise,72.36464702612562,2500.0,43.81767648693719,4257.0,824.5,830.7,836.3,826.2,190.8,190.7,196.2,196.1,2.83,90.3,3.496,4258.5,824.7,832.7,835.7,825.7,190.0,191.5,195.0,196.0,2.89,89.7,3.449,-1.2,0.957,1,oil_leak,0,0.55,0.5,1800.0
237.2,mission_cruise,72.36353529738744,2500.0,43.81823235130628,4264.0,823.9,832.6,835.7,827.6,189.4,191.0,195.1,195.9,2.88,90.1,3.423,4258.5,824.7,832.7,835.7,825.7,190.0,191.5,195.0,196.0,2.89,89.7,3.449,-1.2,0.957,1,oil_leak,0,0.55,0.5,1800.0
237.3,mission_cruise,72.36242356864925,2500.0,43.818788215675376,4257.7,824.8,830.4,834.9,826.5,190.0,192.2,195.5,195.8,2.9,89.4,3.415,4258.5,824.7,832.7,835.7,825.7,190.0,191.5,195.0,196.0,2.89,89.8,3.449,-1.2,0.957,1,oil_leak,0,0.55,0.5,1800.0
237.4,mission_cruise,72.36131183991107,2500.0,43.819344080044466,4256.5,824.5,834.4,836.5,824.1,190.3,191.6,195.0,196.4,2.87,89.8,3.459,4258.4,824.7,832.7,835.7,825.7,190.0,191.5,195.0,196.0,2.89,89.8,3.449,-1.2,0.957,1,oil_leak,0,0.55,0.5,1800.0
237.5,mission_cruise,72.36020011117287,2500.0,43.819899944413564,4262.5,826.7,832.6,833.8,822.8,190.5,191.8,194.0,195.8,2.92,90.2,3.454,4258.4,824.7,832.7,835.7,825.7,190.0,191.5,195.0,196.0,2.89,89.8,3.449,-1.2,0.957,1,oil_leak,0,0.55,0.5,1800.0
237.6,mission_cruise,72.35908838243469,2500.0,43.820455808782654,4258.0,824.6,832.4,836.8,827.2,190.2,190.9,194.9,195.6,2.87,89.7,3.45,4258.3,824.7,832.7,835.7,825.7,190.0,191.5,195.0,196.0,2.89,89.8,3.449,-1.2,0.957,1,oil_leak,0,0.55,0.5,1800.0
237.7,mission_cruise,72.3579766536965,2500.0,43.82101167315175,4262.4,825.6,831.2,837.4,826.2,190.1,192.1,194.6,196.7,2.87,89.2,3.484,4258.3,824.7,832.7,835.7,825.7,190.0,191.5,195.0,196.0,2.89,89.8,3.449,-1.2,0.957,1,oil_leak,0,0.55,0.5,1800.0
237.8,mission_cruise,72.35686492495832,2500.0,43.82156753752084,4255.0,824.8,831.0,835.9,827.5,188.9,191.5,194.5,196.6,2.89,90.2,3.448,4258.3,824.7,832.7,835.7,825.7,190.0,191.5,195.0,196.0,2.89,89.8,3.449,-1.2,0.957,1,oil_leak,0,0.55,0.5,1800.0
237.9,mission_cruise,72.35575319622012,2500.0,43.82212340188994,4265.2,821.6,830.1,833.8,825.5,190.6,191.9,195.1,195.7,2.86,90.3,3.428,4258.2,824.7,832.7,835.7,825.7,190.0,191.5,195.0,196.0,2.89,89.8,3.449,-1.2,0.957,1,oil_leak,0,0.55,0.5,1800.0
238.0,mission_cruise,72.35464146748194,2500.0,43.82267926625903,4262.2,823.5,835.2,834.1,824.1,190.2,191.7,195.6,196.7,2.94,88.9,3.438,4258.2,824.7,832.7,835.7,825.7,190.0,191.5,195.0,196.0,2.89,89.8,3.449,-1.2,0.957,1,oil_leak,0,0.55,0.5,1800.0
238.1,mission_cruise,72.35352973874375,2500.0,43.82323513062813,4262.0,824.5,833.6,835.9,824.6,190.3,190.5,194.0,196.2,2.89,90.2,3.469,4258.2,824.7,832.7,835.7,825.7,190.0,191.5,195.0,196.0,2.89,89.8,3.449,-1.2,0.957,1,oil_leak,0,0.55,0.5,1800.0
238.2,mission_cruise,72.35241801000556,2500.0,43.82379099499722,4258.1,824.1,832.0,836.5,827.5,189.3,191.9,194.0,195.7,2.88,90.0,3.427,4258.1,824.7,832.7,835.7,825.7,190.0,191.5,195.0,196.0,2.89,89.8,3.449,-1.2,0.957,1,oil_leak,0,0.55,0.5,1800.0
238.3,mission_cruise,72.35130628126737,2500.0,43.824346859366315,4256.5,825.9,833.1,833.5,824.3,189.7,190.5,194.3,195.9,2.88,89.9,3.415,4258.1,824.7,832.7,835.7,825.7,190.0,191.5,195.0,196.0,2.89,89.8,3.449,-1.2,0.957,1,oil_leak,0,0.55,0.5,1800.0
238.4,mission_cruise,72.35019455252919,2500.0,43.824902723735406,4254.6,826.2,834.7,836.9,825.1,190.1,192.0,194.5,197.2,2.85,90.0,3.483,4258.1,824.7,832.7,835.7,825.7,190.0,191.5,195.0,196.0,2.89,89.8,3.449,-1.2,0.957,1,oil_leak,0,0.55,0.5,1800.0
238.5,mission_cruise,72.349082823791,2500.0,43.8254585881045,4249.9,824.6,831.2,836.1,825.5,189.2,191.5,193.9,195.8,2.87,89.3,3.442,4258.0,824.7,832.7,835.7,825.7,190.0,191.5,195.0,196.0,2.89,89.8,3.449,-1.2,0.957,1,oil_leak,0,0.55,0.5,1800.0
238.6,mission_cruise,72.34797109505281,2500.0,43.82601445247359,4266.7,825.5,832.1,835.8,824.1,190.0,191.7,195.2,195.9,2.82,90.0,3.463,4258.0,824.7,832.7,835.7,825.7,190.0,191.5,195.0,196.0,2.89,89.8,3.449,-1.2,0.957,1,oil_leak,0,0.55,0.5,1800.0
238.7,mission_cruise,72.34685936631462,2500.0,43.82657031684269,4251.4,821.8,833.5,834.7,823.5,189.7,191.5,194.6,196.4,2.89,89.3,3.408,4257.9,824.7,832.7,835.7,825.7,190.0,191.5,195.0,196.0,2.89,89.8,3.449,-1.2,0.957,1,oil_leak,0,0.55,0.5,1800.0
238.8,mission_cruise,72.34574763757644,2500.0,43.82712618121178,4260.4,824.8,836.0,833.7,822.0,189.7,191.8,195.4,197.0,2.87,89.7,3.441,4257.9,824.7,832.7,835.7,825.7,190.0,191.5,195.0,196.0,2.89,89.8,3.449,-1.2,0.957,1,oil_leak,0,0.55,0.5,1800.0
238.9,mission_cruise,72.34463590883824,2500.0,43.82768204558088,4259.5,825.7,833.4,836.5,826.7,189.4,190.3,195.6,196.5,2.85,89.3,3.482,4257.9,824.7,832.7,835.7,825.7,190.0,191.5,195.0,196.0,2.89,89.8,3.449,-1.2,0.957,1,oil_leak,0,0.55,0.5,1800.0
239.0,mission_cruise,72.34352418010006,2500.0,43.82823790994997,4249.5,823.9,833.6,836.7,826.5,189.3,191.8,195.0,195.3,2.85,90.3,3.471,4257.8,824.7,832.7,835.7,825.7,190.0,191.5,195.0,196.0,2.89,89.8,3.449,-1.2,0.957,1,oil_leak,0,0.55,0.5,1800.0
239.1,mission_cruise,72.34241245136187,2500.0,43.82879377431907,4257.7,824.2,834.5,834.6,825.3,189.5,190.4,195.1,196.3,2.88,89.9,3.455,4257.8,824.7,832.7,835.7,825.7,190.0,191.5,195.0,196.0,2.89,89.8,3.449,-1.2,0.957,1,oil_leak,0,0.55,0.5,1800.0
239.2,mission_cruise,72.34130072262369,2500.0,43.82934963868816,4262.0,828.1,831.0,835.7,826.5,190.2,191.3,195.5,195.9,2.88,88.9,3.421,4257.8,824.7,832.7,835.7,825.7,190.0,191.5,195.0,196.0,2.89,89.8,3.449,-1.2,0.957,1,oil_leak,0,0.55,0.5,1800.0
239.3,mission_cruise,72.34018899388549,2500.0,43.829905503057255,4256.9,822.9,834.7,835.5,824.6,190.4,191.5,195.2,196.8,2.89,90.2,3.476,4257.7,824.7,832.7,835.7,825.7,190.0,191.5,195.0,196.0,2.89,89.8,3.449,-1.2,0.957,1,oil_leak,0,0.55,0.5,1800.0
239.4,mission_cruise,72.33907726514731,2500.0,43.830461367426345,4251.7,826.7,833.3,833.1,824.5,191.1,191.4,194.6,196.6,2.92,89.3,3.518,4257.7,824.7,832.7,835.7,825.7,190.0,191.5,195.0,196.0,2.89,89.8,3.448,-1.2,0.957,1,oil_leak,0,0.55,0.5,1800.0
239.5,mission_cruise,72.33796553640911,2500.0,43.83101723179544,4255.4,821.5,830.9,836.8,825.2,189.7,192.0,194.9,195.6,2.89,89.5,3.463,4257.7,824.7,832.7,835.7,825.7,190.0,191.5,195.0,196.0,2.89,89.8,3.448,-1.2,0.957,1,oil_leak,0,0.55,0.5,1800.0
239.6,mission_cruise,72.33685380767093,2500.0,43.83157309616453,4268.0,824.9,832.3,836.5,825.2,190.5,192.2,194.6,196.3,2.89,89.4,3.475,4257.6,824.7,832.7,835.7,825.7,190.0,191.5,195.0,196.0,2.89,89.8,3.448,-1.2,0.957,1,oil_leak,0,0.55,0.5,1800.0
239.7,mission_cruise,72.33574207893274,2500.0,43.83212896053363,4259.7,824.7,833.9,834.7,825.0,189.6,191.4,194.6,195.4,2.94,89.7,3.487,4257.6,824.7,832.7,835.7,825.7,190.0,191.5,195.0,196.0,2.89,89.8,3.448,-1.2,0.957,1,oil_leak,0,0.55,0.5,1800.0
239.8,mission_cruise,72.33463035019456,2500.0,43.83268482490272,4251.0,825.9,832.5,837.1,824.5,189.6,191.5,195.7,195.2,2.9,90.0,3.455,4257.6,824.7,832.7,835.7,825.7,190.0,191.5,195.0,196.0,2.88,89.8,3.448,-1.2,0.957,1,oil_leak,0,0.55,0.5,1800.0
239.9,mission_cruise,72.33351862145636,2500.0,43.83324068927182,4268.9,826.5,832.9,834.4,825.2,191.0,192.1,195.1,196.3,2.92,89.3,3.446,4257.5,824.7,832.7,835.7,825.7,190.0,191.5,195.0,196.0,2.88,89.8,3.448,-1.2,0.957,1,oil_leak,0,0.55,0.5,1800.0
240.0,mission_cruise,72.33240689271818,2500.0,43.83379655364091,4249.2,823.8,834.7,836.5,825.1,190.3,192.4,193.6,195.5,2.87,89.6,3.452,4257.5,824.7,832.7,835.7,825.7,190.0,191.5,195.0,196.0,2.88,89.8,3.448,-1.2,0.957,1,oil_leak,0,0.55,0.5,1800.0
240.1,mission_cruise,72.33129516397999,2500.0,43.834352418010006,4251.3,824.4,832.1,835.0,825.4,190.2,191.6,194.3,196.1,2.93,89.0,3.475,4257.4,824.7,832.7,835.7,825.7,190.0,191.5,195.0,196.0,2.88,89.8,3.448,-1.2,0.957,1,oil_leak,0,0.55,0.5,1800.0
240.2,mission_cruise,72.3301834352418,2500.0,43.8349082823791,4263.0,824.5,831.2,834.2,827.6,190.2,191.1,194.9,195.7,2.9,90.3,3.46,4257.4,824.7,832.7,835.7,825.7,190.0,191.5,195.0,196.0,2.88,89.9,3.448,-1.2,0.957,1,oil_leak,0,0.55,0.5,1800.0
240.3,mission_cruise,72.32907170650361,2500.0,43.835464146748194,4259.4,827.1,833.0,834.3,822.9,190.3,191.8,195.2,195.7,2.91,90.2,3.496,4257.4,824.7,832.7,835.7,825.7,190.0,191.5,195.0,196.0,2.88,89.9,3.448,-1.2,0.957,1,oil_leak,0,0.55,0.5,1800.0
240.4,mission_cruise,72.32795997776543,2500.0,43.836020011117284,4254.7,822.3,830.2,834.4,823.6,190.0,191.9,195.8,194.9,2.83,89.8,3.467,4257.3,824.7,832.7,835.7,825.7,190.0,191.5,195.0,196.0,2.88,89.9,3.448,-1.2,0.957,1,oil_leak,0,0.55,0.5,1800.0
240.5,mission_cruise,72.32684824902724,2500.0,43.83657587548638,4253.0,824.0,831.9,835.5,828.1,190.7,190.9,194.7,196.5,2.89,89.8,3.422,4257.3,824.7,832.7,835.7,825.7,190.0,191.5,195.0,196.0,2.88,89.9,3.448,-1.2,0.957,1,oil_leak,0,0.55,0.5,1800.0
240.6,mission_cruise,72.32573652028906,2500.0,43.83713173985547,4263.7,823.9,832.3,833.7,827.4,189.4,191.7,194.8,196.5,2.9,90.0,3.451,4257.3,824.7,832.7,835.7,825.7,190.0,191.5,195.0,196.0,2.88,89.9,3.448,-1.2,0.957,1,oil_leak,0,0.55,0.5,1800.0
240.7,mission_cruise,72.32462479155086,2500.0,43.83768760422457,4255.9,824.9,833.0,835.1,825.9,189.4,192.0,194.6,196.0,2.84,90.6,3.419,4257.2,824.7,832.7,835.7,825.7,190.0,191.5,195.0,196.0,2.88,89.9,3.448,-1.2,0.957,1,oil_leak,0,0.55,0.5,1800.0
240.8,mission_cruise,72.32351306281268,2500.0,43.83824346859366,4254.6,823.3,833.9,834.6,825.3,190.6,191.8,194.8,196.6,2.86,90.2,3.463,4257.2,824.7,832.7,835.7,825.7,190.0,191.5,195.0,196.0,2.88,89.9,3.448,-1.2,0.957,1,oil_leak,0,0.55,0.5,1800.0
240.9,mission_cruise,72.32240133407448,2500.0,43.83879933296276,4256.9,824.2,832.6,836.6,822.9,189.5,191.0,194.2,196.0,2.88,89.6,3.399,4257.2,824.7,832.7,835.7,825.7,190.0,191.5,195.0,196.0,2.88,89.9,3.448,-1.2,0.957,1,oil_leak,0,0.55,0.5,1800.0
241.0,mission_cruise,72.3212896053363,2500.0,43.83935519733185,4255.0,825.3,828.4,835.7,826.3,190.1,192.4,195.1,195.8,2.87,90.3,3.463,4257.1,824.7,832.7,835.7,825.7,190.0,191.5,195.0,196.0,2.88,89.9,3.448,-1.2,0.957,1,oil_leak,0,0.55,0.5,1800.0
241.1,mission_cruise,72.32017787659811,2500.0,43.839911061700946,4262.5,824.0,832.4,837.0,826.2,190.0,191.8,195.8,196.2,2.92,89.9,3.509,4257.1,824.6,832.6,835.6,825.6,190.0,191.5,195.0,196.0,2.88,89.9,3.448,-1.2,0.957,1,oil_leak,0,0.55,0.5,1800.0
241.2,mission_cruise,72.31906614785993,2500.0,43.840466926070036,4252.6,825.7,830.9,832.6,826.7,189.9,192.4,195.3,195.5,2.9,89.4,3.449,4257.1,824.6,832.6,835.6,825.6,190.0,191.5,195.0,196.0,2.88,89.9,3.448,-1.2,0.957,1,oil_leak,0,0.55,0.5,1800.0
241.3,mission_cruise,72.31795441912173,2500.0,43.84102279043913,4258.4,826.0,832.6,835.4,824.0,190.7,191.6,195.1,196.3,2.91,90.0,3.5,4257.0,824.6,832.6,835.6,825.6,190.0,191.5,195.0,196.0,2.88,89.9,3.448,-1.2,0.957,1,oil_leak,0,0.55,0.5,1800.0
241.4,mission_cruise,72.31684269038355,2500.0,43.841578654808224,4250.3,826.8,831.5,835.4,824.8,189.8,191.0,196.1,195.2,2.9,90.0,3.44,4257.0,824.6,832.6,835.6,825.6,190.0,191.5,195.0,196.0,2.88,89.9,3.448,-1.2,0.957,1,oil_leak,0,0.55,0.5,1800.0
241.5,mission_cruise,72.31573096164536,2500.0,43.84213451917732,4260.3,824.1,833.6,836.4,826.7,190.5,192.3,194.8,194.8,2.87,90.7,3.393,4256.9,824.6,832.6,835.6,825.6,190.0,191.5,195.0,196.0,2.88,89.9,3.448,-1.2,0.957,1,oil_leak,0,0.55,0.5,1800.0
241.6,mission_cruise,72.31461923290718,2500.0,43.84269038354641,4264.5,824.9,832.6,836.2,827.8,190.6,191.6,195.7,195.0,2.85,89.9,3.451,4256.9,824.6,832.6,835.6,825.6,190.0,191.5,195.0,196.0,2.88,89.9,3.448,-1.2,0.957,1,oil_leak,0,0.55,0.5,1800.0
241.7,mission_cruise,72.31350750416898,2500.0,43.84324624791551,4257.8,821.3,834.0,838.9,826.2,190.6,192.1,195.3,195.9,2.83,89.7,3.457,4256.9,824.6,832.6,835.6,825.6,190.0,191.5,195.0,196.0,2.88,89.9,3.447,-1.2,0.957,1,oil_leak,0,0.55,0.5,1800.0
241.8,mission_cruise,72.3123957754308,2500.0,43.8438021122846,4249.1,822.9,833.7,835.2,826.4,190.7,192.0,194.8,196.3,2.89,89.5,3.434,4256.8,824.6,832.6,835.6,825.6,190.0,191.5,195.0,196.0,2.88,89.9,3.447,-1.2,0.957,1,oil_leak,0,0.55,0.5,1800.0
241.9,mission_cruise,72.3112840466926,2500.0,43.8443579766537,4259.3,825.1,834.1,835.3,825.9,190.5,191.5,194.6,196.1,2.88,89.3,3.408,4256.8,824.6,832.6,835.6,825.6,190.0,191.5,195.0,196.0,2.88,89.9,3.447,-1.2,0.957,1,oil_leak,0,0.55,0.5,1800.0
242.0,mission_cruise,72.31017231795443,2500.0,43.84491384102279,4260.9,825.7,834.7,835.4,825.8,189.7,191.8,194.9,196.6,2.87,89.7,3.377,4256.8,824.6,832.6,835.6,825.6,190.0,191.5,195.0,196.0,2.88,89.9,3.447,-1.2,0.957,1,oil_leak,0,0.55,0.5,1800.0
242.1,mission_cruise,72.30906058921623,2500.0,43.845469705391885,4256.9,826.4,831.9,834.5,826.1,189.1,191.3,195.1,196.6,2.9,89.7,3.435,4256.7,824.6,832.6,835.6,825.6,190.0,191.5,195.0,196.0,2.88,89.9,3.447,-1.2,0.957,1,oil_leak,0,0.55,0.5,1800.0
242.2,mission_cruise,72.30794886047805,2500.0,43.846025569760975,4259.2,822.3,831.6,832.1,825.2,189.7,191.9,193.9,197.4,2.85,89.3,3.437,4256.7,824.6,832.6,835.6,825.6,190.0,191.5,195.0,196.0,2.88,89.9,3.447,-1.2,0.957,1,oil_leak,0,0.55,0.5,1800.0
242.3,mission_cruise,72.30683713173985,2500.0,43.84658143413007,4256.0,825.1,832.1,835.6,825.2,190.3,192.5,195.3,196.8,2.88,89.6,3.438,4256.7,824.6,832.6,835.6,825.6,190.0,191.5,195.0,196.0,2.88,89.9,3.447,-1.2,0.957,1,oil_leak,0,0.55,0.5,1800.0
242.4,mission_cruise,72.30572540300167,2500.0,43.84713729849916,4254.6,824.5,835.2,833.0,827.3,189.8,191.3,195.0,195.6,2.89,90.0,3.441,4256.6,824.6,832.6,835.6,825.6,190.0,191.5,195.0,196.0,2.88,89.9,3.447,-1.2,0.957,1,oil_leak,0,0.55,0.5,1800.0
242.5,mission_cruise,72.30461367426348,2500.0,43.84769316286826,4257.8,825.0,834.8,835.2,824.9,191.0,191.4,194.3,196.1,2.89,89.9,3.421,4256.6,824.6,832.6,835.6,825.6,190.0,191.5,195.0,196.0,2.88,89.9,3.447,-1.2,0.957,1,oil_leak,0,0.55,0.5,1800.0
242.6,mission_cruise,72.3035019455253,2500.0,43.84824902723735,4260.7,824.8,834.5,836.3,823.6,190.5,192.3,196.4,196.7,2.91,89.4,3.467,4256.5,824.6,832.6,835.6,825.6,190.0,191.5,195.0,196.0,2.88,89.9,3.447,-1.2,0.957,1,oil_leak,0,0.55,0.5,1800.0
242.7,mission_cruise,72.3023902167871,2500.0,43.84880489160645,4250.7,824.6,832.4,836.9,824.4,190.4,190.9,194.9,195.7,2.84,89.8,3.441,4256.5,824.6,832.6,835.6,825.6,190.0,191.5,195.0,196.0,2.88,89.9,3.447,-1.2,0.957,1,oil_leak,0,0.55,0.5,1800.0
242.8,mission_cruise,72.30127848804892,2500.0,43.84936075597554,4254.8,823.6,834.7,835.0,826.3,190.6,190.6,195.4,195.5,2.86,89.4,3.405,4256.5,824.6,832.6,835.6,825.6,190.0,191.5,195.0,196.0,2.88,89.9,3.447,-1.2,0.957,1,oil_leak,0,0.55,0.5,1800.0
242.9,mission_cruise,72.30016675931073,2500.0,43.849916620344636,4251.1,824.9,831.4,833.8,825.7,189.4,191.5,194.6,197.1,2.91,89.8,3.411,4256.4,824.6,832.6,835.6,825.6,190.0,191.5,195.0,196.0,2.88,89.9,3.447,-1.2,0.957,1,oil_leak,0,0.55,0.5,1800.0
243.0,mission_cruise,72.29905503057255,2500.0,43.85047248471373,4267.2,823.6,833.4,835.2,828.5,189.0,191.9,195.3,195.9,2.93,89.9,3.449,4256.4,824.6,832.6,835.6,825.6,190.0,191.5,195.0,196.0,2.88,89.9,3.447,-1.2,0.957,1,oil_leak,0,0.55,0.5,1800.0
243.1,mission_cruise,72.29794330183435,2500.0,43.851028349082824,4249.9,823.5,831.5,833.8,826.3,190.5,192.2,195.0,195.1,2.9,89.6,3.455,4256.4,824.6,832.6,835.6,825.6,190.0,191.5,195.0,196.0,2.88,89.9,3.447,-1.2,0.957,1,oil_leak,0,0.55,0.5,1800.0
243.2,mission_cruise,72.29683157309617,2500.0,43.851584213451915,4260.0,825.4,830.8,835.1,823.5,189.9,190.8,195.4,196.4,2.91,90.4,3.41,4256.3,824.6,832.6,835.6,825.6,190.0,191.5,195.0,196.0,2.88,89.9,3.447,-1.2,0.957,1,oil_leak,0,0.55,0.5,1800.0
243.3,mission_cruise,72.29571984435798,2500.0,43.85214007782101,4261.8,825.5,833.9,836.1,826.0,191.2,192.3,194.5,196.6,2.87,90.3,3.472,4256.3,824.6,832.6,835.6,825.6,190.0,191.5,195.0,196.0,2.88,89.9,3.447,-1.2,0.957,1,oil_leak,0,0.55,0.5,1800.0
243.4,mission_cruise,72.2946081156198,2500.0,43.8526959421901,4255.2,825.1,831.0,834.7,826.5,189.7,191.2,194.8,196.3,2.92,89.5,3.398,4256.3,824.6,832.6,835.6,825.6,190.0,191.5,195.0,196.0,2.88,90.0,3.447,-1.2,0.957,1,oil_leak,0,0.55,0.5,1800.0
243.5,mission_cruise,72.2934963868816,2500.0,43.8532518065592,4258.3,825.6,832.2,835.4,825.9,191.6,190.6,195.3,196.6,2.89,90.0,3.47,4256.2,824.6,832.6,835.6,825.6,190.0,191.5,195.0,196.0,2.88,90.0,3.447,-1.2,0.957,1,oil_leak,0,0.55,0.5,1800.0
243.6,mission_cruise,72.29238465814342,2500.0,43.85380767092829,4245.2,824.3,832.8,837.8,826.5,190.1,191.0,195.5,195.5,2.87,89.3,3.472,4256.2,824.6,832.6,835.6,825.6,190.0,191.5,195.0,196.0,2.88,90.0,3.447,-1.2,0.957,1,oil_leak,0,0.55,0.5,1800.0
243.7,mission_cruise,72.29127292940522,2500.0,43.85436353529739,4246.5,823.0,831.7,835.4,827.7,189.8,191.3,195.8,195.7,2.89,90.5,3.471,4256.2,824.6,832.6,835.6,825.6,190.0,191.5,195.0,196.0,2.88,90.0,3.447,-1.2,0.957,1,oil_leak,0,0.55,0.5,1800.0
243.8,mission_cruise,72.29016120066704,2500.0,43.85491939966648,4253.1,825.2,830.1,835.6,826.4,189.5,191.9,195.1,196.0,2.87,90.6,3.45,4256.1,824.6,832.6,835.6,825.6,190.0,191.5,195.0,196.0,2.88,90.0,3.447,-1.2,0.957,1,oil_leak,0,0.55,0.5,1800.0
243.9,mission_cruise,72.28904947192885,2500.0,43.855475264035576,4265.2,824.3,834.1,836.5,826.0,190.3,191.7,194.2,197.4,2.95,88.9,3.424,4256.1,824.6,832.6,835.6,825.6,190.0,191.5,195.0,196.0,2.88,90.0,3.446,-1.2,0.957,1,oil_leak,0,0.55,0.5,1800.0
244.0,mission_cruise,72.28793774319067,2500.0,43.856031128404666,4267.6,824.0,831.0,836.3,823.9,190.0,190.6,195.8,195.4,2.85,90.5,3.506,4256.0,824.6,832.6,835.6,825.6,190.0,191.5,195.0,196.0,2.88,90.0,3.446,-1.2,0.957,1,oil_leak,0,0.55,0.5,1800.0
244.1,mission_cruise,72.28682601445247,2500.0,43.856586992773764,4254.6,826.8,832.1,833.6,825.3,190.2,190.8,195.0,195.9,2.92,90.9,3.487,4256.0,824.6,832.6,835.6,825.6,190.0,191.5,195.0,196.0,2.88,90.0,3.446,-1.2,0.957,1,oil_leak,0,0.55,0.5,1800.0
244.2,mission_cruise,72.28571428571429,2500.0,43.857142857142854,4251.4,822.7,832.1,837.4,825.6,191.1,191.4,194.4,195.7,2.86,89.7,3.45,4256.0,824.6,832.6,835.6,825.6,190.0,191.5,195.0,196.0,2.88,90.0,3.446,-1.2,0.957,1,oil_leak,0,0.55,0.5,1800.0
244.3,mission_cruise,72.2846025569761,2500.0,43.85769872151195,4258.2,824.2,832.9,836.7,823.3,190.9,191.5,196.0,196.5,2.87,90.8,3.446,4255.9,824.6,832.6,835.6,825.6,190.0,191.5,195.0,196.0,2.88,90.0,3.446,-1.2,0.957,1,oil_leak,0,0.55,0.5,1800.0
244.4,mission_cruise,72.28349082823792,2500.0,43.85825458588104,4256.0,824.1,830.6,833.4,825.0,190.1,192.0,194.7,196.2,2.9,90.2,3.429,4255.9,824.6,832.6,835.6,825.6,190.0,191.5,195.0,196.0,2.88,90.0,3.446,-1.2,0.957,1,oil_leak,0,0.55,0.5,1800.0
244.5,mission_cruise,72.28237909949972,2500.0,43.85881045025014,4261.9,827.1,831.5,836.2,825.7,190.3,191.3,195.3,196.0,2.87,90.5,3.45,4255.9,824.6,832.6,835.6,825.6,190.0,191.5,195.0,196.0,2.88,90.0,3.446,-1.2,0.957,1,oil_leak,0,0.55,0.5,1800.0
244.6,mission_cruise,72.28126737076154,2500.0,43.85936631461923,4263.4,824.1,831.9,834.5,825.3,190.2,191.7,194.6,195.8,2.89,90.1,3.457,4255.8,824.6,832.6,835.6,825.6,190.0,191.5,195.0,196.0,2.88,90.0,3.446,-1.2,0.957,1,oil_leak,0,0.55,0.5,1800.0
244.7,mission_cruise,72.28015564202335,2500.0,43.85992217898833,4256.8,826.1,833.0,836.8,825.5,189.7,191.6,195.9,195.5,2.86,90.5,3.46,4255.8,824.6,832.6,835.6,825.6,190.0,191.5,195.0,196.0,2.88,90.0,3.446,-1.2,0.957,1,oil_leak,0,0.55,0.5,1800.0
244.8,mission_cruise,72.27904391328516,2500.0,43.86047804335742,4250.0,824.2,833.0,835.5,824.2,190.0,191.8,195.2,197.0,2.9,90.3,3.424,4255.8,824.6,832.6,835.6,825.6,190.0,191.5,195.0,196.0,2.88,90.0,3.446,-1.2,0.957,1,oil_leak,0,0.55,0.5,1800.0
244.9,mission_cruise,72.27793218454697,2500.0,43.861033907726515,4252.7,826.8,832.5,835.4,828.2,189.0,191.5,195.0,196.8,2.91,89.8,3.447,4255.7,824.6,832.6,835.6,825.6,190.0,191.5,195.0,196.0,2.88,90.0,3.446,-1.2,0.957,1,oil_leak,0,0.55,0.5,1800.0
245.0,mission_cruise,72.27682045580879,2500.0,43.861589772095606,4255.3,823.7,831.7,835.4,828.0,189.3,190.5,194.4,195.5,2.9,89.6,3.433,4255.7,824.6,832.6,835.6,825.6,190.0,191.5,195.0,196.0,2.88,90.0,3.446,-1.2,0.957,1,oil_leak,0,0.55,0.5,1800.0
245.1,mission_cruise,72.2757087270706,2500.0,43.8621456364647,4261.1,824.3,831.0,835.1,827.0,190.0,190.9,194.9,195.5,2.83,90.2,3.482,4255.7,824.6,832.6,835.6,825.6,190.0,191.5,195.0,196.0,2.88,90.0,3.446,-1.2,0.957,1,oil_leak,0,0.55,0.5,1800.0
245.2,mission_cruise,72.27459699833241,2500.0,43.86270150083379,4251.4,823.9,832.2,835.4,824.9,191.6,191.3,195.0,196.1,2.92,89.8,3.421,4255.6,824.6,832.6,835.6,825.6,190.0,191.5,195.0,196.0,2.88,90.0,3.446,-1.2,0.957,1,oil_leak,0,0.55,0.5,1800.0
245.3,mission_cruise,72.27348526959422,2500.0,43.86325736520289,4253.7,826.8,832.2,834.9,824.5,189.7,190.1,195.7,196.4,2.88,89.7,3.442,4255.6,824.6,832.6,835.6,825.6,190.0,191.5,195.0,196.0,2.88,90.0,3.446,-1.2,0.957,1,oil_leak,0,0.55,0.5,1800.0
245.4,mission_cruise,72.27237354085604,2500.0,43.86381322957198,4257.7,825.6,834.0,834.0,825.3,190.4,191.9,194.0,195.5,2.9,90.1,3.45,4255.5,824.6,832.6,835.6,825.6,190.0,191.5,195.0,196.0,2.88,90.0,3.446,-1.2,0.957,1,oil_leak,0,0.55,0.5,1800.0
245.5,mission_cruise,72.27126181211784,2500.0,43.86436909394108,4255.2,823.2,831.4,838.2,825.0,190.2,191.8,194.9,196.6,2.89,90.0,3.466,4255.5,824.6,832.6,835.6,825.6,190.0,191.5,195.0,196.0,2.88,90.0,3.446,-1.2,0.957,1,oil_leak,0,0.55,0.5,1800.0
245.6,mission_cruise,72.27015008337966,2500.0,43.86492495831017,4248.3,825.3,833.9,837.0,823.7,191.3,190.8,193.8,196.4,2.87,90.6,3.503,4255.5,824.6,832.6,835.6,825.6,190.0,191.5,195.0,196.0,2.88,90.0,3.446,-1.2,0.957,1,oil_leak,0,0.55,0.5,1800.0
245.7,mission_cruise,72.26903835464147,2500.0,43.86548082267927,4260.8,825.7,831.6,836.4,825.1,188.2,190.8,195.5,195.9,2.86,89.9,3.446,4255.4,824.6,832.6,835.6,825.6,190.0,191.5,195.0,196.0,2.88,90.0,3.446,-1.2,0.957,1,oil_leak,0,0.55,0.5,1800.0
245.8,mission_cruise,72.26792662590329,2500.0,43.86603668704836,4256.0,824.9,832.3,837.6,824.5,190.7,190.8,194.4,195.6,2.89,89.4,3.421,4255.4,824.6,832.6,835.6,825.6,190.0,191.5,195.0,196.0,2.88,90.0,3.446,-1.2,0.957,1,oil_leak,0,0.55,0.5,1800.0
245.9,mission_cruise,72.26681489716509,2500.0,43.866592551417455,4260.4,825.6,834.2,837.6,824.5,188.8,191.4,194.9,194.7,2.86,90.6,3.424,4255.4,824.6,832.6,835.6,825.6,190.0,191.5,195.0,196.0,2.88,90.0,3.446,-1.2,0.957,1,oil_leak,0,0.55,0.5,1800.0
246.0,mission_cruise,72.26570316842691,2500.0,43.867148415786545,4253.0,823.4,834.5,836.6,827.2,190.5,191.6,195.2,196.6,2.9,89.3,3.415,4255.3,824.6,832.6,835.6,825.6,190.0,191.5,195.0,196.0,2.88,90.0,3.446,-1.2,0.957,1,oil_leak,0,0.55,0.5,1800.0
246.1,mission_cruise,72.26459143968872,2500.0,43.86770428015564,4249.9,825.1,831.9,834.5,825.2,189.4,191.2,195.5,195.4,2.84,90.0,3.501,4255.3,824.6,832.6,835.6,825.6,190.0,191.5,195.0,196.0,2.88,90.0,3.446,-1.2,0.957,1,oil_leak,0,0.55,0.5,1800.0
246.2,mission_cruise,72.26347971095053,2500.0,43.86826014452473,4247.5,824.1,834.0,836.1,826.3,189.9,192.2,194.9,196.4,2.88,90.3,3.435,4255.3,824.5,832.5,835.5,825.5,190.0,191.5,195.0,196.0,2.88,90.0,3.445,-1.2,0.957,1,oil_leak,0,0.55,0.5,1800.0
246.3,mission_cruise,72.26236798221234,2500.0,43.86881600889383,4247.3,824.4,832.6,833.0,823.4,189.7,191.1,195.5,196.2,2.88,90.1,3.473,4255.2,824.5,832.5,835.5,825.5,190.0,191.5,195.0,196.0,2.88,90.0,3.445,-1.2,0.957,1,oil_leak,0,0.55,0.5,1800.0
246.4,mission_cruise,72.26125625347416,2500.0,43.86937187326292,4264.8,825.3,829.6,834.0,824.8,188.9,192.6,195.3,197.0,2.9,90.4,3.478,4255.2,824.5,832.5,835.5,825.5,190.0,191.5,195.0,196.0,2.88,90.0,3.445,-1.2,0.957,1,oil_leak,0,0.55,0.5,1800.0
246.5,mission_cruise,72.26014452473596,2500.0,43.86992773763202,4258.1,824.7,832.8,836.6,826.2,190.5,191.1,195.4,196.2,2.86,89.6,3.467,4255.1,824.5,832.5,835.5,825.5,190.0,191.5,195.0,196.0,2.88,90.0,3.445,-1.2,0.957,1,oil_leak,0,0.55,0.5,1800.0
246.6,mission_cruise,72.25903279599778,2500.0,43.87048360200111,4258.8,826.0,833.4,839.2,825.6,190.1,191.7,194.0,197.1,2.92,89.6,3.425,4255.1,824.5,832.5,835.5,825.5,190.0,191.5,195.0,196.0,2.88,90.0,3.445,-1.2,0.957,1,oil_leak,0,0.55,0.5,1800.0
246.7,mission_cruise,72.25792106725959,2500.0,43.871039466370206,4252.9,824.4,834.3,835.6,828.0,190.4,191.7,195.6,195.6,2.89,90.0,3.474,4255.1,824.5,832.5,835.5,825.5,190.0,191.5,195.0,196.0,2.88,90.0,3.445,-1.2,0.957,1,oil_leak,0,0.55,0.5,1800.0
246.8,mission_cruise,72.2568093385214,2500.0,43.8715953307393,4255.1,824.4,832.9,832.3,823.4,190.3,192.0,195.6,196.5,2.9,90.4,3.517,4255.0,824.5,832.5,835.5,825.5,190.0,191.5,195.0,196.0,2.88,90.0,3.445,-1.2,0.957,1,oil_leak,0,0.55,0.5,1800.0
246.9,mission_cruise,72.25569760978321,2500.0,43.872151195108394,4252.8,822.3,831.9,837.2,825.5,189.6,191.6,194.3,196.4,2.88,89.8,3.439,4255.0,824.5,832.5,835.5,825.5,190.0,191.5,195.0,196.0,2.88,90.1,3.445,-1.2,0.957,1,oil_leak,0,0.55,0.5,1800.0
247.0,mission_cruise,72.25458588104503,2500.0,43.872707059477484,4253.0,827.2,831.1,835.2,825.9,190.5,191.2,195.7,196.2,2.88,90.2,3.422,4255.0,824.5,832.5,835.5,825.5,190.0,191.5,195.0,196.0,2.88,90.1,3.445,-1.2,0.957,1,oil_leak,0,0.55,0.5,1800.0
247.1,mission_cruise,72.25347415230684,2500.0,43.87326292384658,4252.9,826.3,833.4,834.8,825.6,189.5,191.1,196.1,195.1,2.93,90.4,3.434,4254.9,824.5,832.5,835.5,825.5,190.0,191.5,195.0,196.0,2.88,90.1,3.445,-1.2,0.957,1,oil_leak,0,0.55,0.5,1800.0
247.2,mission_cruise,72.25236242356866,2500.0,43.87381878821567,4250.7,823.4,831.2,835.1,824.5,189.7,192.0,195.2,196.0,2.89,90.7,3.428,4254.9,824.5,832.5,835.5,825.5,190.0,191.5,195.0,196.0,2.88,90.1,3.445,-1.2,0.957,1,oil_leak,0,0.55,0.5,1800.0
247.3,mission_cruise,72.25125069483046,2500.0,43.87437465258477,4252.2,826.5,831.4,833.6,823.0,189.2,191.6,195.2,195.8,2.84,89.5,3.479,4254.9,824.5,832.5,835.5,825.5,190.0,191.5,195.0,196.0,2.88,90.1,3.445,-1.2,0.957,1,oil_leak,0,0.55,0.5,1800.0
247.4,mission_cruise,72.25013896609228,2500.0,43.87493051695386,4254.6,824.0,833.2,834.2,823.7,190.1,191.5,194.7,196.5,2.86,89.9,3.464,4254.8,824.5,832.5,835.5,825.5,190.0,191.5,195.0,196.0,2.88,90.1,3.445,-1.2,0.957,1,oil_leak,0,0.55,0.5,1800.0
247.5,mission_cruise,72.24902723735408,2500.0,43.87548638132296,4252.2,822.6,832.3,833.8,826.2,191.5,192.2,195.6,196.2,2.87,90.2,3.407,4254.8,824.5,832.5,835.5,825.5,190.0,191.5,195.0,196.0,2.88,90.1,3.445,-1.2,0.957,1,oil_leak,0,0.55,0.5,1800.0
247.6,mission_cruise,72.2479155086159,2500.0,43.87604224569205,4254.9,826.7,833.3,838.4,826.3,190.7,192.1,194.9,196.0,2.92,90.5,3.416,4254.8,824.5,832.5,835.5,825.5,190.0,191.5,195.0,196.0,2.88,90.1,3.445,-1.2,0.957,1,oil_leak,0,0.55,0.5,1800.0
247.7,mission_cruise,72.24680377987771,2500.0,43.876598110061146,4252.8,821.9,833.0,834.4,828.4,190.5,190.1,195.7,195.0,2.86,90.4,3.433,4254.7,824.5,832.5,835.5,825.5,190.0,191.5,195.0,196.0,2.88,90.1,3.445,-1.2,0.957,1,oil_leak,0,0.55,0.5,1800.0
247.8,mission_cruise,72.24569205113953,2500.0,43.877153974430236,4249.9,823.2,833.4,837.7,823.4,191.5,190.4,195.1,196.2,2.88,90.5,3.465,4254.7,824.5,832.5,835.5,825.5,190.0,191.5,195.0,196.0,2.88,90.1,3.445,-1.2,0.957,1,oil_leak,0,0.55,0.5,1800.0
247.9,mission_cruise,72.24458032240133,2500.0,43.87770983879933,4249.6,823.5,834.4,834.7,823.0,189.9,191.0,194.6,195.5,2.93,89.0,3.418,4254.6,824.5,832.5,835.5,825.5,190.0,191.5,195.0,196.0,2.88,90.1,3.445,-1.2,0.957,1,oil_leak,0,0.55,0.5,1800.0
248.0,mission_cruise,72.24346859366315,2500.0,43.878265703168424,4254.0,823.3,834.3,836.0,827.3,190.4,192.0,195.0,196.7,2.87,89.9,3.418,4254.6,824.5,832.5,835.5,825.5,190.0,191.5,195.0,196.0,2.88,90.1,3.445,-1.2,0.957,1,oil_leak,0,0.55,0.5,1800.0
248.1,mission_cruise,72.24235686492496,2500.0,43.87882156753752,4262.3,823.7,832.3,836.9,828.6,190.2,190.9,194.8,196.0,2.86,91.0,3.429,4254.6,824.5,832.5,835.5,825.5,190.0,191.5,195.0,196.0,2.88,90.1,3.445,-1.2,0.957,1,oil_leak,0,0.55,0.5,1800.0
248.2,mission_cruise,72.24124513618678,2500.0,43.87937743190661,4251.0,826.5,833.4,835.4,824.0,190.9,192.5,195.4,196.1,2.86,89.4,3.476,4254.5,824.5,832.5,835.5,825.5,190.0,191.5,195.0,196.0,2.88,90.1,3.445,-1.2,0.957,1,oil_leak,0,0.55,0.5,1800.0
248.3,mission_cruise,72.24013340744858,2500.0,43.87993329627571,4253.2,824.0,833.7,835.1,824.7,190.4,191.4,194.4,194.8,2.87,90.6,3.392,4254.5,824.5,832.5,835.5,825.5,190.0,191.5,195.0,196.0,2.88,90.1,3.445,-1.2,0.957,1,oil_leak,0,0.55,0.5,1800.0
248.4,mission_cruise,72.2390216787104,2500.0,43.8804891606448,4256.8,823.5,835.4,834.7,822.8,189.9,192.1,194.8,195.5,2.85,89.8,3.399,4254.5,824.5,832.5,835.5,825.5,190.0,191.5,195.0,196.0,2.88,90.1,3.445,-1.2,0.957,1,oil_leak,0,0.55,0.5,1800.0
248.5,mission_cruise,72.2379099499722,2500.0,43.8810450250139,4253.8,824.0,833.9,835.9,824.9,190.9,190.3,195.9,196.0,2.89,90.5,3.406,4254.4,824.5,832.5,835.5,825.5,190.0,191.5,195.0,196.0,2.88,90.1,3.444,-1.2,0.957,1,oil_leak,0,0.55,0.5,1800.0
248.6,mission_cruise,72.23679822123403,2500.0,43.88160088938299,4257.2,824.1,832.8,834.9,826.7,190.2,191.2,194.8,197.1,2.89,89.9,3.452,4254.4,824.5,832.5,835.5,825.5,190.0,191.5,195.0,196.0,2.88,90.1,3.444,-1.2,0.957,1,oil_leak,0,0.55,0.5,1800.0
248.7,mission_cruise,72.23568649249583,2500.0,43.882156753752085,4250.2,824.0,831.1,833.5,825.5,188.9,191.7,194.3,196.1,2.87,89.8,3.439,4254.4,824.5,832.5,835.5,825.5,190.0,191.5,195.0,196.0,2.88,90.1,3.444,-1.2,0.957,1,oil_leak,0,0.55,0.5,1800.0
248.8,mission_cruise,72.23457476375765,2500.0,43.882712618121175,4251.7,822.5,832.5,833.7,824.5,189.1,191.9,194.8,195.7,2.81,90.0,3.519,4254.3,824.5,832.5,835.5,825.5,190.0,191.5,195.0,196.0,2.88,90.1,3.444,-1.2,0.957,1,oil_leak,0,0.55,0.5,1800.0
248.9,mission_cruise,72.23346303501945,2500.0,43.88326848249027,4243.8,823.8,831.8,833.3,825.9,191.1,192.2,194.9,195.8,2.88,90.0,3.458,4254.3,824.5,832.5,835.5,825.5,190.0,191.5,195.0,196.0,2.88,90.1,3.444,-1.2,0.957,1,oil_leak,0,0.55,0.5,1800.0
249.0,mission_cruise,72.23235130628127,2500.0,43.88382434685936,4266.9,825.1,832.2,836.1,827.9,191.0,191.5,194.8,194.4,2.87,90.5,3.42,4254.3,824.5,832.5,835.5,825.5,190.0,191.5,195.0,196.0,2.88,90.1,3.444,-1.2,0.957,1,oil_leak,0,0.55,0.5,1800.0
249.1,mission_cruise,72.23123957754308,2500.0,43.88438021122846,4255.8,826.0,834.6,834.5,826.2,189.6,192.6,195.0,195.4,2.83,89.3,3.429,4254.2,824.5,832.5,835.5,825.5,190.0,191.5,195.0,196.0,2.88,90.1,3.444,-1.2,0.957,1,oil_leak,0,0.55,0.5,1800.0
249.2,mission_cruise,72.2301278488049,2500.0,43.88493607559755,4245.1,823.7,832.4,835.9,825.6,190.7,191.0,195.0,197.1,2.86,90.1,3.413,4254.2,824.5,832.5,835.5,825.5,190.0,191.5,195.0,196.0,2.88,90.1,3.444,-1.2,0.957,1,oil_leak,0,0.55,0.5,1800.0
249.3,mission_cruise,72.2290161200667,2500.0,43.88549193996665,4248.8,822.3,832.5,835.3,827.2,190.8,191.5,194.3,195.6,2.86,90.1,3.418,4254.1,824.5,832.5,835.5,825.5,190.0,191.5,195.0,196.0,2.88,90.1,3.444,-1.2,0.957,1,oil_leak,0,0.55,0.5,1800.0
249.4,mission_cruise,72.22790439132852,2500.0,43.88604780433574,4249.5,823.9,832.1,833.8,825.5,189.4,191.0,195.1,196.6,2.88,90.3,3.453,4254.1,824.5,832.5,835.5,825.5,190.0,191.5,195.0,196.0,2.88,90.1,3.444,-1.2,0.957,1,oil_leak,0,0.55,0.5,1800.0
249.5,mission_cruise,72.22679266259033,2500.0,43.886603668704836,4259.1,825.0,830.7,834.7,825.6,190.2,192.1,195.0,196.4,2.86,89.6,3.486,4254.1,824.5,832.5,835.5,825.5,190.0,191.5,195.0,196.0,2.88,90.1,3.444,-1.2,0.957,1,oil_leak,0,0.55,0.5,1800.0
249.6,mission_cruise,72.22568093385215,2500.0,43.88715953307393,4250.9,825.3,832.4,835.0,825.7,189.5,191.7,194.9,195.1,2.91,89.8,3.469,4254.0,824.5,832.5,835.5,825.5,190.0,191.5,195.0,196.0,2.88,90.1,3.444,-1.2,0.957,1,oil_leak,0,0.55,0.5,1800.0
249.7,mission_cruise,72.22456920511395,2500.0,43.887715397443024,4257.1,824.7,834.3,833.0,825.0,189.4,192.0,194.0,196.2,2.9,89.8,3.483,4254.0,824.5,832.5,835.5,825.5,190.0,191.5,195.0,196.0,2.88,90.1,3.444,-1.2,0.957,1,oil_leak,0,0.55,0.5,1800.0
249.8,mission_cruise,72.22345747637577,2500.0,43.888271261812115,4251.8,823.6,832.7,835.0,826.2,189.7,191.0,193.6,196.1,2.86,90.4,3.514,4254.0,824.5,832.5,835.5,825.5,190.0,191.5,195.0,196.0,2.88,90.1,3.444,-1.2,0.957,1,oil_leak,0,0.55,0.5,1800.0
249.9,mission_cruise,72.22234574763758,2500.0,43.88882712618121,4258.5,822.5,830.2,833.7,824.7,190.5,191.9,195.5,196.6,2.86,90.0,3.449,4253.9,824.5,832.5,835.5,825.5,190.0,191.5,195.0,196.0,2.88,90.1,3.444,-1.2,0.957,1,oil_leak,0,0.55,0.5,1800.0
250.0,mission_cruise,72.2212340188994,2500.0,43.8893829905503,4253.1,825.7,831.9,834.7,825.0,189.2,191.9,195.3,196.1,2.84,90.0,3.447,4253.9,824.5,832.5,835.5,825.5,190.0,191.5,195.0,196.0,2.88,90.1,3.444,-1.2,0.957,1,oil_leak,0,0.55,0.5,1800.0
250.1,mission_cruise,72.2201222901612,2500.0,43.8899388549194,4250.7,824.5,832.0,835.3,824.9,189.3,191.7,195.0,194.9,2.91,90.5,3.444,4253.9,824.5,832.5,835.5,825.5,190.0,191.5,195.0,196.0,2.88,90.1,3.444,-1.2,0.957,1,oil_leak,0,0.55,0.5,1800.0
250.2,mission_cruise,72.21901056142302,2500.0,43.89049471928849,4262.6,824.1,831.2,834.3,825.2,189.9,192.1,194.9,194.3,2.92,90.5,3.493,4253.8,824.5,832.5,835.5,825.5,190.0,191.5,195.0,196.0,2.88,90.1,3.444,-1.2,0.957,1,oil_leak,0,0.55,0.5,1800.0
250.3,mission_cruise,72.21789883268482,2500.0,43.89105058365759,4255.3,823.2,834.1,835.1,827.8,190.8,191.2,194.4,196.0,2.85,90.0,3.409,4253.8,824.5,832.5,835.5,825.5,190.0,191.5,195.0,196.0,2.88,90.1,3.444,-1.2,0.957,1,oil_leak,0,0.55,0.5,1800.0
250.4,mission_cruise,72.21678710394664,2500.0,43.89160644802668,4251.3,825.8,833.8,835.1,825.3,189.3,192.7,194.9,196.2,2.86,90.5,3.457,4253.7,824.5,832.5,835.5,825.5,190.0,191.5,195.0,196.0,2.88,90.1,3.444,-1.2,0.957,1,oil_leak,0,0.55,0.5,1800.0
250.5,mission_cruise,72.21567537520845,2500.0,43.892162312395776,4254.5,826.0,830.8,835.0,826.3,189.6,191.6,194.8,195.5,2.92,90.4,3.383,4253.7,824.5,832.5,835.5,825.5,190.0,191.5,195.0,196.0,2.88,90.1,3.444,-1.2,0.957,1,oil_leak,0,0.55,0.5,1800.0
250.6,mission_cruise,72.21456364647027,2500.0,43.892718176764866,4250.3,825.6,832.6,835.9,823.6,189.6,191.7,195.5,195.6,2.91,89.3,3.433,4253.7,824.5,832.5,835.5,825.5,190.0,191.5,195.0,196.0,2.88,90.1,3.444,-1.2,0.957,1,oil_leak,0,0.55,0.5,1800.0
250.7,mission_cruise,72.21345191773207,2500.0,43.893274041133964,4256.3,825.1,832.0,835.0,828.1,191.3,191.8,195.6,195.8,2.87,90.4,3.435,4253.6,824.5,832.5,835.5,825.5,190.0,191.5,195.0,196.0,2.88,90.1,3.444,-1.2,0.957,1,oil_leak,0,0.55,0.5,1800.0
250.8,mission_cruise,72.21234018899389,2500.0,43.893829905503054,4251.9,823.9,832.6,835.9,825.7,189.8,190.6,195.7,195.8,2.9,89.4,3.45,4253.6,824.5,832.5,835.5,825.5,189.9,191.4,194.9,195.9,2.88,90.1,3.443,-1.2,0.957,1,oil_leak,0,0.55,0.5,1800.0
250.9,mission_cruise,72.2112284602557,2500.0,43.89438576987215,4267.7,823.2,832.7,833.7,825.3,189.0,191.2,194.4,195.2,2.9,89.9,3.434,4253.6,824.5,832.5,835.5,825.5,189.9,191.4,194.9,195.9,2.88,90.2,3.443,-1.2,0.957,1,oil_leak,0,0.55,0.5,1800.0
251.0,mission_cruise,72.21011673151752,2500.0,43.89494163424124,4249.6,825.5,834.7,836.5,825.4,189.6,192.3,195.3,196.1,2.89,90.4,3.459,4253.5,824.5,832.5,835.5,825.5,189.9,191.4,194.9,195.9,2.88,90.2,3.443,-1.2,0.957,1,oil_leak,0,0.55,0.5,1800.0
251.1,mission_cruise,72.20900500277932,2500.0,43.89549749861034,4252.4,826.1,834.7,835.2,824.3,191.0,191.1,195.4,196.7,2.87,89.6,3.458,4253.5,824.5,832.5,835.5,825.5,189.9,191.4,194.9,195.9,2.88,90.2,3.443,-1.2,0.957,1,oil_leak,0,0.55,0.5,1800.0
251.2,mission_cruise,72.20789327404114,2500.0,43.89605336297943,4252.1,823.5,831.2,832.4,824.4,189.4,191.6,194.7,196.2,2.87,90.6,3.436,4253.5,824.5,832.5,835.5,825.5,189.9,191.4,194.9,195.9,2.88,90.2,3.443,-1.2,0.957,1,oil_leak,0,0.55,0.5,1800.0
251.3,mission_cruise,72.20678154530295,2500.0,43.89660922734853,4256.0,822.4,835.0,837.4,826.3,189.7,190.9,194.8,197.0,2.89,89.7,3.459,4253.4,824.5,832.5,835.5,825.5,189.9,191.4,194.9,195.9,2.88,90.2,3.443,-1.2,0.957,1,oil_leak,0,0.55,0.5,1800.0
251.4,mission_cruise,72.20566981656476,2500.0,43.89716509171762,4246.3,825.9,832.9,834.5,826.4,190.3,190.9,194.4,196.6,2.9,90.0,3.48,4253.4,824.4,832.4,835.4,825.4,189.9,191.4,194.9,195.9,2.88,90.2,3.443,-1.2,0.957,1,oil_leak,0,0.55,0.5,1800.0
251.5,mission_cruise,72.20455808782657,2500.0,43.897720956086715,4250.8,826.1,833.4,835.3,826.3,190.2,190.6,193.2,194.9,2.91,89.6,3.452,4253.4,824.4,832.4,835.4,825.4,189.9,191.4,194.9,195.9,2.88,90.2,3.443,-1.2,0.957,1,oil_leak,0,0.55,0.5,1800.0
251.6,mission_cruise,72.20344635908839,2500.0,43.898276820455806,4243.8,824.0,834.0,837.2,825.2,190.0,192.0,195.0,195.3,2.84,90.5,3.397,4253.3,824.4,832.4,835.4,825.4,189.9,191.4,194.9,195.9,2.88,90.2,3.443,-1.2,0.957,1,oil_leak,0,0.55,0.5,1800.0
251.7,mission_cruise,72.2023346303502,2500.0,43.8988326848249,4252.9,824.1,833.6,835.6,824.7,189.7,190.6,194.4,195.5,2.91,90.8,3.467,4253.3,824.4,832.4,835.4,825.4,189.9,191.4,194.9,195.9,2.88,90.2,3.443,-1.2,0.957,1,oil_leak,0,0.55,0.5,1800.0
251.8,mission_cruise,72.20122290161201,2500.0,43.89938854919399,4249.2,823.8,831.0,834.5,826.0,189.9,191.1,194.7,196.2,2.84,90.7,3.442,4253.2,824.4,832.4,835.4,825.4,189.9,191.4,194.9,195.9,2.88,90.2,3.443,-1.2,0.957,1,oil_leak,0,0.55,0.5,1800.0
251.9,mission_cruise,72.20011117287382,2500.0,43.89994441356309,4249.4,826.7,833.6,834.9,825.5,190.1,191.0,194.6,195.9,2.87,89.7,3.496,4253.2,824.4,832.4,835.4,825.4,189.9,191.4,194.9,195.9,2.88,90.2,3.443,-1.2,0.957,1,oil_leak,0,0.55,0.5,1800.0
252.0,mission_cruise,72.19899944413564,2500.0,43.90050027793218,4245.6,821.2,832.4,835.1,826.3,189.0,190.2,195.7,196.3,2.83,89.6,3.436,4253.2,824.4,832.4,835.4,825.4,189.9,191.4,194.9,195.9,2.88,90.2,3.443,-1.2,0.957,1,oil_leak,0,0.55,0.5,1800.0
252.1,mission_cruise,72.19788771539744,2500.0,43.90105614230128,4256.2,826.2,833.2,836.2,825.8,190.3,192.5,194.9,195.5,2.88,89.8,3.429,4253.1,824.4,832.4,835.4,825.4,189.9,191.4,194.9,195.9,2.88,90.2,3.443,-1.2,0.957,1,oil_leak,0,0.55,0.5,1800.0
252.2,mission_cruise,72.19677598665926,2500.0,43.90161200667037,4252.2,825.4,831.6,836.0,824.9,189.2,191.4,194.9,196.0,2.92,91.0,3.463,4253.1,824.4,832.4,835.4,825.4,189.9,191.4,194.9,195.9,2.88,90.2,3.443,-1.2,0.957,1,oil_leak,0,0.55,0.5,1800.0
252.3,mission_cruise,72.19566425792107,2500.0,43.90216787103947,4249.2,822.7,831.7,834.7,826.2,189.9,191.0,195.4,195.7,2.91,90.1,3.478,4253.1,824.4,832.4,835.4,825.4,189.9,191.4,194.9,195.9,2.88,90.2,3.443,-1.2,0.957,1,oil_leak,0,0.55,0.5,1800.0
252.4,mission_cruise,72.19455252918289,2500.0,43.90272373540856,4241.4,823.9,832.4,836.6,825.7,189.5,191.5,194.7,195.6,2.86,90.3,3.417,4253.0,824.4,832.4,835.4,825.4,189.9,191.4,194.9,195.9,2.88,90.2,3.443,-1.2,0.957,1,oil_leak,0,0.55,0.5,1800.0
252.5,mission_cruise,72.19344080044469,2500.0,43.903279599777655,4250.5,822.4,832.3,835.1,826.8,189.5,190.9,194.5,196.3,2.89,90.2,3.432,4253.0,824.4,832.4,835.4,825.4,189.9,191.4,194.9,195.9,2.88,90.2,3.443,-1.2,0.957,1,oil_leak,0,0.55,0.5,1800.0
252.6,mission_cruise,72.19232907170651,2500.0,43.903835464146745,4255.3,824.6,834.6,836.5,826.5,189.3,192.0,195.3,195.7,2.9,90.0,3.432,4253.0,824.4,832.4,835.4,825.4,189.9,191.4,194.9,195.9,2.88,90.2,3.443,-1.2,0.957,1,oil_leak,0,0.55,0.5,1800.0
252.7,mission_cruise,72.19121734296832,2500.0,43.90439132851584,4242.0,826.0,829.4,836.0,823.5,189.3,191.1,195.0,196.6,2.88,90.5,3.458,4252.9,824.4,832.4,835.4,825.4,189.9,191.4,194.9,195.9,2.88,90.2,3.443,-1.2,0.957,1,oil_leak,0,0.55,0.5,1800.0
252.8,mission_cruise,72.19010561423013,2500.0,43.90494719288493,4250.7,822.6,829.4,836.8,825.6,189.8,190.9,194.1,195.4,2.85,89.8,3.518,4252.9,824.4,832.4,835.4,825.4,189.9,191.4,194.9,195.9,2.88,90.2,3.443,-1.2,0.957,1,oil_leak,0,0.55,0.5,1800.0
252.9,mission_cruise,72.18899388549194,2500.0,43.90550305725403,4253.9,827.0,832.8,838.0,824.7,190.8,191.4,195.4,195.5,2.85,90.1,3.444,4252.9,824.4,832.4,835.4,825.4,189.9,191.4,194.9,195.9,2.88,90.2,3.443,-1.2,0.957,1,oil_leak,0,0.55,0.5,1800.0
253.0,mission_cruise,72.18788215675376,2500.0,43.90605892162312,4252.0,824.6,833.1,835.2,822.4,190.6,191.9,194.5,195.0,2.89,90.7,3.511,4252.8,824.4,832.4,835.4,825.4,189.9,191.4,194.9,195.9,2.88,90.2,3.443,-1.2,0.957,1,oil_leak,0,0.55,0.5,1800.0
253.1,mission_cruise,72.18677042801556,2500.0,43.90661478599222,4252.7,827.1,833.6,834.9,825.4,190.1,190.8,195.1,195.7,2.9,89.8,3.447,4252.8,824.4,832.4,835.4,825.4,189.9,191.4,194.9,195.9,2.88,90.2,3.442,-1.2,0.957,1,oil_leak,0,0.55,0.5,1800.0
253.2,mission_cruise,72.18565869927738,2500.0,43.90717065036131,4252.1,824.2,833.6,834.3,828.5,190.1,191.5,194.1,194.9,2.87,90.8,3.445,4252.7,824.4,832.4,835.4,825.4,189.9,191.4,194.9,195.9,2.88,90.2,3.442,-1.2,0.957,1,oil_leak,0,0.55,0.5,1800.0
253.3,mission_cruise,72.18454697053919,2500.0,43.907726514730406,4258.6,822.4,832.3,835.6,826.8,190.6,191.1,196.1,195.3,2.83,89.9,3.437,4252.7,824.4,832.4,835.4,825.4,189.9,191.4,194.9,195.9,2.88,90.2,3.442,-1.2,0.957,1,oil_leak,0,0.55,0.5,1800.0
253.4,mission_cruise,72.183435241801,2500.0,43.9082823790995,4255.1,823.6,831.8,834.7,823.9,190.0,190.8,194.6,197.0,2.82,90.5,3.443,4252.7,824.4,832.4,835.4,825.4,189.9,191.4,194.9,195.9,2.88,90.2,3.442,-1.2,0.957,1,oil_leak,0,0.55,0.5,1800.0
253.5,mission_cruise,72.18232351306281,2500.0,43.908838243468594,4257.2,823.5,832.6,839.0,826.5,189.5,192.6,194.3,195.7,2.81,90.3,3.45,4252.6,824.4,832.4,835.4,825.4,189.9,191.4,194.9,195.9,2.88,90.2,3.442,-1.2,0.957,1,oil_leak,0,0.55,0.5,1800.0
253.6,mission_cruise,72.18121178432463,2500.0,43.909394107837684,4252.3,825.1,832.5,835.3,826.1,188.2,192.1,195.0,195.3,2.88,90.3,3.44,4252.6,824.4,832.4,835.4,825.4,189.9,191.4,194.9,195.9,2.88,90.2,3.442,-1.2,0.957,1,oil_leak,0,0.55,0.5,1800.0
253.7,mission_cruise,72.18010005558644,2500.0,43.90994997220678,4259.3,825.6,831.4,835.8,824.2,189.9,192.1,195.1,196.4,2.87,90.3,3.439,4252.6,824.4,832.4,835.4,825.4,189.9,191.4,194.9,195.9,2.88,90.2,3.442,-1.2,0.957,1,oil_leak,0,0.55,0.5,1800.0
253.8,mission_cruise,72.17898832684826,2500.0,43.91050583657587,4246.3,823.9,830.8,834.2,826.9,190.1,191.6,194.0,195.9,2.88,90.0,3.442,4252.5,824.4,832.4,835.4,825.4,189.9,191.4,194.9,195.9,2.88,90.2,3.442,-1.2,0.957,1,oil_leak,0,0.55,0.5,1800.0
253.9,mission_cruise,72.17787659811006,2500.0,43.91106170094497,4243.2,824.1,831.7,836.0,826.5,188.9,191.0,194.3,196.0,2.91,90.2,3.477,4252.5,824.4,832.4,835.4,825.4,189.9,191.4,194.9,195.9,2.88,90.2,3.442,-1.2,0.957,1,oil_leak,0,0.55,0.5,1800.0
254.0,mission_cruise,72.17676486937188,2500.0,43.91161756531406,4252.0,823.0,831.9,833.9,826.3,190.0,192.1,195.1,196.4,2.88,90.5,3.424,4252.5,824.4,832.4,835.4,825.4,189.9,191.4,194.9,195.9,2.88,90.2,3.442,-1.2,0.957,1,oil_leak,0,0.55,0.5,1800.0
254.1,mission_cruise,72.17565314063368,2500.0,43.91217342968316,4250.3,825.0,831.0,835.5,824.0,190.4,190.9,194.8,195.4,2.89,89.2,3.426,4252.4,824.4,832.4,835.4,825.4,189.9,191.4,194.9,195.9,2.88,90.2,3.442,-1.2,0.957,1,oil_leak,0,0.55,0.5,1800.0
254.2,mission_cruise,72.1745414118955,2500.0,43.91272929405225,4246.7,827.9,832.9,834.5,825.9,190.2,192.1,194.7,195.8,2.89,90.5,3.427,4252.4,824.4,832.4,835.4,825.4,189.9,191.4,194.9,195.9,2.88,90.2,3.442,-1.2,0.957,1,oil_leak,0,0.55,0.5,1800.0
254.3,mission_cruise,72.17342968315731,2500.0,43.913285158421345,4236.8,824.1,831.8,838.0,824.2,190.7,191.7,195.7,196.1,2.84,90.3,3.441,4252.3,824.4,832.4,835.4,825.4,189.9,191.4,194.9,195.9,2.88,90.2,3.442,-1.2,0.957,1,oil_leak,0,0.55,0.5,1800.0
254.4,mission_cruise,72.17231795441913,2500.0,43.913841022790436,4247.6,824.7,833.4,836.6,824.4,190.2,191.0,194.5,195.4,2.86,89.9,3.414,4252.3,824.4,832.4,835.4,825.4,189.9,191.4,194.9,195.9,2.88,90.2,3.442,-1.2,0.957,1,oil_leak,0,0.55,0.5,1800.0
254.5,mission_cruise,72.17120622568093,2500.0,43.91439688715953,4248.3,826.1,833.2,835.6,823.9,189.0,191.6,194.0,196.2,2.86,90.2,3.453,4252.3,824.4,832.4,835.4,825.4,189.9,191.4,194.9,195.9,2.88,90.2,3.442,-1.2,0.957,1,oil_leak,0,0.55,0.5,1800.0
254.6,mission_cruise,72.17009449694275,2500.0,43.914952751528624,4256.6,823.1,834.1,835.2,826.9,190.6,192.6,195.0,195.8,2.87,90.0,3.431,4252.2,824.4,832.4,835.4,825.4,189.9,191.4,194.9,195.9,2.88,90.2,3.442,-1.2,0.957,1,oil_leak,0,0.55,0.5,1800.0
254.7,mission_cruise,72.16898276820456,2500.0,43.91550861589772,4249.3,823.2,831.0,835.5,828.1,190.4,191.0,194.9,195.7,2.86,89.5,3.433,4252.2,824.4,832.4,835.4,825.4,189.9,191.4,194.9,195.9,2.88,90.2,3.442,-1.2,0.957,1,oil_leak,0,0.55,0.5,1800.0
254.8,mission_cruise,72.16787103946638,2500.0,43.91606448026681,4254.1,826.9,835.0,833.7,829.5,189.2,191.8,194.2,196.4,2.85,90.5,3.481,4252.2,824.4,832.4,835.4,825.4,189.9,191.4,194.9,195.9,2.88,90.2,3.442,-1.2,0.957,1,oil_leak,0,0.55,0.5,1800.0
254.9,mission_cruise,72.16675931072818,2500.0,43.91662034463591,4253.0,823.5,831.7,835.0,825.3,190.1,191.6,195.3,196.0,2.88,90.3,3.477,4252.1,824.4,832.4,835.4,825.4,189.9,191.4,194.9,195.9,2.88,90.2,3.442,-1.2,0.957,1,oil_leak,0,0.55,0.5,1800.0
255.0,mission_cruise,72.16564758199,2500.0,43.917176209005,4262.7,826.4,832.4,838.2,826.8,190.7,191.6,193.9,195.3,2.89,90.6,3.489,4252.1,824.4,832.4,835.4,825.4,189.9,191.4,194.9,195.9,2.88,90.2,3.442,-1.2,0.957,1,oil_leak,0,0.55,0.5,1800.0
255.1,mission_cruise,72.1645358532518,2500.0,43.9177320733741,4251.2,824.6,834.1,838.0,825.6,189.7,191.2,194.5,196.7,2.88,90.0,3.452,4252.1,824.4,832.4,835.4,825.4,189.9,191.4,194.9,195.9,2.88,90.2,3.442,-1.2,0.957,1,oil_leak,0,0.55,0.5,1800.0
255.2,mission_cruise,72.16342412451363,2500.0,43.91828793774319,4246.5,821.8,832.9,834.6,826.6,189.6,191.4,195.0,196.0,2.88,89.9,3.47,4252.0,824.4,832.4,835.4,825.4,189.9,191.4,194.9,195.9,2.88,90.2,3.442,-1.2,0.957,1,oil_leak,0,0.55,0.5,1800.0
255.3,mission_cruise,72.16231239577543,2500.0,43.918843802112285,4250.1,822.3,833.2,837.6,825.7,190.3,191.1,193.8,194.2,2.86,90.4,3.481,4252.0,824.4,832.4,835.4,825.4,189.9,191.4,194.9,195.9,2.88,90.2,3.441,-1.2,0.957,1,oil_leak,0,0.55,0.5,1800.0
255.4,mission_cruise,72.16120066703725,2500.0,43.919399666481375,4253.3,823.8,834.3,836.2,828.1,189.5,191.2,194.4,197.3,2.9,90.3,3.432,4252.0,824.4,832.4,835.4,825.4,189.9,191.4,194.9,195.9,2.88,90.2,3.441,-1.2,0.957,1,oil_leak,0,0.55,0.5,1800.0
255.5,mission_cruise,72.16008893829905,2500.0,43.91995553085047,4257.4,826.0,829.8,836.1,824.1,189.8,191.8,194.7,195.5,2.89,90.0,3.457,4251.9,824.4,832.4,835.4,825.4,189.9,191.4,194.9,195.9,2.88,90.3,3.441,-1.2,0.957,1,oil_leak,0,0.55,0.5,1800.0
255.6,mission_cruise,72.15897720956087,2500.0,43.92051139521956,4255.6,826.7,830.8,834.0,828.1,189.7,191.9,194.7,196.2,2.85,90.9,3.435,4251.9,824.4,832.4,835.4,825.4,189.9,191.4,194.9,195.9,2.88,90.3,3.441,-1.2,0.957,1,oil_leak,0,0.55,0.5,1800.0
255.7,mission_cruise,72.15786548082268,2500.0,43.92106725958866,4252.9,825.0,832.6,832.8,826.3,190.2,191.7,194.6,194.6,2.91,90.4,3.419,4251.8,824.4,832.4,835.4,825.4,189.9,191.4,194.9,195.9,2.88,90.3,3.441,-1.2,0.957,1,oil_leak,0,0.55,0.5,1800.0
255.8,mission_cruise,72.1567537520845,2500.0,43.92162312395775,4261.4,823.2,832.2,832.7,825.7,188.7,192.2,195.3,195.7,2.88,90.4,3.425,4251.8,824.4,832.4,835.4,825.4,189.9,191.4,194.9,195.9,2.88,90.3,3.441,-1.2,0.957,1,oil_leak,0,0.55,0.5,1800.0
255.9,mission_cruise,72.1556420233463,2500.0,43.92217898832685,4250.6,826.6,831.5,835.5,826.6,190.3,190.9,195.4,196.3,2.88,90.3,3.445,4251.8,824.4,832.4,835.4,825.4,189.9,191.4,194.9,195.9,2.88,90.3,3.441,-1.2,0.957,1,oil_leak,0,0.55,0.5,1800.0
256.0,mission_cruise,72.15453029460812,2500.0,43.92273485269594,4254.6,820.7,833.2,837.2,827.3,190.6,191.6,194.0,195.6,2.86,90.3,3.455,4251.7,824.4,832.4,835.4,825.4,189.9,191.4,194.9,195.9,2.88,90.3,3.441,-1.2,0.957,1,oil_leak,0,0.55,0.5,1800.0
256.1,mission_cruise,72.15341856586993,2500.0,43.923290717065036,4246.9,826.9,832.3,833.5,825.8,190.1,191.7,195.2,195.7,2.92,90.1,3.408,4251.7,824.4,832.4,835.4,825.4,189.9,191.4,194.9,195.9,2.88,90.3,3.441,-1.2,0.957,1,oil_leak,0,0.55,0.5,1800.0
256.2,mission_cruise,72.15230683713175,2500.0,43.92384658143413,4244.6,823.3,832.3,834.0,826.7,189.9,191.9,195.2,196.1,2.9,90.3,3.447,4251.7,824.4,832.4,835.4,825.4,189.9,191.4,194.9,195.9,2.88,90.3,3.441,-1.2,0.957,1,oil_leak,0,0.55,0.5,1800.0
256.3,mission_cruise,72.15119510839355,2500.0,43.924402445803224,4248.6,826.0,834.6,834.5,826.1,189.7,192.4,194.6,195.5,2.9,90.4,3.431,4251.6,824.4,832.4,835.4,825.4,189.9,191.4,194.9,195.9,2.88,90.3,3.441,-1.2,0.957,1,oil_leak,0,0.55,0.5,1800.0
256.4,mission_cruise,72.15008337965537,2500.0,43.924958310172315,4248.8,822.5,832.5,836.1,825.5,189.8,191.2,194.8,197.0,2.89,90.2,3.464,4251.6,824.4,832.4,835.4,825.4,189.9,191.4,194.9,195.9,2.88,90.3,3.441,-1.2,0.957,1,oil_leak,0,0.55,0.5,1800.0
256.5,mission_cruise,72.14897165091718,2500.0,43.92551417454141,4244.3,823.3,834.5,836.6,826.1,190.3,191.2,194.4,195.9,2.81,89.7,3.446,4251.6,824.4,832.4,835.4,825.4,189.9,191.4,194.9,195.9,2.88,90.3,3.441,-1.2,0.957,1,oil_leak,0,0.55,0.5,1800.0
256.6,mission_cruise,72.147859922179,2500.0,43.9260700389105,4260.9,827.5,831.4,835.8,824.5,189.4,191.2,195.6,196.0,2.84,89.8,3.402,4251.5,824.3,832.3,835.3,825.3,189.9,191.4,194.9,195.9,2.88,90.3,3.441,-1.2,0.957,1,oil_leak,0,0.55,0.5,1800.0
256.7,mission_cruise,72.1467481934408,2500.0,43.9266259032796,4248.6,824.9,832.5,835.5,824.3,190.7,191.5,194.5,196.0,2.83,90.1,3.442,4251.5,824.3,832.3,835.3,825.3,189.9,191.4,194.9,195.9,2.88,90.3,3.441,-1.2,0.957,1,oil_leak,0,0.55,0.5,1800.0
256.8,mission_cruise,72.14563646470262,2500.0,43.92718176764869,4249.9,823.5,831.5,835.3,826.0,190.0,192.4,193.9,196.8,2.85,89.7,3.462,4251.5,824.3,832.3,835.3,825.3,189.9,191.4,194.9,195.9,2.88,90.3,3.441,-1.2,0.957,1,oil_leak,0,0.55,0.5,1800.0
256.9,mission_cruise,72.14452473596442,2500.0,43.92773763201779,4249.8,821.8,835.1,836.6,823.6,190.8,191.3,195.1,196.3,2.88,90.5,3.472,4251.4,824.3,832.3,835.3,825.3,189.9,191.4,194.9,195.9,2.88,90.3,3.441,-1.2,0.957,1,oil_leak,0,0.55,0.5,1800.0
257.0,mission_cruise,72.14341300722624,2500.0,43.92829349638688,4247.6,824.7,832.3,837.7,826.1,191.1,191.6,195.8,195.4,2.87,90.4,3.416,4251.4,824.3,832.3,835.3,825.3,189.9,191.4,194.9,195.9,2.88,90.3,3.441,-1.2,0.957,1,oil_leak,0,0.55,0.5,1800.0
257.1,mission_cruise,72.14230127848805,2500.0,43.928849360755976,4252.2,824.4,830.0,834.2,825.9,190.1,191.7,195.3,195.5,2.86,89.7,3.451,4251.3,824.3,832.3,835.3,825.3,189.9,191.4,194.9,195.9,2.88,90.3,3.441,-1.2,0.957,1,oil_leak,0,0.55,0.5,1800.0
257.2,mission_cruise,72.14118954974987,2500.0,43.929405225125066,4243.2,827.1,834.4,837.3,825.4,189.8,190.9,195.3,194.7,2.88,90.2,3.397,4251.3,824.3,832.3,835.3,825.3,189.9,191.4,194.9,195.9,2.88,90.3,3.441,-1.2,0.957,1,oil_leak,0,0.55,0.5,1800.0
257.3,mission_cruise,72.14007782101167,2500.0,43.929961089494164,4250.0,820.5,833.8,837.3,827.7,189.8,191.3,194.1,196.3,2.85,90.2,3.472,4251.3,824.3,832.3,835.3,825.3,189.9,191.4,194.9,195.9,2.88,90.3,3.441,-1.2,0.957,1,oil_leak,0,0.55,0.5,1800.0
257.4,mission_cruise,72.13896609227349,2500.0,43.930516953863254,4245.0,824.2,833.2,836.5,824.4,190.5,192.3,194.4,194.8,2.86,90.5,3.47,4251.2,824.3,832.3,835.3,825.3,189.9,191.4,194.9,195.9,2.88,90.3,3.441,-1.2,0.957,1,oil_leak,0,0.55,0.5,1800.0
257.5,mission_cruise,72.1378543635353,2500.0,43.93107281823235,4256.3,824.3,833.0,836.3,825.5,190.4,191.9,194.7,195.3,2.85,90.1,3.359,4251.2,824.3,832.3,835.3,825.3,189.9,191.4,194.9,195.9,2.88,90.3,3.441,-1.2,0.957,1,oil_leak,0,0.55,0.5,1800.0
257.6,mission_cruise,72.13674263479712,2500.0,43.93162868260144,4247.6,824.3,833.5,833.7,824.7,189.4,192.1,195.0,195.6,2.85,89.2,3.412,4251.2,824.3,832.3,835.3,825.3,189.9,191.4,194.9,195.9,2.88,90.3,3.44,-1.2,0.957,1,oil_leak,0,0.55,0.5,1800.0
257.7,mission_cruise,72.13563090605892,2500.0,43.93218454697054,4254.5,825.8,828.4,837.7,826.0,189.3,191.0,194.4,196.2,2.88,91.0,3.442,4251.1,824.3,832.3,835.3,825.3,189.9,191.4,194.9,195.9,2.88,90.3,3.44,-1.2,0.957,1,oil_leak,0,0.55,0.5,1800.0
257.8,mission_cruise,72.13451917732074,2500.0,43.93274041133963,4251.5,823.4,834.0,834.5,824.0,189.3,191.1,195.0,196.1,2.88,89.9,3.426,4251.1,824.3,832.3,835.3,825.3,189.9,191.4,194.9,195.9,2.88,90.3,3.44,-1.2,0.957,1,oil_leak,0,0.55,0.5,1800.0
257.9,mission_cruise,72.13340744858255,2500.0,43.93329627570873,4246.7,824.1,831.7,836.8,823.9,189.8,190.2,194.9,194.5,2.86,90.3,3.449,4251.1,824.3,832.3,835.3,825.3,189.9,191.4,194.9,195.9,2.88,90.3,3.44,-1.2,0.957,1,oil_leak,0,0.55,0.5,1800.0
258.0,mission_cruise,72.13229571984436,2500.0,43.93385214007782,4240.7,823.2,832.4,834.9,825.0,190.4,191.4,195.2,195.6,2.91,89.7,3.44,4251.0,824.3,832.3,835.3,825.3,189.9,191.4,194.9,195.9,2.88,90.3,3.44,-1.2,0.957,1,oil_leak,0,0.55,0.5,1800.0
258.1,mission_cruise,72.13118399110617,2500.0,43.934408004446915,4248.1,823.0,831.1,834.6,824.8,190.6,191.3,195.0,196.6,2.87,90.2,3.438,4251.0,824.3,832.3,835.3,825.3,189.9,191.4,194.9,195.9,2.88,90.3,3.44,-1.2,0.957,1,oil_leak,0,0.55,0.5,1800.0
258.2,mission_cruise,72.13007226236799,2500.0,43.934963868816006,4250.3,825.3,834.0,835.7,823.1,190.0,191.6,195.1,196.1,2.93,89.3,3.495,4250.9,824.3,832.3,835.3,825.3,189.9,191.4,194.9,195.9,2.88,90.3,3.44,-1.2,0.957,1,oil_leak,0,0.55,0.5,1800.0
258.3,mission_cruise,72.1289605336298,2500.0,43.9355197331851,4256.7,823.7,830.5,835.8,824.5,190.2,190.9,193.3,196.3,2.88,90.2,3.506,4250.9,824.3,832.3,835.3,825.3,189.9,191.4,194.9,195.9,2.88,90.3,3.44,-1.2,0.957,1,oil_leak,0,0.55,0.5,1800.0
258.4,mission_cruise,72.12784880489161,2500.0,43.93607559755419,4249.8,824.8,833.6,836.0,824.5,190.5,192.1,194.5,195.5,2.92,89.7,3.445,4250.9,824.3,832.3,835.3,825.3,189.9,191.4,194.9,195.9,2.88,90.3,3.44,-1.2,0.957,1,oil_leak,0,0.55,0.5,1800.0
258.5,mission_cruise,72.12673707615342,2500.0,43.93663146192329,4251.7,824.9,833.9,836.2,825.7,190.6,191.5,194.3,196.7,2.9,90.6,3.439,4250.8,824.3,832.3,835.3,825.3,189.9,191.4,194.9,195.9,2.88,90.3,3.44,-1.2,0.957,1,oil_leak,0,0.55,0.5,1800.0
258.6,mission_cruise,72.12562534741524,2500.0,43.93718732629238,4250.4,824.6,833.6,836.5,827.8,189.6,191.3,194.7,195.8,2.89,89.8,3.488,4250.8,824.3,832.3,835.3,825.3,189.9,191.4,194.9,195.9,2.88,90.3,3.44,-1.2,0.957,1,oil_leak,0,0.55,0.5,1800.0
258.7,mission_cruise,72.12451361867704,2500.0,43.93774319066148,4249.8,825.3,832.7,836.7,823.4,190.0,191.0,194.9,196.3,2.86,89.7,3.441,4250.8,824.3,832.3,835.3,825.3,189.9,191.4,194.9,195.9,2.88,90.3,3.44,-1.2,0.957,1,oil_leak,0,0.55,0.5,1800.0
258.8,mission_cruise,72.12340188993886,2500.0,43.93829905503057,4252.1,821.9,832.2,833.6,825.4,190.7,191.0,194.6,195.1,2.89,90.4,3.442,4250.7,824.3,832.3,835.3,825.3,189.9,191.4,194.9,195.9,2.88,90.3,3.44,-1.2,0.957,1,oil_leak,0,0.55,0.5,1800.0
258.9,mission_cruise,72.12229016120067,2500.0,43.93885491939967,4243.7,823.2,834.0,836.3,825.7,190.0,190.7,194.4,196.1,2.86,90.4,3.475,4250.7,824.3,832.3,835.3,825.3,189.9,191.4,194.9,195.9,2.88,90.3,3.44,-1.2,0.957,1,oil_leak,0,0.55,0.5,1800.0
259.0,mission_cruise,72.12117843246249,2500.0,43.93941078376876,4262.4,823.4,831.1,835.6,825.4,190.0,192.7,195.5,196.2,2.91,90.3,3.437,4250.7,824.3,832.3,835.3,825.3,189.9,191.4,194.9,195.9,2.88,90.3,3.44,-1.2,0.957,1,oil_leak,0,0.55,0.5,1800.0
259.1,mission_cruise,72.12006670372429,2500.0,43.939966648137855,4245.2,825.7,832.1,834.4,826.5,189.4,192.2,195.2,195.4,2.87,89.9,3.435,4250.6,824.3,832.3,835.3,825.3,189.9,191.4,194.9,195.9,2.88,90.3,3.44,-1.2,0.957,1,oil_leak,0,0.55,0.5,1800.0
259.2,mission_cruise,72.11895497498611,2500.0,43.940522512506945,4248.1,824.0,830.2,833.4,825.7,189.1,190.5,195.4,196.3,2.86,89.4,3.454,4250.6,824.3,832.3,835.3,825.3,189.9,191.4,194.9,195.9,2.88,90.3,3.44,-1.2,0.957,1,oil_leak,0,0.55,0.5,1800.0
259.3,mission_cruise,72.11784324624792,2500.0,43.94107837687604,4251.6,824.7,832.9,835.8,826.0,189.7,192.3,195.1,196.6,2.84,90.6,3.429,4250.6,824.3,832.3,835.3,825.3,189.9,191.4,194.9,195.9,2.88,90.3,3.44,-1.2,0.957,1,oil_leak,0,0.55,0.5,1800.0
259.4,mission_cruise,72.11673151750973,2500.0,43.94163424124513,4253.0,826.8,830.9,832.9,824.1,188.7,191.0,194.8,196.3,2.88,90.2,3.423,4250.5,824.3,832.3,835.3,825.3,189.9,191.4,194.9,195.9,2.88,90.3,3.44,-1.2,0.957,1,oil_leak,0,0.55,0.5,1800.0
259.5,mission_cruise,72.11561978877154,2500.0,43.94219010561423,4243.8,826.8,832.6,835.1,826.4,190.4,192.6,195.7,196.1,2.89,90.4,3.477,4250.5,824.3,832.3,835.3,825.3,189.9,191.4,194.9,195.9,2.88,90.3,3.44,-1.2,0.957,1,oil_leak,0,0.55,0.5,1800.0
259.6,mission_cruise,72.11450806003336,2500.0,43.94274596998332,4245.9,823.0,831.1,833.4,823.9,189.5,192.5,194.8,195.0,2.88,90.5,3.43,4250.4,824.3,832.3,835.3,825.3,189.9,191.4,194.9,195.9,2.88,90.3,3.44,-1.2,0.957,1,oil_leak,0,0.55,0.5,1800.0
259.7,mission_cruise,72.11339633129516,2500.0,43.94330183435242,4259.8,824.4,831.7,834.0,825.1,190.4,191.4,195.2,195.3,2.83,90.7,3.444,4250.4,824.3,832.3,835.3,825.3,189.9,191.4,194.9,195.9,2.88,90.3,3.44,-1.2,0.957,1,oil_leak,0,0.55,0.5,1800.0
259.8,mission_cruise,72.11228460255698,2500.0,43.94385769872151,4249.5,824.5,833.0,835.7,826.7,189.2,190.8,195.4,195.4,2.87,90.0,3.474,4250.4,824.3,832.3,835.3,825.3,189.9,191.4,194.9,195.9,2.88,90.3,3.44,-1.2,0.957,1,oil_leak,0,0.55,0.5,1800.0
259.9,mission_cruise,72.11117287381879,2500.0,43.944413563090606,4251.4,826.1,833.1,834.6,825.1,190.5,190.2,194.7,195.5,2.86,90.1,3.408,4250.3,824.3,832.3,835.3,825.3,189.9,191.4,194.9,195.9,2.88,90.3,3.439,-1.2,0.957,1,oil_leak,0,0.55,0.5,1800.0
260.0,mission_cruise,72.1100611450806,2500.0,43.9449694274597,4256.5,823.0,834.2,837.7,825.7,189.7,191.2,195.5,195.8,2.88,90.6,3.465,4250.3,824.3,832.3,835.3,825.3,189.9,191.4,194.9,195.9,2.88,90.3,3.439,-1.2,0.957,1,oil_leak,0,0.55,0.5,1800.0
260.1,mission_cruise,72.10894941634241,2500.0,43.945525291828794,4246.9,822.5,831.5,834.6,826.6,190.2,190.9,195.9,195.3,2.89,89.7,3.464,4250.3,824.3,832.3,835.3,825.3,189.9,191.4,194.9,195.9,2.88,90.3,3.439,-1.2,0.957,1,oil_leak,0,0.55,0.5,1800.0
260.2,mission_cruise,72.10783768760423,2500.0,43.946081156197884,4240.5,822.0,833.3,833.1,824.0,189.4,192.1,194.5,195.8,2.86,90.4,3.483,4250.2,824.3,832.3,835.3,825.3,189.9,191.4,194.9,195.9,2.88,90.3,3.439,-1.2,0.957,1,oil_leak,0,0.55,0.5,1800.0
260.3,mission_cruise,72.10672595886604,2500.0,43.94663702056698,4263.0,823.6,831.9,833.6,827.8,190.5,190.9,194.9,196.9,2.9,90.6,3.366,4250.2,824.3,832.3,835.3,825.3,189.9,191.4,194.9,195.9,2.87,90.3,3.439,-1.2,0.957,1,oil_leak,0,0.55,0.5,1800.0
260.4,mission_cruise,72.10561423012786,2500.0,43.94719288493607,4244.9,826.0,832.2,837.4,824.4,189.1,190.3,194.5,196.9,2.89,90.0,3.406,4250.2,824.3,832.3,835.3,825.3,189.9,191.4,194.9,195.9,2.87,90.3,3.439,-1.2,0.957,1,oil_leak,0,0.55,0.5,1800.0
260.5,mission_cruise,72.10450250138966,2500.0,43.94774874930517,4244.2,825.2,831.8,836.5,822.8,188.9,192.2,193.3,195.1,2.88,90.1,3.427,4250.1,824.3,832.3,835.3,825.3,189.9,191.4,194.9,195.9,2.87,90.3,3.439,-1.2,0.957,1,oil_leak,0,0.55,0.5,1800.0
260.6,mission_cruise,72.10339077265148,2500.0,43.94830461367426,4256.0,824.5,833.0,836.2,826.9,189.6,191.0,195.1,195.4,2.88,90.0,3.448,4250.1,824.3,832.3,835.3,825.3,189.9,191.4,194.9,195.9,2.87,90.3,3.439,-1.2,0.957,1,oil_leak,0,0.55,0.5,1800.0
260.7,mission_cruise,72.10227904391328,2500.0,43.94886047804336,4245.0,824.9,830.0,835.6,823.3,190.7,192.3,195.0,195.7,2.84,90.0,3.414,4250.0,824.3,832.3,835.3,825.3,189.9,191.4,194.9,195.9,2.87,90.3,3.439,-1.2,0.957,1,oil_leak,0,0.55,0.5,1800.0
260.8,mission_cruise,72.1011673151751,2500.0,43.94941634241245,4246.7,823.0,830.5,835.9,826.8,189.5,190.6,195.5,195.2,2.87,90.3,3.461,4250.0,824.3,832.3,835.3,825.3,189.9,191.4,194.9,195.9,2.87,90.3,3.439,-1.2,0.957,1,oil_leak,0,0.55,0.5,1800.0
260.9,mission_cruise,72.10005558643691,2500.0,43.949972206781545,4249.0,825.8,835.2,835.2,827.4,189.6,189.6,193.9,197.1,2.92,89.6,3.435,4250.0,824.3,832.3,835.3,825.3,189.9,191.4,194.9,195.9,2.87,90.3,3.439,-1.2,0.957,1,oil_leak,0,0.55,0.5,1800.0
261.0,mission_cruise,72.09894385769873,2500.0,43.950528071150636,4250.2,825.9,832.1,834.4,823.7,189.9,192.2,194.3,196.8,2.83,90.8,3.434,4249.9,824.3,832.3,835.3,825.3,189.9,191.4,194.9,195.9,2.87,90.4,3.439,-1.2,0.957,1,oil_leak,0,0.55,0.5,1800.0
261.1,mission_cruise,72.09783212896053,2500.0,43.95108393551973,4252.0,825.9,832.4,834.1,823.6,190.5,191.6,195.4,195.3,2.89,89.5,3.423,4249.9,824.3,832.3,835.3,825.3,189.9,191.4,194.9,195.9,2.87,90.4,3.439,-1.2,0.957,1,oil_leak,0,0.55,0.5,1800.0
261.2,mission_cruise,72.09672040022235,2500.0,43.951639799888824,4249.6,821.8,835.1,836.0,828.0,190.1,190.9,196.0,196.0,2.87,90.3,3.385,4249.9,824.3,832.3,835.3,825.3,189.9,191.4,194.9,195.9,2.87,90.4,3.439,-1.2,0.957,1,oil_leak,0,0.55,0.5,1800.0
261.3,mission_cruise,72.09560867148416,2500.0,43.95219566425792,4246.1,822.6,831.3,834.7,826.5,189.5,192.3,194.4,195.9,2.88,90.4,3.472,4249.8,824.3,832.3,835.3,825.3,189.9,191.4,194.9,195.9,2.87,90.4,3.439,-1.2,0.957,1,oil_leak,0,0.55,0.5,1800.0
261.4,mission_cruise,72.09449694274598,2500.0,43.95275152862701,4252.2,823.5,833.8,833.7,827.1,191.0,190.1,195.0,194.7,2.87,90.3,3.409,4249.8,824.3,832.3,835.3,825.3,189.9,191.4,194.9,195.9,2.87,90.4,3.439,-1.2,0.957,1,oil_leak,0,0.55,0.5,1800.0
261.5,mission_cruise,72.09338521400778,2500.0,43.95330739299611,4249.2,829.9,831.4,837.4,826.7,190.3,191.7,195.1,196.0,2.82,90.7,3.407,4249.8,824.3,832.3,835.3,825.3,189.9,191.4,194.9,195.9,2.87,90.4,3.439,-1.2,0.957,1,oil_leak,0,0.55,0.5,1800.0
261.6,mission_cruise,72.0922734852696,2500.0,43.9538632573652,4240.5,823.3,834.1,833.3,824.1,190.1,192.1,194.7,196.1,2.85,89.8,3.466,4249.7,824.3,832.3,835.3,825.3,189.9,191.4,194.9,195.9,2.87,90.4,3.439,-1.2,0.957,1,oil_leak,0,0.55,0.5,1800.0
261.7,mission_cruise,72.0911617565314,2500.0,43.9544191217343,4253.4,825.0,828.6,834.9,828.6,189.3,192.2,196.1,195.4,2.89,90.6,3.432,4249.7,824.2,832.2,835.2,825.2,189.9,191.4,194.9,195.9,2.87,90.4,3.439,-1.2,0.957,1,oil_leak,0,0.55,0.5,1800.0
261.8,mission_cruise,72.09005002779323,2500.0,43.95497498610339,4251.0,824.3,833.7,833.3,824.6,189.2,191.5,195.5,195.1,2.85,90.9,3.432,4249.7,824.2,832.2,835.2,825.2,189.9,191.4,194.9,195.9,2.87,90.4,3.439,-1.2,0.957,1,oil_leak,0,0.55,0.5,1800.0
261.9,mission_cruise,72.08893829905503,2500.0,43.955530850472485,4245.4,824.4,834.8,834.1,823.4,189.5,191.6,195.8,195.6,2.9,90.6,3.446,4249.6,824.2,832.2,835.2,825.2,189.9,191.4,194.9,195.9,2.87,90.4,3.439,-1.2,0.957,1,oil_leak,0,0.55,0.5,1800.0
262.0,mission_cruise,72.08782657031685,2500.0,43.956086714841575,4255.6,824.1,832.2,834.5,826.7,189.9,192.0,194.4,196.0,2.93,91.1,3.408,4249.6,824.2,832.2,835.2,825.2,189.9,191.4,194.9,195.9,2.87,90.4,3.439,-1.2,0.957,1,oil_leak,0,0.55,0.5,1800.0
262.1,mission_cruise,72.08671484157865,2500.0,43.95664257921067,4258.7,825.8,831.2,836.6,822.8,189.0,190.2,193.4,196.6,2.89,90.6,3.512,4249.5,824.2,832.2,835.2,825.2,189.9,191.4,194.9,195.9,2.87,90.4,3.439,-1.2,0.957,1,oil_leak,0,0.55,0.5,1800.0
262.2,mission_cruise,72.08560311284047,2500.0,43.95719844357976,4244.0,823.5,832.3,835.9,825.6,189.2,191.7,194.8,195.8,2.87,89.9,3.384,4249.5,824.2,832.2,835.2,825.2,189.9,191.4,194.9,195.9,2.87,90.4,3.438,-1.2,0.957,1,oil_leak,0,0.55,0.5,1800.0
262.3,mission_cruise,72.08449138410228,2500.0,43.95775430794886,4243.0,823.4,834.3,838.1,823.0,189.2,191.4,195.3,196.6,2.88,90.7,3.37,4249.5,824.2,832.2,835.2,825.2,189.9,191.4,194.9,195.9,2.87,90.4,3.438,-1.2,0.957,1,oil_leak,0,0.55,0.5,1800.0
262.4,mission_cruise,72.0833796553641,2500.0,43.95831017231795,4251.5,824.9,831.4,835.9,826.8,190.3,190.9,194.0,195.2,2.87,90.8,3.431,4249.4,824.2,832.2,835.2,825.2,189.9,191.4,194.9,195.9,2.87,90.4,3.438,-1.2,0.957,1,oil_leak,0,0.55,0.5,1800.0
262.5,mission_cruise,72.0822679266259,2500.0,43.95886603668705,4242.7,825.1,832.9,833.6,822.7,190.3,191.4,195.1,195.0,2.86,91.4,3.461,4249.4,824.2,832.2,835.2,825.2,189.9,191.4,194.9,195.9,2.87,90.4,3.438,-1.2,0.957,1,oil_leak,0,0.55,0.5,1800.0
262.6,mission_cruise,72.08115619788772,2500.0,43.95942190105614,4254.4,821.7,831.2,834.4,824.1,191.2,190.7,195.0,195.7,2.88,90.1,3.437,4249.4,824.2,832.2,835.2,825.2,189.9,191.4,194.9,195.9,2.87,90.4,3.438,-1.2,0.957,1,oil_leak,0,0.55,0.5,1800.0
262.7,mission_cruise,72.08004446914953,2500.0,43.959977765425236,4245.4,824.8,833.8,836.3,825.5,190.3,191.4,194.1,196.5,2.87,90.5,3.45,4249.3,824.2,832.2,835.2,825.2,189.9,191.4,194.9,195.9,2.87,90.4,3.438,-1.2,0.957,1,oil_leak,0,0.55,0.5,1800.0
262.8,mission_cruise,72.07893274041135,2500.0,43.96053362979433,4251.0,821.8,835.1,836.2,827.1,190.1,191.6,193.5,195.0,2.86,90.4,3.44,4249.3,824.2,832.2,835.2,825.2,189.9,191.4,194.9,195.9,2.87,90.4,3.438,-1.2,0.957,1,oil_leak,0,0.55,0.5,1800.0
262.9,mission_cruise,72.07782101167315,2500.0,43.961089494163424,4250.2,823.7,833.6,834.5,826.5,189.7,192.2,194.3,195.3,2.89,89.7,3.466,4249.3,824.2,832.2,835.2,825.2,189.9,191.4,194.9,195.9,2.87,90.4,3.438,-1.2,0.957,1,oil_leak,0,0.55,0.5,1800.0
263.0,mission_cruise,72.07670928293497,2500.0,43.961645358532515,4241.2,824.8,830.8,835.7,823.2,188.9,190.7,195.0,195.7,2.91,89.6,3.431,4249.2,824.2,832.2,835.2,825.2,189.9,191.4,194.9,195.9,2.87,90.4,3.438,-1.2,0.957,1,oil_leak,0,0.55,0.5,1800.0
263.1,mission_cruise,72.07559755419678,2500.0,43.96220122290161,4249.9,825.1,831.4,834.5,826.7,189.9,191.7,195.1,196.7,2.86,89.7,3.384,4249.2,824.2,832.2,835.2,825.2,189.9,191.4,194.9,195.9,2.87,90.4,3.438,-1.2,0.957,1,oil_leak,0,0.55,0.5,1800.0
263.2,mission_cruise,72.0744858254586,2500.0,43.9627570872707,4257.1,823.6,834.9,830.1,826.8,190.1,190.4,194.4,196.1,2.85,89.8,3.454,4249.2,824.2,832.2,835.2,825.2,189.9,191.4,194.9,195.9,2.87,90.4,3.438,-1.2,0.957,1,oil_leak,0,0.55,0.5,1800.0
263.3,mission_cruise,72.0733740967204,2500.0,43.9633129516398,4245.6,825.4,833.7,835.3,826.0,190.1,191.2,195.0,195.9,2.86,91.0,3.462,4249.1,824.2,832.2,835.2,825.2,189.9,191.4,194.9,195.9,2.87,90.4,3.438,-1.2,0.957,1,oil_leak,0,0.55,0.5,1800.0
263.4,mission_cruise,72.07226236798222,2500.0,43.96386881600889,4248.6,825.2,832.7,834.0,825.9,190.0,191.7,194.0,195.1,2.8,90.7,3.474,4249.1,824.2,832.2,835.2,825.2,189.9,191.4,194.9,195.9,2.87,90.4,3.438,-1.2,0.957,1,oil_leak,0,0.55,0.5,1800.0
263.5,mission_cruise,72.07115063924402,2500.0,43.96442468037799,4242.9,823.8,830.5,835.2,825.1,190.2,191.3,196.4,195.9,2.88,90.3,3.389,4249.0,824.2,832.2,835.2,825.2,189.9,191.4,194.9,195.9,2.87,90.4,3.438,-1.2,0.957,1,oil_leak,0,0.55,0.5,1800.0
263.6,mission_cruise,72.07003891050584,2500.0,43.96498054474708,4247.0,823.1,833.3,835.2,824.9,190.3,191.6,194.6,195.2,2.93,90.0,3.433,4249.0,824.2,832.2,835.2,825.2,189.9,191.4,194.9,195.9,2.87,90.4,3.438,-1.2,0.957,1,oil_leak,0,0.55,0.5,1800.0
263.7,mission_cruise,72.06892718176765,2500.0,43.965536409116176,4239.9,826.2,831.8,835.5,822.5,189.9,191.8,194.4,196.6,2.89,89.7,3.433,4249.0,824.2,832.2,835.2,825.2,189.9,191.4,194.9,195.9,2.87,90.4,3.438,-1.2,0.957,1,oil_leak,0,0.55,0.5,1800.0
263.8,mission_cruise,72.06781545302947,2500.0,43.966092273485266,4245.9,826.7,836.7,836.1,827.7,190.5,191.7,194.3,194.1,2.89,89.7,3.47,4248.9,824.2,832.2,835.2,825.2,189.9,191.4,194.9,195.9,2.87,90.4,3.438,-1.2,0.957,1,oil_leak,0,0.55,0.5,1800.0
263.9,mission_cruise,72.06670372429127,2500.0,43.966648137854364,4243.8,824.5,830.7,836.0,826.0,190.1,190.5,194.9,195.8,2.87,90.7,3.419,4248.9,824.2,832.2,835.2,825.2,189.9,191.4,194.9,195.9,2.87,90.4,3.438,-1.2,0.957,1,oil_leak,0,0.55,0.5,1800.0
264.0,mission_cruise,72.06559199555309,2500.0,43.967204002223454,4250.5,821.4,829.8,836.6,825.7,189.8,191.0,195.4,195.5,2.88,90.6,3.509,4248.9,824.2,832.2,835.2,825.2,189.9,191.4,194.9,195.9,2.87,90.4,3.438,-1.2,0.957,1,oil_leak,0,0.55,0.5,1800.0
264.1,mission_cruise,72.0644802668149,2500.0,43.96775986659255,4247.4,823.4,832.0,836.4,825.3,189.8,190.6,195.1,196.8,2.89,91.1,3.458,4248.8,824.2,832.2,835.2,825.2,189.9,191.4,194.9,195.9,2.87,90.4,3.438,-1.2,0.957,1,oil_leak,0,0.55,0.5,1800.0
264.2,mission_cruise,72.06336853807672,2500.0,43.96831573096164,4247.5,824.9,830.2,835.2,826.1,189.0,191.0,194.5,195.3,2.87,90.1,3.425,4248.8,824.2,832.2,835.2,825.2,189.9,191.4,194.9,195.9,2.87,90.4,3.438,-1.2,0.957,1,oil_leak,0,0.55,0.5,1800.0
264.3,mission_cruise,72.06225680933852,2500.0,43.96887159533074,4255.4,823.8,831.8,834.2,826.7,190.5,190.5,195.1,195.5,2.89,90.7,3.434,4248.8,824.2,832.2,835.2,825.2,189.9,191.4,194.9,195.9,2.87,90.4,3.438,-1.2,0.957,1,oil_leak,0,0.55,0.5,1800.0
264.4,mission_cruise,72.06114508060034,2500.0,43.96942745969983,4240.9,824.4,833.2,834.5,826.2,190.5,191.2,195.9,195.8,2.88,90.6,3.499,4248.7,824.2,832.2,835.2,825.2,189.9,191.4,194.9,195.9,2.87,90.4,3.437,-1.2,0.957,1,oil_leak,0,0.55,0.5,1800.0
264.5,mission_cruise,72.06003335186215,2500.0,43.96998332406893,4247.1,825.5,831.3,834.9,825.4,189.9,191.1,194.2,194.8,2.87,90.5,3.468,4248.7,824.2,832.2,835.2,825.2,189.9,191.4,194.9,195.9,2.87,90.4,3.437,-1.2,0.957,1,oil_leak,0,0.55,0.5,1800.0
264.6,mission_cruise,72.05892162312396,2500.0,43.97053918843802,4250.4,825.5,833.9,834.7,826.7,189.6,192.0,195.0,195.9,2.9,90.2,3.434,4248.6,824.2,832.2,835.2,825.2,189.9,191.4,194.9,195.9,2.87,90.4,3.437,-1.2,0.957,1,oil_leak,0,0.55,0.5,1800.0
264.7,mission_cruise,72.05780989438577,2500.0,43.971095052807115,4245.3,823.1,833.6,834.8,826.3,189.2,190.8,194.9,194.7,2.82,90.2,3.405,4248.6,824.2,832.2,835.2,825.2,189.9,191.4,194.9,195.9,2.87,90.4,3.437,-1.2,0.957,1,oil_leak,0,0.55,0.5,1800.0
264.8,mission_cruise,72.05669816564759,2500.0,43.971650917176206,4250.3,825.2,832.4,835.3,824.6,189.3,190.9,194.3,195.9,2.85,90.3,3.436,4248.6,824.2,832.2,835.2,825.2,189.9,191.4,194.9,195.9,2.87,90.4,3.437,-1.2,0.957,1,oil_leak,0,0.55,0.5,1800.0
264.9,mission_cruise,72.0555864369094,2500.0,43.9722067815453,4254.4,825.2,832.6,836.4,824.2,190.3,190.9,194.9,196.4,2.9,90.5,3.474,4248.5,824.2,832.2,835.2,825.2,189.9,191.4,194.9,195.9,2.87,90.4,3.437,-1.2,0.957,1,oil_leak,0,0.55,0.5,1800.0
265.0,mission_cruise,72.05447470817121,2500.0,43.97276264591439,4248.7,823.8,834.4,834.7,827.6,190.0,191.5,194.1,195.6,2.86,91.0,3.474,4248.5,824.2,832.2,835.2,825.2,189.9,191.4,194.9,195.9,2.87,90.4,3.437,-1.2,0.957,1,oil_leak,0,0.55,0.5,1800.0
265.1,mission_cruise,72.05336297943302,2500.0,43.97331851028349,4241.8,825.3,834.4,834.7,824.4,189.8,192.9,195.9,194.8,2.89,90.4,3.377,4248.5,824.2,832.2,835.2,825.2,189.9,191.4,194.9,195.9,2.87,90.4,3.437,-1.2,0.957,1,oil_leak,0,0.55,0.5,1800.0
265.2,mission_cruise,72.05225125069484,2500.0,43.97387437465258,4243.6,825.2,831.6,833.5,825.7,190.4,190.7,195.2,195.9,2.87,90.5,3.495,4248.4,824.2,832.2,835.2,825.2,189.9,191.4,194.9,195.9,2.87,90.4,3.437,-1.2,0.957,1,oil_leak,0,0.55,0.5,1800.0
265.3,mission_cruise,72.05113952195664,2500.0,43.97443023902168,4242.2,823.6,830.6,834.4,824.4,190.3,191.5,194.7,195.3,2.84,90.0,3.406,4248.4,824.2,832.2,835.2,825.2,189.9,191.4,194.9,195.9,2.87,90.4,3.437,-1.2,0.957,1,oil_leak,0,0.55,0.5,1800.0
265.4,mission_cruise,72.05002779321846,2500.0,43.97498610339077,4247.0,823.2,833.3,831.8,826.4,190.3,192.1,195.2,197.1,2.89,91.3,3.443,4248.4,824.2,832.2,835.2,825.2,189.9,191.4,194.9,195.9,2.87,90.4,3.437,-1.2,0.957,1,oil_leak,0,0.55,0.5,1800.0
265.5,mission_cruise,72.04891606448027,2500.0,43.97554196775987,4246.0,824.4,832.5,834.4,823.5,189.4,191.2,194.2,196.0,2.85,90.6,3.453,4248.3,824.2,832.2,835.2,825.2,189.9,191.4,194.9,195.9,2.87,90.4,3.437,-1.2,0.957,1,oil_leak,0,0.55,0.5,1800.0
265.6,mission_cruise,72.04780433574209,2500.0,43.97609783212896,4251.1,825.0,832.8,835.4,824.6,190.2,191.5,194.4,196.1,2.89,89.7,3.498,4248.3,824.2,832.2,835.2,825.2,189.9,191.4,194.9,195.9,2.87,90.4,3.437,-1.2,0.957,1,oil_leak,0,0.55,0.5,1800.0
265.7,mission_cruise,72.04669260700389,2500.0,43.976653696498055,4248.6,822.0,830.4,835.6,825.4,189.6,191.4,195.0,195.2,2.8,90.2,3.43,4248.3,824.2,832.2,835.2,825.2,189.9,191.4,194.9,195.9,2.87,90.4,3.437,-1.2,0.957,1,oil_leak,0,0.55,0.5,1800.0
265.8,mission_cruise,72.04558087826571,2500.0,43.977209560867145,4252.9,825.0,832.4,835.2,825.2,190.3,191.4,195.2,194.9,2.89,91.2,3.44,4248.2,824.2,832.2,835.2,825.2,189.9,191.4,194.9,195.9,2.87,90.4,3.437,-1.2,0.957,1,oil_leak,0,0.55,0.5,1800.0
265.9,mission_cruise,72.04446914952752,2500.0,43.97776542523624,4247.0,824.6,831.4,835.4,824.9,190.4,191.5,194.0,196.0,2.89,90.1,3.427,4248.2,824.2,832.2,835.2,825.2,189.9,191.4,194.9,195.9,2.87,90.4,3.437,-1.2,0.957,1,oil_leak,0,0.55,0.5,1800.0
266.0,mission_cruise,72.04335742078933,2500.0,43.97832128960533,4235.7,825.4,831.7,834.9,825.7,190.6,190.5,195.0,195.3,2.92,90.1,3.409,4248.1,824.2,832.2,835.2,825.2,189.9,191.4,194.9,195.9,2.87,90.4,3.437,-1.2,0.957,1,oil_leak,0,0.55,0.5,1800.0
266.1,mission_cruise,72.04224569205114,2500.0,43.97887715397443,4257.0,823.6,830.1,831.5,827.3,190.3,191.7,194.1,196.4,2.86,90.6,3.451,4248.1,824.2,832.2,835.2,825.2,189.9,191.4,194.9,195.9,2.87,90.4,3.437,-1.2,0.957,1,oil_leak,0,0.55,0.5,1800.0
266.2,mission_cruise,72.04113396331296,2500.0,43.97943301834352,4252.5,825.3,833.0,837.8,823.7,190.0,190.8,194.4,194.9,2.88,89.8,3.453,4248.1,824.2,832.2,835.2,825.2,189.9,191.4,194.9,195.9,2.87,90.4,3.437,-1.2,0.957,1,oil_leak,0,0.55,0.5,1800.0
266.3,mission_cruise,72.04002223457476,2500.0,43.97998888271262,4249.3,824.6,832.5,837.1,827.4,188.7,191.1,195.5,196.5,2.89,90.1,3.415,4248.0,824.2,832.2,835.2,825.2,189.9,191.4,194.9,195.9,2.87,90.4,3.437,-1.2,0.957,1,oil_leak,0,0.55,0.5,1800.0
266.4,mission_cruise,72.03891050583658,2500.0,43.98054474708171,4238.9,826.4,832.6,833.7,825.3,189.5,191.1,194.3,195.6,2.9,90.9,3.415,4248.0,824.2,832.2,835.2,825.2,189.9,191.4,194.9,195.9,2.87,90.4,3.437,-1.2,0.957,1,oil_leak,0,0.55,0.5,1800.0
266.5,mission_cruise,72.03779877709839,2500.0,43.981100611450806,4242.4,827.0,832.8,836.7,826.4,190.8,192.0,194.5,196.3,2.9,90.1,3.461,4248.0,824.2,832.2,835.2,825.2,189.9,191.4,194.9,195.9,2.87,90.4,3.437,-1.2,0.957,1,oil_leak,0,0.55,0.5,1800.0
266.6,mission_cruise,72.0366870483602,2500.0,43.9816564758199,4249.3,822.9,828.9,832.9,825.4,190.5,191.3,194.4,195.7,2.9,90.3,3.447,4247.9,824.2,832.2,835.2,825.2,189.9,191.4,194.9,195.9,2.87,90.4,3.437,-1.2,0.957,1,oil_leak,0,0.55,0.5,1800.0
266.7,mission_cruise,72.03557531962201,2500.0,43.982212340188994,4241.5,823.8,834.3,835.1,824.3,189.4,190.5,194.6,196.3,2.91,90.4,3.457,4247.9,824.2,832.2,835.2,825.2,189.9,191.4,194.9,195.9,2.87,90.4,3.436,-1.2,0.957,1,oil_leak,0,0.55,0.5,1800.0
266.8,mission_cruise,72.03446359088383,2500.0,43.982768204558084,4243.3,824.6,831.6,836.4,827.5,190.3,191.5,196.3,196.0,2.83,91.2,3.449,4247.9,824.2,832.2,835.2,825.2,189.9,191.4,194.9,195.9,2.87,90.4,3.436,-1.2,0.957,1,oil_leak,0,0.55,0.5,1800.0
266.9,mission_cruise,72.03335186214564,2500.0,43.98332406892718,4245.5,821.6,832.0,835.0,823.8,190.1,191.5,195.5,195.3,2.88,90.5,3.494,4247.8,824.1,832.1,835.1,825.1,189.9,191.4,194.9,195.9,2.87,90.4,3.436,-1.2,0.957,1,oil_leak,0,0.55,0.5,1800.0
267.0,mission_cruise,72.03224013340746,2500.0,43.98387993329627,4248.3,825.4,832.0,835.0,825.5,189.9,190.3,195.3,196.4,2.89,90.7,3.449,4247.8,824.1,832.1,835.1,825.1,189.9,191.4,194.9,195.9,2.87,90.4,3.436,-1.2,0.957,1,oil_leak,0,0.55,0.5,1800.0
267.1,mission_cruise,72.03112840466926,2500.0,43.98443579766537,4248.9,824.2,835.4,836.0,824.0,189.1,192.0,195.5,196.0,2.89,90.6,3.419,4247.8,824.1,832.1,835.1,825.1,189.9,191.4,194.9,195.9,2.87,90.4,3.436,-1.2,0.957,1,oil_leak,0,0.55,0.5,1800.0
267.2,mission_cruise,72.03001667593108,2500.0,43.98499166203446,4255.6,823.5,831.9,837.7,825.2,189.3,192.1,195.0,195.9,2.88,91.4,3.428,4247.7,824.1,832.1,835.1,825.1,189.9,191.4,194.9,195.9,2.87,90.4,3.436,-1.2,0.957,1,oil_leak,0,0.55,0.5,1800.0
267.3,mission_cruise,72.02890494719288,2500.0,43.98554752640356,4249.5,825.0,833.5,836.1,824.6,190.0,190.9,194.7,196.8,2.91,89.2,3.47,4247.7,824.1,832.1,835.1,825.1,189.9,191.4,194.9,195.9,2.87,90.4,3.436,-1.2,0.957,1,oil_leak,0,0.55,0.5,1800.0
267.4,mission_cruise,72.0277932184547,2500.0,43.98610339077265,4249.8,822.9,831.1,833.0,825.7,189.8,191.2,196.5,194.7,2.84,90.8,3.455,4247.6,824.1,832.1,835.1,825.1,189.9,191.4,194.9,195.9,2.87,90.4,3.436,-1.2,0.957,1,oil_leak,0,0.55,0.5,1800.0
267.5,mission_cruise,72.02668148971651,2500.0,43.986659255141745,4251.7,822.6,832.8,837.4,825.3,189.1,192.1,194.9,195.4,2.86,90.1,3.438,4247.6,824.1,832.1,835.1,825.1,189.8,191.3,194.8,195.8,2.87,90.4,3.436,-1.2,0.957,1,oil_leak,0,0.55,0.5,1800.0
267.6,mission_cruise,72.02556976097833,2500.0,43.987215119510836,4246.3,825.9,833.9,834.7,825.5,189.3,191.1,194.4,196.1,2.86,91.0,3.434,4247.6,824.1,832.1,835.1,825.1,189.8,191.3,194.8,195.8,2.87,90.5,3.436,-1.2,0.957,1,oil_leak,0,0.55,0.5,1800.0
267.7,mission_cruise,72.02445803224013,2500.0,43.98777098387993,4239.3,822.9,832.8,834.1,825.5,190.4,190.7,194.8,196.0,2.85,90.0,3.431,4247.5,824.1,832.1,835.1,825.1,189.8,191.3,194.8,195.8,2.87,90.5,3.436,-1.2,0.957,1,oil_leak,0,0.55,0.5,1800.0
267.8,mission_cruise,72.02334630350195,2500.0,43.988326848249024,4249.8,824.9,830.6,836.3,824.8,189.8,191.3,194.9,196.5,2.88,91.0,3.424,4247.5,824.1,832.1,835.1,825.1,189.8,191.3,194.8,195.8,2.87,90.5,3.436,-1.2,0.957,1,oil_leak,0,0.55,0.5,1800.0
267.9,mission_cruise,72.02223457476376,2500.0,43.98888271261812,4252.7,824.0,834.2,833.5,823.8,189.7,191.5,195.4,196.3,2.86,90.6,3.434,4247.5,824.1,832.1,835.1,825.1,189.8,191.3,194.8,195.8,2.87,90.5,3.436,-1.2,0.957,1,oil_leak,0,0.55,0.5,1800.0
268.0,mission_cruise,72.02112284602558,2500.0,43.98943857698721,4240.6,824.0,830.4,834.1,823.8,190.5,191.4,194.7,196.4,2.89,90.3,3.404,4247.4,824.1,832.1,835.1,825.1,189.8,191.3,194.8,195.8,2.87,90.5,3.436,-1.2,0.957,1,oil_leak,0,0.55,0.5,1800.0
268.1,mission_cruise,72.02001111728738,2500.0,43.98999444135631,4254.8,825.9,832.6,835.2,826.9,189.5,191.8,195.2,196.3,2.86,90.5,3.455,4247.4,824.1,832.1,835.1,825.1,189.8,191.3,194.8,195.8,2.87,90.5,3.436,-1.2,0.957,1,oil_leak,0,0.55,0.5,1800.0
268.2,mission_cruise,72.0188993885492,2500.0,43.9905503057254,4246.5,823.9,833.4,835.8,823.9,189.5,191.1,194.5,195.8,2.87,90.4,3.415,4247.4,824.1,832.1,835.1,825.1,189.8,191.3,194.8,195.8,2.87,90.5,3.436,-1.2,0.957,1,oil_leak,0,0.55,0.5,1800.0
268.3,mission_cruise,72.017787659811,2500.0,43.9911061700945,4243.8,822.9,833.1,835.8,823.0,190.0,191.2,195.2,196.2,2.91,90.1,3.413,4247.3,824.1,832.1,835.1,825.1,189.8,191.3,194.8,195.8,2.87,90.5,3.436,-1.2,0.957,1,oil_leak,0,0.55,0.5,1800.0
268.4,mission_cruise,72.01667593107283,2500.0,43.99166203446359,4241.5,824.6,832.9,834.9,824.7,189.1,192.4,195.0,196.1,2.86,90.7,3.405,4247.3,824.1,832.1,835.1,825.1,189.8,191.3,194.8,195.8,2.87,90.5,3.436,-1.2,0.957,1,oil_leak,0,0.55,0.5,1800.0
268.5,mission_cruise,72.01556420233463,2500.0,43.992217898832685,4254.1,826.0,833.9,833.5,826.5,189.3,191.7,194.6,195.7,2.89,89.8,3.47,4247.2,824.1,832.1,835.1,825.1,189.8,191.3,194.8,195.8,2.87,90.5,3.436,-1.2,0.957,1,oil_leak,0,0.55,0.5,1800.0
268.6,mission_cruise,72.01445247359645,2500.0,43.992773763201775,4249.0,823.5,831.8,833.1,826.6,189.1,191.5,194.0,195.3,2.88,90.4,3.465,4247.2,824.1,832.1,835.1,825.1,189.8,191.3,194.8,195.8,2.87,90.5,3.436,-1.2,0.957,1,oil_leak,0,0.55,0.5,1800.0
268.7,mission_cruise,72.01334074485825,2500.0,43.99332962757087,4240.8,824.3,833.1,836.9,825.1,190.3,191.7,193.8,195.2,2.9,90.6,3.419,4247.2,824.1,832.1,835.1,825.1,189.8,191.3,194.8,195.8,2.87,90.5,3.436,-1.2,0.957,1,oil_leak,0,0.55,0.5,1800.0
268.8,mission_cruise,72.01222901612007,2500.0,43.99388549193996,4242.5,824.4,832.5,838.3,828.4,191.0,191.8,194.8,195.8,2.87,91.0,3.407,4247.1,824.1,832.1,835.1,825.1,189.8,191.3,194.8,195.8,2.87,90.5,3.436,-1.2,0.957,1,oil_leak,0,0.55,0.5,1800.0
268.9,mission_cruise,72.01111728738188,2500.0,43.99444135630906,4240.2,824.5,834.2,835.2,824.4,191.4,191.7,195.1,195.1,2.87,90.4,3.428,4247.1,824.1,832.1,835.1,825.1,189.8,191.3,194.8,195.8,2.87,90.5,3.436,-1.2,0.957,1,oil_leak,0,0.55,0.5,1800.0
269.0,mission_cruise,72.0100055586437,2500.0,43.99499722067815,4239.4,824.0,831.8,834.2,827.0,189.4,191.5,194.6,196.4,2.89,90.6,3.394,4247.1,824.1,832.1,835.1,825.1,189.8,191.3,194.8,195.8,2.87,90.5,3.435,-1.2,0.957,1,oil_leak,0,0.55,0.5,1800.0
269.1,mission_cruise,72.0088938299055,2500.0,43.99555308504725,4253.1,823.5,832.1,834.6,826.1,190.1,191.6,195.1,195.4,2.9,90.6,3.403,4247.0,824.1,832.1,835.1,825.1,189.8,191.3,194.8,195.8,2.87,90.5,3.435,-1.2,0.957,1,oil_leak,0,0.55,0.5,1800.0
269.2,mission_cruise,72.00778210116732,2500.0,43.99610894941634,4254.1,825.8,832.7,833.3,823.5,189.7,191.0,195.8,195.5,2.86,90.8,3.454,4247.0,824.1,832.1,835.1,825.1,189.8,191.3,194.8,195.8,2.87,90.5,3.435,-1.2,0.957,1,oil_leak,0,0.55,0.5,1800.0
269.3,mission_cruise,72.00667037242913,2500.0,43.996664813785436,4238.0,826.7,831.0,835.5,822.3,189.9,192.0,194.1,196.4,2.84,91.4,3.407,4247.0,824.1,832.1,835.1,825.1,189.8,191.3,194.8,195.8,2.87,90.5,3.435,-1.2,0.957,1,oil_leak,0,0.55,0.5,1800.0
269.4,mission_cruise,72.00555864369093,2500.0,43.997220678154534,4248.9,824.0,833.2,833.8,823.7,189.6,191.3,194.3,196.1,2.88,90.6,3.476,4246.9,824.1,832.1,835.1,825.1,189.8,191.3,194.8,195.8,2.87,90.5,3.435,-1.2,0.957,1,oil_leak,0,0.55,0.5,1800.0
269.5,mission_cruise,72.00444691495275,2500.0,43.997776542523624,4241.2,825.0,831.8,834.2,827.2,190.2,191.0,194.4,196.2,2.84,91.0,3.433,4246.9,824.1,832.1,835.1,825.1,189.8,191.3,194.8,195.8,2.87,90.5,3.435,-1.2,0.957,1,oil_leak,0,0.55,0.5,1800.0
269.6,mission_cruise,72.00333518621457,2500.0,43.998332406892715,4256.4,821.7,833.9,835.8,824.7,189.6,191.6,195.2,196.1,2.87,90.1,3.451,4246.9,824.1,832.1,835.1,825.1,189.8,191.3,194.8,195.8,2.87,90.5,3.435,-1.2,0.957,1,oil_leak,0,0.55,0.5,1800.0
269.7,mission_cruise,72.00222345747638,2500.0,43.99888827126181,4245.6,825.3,834.0,836.8,826.3,190.8,190.6,194.0,196.1,2.91,90.7,3.432,4246.8,824.1,832.1,835.1,825.1,189.8,191.3,194.8,195.8,2.87,90.5,3.435,-1.2,0.957,1,oil_leak,0,0.55,0.5,1800.0
269.8,mission_cruise,72.00111172873818,2500.0,43.99944413563091,4244.8,823.3,829.9,836.1,822.4,189.5,190.3,195.1,196.3,2.88,89.7,3.488,4246.8,824.1,832.1,835.1,825.1,189.8,191.3,194.8,195.8,2.87,90.5,3.435,-1.2,0.957,1,oil_leak,0,0.55,0.5,1800.0
269.9,mission_cruise,72.0,2500.0,44.0,4241.0,824.7,831.2,834.8,824.8,190.1,191.2,193.8,196.3,2.86,90.7,3.476,4246.7,824.1,832.1,835.1,825.1,189.8,191.3,194.8,195.8,2.87,90.5,3.435,-1.2,0.957,1,oil_leak,0,0.55,0.5,1800.0
270.0,descend_land,35.0,2500.0,40.0,4026.7,819.7,827.7,830.1,819.8,189.4,190.9,194.4,194.3,2.83,89.9,2.031,4021.0,820.3,828.3,831.3,821.3,189.7,191.2,194.7,195.7,2.86,90.5,2.019,-1.2,0.957,1,oil_leak,0,0.55,0.5,1800.0
270.1,descend_land,34.988876529477196,2497.2747497219134,39.983314794215794,3836.4,816.9,827.3,828.2,817.4,188.9,190.9,194.6,195.6,2.85,90.6,2.04,3836.3,816.8,824.8,827.8,817.8,189.5,191.0,194.5,195.5,2.83,90.5,2.019,-1.2,0.957,1,oil_leak,0,0.55,0.5,1800.0
270.2,descend_land,34.97775305895439,2494.5494994438263,39.96662958843159,3682.1,812.3,820.4,822.3,815.0,190.0,191.0,194.6,196.0,2.81,90.7,1.966,3685.2,813.4,821.4,824.4,814.4,189.4,190.9,194.4,195.4,2.8,90.5,2.019,-1.2,0.957,1,oil_leak,0,0.55,0.5,1800.0
270.3,descend_land,34.96662958843159,2491.8242491657397,39.94994438264739,3562.7,813.4,818.5,819.2,812.8,189.3,190.9,194.7,195.6,2.74,89.9,1.989,3561.5,810.3,818.3,821.3,811.3,189.3,190.8,194.3,195.3,2.76,90.5,2.019,-1.2,0.958,1,oil_leak,0,0.55,0.5,1800.0
270.4,descend_land,34.95550611790879,2489.098998887653,39.93325917686318,3467.1,807.0,815.2,817.8,808.8,190.4,191.1,193.4,195.0,2.75,90.4,2.044,3460.3,807.3,815.3,818.3,808.3,189.1,190.6,194.1,195.1,2.72,90.5,2.019,-1.2,0.958,1,oil_leak,0,0.55,0.5,1800.0
270.5,descend_land,34.944382647385986,2486.373748609566,39.916573971078975,3378.1,805.3,812.9,817.9,807.5,188.8,191.0,195.0,195.7,2.65,90.5,2.005,3377.4,804.4,812.4,815.4,805.4,189.0,190.5,194.0,195.0,2.68,90.5,2.019,-1.2,0.958,1,oil_leak,0,0.55,0.5,1800.0
270.6,descend_land,34.93325917686318,2483.6484983314795,39.89988876529477,3325.2,802.3,809.3,814.4,803.2,190.6,189.8,194.4,194.4,2.64,89.8,2.032,3309.7,801.8,809.8,812.8,802.8,188.9,190.4,193.9,194.9,2.65,90.5,2.019,-1.1,0.958,1,oil_leak,0,0.55,0.5,1800.0
270.7,descend_land,34.92213570634038,2480.923248053393,39.88320355951057,3262.8,795.8,807.9,811.2,802.5,188.6,189.4,192.1,195.4,2.63,90.8,2.054,3254.2,799.2,807.2,810.2,800.2,188.7,190.2,193.7,194.7,2.61,90.4,2.019,-1.1,0.959,1,oil_leak,0,0.55,0.5,1800.0
270.8,descend_land,34.91101223581757,2478.197997775306,39.86651835372636,3207.9,797.3,805.5,809.0,798.3,188.4,190.9,192.7,195.2,2.58,90.3,1.995,3208.7,796.8,804.8,807.8,797.8,188.6,190.1,193.6,194.6,2.58,90.4,2.019,-1.1,0.959,1,oil_leak,0,0.55,0.5,1800.0
270.9,descend_land,34.89988876529477,2475.472747497219,39.84983314794216,3188.0,791.8,799.4,805.9,795.7,187.8,189.4,193.1,194.7,2.54,90.6,2.061,3171.6,794.6,802.6,805.6,795.6,188.5,190.0,193.5,194.5,2.55,90.4,2.018,-1.1,0.959,1,oil_leak,0,0.55,0.5,1800.0
271.0,descend_land,34.88876529477197,2472.7474972191326,39.83314794215795,3146.2,790.7,802.3,801.9,790.0,188.0,190.0,192.7,194.7,2.51,91.0,1.98,3141.1,792.5,800.5,803.5,793.5,188.3,189.8,193.3,194.3,2.53,90.4,2.018,-1.1,0.96,1,oil_leak,0,0.55,0.5,1800.0
271.1,descend_land,34.87764182424917,2470.0222469410455,39.81646273637375,3113.2,788.7,799.8,800.5,791.4,187.7,189.5,193.4,194.2,2.45,91.6,2.039,3116.2,790.4,798.4,801.4,791.4,188.2,189.7,193.2,194.2,2.51,90.4,2.018,-1.1,0.96,1,oil_leak,0,0.55,0.5,1800.0
271.2,descend_land,34.86651835372636,2467.296996662959,39.799777530589544,3097.3,789.2,798.8,799.5,786.7,187.1,190.4,193.2,193.5,2.48,90.9,2.017,3095.7,788.5,796.5,799.5,789.5,188.1,189.6,193.1,194.1,2.49,90.4,2.018,-1.0,0.96,1,oil_leak,0,0.55,0.5,1800.0
271.3,descend_land,34.85539488320356,2464.5717463848723,39.78309232480534,3082.7,788.9,796.3,799.4,786.9,187.0,189.7,193.3,194.0,2.46,90.1,2.011,3079.0,786.7,794.7,797.7,787.7,187.9,189.4,192.9,193.9,2.47,90.4,2.018,-1.0,0.96,1,oil_leak,0,0.55,0.5,1800.0
271.4,descend_land,34.844271412680754,2461.8464961067853,39.76640711902113,3064.9,784.1,793.9,796.7,784.8,189.6,188.9,192.2,193.5,2.45,89.9,2.009,3065.3,785.0,793.0,796.0,786.0,187.8,189.3,192.8,193.8,2.46,90.4,2.018,-1.0,0.961,1,oil_leak,0,0.55,0.5,1800.0
271.5,descend_land,34.83314794215795,2459.1212458286986,39.74972191323693,3055.1,785.3,792.2,793.1,785.6,187.9,189.7,192.0,195.1,2.43,90.8,2.009,3054.1,783.4,791.4,794.4,784.4,187.7,189.2,192.7,193.7,2.44,90.4,2.018,-1.0,0.961,1,oil_leak,0,0.55,0.5,1800.0
271.6,descend_land,34.82202447163515,2456.3959955506116,39.733036707452726,3046.5,780.1,790.2,793.0,782.9,187.5,189.5,191.4,192.8,2.43,90.2,2.016,3044.8,781.9,789.9,792.9,782.9,187.5,189.0,192.5,193.5,2.43,90.4,2.018,-1.0,0.961,1,oil_leak,0,0.55,0.5,1800.0
271.7,descend_land,34.81090100111235,2453.670745272525,39.71635150166852,3031.6,780.5,789.6,794.1,781.7,187.8,188.9,191.9,193.6,2.42,90.3,2.008,3037.3,780.4,788.4,791.4,781.4,187.4,188.9,192.4,193.4,2.43,90.4,2.018,-0.9,0.961,1,oil_leak,0,0.55,0.5,1800.0
271.8,descend_land,34.799777530589544,2450.9454949944384,39.69966629588431,3034.5,779.1,785.0,792.4,781.4,186.7,188.5,193.3,192.1,2.44,91.3,2.006,3031.1,779.1,787.1,790.1,780.1,187.3,188.8,192.3,193.3,2.42,90.4,2.018,-0.9,0.962,1,oil_leak,0,0.55,0.5,1800.0
271.9,descend_land,34.78865406006674,2448.2202447163513,39.682981090100114,3023.2,777.9,786.9,787.4,779.4,187.9,188.0,192.5,192.6,2.37,90.2,2.038,3026.0,777.8,785.8,788.8,778.8,187.2,188.7,192.2,193.2,2.41,90.3,2.018,-0.9,0.962,1,oil_leak,0,0.55,0.5,1800.0
272.0,descend_land,34.777530589543936,2445.4949944382647,39.66629588431591,3027.0,776.2,785.3,787.4,777.2,188.1,188.7,191.6,192.7,2.42,89.6,1.986,3021.8,776.6,784.6,787.6,777.6,187.1,188.6,192.1,193.1,2.41,90.3,2.017,-0.9,0.962,1,oil_leak,0,0.55,0.5,1800.0
272.1,descend_land,34.76640711902113,2442.769744160178,39.6496106785317,3017.7,775.5,782.1,785.8,774.9,186.5,188.1,192.4,192.5,2.35,89.4,2.063,3018.3,775.4,783.4,786.4,776.4,186.9,188.4,191.9,192.9,2.4,90.3,2.017,-0.9,0.962,1,oil_leak,0,0.55,0.5,1800.0
272.2,descend_land,34.755283648498335,2440.044493882091,39.632925472747495,3023.3,771.9,780.4,784.1,772.9,185.6,188.4,191.7,192.8,2.41,89.8,1.941,3015.5,774.3,782.3,785.3,775.3,186.8,188.3,191.8,192.8,2.4,90.3,2.017,-0.9,0.963,1,oil_leak,0,0.55,0.5,1800.0
272.3,descend_land,34.74416017797553,2437.3192436040044,39.616240266963295,3016.7,774.7,780.1,784.3,770.8,186.8,188.8,191.7,192.6,2.37,90.9,2.073,3013.1,773.3,781.3,784.3,774.3,186.7,188.2,191.7,192.7,2.39,90.3,2.017,-0.8,0.963,1,oil_leak,0,0.55,0.5,1800.0
272.4,descend_land,34.733036707452726,2434.593993325918,39.59955506117909,3013.0,772.5,781.6,783.1,773.6,187.1,188.1,191.7,192.7,2.35,89.5,2.028,3011.2,772.3,780.3,783.3,773.3,186.6,188.1,191.6,192.6,2.39,90.3,2.017,-0.8,0.963,1,oil_leak,0,0.55,0.5,1800.0
272.5,descend_land,34.72191323692992,2431.868743047831,39.58286985539488,3023.4,769.9,778.2,783.0,771.9,186.4,189.2,191.0,192.6,2.39,90.3,1.988,3009.5,771.4,779.4,782.4,772.4,186.5,188.0,191.5,192.5,2.39,90.3,2.017,-0.8,0.964,1,oil_leak,0,0.55,0.5,1800.0
272.6,descend_land,34.71078976640712,2429.143492769744,39.566184649610676,3007.6,770.3,778.3,783.5,771.8,186.2,187.5,191.9,193.1,2.37,90.3,1.975,3008.2,770.5,778.5,781.5,771.5,186.3,187.8,191.3,192.3,2.39,90.3,2.017,-0.8,0.964,1,oil_leak,0,0.55,0.5,1800.0
272.7,descend_land,34.69966629588431,2426.4182424916576,39.54949944382648,3006.7,770.3,777.5,779.5,772.3,186.7,188.2,192.4,191.1,2.41,89.8,2.009,3007.1,769.7,777.7,780.7,770.7,186.2,187.7,191.2,192.2,2.39,90.3,2.017,-0.8,0.964,1,oil_leak,0,0.55,0.5,1800.0
272.8,descend_land,34.688542825361516,2423.6929922135705,39.53281423804227,3002.1,766.7,778.0,781.3,770.0,185.9,187.4,191.3,192.5,2.43,90.5,2.041,3006.1,768.9,776.9,779.9,769.9,186.1,187.6,191.1,192.1,2.39,90.3,2.017,-0.8,0.964,1,oil_leak,0,0.55,0.5,1800.0
272.9,descend_land,34.67741935483871,2420.967741935484,39.516129032258064,3002.8,768.4,774.7,777.2,768.9,186.4,187.4,191.6,192.4,2.4,89.6,2.068,3005.3,768.2,776.2,779.2,769.2,186.0,187.5,191.0,192.0,2.39,90.3,2.017,-0.7,0.965,1,oil_leak,0,0.55,0.5,1800.0
273.0,descend_land,34.66629588431591,2418.2424916573973,39.49944382647386,2998.9,767.9,776.3,780.0,770.9,186.3,186.1,191.0,192.4,2.37,90.0,1.992,3004.7,767.5,775.5,778.5,768.5,185.9,187.4,190.9,191.9,2.38,90.2,2.017,-0.7,0.965,1,oil_leak,0,0.55,0.5,1800.0
273.1,descend_land,34.6551724137931,2415.5172413793102,39.48275862068966,3007.8,766.6,772.0,778.8,768.5,186.0,186.2,190.9,192.0,2.38,90.1,1.947,3004.1,766.8,774.8,777.8,767.8,185.8,187.3,190.8,191.8,2.38,90.2,2.016,-0.7,0.965,1,oil_leak,0,0.55,0.5,1800.0
273.2,descend_land,34.6440489432703,2412.7919911012236,39.46607341490545,2997.8,766.5,777.3,774.7,767.8,185.4,186.8,189.6,191.6,2.35,90.4,2.039,3003.6,766.2,774.2,777.2,767.2,185.7,187.2,190.7,191.7,2.38,90.2,2.016,-0.7,0.965,1,oil_leak,0,0.55,0.5,1800.0
273.3,descend_land,34.632925472747495,2410.066740823137,39.449388209121246,2999.1,766.3,774.3,776.0,764.6,185.5,187.0,190.7,191.4,2.43,89.7,1.989,3003.2,765.6,773.6,776.6,766.6,185.5,187.0,190.5,191.5,2.38,90.2,2.016,-0.7,0.966,1,oil_leak,0,0.55,0.5,1800.0
273.4,descend_land,34.6218020022247,2407.34149054505,39.43270300333704,3001.2,765.9,772.1,774.6,767.5,186.5,186.8,191.2,191.0,2.4,89.8,1.976,3002.8,765.1,773.1,776.1,766.1,185.4,186.9,190.4,191.4,2.38,90.2,2.016,-0.6,0.966,1,oil_leak,0,0.55,0.5,1800.0
273.5,descend_land,34.61067853170189,2404.6162402669634,39.41601779755284,3010.0,763.6,771.6,773.6,765.9,186.3,187.3,190.3,191.5,2.37,90.7,2.016,3002.5,764.5,772.5,775.5,765.5,185.3,186.8,190.3,191.3,2.38,90.2,2.016,-0.6,0.966,1,oil_leak,0,0.55,0.5,1800.0
273.6,descend_land,34.59955506117909,2401.8909899888768,39.39933259176863,3003.5,759.9,768.7,773.4,767.5,185.0,186.8,191.3,190.5,2.39,90.3,2.034,3002.2,764.0,772.0,775.0,765.0,185.2,186.7,190.2,191.2,2.38,90.2,2.016,-0.6,0.966,1,oil_leak,0,0.55,0.5,1800.0
273.7,descend_land,34.588431590656285,2399.1657397107897,39.38264738598443,2999.0,762.8,771.8,772.3,764.2,184.8,187.0,190.2,191.6,2.37,90.0,2.054,3002.0,763.5,771.5,774.5,764.5,185.1,186.6,190.1,191.1,2.38,90.2,2.016,-0.6,0.967,1,oil_leak,0,0.55,0.5,1800.0
273.8,descend_land,34.57730812013348,2396.440489432703,39.36596218020022,3002.6,764.6,770.6,774.6,765.2,184.9,186.5,190.4,191.2,2.38,90.5,2.027,3001.7,763.1,771.1,774.1,764.1,185.0,186.5,190.0,191.0,2.38,90.2,2.016,-0.6,0.967,1,oil_leak,0,0.55,0.5,1800.0
273.9,descend_land,34.566184649610676,2393.715239154616,39.349276974416014,3012.6,761.1,769.4,772.8,767.5,184.4,186.5,189.8,191.5,2.37,89.6,2.073,3001.5,762.7,770.7,773.7,763.7,184.9,186.4,189.9,190.9,2.38,90.2,2.016,-0.6,0.967,1,oil_leak,0,0.55,0.5,1800.0
274.0,descend_land,34.55506117908787,2390.9899888765294,39.332591768631815,3007.7,760.9,770.0,774.7,766.2,184.9,186.9,190.1,190.7,2.41,90.5,2.059,3001.3,762.3,770.3,773.3,763.3,184.8,186.3,189.8,190.8,2.38,90.2,2.016,-0.5,0.968,1,oil_leak,0,0.55,0.5,1800.0
274.1,descend_land,34.543937708565075,2388.264738598443,39.31590656284761,2998.1,761.6,769.0,772.3,761.2,184.5,185.9,189.4,190.0,2.37,89.8,2.028,3001.1,761.9,769.9,772.9,762.9,184.7,186.2,189.7,190.7,2.38,90.2,2.016,-0.5,0.968,1,oil_leak,0,0.55,0.5,1800.0
274.2,descend_land,34.53281423804227,2385.5394883203558,39.2992213570634,2999.6,760.6,768.0,774.2,760.8,184.9,185.7,189.6,190.4,2.39,90.4,2.006,3001.0,761.5,769.5,772.5,762.5,184.6,186.1,189.6,190.6,2.38,90.1,2.016,-0.5,0.968,1,oil_leak,0,0.55,0.5,1800.0
274.3,descend_land,34.521690767519466,2382.814238042269,39.282536151279196,3000.4,761.5,767.5,775.2,762.2,183.9,185.1,189.8,190.2,2.38,90.1,2.006,3000.8,761.2,769.2,772.2,762.2,184.5,186.0,189.5,190.5,2.38,90.1,2.015,-0.5,0.968,1,oil_leak,0,0.55,0.5,1800.0
274.4,descend_land,34.51056729699666,2380.0889877641825,39.265850945494996,3006.4,760.7,769.2,771.2,762.0,183.6,185.9,189.2,189.8,2.41,90.2,2.002,3000.6,760.8,768.8,771.8,761.8,184.4,185.9,189.4,190.4,2.38,90.1,2.015,-0.5,0.969,1,oil_leak,0,0.55,0.5,1800.0
274.5,descend_land,34.49944382647386,2377.3637374860955,39.24916573971079,3003.4,760.2,770.5,771.9,763.0,184.9,186.5,188.8,190.1,2.4,89.5,1.968,3000.5,760.5,768.5,771.5,761.5,184.3,185.8,189.3,190.3,2.38,90.1,2.015,-0.5,0.969,1,oil_leak,0,0.55,0.5,1800.0
274.6,descend_land,34.48832035595105,2374.638487208009,39.232480533926584,2998.5,763.1,766.7,770.5,760.0,184.2,185.3,190.4,189.8,2.42,89.8,2.043,3000.3,760.2,768.2,771.2,761.2,184.2,185.7,189.2,190.2,2.38,90.1,2.015,-0.4,0.969,1,oil_leak,0,0.55,0.5,1800.0
274.7,descend_land,34.477196885428256,2371.9132369299223,39.21579532814238,3004.8,761.3,768.8,771.1,761.2,183.5,184.9,187.7,191.9,2.39,91.0,2.027,3000.2,759.9,767.9,770.9,760.9,184.1,185.6,189.1,190.1,2.38,90.1,2.015,-0.4,0.969,1,oil_leak,0,0.55,0.5,1800.0
274.8,descend_land,34.46607341490545,2369.187986651835,39.19911012235818,2993.5,759.0,765.5,769.5,760.7,183.8,186.6,190.1,189.8,2.39,89.8,1.991,3000.1,759.7,767.7,770.7,760.7,184.0,185.5,189.0,190.0,2.38,90.1,2.015,-0.4,0.97,1,oil_leak,0,0.55,0.5,1800.0
274.9,descend_land,34.45494994438265,2366.4627363737486,39.18242491657397,3006.9,761.4,766.6,769.2,760.2,182.6,185.5,189.0,189.7,2.38,89.0,2.006,2999.9,759.4,767.4,770.4,760.4,183.9,185.4,188.9,189.9,2.38,90.1,2.015,-0.4,0.97,1,oil_leak,0,0.55,0.5,1800.0
275.0,descend_land,34.44382647385984,2363.737486095662,39.165739710789765,2998.8,759.7,765.4,769.3,761.7,183.8,186.0,188.0,188.9,2.33,90.5,2.006,2999.8,759.2,767.2,770.2,760.2,183.8,185.3,188.8,189.8,2.38,90.1,2.015,-0.4,0.97,1,oil_leak,0,0.55,0.5,1800.0
275.1,descend_land,34.43270300333704,2361.012235817575,39.14905450500556,2992.1,759.9,767.0,770.9,759.5,184.0,184.9,189.1,190.3,2.4,90.0,1.98,2999.7,758.9,766.9,769.9,759.9,183.7,185.2,188.7,189.7,2.38,90.1,2.015,-0.3,0.97,1,oil_leak,0,0.55,0.5,1800.0
275.2,descend_land,34.421579532814235,2358.2869855394883,39.13236929922136,3007.7,758.8,767.0,770.5,756.8,183.4,184.8,189.6,189.2,2.36,89.7,1.953,2999.5,758.7,766.7,769.7,759.7,183.6,185.1,188.6,189.6,2.38,90.1,2.015,-0.3,0.971,1,oil_leak,0,0.55,0.5,1800.0
275.3,descend_land,34.41045606229144,2355.5617352614017,39.11568409343715,2993.7,758.1,765.5,773.1,760.0,183.3,184.6,187.0,189.5,2.34,89.5,2.009,2999.4,758.5,766.5,769.5,759.5,183.5,185.0,188.5,189.5,2.38,90.1,2.014,-0.3,0.971,1,oil_leak,0,0.55,0.5,1800.0
275.4,descend_land,34.39933259176863,2352.8364849833147,39.09899888765295,3002.7,757.2,766.7,768.6,757.9,183.1,185.3,187.6,189.8,2.37,90.3,1.964,2999.3,758.3,766.3,769.3,759.3,183.4,184.9,188.4,189.4,2.38,90.1,2.014,-0.3,0.971,1,oil_leak,0,0.55,0.5,1800.0
275.5,descend_land,34.38820912124583,2350.111234705228,39.08231368186874,3000.3,758.2,766.1,768.0,759.5,183.5,184.6,187.4,188.4,2.39,90.7,2.019,2999.1,758.1,766.1,769.1,759.1,183.3,184.8,188.3,189.3,2.38,90.1,2.014,-0.3,0.972,1,oil_leak,0,0.55,0.5,1800.0
275.6,descend_land,34.377085650723025,2347.3859844271415,39.06562847608454,3003.0,757.5,765.8,768.0,757.6,183.5,185.7,188.1,189.4,2.39,89.6,2.003,2999.0,757.9,765.9,768.9,758.9,183.2,184.7,188.2,189.2,2.38,90.0,2.014,-0.3,0.972,1,oil_leak,0,0.55,0.5,1800.0
275.7,descend_land,34.36596218020022,2344.6607341490544,39.048943270300335,3007.4,756.4,766.7,767.9,761.0,182.8,184.5,187.5,190.2,2.38,89.5,1.98,2998.9,757.8,765.8,768.8,758.8,183.1,184.6,188.1,189.1,2.38,90.0,2.014,-0.2,0.972,1,oil_leak,0,0.55,0.5,1800.0
275.8,descend_land,34.354838709677416,2341.935483870968,39.03225806451613,3000.8,756.1,763.4,768.4,760.6,184.0,184.4,187.6,189.7,2.42,90.1,1.997,2998.8,757.6,765.6,768.6,758.6,183.1,184.6,188.1,189.1,2.38,90.0,2.014,-0.2,0.972,1,oil_leak,0,0.55,0.5,1800.0
275.9,descend_land,34.34371523915462,2339.210233592881,39.01557285873192,2997.7,756.6,764.0,768.7,758.3,184.4,185.0,187.7,188.8,2.36,89.6,2.018,2998.6,757.4,765.4,768.4,758.4,183.0,184.5,188.0,189.0,2.38,90.0,2.014,-0.2,0.973,1,oil_leak,0,0.55,0.5,1800.0
276.0,descend_land,34.332591768631815,2336.484983314794,38.99888765294772,2992.2,756.9,767.7,767.0,759.7,184.2,184.0,187.1,188.9,2.4,90.5,1.976,2998.5,757.3,765.3,768.3,758.3,182.9,184.4,187.9,188.9,2.38,90.0,2.014,-0.2,0.973,1,oil_leak,0,0.55,0.5,1800.0
276.1,descend_land,34.32146829810901,2333.7597330367075,38.982202447163516,3002.3,759.1,766.4,767.7,758.7,184.0,183.9,188.0,188.8,2.43,90.7,2.0,2998.4,757.2,765.2,768.2,758.2,182.8,184.3,187.8,188.8,2.38,90.0,2.014,-0.2,0.973,1,oil_leak,0,0.55,0.5,1800.0
276.2,descend_land,34.310344827586206,2331.0344827586205,38.96551724137931,3006.8,757.5,766.1,767.2,757.8,182.5,184.2,187.5,189.2,2.37,89.5,2.003,2998.2,757.0,765.0,768.0,758.0,182.7,184.2,187.7,188.7,2.38,90.0,2.014,-0.2,0.973,1,oil_leak,0,0.55,0.5,1800.0
276.3,descend_land,34.2992213570634,2328.309232480534,38.9488320355951,2988.3,754.8,763.2,767.8,756.8,182.2,184.3,187.8,188.1,2.4,90.4,2.063,2998.1,756.9,764.9,767.9,757.9,182.6,184.1,187.6,188.6,2.38,90.0,2.014,-0.1,0.974,1,oil_leak,0,0.55,0.5,1800.0
276.4,descend_land,34.2880978865406,2325.5839822024473,38.932146829810904,3001.6,756.2,764.4,771.6,757.5,183.2,183.5,187.2,189.8,2.39,89.6,1.987,2998.0,756.8,764.8,767.8,757.8,182.5,184.0,187.5,188.5,2.38,90.0,2.013,-0.1,0.974,1,oil_leak,0,0.55,0.5,1800.0
276.5,descend_land,34.2769744160178,2322.85873192436,38.9154616240267,2994.8,754.5,765.9,768.9,758.0,181.8,184.5,187.2,189.5,2.41,90.1,1.98,2997.9,756.6,764.6,767.6,757.6,182.4,183.9,187.4,188.4,2.38,90.0,2.013,-0.1,0.974,1,oil_leak,0,0.55,0.5,1800.0
276.6,descend_land,34.265850945494996,2320.1334816462736,38.89877641824249,2999.7,757.7,764.9,770.9,757.7,182.1,184.7,188.2,188.4,2.42,90.2,2.002,2997.7,756.5,764.5,767.5,757.5,182.4,183.9,187.4,188.4,2.38,90.0,2.013,-0.1,0.974,1,oil_leak,0,0.55,0.5,1800.0
276.7,descend_land,34.25472747497219,2317.408231368187,38.882091212458285,3003.1,755.1,767.0,767.6,756.9,183.0,184.4,187.2,187.6,2.35,89.5,2.007,2997.6,756.4,764.4,767.4,757.4,182.3,183.8,187.3,188.3,2.38,90.0,2.013,-0.1,0.975,1,oil_leak,0,0.55,0.5,1800.0
276.8,descend_land,34.24360400444939,2314.6829810901,38.865406006674085,3001.2,755.5,766.1,768.7,758.0,182.6,183.6,187.2,189.2,2.37,89.4,2.028,2997.5,756.3,764.3,767.3,757.3,182.2,183.7,187.2,188.2,2.38,90.0,2.013,-0.0,0.975,1,oil_leak,0,0.55,0.5,1800.0
276.9,descend_land,34.232480533926584,2311.9577308120133,38.84872080088988,2993.5,755.2,764.7,766.1,758.4,181.9,183.7,186.8,188.4,2.33,89.3,1.999,2997.4,756.2,764.2,767.2,757.2,182.1,183.6,187.1,188.1,2.38,90.0,2.013,-0.0,0.975,1,oil_leak,0,0.55,0.5,1800.0
277.0,descend_land,34.22135706340378,2309.2324805339267,38.83203559510567,3004.1,759.3,761.3,766.4,756.4,181.6,182.6,186.0,189.2,2.38,89.9,2.043,2997.2,756.1,764.1,767.1,757.1,182.0,183.5,187.0,188.0,2.38,90.0,2.013,-0.0,0.976,1,oil_leak,0,0.55,0.5,1800.0
277.1,descend_land,34.21023359288098,2306.5072302558397,38.815350389321466,2998.8,756.3,764.1,766.2,756.2,181.4,183.1,185.9,187.3,2.38,89.2,2.063,2997.1,756.0,764.0,767.0,757.0,181.9,183.4,186.9,187.9,2.38,90.0,2.013,0.0,0.976,1,oil_leak,0,0.55,0.5,1800.0
277.2,descend_land,34.19911012235818,2303.781979977753,38.79866518353727,2994.4,755.0,763.6,765.8,755.7,181.8,182.9,187.7,187.5,2.42,90.1,2.038,2997.0,755.9,763.9,766.9,756.9,181.9,183.4,186.9,187.9,2.38,89.9,2.013,0.0,0.976,1,oil_leak,0,0.55,0.5,1800.0
277.3,descend_land,34.187986651835374,2301.0567296996664,38.78197997775306,2993.6,754.6,763.0,764.0,755.2,181.3,183.9,186.9,188.5,2.37,90.2,2.0,2996.8,755.9,763.9,766.9,756.9,181.8,183.3,186.8,187.8,2.38,89.9,2.013,0.0,0.976,1,oil_leak,0,0.55,0.5,1800.0
277.4,descend_land,34.17686318131257,2298.3314794215794,38.765294771968854,2994.6,757.8,764.3,766.6,756.3,182.2,183.0,186.5,187.9,2.32,89.1,2.033,2996.7,755.8,763.8,766.8,756.8,181.7,183.2,186.7,187.7,2.38,89.9,2.013,0.1,0.977,1,oil_leak,0,0.55,0.5,1800.0
277.5,descend_land,34.165739710789765,2295.606229143493,38.74860956618465,2989.1,758.7,763.6,769.9,757.9,181.7,183.0,186.6,188.1,2.38,90.3,2.006,2996.6,755.7,763.7,766.7,756.7,181.6,183.1,186.6,187.6,2.38,89.9,2.012,0.1,0.977,1,oil_leak,0,0.55,0.5,1800.0
277.6,descend_land,34.15461624026696,2292.880978865406,38.73192436040045,2997.0,753.1,765.4,763.9,756.8,181.8,182.9,187.2,187.1,2.4,89.6,1.973,2996.5,755.6,763.6,766.6,756.6,181.5,183.0,186.5,187.5,2.38,89.9,2.012,0.1,0.977,1,oil_leak,0,0.55,0.5,1800.0
277.7,descend_land,34.14349276974416,2290.155728587319,38.71523915461624,3001.2,755.0,763.1,766.2,758.9,181.5,182.4,185.8,188.1,2.39,90.2,2.016,2996.3,755.5,763.5,766.5,756.5,181.5,183.0,186.5,187.5,2.38,89.9,2.012,0.1,0.977,1,oil_leak,0,0.55,0.5,1800.0
277.8,descend_land,34.13236929922136,2287.4304783092325,38.698553948832036,3008.2,756.4,761.8,766.0,756.7,181.7,182.9,186.3,187.7,2.41,90.4,2.028,2996.2,755.5,763.5,766.5,756.5,181.4,182.9,186.4,187.4,2.38,89.9,2.012,0.1,0.978,1,oil_leak,0,0.55,0.5,1800.0
277.9,descend_land,34.121245828698555,2284.705228031146,38.68186874304783,3007.5,755.9,762.3,767.1,752.2,181.6,183.4,186.5,187.1,2.41,90.9,2.021,2996.1,755.4,763.4,766.4,756.4,181.3,182.8,186.3,187.3,2.38,89.9,2.012,0.1,0.978,1,oil_leak,0,0.55,0.5,1800.0
278.0,descend_land,34.11012235817575,2281.979977753059,38.66518353726363,2982.9,756.1,764.4,767.6,756.0,181.5,182.2,186.7,187.5,2.42,89.7,2.026,2995.9,755.3,763.3,766.3,756.3,181.2,182.7,186.2,187.2,2.38,89.9,2.012,0.2,0.978,1,oil_leak,0,0.55,0.5,1800.0
278.1,descend_land,34.09899888765295,2279.2547274749722,38.64849833147942,2999.4,754.6,763.6,766.9,755.0,181.1,181.9,185.3,188.3,2.36,91.1,2.005,2995.8,755.3,763.3,766.3,756.3,181.2,182.7,186.2,187.2,2.38,89.9,2.012,0.2,0.979,1,oil_leak,0,0.55,0.5,1800.0
278.2,descend_land,34.08787541713014,2276.5294771968856,38.63181312569522,2989.7,754.9,764.8,766.0,757.0,180.9,182.5,187.1,187.3,2.44,89.4,1.953,2995.7,755.2,763.2,766.2,756.2,181.1,182.6,186.1,187.1,2.38,89.9,2.012,0.2,0.979,1,oil_leak,0,0.55,0.5,1800.0
278.3,descend_land,34.07675194660734,2273.8042269187986,38.61512791991101,2994.4,754.3,762.8,768.3,754.7,181.6,182.3,185.0,187.3,2.39,88.5,2.04,2995.6,755.1,763.1,766.1,756.1,181.0,182.5,186.0,187.0,2.38,89.9,2.012,0.2,0.979,1,oil_leak,0,0.55,0.5,1800.0
278.4,descend_land,34.06562847608454,2271.078976640712,38.598442714126804,2994.7,756.4,762.8,765.7,756.1,181.0,182.3,185.9,187.7,2.42,90.6,2.032,2995.4,755.1,763.1,766.1,756.1,180.9,182.4,185.9,186.9,2.38,89.9,2.012,0.2,0.979,1,oil_leak,0,0.55,0.5,1800.0
278.5,descend_land,34.05450500556174,2268.3537263626254,38.581757508342605,3000.7,757.0,763.4,767.1,758.1,180.1,181.8,186.2,186.0,2.38,89.8,2.028,2995.3,755.0,763.0,766.0,756.0,180.9,182.4,185.9,186.9,2.38,89.9,2.011,0.3,0.98,1,oil_leak,0,0.55,0.5,1800.0
278.6,descend_land,34.04338153503893,2265.6284760845383,38.5650723025584,2991.9,753.2,765.1,766.9,755.2,180.7,182.8,186.0,187.3,2.39,90.0,2.018,2995.2,755.0,763.0,766.0,756.0,180.8,182.3,185.8,186.8,2.38,89.9,2.011,0.3,0.98,1,oil_leak,0,0.55,0.5,1800.0
278.7,descend_land,34.03225806451613,2262.9032258064517,38.54838709677419,2997.8,756.5,761.5,765.1,756.3,180.6,182.3,185.2,186.9,2.4,89.2,2.015,2995.0,754.9,762.9,765.9,755.9,180.7,182.2,185.7,186.7,2.38,89.9,2.011,0.3,0.98,1,oil_leak,0,0.55,0.5,1800.0
278.8,descend_land,34.021134593993324,2260.177975528365,38.531701890989986,2993.4,753.0,765.6,764.9,755.5,180.4,181.6,186.2,186.0,2.39,89.1,1.981,2994.9,754.9,762.9,765.9,755.9,180.6,182.1,185.6,186.6,2.38,89.9,2.011,0.3,0.98,1,oil_leak,0,0.55,0.5,1800.0
278.9,descend_land,34.01001112347052,2257.452725250278,38.51501668520579,2998.7,753.9,765.1,767.1,754.5,182.2,182.7,185.7,186.7,2.35,89.3,2.007,2994.8,754.8,762.8,765.8,755.8,180.6,182.1,185.6,186.6,2.38,89.9,2.011,0.3,0.981,1,oil_leak,0,0.55,0.5,1800.0
279.0,descend_land,33.99888765294772,2254.7274749721914,38.49833147942158,2991.7,753.7,760.2,766.8,753.5,180.0,182.6,185.5,185.6,2.39,90.2,1.984,2994.7,754.8,762.8,765.8,755.8,180.5,182.0,185.5,186.5,2.38,89.9,2.011,0.3,0.981,1,oil_leak,0,0.55,0.5,1800.0
279.1,descend_land,33.98776418242492,2252.0022246941044,38.481646273637374,2986.0,753.6,762.8,768.0,754.4,180.4,181.5,184.8,185.9,2.35,89.9,2.044,2994.5,754.7,762.7,765.7,755.7,180.4,181.9,185.4,186.4,2.38,89.9,2.011,0.4,0.981,1,oil_leak,0,0.55,0.5,1800.0
279.2,descend_land,33.976640711902114,2249.2769744160178,38.46496106785317,2987.6,754.8,760.1,766.1,756.1,180.7,181.2,186.2,186.8,2.38,89.4,2.032,2994.4,754.7,762.7,765.7,755.7,180.4,181.9,185.4,186.4,2.38,89.9,2.011,0.4,0.982,1,oil_leak,0,0.55,0.5,1800.0
279.3,descend_land,33.96551724137931,2246.551724137931,38.44827586206897,2986.1,753.5,763.4,765.1,758.4,180.3,181.4,185.8,185.7,2.42,89.8,2.057,2994.3,754.6,762.6,765.6,755.6,180.3,181.8,185.3,186.3,2.38,89.8,2.011,0.4,0.982,1,oil_leak,0,0.55,0.5,1800.0
279.4,descend_land,33.954393770856505,2243.826473859844,38.43159065628476,2998.9,756.7,763.7,765.5,753.7,180.8,181.2,183.9,186.9,2.38,90.4,2.007,2994.1,754.6,762.6,765.6,755.6,180.2,181.7,185.2,186.2,2.38,89.8,2.011,0.4,0.982,1,oil_leak,0,0.55,0.5,1800.0
279.5,descend_land,33.9432703003337,2241.1012235817575,38.414905450500555,2992.6,754.9,760.5,766.9,753.5,181.1,181.2,185.9,187.1,2.36,89.9,1.992,2994.0,754.5,762.5,765.5,755.5,180.2,181.7,185.2,186.2,2.38,89.8,2.01,0.4,0.982,1,oil_leak,0,0.55,0.5,1800.0
279.6,descend_land,33.932146829810904,2238.375973303671,38.39822024471635,2993.2,753.4,761.8,763.9,756.3,180.5,181.3,186.0,186.2,2.37,89.9,2.05,2993.9,754.5,762.5,765.5,755.5,180.1,181.6,185.1,186.1,2.38,89.8,2.01,0.5,0.983,1,oil_leak,0,0.55,0.5,1800.0
279.7,descend_land,33.9210233592881,2235.650723025584,38.38153503893215,2988.8,756.0,763.4,767.5,754.6,179.4,182.0,185.5,185.9,2.41,89.9,2.027,2993.7,754.4,762.4,765.4,755.4,180.0,181.5,185.0,186.0,2.38,89.8,2.01,0.5,0.983,1,oil_leak,0,0.55,0.5,1800.0
279.8,descend_land,33.909899888765295,2232.925472747497,38.36484983314794,2987.9,755.9,761.6,766.1,753.2,179.4,181.4,184.3,186.3,2.38,89.9,2.041,2993.6,754.4,762.4,765.4,755.4,180.0,181.5,185.0,186.0,2.38,89.8,2.01,0.5,0.983,1,oil_leak,0,0.55,0.5,1800.0
279.9,descend_land,33.89877641824249,2230.2002224694106,38.34816462736374,2995.2,752.7,762.4,764.2,754.3,179.2,180.9,183.6,185.5,2.33,90.4,1.971,2993.5,754.4,762.4,765.4,755.4,179.9,181.4,184.9,185.9,2.38,89.8,2.01,0.5,0.983,1,oil_leak,0,0.55,0.5,1800.0
280.0,descend_land,33.88765294771969,2227.4749721913236,38.33147942157953,2993.1,755.7,760.5,764.2,755.6,179.8,181.7,184.6,184.8,2.44,89.2,2.006,2993.3,754.3,762.3,765.3,755.3,179.8,181.3,184.8,185.8,2.38,89.8,2.01,0.5,0.984,1,oil_leak,0,0.55,0.5,1800.0
280.1,descend_land,33.87652947719688,2224.749721913237,38.31479421579533,2996.5,754.5,764.0,766.7,753.8,178.7,181.1,184.9,185.3,2.4,90.3,1.988,2993.2,754.3,762.3,765.3,755.3,179.8,181.3,184.8,185.8,2.38,89.8,2.01,0.5,0.984,1,oil_leak,0,0.55,0.5,1800.0
280.2,descend_land,33.865406006674085,2222.0244716351503,38.298109010011125,2983.7,751.5,763.2,766.1,755.5,179.4,180.3,184.8,185.1,2.39,89.5,2.012,2993.1,754.2,762.2,765.2,755.2,179.7,181.2,184.7,185.7,2.38,89.8,2.01,0.6,0.984,1,oil_leak,0,0.55,0.5,1800.0
280.3,descend_land,33.85428253615128,2219.2992213570633,38.28142380422692,2992.9,754.3,763.7,763.7,754.2,178.8,181.0,184.8,184.8,2.37,89.5,2.058,2992.9,754.2,762.2,765.2,755.2,179.6,181.1,184.6,185.6,2.38,89.8,2.01,0.6,0.984,1,oil_leak,0,0.55,0.5,1800.0
280.4,descend_land,33.84315906562848,2216.5739710789767,38.26473859844271,2988.4,754.9,761.3,767.0,754.7,180.3,181.5,184.8,185.9,2.38,90.1,2.04,2992.8,754.2,762.2,765.2,755.2,179.6,181.1,184.6,185.6,2.38,89.8,2.01,0.6,0.985,1,oil_leak,0,0.55,0.5,1800.0
280.5,descend_land,33.83203559510567,2213.84872080089,38.24805339265851,2991.6,755.1,761.7,764.7,754.5,179.3,181.6,184.1,184.8,2.37,89.8,1.992,2992.7,754.1,762.1,765.1,755.1,179.5,181.0,184.5,185.5,2.38,89.8,2.009,0.6,0.985,1,oil_leak,0,0.55,0.5,1800.0
280.6,descend_land,33.82091212458287,2211.123470522803,38.231368186874306,2993.6,756.6,764.4,764.3,754.6,179.7,180.1,185.0,184.2,2.4,89.3,2.049,2992.6,754.1,762.1,765.1,755.1,179.4,180.9,184.4,185.4,2.38,89.8,2.009,0.6,0.985,1,oil_leak,0,0.55,0.5,1800.0
280.7,descend_land,33.809788654060064,2208.3982202447164,38.2146829810901,3002.3,756.1,762.4,765.5,755.4,180.1,180.5,183.5,184.3,2.42,89.7,2.02,2992.4,754.1,762.1,765.1,755.1,179.4,180.9,184.4,185.4,2.38,89.8,2.009,0.6,0.986,1,oil_leak,0,0.55,0.5,1800.0
280.8,descend_land,33.79866518353727,2205.6729699666294,38.19799777530589,2992.5,753.5,760.4,763.5,755.8,179.9,180.9,184.8,185.9,2.38,89.7,1.983,2992.3,754.0,762.0,765.0,755.0,179.3,180.8,184.3,185.3,2.38,89.8,2.009,0.7,0.986,1,oil_leak,0,0.55,0.5,1800.0
280.9,descend_land,33.78754171301446,2202.9477196885427,38.181312569521694,2995.0,753.3,761.2,764.4,755.7,178.8,180.2,184.6,185.9,2.41,89.8,2.0,2992.2,754.0,762.0,765.0,755.0,179.3,180.8,184.3,185.3,2.38,89.8,2.009,0.7,0.986,1,oil_leak,0,0.55,0.5,1800.0
281.0,descend_land,33.77641824249166,2200.222469410456,38.16462736373749,2983.2,752.6,764.8,768.2,756.1,178.5,180.6,183.0,184.8,2.41,89.8,2.034,2992.0,754.0,762.0,765.0,755.0,179.2,180.7,184.2,185.2,2.38,89.8,2.009,0.7,0.986,1,oil_leak,0,0.55,0.5,1800.0
281.1,descend_land,33.765294771968854,2197.4972191323695,38.14794215795328,2993.6,751.6,762.5,768.6,753.4,179.0,180.6,183.0,184.9,2.34,89.8,1.995,2991.9,753.9,761.9,764.9,754.9,179.1,180.6,184.1,185.1,2.38,89.8,2.009,0.7,0.987,1,oil_leak,0,0.55,0.5,1800.0
281.2,descend_land,33.75417130144605,2194.7719688542825,38.131256952169075,2994.3,753.7,761.3,763.5,756.0,179.0,181.0,183.1,184.9,2.39,89.6,2.021,2991.8,753.9,761.9,764.9,754.9,179.1,180.6,184.1,185.1,2.38,89.8,2.009,0.7,0.987,1,oil_leak,0,0.55,0.5,1800.0
281.3,descend_land,33.743047830923246,2192.046718576196,38.114571746384875,3004.1,754.9,761.9,766.6,755.9,179.2,181.3,184.0,185.6,2.37,89.7,2.038,2991.6,753.8,761.8,764.8,754.8,179.0,180.5,184.0,185.0,2.38,89.8,2.009,0.8,0.987,1,oil_leak,0,0.55,0.5,1800.0
281.4,descend_land,33.73192436040044,2189.321468298109,38.09788654060067,2986.4,755.8,759.3,765.2,754.6,179.3,179.5,183.6,184.9,2.41,89.6,2.021,2991.5,753.8,761.8,764.8,754.8,179.0,180.5,184.0,185.0,2.38,89.8,2.009,0.8,0.987,1,oil_leak,0,0.55,0.5,1800.0
281.5,descend_land,33.720800889877644,2186.596218020022,38.08120133481646,2984.2,756.3,763.2,764.3,754.2,179.5,181.0,184.6,185.5,2.35,90.0,2.042,2991.4,753.8,761.8,764.8,754.8,178.9,180.4,183.9,184.9,2.38,89.8,2.008,0.8,0.988,1,oil_leak,0,0.55,0.5,1800.0
281.6,descend_land,33.70967741935484,2183.8709677419356,38.064516129032256,2990.0,752.9,762.4,761.9,752.4,179.3,179.8,183.4,184.6,2.37,89.8,2.005,2991.2,753.7,761.7,764.7,754.7,178.8,180.3,183.8,184.8,2.38,89.8,2.008,0.8,0.988,1,oil_leak,0,0.55,0.5,1800.0
281.7,descend_land,33.698553948832036,2181.145717463849,38.04783092324806,3000.3,754.4,761.6,764.6,756.2,178.9,181.2,184.6,184.6,2.38,90.5,1.983,2991.1,753.7,761.7,764.7,754.7,178.8,180.3,183.8,184.8,2.38,89.8,2.008,0.8,0.988,1,oil_leak,0,0.55,0.5,1800.0
281.8,descend_land,33.68743047830923,2178.420467185762,38.03114571746385,2996.0,755.8,761.1,766.0,755.2,178.8,180.6,184.7,184.5,2.41,89.5,2.028,2991.0,753.7,761.7,764.7,754.7,178.7,180.2,183.7,184.7,2.38,89.8,2.008,0.8,0.989,1,oil_leak,0,0.55,0.5,1800.0
281.9,descend_land,33.67630700778643,2175.6952169076753,38.014460511679644,2993.4,751.4,760.5,763.5,755.0,179.4,179.9,183.6,184.4,2.36,89.6,2.0,2990.8,753.6,761.6,764.6,754.6,178.7,180.2,183.7,184.7,2.38,89.8,2.008,0.9,0.989,1,oil_leak,0,0.55,0.5,1800.0
282.0,descend_land,33.66518353726362,2172.9699666295883,37.99777530589544,2994.5,755.2,761.8,764.1,755.2,178.1,180.9,183.9,184.9,2.4,89.6,2.002,2990.7,753.6,761.6,764.6,754.6,178.6,180.1,183.6,184.6,2.38,89.8,2.008,0.9,0.989,1,oil_leak,0,0.55,0.5,1800.0
282.1,descend_land,33.654060066740826,2170.2447163515017,37.98109010011123,2997.1,751.1,762.1,763.2,754.0,178.4,180.6,183.5,184.2,2.36,89.5,2.006,2990.6,753.6,761.6,764.6,754.6,178.6,180.1,183.6,184.6,2.38,89.8,2.008,0.9,0.989,1,oil_leak,0,0.55,0.5,1800.0
282.2,descend_land,33.64293659621802,2167.519466073415,37.96440489432703,2983.2,754.0,761.6,765.6,754.4,178.1,180.2,182.7,183.3,2.37,89.7,2.009,2990.4,753.6,761.6,764.6,754.6,178.5,180.0,183.5,184.5,2.38,89.8,2.008,0.9,0.99,1,oil_leak,0,0.55,0.5,1800.0
282.3,descend_land,33.63181312569522,2164.794215795328,37.947719688542826,3000.0,751.1,763.5,764.9,755.2,178.6,179.8,183.6,183.7,2.37,89.8,2.063,2990.3,753.5,761.5,764.5,754.5,178.5,180.0,183.5,184.5,2.38,89.8,2.008,0.9,0.99,1,oil_leak,0,0.55,0.5,1800.0
282.4,descend_land,33.62068965517241,2162.0689655172414,37.93103448275862,2987.5,754.1,763.0,763.0,754.0,178.0,179.9,183.5,185.0,2.37,89.9,1.988,2990.1,753.5,761.5,764.5,754.5,178.4,179.9,183.4,184.4,2.38,89.8,2.008,0.9,0.99,1,oil_leak,0,0.55,0.5,1800.0
282.5,descend_land,33.60956618464961,2159.343715239155,37.91434927697441,2983.8,752.5,762.5,764.5,755.4,177.9,179.9,183.7,184.9,2.4,90.3,1.974,2990.0,753.5,761.5,764.5,754.5,178.3,179.8,183.3,184.3,2.38,89.7,2.007,1.0,0.99,1,oil_leak,0,0.55,0.5,1800.0
282.6,descend_land,33.598442714126804,2156.6184649610677,37.89766407119021,2981.1,752.8,762.3,760.7,753.6,178.3,178.8,183.2,184.7,2.36,90.4,2.0,2989.9,753.4,761.4,764.4,754.4,178.3,179.8,183.3,184.3,2.38,89.7,2.007,1.0,0.991,1,oil_leak,0,0.55,0.5,1800.0
282.7,descend_land,33.58731924360401,2153.893214682981,37.88097886540601,2994.7,752.6,761.6,762.2,753.1,178.3,179.3,181.8,183.7,2.37,89.2,2.024,2989.7,753.4,761.4,764.4,754.4,178.2,179.7,183.2,184.2,2.38,89.7,2.007,1.0,0.991,1,oil_leak,0,0.55,0.5,1800.0
282.8,descend_land,33.5761957730812,2151.1679644048945,37.8642936596218,2995.8,753.4,762.2,765.0,756.8,178.8,179.2,184.0,183.2,2.38,89.4,1.978,2989.6,753.4,761.4,764.4,754.4,178.2,179.7,183.2,184.2,2.38,89.7,2.007,1.0,0.991,1,oil_leak,0,0.55,0.5,1800.0
282.9,descend_land,33.5650723025584,2148.4427141268075,37.847608453837594,2992.0,755.9,760.2,766.5,753.8,177.4,179.6,184.1,183.9,2.34,89.6,2.041,2989.5,753.3,761.3,764.3,754.3,178.1,179.6,183.1,184.1,2.38,89.7,2.007,1.0,0.992,1,oil_leak,0,0.55,0.5,1800.0
283.0,descend_land,33.553948832035594,2145.717463848721,37.830923248053395,2991.4,753.4,761.6,764.2,754.8,177.8,179.2,181.9,185.0,2.39,90.5,1.966,2989.3,753.3,761.3,764.3,754.3,178.1,179.6,183.1,184.1,2.38,89.7,2.007,1.1,0.992,1,oil_leak,0,0.55,0.5,1800.0
283.1,descend_land,33.54282536151279,2142.9922135706342,37.81423804226919,2983.5,753.8,762.5,763.6,753.8,177.1,180.1,183.4,184.3,2.39,89.6,1.964,2989.2,753.3,761.3,764.3,754.3,178.0,179.5,183.0,184.0,2.38,89.7,2.007,1.1,0.992,1,oil_leak,0,0.55,0.5,1800.0
283.2,descend_land,33.531701890989986,2140.266963292547,37.79755283648498,2994.6,754.9,761.3,763.2,754.8,176.8,179.8,183.4,183.0,2.37,89.6,2.04,2989.1,753.2,761.2,764.2,754.2,178.0,179.5,183.0,184.0,2.38,89.7,2.007,1.1,0.992,1,oil_leak,0,0.55,0.5,1800.0
283.3,descend_land,33.52057842046719,2137.5417130144606,37.780867630700776,2987.4,755.4,761.9,760.9,754.7,177.8,179.5,184.4,184.0,2.43,89.3,2.009,2988.9,753.2,761.2,764.2,754.2,177.9,179.4,182.9,183.9,2.38,89.7,2.007,1.1,0.993,1,oil_leak,0,0.55,0.5,1800.0
283.4,descend_land,33.509454949944384,2134.816462736374,37.76418242491658,2986.7,753.3,759.4,763.5,754.0,178.1,180.1,182.4,183.7,2.41,89.2,2.007,2988.8,753.2,761.2,764.2,754.2,177.9,179.4,182.9,183.9,2.38,89.7,2.007,1.1,0.993,1,oil_leak,0,0.55,0.5,1800.0
283.5,descend_land,33.49833147942158,2132.091212458287,37.74749721913237,2989.6,753.1,761.2,765.2,753.4,177.6,180.5,181.7,184.2,2.36,89.6,1.962,2988.7,753.2,761.2,764.2,754.2,177.8,179.3,182.8,183.8,2.38,89.7,2.006,1.1,0.993,1,oil_leak,0,0.55,0.5,1800.0
283.6,descend_land,33.487208008898776,2129.3659621802003,37.730812013348164,2985.5,753.7,763.0,764.0,755.5,177.9,179.7,182.9,183.0,2.44,90.1,2.035,2988.5,753.1,761.1,764.1,754.1,177.8,179.3,182.8,183.8,2.38,89.7,2.006,1.2,0.993,1,oil_leak,0,0.55,0.5,1800.0
283.7,descend_land,33.47608453837597,2126.6407119021133,37.71412680756396,2987.3,755.3,760.3,764.8,753.4,178.1,179.6,182.2,183.7,2.36,90.0,2.023,2988.4,753.1,761.1,764.1,754.1,177.7,179.2,182.7,183.7,2.38,89.7,2.006,1.2,0.994,1,oil_leak,0,0.55,0.5,1800.0
283.8,descend_land,33.46496106785317,2123.9154616240266,37.69744160177976,2996.5,752.9,761.9,764.4,754.3,177.5,178.5,182.1,185.3,2.37,90.4,1.989,2988.3,753.1,761.1,764.1,754.1,177.7,179.2,182.7,183.7,2.38,89.7,2.006,1.2,0.994,1,oil_leak,0,0.55,0.5,1800.0
283.9,descend_land,33.45383759733037,2121.19021134594,37.68075639599555,2981.1,752.5,761.8,764.8,751.8,177.2,178.9,183.3,183.4,2.4,89.7,1.992,2988.1,753.0,761.0,764.0,754.0,177.6,179.1,182.6,183.6,2.38,89.7,2.006,1.2,0.994,1,oil_leak,0,0.55,0.5,1800.0
284.0,descend_land,33.442714126807566,2118.4649610678534,37.664071190211345,2991.6,753.8,762.9,763.2,752.9,177.7,179.1,183.1,182.9,2.37,89.6,2.027,2988.0,753.0,761.0,764.0,754.0,177.6,179.1,182.6,183.6,2.38,89.7,2.006,1.2,0.995,1,oil_leak,0,0.55,0.5,1800.0
284.1,descend_land,33.43159065628476,2115.7397107897664,37.64738598442714,2985.8,752.9,762.1,764.2,756.2,177.4,179.3,182.9,182.7,2.41,90.5,1.954,2987.8,753.0,761.0,764.0,754.0,177.5,179.0,182.5,183.5,2.38,89.7,2.006,1.2,0.995,1,oil_leak,0,0.55,0.5,1800.0
284.2,descend_land,33.42046718576196,2113.0144605116798,37.63070077864294,2986.3,754.1,760.5,766.0,753.4,176.9,179.3,182.5,183.4,2.38,89.4,2.007,2987.7,752.9,760.9,763.9,753.9,177.5,179.0,182.5,183.5,2.38,89.7,2.006,1.3,0.995,1,oil_leak,0,0.55,0.5,1800.0
284.3,descend_land,33.40934371523915,2110.2892102335927,37.61401557285873,2985.1,752.3,760.2,762.0,752.2,177.4,179.7,182.3,183.8,2.4,89.4,1.966,2987.6,752.9,760.9,763.9,753.9,177.4,178.9,182.4,183.4,2.38,89.7,2.006,1.3,0.995,1,oil_leak,0,0.55,0.5,1800.0
284.4,descend_land,33.39822024471635,2107.563959955506,37.59733036707453,2984.4,754.3,758.4,765.1,754.4,177.6,179.4,181.0,183.8,2.39,88.9,2.0,2987.4,752.9,760.9,763.9,753.9,177.4,178.9,182.4,183.4,2.38,89.7,2.005,1.3,0.996,1,oil_leak,0,0.55,0.5,1800.0
284.5,descend_land,33.38709677419355,2104.8387096774195,37.58064516129032,2989.0,749.6,760.5,766.4,754.0,177.4,178.7,183.0,183.0,2.35,90.3,2.007,2987.3,752.9,760.9,763.9,753.9,177.3,178.8,182.3,183.3,2.38,89.7,2.005,1.3,0.996,1,oil_leak,0,0.55,0.5,1800.0
284.6,descend_land,33.37597330367075,2102.1134593993324,37.56395995550612,2988.9,755.0,758.7,764.1,755.3,177.9,179.5,181.3,183.5,2.37,89.9,2.033,2987.2,752.8,760.8,763.8,753.8,177.3,178.8,182.3,183.3,2.38,89.7,2.005,1.3,0.996,1,oil_leak,0,0.55,0.5,1800.0
284.7,descend_land,33.36484983314794,2099.388209121246,37.547274749721915,2989.8,754.9,761.2,763.8,753.0,178.0,179.2,183.1,183.4,2.4,89.9,1.964,2987.0,752.8,760.8,763.8,753.8,177.3,178.8,182.3,183.3,2.38,89.7,2.005,1.4,0.996,1,oil_leak,0,0.55,0.5,1800.0
284.8,descend_land,33.35372636262514,2096.6629588431592,37.53058954393771,2993.5,752.6,759.0,765.7,755.1,177.9,178.3,181.5,182.9,2.39,89.8,2.017,2986.9,752.8,760.8,763.8,753.8,177.2,178.7,182.2,183.2,2.38,89.7,2.005,1.4,0.997,1,oil_leak,0,0.55,0.5,1800.0
284.9,descend_land,33.342602892102335,2093.937708565072,37.5139043381535,2989.0,751.7,761.1,762.8,752.9,176.1,178.4,181.7,184.4,2.39,90.6,1.99,2986.7,752.7,760.7,763.7,753.7,177.2,178.7,182.2,183.2,2.38,89.7,2.005,1.4,0.997,1,oil_leak,0,0.55,0.5,1800.0
285.0,descend_land,33.33147942157953,2091.2124582869856,37.4972191323693,2988.2,750.1,760.7,765.6,754.4,176.8,178.3,182.5,183.3,2.37,88.8,1.966,2986.6,752.7,760.7,763.7,753.7,177.1,178.6,182.1,183.1,2.38,89.7,2.005,1.4,0.997,1,oil_leak,0,0.55,0.5,1800.0
285.1,descend_land,33.320355951056726,2088.487208008899,37.480533926585096,2991.7,754.3,759.8,765.0,754.2,176.3,179.7,182.0,182.9,2.42,90.3,1.995,2986.5,752.7,760.7,763.7,753.7,177.1,178.6,182.1,183.1,2.38,89.7,2.005,1.4,0.998,1,oil_leak,0,0.55,0.5,1800.0
285.2,descend_land,33.30923248053393,2085.761957730812,37.46384872080089,2982.3,752.3,758.2,763.8,754.0,177.2,178.6,182.8,183.5,2.33,89.3,2.014,2986.3,752.7,760.7,763.7,753.7,177.0,178.5,182.0,183.0,2.38,89.7,2.005,1.4,0.998,1,oil_leak,0,0.55,0.5,1800.0
285.3,descend_land,33.298109010011125,2083.0367074527253,37.44716351501668,2986.2,751.4,757.7,761.3,752.2,177.0,178.5,183.0,183.1,2.38,89.8,2.012,2986.2,752.6,760.6,763.6,753.6,177.0,178.5,182.0,183.0,2.38,89.7,2.005,1.5,0.998,1,oil_leak,0,0.55,0.5,1800.0
285.4,descend_land,33.28698553948832,2080.3114571746387,37.430478309232484,2983.4,750.9,762.0,763.3,753.4,177.4,178.7,181.7,183.3,2.35,90.0,2.01,2986.0,752.6,760.6,763.6,753.6,176.9,178.4,181.9,182.9,2.38,89.7,2.004,1.5,0.998,1,oil_leak,0,0.55,0.5,1800.0
285.5,descend_land,33.275862068965516,2077.5862068965516,37.41379310344828,2991.1,753.2,761.9,763.0,755.1,176.8,179.8,182.1,183.1,2.4,89.5,2.066,2985.9,752.6,760.6,763.6,753.6,176.9,178.4,181.9,182.9,2.38,89.7,2.004,1.5,0.999,1,oil_leak,0,0.55,0.5,1800.0
285.6,descend_land,33.26473859844271,2074.860956618465,37.39710789766407,2990.3,753.1,758.2,763.0,755.6,176.8,178.5,183.2,183.6,2.36,89.8,1.992,2985.8,752.5,760.5,763.5,753.5,176.9,178.4,181.9,182.9,2.38,89.7,2.004,1.5,0.999,1,oil_leak,0,0.55,0.5,1800.0
285.7,descend_land,33.253615127919915,2072.1357063403784,37.380422691879865,2985.2,750.4,759.8,764.2,754.1,177.4,178.3,180.9,181.5,2.37,90.7,2.025,2985.6,752.5,760.5,763.5,753.5,176.8,178.3,181.8,182.8,2.38,89.7,2.004,1.5,0.999,1,oil_leak,0,0.55,0.5,1800.0
285.8,descend_land,33.24249165739711,2069.4104560622914,37.36373748609566,2987.6,752.3,762.1,763.4,754.6,177.4,178.1,181.7,182.7,2.38,90.0,2.011,2985.5,752.5,760.5,763.5,753.5,176.8,178.3,181.8,182.8,2.38,89.7,2.004,1.5,0.999,1,oil_leak,0,0.55,0.5,1800.0
285.9,descend_land,33.231368186874306,2066.6852057842048,37.34705228031146,2990.1,752.0,760.0,761.4,752.8,177.5,178.2,180.9,183.6,2.38,89.8,2.052,2985.4,752.5,760.5,763.5,753.5,176.7,178.2,181.7,182.7,2.38,89.7,2.004,1.6,1.0,1,oil_leak,0,0.55,0.5,1800.0
286.0,descend_land,33.2202447163515,2063.9599555061177,37.33036707452725,2977.5,752.2,759.2,763.9,753.9,176.9,178.3,182.2,183.4,2.37,89.7,1.973,2985.2,752.4,760.4,763.4,753.4,176.7,178.2,181.7,182.7,2.38,89.7,2.004,1.6,1.0,1,oil_leak,0,0.55,0.5,1800.0
286.1,descend_land,33.2091212458287,2061.234705228031,37.313681868743046,2976.0,753.0,761.1,762.8,753.5,176.8,178.6,181.6,182.5,2.42,90.5,1.975,2985.1,752.4,760.4,763.4,753.4,176.6,178.1,181.6,182.6,2.38,89.7,2.004,1.6,1.0,1,oil_leak,0,0.55,0.5,1800.0
286.2,descend_land,33.19799777530589,2058.5094549499445,37.29699666295885,2987.8,755.2,762.5,764.6,753.3,177.2,178.0,181.6,182.4,2.36,90.2,1.988,2984.9,752.4,760.4,763.4,753.4,176.6,178.1,181.6,182.6,2.38,89.7,2.004,1.6,1.001,1,oil_leak,0,0.55,0.5,1800.0
286.3,descend_land,33.18687430478309,2055.784204671858,37.28031145717464,2983.9,750.7,758.8,763.6,752.8,175.5,177.6,180.9,183.0,2.39,89.5,2.008,2984.8,752.3,760.3,763.3,753.3,176.6,178.1,181.6,182.6,2.38,89.7,2.003,1.6,1.001,1,oil_leak,0,0.55,0.5,1800.0
286.4,descend_land,33.17575083426029,2053.058954393771,37.263626251390434,2980.7,754.2,759.8,762.0,750.6,175.9,177.9,181.4,182.2,2.4,90.0,1.989,2984.7,752.3,760.3,763.3,753.3,176.5,178.0,181.5,182.5,2.38,89.7,2.003,1.7,1.001,1,oil_leak,0,0.55,0.5,1800.0
286.5,descend_land,33.16462736373749,2050.333704115684,37.24694104560623,2993.5,751.7,759.6,763.4,755.1,176.8,177.9,181.3,183.2,2.33,89.9,1.969,2984.5,752.3,760.3,763.3,753.3,176.5,178.0,181.5,182.5,2.38,89.7,2.003,1.7,1.001,1,oil_leak,0,0.55,0.5,1800.0
286.6,descend_land,33.15350389321468,2047.6084538375974,37.23025583982202,2979.5,754.4,762.7,763.9,752.3,176.0,178.4,181.2,181.6,2.38,90.0,1.981,2984.4,752.3,760.3,763.3,753.3,176.4,177.9,181.4,182.4,2.38,89.7,2.003,1.7,1.002,1,oil_leak,0,0.55,0.5,1800.0
286.7,descend_land,33.14238042269188,2044.8832035595105,37.21357063403782,2979.7,751.4,761.0,763.7,753.5,177.1,177.8,181.1,181.7,2.38,89.8,2.038,2984.2,752.2,760.2,763.2,753.2,176.4,177.9,181.4,182.4,2.38,89.7,2.003,1.7,1.002,1,oil_leak,0,0.55,0.5,1800.0
286.8,descend_land,33.131256952169075,2042.157953281424,37.196885428253616,2986.1,752.0,757.8,762.9,751.8,176.9,177.5,181.7,183.6,2.37,90.8,2.013,2984.1,752.2,760.2,763.2,753.2,176.4,177.9,181.4,182.4,2.38,89.7,2.003,1.7,1.002,1,oil_leak,0,0.55,0.5,1800.0
286.9,descend_land,33.12013348164627,2039.432703003337,37.18020022246941,2980.5,755.3,756.8,762.4,752.8,176.3,177.3,180.3,183.1,2.36,89.5,2.034,2983.9,752.2,760.2,763.2,753.2,176.3,177.8,181.3,182.3,2.38,89.7,2.003,1.7,1.003,1,oil_leak,0,0.55,0.5,1800.0
287.0,descend_land,33.10901001112347,2036.7074527252503,37.1635150166852,2990.7,753.2,758.0,763.8,754.3,175.9,177.6,180.8,182.8,2.36,89.8,1.963,2983.8,752.1,760.1,763.1,753.1,176.3,177.8,181.3,182.3,2.38,89.7,2.003,1.8,1.003,1,oil_leak,0,0.55,0.5,1800.0
287.1,descend_land,33.09788654060067,2033.9822024471637,37.146829810901004,2987.9,753.5,758.5,765.3,752.4,176.6,179.2,179.9,182.3,2.38,90.2,1.971,2983.7,752.1,760.1,763.1,753.1,176.2,177.7,181.2,182.2,2.38,89.7,2.003,1.8,1.003,1,oil_leak,0,0.55,0.5,1800.0
287.2,descend_land,33.086763070077865,2031.2569521690768,37.1301446051168,2985.1,751.6,757.3,762.5,752.5,176.5,178.4,181.2,182.9,2.41,88.6,1.961,2983.5,752.1,760.1,763.1,753.1,176.2,177.7,181.2,182.2,2.38,89.7,2.002,1.8,1.003,1,oil_leak,0,0.55,0.5,1800.0
287.3,descend_land,33.07563959955506,2028.53170189099,37.11345939933259,2987.6,752.8,758.5,761.1,754.4,176.5,177.4,181.0,182.4,2.4,88.9,2.022,2983.4,752.0,760.0,763.0,753.0,176.2,177.7,181.2,182.2,2.38,89.7,2.002,1.8,1.004,1,oil_leak,0,0.55,0.5,1800.0
287.4,descend_land,33.064516129032256,2025.8064516129032,37.096774193548384,2976.9,753.5,759.7,761.8,752.8,176.1,177.5,181.1,182.3,2.42,89.4,1.965,2983.2,752.0,760.0,763.0,753.0,176.1,177.6,181.1,182.1,2.38,89.7,2.002,1.8,1.004,1,oil_leak,0,0.55,0.5,1800.0
287.5,descend_land,33.05339265850945,2023.0812013348166,37.080088987764185,2988.1,751.4,758.0,761.0,751.5,175.6,178.2,181.4,181.6,2.43,89.6,1.97,2983.1,752.0,760.0,763.0,753.0,176.1,177.6,181.1,182.1,2.38,89.7,2.002,1.8,1.004,1,oil_leak,0,0.55,0.5,1800.0
287.6,descend_land,33.042269187986655,2020.3559510567297,37.06340378197998,2986.9,753.7,759.1,762.9,752.0,176.3,176.6,181.5,182.7,2.35,89.7,1.981,2983.0,752.0,760.0,763.0,753.0,176.1,177.6,181.1,182.1,2.38,89.7,2.002,1.9,1.004,1,oil_leak,0,0.55,0.5,1800.0
287.7,descend_land,33.03114571746385,2017.630700778643,37.04671857619577,2978.4,751.6,763.7,763.0,754.4,176.6,176.6,180.2,181.2,2.39,89.8,2.029,2982.8,751.9,759.9,762.9,752.9,176.0,177.5,181.0,182.0,2.38,89.7,2.002,1.9,1.005,1,oil_leak,0,0.55,0.5,1800.0
287.8,descend_land,33.020022246941046,2014.905450500556,37.030033370411566,2977.2,752.1,758.9,762.1,752.9,176.0,178.1,182.7,182.4,2.35,89.7,1.993,2982.7,751.9,759.9,762.9,752.9,176.0,177.5,181.0,182.0,2.38,89.7,2.002,1.9,1.005,1,oil_leak,0,0.55,0.5,1800.0
287.9,descend_land,33.00889877641824,2012.1802002224695,37.01334816462737,2976.9,750.6,762.2,763.8,751.3,175.5,178.5,181.3,183.7,2.36,89.2,1.971,2982.5,751.9,759.9,762.9,752.9,175.9,177.4,180.9,181.9,2.38,89.7,2.002,1.9,1.005,1,oil_leak,0,0.55,0.5,1800.0
288.0,descend_land,32.99777530589544,2009.4549499443826,36.99666295884316,2980.4,749.5,759.4,764.6,754.3,176.3,178.1,181.6,182.5,2.39,89.2,1.985,2982.4,751.8,759.8,762.8,752.8,175.9,177.4,180.9,181.9,2.38,89.7,2.002,1.9,1.006,1,oil_leak,0,0.55,0.5,1800.0
288.1,descend_land,32.98665183537263,2006.7296996662958,36.979977753058954,2988.1,752.7,760.2,761.8,751.9,175.7,178.3,180.2,181.9,2.39,88.8,1.991,2982.2,751.8,759.8,762.8,752.8,175.9,177.4,180.9,181.9,2.38,89.7,2.001,2.0,1.006,1,oil_leak,0,0.55,0.5,1800.0
288.2,descend_land,32.975528364849836,2004.0044493882092,36.96329254727475,2987.8,749.8,757.5,764.3,753.0,176.2,177.3,180.6,182.0,2.39,89.8,1.999,2982.1,751.8,759.8,762.8,752.8,175.8,177.3,180.8,181.8,2.38,89.7,2.001,2.0,1.006,1,oil_leak,0,0.55,0.5,1800.0
288.3,descend_land,32.96440489432703,2001.2791991101224,36.94660734149055,2979.0,750.9,759.3,763.2,750.1,175.1,177.9,179.9,181.7,2.38,89.2,1.992,2982.0,751.8,759.8,762.8,752.8,175.8,177.3,180.8,181.8,2.38,89.7,2.001,2.0,1.006,1,oil_leak,0,0.55,0.5,1800.0
288.4,descend_land,32.95328142380423,1998.5539488320355,36.92992213570634,2974.4,752.7,759.0,763.0,751.4,176.4,176.8,180.8,181.9,2.38,89.6,2.022,2981.8,751.7,759.7,762.7,752.7,175.8,177.3,180.8,181.8,2.38,89.7,2.001,2.0,1.007,1,oil_leak,0,0.55,0.5,1800.0
288.5,descend_land,32.94215795328142,1995.828698553949,36.913236929922135,2985.5,749.6,759.8,761.1,752.1,176.0,177.7,180.2,181.7,2.39,90.1,1.961,2981.7,751.7,759.7,762.7,752.7,175.7,177.2,180.7,181.7,2.38,89.7,2.001,2.0,1.007,1,oil_leak,0,0.55,0.5,1800.0
288.6,descend_land,32.93103448275862,1993.103448275862,36.89655172413793,2983.8,749.7,760.3,764.4,755.5,176.0,176.8,181.0,182.4,2.4,89.7,2.046,2981.5,751.7,759.7,762.7,752.7,175.7,177.2,180.7,181.7,2.38,89.7,2.001,2.0,1.007,1,oil_leak,0,0.55,0.5,1800.0
288.7,descend_land,32.919911012235815,1990.3781979977753,36.87986651835373,2971.4,753.7,758.2,763.2,750.6,175.7,176.3,181.2,181.5,2.36,89.8,1.98,2981.4,751.6,759.6,762.6,752.6,175.7,177.2,180.7,181.7,2.38,89.7,2.001,2.1,1.007,1,oil_leak,0,0.55,0.5,1800.0
288.8,descend_land,32.90878754171301,1987.6529477196887,36.86318131256952,2979.0,752.4,758.4,761.7,752.5,175.3,178.8,181.1,181.9,2.36,89.7,1.979,2981.2,751.6,759.6,762.6,752.6,175.6,177.1,180.6,181.6,2.38,89.7,2.001,2.1,1.008,1,oil_leak,0,0.55,0.5,1800.0
288.9,descend_land,32.89766407119021,1984.9276974416018,36.84649610678532,2985.5,751.6,761.1,765.0,754.4,176.2,176.8,181.0,181.0,2.37,90.8,1.949,2981.1,751.6,759.6,762.6,752.6,175.6,177.1,180.6,181.6,2.38,89.7,2.001,2.1,1.008,1,oil_leak,0,0.55,0.5,1800.0
289.0,descend_land,32.88654060066741,1982.202447163515,36.82981090100111,2990.1,751.2,759.1,760.7,754.8,175.4,177.7,180.0,180.2,2.35,90.5,2.067,2981.0,751.6,759.6,762.6,752.6,175.6,177.1,180.6,181.6,2.38,89.7,2.0,2.1,1.008,1,oil_leak,0,0.55,0.5,1800.0
289.1,descend_land,32.875417130144605,1979.4771968854284,36.81312569521691,2975.6,752.4,759.6,763.7,752.9,175.6,177.5,181.3,182.2,2.38,88.3,1.989,2980.8,751.5,759.5,762.5,752.5,175.5,177.0,180.5,181.5,2.38,89.7,2.0,2.1,1.009,1,oil_leak,0,0.55,0.5,1800.0
289.2,descend_land,32.8642936596218,1976.7519466073416,36.796440489432705,2983.9,754.1,761.2,761.0,751.0,175.6,176.4,181.5,182.3,2.36,90.1,1.965,2980.7,751.5,759.5,762.5,752.5,175.5,177.0,180.5,181.5,2.38,89.7,2.0,2.2,1.009,1,oil_leak,0,0.55,0.5,1800.0
289.3,descend_land,32.853170189098996,1974.0266963292547,36.7797552836485,2975.7,751.4,756.9,765.4,751.5,174.5,177.9,180.3,181.0,2.35,89.4,2.024,2980.5,751.5,759.5,762.5,752.5,175.5,177.0,180.5,181.5,2.38,89.7,2.0,2.2,1.009,1,oil_leak,0,0.55,0.5,1800.0
289.4,descend_land,32.8420467185762,1971.301446051168,36.76307007786429,2981.5,748.9,758.8,760.6,750.6,175.6,177.2,180.1,180.6,2.39,89.7,2.015,2980.4,751.4,759.4,762.4,752.4,175.4,176.9,180.4,181.4,2.38,89.7,2.0,2.2,1.009,1,oil_leak,0,0.55,0.5,1800.0
289.5,descend_land,32.830923248053395,1968.5761957730813,36.746384872080085,2979.1,751.8,759.9,761.7,752.4,174.6,176.8,181.0,180.7,2.38,90.0,2.044,2980.2,751.4,759.4,762.4,752.4,175.4,176.9,180.4,181.4,2.38,89.7,2.0,2.2,1.01,1,oil_leak,0,0.55,0.5,1800.0
289.6,descend_land,32.81979977753059,1965.8509454949944,36.729699666295886,2977.6,750.0,757.9,762.7,753.5,175.0,176.2,180.5,181.8,2.41,89.7,1.996,2980.1,751.4,759.4,762.4,752.4,175.4,176.9,180.4,181.4,2.38,89.7,2.0,2.2,1.01,1,oil_leak,0,0.55,0.5,1800.0
289.7,descend_land,32.80867630700779,1963.1256952169078,36.71301446051168,2978.6,750.6,762.7,761.4,752.1,175.1,177.2,180.1,181.2,2.37,90.4,1.994,2979.9,751.4,759.4,762.4,752.4,175.3,176.8,180.3,181.3,2.38,89.7,2.0,2.2,1.01,1,oil_leak,0,0.55,0.5,1800.0
289.8,descend_land,32.79755283648498,1960.4004449388208,36.69632925472747,2985.7,750.2,760.4,761.6,751.7,174.7,175.8,180.9,181.7,2.35,89.3,2.003,2979.8,751.3,759.3,762.3,752.3,175.3,176.8,180.3,181.3,2.38,89.7,2.0,2.3,1.011,1,oil_leak,0,0.55,0.5,1800.0
289.9,descend_land,32.78642936596218,1957.6751946607342,36.679644048943274,2984.7,750.5,760.2,763.0,751.5,174.6,176.8,180.8,181.3,2.36,90.2,1.998,2979.7,751.3,759.3,762.3,752.3,175.3,176.8,180.3,181.3,2.38,89.7,1.999,2.3,1.011,1,oil_leak,0,0.55,0.5,1800.0
290.0,descend_land,32.775305895439374,1954.9499443826476,36.66295884315907,2969.9,751.5,761.7,762.3,751.1,174.7,176.6,181.4,181.4,2.4,89.9,2.006,2979.5,751.3,759.3,762.3,752.3,175.2,176.7,180.2,181.2,2.38,89.7,1.999,2.3,1.011,1,oil_leak,0,0.55,0.5,1800.0
290.1,descend_land,32.76418242491658,1952.2246941045605,36.64627363737486,2967.8,750.3,759.8,761.0,752.3,175.5,176.3,180.4,181.4,2.31,89.7,1.937,2979.4,751.2,759.2,762.2,752.2,175.2,176.7,180.2,181.2,2.38,89.7,1.999,2.3,1.011,1,oil_leak,0,0.55,0.5,1800.0
290.2,descend_land,32.75305895439377,1949.499443826474,36.629588431590655,2982.0,751.4,760.9,762.4,754.3,176.4,176.8,179.6,180.5,2.36,89.8,1.98,2979.2,751.2,759.2,762.2,752.2,175.2,176.7,180.2,181.2,2.38,89.8,1.999,2.3,1.012,1,oil_leak,0,0.55,0.5,1800.0
290.3,descend_land,32.74193548387097,1946.774193548387,36.61290322580645,2974.4,750.3,761.9,759.6,754.4,174.9,176.4,180.6,179.9,2.43,89.6,2.043,2979.1,751.2,759.2,762.2,752.2,175.1,176.6,180.1,181.1,2.38,89.8,1.999,2.3,1.012,1,oil_leak,0,0.55,0.5,1800.0
290.4,descend_land,32.730812013348164,1944.0489432703002,36.59621802002225,2971.7,747.9,760.9,763.5,753.6,175.6,176.5,179.6,181.9,2.4,90.1,1.991,2978.9,751.2,759.2,762.2,752.2,175.1,176.6,180.1,181.1,2.38,89.8,1.999,2.4,1.012,1,oil_leak,0,0.55,0.5,1800.0
290.5,descend_land,32.71968854282536,1941.3236929922136,36.57953281423804,2977.5,751.4,760.6,762.9,753.1,175.3,176.7,180.9,180.8,2.37,89.5,1.978,2978.8,751.1,759.1,762.1,752.1,175.1,176.6,180.1,181.1,2.38,89.8,1.999,2.4,1.012,1,oil_leak,0,0.55,0.5,1800.0
290.6,descend_land,32.708565072302555,1938.5984427141268,36.562847608453836,2977.8,752.9,762.0,760.7,751.1,174.2,176.9,180.0,181.9,2.33,90.1,1.979,2978.6,751.1,759.1,762.1,752.1,175.1,176.6,180.1,181.1,2.38,89.8,1.999,2.4,1.013,1,oil_leak,0,0.55,0.5,1800.0
290.7,descend_land,32.69744160177976,1935.87319243604,36.54616240266963,2981.7,748.5,758.9,762.1,752.5,174.3,175.6,178.9,180.9,2.39,89.9,1.96,2978.5,751.1,759.1,762.1,752.1,175.0,176.5,180.0,181.0,2.37,89.8,1.999,2.4,1.013,1,oil_leak,0,0.55,0.5,1800.0
290.8,descend_land,32.686318131256954,1933.1479421579534,36.52947719688543,2980.4,751.9,758.3,761.0,751.0,174.9,176.0,179.5,181.0,2.37,89.3,1.992,2978.3,751.0,759.0,762.0,752.0,175.0,176.5,180.0,181.0,2.37,89.8,1.998,2.4,1.013,1,oil_leak,0,0.55,0.5,1800.0
290.9,descend_land,32.67519466073415,1930.4226918798665,36.512791991101224,2981.6,750.9,759.6,760.8,753.1,175.9,176.8,180.5,180.8,2.41,89.3,2.038,2978.2,751.0,759.0,762.0,752.0,175.0,176.5,180.0,181.0,2.37,89.8,1.998,2.5,1.014,1,oil_leak,0,0.55,0.5,1800.0
291.0,descend_land,32.664071190211345,1927.6974416017797,36.49610678531702,2980.6,752.1,759.4,761.8,751.0,175.4,177.0,180.1,181.2,2.36,89.7,2.002,2978.1,751.0,759.0,762.0,752.0,174.9,176.4,179.9,180.9,2.37,89.8,1.998,2.5,1.014,1,oil_leak,0,0.55,0.5,1800.0
291.1,descend_land,32.65294771968854,1924.972191323693,36.47942157953281,2974.8,750.3,759.0,760.1,751.8,174.4,175.6,180.0,181.0,2.4,89.6,2.028,2977.9,751.0,759.0,762.0,752.0,174.9,176.4,179.9,180.9,2.37,89.8,1.998,2.5,1.014,1,oil_leak,0,0.55,0.5,1800.0
291.2,descend_land,32.64182424916574,1922.2469410456063,36.46273637374861,2973.9,751.2,758.0,763.3,753.9,174.7,176.8,180.5,180.5,2.35,89.7,2.017,2977.8,750.9,758.9,761.9,751.9,174.9,176.4,179.9,180.9,2.37,89.8,1.998,2.5,1.014,1,oil_leak,0,0.55,0.5,1800.0
291.3,descend_land,32.63070077864294,1919.5216907675194,36.446051167964406,2975.4,751.3,758.8,761.4,753.1,174.3,176.8,180.3,181.1,2.4,90.2,1.992,2977.6,750.9,758.9,761.9,751.9,174.8,176.3,179.8,180.8,2.37,89.8,1.998,2.5,1.015,1,oil_leak,0,0.55,0.5,1800.0
291.4,descend_land,32.619577308120135,1916.7964404894328,36.4293659621802,2977.8,751.9,758.9,761.5,754.5,174.0,175.4,179.8,180.3,2.38,90.9,1.993,2977.5,750.9,758.9,761.9,751.9,174.8,176.3,179.8,180.8,2.37,89.8,1.998,2.5,1.015,1,oil_leak,0,0.55,0.5,1800.0
291.5,descend_land,32.60845383759733,1914.071190211346,36.41268075639599,2971.1,750.3,757.5,761.2,753.0,174.7,176.2,180.3,179.9,2.37,90.4,2.06,2977.3,750.8,758.8,761.8,751.8,174.8,176.3,179.8,180.8,2.37,89.8,1.998,2.6,1.015,1,oil_leak,0,0.55,0.5,1800.0
291.6,descend_land,32.59733036707453,1911.3459399332592,36.395995550611794,2982.7,751.4,757.6,763.0,752.4,174.5,175.2,179.1,180.1,2.39,90.6,2.001,2977.2,750.8,758.8,761.8,751.8,174.8,176.3,179.8,180.8,2.37,89.8,1.997,2.6,1.015,1,oil_leak,0,0.55,0.5,1800.0
291.7,descend_land,32.58620689655172,1908.6206896551726,36.37931034482759,2975.0,753.4,754.2,761.9,753.3,174.4,175.5,179.9,180.6,2.39,89.5,2.002,2977.0,750.8,758.8,761.8,751.8,174.7,176.2,179.7,180.7,2.37,89.8,1.997,2.6,1.016,1,oil_leak,0,0.55,0.5,1800.0
291.8,descend_land,32.57508342602892,1905.8954393770857,36.36262513904338,2975.5,750.7,759.6,760.9,751.7,174.5,176.6,180.0,180.0,2.4,89.8,2.015,2976.9,750.8,758.8,761.8,751.8,174.7,176.2,179.7,180.7,2.37,89.8,1.997,2.6,1.016,1,oil_leak,0,0.55,0.5,1800.0
291.9,descend_land,32.56395995550612,1903.170189098999,36.345939933259174,2978.8,749.9,760.3,763.2,751.2,175.7,176.0,179.2,180.8,2.4,90.4,1.995,2976.7,750.7,758.7,761.7,751.7,174.7,176.2,179.7,180.7,2.37,89.8,1.997,2.6,1.016,1,oil_leak,0,0.55,0.5,1800.0
292.0,descend_land,32.55283648498332,1900.4449388209123,36.329254727474975,2978.5,748.9,761.0,763.7,749.0,174.9,175.7,180.8,180.5,2.4,89.5,2.0,2976.6,750.7,758.7,761.7,751.7,174.6,176.1,179.6,180.6,2.37,89.8,1.997,2.6,1.017,1,oil_leak,0,0.55,0.5,1800.0
292.1,descend_land,32.54171301446051,1897.7196885428255,36.31256952169077,2969.3,750.1,758.9,759.0,752.8,174.8,175.9,179.3,181.4,2.36,88.9,2.006,2976.4,750.7,758.7,761.7,751.7,174.6,176.1,179.6,180.6,2.37,89.8,1.997,2.7,1.017,1,oil_leak,0,0.55,0.5,1800.0
292.2,descend_land,32.53058954393771,1894.9944382647386,36.29588431590656,2979.6,749.8,759.4,762.0,749.9,174.9,174.7,179.0,179.9,2.36,89.6,1.94,2976.3,750.6,758.6,761.6,751.6,174.6,176.1,179.6,180.6,2.37,89.8,1.997,2.7,1.017,1,oil_leak,0,0.55,0.5,1800.0
292.3,descend_land,32.519466073414904,1892.269187986652,36.279199110122356,2972.3,750.7,762.2,760.5,752.8,174.3,176.3,179.4,181.7,2.38,89.2,1.999,2976.1,750.6,758.6,761.6,751.6,174.6,176.1,179.6,180.6,2.37,89.8,1.997,2.7,1.017,1,oil_leak,0,0.55,0.5,1800.0
292.4,descend_land,32.5083426028921,1889.543937708565,36.26251390433816,2980.1,749.0,759.4,763.0,753.5,174.4,175.7,178.3,179.2,2.4,89.4,1.954,2976.0,750.6,758.6,761.6,751.6,174.5,176.0,179.5,180.5,2.37,89.8,1.997,2.7,1.018,1,oil_leak,0,0.55,0.5,1800.0
292.5,descend_land,32.497219132369295,1886.8186874304783,36.24582869855395,2967.9,752.8,756.4,762.7,750.7,174.5,176.3,179.7,179.2,2.38,89.5,2.005,2975.8,750.6,758.6,761.6,751.6,174.5,176.0,179.5,180.5,2.37,89.8,1.996,2.7,1.018,1,oil_leak,0,0.55,0.5,1800.0
292.6,descend_land,32.4860956618465,1884.0934371523917,36.229143492769744,2963.1,752.1,759.6,761.4,753.0,173.9,175.6,179.7,181.3,2.34,89.1,2.023,2975.7,750.5,758.5,761.5,751.5,174.5,176.0,179.5,180.5,2.37,89.8,1.996,2.8,1.018,1,oil_leak,0,0.55,0.5,1800.0
292.7,descend_land,32.474972191323694,1881.3681868743047,36.21245828698554,2967.1,750.1,760.0,761.0,750.9,174.1,175.7,179.3,180.0,2.39,90.4,1.994,2975.5,750.5,758.5,761.5,751.5,174.5,176.0,179.5,180.5,2.37,89.8,1.996,2.8,1.019,1,oil_leak,0,0.55,0.5,1800.0
292.8,descend_land,32.46384872080089,1878.642936596218,36.19577308120134,2971.6,752.0,759.6,762.5,748.6,176.0,175.4,178.1,180.9,2.37,90.1,2.053,2975.4,750.5,758.5,761.5,751.5,174.4,175.9,179.4,180.4,2.37,89.8,1.996,2.8,1.019,1,oil_leak,0,0.55,0.5,1800.0
292.9,descend_land,32.452725250278085,1875.9176863181312,36.17908787541713,2982.1,750.4,759.1,761.4,751.0,174.7,175.4,180.1,180.3,2.37,90.4,1.982,2975.2,750.4,758.4,761.4,751.4,174.4,175.9,179.4,180.4,2.37,89.8,1.996,2.8,1.019,1,oil_leak,0,0.55,0.5,1800.0
293.0,descend_land,32.44160177975528,1873.1924360400444,36.162402669632925,2984.4,749.2,759.2,762.9,752.0,173.8,175.6,180.2,180.5,2.36,89.3,2.039,2975.1,750.4,758.4,761.4,751.4,174.4,175.9,179.4,180.4,2.37,89.8,1.996,2.8,1.019,1,oil_leak,0,0.55,0.5,1800.0
293.1,descend_land,32.430478309232484,1870.4671857619578,36.14571746384872,2968.8,748.0,759.6,761.7,751.7,174.1,175.8,180.3,180.6,2.42,89.5,2.006,2974.9,750.4,758.4,761.4,751.4,174.4,175.9,179.4,180.4,2.37,89.8,1.996,2.8,1.02,1,oil_leak,0,0.55,0.5,1800.0
293.2,descend_land,32.41935483870968,1867.741935483871,36.12903225806451,2971.5,752.1,761.1,761.8,753.0,173.8,176.1,179.2,180.2,2.41,90.0,2.026,2974.8,750.4,758.4,761.4,751.4,174.3,175.8,179.3,180.3,2.37,89.8,1.996,2.9,1.02,1,oil_leak,0,0.55,0.5,1800.0
293.3,descend_land,32.408231368186875,1865.0166852057841,36.11234705228031,2971.1,750.0,760.5,762.8,751.3,174.8,175.9,179.2,181.2,2.38,89.7,1.971,2974.6,750.3,758.3,761.3,751.3,174.3,175.8,179.3,180.3,2.37,89.8,1.995,2.9,1.02,1,oil_leak,0,0.55,0.5,1800.0
293.4,descend_land,32.39710789766407,1862.2914349276975,36.09566184649611,2969.8,750.2,756.4,760.3,753.1,173.9,175.7,179.1,179.8,2.36,90.5,2.023,2974.5,750.3,758.3,761.3,751.3,174.3,175.8,179.3,180.3,2.37,89.8,1.995,2.9,1.021,1,oil_leak,0,0.55,0.5,1800.0
293.5,descend_land,32.38598442714127,1859.5661846496107,36.0789766407119,2972.7,750.9,759.6,760.5,752.3,174.9,176.8,179.2,181.7,2.38,89.7,2.005,2974.3,750.3,758.3,761.3,751.3,174.3,175.8,179.3,180.3,2.37,89.8,1.995,2.9,1.021,1,oil_leak,0,0.55,0.5,1800.0
293.6,descend_land,32.37486095661846,1856.8409343715239,36.0622914349277,2975.0,748.6,758.5,761.7,750.2,173.9,175.2,178.7,178.9,2.37,90.3,2.05,2974.2,750.2,758.2,761.2,751.2,174.2,175.7,179.2,180.2,2.37,89.8,1.995,2.9,1.021,1,oil_leak,0,0.55,0.5,1800.0
293.7,descend_land,32.36373748609566,1854.1156840934373,36.045606229143495,2973.9,750.3,758.5,759.6,752.8,174.5,175.3,180.0,180.0,2.36,89.6,2.006,2974.0,750.2,758.2,761.2,751.2,174.2,175.7,179.2,180.2,2.37,89.9,1.995,2.9,1.021,1,oil_leak,0,0.55,0.5,1800.0
293.8,descend_land,32.35261401557286,1851.3904338153504,36.02892102335929,2972.0,749.4,756.8,762.2,752.0,174.3,175.7,178.5,179.7,2.38,90.7,2.026,2973.9,750.2,758.2,761.2,751.2,174.2,175.7,179.2,180.2,2.37,89.9,1.995,3.0,1.022,1,oil_leak,0,0.55,0.5,1800.0
293.9,descend_land,32.34149054505006,1848.6651835372636,36.01223581757508,2973.4,750.0,757.5,760.3,752.3,174.4,176.1,179.7,181.3,2.42,90.1,1.952,2973.7,750.2,758.2,761.2,751.2,174.2,175.7,179.2,180.2,2.37,89.9,1.995,3.0,1.022,1,oil_leak,0,0.55,0.5,1800.0
294.0,descend_land,32.33036707452725,1845.939933259177,35.995550611790875,2979.1,746.8,755.4,762.7,751.5,174.4,175.9,178.8,180.3,2.41,90.8,1.965,2973.6,750.1,758.1,761.1,751.1,174.1,175.6,179.1,180.1,2.37,89.9,1.995,3.0,1.022,1,oil_leak,0,0.55,0.5,1800.0
294.1,descend_land,32.31924360400445,1843.2146829810902,35.978865406006676,2975.2,747.5,757.1,761.8,752.7,173.6,176.3,178.8,179.5,2.38,89.5,1.97,2973.4,750.1,758.1,761.1,751.1,174.1,175.6,179.1,180.1,2.37,89.9,1.994,3.0,1.022,1,oil_leak,0,0.55,0.5,1800.0
294.2,descend_land,32.308120133481644,1840.4894327030033,35.96218020022247,2974.4,750.0,756.6,761.2,749.6,174.2,175.1,179.4,180.8,2.38,89.6,2.014,2973.3,750.1,758.1,761.1,751.1,174.1,175.6,179.1,180.1,2.37,89.9,1.994,3.0,1.023,1,oil_leak,0,0.55,0.5,1800.0
294.3,descend_land,32.29699666295884,1837.7641824249167,35.94549499443826,2966.8,751.8,758.1,760.6,750.9,174.1,175.7,178.3,180.2,2.4,89.7,2.003,2973.1,750.0,758.0,761.0,751.0,174.1,175.6,179.1,180.1,2.37,89.9,1.994,3.1,1.023,1,oil_leak,0,0.55,0.5,1800.0
294.4,descend_land,32.28587319243604,1835.03893214683,35.928809788654064,2965.4,750.0,756.5,761.1,752.2,174.8,174.7,179.3,179.4,2.39,89.7,2.033,2973.0,750.0,758.0,761.0,751.0,174.0,175.5,179.0,180.0,2.37,89.9,1.994,3.1,1.023,1,oil_leak,0,0.55,0.5,1800.0
294.5,descend_land,32.27474972191324,1832.313681868743,35.91212458286986,2958.3,750.4,760.1,758.5,752.2,174.5,176.3,178.2,179.6,2.38,90.0,1.965,2972.8,750.0,758.0,761.0,751.0,174.0,175.5,179.0,180.0,2.37,89.9,1.994,3.1,1.024,1,oil_leak,0,0.55,0.5,1800.0
294.6,descend_land,32.263626251390434,1829.5884315906565,35.89543937708565,2969.4,748.4,755.0,759.6,751.0,173.6,175.3,179.1,180.7,2.34,89.5,1.966,2972.7,750.0,758.0,761.0,751.0,174.0,175.5,179.0,180.0,2.37,89.9,1.994,3.1,1.024,1,oil_leak,0,0.55,0.5,1800.0
294.7,descend_land,32.25250278086763,1826.8631813125694,35.878754171301445,2976.5,751.1,758.2,762.6,751.8,174.7,175.1,179.1,180.9,2.41,89.6,1.972,2972.5,749.9,757.9,760.9,750.9,174.0,175.5,179.0,180.0,2.37,89.9,1.994,3.1,1.024,1,oil_leak,0,0.55,0.5,1800.0
294.8,descend_land,32.241379310344826,1824.1379310344828,35.86206896551724,2967.8,751.4,756.6,761.6,751.8,173.6,175.4,178.7,179.5,2.36,90.1,1.999,2972.4,749.9,757.9,760.9,750.9,173.9,175.4,178.9,179.9,2.37,89.9,1.994,3.1,1.024,1,oil_leak,0,0.55,0.5,1800.0
294.9,descend_land,32.23025583982202,1821.4126807563962,35.84538375973304,2967.4,749.3,758.3,760.4,750.2,172.7,175.7,179.3,180.7,2.4,90.2,1.998,2972.2,749.9,757.9,760.9,750.9,173.9,175.4,178.9,179.9,2.37,89.9,1.994,3.2,1.025,1,oil_leak,0,0.55,0.5,1800.0
295.0,descend_land,32.219132369299224,1818.6874304783091,35.82869855394883,2964.2,747.4,756.4,764.5,752.5,174.8,176.1,178.2,178.9,2.34,89.6,2.001,2972.1,749.8,757.8,760.8,750.8,173.9,175.4,178.9,179.9,2.37,89.9,1.993,3.2,1.025,1,oil_leak,0,0.55,0.5,1800.0
295.1,descend_land,32.20800889877642,1815.9621802002225,35.812013348164626,2974.1,752.3,759.2,762.8,749.7,174.7,175.7,179.0,179.7,2.34,89.7,2.039,2971.9,749.8,757.8,760.8,750.8,173.9,175.4,178.9,179.9,2.37,89.9,1.993,3.2,1.025,1,oil_leak,0,0.55,0.5,1800.0
295.2,descend_land,32.196885428253616,1813.236929922136,35.79532814238042,2971.5,748.7,756.8,761.3,751.2,174.9,174.7,179.3,180.4,2.39,90.8,1.974,2971.8,749.8,757.8,760.8,750.8,173.9,175.4,178.9,179.9,2.37,89.9,1.993,3.2,1.026,1,oil_leak,0,0.55,0.5,1800.0
295.3,descend_land,32.18576195773081,1810.5116796440489,35.77864293659622,2974.9,750.4,757.0,759.3,753.5,173.6,175.0,179.5,179.8,2.36,89.7,1.977,2971.6,749.8,757.8,760.8,750.8,173.8,175.3,178.8,179.8,2.37,89.9,1.993,3.2,1.026,1,oil_leak,0,0.55,0.5,1800.0
295.4,descend_land,32.17463848720801,1807.7864293659622,35.761957730812014,2962.4,748.2,756.7,760.4,752.6,174.2,174.2,178.2,180.0,2.35,90.0,2.009,2971.5,749.7,757.7,760.7,750.7,173.8,175.3,178.8,179.8,2.37,89.9,1.993,3.2,1.026,1,oil_leak,0,0.55,0.5,1800.0
295.5,descend_land,32.1635150166852,1805.0611790878754,35.74527252502781,2972.6,750.7,755.3,763.6,751.4,173.2,176.1,178.6,180.0,2.35,90.0,2.015,2971.3,749.7,757.7,760.7,750.7,173.8,175.3,178.8,179.8,2.37,89.9,1.993,3.3,1.026,1,oil_leak,0,0.55,0.5,1800.0
295.6,descend_land,32.152391546162406,1802.3359288097886,35.7285873192436,2971.5,750.1,759.9,762.1,749.4,173.3,175.2,178.8,180.5,2.33,89.6,2.006,2971.2,749.7,757.7,760.7,750.7,173.8,175.3,178.8,179.8,2.37,89.9,1.993,3.3,1.027,1,oil_leak,0,0.55,0.5,1800.0
295.7,descend_land,32.1412680756396,1799.610678531702,35.7119021134594,2974.9,749.4,760.1,762.1,749.1,172.5,175.5,177.8,180.4,2.39,89.9,2.033,2971.0,749.6,757.6,760.6,750.6,173.7,175.2,178.7,179.7,2.37,89.9,1.993,3.3,1.027,1,oil_leak,0,0.55,0.5,1800.0
295.8,descend_land,32.1301446051168,1796.8854282536151,35.695216907675196,2972.2,751.1,759.2,762.2,752.0,173.7,174.9,178.7,180.1,2.42,90.3,1.934,2970.9,749.6,757.6,760.6,750.6,173.7,175.2,178.7,179.7,2.37,89.9,1.992,3.3,1.027,1,oil_leak,0,0.55,0.5,1800.0
295.9,descend_land,32.11902113459399,1794.1601779755283,35.67853170189099,2961.5,749.8,754.0,761.7,750.8,174.2,175.6,179.7,179.6,2.37,90.4,1.981,2970.7,749.6,757.6,760.6,750.6,173.7,175.2,178.7,179.7,2.37,89.9,1.992,3.3,1.027,1,oil_leak,0,0.55,0.5,1800.0
296.0,descend_land,32.10789766407119,1791.4349276974417,35.66184649610678,2975.9,750.7,758.6,759.6,748.0,173.6,175.6,178.4,179.9,2.35,89.8,1.965,2970.5,749.6,757.6,760.6,750.6,173.7,175.2,178.7,179.7,2.37,89.9,1.992,3.4,1.028,1,oil_leak,0,0.55,0.5,1800.0
296.1,descend_land,32.096774193548384,1788.7096774193549,35.645161290322584,2967.3,748.3,756.7,759.9,750.0,173.7,176.3,178.6,179.9,2.34,90.5,1.984,2970.4,749.5,757.5,760.5,750.5,173.7,175.2,178.7,179.7,2.37,90.0,1.992,3.4,1.028,1,oil_leak,0,0.55,0.5,1800.0
296.2,descend_land,32.08565072302559,1785.984427141268,35.62847608453838,2966.7,749.8,755.8,760.9,748.8,173.6,174.1,178.8,178.5,2.37,90.4,1.939,2970.2,749.5,757.5,760.5,750.5,173.6,175.1,178.6,179.6,2.37,90.0,1.992,3.4,1.028,1,oil_leak,0,0.55,0.5,1800.0
296.3,descend_land,32.07452725250278,1783.2591768631814,35.61179087875417,2971.9,749.6,756.7,761.6,750.5,172.7,174.3,179.2,178.9,2.39,90.1,1.984,2970.1,749.5,757.5,760.5,750.5,173.6,175.1,178.6,179.6,2.37,90.0,1.992,3.4,1.029,1,oil_leak,0,0.55,0.5,1800.0
296.4,descend_land,32.06340378197998,1780.5339265850946,35.595105672969964,2967.2,747.5,757.9,759.1,750.6,174.1,175.1,178.7,178.7,2.35,89.6,1.996,2969.9,749.4,757.4,760.4,750.4,173.6,175.1,178.6,179.6,2.37,90.0,1.992,3.4,1.029,1,oil_leak,0,0.55,0.5,1800.0
296.5,descend_land,32.052280311457174,1777.8086763070078,35.578420467185765,2968.1,750.8,757.4,760.3,750.1,174.2,175.3,178.8,179.1,2.39,91.3,1.948,2969.8,749.4,757.4,760.4,750.4,173.6,175.1,178.6,179.6,2.37,90.0,1.992,3.4,1.029,1,oil_leak,0,0.55,0.5,1800.0
296.6,descend_land,32.04115684093437,1775.0834260289212,35.56173526140156,2978.3,749.2,758.5,757.5,750.4,173.6,174.4,179.1,178.7,2.43,89.8,1.982,2969.6,749.4,757.4,760.4,750.4,173.6,175.1,178.6,179.6,2.37,90.0,1.991,3.5,1.029,1,oil_leak,0,0.55,0.5,1800.0
296.7,descend_land,32.030033370411566,1772.3581757508343,35.54505005561735,2959.4,749.3,756.9,759.6,752.4,173.4,176.3,178.7,179.1,2.34,90.1,1.982,2969.5,749.4,757.4,760.4,750.4,173.5,175.0,178.5,179.5,2.37,90.0,1.991,3.5,1.03,1,oil_leak,0,0.55,0.5,1800.0
296.8,descend_land,32.01890989988877,1769.6329254727475,35.528364849833146,2966.2,749.0,755.2,758.3,749.7,172.6,173.9,178.6,179.0,2.34,89.4,2.025,2969.3,749.3,757.3,760.3,750.3,173.5,175.0,178.5,179.5,2.37,90.0,1.991,3.5,1.03,1,oil_leak,0,0.55,0.5,1800.0
296.9,descend_land,32.007786429365964,1766.907675194661,35.51167964404894,2977.1,749.6,758.9,759.6,751.4,173.1,175.2,178.2,179.4,2.36,90.1,1.982,2969.2,749.3,757.3,760.3,750.3,173.5,175.0,178.5,179.5,2.37,90.0,1.991,3.5,1.03,1,oil_leak,0,0.55,0.5,1800.0
297.0,descend_land,31.99666295884316,1764.182424916574,35.49499443826474,2983.7,749.6,755.1,758.4,748.1,172.9,175.3,179.2,178.2,2.36,89.6,2.007,2969.0,749.3,757.3,760.3,750.3,173.5,175.0,178.5,179.5,2.37,90.0,1.991,3.5,1.031,1,oil_leak,0,0.55,0.5,1800.0
297.1,descend_land,31.985539488320356,1761.4571746384872,35.478309232480534,2971.6,749.8,756.8,759.5,751.1,173.7,175.2,179.0,180.0,2.35,89.9,1.995,2968.8,749.2,757.2,760.2,750.2,173.5,175.0,178.5,179.5,2.37,90.0,1.991,3.6,1.031,1,oil_leak,0,0.55,0.5,1800.0
297.2,descend_land,31.97441601779755,1758.7319243604006,35.46162402669633,2967.0,749.5,755.9,758.2,748.9,173.5,175.3,178.0,180.0,2.4,90.2,2.023,2968.7,749.2,757.2,760.2,750.2,173.4,174.9,178.4,179.4,2.37,90.0,1.991,3.6,1.031,1,oil_leak,0,0.55,0.5,1800.0
297.3,descend_land,31.96329254727475,1756.0066740823136,35.44493882091213,2963.1,749.8,756.2,757.5,753.9,173.7,173.7,178.7,179.9,2.37,88.9,1.983,2968.5,749.2,757.2,760.2,750.2,173.4,174.9,178.4,179.4,2.37,90.0,1.991,3.6,1.031,1,oil_leak,0,0.55,0.5,1800.0
297.4,descend_land,31.952169076751947,1753.281423804227,35.42825361512792,2964.6,748.3,759.3,760.1,750.7,174.0,174.3,178.8,179.2,2.35,89.6,2.034,2968.4,749.2,757.2,760.2,750.2,173.4,174.9,178.4,179.4,2.37,90.0,1.99,3.6,1.032,1,oil_leak,0,0.55,0.5,1800.0
297.5,descend_land,31.941045606229142,1750.5561735261404,35.411568409343715,2968.6,749.5,758.4,761.3,748.2,172.0,174.7,178.3,179.7,2.35,90.3,1.981,2968.2,749.1,757.1,760.1,750.1,173.4,174.9,178.4,179.4,2.36,90.0,1.99,3.6,1.032,1,oil_leak,0,0.55,0.5,1800.0
297.6,descend_land,31.92992213570634,1747.8309232480533,35.39488320355951,2963.0,749.3,754.8,760.5,748.8,174.1,174.2,178.6,180.6,2.35,90.5,1.954,2968.1,749.1,757.1,760.1,750.1,173.4,174.9,178.4,179.4,2.36,90.0,1.99,3.6,1.032,1,oil_leak,0,0.55,0.5,1800.0
297.7,descend_land,31.918798665183537,1745.1056729699667,35.3781979977753,2967.5,748.7,757.1,760.6,750.5,174.0,174.5,178.7,178.5,2.41,90.3,1.987,2967.9,749.1,757.1,760.1,750.1,173.3,174.8,178.3,179.3,2.36,90.0,1.99,3.7,1.033,1,oil_leak,0,0.55,0.5,1800.0
297.8,descend_land,31.907675194660733,1742.3804226918799,35.3615127919911,2967.9,749.5,757.2,759.1,748.8,173.4,174.0,178.5,178.8,2.36,89.2,2.016,2967.8,749.0,757.0,760.0,750.0,173.3,174.8,178.3,179.3,2.36,90.0,1.99,3.7,1.033,1,oil_leak,0,0.55,0.5,1800.0
297.9,descend_land,31.896551724137932,1739.655172413793,35.3448275862069,2966.9,749.0,757.5,757.6,748.3,172.7,174.6,178.2,180.6,2.3,89.7,1.976,2967.6,749.0,757.0,760.0,750.0,173.3,174.8,178.3,179.3,2.36,90.0,1.99,3.7,1.033,1,oil_leak,0,0.55,0.5,1800.0
298.0,descend_land,31.885428253615128,1736.9299221357064,35.32814238042269,2960.2,748.9,756.9,758.4,748.0,173.5,175.5,177.7,180.2,2.37,90.9,1.956,2967.4,749.0,757.0,760.0,750.0,173.3,174.8,178.3,179.3,2.36,90.0,1.99,3.7,1.033,1,oil_leak,0,0.55,0.5,1800.0
298.1,descend_land,31.874304783092324,1734.2046718576196,35.31145717463849,2959.6,747.0,755.2,758.9,750.0,174.1,174.6,178.7,178.8,2.37,90.2,2.035,2967.3,749.0,757.0,760.0,750.0,173.3,174.8,178.3,179.3,2.36,90.1,1.99,3.7,1.034,1,oil_leak,0,0.55,0.5,1800.0
298.2,descend_land,31.863181312569523,1731.4794215795328,35.294771968854285,2963.9,748.4,754.6,759.9,750.8,172.1,174.3,178.3,180.0,2.4,90.4,1.957,2967.1,748.9,756.9,759.9,749.9,173.2,174.7,178.2,179.2,2.36,90.1,1.989,3.7,1.034,1,oil_leak,0,0.55,0.5,1800.0
298.3,descend_land,31.85205784204672,1728.7541713014461,35.27808676307008,2975.6,747.9,759.4,761.9,752.8,173.6,174.3,177.7,179.7,2.39,90.5,2.039,2967.0,748.9,756.9,759.9,749.9,173.2,174.7,178.2,179.2,2.36,90.1,1.989,3.8,1.034,1,oil_leak,0,0.55,0.5,1800.0
298.4,descend_land,31.840934371523915,1726.0289210233593,35.26140155728587,2961.1,748.9,756.1,759.1,748.6,173.9,174.8,178.6,180.5,2.38,90.3,1.961,2966.8,748.9,756.9,759.9,749.9,173.2,174.7,178.2,179.2,2.36,90.1,1.989,3.8,1.035,1,oil_leak,0,0.55,0.5,1800.0
298.5,descend_land,31.82981090100111,1723.3036707452725,35.244716351501665,2968.2,746.5,757.9,761.3,749.7,173.9,174.4,177.4,178.7,2.37,90.2,1.96,2966.7,748.8,756.8,759.8,749.8,173.2,174.7,178.2,179.2,2.36,90.1,1.989,3.8,1.035,1,oil_leak,0,0.55,0.5,1800.0
298.6,descend_land,31.81868743047831,1720.5784204671859,35.228031145717466,2966.1,750.0,758.7,759.9,751.7,172.4,174.2,177.1,178.5,2.38,90.6,1.999,2966.5,748.8,756.8,759.8,749.8,173.2,174.7,178.2,179.2,2.36,90.1,1.989,3.8,1.035,1,oil_leak,0,0.55,0.5,1800.0
298.7,descend_land,31.807563959955505,1717.853170189099,35.21134593993326,2963.8,747.7,758.5,758.4,750.1,173.0,174.4,178.5,179.1,2.38,90.5,1.992,2966.3,748.8,756.8,759.8,749.8,173.2,174.7,178.2,179.2,2.36,90.1,1.989,3.8,1.035,1,oil_leak,0,0.55,0.5,1800.0
298.8,descend_land,31.796440489432705,1715.1279199110122,35.19466073414905,2958.3,748.5,756.5,761.1,750.1,173.3,174.9,179.3,178.0,2.36,89.9,2.014,2966.2,748.8,756.8,759.8,749.8,173.1,174.6,178.1,179.1,2.36,90.1,1.989,3.9,1.036,1,oil_leak,0,0.55,0.5,1800.0
298.9,descend_land,31.7853170189099,1712.4026696329256,35.17797552836485,2964.4,748.2,754.6,756.0,751.5,172.9,175.3,177.8,179.3,2.37,90.3,1.975,2966.0,748.7,756.7,759.7,749.7,173.1,174.6,178.1,179.1,2.36,90.1,1.989,3.9,1.036,1,oil_leak,0,0.55,0.5,1800.0
299.0,descend_land,31.774193548387096,1709.6774193548388,35.16129032258065,2965.8,749.8,758.8,756.7,749.5,172.7,174.7,177.3,178.7,2.38,90.7,1.978,2965.9,748.7,756.7,759.7,749.7,173.1,174.6,178.1,179.1,2.36,90.1,1.988,3.9,1.036,1,oil_leak,0,0.55,0.5,1800.0
299.1,descend_land,31.763070077864292,1706.952169076752,35.14460511679644,2966.8,747.1,755.3,759.7,749.7,172.7,173.9,178.8,178.8,2.37,90.3,1.997,2965.7,748.7,756.7,759.7,749.7,173.1,174.6,178.1,179.1,2.36,90.1,1.988,3.9,1.036,1,oil_leak,0,0.55,0.5,1800.0
299.2,descend_land,31.75194660734149,1704.2269187986653,35.127919911012235,2959.2,749.5,754.7,760.4,747.9,172.7,174.2,178.5,179.2,2.37,90.1,1.973,2965.6,748.6,756.6,759.6,749.6,173.1,174.6,178.1,179.1,2.36,90.1,1.988,3.9,1.037,1,oil_leak,0,0.55,0.5,1800.0
299.3,descend_land,31.740823136818687,1701.5016685205785,35.11123470522803,2963.7,747.9,757.7,759.3,750.3,171.7,175.6,177.7,179.0,2.41,90.3,1.935,2965.4,748.6,756.6,759.6,749.6,173.0,174.5,178.0,179.0,2.36,90.1,1.988,3.9,1.037,1,oil_leak,0,0.55,0.5,1800.0
299.4,descend_land,31.729699666295886,1698.7764182424917,35.09454949944383,2962.0,747.0,754.6,761.6,748.7,172.1,173.9,177.9,178.5,2.36,89.6,2.007,2965.2,748.6,756.6,759.6,749.6,173.0,174.5,178.0,179.0,2.36,90.1,1.988,4.0,1.037,1,oil_leak,0,0.55,0.5,1800.0
299.5,descend_land,31.718576195773082,1696.051167964405,35.07786429365962,2961.0,747.1,756.2,759.5,747.9,173.4,173.6,177.2,178.5,2.36,90.1,1.971,2965.1,748.6,756.6,759.6,749.6,173.0,174.5,178.0,179.0,2.36,90.1,1.988,4.0,1.038,1,oil_leak,0,0.55,0.5,1800.0
299.6,descend_land,31.707452725250278,1693.3259176863182,35.061179087875416,2965.7,747.6,759.4,759.0,751.2,173.2,175.0,177.6,179.2,2.34,90.4,1.968,2964.9,748.5,756.5,759.5,749.5,173.0,174.5,178.0,179.0,2.36,90.1,1.988,4.0,1.038,1,oil_leak,0,0.55,0.5,1800.0
299.7,descend_land,31.696329254727473,1690.6006674082314,35.04449388209121,2964.7,751.6,754.4,761.4,750.9,173.8,174.9,178.7,179.3,2.38,89.9,1.966,2964.8,748.5,756.5,759.5,749.5,173.0,174.5,178.0,179.0,2.36,90.1,1.987,4.0,1.038,1,oil_leak,0,0.55,0.5,1800.0
299.8,descend_land,31.685205784204673,1687.8754171301448,35.02780867630701,2958.1,749.8,758.4,756.1,750.8,171.8,175.0,176.7,178.1,2.32,90.3,1.996,2964.6,748.5,756.5,759.5,749.5,173.0,174.5,178.0,179.0,2.36,90.2,1.987,4.0,1.038,1,oil_leak,0,0.55,0.5,1800.0
299.9,descend_land,31.67408231368187,1685.1501668520577,35.011123470522804,2964.5,751.0,757.9,758.1,749.1,172.9,174.1,177.1,179.6,2.32,89.4,2.019,2964.4,748.4,756.4,759.4,749.4,172.9,174.4,177.9,178.9,2.36,90.2,1.987,4.0,1.039,1,oil_leak,0,0.55,0.5,1800.0
300.0,descend_land,31.662958843159064,1682.4249165739711,34.9944382647386,2968.8,749.9,757.3,758.6,750.0,173.5,174.9,178.2,179.1,2.35,90.1,1.965,2964.3,748.4,756.4,759.4,749.4,172.9,174.4,177.9,178.9,2.36,90.2,1.987,4.1,1.039,1,oil_leak,0,0.55,0.5,1800.0
300.1,descend_land,31.651835372636263,1679.6996662958845,34.97775305895439,2962.1,746.9,758.0,759.8,750.7,173.2,173.9,177.3,179.9,2.37,90.7,2.01,2964.1,748.4,756.4,759.4,749.4,172.9,174.4,177.9,178.9,2.36,90.2,1.987,4.1,1.039,1,oil_leak,0,0.55,0.5,1800.0
300.2,descend_land,31.64071190211346,1676.9744160177975,34.96106785317019,2970.5,750.0,756.8,757.9,745.3,173.3,173.6,178.3,178.2,2.38,90.2,1.997,2964.0,748.4,756.4,759.4,749.4,172.9,174.4,177.9,178.9,2.36,90.2,1.987,4.1,1.04,1,oil_leak,0,0.55,0.5,1800.0
300.3,descend_land,31.629588431590655,1674.2491657397109,34.944382647385986,2968.6,750.7,754.9,758.9,752.3,173.9,174.4,177.8,178.4,2.34,90.2,1.939,2963.8,748.3,756.3,759.3,749.3,172.9,174.4,177.9,178.9,2.36,90.2,1.987,4.1,1.04,1,oil_leak,0,0.55,0.5,1800.0
300.4,descend_land,31.618464961067854,1671.523915461624,34.92769744160178,2958.1,749.3,755.5,761.0,749.6,173.5,174.7,178.4,179.2,2.35,90.6,1.981,2963.6,748.3,756.3,759.3,749.3,172.9,174.4,177.9,178.9,2.36,90.2,1.987,4.1,1.04,1,oil_leak,0,0.55,0.5,1800.0
300.5,descend_land,31.60734149054505,1668.7986651835372,34.91101223581757,2962.4,747.4,758.1,756.0,750.8,174.0,173.5,177.6,179.1,2.35,90.4,2.016,2963.5,748.3,756.3,759.3,749.3,172.8,174.3,177.8,178.8,2.36,90.2,1.986,4.2,1.04,1,oil_leak,0,0.55,0.5,1800.0
300.6,descend_land,31.596218020022246,1666.0734149054506,34.89432703003337,2965.7,746.9,756.2,759.1,746.0,173.5,173.3,176.7,178.3,2.35,90.0,1.987,2963.3,748.2,756.2,759.2,749.2,172.8,174.3,177.8,178.8,2.36,90.2,1.986,4.2,1.041,1,oil_leak,0,0.55,0.5,1800.0
300.7,descend_land,31.585094549499445,1663.3481646273638,34.87764182424917,2961.5,746.8,752.5,758.4,750.0,173.2,174.1,178.5,179.3,2.36,90.7,2.0,2963.2,748.2,756.2,759.2,749.2,172.8,174.3,177.8,178.8,2.36,90.2,1.986,4.2,1.041,1,oil_leak,0,0.55,0.5,1800.0
300.8,descend_land,31.57397107897664,1660.622914349277,34.86095661846496,2954.5,749.8,757.9,759.3,748.6,171.5,174.0,178.2,178.3,2.36,89.9,1.924,2963.0,748.2,756.2,759.2,749.2,172.8,174.3,177.8,178.8,2.36,90.2,1.986,4.2,1.041,1,oil_leak,0,0.55,0.5,1800.0
300.9,descend_land,31.562847608453836,1657.8976640711903,34.844271412680754,2959.0,749.4,756.6,759.1,752.5,173.6,173.3,177.9,178.6,2.37,90.0,1.927,2962.8,748.2,756.2,759.2,749.2,172.8,174.3,177.8,178.8,2.36,90.2,1.986,4.2,1.042,1,oil_leak,0,0.55,0.5,1800.0
301.0,descend_land,31.551724137931036,1655.1724137931035,34.827586206896555,2962.2,748.6,757.0,759.3,749.7,173.7,175.1,177.8,178.2,2.36,90.9,1.984,2962.7,748.1,756.1,759.1,749.1,172.8,174.3,177.8,178.8,2.36,90.2,1.986,4.2,1.042,1,oil_leak,0,0.55,0.5,1800.0
301.1,descend_land,31.54060066740823,1652.4471635150167,34.81090100111235,2957.7,746.7,755.1,759.6,747.6,172.8,173.8,178.0,179.1,2.35,89.4,2.008,2962.5,748.1,756.1,759.1,749.1,172.8,174.3,177.8,178.8,2.36,90.2,1.986,4.3,1.042,1,oil_leak,0,0.55,0.5,1800.0
301.2,descend_land,31.529477196885427,1649.72191323693,34.79421579532814,2962.4,746.8,754.1,757.4,749.6,172.7,173.9,178.7,178.7,2.35,90.0,2.031,2962.4,748.1,756.1,759.1,749.1,172.7,174.2,177.7,178.7,2.36,90.2,1.986,4.3,1.042,1,oil_leak,0,0.55,0.5,1800.0
301.3,descend_land,31.518353726362626,1646.9966629588432,34.777530589543936,2956.7,748.0,754.3,760.7,751.9,173.3,174.0,177.3,179.2,2.35,89.6,1.97,2962.2,748.0,756.0,759.0,749.0,172.7,174.2,177.7,178.7,2.36,90.2,1.985,4.3,1.043,1,oil_leak,0,0.55,0.5,1800.0
301.4,descend_land,31.507230255839822,1644.2714126807564,34.76084538375973,2965.7,746.3,759.7,758.2,749.5,173.5,173.1,178.7,178.2,2.4,89.6,1.971,2962.0,748.0,756.0,759.0,749.0,172.7,174.2,177.7,178.7,2.36,90.3,1.985,4.3,1.043,1,oil_leak,0,0.55,0.5,1800.0
301.5,descend_land,31.496106785317018,1641.5461624026698,34.74416017797553,2968.5,750.5,756.6,760.6,747.8,172.8,173.2,178.1,178.3,2.36,90.4,1.998,2961.9,748.0,756.0,759.0,749.0,172.7,174.2,177.7,178.7,2.36,90.3,1.985,4.3,1.043,1,oil_leak,0,0.55,0.5,1800.0
301.6,descend_land,31.484983314794217,1638.820912124583,34.727474972191324,2964.3,748.3,755.4,760.4,747.3,171.9,173.6,178.0,179.2,2.35,89.8,2.037,2961.7,748.0,756.0,759.0,749.0,172.7,174.2,177.7,178.7,2.36,90.3,1.985,4.3,1.044,1,oil_leak,0,0.55,0.5,1800.0
301.7,descend_land,31.473859844271413,1636.0956618464961,34.71078976640712,2968.0,747.6,755.9,757.9,751.6,172.7,174.3,178.7,177.9,2.38,90.2,1.984,2961.6,747.9,755.9,758.9,748.9,172.7,174.2,177.7,178.7,2.36,90.3,1.985,4.4,1.044,1,oil_leak,0,0.55,0.5,1800.0
301.8,descend_land,31.46273637374861,1633.3704115684095,34.69410456062292,2967.4,749.2,757.3,758.8,746.8,174.2,173.5,177.0,179.2,2.31,91.2,1.988,2961.4,747.9,755.9,758.9,748.9,172.6,174.1,177.6,178.6,2.36,90.3,1.985,4.4,1.044,1,oil_leak,0,0.55,0.5,1800.0
301.9,descend_land,31.451612903225808,1630.6451612903227,34.67741935483871,2962.8,745.7,754.1,757.6,747.8,171.5,173.6,177.8,179.5,2.33,90.2,1.941,2961.2,747.9,755.9,758.9,748.9,172.6,174.1,177.6,178.6,2.36,90.3,1.985,4.4,1.044,1,oil_leak,0,0.55,0.5,1800.0
302.0,descend_land,31.440489432703004,1627.9199110122358,34.660734149054505,2964.6,746.6,758.1,760.8,750.9,172.9,174.7,177.3,179.0,2.42,91.1,1.985,2961.1,747.8,755.8,758.8,748.8,172.6,174.1,177.6,178.6,2.36,90.3,1.984,4.4,1.045,1,oil_leak,0,0.55,0.5,1800.0
302.1,descend_land,31.4293659621802,1625.1946607341492,34.6440489432703,2950.9,749.0,754.7,757.8,748.8,171.9,173.6,177.8,178.2,2.35,90.1,2.036,2960.9,747.8,755.8,758.8,748.8,172.6,174.1,177.6,178.6,2.36,90.3,1.984,4.4,1.045,1,oil_leak,0,0.55,0.5,1800.0
302.2,descend_land,31.418242491657395,1622.4694104560622,34.62736373748609,2961.7,746.8,758.1,759.8,749.1,171.5,174.6,177.3,178.6,2.34,89.0,1.948,2960.7,747.8,755.8,758.8,748.8,172.6,174.1,177.6,178.6,2.36,90.3,1.984,4.5,1.045,1,oil_leak,0,0.55,0.5,1800.0
302.3,descend_land,31.407119021134594,1619.7441601779756,34.61067853170189,2960.6,748.9,755.3,761.1,749.9,173.5,174.0,178.1,178.9,2.37,90.6,1.987,2960.6,747.7,755.7,758.7,748.7,172.6,174.1,177.6,178.6,2.36,90.3,1.984,4.5,1.046,1,oil_leak,0,0.55,0.5,1800.0
302.4,descend_land,31.39599555061179,1617.018909899889,34.59399332591769,2952.4,746.7,756.6,758.3,750.7,173.4,174.3,178.4,177.7,2.45,89.8,2.021,2960.4,747.7,755.7,758.7,748.7,172.6,174.1,177.6,178.6,2.36,90.3,1.984,4.5,1.046,1,oil_leak,0,0.55,0.5,1800.0
302.5,descend_land,31.38487208008899,1614.293659621802,34.57730812013348,2953.7,749.1,754.9,756.9,748.3,172.6,174.3,178.0,178.2,2.39,89.4,2.014,2960.3,747.7,755.7,758.7,748.7,172.5,174.0,177.5,178.5,2.36,90.3,1.984,4.5,1.046,1,oil_leak,0,0.55,0.5,1800.0
302.6,descend_land,31.373748609566185,1611.5684093437153,34.560622914349274,2964.2,750.1,757.0,759.4,748.5,172.2,175.0,177.9,178.4,2.38,90.6,2.023,2960.1,747.7,755.7,758.7,748.7,172.5,174.0,177.5,178.5,2.36,90.3,1.984,4.5,1.046,1,oil_leak,0,0.55,0.5,1800.0
302.7,descend_land,31.36262513904338,1608.8431590656287,34.543937708565075,2963.5,747.9,752.4,757.3,748.1,172.9,173.6,177.8,178.6,2.36,91.0,1.984,2959.9,747.6,755.6,758.6,748.6,172.5,174.0,177.5,178.5,2.36,90.3,1.984,4.5,1.047,1,oil_leak,0,0.55,0.5,1800.0
302.8,descend_land,31.351501668520577,1606.1179087875416,34.52725250278087,2959.6,748.0,755.4,757.5,748.8,172.5,174.0,176.0,178.6,2.39,90.9,2.02,2959.8,747.6,755.6,758.6,748.6,172.5,174.0,177.5,178.5,2.35,90.4,1.983,4.6,1.047,1,oil_leak,0,0.55,0.5,1800.0
302.9,descend_land,31.340378197997776,1603.392658509455,34.51056729699666,2956.2,747.1,756.6,759.1,749.7,172.7,174.3,177.8,178.4,2.28,90.7,1.967,2959.6,747.6,755.6,758.6,748.6,172.5,174.0,177.5,178.5,2.35,90.4,1.983,4.6,1.047,1,oil_leak,0,0.55,0.5,1800.0
303.0,descend_land,31.32925472747497,1600.6674082313682,34.493882091212456,2961.3,746.6,752.2,760.6,745.6,173.4,172.9,178.4,179.1,2.35,90.3,1.993,2959.4,747.5,755.5,758.5,748.5,172.5,174.0,177.5,178.5,2.35,90.4,1.983,4.6,1.048,1,oil_leak,0,0.55,0.5,1800.0
303.1,descend_land,31.31813125695217,1597.9421579532814,34.477196885428256,2959.6,748.3,753.6,757.6,750.8,172.7,173.5,178.1,178.8,2.34,90.0,1.974,2959.3,747.5,755.5,758.5,748.5,172.5,174.0,177.5,178.5,2.35,90.4,1.983,4.6,1.048,1,oil_leak,0,0.55,0.5,1800.0
303.2,descend_land,31.307007786429367,1595.2169076751948,34.46051167964405,2957.0,747.4,755.7,758.4,749.0,171.9,172.7,178.0,179.0,2.33,89.8,1.992,2959.1,747.5,755.5,758.5,748.5,172.4,173.9,177.4,178.4,2.35,90.4,1.983,4.6,1.048,1,oil_leak,0,0.55,0.5,1800.0
303.3,descend_land,31.295884315906562,1592.491657397108,34.44382647385984,2956.7,748.5,757.5,760.4,752.3,172.0,174.9,177.8,178.6,2.33,90.0,2.002,2958.9,747.5,755.5,758.5,748.5,172.4,173.9,177.4,178.4,2.35,90.4,1.983,4.6,1.048,1,oil_leak,0,0.55,0.5,1800.0
303.4,descend_land,31.284760845383758,1589.766407119021,34.42714126807564,2959.7,746.6,753.9,756.1,747.6,172.3,173.9,177.0,178.2,2.32,91.0,1.955,2958.8,747.4,755.4,758.4,748.4,172.4,173.9,177.4,178.4,2.35,90.4,1.983,4.7,1.049,1,oil_leak,0,0.55,0.5,1800.0
303.5,descend_land,31.273637374860957,1587.0411568409345,34.41045606229144,2953.7,747.0,753.3,756.9,749.7,171.7,174.4,177.5,178.4,2.34,91.2,1.991,2958.6,747.4,755.4,758.4,748.4,172.4,173.9,177.4,178.4,2.35,90.4,1.982,4.7,1.049,1,oil_leak,0,0.55,0.5,1800.0
303.6,descend_land,31.262513904338153,1584.3159065628477,34.39377085650723,2964.0,746.3,756.2,759.1,748.9,173.0,174.7,176.5,178.6,2.34,89.8,2.009,2958.5,747.4,755.4,758.4,748.4,172.4,173.9,177.4,178.4,2.35,90.4,1.982,4.7,1.049,1,oil_leak,0,0.55,0.5,1800.0
303.7,descend_land,31.25139043381535,1581.5906562847608,34.377085650723025,2956.5,747.2,755.2,758.6,746.0,172.7,173.9,176.5,179.0,2.35,91.6,1.962,2958.3,747.3,755.3,758.3,748.3,172.4,173.9,177.4,178.4,2.35,90.4,1.982,4.7,1.05,1,oil_leak,0,0.55,0.5,1800.0
303.8,descend_land,31.240266963292548,1578.8654060066742,34.36040044493882,2950.6,747.1,757.6,758.0,750.5,172.1,174.1,178.8,178.9,2.4,90.7,1.937,2958.1,747.3,755.3,758.3,748.3,172.4,173.9,177.4,178.4,2.35,90.4,1.982,4.7,1.05,1,oil_leak,0,0.55,0.5,1800.0
303.9,descend_land,31.229143492769744,1576.1401557285874,34.34371523915462,2962.7,747.2,753.4,760.0,748.0,170.8,173.5,178.1,177.7,2.36,90.2,1.94,2958.0,747.3,755.3,758.3,748.3,172.3,173.8,177.3,178.3,2.35,90.4,1.982,4.8,1.05,1,oil_leak,0,0.55,0.5,1800.0
304.0,descend_land,31.21802002224694,1573.4149054505006,34.32703003337041,2953.4,748.2,758.7,759.7,749.3,172.3,174.1,175.8,178.7,2.39,89.9,2.009,2957.8,747.3,755.3,758.3,748.3,172.3,173.8,177.3,178.3,2.35,90.4,1.982,4.8,1.05,1,oil_leak,0,0.55,0.5,1800.0
304.1,descend_land,31.20689655172414,1570.689655172414,34.310344827586206,2953.8,747.1,753.6,758.9,750.9,172.5,173.3,177.1,179.1,2.37,90.2,1.977,2957.6,747.2,755.2,758.2,748.2,172.3,173.8,177.3,178.3,2.35,90.4,1.982,4.8,1.051,1,oil_leak,0,0.55,0.5,1800.0
304.2,descend_land,31.195773081201335,1567.9644048943271,34.293659621802,2956.5,744.5,752.9,758.0,748.7,172.5,174.1,177.5,179.8,2.35,91.0,1.998,2957.5,747.2,755.2,758.2,748.2,172.3,173.8,177.3,178.3,2.35,90.5,1.981,4.8,1.051,1,oil_leak,0,0.55,0.5,1800.0
304.3,descend_land,31.18464961067853,1565.2391546162403,34.2769744160178,2948.4,746.9,756.8,759.6,745.2,172.0,174.3,177.0,178.6,2.38,90.5,2.036,2957.3,747.2,755.2,758.2,748.2,172.3,173.8,177.3,178.3,2.35,90.5,1.981,4.8,1.051,1,oil_leak,0,0.55,0.5,1800.0
304.4,descend_land,31.17352614015573,1562.5139043381537,34.260289210233594,2959.5,746.9,754.7,758.2,747.5,171.5,174.2,177.0,178.2,2.35,90.2,1.977,2957.1,747.1,755.1,758.1,748.1,172.3,173.8,177.3,178.3,2.35,90.5,1.981,4.8,1.052,1,oil_leak,0,0.55,0.5,1800.0
304.5,descend_land,31.162402669632925,1559.7886540600668,34.24360400444939,2956.0,748.4,753.4,758.8,747.3,172.5,174.0,176.8,178.4,2.38,90.5,2.027,2957.0,747.1,755.1,758.1,748.1,172.3,173.8,177.3,178.3,2.35,90.5,1.981,4.9,1.052,1,oil_leak,0,0.55,0.5,1800.0
304.6,descend_land,31.15127919911012,1557.06340378198,34.22691879866518,2958.0,747.4,757.9,758.6,747.5,172.6,172.7,176.9,178.0,2.37,90.7,1.971,2956.8,747.1,755.1,758.1,748.1,172.2,173.7,177.2,178.2,2.35,90.5,1.981,4.9,1.052,1,oil_leak,0,0.55,0.5,1800.0
304.7,descend_land,31.14015572858732,1554.3381535038934,34.21023359288098,2964.5,747.5,753.0,759.0,749.1,172.5,173.7,178.0,178.5,2.37,90.4,2.016,2956.6,747.1,755.1,758.1,748.1,172.2,173.7,177.2,178.2,2.35,90.5,1.981,4.9,1.052,1,oil_leak,0,0.55,0.5,1800.0
304.8,descend_land,31.129032258064516,1551.6129032258063,34.193548387096776,2964.1,748.1,757.5,759.3,747.6,171.9,173.9,177.7,178.6,2.37,89.6,1.985,2956.5,747.0,755.0,758.0,748.0,172.2,173.7,177.2,178.2,2.35,90.5,1.981,4.9,1.053,1,oil_leak,0,0.55,0.5,1800.0
304.9,descend_land,31.11790878754171,1548.8876529477197,34.17686318131257,2956.9,748.5,755.6,759.0,748.8,173.3,173.8,177.2,178.6,2.36,90.2,1.946,2956.3,747.0,755.0,758.0,748.0,172.2,173.7,177.2,178.2,2.35,90.5,1.981,4.9,1.053,1,oil_leak,0,0.55,0.5,1800.0
305.0,descend_land,31.10678531701891,1546.1624026696331,34.16017797552836,2953.4,747.9,756.1,757.6,745.9,171.9,174.2,177.1,177.9,2.38,90.8,1.997,2956.1,747.0,755.0,758.0,748.0,172.2,173.7,177.2,178.2,2.35,90.5,1.98,4.9,1.053,1,oil_leak,0,0.55,0.5,1800.0
305.1,descend_land,31.095661846496107,1543.437152391546,34.14349276974416,2954.4,748.6,755.2,757.2,748.0,172.5,173.8,177.4,178.6,2.35,91.0,1.991,2956.0,746.9,754.9,757.9,747.9,172.2,173.7,177.2,178.2,2.35,90.5,1.98,5.0,1.054,1,oil_leak,0,0.55,0.5,1800.0
305.2,descend_land,31.084538375973302,1540.7119021134595,34.12680756395996,2959.6,747.0,756.8,758.2,749.4,172.3,173.7,177.1,177.8,2.32,90.5,1.948,2955.8,746.9,754.9,757.9,747.9,172.2,173.7,177.2,178.2,2.35,90.5,1.98,5.0,1.054,1,oil_leak,0,0.55,0.5,1800.0
305.3,descend_land,31.073414905450502,1537.9866518353726,34.11012235817575,2962.2,746.2,755.9,759.9,748.3,172.7,174.1,177.3,179.1,2.37,91.5,2.003,2955.6,746.9,754.9,757.9,747.9,172.2,173.7,177.2,178.2,2.35,90.5,1.98,5.0,1.054,1,oil_leak,0,0.55,0.5,1800.0
305.4,descend_land,31.062291434927698,1535.2614015572858,34.093437152391544,2960.4,748.3,752.7,755.2,747.8,171.6,174.0,176.0,178.7,2.37,91.0,1.967,2955.5,746.9,754.9,757.9,747.9,172.1,173.6,177.1,178.1,2.35,90.6,1.98,5.0,1.054,1,oil_leak,0,0.55,0.5,1800.0
305.5,descend_land,31.051167964404893,1532.5361512791992,34.076751946607345,2960.2,748.1,753.8,759.0,746.0,172.0,174.0,177.5,177.7,2.36,90.4,1.95,2955.3,746.8,754.8,757.8,747.8,172.1,173.6,177.1,178.1,2.35,90.6,1.98,5.0,1.055,1,oil_leak,0,0.55,0.5,1800.0
305.6,descend_land,31.040044493882093,1529.8109010011124,34.06006674082314,2955.4,747.8,755.9,756.4,747.5,171.7,173.2,177.7,178.2,2.36,90.8,1.987,2955.1,746.8,754.8,757.8,747.8,172.1,173.6,177.1,178.1,2.35,90.6,1.98,5.1,1.055,1,oil_leak,0,0.55,0.5,1800.0
305.7,descend_land,31.02892102335929,1527.0856507230255,34.04338153503893,2954.4,746.7,754.3,759.0,747.6,172.6,172.5,176.5,177.2,2.36,90.5,1.957,2955.0,746.8,754.8,757.8,747.8,172.1,173.6,177.1,178.1,2.35,90.6,1.979,5.1,1.055,1,oil_leak,0,0.55,0.5,1800.0
305.8,descend_land,31.017797552836484,1524.360400444939,34.026696329254726,2956.1,745.1,754.3,757.1,745.8,173.1,172.9,178.5,177.5,2.33,91.3,1.937,2954.8,746.7,754.7,757.7,747.7,172.1,173.6,177.1,178.1,2.35,90.6,1.979,5.1,1.056,1,oil_leak,0,0.55,0.5,1800.0
305.9,descend_land,31.006674082313683,1521.635150166852,34.01001112347052,2954.5,748.3,756.7,758.9,748.3,171.8,174.8,177.3,177.4,2.35,90.1,2.011,2954.6,746.7,754.7,757.7,747.7,172.1,173.6,177.1,178.1,2.35,90.6,1.979,5.1,1.056,1,oil_leak,0,0.55,0.5,1800.0
306.0,descend_land,30.99555061179088,1518.9098998887653,33.99332591768632,2952.4,748.2,755.7,759.7,747.7,171.3,173.3,176.3,178.3,2.33,90.5,1.979,2954.5,746.7,754.7,757.7,747.7,172.1,173.6,177.1,178.1,2.35,90.6,1.979,5.1,1.056,1,oil_leak,0,0.55,0.5,1800.0
306.1,descend_land,30.984427141268075,1516.1846496106787,33.976640711902114,2944.4,744.3,753.4,760.1,747.2,172.1,173.8,176.4,178.4,2.41,90.5,2.03,2954.3,746.7,754.7,757.7,747.7,172.1,173.6,177.1,178.1,2.35,90.6,1.979,5.1,1.056,1,oil_leak,0,0.55,0.5,1800.0
306.2,descend_land,30.973303670745274,1513.4593993325918,33.95995550611791,2957.8,746.0,754.2,756.5,746.2,172.7,173.7,176.8,178.7,2.36,90.3,2.004,2954.1,746.6,754.6,757.6,747.6,172.0,173.5,177.0,178.0,2.35,90.6,1.979,5.2,1.057,1,oil_leak,0,0.55,0.5,1800.0
306.3,descend_land,30.96218020022247,1510.734149054505,33.94327030033371,2955.0,747.6,754.9,758.0,750.0,172.3,175.0,176.8,178.3,2.34,91.0,1.986,2954.0,746.6,754.6,757.6,747.6,172.0,173.5,177.0,178.0,2.35,90.6,1.979,5.2,1.057,1,oil_leak,0,0.55,0.5,1800.0
306.4,descend_land,30.951056729699665,1508.0088987764184,33.9265850945495,2949.8,745.6,753.2,756.9,746.1,171.3,172.7,177.3,178.1,2.35,90.5,1.984,2953.8,746.6,754.6,757.6,747.6,172.0,173.5,177.0,178.0,2.35,90.6,1.978,5.2,1.057,1,oil_leak,0,0.55,0.5,1800.0
306.5,descend_land,30.93993325917686,1505.2836484983316,33.909899888765295,2948.5,745.9,753.6,758.7,744.2,172.0,173.7,177.6,177.6,2.33,90.4,1.977,2953.6,746.5,754.5,757.5,747.5,172.0,173.5,177.0,178.0,2.35,90.6,1.978,5.2,1.058,1,oil_leak,0,0.55,0.5,1800.0
306.6,descend_land,30.92880978865406,1502.5583982202447,33.89321468298109,2948.7,745.4,753.8,756.9,749.4,171.9,172.4,176.7,177.8,2.32,91.2,2.023,2953.4,746.5,754.5,757.5,747.5,172.0,173.5,177.0,178.0,2.35,90.6,1.978,5.2,1.058,1,oil_leak,0,0.55,0.5,1800.0
306.7,descend_land,30.917686318131256,1499.8331479421581,33.87652947719688,2955.3,743.6,755.1,757.2,748.3,170.6,174.8,176.6,177.8,2.31,90.3,1.944,2953.3,746.5,754.5,757.5,747.5,172.0,173.5,177.0,178.0,2.35,90.7,1.978,5.3,1.058,1,oil_leak,0,0.55,0.5,1800.0
306.8,descend_land,30.906562847608456,1497.1078976640713,33.85984427141268,2946.3,744.8,755.1,754.1,747.6,173.2,173.3,175.9,177.7,2.34,90.0,1.975,2953.1,746.4,754.4,757.4,747.4,172.0,173.5,177.0,178.0,2.35,90.7,1.978,5.3,1.058,1,oil_leak,0,0.55,0.5,1800.0
306.9,descend_land,30.89543937708565,1494.3826473859845,33.84315906562848,2945.1,746.2,753.8,758.1,745.8,172.4,172.8,177.6,177.3,2.34,90.2,1.97,2952.9,746.4,754.4,757.4,747.4,172.0,173.5,177.0,178.0,2.35,90.7,1.978,5.3,1.059,1,oil_leak,0,0.55,0.5,1800.0
307.0,descend_land,30.884315906562847,1491.6573971078979,33.82647385984427,2962.4,746.8,753.7,756.6,747.5,172.4,174.3,177.3,178.3,2.27,90.6,1.987,2952.8,746.4,754.4,757.4,747.4,171.9,173.4,176.9,177.9,2.35,90.7,1.978,5.3,1.059,1,oil_leak,0,0.55,0.5,1800.0
307.1,descend_land,30.873192436040043,1488.932146829811,33.809788654060064,2954.7,746.7,755.0,758.7,747.0,172.0,172.8,177.2,178.3,2.35,90.6,1.988,2952.6,746.4,754.4,757.4,747.4,171.9,173.4,176.9,177.9,2.35,90.7,1.977,5.3,1.059,1,oil_leak,0,0.55,0.5,1800.0
307.2,descend_land,30.862068965517242,1486.2068965517242,33.793103448275865,2942.7,747.2,752.7,758.8,747.6,171.3,173.2,177.1,177.4,2.3,90.6,1.913,2952.4,746.3,754.3,757.3,747.3,171.9,173.4,176.9,177.9,2.35,90.7,1.977,5.3,1.06,1,oil_leak,0,0.55,0.5,1800.0
307.3,descend_land,30.850945494994438,1483.4816462736376,33.77641824249166,2956.8,746.9,753.9,760.3,747.7,171.9,173.6,177.6,178.1,2.33,91.3,2.032,2952.3,746.3,754.3,757.3,747.3,171.9,173.4,176.9,177.9,2.34,90.7,1.977,5.4,1.06,1,oil_leak,0,0.55,0.5,1800.0
307.4,descend_land,30.839822024471637,1480.7563959955505,33.75973303670745,2954.0,745.3,755.3,755.8,749.2,171.6,173.2,176.8,177.8,2.33,91.0,1.955,2952.1,746.3,754.3,757.3,747.3,171.9,173.4,176.9,177.9,2.34,90.7,1.977,5.4,1.06,1,oil_leak,0,0.55,0.5,1800.0
307.5,descend_land,30.828698553948833,1478.031145717464,33.743047830923246,2953.4,745.0,753.8,753.7,747.8,171.9,173.8,176.6,177.4,2.36,90.5,1.993,2951.9,746.2,754.2,757.2,747.2,171.9,173.4,176.9,177.9,2.34,90.7,1.977,5.4,1.06,1,oil_leak,0,0.55,0.5,1800.0
307.6,descend_land,30.81757508342603,1475.305895439377,33.726362625139046,2956.6,747.5,753.8,756.6,745.4,171.1,173.4,176.9,178.9,2.35,91.0,1.948,2951.7,746.2,754.2,757.2,747.2,171.9,173.4,176.9,177.9,2.34,90.7,1.977,5.4,1.061,1,oil_leak,0,0.55,0.5,1800.0
307.7,descend_land,30.806451612903224,1472.5806451612905,33.70967741935484,2949.8,744.5,751.7,755.2,747.4,172.1,173.6,176.4,178.6,2.33,91.2,1.993,2951.6,746.2,754.2,757.2,747.2,171.9,173.4,176.9,177.9,2.34,90.7,1.977,5.4,1.061,1,oil_leak,0,0.55,0.5,1800.0
307.8,descend_land,30.795328142380423,1469.8553948832036,33.69299221357063,2957.5,746.1,755.0,754.1,746.4,171.1,173.3,177.5,177.7,2.38,90.9,1.976,2951.4,746.2,754.2,757.2,747.2,171.9,173.4,176.9,177.9,2.34,90.8,1.976,5.4,1.061,1,oil_leak,0,0.55,0.5,1800.0
307.9,descend_land,30.78420467185762,1467.1301446051168,33.67630700778643,2948.8,746.3,755.5,758.5,747.4,172.0,172.3,175.8,178.0,2.35,90.4,1.969,2951.2,746.1,754.1,757.1,747.1,171.8,173.3,176.8,177.8,2.34,90.8,1.976,5.5,1.062,1,oil_leak,0,0.55,0.5,1800.0
308.0,descend_land,30.77308120133482,1464.4048943270302,33.65962180200223,2961.3,746.9,753.4,756.9,746.6,171.3,173.0,177.1,177.2,2.33,90.2,2.012,2951.1,746.1,754.1,757.1,747.1,171.8,173.3,176.8,177.8,2.34,90.8,1.976,5.5,1.062,1,oil_leak,0,0.55,0.5,1800.0
308.1,descend_land,30.761957730812014,1461.6796440489434,33.64293659621802,2948.8,745.0,754.2,757.0,748.8,172.2,173.0,177.0,178.2,2.36,91.7,2.003,2950.9,746.1,754.1,757.1,747.1,171.8,173.3,176.8,177.8,2.34,90.8,1.976,5.5,1.062,1,oil_leak,0,0.55,0.5,1800.0
308.2,descend_land,30.75083426028921,1458.9543937708565,33.626251390433815,2952.8,748.8,754.0,755.7,746.6,172.1,173.0,177.3,178.4,2.37,91.1,1.973,2950.7,746.0,754.0,757.0,747.0,171.8,173.3,176.8,177.8,2.34,90.8,1.976,5.5,1.062,1,oil_leak,0,0.55,0.5,1800.0
308.3,descend_land,30.739710789766406,1456.2291434927697,33.60956618464961,2953.7,746.1,753.2,755.0,748.1,171.3,173.2,177.0,177.0,2.32,91.0,1.981,2950.6,746.0,754.0,757.0,747.0,171.8,173.3,176.8,177.8,2.34,90.8,1.976,5.5,1.063,1,oil_leak,0,0.55,0.5,1800.0
308.4,descend_land,30.728587319243605,1453.503893214683,33.59288097886541,2958.9,745.8,754.3,757.6,746.5,172.2,173.5,177.7,178.4,2.32,90.0,1.922,2950.4,746.0,754.0,757.0,747.0,171.8,173.3,176.8,177.8,2.34,90.8,1.976,5.6,1.063,1,oil_leak,0,0.55,0.5,1800.0
308.5,descend_land,30.7174638487208,1450.7786429365963,33.5761957730812,2958.6,744.9,756.1,756.5,749.0,170.6,173.3,176.8,178.5,2.37,90.6,1.965,2950.2,746.0,754.0,757.0,747.0,171.8,173.3,176.8,177.8,2.34,90.8,1.975,5.6,1.063,1,oil_leak,0,0.55,0.5,1800.0
308.6,descend_land,30.706340378197996,1448.0533926585094,33.559510567296996,2957.3,745.9,752.8,754.3,747.2,171.3,172.7,177.1,177.8,2.3,91.2,1.945,2950.0,745.9,753.9,756.9,746.9,171.8,173.3,176.8,177.8,2.34,90.8,1.975,5.6,1.064,1,oil_leak,0,0.55,0.5,1800.0
308.7,descend_land,30.695216907675196,1445.3281423804228,33.54282536151279,2956.0,745.4,753.8,757.4,747.9,171.1,173.3,176.5,177.8,2.35,90.6,1.959,2949.9,745.9,753.9,756.9,746.9,171.8,173.3,176.8,177.8,2.34,90.8,1.975,5.6,1.064,1,oil_leak,0,0.55,0.5,1800.0
308.8,descend_land,30.68409343715239,1442.602892102336,33.526140155728584,2957.7,744.6,754.5,756.6,747.5,171.2,173.2,176.8,177.1,2.37,91.0,2.014,2949.7,745.9,753.9,756.9,746.9,171.7,173.2,176.7,177.7,2.34,90.8,1.975,5.6,1.064,1,oil_leak,0,0.55,0.5,1800.0
308.9,descend_land,30.672969966629587,1439.8776418242492,33.509454949944384,2959.2,744.6,756.0,756.9,747.2,171.2,172.9,176.4,177.2,2.37,91.1,1.998,2949.5,745.8,753.8,756.8,746.8,171.7,173.2,176.7,177.7,2.34,90.9,1.975,5.6,1.064,1,oil_leak,0,0.55,0.5,1800.0
309.0,descend_land,30.661846496106786,1437.1523915461626,33.49276974416018,2951.8,745.1,754.3,759.0,745.4,171.5,174.6,177.5,179.0,2.35,90.7,1.995,2949.3,745.8,753.8,756.8,746.8,171.7,173.2,176.7,177.7,2.34,90.9,1.975,5.7,1.065,1,oil_leak,0,0.55,0.5,1800.0
309.1,descend_land,30.650723025583982,1434.4271412680757,33.47608453837597,2944.1,746.0,754.0,756.6,744.6,172.3,173.5,177.9,178.3,2.36,89.7,1.949,2949.2,745.8,753.8,756.8,746.8,171.7,173.2,176.7,177.7,2.34,90.9,1.975,5.7,1.065,1,oil_leak,0,0.55,0.5,1800.0
309.2,descend_land,30.639599555061178,1431.701890989989,33.45939933259177,2951.0,747.5,754.1,755.8,747.2,171.4,172.2,175.9,177.8,2.34,90.1,1.969,2949.0,745.8,753.8,756.8,746.8,171.7,173.2,176.7,177.7,2.34,90.9,1.974,5.7,1.065,1,oil_leak,0,0.55,0.5,1800.0
309.3,descend_land,30.628476084538377,1428.9766407119023,33.442714126807566,2944.6,745.8,754.2,756.9,745.9,171.6,172.6,176.7,178.1,2.36,90.9,2.011,2948.8,745.7,753.7,756.7,746.7,171.7,173.2,176.7,177.7,2.34,90.9,1.974,5.7,1.066,1,oil_leak,0,0.55,0.5,1800.0
309.4,descend_land,30.617352614015573,1426.2513904338155,33.42602892102336,2945.9,743.2,752.9,757.2,747.8,171.2,173.8,176.7,177.0,2.31,90.8,2.018,2948.7,745.7,753.7,756.7,746.7,171.7,173.2,176.7,177.7,2.34,90.9,1.974,5.7,1.066,1,oil_leak,0,0.55,0.5,1800.0
309.5,descend_land,30.60622914349277,1423.5261401557286,33.40934371523915,2960.2,746.1,753.6,758.2,746.5,171.4,174.1,177.6,177.9,2.34,90.8,1.979,2948.5,745.7,753.7,756.7,746.7,171.7,173.2,176.7,177.7,2.34,90.9,1.974,5.7,1.066,1,oil_leak,0,0.55,0.5,1800.0
309.6,descend_land,30.595105672969964,1420.8008898776418,33.39265850945495,2953.2,746.5,754.8,757.8,746.6,171.1,173.7,176.3,176.8,2.35,91.0,1.993,2948.3,745.6,753.6,756.6,746.6,171.7,173.2,176.7,177.7,2.34,90.9,1.974,5.8,1.066,1,oil_leak,0,0.55,0.5,1800.0
309.7,descend_land,30.583982202447164,1418.0756395995552,33.37597330367075,2950.4,743.1,750.4,756.7,750.1,171.4,172.6,176.8,177.5,2.32,91.1,1.999,2948.1,745.6,753.6,756.6,746.6,171.6,173.1,176.6,177.6,2.34,90.9,1.974,5.8,1.067,1,oil_leak,0,0.55,0.5,1800.0
309.8,descend_land,30.57285873192436,1415.3503893214684,33.35928809788654,2957.4,745.0,755.0,758.4,745.7,172.0,172.2,175.9,177.5,2.3,90.8,1.923,2948.0,745.6,753.6,756.6,746.6,171.6,173.1,176.6,177.6,2.34,90.9,1.974,5.8,1.067,1,oil_leak,0,0.55,0.5,1800.0
309.9,descend_land,30.56173526140156,1412.6251390433815,33.342602892102335,2947.3,746.1,752.7,758.7,746.8,171.9,173.6,176.8,177.8,2.31,91.1,1.974,2947.8,745.5,753.5,756.5,746.5,171.6,173.1,176.6,177.6,2.34,90.9,1.973,5.8,1.067,1,oil_leak,0,0.55,0.5,1800.0
310.0,descend_land,30.550611790878754,1409.899888765295,33.325917686318135,2946.7,746.1,752.6,755.5,746.1,171.9,172.1,177.4,177.7,2.33,90.4,1.99,2947.6,745.5,753.5,756.5,746.5,171.6,173.1,176.6,177.6,2.34,91.0,1.973,5.8,1.068,1,oil_leak,0,0.55,0.5,1800.0
310.1,descend_land,30.53948832035595,1407.174638487208,33.30923248053393,2951.2,745.0,753.4,757.4,744.0,171.5,174.0,176.2,177.8,2.31,90.4,1.964,2947.4,745.5,753.5,756.5,746.5,171.6,173.1,176.6,177.6,2.34,91.0,1.973,5.9,1.068,1,oil_leak,0,0.55,0.5,1800.0
310.2,descend_land,30.528364849833146,1404.4493882091213,33.29254727474972,2948.4,745.1,751.2,754.8,746.4,171.1,173.4,177.7,176.6,2.32,91.1,1.967,2947.3,745.5,753.5,756.5,746.5,171.6,173.1,176.6,177.6,2.34,91.0,1.973,5.9,1.068,1,oil_leak,0,0.55,0.5,1800.0
310.3,descend_land,30.517241379310345,1401.7241379310346,33.275862068965516,2932.3,744.9,754.0,757.0,746.6,171.7,172.8,176.2,177.7,2.29,91.5,2.011,2947.1,745.4,753.4,756.4,746.4,171.6,173.1,176.6,177.6,2.34,91.0,1.973,5.9,1.068,1,oil_leak,0,0.55,0.5,1800.0
310.4,descend_land,30.50611790878754,1398.9988876529478,33.25917686318131,2941.3,745.5,750.5,755.5,745.4,171.5,173.3,176.3,176.7,2.32,91.1,1.959,2946.9,745.4,753.4,756.4,746.4,171.6,173.1,176.6,177.6,2.34,91.0,1.973,5.9,1.069,1,oil_leak,0,0.55,0.5,1800.0
310.5,descend_land,30.49499443826474,1396.273637374861,33.24249165739711,2943.8,743.1,752.9,754.9,744.4,171.9,172.5,175.8,177.3,2.32,90.6,1.999,2946.7,745.4,753.4,756.4,746.4,171.6,173.1,176.6,177.6,2.34,91.0,1.973,5.9,1.069,1,oil_leak,0,0.55,0.5,1800.0
310.6,descend_land,30.483870967741936,1393.5483870967741,33.225806451612904,2945.6,746.6,752.9,758.2,746.6,171.6,172.9,176.2,178.1,2.36,91.0,1.929,2946.6,745.3,753.3,756.3,746.3,171.6,173.1,176.6,177.6,2.34,91.0,1.972,5.9,1.069,1,oil_leak,0,0.55,0.5,1800.0
310.7,descend_land,30.47274749721913,1390.8231368186875,33.2091212458287,2951.8,744.0,752.2,756.2,745.9,171.5,173.9,177.4,178.4,2.35,91.4,1.994,2946.4,745.3,753.3,756.3,746.3,171.5,173.0,176.5,177.5,2.34,91.0,1.972,6.0,1.07,1,oil_leak,0,0.55,0.5,1800.0
310.8,descend_land,30.461624026696327,1388.0978865406007,33.19243604004449,2939.3,745.8,751.9,755.5,747.5,172.1,172.9,177.1,178.2,2.34,90.3,1.996,2946.2,745.3,753.3,756.3,746.3,171.5,173.0,176.5,177.5,2.34,91.0,1.972,6.0,1.07,1,oil_leak,0,0.55,0.5,1800.0
310.9,descend_land,30.450500556173527,1385.3726362625139,33.17575083426029,2947.5,745.5,754.6,755.9,746.0,171.5,173.2,176.5,178.7,2.36,92.0,1.978,2946.0,745.3,753.3,756.3,746.3,171.5,173.0,176.5,177.5,2.34,91.0,1.972,6.0,1.07,1,oil_leak,0,0.55,0.5,1800.0
311.0,descend_land,30.439377085650722,1382.6473859844273,33.159065628476085,2949.0,744.6,752.3,758.5,744.1,171.6,173.2,176.9,178.0,2.34,91.1,1.943,2945.9,745.2,753.2,756.2,746.2,171.5,173.0,176.5,177.5,2.34,91.1,1.972,6.0,1.07,1,oil_leak,0,0.55,0.5,1800.0
311.1,descend_land,30.42825361512792,1379.9221357063404,33.14238042269188,2938.9,746.5,751.2,758.4,744.2,172.3,172.7,176.2,177.8,2.38,90.9,1.954,2945.7,745.2,753.2,756.2,746.2,171.5,173.0,176.5,177.5,2.34,91.1,1.972,6.0,1.071,1,oil_leak,0,0.55,0.5,1800.0
311.2,descend_land,30.417130144605117,1377.1968854282536,33.12569521690767,2941.1,746.6,754.2,755.2,747.6,170.8,173.4,176.5,177.3,2.32,91.2,1.969,2945.5,745.2,753.2,756.2,746.2,171.5,173.0,176.5,177.5,2.34,91.1,1.971,6.0,1.071,1,oil_leak,0,0.55,0.5,1800.0
311.3,descend_land,30.406006674082313,1374.471635150167,33.10901001112347,2951.1,744.5,753.4,755.5,745.2,172.0,173.5,174.8,177.8,2.32,91.3,2.006,2945.3,745.1,753.1,756.1,746.1,171.5,173.0,176.5,177.5,2.33,91.1,1.971,6.1,1.071,1,oil_leak,0,0.55,0.5,1800.0
311.4,descend_land,30.39488320355951,1371.7463848720802,33.09232480533927,2949.7,743.9,751.5,754.9,745.8,170.9,172.6,176.1,177.0,2.31,91.1,1.946,2945.2,745.1,753.1,756.1,746.1,171.5,173.0,176.5,177.5,2.33,91.1,1.971,6.1,1.072,1,oil_leak,0,0.55,0.5,1800.0
311.5,descend_land,30.383759733036708,1369.0211345939933,33.07563959955506,2944.9,744.3,755.8,757.2,747.9,171.9,172.8,176.2,176.8,2.33,91.0,1.972,2945.0,745.1,753.1,756.1,746.1,171.5,173.0,176.5,177.5,2.33,91.1,1.971,6.1,1.072,1,oil_leak,0,0.55,0.5,1800.0
311.6,descend_land,30.372636262513904,1366.2958843159067,33.058954393770854,2946.4,744.9,752.2,757.9,747.2,171.2,171.6,176.9,176.5,2.37,91.4,1.971,2944.8,745.1,753.1,756.1,746.1,171.5,173.0,176.5,177.5,2.33,91.1,1.971,6.1,1.072,1,oil_leak,0,0.55,0.5,1800.0
311.7,descend_land,30.361512791991103,1363.57063403782,33.042269187986655,2946.1,744.2,752.6,755.4,746.7,172.2,173.0,176.3,177.7,2.33,91.1,1.97,2944.6,745.0,753.0,756.0,746.0,171.4,172.9,176.4,177.4,2.33,91.1,1.971,6.1,1.072,1,oil_leak,0,0.55,0.5,1800.0
311.8,descend_land,30.3503893214683,1360.845383759733,33.02558398220245,2938.4,746.8,754.1,757.9,743.7,171.8,173.2,176.1,177.5,2.37,90.9,2.001,2944.5,745.0,753.0,756.0,746.0,171.4,172.9,176.4,177.4,2.33,91.1,1.971,6.2,1.073,1,oil_leak,0,0.55,0.5,1800.0
311.9,descend_land,30.339265850945495,1358.1201334816462,33.00889877641824,2940.7,746.2,752.0,758.1,746.3,171.3,173.9,175.6,177.0,2.37,91.4,1.961,2944.3,745.0,753.0,756.0,746.0,171.4,172.9,176.4,177.4,2.33,91.1,1.97,6.2,1.073,1,oil_leak,0,0.55,0.5,1800.0
312.0,descend_land,30.32814238042269,1355.3948832035596,32.992213570634036,2938.9,744.3,752.2,757.8,743.9,170.5,173.4,175.2,177.1,2.36,91.4,1.948,2944.1,744.9,752.9,755.9,745.9,171.4,172.9,176.4,177.4,2.33,91.1,1.97,6.2,1.073,1,oil_leak,0,0.55,0.5,1800.0
312.1,descend_land,30.31701890989989,1352.6696329254728,32.975528364849836,2953.8,745.9,753.3,754.2,746.4,171.3,172.8,175.0,177.1,2.33,90.6,1.978,2943.9,744.9,752.9,755.9,745.9,171.4,172.9,176.4,177.4,2.33,91.2,1.97,6.2,1.074,1,oil_leak,0,0.55,0.5,1800.0
312.2,descend_land,30.305895439377085,1349.944382647386,32.95884315906563,2943.6,745.7,752.8,756.1,747.7,171.5,173.8,177.0,177.6,2.35,91.5,1.969,2943.7,744.9,752.9,755.9,745.9,171.4,172.9,176.4,177.4,2.33,91.2,1.97,6.2,1.074,1,oil_leak,0,0.55,0.5,1800.0
312.3,descend_land,30.29477196885428,1347.2191323692994,32.94215795328142,2943.7,743.9,752.8,754.4,747.6,170.6,173.1,176.5,178.3,2.34,91.6,1.98,2943.6,744.9,752.9,755.9,745.9,171.4,172.9,176.4,177.4,2.33,91.2,1.97,6.2,1.074,1,oil_leak,0,0.55,0.5,1800.0
312.4,descend_land,30.28364849833148,1344.4938820912125,32.92547274749722,2948.1,743.7,752.2,758.0,746.5,171.4,173.2,176.9,176.6,2.31,90.3,1.943,2943.4,744.8,752.8,755.8,745.8,171.4,172.9,176.4,177.4,2.33,91.2,1.97,6.3,1.075,1,oil_leak,0,0.55,0.5,1800.0
312.5,descend_land,30.272525027808676,1341.7686318131257,32.90878754171301,2947.1,745.1,752.8,754.2,746.3,170.3,172.9,177.1,176.8,2.33,90.7,2.018,2943.2,744.8,752.8,755.8,745.8,171.4,172.9,176.4,177.4,2.33,91.2,1.97,6.3,1.075,1,oil_leak,0,0.55,0.5,1800.0
312.6,descend_land,30.261401557285872,1339.043381535039,32.89210233592881,2945.5,743.9,751.6,756.5,745.7,171.6,172.4,176.3,175.9,2.33,91.6,1.957,2943.0,744.8,752.8,755.8,745.8,171.4,172.9,176.4,177.4,2.33,91.2,1.969,6.3,1.075,1,oil_leak,0,0.55,0.5,1800.0
312.7,descend_land,30.25027808676307,1336.3181312569523,32.875417130144605,2942.1,743.4,755.7,754.6,748.2,171.3,172.8,175.9,177.6,2.33,91.7,1.92,2942.9,744.7,752.7,755.7,745.7,171.3,172.8,176.3,177.3,2.33,91.2,1.969,6.3,1.075,1,oil_leak,0,0.55,0.5,1800.0
312.8,descend_land,30.239154616240267,1333.5928809788654,32.8587319243604,2940.8,747.1,751.9,756.7,745.3,172.3,172.4,176.0,178.2,2.35,90.8,1.936,2942.7,744.7,752.7,755.7,745.7,171.3,172.8,176.3,177.3,2.33,91.2,1.969,6.3,1.076,1,oil_leak,0,0.55,0.5,1800.0
312.9,descend_land,30.228031145717463,1330.8676307007788,32.8420467185762,2933.7,745.3,754.3,754.4,745.2,170.5,172.2,175.8,177.9,2.31,92.2,1.929,2942.5,744.7,752.7,755.7,745.7,171.3,172.8,176.3,177.3,2.33,91.2,1.969,6.3,1.076,1,oil_leak,0,0.55,0.5,1800.0
313.0,descend_land,30.216907675194662,1328.142380422692,32.82536151279199,2944.4,744.2,753.0,756.0,742.6,171.8,173.0,176.8,177.4,2.35,91.4,1.896,2942.3,744.6,752.6,755.6,745.6,171.3,172.8,176.3,177.3,2.33,91.3,1.969,6.4,1.076,1,oil_leak,0,0.55,0.5,1800.0
313.1,descend_land,30.205784204671858,1325.4171301446052,32.80867630700779,2955.6,743.9,752.7,757.6,745.2,171.6,172.8,176.4,177.7,2.37,91.5,1.953,2942.1,744.6,752.6,755.6,745.6,171.3,172.8,176.3,177.3,2.33,91.3,1.969,6.4,1.077,1,oil_leak,0,0.55,0.5,1800.0
313.2,descend_land,30.194660734149053,1322.6918798665183,32.79199110122358,2950.4,742.7,751.1,754.7,746.2,170.9,173.0,176.2,177.5,2.31,90.7,1.965,2942.0,744.6,752.6,755.6,745.6,171.3,172.8,176.3,177.3,2.33,91.3,1.968,6.4,1.077,1,oil_leak,0,0.55,0.5,1800.0
313.3,descend_land,30.18353726362625,1319.9666295884317,32.775305895439374,2956.6,745.5,750.5,754.7,745.1,171.7,172.7,177.9,176.8,2.29,91.6,1.969,2941.8,744.6,752.6,755.6,745.6,171.3,172.8,176.3,177.3,2.33,91.3,1.968,6.4,1.077,1,oil_leak,0,0.55,0.5,1800.0
313.4,descend_land,30.17241379310345,1317.2413793103449,32.758620689655174,2946.9,745.4,753.2,753.6,744.9,171.6,171.5,176.2,177.3,2.37,90.3,1.965,2941.6,744.5,752.5,755.5,745.5,171.3,172.8,176.3,177.3,2.33,91.3,1.968,6.4,1.077,1,oil_leak,0,0.55,0.5,1800.0
313.5,descend_land,30.161290322580644,1314.516129032258,32.74193548387097,2947.8,742.0,752.0,754.2,746.0,171.1,172.8,176.7,178.1,2.31,91.8,1.996,2941.4,744.5,752.5,755.5,745.5,171.3,172.8,176.3,177.3,2.33,91.3,1.968,6.5,1.078,1,oil_leak,0,0.55,0.5,1800.0
313.6,descend_land,30.150166852057843,1311.7908787541714,32.72525027808676,2936.4,745.7,751.5,752.6,745.8,171.3,173.2,175.9,176.1,2.3,92.3,1.904,2941.2,744.5,752.5,755.5,745.5,171.3,172.8,176.3,177.3,2.33,91.3,1.968,6.5,1.078,1,oil_leak,0,0.55,0.5,1800.0
313.7,descend_land,30.13904338153504,1309.0656284760846,32.70856507230256,2942.2,744.7,750.6,755.6,745.9,171.4,172.4,175.9,176.8,2.36,91.2,1.982,2941.1,744.4,752.4,755.4,745.4,171.3,172.8,176.3,177.3,2.33,91.3,1.968,6.5,1.078,1,oil_leak,0,0.55,0.5,1800.0
313.8,descend_land,30.127919911012235,1306.3403781979978,32.691879866518356,2952.0,742.8,752.6,757.0,744.8,171.1,171.7,176.0,176.9,2.36,91.1,2.023,2940.9,744.4,752.4,755.4,745.4,171.2,172.7,176.2,177.2,2.33,91.3,1.968,6.5,1.079,1,oil_leak,0,0.55,0.5,1800.0
313.9,descend_land,30.11679644048943,1303.6151279199112,32.67519466073415,2934.2,745.6,754.7,753.7,744.2,171.3,173.1,176.4,177.3,2.29,91.2,2.001,2940.7,744.4,752.4,755.4,745.4,171.2,172.7,176.2,177.2,2.33,91.3,1.967,6.5,1.079,1,oil_leak,0,0.55,0.5,1800.0
314.0,descend_land,30.10567296996663,1300.8898776418243,32.65850945494994,2944.4,745.4,751.6,755.7,743.9,171.6,172.2,176.5,176.4,2.29,91.2,1.968,2940.5,744.4,752.4,755.4,745.4,171.2,172.7,176.2,177.2,2.33,91.4,1.967,6.5,1.079,1,oil_leak,0,0.55,0.5,1800.0
314.1,descend_land,30.094549499443826,1298.1646273637375,32.64182424916574,2937.8,745.2,751.1,753.3,746.8,172.1,172.3,177.1,177.9,2.35,91.5,1.972,2940.3,744.3,752.3,755.3,745.3,171.2,172.7,176.2,177.2,2.33,91.4,1.967,6.6,1.079,1,oil_leak,0,0.55,0.5,1800.0
314.2,descend_land,30.083426028921025,1295.439377085651,32.62513904338154,2932.0,743.2,752.7,753.0,743.9,170.1,172.8,176.5,177.2,2.3,91.6,1.93,2940.2,744.3,752.3,755.3,745.3,171.2,172.7,176.2,177.2,2.33,91.4,1.967,6.6,1.08,1,oil_leak,0,0.55,0.5,1800.0
314.3,descend_land,30.07230255839822,1292.714126807564,32.60845383759733,2937.3,746.0,753.3,753.9,747.0,171.3,173.6,175.8,177.0,2.32,91.5,2.002,2940.0,744.3,752.3,755.3,745.3,171.2,172.7,176.2,177.2,2.33,91.4,1.967,6.6,1.08,1,oil_leak,0,0.55,0.5,1800.0
314.4,descend_land,30.061179087875416,1289.9888765294772,32.591768631813125,2946.6,744.7,750.6,754.6,745.6,171.4,172.5,175.6,178.0,2.34,91.1,2.0,2939.8,744.2,752.2,755.2,745.2,171.2,172.7,176.2,177.2,2.33,91.4,1.967,6.6,1.08,1,oil_leak,0,0.55,0.5,1800.0
314.5,descend_land,30.050055617352612,1287.2636262513904,32.57508342602892,2935.1,744.4,753.7,754.6,743.3,171.3,172.3,175.4,177.7,2.33,90.8,1.96,2939.6,744.2,752.2,755.2,745.2,171.2,172.7,176.2,177.2,2.33,91.4,1.967,6.6,1.081,1,oil_leak,0,0.55,0.5,1800.0
314.6,descend_land,30.03893214682981,1284.5383759733038,32.55839822024472,2935.1,745.0,752.0,756.2,747.2,171.7,172.0,175.8,176.4,2.34,91.5,1.946,2939.4,744.2,752.2,755.2,745.2,171.2,172.7,176.2,177.2,2.33,91.4,1.966,6.7,1.081,1,oil_leak,0,0.55,0.5,1800.0
314.7,descend_land,30.027808676307007,1281.813125695217,32.54171301446051,2941.2,744.9,750.2,753.2,745.5,171.3,172.2,176.2,177.6,2.33,91.1,1.925,2939.3,744.2,752.2,755.2,745.2,171.2,172.7,176.2,177.2,2.33,91.4,1.966,6.7,1.081,1,oil_leak,0,0.55,0.5,1800.0
314.8,descend_land,30.016685205784206,1279.0878754171301,32.525027808676306,2934.7,745.9,749.7,754.5,746.2,171.2,172.7,175.8,178.5,2.34,91.8,1.916,2939.1,744.1,752.1,755.1,745.1,171.2,172.7,176.2,177.2,2.33,91.4,1.966,6.7,1.081,1,oil_leak,0,0.55,0.5,1800.0
314.9,descend_land,30.005561735261402,1276.3626251390435,32.5083426028921,2951.4,745.2,753.7,756.3,745.4,172.0,172.3,176.7,175.9,2.37,91.6,1.984,2938.9,744.1,752.1,755.1,745.1,171.1,172.6,176.1,177.1,2.33,91.5,1.966,6.7,1.082,1,oil_leak,0,0.55,0.5,1800.0
315.0,descend_land,29.994438264738598,1273.6373748609567,32.4916573971079,2938.7,746.0,749.2,753.4,745.4,171.4,172.1,176.1,177.5,2.31,92.1,1.975,2938.7,744.1,752.1,755.1,745.1,171.1,172.6,176.1,177.1,2.32,91.5,1.966,6.7,1.082,1,oil_leak,0,0.55,0.5,1800.0
315.1,descend_land,29.983314794215794,1270.9121245828699,32.474972191323694,2925.1,744.3,752.3,753.4,747.1,170.7,173.0,176.0,176.3,2.32,91.6,1.947,2938.5,744.0,752.0,755.0,745.0,171.1,172.6,176.1,177.1,2.32,91.5,1.966,6.7,1.082,1,oil_leak,0,0.55,0.5,1800.0
315.2,descend_land,29.972191323692993,1268.1868743047833,32.45828698553949,2935.6,742.8,753.0,755.8,742.8,171.1,173.5,176.4,176.9,2.31,90.8,1.99,2938.4,744.0,752.0,755.0,745.0,171.1,172.6,176.1,177.1,2.32,91.5,1.965,6.8,1.083,1,oil_leak,0,0.55,0.5,1800.0
315.3,descend_land,29.96106785317019,1265.4616240266964,32.44160177975528,2943.1,743.0,753.0,757.6,744.2,169.9,172.3,176.2,177.6,2.26,91.2,1.979,2938.2,744.0,752.0,755.0,745.0,171.1,172.6,176.1,177.1,2.32,91.5,1.965,6.8,1.083,1,oil_leak,0,0.55,0.5,1800.0
315.4,descend_land,29.949944382647388,1262.7363737486096,32.42491657397108,2937.6,745.6,751.1,756.7,744.7,171.2,174.2,176.7,176.3,2.32,91.3,1.967,2938.0,743.9,751.9,754.9,744.9,171.1,172.6,176.1,177.1,2.32,91.5,1.965,6.8,1.083,1,oil_leak,0,0.55,0.5,1800.0
315.5,descend_land,29.938820912124584,1260.011123470523,32.408231368186875,2930.0,744.2,753.3,753.5,746.5,171.7,172.8,176.3,177.3,2.32,91.5,1.904,2937.8,743.9,751.9,754.9,744.9,171.1,172.6,176.1,177.1,2.32,91.5,1.965,6.8,1.084,1,oil_leak,0,0.55,0.5,1800.0
315.6,descend_land,29.92769744160178,1257.2858731924362,32.39154616240267,2942.5,743.6,751.5,758.6,744.9,171.0,172.0,176.0,177.3,2.32,91.3,1.937,2937.6,743.9,751.9,754.9,744.9,171.1,172.6,176.1,177.1,2.32,91.5,1.965,6.8,1.084,1,oil_leak,0,0.55,0.5,1800.0
315.7,descend_land,29.916573971078975,1254.5606229143493,32.37486095661846,2940.2,742.9,751.5,755.6,747.2,170.9,173.4,175.9,177.1,2.29,91.2,2.037,2937.4,743.9,751.9,754.9,744.9,171.1,172.6,176.1,177.1,2.32,91.5,1.965,6.8,1.084,1,oil_leak,0,0.55,0.5,1800.0
315.8,descend_land,29.905450500556174,1251.8353726362625,32.35817575083426,2932.5,743.5,748.8,752.2,742.4,171.2,172.0,175.9,176.7,2.35,92.1,1.95,2937.3,743.8,751.8,754.8,744.8,171.1,172.6,176.1,177.1,2.32,91.5,1.964,6.9,1.084,1,oil_leak,0,0.55,0.5,1800.0
315.9,descend_land,29.89432703003337,1249.1101223581759,32.34149054505006,2933.8,742.2,751.4,752.1,746.2,170.9,172.0,176.3,177.2,2.34,91.4,1.925,2937.1,743.8,751.8,754.8,744.8,171.1,172.6,176.1,177.1,2.32,91.6,1.964,6.9,1.085,1,oil_leak,0,0.55,0.5,1800.0
316.0,descend_land,29.883203559510566,1246.384872080089,32.32480533926585,2938.4,744.5,752.8,755.2,745.8,170.8,172.7,174.9,176.4,2.35,91.7,1.949,2936.9,743.8,751.8,754.8,744.8,171.0,172.5,176.0,177.0,2.32,91.6,1.964,6.9,1.085,1,oil_leak,0,0.55,0.5,1800.0
316.1,descend_land,29.872080088987765,1243.6596218020022,32.308120133481644,2935.2,742.2,750.6,753.3,746.4,171.1,172.8,176.4,176.8,2.34,91.5,1.933,2936.7,743.7,751.7,754.7,744.7,171.0,172.5,176.0,177.0,2.32,91.6,1.964,6.9,1.085,1,oil_leak,0,0.55,0.5,1800.0
316.2,descend_land,29.86095661846496,1240.9343715239156,32.291434927697445,2942.1,743.3,753.5,752.6,746.6,171.6,172.3,175.0,177.2,2.33,92.1,1.98,2936.5,743.7,751.7,754.7,744.7,171.0,172.5,176.0,177.0,2.32,91.6,1.964,6.9,1.086,1,oil_leak,0,0.55,0.5,1800.0
316.3,descend_land,29.849833147942157,1238.2091212458288,32.27474972191324,2938.4,740.5,752.2,754.7,746.2,169.9,174.0,176.3,176.1,2.33,91.8,1.937,2936.3,743.7,751.7,754.7,744.7,171.0,172.5,176.0,177.0,2.32,91.6,1.964,7.0,1.086,1,oil_leak,0,0.55,0.5,1800.0
316.4,descend_land,29.838709677419356,1235.483870967742,32.25806451612903,2928.6,741.4,750.3,752.3,744.5,170.5,171.6,175.5,176.6,2.32,92.2,1.951,2936.2,743.7,751.7,754.7,744.7,171.0,172.5,176.0,177.0,2.32,91.6,1.964,7.0,1.086,1,oil_leak,0,0.55,0.5,1800.0
316.5,descend_land,29.82758620689655,1232.7586206896553,32.241379310344826,2935.2,742.2,749.1,755.2,743.7,171.6,172.9,176.4,177.0,2.32,91.8,1.966,2936.0,743.6,751.6,754.6,744.6,171.0,172.5,176.0,177.0,2.32,91.6,1.963,7.0,1.086,1,oil_leak,0,0.55,0.5,1800.0
316.6,descend_land,29.816462736373747,1230.0333704115685,32.224694104560626,2929.3,743.1,749.5,752.4,742.5,170.1,173.0,176.2,176.5,2.31,91.3,1.99,2935.8,743.6,751.6,754.6,744.6,171.0,172.5,176.0,177.0,2.32,91.6,1.963,7.0,1.087,1,oil_leak,0,0.55,0.5,1800.0
316.7,descend_land,29.805339265850947,1227.3081201334817,32.20800889877642,2940.6,743.8,751.9,756.2,748.2,171.2,173.4,176.0,176.4,2.36,92.3,1.937,2935.6,743.6,751.6,754.6,744.6,171.0,172.5,176.0,177.0,2.32,91.6,1.963,7.0,1.087,1,oil_leak,0,0.55,0.5,1800.0
316.8,descend_land,29.794215795328142,1224.582869855395,32.19132369299221,2935.9,740.6,752.3,755.0,745.0,171.4,171.0,176.5,176.8,2.33,91.0,1.973,2935.4,743.5,751.5,754.5,744.5,171.0,172.5,176.0,177.0,2.32,91.7,1.963,7.0,1.087,1,oil_leak,0,0.55,0.5,1800.0
316.9,descend_land,29.783092324805338,1221.8576195773082,32.17463848720801,2935.2,745.2,753.9,751.2,742.8,170.8,172.3,175.7,177.1,2.32,92.2,1.858,2935.2,743.5,751.5,754.5,744.5,171.0,172.5,176.0,177.0,2.32,91.7,1.963,7.1,1.088,1,oil_leak,0,0.55,0.5,1800.0
317.0,descend_land,29.771968854282534,1219.1323692992214,32.1579532814238,2942.7,744.1,753.3,756.1,743.3,171.2,171.3,176.1,176.8,2.28,91.2,1.926,2935.1,743.5,751.5,754.5,744.5,171.0,172.5,176.0,177.0,2.32,91.7,1.963,7.1,1.088,1,oil_leak,0,0.55,0.5,1800.0
317.1,descend_land,29.760845383759733,1216.4071190211346,32.1412680756396,2935.3,743.2,751.6,754.4,744.5,170.4,172.5,176.3,176.3,2.35,91.2,1.965,2934.9,743.5,751.5,754.5,744.5,171.0,172.5,176.0,177.0,2.32,91.7,1.962,7.1,1.088,1,oil_leak,0,0.55,0.5,1800.0
317.2,descend_land,29.74972191323693,1213.681868743048,32.124582869855395,2939.4,744.8,750.5,754.3,745.2,171.0,172.9,176.0,176.0,2.31,92.1,1.984,2934.7,743.4,751.4,754.4,744.4,170.9,172.4,175.9,176.9,2.32,91.7,1.962,7.1,1.089,1,oil_leak,0,0.55,0.5,1800.0
317.3,descend_land,29.738598442714128,1210.9566184649611,32.10789766407119,2936.9,744.7,754.3,756.5,745.9,170.7,172.3,176.5,176.6,2.29,91.1,1.96,2934.5,743.4,751.4,754.4,744.4,170.9,172.4,175.9,176.9,2.32,91.7,1.962,7.1,1.089,1,oil_leak,0,0.55,0.5,1800.0
317.4,descend_land,29.727474972191324,1208.2313681868743,32.09121245828699,2927.7,744.3,752.4,753.1,743.3,171.8,172.6,176.7,177.2,2.35,92.0,2.018,2934.3,743.4,751.4,754.4,744.4,170.9,172.4,175.9,176.9,2.32,91.7,1.962,7.1,1.089,1,oil_leak,0,0.55,0.5,1800.0
317.5,descend_land,29.71635150166852,1205.5061179087877,32.07452725250278,2931.7,742.8,751.8,755.8,744.8,171.3,172.9,175.5,176.8,2.3,91.8,1.981,2934.1,743.3,751.3,754.3,744.3,170.9,172.4,175.9,176.9,2.32,91.7,1.962,7.2,1.089,1,oil_leak,0,0.55,0.5,1800.0
317.6,descend_land,29.705228031145715,1202.7808676307009,32.05784204671858,2936.4,745.0,748.1,753.7,743.1,171.1,172.8,176.8,177.5,2.29,91.6,1.973,2933.9,743.3,751.3,754.3,744.3,170.9,172.4,175.9,176.9,2.32,91.8,1.962,7.2,1.09,1,oil_leak,0,0.55,0.5,1800.0
317.7,descend_land,29.694104560622915,1200.055617352614,32.04115684093437,2938.7,740.2,751.3,757.0,742.7,170.0,171.9,175.9,177.1,2.31,91.6,1.96,2933.8,743.3,751.3,754.3,744.3,170.9,172.4,175.9,176.9,2.32,91.8,1.962,7.2,1.09,1,oil_leak,0,0.55,0.5,1800.0
317.8,descend_land,29.68298109010011,1197.3303670745274,32.024471635150164,2932.9,745.0,747.5,753.0,746.1,171.0,172.8,176.0,176.6,2.34,92.1,1.957,2933.6,743.2,751.2,754.2,744.2,170.9,172.4,175.9,176.9,2.32,91.8,1.961,7.2,1.09,1,oil_leak,0,0.55,0.5,1800.0
317.9,descend_land,29.67185761957731,1194.6051167964406,32.007786429365964,2937.7,742.6,750.1,757.1,743.7,170.7,171.3,177.1,177.3,2.31,91.6,1.956,2933.4,743.2,751.2,754.2,744.2,170.9,172.4,175.9,176.9,2.32,91.8,1.961,7.2,1.091,1,oil_leak,0,0.55,0.5,1800.0
318.0,descend_land,29.660734149054505,1191.8798665183538,31.991101223581758,2932.1,744.6,750.2,756.6,744.9,171.1,172.5,175.3,176.6,2.32,91.3,1.971,2933.2,743.2,751.2,754.2,744.2,170.9,172.4,175.9,176.9,2.32,91.8,1.961,7.3,1.091,1,oil_leak,0,0.55,0.5,1800.0
318.1,descend_land,29.6496106785317,1189.154616240267,31.97441601779755,2939.3,743.9,753.0,755.5,745.4,169.2,172.5,175.6,177.0,2.36,91.5,2.031,2933.0,743.2,751.2,754.2,744.2,170.9,172.4,175.9,176.9,2.32,91.8,1.961,7.3,1.091,1,oil_leak,0,0.55,0.5,1800.0
318.2,descend_land,29.638487208008897,1186.4293659621803,31.95773081201335,2938.3,740.0,750.4,754.5,739.1,170.5,172.6,176.8,176.7,2.32,91.7,1.973,2932.8,743.1,751.1,754.1,744.1,170.9,172.4,175.9,176.9,2.32,91.8,1.961,7.3,1.091,1,oil_leak,0,0.55,0.5,1800.0
318.3,descend_land,29.627363737486096,1183.7041156840935,31.941045606229146,2943.6,742.3,750.5,755.4,744.6,171.2,172.5,175.7,177.1,2.34,92.6,1.952,2932.6,743.1,751.1,754.1,744.1,170.9,172.4,175.9,176.9,2.32,91.8,1.961,7.3,1.092,1,oil_leak,0,0.55,0.5,1800.0
318.4,descend_land,29.616240266963292,1180.9788654060067,31.92436040044494,2919.7,743.4,751.3,755.2,742.2,171.4,172.6,175.1,175.7,2.33,92.4,1.972,2932.5,743.1,751.1,754.1,744.1,170.9,172.4,175.9,176.9,2.32,91.8,1.96,7.3,1.092,1,oil_leak,0,0.55,0.5,1800.0
318.5,descend_land,29.60511679644049,1178.25361512792,31.907675194660733,2931.6,740.7,750.5,754.0,743.2,170.8,171.8,174.3,176.9,2.35,91.4,1.912,2932.3,743.0,751.0,754.0,744.0,170.8,172.3,175.8,176.8,2.31,91.9,1.96,7.3,1.092,1,oil_leak,0,0.55,0.5,1800.0
318.6,descend_land,29.593993325917687,1175.5283648498332,31.89098998887653,2933.3,742.2,751.3,758.7,744.0,171.7,171.7,175.2,176.6,2.3,92.8,2.038,2932.1,743.0,751.0,754.0,744.0,170.8,172.3,175.8,176.8,2.31,91.9,1.96,7.4,1.093,1,oil_leak,0,0.55,0.5,1800.0
318.7,descend_land,29.582869855394883,1172.8031145717464,31.874304783092327,2925.9,741.1,752.7,752.8,744.3,170.2,172.1,175.8,176.3,2.26,91.7,1.971,2931.9,743.0,751.0,754.0,744.0,170.8,172.3,175.8,176.8,2.31,91.9,1.96,7.4,1.093,1,oil_leak,0,0.55,0.5,1800.0
318.8,descend_land,29.57174638487208,1170.0778642936598,31.85761957730812,2937.2,745.9,751.7,754.9,743.3,170.7,172.2,175.6,177.3,2.31,91.4,1.984,2931.7,743.0,751.0,754.0,744.0,170.8,172.3,175.8,176.8,2.31,91.9,1.96,7.4,1.093,1,oil_leak,0,0.55,0.5,1800.0
318.9,descend_land,29.560622914349278,1167.352614015573,31.840934371523915,2928.0,744.5,751.6,754.9,742.4,170.2,172.8,176.8,176.6,2.31,91.9,1.995,2931.5,742.9,750.9,753.9,743.9,170.8,172.3,175.8,176.8,2.31,91.9,1.96,7.4,1.093,1,oil_leak,0,0.55,0.5,1800.0
319.0,descend_land,29.549499443826473,1164.6273637374861,31.82424916573971,2931.5,743.4,751.7,756.4,745.1,170.7,172.9,175.4,178.3,2.29,91.6,1.976,2931.3,742.9,750.9,753.9,743.9,170.8,172.3,175.8,176.8,2.31,91.9,1.959,7.4,1.094,1,oil_leak,0,0.55,0.5,1800.0
319.1,descend_land,29.538375973303673,1161.9021134593995,31.80756395995551,2937.0,743.0,751.0,755.0,739.6,170.8,172.9,175.6,175.8,2.27,91.8,1.932,2931.1,742.9,750.9,753.9,743.9,170.8,172.3,175.8,176.8,2.31,91.9,1.959,7.4,1.094,1,oil_leak,0,0.55,0.5,1800.0
319.2,descend_land,29.52725250278087,1159.1768631813127,31.790878754171302,2926.8,740.6,750.2,753.6,742.3,170.6,172.1,175.9,176.5,2.34,91.9,1.947,2931.0,742.8,750.8,753.8,743.8,170.8,172.3,175.8,176.8,2.31,91.9,1.959,7.5,1.094,1,oil_leak,0,0.55,0.5,1800.0
319.3,descend_land,29.516129032258064,1156.4516129032259,31.774193548387096,2931.5,741.7,749.5,752.6,744.4,170.3,171.9,176.5,176.7,2.31,92.4,1.952,2930.8,742.8,750.8,753.8,743.8,170.8,172.3,175.8,176.8,2.31,91.9,1.959,7.5,1.095,1,oil_leak,0,0.55,0.5,1800.0
319.4,descend_land,29.50500556173526,1153.726362625139,31.75750834260289,2930.4,743.5,751.4,754.0,742.8,170.1,172.4,176.1,177.1,2.37,92.5,1.961,2930.6,742.8,750.8,753.8,743.8,170.8,172.3,175.8,176.8,2.31,92.0,1.959,7.5,1.095,1,oil_leak,0,0.55,0.5,1800.0
319.5,descend_land,29.49388209121246,1151.0011123470524,31.740823136818687,2940.8,743.8,751.3,753.2,744.5,173.3,171.9,176.0,176.3,2.29,91.8,1.971,2930.4,742.7,750.7,753.7,743.7,170.8,172.3,175.8,176.8,2.31,92.0,1.959,7.5,1.095,1,oil_leak,0,0.55,0.5,1800.0
319.6,descend_land,29.482758620689655,1148.2758620689656,31.724137931034484,2927.8,740.8,748.9,754.9,744.3,171.4,173.1,175.3,176.2,2.35,91.4,1.994,2930.2,742.7,750.7,753.7,743.7,170.8,172.3,175.8,176.8,2.31,92.0,1.958,7.5,1.096,1,oil_leak,0,0.55,0.5,1800.0
319.7,descend_land,29.471635150166854,1145.5506117908787,31.707452725250278,2927.5,743.2,750.3,754.5,743.3,170.8,171.9,176.6,177.2,2.31,92.1,1.989,2930.0,742.7,750.7,753.7,743.7,170.7,172.2,175.7,176.7,2.31,92.0,1.958,7.6,1.096,1,oil_leak,0,0.55,0.5,1800.0
319.8,descend_land,29.46051167964405,1142.8253615127921,31.69076751946607,2931.8,744.2,750.4,753.8,743.5,170.0,172.7,176.7,176.1,2.32,92.4,1.953,2929.8,742.7,750.7,753.7,743.7,170.7,172.2,175.7,176.7,2.31,92.0,1.958,7.6,1.096,1,oil_leak,0,0.55,0.5,1800.0
319.9,descend_land,29.449388209121246,1140.1001112347053,31.67408231368187,2921.9,742.4,750.1,753.6,744.0,171.1,172.1,175.6,176.0,2.3,92.4,1.989,2929.6,742.6,750.6,753.6,743.6,170.7,172.2,175.7,176.7,2.31,92.0,1.958,7.6,1.096,1,oil_leak,0,0.55,0.5,1800.0
320.0,descend_land,29.43826473859844,1137.3748609566185,31.657397107897665,2923.3,744.2,749.7,753.3,743.9,170.6,172.6,175.2,176.2,2.31,92.3,1.927,2929.4,742.6,750.6,753.6,743.6,170.7,172.2,175.7,176.7,2.31,92.0,1.958,7.6,1.097,1,oil_leak,0,0.55,0.5,1800.0
320.1,descend_land,29.42714126807564,1134.6496106785319,31.64071190211346,2928.0,742.4,753.2,753.8,742.1,170.9,172.3,175.5,177.0,2.29,92.0,1.971,2929.3,742.6,750.6,753.6,743.6,170.7,172.2,175.7,176.7,2.31,92.0,1.958,7.6,1.097,1,oil_leak,0,0.55,0.5,1800.0
320.2,descend_land,29.416017797552836,1131.924360400445,31.624026696329253,2934.6,743.8,747.7,753.9,743.1,170.5,172.1,175.7,176.8,2.33,92.2,1.98,2929.1,742.5,750.5,753.5,743.5,170.7,172.2,175.7,176.7,2.31,92.1,1.957,7.6,1.097,1,oil_leak,0,0.55,0.5,1800.0
320.3,descend_land,29.404894327030032,1129.1991101223582,31.60734149054505,2933.7,740.8,751.0,755.3,742.0,169.9,172.6,175.9,177.7,2.32,92.4,1.955,2928.9,742.5,750.5,753.5,743.5,170.7,172.2,175.7,176.7,2.31,92.1,1.957,7.7,1.098,1,oil_leak,0,0.55,0.5,1800.0
320.4,descend_land,29.39377085650723,1126.4738598442716,31.590656284760847,2937.3,743.6,748.3,754.7,743.9,170.5,172.0,175.5,176.9,2.31,91.6,1.968,2928.7,742.5,750.5,753.5,743.5,170.7,172.2,175.7,176.7,2.31,92.1,1.957,7.7,1.098,1,oil_leak,0,0.55,0.5,1800.0
320.5,descend_land,29.382647385984427,1123.7486095661848,31.57397107897664,2931.0,743.2,749.2,752.9,745.8,170.0,172.6,175.4,176.3,2.28,92.5,1.945,2928.5,742.5,750.5,753.5,743.5,170.7,172.2,175.7,176.7,2.31,92.1,1.957,7.7,1.098,1,oil_leak,0,0.55,0.5,1800.0
320.6,descend_land,29.371523915461623,1121.023359288098,31.557285873192434,2927.4,741.9,749.4,753.6,742.4,170.3,171.9,175.7,177.7,2.35,92.1,1.908,2928.3,742.4,750.4,753.4,743.4,170.7,172.2,175.7,176.7,2.31,92.1,1.957,7.7,1.098,1,oil_leak,0,0.55,0.5,1800.0
320.7,descend_land,29.360400444938822,1118.298109010011,31.54060066740823,2926.7,743.7,750.8,756.0,745.8,170.7,171.1,176.4,177.1,2.33,91.9,1.976,2928.1,742.4,750.4,753.4,743.4,170.7,172.2,175.7,176.7,2.31,92.1,1.957,7.7,1.099,1,oil_leak,0,0.55,0.5,1800.0
320.8,descend_land,29.349276974416018,1115.5728587319245,31.52391546162403,2928.1,739.3,749.3,752.0,742.6,171.1,172.7,175.3,175.7,2.35,92.1,1.947,2927.9,742.4,750.4,753.4,743.4,170.7,172.2,175.7,176.7,2.31,92.1,1.956,7.7,1.099,1,oil_leak,0,0.55,0.5,1800.0
320.9,descend_land,29.338153503893214,1112.8476084538377,31.507230255839822,2927.6,739.3,750.7,754.3,744.3,170.7,171.6,174.0,176.7,2.35,91.5,1.916,2927.7,742.3,750.3,753.3,743.3,170.7,172.2,175.7,176.7,2.31,92.1,1.956,7.8,1.099,1,oil_leak,0,0.55,0.5,1800.0
321.0,descend_land,29.327030033370413,1110.1223581757508,31.490545050055616,2928.7,743.6,749.0,754.1,743.4,170.1,171.5,175.5,176.4,2.34,92.0,1.945,2927.5,742.3,750.3,753.3,743.3,170.6,172.1,175.6,176.6,2.31,92.2,1.956,7.8,1.1,1,oil_leak,0,0.55,0.5,1800.0
321.1,descend_land,29.31590656284761,1107.3971078976642,31.473859844271413,2929.2,740.8,751.3,752.9,744.7,170.0,171.4,175.1,177.2,2.29,93.1,1.885,2927.4,742.3,750.3,753.3,743.3,170.6,172.1,175.6,176.6,2.31,92.2,1.956,7.8,1.1,1,oil_leak,0,0.55,0.5,1800.0
321.2,descend_land,29.304783092324804,1104.6718576195774,31.45717463848721,2930.1,742.4,748.3,754.0,743.1,170.6,172.6,175.0,177.0,2.29,92.6,1.991,2927.2,742.2,750.2,753.2,743.2,170.6,172.1,175.6,176.6,2.31,92.2,1.956,7.8,1.1,1,oil_leak,0,0.55,0.5,1800.0
321.3,descend_land,29.293659621802,1101.9466073414906,31.440489432703004,2924.7,740.2,750.9,750.6,743.2,171.0,172.9,176.0,175.6,2.31,92.7,1.963,2927.0,742.2,750.2,753.2,743.2,170.6,172.1,175.6,176.6,2.31,92.2,1.956,7.8,1.101,1,oil_leak,0,0.55,0.5,1800.0
321.4,descend_land,29.2825361512792,1099.221357063404,31.423804226918797,2933.8,742.4,750.9,753.3,745.0,170.5,170.9,175.1,176.2,2.3,92.1,1.965,2926.8,742.2,750.2,753.2,743.2,170.6,172.1,175.6,176.6,2.31,92.2,1.956,7.9,1.101,1,oil_leak,0,0.55,0.5,1800.0
321.5,descend_land,29.271412680756395,1096.4961067853171,31.407119021134594,2922.3,743.5,750.6,753.8,744.1,169.9,172.4,175.8,176.8,2.29,92.4,1.948,2926.6,742.2,750.2,753.2,743.2,170.6,172.1,175.6,176.6,2.31,92.2,1.955,7.9,1.101,1,oil_leak,0,0.55,0.5,1800.0
321.6,descend_land,29.260289210233594,1093.7708565072303,31.39043381535039,2933.8,742.0,748.2,752.7,745.0,170.1,171.2,175.3,175.7,2.31,91.4,1.978,2926.4,742.1,750.1,753.1,743.1,170.6,172.1,175.6,176.6,2.31,92.2,1.955,7.9,1.101,1,oil_leak,0,0.55,0.5,1800.0
321.7,descend_land,29.24916573971079,1091.0456062291437,31.373748609566185,2926.7,745.7,747.1,754.0,743.2,170.7,171.2,174.3,177.6,2.32,91.6,1.928,2926.2,742.1,750.1,753.1,743.1,170.6,172.1,175.6,176.6,2.31,92.2,1.955,7.9,1.102,1,oil_leak,0,0.55,0.5,1800.0
321.8,descend_land,29.238042269187986,1088.3203559510569,31.35706340378198,2910.4,743.6,746.8,752.1,744.3,171.0,170.9,175.5,177.9,2.3,92.1,1.975,2926.0,742.1,750.1,753.1,743.1,170.6,172.1,175.6,176.6,2.3,92.2,1.955,7.9,1.102,1,oil_leak,0,0.55,0.5,1800.0
321.9,descend_land,29.22691879866518,1085.59510567297,31.340378197997776,2925.0,742.0,748.2,751.4,742.6,170.0,172.4,175.0,175.6,2.29,92.0,1.969,2925.8,742.0,750.0,753.0,743.0,170.6,172.1,175.6,176.6,2.3,92.3,1.955,7.9,1.102,1,oil_leak,0,0.55,0.5,1800.0
322.0,descend_land,29.21579532814238,1082.8698553948832,31.323692992213573,2925.6,742.6,752.2,752.7,742.2,170.6,172.5,174.7,175.9,2.33,91.9,1.957,2925.6,742.0,750.0,753.0,743.0,170.6,172.1,175.6,176.6,2.3,92.3,1.955,8.0,1.103,1,oil_leak,0,0.55,0.5,1800.0
322.1,descend_land,29.204671857619577,1080.1446051167966,31.307007786429367,2924.2,742.6,749.8,751.3,744.7,170.6,173.3,174.4,176.0,2.3,92.8,1.983,2925.4,742.0,750.0,753.0,743.0,170.6,172.1,175.6,176.6,2.3,92.3,1.954,8.0,1.103,1,oil_leak,0,0.55,0.5,1800.0
322.2,descend_land,29.193548387096776,1077.4193548387098,31.29032258064516,2923.1,743.1,748.3,751.5,743.1,171.0,172.3,175.5,176.4,2.31,92.1,1.97,2925.2,742.0,750.0,753.0,743.0,170.6,172.1,175.6,176.6,2.3,92.3,1.954,8.0,1.103,1,oil_leak,0,0.55,0.5,1800.0
322.3,descend_land,29.18242491657397,1074.694104560623,31.273637374860957,2933.1,739.7,749.4,753.9,741.9,170.4,171.7,174.9,176.4,2.27,92.5,1.982,2925.1,741.9,749.9,752.9,742.9,170.6,172.1,175.6,176.6,2.3,92.3,1.954,8.0,1.104,1,oil_leak,0,0.55,0.5,1800.0
322.4,descend_land,29.171301446051167,1071.9688542825363,31.256952169076754,2919.9,742.1,751.1,753.5,744.6,170.4,172.0,176.9,175.9,2.34,92.0,1.942,2924.9,741.9,749.9,752.9,742.9,170.5,172.0,175.5,176.5,2.3,92.3,1.954,8.0,1.104,1,oil_leak,0,0.55,0.5,1800.0
322.5,descend_land,29.160177975528363,1069.2436040044495,31.240266963292548,2928.5,741.4,749.5,753.7,742.2,171.3,172.3,176.3,176.2,2.31,91.0,1.927,2924.7,741.9,749.9,752.9,742.9,170.5,172.0,175.5,176.5,2.3,92.3,1.954,8.0,1.104,1,oil_leak,0,0.55,0.5,1800.0
322.6,descend_land,29.149054505005562,1066.5183537263626,31.22358175750834,2920.4,741.4,754.0,749.1,742.6,170.8,172.7,176.5,176.9,2.36,92.2,1.94,2924.5,741.8,749.8,752.8,742.8,170.5,172.0,175.5,176.5,2.3,92.3,1.954,8.1,1.104,1,oil_leak,0,0.55,0.5,1800.0
322.7,descend_land,29.137931034482758,1063.793103448276,31.20689655172414,2923.5,740.8,750.5,753.9,744.2,170.7,172.0,175.3,176.6,2.3,92.5,1.948,2924.3,741.8,749.8,752.8,742.8,170.5,172.0,175.5,176.5,2.3,92.4,1.953,8.1,1.105,1,oil_leak,0,0.55,0.5,1800.0
322.8,descend_land,29.126807563959957,1061.0678531701892,31.190211345939936,2933.9,742.3,748.3,754.5,742.5,169.5,171.0,175.5,176.0,2.29,92.2,1.996,2924.1,741.8,749.8,752.8,742.8,170.5,172.0,175.5,176.5,2.3,92.4,1.953,8.1,1.105,1,oil_leak,0,0.55,0.5,1800.0
322.9,descend_land,29.115684093437153,1058.3426028921024,31.17352614015573,2924.1,740.9,750.4,751.3,745.2,171.1,171.2,175.7,177.8,2.31,92.8,1.953,2923.9,741.8,749.8,752.8,742.8,170.5,172.0,175.5,176.5,2.3,92.4,1.953,8.1,1.105,1,oil_leak,0,0.55,0.5,1800.0
323.0,descend_land,29.10456062291435,1055.6173526140158,31.156840934371523,2919.7,742.7,745.5,753.2,742.6,169.1,171.7,176.8,177.3,2.34,92.7,1.928,2923.7,741.7,749.7,752.7,742.7,170.5,172.0,175.5,176.5,2.3,92.4,1.953,8.1,1.106,1,oil_leak,0,0.55,0.5,1800.0
323.1,descend_land,29.093437152391544,1052.892102335929,31.14015572858732,2926.2,745.0,750.0,752.2,742.7,170.2,172.0,175.6,177.1,2.28,91.8,1.989,2923.5,741.7,749.7,752.7,742.7,170.5,172.0,175.5,176.5,2.3,92.4,1.953,8.2,1.106,1,oil_leak,0,0.55,0.5,1800.0
323.2,descend_land,29.082313681868744,1050.166852057842,31.123470522803114,2924.1,740.9,747.5,752.2,741.9,170.8,172.3,174.9,176.4,2.28,91.9,1.96,2923.3,741.7,749.7,752.7,742.7,170.5,172.0,175.5,176.5,2.3,92.4,1.952,8.2,1.106,1,oil_leak,0,0.55,0.5,1800.0
323.3,descend_land,29.07119021134594,1047.4416017797553,31.10678531701891,2926.6,741.5,749.7,753.5,742.3,171.8,170.6,176.0,177.3,2.3,93.0,1.913,2923.1,741.6,749.6,752.6,742.6,170.5,172.0,175.5,176.5,2.3,92.4,1.952,8.2,1.106,1,oil_leak,0,0.55,0.5,1800.0
323.4,descend_land,29.06006674082314,1044.7163515016687,31.090100111234705,2911.2,744.2,750.1,752.4,741.2,169.8,171.2,175.9,176.4,2.32,92.8,1.999,2922.9,741.6,749.6,752.6,742.6,170.5,172.0,175.5,176.5,2.3,92.4,1.952,8.2,1.107,1,oil_leak,0,0.55,0.5,1800.0
323.5,descend_land,29.048943270300335,1041.9911012235818,31.0734149054505,2912.2,742.0,748.6,753.5,744.5,170.7,171.1,174.8,177.3,2.32,92.0,1.953,2922.7,741.6,749.6,752.6,742.6,170.5,172.0,175.5,176.5,2.3,92.5,1.952,8.2,1.107,1,oil_leak,0,0.55,0.5,1800.0
323.6,descend_land,29.03781979977753,1039.265850945495,31.056729699666295,2922.7,742.6,752.0,752.8,743.3,170.6,171.0,175.8,176.3,2.27,92.7,1.95,2922.5,741.5,749.5,752.5,742.5,170.5,172.0,175.5,176.5,2.3,92.5,1.952,8.2,1.107,1,oil_leak,0,0.55,0.5,1800.0
323.7,descend_land,29.026696329254726,1036.5406006674084,31.040044493882093,2914.4,743.3,748.4,753.6,744.7,169.8,171.8,174.2,176.6,2.35,93.0,1.936,2922.3,741.5,749.5,752.5,742.5,170.5,172.0,175.5,176.5,2.3,92.5,1.952,8.3,1.108,1,oil_leak,0,0.55,0.5,1800.0
323.8,descend_land,29.015572858731925,1033.8153503893216,31.023359288097886,2926.9,741.9,751.0,751.4,741.7,169.8,173.0,175.4,177.6,2.33,92.5,1.912,2922.1,741.5,749.5,752.5,742.5,170.4,171.9,175.4,176.4,2.3,92.5,1.951,8.3,1.108,1,oil_leak,0,0.55,0.5,1800.0
323.9,descend_land,29.00444938820912,1031.0901001112347,31.00667408231368,2921.7,741.2,747.5,753.6,743.1,170.2,171.7,175.1,176.9,2.31,92.3,1.957,2921.9,741.5,749.5,752.5,742.5,170.4,171.9,175.4,176.4,2.3,92.5,1.951,8.3,1.108,1,oil_leak,0,0.55,0.5,1800.0
324.0,descend_land,28.993325917686317,1028.3648498331481,30.989988876529477,2928.2,743.2,748.8,751.8,741.4,170.4,171.9,174.3,176.0,2.26,92.7,1.971,2921.8,741.4,749.4,752.4,742.4,170.4,171.9,175.4,176.4,2.3,92.5,1.951,8.3,1.109,1,oil_leak,0,0.55,0.5,1800.0
324.1,descend_land,28.982202447163516,1025.6395995550613,30.973303670745274,2926.4,739.6,748.5,754.8,744.9,170.4,172.0,175.8,176.3,2.28,92.5,1.99,2921.6,741.4,749.4,752.4,742.4,170.4,171.9,175.4,176.4,2.3,92.5,1.951,8.3,1.109,1,oil_leak,0,0.55,0.5,1800.0
324.2,descend_land,28.97107897664071,1022.9143492769745,30.956618464961068,2921.6,742.7,750.4,752.1,744.9,170.3,172.5,175.0,177.2,2.31,92.9,1.951,2921.4,741.4,749.4,752.4,742.4,170.4,171.9,175.4,176.4,2.3,92.6,1.951,8.4,1.109,1,oil_leak,0,0.55,0.5,1800.0
324.3,descend_land,28.959955506117907,1020.1890989988879,30.93993325917686,2926.1,740.1,750.1,754.3,742.2,170.3,171.9,175.1,176.8,2.26,92.1,1.943,2921.2,741.3,749.3,752.3,742.3,170.4,171.9,175.4,176.4,2.3,92.6,1.951,8.4,1.109,1,oil_leak,0,0.55,0.5,1800.0
324.4,descend_land,28.948832035595107,1017.463848720801,30.92324805339266,2921.1,741.1,748.8,748.7,741.8,169.7,171.9,174.7,176.9,2.31,92.7,1.958,2921.0,741.3,749.3,752.3,742.3,170.4,171.9,175.4,176.4,2.3,92.6,1.95,8.4,1.11,1,oil_leak,0,0.55,0.5,1800.0
324.5,descend_land,28.937708565072302,1014.7385984427142,30.906562847608456,2914.8,742.2,746.5,752.5,744.4,170.2,170.0,174.6,176.6,2.29,92.6,1.946,2920.8,741.3,749.3,752.3,742.3,170.4,171.9,175.4,176.4,2.3,92.6,1.95,8.4,1.11,1,oil_leak,0,0.55,0.5,1800.0
324.6,descend_land,28.926585094549498,1012.0133481646274,30.88987764182425,2912.4,740.6,749.0,751.3,741.7,170.0,171.9,175.2,175.4,2.28,92.4,1.925,2920.6,741.3,749.3,752.3,742.3,170.4,171.9,175.4,176.4,2.3,92.6,1.95,8.4,1.11,1,oil_leak,0,0.55,0.5,1800.0
324.7,descend_land,28.915461624026698,1009.2880978865408,30.873192436040043,2917.3,741.5,748.4,754.1,744.7,170.1,171.9,174.6,177.2,2.32,92.6,1.976,2920.4,741.2,749.2,752.2,742.2,170.4,171.9,175.4,176.4,2.3,92.6,1.95,8.4,1.111,1,oil_leak,0,0.55,0.5,1800.0
324.8,descend_land,28.904338153503893,1006.5628476084539,30.85650723025584,2916.7,743.8,747.2,753.7,741.3,170.2,171.5,175.3,177.3,2.32,92.2,1.963,2920.2,741.2,749.2,752.2,742.2,170.4,171.9,175.4,176.4,2.3,92.6,1.95,8.5,1.111,1,oil_leak,0,0.55,0.5,1800.0
324.9,descend_land,28.89321468298109,1003.8375973303671,30.839822024471637,2916.0,740.6,748.7,752.1,742.6,170.3,171.2,175.2,176.7,2.3,92.2,1.934,2920.0,741.2,749.2,752.2,742.2,170.4,171.9,175.4,176.4,2.29,92.6,1.95,8.5,1.111,1,oil_leak,0,0.55,0.5,1800.0
325.0,descend_land,28.882091212458285,1001.1123470522805,30.82313681868743,2920.9,741.5,747.9,751.5,741.4,169.5,172.2,174.6,176.2,2.27,92.8,1.978,2919.8,741.1,749.1,752.1,742.1,170.4,171.9,175.4,176.4,2.29,92.7,1.949,8.5,1.112,1,oil_leak,0,0.55,0.5,1800.0
325.1,descend_land,28.870967741935484,998.3870967741937,30.806451612903224,2919.2,742.7,750.4,752.0,742.2,170.8,171.5,175.1,175.7,2.3,92.7,1.985,2919.6,741.1,749.1,752.1,742.1,170.4,171.9,175.4,176.4,2.29,92.7,1.949,8.5,1.112,1,oil_leak,0,0.55,0.5,1800.0
325.2,descend_land,28.85984427141268,995.6618464961068,30.78976640711902,2916.0,740.9,752.0,752.2,741.5,169.9,171.1,174.8,177.0,2.31,92.0,1.951,2919.4,741.1,749.1,752.1,742.1,170.3,171.8,175.3,176.3,2.29,92.7,1.949,8.5,1.112,1,oil_leak,0,0.55,0.5,1800.0
325.3,descend_land,28.84872080088988,992.9365962180202,30.77308120133482,2925.4,741.6,749.0,752.8,741.0,170.3,171.2,174.7,176.2,2.32,92.9,1.941,2919.2,741.0,749.0,752.0,742.0,170.3,171.8,175.3,176.3,2.29,92.7,1.949,8.5,1.112,1,oil_leak,0,0.55,0.5,1800.0
325.4,descend_land,28.837597330367075,990.2113459399334,30.756395995550612,2922.7,738.3,749.3,751.5,740.4,170.2,170.3,176.3,176.7,2.31,93.2,1.949,2919.0,741.0,749.0,752.0,742.0,170.3,171.8,175.3,176.3,2.29,92.7,1.949,8.6,1.113,1,oil_leak,0,0.55,0.5,1800.0
325.5,descend_land,28.82647385984427,987.4860956618465,30.739710789766406,2924.0,743.1,750.3,750.8,742.6,170.6,171.8,174.9,177.2,2.32,91.9,1.971,2918.8,741.0,749.0,752.0,742.0,170.3,171.8,175.3,176.3,2.29,92.7,1.949,8.6,1.113,1,oil_leak,0,0.55,0.5,1800.0
325.6,descend_land,28.815350389321466,984.7608453837597,30.723025583982203,2922.4,739.9,750.5,752.3,744.4,171.0,171.9,176.0,175.3,2.28,92.6,1.94,2918.6,741.0,749.0,752.0,742.0,170.3,171.8,175.3,176.3,2.29,92.7,1.948,8.6,1.113,1,oil_leak,0,0.55,0.5,1800.0
325.7,descend_land,28.804226918798665,982.0355951056731,30.706340378198,2921.3,739.5,748.5,752.2,743.2,170.7,171.8,176.4,176.2,2.34,93.2,1.939,2918.4,740.9,748.9,751.9,741.9,170.3,171.8,175.3,176.3,2.29,92.7,1.948,8.6,1.114,1,oil_leak,0,0.55,0.5,1800.0
325.8,descend_land,28.79310344827586,979.3103448275863,30.689655172413794,2922.9,738.5,746.5,754.6,741.3,170.6,171.8,174.6,176.0,2.28,92.6,1.944,2918.2,740.9,748.9,751.9,741.9,170.3,171.8,175.3,176.3,2.29,92.8,1.948,8.6,1.114,1,oil_leak,0,0.55,0.5,1800.0
325.9,descend_land,28.78197997775306,976.5850945494994,30.672969966629587,2922.8,740.8,750.2,750.5,739.8,170.1,171.4,176.0,175.4,2.28,92.9,1.952,2918.0,740.9,748.9,751.9,741.9,170.3,171.8,175.3,176.3,2.29,92.8,1.948,8.7,1.114,1,oil_leak,0,0.55,0.5,1800.0
326.0,descend_land,28.770856507230256,973.8598442714128,30.656284760845384,2919.5,743.3,749.3,751.1,742.5,169.9,172.2,175.8,177.5,2.28,92.3,1.916,2917.8,740.8,748.8,751.8,741.8,170.3,171.8,175.3,176.3,2.29,92.8,1.948,8.7,1.115,1,oil_leak,0,0.55,0.5,1800.0
326.1,descend_land,28.759733036707452,971.134593993326,30.63959955506118,2917.3,741.3,749.6,753.4,742.9,169.9,171.7,175.8,176.7,2.33,93.6,1.943,2917.6,740.8,748.8,751.8,741.8,170.3,171.8,175.3,176.3,2.29,92.8,1.948,8.7,1.115,1,oil_leak,0,0.55,0.5,1800.0
326.2,descend_land,28.748609566184648,968.4093437152392,30.622914349276975,2926.2,739.4,747.4,754.2,742.3,170.6,172.2,174.7,176.6,2.28,92.8,1.947,2917.4,740.8,748.8,751.8,741.8,170.3,171.8,175.3,176.3,2.29,92.8,1.947,8.7,1.115,1,oil_leak,0,0.55,0.5,1800.0
326.3,descend_land,28.737486095661847,965.6840934371526,30.60622914349277,2918.2,742.6,746.5,750.0,741.7,169.7,172.6,175.0,178.1,2.28,92.7,1.94,2917.2,740.7,748.7,751.7,741.7,170.3,171.8,175.3,176.3,2.29,92.8,1.947,8.7,1.115,1,oil_leak,0,0.55,0.5,1800.0
326.4,descend_land,28.726362625139043,962.9588431590657,30.589543937708566,2913.4,743.4,749.0,752.8,741.5,170.1,172.0,175.1,177.0,2.31,92.8,1.966,2917.0,740.7,748.7,751.7,741.7,170.3,171.8,175.3,176.3,2.29,92.8,1.947,8.7,1.116,1,oil_leak,0,0.55,0.5,1800.0
326.5,descend_land,28.715239154616242,960.2335928809789,30.572858731924363,2925.5,740.3,752.0,752.0,742.4,170.6,170.8,174.7,176.1,2.31,92.6,1.925,2916.8,740.7,748.7,751.7,741.7,170.3,171.8,175.3,176.3,2.29,92.9,1.947,8.8,1.116,1,oil_leak,0,0.55,0.5,1800.0
326.6,descend_land,28.704115684093438,957.5083426028923,30.556173526140157,2913.9,740.1,751.2,750.8,742.8,170.5,171.2,175.5,175.5,2.34,93.9,2.018,2916.6,740.7,748.7,751.7,741.7,170.3,171.8,175.3,176.3,2.29,92.9,1.947,8.8,1.116,1,oil_leak,0,0.55,0.5,1800.0
326.7,descend_land,28.692992213570633,954.7830923248055,30.53948832035595,2922.0,739.3,748.1,752.0,744.5,170.7,172.1,174.5,176.5,2.28,93.1,1.899,2916.4,740.6,748.6,751.6,741.6,170.2,171.7,175.2,176.2,2.29,92.9,1.946,8.8,1.117,1,oil_leak,0,0.55,0.5,1800.0
326.8,descend_land,28.68186874304783,952.0578420467186,30.522803114571747,2922.4,739.3,749.9,751.1,742.3,171.5,172.0,175.1,175.8,2.27,92.9,1.949,2916.2,740.6,748.6,751.6,741.6,170.2,171.7,175.2,176.2,2.29,92.9,1.946,8.8,1.117,1,oil_leak,0,0.55,0.5,1800.0
326.9,descend_land,28.67074527252503,949.3325917686318,30.506117908787544,2918.1,739.2,748.4,752.1,740.1,169.9,171.0,175.8,177.0,2.31,92.0,1.927,2916.0,740.6,748.6,751.6,741.6,170.2,171.7,175.2,176.2,2.29,92.9,1.946,8.8,1.117,1,oil_leak,0,0.55,0.5,1800.0
327.0,descend_land,28.659621802002224,946.6073414905452,30.489432703003338,2913.4,739.0,747.3,750.4,740.3,169.5,172.0,175.5,175.4,2.28,93.1,1.918,2915.8,740.5,748.5,751.5,741.5,170.2,171.7,175.2,176.2,2.29,92.9,1.946,8.8,1.117,1,oil_leak,0,0.55,0.5,1800.0
327.1,descend_land,28.648498331479423,943.8820912124584,30.47274749721913,2926.1,740.4,747.1,752.3,743.0,169.8,171.6,174.8,175.1,2.3,92.6,1.937,2915.6,740.5,748.5,751.5,741.5,170.2,171.7,175.2,176.2,2.29,92.9,1.946,8.9,1.118,1,oil_leak,0,0.55,0.5,1800.0
327.2,descend_land,28.63737486095662,941.1568409343715,30.456062291434925,2922.5,743.2,747.5,755.8,742.5,170.2,172.6,176.0,176.3,2.27,93.0,1.976,2915.4,740.5,748.5,751.5,741.5,170.2,171.7,175.2,176.2,2.29,92.9,1.946,8.9,1.118,1,oil_leak,0,0.55,0.5,1800.0
327.3,descend_land,28.626251390433815,938.4315906562849,30.439377085650722,2917.6,740.2,749.6,752.8,741.9,171.0,172.0,174.6,175.2,2.26,93.2,2.009,2915.2,740.5,748.5,751.5,741.5,170.2,171.7,175.2,176.2,2.29,93.0,1.945,8.9,1.118,1,oil_leak,0,0.55,0.5,1800.0
327.4,descend_land,28.61512791991101,935.7063403781981,30.42269187986652,2916.5,739.7,749.2,753.0,741.7,170.1,171.3,174.7,176.0,2.27,93.5,1.941,2915.0,740.4,748.4,751.4,741.4,170.2,171.7,175.2,176.2,2.29,93.0,1.945,8.9,1.119,1,oil_leak,0,0.55,0.5,1800.0
327.5,descend_land,28.60400444938821,932.9810901001113,30.406006674082313,2914.4,739.5,746.7,751.8,741.7,170.7,171.8,175.4,176.4,2.31,93.0,1.957,2914.8,740.4,748.4,751.4,741.4,170.2,171.7,175.2,176.2,2.29,93.0,1.945,8.9,1.119,1,oil_leak,0,0.55,0.5,1800.0
327.6,descend_land,28.592880978865406,930.2558398220247,30.389321468298107,2922.3,739.3,748.2,746.9,744.0,170.7,171.9,174.6,176.8,2.29,92.9,2.008,2914.6,740.4,748.4,751.4,741.4,170.2,171.7,175.2,176.2,2.29,93.0,1.945,9.0,1.119,1,oil_leak,0,0.55,0.5,1800.0
327.7,descend_land,28.5817575083426,927.5305895439378,30.372636262513904,2907.0,739.4,747.2,750.4,741.1,170.8,170.9,175.6,175.2,2.29,93.4,1.951,2914.4,740.3,748.3,751.3,741.3,170.2,171.7,175.2,176.2,2.29,93.0,1.945,9.0,1.12,1,oil_leak,0,0.55,0.5,1800.0
327.8,descend_land,28.5706340378198,924.805339265851,30.3559510567297,2909.2,740.9,746.7,751.5,741.0,170.3,172.7,176.0,176.7,2.31,92.6,1.964,2914.2,740.3,748.3,751.3,741.3,170.2,171.7,175.2,176.2,2.29,93.0,1.945,9.0,1.12,1,oil_leak,0,0.55,0.5,1800.0
327.9,descend_land,28.559510567296996,922.0800889877644,30.339265850945495,2912.3,741.8,746.9,751.7,740.0,170.8,172.2,175.2,176.0,2.26,92.1,1.969,2914.0,740.3,748.3,751.3,741.3,170.2,171.7,175.2,176.2,2.28,93.0,1.944,9.0,1.12,1,oil_leak,0,0.55,0.5,1800.0
328.0,descend_land,28.548387096774192,919.3548387096776,30.32258064516129,2913.7,741.6,746.3,751.4,741.6,171.5,171.2,176.1,176.3,2.27,93.3,1.912,2913.8,740.2,748.2,751.2,741.2,170.2,171.7,175.2,176.2,2.28,93.1,1.944,9.0,1.12,1,oil_leak,0,0.55,0.5,1800.0
328.1,descend_land,28.53726362625139,916.6295884315907,30.305895439377085,2912.4,739.8,749.6,751.9,740.9,170.2,171.8,176.7,176.4,2.28,93.1,1.987,2913.6,740.2,748.2,751.2,741.2,170.1,171.6,175.1,176.1,2.28,93.1,1.944,9.0,1.121,1,oil_leak,0,0.55,0.5,1800.0
328.2,descend_land,28.526140155728587,913.9043381535039,30.289210233592883,2923.8,740.9,748.8,753.6,742.1,168.9,170.7,175.0,176.8,2.26,93.1,1.84,2913.4,740.2,748.2,751.2,741.2,170.1,171.6,175.1,176.1,2.28,93.1,1.944,9.1,1.121,1,oil_leak,0,0.55,0.5,1800.0
328.3,descend_land,28.515016685205783,911.1790878754173,30.272525027808676,2916.7,740.7,748.7,751.1,742.8,170.3,171.9,176.0,176.0,2.3,93.4,1.975,2913.2,740.2,748.2,751.2,741.2,170.1,171.6,175.1,176.1,2.28,93.1,1.944,9.1,1.121,1,oil_leak,0,0.55,0.5,1800.0
328.4,descend_land,28.503893214682982,908.4538375973304,30.25583982202447,2911.0,740.5,750.6,751.7,741.0,170.0,171.8,175.2,175.9,2.29,93.0,1.964,2913.0,740.1,748.1,751.1,741.1,170.1,171.6,175.1,176.1,2.28,93.1,1.944,9.1,1.122,1,oil_leak,0,0.55,0.5,1800.0
328.5,descend_land,28.492769744160178,905.7285873192436,30.239154616240267,2905.4,738.1,746.5,752.0,739.6,170.4,172.6,175.4,176.9,2.24,93.1,1.964,2912.8,740.1,748.1,751.1,741.1,170.1,171.6,175.1,176.1,2.28,93.1,1.943,9.1,1.122,1,oil_leak,0,0.55,0.5,1800.0
328.6,descend_land,28.481646273637374,903.003337041157,30.222469410456064,2904.7,737.9,747.3,749.0,741.0,170.3,172.3,176.7,175.1,2.3,92.7,1.991,2912.6,740.1,748.1,751.1,741.1,170.1,171.6,175.1,176.1,2.28,93.1,1.943,9.1,1.122,1,oil_leak,0,0.55,0.5,1800.0
328.7,descend_land,28.47052280311457,900.2780867630702,30.205784204671858,2917.4,739.8,748.1,748.0,740.6,170.3,170.5,174.6,175.4,2.27,93.4,1.939,2912.4,740.0,748.0,751.0,741.0,170.1,171.6,175.1,176.1,2.28,93.1,1.943,9.1,1.123,1,oil_leak,0,0.55,0.5,1800.0
328.8,descend_land,28.45939933259177,897.5528364849833,30.18909899888765,2909.1,742.3,748.6,750.4,742.9,170.0,170.9,175.1,176.7,2.25,93.4,1.997,2912.2,740.0,748.0,751.0,741.0,170.1,171.6,175.1,176.1,2.28,93.2,1.943,9.2,1.123,1,oil_leak,0,0.55,0.5,1800.0
328.9,descend_land,28.448275862068964,894.8275862068967,30.17241379310345,2908.6,739.5,747.2,750.6,743.8,169.2,171.2,174.8,175.6,2.26,92.5,1.921,2912.0,740.0,748.0,751.0,741.0,170.1,171.6,175.1,176.1,2.28,93.2,1.943,9.2,1.123,1,oil_leak,0,0.55,0.5,1800.0
329.0,descend_land,28.437152391546164,892.1023359288099,30.155728587319246,2896.5,740.2,751.2,750.1,739.2,170.7,171.9,174.7,176.1,2.28,92.5,1.907,2911.8,740.0,748.0,751.0,741.0,170.1,171.6,175.1,176.1,2.28,93.2,1.942,9.2,1.123,1,oil_leak,0,0.55,0.5,1800.0
329.1,descend_land,28.42602892102336,889.3770856507231,30.13904338153504,2908.3,740.5,750.0,751.0,740.7,169.3,171.9,175.4,176.5,2.25,93.4,1.964,2911.6,739.9,747.9,750.9,740.9,170.1,171.6,175.1,176.1,2.28,93.2,1.942,9.2,1.124,1,oil_leak,0,0.55,0.5,1800.0
329.2,descend_land,28.414905450500555,886.6518353726365,30.122358175750833,2923.3,741.4,747.9,752.1,742.2,170.5,170.5,173.9,176.1,2.31,93.2,1.932,2911.4,739.9,747.9,750.9,740.9,170.1,171.6,175.1,176.1,2.28,93.2,1.942,9.2,1.124,1,oil_leak,0,0.55,0.5,1800.0
329.3,descend_land,28.40378197997775,883.9265850945496,30.10567296996663,2905.2,740.2,749.5,751.4,741.6,170.8,171.6,175.9,176.1,2.27,92.9,1.964,2911.2,739.9,747.9,750.9,740.9,170.1,171.6,175.1,176.1,2.28,93.2,1.942,9.3,1.124,1,oil_leak,0,0.55,0.5,1800.0
329.4,descend_land,28.39265850945495,881.2013348164628,30.088987764182427,2916.0,740.9,749.5,750.1,739.9,169.3,171.0,175.7,175.2,2.27,93.8,1.962,2911.0,739.8,747.8,750.8,740.8,170.1,171.6,175.1,176.1,2.28,93.2,1.942,9.3,1.125,1,oil_leak,0,0.55,0.5,1800.0
329.5,descend_land,28.381535038932146,878.476084538376,30.07230255839822,2909.0,740.6,747.6,751.7,740.3,169.7,171.3,174.7,175.9,2.28,93.5,1.947,2910.8,739.8,747.8,750.8,740.8,170.1,171.6,175.1,176.1,2.28,93.3,1.942,9.3,1.125,1,oil_leak,0,0.55,0.5,1800.0
329.6,descend_land,28.370411568409345,875.7508342602894,30.055617352614014,2905.0,737.7,745.9,750.7,745.8,170.0,171.9,176.0,176.2,2.24,93.7,1.864,2910.6,739.8,747.8,750.8,740.8,170.1,171.6,175.1,176.1,2.28,93.3,1.941,9.3,1.125,1,oil_leak,0,0.55,0.5,1800.0
329.7,descend_land,28.35928809788654,873.0255839822025,30.03893214682981,2909.1,743.0,745.8,748.7,739.9,169.6,172.6,174.2,176.1,2.28,93.2,1.927,2910.4,739.7,747.7,750.7,740.7,170.0,171.5,175.0,176.0,2.28,93.3,1.941,9.3,1.126,1,oil_leak,0,0.55,0.5,1800.0
329.8,descend_land,28.348164627363737,870.3003337041157,30.02224694104561,2913.5,740.1,750.6,751.0,741.8,170.6,170.8,175.4,176.5,2.24,93.4,1.987,2910.2,739.7,747.7,750.7,740.7,170.0,171.5,175.0,176.0,2.28,93.3,1.941,9.3,1.126,1,oil_leak,0,0.55,0.5,1800.0
329.9,descend_land,28.337041156840932,867.5750834260291,30.005561735261402,2909.6,740.3,748.1,750.0,738.1,170.3,171.4,174.9,176.2,2.29,93.2,1.936,2909.9,739.7,747.7,750.7,740.7,170.0,171.5,175.0,176.0,2.28,93.3,1.941,9.4,1.126,1,oil_leak,0,0.55,0.5,1800.0
330.0,descend_land,28.32591768631813,864.8498331479423,29.988876529477196,2905.8,737.2,748.1,748.8,741.3,169.5,170.2,175.6,176.2,2.32,94.0,1.957,2909.7,739.7,747.7,750.7,740.7,170.0,171.5,175.0,176.0,2.28,93.3,1.941,9.4,1.126,1,oil_leak,0,0.55,0.5,1800.0
330.1,descend_land,28.314794215795327,862.1245828698554,29.972191323692993,2918.8,741.9,747.1,751.3,740.3,170.6,171.4,176.4,175.4,2.26,93.6,1.922,2909.5,739.6,747.6,750.6,740.6,170.0,171.5,175.0,176.0,2.28,93.3,1.94,9.4,1.127,1,oil_leak,0,0.55,0.5,1800.0
330.2,descend_land,28.303670745272527,859.3993325917688,29.95550611790879,2902.6,738.7,748.1,751.1,740.5,170.7,171.9,174.8,176.2,2.26,92.7,2.015,2909.3,739.6,747.6,750.6,740.6,170.0,171.5,175.0,176.0,2.28,93.4,1.94,9.4,1.127,1,oil_leak,0,0.55,0.5,1800.0
330.3,descend_land,28.292547274749722,856.674082313682,29.938820912124584,2905.2,740.0,746.3,748.1,741.3,169.5,172.8,174.4,176.3,2.31,93.6,1.989,2909.1,739.6,747.6,750.6,740.6,170.0,171.5,175.0,176.0,2.28,93.4,1.94,9.4,1.127,1,oil_leak,0,0.55,0.5,1800.0
330.4,descend_land,28.281423804226918,853.9488320355952,29.922135706340377,2903.2,737.4,748.4,752.2,742.5,169.5,171.5,174.3,175.7,2.22,93.3,1.986,2908.9,739.5,747.5,750.5,740.5,170.0,171.5,175.0,176.0,2.28,93.4,1.94,9.4,1.128,1,oil_leak,0,0.55,0.5,1800.0
330.5,descend_land,28.270300333704114,851.2235817575086,29.905450500556174,2901.6,738.9,749.5,748.9,739.8,169.2,171.3,175.4,175.2,2.31,93.1,1.969,2908.7,739.5,747.5,750.5,740.5,170.0,171.5,175.0,176.0,2.28,93.4,1.94,9.5,1.128,1,oil_leak,0,0.55,0.5,1800.0
330.6,descend_land,28.259176863181313,848.4983314794217,29.88876529477197,2915.8,739.8,747.2,749.0,740.4,169.5,170.1,174.9,176.6,2.27,93.1,1.959,2908.5,739.5,747.5,750.5,740.5,170.0,171.5,175.0,176.0,2.28,93.4,1.94,9.5,1.128,1,oil_leak,0,0.55,0.5,1800.0
330.7,descend_land,28.24805339265851,845.7730812013349,29.872080088987765,2903.3,737.9,746.2,751.5,738.3,168.2,170.6,174.4,175.8,2.26,93.4,1.916,2908.3,739.4,747.4,750.4,740.4,170.0,171.5,175.0,176.0,2.28,93.4,1.939,9.5,1.129,1,oil_leak,0,0.55,0.5,1800.0
330.8,descend_land,28.236929922135708,843.0478309232481,29.85539488320356,2909.9,741.2,746.0,750.7,740.9,170.2,171.9,175.2,175.8,2.23,92.7,1.969,2908.1,739.4,747.4,750.4,740.4,170.0,171.5,175.0,176.0,2.28,93.4,1.939,9.5,1.129,1,oil_leak,0,0.55,0.5,1800.0
330.9,descend_land,28.225806451612904,840.3225806451615,29.838709677419356,2915.2,738.0,746.8,748.0,741.5,170.0,171.2,174.7,176.3,2.29,93.4,1.9,2907.9,739.4,747.4,750.4,740.4,170.0,171.5,175.0,176.0,2.27,93.5,1.939,9.5,1.129,1,oil_leak,0,0.55,0.5,1800.0
331.0,descend_land,28.2146829810901,837.5973303670746,29.822024471635153,2906.7,739.5,746.9,752.3,742.4,170.6,171.0,175.2,177.0,2.32,92.9,1.9,2907.7,739.4,747.4,750.4,740.4,170.0,171.5,175.0,176.0,2.27,93.5,1.939,9.6,1.129,1,oil_leak,0,0.55,0.5,1800.0
331.1,descend_land,28.203559510567295,834.8720800889878,29.805339265850947,2905.0,741.2,747.2,751.3,741.4,169.9,171.3,175.4,175.4,2.29,93.3,1.909,2907.5,739.3,747.3,750.3,740.3,170.0,171.5,175.0,176.0,2.27,93.5,1.939,9.6,1.13,1,oil_leak,0,0.55,0.5,1800.0
331.2,descend_land,28.192436040044495,832.1468298109012,29.78865406006674,2909.3,739.5,750.7,752.2,738.2,170.3,172.2,174.6,176.7,2.3,93.5,1.952,2907.3,739.3,747.3,750.3,740.3,169.9,171.4,174.9,175.9,2.27,93.5,1.938,9.6,1.13,1,oil_leak,0,0.55,0.5,1800.0
331.3,descend_land,28.18131256952169,829.4215795328143,29.771968854282534,2905.3,739.1,745.7,748.4,738.9,170.5,170.7,174.3,175.5,2.29,93.2,1.913,2907.1,739.3,747.3,750.3,740.3,169.9,171.4,174.9,175.9,2.27,93.5,1.938,9.6,1.13,1,oil_leak,0,0.55,0.5,1800.0
331.4,descend_land,28.170189098998886,826.6963292547275,29.75528364849833,2907.3,737.5,746.9,751.5,740.4,169.3,171.9,174.3,175.9,2.25,94.8,1.939,2906.9,739.2,747.2,750.2,740.2,169.9,171.4,174.9,175.9,2.27,93.5,1.938,9.6,1.131,1,oil_leak,0,0.55,0.5,1800.0
331.5,descend_land,28.159065628476085,823.9710789766409,29.738598442714128,2912.8,738.1,749.5,750.6,740.8,170.8,171.3,174.7,176.0,2.29,93.6,1.924,2906.7,739.2,747.2,750.2,740.2,169.9,171.4,174.9,175.9,2.27,93.5,1.938,9.6,1.131,1,oil_leak,0,0.55,0.5,1800.0
331.6,descend_land,28.14794215795328,821.2458286985541,29.72191323692992,2904.9,738.4,749.8,749.9,738.1,169.5,171.9,175.1,175.1,2.24,93.8,1.939,2906.4,739.2,747.2,750.2,740.2,169.9,171.4,174.9,175.9,2.27,93.6,1.938,9.7,1.131,1,oil_leak,0,0.55,0.5,1800.0
331.7,descend_land,28.136818687430477,818.5205784204672,29.705228031145715,2901.5,740.6,747.7,751.8,740.8,169.2,171.2,175.3,176.0,2.26,93.7,1.9,2906.2,739.2,747.2,750.2,740.2,169.9,171.4,174.9,175.9,2.27,93.6,1.938,9.7,1.132,1,oil_leak,0,0.55,0.5,1800.0
331.8,descend_land,28.125695216907676,815.7953281423806,29.688542825361512,2901.0,739.1,746.1,750.7,739.3,169.1,172.5,175.5,175.4,2.28,93.5,1.942,2906.0,739.1,747.1,750.1,740.1,169.9,171.4,174.9,175.9,2.27,93.6,1.937,9.7,1.132,1,oil_leak,0,0.55,0.5,1800.0
331.9,descend_land,28.114571746384872,813.0700778642938,29.67185761957731,2906.8,737.7,747.5,749.8,740.6,170.4,170.9,174.6,175.7,2.25,94.0,1.934,2905.8,739.1,747.1,750.1,740.1,169.9,171.4,174.9,175.9,2.27,93.6,1.937,9.7,1.132,1,oil_leak,0,0.55,0.5,1800.0
332.0,descend_land,28.103448275862068,810.344827586207,29.655172413793103,2906.7,740.5,745.8,747.6,737.9,169.6,170.9,175.7,177.0,2.3,93.8,1.927,2905.6,739.1,747.1,750.1,740.1,169.9,171.4,174.9,175.9,2.27,93.6,1.937,9.7,1.133,1,oil_leak,0,0.55,0.5,1800.0
332.1,descend_land,28.092324805339267,807.6195773081201,29.638487208008897,2902.0,740.7,745.5,748.5,738.5,169.3,171.4,175.3,176.4,2.25,93.9,1.896,2905.4,739.0,747.0,750.0,740.0,169.9,171.4,174.9,175.9,2.27,93.6,1.937,9.8,1.133,1,oil_leak,0,0.55,0.5,1800.0
332.2,descend_land,28.081201334816463,804.8943270300335,29.621802002224694,2907.9,739.4,744.1,748.9,742.9,170.2,172.0,174.0,175.8,2.28,93.7,1.92,2905.2,739.0,747.0,750.0,740.0,169.9,171.4,174.9,175.9,2.27,93.6,1.937,9.8,1.133,1,oil_leak,0,0.55,0.5,1800.0
332.3,descend_land,28.07007786429366,802.1690767519467,29.60511679644049,2899.7,739.2,746.4,750.1,737.5,169.4,172.1,175.4,176.1,2.29,93.2,1.961,2905.0,739.0,747.0,750.0,740.0,169.9,171.4,174.9,175.9,2.27,93.7,1.936,9.8,1.133,1,oil_leak,0,0.55,0.5,1800.0
332.4,descend_land,28.058954393770854,799.4438264738599,29.588431590656285,2903.7,738.8,745.4,752.2,742.3,170.0,171.2,174.4,175.2,2.26,93.5,1.93,2904.8,738.9,746.9,749.9,739.9,169.9,171.4,174.9,175.9,2.27,93.7,1.936,9.8,1.134,1,oil_leak,0,0.55,0.5,1800.0
332.5,descend_land,28.047830923248053,796.7185761957733,29.57174638487208,2911.8,739.1,751.6,751.9,739.5,168.6,170.8,174.7,176.2,2.26,93.8,1.941,2904.6,738.9,746.9,749.9,739.9,169.9,171.4,174.9,175.9,2.27,93.7,1.936,9.8,1.134,1,oil_leak,0,0.55,0.5,1800.0
332.6,descend_land,28.03670745272525,793.9933259176864,29.555061179087875,2893.6,737.9,746.4,748.1,738.9,169.7,170.4,174.8,176.3,2.27,93.4,1.947,2904.4,738.9,746.9,749.9,739.9,169.9,171.4,174.9,175.9,2.27,93.7,1.936,9.8,1.134,1,oil_leak,0,0.55,0.5,1800.0
332.7,descend_land,28.02558398220245,791.2680756395996,29.538375973303673,2912.5,739.6,748.3,747.3,739.9,169.6,171.6,173.4,175.8,2.28,94.0,1.972,2904.2,738.9,746.9,749.9,739.9,169.9,171.4,174.9,175.9,2.27,93.7,1.936,9.9,1.135,1,oil_leak,0,0.55,0.5,1800.0
332.8,descend_land,28.014460511679644,788.542825361513,29.521690767519466,2906.4,736.6,749.1,752.4,741.1,170.0,172.5,174.2,175.1,2.25,94.6,1.854,2903.9,738.8,746.8,749.8,739.8,169.8,171.3,174.8,175.8,2.27,93.7,1.936,9.9,1.135,1,oil_leak,0,0.55,0.5,1800.0
332.9,descend_land,28.00333704115684,785.8175750834262,29.50500556173526,2902.5,738.7,746.8,748.8,738.1,170.1,170.8,175.2,175.7,2.26,93.6,1.94,2903.7,738.8,746.8,749.8,739.8,169.8,171.3,174.8,175.8,2.27,93.7,1.935,9.9,1.135,1,oil_leak,0,0.55,0.5,1800.0
333.0,descend_land,27.992213570634036,783.0923248053393,29.488320355951057,2909.2,737.9,747.4,749.0,739.9,169.8,171.8,174.4,176.8,2.27,93.2,1.908,2903.5,738.8,746.8,749.8,739.8,169.8,171.3,174.8,175.8,2.27,93.8,1.935,9.9,1.136,1,oil_leak,0,0.55,0.5,1800.0
333.1,descend_land,27.981090100111235,780.3670745272525,29.471635150166854,2895.3,738.5,748.7,750.0,738.6,170.3,170.6,174.7,175.5,2.25,93.4,1.978,2903.3,738.7,746.7,749.7,739.7,169.8,171.3,174.8,175.8,2.27,93.8,1.935,9.9,1.136,1,oil_leak,0,0.55,0.5,1800.0
333.2,descend_land,27.96996662958843,777.6418242491659,29.454949944382648,2900.5,738.2,746.5,749.9,739.3,169.7,171.2,174.4,175.7,2.29,94.1,1.963,2903.1,738.7,746.7,749.7,739.7,169.8,171.3,174.8,175.8,2.27,93.8,1.935,9.9,1.136,1,oil_leak,0,0.55,0.5,1800.0
333.3,descend_land,27.95884315906563,774.9165739710791,29.43826473859844,2905.8,737.9,747.8,752.8,739.6,169.4,171.2,174.5,175.4,2.26,93.9,1.966,2902.9,738.7,746.7,749.7,739.7,169.8,171.3,174.8,175.8,2.27,93.8,1.935,10.0,1.136,1,oil_leak,0,0.55,0.5,1800.0
333.4,descend_land,27.947719688542826,772.1913236929922,29.42157953281424,2897.8,737.6,744.0,747.8,738.6,170.0,172.4,174.9,176.3,2.24,93.7,1.906,2902.7,738.6,746.6,749.6,739.6,169.8,171.3,174.8,175.8,2.27,93.8,1.934,10.0,1.137,1,oil_leak,0,0.55,0.5,1800.0
333.5,descend_land,27.93659621802002,769.4660734149056,29.404894327030036,2897.6,736.2,746.8,753.8,738.2,169.7,169.9,174.8,175.8,2.3,93.5,1.937,2902.5,738.6,746.6,749.6,739.6,169.8,171.3,174.8,175.8,2.27,93.8,1.934,10.0,1.137,1,oil_leak,0,0.55,0.5,1800.0
333.6,descend_land,27.925472747497217,766.7408231368188,29.38820912124583,2908.5,737.8,747.3,749.0,738.3,169.4,171.2,174.7,176.3,2.26,94.1,1.948,2902.3,738.6,746.6,749.6,739.6,169.8,171.3,174.8,175.8,2.27,93.8,1.934,10.0,1.137,1,oil_leak,0,0.55,0.5,1800.0
333.7,descend_land,27.914349276974416,764.015572858732,29.371523915461623,2910.2,737.7,747.1,750.0,736.7,169.5,170.8,174.2,176.1,2.31,92.9,1.957,2902.1,738.6,746.6,749.6,739.6,169.8,171.3,174.8,175.8,2.26,93.9,1.934,10.0,1.138,1,oil_leak,0,0.55,0.5,1800.0
333.8,descend_land,27.903225806451612,761.2903225806454,29.35483870967742,2897.8,737.9,745.5,752.4,741.1,168.7,171.3,175.7,177.0,2.31,94.4,1.888,2901.8,738.5,746.5,749.5,739.5,169.8,171.3,174.8,175.8,2.26,93.9,1.934,10.1,1.138,1,oil_leak,0,0.55,0.5,1800.0
333.9,descend_land,27.89210233592881,758.5650723025585,29.338153503893217,2904.2,737.7,744.3,750.4,737.7,169.2,171.0,174.5,175.2,2.27,93.3,1.946,2901.6,738.5,746.5,749.5,739.5,169.8,171.3,174.8,175.8,2.26,93.9,1.933,10.1,1.138,1,oil_leak,0,0.55,0.5,1800.0
334.0,descend_land,27.880978865406007,755.8398220244717,29.32146829810901,2909.7,740.6,745.9,750.1,743.1,170.7,171.5,175.1,175.6,2.28,93.8,1.97,2901.4,738.5,746.5,749.5,739.5,169.8,171.3,174.8,175.8,2.26,93.9,1.933,10.1,1.139,1,oil_leak,0,0.55,0.5,1800.0
334.1,descend_land,27.869855394883203,753.1145717463851,29.304783092324804,2899.9,736.9,746.2,750.9,739.5,169.1,171.8,173.9,174.6,2.24,93.6,1.949,2901.2,738.4,746.4,749.4,739.4,169.8,171.3,174.8,175.8,2.26,93.9,1.933,10.1,1.139,1,oil_leak,0,0.55,0.5,1800.0
334.2,descend_land,27.8587319243604,750.3893214682982,29.2880978865406,2903.0,740.3,746.8,749.5,737.7,169.4,172.2,175.6,175.8,2.3,94.5,1.938,2901.0,738.4,746.4,749.4,739.4,169.8,171.3,174.8,175.8,2.26,93.9,1.933,10.1,1.139,1,oil_leak,0,0.55,0.5,1800.0
334.3,descend_land,27.847608453837598,747.6640711902114,29.2714126807564,2904.2,738.7,745.6,750.9,740.3,170.1,170.7,173.4,175.4,2.28,93.5,1.904,2900.8,738.4,746.4,749.4,739.4,169.8,171.3,174.8,175.8,2.26,93.9,1.933,10.1,1.139,1,oil_leak,0,0.55,0.5,1800.0
334.4,descend_land,27.836484983314794,744.9388209121246,29.254727474972192,2900.6,736.0,747.4,748.6,740.5,169.6,170.5,174.5,175.7,2.23,94.1,1.893,2900.6,738.4,746.4,749.4,739.4,169.7,171.2,174.7,175.7,2.26,94.0,1.933,10.2,1.14,1,oil_leak,0,0.55,0.5,1800.0
334.5,descend_land,27.825361512791993,742.213570634038,29.238042269187986,2906.7,737.5,744.6,751.0,740.1,170.3,170.9,175.3,175.5,2.31,94.2,1.897,2900.4,738.3,746.3,749.3,739.3,169.7,171.2,174.7,175.7,2.26,94.0,1.932,10.2,1.14,1,oil_leak,0,0.55,0.5,1800.0
334.6,descend_land,27.81423804226919,739.4883203559511,29.221357063403783,2907.5,738.4,747.4,747.2,739.9,169.5,171.5,175.8,176.2,2.29,94.0,1.981,2900.1,738.3,746.3,749.3,739.3,169.7,171.2,174.7,175.7,2.26,94.0,1.932,10.2,1.14,1,oil_leak,0,0.55,0.5,1800.0
334.7,descend_land,27.803114571746384,736.7630700778643,29.20467185761958,2904.4,738.8,744.8,749.9,738.4,169.7,170.5,174.7,176.5,2.29,94.2,1.966,2899.9,738.3,746.3,749.3,739.3,169.7,171.2,174.7,175.7,2.26,94.0,1.932,10.2,1.141,1,oil_leak,0,0.55,0.5,1800.0
334.8,descend_land,27.79199110122358,734.0378197997777,29.187986651835374,2897.2,738.3,745.4,750.4,740.1,170.2,171.4,174.8,175.8,2.28,93.5,1.907,2899.7,738.2,746.2,749.2,739.2,169.7,171.2,174.7,175.7,2.26,94.0,1.932,10.2,1.141,1,oil_leak,0,0.55,0.5,1800.0
334.9,descend_land,27.78086763070078,731.3125695216909,29.171301446051167,2898.8,739.8,746.5,749.0,738.4,170.1,171.1,173.5,174.9,2.3,94.3,1.956,2899.5,738.2,746.2,749.2,739.2,169.7,171.2,174.7,175.7,2.26,94.0,1.932,10.2,1.141,1,oil_leak,0,0.55,0.5,1800.0
335.0,descend_land,27.769744160177975,728.587319243604,29.15461624026696,2900.8,738.6,747.7,748.2,740.4,171.4,171.2,175.1,175.9,2.24,94.2,1.982,2899.3,738.2,746.2,749.2,739.2,169.7,171.2,174.7,175.7,2.26,94.0,1.931,10.3,1.142,1,oil_leak,0,0.55,0.5,1800.0
335.1,descend_land,27.758620689655174,725.8620689655174,29.137931034482758,2904.2,738.4,744.9,748.2,739.6,169.8,170.3,175.4,175.6,2.28,93.7,1.94,2899.1,738.1,746.1,749.1,739.1,169.7,171.2,174.7,175.7,2.26,94.1,1.931,10.3,1.142,1,oil_leak,0,0.55,0.5,1800.0
335.2,descend_land,27.74749721913237,723.1368186874306,29.121245828698555,2900.7,740.0,746.0,749.3,740.3,170.0,171.5,175.2,175.7,2.28,93.8,1.871,2898.9,738.1,746.1,749.1,739.1,169.7,171.2,174.7,175.7,2.26,94.1,1.931,10.3,1.142,1,oil_leak,0,0.55,0.5,1800.0
335.3,descend_land,27.736373748609566,720.4115684093438,29.10456062291435,2907.7,738.1,745.7,750.8,740.1,170.1,171.1,173.9,175.7,2.26,93.7,1.938,2898.7,738.1,746.1,749.1,739.1,169.7,171.2,174.7,175.7,2.26,94.1,1.931,10.3,1.143,1,oil_leak,0,0.55,0.5,1800.0
335.4,descend_land,27.72525027808676,717.6863181312572,29.087875417130142,2897.8,736.4,746.9,747.9,737.8,169.0,171.9,175.2,175.7,2.23,93.8,1.916,2898.4,738.1,746.1,749.1,739.1,169.7,171.2,174.7,175.7,2.26,94.1,1.931,10.3,1.143,1,oil_leak,0,0.55,0.5,1800.0
335.5,descend_land,27.71412680756396,714.9610678531703,29.07119021134594,2891.9,738.1,744.6,749.4,740.0,169.5,170.9,175.8,175.2,2.22,93.6,1.923,2898.2,738.0,746.0,749.0,739.0,169.7,171.2,174.7,175.7,2.26,94.1,1.93,10.4,1.143,1,oil_leak,0,0.55,0.5,1800.0
335.6,descend_land,27.703003337041157,712.2358175750835,29.054505005561737,2892.0,737.5,746.7,750.6,737.7,170.0,171.3,175.3,175.5,2.27,94.0,1.936,2898.0,738.0,746.0,749.0,739.0,169.7,171.2,174.7,175.7,2.26,94.1,1.93,10.4,1.143,1,oil_leak,0,0.55,0.5,1800.0
335.7,descend_land,27.691879866518352,709.5105672969967,29.03781979977753,2887.0,738.6,745.2,748.3,738.1,169.2,171.4,173.6,175.5,2.26,93.7,1.863,2897.8,738.0,746.0,749.0,739.0,169.7,171.2,174.7,175.7,2.26,94.1,1.93,10.4,1.144,1,oil_leak,0,0.55,0.5,1800.0
335.8,descend_land,27.68075639599555,706.7853170189101,29.021134593993324,2899.1,737.4,745.3,748.7,738.3,170.2,170.2,175.7,175.5,2.26,93.9,1.938,2897.6,737.9,745.9,748.9,738.9,169.7,171.2,174.7,175.7,2.26,94.2,1.93,10.4,1.144,1,oil_leak,0,0.55,0.5,1800.0
335.9,descend_land,27.669632925472747,704.0600667408232,29.00444938820912,2895.2,739.3,748.0,748.1,740.6,168.7,171.6,174.4,176.0,2.27,93.7,1.968,2897.4,737.9,745.9,748.9,738.9,169.7,171.2,174.7,175.7,2.26,94.2,1.93,10.4,1.144,1,oil_leak,0,0.55,0.5,1800.0
336.0,descend_land,27.658509454949943,701.3348164627364,28.987764182424918,2901.7,737.2,744.6,749.2,739.8,170.3,172.1,174.7,176.7,2.28,95.0,1.905,2897.2,737.9,745.9,748.9,738.9,169.6,171.1,174.6,175.6,2.26,94.2,1.93,10.4,1.145,1,oil_leak,0,0.55,0.5,1800.0
336.1,descend_land,27.647385984427142,698.6095661846498,28.97107897664071,2905.4,739.5,744.9,748.8,740.6,170.6,170.9,174.6,176.1,2.26,94.2,1.91,2896.9,737.8,745.8,748.8,738.8,169.6,171.1,174.6,175.6,2.26,94.2,1.929,10.5,1.145,1,oil_leak,0,0.55,0.5,1800.0
336.2,descend_land,27.636262513904338,695.884315906563,28.954393770856505,2896.0,736.9,745.8,748.0,738.4,168.1,172.0,174.4,175.2,2.22,94.2,1.923,2896.7,737.8,745.8,748.8,738.8,169.6,171.1,174.6,175.6,2.26,94.2,1.929,10.5,1.145,1,oil_leak,0,0.55,0.5,1800.0
336.3,descend_land,27.625139043381534,693.1590656284761,28.937708565072302,2892.2,738.2,743.2,746.6,737.4,169.4,171.3,175.7,176.8,2.26,94.9,1.914,2896.5,737.8,745.8,748.8,738.8,169.6,171.1,174.6,175.6,2.26,94.2,1.929,10.5,1.146,1,oil_leak,0,0.55,0.5,1800.0
336.4,descend_land,27.614015572858733,690.4338153503895,28.9210233592881,2896.5,740.9,745.1,750.0,740.9,169.2,171.4,174.4,175.9,2.3,93.7,1.931,2896.3,737.8,745.8,748.8,738.8,169.6,171.1,174.6,175.6,2.25,94.2,1.929,10.5,1.146,1,oil_leak,0,0.55,0.5,1800.0
336.5,descend_land,27.60289210233593,687.7085650723027,28.904338153503893,2895.0,736.5,747.3,749.4,737.6,170.8,171.0,175.1,175.5,2.26,94.3,1.939,2896.1,737.7,745.7,748.7,738.7,169.6,171.1,174.6,175.6,2.25,94.3,1.929,10.5,1.146,1,oil_leak,0,0.55,0.5,1800.0
336.6,descend_land,27.591768631813125,684.9833147942159,28.887652947719687,2901.6,737.9,745.6,749.1,739.6,169.3,170.8,174.2,176.7,2.27,94.5,1.905,2895.9,737.7,745.7,748.7,738.7,169.6,171.1,174.6,175.6,2.25,94.3,1.928,10.5,1.146,1,oil_leak,0,0.55,0.5,1800.0
336.7,descend_land,27.58064516129032,682.2580645161293,28.870967741935484,2894.0,736.4,745.2,751.4,738.6,170.1,171.7,175.0,176.2,2.24,94.6,1.962,2895.7,737.7,745.7,748.7,738.7,169.6,171.1,174.6,175.6,2.25,94.3,1.928,10.6,1.147,1,oil_leak,0,0.55,0.5,1800.0
336.8,descend_land,27.56952169076752,679.5328142380424,28.85428253615128,2901.6,739.3,744.4,749.4,740.4,169.2,170.6,174.2,175.4,2.29,94.5,1.965,2895.4,737.6,745.6,748.6,738.6,169.6,171.1,174.6,175.6,2.25,94.3,1.928,10.6,1.147,1,oil_leak,0,0.55,0.5,1800.0
336.9,descend_land,27.558398220244715,676.8075639599556,28.837597330367075,2883.5,739.8,745.2,747.2,740.6,169.0,170.7,173.5,175.1,2.22,94.8,1.953,2895.2,737.6,745.6,748.6,738.6,169.6,171.1,174.6,175.6,2.25,94.3,1.928,10.6,1.147,1,oil_leak,0,0.55,0.5,1800.0
337.0,descend_land,27.547274749721915,674.0823136818688,28.82091212458287,2904.2,738.3,746.6,745.2,740.0,169.9,170.6,175.9,175.9,2.25,94.4,1.894,2895.0,737.6,745.6,748.6,738.6,169.6,171.1,174.6,175.6,2.25,94.3,1.928,10.6,1.148,1,oil_leak,0,0.55,0.5,1800.0
337.1,descend_land,27.53615127919911,671.3570634037821,28.804226918798665,2894.4,737.9,745.7,749.2,738.6,170.3,171.0,175.1,176.3,2.27,93.2,1.928,2894.8,737.5,745.5,748.5,738.5,169.6,171.1,174.6,175.6,2.25,94.4,1.927,10.6,1.148,1,oil_leak,0,0.55,0.5,1800.0
337.2,descend_land,27.525027808676306,668.6318131256953,28.787541713014463,2892.8,734.2,744.8,749.8,737.1,169.0,170.9,175.1,175.8,2.24,94.4,1.923,2894.6,737.5,745.5,748.5,738.5,169.6,171.1,174.6,175.6,2.25,94.4,1.927,10.7,1.148,1,oil_leak,0,0.55,0.5,1800.0
337.3,descend_land,27.513904338153502,665.9065628476085,28.770856507230256,2896.1,736.9,745.1,748.0,738.9,169.8,170.5,173.9,176.2,2.24,94.5,1.907,2894.4,737.5,745.5,748.5,738.5,169.6,171.1,174.6,175.6,2.25,94.4,1.927,10.7,1.149,1,oil_leak,0,0.55,0.5,1800.0
337.4,descend_land,27.5027808676307,663.1813125695219,28.75417130144605,2893.5,735.4,747.6,747.7,738.8,169.4,170.8,173.9,175.1,2.26,94.2,1.944,2894.1,737.5,745.5,748.5,738.5,169.6,171.1,174.6,175.6,2.25,94.4,1.927,10.7,1.149,1,oil_leak,0,0.55,0.5,1800.0
337.5,descend_land,27.491657397107897,660.456062291435,28.737486095661847,2892.5,736.2,745.8,748.4,738.5,170.3,170.6,174.3,175.6,2.23,95.0,1.924,2893.9,737.4,745.4,748.4,738.4,169.6,171.1,174.6,175.6,2.25,94.4,1.927,10.7,1.149,1,oil_leak,0,0.55,0.5,1800.0
337.6,descend_land,27.480533926585096,657.7308120133482,28.720800889877644,2894.0,737.6,745.0,749.4,736.3,169.9,170.7,174.4,176.6,2.28,94.4,1.954,2893.7,737.4,745.4,748.4,738.4,169.6,171.1,174.6,175.6,2.25,94.4,1.926,10.7,1.15,1,oil_leak,0,0.55,0.5,1800.0
337.7,descend_land,27.469410456062292,655.0055617352616,28.704115684093438,2890.2,739.4,747.4,748.4,738.3,169.5,170.3,174.9,175.4,2.25,94.9,1.897,2893.5,737.4,745.4,748.4,738.4,169.5,171.0,174.5,175.5,2.25,94.4,1.926,10.7,1.15,1,oil_leak,0,0.55,0.5,1800.0
337.8,descend_land,27.458286985539488,652.2803114571748,28.68743047830923,2894.2,739.1,746.1,748.2,737.7,168.7,171.1,174.3,176.3,2.25,94.8,1.925,2893.3,737.3,745.3,748.3,738.3,169.5,171.0,174.5,175.5,2.25,94.5,1.926,10.8,1.15,1,oil_leak,0,0.55,0.5,1800.0
337.9,descend_land,27.447163515016683,649.5550611790879,28.67074527252503,2899.0,737.7,745.0,746.0,740.1,169.0,170.4,174.9,175.2,2.28,94.6,1.953,2893.1,737.3,745.3,748.3,738.3,169.5,171.0,174.5,175.5,2.25,94.5,1.926,10.8,1.15,1,oil_leak,0,0.55,0.5,1800.0
338.0,descend_land,27.436040044493883,646.8298109010013,28.654060066740826,2885.9,736.7,744.7,750.4,735.4,170.2,171.3,174.9,175.9,2.28,94.8,1.99,2892.8,737.3,745.3,748.3,738.3,169.5,171.0,174.5,175.5,2.25,94.5,1.926,10.8,1.151,1,oil_leak,0,0.55,0.5,1800.0
338.1,descend_land,27.42491657397108,644.1045606229145,28.63737486095662,2892.5,738.2,744.9,748.2,737.6,169.5,170.5,173.7,175.5,2.29,94.6,1.907,2892.6,737.3,745.3,748.3,738.3,169.5,171.0,174.5,175.5,2.25,94.5,1.925,10.8,1.151,1,oil_leak,0,0.55,0.5,1800.0
338.2,descend_land,27.413793103448278,641.3793103448277,28.620689655172413,2895.5,733.6,745.6,748.4,739.0,169.6,171.1,174.7,176.4,2.21,94.9,1.913,2892.4,737.2,745.2,748.2,738.2,169.5,171.0,174.5,175.5,2.25,94.5,1.925,10.8,1.151,1,oil_leak,0,0.55,0.5,1800.0
338.3,descend_land,27.402669632925473,638.6540600667408,28.60400444938821,2891.5,738.1,745.8,749.2,740.4,168.7,170.5,175.5,175.4,2.23,94.6,1.865,2892.2,737.2,745.2,748.2,738.2,169.5,171.0,174.5,175.5,2.25,94.5,1.925,10.8,1.152,1,oil_leak,0,0.55,0.5,1800.0
338.4,descend_land,27.39154616240267,635.9288097886542,28.587319243604007,2891.0,736.8,744.3,749.2,738.0,168.6,170.5,174.2,175.6,2.26,94.7,1.924,2892.0,737.2,745.2,748.2,738.2,169.5,171.0,174.5,175.5,2.25,94.5,1.925,10.9,1.152,1,oil_leak,0,0.55,0.5,1800.0
338.5,descend_land,27.380422691879865,633.2035595105674,28.5706340378198,2898.8,736.9,744.7,747.7,736.9,169.0,171.1,174.8,176.0,2.27,94.2,1.967,2891.7,737.1,745.1,748.1,738.1,169.5,171.0,174.5,175.5,2.25,94.6,1.925,10.9,1.152,1,oil_leak,0,0.55,0.5,1800.0
338.6,descend_land,27.369299221357064,630.4783092324806,28.553948832035594,2891.7,735.3,744.2,748.7,736.7,169.2,171.8,174.5,175.9,2.24,94.4,1.959,2891.5,737.1,745.1,748.1,738.1,169.5,171.0,174.5,175.5,2.25,94.6,1.925,10.9,1.153,1,oil_leak,0,0.55,0.5,1800.0
338.7,descend_land,27.35817575083426,627.753058954394,28.53726362625139,2882.2,738.4,745.6,747.7,737.7,169.9,171.4,175.7,174.7,2.2,94.1,1.919,2891.3,737.1,745.1,748.1,738.1,169.5,171.0,174.5,175.5,2.25,94.6,1.924,10.9,1.153,1,oil_leak,0,0.55,0.5,1800.0
338.8,descend_land,27.34705228031146,625.0278086763071,28.52057842046719,2892.8,731.3,744.9,748.2,737.5,169.8,170.7,174.6,175.3,2.31,95.0,1.927,2891.1,737.0,745.0,748.0,738.0,169.5,171.0,174.5,175.5,2.25,94.6,1.924,10.9,1.153,1,oil_leak,0,0.55,0.5,1800.0
338.9,descend_land,27.335928809788655,622.3025583982203,28.503893214682982,2889.4,738.8,745.8,749.5,738.2,168.6,171.6,175.2,176.0,2.25,94.7,1.925,2890.9,737.0,745.0,748.0,738.0,169.5,171.0,174.5,175.5,2.25,94.6,1.924,11.0,1.153,1,oil_leak,0,0.55,0.5,1800.0
339.0,descend_land,27.32480533926585,619.5773081201337,28.487208008898776,2887.1,737.7,745.5,746.5,736.4,169.1,170.7,175.2,175.9,2.27,95.0,1.945,2890.7,737.0,745.0,748.0,738.0,169.5,171.0,174.5,175.5,2.25,94.6,1.924,11.0,1.154,1,oil_leak,0,0.55,0.5,1800.0
339.1,descend_land,27.313681868743046,616.8520578420469,28.47052280311457,2882.8,736.3,748.0,746.1,737.5,170.6,170.8,174.1,175.5,2.23,94.9,1.895,2890.4,737.0,745.0,748.0,738.0,169.5,171.0,174.5,175.5,2.24,94.7,1.924,11.0,1.154,1,oil_leak,0,0.55,0.5,1800.0
339.2,descend_land,27.302558398220246,614.12680756396,28.453837597330367,2898.7,736.3,744.2,749.3,738.2,169.9,172.1,173.6,175.4,2.24,94.6,1.931,2890.2,736.9,744.9,747.9,737.9,169.5,171.0,174.5,175.5,2.24,94.7,1.923,11.0,1.154,1,oil_leak,0,0.55,0.5,1800.0
339.3,descend_land,27.29143492769744,611.4015572858734,28.437152391546164,2886.7,734.9,742.5,747.7,736.9,170.3,170.8,174.5,175.3,2.28,95.1,1.935,2890.0,736.9,744.9,747.9,737.9,169.4,170.9,174.4,175.4,2.24,94.7,1.923,11.0,1.155,1,oil_leak,0,0.55,0.5,1800.0
339.4,descend_land,27.280311457174637,608.6763070077866,28.420467185761957,2882.3,738.9,745.6,746.3,737.6,169.3,170.8,174.5,176.1,2.23,95.1,1.91,2889.8,736.9,744.9,747.9,737.9,169.4,170.9,174.4,175.4,2.24,94.7,1.923,11.0,1.155,1,oil_leak,0,0.55,0.5,1800.0
339.5,descend_land,27.269187986651836,605.9510567296998,28.40378197997775,2891.2,737.2,745.8,746.6,736.5,170.6,171.1,173.8,176.4,2.26,95.1,1.942,2889.6,736.8,744.8,747.8,737.8,169.4,170.9,174.4,175.4,2.24,94.7,1.923,11.1,1.155,1,oil_leak,0,0.55,0.5,1800.0
339.6,descend_land,27.258064516129032,603.2258064516129,28.387096774193548,2890.6,736.7,746.2,750.3,736.6,170.2,170.5,174.2,175.8,2.22,95.4,1.896,2889.3,736.8,744.8,747.8,737.8,169.4,170.9,174.4,175.4,2.24,94.7,1.923,11.1,1.156,1,oil_leak,0,0.55,0.5,1800.0
339.7,descend_land,27.246941045606228,600.5005561735263,28.370411568409345,2902.3,736.8,744.0,748.6,737.9,169.3,171.4,174.9,174.6,2.26,94.7,1.894,2889.1,736.8,744.8,747.8,737.8,169.4,170.9,174.4,175.4,2.24,94.7,1.922,11.1,1.156,1,oil_leak,0,0.55,0.5,1800.0
339.8,descend_land,27.235817575083427,597.7753058954395,28.35372636262514,2897.7,735.0,745.9,747.6,741.3,168.4,171.4,174.6,174.7,2.24,95.2,1.954,2888.9,736.7,744.7,747.7,737.7,169.4,170.9,174.4,175.4,2.24,94.8,1.922,11.1,1.156,1,oil_leak,0,0.55,0.5,1800.0
339.9,descend_land,27.224694104560623,595.0500556173527,28.337041156840932,2883.5,735.0,745.6,747.1,739.9,169.0,171.2,173.4,175.6,2.21,94.7,1.868,2888.7,736.7,744.7,747.7,737.7,169.4,170.9,174.4,175.4,2.24,94.8,1.922,11.1,1.157,1,oil_leak,0,0.55,0.5,1800.0
340.0,descend_land,27.21357063403782,592.324805339266,28.32035595105673,2888.6,736.9,745.5,748.3,736.0,169.9,171.4,174.7,175.5,2.23,95.1,1.917,2888.4,736.7,744.7,747.7,737.7,169.4,170.9,174.4,175.4,2.24,94.8,1.922,11.1,1.157,1,oil_leak,0,0.55,0.5,1800.0
340.1,descend_land,27.202447163515018,589.5995550611792,28.303670745272527,2891.4,734.2,745.3,749.8,736.5,169.3,170.6,174.6,175.1,2.21,95.7,1.93,2888.2,736.7,744.7,747.7,737.7,169.4,170.9,174.4,175.4,2.24,94.8,1.922,11.2,1.157,1,oil_leak,0,0.55,0.5,1800.0
340.2,descend_land,27.191323692992214,586.8743047830924,28.28698553948832,2881.2,736.1,745.7,748.2,738.4,170.5,171.1,174.2,176.5,2.26,94.9,1.924,2888.0,736.6,744.6,747.6,737.6,169.4,170.9,174.4,175.4,2.24,94.8,1.921,11.2,1.157,1,oil_leak,0,0.55,0.5,1800.0
340.3,descend_land,27.18020022246941,584.1490545050058,28.270300333704114,2884.2,737.3,743.5,746.4,737.1,169.3,170.1,175.0,176.2,2.21,95.3,1.954,2887.8,736.6,744.6,747.6,737.6,169.4,170.9,174.4,175.4,2.24,94.8,1.921,11.2,1.158,1,oil_leak,0,0.55,0.5,1800.0
340.4,descend_land,27.169076751946605,581.423804226919,28.25361512791991,2886.6,735.1,745.3,747.5,738.8,169.5,171.6,174.8,175.3,2.24,94.6,1.885,2887.6,736.6,744.6,747.6,737.6,169.4,170.9,174.4,175.4,2.24,94.9,1.921,11.2,1.158,1,oil_leak,0,0.55,0.5,1800.0
340.5,descend_land,27.157953281423804,578.6985539488321,28.236929922135708,2891.3,735.3,745.1,749.9,736.3,170.5,170.7,174.1,174.9,2.17,95.3,1.937,2887.3,736.5,744.5,747.5,737.5,169.4,170.9,174.4,175.4,2.24,94.9,1.921,11.2,1.158,1,oil_leak,0,0.55,0.5,1800.0
340.6,descend_land,27.146829810901,575.9733036707453,28.220244716351502,2888.4,738.2,745.9,747.9,738.6,168.6,170.5,173.9,175.5,2.22,94.4,1.917,2887.1,736.5,744.5,747.5,737.5,169.4,170.9,174.4,175.4,2.24,94.9,1.921,11.3,1.159,1,oil_leak,0,0.55,0.5,1800.0
340.7,descend_land,27.1357063403782,573.2480533926587,28.203559510567295,2886.1,734.8,746.5,748.5,737.6,169.5,171.2,175.5,175.3,2.26,95.2,1.885,2886.9,736.5,744.5,747.5,737.5,169.4,170.9,174.4,175.4,2.24,94.9,1.92,11.3,1.159,1,oil_leak,0,0.55,0.5,1800.0
340.8,descend_land,27.124582869855395,570.5228031145718,28.186874304783093,2891.3,736.6,744.7,746.2,736.8,169.3,171.2,173.8,176.1,2.25,94.2,1.955,2886.7,736.4,744.4,747.4,737.4,169.4,170.9,174.4,175.4,2.24,94.9,1.92,11.3,1.159,1,oil_leak,0,0.55,0.5,1800.0
340.9,descend_land,27.11345939933259,567.797552836485,28.17018909899889,2886.9,733.7,745.7,749.0,738.6,169.2,170.9,174.6,175.3,2.26,95.0,1.912,2886.5,736.4,744.4,747.4,737.4,169.4,170.9,174.4,175.4,2.24,94.9,1.92,11.3,1.16,1,oil_leak,0,0.55,0.5,1800.0
341.0,descend_land,27.102335928809786,565.0723025583984,28.153503893214683,2888.7,736.3,746.8,747.3,738.4,169.2,171.0,174.6,174.6,2.27,94.6,1.902,2886.2,736.4,744.4,747.4,737.4,169.3,170.8,174.3,175.3,2.24,94.9,1.92,11.3,1.16,1,oil_leak,0,0.55,0.5,1800.0
341.1,descend_land,27.091212458286986,562.3470522803116,28.136818687430477,2878.7,734.0,742.5,747.4,735.6,168.9,171.0,174.6,175.0,2.24,94.6,1.886,2886.0,736.4,744.4,747.4,737.4,169.3,170.8,174.3,175.3,2.24,95.0,1.92,11.3,1.16,1,oil_leak,0,0.55,0.5,1800.0
341.2,descend_land,27.08008898776418,559.6218020022247,28.120133481646274,2891.4,737.4,746.9,747.2,735.7,168.3,171.2,173.3,175.4,2.22,94.2,1.912,2885.8,736.3,744.3,747.3,737.3,169.3,170.8,174.3,175.3,2.24,95.0,1.919,11.4,1.161,1,oil_leak,0,0.55,0.5,1800.0
341.3,descend_land,27.06896551724138,556.8965517241381,28.10344827586207,2884.6,736.3,743.9,747.6,738.9,168.5,169.9,174.0,175.3,2.25,95.2,1.92,2885.6,736.3,744.3,747.3,737.3,169.3,170.8,174.3,175.3,2.24,95.0,1.919,11.4,1.161,1,oil_leak,0,0.55,0.5,1800.0
341.4,descend_land,27.057842046718577,554.1713014460513,28.086763070077865,2885.4,737.4,743.2,750.0,738.5,170.5,171.5,175.0,174.7,2.23,94.4,1.921,2885.3,736.3,744.3,747.3,737.3,169.3,170.8,174.3,175.3,2.24,95.0,1.919,11.4,1.161,1,oil_leak,0,0.55,0.5,1800.0
341.5,descend_land,27.046718576195772,551.4460511679645,28.07007786429366,2894.8,735.0,742.8,747.4,737.4,168.8,171.1,174.4,175.2,2.25,94.8,1.841,2885.1,736.2,744.2,747.2,737.2,169.3,170.8,174.3,175.3,2.24,95.0,1.919,11.4,1.161,1,oil_leak,0,0.55,0.5,1800.0
341.6,descend_land,27.035595105672968,548.7208008898779,28.053392658509456,2882.2,735.7,742.0,748.4,738.3,169.0,170.1,174.6,174.9,2.26,95.3,1.889,2884.9,736.2,744.2,747.2,737.2,169.3,170.8,174.3,175.3,2.24,95.0,1.919,11.4,1.162,1,oil_leak,0,0.55,0.5,1800.0
341.7,descend_land,27.024471635150167,545.995550611791,28.036707452725253,2880.2,736.9,744.8,748.5,737.2,170.7,170.2,174.3,175.0,2.23,94.9,1.954,2884.7,736.2,744.2,747.2,737.2,169.3,170.8,174.3,175.3,2.23,95.1,1.918,11.5,1.162,1,oil_leak,0,0.55,0.5,1800.0
341.8,descend_land,27.013348164627363,543.2703003337042,28.020022246941046,2894.1,737.0,744.5,744.1,736.4,168.8,170.8,174.6,175.2,2.25,95.2,1.882,2884.4,736.1,744.1,747.1,737.1,169.3,170.8,174.3,175.3,2.23,95.1,1.918,11.5,1.162,1,oil_leak,0,0.55,0.5,1800.0
341.9,descend_land,27.002224694104562,540.5450500556174,28.00333704115684,2879.5,735.2,744.6,746.2,735.3,170.3,170.6,173.6,175.2,2.23,94.9,1.915,2884.2,736.1,744.1,747.1,737.1,169.3,170.8,174.3,175.3,2.23,95.1,1.918,11.5,1.163,1,oil_leak,0,0.55,0.5,1800.0
342.0,descend_land,26.991101223581758,537.8197997775308,27.986651835372637,2886.8,734.9,745.2,746.9,736.1,169.6,170.3,173.9,174.8,2.23,94.8,1.957,2884.0,736.1,744.1,747.1,737.1,169.3,170.8,174.3,175.3,2.23,95.1,1.918,11.5,1.163,1,oil_leak,0,0.55,0.5,1800.0
342.1,descend_land,26.979977753058954,535.0945494994439,27.969966629588434,2891.4,735.2,744.2,748.3,735.0,169.0,169.8,173.8,176.4,2.25,95.1,1.908,2883.8,736.1,744.1,747.1,737.1,169.3,170.8,174.3,175.3,2.23,95.1,1.918,11.5,1.163,1,oil_leak,0,0.55,0.5,1800.0
342.2,descend_land,26.96885428253615,532.3692992213571,27.953281423804228,2893.2,737.2,744.2,746.9,737.2,168.4,170.7,175.1,174.8,2.25,93.9,1.881,2883.5,736.0,744.0,747.0,737.0,169.3,170.8,174.3,175.3,2.23,95.1,1.917,11.5,1.164,1,oil_leak,0,0.55,0.5,1800.0
342.3,descend_land,26.95773081201335,529.6440489432705,27.93659621802002,2879.0,739.0,744.6,747.0,735.0,169.8,171.1,175.2,175.1,2.24,94.1,1.89,2883.3,736.0,744.0,747.0,737.0,169.3,170.8,174.3,175.3,2.23,95.2,1.917,11.6,1.164,1,oil_leak,0,0.55,0.5,1800.0
342.4,descend_land,26.946607341490544,526.9187986651837,27.91991101223582,2876.5,734.7,743.9,746.0,737.2,169.2,170.9,173.8,175.8,2.24,95.0,1.953,2883.1,736.0,744.0,747.0,737.0,169.3,170.8,174.3,175.3,2.23,95.2,1.917,11.6,1.164,1,oil_leak,0,0.55,0.5,1800.0
342.5,descend_land,26.935483870967744,524.1935483870968,27.903225806451616,2886.4,734.6,743.1,747.5,737.6,168.6,171.2,173.4,174.8,2.21,96.1,1.917,2882.9,735.9,743.9,746.9,736.9,169.3,170.8,174.3,175.3,2.23,95.2,1.917,11.6,1.165,1,oil_leak,0,0.55,0.5,1800.0
342.6,descend_land,26.92436040044494,521.4682981090102,27.88654060066741,2873.7,735.5,744.7,744.7,735.1,169.1,170.9,175.2,175.3,2.25,95.9,1.916,2882.6,735.9,743.9,746.9,736.9,169.3,170.8,174.3,175.3,2.23,95.2,1.917,11.6,1.165,1,oil_leak,0,0.55,0.5,1800.0
342.7,descend_land,26.913236929922135,518.7430478309234,27.869855394883203,2885.7,736.6,742.3,746.8,737.3,169.3,171.0,174.9,175.5,2.24,94.6,1.908,2882.4,735.9,743.9,746.9,736.9,169.2,170.7,174.2,175.2,2.23,95.2,1.916,11.6,1.165,1,oil_leak,0,0.55,0.5,1800.0
342.8,descend_land,26.90211345939933,516.0177975528366,27.853170189099,2879.9,734.6,744.5,745.7,735.9,169.8,170.7,173.7,174.7,2.22,94.7,1.907,2882.2,735.8,743.8,746.8,736.8,169.2,170.7,174.2,175.2,2.23,95.2,1.916,11.6,1.165,1,oil_leak,0,0.55,0.5,1800.0
342.9,descend_land,26.890989988876527,513.29254727475,27.836484983314794,2881.6,736.8,744.6,746.8,736.3,169.3,170.6,173.8,175.4,2.25,95.7,1.886,2882.0,735.8,743.8,746.8,736.8,169.2,170.7,174.2,175.2,2.23,95.2,1.916,11.7,1.166,1,oil_leak,0,0.55,0.5,1800.0
343.0,descend_land,26.879866518353726,510.5672969966631,27.81979977753059,2888.3,734.2,745.6,746.5,738.3,168.7,171.3,174.1,175.8,2.22,95.4,1.882,2881.7,735.8,743.8,746.8,736.8,169.2,170.7,174.2,175.2,2.23,95.3,1.916,11.7,1.166,1,oil_leak,0,0.55,0.5,1800.0
343.1,descend_land,26.868743047830925,507.8420467185763,27.803114571746384,2884.4,735.6,743.4,744.7,736.1,169.5,170.4,174.3,175.5,2.2,95.0,1.892,2881.5,735.8,743.8,746.8,736.8,169.2,170.7,174.2,175.2,2.23,95.3,1.916,11.7,1.166,1,oil_leak,0,0.55,0.5,1800.0
343.2,descend_land,26.85761957730812,505.11679644048945,27.786429365962178,2883.3,734.4,744.2,744.6,735.1,169.7,170.2,174.4,175.5,2.24,95.4,1.877,2881.3,735.7,743.7,746.7,736.7,169.2,170.7,174.2,175.2,2.23,95.3,1.915,11.7,1.167,1,oil_leak,0,0.55,0.5,1800.0
343.3,descend_land,26.846496106785317,502.39154616240285,27.769744160177975,2879.1,736.8,743.8,748.7,737.7,169.5,169.3,174.4,174.9,2.19,95.2,1.903,2881.1,735.7,743.7,746.7,736.7,169.2,170.7,174.2,175.2,2.23,95.3,1.915,11.7,1.167,1,oil_leak,0,0.55,0.5,1800.0
343.4,descend_land,26.835372636262512,499.666295884316,27.753058954393772,2876.8,734.7,744.8,747.7,733.7,169.3,170.6,173.9,175.4,2.25,94.9,1.94,2880.8,735.7,743.7,746.7,736.7,169.2,170.7,174.2,175.2,2.23,95.3,1.915,11.8,1.167,1,oil_leak,0,0.55,0.5,1800.0
343.5,descend_land,26.824249165739708,496.9410456062292,27.736373748609566,2883.6,733.5,742.4,746.9,735.1,169.0,170.2,173.1,175.6,2.26,95.7,1.923,2880.6,735.6,743.6,746.6,736.6,169.2,170.7,174.2,175.2,2.23,95.3,1.915,11.8,1.168,1,oil_leak,0,0.55,0.5,1800.0
343.6,descend_land,26.813125695216907,494.2157953281426,27.71968854282536,2889.2,735.5,744.2,748.5,736.1,168.2,171.1,173.4,175.1,2.22,95.1,1.887,2880.4,735.6,743.6,746.6,736.6,169.2,170.7,174.2,175.2,2.23,95.4,1.915,11.8,1.168,1,oil_leak,0,0.55,0.5,1800.0
343.7,descend_land,26.802002224694107,491.49054505005574,27.703003337041157,2887.2,736.7,744.4,746.6,736.3,168.8,171.4,174.8,174.9,2.2,96.0,1.892,2880.2,735.6,743.6,746.6,736.6,169.2,170.7,174.2,175.2,2.23,95.4,1.914,11.8,1.168,1,oil_leak,0,0.55,0.5,1800.0
343.8,descend_land,26.790878754171302,488.7652947719689,27.686318131256954,2875.0,735.8,741.9,746.1,738.1,168.1,169.7,172.3,174.3,2.22,96.2,1.926,2879.9,735.5,743.5,746.5,736.5,169.2,170.7,174.2,175.2,2.23,95.4,1.914,11.8,1.169,1,oil_leak,0,0.55,0.5,1800.0
343.9,descend_land,26.779755283648498,486.0400444938823,27.669632925472747,2882.6,734.3,743.8,745.7,737.7,169.5,171.6,173.5,176.7,2.24,94.6,1.878,2879.7,735.5,743.5,746.5,736.5,169.2,170.7,174.2,175.2,2.23,95.4,1.914,11.8,1.169,1,oil_leak,0,0.55,0.5,1800.0
344.0,descend_land,26.768631813125694,483.3147942157955,27.65294771968854,2868.1,734.2,742.5,745.0,734.9,169.0,170.3,174.8,175.6,2.23,95.8,1.934,2879.5,735.5,743.5,746.5,736.5,169.2,170.7,174.2,175.2,2.23,95.4,1.914,11.9,1.169,1,oil_leak,0,0.55,0.5,1800.0
344.1,descend_land,26.75750834260289,480.58954393770864,27.636262513904338,2875.5,735.0,744.2,744.8,736.9,169.6,170.5,174.8,174.6,2.21,94.9,1.912,2879.2,735.5,743.5,746.5,736.5,169.2,170.7,174.2,175.2,2.23,95.4,1.914,11.9,1.169,1,oil_leak,0,0.55,0.5,1800.0
344.2,descend_land,26.74638487208009,477.86429365962204,27.619577308120135,2883.3,735.9,742.7,746.3,736.1,169.6,170.8,174.6,175.8,2.22,95.1,1.934,2879.0,735.4,743.4,746.4,736.4,169.2,170.7,174.2,175.2,2.23,95.5,1.913,11.9,1.17,1,oil_leak,0,0.55,0.5,1800.0
344.3,descend_land,26.73526140155729,475.1390433815352,27.60289210233593,2883.0,734.8,745.9,746.5,735.8,169.2,172.4,174.2,175.5,2.21,94.9,1.94,2878.8,735.4,743.4,746.4,736.4,169.2,170.7,174.2,175.2,2.22,95.5,1.913,11.9,1.17,1,oil_leak,0,0.55,0.5,1800.0
344.4,descend_land,26.724137931034484,472.41379310344837,27.586206896551722,2881.3,734.8,745.6,746.1,735.1,168.5,170.8,173.3,175.7,2.23,95.4,1.877,2878.6,735.4,743.4,746.4,736.4,169.1,170.6,174.1,175.1,2.22,95.5,1.913,11.9,1.17,1,oil_leak,0,0.55,0.5,1800.0
344.5,descend_land,26.71301446051168,469.68854282536154,27.56952169076752,2879.7,735.4,743.9,745.2,735.4,170.2,170.2,175.4,175.9,2.21,94.9,1.956,2878.3,735.3,743.3,746.3,736.3,169.1,170.6,174.1,175.1,2.22,95.5,1.913,11.9,1.171,1,oil_leak,0,0.55,0.5,1800.0
344.6,descend_land,26.701890989988875,466.96329254727493,27.552836484983317,2880.3,734.4,742.9,747.2,737.9,169.4,171.2,173.5,174.7,2.21,96.3,1.883,2878.1,735.3,743.3,746.3,736.3,169.1,170.6,174.1,175.1,2.22,95.5,1.912,12.0,1.171,1,oil_leak,0,0.55,0.5,1800.0
344.7,descend_land,26.69076751946607,464.2380422691881,27.53615127919911,2871.4,735.8,742.6,747.1,736.6,169.0,171.8,173.7,174.8,2.23,95.4,1.926,2877.9,735.3,743.3,746.3,736.3,169.1,170.6,174.1,175.1,2.22,95.5,1.912,12.0,1.171,1,oil_leak,0,0.55,0.5,1800.0
344.8,descend_land,26.67964404894327,461.51279199110127,27.519466073414904,2892.4,732.9,742.8,744.2,735.6,168.4,170.8,174.4,175.9,2.17,95.8,1.967,2877.6,735.2,743.2,746.2,736.2,169.1,170.6,174.1,175.1,2.22,95.5,1.912,12.0,1.172,1,oil_leak,0,0.55,0.5,1800.0
344.9,descend_land,26.668520578420466,458.78754171301466,27.5027808676307,2884.7,734.7,742.9,746.2,737.3,169.0,170.6,172.9,175.5,2.24,96.2,1.915,2877.4,735.2,743.2,746.2,736.2,169.1,170.6,174.1,175.1,2.22,95.6,1.912,12.0,1.172,1,oil_leak,0,0.55,0.5,1800.0
345.0,descend_land,26.657397107897665,456.06229143492783,27.486095661846498,2888.9,734.5,743.9,746.4,737.0,168.8,170.2,173.8,176.0,2.24,95.0,1.904,2877.2,735.2,743.2,746.2,736.2,169.1,170.6,174.1,175.1,2.22,95.6,1.912,12.0,1.172,1,oil_leak,0,0.55,0.5,1800.0
345.1,descend_land,26.64627363737486,453.337041156841,27.469410456062292,2875.3,734.8,744.5,744.8,736.7,168.9,170.9,173.7,174.6,2.19,95.0,1.892,2877.0,735.2,743.2,746.2,736.2,169.1,170.6,174.1,175.1,2.22,95.6,1.911,12.1,1.173,1,oil_leak,0,0.55,0.5,1800.0
345.2,descend_land,26.635150166852057,450.61179087875416,27.452725250278085,2865.4,733.1,742.3,747.0,735.0,169.9,170.9,174.5,175.2,2.21,95.5,1.886,2876.7,735.1,743.1,746.1,736.1,169.1,170.6,174.1,175.1,2.22,95.6,1.911,12.1,1.173,1,oil_leak,0,0.55,0.5,1800.0
345.3,descend_land,26.624026696329253,447.88654060066756,27.436040044493883,2880.0,734.7,741.5,743.8,738.2,169.6,170.2,174.6,175.9,2.16,95.3,1.893,2876.5,735.1,743.1,746.1,736.1,169.1,170.6,174.1,175.1,2.22,95.6,1.911,12.1,1.173,1,oil_leak,0,0.55,0.5,1800.0
345.4,descend_land,26.612903225806452,445.16129032258095,27.41935483870968,2875.4,734.8,742.4,745.6,737.7,169.2,170.7,173.3,175.7,2.21,95.9,1.906,2876.3,735.1,743.1,746.1,736.1,169.1,170.6,174.1,175.1,2.22,95.6,1.911,12.1,1.174,1,oil_leak,0,0.55,0.5,1800.0
345.5,descend_land,26.601779755283648,442.4360400444939,27.402669632925473,2876.6,732.9,742.6,746.7,735.1,168.4,170.6,174.1,174.2,2.23,95.4,1.903,2876.0,735.0,743.0,746.0,736.0,169.1,170.6,174.1,175.1,2.22,95.7,1.911,12.1,1.174,1,oil_leak,0,0.55,0.5,1800.0
345.6,descend_land,26.590656284760847,439.7107897664073,27.385984427141267,2876.3,733.3,741.4,744.2,735.2,169.2,171.2,173.0,175.8,2.21,96.0,1.902,2875.8,735.0,743.0,746.0,736.0,169.1,170.6,174.1,175.1,2.22,95.7,1.91,12.1,1.174,1,oil_leak,0,0.55,0.5,1800.0
345.7,descend_land,26.579532814238043,436.9855394883207,27.369299221357064,2874.6,735.6,742.1,745.5,738.4,169.5,171.0,174.3,175.8,2.25,94.8,1.895,2875.6,735.0,743.0,746.0,736.0,169.1,170.6,174.1,175.1,2.22,95.7,1.91,12.2,1.174,1,oil_leak,0,0.55,0.5,1800.0
345.8,descend_land,26.56840934371524,434.2602892102336,27.35261401557286,2873.5,736.1,742.9,745.7,735.9,169.3,170.6,174.1,175.0,2.23,96.2,1.898,2875.4,734.9,742.9,745.9,735.9,169.1,170.6,174.1,175.1,2.22,95.7,1.91,12.2,1.175,1,oil_leak,0,0.55,0.5,1800.0
345.9,descend_land,26.557285873192434,431.535038932147,27.335928809788655,2876.4,736.3,742.7,745.6,736.8,168.7,170.5,174.3,175.0,2.22,96.4,1.92,2875.1,734.9,742.9,745.9,735.9,169.1,170.6,174.1,175.1,2.22,95.7,1.91,12.2,1.175,1,oil_leak,0,0.55,0.5,1800.0
346.0,descend_land,26.546162402669633,428.8097886540604,27.31924360400445,2859.6,735.4,744.2,743.8,736.2,168.5,171.0,173.7,175.0,2.22,96.8,1.922,2874.9,734.9,742.9,745.9,735.9,169.1,170.6,174.1,175.1,2.22,95.7,1.91,12.2,1.175,1,oil_leak,0,0.55,0.5,1800.0
346.1,descend_land,26.53503893214683,426.08453837597335,27.302558398220246,2868.7,733.5,741.4,746.8,733.9,168.3,169.9,174.1,174.8,2.22,96.2,1.899,2874.7,734.9,742.9,745.9,735.9,169.0,170.5,174.0,175.0,2.22,95.8,1.909,12.2,1.176,1,oil_leak,0,0.55,0.5,1800.0
346.2,descend_land,26.52391546162403,423.35928809788675,27.285873192436043,2880.0,732.4,739.1,744.9,737.0,169.1,170.1,173.0,175.7,2.2,95.5,1.884,2874.4,734.8,742.8,745.8,735.8,169.0,170.5,174.0,175.0,2.22,95.8,1.909,12.2,1.176,1,oil_leak,0,0.55,0.5,1800.0
346.3,descend_land,26.512791991101224,420.6340378197997,27.269187986651836,2879.6,734.6,741.2,742.9,736.3,168.7,169.4,175.0,175.2,2.19,95.8,1.923,2874.2,734.8,742.8,745.8,735.8,169.0,170.5,174.0,175.0,2.22,95.8,1.909,12.3,1.176,1,oil_leak,0,0.55,0.5,1800.0
346.4,descend_land,26.50166852057842,417.9087875417131,27.25250278086763,2869.3,735.7,744.4,746.2,735.3,170.2,170.2,173.5,174.6,2.2,95.6,1.913,2874.0,734.8,742.8,745.8,735.8,169.0,170.5,174.0,175.0,2.22,95.8,1.909,12.3,1.177,1,oil_leak,0,0.55,0.5,1800.0
346.5,descend_land,26.490545050055616,415.1835372636265,27.235817575083427,2865.3,736.3,739.8,746.3,736.1,169.0,170.8,175.1,174.5,2.22,95.7,1.923,2873.7,734.7,742.7,745.7,735.7,169.0,170.5,174.0,175.0,2.22,95.8,1.909,12.3,1.177,1,oil_leak,0,0.55,0.5,1800.0
346.6,descend_land,26.47942157953281,412.4582869855394,27.219132369299224,2878.5,732.4,742.8,746.2,735.4,168.4,169.9,174.3,174.7,2.27,96.5,1.85,2873.5,734.7,742.7,745.7,735.7,169.0,170.5,174.0,175.0,2.22,95.8,1.908,12.3,1.177,1,oil_leak,0,0.55,0.5,1800.0
346.7,descend_land,26.46829810901001,409.7330367074528,27.202447163515018,2860.9,732.6,744.0,747.8,734.2,169.4,170.2,173.6,176.4,2.21,95.9,1.883,2873.3,734.7,742.7,745.7,735.7,169.0,170.5,174.0,175.0,2.22,95.9,1.908,12.3,1.178,1,oil_leak,0,0.55,0.5,1800.0
346.8,descend_land,26.45717463848721,407.0077864293662,27.18576195773081,2879.8,734.8,741.0,747.2,734.9,169.3,170.5,173.6,175.5,2.18,95.9,1.903,2873.0,734.6,742.6,745.6,735.6,169.0,170.5,174.0,175.0,2.21,95.9,1.908,12.4,1.178,1,oil_leak,0,0.55,0.5,1800.0
346.9,descend_land,26.446051167964406,404.28253615127915,27.169076751946605,2867.9,732.4,742.9,746.8,736.0,169.7,170.7,173.1,174.0,2.21,96.1,1.903,2872.8,734.6,742.6,745.6,735.6,169.0,170.5,174.0,175.0,2.21,95.9,1.908,12.4,1.178,1,oil_leak,0,0.55,0.5,1800.0
347.0,descend_land,26.4349276974416,401.55728587319254,27.152391546162402,2870.8,734.6,744.8,746.5,733.7,169.1,170.8,173.9,175.7,2.12,96.0,1.937,2872.6,734.6,742.6,745.6,735.6,169.0,170.5,174.0,175.0,2.21,95.9,1.907,12.4,1.178,1,oil_leak,0,0.55,0.5,1800.0
347.1,descend_land,26.423804226918797,398.83203559510594,27.1357063403782,2873.9,733.0,742.4,745.0,733.5,168.8,171.6,174.3,174.6,2.25,96.4,1.871,2872.3,734.6,742.6,745.6,735.6,169.0,170.5,174.0,175.0,2.21,95.9,1.907,12.4,1.179,1,oil_leak,0,0.55,0.5,1800.0
347.2,descend_land,26.412680756395993,396.1067853170189,27.119021134593993,2861.9,735.2,742.6,745.1,737.1,169.0,170.4,174.4,175.5,2.22,96.1,1.902,2872.1,734.5,742.5,745.5,735.5,169.0,170.5,174.0,175.0,2.21,95.9,1.907,12.4,1.179,1,oil_leak,0,0.55,0.5,1800.0
347.3,descend_land,26.401557285873192,393.38153503893227,27.102335928809786,2867.3,736.3,742.1,743.4,737.9,169.6,170.3,174.0,174.8,2.19,95.9,1.868,2871.9,734.5,742.5,745.5,735.5,169.0,170.5,174.0,175.0,2.21,96.0,1.907,12.4,1.179,1,oil_leak,0,0.55,0.5,1800.0
347.4,descend_land,26.39043381535039,390.65628476084567,27.085650723025584,2871.4,735.5,742.7,746.0,736.9,169.3,172.0,174.4,175.6,2.2,95.5,1.922,2871.6,734.5,742.5,745.5,735.5,169.0,170.5,174.0,175.0,2.21,96.0,1.907,12.5,1.18,1,oil_leak,0,0.55,0.5,1800.0
347.5,descend_land,26.379310344827587,387.9310344827586,27.06896551724138,2865.8,733.2,741.7,745.1,736.7,169.7,170.4,173.7,175.6,2.22,95.7,1.927,2871.4,734.4,742.4,745.4,735.4,169.0,170.5,174.0,175.0,2.21,96.0,1.906,12.5,1.18,1,oil_leak,0,0.55,0.5,1800.0
347.6,descend_land,26.368186874304783,385.205784204672,27.052280311457174,2859.1,733.5,741.4,745.5,735.8,169.2,169.6,173.3,175.5,2.18,96.1,1.917,2871.2,734.4,742.4,745.4,735.4,169.0,170.5,174.0,175.0,2.21,96.0,1.906,12.5,1.18,1,oil_leak,0,0.55,0.5,1800.0
347.7,descend_land,26.35706340378198,382.4805339265854,27.035595105672968,2872.5,733.6,741.5,745.2,736.7,169.9,170.6,174.2,175.9,2.23,95.3,1.938,2870.9,734.4,742.4,745.4,735.4,169.0,170.5,174.0,175.0,2.21,96.0,1.906,12.5,1.181,1,oil_leak,0,0.55,0.5,1800.0
347.8,descend_land,26.345939933259174,379.75528364849833,27.018909899888765,2857.9,734.0,741.6,743.3,733.9,170.0,170.8,173.9,174.8,2.23,96.1,1.898,2870.7,734.3,742.3,745.3,735.3,168.9,170.4,173.9,174.9,2.21,96.0,1.906,12.5,1.181,1,oil_leak,0,0.55,0.5,1800.0
347.9,descend_land,26.334816462736374,377.03003337041173,27.002224694104562,2865.6,734.0,742.2,747.4,735.0,168.8,170.2,173.6,174.5,2.23,96.5,1.911,2870.5,734.3,742.3,745.3,735.3,168.9,170.4,173.9,174.9,2.21,96.0,1.906,12.5,1.181,1,oil_leak,0,0.55,0.5,1800.0
348.0,descend_land,26.323692992213573,374.3047830923251,26.985539488320356,2873.8,732.4,741.6,745.0,735.8,169.3,170.5,173.0,174.1,2.18,96.5,1.895,2870.2,734.3,742.3,745.3,735.3,168.9,170.4,173.9,174.9,2.21,96.1,1.905,12.6,1.182,1,oil_leak,0,0.55,0.5,1800.0
348.1,descend_land,26.31256952169077,371.57953281423806,26.96885428253615,2874.2,736.4,741.6,745.6,735.8,169.7,170.7,174.0,175.4,2.22,96.1,1.887,2870.0,734.3,742.3,745.3,735.3,168.9,170.4,173.9,174.9,2.21,96.1,1.905,12.6,1.182,1,oil_leak,0,0.55,0.5,1800.0
348.2,descend_land,26.301446051167964,368.85428253615146,26.952169076751947,2871.5,735.1,739.8,746.3,735.2,169.0,170.3,175.1,174.8,2.2,95.9,1.936,2869.8,734.2,742.2,745.2,735.2,168.9,170.4,173.9,174.9,2.21,96.1,1.905,12.6,1.182,1,oil_leak,0,0.55,0.5,1800.0
348.3,descend_land,26.29032258064516,366.12903225806485,26.935483870967744,2876.0,734.9,744.1,743.6,735.5,168.8,170.4,174.8,175.9,2.17,96.8,1.93,2869.5,734.2,742.2,745.2,735.2,168.9,170.4,173.9,174.9,2.21,96.1,1.905,12.6,1.183,1,oil_leak,0,0.55,0.5,1800.0
348.4,descend_land,26.279199110122356,363.4037819799778,26.918798665183537,2871.5,732.2,741.2,745.9,735.6,168.9,168.9,174.7,174.7,2.21,96.2,1.866,2869.3,734.2,742.2,745.2,735.2,168.9,170.4,173.9,174.9,2.21,96.1,1.905,12.6,1.183,1,oil_leak,0,0.55,0.5,1800.0
348.5,descend_land,26.268075639599555,360.6785317018912,26.90211345939933,2864.3,733.2,741.9,744.6,735.9,169.1,169.5,174.3,175.5,2.2,96.7,1.93,2869.1,734.1,742.1,745.1,735.1,168.9,170.4,173.9,174.9,2.21,96.1,1.904,12.7,1.183,1,oil_leak,0,0.55,0.5,1800.0
348.6,descend_land,26.25695216907675,357.9532814238046,26.885428253615128,2866.1,734.0,742.5,746.1,735.9,168.5,168.8,174.5,174.8,2.2,95.4,1.892,2868.8,734.1,742.1,745.1,735.1,168.9,170.4,173.9,174.9,2.21,96.2,1.904,12.7,1.183,1,oil_leak,0,0.55,0.5,1800.0
348.7,descend_land,26.24582869855395,355.2280311457175,26.868743047830925,2874.5,733.9,743.6,746.7,735.8,167.9,170.0,174.0,175.1,2.21,96.0,1.955,2868.6,734.1,742.1,745.1,735.1,168.9,170.4,173.9,174.9,2.21,96.2,1.904,12.7,1.184,1,oil_leak,0,0.55,0.5,1800.0
348.8,descend_land,26.234705228031146,352.5027808676309,26.85205784204672,2867.7,735.1,742.0,747.3,734.2,168.4,170.6,174.1,174.6,2.17,96.1,1.913,2868.4,734.0,742.0,745.0,735.0,168.9,170.4,173.9,174.9,2.21,96.2,1.904,12.7,1.184,1,oil_leak,0,0.55,0.5,1800.0
348.9,descend_land,26.22358175750834,349.77753058954386,26.835372636262512,2867.3,734.8,741.3,746.5,734.0,168.4,169.6,174.2,175.2,2.17,96.8,1.859,2868.1,734.0,742.0,745.0,735.0,168.9,170.4,173.9,174.9,2.21,96.2,1.903,12.7,1.184,1,oil_leak,0,0.55,0.5,1800.0
349.0,descend_land,26.212458286985537,347.05228031145725,26.81868743047831,2864.9,733.0,742.2,746.3,736.0,169.2,169.6,174.8,174.0,2.15,96.2,1.906,2867.9,734.0,742.0,745.0,735.0,168.9,170.4,173.9,174.9,2.21,96.2,1.903,12.7,1.185,1,oil_leak,0,0.55,0.5,1800.0
349.1,descend_land,26.201334816462737,344.32703003337065,26.802002224694107,2863.4,733.4,742.8,746.8,735.5,170.2,169.5,173.8,175.2,2.16,95.9,1.93,2867.6,734.0,742.0,745.0,735.0,168.9,170.4,173.9,174.9,2.21,96.2,1.903,12.8,1.185,1,oil_leak,0,0.55,0.5,1800.0
349.2,descend_land,26.190211345939932,341.6017797552836,26.7853170189099,2863.0,732.9,740.9,744.3,734.5,169.2,170.5,173.3,175.6,2.19,96.3,1.924,2867.4,733.9,741.9,744.9,734.9,168.9,170.4,173.9,174.9,2.21,96.3,1.903,12.8,1.185,1,oil_leak,0,0.55,0.5,1800.0
349.3,descend_land,26.17908787541713,338.876529477197,26.768631813125694,2867.8,734.9,743.6,743.6,735.9,168.3,170.4,174.4,175.9,2.24,97.0,1.876,2867.2,733.9,741.9,744.9,734.9,168.9,170.4,173.9,174.9,2.2,96.3,1.903,12.8,1.186,1,oil_leak,0,0.55,0.5,1800.0
349.4,descend_land,26.167964404894327,336.1512791991104,26.75194660734149,2861.8,734.3,742.8,747.2,736.6,168.3,170.6,173.5,175.1,2.24,96.6,1.899,2866.9,733.9,741.9,744.9,734.9,168.9,170.4,173.9,174.9,2.2,96.3,1.902,12.8,1.186,1,oil_leak,0,0.55,0.5,1800.0
349.5,descend_land,26.156840934371523,333.4260289210233,26.73526140155729,2860.7,733.6,738.1,743.5,733.3,169.3,170.1,174.0,175.5,2.18,96.6,1.921,2866.7,733.8,741.8,744.8,734.8,168.9,170.4,173.9,174.9,2.2,96.3,1.902,12.8,1.186,1,oil_leak,0,0.55,0.5,1800.0
349.6,descend_land,26.14571746384872,330.7007786429367,26.718576195773082,2864.7,734.3,741.6,743.1,735.8,170.3,170.9,174.1,174.0,2.22,97.0,1.903,2866.5,733.8,741.8,744.8,734.8,168.8,170.3,173.8,174.8,2.2,96.3,1.902,12.9,1.187,1,oil_leak,0,0.55,0.5,1800.0
349.7,descend_land,26.134593993325918,327.9755283648501,26.701890989988875,2871.3,735.2,741.4,743.7,734.4,169.2,171.4,173.0,175.3,2.19,95.8,1.851,2866.2,733.8,741.8,744.8,734.8,168.8,170.3,173.8,174.8,2.2,96.3,1.902,12.9,1.187,1,oil_leak,0,0.55,0.5,1800.0
349.8,descend_land,26.123470522803114,325.25027808676305,26.685205784204673,2862.9,735.6,741.6,744.3,736.7,169.2,170.2,174.1,175.1,2.22,96.3,1.864,2866.0,733.7,741.7,744.7,734.7,168.8,170.3,173.8,174.8,2.2,96.4,1.902,12.9,1.187,1,oil_leak,0,0.55,0.5,1800.0
349.9,descend_land,26.112347052280313,322.52502780867644,26.66852057842047,2873.3,733.9,741.3,743.3,735.5,169.1,170.8,172.6,173.6,2.23,95.8,1.899,2865.8,733.7,741.7,744.7,734.7,168.8,170.3,173.8,174.8,2.2,96.4,1.901,12.9,1.188,1,oil_leak,0,0.55,0.5,1800.0
350.0,descend_land,26.10122358175751,319.79977753058984,26.651835372636263,2865.4,735.2,739.7,743.6,734.5,167.7,169.7,172.8,173.9,2.19,95.9,1.91,2865.5,733.7,741.7,744.7,734.7,168.8,170.3,173.8,174.8,2.2,96.4,1.901,12.9,1.188,1,oil_leak,0,0.55,0.5,1800.0
350.1,descend_land,26.090100111234705,317.0745272525028,26.635150166852057,2866.6,731.9,742.3,743.6,731.6,168.1,169.8,173.4,175.5,2.18,97.0,1.913,2865.3,733.7,741.7,744.7,734.7,168.8,170.3,173.8,174.8,2.2,96.4,1.901,12.9,1.188,1,oil_leak,0,0.55,0.5,1800.0
350.2,descend_land,26.0789766407119,314.34927697441617,26.618464961067854,2858.7,732.4,741.1,744.0,736.1,168.1,171.4,174.2,174.8,2.22,95.6,1.91,2865.0,733.6,741.6,744.6,734.6,168.8,170.3,173.8,174.8,2.2,96.4,1.901,13.0,1.188,1,oil_leak,0,0.55,0.5,1800.0
350.3,descend_land,26.067853170189096,311.62402669632957,26.60177975528365,2863.8,733.3,741.1,744.9,734.7,170.0,169.4,173.6,174.5,2.21,96.4,1.952,2864.8,733.6,741.6,744.6,734.6,168.8,170.3,173.8,174.8,2.2,96.4,1.9,13.0,1.189,1,oil_leak,0,0.55,0.5,1800.0
350.4,descend_land,26.056729699666295,308.8987764182425,26.585094549499445,2856.5,734.4,743.7,742.8,732.0,168.9,171.5,174.2,174.2,2.16,96.9,1.965,2864.6,733.6,741.6,744.6,734.6,168.8,170.3,173.8,174.8,2.2,96.5,1.9,13.0,1.189,1,oil_leak,0,0.55,0.5,1800.0
350.5,descend_land,26.045606229143495,306.1735261401559,26.56840934371524,2867.5,736.5,743.4,745.0,734.9,168.7,170.8,174.0,174.1,2.2,96.7,1.888,2864.3,733.5,741.5,744.5,734.5,168.8,170.3,173.8,174.8,2.2,96.5,1.9,13.0,1.189,1,oil_leak,0,0.55,0.5,1800.0
350.6,descend_land,26.03448275862069,303.4482758620693,26.551724137931036,2864.6,734.7,742.8,741.3,733.9,168.0,170.7,173.8,174.2,2.17,96.4,1.882,2864.1,733.5,741.5,744.5,734.5,168.8,170.3,173.8,174.8,2.2,96.5,1.9,13.0,1.19,1,oil_leak,0,0.55,0.5,1800.0
350.7,descend_land,26.023359288097886,300.72302558398223,26.535038932146833,2870.8,733.1,741.2,742.8,737.3,169.1,170.3,173.2,175.7,2.19,96.1,1.93,2863.8,733.5,741.5,744.5,734.5,168.8,170.3,173.8,174.8,2.2,96.5,1.9,13.0,1.19,1,oil_leak,0,0.55,0.5,1800.0
350.8,descend_land,26.012235817575082,297.99777530589563,26.518353726362626,2858.5,733.2,740.3,745.3,734.8,168.5,170.6,174.1,174.6,2.19,96.2,1.93,2863.6,733.4,741.4,744.4,734.4,168.8,170.3,173.8,174.8,2.2,96.5,1.899,13.1,1.19,1,oil_leak,0,0.55,0.5,1800.0
350.9,descend_land,26.001112347052278,295.272525027809,26.50166852057842,2862.0,734.4,740.5,747.1,733.9,169.3,169.3,173.8,175.7,2.17,96.8,1.883,2863.4,733.4,741.4,744.4,734.4,168.8,170.3,173.8,174.8,2.2,96.5,1.899,13.1,1.191,1,oil_leak,0,0.55,0.5,1800.0
351.0,descend_land,25.989988876529477,292.54727474972196,26.484983314794214,2854.2,731.8,741.5,744.3,735.1,168.1,169.6,173.1,175.2,2.26,96.1,1.911,2863.1,733.4,741.4,744.4,734.4,168.8,170.3,173.8,174.8,2.2,96.6,1.899,13.1,1.191,1,oil_leak,0,0.55,0.5,1800.0
351.1,descend_land,25.978865406006676,289.82202447163536,26.46829810901001,2865.9,730.4,741.2,744.0,736.5,169.5,170.2,173.8,173.5,2.18,96.0,1.912,2862.9,733.3,741.3,744.3,734.3,168.8,170.3,173.8,174.8,2.2,96.6,1.899,13.1,1.191,1,oil_leak,0,0.55,0.5,1800.0
351.2,descend_land,25.967741935483872,287.0967741935483,26.451612903225808,2860.8,734.4,742.5,742.7,734.2,169.7,170.7,174.2,174.3,2.2,96.7,1.859,2862.7,733.3,741.3,744.3,734.3,168.8,170.3,173.8,174.8,2.2,96.6,1.898,13.1,1.192,1,oil_leak,0,0.55,0.5,1800.0
351.3,descend_land,25.956618464961068,284.3715239154617,26.4349276974416,2871.4,732.5,744.2,743.2,734.4,168.8,170.5,173.5,174.8,2.21,96.8,1.893,2862.4,733.3,741.3,744.3,734.3,168.7,170.2,173.7,174.7,2.2,96.6,1.898,13.2,1.192,1,oil_leak,0,0.55,0.5,1800.0
351.4,descend_land,25.945494994438263,281.6462736373751,26.418242491657395,2862.7,733.7,740.8,743.7,732.7,168.0,169.3,174.0,174.5,2.18,95.6,1.956,2862.2,733.3,741.3,744.3,734.3,168.7,170.2,173.7,174.7,2.2,96.6,1.898,13.2,1.192,1,oil_leak,0,0.55,0.5,1800.0
351.5,descend_land,25.93437152391546,278.92102335928803,26.401557285873192,2874.7,733.2,741.5,745.6,734.1,168.6,169.3,173.3,174.8,2.19,96.4,1.901,2861.9,733.2,741.2,744.2,734.2,168.7,170.2,173.7,174.7,2.2,96.6,1.898,13.2,1.193,1,oil_leak,0,0.55,0.5,1800.0
351.6,descend_land,25.92324805339266,276.1957730812014,26.38487208008899,2860.7,734.0,740.3,745.3,733.2,168.8,169.1,172.4,174.7,2.14,96.8,1.921,2861.7,733.2,741.2,744.2,734.2,168.7,170.2,173.7,174.7,2.2,96.7,1.898,13.2,1.193,1,oil_leak,0,0.55,0.5,1800.0
351.7,descend_land,25.912124582869858,273.4705228031148,26.368186874304783,2860.2,734.4,740.5,745.1,732.4,168.8,170.8,173.5,175.7,2.16,96.8,1.907,2861.4,733.2,741.2,744.2,734.2,168.7,170.2,173.7,174.7,2.19,96.7,1.897,13.2,1.193,1,oil_leak,0,0.55,0.5,1800.0
351.8,descend_land,25.901001112347053,270.74527252502776,26.351501668520577,2854.5,731.8,742.0,744.0,734.6,168.9,170.4,173.6,175.0,2.19,96.4,1.912,2861.2,733.1,741.1,744.1,734.1,168.7,170.2,173.7,174.7,2.19,96.7,1.897,13.2,1.193,1,oil_leak,0,0.55,0.5,1800.0
351.9,descend_land,25.88987764182425,268.02002224694115,26.334816462736374,2862.7,733.9,740.8,743.8,734.4,168.2,170.1,173.5,175.2,2.21,97.1,1.899,2861.0,733.1,741.1,744.1,734.1,168.7,170.2,173.7,174.7,2.19,96.7,1.897,13.3,1.194,1,oil_leak,0,0.55,0.5,1800.0
352.0,descend_land,25.878754171301445,265.29477196885455,26.31813125695217,2859.7,731.3,740.3,741.8,734.2,168.9,169.9,175.2,173.5,2.24,96.4,1.889,2860.7,733.1,741.1,744.1,734.1,168.7,170.2,173.7,174.7,2.19,96.7,1.897,13.3,1.194,1,oil_leak,0,0.55,0.5,1800.0
352.1,descend_land,25.86763070077864,262.5695216907675,26.301446051167964,2862.0,732.1,738.9,743.2,734.5,167.7,170.6,173.7,175.4,2.19,96.9,1.891,2860.5,733.0,741.0,744.0,734.0,168.7,170.2,173.7,174.7,2.19,96.7,1.897,13.3,1.194,1,oil_leak,0,0.55,0.5,1800.0
352.2,descend_land,25.85650723025584,259.8442714126809,26.284760845383758,2862.1,731.8,740.3,743.7,735.1,168.0,170.3,173.9,174.4,2.2,96.9,1.869,2860.2,733.0,741.0,744.0,734.0,168.7,170.2,173.7,174.7,2.19,96.8,1.896,13.3,1.195,1,oil_leak,0,0.55,0.5,1800.0
352.3,descend_land,25.845383759733036,257.1190211345943,26.268075639599555,2863.2,733.5,741.0,743.8,734.7,168.5,169.9,174.8,174.3,2.13,97.1,1.887,2860.0,733.0,741.0,744.0,734.0,168.7,170.2,173.7,174.7,2.19,96.8,1.896,13.3,1.195,1,oil_leak,0,0.55,0.5,1800.0
352.4,descend_land,25.834260289210235,254.39377085650722,26.251390433815352,2859.4,734.4,741.9,742.8,731.8,168.2,168.9,172.9,174.3,2.19,97.2,1.87,2859.8,733.0,741.0,744.0,734.0,168.7,170.2,173.7,174.7,2.19,96.8,1.896,13.3,1.195,1,oil_leak,0,0.55,0.5,1800.0
352.5,descend_land,25.82313681868743,251.6685205784206,26.234705228031146,2864.4,736.1,742.7,745.1,734.0,168.5,170.0,174.2,174.8,2.21,96.3,1.871,2859.5,732.9,740.9,743.9,733.9,168.7,170.2,173.7,174.7,2.19,96.8,1.896,13.4,1.196,1,oil_leak,0,0.55,0.5,1800.0
352.6,descend_land,25.812013348164626,248.943270300334,26.21802002224694,2861.9,732.6,739.1,742.7,733.8,168.5,171.0,173.4,174.9,2.22,96.5,1.884,2859.3,732.9,740.9,743.9,733.9,168.7,170.2,173.7,174.7,2.19,96.8,1.895,13.4,1.196,1,oil_leak,0,0.55,0.5,1800.0
352.7,descend_land,25.800889877641822,246.21802002224695,26.201334816462737,2855.5,734.3,738.2,744.4,731.9,168.9,171.1,173.9,174.8,2.2,97.2,1.966,2859.0,732.9,740.9,743.9,733.9,168.7,170.2,173.7,174.7,2.19,96.8,1.895,13.4,1.196,1,oil_leak,0,0.55,0.5,1800.0
352.8,descend_land,25.78976640711902,243.49276974416034,26.184649610678534,2858.4,734.3,743.8,742.5,734.5,168.8,169.4,173.6,174.2,2.18,96.5,1.878,2858.8,732.8,740.8,743.8,733.8,168.7,170.2,173.7,174.7,2.19,96.9,1.895,13.4,1.197,1,oil_leak,0,0.55,0.5,1800.0
352.9,descend_land,25.778642936596217,240.76751946607374,26.167964404894327,2852.4,733.7,741.7,744.4,734.4,167.4,170.3,173.8,175.5,2.19,96.4,1.887,2858.5,732.8,740.8,743.8,733.8,168.7,170.2,173.7,174.7,2.19,96.9,1.895,13.4,1.197,1,oil_leak,0,0.55,0.5,1800.0
353.0,descend_land,25.767519466073416,238.04226918798668,26.15127919911012,2858.3,730.5,739.4,744.3,731.7,167.7,169.8,173.8,174.8,2.18,97.2,1.911,2858.3,732.8,740.8,743.8,733.8,168.7,170.2,173.7,174.7,2.19,96.9,1.895,13.5,1.197,1,oil_leak,0,0.55,0.5,1800.0
353.1,descend_land,25.756395995550612,235.31701890990007,26.134593993325918,2856.1,732.3,739.9,741.1,731.2,168.3,169.7,173.0,174.8,2.18,97.8,1.921,2858.1,732.7,740.7,743.7,733.7,168.6,170.1,173.6,174.6,2.19,96.9,1.894,13.5,1.198,1,oil_leak,0,0.55,0.5,1800.0
353.2,descend_land,25.745272525027808,232.59176863181347,26.117908787541715,2861.9,734.7,741.1,745.9,731.7,168.0,170.9,173.2,174.7,2.15,96.8,1.864,2857.8,732.7,740.7,743.7,733.7,168.6,170.1,173.6,174.6,2.19,96.9,1.894,13.5,1.198,1,oil_leak,0,0.55,0.5,1800.0
353.3,descend_land,25.734149054505004,229.8665183537264,26.10122358175751,2854.1,732.3,741.9,742.2,732.9,168.2,170.9,174.0,174.5,2.17,97.3,1.821,2857.6,732.7,740.7,743.7,733.7,168.6,170.1,173.6,174.6,2.19,96.9,1.894,13.5,1.198,1,oil_leak,0,0.55,0.5,1800.0
353.4,descend_land,25.723025583982203,227.1412680756398,26.084538375973302,2851.7,734.0,740.2,743.2,732.8,169.3,169.3,173.4,175.0,2.19,96.5,1.871,2857.3,732.7,740.7,743.7,733.7,168.6,170.1,173.6,174.6,2.19,97.0,1.894,13.5,1.199,1,oil_leak,0,0.55,0.5,1800.0
353.5,descend_land,25.7119021134594,224.4160177975532,26.0678531701891,2851.1,731.4,740.6,744.3,731.2,167.9,170.9,173.7,175.5,2.19,97.1,1.903,2857.1,732.6,740.6,743.6,733.6,168.6,170.1,173.6,174.6,2.19,97.0,1.893,13.5,1.199,1,oil_leak,0,0.55,0.5,1800.0
353.6,descend_land,25.700778642936598,221.69076751946614,26.051167964404897,2858.7,734.7,741.1,740.3,731.3,168.1,170.2,172.6,173.8,2.19,97.1,1.905,2856.8,732.6,740.6,743.6,733.6,168.6,170.1,173.6,174.6,2.19,97.0,1.893,13.6,1.199,1,oil_leak,0,0.55,0.5,1800.0
353.7,descend_land,25.689655172413794,218.96551724137953,26.03448275862069,2855.4,732.8,740.5,744.3,734.5,169.3,170.3,173.4,174.4,2.21,96.7,1.874,2856.6,732.6,740.6,743.6,733.6,168.6,170.1,173.6,174.6,2.19,97.0,1.893,13.6,1.199,1,oil_leak,0,0.55,0.5,1800.0
353.8,descend_land,25.67853170189099,216.24026696329247,26.017797552836484,2859.3,732.2,738.1,742.4,732.8,168.8,170.6,172.9,174.8,2.17,97.2,1.868,2856.4,732.5,740.5,743.5,733.5,168.6,170.1,173.6,174.6,2.19,97.0,1.893,13.6,1.2,1,oil_leak,0,0.55,0.5,1800.0
353.9,descend_land,25.667408231368185,213.51501668520586,26.00111234705228,2858.1,733.1,740.4,740.6,732.9,169.1,170.6,173.9,173.7,2.22,96.7,1.892,2856.1,732.5,740.5,743.5,733.5,168.6,170.1,173.6,174.6,2.19,97.0,1.893,13.6,1.2,1,oil_leak,0,0.55,0.5,1800.0
354.0,descend_land,25.656284760845384,210.78976640711926,25.98442714126808,2857.3,732.8,740.4,743.0,732.3,168.8,169.8,174.1,174.4,2.15,95.9,1.897,2855.9,732.5,740.5,743.5,733.5,168.6,170.1,173.6,174.6,2.18,97.1,1.892,13.6,1.2,1,oil_leak,0,0.55,0.5,1800.0
354.1,descend_land,25.64516129032258,208.0645161290322,25.967741935483872,2849.1,734.6,740.4,745.7,735.0,168.5,169.9,173.2,174.8,2.2,96.9,1.894,2855.6,732.4,740.4,743.4,733.4,168.6,170.1,173.6,174.6,2.18,97.1,1.892,13.6,1.201,1,oil_leak,0,0.55,0.5,1800.0
354.2,descend_land,25.63403781979978,205.3392658509456,25.951056729699665,2860.2,731.5,739.5,741.8,731.2,169.4,170.1,173.8,174.8,2.2,96.1,1.832,2855.4,732.4,740.4,743.4,733.4,168.6,170.1,173.6,174.6,2.18,97.1,1.892,13.7,1.201,1,oil_leak,0,0.55,0.5,1800.0
354.3,descend_land,25.622914349276975,202.614015572859,25.934371523915463,2860.2,732.0,739.6,743.0,732.1,167.1,169.9,173.1,175.6,2.2,97.7,1.895,2855.1,732.4,740.4,743.4,733.4,168.6,170.1,173.6,174.6,2.18,97.1,1.892,13.7,1.201,1,oil_leak,0,0.55,0.5,1800.0
354.4,descend_land,25.61179087875417,199.88876529477193,25.91768631813126,2854.5,732.2,741.0,743.2,731.8,169.5,170.9,174.0,175.0,2.19,96.9,1.878,2854.9,732.4,740.4,743.4,733.4,168.6,170.1,173.6,174.6,2.18,97.1,1.891,13.7,1.202,1,oil_leak,0,0.55,0.5,1800.0
354.5,descend_land,25.600667408231367,197.16351501668532,25.901001112347053,2858.0,733.4,738.1,743.4,733.3,168.4,170.3,173.4,174.6,2.16,96.8,1.896,2854.6,732.3,740.3,743.3,733.3,168.6,170.1,173.6,174.6,2.18,97.1,1.891,13.7,1.202,1,oil_leak,0,0.55,0.5,1800.0
354.6,descend_land,25.589543937708562,194.43826473859872,25.884315906562847,2850.3,733.0,739.5,743.7,733.8,169.3,170.3,173.4,174.7,2.2,97.3,1.907,2854.4,732.3,740.3,743.3,733.3,168.6,170.1,173.6,174.6,2.18,97.2,1.891,13.7,1.202,1,oil_leak,0,0.55,0.5,1800.0
354.7,descend_land,25.57842046718576,191.71301446051166,25.86763070077864,2844.5,731.9,741.4,744.9,735.6,168.5,169.5,173.9,175.1,2.22,96.5,1.863,2854.2,732.3,740.3,743.3,733.3,168.6,170.1,173.6,174.6,2.18,97.2,1.891,13.8,1.203,1,oil_leak,0,0.55,0.5,1800.0
354.8,descend_land,25.56729699666296,188.98776418242505,25.850945494994438,2857.4,732.8,742.3,741.9,732.4,168.6,169.8,172.9,175.2,2.16,97.4,1.858,2853.9,732.2,740.2,743.2,733.2,168.5,170.0,173.5,174.5,2.18,97.2,1.891,13.8,1.203,1,oil_leak,0,0.55,0.5,1800.0
354.9,descend_land,25.556173526140157,186.26251390433845,25.834260289210235,2857.8,730.0,739.8,743.0,733.0,168.2,171.1,173.9,174.9,2.19,97.3,1.912,2853.7,732.2,740.2,743.2,733.2,168.5,170.0,173.5,174.5,2.18,97.2,1.89,13.8,1.203,1,oil_leak,0,0.55,0.5,1800.0
355.0,descend_land,25.545050055617352,183.5372636262514,25.81757508342603,2863.0,733.7,742.2,742.5,732.0,170.1,169.5,172.9,175.0,2.19,96.5,1.867,2853.4,732.2,740.2,743.2,733.2,168.5,170.0,173.5,174.5,2.18,97.2,1.89,13.8,1.204,1,oil_leak,0,0.55,0.5,1800.0
355.1,descend_land,25.533926585094548,180.81201334816478,25.800889877641822,2854.4,732.6,739.8,741.5,732.7,167.3,169.5,173.9,174.8,2.18,97.2,1.89,2853.2,732.1,740.1,743.1,733.1,168.5,170.0,173.5,174.5,2.18,97.3,1.89,13.8,1.204,1,oil_leak,0,0.55,0.5,1800.0
355.2,descend_land,25.522803114571744,178.08676307007818,25.78420467185762,2859.3,730.5,740.1,743.6,734.1,168.6,169.6,174.5,173.5,2.15,97.5,1.859,2852.9,732.1,740.1,743.1,733.1,168.5,170.0,173.5,174.5,2.18,97.3,1.89,13.8,1.204,1,oil_leak,0,0.55,0.5,1800.0
355.3,descend_land,25.511679644048943,175.36151279199112,25.767519466073416,2851.8,732.4,739.3,741.3,734.6,169.1,170.7,173.1,174.0,2.19,97.5,1.877,2852.7,732.1,740.1,743.1,733.1,168.5,170.0,173.5,174.5,2.18,97.3,1.889,13.9,1.205,1,oil_leak,0,0.55,0.5,1800.0
355.4,descend_land,25.500556173526142,172.6362625139045,25.75083426028921,2854.1,731.9,741.2,743.0,733.8,168.8,168.5,174.1,174.4,2.19,97.5,1.848,2852.4,732.0,740.0,743.0,733.0,168.5,170.0,173.5,174.5,2.18,97.3,1.889,13.9,1.205,1,oil_leak,0,0.55,0.5,1800.0
355.5,descend_land,25.489432703003338,169.9110122358179,25.734149054505004,2842.1,730.6,739.5,743.6,735.5,169.3,170.4,173.0,173.9,2.17,97.5,1.856,2852.2,732.0,740.0,743.0,733.0,168.5,170.0,173.5,174.5,2.18,97.3,1.889,13.9,1.205,1,oil_leak,0,0.55,0.5,1800.0
355.6,descend_land,25.478309232480534,167.18576195773085,25.7174638487208,2846.4,730.6,740.9,742.8,734.8,167.4,170.4,173.0,174.1,2.17,97.6,1.852,2851.9,732.0,740.0,743.0,733.0,168.5,170.0,173.5,174.5,2.18,97.3,1.889,13.9,1.205,1,oil_leak,0,0.55,0.5,1800.0
355.7,descend_land,25.46718576195773,164.46051167964424,25.700778642936598,2851.5,733.3,739.3,744.2,732.3,169.6,170.4,173.9,175.2,2.17,97.2,1.912,2851.7,732.0,740.0,743.0,733.0,168.5,170.0,173.5,174.5,2.18,97.4,1.889,13.9,1.206,1,oil_leak,0,0.55,0.5,1800.0
355.8,descend_land,25.456062291434925,161.73526140155764,25.68409343715239,2853.2,732.0,740.2,743.5,734.0,168.4,170.1,174.5,174.4,2.17,96.8,1.91,2851.4,731.9,739.9,742.9,732.9,168.5,170.0,173.5,174.5,2.18,97.4,1.888,13.9,1.206,1,oil_leak,0,0.55,0.5,1800.0
355.9,descend_land,25.444938820912125,159.01001112347058,25.667408231368185,2854.4,732.7,740.4,743.3,732.4,168.2,170.2,173.1,175.4,2.17,97.3,1.888,2851.2,731.9,739.9,742.9,732.9,168.5,170.0,173.5,174.5,2.18,97.4,1.888,14.0,1.206,1,oil_leak,0,0.55,0.5,1800.0
356.0,descend_land,25.43381535038932,156.28476084538397,25.650723025583982,2851.4,734.3,738.5,743.7,732.1,167.8,170.4,174.0,175.8,2.2,97.6,1.87,2850.9,731.9,739.9,742.9,732.9,168.5,170.0,173.5,174.5,2.18,97.4,1.888,14.0,1.207,1,oil_leak,0,0.55,0.5,1800.0
356.1,descend_land,25.42269187986652,153.55951056729737,25.63403781979978,2846.8,729.7,739.0,740.4,731.2,168.8,170.4,174.1,174.2,2.21,97.7,1.844,2850.7,731.8,739.8,742.8,732.8,168.5,170.0,173.5,174.5,2.18,97.4,1.888,14.0,1.207,1,oil_leak,0,0.55,0.5,1800.0
356.2,descend_land,25.411568409343715,150.8342602892103,25.617352614015573,2848.8,731.5,741.3,742.7,733.5,169.1,170.1,173.7,174.5,2.18,97.6,1.896,2850.4,731.8,739.8,742.8,732.8,168.5,170.0,173.5,174.5,2.18,97.4,1.887,14.0,1.207,1,oil_leak,0,0.55,0.5,1800.0
356.3,descend_land,25.40044493882091,148.1090100111237,25.600667408231367,2853.7,730.5,741.2,742.5,730.6,168.0,169.4,173.3,174.9,2.18,97.4,1.833,2850.2,731.8,739.8,742.8,732.8,168.5,170.0,173.5,174.5,2.18,97.5,1.887,14.0,1.208,1,oil_leak,0,0.55,0.5,1800.0
356.4,descend_land,25.389321468298107,145.38375973303664,25.583982202447164,2851.0,730.4,744.3,741.6,733.5,168.0,169.0,174.3,173.4,2.17,97.4,1.892,2850.0,731.7,739.7,742.7,732.7,168.5,170.0,173.5,174.5,2.17,97.5,1.887,14.1,1.208,1,oil_leak,0,0.55,0.5,1800.0
356.5,descend_land,25.378197997775306,142.65850945495004,25.56729699666296,2848.3,732.6,739.4,741.2,729.4,168.7,169.9,173.9,176.0,2.22,96.7,1.897,2849.7,731.7,739.7,742.7,732.7,168.5,170.0,173.5,174.5,2.17,97.5,1.887,14.1,1.208,1,oil_leak,0,0.55,0.5,1800.0
356.6,descend_land,25.367074527252502,139.93325917686343,25.550611790878754,2849.4,732.5,740.5,743.1,735.4,167.6,170.2,174.4,175.1,2.24,97.1,1.874,2849.5,731.7,739.7,742.7,732.7,168.4,169.9,173.4,174.4,2.17,97.5,1.886,14.1,1.209,1,oil_leak,0,0.55,0.5,1800.0
356.7,descend_land,25.3559510567297,137.20800889877637,25.533926585094548,2845.8,731.6,738.9,741.9,733.9,168.6,169.6,173.4,174.2,2.2,97.9,1.887,2849.2,731.7,739.7,742.7,732.7,168.4,169.9,173.4,174.4,2.17,97.5,1.886,14.1,1.209,1,oil_leak,0,0.55,0.5,1800.0
356.8,descend_land,25.344827586206897,134.48275862068976,25.517241379310345,2843.9,731.4,741.2,744.8,734.2,167.8,171.3,173.0,174.2,2.19,97.2,1.936,2849.0,731.6,739.6,742.6,732.6,168.4,169.9,173.4,174.4,2.17,97.5,1.886,14.1,1.209,1,oil_leak,0,0.55,0.5,1800.0
356.9,descend_land,25.333704115684093,131.75750834260316,25.500556173526142,2842.5,732.1,740.2,740.2,734.2,168.4,170.8,173.0,175.2,2.13,98.0,1.91,2848.7,731.6,739.6,742.6,732.6,168.4,169.9,173.4,174.4,2.17,97.6,1.886,14.1,1.21,1,oil_leak,0,0.55,0.5,1800.0
357.0,descend_land,25.32258064516129,129.0322580645161,25.483870967741936,2847.8,730.0,736.6,741.8,731.1,168.8,169.6,173.3,174.6,2.19,98.1,1.88,2848.5,731.6,739.6,742.6,732.6,168.4,169.9,173.4,174.4,2.17,97.6,1.886,14.2,1.21,1,oil_leak,0,0.55,0.5,1800.0
357.1,descend_land,25.311457174638488,126.3070077864295,25.46718576195773,2847.3,731.9,739.1,742.8,733.9,168.8,169.6,174.0,173.3,2.16,97.0,1.901,2848.2,731.5,739.5,742.5,732.5,168.4,169.9,173.4,174.4,2.17,97.6,1.885,14.2,1.21,1,oil_leak,0,0.55,0.5,1800.0
357.2,descend_land,25.300333704115683,123.58175750834289,25.450500556173527,2854.3,732.1,739.0,743.5,730.6,168.6,171.0,172.9,174.6,2.19,97.9,1.868,2848.0,731.5,739.5,742.5,732.5,168.4,169.9,173.4,174.4,2.17,97.6,1.885,14.2,1.211,1,oil_leak,0,0.55,0.5,1800.0
357.3,descend_land,25.289210233592883,120.85650723025583,25.433815350389324,2844.8,732.6,739.1,743.6,732.7,169.1,170.3,173.4,174.2,2.24,98.4,1.897,2847.7,731.5,739.5,742.5,732.5,168.4,169.9,173.4,174.4,2.17,97.6,1.885,14.2,1.211,1,oil_leak,0,0.55,0.5,1800.0
357.4,descend_land,25.27808676307008,118.13125695216922,25.417130144605117,2838.3,732.7,739.7,745.1,734.2,167.8,169.6,173.1,175.3,2.15,98.1,1.894,2847.5,731.4,739.4,742.4,732.4,168.4,169.9,173.4,174.4,2.17,97.6,1.885,14.2,1.211,1,oil_leak,0,0.55,0.5,1800.0
357.5,descend_land,25.266963292547274,115.40600667408262,25.40044493882091,2845.9,732.6,736.5,742.4,733.1,169.3,170.6,172.8,174.8,2.17,97.7,1.909,2847.2,731.4,739.4,742.4,732.4,168.4,169.9,173.4,174.4,2.17,97.7,1.884,14.2,1.211,1,oil_leak,0,0.55,0.5,1800.0
357.6,descend_land,25.25583982202447,112.68075639599556,25.383759733036708,2842.5,730.4,739.4,742.6,733.7,168.6,170.7,172.6,173.4,2.16,97.6,1.854,2847.0,731.4,739.4,742.4,732.4,168.4,169.9,173.4,174.4,2.17,97.7,1.884,14.3,1.212,1,oil_leak,0,0.55,0.5,1800.0
357.7,descend_land,25.24471635150167,109.95550611790895,25.367074527252505,2848.0,732.9,741.1,739.3,731.9,169.0,170.0,171.7,174.2,2.22,97.8,1.886,2846.7,731.3,739.3,742.3,732.3,168.4,169.9,173.4,174.4,2.17,97.7,1.884,14.3,1.212,1,oil_leak,0,0.55,0.5,1800.0
357.8,descend_land,25.233592880978865,107.23025583982235,25.3503893214683,2834.1,729.9,740.9,743.7,734.3,168.6,169.7,172.9,175.6,2.21,97.1,1.908,2846.5,731.3,739.3,742.3,732.3,168.4,169.9,173.4,174.4,2.17,97.7,1.884,14.3,1.212,1,oil_leak,0,0.55,0.5,1800.0
357.9,descend_land,25.222469410456064,104.50500556173529,25.333704115684093,2854.4,733.5,739.2,742.8,735.6,167.4,169.7,173.9,174.5,2.16,98.1,1.913,2846.2,731.3,739.3,742.3,732.3,168.4,169.9,173.4,174.4,2.17,97.7,1.883,14.3,1.213,1,oil_leak,0,0.55,0.5,1800.0
358.0,descend_land,25.21134593993326,101.77975528364868,25.31701890989989,2848.9,728.5,740.6,740.8,731.7,168.2,170.2,172.7,174.6,2.18,97.8,1.876,2845.9,731.3,739.3,742.3,732.3,168.4,169.9,173.4,174.4,2.17,97.8,1.883,14.3,1.213,1,oil_leak,0,0.55,0.5,1800.0
358.1,descend_land,25.200222469410456,99.05450500556208,25.300333704115687,2843.2,731.9,739.9,743.4,732.7,167.0,169.6,172.7,174.6,2.16,97.3,1.865,2845.7,731.2,739.2,742.2,732.2,168.4,169.9,173.4,174.4,2.17,97.8,1.883,14.4,1.213,1,oil_leak,0,0.55,0.5,1800.0
358.2,descend_land,25.18909899888765,96.32925472747502,25.28364849833148,2842.2,729.7,739.2,741.5,731.0,169.2,168.7,172.5,175.6,2.17,97.7,1.859,2845.4,731.2,739.2,742.2,732.2,168.4,169.9,173.4,174.4,2.17,97.8,1.883,14.4,1.214,1,oil_leak,0,0.55,0.5,1800.0
358.3,descend_land,25.177975528364847,93.60400444938841,25.266963292547274,2850.5,730.9,738.7,743.1,734.4,168.3,169.8,173.3,174.6,2.15,97.8,1.863,2845.2,731.2,739.2,742.2,732.2,168.4,169.9,173.4,174.4,2.17,97.8,1.883,14.4,1.214,1,oil_leak,0,0.55,0.5,1800.0
358.4,descend_land,25.166852057842046,90.87875417130181,25.25027808676307,2836.3,730.4,741.5,743.0,732.0,169.4,170.1,173.8,173.8,2.15,97.8,1.927,2844.9,731.1,739.1,742.1,732.1,168.3,169.8,173.3,174.3,2.17,97.8,1.882,14.4,1.214,1,oil_leak,0,0.55,0.5,1800.0
358.5,descend_land,25.155728587319246,88.15350389321475,25.23359288097887,2847.5,729.5,736.5,740.6,731.5,168.7,168.2,172.4,174.2,2.17,97.9,1.886,2844.7,731.1,739.1,742.1,732.1,168.3,169.8,173.3,174.3,2.17,97.8,1.882,14.4,1.215,1,oil_leak,0,0.55,0.5,1800.0
358.6,descend_land,25.14460511679644,85.42825361512814,25.216907675194662,2843.7,730.3,739.0,741.7,733.7,168.3,168.3,173.2,174.4,2.19,97.6,1.885,2844.4,731.1,739.1,742.1,732.1,168.3,169.8,173.3,174.3,2.17,97.9,1.882,14.4,1.215,1,oil_leak,0,0.55,0.5,1800.0
358.7,descend_land,25.133481646273637,82.70300333704108,25.200222469410456,2848.7,731.2,742.9,743.2,731.5,168.0,169.9,173.5,174.3,2.18,98.4,1.862,2844.2,731.0,739.0,742.0,732.0,168.3,169.8,173.3,174.3,2.16,97.9,1.882,14.5,1.215,1,oil_leak,0,0.55,0.5,1800.0
358.8,descend_land,25.122358175750833,79.97775305895448,25.18353726362625,2847.5,730.7,737.9,741.4,733.2,167.8,169.7,173.4,174.8,2.19,97.6,1.932,2843.9,731.0,739.0,742.0,732.0,168.3,169.8,173.3,174.3,2.16,97.9,1.881,14.5,1.216,1,oil_leak,0,0.55,0.5,1800.0
358.9,descend_land,25.11123470522803,77.25250278086787,25.166852057842046,2848.9,732.9,741.4,741.7,734.5,168.6,169.5,174.4,174.2,2.18,97.7,1.874,2843.7,731.0,739.0,742.0,732.0,168.3,169.8,173.3,174.3,2.16,97.9,1.881,14.5,1.216,1,oil_leak,0,0.55,0.5,1800.0
359.0,descend_land,25.100111234705228,74.52725250278081,25.150166852057843,2848.2,731.3,737.6,742.7,730.1,169.6,169.9,173.2,175.5,2.19,97.5,1.842,2843.4,731.0,739.0,742.0,732.0,168.3,169.8,173.3,174.3,2.16,97.9,1.881,14.5,1.216,1,oil_leak,0,0.55,0.5,1800.0
359.1,descend_land,25.088987764182427,71.8020022246942,25.133481646273637,2838.5,733.1,738.8,744.1,730.4,168.7,170.3,172.7,174.0,2.16,98.1,1.878,2843.2,730.9,738.9,741.9,731.9,168.3,169.8,173.3,174.3,2.16,97.9,1.881,14.5,1.217,1,oil_leak,0,0.55,0.5,1800.0
359.2,descend_land,25.077864293659623,69.0767519466076,25.11679644048943,2834.1,729.8,739.3,740.2,732.9,168.3,168.7,173.0,174.0,2.17,98.5,1.894,2842.9,730.9,738.9,741.9,731.9,168.3,169.8,173.3,174.3,2.16,98.0,1.88,14.6,1.217,1,oil_leak,0,0.55,0.5,1800.0
359.3,descend_land,25.06674082313682,66.35150166852054,25.100111234705228,2845.3,730.3,740.2,740.4,734.1,166.1,169.2,173.5,173.8,2.15,97.5,1.904,2842.7,730.9,738.9,741.9,731.9,168.3,169.8,173.3,174.3,2.16,98.0,1.88,14.6,1.217,1,oil_leak,0,0.55,0.5,1800.0
359.4,descend_land,25.055617352614014,63.626251390433936,25.083426028921025,2844.8,731.0,737.4,742.0,731.6,167.9,169.4,173.6,174.5,2.19,97.5,1.879,2842.4,730.8,738.8,741.8,731.8,168.3,169.8,173.3,174.3,2.16,98.0,1.88,14.6,1.218,1,oil_leak,0,0.55,0.5,1800.0
359.5,descend_land,25.04449388209121,60.90100111234733,25.06674082313682,2841.0,732.5,739.0,740.1,731.7,168.1,170.0,174.1,174.2,2.18,98.5,1.902,2842.2,730.8,738.8,741.8,731.8,168.3,169.8,173.3,174.3,2.16,98.0,1.88,14.6,1.218,1,oil_leak,0,0.55,0.5,1800.0
359.6,descend_land,25.03337041156841,58.17575083426027,25.050055617352612,2842.4,732.0,739.3,740.5,732.5,168.7,169.0,174.2,174.4,2.17,97.8,1.886,2841.9,730.8,738.8,741.8,731.8,168.3,169.8,173.3,174.3,2.16,98.0,1.88,14.6,1.218,1,oil_leak,0,0.55,0.5,1800.0
359.7,descend_land,25.02224694104561,55.450500556173665,25.03337041156841,2830.8,729.0,739.7,741.2,730.3,169.6,169.9,173.6,174.4,2.15,98.0,1.892,2841.6,730.7,738.7,741.7,731.7,168.3,169.8,173.3,174.3,2.16,98.0,1.879,14.6,1.219,1,oil_leak,0,0.55,0.5,1800.0
359.8,descend_land,25.011123470522804,52.72525027808706,25.016685205784206,2837.1,731.4,739.3,742.5,731.7,168.2,169.3,173.9,173.4,2.16,98.3,1.896,2841.4,730.7,738.7,741.7,731.7,168.3,169.8,173.3,174.3,2.16,98.1,1.879,14.7,1.219,1,oil_leak,0,0.55,0.5,1800.0
359.9,descend_land,25.0,50.0,25.0,2843.8,732.0,741.4,742.6,730.9,168.9,169.5,173.2,173.5,2.12,97.8,1.917,2841.1,730.7,738.7,741.7,731.7,168.3,169.8,173.3,174.3,2.16,98.1,1.879,14.7,1.219,1,oil_leak,0,0.55,0.5,1800.0
